# Blender 3.6.1
# www.blender.org
mtllib chip.mtl
o Chip
v -0.002678 -0.012823 0.007763
v -0.002750 -0.010823 0.010253
v -0.002697 -0.012754 0.008407
v -0.002714 -0.012555 0.009008
v -0.002729 -0.012237 0.009524
v -0.002740 -0.011823 0.009919
v -0.002748 -0.011340 0.010168
v -0.004400 -0.012823 0.003865
v -0.005500 -0.010823 0.004028
v -0.004685 -0.012754 0.003907
v -0.004950 -0.012555 0.003946
v -0.005178 -0.012237 0.003980
v -0.005353 -0.011823 0.004006
v -0.005463 -0.011340 0.004022
v -0.003175 -0.012823 0.007615
v -0.003462 -0.010823 0.010041
v -0.003249 -0.012754 0.008243
v -0.003318 -0.012555 0.008828
v -0.003378 -0.012237 0.009330
v -0.003423 -0.011823 0.009716
v -0.003452 -0.011340 0.009958
v -0.003570 -0.012823 0.007244
v -0.004125 -0.010823 0.009419
v -0.003714 -0.012754 0.007807
v -0.003848 -0.012555 0.008331
v -0.003963 -0.012237 0.008782
v -0.004051 -0.011823 0.009128
v -0.004106 -0.011340 0.009345
v -0.003910 -0.012823 0.006654
v -0.004695 -0.010823 0.008430
v -0.004113 -0.012754 0.007113
v -0.004302 -0.012555 0.007542
v -0.004465 -0.012237 0.007910
v -0.004589 -0.011823 0.008192
v -0.004668 -0.011340 0.008369
v -0.004171 -0.012823 0.005885
v -0.005132 -0.010823 0.007140
v -0.004419 -0.012754 0.006210
v -0.004651 -0.012555 0.006513
v -0.004850 -0.012237 0.006773
v -0.005003 -0.011823 0.006972
v -0.005099 -0.011340 0.007098
v -0.004335 -0.012823 0.004989
v -0.005406 -0.010823 0.005639
v -0.004612 -0.012754 0.005157
v -0.004870 -0.012555 0.005314
v -0.005092 -0.012237 0.005449
v -0.005263 -0.011823 0.005552
v -0.005370 -0.011340 0.005617
v 0.004400 -0.012823 0.003865
v 0.005500 -0.010823 0.004028
v 0.004685 -0.012754 0.003907
v 0.004950 -0.012555 0.003946
v 0.005178 -0.012237 0.003980
v 0.005353 -0.011823 0.004006
v 0.005463 -0.011340 0.004022
v 0.002678 -0.012823 0.007763
v 0.002750 -0.010823 0.010253
v 0.002697 -0.012754 0.008407
v 0.002714 -0.012555 0.009008
v 0.002729 -0.012237 0.009524
v 0.002740 -0.011823 0.009919
v 0.002748 -0.011340 0.010168
v 0.004335 -0.012823 0.004989
v 0.005406 -0.010823 0.005639
v 0.004612 -0.012754 0.005157
v 0.004870 -0.012555 0.005314
v 0.005092 -0.012237 0.005449
v 0.005263 -0.011823 0.005552
v 0.005370 -0.011340 0.005617
v 0.004171 -0.012823 0.005885
v 0.005132 -0.010823 0.007140
v 0.004419 -0.012754 0.006210
v 0.004651 -0.012555 0.006513
v 0.004850 -0.012237 0.006773
v 0.005003 -0.011823 0.006972
v 0.005099 -0.011340 0.007098
v 0.003910 -0.012823 0.006654
v 0.004695 -0.010823 0.008430
v 0.004113 -0.012754 0.007113
v 0.004302 -0.012555 0.007542
v 0.004465 -0.012237 0.007910
v 0.004589 -0.011823 0.008192
v 0.004668 -0.011340 0.008369
v 0.003570 -0.012823 0.007244
v 0.004125 -0.010823 0.009419
v 0.003714 -0.012754 0.007807
v 0.003848 -0.012555 0.008331
v 0.003963 -0.012237 0.008782
v 0.004051 -0.011823 0.009128
v 0.004106 -0.011340 0.009345
v 0.003175 -0.012823 0.007615
v 0.003462 -0.010823 0.010041
v 0.003249 -0.012754 0.008243
v 0.003318 -0.012555 0.008828
v 0.003378 -0.012237 0.009330
v 0.003423 -0.011823 0.009716
v 0.003452 -0.011340 0.009958
v -0.002678 -0.012823 -0.007763
v -0.002750 -0.010823 -0.010253
v -0.002697 -0.012754 -0.008407
v -0.002714 -0.012555 -0.009008
v -0.002729 -0.012237 -0.009524
v -0.002740 -0.011823 -0.009919
v -0.002748 -0.011340 -0.010168
v -0.005500 -0.010823 -0.004028
v -0.004400 -0.012823 -0.003865
v -0.005463 -0.011340 -0.004022
v -0.005353 -0.011823 -0.004006
v -0.005178 -0.012237 -0.003980
v -0.004950 -0.012555 -0.003946
v -0.004685 -0.012754 -0.003907
v -0.003175 -0.012823 -0.007615
v -0.003462 -0.010823 -0.010041
v -0.003249 -0.012754 -0.008243
v -0.003318 -0.012555 -0.008828
v -0.003378 -0.012237 -0.009330
v -0.003423 -0.011823 -0.009716
v -0.003452 -0.011340 -0.009958
v -0.003570 -0.012823 -0.007244
v -0.004125 -0.010823 -0.009419
v -0.003714 -0.012754 -0.007807
v -0.003848 -0.012555 -0.008331
v -0.003963 -0.012237 -0.008782
v -0.004051 -0.011823 -0.009128
v -0.004106 -0.011340 -0.009345
v -0.003910 -0.012823 -0.006654
v -0.004695 -0.010823 -0.008430
v -0.004113 -0.012754 -0.007113
v -0.004302 -0.012555 -0.007542
v -0.004465 -0.012237 -0.007910
v -0.004589 -0.011823 -0.008192
v -0.004668 -0.011340 -0.008369
v -0.004171 -0.012823 -0.005885
v -0.005132 -0.010823 -0.007140
v -0.004419 -0.012754 -0.006210
v -0.004651 -0.012555 -0.006513
v -0.004850 -0.012237 -0.006773
v -0.005003 -0.011823 -0.006972
v -0.005099 -0.011340 -0.007098
v -0.004335 -0.012823 -0.004989
v -0.005406 -0.010823 -0.005639
v -0.004612 -0.012754 -0.005157
v -0.004870 -0.012555 -0.005314
v -0.005092 -0.012237 -0.005449
v -0.005263 -0.011823 -0.005552
v -0.005370 -0.011340 -0.005617
v 0.002678 -0.012823 -0.007763
v 0.002750 -0.010823 -0.010253
v 0.002697 -0.012754 -0.008407
v 0.002714 -0.012555 -0.009008
v 0.002729 -0.012237 -0.009524
v 0.002740 -0.011823 -0.009919
v 0.002748 -0.011340 -0.010168
v 0.004400 -0.012823 -0.003865
v 0.005500 -0.010823 -0.004028
v 0.004685 -0.012754 -0.003907
v 0.004950 -0.012555 -0.003946
v 0.005178 -0.012237 -0.003980
v 0.005353 -0.011823 -0.004006
v 0.005463 -0.011340 -0.004022
v 0.003175 -0.012823 -0.007615
v 0.003462 -0.010823 -0.010041
v 0.003249 -0.012754 -0.008243
v 0.003318 -0.012555 -0.008828
v 0.003378 -0.012237 -0.009330
v 0.003423 -0.011823 -0.009716
v 0.003452 -0.011340 -0.009958
v 0.003570 -0.012823 -0.007244
v 0.004125 -0.010823 -0.009419
v 0.003714 -0.012754 -0.007807
v 0.003848 -0.012555 -0.008331
v 0.003963 -0.012237 -0.008782
v 0.004051 -0.011823 -0.009128
v 0.004106 -0.011340 -0.009345
v 0.003910 -0.012823 -0.006654
v 0.004695 -0.010823 -0.008430
v 0.004113 -0.012754 -0.007113
v 0.004302 -0.012555 -0.007542
v 0.004465 -0.012237 -0.007910
v 0.004589 -0.011823 -0.008192
v 0.004668 -0.011340 -0.008369
v 0.004171 -0.012823 -0.005885
v 0.005132 -0.010823 -0.007140
v 0.004419 -0.012754 -0.006210
v 0.004651 -0.012555 -0.006513
v 0.004850 -0.012237 -0.006773
v 0.005003 -0.011823 -0.006972
v 0.005099 -0.011340 -0.007098
v 0.004335 -0.012823 -0.004989
v 0.005406 -0.010823 -0.005639
v 0.004612 -0.012754 -0.005157
v 0.004870 -0.012555 -0.005314
v 0.005092 -0.012237 -0.005449
v 0.005263 -0.011823 -0.005552
v 0.005370 -0.011340 -0.005617
v -0.002750 -0.003856 0.010253
v -0.002642 0.012823 0.006518
v -0.002742 0.002191 0.009969
v -0.002718 0.012823 0.009159
v -0.002683 0.012823 0.007947
v -0.005500 -0.003856 0.004028
v -0.003850 0.012823 0.003783
v -0.005374 0.002191 0.004009
v -0.005017 0.012823 0.003956
v -0.004481 0.012823 0.003877
v -0.003462 -0.003856 0.010041
v -0.003031 0.012823 0.006402
v -0.003429 0.002191 0.009764
v -0.003336 0.012823 0.008975
v -0.003196 0.012823 0.007794
v -0.004125 -0.003856 0.009419
v -0.003293 0.012823 0.006156
v -0.004062 0.002191 0.009171
v -0.003881 0.012823 0.008463
v -0.003611 0.012823 0.007405
v -0.004695 -0.003856 0.008430
v -0.003518 0.012823 0.005766
v -0.004605 0.002191 0.008227
v -0.004350 0.012823 0.007649
v -0.003968 0.012823 0.006785
v -0.005132 -0.003856 0.007140
v -0.003690 0.012823 0.005257
v -0.005022 0.002191 0.006997
v -0.004709 0.012823 0.006589
v -0.004242 0.012823 0.005978
v -0.005406 -0.003856 0.005639
v -0.003799 0.012823 0.004664
v -0.005284 0.002191 0.005565
v -0.004935 0.012823 0.005354
v -0.004414 0.012823 0.005037
v 0.005500 -0.003856 0.004028
v 0.003850 0.012823 0.003783
v 0.005374 0.002191 0.004009
v 0.005017 0.012823 0.003956
v 0.004481 0.012823 0.003877
v 0.002750 -0.003856 0.010253
v 0.002642 0.012823 0.006518
v 0.002742 0.002191 0.009969
v 0.002718 0.012823 0.009159
v 0.002683 0.012823 0.007947
v 0.005406 -0.003856 0.005639
v 0.003799 0.012823 0.004664
v 0.005284 0.002191 0.005565
v 0.004935 0.012823 0.005354
v 0.004414 0.012823 0.005037
v 0.005132 -0.003856 0.007140
v 0.003690 0.012823 0.005257
v 0.005022 0.002191 0.006997
v 0.004709 0.012823 0.006589
v 0.004242 0.012823 0.005978
v 0.004695 -0.003856 0.008430
v 0.003518 0.012823 0.005766
v 0.004605 0.002191 0.008227
v 0.004350 0.012823 0.007649
v 0.003968 0.012823 0.006785
v 0.004125 -0.003856 0.009419
v 0.003293 0.012823 0.006156
v 0.004062 0.002191 0.009171
v 0.003881 0.012823 0.008463
v 0.003611 0.012823 0.007405
v 0.003462 -0.003856 0.010041
v 0.003031 0.012823 0.006402
v 0.003429 0.002191 0.009764
v 0.003336 0.012823 0.008975
v 0.003196 0.012823 0.007794
v -0.002750 -0.003856 -0.010253
v -0.002642 0.012823 -0.006518
v -0.002742 0.002191 -0.009969
v -0.002718 0.012823 -0.009159
v -0.002683 0.012823 -0.007947
v -0.003850 0.012823 -0.003783
v -0.005500 -0.003856 -0.004028
v -0.004481 0.012823 -0.003877
v -0.005017 0.012823 -0.003956
v -0.005374 0.002191 -0.004009
v -0.003462 -0.003856 -0.010041
v -0.003031 0.012823 -0.006402
v -0.003429 0.002191 -0.009764
v -0.003336 0.012823 -0.008975
v -0.003196 0.012823 -0.007794
v -0.004125 -0.003856 -0.009419
v -0.003293 0.012823 -0.006156
v -0.004062 0.002191 -0.009171
v -0.003881 0.012823 -0.008463
v -0.003611 0.012823 -0.007405
v -0.004695 -0.003856 -0.008430
v -0.003518 0.012823 -0.005766
v -0.004605 0.002191 -0.008227
v -0.004350 0.012823 -0.007649
v -0.003968 0.012823 -0.006785
v -0.005132 -0.003856 -0.007140
v -0.003690 0.012823 -0.005257
v -0.005022 0.002191 -0.006997
v -0.004709 0.012823 -0.006589
v -0.004242 0.012823 -0.005978
v -0.005406 -0.003856 -0.005639
v -0.003799 0.012823 -0.004664
v -0.005284 0.002191 -0.005565
v -0.004935 0.012823 -0.005354
v -0.004414 0.012823 -0.005037
v 0.002750 -0.003856 -0.010253
v 0.002642 0.012823 -0.006518
v 0.002742 0.002191 -0.009969
v 0.002718 0.012823 -0.009159
v 0.002683 0.012823 -0.007947
v 0.005500 -0.003856 -0.004028
v 0.003850 0.012823 -0.003783
v 0.005374 0.002191 -0.004009
v 0.005017 0.012823 -0.003956
v 0.004481 0.012823 -0.003877
v 0.003462 -0.003856 -0.010041
v 0.003031 0.012823 -0.006402
v 0.003429 0.002191 -0.009764
v 0.003336 0.012823 -0.008975
v 0.003196 0.012823 -0.007794
v 0.004125 -0.003856 -0.009419
v 0.003293 0.012823 -0.006156
v 0.004062 0.002191 -0.009171
v 0.003881 0.012823 -0.008463
v 0.003611 0.012823 -0.007405
v 0.004695 -0.003856 -0.008430
v 0.003518 0.012823 -0.005766
v 0.004605 0.002191 -0.008227
v 0.004350 0.012823 -0.007649
v 0.003968 0.012823 -0.006785
v 0.005132 -0.003856 -0.007140
v 0.003690 0.012823 -0.005257
v 0.005022 0.002191 -0.006997
v 0.004709 0.012823 -0.006589
v 0.004242 0.012823 -0.005978
v 0.005406 -0.003856 -0.005639
v 0.003799 0.012823 -0.004664
v 0.005284 0.002191 -0.005565
v 0.004935 0.012823 -0.005354
v 0.004414 0.012823 -0.005037
vn -0.0000 -0.0000 1.0000
vn -1.0000 -0.0000 -0.0000
vn -0.6840 -0.0000 0.7295
vn -0.8666 -0.0000 0.4989
vn 1.0000 -0.0000 -0.0000
vn 0.9983 -0.0000 0.0581
vn -0.9837 -0.0000 0.1800
vn -0.9471 -0.0000 0.3210
vn -0.0000 -1.0000 -0.0000
vn -0.9983 -0.0000 0.0581
vn 0.9471 -0.0000 0.3210
vn -0.2856 -0.0000 -0.9583
vn -0.0000 -0.0000 -1.0000
vn 0.6840 -0.0000 0.7295
vn 0.8666 -0.0000 0.4989
vn 0.2856 -0.0000 0.9583
vn 0.9837 -0.0000 0.1800
vn 0.8666 -0.0000 -0.4989
vn 0.9837 -0.0000 -0.1800
vn 0.9471 -0.0000 -0.3210
vn 0.6840 -0.0000 -0.7295
vn -0.9983 -0.0000 -0.0581
vn -0.6840 -0.0000 -0.7295
vn -0.9471 -0.0000 -0.3210
vn -0.9837 -0.0000 -0.1800
vn 0.2856 -0.0000 -0.9583
vn 0.9983 -0.0000 -0.0581
vn -0.8666 -0.0000 -0.4989
vn -0.2328 -0.9725 -0.0000
vn -0.6016 -0.7988 -0.0000
vn -0.8128 -0.5826 -0.0000
vn -0.9213 -0.3888 -0.0000
vn -0.9750 -0.2221 -0.0000
vn -0.9974 -0.0722 -0.0000
vn -0.2309 -0.9729 0.0134
vn -0.5979 -0.8008 0.0348
vn -0.8095 -0.5852 0.0471
vn -0.9188 -0.3911 0.0534
vn -0.9730 -0.2236 0.0566
vn -0.9957 -0.0727 0.0579
vn -0.2158 -0.9756 0.0395
vn -0.5680 -0.8164 0.1039
vn -0.7820 -0.6067 0.1431
vn -0.8972 -0.4099 0.1642
vn -0.9559 -0.2357 0.1749
vn -0.9808 -0.0769 0.1795
vn -0.1862 -0.9805 0.0631
vn -0.5053 -0.8458 0.1713
vn -0.7196 -0.6501 0.2439
vn -0.8458 -0.4499 0.2867
vn -0.9139 -0.2624 0.3098
vn -0.9435 -0.0861 0.3198
vn -0.1437 -0.9862 0.0827
vn -0.4053 -0.8839 0.2333
vn -0.6066 -0.7142 0.3492
vn -0.7429 -0.5150 0.4277
vn -0.8244 -0.3085 0.4746
vn -0.8621 -0.1025 0.4963
vn -0.0908 -0.9912 0.0968
vn -0.2656 -0.9215 0.2833
vn -0.4209 -0.7883 0.4489
vn -0.5461 -0.6022 0.5824
vn -0.6335 -0.3771 0.6756
vn -0.6783 -0.1283 0.7235
vn -0.0311 -0.9941 0.1042
vn -0.0929 -0.9456 0.3119
vn -0.1535 -0.8432 0.5152
vn -0.2098 -0.6784 0.7041
vn -0.2556 -0.4461 0.8577
vn -0.2821 -0.1565 0.9465
vn -0.0000 -0.9945 0.1052
vn -0.0000 -0.9489 0.3157
vn -0.0000 -0.8513 0.5247
vn -0.0000 -0.6908 0.7231
vn -0.0000 -0.4583 0.8888
vn -0.0000 -0.1618 0.9868
vn 0.0311 -0.9941 0.1042
vn 0.0929 -0.9456 0.3119
vn 0.1535 -0.8432 0.5152
vn 0.2098 -0.6784 0.7041
vn 0.2556 -0.4461 0.8577
vn 0.2821 -0.1565 0.9465
vn 0.0908 -0.9912 0.0968
vn 0.2656 -0.9215 0.2833
vn 0.4209 -0.7883 0.4489
vn 0.5461 -0.6022 0.5824
vn 0.6335 -0.3771 0.6756
vn 0.6783 -0.1283 0.7235
vn 0.1437 -0.9862 0.0827
vn 0.4053 -0.8839 0.2333
vn 0.6066 -0.7142 0.3492
vn 0.7429 -0.5150 0.4277
vn 0.8244 -0.3085 0.4746
vn 0.8621 -0.1025 0.4963
vn 0.1862 -0.9805 0.0631
vn 0.5053 -0.8458 0.1713
vn 0.7196 -0.6501 0.2439
vn 0.8458 -0.4499 0.2867
vn 0.9139 -0.2624 0.3098
vn 0.9435 -0.0861 0.3198
vn 0.2158 -0.9756 0.0395
vn 0.5680 -0.8164 0.1039
vn 0.7820 -0.6067 0.1431
vn 0.8972 -0.4099 0.1642
vn 0.9559 -0.2357 0.1749
vn 0.9808 -0.0769 0.1795
vn 0.2309 -0.9729 0.0134
vn 0.5979 -0.8008 0.0348
vn 0.8095 -0.5852 0.0471
vn 0.9188 -0.3911 0.0534
vn 0.9730 -0.2236 0.0566
vn 0.9957 -0.0727 0.0579
vn 0.2328 -0.9725 -0.0000
vn 0.6016 -0.7988 -0.0000
vn 0.8128 -0.5826 -0.0000
vn 0.9213 -0.3888 -0.0000
vn 0.9750 -0.2221 -0.0000
vn 0.9974 -0.0722 -0.0000
vn 0.2309 -0.9729 -0.0134
vn 0.5979 -0.8008 -0.0348
vn 0.8095 -0.5852 -0.0471
vn 0.9188 -0.3911 -0.0534
vn 0.9730 -0.2236 -0.0566
vn 0.9957 -0.0727 -0.0579
vn 0.2158 -0.9756 -0.0395
vn 0.5680 -0.8164 -0.1039
vn 0.7820 -0.6067 -0.1431
vn 0.8972 -0.4099 -0.1642
vn 0.9559 -0.2357 -0.1749
vn 0.9808 -0.0769 -0.1795
vn 0.1862 -0.9805 -0.0631
vn 0.5053 -0.8458 -0.1713
vn 0.7196 -0.6501 -0.2439
vn 0.8458 -0.4499 -0.2867
vn 0.9139 -0.2624 -0.3098
vn 0.9435 -0.0861 -0.3198
vn 0.1437 -0.9862 -0.0827
vn 0.4053 -0.8839 -0.2333
vn 0.6066 -0.7142 -0.3492
vn 0.7429 -0.5150 -0.4277
vn 0.8244 -0.3085 -0.4746
vn 0.8621 -0.1025 -0.4963
vn 0.0908 -0.9912 -0.0968
vn 0.2656 -0.9215 -0.2833
vn 0.4209 -0.7883 -0.4489
vn 0.5461 -0.6022 -0.5824
vn 0.6335 -0.3771 -0.6756
vn 0.6783 -0.1283 -0.7235
vn 0.0311 -0.9941 -0.1042
vn 0.0929 -0.9456 -0.3119
vn 0.1535 -0.8432 -0.5152
vn 0.2098 -0.6784 -0.7041
vn 0.2556 -0.4461 -0.8577
vn 0.2821 -0.1565 -0.9465
vn -0.0000 -0.9945 -0.1052
vn -0.0000 -0.9489 -0.3157
vn -0.0000 -0.8513 -0.5247
vn -0.0000 -0.6908 -0.7231
vn -0.0000 -0.4583 -0.8888
vn -0.0000 -0.1618 -0.9868
vn -0.0311 -0.9941 -0.1042
vn -0.0929 -0.9456 -0.3119
vn -0.1535 -0.8432 -0.5152
vn -0.2098 -0.6784 -0.7041
vn -0.2556 -0.4461 -0.8577
vn -0.2821 -0.1565 -0.9465
vn -0.0908 -0.9912 -0.0968
vn -0.2656 -0.9215 -0.2833
vn -0.4209 -0.7883 -0.4489
vn -0.5461 -0.6022 -0.5824
vn -0.6335 -0.3771 -0.6756
vn -0.6783 -0.1283 -0.7235
vn -0.1437 -0.9862 -0.0827
vn -0.4053 -0.8839 -0.2333
vn -0.6066 -0.7142 -0.3492
vn -0.7429 -0.5150 -0.4277
vn -0.8244 -0.3085 -0.4746
vn -0.8621 -0.1025 -0.4963
vn -0.1862 -0.9805 -0.0631
vn -0.5053 -0.8458 -0.1713
vn -0.7196 -0.6501 -0.2439
vn -0.8458 -0.4499 -0.2867
vn -0.9139 -0.2624 -0.3098
vn -0.9435 -0.0861 -0.3198
vn -0.2158 -0.9756 -0.0395
vn -0.5680 -0.8164 -0.1039
vn -0.7820 -0.6067 -0.1431
vn -0.8972 -0.4099 -0.1642
vn -0.9559 -0.2357 -0.1749
vn -0.9808 -0.0769 -0.1795
vn -0.2309 -0.9729 -0.0134
vn -0.5979 -0.8008 -0.0348
vn -0.8095 -0.5852 -0.0471
vn -0.9188 -0.3911 -0.0534
vn -0.9730 -0.2236 -0.0566
vn -0.9957 -0.0727 -0.0579
vn -0.0000 1.0000 -0.0000
vn -0.9998 0.0208 -0.0000
vn -0.9994 0.0336 -0.0000
vn -0.9981 0.0209 0.0580
vn -0.9977 0.0339 0.0580
vn -0.9834 0.0221 0.1800
vn -0.9830 0.0358 0.1799
vn -0.9468 0.0248 0.3209
vn -0.9463 0.0401 0.3208
vn -0.8663 0.0296 0.4987
vn -0.8656 0.0478 0.4984
vn -0.6835 0.0371 0.7290
vn -0.6828 0.0600 0.7282
vn -0.2853 0.0454 0.9574
vn -0.2848 0.0734 0.9558
vn -0.0000 0.0470 0.9989
vn -0.0000 0.0759 0.9971
vn 0.2853 0.0454 0.9574
vn 0.2848 0.0734 0.9558
vn 0.6835 0.0371 0.7290
vn 0.6828 0.0600 0.7282
vn 0.8663 0.0296 0.4987
vn 0.8656 0.0478 0.4984
vn 0.9468 0.0248 0.3209
vn 0.9463 0.0401 0.3208
vn 0.9834 0.0221 0.1800
vn 0.9830 0.0358 0.1799
vn 0.9981 0.0209 0.0580
vn 0.9977 0.0339 0.0580
vn 0.9998 0.0208 -0.0000
vn 0.9994 0.0336 -0.0000
vn 0.9981 0.0209 -0.0580
vn 0.9977 0.0339 -0.0580
vn 0.9834 0.0221 -0.1800
vn 0.9830 0.0358 -0.1799
vn 0.9468 0.0248 -0.3209
vn 0.9463 0.0401 -0.3208
vn 0.8663 0.0296 -0.4987
vn 0.8656 0.0478 -0.4984
vn 0.6835 0.0371 -0.7290
vn 0.6828 0.0600 -0.7282
vn 0.2853 0.0454 -0.9574
vn 0.2848 0.0734 -0.9558
vn -0.0000 0.0470 -0.9989
vn -0.0000 0.0759 -0.9971
vn -0.2853 0.0454 -0.9574
vn -0.2848 0.0734 -0.9558
vn -0.6835 0.0371 -0.7290
vn -0.6828 0.0600 -0.7282
vn -0.8663 0.0296 -0.4987
vn -0.8656 0.0478 -0.4984
vn -0.9468 0.0248 -0.3209
vn -0.9463 0.0401 -0.3208
vn -0.9834 0.0221 -0.1800
vn -0.9830 0.0358 -0.1799
vn -0.9981 0.0209 -0.0580
vn -0.9977 0.0339 -0.0580
vn -0.2856 -0.0000 0.9583
vt 0.750000 0.000000
vt 0.250000 0.000000
vt 0.000000 0.250000
vt 0.000000 0.750000
vt 0.185295 0.008519
vt 0.125000 0.033494
vt 0.073223 0.073223
vt 1.000000 0.750000
vt 1.000000 0.250000
vt 0.991481 0.185295
vt 0.033494 0.125000
vt 0.008519 0.185295
vt 0.100000 0.286804
vt 0.100000 0.713196
vt 0.105944 0.767382
vt 0.120844 0.807079
vt 0.144544 0.839681
vt 0.175431 0.864001
vt 0.211400 0.878730
vt 0.256555 0.883550
vt 0.743446 0.883549
vt 0.788600 0.878730
vt 0.824569 0.864002
vt 0.855456 0.839681
vt 0.879156 0.807079
vt 0.894056 0.767383
vt 0.900000 0.713196
vt 0.900000 0.286804
vt 0.894056 0.232617
vt 0.879156 0.192921
vt 0.855456 0.160319
vt 0.824569 0.135999
vt 0.788600 0.121270
vt 0.743446 0.116451
vt 0.256554 0.116451
vt 0.211400 0.121270
vt 0.175431 0.135999
vt 0.144544 0.160319
vt 0.120844 0.192921
vt 0.105944 0.232617
vt 0.966506 0.125000
vt 0.926777 0.073223
vt 0.185295 0.991481
vt 0.250000 1.000000
vt 0.750000 1.000000
vt 0.875000 0.033494
vt 0.814705 0.008519
vt 0.814705 0.008519
vt 0.875000 0.966506
vt 0.926777 0.926777
vt 0.966506 0.875000
vt 0.991481 0.814705
vt 0.814705 0.991481
vt 0.814705 0.991481
vt 0.008519 0.814705
vt 0.125000 0.966506
vt 0.033494 0.875000
vt 0.073223 0.926777
vt 0.008519 0.814705
vt 0.991481 0.814705
vt 0.074118 0.279326
vt 0.074118 0.720673
vt 0.050000 0.271273
vt 0.050000 0.728728
vt 0.000125 0.250532
vt 0.000125 0.749468
vt 0.000057 0.250243
vt 0.000057 0.749757
vt 0.000015 0.250062
vt 0.000015 0.749938
vt 0.080729 0.220095
vt 0.057232 0.208243
vt 0.009005 0.185426
vt 0.008741 0.185355
vt 0.008575 0.185310
vt 0.098236 0.174864
vt 0.077169 0.158284
vt 0.033930 0.125252
vt 0.033693 0.125115
vt 0.033544 0.125029
vt 0.126085 0.137411
vt 0.108884 0.116339
vt 0.073579 0.073579
vt 0.073386 0.073386
vt 0.073265 0.073265
vt 0.162379 0.109203
vt 0.150216 0.084472
vt 0.125252 0.033929
vt 0.125115 0.033693
vt 0.125029 0.033544
vt 0.204644 0.091900
vt 0.198348 0.064711
vt 0.185425 0.009005
vt 0.185355 0.008741
vt 0.185310 0.008575
vt 0.254858 0.086251
vt 0.253277 0.058201
vt 0.250008 0.000125
vt 0.250004 0.000057
vt 0.250001 0.000015
vt 0.745142 0.086251
vt 0.746723 0.058201
vt 0.749992 0.000125
vt 0.749996 0.000057
vt 0.749999 0.000015
vt 0.795356 0.091900
vt 0.801652 0.064711
vt 0.814574 0.009005
vt 0.814645 0.008741
vt 0.814690 0.008575
vt 0.837621 0.109204
vt 0.849784 0.084472
vt 0.874748 0.033929
vt 0.874885 0.033693
vt 0.874971 0.033544
vt 0.873915 0.137411
vt 0.891116 0.116339
vt 0.926421 0.073579
vt 0.926614 0.073386
vt 0.926735 0.073265
vt 0.901764 0.174864
vt 0.922831 0.158284
vt 0.966071 0.125252
vt 0.966307 0.125115
vt 0.966456 0.125029
vt 0.919271 0.220095
vt 0.942768 0.208243
vt 0.990995 0.185426
vt 0.991259 0.185355
vt 0.991425 0.185310
vt 0.925882 0.279326
vt 0.950000 0.271272
vt 0.999875 0.250532
vt 0.999943 0.250243
vt 0.999985 0.250062
vt 0.925882 0.720673
vt 0.950000 0.728728
vt 0.999875 0.749468
vt 0.999943 0.749757
vt 0.999985 0.749938
vt 0.919271 0.779905
vt 0.942768 0.791758
vt 0.990995 0.814574
vt 0.991259 0.814645
vt 0.991425 0.814690
vt 0.901764 0.825136
vt 0.922832 0.841716
vt 0.966071 0.874748
vt 0.966307 0.874885
vt 0.966456 0.874971
vt 0.873915 0.862589
vt 0.891116 0.883661
vt 0.926421 0.926421
vt 0.926614 0.926614
vt 0.926735 0.926735
vt 0.837621 0.890796
vt 0.849784 0.915528
vt 0.874748 0.966071
vt 0.874885 0.966307
vt 0.874971 0.966456
vt 0.795356 0.908100
vt 0.801652 0.935289
vt 0.814574 0.990995
vt 0.814645 0.991259
vt 0.814690 0.991425
vt 0.745142 0.913749
vt 0.746723 0.941799
vt 0.749992 0.999875
vt 0.749996 0.999943
vt 0.749999 0.999985
vt 0.254858 0.913748
vt 0.253278 0.941799
vt 0.250008 0.999875
vt 0.250004 0.999943
vt 0.250001 0.999985
vt 0.204644 0.908100
vt 0.198348 0.935289
vt 0.185426 0.990995
vt 0.185355 0.991259
vt 0.185310 0.991425
vt 0.162379 0.890796
vt 0.150216 0.915528
vt 0.125252 0.966071
vt 0.125115 0.966307
vt 0.125029 0.966456
vt 0.126085 0.862589
vt 0.108884 0.883661
vt 0.073579 0.926421
vt 0.073386 0.926614
vt 0.073265 0.926735
vt 0.098236 0.825136
vt 0.077169 0.841716
vt 0.033930 0.874748
vt 0.033693 0.874885
vt 0.033544 0.874971
vt 0.080729 0.779905
vt 0.057232 0.791758
vt 0.009005 0.814574
vt 0.008741 0.814645
vt 0.008575 0.814690
vt 0.149999 0.298641
vt 0.154657 0.255512
vt 0.164518 0.228030
vt 0.180204 0.205410
vt 0.200647 0.188722
vt 0.224453 0.178834
vt 0.259831 0.175320
vt 0.740169 0.175320
vt 0.775547 0.178834
vt 0.799353 0.188722
vt 0.819796 0.205410
vt 0.835482 0.228030
vt 0.845343 0.255512
vt 0.850001 0.298641
vt 0.850001 0.701359
vt 0.845342 0.744488
vt 0.835482 0.771970
vt 0.819796 0.794590
vt 0.799353 0.811278
vt 0.775547 0.821166
vt 0.740169 0.824680
vt 0.259831 0.824680
vt 0.224453 0.821166
vt 0.200647 0.811278
vt 0.180204 0.794590
vt 0.164518 0.771970
vt 0.154657 0.744488
vt 0.149999 0.701359
vt 0.000049 0.250207
vt 0.000049 0.749793
vt 0.000188 0.250798
vt 0.000188 0.749202
vt 0.092598 0.284774
vt 0.092598 0.715226
vt 0.008708 0.185346
vt 0.009248 0.185491
vt 0.098733 0.229074
vt 0.033664 0.125098
vt 0.034147 0.125377
vt 0.114378 0.187738
vt 0.073362 0.073362
vt 0.073757 0.073757
vt 0.139265 0.153735
vt 0.125098 0.033664
vt 0.125378 0.034147
vt 0.171698 0.128303
vt 0.185346 0.008708
vt 0.185491 0.009248
vt 0.209468 0.112845
vt 0.250003 0.000049
vt 0.250012 0.000188
vt 0.256069 0.107799
vt 0.749997 0.000049
vt 0.749988 0.000188
vt 0.743931 0.107799
vt 0.814654 0.008708
vt 0.814509 0.009248
vt 0.790532 0.112845
vt 0.874902 0.033664
vt 0.874622 0.034147
vt 0.828302 0.128303
vt 0.926638 0.073362
vt 0.926243 0.073757
vt 0.860735 0.153735
vt 0.966336 0.125098
vt 0.965853 0.125377
vt 0.885622 0.187738
vt 0.991292 0.185346
vt 0.990752 0.185491
vt 0.901267 0.229074
vt 0.999951 0.250207
vt 0.999812 0.250798
vt 0.907402 0.284774
vt 0.999951 0.749793
vt 0.999812 0.749202
vt 0.907403 0.715226
vt 0.991292 0.814654
vt 0.990752 0.814509
vt 0.901267 0.770926
vt 0.966337 0.874902
vt 0.965853 0.874623
vt 0.885622 0.812262
vt 0.926638 0.926638
vt 0.926243 0.926243
vt 0.860735 0.846265
vt 0.874902 0.966336
vt 0.874623 0.965853
vt 0.828302 0.871697
vt 0.814654 0.991292
vt 0.814509 0.990752
vt 0.790532 0.887155
vt 0.749997 0.999951
vt 0.749988 0.999812
vt 0.743931 0.892201
vt 0.250003 0.999951
vt 0.250012 0.999812
vt 0.256069 0.892201
vt 0.185346 0.991292
vt 0.185491 0.990752
vt 0.209468 0.887155
vt 0.125098 0.966337
vt 0.125378 0.965853
vt 0.171698 0.871697
vt 0.073362 0.926638
vt 0.073757 0.926243
vt 0.139265 0.846265
vt 0.033664 0.874902
vt 0.034147 0.874622
vt 0.114378 0.812262
vt 0.008708 0.814654
vt 0.009248 0.814509
vt 0.098733 0.770926
s 0
usemtl Grey-Material
f 237/1/1 197/2/1 2/2/1 58/1/1
f 202/3/2 273/4/2 106/4/2 9/3/2
f 207/5/3 212/6/3 23/6/3 16/5/3
f 212/6/4 217/7/4 30/7/4 23/6/4
f 307/8/5 232/9/5 51/9/5 156/8/5
f 232/9/6 242/10/6 65/10/6 51/9/6
f 222/11/7 227/12/7 44/12/7 37/11/7
f 217/7/8 222/11/8 37/11/8 30/7/8
f 8/13/9 107/14/9 141/15/9 134/16/9 127/17/9 120/18/9 113/19/9 99/20/9 148/21/9 162/22/9 169/23/9 176/24/9 183/25/9 190/26/9 155/27/9 50/28/9 64/29/9 71/30/9 78/31/9 85/32/9 92/33/9 57/34/9 1/35/9 15/36/9 22/37/9 29/38/9 36/39/9 43/40/9
f 227/12/10 202/3/10 9/3/10 44/12/10
f 247/41/11 252/42/11 79/42/11 72/41/11
f 277/43/12 267/44/12 100/44/12 114/43/12
f 267/44/13 302/45/13 149/45/13 100/44/13
f 257/46/14 262/47/14 93/47/14 86/46/14
f 252/42/15 257/46/15 86/46/15 79/42/15
f 262/48/16 237/1/16 58/1/16 93/47/16
f 242/10/17 247/41/17 72/41/17 65/10/17
f 317/49/18 322/50/18 177/50/18 170/49/18
f 327/51/19 332/52/19 191/52/19 184/51/19
f 322/50/20 327/51/20 184/51/20 177/50/20
f 312/53/21 317/49/21 170/49/21 163/54/21
f 273/4/22 297/55/22 142/55/22 106/4/22
f 282/56/23 277/43/23 114/43/23 121/56/23
f 292/57/24 287/58/24 128/58/24 135/57/24
f 297/59/25 292/57/25 135/57/25 142/55/25
f 302/45/26 312/54/26 163/54/26 149/45/26
f 332/60/27 307/8/27 156/8/27 191/52/27
f 287/58/28 282/56/28 121/56/28 128/58/28
f 107/14/29 8/13/29 10/61/29 112/62/29
f 112/62/30 10/61/30 11/63/30 111/64/30
f 111/64/31 11/63/31 12/65/31 110/66/31
f 110/66/32 12/65/32 13/67/32 109/68/32
f 109/68/33 13/67/33 14/69/33 108/70/33
f 108/70/34 14/69/34 9/3/34 106/4/34
f 8/13/35 43/40/35 45/71/35 10/61/35
f 10/61/36 45/71/36 46/72/36 11/63/36
f 11/63/37 46/72/37 47/73/37 12/65/37
f 12/65/38 47/73/38 48/74/38 13/67/38
f 13/67/39 48/74/39 49/75/39 14/69/39
f 14/69/40 49/75/40 44/12/40 9/3/40
f 43/40/41 36/39/41 38/76/41 45/71/41
f 45/71/42 38/76/42 39/77/42 46/72/42
f 46/72/43 39/77/43 40/78/43 47/73/43
f 47/73/44 40/78/44 41/79/44 48/74/44
f 48/74/45 41/79/45 42/80/45 49/75/45
f 49/75/46 42/80/46 37/11/46 44/12/46
f 36/39/47 29/38/47 31/81/47 38/76/47
f 38/76/48 31/81/48 32/82/48 39/77/48
f 39/77/49 32/82/49 33/83/49 40/78/49
f 40/78/50 33/83/50 34/84/50 41/79/50
f 41/79/51 34/84/51 35/85/51 42/80/51
f 42/80/52 35/85/52 30/7/52 37/11/52
f 29/38/53 22/37/53 24/86/53 31/81/53
f 31/81/54 24/86/54 25/87/54 32/82/54
f 32/82/55 25/87/55 26/88/55 33/83/55
f 33/83/56 26/88/56 27/89/56 34/84/56
f 34/84/57 27/89/57 28/90/57 35/85/57
f 35/85/58 28/90/58 23/6/58 30/7/58
f 22/37/59 15/36/59 17/91/59 24/86/59
f 24/86/60 17/91/60 18/92/60 25/87/60
f 25/87/61 18/92/61 19/93/61 26/88/61
f 26/88/62 19/93/62 20/94/62 27/89/62
f 27/89/63 20/94/63 21/95/63 28/90/63
f 28/90/64 21/95/64 16/5/64 23/6/64
f 15/36/65 1/35/65 3/96/65 17/91/65
f 17/91/66 3/96/66 4/97/66 18/92/66
f 18/92/67 4/97/67 5/98/67 19/93/67
f 19/93/68 5/98/68 6/99/68 20/94/68
f 20/94/69 6/99/69 7/100/69 21/95/69
f 21/95/70 7/100/70 2/2/70 16/5/70
f 1/35/71 57/34/71 59/101/71 3/96/71
f 3/96/72 59/101/72 60/102/72 4/97/72
f 4/97/73 60/102/73 61/103/73 5/98/73
f 5/98/74 61/103/74 62/104/74 6/99/74
f 6/99/75 62/104/75 63/105/75 7/100/75
f 7/100/76 63/105/76 58/1/76 2/2/76
f 57/34/77 92/33/77 94/106/77 59/101/77
f 59/101/78 94/106/78 95/107/78 60/102/78
f 60/102/79 95/107/79 96/108/79 61/103/79
f 61/103/80 96/108/80 97/109/80 62/104/80
f 62/104/81 97/109/81 98/110/81 63/105/81
f 63/105/82 98/110/82 93/47/82 58/1/82
f 92/33/83 85/32/83 87/111/83 94/106/83
f 94/106/84 87/111/84 88/112/84 95/107/84
f 95/107/85 88/112/85 89/113/85 96/108/85
f 96/108/86 89/113/86 90/114/86 97/109/86
f 97/109/87 90/114/87 91/115/87 98/110/87
f 98/110/88 91/115/88 86/46/88 93/47/88
f 85/32/89 78/31/89 80/116/89 87/111/89
f 87/111/90 80/116/90 81/117/90 88/112/90
f 88/112/91 81/117/91 82/118/91 89/113/91
f 89/113/92 82/118/92 83/119/92 90/114/92
f 90/114/93 83/119/93 84/120/93 91/115/93
f 91/115/94 84/120/94 79/42/94 86/46/94
f 78/31/95 71/30/95 73/121/95 80/116/95
f 80/116/96 73/121/96 74/122/96 81/117/96
f 81/117/97 74/122/97 75/123/97 82/118/97
f 82/118/98 75/123/98 76/124/98 83/119/98
f 83/119/99 76/124/99 77/125/99 84/120/99
f 84/120/100 77/125/100 72/41/100 79/42/100
f 71/30/101 64/29/101 66/126/101 73/121/101
f 73/121/102 66/126/102 67/127/102 74/122/102
f 74/122/103 67/127/103 68/128/103 75/123/103
f 75/123/104 68/128/104 69/129/104 76/124/104
f 76/124/105 69/129/105 70/130/105 77/125/105
f 77/125/106 70/130/106 65/10/106 72/41/106
f 64/29/107 50/28/107 52/131/107 66/126/107
f 66/126/108 52/131/108 53/132/108 67/127/108
f 67/127/109 53/132/109 54/133/109 68/128/109
f 68/128/110 54/133/110 55/134/110 69/129/110
f 69/129/111 55/134/111 56/135/111 70/130/111
f 70/130/112 56/135/112 51/9/112 65/10/112
f 50/28/113 155/27/113 157/136/113 52/131/113
f 52/131/114 157/136/114 158/137/114 53/132/114
f 53/132/115 158/137/115 159/138/115 54/133/115
f 54/133/116 159/138/116 160/139/116 55/134/116
f 55/134/117 160/139/117 161/140/117 56/135/117
f 56/135/118 161/140/118 156/8/118 51/9/118
f 155/27/119 190/26/119 192/141/119 157/136/119
f 157/136/120 192/141/120 193/142/120 158/137/120
f 158/137/121 193/142/121 194/143/121 159/138/121
f 159/138/122 194/143/122 195/144/122 160/139/122
f 160/139/123 195/144/123 196/145/123 161/140/123
f 161/140/124 196/145/124 191/52/124 156/8/124
f 190/26/125 183/25/125 185/146/125 192/141/125
f 192/141/126 185/146/126 186/147/126 193/142/126
f 193/142/127 186/147/127 187/148/127 194/143/127
f 194/143/128 187/148/128 188/149/128 195/144/128
f 195/144/129 188/149/129 189/150/129 196/145/129
f 196/145/130 189/150/130 184/51/130 191/52/130
f 183/25/131 176/24/131 178/151/131 185/146/131
f 185/146/132 178/151/132 179/152/132 186/147/132
f 186/147/133 179/152/133 180/153/133 187/148/133
f 187/148/134 180/153/134 181/154/134 188/149/134
f 188/149/135 181/154/135 182/155/135 189/150/135
f 189/150/136 182/155/136 177/50/136 184/51/136
f 176/24/137 169/23/137 171/156/137 178/151/137
f 178/151/138 171/156/138 172/157/138 179/152/138
f 179/152/139 172/157/139 173/158/139 180/153/139
f 180/153/140 173/158/140 174/159/140 181/154/140
f 181/154/141 174/159/141 175/160/141 182/155/141
f 182/155/142 175/160/142 170/49/142 177/50/142
f 169/23/143 162/22/143 164/161/143 171/156/143
f 171/156/144 164/161/144 165/162/144 172/157/144
f 172/157/145 165/162/145 166/163/145 173/158/145
f 173/158/146 166/163/146 167/164/146 174/159/146
f 174/159/147 167/164/147 168/165/147 175/160/147
f 175/160/148 168/165/148 163/54/148 170/49/148
f 162/22/149 148/21/149 150/166/149 164/161/149
f 164/161/150 150/166/150 151/167/150 165/162/150
f 165/162/151 151/167/151 152/168/151 166/163/151
f 166/163/152 152/168/152 153/169/152 167/164/152
f 167/164/153 153/169/153 154/170/153 168/165/153
f 168/165/154 154/170/154 149/45/154 163/54/154
f 148/21/155 99/20/155 101/171/155 150/166/155
f 150/166/156 101/171/156 102/172/156 151/167/156
f 151/167/157 102/172/157 103/173/157 152/168/157
f 152/168/158 103/173/158 104/174/158 153/169/158
f 153/169/159 104/174/159 105/175/159 154/170/159
f 154/170/160 105/175/160 100/44/160 149/45/160
f 99/20/161 113/19/161 115/176/161 101/171/161
f 101/171/162 115/176/162 116/177/162 102/172/162
f 102/172/163 116/177/163 117/178/163 103/173/163
f 103/173/164 117/178/164 118/179/164 104/174/164
f 104/174/165 118/179/165 119/180/165 105/175/165
f 105/175/166 119/180/166 114/43/166 100/44/166
f 113/19/167 120/18/167 122/181/167 115/176/167
f 115/176/168 122/181/168 123/182/168 116/177/168
f 116/177/169 123/182/169 124/183/169 117/178/169
f 117/178/170 124/183/170 125/184/170 118/179/170
f 118/179/171 125/184/171 126/185/171 119/180/171
f 119/180/172 126/185/172 121/56/172 114/43/172
f 120/18/173 127/17/173 129/186/173 122/181/173
f 122/181/174 129/186/174 130/187/174 123/182/174
f 123/182/175 130/187/175 131/188/175 124/183/175
f 124/183/176 131/188/176 132/189/176 125/184/176
f 125/184/177 132/189/177 133/190/177 126/185/177
f 126/185/178 133/190/178 128/58/178 121/56/178
f 127/17/179 134/16/179 136/191/179 129/186/179
f 129/186/180 136/191/180 137/192/180 130/187/180
f 130/187/181 137/192/181 138/193/181 131/188/181
f 131/188/182 138/193/182 139/194/182 132/189/182
f 132/189/183 139/194/183 140/195/183 133/190/183
f 133/190/184 140/195/184 135/57/184 128/58/184
f 134/16/185 141/15/185 143/196/185 136/191/185
f 136/191/186 143/196/186 144/197/186 137/192/186
f 137/192/187 144/197/187 145/198/187 138/193/187
f 138/193/188 145/198/188 146/199/188 139/194/188
f 139/194/189 146/199/189 147/200/189 140/195/189
f 140/195/190 147/200/190 142/55/190 135/57/190
f 141/15/191 107/14/191 112/62/191 143/196/191
f 143/196/192 112/62/192 111/64/192 144/197/192
f 144/197/193 111/64/193 110/66/193 145/198/193
f 145/198/194 110/66/194 109/68/194 146/199/194
f 146/199/195 109/68/195 108/70/195 147/200/195
f 147/200/196 108/70/196 106/4/196 142/55/196
f 203/201/197 228/202/197 223/203/197 218/204/197 213/205/197 208/206/197 198/207/197 238/208/197 263/209/197 258/210/197 253/211/197 248/212/197 243/213/197 233/214/197 308/215/197 333/216/197 328/217/197 323/218/197 318/219/197 313/220/197 303/221/197 268/222/197 278/223/197 283/224/197 288/225/197 293/226/197 298/227/197 272/228/197
f 273/4/198 202/3/198 204/229/198 276/230/198
f 276/230/199 204/229/199 205/231/199 275/232/199
f 275/232/197 205/231/197 206/233/197 274/234/197
f 274/234/197 206/233/197 203/201/197 272/228/197
f 202/3/200 227/12/200 229/235/200 204/229/200
f 204/229/201 229/235/201 230/236/201 205/231/201
f 205/231/197 230/236/197 231/237/197 206/233/197
f 206/233/197 231/237/197 228/202/197 203/201/197
f 227/12/202 222/11/202 224/238/202 229/235/202
f 229/235/203 224/238/203 225/239/203 230/236/203
f 230/236/197 225/239/197 226/240/197 231/237/197
f 231/237/197 226/240/197 223/203/197 228/202/197
f 222/11/204 217/7/204 219/241/204 224/238/204
f 224/238/205 219/241/205 220/242/205 225/239/205
f 225/239/197 220/242/197 221/243/197 226/240/197
f 226/240/197 221/243/197 218/204/197 223/203/197
f 217/7/206 212/6/206 214/244/206 219/241/206
f 219/241/207 214/244/207 215/245/207 220/242/207
f 220/242/197 215/245/197 216/246/197 221/243/197
f 221/243/197 216/246/197 213/205/197 218/204/197
f 212/6/208 207/5/208 209/247/208 214/244/208
f 214/244/209 209/247/209 210/248/209 215/245/209
f 215/245/197 210/248/197 211/249/197 216/246/197
f 216/246/197 211/249/197 208/206/197 213/205/197
f 207/5/210 197/2/210 199/250/210 209/247/210
f 209/247/211 199/250/211 200/251/211 210/248/211
f 210/248/197 200/251/197 201/252/197 211/249/197
f 211/249/197 201/252/197 198/207/197 208/206/197
f 197/2/212 237/1/212 239/253/212 199/250/212
f 199/250/213 239/253/213 240/254/213 200/251/213
f 200/251/197 240/254/197 241/255/197 201/252/197
f 201/252/197 241/255/197 238/208/197 198/207/197
f 237/1/214 262/48/214 264/256/214 239/253/214
f 239/253/215 264/256/215 265/257/215 240/254/215
f 240/254/197 265/257/197 266/258/197 241/255/197
f 241/255/197 266/258/197 263/209/197 238/208/197
f 262/47/216 257/46/216 259/259/216 264/256/216
f 264/256/217 259/259/217 260/260/217 265/257/217
f 265/257/197 260/260/197 261/261/197 266/258/197
f 266/258/197 261/261/197 258/210/197 263/209/197
f 257/46/218 252/42/218 254/262/218 259/259/218
f 259/259/219 254/262/219 255/263/219 260/260/219
f 260/260/197 255/263/197 256/264/197 261/261/197
f 261/261/197 256/264/197 253/211/197 258/210/197
f 252/42/220 247/41/220 249/265/220 254/262/220
f 254/262/221 249/265/221 250/266/221 255/263/221
f 255/263/197 250/266/197 251/267/197 256/264/197
f 256/264/197 251/267/197 248/212/197 253/211/197
f 247/41/222 242/10/222 244/268/222 249/265/222
f 249/265/223 244/268/223 245/269/223 250/266/223
f 250/266/197 245/269/197 246/270/197 251/267/197
f 251/267/197 246/270/197 243/213/197 248/212/197
f 242/10/224 232/9/224 234/271/224 244/268/224
f 244/268/225 234/271/225 235/272/225 245/269/225
f 245/269/197 235/272/197 236/273/197 246/270/197
f 246/270/197 236/273/197 233/214/197 243/213/197
f 232/9/226 307/8/226 309/274/226 234/271/226
f 234/271/227 309/274/227 310/275/227 235/272/227
f 235/272/197 310/275/197 311/276/197 236/273/197
f 236/273/197 311/276/197 308/215/197 233/214/197
f 307/8/228 332/60/228 334/277/228 309/274/228
f 309/274/229 334/277/229 335/278/229 310/275/229
f 310/275/197 335/278/197 336/279/197 311/276/197
f 311/276/197 336/279/197 333/216/197 308/215/197
f 332/52/230 327/51/230 329/280/230 334/277/230
f 334/277/231 329/280/231 330/281/231 335/278/231
f 335/278/197 330/281/197 331/282/197 336/279/197
f 336/279/197 331/282/197 328/217/197 333/216/197
f 327/51/232 322/50/232 324/283/232 329/280/232
f 329/280/233 324/283/233 325/284/233 330/281/233
f 330/281/197 325/284/197 326/285/197 331/282/197
f 331/282/197 326/285/197 323/218/197 328/217/197
f 322/50/234 317/49/234 319/286/234 324/283/234
f 324/283/235 319/286/235 320/287/235 325/284/235
f 325/284/197 320/287/197 321/288/197 326/285/197
f 326/285/197 321/288/197 318/219/197 323/218/197
f 317/49/236 312/53/236 314/289/236 319/286/236
f 319/286/237 314/289/237 315/290/237 320/287/237
f 320/287/197 315/290/197 316/291/197 321/288/197
f 321/288/197 316/291/197 313/220/197 318/219/197
f 312/54/238 302/45/238 304/292/238 314/289/238
f 314/289/239 304/292/239 305/293/239 315/290/239
f 315/290/197 305/293/197 306/294/197 316/291/197
f 316/291/197 306/294/197 303/221/197 313/220/197
f 302/45/240 267/44/240 269/295/240 304/292/240
f 304/292/241 269/295/241 270/296/241 305/293/241
f 305/293/197 270/296/197 271/297/197 306/294/197
f 306/294/197 271/297/197 268/222/197 303/221/197
f 267/44/242 277/43/242 279/298/242 269/295/242
f 269/295/243 279/298/243 280/299/243 270/296/243
f 270/296/197 280/299/197 281/300/197 271/297/197
f 271/297/197 281/300/197 278/223/197 268/222/197
f 277/43/244 282/56/244 284/301/244 279/298/244
f 279/298/245 284/301/245 285/302/245 280/299/245
f 280/299/197 285/302/197 286/303/197 281/300/197
f 281/300/197 286/303/197 283/224/197 278/223/197
f 282/56/246 287/58/246 289/304/246 284/301/246
f 284/301/247 289/304/247 290/305/247 285/302/247
f 285/302/197 290/305/197 291/306/197 286/303/197
f 286/303/197 291/306/197 288/225/197 283/224/197
f 287/58/248 292/57/248 294/307/248 289/304/248
f 289/304/249 294/307/249 295/308/249 290/305/249
f 290/305/197 295/308/197 296/309/197 291/306/197
f 291/306/197 296/309/197 293/226/197 288/225/197
f 292/57/250 297/59/250 299/310/250 294/307/250
f 294/307/251 299/310/251 300/311/251 295/308/251
f 295/308/197 300/311/197 301/312/197 296/309/197
f 296/309/197 301/312/197 298/227/197 293/226/197
f 297/55/252 273/4/252 276/230/252 299/310/252
f 299/310/253 276/230/253 275/232/253 300/311/253
f 300/311/197 275/232/197 274/234/197 301/312/197
f 301/312/197 274/234/197 272/228/197 298/227/197
f 197/2/254 207/5/254 16/5/254 2/2/254
o Plug.010
v 0.000500 -0.016311 -0.006801
v -0.000500 -0.016311 -0.006801
v 0.000500 -0.016311 -0.007201
v -0.000500 -0.016311 -0.007201
v 0.000500 -0.016311 0.007199
v -0.000500 -0.016311 0.007199
v 0.000500 -0.016311 0.006799
v -0.000500 -0.016311 0.006799
v -0.001100 -0.016311 0.007199
v -0.002100 -0.016311 0.007199
v -0.001100 -0.016311 0.006799
v -0.002100 -0.016311 0.006799
v 0.002100 -0.016311 0.007199
v 0.001100 -0.016311 0.007199
v 0.002100 -0.016311 0.006799
v 0.001100 -0.016311 0.006799
v 0.000500 -0.016311 0.006199
v -0.000500 -0.016311 0.006199
v 0.000500 -0.016311 0.005799
v -0.000500 -0.016311 0.005799
v -0.001100 -0.016311 0.006199
v -0.002100 -0.016311 0.006199
v -0.001100 -0.016311 0.005799
v -0.002100 -0.016311 0.005799
v 0.002100 -0.016311 0.006199
v 0.001100 -0.016311 0.006199
v 0.002100 -0.016311 0.005799
v 0.001100 -0.016311 0.005799
v 0.002100 -0.016311 0.005199
v 0.001100 -0.016311 0.005199
v 0.002100 -0.016311 0.004799
v 0.001100 -0.016311 0.004799
v -0.001100 -0.016311 0.005199
v -0.002100 -0.016311 0.005199
v -0.001100 -0.016311 0.004799
v -0.002100 -0.016311 0.004799
v 0.000500 -0.016311 0.005199
v -0.000500 -0.016311 0.005199
v 0.000500 -0.016311 0.004799
v -0.000500 -0.016311 0.004799
v 0.000500 -0.016311 0.004199
v -0.000500 -0.016311 0.004199
v 0.000500 -0.016311 0.003799
v -0.000500 -0.016311 0.003799
v -0.001100 -0.016311 0.004199
v -0.002100 -0.016311 0.004199
v -0.001100 -0.016311 0.003799
v -0.002100 -0.016311 0.003799
v 0.002100 -0.016311 0.004199
v 0.001100 -0.016311 0.004199
v 0.002100 -0.016311 0.003799
v 0.001100 -0.016311 0.003799
v 0.002100 -0.016311 0.003199
v 0.001100 -0.016311 0.003199
v 0.002100 -0.016311 0.002799
v 0.001100 -0.016311 0.002799
v -0.001100 -0.016311 0.003199
v -0.002100 -0.016311 0.003199
v -0.001100 -0.016311 0.002799
v -0.002100 -0.016311 0.002799
v 0.000500 -0.016311 0.003199
v -0.000500 -0.016311 0.003199
v 0.000500 -0.016311 0.002799
v -0.000500 -0.016311 0.002799
v 0.000500 -0.016311 0.002199
v -0.000500 -0.016311 0.002199
v 0.000500 -0.016311 0.001799
v -0.000500 -0.016311 0.001799
v -0.001100 -0.016311 0.002199
v -0.002100 -0.016311 0.002199
v -0.001100 -0.016311 0.001799
v -0.002100 -0.016311 0.001799
v 0.002100 -0.016311 0.002199
v 0.001100 -0.016311 0.002199
v 0.002100 -0.016311 0.001799
v 0.001100 -0.016311 0.001799
v 0.000500 -0.016311 0.001199
v -0.000500 -0.016311 0.001199
v 0.000500 -0.016311 0.000799
v -0.000500 -0.016311 0.000799
v -0.001100 -0.016311 0.001199
v -0.002100 -0.016311 0.001199
v -0.001100 -0.016311 0.000799
v -0.002100 -0.016311 0.000799
v 0.002100 -0.016311 0.001199
v 0.001100 -0.016311 0.001199
v 0.002100 -0.016311 0.000799
v 0.001100 -0.016311 0.000799
v 0.002100 -0.016311 0.000199
v 0.001100 -0.016311 0.000199
v 0.002100 -0.016311 -0.000201
v 0.001100 -0.016311 -0.000201
v -0.001100 -0.016311 0.000199
v -0.002100 -0.016311 0.000199
v -0.001100 -0.016311 -0.000201
v -0.002100 -0.016311 -0.000201
v 0.000500 -0.016311 0.000199
v -0.000500 -0.016311 0.000199
v 0.000500 -0.016311 -0.000201
v -0.000500 -0.016311 -0.000201
v 0.000500 -0.016311 -0.000801
v -0.000500 -0.016311 -0.000801
v 0.000500 -0.016311 -0.001201
v -0.000500 -0.016311 -0.001201
v -0.001100 -0.016311 -0.000801
v -0.002100 -0.016311 -0.000801
v -0.001100 -0.016311 -0.001201
v -0.002100 -0.016311 -0.001201
v 0.002100 -0.016311 -0.000801
v 0.001100 -0.016311 -0.000801
v 0.002100 -0.016311 -0.001201
v 0.001100 -0.016311 -0.001201
v 0.002100 -0.016311 -0.003801
v 0.001100 -0.016311 -0.003801
v 0.002100 -0.016311 -0.004201
v 0.001100 -0.016311 -0.004201
v -0.001100 -0.016311 -0.003801
v -0.002100 -0.016311 -0.003801
v -0.001100 -0.016311 -0.004201
v -0.002100 -0.016311 -0.004201
v 0.000500 -0.016311 -0.003801
v -0.000500 -0.016311 -0.003801
v 0.000500 -0.016311 -0.004201
v -0.000500 -0.016311 -0.004201
v 0.000500 -0.016311 -0.002801
v -0.000500 -0.016311 -0.002801
v 0.000500 -0.016311 -0.003201
v -0.000500 -0.016311 -0.003201
v -0.001100 -0.016311 -0.002801
v -0.002100 -0.016311 -0.002801
v -0.001100 -0.016311 -0.003201
v -0.002100 -0.016311 -0.003201
v 0.002100 -0.016311 -0.002801
v 0.001100 -0.016311 -0.002801
v 0.002100 -0.016311 -0.003201
v 0.001100 -0.016311 -0.003201
v 0.002100 -0.016311 -0.001801
v 0.001100 -0.016311 -0.001801
v 0.002100 -0.016311 -0.002201
v 0.001100 -0.016311 -0.002201
v -0.001100 -0.016311 -0.001801
v -0.002100 -0.016311 -0.001801
v -0.001100 -0.016311 -0.002201
v -0.002100 -0.016311 -0.002201
v 0.000500 -0.016311 -0.001801
v -0.000500 -0.016311 -0.001801
v 0.000500 -0.016311 -0.002201
v -0.000500 -0.016311 -0.002201
v 0.000500 -0.016311 -0.003801
v -0.000500 -0.016311 -0.003801
v 0.000500 -0.016311 -0.004201
v -0.000500 -0.016311 -0.004201
v -0.001100 -0.016311 -0.003801
v -0.002100 -0.016311 -0.003801
v -0.001100 -0.016311 -0.004201
v -0.002100 -0.016311 -0.004201
v 0.002100 -0.016311 -0.003801
v 0.001100 -0.016311 -0.003801
v 0.002100 -0.016311 -0.004201
v 0.001100 -0.016311 -0.004201
v 0.002100 -0.016311 -0.004801
v 0.001100 -0.016311 -0.004801
v 0.002100 -0.016311 -0.005201
v 0.001100 -0.016311 -0.005201
v -0.001100 -0.016311 -0.004801
v -0.002100 -0.016311 -0.004801
v -0.001100 -0.016311 -0.005201
v -0.002100 -0.016311 -0.005201
v 0.000500 -0.016311 -0.004801
v -0.000500 -0.016311 -0.004801
v 0.000500 -0.016311 -0.005201
v -0.000500 -0.016311 -0.005201
v 0.002100 -0.016311 -0.005801
v 0.001100 -0.016311 -0.005801
v 0.002100 -0.016311 -0.006201
v 0.001100 -0.016311 -0.006201
v -0.001100 -0.016311 -0.005801
v -0.002100 -0.016311 -0.005801
v -0.001100 -0.016311 -0.006201
v -0.002100 -0.016311 -0.006201
v 0.000500 -0.016311 -0.005801
v -0.000500 -0.016311 -0.005801
v 0.000500 -0.016311 -0.006201
v -0.000500 -0.016311 -0.006201
v -0.001100 -0.016311 -0.006801
v -0.002100 -0.016311 -0.006801
v -0.001100 -0.016311 -0.007201
v -0.002100 -0.016311 -0.007201
v 0.002100 -0.016311 -0.006801
v 0.001100 -0.016311 -0.006801
v 0.002100 -0.016311 -0.007201
v 0.001100 -0.016311 -0.007201
v -0.002500 -0.018065 -0.006951
v -0.002853 -0.017919 -0.006986
v -0.001951 -0.018065 -0.007501
v -0.002000 -0.017565 -0.008001
v -0.001986 -0.017919 -0.007853
v -0.002631 -0.018027 -0.007262
v -0.002885 -0.017757 -0.007367
v -0.002483 -0.018027 -0.007483
v -0.002678 -0.017757 -0.007678
v -0.002188 -0.018065 -0.007454
v -0.002383 -0.017565 -0.007925
v -0.002324 -0.017919 -0.007783
v 0.001951 -0.018065 -0.007501
v 0.002000 -0.017565 -0.008001
v 0.001985 -0.017919 -0.007853
v 0.002690 -0.018027 -0.006970
v 0.002961 -0.017757 -0.006997
v 0.002187 -0.018065 -0.007454
v 0.002383 -0.017565 -0.007925
v 0.002324 -0.017919 -0.007783
v 0.002482 -0.018027 -0.007483
v 0.002677 -0.017757 -0.007678
v 0.002630 -0.018027 -0.007262
v 0.002885 -0.017757 -0.007367
v -0.001951 -0.018065 0.007499
v -0.002000 -0.017565 0.007999
v -0.001986 -0.017919 0.007852
v -0.002500 -0.018065 0.006950
v -0.002961 -0.017757 0.006995
v -0.002261 -0.018027 0.007630
v -0.002367 -0.017757 0.007885
v -0.002483 -0.018027 0.007482
v -0.002678 -0.017757 0.007677
v -0.002631 -0.018027 0.007260
v -0.002885 -0.017757 0.007366
v 0.002690 -0.018027 0.006969
v 0.002961 -0.017757 0.006995
v 0.001969 -0.018027 0.007690
v 0.001996 -0.017757 0.007960
v 0.002630 -0.018027 0.007260
v 0.002885 -0.017757 0.007366
v 0.002482 -0.018027 0.007482
v 0.002677 -0.017757 0.007677
v 0.002187 -0.018065 0.007452
v 0.002383 -0.017565 0.007923
v 0.002324 -0.017919 0.007782
v 0.003000 -0.014111 0.006999
v 0.003000 -0.014111 -0.007001
v 0.002924 -0.014111 -0.007383
v 0.002924 -0.014111 0.007382
v 0.002383 -0.014111 -0.007925
v 0.002707 -0.014111 -0.007708
v 0.002707 -0.014111 0.007706
v 0.002383 -0.014111 0.007923
v 0.002000 -0.014111 0.007999
v 0.002000 -0.014111 -0.008001
v -0.002000 -0.014111 0.007999
v -0.002000 -0.014111 -0.008001
v -0.002383 -0.014111 -0.007925
v -0.002707 -0.014111 -0.007708
v -0.002924 -0.014111 -0.007383
v -0.003000 -0.014111 -0.007001
v -0.003000 -0.014111 0.006999
v -0.002924 -0.014111 0.007382
v -0.002707 -0.014111 0.007706
v -0.002383 -0.014111 0.007923
v 0.002176 -0.014111 0.008999
v 0.003690 -0.014111 0.007999
v 0.002756 -0.014111 0.008923
v 0.003247 -0.014111 0.008706
v 0.003575 -0.014111 0.008382
v -0.003691 -0.014111 0.007999
v -0.002177 -0.014111 0.008999
v -0.002732 -0.014111 0.008432
v -0.003575 -0.014111 0.008382
v -0.003247 -0.014111 0.008706
v -0.002756 -0.014111 0.008923
v -0.002177 -0.014111 -0.009001
v -0.003691 -0.014111 -0.008001
v -0.002756 -0.014111 -0.008925
v -0.003247 -0.014111 -0.008708
v -0.003575 -0.014111 -0.008383
v 0.002176 -0.014111 -0.009001
v 0.002731 -0.014111 -0.008433
v 0.003690 -0.014111 -0.008001
v 0.003575 -0.014111 -0.008383
v 0.003247 -0.014111 -0.008708
v 0.002756 -0.014111 -0.008925
v -0.002612 -0.012223 0.009900
v -0.004429 -0.012223 0.008800
v -0.003216 -0.012223 0.009816
v -0.003773 -0.012223 0.009578
v -0.004199 -0.012223 0.009221
v -0.002612 -0.017822 0.009900
v -0.004429 -0.017822 0.008800
v -0.003307 -0.017822 0.009816
v -0.003896 -0.017822 0.009578
v -0.004290 -0.017822 0.009221
v 0.004429 -0.017822 0.008800
v 0.002612 -0.017822 0.009900
v 0.004290 -0.017822 0.009221
v 0.003896 -0.017822 0.009578
v 0.003307 -0.017822 0.009816
v 0.002612 -0.012223 0.009900
v 0.004429 -0.012223 0.008800
v 0.003307 -0.012223 0.009816
v 0.003811 -0.012223 0.009578
v 0.004204 -0.012223 0.009221
v 0.002612 -0.017822 -0.009900
v 0.004429 -0.017822 -0.008800
v 0.003307 -0.017822 -0.009816
v 0.003896 -0.017822 -0.009578
v 0.004290 -0.017822 -0.009221
v 0.004204 -0.012223 -0.009221
v 0.003811 -0.012223 -0.009578
v 0.003228 -0.012223 -0.009816
v 0.004428 -0.012223 -0.008800
v 0.002612 -0.012223 -0.009900
v -0.002612 -0.012223 -0.009900
v -0.004429 -0.012223 -0.008800
v -0.003216 -0.012223 -0.009816
v -0.003773 -0.012223 -0.009578
v -0.004199 -0.012223 -0.009221
v -0.002612 -0.017822 -0.009900
v -0.004429 -0.017822 -0.008800
v -0.004290 -0.017822 -0.009221
v -0.003896 -0.017822 -0.009578
v -0.003307 -0.017822 -0.009816
v -0.002713 -0.017822 -0.008925
v -0.002177 -0.017822 -0.009001
v 0.002176 -0.017822 -0.009001
v 0.002705 -0.017822 -0.008925
v 0.003179 -0.017822 -0.008708
v -0.003528 -0.017822 -0.008383
v -0.003200 -0.017822 -0.008708
v 0.003525 -0.017822 -0.008383
v -0.003691 -0.017822 -0.008001
v 0.003690 -0.017822 -0.008001
v -0.003691 -0.017822 0.007999
v -0.001990 -0.017822 -0.007894
v 0.002340 -0.017822 -0.007822
v 0.001989 -0.017822 -0.007894
v 0.003690 -0.017822 0.007999
v -0.002340 -0.017822 -0.007822
v -0.002535 -0.017822 -0.007721
v 0.002534 -0.017822 -0.007721
v -0.002630 -0.017822 -0.007631
v 0.002630 -0.017822 -0.007631
v 0.002823 -0.017822 -0.007342
v -0.002824 -0.017822 -0.007342
v -0.002872 -0.017822 -0.007213
v -0.002856 -0.017822 -0.006987
v 0.002895 -0.017822 -0.006990
v 0.002961 -0.017757 0.005950
v -0.002863 -0.017822 0.006986
v -0.002917 -0.017822 0.001340
v 0.002895 -0.017822 0.006989
v -0.002881 -0.017822 0.007060
v -0.002824 -0.017822 0.007340
v 0.002823 -0.017822 0.007340
v -0.002666 -0.017822 0.007576
v -0.002630 -0.017822 0.007630
v 0.002630 -0.017822 0.007630
v 0.002666 -0.017822 0.007576
v 0.002534 -0.017822 0.007719
v -0.003528 -0.017822 0.008382
v -0.003200 -0.017822 0.008706
v -0.002756 -0.017822 0.008923
v -0.002177 -0.017822 0.008999
v 0.000709 -0.017822 0.008999
v -0.002341 -0.017822 0.007823
v -0.002577 -0.017822 0.007665
v -0.002213 -0.017822 0.007871
v -0.001990 -0.017822 0.007892
v 0.000385 -0.017822 0.007917
v 0.001990 -0.017822 0.007895
v 0.002176 -0.017822 0.008999
v 0.002705 -0.017822 0.008923
v 0.003179 -0.017822 0.008706
v 0.002129 -0.017822 0.007888
v 0.002340 -0.017822 0.007820
v 0.003525 -0.017822 0.008382
v -0.002100 -0.018062 -0.006801
v -0.001100 -0.018055 -0.006801
v -0.002100 -0.018065 -0.007201
v -0.002100 -0.018062 -0.006201
v -0.001100 -0.018065 -0.007201
v -0.001100 -0.018055 -0.006201
v -0.001100 -0.018055 -0.005801
v -0.000500 -0.018065 -0.007201
v -0.000500 -0.018051 -0.006801
v 0.000500 -0.018043 -0.006801
v -0.000500 -0.018051 -0.005801
v -0.000500 -0.018051 -0.006201
v 0.000500 -0.018058 -0.007201
v 0.000500 -0.018043 -0.005801
v 0.000500 -0.018043 -0.006201
v 0.001100 -0.018039 -0.006801
v 0.001100 -0.018053 -0.007201
v 0.002100 -0.018032 -0.006801
v 0.001100 -0.018039 -0.005801
v 0.001100 -0.018039 -0.006146
v 0.001100 -0.018039 -0.006201
v 0.002100 -0.018046 -0.007201
v 0.002100 -0.018032 -0.005801
v 0.002100 -0.018032 -0.006201
v -0.002100 -0.018062 -0.004801
v -0.001100 -0.018055 -0.004801
v -0.002100 -0.018062 -0.005201
v -0.002100 -0.018062 -0.005801
v -0.001100 -0.018055 -0.005201
v -0.000500 -0.018051 -0.004801
v -0.000500 -0.018051 -0.005201
v 0.000500 -0.018043 -0.004801
v 0.000500 -0.018043 -0.005201
v 0.000500 -0.018043 -0.004201
v 0.000367 -0.018044 -0.004201
v 0.001100 -0.018039 -0.004801
v 0.001100 -0.018039 -0.005201
v 0.002100 -0.018032 -0.004801
v 0.001100 -0.018039 -0.003801
v 0.001100 -0.018039 -0.004201
v 0.002100 -0.018032 -0.004201
v 0.002100 -0.018032 -0.004201
v 0.002100 -0.018032 -0.005201
v 0.002100 -0.018032 -0.003801
v -0.002100 -0.018062 -0.004201
v -0.002100 -0.018062 -0.003801
v -0.001100 -0.018055 -0.003801
v -0.001100 -0.018055 -0.003801
v -0.001100 -0.018055 -0.004201
v -0.001100 -0.018055 -0.004201
v -0.000500 -0.018051 -0.004201
v -0.000500 -0.018051 -0.003801
v -0.000500 -0.018051 -0.003801
v 0.000500 -0.018043 -0.003801
v 0.000500 -0.018043 -0.004201
v 0.000500 -0.018043 -0.003201
v 0.001100 -0.018039 -0.003801
v 0.001100 -0.018039 -0.002801
v 0.001100 -0.018039 -0.003201
v 0.002100 -0.018032 -0.003201
v 0.002100 -0.018032 -0.002801
v -0.002100 -0.018062 -0.003201
v -0.002100 -0.018062 -0.002801
v -0.002100 -0.018062 -0.002201
v -0.002100 -0.018062 -0.001801
v -0.001100 -0.018055 -0.001801
v -0.001100 -0.018055 -0.002801
v -0.001100 -0.018055 -0.003201
v -0.001100 -0.018055 -0.002201
v -0.000500 -0.018051 -0.003201
v 0.000500 -0.018043 -0.002801
v -0.000500 -0.018051 -0.002801
v -0.000500 -0.018051 -0.001801
v -0.000500 -0.018051 -0.002201
v 0.000500 -0.018043 -0.001801
v 0.000500 -0.018043 -0.002201
v 0.001100 -0.018039 -0.001801
v 0.001100 -0.018039 -0.002201
v 0.002100 -0.018032 -0.001801
v 0.001100 -0.018039 -0.001201
v 0.002100 -0.018032 -0.002201
v 0.002100 -0.018032 -0.001201
v 0.002100 -0.018032 -0.000801
v -0.002100 -0.018062 -0.000201
v -0.002100 -0.018062 0.000199
v -0.002100 -0.018062 -0.000801
v -0.002100 -0.018062 -0.001201
v -0.001100 -0.018055 -0.000801
v -0.001100 -0.018055 0.000199
v -0.001100 -0.018055 -0.000201
v -0.001100 -0.018055 -0.001201
v -0.000500 -0.018051 -0.001201
v 0.000500 -0.018043 -0.000801
v -0.000500 -0.018051 -0.000201
v -0.000500 -0.018051 -0.000801
v -0.000500 -0.018051 0.000199
v 0.000500 -0.018043 -0.001201
v 0.000500 -0.018043 -0.000201
v 0.000500 -0.018043 0.000199
v 0.001100 -0.018039 -0.000801
v 0.001100 -0.018039 0.000199
v 0.001100 -0.018039 -0.000201
v 0.002100 -0.018032 0.000199
v 0.002100 -0.018032 -0.000201
v -0.002100 -0.018062 0.000799
v -0.001100 -0.018055 0.001199
v -0.002100 -0.018062 0.001199
v -0.001100 -0.018055 0.000799
v -0.001100 -0.018055 0.002199
v -0.002100 -0.018062 0.001799
v -0.001100 -0.018055 0.001799
v -0.000500 -0.018051 0.001199
v 0.000500 -0.018043 0.001199
v -0.000500 -0.018051 0.000799
v -0.000500 -0.018051 0.001799
v 0.000500 -0.018043 0.000799
v 0.000500 -0.018043 0.002199
v 0.000500 -0.018043 0.001799
v 0.001100 -0.018039 0.000799
v 0.001100 -0.018039 0.001199
v 0.001100 -0.018039 0.000854
v 0.002100 -0.018032 0.001199
v 0.001100 -0.018039 0.001799
v 0.001100 -0.018039 0.002199
v 0.002100 -0.018032 0.000799
v 0.002100 -0.018032 0.002199
v 0.002100 -0.018032 0.001799
v -0.002100 -0.018062 0.002199
v -0.002100 -0.018062 0.003199
v -0.002100 -0.018062 0.002799
v -0.001100 -0.018055 0.003199
v -0.001100 -0.018055 0.002799
v -0.000500 -0.018051 0.002199
v -0.000500 -0.018051 0.003199
v -0.000500 -0.018051 0.002799
v 0.000500 -0.018043 0.003199
v -0.000500 -0.018051 0.003799
v 0.000500 -0.018043 0.002799
v 0.000500 -0.018043 0.004199
v 0.000500 -0.018043 0.003799
v 0.002100 -0.018032 0.003199
v 0.001100 -0.018039 0.002799
v 0.001100 -0.018039 0.003199
v 0.001100 -0.018039 0.004199
v 0.001100 -0.018039 0.003799
v 0.002100 -0.018032 0.002799
v 0.002100 -0.018032 0.003799
v 0.002100 -0.018032 0.004199
v -0.002100 -0.018062 0.005799
v -0.002100 -0.018062 0.004799
v -0.002100 -0.018062 0.006199
v -0.001100 -0.018055 0.004199
v -0.002100 -0.018062 0.004199
v -0.002100 -0.018062 0.003799
v -0.002100 -0.018062 0.005199
v -0.001100 -0.018055 0.005199
v -0.001100 -0.018055 0.006199
v -0.001100 -0.018065 0.007199
v -0.001100 -0.018055 0.003799
v -0.001100 -0.018055 0.004799
v -0.002100 -0.018062 0.006799
v -0.002100 -0.018065 0.007199
v -0.001100 -0.018055 0.005799
v -0.001100 -0.018055 0.006799
v -0.000500 -0.018051 0.004199
v -0.000500 -0.018051 0.004799
v -0.000500 -0.018051 0.005199
v 0.000500 -0.018043 0.005199
v -0.000500 -0.018051 0.005799
v 0.000500 -0.018043 0.006199
v -0.000500 -0.018051 0.006799
v 0.002100 -0.018032 0.005199
v 0.000500 -0.018043 0.004799
v 0.001100 -0.018039 0.005199
v 0.001100 -0.018039 0.004799
v 0.002100 -0.018032 0.004799
v 0.002100 -0.018032 0.005799
v 0.002100 -0.018032 0.006199
v -0.000500 -0.018051 0.006199
v 0.001100 -0.018039 0.005799
v 0.000500 -0.018043 0.005799
v 0.001100 -0.018039 0.006199
v 0.001100 -0.018039 0.006799
v 0.002100 -0.018032 0.006799
v 0.002100 -0.018048 0.007199
v -0.000500 -0.018065 0.007199
v 0.000500 -0.018060 0.007199
v 0.000500 -0.018043 0.006799
v 0.001100 -0.018056 0.007199
v -0.002713 -0.017822 -0.008925
v -0.002177 -0.017822 -0.009001
v -0.003200 -0.017822 -0.008708
v -0.002177 -0.017822 -0.009001
v 0.002176 -0.017822 -0.009001
v 0.002208 -0.017822 -0.008996
v 0.002208 -0.014467 -0.008996
v 0.002705 -0.017822 -0.008925
v 0.002686 -0.017822 -0.008927
v 0.002731 -0.017822 -0.008913
v 0.002777 -0.014417 -0.008913
v 0.003179 -0.017822 -0.008708
v 0.003165 -0.017822 -0.008714
v 0.003525 -0.017822 -0.008384
v -0.003528 -0.017822 -0.008384
v -0.003528 -0.017822 -0.008383
v -0.003690 -0.014140 -0.008003
v 0.003690 -0.017822 -0.008001
v -0.003691 -0.017822 -0.008001
v -0.003690 -0.017822 -0.008003
v -0.003691 -0.017822 0.007999
v -0.002383 -0.014111 -0.007925
v 0.002000 -0.014111 -0.008001
v -0.002000 -0.014111 -0.008001
v 0.002062 -0.017633 -0.007959
v 0.002312 -0.017822 -0.007827
v 0.002301 -0.017893 -0.007799
v 0.003690 -0.014111 0.007999
v 0.002054 -0.017822 -0.007880
v 0.003690 -0.017822 -0.008001
v 0.003690 -0.014111 -0.008001
v 0.003690 -0.014111 -0.008001
v 0.002000 -0.014111 -0.008001
v 0.002383 -0.014111 -0.007925
v -0.002707 -0.014111 -0.007708
v 0.002707 -0.014111 -0.007708
v -0.001986 -0.017919 -0.007853
v -0.001986 -0.017919 -0.007853
v -0.001983 -0.017919 -0.007853
v 0.001985 -0.017919 -0.007853
v 0.001985 -0.017919 -0.007853
v 0.002324 -0.017919 -0.007783
v 0.002324 -0.017919 -0.007783
v 0.002482 -0.018027 -0.007483
v 0.002324 -0.017919 -0.007783
v -0.002324 -0.017919 -0.007783
v -0.002324 -0.017919 -0.007783
v -0.002483 -0.018027 -0.007483
v -0.002324 -0.017919 -0.007783
v 0.002924 -0.014111 -0.007384
v 0.002677 -0.017757 -0.007678
v 0.002482 -0.018027 -0.007483
v 0.002630 -0.017822 -0.007631
v 0.002677 -0.017757 -0.007678
v 0.002677 -0.017757 -0.007678
v 0.002885 -0.017757 -0.007368
v -0.002924 -0.014111 -0.007384
v -0.002483 -0.018027 -0.007483
v -0.002189 -0.018065 -0.007452
v -0.002499 -0.018065 -0.006954
v -0.002497 -0.018065 -0.006955
v 0.002100 -0.018046 -0.007201
v 0.001100 -0.018053 -0.007201
v 0.002100 -0.018046 -0.007201
v -0.001100 -0.018062 -0.007073
v -0.002461 -0.018065 -0.006957
v -0.002100 -0.018064 -0.006977
v -0.000528 -0.018065 -0.007195
v 0.000500 -0.018058 -0.007201
v 0.000500 -0.018058 -0.007201
v -0.001100 -0.018065 -0.007201
v -0.002100 -0.018065 -0.007201
v -0.001100 -0.018065 -0.007201
v -0.001100 -0.018065 -0.007195
v -0.002100 -0.018065 -0.007181
v -0.000500 -0.018065 -0.007201
v -0.002631 -0.018027 -0.007262
v 0.003000 -0.014111 -0.007001
v -0.003000 -0.014111 -0.007001
v 0.002885 -0.017757 -0.007367
v -0.002885 -0.017757 -0.007368
v -0.002885 -0.017757 -0.007367
v -0.002824 -0.017822 -0.007342
v -0.002631 -0.018027 -0.007262
v -0.002872 -0.017822 -0.007213
v -0.002853 -0.017919 -0.006986
v 0.002961 -0.017757 -0.006997
v -0.002853 -0.017919 -0.006986
v 0.003000 -0.014111 -0.007001
v 0.002961 -0.017757 -0.006997
v -0.002856 -0.017822 -0.006984
v -0.003000 -0.014112 -0.006998
v -0.003000 -0.014112 0.006994
v -0.002853 -0.017918 -0.006983
v -0.002853 -0.017919 -0.006986
v -0.002853 -0.017919 -0.006986
v -0.002852 -0.017919 -0.006970
v -0.002501 -0.018065 -0.006936
v -0.002501 -0.018065 0.006920
v -0.002917 -0.017822 0.001329
v -0.002961 -0.017757 0.006995
v -0.003000 -0.014111 0.006999
v -0.002917 -0.017822 0.001255
v 0.002100 -0.018032 -0.006801
v -0.001100 -0.018055 -0.006801
v 0.001100 -0.018039 -0.006801
v -0.002100 -0.018062 -0.006801
v 0.000500 -0.018043 -0.006801
v -0.000500 -0.018051 -0.006801
v -0.002100 -0.018062 -0.005801
v -0.001100 -0.018055 -0.006801
v -0.002100 -0.018062 -0.006201
v -0.001100 -0.018055 -0.006201
v -0.001100 -0.018055 -0.006201
v -0.001100 -0.018055 -0.005801
v -0.001100 -0.018055 -0.005801
v -0.000500 -0.018051 -0.006201
v -0.000500 -0.018051 -0.005801
v 0.000500 -0.018043 -0.006201
v 0.000500 -0.018043 -0.005801
v 0.001100 -0.018039 -0.006201
v 0.001100 -0.018039 -0.005801
v 0.002100 -0.018032 -0.006201
v 0.002100 -0.018032 -0.005801
v 0.001100 -0.018039 -0.005201
v -0.000500 -0.018051 -0.004801
v 0.000500 -0.018043 -0.005201
v 0.000500 -0.018043 -0.004801
v -0.001100 -0.018055 -0.005201
v -0.001100 -0.018055 -0.005201
v -0.000500 -0.018051 -0.005201
v 0.001100 -0.018039 -0.004801
v -0.002100 -0.018062 -0.005201
v -0.002100 -0.018062 -0.004801
v -0.001100 -0.018055 -0.004801
v -0.001100 -0.018055 -0.004801
v 0.000500 -0.018043 -0.004801
v 0.001100 -0.018039 -0.004201
v -0.001100 -0.018055 -0.004201
v -0.001100 -0.018055 -0.003801
v -0.000500 -0.018051 -0.003801
v 0.001100 -0.018039 -0.004201
v 0.000500 -0.018043 -0.004201
v 0.000500 -0.018043 -0.004201
v -0.001100 -0.018055 -0.004201
v -0.001100 -0.018055 -0.004201
v -0.001100 -0.018055 -0.004201
v 0.001100 -0.018039 -0.003801
v -0.002100 -0.018062 -0.004201
v 0.000500 -0.018043 -0.004201
v 0.000366 -0.018044 -0.004201
v -0.000500 -0.018051 -0.004201
v -0.000500 -0.018051 -0.004201
v -0.002100 -0.018062 -0.004201
v -0.000500 -0.018051 -0.003801
v 0.000500 -0.018043 -0.003801
v 0.001100 -0.018039 -0.003801
v -0.001100 -0.018055 -0.003801
v 0.000500 -0.018043 -0.003801
v -0.002100 -0.018062 -0.003801
v -0.002100 -0.018062 -0.003801
v -0.001100 -0.018055 -0.003801
v 0.001100 -0.018039 -0.002801
v 0.001100 -0.018039 -0.003201
v -0.000500 -0.018051 -0.003201
v -0.000500 -0.018051 -0.002801
v 0.000500 -0.018043 -0.003201
v 0.000500 -0.018043 -0.002801
v -0.001100 -0.018055 -0.003201
v -0.002100 -0.018062 -0.003201
v -0.001100 -0.018055 -0.003201
v -0.002100 -0.018062 -0.002801
v -0.001100 -0.018055 -0.002801
v -0.001100 -0.018055 -0.002801
v 0.000500 -0.018043 -0.001801
v -0.000500 -0.018051 -0.001801
v 0.000500 -0.018043 -0.002201
v -0.000500 -0.018051 -0.002201
v -0.002100 -0.018062 -0.001801
v -0.002100 -0.018062 -0.002201
v -0.001100 -0.018055 -0.002201
v -0.001100 -0.018055 -0.002201
v -0.001100 -0.018055 -0.001801
v -0.001100 -0.018055 -0.001801
v 0.000500 -0.018043 -0.001201
v -0.001100 -0.018055 -0.001201
v -0.002100 -0.018062 -0.001201
v -0.001100 -0.018055 -0.001201
v -0.001100 -0.018055 -0.000801
v -0.000500 -0.018051 -0.001201
v -0.000500 -0.018051 -0.000801
v -0.002100 -0.018062 -0.000801
v -0.001100 -0.018055 -0.000801
v -0.002100 -0.018062 -0.000201
v -0.002100 -0.018062 0.000199
v -0.001100 -0.018055 0.000199
v -0.001100 -0.018055 0.000799
v -0.002100 -0.018062 0.000799
v -0.002100 -0.018062 0.001199
v -0.001100 -0.018055 0.001199
v -0.001100 -0.018055 0.001799
v -0.002100 -0.018062 0.001799
v -0.002100 -0.018062 0.002199
v -0.001100 -0.018055 0.002199
v -0.001100 -0.018055 0.002799
v -0.002100 -0.018062 0.002799
v -0.002100 -0.018062 0.003199
v -0.001102 -0.018055 0.003199
v -0.002100 -0.018062 0.004199
v -0.002100 -0.018062 0.003799
v -0.002100 -0.018062 0.004799
v -0.002100 -0.018062 0.005199
v -0.002100 -0.018062 0.005799
v -0.001100 -0.018055 -0.000201
v -0.001100 -0.018055 0.000199
v -0.001100 -0.018055 0.000799
v -0.001100 -0.018055 0.001199
v -0.001100 -0.018055 0.001799
v -0.001100 -0.018055 0.002199
v -0.001100 -0.018055 0.002799
v -0.000500 -0.018051 -0.000201
v -0.000500 -0.018051 0.000199
v -0.000500 -0.018051 0.000799
v -0.000500 -0.018051 0.001199
v 0.002100 -0.018032 -0.005201
v 0.002100 -0.018032 -0.004801
v 0.002100 -0.018032 -0.004801
v 0.002100 -0.018032 -0.004201
v 0.002100 -0.018032 -0.004201
v 0.002100 -0.018032 -0.004201
v 0.002100 -0.018032 -0.003801
v 0.002100 -0.018032 -0.003801
v 0.002100 -0.018032 -0.003201
v 0.002100 -0.018032 -0.002801
v 0.001100 -0.018039 -0.002201
v 0.002100 -0.018032 -0.002201
v 0.001100 -0.018039 -0.001801
v 0.002100 -0.018032 -0.001801
v 0.002100 -0.018032 -0.000801
v 0.002100 -0.018032 -0.001201
v 0.001100 -0.018039 -0.001201
v 0.000500 -0.018043 -0.000801
v 0.001100 -0.018039 -0.000801
v 0.002100 -0.018032 -0.000201
v -0.001100 -0.018055 0.003799
v -0.002100 -0.018062 0.006199
v -0.002100 -0.018062 0.006799
v -0.001100 -0.018055 0.003199
v -0.001100 -0.018055 0.003799
v -0.001100 -0.018055 0.004199
v -0.001100 -0.018055 0.005199
v -0.001100 -0.018055 0.004799
v -0.001100 -0.018055 0.006199
v -0.001100 -0.018055 0.005799
v -0.001100 -0.018055 0.006799
v -0.000500 -0.018051 0.001799
v -0.000500 -0.018051 0.002199
v -0.000500 -0.018051 0.002799
v -0.000500 -0.018051 0.003199
v -0.000500 -0.018051 0.003799
v -0.000500 -0.018051 0.004199
v -0.000500 -0.018051 0.005199
v -0.000500 -0.018051 0.004799
v -0.000500 -0.018051 0.005799
v -0.000500 -0.018051 0.006199
v -0.000500 -0.018051 0.006799
v 0.000500 -0.018043 -0.000201
v 0.000500 -0.018043 0.000199
v 0.000500 -0.018043 0.000799
v 0.000500 -0.018043 0.001199
v 0.000500 -0.018043 0.001799
v 0.000500 -0.018043 0.002199
v 0.000500 -0.018043 0.002799
v 0.000500 -0.018043 0.003199
v 0.000500 -0.018043 0.003799
v 0.000500 -0.018043 0.004199
v 0.000500 -0.018043 0.004799
v 0.000500 -0.018043 0.005199
v 0.000500 -0.018043 0.005799
v 0.000500 -0.018043 0.006199
v 0.000500 -0.018043 0.006799
v 0.001100 -0.018039 -0.000201
v 0.001100 -0.018039 0.000199
v 0.001100 -0.018039 0.000799
v 0.001100 -0.018039 0.001199
v 0.001100 -0.018039 0.002199
v 0.001100 -0.018039 0.001799
v 0.001100 -0.018039 0.002799
v 0.001100 -0.018039 0.003199
v 0.001100 -0.018039 0.003799
v 0.001100 -0.018039 0.004199
v 0.001100 -0.018039 0.004799
v 0.001100 -0.018039 0.005199
v 0.001100 -0.018039 0.005799
v 0.001100 -0.018039 0.006199
v 0.002100 -0.018032 0.000199
v 0.002100 -0.018032 0.000799
v 0.002100 -0.018032 0.001199
v 0.002100 -0.018032 0.001799
v 0.002100 -0.018032 0.002199
v 0.002100 -0.018032 0.003199
v 0.002100 -0.018032 0.002799
v 0.002100 -0.018032 0.004199
v 0.002100 -0.018032 0.003799
v 0.002100 -0.018032 0.004799
v 0.002100 -0.018032 0.005199
v 0.002100 -0.018032 0.005799
v 0.002100 -0.018032 0.006199
v 0.001100 -0.018039 0.006799
v 0.002100 -0.018032 0.006799
v -0.001100 -0.018061 0.007046
v -0.002463 -0.018065 0.006954
v -0.002100 -0.018064 0.006971
v -0.000500 -0.018063 0.007130
v 0.000449 -0.018061 0.007199
v 0.001102 -0.018056 0.007200
v 0.000500 -0.018060 0.007199
v 0.001100 -0.018056 0.007199
v 0.002100 -0.018048 0.007199
v 0.002687 -0.018027 0.006972
v 0.002103 -0.018048 0.007200
v 0.002190 -0.018065 0.007450
v -0.002961 -0.017757 0.006995
v -0.002500 -0.018065 0.006957
v -0.002496 -0.018065 0.006954
v -0.001100 -0.018065 0.007194
v -0.002100 -0.018065 0.007180
v -0.002100 -0.018065 0.007199
v -0.000500 -0.018065 0.007195
v -0.001100 -0.018065 0.007199
v -0.000500 -0.018065 0.007199
v -0.000472 -0.018065 0.007199
v -0.002961 -0.017757 0.006995
v -0.003000 -0.014111 0.006999
v -0.002260 -0.018028 0.007626
v 0.001966 -0.018027 0.007688
v 0.001970 -0.018027 0.007688
v -0.003691 -0.017822 0.007999
v -0.003691 -0.014111 0.007999
v -0.003575 -0.014111 0.008382
v -0.003691 -0.014111 0.007999
v -0.003311 -0.017822 0.008597
v -0.003385 -0.017822 0.008523
v -0.003401 -0.016554 0.008523
v -0.003273 -0.017822 0.008634
v -0.003575 -0.014111 0.008382
v -0.003247 -0.014111 0.008706
v -0.002922 -0.017822 0.008850
v -0.003192 -0.017822 0.008710
v -0.003238 -0.014219 0.008710
v -0.002761 -0.017822 0.008921
v -0.003247 -0.014111 0.008706
v -0.002756 -0.014111 0.008923
v -0.002177 -0.014111 0.008999
v -0.002756 -0.014111 0.008923
v -0.002177 -0.014111 0.008999
v 0.002176 -0.014111 0.008999
v 0.002755 -0.014111 0.008923
v 0.002177 -0.014111 0.008999
v 0.002756 -0.014111 0.008923
v 0.003247 -0.014111 0.008706
v 0.003414 -0.017822 0.008491
v 0.003190 -0.017822 0.008696
v 0.003255 -0.014287 0.008696
v 0.003519 -0.017822 0.008387
v 0.003247 -0.014111 0.008706
v 0.003575 -0.014111 0.008382
v 0.003651 -0.017822 0.008128
v 0.003526 -0.017822 0.008380
v 0.003576 -0.014139 0.008380
v 0.003690 -0.017822 0.008000
v 0.003690 -0.014111 0.007999
v 0.003690 -0.014111 0.007999
v 0.003690 -0.014111 0.008000
vn -0.0000 -1.0000 -0.0000
vn -0.0000 -0.0000 -1.0000
vn -0.9998 -0.0198 -0.0071
vn 0.9999 -0.0106 -0.0000
vn 0.9802 -0.0109 0.1979
vn 0.0047 -0.0055 1.0000
vn 0.1472 -0.0055 0.9891
vn 0.5977 -0.0058 0.8017
vn 0.8314 -0.0112 0.5555
vn -0.0770 -0.9230 -0.3771
vn -0.1861 -0.3937 -0.9002
vn -0.0813 -0.9228 -0.3767
vn -0.4794 -0.7131 -0.5116
vn -0.4353 -0.3841 -0.8142
vn -0.5878 -0.7062 -0.3948
vn -0.3873 -0.9206 0.0498
vn -0.6552 -0.7138 -0.2475
vn 0.6925 -0.7072 -0.1425
vn 0.1197 -0.9896 -0.0800
vn 0.5879 -0.7071 -0.3928
vn 0.0813 -0.9228 -0.3767
vn 0.4786 -0.7135 -0.5118
vn 0.4164 -0.3856 -0.8234
vn 0.0770 -0.9230 -0.3771
vn 0.1852 -0.3863 -0.9036
vn -0.0000 -0.3849 -0.9230
vn -0.0000 -0.9235 -0.3836
vn -0.5602 -0.8172 -0.1351
vn -0.6923 -0.7075 0.1419
vn -0.5879 -0.7071 0.3928
vn -0.3928 -0.7071 0.5879
vn 0.0498 -0.9206 0.3873
vn -0.2475 -0.7138 0.6552
vn -0.0856 -0.3865 0.9183
vn -0.5558 -0.8313 0.0053
vn 0.6925 -0.7072 0.1425
vn 0.1197 -0.9896 0.0800
vn 0.5879 -0.7071 0.3928
vn 0.2996 -0.8356 0.4605
vn 0.4231 -0.3966 0.8146
vn 0.1974 -0.9235 0.3289
vn 0.0344 -0.7084 0.7050
vn 0.2808 -0.3968 0.8739
vn 0.7071 -0.7071 -0.0000
vn -0.0095 -0.3852 0.9228
vn 0.0096 -0.7075 0.7066
vn -0.0096 -0.9238 0.3828
vn 0.0078 -0.9992 0.0381
vn 0.0013 -1.0000 0.0018
vn -0.1951 -0.0000 -0.9808
vn -0.8314 -0.0112 -0.5555
vn 0.5977 -0.0058 -0.8017
vn 0.1951 -0.0000 -0.9808
vn 0.9802 -0.0109 -0.1979
vn 0.0091 -1.0000 -0.0000
vn -0.2454 -0.0058 0.9694
vn 0.8314 -0.0112 -0.5555
vn -0.8314 -0.0112 0.5555
vn -0.9977 -0.0251 -0.0630
vn -0.9802 -0.0109 0.1979
vn -0.5555 -0.0112 0.8314
vn -0.5977 -0.0058 -0.8017
vn 0.0010 -1.0000 0.0002
vn -0.0005 -1.0000 -0.0002
vn 0.0041 -1.0000 0.0019
vn -0.0024 -1.0000 0.0004
vn 0.0032 -1.0000 0.0002
vn -0.0013 -1.0000 0.0002
vn 0.0009 -1.0000 -0.0002
vn 0.1352 0.0008 0.9908
vn 0.4050 0.0049 0.9143
vn 0.7035 0.0090 0.7106
vn 0.9569 0.0122 0.2901
vn -0.0030 -1.0000 -0.0000
vn 1.0000 -0.0000 -0.0000
vn -0.0000 1.0000 -0.0000
vn -0.9164 0.0075 0.4003
vn -0.6566 0.0126 0.7541
vn -0.3839 0.0073 0.9233
vn -0.1278 0.0010 0.9918
vn -0.0000 -0.0000 1.0000
vn 0.1196 -0.0000 0.9928
vn 0.3996 0.0030 0.9167
vn 0.6722 0.0103 0.7403
vn 0.9181 0.0071 0.3962
vn 0.1266 0.0009 -0.9920
vn 0.3768 0.0055 -0.9263
vn 0.6722 0.0103 -0.7403
vn 0.9182 0.0071 -0.3961
vn -0.1278 0.0010 -0.9918
vn -0.3839 0.0073 -0.9233
vn -0.6566 0.0126 -0.7541
vn -0.9164 0.0075 -0.4003
vn -1.0000 -0.0000 -0.0000
vn 0.4788 -0.7137 0.5112
vn -0.5879 -0.7071 0.3929
vn -0.1824 -0.3882 -0.9033
vn -0.4099 0.0065 -0.9121
vn -0.1320 0.0015 0.9912
vn 0.6926 -0.7072 -0.1420
vn 0.4055 0.0003 -0.9141
vn 0.4788 -0.7137 -0.5112
vn -0.1361 0.0009 -0.9907
vn 0.1303 -0.0000 -0.9915
vn -0.7013 0.0098 -0.7128
vn -0.9415 -0.0069 0.3370
vn -0.4054 0.0072 0.9141
vn 0.9397 0.0061 -0.3418
vn -0.4231 -0.3966 -0.8146
vn 0.6926 -0.7072 0.1420
vn -0.9992 -0.0385 -0.0073
vn 0.4231 -0.3966 -0.8147
vn -0.4788 -0.7137 -0.5112
vn -0.5555 -0.8315 0.0053
vn -0.5882 -0.7077 -0.3914
vn -0.9967 -0.0443 0.0686
vn 0.1813 -0.3894 -0.9030
vn -0.9570 0.0002 -0.2901
vn 0.7035 0.0090 -0.7107
vn 0.0095 -0.7075 0.7066
vn -0.6934 0.0111 0.7204
vn 0.0002 -0.0002 -1.0000
vn -0.0011 0.0015 1.0000
vn -0.0002 0.0003 -1.0000
vn 1.0000 0.0007 -0.0000
vn -1.0000 0.0002 -0.0000
vn 0.0018 -0.0025 1.0000
vn -1.0000 -0.0005 -0.0000
vn 0.0006 -0.0009 1.0000
vn -0.0003 0.0004 -1.0000
vn -0.0001 0.0002 -1.0000
vn -0.0014 0.0020 1.0000
vn -1.0000 0.0006 -0.0000
vn 1.0000 0.0013 -0.0000
vn 0.0005 -0.0008 1.0000
vn 0.0015 -0.0022 -1.0000
vn 1.0000 0.0005 -0.0000
vn 1.0000 0.0008 -0.0000
vn 1.0000 -0.0012 -0.0000
vn 0.0005 -0.0007 1.0000
vn -1.0000 -0.0011 -0.0000
vn 1.0000 -0.0003 -0.0000
vn -1.0000 0.0013 -0.0000
vn 1.0000 0.0012 -0.0000
vn -1.0000 0.0011 -0.0000
vn -1.0000 -0.0003 -0.0000
vn 0.0003 -0.0004 1.0000
vn -0.0000 0.0001 1.0000
vn -0.0002 0.0003 1.0000
vn 0.0002 -0.0003 1.0000
vn 1.0000 -0.0006 -0.0000
vn -1.0000 -0.0007 -0.0000
vn -0.0001 0.0002 1.0000
vn 0.0003 -0.0004 -1.0000
vn -1.0000 -0.0001 -0.0000
vn 0.0002 -0.0003 -1.0000
vn -1.0000 -0.0016 -0.0000
vn 1.0000 0.0003 -0.0000
vn -0.0007 0.0010 1.0000
vn -0.0001 0.0001 -1.0000
vn -0.0003 0.0004 1.0000
vn -0.0010 0.0015 1.0000
vn 0.0015 -0.0021 -1.0000
vn 0.0005 -0.0007 -1.0000
vn -1.0000 0.0005 -0.0000
vn 0.0007 -0.0010 -1.0000
vn -0.0008 0.0011 -1.0000
vn -0.0005 0.0008 1.0000
vn 0.0007 -0.0010 1.0000
vn -0.0000 -0.0001 -1.0000
vn 1.0000 -0.0010 -0.0000
vn -1.0000 0.0007 -0.0000
vn 0.0005 -0.0008 -1.0000
vn -1.0000 0.0009 -0.0000
vn -0.0003 0.0005 -1.0000
vn 0.0001 -0.0001 1.0000
vn 0.0012 -0.0018 1.0000
vn 0.0004 -0.0006 1.0000
vn 0.0013 -0.0019 -1.0000
vn 1.0000 -0.0000 -0.0001
vn -1.0000 -0.0018 -0.0000
vn 1.0000 0.0006 -0.0000
vn 0.0001 -0.0001 -1.0000
vn -1.0000 0.0003 -0.0000
vn 1.0000 0.0001 -0.0000
vn -0.0003 0.0005 1.0000
vn -0.0004 0.0005 1.0000
vn 1.0000 -0.0013 -0.0000
vn 1.0000 -0.0007 -0.0000
vn 0.0006 -0.0008 -1.0000
vn -1.0000 0.0001 -0.0000
vn 0.0004 0.0043 -1.0000
vn -0.0005 0.0007 -1.0000
vn -0.0000 0.0001 -1.0000
vn 0.0010 -0.0014 1.0000
vn 0.0006 -0.0009 -1.0000
vn -0.0002 0.0002 -1.0000
vn -0.0016 0.0023 -1.0000
vn 1.0000 -0.0001 -0.0000
vn -0.0004 0.0006 -1.0000
vn 0.0014 -0.0020 -1.0000
vn -0.0001 0.0001 1.0000
vn 0.0002 -0.0002 1.0000
vn 0.0008 -0.0011 1.0000
vn -0.0006 0.0008 -1.0000
vn -0.0006 0.0009 -1.0000
vn -0.0007 0.0010 -1.0000
vn -1.0000 -0.0010 -0.0000
vn 0.0362 -0.9993 0.0018
vn -0.0194 -0.9998 -0.0000
vn 0.0069 -0.9998 0.0199
vn 0.0068 -1.0000 0.0009
vn 0.0062 -1.0000 0.0007
vn -0.0025 -1.0000 -0.0000
vn -0.0020 -1.0000 -0.0000
vn 0.0011 -1.0000 -0.0000
vn 0.0001 -1.0000 0.0004
vn 0.0073 -1.0000 -0.0000
vn 0.0019 -0.0027 -1.0000
vn -0.5879 -0.7071 -0.3928
vn 0.9800 -0.0100 -0.1986
vn -0.4162 0.0056 0.9092
vn 0.9199 -0.0000 0.3921
vn 0.4384 0.0037 -0.8988
vn -0.9966 -0.0288 0.0768
vn 0.7040 0.0090 -0.7101
vn 0.0041 -1.0000 0.0010
vn -0.0706 -0.9975 -0.0064
vn -0.0698 -0.9943 0.0802
vn -0.0002 -1.0000 -0.0000
vn 0.0046 -1.0000 -0.0073
vn 0.0046 -1.0000 0.0073
vn -0.1863 -0.3883 -0.9025
vn 0.0060 -0.9988 0.0489
vn 0.0009 -1.0000 -0.0038
vn 0.0111 -0.9999 -0.0000
vn -0.0003 -1.0000 -0.0011
vn 0.8313 -0.0128 -0.5556
vn -0.0034 -1.0000 -0.0038
vn -0.0000 -0.9997 0.0257
vn 0.0009 -0.9996 -0.0290
vn -0.0000 -1.0000 -0.0004
vn -0.9999 -0.0107 -0.0076
vn -0.9996 -0.0286 -0.0028
vn 0.1853 -0.3867 -0.9034
vn -0.1424 -0.0000 0.9898
vn -0.9969 -0.0383 0.0693
vn -0.6841 0.0114 -0.7293
vn -0.9177 0.0083 -0.3971
vn 0.4236 -0.3886 -0.8182
vn 0.0111 -0.9999 0.0109
vn -0.4231 -0.3966 -0.8147
vn 1.0000 -0.0015 0.0016
vn -0.9388 0.0064 0.3445
vn 1.0000 0.0001 0.0001
vn -0.4659 -0.8848 0.0025
vn -0.3836 -0.9235 -0.0000
vn 0.0076 -0.9975 -0.0707
vn 0.6330 -0.0205 -0.7739
vn -0.9992 -0.0403 -0.0073
vn -0.8311 -0.0195 -0.5558
vn 0.1869 -0.3869 -0.9030
vn 0.0010 -1.0000 -0.0012
vn 0.0002 -1.0000 0.0004
vn -0.0007 -1.0000 0.0006
vn -0.0013 -1.0000 0.0014
vn -0.0014 -1.0000 0.0011
vn 0.0757 -0.9970 0.0131
vn 0.0077 -0.9990 0.0443
vn 0.4790 -0.7147 -0.5097
vn -1.0000 0.0021 -0.0000
vt 0.625000 0.500000
vt 0.625000 0.750000
vt 0.875000 0.750000
vt 0.875000 0.500000
vt 0.395833 0.541667
vt 0.542603 0.541667
vt 0.542603 0.708333
vt 0.395833 0.708333
vt 0.395833 0.291667
vt 0.542604 0.291667
vt 0.542604 0.291668
vt 0.395839 0.291668
vt 0.395838 0.291669
vt 0.395838 0.291670
vt 0.395838 0.359218
vt 0.395833 0.359085
vt 0.395833 0.791667
vt 0.542603 0.791667
vt 0.542603 0.958333
vt 0.395833 0.958333
vt 0.395833 0.945881
vt 0.395833 0.958333
vt 0.542603 0.958333
vt 0.542603 0.974278
vt 0.395833 0.974278
vt 0.395833 0.041667
vt 0.542603 0.041667
vt 0.542604 0.208333
vt 0.395833 0.208333
vt 0.395833 0.025722
vt 0.542603 0.025722
vt 0.395833 0.041667
vt 0.395833 0.000000
vt 0.542603 0.000000
vt 0.395833 0.025722
vt 0.395833 0.974278
vt 0.542603 0.974278
vt 0.542603 1.000000
vt 0.395833 1.000000
vt 0.364262 0.541125
vt 0.363712 0.527332
vt 0.373868 0.525503
vt 0.374980 0.541672
vt 0.387856 0.541668
vt 0.386895 0.525662
vt 0.386896 0.525662
vt 0.386896 0.525665
vt 0.387857 0.541668
vt 0.387857 0.541668
vt 0.360720 0.514280
vt 0.370875 0.504125
vt 0.370882 0.504125
vt 0.370888 0.504138
vt 0.386894 0.525657
vt 0.366772 0.485455
vt 0.376982 0.484603
vt 0.376984 0.484612
vt 0.366782 0.485465
vt 0.366782 0.485468
vt 0.363889 0.485143
vt 0.336628 0.507986
vt 0.334565 0.499401
vt 0.367084 0.481949
vt 0.374681 0.459285
vt 0.378042 0.473631
vt 0.377114 0.483029
vt 0.374681 0.790715
vt 0.367086 0.768048
vt 0.377117 0.766968
vt 0.384610 0.791246
vt 0.352815 0.743013
vt 0.353654 0.727399
vt 0.360569 0.734748
vt 0.366775 0.764541
vt 0.370882 0.745867
vt 0.380974 0.745898
vt 0.376985 0.765393
vt 0.363573 0.721689
vt 0.373871 0.724494
vt 0.373874 0.724499
vt 0.370888 0.745854
vt 0.370888 0.745858
vt 0.380973 0.745889
vt 0.392450 0.745924
vt 0.392447 0.745914
vt 0.392450 0.745922
vt 0.364119 0.707797
vt 0.374980 0.708328
vt 0.386898 0.724334
vt 0.387856 0.708332
vt 0.387858 0.708332
vt 0.386899 0.724329
vt 0.386899 0.724334
vt 0.390036 0.708332
vt 0.390036 0.541668
vt 0.212831 0.465254
vt 0.254619 0.410124
vt 0.191760 0.474020
vt 0.180395 0.488263
vt 0.387225 0.292253
vt 0.367523 0.305516
vt 0.318232 0.349478
vt 0.322155 0.350287
vt 0.299900 0.350454
vt 0.266140 0.388548
vt 0.288610 0.349847
vt 0.296796 0.340609
vt 0.315668 0.351052
vt 0.243862 0.410314
vt 0.283207 0.355125
vt 0.316774 0.337416
vt 0.310999 0.334582
vt 0.308980 0.325194
vt 0.314109 0.325023
vt 0.199705 0.481811
vt 0.185094 0.487716
vt 0.299036 0.315833
vt 0.371938 0.212667
vt 0.338358 0.277969
vt 0.311544 0.320753
vt 0.327274 0.324759
vt 0.351498 0.278125
vt 0.389530 0.209162
vt 0.395833 0.208333
vt 0.167272 0.500000
vt 0.234200 0.500000
vt 0.176957 0.492614
vt 0.375000 0.973056
vt 0.375000 0.958927
vt 0.384742 0.958596
vt 0.384742 0.973730
vt 0.153226 0.721774
vt 0.159834 0.726224
vt 0.147311 0.727689
vt 0.156477 0.733912
vt 0.142935 0.737107
vt 0.140712 0.735598
vt 0.387861 0.999463
vt 0.384742 0.993834
vt 0.384742 0.975164
vt 0.387861 0.974816
vt 0.141134 0.718476
vt 0.139403 0.734287
vt 0.133707 0.731840
vt 0.129049 0.725129
vt 0.387861 0.025184
vt 0.387861 0.010507
vt 0.390039 0.025331
vt 0.125124 0.708920
vt 0.128085 0.722899
vt 0.375000 0.041073
vt 0.375000 0.026944
vt 0.382658 0.035618
vt 0.384742 0.041404
vt 0.392608 0.035351
vt 0.390039 0.025964
vt 0.375000 0.957728
vt 0.375000 0.792272
vt 0.384742 0.791934
vt 0.387861 0.791826
vt 0.387861 0.945745
vt 0.384742 0.958066
vt 0.387861 0.041826
vt 0.390039 0.208218
vt 0.387861 0.109116
vt 0.384742 0.041934
vt 0.146981 0.705122
vt 0.187239 0.564215
vt 0.186888 0.565786
vt 0.147053 0.704946
vt 0.467618 0.281250
vt 0.467618 0.281252
vt 0.467614 0.281247
vt 0.542964 0.525722
vt 0.395833 0.541667
vt 0.394952 0.525722
vt 0.545526 0.483910
vt 0.543990 0.504068
vt 0.392443 0.504068
vt 0.388690 0.483918
vt 0.388690 0.483910
vt 0.542962 0.724275
vt 0.543987 0.745924
vt 0.392451 0.745924
vt 0.394955 0.724275
vt 0.542963 0.724275
vt 0.394955 0.724275
vt 0.395833 0.708333
vt 0.545525 0.766087
vt 0.542605 0.791657
vt 0.395837 0.791657
vt 0.395834 0.791650
vt 0.388696 0.766087
vt 0.000000 0.000000
vt 0.000008 0.000004
vt 0.000002 0.000002
vt 0.542604 0.208333
vt 0.570644 0.324759
vt 0.388696 0.766087
vt 0.388695 0.766075
vt 0.392451 0.745924
vt 0.569616 0.337401
vt 0.568082 0.351538
vt 0.333538 0.351538
vt 0.329788 0.337401
vt 0.542603 0.458333
vt 0.545526 0.483910
vt 0.388690 0.483910
vt 0.391582 0.473558
vt 0.399556 0.458333
vt 0.395833 0.291667
vt 0.329788 0.337401
vt 0.327274 0.324759
vt 0.394952 0.525722
vt 0.095924 0.051283
vt 0.095895 0.051268
vt 0.064488 0.036229
vt 0.064457 0.036213
vt 0.064488 0.036230
vt 0.051656 0.034172
vt 0.051624 0.034154
vt 0.051675 0.034188
vt 0.069996 0.050298
vt 0.000022 0.000015
vt 0.070074 0.050355
vt 0.468311 0.269296
vt 0.468299 0.269280
vt 0.468315 0.269291
vt 0.470284 0.259150
vt 0.470274 0.259140
vt 0.470303 0.259153
vt 0.473247 0.252369
vt 0.473245 0.252368
vt 0.473277 0.252379
vt 0.476752 0.249990
vt 0.476785 0.250000
vt 0.380345 0.311715
vt 0.413971 0.324937
vt 0.378315 0.288373
vt 0.371693 0.198717
vt 0.371696 0.397434
vt 0.408405 0.436025
vt 0.417495 0.483992
vt 0.402642 0.474689
vt 0.458255 0.487230
vt 0.444871 0.495695
vt 0.465651 0.478251
vt 0.447322 0.479880
vt 0.467619 0.468750
vt 0.447971 0.468750
vt 0.447967 0.468816
vt 0.467453 0.468808
vt 0.447323 0.479857
vt 0.000002 0.000002
vt 0.000003 0.000003
vt 0.437976 0.468750
vt 0.437974 0.281250
vt 0.843750 0.625000
vt 0.867184 0.632720
vt 0.875000 0.625000
vt 0.589030 0.476556
vt 0.525023 0.444191
vt 0.381684 0.333980
vt 0.401765 0.301325
vt 0.437883 0.250000
vt 0.437951 0.269291
vt 0.437999 0.480709
vt 0.438064 0.500000
vt 0.422120 0.508391
vt 0.418384 0.513987
vt 0.440283 0.502716
vt 0.469674 0.519425
vt 0.625000 0.625000
vt 0.653707 0.632720
vt 0.656250 0.625000
vt 0.015004 0.011037
vt 0.086061 0.061472
vt 0.011485 0.011037
vt 0.061473 0.061473
vt 0.063413 0.067903
vt 0.095925 0.102567
vt 0.121545 0.124791
vt 0.095224 0.096789
vt 0.070580 0.070485
vt 0.051262 0.050296
vt 0.051241 0.050274
vt 0.040982 0.039662
vt 0.040920 0.039599
vt 0.039051 0.024618
vt 0.039051 0.024618
vt 0.039051 0.024618
vt 0.047667 0.029132
vt 0.055196 0.033142
vt 0.059104 0.035224
vt 0.061100 0.036287
vt 0.064950 0.038338
vt 0.065381 0.038573
vt 0.079676 0.046321
vt 0.088171 0.050988
vt 0.088428 0.051129
vt 0.119052 0.068226
vt 0.371693 0.198717
vt 0.408402 0.218342
vt 0.467617 0.250000
vt 0.136872 0.736399
vt 0.559266 0.414271
vt 0.434984 0.414271
vt 0.295802 0.337458
vt 0.305976 0.346948
vt 0.324177 0.367799
vt 0.387861 0.208174
vt 0.320715 0.351243
vt 0.389096 0.525678
vt 0.390036 0.541668
vt 0.412172 0.328093
vt 0.608996 0.434997
vt 0.332696 0.367187
vt 0.324692 0.367762
vt 0.116517 0.126498
vt 0.332394 0.367208
vt 0.380328 0.766622
vt 0.387788 0.791416
vt 0.380325 0.483375
vt 0.387161 0.209474
vt 0.447908 0.250000
vt 0.404003 0.273346
vt 0.404484 0.273090
vt 0.466054 0.249601
vt 0.447102 0.250429
vt 0.271855 0.152807
vt 0.350692 0.196975
vt 0.380192 0.214968
vt 0.406428 0.234474
vt 0.406969 0.235021
vt 0.417846 0.245935
vt 0.422930 0.251162
vt 0.423187 0.251421
vt 0.423228 0.251483
vt 0.428809 0.259132
vt 0.430341 0.262086
vt 0.430355 0.262107
vt 0.429872 0.427410
vt 0.429871 0.427410
vt 0.429871 0.427413
vt 0.422188 0.425881
vt 0.404945 0.415242
vt 0.404201 0.414605
vt 0.380521 0.394400
vt 0.379137 0.393220
vt 0.378112 0.392208
vt 0.351943 0.366403
vt 0.350190 0.364676
vt 0.121550 0.124796
vt 0.387861 0.958174
vt 0.380025 0.737246
vt 0.384200 0.745899
vt 0.579857 0.423109
vt 0.580302 0.423291
vt 0.108769 0.077743
vt 0.608056 0.434614
vt 0.434985 0.414272
vt 0.387861 0.000537
vt 0.434997 0.434997
vt 0.338177 0.370820
vt 0.086602 0.093018
vt 0.432043 0.433039
vt 0.447969 0.281250
vt 0.448189 0.269291
vt 0.387861 0.041511
vt 0.385289 0.512812
vt 0.384198 0.504084
vt 0.389096 0.525678
vt 0.387861 0.958490
vt 0.387861 0.973945
vt 0.399556 0.458333
vt 0.395839 0.458333
vt 0.395838 0.458328
vt 0.395871 0.360092
vt 0.395871 0.458298
vt 0.399555 0.458297
vt 0.387861 0.026055
vt 0.390204 0.737191
vt 0.386899 0.724340
vt 0.389099 0.724318
vt 0.380967 0.504094
vt 0.332728 0.500000
vt 0.332549 0.500011
vt 0.213022 0.465407
vt 0.380251 0.484331
vt 0.380253 0.484339
vt 0.171638 0.494474
vt 0.447969 0.281252
vt 0.292960 0.325729
vt 0.315548 0.322327
vt 0.138600 0.738129
vt 0.384205 0.745908
vt 0.380254 0.765666
vt 0.391579 0.473564
vt 0.395833 0.458333
vt 0.395838 0.458333
vt 0.395830 0.458349
vt 0.395830 0.458350
vt 0.375000 0.976250
vt 0.389099 0.724318
vt 0.389173 0.723065
vt 0.394138 0.711173
vt 0.389862 0.711299
vt 0.559306 0.414288
vt 0.019247 0.014135
vt 0.579738 0.423058
vt 0.447971 0.254297
vt 0.454886 0.260888
vt 0.448066 0.260887
vt 0.375000 0.042272
vt 0.437171 0.423109
vt 0.406018 0.250000
vt 0.406036 0.250000
vt 0.406953 0.000000
vt 0.406935 0.000000
vt 0.406935 0.750000
vt 0.406953 0.750000
vt 0.406953 0.749980
vt 0.406036 0.500000
vt 0.406018 0.500000
vt 0.406018 0.250000
vt 0.406036 0.250000
vt 0.406953 0.000020
vt 0.406290 1.000000
vt 0.406306 1.000000
vt 0.408419 0.750000
vt 0.408401 0.750000
vt 0.408951 0.250000
vt 0.408969 0.250000
vt 0.409886 0.000000
vt 0.409868 0.000000
vt 0.407485 0.500000
vt 0.407503 0.500000
vt 0.407503 0.250000
vt 0.407485 0.250000
vt 0.409868 1.000000
vt 0.409886 1.000000
vt 0.408108 0.750000
vt 0.408088 0.750000
vt 0.409868 0.750000
vt 0.409886 0.750000
vt 0.408969 0.500000
vt 0.408951 0.500000
vt 0.409886 0.750000
vt 0.405652 0.250000
vt 0.405670 0.250000
vt 0.405670 0.000000
vt 0.405652 0.000000
vt 0.406953 0.000020
vt 0.406935 0.000000
vt 0.409886 0.750000
vt 0.408969 0.500000
vt 0.407503 0.500000
vt 0.407503 0.250000
vt 0.408401 1.000000
vt 0.408419 1.000000
vt 0.408419 0.750000
vt 0.408401 0.750000
vt 0.407485 0.500000
vt 0.407503 0.500000
vt 0.407503 0.250000
vt 0.406578 0.750000
vt 0.406597 0.750000
vt 0.406597 0.749978
vt 0.405670 0.500000
vt 0.405652 0.500000
vt 0.407503 0.250000
vt 0.408419 0.000020
vt 0.408419 0.000000
vt 0.408401 0.000000
vt 0.408951 0.250000
vt 0.408969 0.250000
vt 0.405861 0.392677
vt 0.406953 0.000020
vt 0.406935 0.000000
vt 0.406953 0.750000
vt 0.406953 0.749980
vt 0.406018 0.500000
vt 0.407808 1.000000
vt 0.407824 1.000000
vt 0.406935 1.000000
vt 0.406953 1.000000
vt 0.408969 0.250000
vt 0.408951 0.466049
vt 0.405670 0.250000
vt 0.405670 0.243016
vt 0.409886 1.000000
vt 0.409886 1.000000
vt 0.406953 0.749980
vt 0.406036 0.500000
vt 0.408951 0.466049
vt 0.406875 0.250000
vt 0.406859 0.250000
vt 0.408401 1.000000
vt 0.408419 1.000000
vt 0.409886 0.750000
vt 0.408951 0.500000
vt 0.408969 0.500000
vt 0.409886 1.000000
vt 0.406953 0.000020
vt 0.406935 1.000000
vt 0.406060 0.829533
vt 0.408419 0.000000
vt 0.408419 1.000000
vt 0.408419 0.750000
vt 0.406036 0.500000
vt 0.408419 0.749979
vt 0.406953 0.000020
vt 0.406953 0.000000
vt 0.406935 0.000000
vt 0.409886 0.000021
vt 0.409886 0.000000
vt 0.405652 0.500000
vt 0.405670 0.500000
vt 0.405670 0.487876
vt 0.409886 0.000000
vt 0.406953 0.749980
vt 0.408108 0.749977
vt 0.407164 0.500000
vt 0.407144 0.500000
vt 0.409886 0.000000
vt 0.408969 0.250000
vt 0.408419 0.750000
vt 0.406953 0.000020
vt 0.406953 0.749980
vt 0.405652 0.750000
vt 0.405670 0.750000
vt 0.405670 0.749980
vt 0.405968 0.293095
vt 0.409886 1.000000
vt 0.408401 0.000000
vt 0.408419 0.000000
vt 0.408401 0.000000
vt 0.406953 1.000000
vt 0.406953 0.000020
vt 0.409886 0.000000
vt 0.406935 1.000000
vt 0.406935 0.750000
vt 0.406953 1.000000
vt 0.406935 1.000000
vt 0.406952 0.000327
vt 0.406953 0.749980
vt 0.407503 0.500000
vt 0.409886 0.750000
vt 0.406953 0.749980
vt 0.406953 1.000000
vt 0.406953 0.750000
vt 0.406953 0.000020
vt 0.406953 0.000020
vt 0.406953 0.000000
vt 0.405652 1.000000
vt 0.405670 1.000000
vt 0.405670 0.996529
vt 0.408401 1.000000
vt 0.407824 0.000000
vt 0.407808 0.000000
vt 0.147025 0.705162
vt 0.167837 0.653995
vt 0.167883 0.653881
vt 0.160930 0.707964
vt 0.170766 0.702826
vt 0.356582 0.718961
vt 0.347467 0.732510
vt 0.335893 0.732593
vt 0.169601 0.728042
vt 0.160909 0.708099
vt 0.153307 0.721702
vt 0.175887 0.652895
vt 0.186595 0.651304
vt 0.180994 0.700634
vt 0.186561 0.700243
vt 0.192765 0.650858
vt 0.201042 0.650817
vt 0.194289 0.700143
vt 0.199236 0.700230
vt 0.206148 0.651036
vt 0.213437 0.651565
vt 0.206501 0.700469
vt 0.211277 0.700672
vt 0.218139 0.651996
vt 0.225054 0.652695
vt 0.218383 0.701011
vt 0.223092 0.701253
vt 0.229599 0.653188
vt 0.236352 0.653950
vt 0.230129 0.701630
vt 0.234807 0.701887
vt 0.349932 0.712428
vt 0.351890 0.670209
vt 0.344805 0.668902
vt 0.336096 0.641595
vt 0.336365 0.599088
vt 0.345594 0.600964
vt 0.345542 0.643540
vt 0.352182 0.644627
vt 0.357097 0.707527
vt 0.352203 0.601883
vt 0.330782 0.597862
vt 0.323139 0.596095
vt 0.318408 0.594965
vt 0.317156 0.638030
vt 0.322197 0.638937
vt 0.334097 0.666683
vt 0.329003 0.665768
vt 0.309951 0.636769
vt 0.311678 0.593329
vt 0.307361 0.592270
vt 0.301052 0.590716
vt 0.296924 0.589696
vt 0.290813 0.588185
vt 0.286776 0.587187
vt 0.280758 0.585702
vt 0.276765 0.584714
vt 0.270791 0.583240
vt 0.266815 0.582259
vt 0.260852 0.580792
vt 0.256873 0.579812
vt 0.250890 0.578340
vt 0.246887 0.577355
vt 0.240849 0.575872
vt 0.236791 0.574874
vt 0.230629 0.573356
vt 0.226451 0.572323
vt 0.220019 0.570719
vt 0.215567 0.569599
vt 0.208468 0.567829
vt 0.203265 0.566636
vt 0.194214 0.565148
vt 0.188441 0.564376
vt 0.198502 0.530687
vt 0.203045 0.531580
vt 0.211057 0.534749
vt 0.215496 0.536759
vt 0.221742 0.539276
vt 0.225775 0.540721
vt 0.231708 0.542695
vt 0.235607 0.543935
vt 0.241397 0.545733
vt 0.245228 0.546908
vt 0.250943 0.548647
vt 0.254739 0.549797
vt 0.260418 0.551514
vt 0.264199 0.552657
vt 0.269867 0.554368
vt 0.273647 0.555508
vt 0.279325 0.557222
vt 0.283118 0.558366
vt 0.288829 0.560089
vt 0.292656 0.561242
vt 0.298441 0.562982
vt 0.302337 0.564153
vt 0.304328 0.519664
vt 0.309574 0.521757
vt 0.308274 0.565928
vt 0.312321 0.567126
vt 0.318603 0.568955
vt 0.323007 0.570200
vt 0.330165 0.572116
vt 0.335522 0.573421
vt 0.344862 0.575360
vt 0.349660 0.576020
vt 0.352130 0.600706
vt 0.351801 0.576314
vt 0.351899 0.576327
vt 0.357341 0.540803
vt 0.349365 0.534173
vt 0.348905 0.534099
vt 0.337754 0.517530
vt 0.344048 0.533319
vt 0.339877 0.532649
vt 0.331822 0.530263
vt 0.327730 0.528815
vt 0.322072 0.526680
vt 0.318441 0.525267
vt 0.313096 0.523158
vt 0.300847 0.518271
vt 0.295643 0.516187
vt 0.292181 0.514799
vt 0.286997 0.512721
vt 0.283545 0.511336
vt 0.278370 0.509260
vt 0.274922 0.507877
vt 0.269750 0.505800
vt 0.266303 0.504415
vt 0.261129 0.502335
vt 0.257679 0.500945
vt 0.252499 0.498853
vt 0.249043 0.497451
vt 0.243852 0.495328
vt 0.240387 0.493892
vt 0.235187 0.491676
vt 0.231726 0.490122
vt 0.226597 0.487513
vt 0.223353 0.485290
vt 0.220336 0.478483
vt 0.220873 0.473452
vt 0.222105 0.463711
vt 0.221525 0.467334
vt 0.221586 0.466764
vt 0.230741 0.439285
vt 0.230553 0.439595
vt 0.221233 0.464105
vt 0.336516 0.515783
vt 0.356738 0.529501
vt 0.356821 0.529515
vt 0.181904 0.620433
vt 0.191955 0.620006
vt 0.197916 0.620062
vt 0.258619 0.656573
vt 0.253474 0.702947
vt 0.258136 0.703216
vt 0.246479 0.702546
vt 0.251959 0.655777
vt 0.251355 0.655705
vt 0.263059 0.657107
vt 0.205989 0.620547
vt 0.210968 0.621041
vt 0.269727 0.657914
vt 0.265133 0.703623
vt 0.269801 0.703896
vt 0.274181 0.658457
vt 0.222626 0.622553
vt 0.229318 0.623545
vt 0.233711 0.624220
vt 0.280886 0.659274
vt 0.276814 0.704308
vt 0.281498 0.704585
vt 0.285379 0.659826
vt 0.244548 0.625935
vt 0.250996 0.626973
vt 0.255279 0.627673
vt 0.292168 0.660666
vt 0.288544 0.705004
vt 0.293260 0.705288
vt 0.296741 0.661239
vt 0.261700 0.628719
vt 0.265980 0.629419
vt 0.272409 0.630476
vt 0.276707 0.631191
vt 0.303703 0.662128
vt 0.300374 0.705725
vt 0.305154 0.706027
vt 0.308437 0.662740
vt 0.283179 0.632256
vt 0.287524 0.632982
vt 0.315759 0.663734
vt 0.312413 0.706509
vt 0.317345 0.706865
vt 0.320854 0.664471
vt 0.298537 0.634826
vt 0.305316 0.635973
vt 0.325014 0.707520
vt 0.330504 0.708122
vt 0.334931 0.666840
vt 0.330274 0.640450
vt 0.340525 0.709884
vt 0.294098 0.634078
vt 0.240232 0.625246
vt 0.218061 0.621919
vt 0.406953 0.749980
vt 0.406953 0.000020
vt 0.406953 0.000000
vt 0.625000 0.250000
vt 0.625000 0.000000
vt 0.405670 0.262165
vt 0.625000 1.000000
vt 0.406306 0.000000
vt 0.406258 0.012700
vt 0.406290 0.000000
vt 0.406143 0.904409
vt 0.395833 0.791667
vt 0.388691 0.766087
vt 0.466030 0.249594
vt 0.404471 0.273245
vt 0.420122 0.266217
vt 0.447047 0.250533
vt 0.388689 0.483910
vt 0.454878 0.260884
vt 0.447939 0.254285
vt 0.448008 0.256510
vt 0.448109 0.260877
vt 0.095925 0.102567
vt 0.060746 0.059281
vt 0.107073 0.104491
vt 0.107093 0.104513
vt 0.360516 0.364234
vt 0.384761 0.386829
vt 0.405315 0.401337
vt 0.419048 0.405260
vt 0.423870 0.398585
vt 0.423867 0.281257
vt 0.423867 0.281256
vt 0.423867 0.281255
vt 0.419045 0.266846
vt 0.405311 0.248741
vt 0.384757 0.230282
vt 0.360512 0.213990
vt 0.406869 0.229576
vt 0.107091 0.104509
vt 0.360513 0.364226
vt 0.384758 0.386820
vt 0.405312 0.401327
vt 0.419046 0.405249
vt 0.423868 0.398575
vt 0.336407 0.515671
vt 0.221315 0.463886
vt 0.244385 0.424565
vt 0.239854 0.434606
vt 0.220904 0.464475
vt 0.336279 0.515577
vt 0.347761 0.515903
vt 0.353908 0.521092
vt 0.175306 0.617597
vt 0.174667 0.620454
vt 0.247513 0.655249
vt 0.241814 0.702281
vt 0.240828 0.654465
vt 0.040920 0.039599
vt 0.121552 0.124797
vt 0.095226 0.096789
vt 0.070581 0.070486
vt 0.051262 0.050296
vt 0.129939 0.129939
vt 0.082056 0.081538
vt 0.041734 0.040701
vt 0.388691 0.766087
vt 0.392450 0.745924
vt 0.000010 0.000005
vt 0.187307 0.564224
vt 0.195792 0.530155
vt 0.195690 0.530135
vt 0.542551 0.458298
vt 0.542551 0.291734
vt 0.408297 0.716703
vt 0.542546 0.291731
vt 0.542547 0.458295
vt 0.400389 0.458295
vt 0.395866 0.458295
vt 0.395867 0.360089
vt 0.389162 0.723122
vt 0.387544 0.723097
vt 0.389852 0.711343
vt 0.394129 0.711201
vt 0.405857 0.359904
vt 0.580368 0.423344
vt 0.589794 0.427386
vt 0.608159 0.434701
vt 0.108800 0.077765
vt 0.559102 0.414134
vt 0.563829 0.415594
vt 0.579761 0.423073
vt 0.019266 0.014148
vt 0.409886 0.749979
vt 0.405670 0.252432
vt 0.336479 0.507922
vt 0.169613 0.728024
vt 0.153296 0.721740
vt 0.158295 0.710817
vt 0.395833 0.458333
vt 0.388689 0.483910
vt 0.387553 0.723058
vt 0.350191 0.364675
vt 0.379138 0.393220
vt 0.422189 0.425879
vt 0.404947 0.415241
vt 0.095926 0.051286
vt 0.371695 0.198722
vt 0.371710 0.198731
vt 0.107091 0.067251
vt 0.082846 0.053338
vt 0.062292 0.041653
vt 0.048558 0.033685
vt 0.043736 0.031235
vt 0.043736 0.038912
vt 0.043738 0.038914
vt 0.043739 0.038915
vt 0.048561 0.044199
vt 0.062294 0.058259
vt 0.082848 0.079541
vt 0.060746 0.059281
vt 0.048558 0.044196
vt 0.062292 0.058256
vt 0.082846 0.079537
vt 0.169735 0.728162
vt 0.405670 0.753468
s 0
usemtl Connector-Material
f 340/313/255 339/314/255 337/315/255 338/316/255
f 344/313/255 343/314/255 341/315/255 342/316/255
f 348/313/255 347/314/255 345/315/255 346/316/255
f 352/313/255 351/314/255 349/315/255 350/316/255
f 356/313/255 355/314/255 353/315/255 354/316/255
f 360/313/255 359/314/255 357/315/255 358/316/255
f 364/313/255 363/314/255 361/315/255 362/316/255
f 368/313/255 367/314/255 365/315/255 366/316/255
f 372/313/255 371/314/255 369/315/255 370/316/255
f 376/313/255 375/314/255 373/315/255 374/316/255
f 380/313/255 379/314/255 377/315/255 378/316/255
f 384/313/255 383/314/255 381/315/255 382/316/255
f 388/313/255 387/314/255 385/315/255 386/316/255
f 392/313/255 391/314/255 389/315/255 390/316/255
f 396/313/255 395/314/255 393/315/255 394/316/255
f 400/313/255 399/314/255 397/315/255 398/316/255
f 404/313/255 403/314/255 401/315/255 402/316/255
f 408/313/255 407/314/255 405/315/255 406/316/255
f 412/313/255 411/314/255 409/315/255 410/316/255
f 416/313/255 415/314/255 413/315/255 414/316/255
f 420/313/255 419/314/255 417/315/255 418/316/255
f 424/313/255 423/314/255 421/315/255 422/316/255
f 428/313/255 427/314/255 425/315/255 426/316/255
f 432/313/255 431/314/255 429/315/255 430/316/255
f 436/313/255 435/314/255 433/315/255 434/316/255
f 440/313/255 439/314/255 437/315/255 438/316/255
f 444/313/255 443/314/255 441/315/255 442/316/255
f 448/313/255 447/314/255 445/315/255 446/316/255
f 452/313/255 451/314/255 449/315/255 450/316/255
f 456/313/255 455/314/255 453/315/255 454/316/255
f 460/313/255 459/314/255 457/315/255 458/316/255
f 464/313/255 463/314/255 461/315/255 462/316/255
f 468/313/255 467/314/255 465/315/255 466/316/255
f 472/313/255 471/314/255 469/315/255 470/316/255
f 476/313/255 475/314/255 473/315/255 474/316/255
f 480/313/255 479/314/255 477/315/255 478/316/255
f 484/313/255 483/314/255 481/315/255 482/316/255
f 488/313/255 487/314/255 485/315/255 486/316/255
f 492/313/255 491/314/255 489/315/255 490/316/255
f 496/313/255 495/314/255 493/315/255 494/316/255
f 500/313/255 499/314/255 497/315/255 498/316/255
f 504/313/255 503/314/255 501/315/255 502/316/255
f 508/313/255 507/314/255 505/315/255 506/316/255
f 512/313/255 511/314/255 509/315/255 510/316/255
f 516/313/255 515/314/255 513/315/255 514/316/255
f 520/313/255 519/314/255 517/315/255 518/316/255
f 524/313/255 523/314/255 521/315/255 522/316/255
f 528/313/255 527/314/255 525/315/255 526/316/255
f 532/317/256 586/318/256 584/319/256 542/320/256
f 557/321/257 591/322/257 1233/323/257 1232/324/257 1222/325/257 1000/326/257 999/327/257 684/328/257
f 545/329/258 576/330/258 575/331/258 565/332/258 682/333/258
f 565/334/259 575/335/259 578/336/259 569/337/259
f 567/338/260 583/339/260 585/340/260 554/341/260
f 573/342/261 582/343/261 583/339/261 567/344/261
f 571/345/262 581/346/262 582/343/262 573/347/262
f 569/348/263 578/349/263 581/350/263 571/351/263
f 531/352/264 538/353/264 540/354/264 533/355/264
f 533/356/265 540/357/265 946/358/265 945/359/265 936/360/265 937/361/265
f 538/353/266 536/362/266 540/354/266
f 540/357/267 536/363/267 957/364/267 947/365/267 948/366/267
f 540/357/268 948/366/268 946/358/268
f 536/363/269 534/367/269 678/368/269 982/369/269 983/370/269 976/371/269 957/364/269
f 534/372/270 529/373/270 530/374/270
f 534/375/271 530/376/271 679/377/271 678/378/271
f 544/379/272 551/380/272 677/381/272 681/382/272
f 551/383/273 546/384/273 549/385/273
f 551/386/274 549/387/274 676/388/274 677/389/274
f 549/387/275 546/390/275 548/391/275
f 549/387/276 548/391/276 944/392/276 943/393/276 951/394/276 952/395/276 676/388/276
f 550/396/277 950/397/277 953/398/277
f 546/390/278 541/399/278 543/400/278 548/391/278
f 548/401/279 543/402/279 940/403/279 941/404/279 942/405/279
f 532/317/280 542/320/280 670/406/280 668/407/280
f 533/355/281 543/400/281 541/399/281 531/352/281
f 556/408/282 562/409/282 686/410/282 683/411/282
f 557/412/283 686/413/283 687/414/283 563/415/283
f 562/416/284 560/417/284 690/418/284 689/419/284
f 562/416/284 689/419/284 687/420/284
f 560/417/285 558/421/285 700/422/285 690/418/285
f 561/423/285 700/424/285 699/425/285 559/426/285
f 558/421/286 553/427/286 555/428/286
f 558/429/287 555/430/287 701/431/287 699/432/287
f 559/433/288 701/434/288 702/435/288 554/436/288
f 557/437/289 684/438/289 683/439/289
f 568/440/290 564/441/290 685/442/290 688/443/290
f 572/444/291 568/445/291 570/446/291
f 570/446/292 568/447/292 692/448/292 691/449/292
f 571/450/292 692/451/292 688/452/292 569/453/292
f 572/454/293 570/446/293 691/455/293 693/456/293 574/457/293
f 574/458/294 693/459/294 709/460/294
f 566/461/295 572/454/295 574/462/295
f 566/463/296 574/464/296 708/465/296 704/466/296
f 567/344/297 708/467/297 709/468/297 573/342/297
f 564/469/298 544/470/298 681/471/298 545/472/298 682/473/298 685/474/298
f 567/475/299 554/341/299 702/476/299 703/477/299
f 567/475/300 703/477/300 704/478/300
f 566/479/301 555/428/301 553/427/301
f 553/427/302 896/480/302 1231/481/302 1235/482/302 566/479/302
f 600/483/303 1238/484/303 1240/485/303
f 587/486/304 586/318/304 532/487/304 539/488/304
f 589/489/305 588/490/305 537/491/305 980/492/305 981/493/305
f 579/494/306 580/495/306 954/496/306 953/398/306 547/497/306
f 584/319/307 579/498/307 547/499/307 542/500/307
f 577/501/308 988/502/308 989/503/308 986/504/308 979/505/308
f 613/506/309 596/506/309 1271/507/309 927/506/309 931/508/309
f 585/509/310 594/510/310 559/433/310 554/436/310
f 580/495/311 577/501/311 979/511/311 955/512/311 954/513/311
f 593/514/312 592/515/312 563/516/312 561/517/312
f 590/518/313 589/519/313 981/520/313 984/521/313 680/522/313
f 592/515/314 591/322/314 557/523/314 563/516/314
f 594/510/315 593/514/315 561/524/315 559/525/315
f 588/490/316 587/486/316 539/526/316 537/491/316
f 595/527/317 1258/528/317 1257/529/317 1259/530/317 597/531/317
f 597/531/318 1259/530/318 1260/532/318 1265/533/318 598/534/318
f 598/534/319 1265/533/319 1266/535/319 1273/536/319 596/506/319 599/537/319
f 600/483/320 1240/485/320 1239/538/320 1245/539/320 603/540/320
f 603/540/321 1245/539/321 1246/541/321 1251/542/321 604/543/321
f 604/543/322 1251/542/322 1252/544/322 1254/545/322 605/546/322
f 605/546/323 1254/545/323 1255/547/323 601/548/323
f 595/527/256 705/549/256 698/550/256 697/551/256 601/552/256
f 606/553/324 608/554/324 657/555/324 658/556/324
f 608/554/325 609/557/325 663/558/325 657/555/325
f 609/557/326 610/559/326 662/560/326 663/558/326
f 610/559/327 607/561/327 665/562/327 919/563/327 916/564/327 915/565/327 662/560/327
f 613/506/328 931/566/328 930/567/328
f 645/568/329 633/569/329 627/483/329 638/561/329
f 618/570/330 621/571/330 620/572/330 619/573/330 617/574/330 632/575/330 634/576/330 635/577/330 636/578/330 633/569/330 645/568/330 642/579/330 643/580/330 644/581/330 646/582/330 647/583/330 649/584/330 650/585/330 651/586/330 648/587/330
f 622/527/255 624/531/255 623/506/255
f 624/531/255 625/534/255 623/506/255
f 625/534/255 626/537/255 623/506/255
f 618/570/331 623/506/331 626/588/331 621/571/331
f 621/571/332 626/588/332 625/589/332 620/572/332
f 620/572/333 625/589/333 624/531/333 619/573/333
f 619/573/334 624/531/334 622/527/334 617/574/334
f 623/506/255 653/506/255 654/590/255 655/591/255 656/592/255 652/593/255 903/594/255 900/595/255 902/596/255 914/597/255 915/598/255 919/599/255 918/600/255 920/601/255 1237/602/255 667/603/255 694/604/255 1242/605/255 1241/606/255 1244/607/255 695/608/255 1248/609/255 1247/610/255 1250/611/255 696/612/255 697/613/255 622/527/255
f 622/527/335 628/552/335 632/575/335 617/574/335
f 632/575/336 628/614/336 631/615/336 634/576/336
f 634/576/337 631/615/337 630/616/337 635/577/337
f 635/577/338 630/616/338 629/540/338 636/578/338
f 636/578/339 629/540/339 627/483/339 633/569/339
f 647/583/256 646/582/256 637/553/256 652/593/256
f 637/553/340 646/582/340 644/581/340 639/554/340
f 639/554/341 644/581/341 643/580/341 640/557/341
f 640/557/342 643/580/342 642/579/342 641/559/342
f 641/559/343 642/579/343 645/568/343 638/561/343
f 647/583/344 652/593/344 656/592/344 649/584/344
f 649/584/345 656/592/345 655/591/345 650/585/345
f 650/585/346 655/591/346 654/590/346 651/586/346
f 651/586/347 654/590/347 653/506/347 648/587/347
f 648/587/348 653/506/348 623/506/348 618/570/348
f 691/455/349 571/617/349 693/456/349
f 671/618/348 596/506/348 613/506/348 666/619/348
f 690/418/350 561/620/350 689/419/350
f 686/413/283 562/621/283 687/414/283
f 659/622/335 611/593/335 606/553/335 658/556/335
f 702/476/299 555/623/299 703/477/299
f 689/419/284 561/620/284 563/624/284 687/420/284
f 672/625/351 539/488/351 532/487/351 668/626/351
f 706/627/352 597/531/352 598/589/352 707/628/352
f 660/629/353 616/592/353 611/593/353 659/622/353 905/630/353 906/631/353 908/632/353
f 677/381/354 552/633/354 545/634/354 681/382/354
f 679/377/271 535/635/271 678/378/271
f 701/434/288 555/636/288 702/435/288
f 695/637/355 604/616/355 605/615/355 696/638/355 1250/639/355 1249/640/355 1248/641/355
f 622/527/255 697/613/255 698/642/255 705/643/255 706/644/255 707/645/255 1262/646/255 1261/647/255 1264/648/255 710/649/255 1268/650/255 1267/651/255 1270/652/255 671/653/255 666/654/255 929/655/255 917/656/255 913/657/255 911/658/255 912/659/255 909/660/255 907/661/255 908/662/255 905/663/255 904/664/255 901/665/255 903/594/255 652/593/255 637/553/255 639/554/255 640/557/255 641/559/255 638/561/255 627/483/255 629/540/255 630/616/255 631/615/255 628/614/255
f 682/473/298 565/666/298 685/474/298
f 674/667/356 950/668/356 952/395/356
f 705/549/357 595/527/357 597/531/357 706/627/357
f 696/638/358 605/615/358 601/614/358 697/551/358
f 707/628/359 598/589/359 599/588/359 710/669/359 1264/670/359 1263/671/359 1262/672/359
f 666/619/360 613/506/360 930/567/360 929/673/360
f 693/459/294 571/674/294 573/347/294 709/460/294
f 661/675/361 615/591/361 616/592/361 660/629/361 909/676/361 910/677/361 912/678/361
f 667/679/362 600/483/362 603/540/362 694/680/362
f 708/465/296 567/681/296 704/466/296
f 673/682/363 537/683/363 539/526/363 672/684/363
f 685/442/364 565/685/364 569/686/364 688/443/364
f 680/687/365 994/688/365 995/689/365 999/327/365 1002/690/365 993/691/365 990/692/365
f 708/467/297 574/693/297 709/468/297
f 674/694/366 944/695/366 942/405/366 669/696/366
f 675/697/367 537/683/367 673/682/367
f 684/438/368 530/698/368 996/699/368 998/700/368 556/408/368 683/439/368
f 670/406/280 940/403/280 543/402/280 533/356/280 937/361/280 668/407/280
f 678/368/369 535/701/369 980/702/369 982/369/369
f 686/410/282 557/703/282 683/411/282
f 665/562/329 607/561/329 1238/484/329 1237/704/329
f 700/424/285 558/705/285 699/425/285
f 701/431/287 559/706/287 699/432/287
f 692/448/292 571/707/292 691/449/292
f 676/388/274 550/708/274 552/709/274 677/389/274
f 679/710/370 530/711/370 994/712/370 987/713/370 985/714/370 984/521/370
f 692/451/292 568/715/292 688/452/292
f 670/406/371 542/500/371 547/499/371 669/716/371 925/717/371 924/718/371 928/719/371
f 710/669/372 599/588/372 596/506/372 671/618/372 1270/720/372 1269/721/372 1268/722/372
f 694/680/373 603/540/373 604/616/373 695/637/373 1244/723/373 1243/724/373 1242/725/373
f 700/422/285 561/620/285 690/418/285
f 703/477/374 555/623/374 566/726/374 704/478/374
f 664/727/375 614/590/375 615/591/375 661/675/375
f 865/728/376 1111/729/376 1150/730/376 866/731/376
f 739/732/377 1028/733/377 1029/734/377 1032/735/377 737/736/377
f 796/737/378 1091/738/378 1092/739/378 1088/730/378 798/731/378
f 820/736/379 1101/735/379 1102/729/379 838/737/379
f 897/740/380 1216/741/380 1180/742/380 898/743/380
f 854/744/378 1190/745/378 1202/746/378 858/747/378
f 824/748/329 1122/749/329 1123/750/329 822/751/329
f 874/732/381 1154/733/381 1146/735/381 871/736/381
f 728/752/382 1003/753/382 963/754/382 732/755/382
f 734/756/383 1022/757/383 1020/758/383 731/759/383
f 813/752/380 1195/753/380 1143/760/380 814/756/380
f 872/761/384 1227/762/384 1229/763/384 868/764/384
f 738/737/385 1009/729/385 1015/765/385 1014/730/385 717/766/385
f 887/756/386 1206/767/386 1193/768/386 890/759/386
f 804/748/329 1120/769/329 1121/770/329 806/751/329
f 785/771/387 1074/772/387 1076/773/387 786/774/387
f 808/743/335 1166/773/335 1120/769/335 804/748/335
f 761/775/388 1052/776/388 1040/777/388 762/751/388
f 723/778/389 968/779/389 969/780/389 975/781/389 718/782/389
f 740/751/390 1025/783/390 1036/784/390 1027/785/390 742/786/390
f 787/787/385 1136/788/385 1137/746/385 789/747/385
f 871/736/391 1146/735/391 1212/789/391
f 747/759/392 1024/758/392 1031/745/392 746/744/392
f 795/737/256 1094/738/256 1095/790/256 1114/730/256 799/791/256
f 885/759/393 1191/768/393 1192/788/393 884/787/393
f 869/732/394 1148/792/394 1144/793/394 1109/735/394 864/794/394
f 878/771/387 1177/772/387 1176/773/387 883/774/387
f 895/795/395 1218/796/395 1209/767/395 894/756/395
f 737/736/396 1032/735/396 1033/729/396 735/737/396
f 736/797/397 1034/798/397 1028/733/397 739/732/397
f 731/759/398 1020/758/398 1021/799/398 729/744/398 730/800/398
f 896/761/256 1230/801/256 1231/802/256
f 733/752/399 1023/803/399 1022/757/399 734/756/399
f 891/774/386 1178/773/386 1163/769/386 879/748/386
f 851/752/400 1200/804/400 1201/760/400 856/756/400
f 828/774/401 1170/773/401 1155/749/401 825/748/401
f 760/732/402 1045/733/402 1046/805/402 1048/806/402 755/736/402
f 835/756/403 1196/760/403 1183/768/403 829/759/403
f 837/756/404 1198/760/404 1186/768/404 833/759/404
f 829/759/379 1183/768/379 1184/745/379 830/744/379 831/807/379
f 893/759/405 1208/768/405 1217/808/405 899/809/405
f 803/810/406 1141/811/406 1084/773/406 807/774/406
f 770/756/407 1132/812/407 1063/768/407 769/759/407
f 827/771/406 1171/772/406 1170/773/406 828/774/406
f 852/813/393 1187/814/393 1188/788/393 853/787/393
f 836/752/387 1199/815/387 1198/760/387 837/756/387
f 711/737/408 1006/738/408 1010/816/408 1004/730/408 712/731/408
f 712/817/409 1004/798/409 964/818/409
f 843/751/410 1156/783/410 1171/819/410 827/786/410
f 781/771/411 1067/820/411 1066/821/411 766/774/411
f 794/736/412 1093/822/412 1094/738/412 795/737/412
f 765/774/404 1042/742/404 1043/823/404 1052/776/404 761/775/404
f 856/756/413 1201/760/413 1187/814/413 852/813/413
f 750/759/396 1041/768/396 1047/745/396 767/744/396
f 756/737/414 1059/738/414 1061/824/414 1057/825/414 758/826/414
f 802/748/329 1089/769/329 1090/750/329 805/751/329
f 825/748/379 1155/749/379 1156/783/379 843/751/379
f 720/771/400 1007/772/400 968/779/400 723/778/400
f 818/732/415 1115/733/415 1096/793/415 1097/806/415 815/736/415
f 859/736/396 1112/806/396 1145/729/396 861/737/396
f 898/743/416 1180/742/416 1165/769/416 881/748/416
f 746/744/417 1031/745/417 1126/827/417 1125/746/417 748/747/417
f 863/728/384 1108/729/384 1149/825/384 862/766/384
f 729/744/418 1021/799/418 1023/828/418 733/747/418
f 858/752/419 1202/753/419 1203/767/419 857/756/419
f 713/829/398 971/830/398 974/831/398
f 719/751/420 1008/777/420 1007/819/420 720/786/420
f 892/744/421 1194/745/421 1207/832/421 888/747/421
f 778/732/422 1068/733/422 1070/833/422 1069/806/422 772/736/422
f 732/755/423 963/754/423 961/834/423 962/835/423 727/836/423
f 853/787/424 1188/788/424 1200/837/424 851/747/424
f 815/736/425 1097/806/425 1098/738/425 817/737/425
f 764/771/409 1055/772/409 1042/742/409 765/774/409
f 832/752/426 1197/815/426 1196/760/426 835/756/426
f 833/759/405 1186/768/405 1185/745/405 834/744/405
f 718/782/398 975/781/398 1008/777/398 719/751/398
f 726/787/427 1005/838/427 1003/746/427 728/747/427
f 812/759/396 1181/768/396 1182/745/396 811/744/396
f 724/771/428 1019/772/428 1018/839/428 725/774/428
f 884/787/408 1192/788/408 1205/746/408 882/747/408
f 801/732/403 1087/733/403 1085/793/403 1086/735/403 797/794/403
f 838/737/429 1102/729/429 1103/840/429 1118/730/429 819/791/429
f 842/732/430 1119/733/430 1104/841/430 1105/806/430 840/736/430
f 715/842/431 972/843/431 970/844/431 971/830/431 713/829/431
f 873/732/432 1153/792/432 1112/806/432 859/736/432
f 850/774/394 1174/773/394 1159/769/394 847/748/394
f 889/751/433 1164/750/433 1179/819/433 880/786/433
f 742/771/409 1027/820/409 1026/742/409 743/743/409
f 846/771/406 1173/772/406 1172/773/406 848/774/406
f 881/748/434 1165/769/434 1213/845/434
f 767/744/256 1047/745/256 1131/746/256 754/747/256
f 888/752/435 1207/846/435 1206/767/435 887/756/435
f 845/748/436 1157/769/436 1158/750/436 844/751/436
f 806/751/256 1121/770/256 1167/785/256 809/847/256
f 805/751/256 1090/750/256 1141/848/256 803/849/256
f 862/797/348 1149/850/348 1148/792/348 869/732/348
f 817/737/437 1098/738/437 1099/851/437 1116/730/437 816/731/437
f 834/744/256 1185/745/256 1199/852/256 836/747/256
f 807/774/403 1084/773/403 1089/769/403 802/748/403
f 717/797/397 1014/798/397 1013/733/397 716/732/397
f 870/732/335 1151/733/335 1110/735/335 860/794/335
f 879/748/405 1163/769/405 1164/750/405 889/751/405
f 840/736/329 1105/806/329 1106/729/329 839/728/329
f 826/774/407 1168/821/407 1122/749/407 824/748/407
f 741/748/379 1030/749/379 1025/783/379 740/751/379
f 771/752/438 1133/753/438 1132/812/438 770/756/438
f 798/817/426 1088/798/426 1087/733/426 801/732/426
f 880/771/406 1179/772/406 1178/773/406 891/774/406
f 788/759/439 1134/768/439 1136/788/439 787/787/439
f 857/756/440 1203/767/440 1189/768/440 855/759/440
f 786/774/441 1076/773/441 1077/749/441 784/748/441
f 876/748/442 1162/769/442 1161/750/442 877/751/442
f 727/836/443 962/835/443 1005/838/443 726/787/443
f 792/756/401 1139/812/401 1140/814/401 790/759/401
f 861/737/444 1145/729/444 1152/825/444 867/766/444
f 799/853/406 1114/798/406 1113/733/406 800/854/406
f 883/774/335 1176/773/335 1162/769/335 876/748/335
f 882/752/438 1205/753/438 1204/812/438 886/756/438
f 777/817/406 1072/855/406 1068/733/406 778/732/406
f 758/856/445 1057/850/445 1045/733/445 760/732/445
f 714/736/393 1011/806/393 1009/729/393 738/737/393
f 839/728/446 1106/729/446 1107/857/446 1147/825/446 841/766/446
f 782/751/447 1065/750/447 1067/785/447 781/786/447
f 783/751/448 1075/750/448 1074/819/448 785/786/448
f 772/736/396 1069/806/396 1071/729/396 773/728/396
f 716/732/449 1013/733/449 1012/858/449 1011/806/449 714/736/449
f 814/756/335 1143/760/335 1181/768/335 812/759/335
f 867/797/387 1152/850/387 1153/792/387 873/732/387
f 754/752/438 1131/753/438 1128/812/438 751/756/438
f 768/744/450 1062/745/450 1133/746/450 771/747/450
f 784/748/405 1077/749/405 1075/750/405 783/751/405
f 864/794/329 1109/735/329 1108/729/329 863/728/329
f 810/744/451 1142/745/451 1138/746/451 793/747/451
f 780/748/379 1064/859/379 1065/750/379 782/751/379
f 811/744/414 1182/745/414 1195/746/414 813/747/414
f 816/817/397 1116/798/397 1115/733/397 818/732/397
f 886/756/449 1204/812/449 1191/768/449 885/759/449
f 848/774/430 1172/773/430 1157/769/430 845/748/430
f 721/751/452 1017/750/452 1019/819/452 724/786/452
f 855/759/393 1189/768/393 1190/745/393 854/744/393
f 769/759/453 1063/768/453 1062/745/453 768/744/453
f 823/771/400 1169/772/400 1168/821/400 826/774/400
f 748/752/348 1125/753/348 1124/860/348 753/756/348
f 830/744/454 1184/745/454 1197/852/454 832/747/454
f 849/771/406 1175/772/406 1174/773/406 850/774/406
f 877/751/455 1161/750/455 1177/819/455 878/786/455
f 894/756/456 1209/767/456 1208/768/456 893/759/456
f 860/794/396 1110/735/396 1111/729/396 865/728/396
f 844/751/444 1158/750/444 1173/819/444 846/786/444
f 751/756/457 1128/812/457 1041/768/457 750/759/457
f 766/774/415 1066/821/415 1064/859/415 780/748/415
f 725/774/422 1018/839/422 1016/749/422 722/748/422
f 821/732/403 1117/733/403 1100/861/403 1101/735/403 820/736/403
f 789/752/419 1137/753/419 1135/812/419 791/756/419
f 776/817/397 1082/862/397 1081/863/397 779/854/397
f 743/743/458 1026/742/458 1030/749/458 741/748/458
f 735/737/459 1033/729/459 1035/864/459 1034/730/459 736/766/459
f 822/751/410 1123/750/410 1169/819/410 823/786/410
f 762/751/437 1040/777/437 1055/819/437 764/786/437
f 800/854/335 1113/733/335 1093/822/335 794/736/335
f 790/759/412 1140/814/412 1142/745/412 810/744/412
f 774/794/396 1079/735/396 1078/729/396 775/728/396
f 819/853/406 1118/798/406 1117/733/406 821/732/406
f 755/736/412 1048/806/412 1059/738/412 756/737/412
f 847/748/329 1159/769/329 1160/750/329 875/751/329
f 722/748/329 1016/749/329 1017/750/329 721/751/329
f 875/751/454 1160/750/454 1175/819/454 849/786/454
f 753/756/457 1124/860/457 1024/758/457 747/759/457
f 797/794/396 1086/735/396 1091/738/396 796/737/396
f 773/728/460 1071/729/460 1073/865/460 1072/866/460 777/731/460
f 841/797/348 1147/850/348 1119/733/348 842/732/348
f 868/867/400 1229/868/400 1225/869/400
f 809/870/348 1167/820/348 1166/773/348 808/743/348
f 899/809/461 1217/808/461 1218/871/461 895/872/461
f 793/752/462 1138/753/462 1139/812/462 792/756/462
f 566/479/463 1235/482/463 1236/873/463 1215/874/463 899/875/463 895/876/463 894/877/463 546/878/463 551/879/463 544/880/463 1219/881/463 1220/882/463 1221/883/463 572/444/463
f 894/877/464 893/884/464 892/885/464 888/886/464 887/887/464 546/878/464
f 887/887/464 890/888/464 884/889/464 882/890/464 886/891/464 546/878/464
f 886/891/464 885/892/464 854/893/464 858/894/464 857/895/464 546/878/464
f 857/895/464 855/896/464 853/897/464 851/898/464 856/899/464 546/878/464
f 856/899/464 852/900/464 834/901/464 836/902/464 837/903/464 546/878/464
f 546/878/465 732/904/465 727/905/465 726/906/465 725/907/465 722/908/465 719/909/465 720/910/465 723/911/465 541/912/465
f 541/912/466 723/911/466 718/913/466 719/909/466 722/908/466 721/914/466 741/915/466 740/916/466 742/917/466 743/918/466 730/919/466 729/920/466 765/921/466 761/922/466 762/923/466 780/924/466 782/925/466 784/926/466 783/927/466 802/928/466 805/929/466 804/930/466 806/931/466 824/932/466 822/933/466 825/934/466 843/935/466 845/936/466 844/937/466 847/938/466 875/939/466 876/940/466 877/941/466 879/942/466 889/943/466 881/944/466 1213/945/466 1210/946/466 874/947/466 867/948/466 873/949/466 866/950/466 870/951/466 862/952/466 869/953/466 841/954/466 842/955/466 819/956/466 821/957/466 816/958/466 818/959/466 799/960/466 800/961/466 798/962/466 801/963/466 776/964/466 779/965/466 777/966/466 778/967/466 772/968/466 756/969/466 758/970/466 760/971/466 736/972/466 739/973/466 717/974/466 716/975/466 712/976/466 964/977/466 967/978/466 973/979/466 715/980/466 531/981/466
f 531/981/467 715/980/467 713/982/467 974/983/467 965/984/467 966/985/467 711/986/467 712/976/467 716/975/467 714/987/467 738/988/467 717/974/467 739/973/467 737/989/467 735/990/467 736/972/467 760/971/467 755/991/467 756/969/467 772/968/467 773/992/467 777/966/467 779/965/467 774/993/467 775/994/467 776/964/467 801/963/467 797/995/467 796/996/467 798/962/467 800/961/467 794/997/467 795/998/467 799/960/467 818/959/467 815/999/467 817/1000/467 816/958/467 821/957/467 820/1001/467 838/1002/467 819/956/467 842/955/467 840/1003/467 839/1004/467 841/954/467 869/953/467 864/1005/467 863/1006/467 862/952/467 870/951/467 860/1007/467 865/1008/467 866/950/467 873/949/467 859/1009/467 861/1010/467 867/948/467 874/947/467 871/1011/467 1212/1012/467 1211/1013/467 1226/1014/467 872/1015/467 553/427/467 558/1016/467 1234/1017/467 1224/1018/467 960/1019/467 958/1020/467 538/1021/467
f 898/1022/468 881/944/468 889/943/468 880/1023/468 891/1024/468 811/1025/468 813/1026/468 814/1027/468 546/878/468 835/1028/468 829/1029/468 831/1030/468
f 814/1027/469 812/1031/469 811/1025/469 891/1024/469 879/942/469 877/941/469 878/1032/469 883/1033/469 810/1034/469 793/1035/469 792/1036/469 546/878/469
f 792/1036/469 790/1037/469 810/1034/469 850/1038/469 847/938/469 844/937/469 846/1039/469 848/1040/469 787/1041/469 789/1042/469 791/1043/469 546/878/469
f 788/1044/469 787/1041/469 828/1045/469 825/934/469 822/933/469 823/1046/469 826/1047/469 768/1048/469 771/1049/469 770/1050/469 546/878/469 791/1043/469
f 770/1050/470 769/1051/470 768/1048/470 826/1047/470 824/932/470 806/931/470 809/1052/470 808/1053/470 804/930/470 805/929/470 803/1054/470 807/1055/470 767/1056/470 754/1057/470 751/1058/470 546/878/470
f 751/1058/469 750/1059/469 767/1056/469 807/1055/469 802/928/469 783/927/469 785/1060/469 786/1061/469 746/1062/469 748/1063/469 753/1064/469 546/878/469
f 753/1064/469 747/1065/469 746/1062/469 766/1066/469 780/924/469 762/923/469 764/1067/469 765/921/469 729/920/469 733/1068/469 734/1069/469 546/878/469
f 734/1069/471 731/1070/471 730/919/471 743/918/471 741/915/471 721/914/471 724/1071/471 725/907/471 726/906/471 728/1072/471 732/904/471 546/878/471
f 782/925/472 781/1073/472 766/1066/472 746/1062/472 786/1061/472 784/926/472
f 843/935/472 827/1074/472 828/1045/472 787/1041/472 848/1040/472 845/936/472
f 875/939/472 849/1075/472 850/1038/472 810/1034/472 883/1033/472 876/940/472
f 791/756/430 1135/812/430 1134/768/430 788/759/430
f 866/817/348 1150/798/348 1151/733/348 870/732/348
f 890/759/396 1193/768/396 1194/745/396 892/744/396
f 779/854/407 1081/863/407 1080/1076/407 1079/735/407 774/794/407
f 775/728/256 1078/729/256 1083/1077/256 1082/1078/256 776/731/256
f 1217/808/329 1208/768/329 352/313/329 350/1079/329
f 1199/852/256 1185/745/256 410/1079/256 409/1080/256
f 1212/789/329 1146/735/329 348/313/329 346/1079/329 1227/762/329 1226/1081/329
f 1226/1081/388 1227/762/388 872/761/388
f 1179/819/256 1164/750/256 354/1079/256 353/1080/256
f 1137/746/256 1136/788/256 474/1079/256 473/1080/256
f 1198/760/348 1199/815/348 409/1082/348 411/314/348
f 1163/769/335 1178/773/335 355/314/335 356/313/335
f 1189/768/335 1203/767/335 387/314/335 388/313/335
f 1273/536/255 1266/535/255 1265/533/255
f 1060/738/329 1053/806/329 456/313/329 454/1079/329
f 1003/746/256 1005/838/256 526/1079/256 525/1080/256
f 1231/802/256 1230/801/256 342/1079/256 341/1080/256 1216/1083/256 1214/1084/256
f 1214/1084/473 1216/1083/473 897/1085/473
f 1034/730/256 1035/864/256 1033/729/256 502/1079/256 501/1080/256
f 1204/812/348 1205/753/348 365/1082/348 367/314/348
f 1123/750/329 1122/749/329 416/313/329 414/1079/329
f 1207/832/256 1194/745/256 362/1079/256 361/1080/256
f 1225/869/348 1229/868/348 345/1082/348 347/314/348 1154/733/348 1210/1086/348
f 1210/1086/438 1154/733/438 874/732/438
f 1135/812/348 1137/753/348 473/1082/348 475/314/348
f 1055/819/256 1040/777/256 458/1079/256 457/1080/256
f 1017/750/329 1016/749/329 520/313/329 518/1079/329
f 1087/733/348 1088/798/348 441/1082/348 443/314/348
f 1148/792/348 1149/850/348 381/1082/348 383/314/348
f 1152/825/256 1145/729/256 358/1079/256 357/1080/256
f 1074/819/256 1075/750/256 482/1079/256 481/1080/256
f 1158/750/329 1157/769/329 400/313/329 398/1079/329
f 982/369/474 980/702/474 537/683/474 675/697/474
f 1027/785/256 1036/784/256 1025/783/256 506/1079/256 505/1080/256
f 1038/733/348 1039/850/348 453/1082/348 455/314/348
f 1138/746/256 1142/745/256 446/1079/256 445/1080/256
f 1117/733/348 1118/798/348 405/1082/348 407/314/348
f 1218/871/256 1217/808/256 350/1079/256 349/1080/256
f 1054/777/329 1051/776/329 488/313/329 486/1079/329
f 1200/837/256 1188/788/256 390/1079/256 389/1080/256
f 1165/769/335 1180/742/335 343/314/335 344/313/335
f 1206/767/348 1207/846/348 361/1082/348 363/314/348
f 1171/819/256 1156/783/256 402/1079/256 401/1080/256
f 1076/773/348 1074/772/348 481/1082/348 483/314/348
f 957/364/474 976/371/474 983/370/474 982/369/474 675/697/474
f 1082/1078/256 1083/1077/256 1078/729/256 478/1079/256 477/1080/256
f 1191/768/335 1204/812/335 367/314/335 368/313/335
f 962/835/335 961/834/335 963/754/335 527/314/335 528/313/335
f 1186/768/335 1198/760/335 411/314/335 412/313/335
f 1149/825/256 1108/729/256 382/1079/256 381/1080/256
f 1005/838/329 962/835/329 528/313/329 526/1079/329
f 1004/730/256 1010/816/256 1006/738/256 522/1079/256 521/1080/256
f 1093/822/335 1113/733/335 431/314/335 432/313/335
f 1019/819/256 1017/750/256 518/1079/256 517/1080/256
f 1160/750/329 1159/769/329 380/313/329 378/1079/329
f 1022/757/348 1023/803/348 509/1082/348 511/314/348
f 1155/749/335 1170/773/335 403/314/335 404/313/335
f 971/830/335 970/844/335 972/843/335 523/314/335 524/313/335
f 948/366/367 947/365/367 957/364/367 675/697/367 673/682/367
f 979/505/475 986/504/475 989/503/475 988/502/475 576/330/475 545/1087/475 552/1088/475
f 912/678/476 910/677/476 909/676/476
f 915/565/477 916/564/477 919/563/477
f 1064/859/335 1066/821/335 463/314/335 464/313/335
f 1153/792/348 1152/850/348 357/1082/348 359/314/348
f 1133/746/256 1062/745/256 470/1079/256 469/1080/256
f 1249/1089/478 1250/1090/478 1247/1091/478 1248/1092/478
f 1194/745/329 1193/768/329 364/313/329 362/1079/329
f 1033/729/329 1032/735/329 504/313/329 502/1079/329
f 1011/806/335 1012/858/335 1013/733/335 515/314/335 516/313/335
f 1007/819/256 1008/777/256 338/1079/256 337/1080/256
f 1162/769/335 1176/773/335 375/314/335 376/313/335
f 1045/733/348 1057/850/348 489/1082/348 491/314/348
f 984/521/479 981/520/479 535/1093/479 679/710/479
f 1089/769/335 1084/773/335 439/314/335 440/313/335
f 1013/733/348 1014/798/348 513/1082/348 515/314/348
f 1130/746/256 1056/745/256 494/1079/256 493/1080/256
f 1059/738/329 1048/806/329 492/313/329 490/1079/329
f 1243/1094/480 1244/1095/480 1241/1096/480 1242/1097/480
f 1240/485/255 1238/484/255 607/561/255 610/559/255 609/557/255 608/554/255 606/553/255 611/1098/255 612/1099/255 932/1100/255 922/1101/255 923/1102/255 921/1103/255 934/1104/255 956/1105/255 978/1106/255 1001/1107/255 1233/1108/255 591/1109/255 592/1110/255 593/1111/255 594/1112/255 585/1113/255 602/1114/255
f 1233/1108/481 1001/1107/481 978/1106/481 956/1105/481 934/1104/481 921/1103/481 923/1102/481 922/1101/481 932/1100/481 584/1115/481 586/1116/481 587/1117/481 588/1118/481 589/1119/481 590/1120/481
f 1188/788/329 1187/814/329 392/313/329 390/1079/329
f 1032/735/335 1029/734/335 1028/733/335 503/314/335 504/313/335
f 1110/735/335 1151/733/335 371/314/335 372/313/335
f 975/781/335 969/780/335 968/779/335 339/314/335 340/313/335
f 1180/742/348 1216/741/348 341/1082/348 343/314/348
f 538/1021/482 958/1020/482 959/1121/482 960/1019/482 1224/1018/482 1223/1122/482 1234/1017/482 558/1016/482 560/1123/482 562/1124/482 556/1125/482 529/1126/482 534/1127/482 536/1128/482
f 1234/1017/483 1223/1122/483 1224/1018/483
f 959/1121/484 958/1020/484 960/1019/484
f 1226/1014/485 1211/1013/485 1212/1012/485
f 966/985/486 965/984/486 974/983/486
f 1067/785/256 1065/750/256 462/1079/256 461/1080/256
f 937/361/487 936/360/487 945/359/487 946/358/487 672/625/487 668/626/487
f 1255/547/255 1254/545/255 602/1114/255
f 1071/729/329 1069/806/329 468/313/329 466/1079/329
f 1068/733/348 1072/855/348 465/1082/348 467/314/348
f 1014/730/256 1015/765/256 1009/729/256 514/1079/256 513/1080/256
f 1112/806/335 1153/792/335 359/314/335 360/313/335
f 1235/482/488 1231/481/488 1214/1129/488 1215/874/488
f 1215/874/489 1214/1129/489 897/1130/489 898/1022/489 831/1030/489 830/1131/489 832/1132/489 835/1028/489 546/878/489 837/903/489 833/1133/489 834/901/489 852/900/489 853/897/489 855/896/489 854/893/489 885/892/489 884/889/489 890/888/489 892/885/489 893/884/489 899/875/489
f 1021/799/329 1020/758/329 512/313/329 510/1079/329
f 1237/602/490 920/601/490 918/600/490 919/599/490 665/1134/490
f 915/598/491 914/597/491 902/596/491 900/595/491 903/594/491 658/1135/491 657/1136/491 663/1137/491 662/1138/491
f 1122/749/335 1168/821/335 415/314/335 416/313/335
f 1053/806/335 1044/805/335 1038/733/335 455/314/335 456/313/335
f 1084/773/348 1141/811/348 437/1082/348 439/314/348
f 1116/730/256 1099/851/256 1098/738/256 418/1079/256 417/1080/256
f 953/398/366 950/397/366 674/694/366 669/696/366 547/497/366
f 1088/730/256 1092/739/256 1091/738/256 442/1079/256 441/1080/256
f 1025/783/329 1030/749/329 508/313/329 506/1079/329
f 930/567/255 931/566/255 612/1099/255 611/1139/255 616/1140/255 615/1141/255 614/590/255
f 1118/730/256 1103/840/256 1102/729/256 406/1079/256 405/1080/256
f 1143/760/348 1195/753/348 425/1082/348 427/314/348
f 1109/735/335 1144/793/335 1148/792/335 383/314/335 384/313/335
f 954/513/492 955/512/492 979/511/492 552/1142/492 550/1143/492
f 1136/788/329 1134/768/329 476/313/329 474/1079/329
f 1086/735/335 1085/793/335 1087/733/335 443/314/335 444/313/335
f 1265/533/255 1260/532/255 1259/530/255 1272/1144/255 1273/536/255
f 1273/536/493 1272/1144/493 596/506/493
f 1178/773/348 1179/772/348 353/1082/348 355/314/348
f 1131/746/256 1047/745/256 450/1079/256 449/1080/256
f 1106/729/329 1105/806/329 396/313/329 394/1079/329
f 1128/812/348 1131/753/348 449/1082/348 451/314/348
f 973/979/494 967/978/494 964/977/494
f 1210/946/495 1213/945/495 1228/1145/495 1225/1146/495
f 1225/1146/496 1228/1145/496 896/480/496 553/427/496 872/1015/496 868/1147/496
f 1030/749/335 1026/742/335 507/314/335 508/313/335
f 1167/785/256 1121/770/256 434/1079/256 433/1080/256
f 1146/735/335 1154/733/335 347/314/335 348/313/335
f 1197/852/256 1184/745/256 422/1079/256 421/1080/256
f 1173/819/256 1158/750/256 398/1079/256 397/1080/256
f 999/327/497 1000/326/497 1222/325/497 1232/324/497 1233/323/497 590/518/497 680/687/497 990/692/497 991/1148/497 992/1149/497 1002/690/497
f 1125/746/256 1126/827/256 1031/745/256 498/1079/256 497/1080/256
f 1051/776/335 1050/1150/335 1049/742/335 487/314/335 488/313/335
f 992/1151/498 991/1152/498 990/1153/498 993/1154/498 1002/1155/498
f 1023/828/256 1021/799/256 510/1079/256 509/1080/256
f 1124/860/348 1125/753/348 497/1082/348 499/314/348
f 1184/745/329 1183/768/329 424/313/329 422/1079/329
f 1175/819/256 1160/750/256 378/1079/256 377/1080/256
f 1115/733/348 1116/798/348 417/1082/348 419/314/348
f 1040/777/329 1052/776/329 460/313/329 458/1079/329
f 1166/773/348 1167/820/348 433/1082/348 435/314/348
f 925/1156/499 926/1157/499 928/1158/499 924/1159/499
f 974/831/329 971/830/329 524/313/329 522/1079/329 1006/738/329 966/1160/329
f 966/1160/425 1006/738/425 711/737/425
f 1114/730/256 1095/790/256 1094/738/256 430/1079/256 429/1080/256
f 908/632/500 906/631/500 905/630/500
f 984/521/501 985/714/501 987/713/501 994/712/501 680/522/501
f 1164/750/329 1163/769/329 356/313/329 354/1079/329
f 1008/777/329 975/781/329 340/313/329 338/1079/329
f 1142/745/329 1140/814/329 448/313/329 446/1079/329
f 1168/821/348 1169/772/348 413/1082/348 415/314/348
f 952/395/356 951/394/356 943/393/356 944/392/356 674/667/356
f 1264/1161/502 1261/1162/502 1262/1163/502 1263/1164/502
f 1185/745/329 1186/768/329 412/313/329 410/1079/329
f 1203/767/348 1202/753/348 385/1082/348 387/314/348
f 1009/729/329 1011/806/329 516/313/329 514/1079/329
f 1196/760/348 1197/815/348 421/1082/348 423/314/348
f 1270/1165/503 1267/1166/503 1268/1167/503 1269/1168/503
f 1183/768/335 1196/760/335 423/314/335 424/313/335
f 1201/760/348 1200/804/348 389/1082/348 391/314/348
f 1026/742/348 1027/820/348 505/1082/348 507/314/348
f 1181/768/335 1143/760/335 427/314/335 428/313/335
f 1229/763/256 1227/762/256 346/1079/256 345/1080/256
f 1111/729/329 1110/735/329 372/313/329 370/1079/329
f 1187/814/335 1201/760/335 391/314/335 392/313/335
f 1159/769/335 1174/773/335 379/314/335 380/313/335
f 942/405/504 944/695/504 548/401/504
f 1254/545/255 1252/544/255 1251/542/255 602/1114/255
f 1259/530/255 1257/529/255 1258/528/255 1271/507/255 1272/1144/255
f 1272/1144/505 1271/507/505 596/506/505
f 1174/773/348 1175/772/348 377/1082/348 379/314/348
f 1049/742/348 1058/772/348 485/1082/348 487/314/348
f 1024/758/335 1124/860/335 499/314/335 500/313/335
f 963/754/348 1003/753/348 525/1082/348 527/314/348
f 1132/812/348 1133/753/348 469/1082/348 471/314/348
f 1190/745/329 1189/768/329 388/313/329 386/1079/329
f 1147/825/256 1107/857/256 1106/729/256 394/1079/256 393/1080/256
f 1037/768/335 1127/1169/335 1129/812/335 495/314/335 496/313/335
f 1065/750/329 1064/859/329 464/313/329 462/1079/329
f 1031/745/329 1024/758/329 500/313/329 498/1079/329
f 946/358/506 948/366/506 673/682/506 672/684/506
f 1202/746/256 1190/745/256 386/1079/256 385/1080/256
f 968/779/348 1007/772/348 337/1082/348 339/314/348
f 1177/819/256 1161/750/256 374/1079/256 373/1080/256
f 1237/704/507 1238/484/507 600/483/507 667/679/507
f 1245/539/255 1239/538/255 1240/485/255 602/1114/255
f 1090/750/329 1089/769/329 440/313/329 438/1079/329
f 1161/750/329 1162/769/329 376/313/329 374/1079/329
f 1039/825/256 1060/738/256 454/1079/256 453/1080/256
f 1150/730/256 1111/729/256 370/1079/256 369/1080/256
f 1098/738/329 1097/806/329 420/313/329 418/1079/329
f 1048/806/335 1046/805/335 1045/733/335 491/314/335 492/313/335
f 1121/770/329 1120/769/329 436/313/329 434/1079/329
f 1041/768/335 1128/812/335 451/314/335 452/313/335
f 1172/773/348 1173/772/348 397/1082/348 399/314/348
f 1113/733/348 1114/798/348 429/1082/348 431/314/348
f 1018/839/348 1019/772/348 517/1082/348 519/314/348
f 1063/768/335 1132/812/335 471/314/335 472/313/335
f 1208/768/335 1209/767/335 351/314/335 352/313/335
f 1052/776/335 1043/823/335 1042/742/335 459/314/335 460/313/335
f 1176/773/348 1177/772/348 373/1082/348 375/314/348
f 1016/749/335 1018/839/335 519/314/335 520/313/335
f 1119/733/348 1147/850/348 393/1082/348 395/314/348
f 1079/735/335 1080/1076/335 1081/863/335 479/314/335 480/313/335
f 1129/812/348 1130/753/348 493/1082/348 495/314/348
f 1066/821/348 1067/820/348 461/1082/348 463/314/348
f 929/673/508 930/567/508 614/590/508 664/727/508
f 1205/746/256 1192/788/256 366/1079/256 365/1080/256
f 1195/746/256 1182/745/256 426/1079/256 425/1080/256
f 1081/863/348 1082/862/348 477/1082/348 479/314/348
f 1075/750/329 1077/749/329 484/313/329 482/1079/329
f 1213/845/329 1165/769/329 344/313/329 342/1079/329 1230/801/329 1228/1170/329
f 1228/1170/509 1230/801/509 896/761/509
f 1193/768/335 1206/767/335 363/314/335 364/313/335
f 1251/542/255 1246/541/255 1245/539/255 602/1114/255
f 1020/758/335 1022/757/335 511/314/335 512/313/335
f 1108/729/329 1109/735/329 384/313/329 382/1079/329
f 1169/819/256 1123/750/256 414/1079/256 413/1080/256
f 1069/806/335 1070/833/335 1068/733/335 467/314/335 468/313/335
f 556/408/510 998/700/510 997/1171/510 996/699/510 530/698/510 529/373/510
f 997/1171/511 998/700/511 996/699/511
f 1219/1172/512 1221/1173/512 1220/1174/512
f 1105/806/335 1104/841/335 1119/733/335 395/314/335 396/313/335
f 1151/733/348 1150/798/348 369/1082/348 371/314/348
f 1072/866/256 1073/865/256 1071/729/256 466/1079/256 465/1080/256
f 953/398/513 954/496/513 550/396/513
f 1042/742/348 1055/772/348 457/1082/348 459/314/348
f 1047/745/329 1041/768/329 452/313/329 450/1079/329
f 1056/745/329 1037/768/329 496/313/329 494/1079/329
f 1058/819/256 1054/777/256 486/1079/256 485/1080/256
f 1078/729/329 1079/735/329 480/313/329 478/1079/329
f 1102/729/329 1101/735/329 408/313/329 406/1079/329
f 999/327/514 995/689/514 994/688/514 530/1175/514 684/328/514
f 981/493/515 980/492/515 535/1176/515
f 1170/773/348 1171/772/348 401/1082/348 403/314/348
f 942/405/516 941/404/516 940/403/516 670/406/516 928/719/516 926/1177/516 925/717/516 669/716/516
f 1077/749/335 1076/773/335 483/314/335 484/313/335
f 903/594/517 901/665/517 904/664/517 905/663/517 659/1178/517 658/1135/517
f 908/662/518 907/661/518 909/660/518 660/1179/518
f 912/659/519 911/658/519 913/657/519 917/656/519 929/655/519 664/1180/519 661/1181/519
f 931/508/255 927/506/255 1271/507/255 1258/528/255 1256/1182/255 1253/1183/255 1255/1184/255 602/1114/255 585/1113/255 583/1185/255 582/1186/255 581/1187/255 578/1188/255 575/1189/255 576/1190/255 988/1191/255 977/1192/255 949/1193/255 935/1194/255 933/1195/255 932/1100/255 612/1196/255
f 932/1100/520 933/1195/520 935/1194/520 949/1193/520 977/1192/520 988/1191/520 577/1197/520 580/1198/520 579/1199/520 584/1115/520
f 1255/1184/521 1253/1183/521 1256/1182/521 1258/528/521 595/527/521 601/552/521
f 1101/735/335 1100/861/335 1117/733/335 407/314/335 408/313/335
f 1140/814/335 1139/812/335 447/314/335 448/313/335
f 1141/848/256 1090/750/256 438/1079/256 437/1080/256
f 1028/733/348 1034/798/348 501/1082/348 503/314/348
f 572/444/522 1221/883/522 1219/881/522 544/880/522 564/1200/522 568/445/522
f 1219/881/512 1221/883/512 1220/882/512
f 1215/874/523 1236/873/523 1235/482/523
f 1091/738/329 1086/735/329 444/313/329 442/1079/329
f 1134/768/335 1135/812/335 475/314/335 476/313/335
f 952/395/524 950/668/524 550/708/524 676/388/524
f 1062/745/329 1063/768/329 472/313/329 470/1079/329
f 1182/745/329 1181/768/329 428/313/329 426/1079/329
f 1145/729/329 1112/806/329 360/313/329 358/1079/329
f 1192/788/329 1191/768/329 368/313/329 366/1079/329
f 1094/738/329 1093/822/329 432/313/329 430/1079/329
f 1209/767/348 1218/796/348 349/1082/348 351/314/348
f 1139/812/348 1138/753/348 445/1082/348 447/314/348
f 1156/783/329 1155/749/329 404/313/329 402/1079/329
f 1097/806/335 1096/793/335 1115/733/335 419/314/335 420/313/335
f 1120/769/335 1166/773/335 435/314/335 436/313/335
f 1157/769/335 1172/773/335 399/314/335 400/313/335
f 964/818/348 1004/798/348 521/1082/348 523/314/348 972/843/348 973/1201/348
f 973/1201/525 972/843/525 715/842/525
f 1057/825/256 1061/824/256 1059/738/256 490/1079/256 489/1080/256
l 808 749
l 778 757
l 759 736
l 763 780
l 744 729
l 752 546
l 740 745
l 938 939
l 1043 1036
l 1040 1064
l 1044 1035
l 1060 1211
o Cube.001
v 0.000500 -0.016711 -0.006801
v 0.000500 -0.014711 -0.006801
v -0.000500 -0.016711 -0.006801
v -0.000500 -0.014711 -0.006801
v 0.000500 -0.016711 -0.007201
v 0.000500 -0.014711 -0.007201
v -0.000500 -0.016711 -0.007201
v -0.000500 -0.014711 -0.007201
v 0.000500 -0.016711 0.007199
v 0.000500 -0.014711 0.007199
v -0.000500 -0.016711 0.007199
v -0.000500 -0.014711 0.007199
v 0.000500 -0.016711 0.006799
v 0.000500 -0.014711 0.006799
v -0.000500 -0.016711 0.006799
v -0.000500 -0.014711 0.006799
v -0.001100 -0.016711 0.007199
v -0.001100 -0.014711 0.007199
v -0.002100 -0.016711 0.007199
v -0.002100 -0.014711 0.007199
v -0.001100 -0.016711 0.006799
v -0.001100 -0.014711 0.006799
v -0.002100 -0.016711 0.006799
v -0.002100 -0.014711 0.006799
v 0.002100 -0.016711 0.007199
v 0.002100 -0.014711 0.007199
v 0.001100 -0.016711 0.007199
v 0.001100 -0.014711 0.007199
v 0.002100 -0.016711 0.006799
v 0.002100 -0.014711 0.006799
v 0.001100 -0.016711 0.006799
v 0.001100 -0.014711 0.006799
v 0.000500 -0.016711 0.006199
v 0.000500 -0.014711 0.006199
v -0.000500 -0.016711 0.006199
v -0.000500 -0.014711 0.006199
v 0.000500 -0.016711 0.005799
v 0.000500 -0.014711 0.005799
v -0.000500 -0.016711 0.005799
v -0.000500 -0.014711 0.005799
v -0.001100 -0.016711 0.006199
v -0.001100 -0.014711 0.006199
v -0.002100 -0.016711 0.006199
v -0.002100 -0.014711 0.006199
v -0.001100 -0.016711 0.005799
v -0.001100 -0.014711 0.005799
v -0.002100 -0.016711 0.005799
v -0.002100 -0.014711 0.005799
v 0.002100 -0.016711 0.006199
v 0.002100 -0.014711 0.006199
v 0.001100 -0.016711 0.006199
v 0.001100 -0.014711 0.006199
v 0.002100 -0.016711 0.005799
v 0.002100 -0.014711 0.005799
v 0.001100 -0.016711 0.005799
v 0.001100 -0.014711 0.005799
v 0.002100 -0.016711 0.005199
v 0.002100 -0.014711 0.005199
v 0.001100 -0.016711 0.005199
v 0.001100 -0.014711 0.005199
v 0.002100 -0.016711 0.004799
v 0.002100 -0.014711 0.004799
v 0.001100 -0.016711 0.004799
v 0.001100 -0.014711 0.004799
v -0.001100 -0.016711 0.005199
v -0.001100 -0.014711 0.005199
v -0.002100 -0.016711 0.005199
v -0.002100 -0.014711 0.005199
v -0.001100 -0.016711 0.004799
v -0.001100 -0.014711 0.004799
v -0.002100 -0.016711 0.004799
v -0.002100 -0.014711 0.004799
v 0.000500 -0.016711 0.005199
v 0.000500 -0.014711 0.005199
v -0.000500 -0.016711 0.005199
v -0.000500 -0.014711 0.005199
v 0.000500 -0.016711 0.004799
v 0.000500 -0.014711 0.004799
v -0.000500 -0.016711 0.004799
v -0.000500 -0.014711 0.004799
v 0.000500 -0.016711 0.004199
v 0.000500 -0.014711 0.004199
v -0.000500 -0.016711 0.004199
v -0.000500 -0.014711 0.004199
v 0.000500 -0.016711 0.003799
v 0.000500 -0.014711 0.003799
v -0.000500 -0.016711 0.003799
v -0.000500 -0.014711 0.003799
v -0.001100 -0.016711 0.004199
v -0.001100 -0.014711 0.004199
v -0.002100 -0.016711 0.004199
v -0.002100 -0.014711 0.004199
v -0.001100 -0.016711 0.003799
v -0.001100 -0.014711 0.003799
v -0.002100 -0.016711 0.003799
v -0.002100 -0.014711 0.003799
v 0.002100 -0.016711 0.004199
v 0.002100 -0.014711 0.004199
v 0.001100 -0.016711 0.004199
v 0.001100 -0.014711 0.004199
v 0.002100 -0.016711 0.003799
v 0.002100 -0.014711 0.003799
v 0.001100 -0.016711 0.003799
v 0.001100 -0.014711 0.003799
v 0.002100 -0.016711 0.003199
v 0.002100 -0.014711 0.003199
v 0.001100 -0.016711 0.003199
v 0.001100 -0.014711 0.003199
v 0.002100 -0.016711 0.002799
v 0.002100 -0.014711 0.002799
v 0.001100 -0.016711 0.002799
v 0.001100 -0.014711 0.002799
v -0.001100 -0.016711 0.003199
v -0.001100 -0.014711 0.003199
v -0.002100 -0.016711 0.003199
v -0.002100 -0.014711 0.003199
v -0.001100 -0.016711 0.002799
v -0.001100 -0.014711 0.002799
v -0.002100 -0.016711 0.002799
v -0.002100 -0.014711 0.002799
v 0.000500 -0.016711 0.003199
v 0.000500 -0.014711 0.003199
v -0.000500 -0.016711 0.003199
v -0.000500 -0.014711 0.003199
v 0.000500 -0.016711 0.002799
v 0.000500 -0.014711 0.002799
v -0.000500 -0.016711 0.002799
v -0.000500 -0.014711 0.002799
v 0.000500 -0.016711 0.002199
v 0.000500 -0.014711 0.002199
v -0.000500 -0.016711 0.002199
v -0.000500 -0.014711 0.002199
v 0.000500 -0.016711 0.001799
v 0.000500 -0.014711 0.001799
v -0.000500 -0.016711 0.001799
v -0.000500 -0.014711 0.001799
v -0.001100 -0.016711 0.002199
v -0.001100 -0.014711 0.002199
v -0.002100 -0.016711 0.002199
v -0.002100 -0.014711 0.002199
v -0.001100 -0.016711 0.001799
v -0.001100 -0.014711 0.001799
v -0.002100 -0.016711 0.001799
v -0.002100 -0.014711 0.001799
v 0.002100 -0.016711 0.002199
v 0.002100 -0.014711 0.002199
v 0.001100 -0.016711 0.002199
v 0.001100 -0.014711 0.002199
v 0.002100 -0.016711 0.001799
v 0.002100 -0.014711 0.001799
v 0.001100 -0.016711 0.001799
v 0.001100 -0.014711 0.001799
v 0.000500 -0.016711 0.001199
v 0.000500 -0.014711 0.001199
v -0.000500 -0.016711 0.001199
v -0.000500 -0.014711 0.001199
v 0.000500 -0.016711 0.000799
v 0.000500 -0.014711 0.000799
v -0.000500 -0.016711 0.000799
v -0.000500 -0.014711 0.000799
v -0.001100 -0.016711 0.001199
v -0.001100 -0.014711 0.001199
v -0.002100 -0.016711 0.001199
v -0.002100 -0.014711 0.001199
v -0.001100 -0.016711 0.000799
v -0.001100 -0.014711 0.000799
v -0.002100 -0.016711 0.000799
v -0.002100 -0.014711 0.000799
v 0.002100 -0.016711 0.001199
v 0.002100 -0.014711 0.001199
v 0.001100 -0.016711 0.001199
v 0.001100 -0.014711 0.001199
v 0.002100 -0.016711 0.000799
v 0.002100 -0.014711 0.000799
v 0.001100 -0.016711 0.000799
v 0.001100 -0.014711 0.000799
v 0.002100 -0.016711 0.000199
v 0.002100 -0.014711 0.000199
v 0.001100 -0.016711 0.000199
v 0.001100 -0.014711 0.000199
v 0.002100 -0.016711 -0.000201
v 0.002100 -0.014711 -0.000201
v 0.001100 -0.016711 -0.000201
v 0.001100 -0.014711 -0.000201
v -0.001100 -0.016711 0.000199
v -0.001100 -0.014711 0.000199
v -0.002100 -0.016711 0.000199
v -0.002100 -0.014711 0.000199
v -0.001100 -0.016711 -0.000201
v -0.001100 -0.014711 -0.000201
v -0.002100 -0.016711 -0.000201
v -0.002100 -0.014711 -0.000201
v 0.000500 -0.016711 0.000199
v 0.000500 -0.014711 0.000199
v -0.000500 -0.016711 0.000199
v -0.000500 -0.014711 0.000199
v 0.000500 -0.016711 -0.000201
v 0.000500 -0.014711 -0.000201
v -0.000500 -0.016711 -0.000201
v -0.000500 -0.014711 -0.000201
v 0.000500 -0.016711 -0.000801
v 0.000500 -0.014711 -0.000801
v -0.000500 -0.016711 -0.000801
v -0.000500 -0.014711 -0.000801
v 0.000500 -0.016711 -0.001201
v 0.000500 -0.014711 -0.001201
v -0.000500 -0.016711 -0.001201
v -0.000500 -0.014711 -0.001201
v -0.001100 -0.016711 -0.000801
v -0.001100 -0.014711 -0.000801
v -0.002100 -0.016711 -0.000801
v -0.002100 -0.014711 -0.000801
v -0.001100 -0.016711 -0.001201
v -0.001100 -0.014711 -0.001201
v -0.002100 -0.016711 -0.001201
v -0.002100 -0.014711 -0.001201
v 0.002100 -0.016711 -0.000801
v 0.002100 -0.014711 -0.000801
v 0.001100 -0.016711 -0.000801
v 0.001100 -0.014711 -0.000801
v 0.002100 -0.016711 -0.001201
v 0.002100 -0.014711 -0.001201
v 0.001100 -0.016711 -0.001201
v 0.001100 -0.014711 -0.001201
v 0.002100 -0.016711 -0.003801
v 0.002100 -0.014711 -0.003801
v 0.001100 -0.016711 -0.003801
v 0.001100 -0.014711 -0.003801
v 0.002100 -0.016711 -0.004201
v 0.002100 -0.014711 -0.004201
v 0.001100 -0.016711 -0.004201
v 0.001100 -0.014711 -0.004201
v -0.001100 -0.016711 -0.003801
v -0.001100 -0.014711 -0.003801
v -0.002100 -0.016711 -0.003801
v -0.002100 -0.014711 -0.003801
v -0.001100 -0.016711 -0.004201
v -0.001100 -0.014711 -0.004201
v -0.002100 -0.016711 -0.004201
v -0.002100 -0.014711 -0.004201
v 0.000500 -0.016711 -0.003801
v 0.000500 -0.014711 -0.003801
v -0.000500 -0.016711 -0.003801
v -0.000500 -0.014711 -0.003801
v 0.000500 -0.016711 -0.004201
v 0.000500 -0.014711 -0.004201
v -0.000500 -0.016711 -0.004201
v -0.000500 -0.014711 -0.004201
v 0.000500 -0.016711 -0.002801
v 0.000500 -0.014711 -0.002801
v -0.000500 -0.016711 -0.002801
v -0.000500 -0.014711 -0.002801
v 0.000500 -0.016711 -0.003201
v 0.000500 -0.014711 -0.003201
v -0.000500 -0.016711 -0.003201
v -0.000500 -0.014711 -0.003201
v -0.001100 -0.016711 -0.002801
v -0.001100 -0.014711 -0.002801
v -0.002100 -0.016711 -0.002801
v -0.002100 -0.014711 -0.002801
v -0.001100 -0.016711 -0.003201
v -0.001100 -0.014711 -0.003201
v -0.002100 -0.016711 -0.003201
v -0.002100 -0.014711 -0.003201
v 0.002100 -0.016711 -0.002801
v 0.002100 -0.014711 -0.002801
v 0.001100 -0.016711 -0.002801
v 0.001100 -0.014711 -0.002801
v 0.002100 -0.016711 -0.003201
v 0.002100 -0.014711 -0.003201
v 0.001100 -0.016711 -0.003201
v 0.001100 -0.014711 -0.003201
v 0.002100 -0.016711 -0.001801
v 0.002100 -0.014711 -0.001801
v 0.001100 -0.016711 -0.001801
v 0.001100 -0.014711 -0.001801
v 0.002100 -0.016711 -0.002201
v 0.002100 -0.014711 -0.002201
v 0.001100 -0.016711 -0.002201
v 0.001100 -0.014711 -0.002201
v -0.001100 -0.016711 -0.001801
v -0.001100 -0.014711 -0.001801
v -0.002100 -0.016711 -0.001801
v -0.002100 -0.014711 -0.001801
v -0.001100 -0.016711 -0.002201
v -0.001100 -0.014711 -0.002201
v -0.002100 -0.016711 -0.002201
v -0.002100 -0.014711 -0.002201
v 0.000500 -0.016711 -0.001801
v 0.000500 -0.014711 -0.001801
v -0.000500 -0.016711 -0.001801
v -0.000500 -0.014711 -0.001801
v 0.000500 -0.016711 -0.002201
v 0.000500 -0.014711 -0.002201
v -0.000500 -0.016711 -0.002201
v -0.000500 -0.014711 -0.002201
v 0.000500 -0.016711 -0.003801
v 0.000500 -0.014711 -0.003801
v -0.000500 -0.016711 -0.003801
v -0.000500 -0.014711 -0.003801
v 0.000500 -0.016711 -0.004201
v 0.000500 -0.014711 -0.004201
v -0.000500 -0.016711 -0.004201
v -0.000500 -0.014711 -0.004201
v -0.001100 -0.016711 -0.003801
v -0.001100 -0.014711 -0.003801
v -0.002100 -0.016711 -0.003801
v -0.002100 -0.014711 -0.003801
v -0.001100 -0.016711 -0.004201
v -0.001100 -0.014711 -0.004201
v -0.002100 -0.016711 -0.004201
v -0.002100 -0.014711 -0.004201
v 0.002100 -0.016711 -0.003801
v 0.002100 -0.014711 -0.003801
v 0.001100 -0.016711 -0.003801
v 0.001100 -0.014711 -0.003801
v 0.002100 -0.016711 -0.004201
v 0.002100 -0.014711 -0.004201
v 0.001100 -0.016711 -0.004201
v 0.001100 -0.014711 -0.004201
v 0.002100 -0.016711 -0.004801
v 0.002100 -0.014711 -0.004801
v 0.001100 -0.016711 -0.004801
v 0.001100 -0.014711 -0.004801
v 0.002100 -0.016711 -0.005201
v 0.002100 -0.014711 -0.005201
v 0.001100 -0.016711 -0.005201
v 0.001100 -0.014711 -0.005201
v -0.001100 -0.016711 -0.004801
v -0.001100 -0.014711 -0.004801
v -0.002100 -0.016711 -0.004801
v -0.002100 -0.014711 -0.004801
v -0.001100 -0.016711 -0.005201
v -0.001100 -0.014711 -0.005201
v -0.002100 -0.016711 -0.005201
v -0.002100 -0.014711 -0.005201
v 0.000500 -0.016711 -0.004801
v 0.000500 -0.014711 -0.004801
v -0.000500 -0.016711 -0.004801
v -0.000500 -0.014711 -0.004801
v 0.000500 -0.016711 -0.005201
v 0.000500 -0.014711 -0.005201
v -0.000500 -0.016711 -0.005201
v -0.000500 -0.014711 -0.005201
v 0.002100 -0.016711 -0.005801
v 0.002100 -0.014711 -0.005801
v 0.001100 -0.016711 -0.005801
v 0.001100 -0.014711 -0.005801
v 0.002100 -0.016711 -0.006201
v 0.002100 -0.014711 -0.006201
v 0.001100 -0.016711 -0.006201
v 0.001100 -0.014711 -0.006201
v -0.001100 -0.016711 -0.005801
v -0.001100 -0.014711 -0.005801
v -0.002100 -0.016711 -0.005801
v -0.002100 -0.014711 -0.005801
v -0.001100 -0.016711 -0.006201
v -0.001100 -0.014711 -0.006201
v -0.002100 -0.016711 -0.006201
v -0.002100 -0.014711 -0.006201
v 0.000500 -0.016711 -0.005801
v 0.000500 -0.014711 -0.005801
v -0.000500 -0.016711 -0.005801
v -0.000500 -0.014711 -0.005801
v 0.000500 -0.016711 -0.006201
v 0.000500 -0.014711 -0.006201
v -0.000500 -0.016711 -0.006201
v -0.000500 -0.014711 -0.006201
v -0.001100 -0.016711 -0.006801
v -0.001100 -0.014711 -0.006801
v -0.002100 -0.016711 -0.006801
v -0.002100 -0.014711 -0.006801
v -0.001100 -0.016711 -0.007201
v -0.001100 -0.014711 -0.007201
v -0.002100 -0.016711 -0.007201
v -0.002100 -0.014711 -0.007201
v 0.002100 -0.016711 -0.006801
v 0.002100 -0.014711 -0.006801
v 0.001100 -0.016711 -0.006801
v 0.001100 -0.014711 -0.006801
v 0.002100 -0.016711 -0.007201
v 0.002100 -0.014711 -0.007201
v 0.001100 -0.016711 -0.007201
v 0.001100 -0.014711 -0.007201
vn -0.0000 -0.0000 1.0000
vn -1.0000 -0.0000 -0.0000
vn -0.0000 -0.0000 -1.0000
vn 1.0000 -0.0000 -0.0000
vn -0.0000 -1.0000 -0.0000
vn -0.0000 1.0000 -0.0000
vt 0.375000 0.000000
vt 0.625000 0.000000
vt 0.625000 0.250000
vt 0.375000 0.250000
vt 0.625000 0.500000
vt 0.375000 0.500000
vt 0.625000 0.750000
vt 0.375000 0.750000
vt 0.625000 1.000000
vt 0.375000 1.000000
vt 0.125000 0.500000
vt 0.125000 0.750000
vt 0.875000 0.500000
vt 0.875000 0.750000
s 0
usemtl Gold-Material
f 1274/1202/526 1275/1203/526 1277/1204/526 1276/1205/526
f 1276/1205/527 1277/1204/527 1281/1206/527 1280/1207/527
f 1280/1207/528 1281/1206/528 1279/1208/528 1278/1209/528
f 1278/1209/529 1279/1208/529 1275/1210/529 1274/1211/529
f 1276/1212/530 1280/1207/530 1278/1209/530 1274/1213/530
f 1281/1206/531 1277/1214/531 1275/1215/531 1279/1208/531
f 1282/1202/526 1283/1203/526 1285/1204/526 1284/1205/526
f 1284/1205/527 1285/1204/527 1289/1206/527 1288/1207/527
f 1288/1207/528 1289/1206/528 1287/1208/528 1286/1209/528
f 1286/1209/529 1287/1208/529 1283/1210/529 1282/1211/529
f 1284/1212/530 1288/1207/530 1286/1209/530 1282/1213/530
f 1289/1206/531 1285/1214/531 1283/1215/531 1287/1208/531
f 1290/1202/526 1291/1203/526 1293/1204/526 1292/1205/526
f 1292/1205/527 1293/1204/527 1297/1206/527 1296/1207/527
f 1296/1207/528 1297/1206/528 1295/1208/528 1294/1209/528
f 1294/1209/529 1295/1208/529 1291/1210/529 1290/1211/529
f 1292/1212/530 1296/1207/530 1294/1209/530 1290/1213/530
f 1297/1206/531 1293/1214/531 1291/1215/531 1295/1208/531
f 1298/1202/526 1299/1203/526 1301/1204/526 1300/1205/526
f 1300/1205/527 1301/1204/527 1305/1206/527 1304/1207/527
f 1304/1207/528 1305/1206/528 1303/1208/528 1302/1209/528
f 1302/1209/529 1303/1208/529 1299/1210/529 1298/1211/529
f 1300/1212/530 1304/1207/530 1302/1209/530 1298/1213/530
f 1305/1206/531 1301/1214/531 1299/1215/531 1303/1208/531
f 1306/1202/526 1307/1203/526 1309/1204/526 1308/1205/526
f 1308/1205/527 1309/1204/527 1313/1206/527 1312/1207/527
f 1312/1207/528 1313/1206/528 1311/1208/528 1310/1209/528
f 1310/1209/529 1311/1208/529 1307/1210/529 1306/1211/529
f 1308/1212/530 1312/1207/530 1310/1209/530 1306/1213/530
f 1313/1206/531 1309/1214/531 1307/1215/531 1311/1208/531
f 1314/1202/526 1315/1203/526 1317/1204/526 1316/1205/526
f 1316/1205/527 1317/1204/527 1321/1206/527 1320/1207/527
f 1320/1207/528 1321/1206/528 1319/1208/528 1318/1209/528
f 1318/1209/529 1319/1208/529 1315/1210/529 1314/1211/529
f 1316/1212/530 1320/1207/530 1318/1209/530 1314/1213/530
f 1321/1206/531 1317/1214/531 1315/1215/531 1319/1208/531
f 1322/1202/526 1323/1203/526 1325/1204/526 1324/1205/526
f 1324/1205/527 1325/1204/527 1329/1206/527 1328/1207/527
f 1328/1207/528 1329/1206/528 1327/1208/528 1326/1209/528
f 1326/1209/529 1327/1208/529 1323/1210/529 1322/1211/529
f 1324/1212/530 1328/1207/530 1326/1209/530 1322/1213/530
f 1329/1206/531 1325/1214/531 1323/1215/531 1327/1208/531
f 1330/1202/526 1331/1203/526 1333/1204/526 1332/1205/526
f 1332/1205/527 1333/1204/527 1337/1206/527 1336/1207/527
f 1336/1207/528 1337/1206/528 1335/1208/528 1334/1209/528
f 1334/1209/529 1335/1208/529 1331/1210/529 1330/1211/529
f 1332/1212/530 1336/1207/530 1334/1209/530 1330/1213/530
f 1337/1206/531 1333/1214/531 1331/1215/531 1335/1208/531
f 1338/1202/526 1339/1203/526 1341/1204/526 1340/1205/526
f 1340/1205/527 1341/1204/527 1345/1206/527 1344/1207/527
f 1344/1207/528 1345/1206/528 1343/1208/528 1342/1209/528
f 1342/1209/529 1343/1208/529 1339/1210/529 1338/1211/529
f 1340/1212/530 1344/1207/530 1342/1209/530 1338/1213/530
f 1345/1206/531 1341/1214/531 1339/1215/531 1343/1208/531
f 1346/1202/526 1347/1203/526 1349/1204/526 1348/1205/526
f 1348/1205/527 1349/1204/527 1353/1206/527 1352/1207/527
f 1352/1207/528 1353/1206/528 1351/1208/528 1350/1209/528
f 1350/1209/529 1351/1208/529 1347/1210/529 1346/1211/529
f 1348/1212/530 1352/1207/530 1350/1209/530 1346/1213/530
f 1353/1206/531 1349/1214/531 1347/1215/531 1351/1208/531
f 1354/1202/526 1355/1203/526 1357/1204/526 1356/1205/526
f 1356/1205/527 1357/1204/527 1361/1206/527 1360/1207/527
f 1360/1207/528 1361/1206/528 1359/1208/528 1358/1209/528
f 1358/1209/529 1359/1208/529 1355/1210/529 1354/1211/529
f 1356/1212/530 1360/1207/530 1358/1209/530 1354/1213/530
f 1361/1206/531 1357/1214/531 1355/1215/531 1359/1208/531
f 1362/1202/526 1363/1203/526 1365/1204/526 1364/1205/526
f 1364/1205/527 1365/1204/527 1369/1206/527 1368/1207/527
f 1368/1207/528 1369/1206/528 1367/1208/528 1366/1209/528
f 1366/1209/529 1367/1208/529 1363/1210/529 1362/1211/529
f 1364/1212/530 1368/1207/530 1366/1209/530 1362/1213/530
f 1369/1206/531 1365/1214/531 1363/1215/531 1367/1208/531
f 1370/1202/526 1371/1203/526 1373/1204/526 1372/1205/526
f 1372/1205/527 1373/1204/527 1377/1206/527 1376/1207/527
f 1376/1207/528 1377/1206/528 1375/1208/528 1374/1209/528
f 1374/1209/529 1375/1208/529 1371/1210/529 1370/1211/529
f 1372/1212/530 1376/1207/530 1374/1209/530 1370/1213/530
f 1377/1206/531 1373/1214/531 1371/1215/531 1375/1208/531
f 1378/1202/526 1379/1203/526 1381/1204/526 1380/1205/526
f 1380/1205/527 1381/1204/527 1385/1206/527 1384/1207/527
f 1384/1207/528 1385/1206/528 1383/1208/528 1382/1209/528
f 1382/1209/529 1383/1208/529 1379/1210/529 1378/1211/529
f 1380/1212/530 1384/1207/530 1382/1209/530 1378/1213/530
f 1385/1206/531 1381/1214/531 1379/1215/531 1383/1208/531
f 1386/1202/526 1387/1203/526 1389/1204/526 1388/1205/526
f 1388/1205/527 1389/1204/527 1393/1206/527 1392/1207/527
f 1392/1207/528 1393/1206/528 1391/1208/528 1390/1209/528
f 1390/1209/529 1391/1208/529 1387/1210/529 1386/1211/529
f 1388/1212/530 1392/1207/530 1390/1209/530 1386/1213/530
f 1393/1206/531 1389/1214/531 1387/1215/531 1391/1208/531
f 1394/1202/526 1395/1203/526 1397/1204/526 1396/1205/526
f 1396/1205/527 1397/1204/527 1401/1206/527 1400/1207/527
f 1400/1207/528 1401/1206/528 1399/1208/528 1398/1209/528
f 1398/1209/529 1399/1208/529 1395/1210/529 1394/1211/529
f 1396/1212/530 1400/1207/530 1398/1209/530 1394/1213/530
f 1401/1206/531 1397/1214/531 1395/1215/531 1399/1208/531
f 1402/1202/526 1403/1203/526 1405/1204/526 1404/1205/526
f 1404/1205/527 1405/1204/527 1409/1206/527 1408/1207/527
f 1408/1207/528 1409/1206/528 1407/1208/528 1406/1209/528
f 1406/1209/529 1407/1208/529 1403/1210/529 1402/1211/529
f 1404/1212/530 1408/1207/530 1406/1209/530 1402/1213/530
f 1409/1206/531 1405/1214/531 1403/1215/531 1407/1208/531
f 1410/1202/526 1411/1203/526 1413/1204/526 1412/1205/526
f 1412/1205/527 1413/1204/527 1417/1206/527 1416/1207/527
f 1416/1207/528 1417/1206/528 1415/1208/528 1414/1209/528
f 1414/1209/529 1415/1208/529 1411/1210/529 1410/1211/529
f 1412/1212/530 1416/1207/530 1414/1209/530 1410/1213/530
f 1417/1206/531 1413/1214/531 1411/1215/531 1415/1208/531
f 1418/1202/526 1419/1203/526 1421/1204/526 1420/1205/526
f 1420/1205/527 1421/1204/527 1425/1206/527 1424/1207/527
f 1424/1207/528 1425/1206/528 1423/1208/528 1422/1209/528
f 1422/1209/529 1423/1208/529 1419/1210/529 1418/1211/529
f 1420/1212/530 1424/1207/530 1422/1209/530 1418/1213/530
f 1425/1206/531 1421/1214/531 1419/1215/531 1423/1208/531
f 1426/1202/526 1427/1203/526 1429/1204/526 1428/1205/526
f 1428/1205/527 1429/1204/527 1433/1206/527 1432/1207/527
f 1432/1207/528 1433/1206/528 1431/1208/528 1430/1209/528
f 1430/1209/529 1431/1208/529 1427/1210/529 1426/1211/529
f 1428/1212/530 1432/1207/530 1430/1209/530 1426/1213/530
f 1433/1206/531 1429/1214/531 1427/1215/531 1431/1208/531
f 1434/1202/526 1435/1203/526 1437/1204/526 1436/1205/526
f 1436/1205/527 1437/1204/527 1441/1206/527 1440/1207/527
f 1440/1207/528 1441/1206/528 1439/1208/528 1438/1209/528
f 1438/1209/529 1439/1208/529 1435/1210/529 1434/1211/529
f 1436/1212/530 1440/1207/530 1438/1209/530 1434/1213/530
f 1441/1206/531 1437/1214/531 1435/1215/531 1439/1208/531
f 1442/1202/526 1443/1203/526 1445/1204/526 1444/1205/526
f 1444/1205/527 1445/1204/527 1449/1206/527 1448/1207/527
f 1448/1207/528 1449/1206/528 1447/1208/528 1446/1209/528
f 1446/1209/529 1447/1208/529 1443/1210/529 1442/1211/529
f 1444/1212/530 1448/1207/530 1446/1209/530 1442/1213/530
f 1449/1206/531 1445/1214/531 1443/1215/531 1447/1208/531
f 1450/1202/526 1451/1203/526 1453/1204/526 1452/1205/526
f 1452/1205/527 1453/1204/527 1457/1206/527 1456/1207/527
f 1456/1207/528 1457/1206/528 1455/1208/528 1454/1209/528
f 1454/1209/529 1455/1208/529 1451/1210/529 1450/1211/529
f 1452/1212/530 1456/1207/530 1454/1209/530 1450/1213/530
f 1457/1206/531 1453/1214/531 1451/1215/531 1455/1208/531
f 1458/1202/526 1459/1203/526 1461/1204/526 1460/1205/526
f 1460/1205/527 1461/1204/527 1465/1206/527 1464/1207/527
f 1464/1207/528 1465/1206/528 1463/1208/528 1462/1209/528
f 1462/1209/529 1463/1208/529 1459/1210/529 1458/1211/529
f 1460/1212/530 1464/1207/530 1462/1209/530 1458/1213/530
f 1465/1206/531 1461/1214/531 1459/1215/531 1463/1208/531
f 1466/1202/526 1467/1203/526 1469/1204/526 1468/1205/526
f 1468/1205/527 1469/1204/527 1473/1206/527 1472/1207/527
f 1472/1207/528 1473/1206/528 1471/1208/528 1470/1209/528
f 1470/1209/529 1471/1208/529 1467/1210/529 1466/1211/529
f 1468/1212/530 1472/1207/530 1470/1209/530 1466/1213/530
f 1473/1206/531 1469/1214/531 1467/1215/531 1471/1208/531
f 1474/1202/526 1475/1203/526 1477/1204/526 1476/1205/526
f 1476/1205/527 1477/1204/527 1481/1206/527 1480/1207/527
f 1480/1207/528 1481/1206/528 1479/1208/528 1478/1209/528
f 1478/1209/529 1479/1208/529 1475/1210/529 1474/1211/529
f 1476/1212/530 1480/1207/530 1478/1209/530 1474/1213/530
f 1481/1206/531 1477/1214/531 1475/1215/531 1479/1208/531
f 1482/1202/526 1483/1203/526 1485/1204/526 1484/1205/526
f 1484/1205/527 1485/1204/527 1489/1206/527 1488/1207/527
f 1488/1207/528 1489/1206/528 1487/1208/528 1486/1209/528
f 1486/1209/529 1487/1208/529 1483/1210/529 1482/1211/529
f 1484/1212/530 1488/1207/530 1486/1209/530 1482/1213/530
f 1489/1206/531 1485/1214/531 1483/1215/531 1487/1208/531
f 1490/1202/526 1491/1203/526 1493/1204/526 1492/1205/526
f 1492/1205/527 1493/1204/527 1497/1206/527 1496/1207/527
f 1496/1207/528 1497/1206/528 1495/1208/528 1494/1209/528
f 1494/1209/529 1495/1208/529 1491/1210/529 1490/1211/529
f 1492/1212/530 1496/1207/530 1494/1209/530 1490/1213/530
f 1497/1206/531 1493/1214/531 1491/1215/531 1495/1208/531
f 1498/1202/526 1499/1203/526 1501/1204/526 1500/1205/526
f 1500/1205/527 1501/1204/527 1505/1206/527 1504/1207/527
f 1504/1207/528 1505/1206/528 1503/1208/528 1502/1209/528
f 1502/1209/529 1503/1208/529 1499/1210/529 1498/1211/529
f 1500/1212/530 1504/1207/530 1502/1209/530 1498/1213/530
f 1505/1206/531 1501/1214/531 1499/1215/531 1503/1208/531
f 1506/1202/526 1507/1203/526 1509/1204/526 1508/1205/526
f 1508/1205/527 1509/1204/527 1513/1206/527 1512/1207/527
f 1512/1207/528 1513/1206/528 1511/1208/528 1510/1209/528
f 1510/1209/529 1511/1208/529 1507/1210/529 1506/1211/529
f 1508/1212/530 1512/1207/530 1510/1209/530 1506/1213/530
f 1513/1206/531 1509/1214/531 1507/1215/531 1511/1208/531
f 1514/1202/526 1515/1203/526 1517/1204/526 1516/1205/526
f 1516/1205/527 1517/1204/527 1521/1206/527 1520/1207/527
f 1520/1207/528 1521/1206/528 1519/1208/528 1518/1209/528
f 1518/1209/529 1519/1208/529 1515/1210/529 1514/1211/529
f 1516/1212/530 1520/1207/530 1518/1209/530 1514/1213/530
f 1521/1206/531 1517/1214/531 1515/1215/531 1519/1208/531
f 1522/1202/526 1523/1203/526 1525/1204/526 1524/1205/526
f 1524/1205/527 1525/1204/527 1529/1206/527 1528/1207/527
f 1528/1207/528 1529/1206/528 1527/1208/528 1526/1209/528
f 1526/1209/529 1527/1208/529 1523/1210/529 1522/1211/529
f 1524/1212/530 1528/1207/530 1526/1209/530 1522/1213/530
f 1529/1206/531 1525/1214/531 1523/1215/531 1527/1208/531
f 1530/1202/526 1531/1203/526 1533/1204/526 1532/1205/526
f 1532/1205/527 1533/1204/527 1537/1206/527 1536/1207/527
f 1536/1207/528 1537/1206/528 1535/1208/528 1534/1209/528
f 1534/1209/529 1535/1208/529 1531/1210/529 1530/1211/529
f 1532/1212/530 1536/1207/530 1534/1209/530 1530/1213/530
f 1537/1206/531 1533/1214/531 1531/1215/531 1535/1208/531
f 1538/1202/526 1539/1203/526 1541/1204/526 1540/1205/526
f 1540/1205/527 1541/1204/527 1545/1206/527 1544/1207/527
f 1544/1207/528 1545/1206/528 1543/1208/528 1542/1209/528
f 1542/1209/529 1543/1208/529 1539/1210/529 1538/1211/529
f 1540/1212/530 1544/1207/530 1542/1209/530 1538/1213/530
f 1545/1206/531 1541/1214/531 1539/1215/531 1543/1208/531
f 1546/1202/526 1547/1203/526 1549/1204/526 1548/1205/526
f 1548/1205/527 1549/1204/527 1553/1206/527 1552/1207/527
f 1552/1207/528 1553/1206/528 1551/1208/528 1550/1209/528
f 1550/1209/529 1551/1208/529 1547/1210/529 1546/1211/529
f 1548/1212/530 1552/1207/530 1550/1209/530 1546/1213/530
f 1553/1206/531 1549/1214/531 1547/1215/531 1551/1208/531
f 1554/1202/526 1555/1203/526 1557/1204/526 1556/1205/526
f 1556/1205/527 1557/1204/527 1561/1206/527 1560/1207/527
f 1560/1207/528 1561/1206/528 1559/1208/528 1558/1209/528
f 1558/1209/529 1559/1208/529 1555/1210/529 1554/1211/529
f 1556/1212/530 1560/1207/530 1558/1209/530 1554/1213/530
f 1561/1206/531 1557/1214/531 1555/1215/531 1559/1208/531
f 1562/1202/526 1563/1203/526 1565/1204/526 1564/1205/526
f 1564/1205/527 1565/1204/527 1569/1206/527 1568/1207/527
f 1568/1207/528 1569/1206/528 1567/1208/528 1566/1209/528
f 1566/1209/529 1567/1208/529 1563/1210/529 1562/1211/529
f 1564/1212/530 1568/1207/530 1566/1209/530 1562/1213/530
f 1569/1206/531 1565/1214/531 1563/1215/531 1567/1208/531
f 1570/1202/526 1571/1203/526 1573/1204/526 1572/1205/526
f 1572/1205/527 1573/1204/527 1577/1206/527 1576/1207/527
f 1576/1207/528 1577/1206/528 1575/1208/528 1574/1209/528
f 1574/1209/529 1575/1208/529 1571/1210/529 1570/1211/529
f 1572/1212/530 1576/1207/530 1574/1209/530 1570/1213/530
f 1577/1206/531 1573/1214/531 1571/1215/531 1575/1208/531
f 1578/1202/526 1579/1203/526 1581/1204/526 1580/1205/526
f 1580/1205/527 1581/1204/527 1585/1206/527 1584/1207/527
f 1584/1207/528 1585/1206/528 1583/1208/528 1582/1209/528
f 1582/1209/529 1583/1208/529 1579/1210/529 1578/1211/529
f 1580/1212/530 1584/1207/530 1582/1209/530 1578/1213/530
f 1585/1206/531 1581/1214/531 1579/1215/531 1583/1208/531
f 1586/1202/526 1587/1203/526 1589/1204/526 1588/1205/526
f 1588/1205/527 1589/1204/527 1593/1206/527 1592/1207/527
f 1592/1207/528 1593/1206/528 1591/1208/528 1590/1209/528
f 1590/1209/529 1591/1208/529 1587/1210/529 1586/1211/529
f 1588/1212/530 1592/1207/530 1590/1209/530 1586/1213/530
f 1593/1206/531 1589/1214/531 1587/1215/531 1591/1208/531
f 1594/1202/526 1595/1203/526 1597/1204/526 1596/1205/526
f 1596/1205/527 1597/1204/527 1601/1206/527 1600/1207/527
f 1600/1207/528 1601/1206/528 1599/1208/528 1598/1209/528
f 1598/1209/529 1599/1208/529 1595/1210/529 1594/1211/529
f 1596/1212/530 1600/1207/530 1598/1209/530 1594/1213/530
f 1601/1206/531 1597/1214/531 1595/1215/531 1599/1208/531
f 1602/1202/526 1603/1203/526 1605/1204/526 1604/1205/526
f 1604/1205/527 1605/1204/527 1609/1206/527 1608/1207/527
f 1608/1207/528 1609/1206/528 1607/1208/528 1606/1209/528
f 1606/1209/529 1607/1208/529 1603/1210/529 1602/1211/529
f 1604/1212/530 1608/1207/530 1606/1209/530 1602/1213/530
f 1609/1206/531 1605/1214/531 1603/1215/531 1607/1208/531
f 1610/1202/526 1611/1203/526 1613/1204/526 1612/1205/526
f 1612/1205/527 1613/1204/527 1617/1206/527 1616/1207/527
f 1616/1207/528 1617/1206/528 1615/1208/528 1614/1209/528
f 1614/1209/529 1615/1208/529 1611/1210/529 1610/1211/529
f 1612/1212/530 1616/1207/530 1614/1209/530 1610/1213/530
f 1617/1206/531 1613/1214/531 1611/1215/531 1615/1208/531
f 1618/1202/526 1619/1203/526 1621/1204/526 1620/1205/526
f 1620/1205/527 1621/1204/527 1625/1206/527 1624/1207/527
f 1624/1207/528 1625/1206/528 1623/1208/528 1622/1209/528
f 1622/1209/529 1623/1208/529 1619/1210/529 1618/1211/529
f 1620/1212/530 1624/1207/530 1622/1209/530 1618/1213/530
f 1625/1206/531 1621/1214/531 1619/1215/531 1623/1208/531
f 1626/1202/526 1627/1203/526 1629/1204/526 1628/1205/526
f 1628/1205/527 1629/1204/527 1633/1206/527 1632/1207/527
f 1632/1207/528 1633/1206/528 1631/1208/528 1630/1209/528
f 1630/1209/529 1631/1208/529 1627/1210/529 1626/1211/529
f 1628/1212/530 1632/1207/530 1630/1209/530 1626/1213/530
f 1633/1206/531 1629/1214/531 1627/1215/531 1631/1208/531
f 1634/1202/526 1635/1203/526 1637/1204/526 1636/1205/526
f 1636/1205/527 1637/1204/527 1641/1206/527 1640/1207/527
f 1640/1207/528 1641/1206/528 1639/1208/528 1638/1209/528
f 1638/1209/529 1639/1208/529 1635/1210/529 1634/1211/529
f 1636/1212/530 1640/1207/530 1638/1209/530 1634/1213/530
f 1641/1206/531 1637/1214/531 1635/1215/531 1639/1208/531
f 1642/1202/526 1643/1203/526 1645/1204/526 1644/1205/526
f 1644/1205/527 1645/1204/527 1649/1206/527 1648/1207/527
f 1648/1207/528 1649/1206/528 1647/1208/528 1646/1209/528
f 1646/1209/529 1647/1208/529 1643/1210/529 1642/1211/529
f 1644/1212/530 1648/1207/530 1646/1209/530 1642/1213/530
f 1649/1206/531 1645/1214/531 1643/1215/531 1647/1208/531
f 1650/1202/526 1651/1203/526 1653/1204/526 1652/1205/526
f 1652/1205/527 1653/1204/527 1657/1206/527 1656/1207/527
f 1656/1207/528 1657/1206/528 1655/1208/528 1654/1209/528
f 1654/1209/529 1655/1208/529 1651/1210/529 1650/1211/529
f 1652/1212/530 1656/1207/530 1654/1209/530 1650/1213/530
f 1657/1206/531 1653/1214/531 1651/1215/531 1655/1208/531
