# Blender 3.6.1
# www.blender.org
mtllib electric_fuel_pump.mtl
o BezierCurve
v -0.026166 0.059241 -0.227767
v -0.026166 0.061071 -0.229597
v -0.026166 0.061741 -0.232097
v -0.026166 0.061071 -0.234597
v -0.026166 0.059241 -0.236427
v -0.026166 0.056741 -0.237097
v -0.026166 0.054241 -0.236427
v -0.026166 0.052411 -0.234597
v -0.026166 0.051741 -0.232097
v -0.026166 0.052411 -0.229597
v -0.026166 0.054241 -0.227767
v -0.026166 0.056741 -0.227097
v -0.033772 0.058832 -0.227858
v -0.033989 0.060649 -0.229689
v -0.034062 0.061314 -0.232189
v -0.033970 0.060650 -0.234689
v -0.033739 0.058834 -0.236518
v -0.033431 0.056353 -0.237188
v -0.033127 0.053871 -0.236517
v -0.032910 0.052055 -0.234687
v -0.032838 0.051389 -0.232187
v -0.032929 0.052054 -0.229687
v -0.033160 0.053869 -0.227857
v -0.033468 0.056351 -0.227188
v -0.039973 0.057625 -0.227823
v -0.040595 0.059358 -0.229642
v -0.040930 0.059969 -0.232135
v -0.040887 0.059294 -0.234633
v -0.040478 0.057515 -0.236468
v -0.039812 0.055108 -0.237148
v -0.039069 0.052718 -0.236490
v -0.038446 0.050985 -0.234671
v -0.038111 0.050374 -0.232178
v -0.038154 0.051049 -0.229680
v -0.038563 0.052828 -0.227845
v -0.039229 0.055235 -0.227166
v -0.044755 0.055713 -0.227242
v -0.045995 0.057193 -0.228966
v -0.046831 0.057598 -0.231381
v -0.047040 0.056820 -0.233841
v -0.046565 0.055068 -0.235686
v -0.045534 0.052811 -0.236422
v -0.044223 0.050654 -0.235851
v -0.042983 0.049175 -0.234127
v -0.042146 0.048769 -0.231711
v -0.041938 0.049547 -0.229252
v -0.042412 0.051299 -0.227407
v -0.043444 0.053556 -0.226671
v -0.048298 0.053203 -0.225782
v -0.050182 0.054232 -0.227228
v -0.051606 0.054227 -0.229389
v -0.052189 0.053189 -0.231687
v -0.051773 0.051395 -0.233506
v -0.050471 0.049327 -0.234359
v -0.048632 0.047539 -0.234017
v -0.046748 0.046509 -0.232572
v -0.045324 0.046515 -0.230411
v -0.044741 0.047553 -0.228113
v -0.045157 0.049347 -0.226293
v -0.046459 0.051415 -0.225440
v -0.050982 0.050011 -0.223043
v -0.053291 0.050562 -0.224075
v -0.055136 0.050083 -0.225825
v -0.056023 0.048703 -0.227827
v -0.055713 0.046789 -0.229542
v -0.054291 0.044857 -0.230512
v -0.052137 0.043422 -0.230477
v -0.049828 0.042871 -0.229446
v -0.047983 0.043350 -0.227695
v -0.047097 0.044730 -0.225694
v -0.047406 0.046644 -0.223978
v -0.048828 0.048576 -0.223008
v -0.053069 0.045924 -0.218432
v -0.055564 0.046140 -0.219088
v -0.057608 0.045302 -0.220436
v -0.058654 0.043633 -0.222115
v -0.058421 0.041580 -0.223675
v -0.056973 0.039695 -0.224698
v -0.054697 0.038482 -0.224910
v -0.052202 0.038266 -0.224254
v -0.050158 0.039105 -0.222906
v -0.049112 0.040774 -0.221227
v -0.049345 0.042826 -0.219667
v -0.050793 0.044711 -0.218644
v -0.054628 0.040844 -0.211361
v -0.057186 0.040873 -0.211759
v -0.059303 0.039814 -0.212804
v -0.060415 0.037951 -0.214216
v -0.060221 0.035783 -0.215617
v -0.058775 0.033892 -0.216631
v -0.056463 0.032783 -0.216988
v -0.053906 0.032755 -0.216590
v -0.051788 0.033814 -0.215545
v -0.050677 0.035677 -0.214133
v -0.050870 0.037844 -0.212732
v -0.052317 0.039736 -0.211718
v -0.055700 0.034771 -0.201343
v -0.058276 0.034702 -0.201582
v -0.060419 0.033516 -0.202419
v -0.061554 0.031530 -0.203630
v -0.061377 0.029277 -0.204891
v -0.059936 0.027359 -0.205863
v -0.057617 0.026291 -0.206286
v -0.055040 0.026360 -0.206047
v -0.052898 0.027546 -0.205210
v -0.051763 0.029532 -0.203999
v -0.051939 0.031786 -0.202738
v -0.053381 0.033703 -0.201766
v -0.056358 0.027720 -0.187931
v -0.058939 0.027603 -0.188078
v -0.061090 0.026343 -0.188775
v -0.062233 0.024278 -0.189837
v -0.062063 0.021961 -0.190978
v -0.060625 0.020013 -0.191893
v -0.058305 0.018956 -0.192336
v -0.055723 0.019074 -0.192190
v -0.053573 0.020334 -0.191492
v -0.052429 0.022399 -0.190431
v -0.052599 0.024716 -0.189290
v -0.054038 0.026664 -0.188375
v -0.056697 0.019700 -0.170686
v -0.059280 0.019558 -0.170781
v -0.061432 0.018254 -0.171384
v -0.062578 0.016136 -0.172333
v -0.062410 0.013773 -0.173374
v -0.060974 0.011796 -0.174227
v -0.058653 0.010737 -0.174665
v -0.056071 0.010878 -0.174570
v -0.053918 0.012183 -0.173967
v -0.052772 0.014300 -0.173018
v -0.052940 0.016664 -0.171978
v -0.054377 0.018640 -0.171124
v -0.056821 0.010707 -0.149164
v -0.059404 0.010555 -0.149233
v -0.061557 0.009223 -0.149771
v -0.062704 0.007069 -0.150634
v -0.062537 0.004670 -0.151590
v -0.061100 0.002668 -0.152383
v -0.058780 0.001601 -0.152802
v -0.056197 0.001753 -0.152733
v -0.054044 0.003085 -0.152195
v -0.052897 0.005239 -0.151332
v -0.053065 0.007638 -0.150376
v -0.054501 0.009640 -0.149582
v -0.056838 0.000739 -0.122932
v -0.059420 0.000587 -0.123000
v -0.061574 -0.000761 -0.123497
v -0.062721 -0.002942 -0.124288
v -0.062554 -0.005372 -0.125163
v -0.061118 -0.007400 -0.125887
v -0.058798 -0.008483 -0.126265
v -0.056215 -0.008330 -0.126197
v -0.054062 -0.006983 -0.125701
v -0.052915 -0.004802 -0.124909
v -0.053082 -0.002372 -0.124035
v -0.054517 -0.000343 -0.123311
v -0.057087 -0.008412 -0.096088
v -0.059669 -0.008556 -0.096180
v -0.061823 -0.009914 -0.096647
v -0.062971 -0.012121 -0.097361
v -0.062805 -0.014586 -0.098133
v -0.061370 -0.016648 -0.098756
v -0.059051 -0.017755 -0.099061
v -0.056469 -0.017611 -0.098969
v -0.054315 -0.016253 -0.098503
v -0.053167 -0.014046 -0.097788
v -0.053333 -0.011582 -0.097016
v -0.054767 -0.009519 -0.096393
v -0.057700 -0.014926 -0.073500
v -0.060282 -0.015061 -0.073624
v -0.062436 -0.016430 -0.074050
v -0.063587 -0.018666 -0.074665
v -0.063425 -0.021169 -0.075303
v -0.061994 -0.023269 -0.075794
v -0.059677 -0.024403 -0.076006
v -0.057095 -0.024267 -0.075883
v -0.054940 -0.022898 -0.075456
v -0.053790 -0.020663 -0.074842
v -0.053952 -0.018160 -0.074203
v -0.055383 -0.016060 -0.073712
v -0.058476 -0.019158 -0.054826
v -0.061057 -0.019289 -0.054968
v -0.063214 -0.020673 -0.055327
v -0.064370 -0.022938 -0.055809
v -0.064214 -0.025478 -0.056283
v -0.062789 -0.027612 -0.056623
v -0.060476 -0.028767 -0.056737
v -0.057895 -0.028636 -0.056596
v -0.055738 -0.027252 -0.056236
v -0.054582 -0.024987 -0.055755
v -0.054738 -0.022447 -0.055281
v -0.056163 -0.020314 -0.054941
v -0.059213 -0.021465 -0.039736
v -0.061794 -0.021598 -0.039868
v -0.063957 -0.022999 -0.040118
v -0.065121 -0.025291 -0.040418
v -0.064975 -0.027861 -0.040688
v -0.063557 -0.030020 -0.040856
v -0.061248 -0.031189 -0.040877
v -0.058667 -0.031056 -0.040746
v -0.056505 -0.029656 -0.040496
v -0.055341 -0.027364 -0.040196
v -0.055487 -0.024794 -0.039926
v -0.056904 -0.022635 -0.039757
v -0.059717 -0.022216 -0.027911
v -0.062300 -0.022353 -0.027979
v -0.064469 -0.023764 -0.028045
v -0.065642 -0.026070 -0.028093
v -0.065505 -0.028655 -0.028110
v -0.064094 -0.030825 -0.028090
v -0.061788 -0.031999 -0.028040
v -0.059204 -0.031862 -0.027972
v -0.057035 -0.030451 -0.027906
v -0.055862 -0.028144 -0.027858
v -0.056000 -0.025560 -0.027841
v -0.057410 -0.023390 -0.027861
v -0.059807 -0.021797 -0.019040
v -0.062390 -0.021925 -0.018939
v -0.064558 -0.023319 -0.018702
v -0.065729 -0.025606 -0.018394
v -0.065591 -0.028173 -0.018096
v -0.064179 -0.030333 -0.017889
v -0.061873 -0.031506 -0.017828
v -0.059290 -0.031379 -0.017930
v -0.057122 -0.029984 -0.018166
v -0.055951 -0.027697 -0.018475
v -0.056089 -0.025130 -0.018772
v -0.057500 -0.022970 -0.018979
v -0.059347 -0.020623 -0.012796
v -0.061894 -0.020682 -0.012341
v -0.064013 -0.021980 -0.011615
v -0.065134 -0.024170 -0.010813
v -0.064958 -0.026665 -0.010149
v -0.063533 -0.028797 -0.009801
v -0.061239 -0.029994 -0.009863
v -0.058692 -0.029936 -0.010318
v -0.056574 -0.028638 -0.011044
v -0.055452 -0.026448 -0.011847
v -0.055628 -0.023953 -0.012511
v -0.057053 -0.021821 -0.012858
v -0.058265 -0.019100 -0.008727
v -0.060625 -0.018935 -0.007678
v -0.062526 -0.019974 -0.006262
v -0.063459 -0.021939 -0.004859
v -0.063173 -0.024302 -0.003844
v -0.061745 -0.026432 -0.003490
v -0.059558 -0.027756 -0.003891
v -0.057198 -0.027921 -0.004940
v -0.055296 -0.026882 -0.006356
v -0.054364 -0.024918 -0.007759
v -0.054650 -0.022554 -0.008774
v -0.056078 -0.020424 -0.009128
v -0.056383 -0.017452 -0.006139
v -0.058230 -0.016882 -0.004417
v -0.059611 -0.017511 -0.002321
v -0.060157 -0.019171 -0.000412
v -0.059721 -0.021417 0.000799
v -0.058421 -0.023647 0.000987
v -0.056604 -0.025264 0.000101
v -0.054758 -0.025834 -0.001621
v -0.053377 -0.025204 -0.003717
v -0.052830 -0.023545 -0.005627
v -0.053266 -0.021299 -0.006837
v -0.054566 -0.019069 -0.007025
v -0.053153 -0.015755 -0.004463
v -0.054241 -0.014803 -0.002317
v -0.054954 -0.015095 0.000154
v -0.055100 -0.016553 0.002287
v -0.054641 -0.018787 0.003511
v -0.053699 -0.021198 0.003498
v -0.052527 -0.023140 0.002251
v -0.051439 -0.024092 0.000104
v -0.050726 -0.023800 -0.002367
v -0.050580 -0.022341 -0.004500
v -0.051039 -0.020108 -0.005724
v -0.051981 -0.017697 -0.005710
v -0.048058 -0.014352 -0.003574
v -0.048490 -0.013218 -0.001288
v -0.048724 -0.013377 0.001285
v -0.048697 -0.014787 0.003455
v -0.048416 -0.017070 0.004641
v -0.047956 -0.019615 0.004525
v -0.047441 -0.021739 0.003138
v -0.047009 -0.022873 0.000852
v -0.046775 -0.022714 -0.001720
v -0.046802 -0.021303 -0.003890
v -0.047083 -0.019020 -0.005076
v -0.047543 -0.016476 -0.004960
v -0.041021 -0.013780 -0.003341
v -0.041021 -0.012608 -0.001033
v -0.041021 -0.012747 0.001552
v -0.041021 -0.014160 0.003720
v -0.041021 -0.016467 0.004892
v -0.041021 -0.019052 0.004753
v -0.041021 -0.021221 0.003341
v -0.041021 -0.022392 0.001033
v -0.041021 -0.022253 -0.001552
v -0.041021 -0.020841 -0.003720
v -0.041021 -0.018533 -0.004892
v -0.041021 -0.015949 -0.004753
v -0.053488 -0.001372 -0.124599
v -0.055318 0.000458 -0.124599
v -0.057818 0.001128 -0.124599
v -0.060318 0.000458 -0.124599
v -0.062148 -0.001372 -0.124599
v -0.062818 -0.003872 -0.124599
v -0.062148 -0.006372 -0.124599
v -0.060318 -0.008202 -0.124599
v -0.057818 -0.008872 -0.124599
v -0.055318 -0.008202 -0.124599
v -0.053488 -0.006372 -0.124599
v -0.052818 -0.003872 -0.124599
v -0.053587 -0.000952 -0.097900
v -0.055417 0.000877 -0.097974
v -0.057916 0.001546 -0.098013
v -0.060417 0.000876 -0.098007
v -0.062247 -0.000953 -0.097958
v -0.062917 -0.003452 -0.097879
v -0.062247 -0.005950 -0.097790
v -0.060417 -0.007779 -0.097717
v -0.057918 -0.008448 -0.097678
v -0.055418 -0.007779 -0.097684
v -0.053587 -0.005949 -0.097733
v -0.052917 -0.003451 -0.097812
v -0.053805 0.000206 -0.075335
v -0.055634 0.002031 -0.075486
v -0.058134 0.002698 -0.075561
v -0.060634 0.002029 -0.075539
v -0.062465 0.000203 -0.075427
v -0.063135 -0.002290 -0.075254
v -0.062467 -0.004784 -0.075067
v -0.060638 -0.006608 -0.074916
v -0.058138 -0.007276 -0.074841
v -0.055638 -0.006607 -0.074863
v -0.053807 -0.004781 -0.074975
v -0.053136 -0.002287 -0.075148
v -0.054023 0.001951 -0.056578
v -0.055851 0.003768 -0.056809
v -0.058351 0.004433 -0.056910
v -0.060851 0.003768 -0.056854
v -0.062683 0.001950 -0.056657
v -0.063355 -0.000533 -0.056371
v -0.062687 -0.003016 -0.056073
v -0.060859 -0.004833 -0.055842
v -0.058360 -0.005498 -0.055741
v -0.055859 -0.004832 -0.055797
v -0.054027 -0.003015 -0.055994
v -0.053355 -0.000532 -0.056280
v -0.054124 0.004127 -0.041312
v -0.055952 0.005933 -0.041619
v -0.058451 0.006597 -0.041728
v -0.060952 0.005940 -0.041610
v -0.062784 0.004139 -0.041296
v -0.063456 0.001676 -0.040870
v -0.062789 -0.000789 -0.040447
v -0.060961 -0.002595 -0.040140
v -0.058462 -0.003258 -0.040031
v -0.055961 -0.002602 -0.040150
v -0.054129 -0.000801 -0.040464
v -0.053456 0.001662 -0.040889
v -0.053993 0.006569 -0.029230
v -0.055822 0.008362 -0.029601
v -0.058321 0.009031 -0.029684
v -0.060820 0.008397 -0.029455
v -0.062649 0.006630 -0.028977
v -0.063319 0.004202 -0.028378
v -0.062649 0.001766 -0.027817
v -0.060820 -0.000027 -0.027446
v -0.058321 -0.000696 -0.027363
v -0.055822 -0.000062 -0.027592
v -0.053993 0.001705 -0.028070
v -0.053323 0.004132 -0.028669
v -0.053527 0.009098 -0.020046
v -0.055359 0.010882 -0.020450
v -0.057852 0.011576 -0.020443
v -0.060339 0.010994 -0.020028
v -0.062155 0.009292 -0.019315
v -0.062811 0.006926 -0.018495
v -0.062132 0.004531 -0.017789
v -0.060301 0.002747 -0.017385
v -0.057808 0.002053 -0.017392
v -0.055320 0.002635 -0.017807
v -0.053505 0.004336 -0.018520
v -0.052849 0.006702 -0.019339
v -0.052661 0.011503 -0.013498
v -0.054487 0.013300 -0.013868
v -0.056950 0.014068 -0.013663
v -0.059390 0.013601 -0.012937
v -0.061154 0.012025 -0.011886
v -0.061768 0.009762 -0.010790
v -0.061068 0.007419 -0.009944
v -0.059242 0.005622 -0.009574
v -0.056779 0.004854 -0.009780
v -0.054339 0.005320 -0.010505
v -0.052576 0.006896 -0.011557
v -0.051961 0.009159 -0.012652
v -0.051419 0.013541 -0.009313
v -0.053193 0.015413 -0.009529
v -0.055533 0.016360 -0.008958
v -0.057813 0.016128 -0.007754
v -0.059421 0.014778 -0.006240
v -0.059926 0.012673 -0.004821
v -0.059194 0.010377 -0.003878
v -0.057420 0.008505 -0.003662
v -0.055079 0.007558 -0.004233
v -0.052800 0.007791 -0.005437
v -0.051192 0.009140 -0.006951
v -0.050687 0.011245 -0.008370
v -0.049931 0.015039 -0.007020
v -0.051498 0.017097 -0.006943
v -0.053477 0.018369 -0.005864
v -0.055338 0.018513 -0.004071
v -0.056582 0.017491 -0.002044
v -0.056876 0.015576 -0.000328
v -0.056141 0.013283 0.000619
v -0.054575 0.011224 0.000543
v -0.052596 0.009952 -0.000537
v -0.050735 0.009808 -0.002330
v -0.049491 0.010830 -0.004356
v -0.049197 0.012745 -0.006073
v -0.048075 0.016118 -0.005832
v -0.049184 0.018426 -0.005455
v -0.050494 0.020061 -0.003937
v -0.051655 0.020587 -0.001684
v -0.052355 0.019861 0.000700
v -0.052407 0.018078 0.002575
v -0.051797 0.015716 0.003441
v -0.050688 0.013408 0.003063
v -0.049377 0.011772 0.001545
v -0.048216 0.011247 -0.000708
v -0.047516 0.011973 -0.003091
v -0.047464 0.013756 -0.004967
v -0.045176 0.016947 -0.005190
v -0.045700 0.019424 -0.004655
v -0.046274 0.021273 -0.002937
v -0.046744 0.021999 -0.000497
v -0.046984 0.021406 0.002011
v -0.046930 0.019654 0.003915
v -0.046596 0.017212 0.004705
v -0.046072 0.014735 0.004170
v -0.045498 0.012886 0.002452
v -0.045028 0.012160 0.000013
v -0.044789 0.012753 -0.002495
v -0.044843 0.014505 -0.004400
v -0.040769 0.017304 -0.004996
v -0.040769 0.019828 -0.004425
v -0.040769 0.021729 -0.002668
v -0.040769 0.022496 -0.000196
v -0.040769 0.021925 0.002328
v -0.040769 0.020168 0.004229
v -0.040769 0.017696 0.004996
v -0.040769 0.015172 0.004425
v -0.040769 0.013271 0.002668
v -0.040769 0.012504 0.000196
v -0.040769 0.013075 -0.002328
v -0.040769 0.014832 -0.004229
v -0.026109 0.058484 -0.229060
v -0.026086 0.059772 -0.230342
v -0.026084 0.060243 -0.232100
v -0.026104 0.059769 -0.233856
v -0.026140 0.058479 -0.235135
v -0.026183 0.056727 -0.235597
v -0.026222 0.054982 -0.235124
v -0.026244 0.053707 -0.233844
v -0.026245 0.053239 -0.232100
v -0.026224 0.053705 -0.230354
v -0.026188 0.054981 -0.229071
v -0.026146 0.056729 -0.228596
v -0.033674 0.058075 -0.229150
v -0.033826 0.059355 -0.230430
v -0.033877 0.059826 -0.232186
v -0.033811 0.059358 -0.233944
v -0.033649 0.058077 -0.235226
v -0.033433 0.056335 -0.235688
v -0.033222 0.054601 -0.235210
v -0.033071 0.053339 -0.233928
v -0.033019 0.052878 -0.232185
v -0.033082 0.053340 -0.230443
v -0.033243 0.054603 -0.229163
v -0.033460 0.056335 -0.228688
v -0.039830 0.056868 -0.229111
v -0.040269 0.058091 -0.230377
v -0.040504 0.058530 -0.232128
v -0.040473 0.058059 -0.233890
v -0.040183 0.056803 -0.235182
v -0.039715 0.055106 -0.235651
v -0.039196 0.053431 -0.235176
v -0.038764 0.052230 -0.233896
v -0.038530 0.051814 -0.232159
v -0.038557 0.052287 -0.230424
v -0.038840 0.053521 -0.229146
v -0.039306 0.055195 -0.228663
v -0.044655 0.054928 -0.228516
v -0.045529 0.055976 -0.229710
v -0.046123 0.056276 -0.231406
v -0.046273 0.055736 -0.233145
v -0.045935 0.054498 -0.234450
v -0.045205 0.052903 -0.234961
v -0.044282 0.051387 -0.234544
v -0.043419 0.050362 -0.233321
v -0.042842 0.050096 -0.231633
v -0.042699 0.050646 -0.229932
v -0.043024 0.051859 -0.228656
v -0.043738 0.053421 -0.228136
v -0.048317 0.052331 -0.227003
v -0.049640 0.053065 -0.227998
v -0.050653 0.053076 -0.229512
v -0.051073 0.052351 -0.231137
v -0.050780 0.051085 -0.232426
v -0.049855 0.049624 -0.233024
v -0.048554 0.048369 -0.232770
v -0.047235 0.047659 -0.231740
v -0.046253 0.047677 -0.230223
v -0.045860 0.048408 -0.228630
v -0.046149 0.049650 -0.227377
v -0.047043 0.051081 -0.226781
v -0.051130 0.049011 -0.224152
v -0.052743 0.049408 -0.224861
v -0.054048 0.049083 -0.226082
v -0.054684 0.048116 -0.227491
v -0.054470 0.046766 -0.228704
v -0.053463 0.045403 -0.229388
v -0.051940 0.044399 -0.229356
v -0.050321 0.044024 -0.228622
v -0.049041 0.044369 -0.227391
v -0.048436 0.045335 -0.225995
v -0.048656 0.046663 -0.224806
v -0.049639 0.048006 -0.224134
v -0.053298 0.044803 -0.219401
v -0.055039 0.044962 -0.219853
v -0.056477 0.044382 -0.220792
v -0.057221 0.043214 -0.221970
v -0.057062 0.041769 -0.223069
v -0.056041 0.040442 -0.223790
v -0.054437 0.039593 -0.223936
v -0.052687 0.039449 -0.223470
v -0.051263 0.040044 -0.222522
v -0.050542 0.041212 -0.221348
v -0.050709 0.042641 -0.220262
v -0.051716 0.043953 -0.219551
v -0.054895 0.039633 -0.212205
v -0.056681 0.039658 -0.212480
v -0.058167 0.038922 -0.213207
v -0.058952 0.037619 -0.214196
v -0.058820 0.036096 -0.215180
v -0.057805 0.034767 -0.215894
v -0.056179 0.033990 -0.216143
v -0.054386 0.033975 -0.215862
v -0.052906 0.034722 -0.215127
v -0.052136 0.036026 -0.214139
v -0.052275 0.037539 -0.213161
v -0.053284 0.038857 -0.212454
v -0.055983 0.033498 -0.202085
v -0.057783 0.033453 -0.202250
v -0.059284 0.032627 -0.202834
v -0.060084 0.031238 -0.203681
v -0.059963 0.029657 -0.204565
v -0.058953 0.028311 -0.205248
v -0.057325 0.027562 -0.205544
v -0.055518 0.027613 -0.205375
v -0.054020 0.028447 -0.204787
v -0.053230 0.029839 -0.203939
v -0.053357 0.031413 -0.203059
v -0.054364 0.032752 -0.202380
v -0.056648 0.026405 -0.188592
v -0.058452 0.026325 -0.188694
v -0.059958 0.025446 -0.189180
v -0.060761 0.024002 -0.189923
v -0.060645 0.022378 -0.190723
v -0.059638 0.021012 -0.191365
v -0.058011 0.020271 -0.191676
v -0.056201 0.020355 -0.191572
v -0.054696 0.021240 -0.191082
v -0.053899 0.022686 -0.190339
v -0.054021 0.024307 -0.189541
v -0.055027 0.025667 -0.188902
v -0.056990 0.018355 -0.171283
v -0.058795 0.018257 -0.171349
v -0.060302 0.017347 -0.171770
v -0.061106 0.015866 -0.172433
v -0.060991 0.014210 -0.173163
v -0.059986 0.012824 -0.173761
v -0.058359 0.012081 -0.174069
v -0.056549 0.012181 -0.174001
v -0.055042 0.013097 -0.173578
v -0.054242 0.014580 -0.172914
v -0.054362 0.016234 -0.172185
v -0.055368 0.017615 -0.171589
v -0.057115 0.009341 -0.149710
v -0.058921 0.009235 -0.149758
v -0.060428 0.008305 -0.150134
v -0.061232 0.006798 -0.150737
v -0.061117 0.005118 -0.151406
v -0.060112 0.003715 -0.151963
v -0.058486 0.002967 -0.152256
v -0.056677 0.003074 -0.152208
v -0.055169 0.004008 -0.151830
v -0.054368 0.005517 -0.151226
v -0.054487 0.007196 -0.150557
v -0.055492 0.008595 -0.150002
v -0.057133 -0.000644 -0.123432
v -0.058939 -0.000751 -0.123480
v -0.060445 -0.001692 -0.123827
v -0.061249 -0.003217 -0.124380
v -0.061134 -0.004918 -0.124992
v -0.060131 -0.006339 -0.125500
v -0.058506 -0.007099 -0.125765
v -0.056696 -0.006992 -0.125718
v -0.055187 -0.006048 -0.125370
v -0.054385 -0.004519 -0.124815
v -0.054504 -0.002818 -0.124202
v -0.055510 -0.001400 -0.123697
v -0.057384 -0.009813 -0.096534
v -0.059189 -0.009915 -0.096599
v -0.060695 -0.010863 -0.096924
v -0.061499 -0.012405 -0.097424
v -0.061386 -0.014129 -0.097964
v -0.060384 -0.015575 -0.098400
v -0.058760 -0.016353 -0.098615
v -0.056949 -0.016253 -0.098551
v -0.055439 -0.015300 -0.098223
v -0.054637 -0.013753 -0.097722
v -0.054756 -0.012027 -0.097182
v -0.055762 -0.010585 -0.096747
v -0.058000 -0.016347 -0.073876
v -0.059803 -0.016442 -0.073963
v -0.061309 -0.017398 -0.074260
v -0.062116 -0.018959 -0.074690
v -0.062006 -0.020711 -0.075137
v -0.061007 -0.022183 -0.075481
v -0.059383 -0.022981 -0.075630
v -0.057573 -0.022886 -0.075544
v -0.056062 -0.021925 -0.075245
v -0.055258 -0.020357 -0.074813
v -0.055375 -0.018604 -0.074367
v -0.056379 -0.017137 -0.074024
v -0.058778 -0.020599 -0.055113
v -0.060581 -0.020691 -0.055212
v -0.062089 -0.021656 -0.055463
v -0.062900 -0.023237 -0.055799
v -0.062796 -0.025015 -0.056131
v -0.061800 -0.026513 -0.056370
v -0.060179 -0.027325 -0.056451
v -0.058368 -0.027233 -0.056351
v -0.056855 -0.026261 -0.056099
v -0.056049 -0.024671 -0.055761
v -0.056162 -0.022894 -0.055430
v -0.057162 -0.021404 -0.055193
v -0.059520 -0.022924 -0.039908
v -0.061321 -0.023016 -0.040000
v -0.062833 -0.023991 -0.040173
v -0.063652 -0.025591 -0.040383
v -0.063555 -0.027391 -0.040573
v -0.062564 -0.028907 -0.040692
v -0.060945 -0.029730 -0.040707
v -0.059132 -0.029636 -0.040614
v -0.057617 -0.028651 -0.040438
v -0.056805 -0.027043 -0.040228
v -0.056913 -0.025245 -0.040039
v -0.057907 -0.023738 -0.039922
v -0.060026 -0.023684 -0.027931
v -0.061828 -0.023777 -0.027978
v -0.063345 -0.024757 -0.028024
v -0.064172 -0.026367 -0.028058
v -0.064083 -0.028179 -0.028070
v -0.063096 -0.029706 -0.028057
v -0.061476 -0.030531 -0.028021
v -0.059661 -0.030433 -0.027973
v -0.058142 -0.029439 -0.027926
v -0.057326 -0.027820 -0.027893
v -0.057429 -0.026013 -0.027882
v -0.058417 -0.024501 -0.027896
v -0.060111 -0.023255 -0.018860
v -0.061910 -0.023338 -0.018789
v -0.063429 -0.024304 -0.018624
v -0.064259 -0.025901 -0.018409
v -0.064170 -0.027705 -0.018201
v -0.063180 -0.029227 -0.018055
v -0.061556 -0.030051 -0.018011
v -0.059741 -0.029956 -0.018082
v -0.058225 -0.028971 -0.018249
v -0.057414 -0.027366 -0.018466
v -0.057518 -0.025575 -0.018675
v -0.058505 -0.024072 -0.018819
v -0.059615 -0.022034 -0.012361
v -0.061387 -0.022062 -0.012045
v -0.062877 -0.022957 -0.011541
v -0.063678 -0.024489 -0.010980
v -0.063564 -0.026249 -0.010512
v -0.062559 -0.027754 -0.010264
v -0.060939 -0.028593 -0.010307
v -0.059148 -0.028541 -0.010628
v -0.057671 -0.027620 -0.011140
v -0.056901 -0.026086 -0.011704
v -0.057033 -0.024350 -0.012169
v -0.058026 -0.022870 -0.012407
v -0.058424 -0.020409 -0.008012
v -0.060072 -0.020275 -0.007291
v -0.061421 -0.020988 -0.006304
v -0.062095 -0.022367 -0.005313
v -0.061899 -0.024038 -0.004591
v -0.060886 -0.025542 -0.004339
v -0.059335 -0.026467 -0.004625
v -0.057676 -0.026566 -0.005370
v -0.056359 -0.025824 -0.006369
v -0.055729 -0.024450 -0.007350
v -0.055937 -0.022813 -0.008049
v -0.056918 -0.021339 -0.008288
v -0.056377 -0.018643 -0.005227
v -0.057679 -0.018225 -0.004037
v -0.058665 -0.018650 -0.002562
v -0.059059 -0.019814 -0.001206
v -0.058750 -0.021402 -0.000344
v -0.057824 -0.022978 -0.000216
v -0.056537 -0.024109 -0.000854
v -0.055245 -0.024491 -0.002079
v -0.054297 -0.024032 -0.003549
v -0.053932 -0.022870 -0.004863
v -0.054229 -0.021321 -0.005688
v -0.055116 -0.019779 -0.005824
v -0.053039 -0.016884 -0.003483
v -0.053809 -0.016201 -0.001987
v -0.054314 -0.016392 -0.000246
v -0.054417 -0.017415 0.001267
v -0.054089 -0.018995 0.002132
v -0.053421 -0.020697 0.002111
v -0.052598 -0.022055 0.001217
v -0.051845 -0.022705 -0.000297
v -0.051354 -0.022484 -0.002013
v -0.051248 -0.021466 -0.003481
v -0.051558 -0.019921 -0.004329
v -0.052214 -0.018247 -0.004335
v -0.047960 -0.015476 -0.002586
v -0.048265 -0.014670 -0.000987
v -0.048428 -0.014774 0.000825
v -0.048407 -0.015767 0.002357
v -0.048207 -0.017380 0.003188
v -0.047885 -0.019170 0.003094
v -0.047527 -0.020650 0.002110
v -0.047228 -0.021429 0.000510
v -0.047063 -0.021310 -0.001277
v -0.047078 -0.020330 -0.002783
v -0.047272 -0.018744 -0.003614
v -0.047596 -0.016969 -0.003545
v -0.040962 -0.014907 -0.002353
v -0.040912 -0.014074 -0.000736
v -0.040889 -0.014167 0.001086
v -0.040901 -0.015166 0.002614
v -0.040945 -0.016796 0.003431
v -0.041010 -0.018609 0.003320
v -0.041078 -0.020119 0.002324
v -0.041129 -0.020931 0.000713
v -0.041149 -0.020832 -0.001088
v -0.041134 -0.019848 -0.002601
v -0.041090 -0.018239 -0.003423
v -0.041027 -0.016432 -0.003333
v -0.054789 -0.002118 -0.124592
v -0.056070 -0.000839 -0.124581
v -0.057819 -0.000372 -0.124575
v -0.059567 -0.000840 -0.124576
v -0.060847 -0.002119 -0.124582
v -0.061318 -0.003868 -0.124593
v -0.060851 -0.005618 -0.124606
v -0.059570 -0.006902 -0.124617
v -0.057819 -0.007372 -0.124622
v -0.056067 -0.006902 -0.124622
v -0.054785 -0.005619 -0.124616
v -0.054318 -0.003868 -0.124604
v -0.054888 -0.001698 -0.097884
v -0.056169 -0.000420 -0.097935
v -0.057917 0.000047 -0.097963
v -0.059665 -0.000421 -0.097959
v -0.060946 -0.001700 -0.097924
v -0.061417 -0.003447 -0.097869
v -0.060950 -0.005197 -0.097807
v -0.059670 -0.006479 -0.097756
v -0.057918 -0.006949 -0.097728
v -0.056166 -0.006480 -0.097732
v -0.054885 -0.005197 -0.097767
v -0.054417 -0.003446 -0.097822
v -0.055106 -0.000538 -0.075295
v -0.056387 0.000737 -0.075400
v -0.058134 0.001202 -0.075453
v -0.059882 0.000735 -0.075438
v -0.061164 -0.000540 -0.075359
v -0.061636 -0.002285 -0.075238
v -0.061170 -0.004031 -0.075107
v -0.059889 -0.005311 -0.075001
v -0.058138 -0.005780 -0.074949
v -0.056385 -0.005310 -0.074964
v -0.055103 -0.004029 -0.075043
v -0.054636 -0.002282 -0.075164
v -0.055325 0.001210 -0.056503
v -0.056605 0.002479 -0.056664
v -0.058351 0.002944 -0.056735
v -0.060099 0.002479 -0.056696
v -0.061382 0.001210 -0.056558
v -0.061855 -0.000527 -0.056358
v -0.061390 -0.002267 -0.056149
v -0.060110 -0.003542 -0.055987
v -0.058358 -0.004008 -0.055916
v -0.056605 -0.003541 -0.055955
v -0.055323 -0.002265 -0.056094
v -0.054855 -0.000526 -0.056294
v -0.055426 0.003394 -0.041183
v -0.056705 0.004655 -0.041398
v -0.058451 0.005118 -0.041474
v -0.060198 0.004661 -0.041391
v -0.061482 0.003404 -0.041172
v -0.061956 0.001681 -0.040874
v -0.061492 -0.000047 -0.040578
v -0.060211 -0.001315 -0.040362
v -0.058458 -0.001780 -0.040286
v -0.056705 -0.001318 -0.040369
v -0.055424 -0.000054 -0.040590
v -0.054956 0.001671 -0.040888
v -0.055294 0.005853 -0.029019
v -0.056572 0.007104 -0.029278
v -0.058316 0.007572 -0.029336
v -0.060063 0.007132 -0.029177
v -0.061346 0.005899 -0.028843
v -0.061819 0.004200 -0.028424
v -0.061353 0.002491 -0.028030
v -0.060070 0.001231 -0.027770
v -0.058316 0.000763 -0.027712
v -0.056565 0.001211 -0.027873
v -0.055286 0.002452 -0.028208
v -0.054822 0.004151 -0.028628
v -0.054820 0.008416 -0.019710
v -0.056098 0.009660 -0.019991
v -0.057836 0.010147 -0.019987
v -0.059575 0.009746 -0.019698
v -0.060850 0.008560 -0.019200
v -0.061317 0.006902 -0.018626
v -0.060844 0.005219 -0.018130
v -0.059557 0.003965 -0.017845
v -0.057805 0.003481 -0.017850
v -0.056062 0.003894 -0.018143
v -0.054796 0.005090 -0.018643
v -0.054343 0.006745 -0.019217
v -0.053924 0.010890 -0.012970
v -0.055193 0.012143 -0.013226
v -0.056907 0.012684 -0.013084
v -0.058614 0.012368 -0.012581
v -0.059858 0.011270 -0.011847
v -0.060298 0.009682 -0.011077
v -0.059808 0.008031 -0.010481
v -0.058521 0.006768 -0.010220
v -0.056788 0.006235 -0.010366
v -0.055079 0.006571 -0.010878
v -0.053854 0.007679 -0.011616
v -0.053433 0.009259 -0.012382
v -0.052588 0.013059 -0.008506
v -0.053812 0.014364 -0.008653
v -0.055436 0.015035 -0.008261
v -0.057035 0.014887 -0.007427
v -0.058178 0.013948 -0.006367
v -0.058544 0.012466 -0.005365
v -0.058027 0.010845 -0.004697
v -0.056770 0.009529 -0.004546
v -0.055120 0.008874 -0.004952
v -0.053528 0.009050 -0.005803
v -0.052418 0.010000 -0.006865
v -0.052078 0.011465 -0.007854
v -0.050857 0.014759 -0.005873
v -0.051931 0.016192 -0.005829
v -0.053309 0.017094 -0.005092
v -0.054624 0.017213 -0.003843
v -0.055514 0.016505 -0.002415
v -0.055728 0.015155 -0.001196
v -0.055205 0.013533 -0.000526
v -0.054090 0.012084 -0.000587
v -0.052695 0.011203 -0.001359
v -0.051400 0.011119 -0.002627
v -0.050550 0.011844 -0.004040
v -0.050356 0.013174 -0.005223
v -0.048613 0.016036 -0.004434
v -0.049384 0.017643 -0.004191
v -0.050305 0.018799 -0.003148
v -0.051127 0.019187 -0.001571
v -0.051625 0.018688 0.000115
v -0.051662 0.017431 0.001446
v -0.051226 0.015760 0.002054
v -0.050440 0.014133 0.001774
v -0.049521 0.012996 0.000689
v -0.048718 0.012649 -0.000894
v -0.048236 0.013170 -0.002544
v -0.048197 0.014406 -0.003831
v -0.045375 0.016967 -0.003703
v -0.045746 0.018696 -0.003344
v -0.046152 0.020000 -0.002153
v -0.046482 0.020523 -0.000443
v -0.046649 0.020113 0.001328
v -0.046609 0.018877 0.002673
v -0.046372 0.017151 0.003223
v -0.046006 0.015411 0.002832
v -0.045607 0.014127 0.001617
v -0.045281 0.013635 -0.000087
v -0.045109 0.014056 -0.001824
v -0.045141 0.015272 -0.003145
v -0.040838 0.017346 -0.003498
v -0.040771 0.019111 -0.003107
v -0.040701 0.020451 -0.001886
v -0.040646 0.021002 -0.000151
v -0.040623 0.020605 0.001631
v -0.040638 0.019361 0.002971
v -0.040687 0.017616 0.003501
v -0.040760 0.015848 0.003086
v -0.040833 0.014527 0.001850
v -0.040886 0.013998 0.000127
v -0.040904 0.014397 -0.001632
v -0.040886 0.015622 -0.002959
vn 0.6276 0.3912 0.6731
vn -0.0653 0.5047 0.8608
vn -0.0056 0.0104 0.9999
vn 0.6444 0.0028 0.7647
vn 0.6172 0.6819 0.3925
vn -0.1084 0.8628 0.4938
vn 0.6163 0.7875 0.0007
vn -0.1234 0.9924 -0.0019
vn 0.6253 0.6771 -0.3880
vn -0.1060 0.8615 -0.4965
vn 0.6418 0.3866 -0.6623
vn -0.0605 0.5043 -0.8614
vn 0.6611 0.0037 -0.7503
vn 0.0016 0.0120 -0.9999
vn 0.6779 -0.3653 -0.6380
vn 0.0634 -0.4864 -0.8714
vn 0.6876 -0.6284 -0.3638
vn 0.1073 -0.8559 -0.5059
vn 0.6879 -0.7258 0.0008
vn 0.1212 -0.9926 -0.0009
vn 0.6789 -0.6348 0.3689
vn 0.1018 -0.8576 0.5042
vn 0.6631 -0.3719 0.6496
vn 0.0553 -0.4890 0.8705
vn -0.0954 0.5046 0.8581
vn 0.0515 0.0262 0.9983
vn -0.2178 0.8442 0.4898
vn -0.2838 0.9589 -0.0046
vn -0.2763 0.8234 -0.4956
vn -0.1968 0.4748 -0.8578
vn -0.0652 0.0016 -0.9979
vn 0.0847 -0.4755 -0.8756
vn 0.2118 -0.8296 -0.5167
vn 0.2795 -0.9601 -0.0130
vn 0.2686 -0.8256 0.4962
vn 0.1845 -0.4626 0.8672
vn -0.0669 0.5235 0.8494
vn 0.1962 0.0898 0.9764
vn -0.3107 0.8108 0.4961
vn -0.4723 0.8813 0.0166
vn -0.5118 0.7231 -0.4638
vn -0.4200 0.3800 -0.8241
vn -0.2198 -0.0610 -0.9736
vn 0.0393 -0.4888 -0.8715
vn 0.2905 -0.7918 -0.5373
vn 0.4640 -0.8843 -0.0521
vn 0.5076 -0.7325 0.4536
vn 0.4080 -0.3733 0.8332
vn 0.0127 0.5811 0.8137
vn 0.3893 0.2222 0.8939
vn -0.3613 0.7781 0.5138
vn -0.6356 0.7676 0.0822
vn -0.7440 0.5585 -0.3669
vn -0.6620 0.2070 -0.7204
vn -0.4106 -0.1978 -0.8901
vn -0.0516 -0.5533 -0.8314
vn 0.3250 -0.7662 -0.5543
vn 0.6194 -0.7751 -0.1250
vn 0.7459 -0.5698 0.3450
vn 0.6614 -0.2023 0.7222
vn 0.0986 0.6666 0.7388
vn 0.5404 0.3803 0.7505
vn -0.3650 0.7696 0.5240
vn -0.7252 0.6670 0.1707
vn -0.8925 0.3913 -0.2242
vn -0.8290 0.0156 -0.5591
vn -0.5523 -0.3642 -0.7499
vn -0.1312 -0.6513 -0.7474
vn 0.3283 -0.7686 -0.5491
vn 0.7051 -0.6795 -0.2029
vn 0.8929 -0.4028 0.2011
vn 0.8336 -0.0130 0.5522
vn 0.1526 0.7477 0.6463
vn 0.6155 0.5053 0.6049
vn -0.3495 0.7856 0.5105
vn -0.7537 0.6128 0.2376
vn -0.9553 0.2793 -0.0966
vn -0.9061 -0.1258 -0.4039
vn -0.6210 -0.4978 -0.6054
vn -0.1730 -0.7407 -0.6492
vn 0.3232 -0.7891 -0.5223
vn 0.7365 -0.6262 -0.2558
vn 0.9530 -0.2920 0.0810
vn 0.9095 0.1234 0.3970
vn 0.1780 0.8076 0.5623
vn 0.6451 0.5855 0.4910
vn -0.3363 0.8100 0.4805
vn -0.7578 0.5944 0.2693
vn -0.9751 0.2214 -0.0130
vn -0.9338 -0.2087 -0.2908
vn -0.6467 -0.5832 -0.4915
vn -0.1892 -0.8046 -0.5629
vn 0.3198 -0.8136 -0.4857
vn 0.7455 -0.6053 -0.2788
vn 0.9724 -0.2331 0.0037
vn 0.9364 0.2036 0.2860
vn 0.1888 0.8486 0.4942
vn 0.6558 0.6343 0.4093
vn -0.3287 0.8329 0.4453
vn -0.7564 0.5929 0.2764
vn -0.9802 0.1950 0.0339
vn -0.9426 -0.2537 -0.2170
vn -0.6553 -0.6345 -0.4099
vn -0.1945 -0.8473 -0.4943
vn 0.3185 -0.8356 -0.4476
vn 0.7480 -0.6010 -0.2816
vn 0.9781 -0.2045 -0.0397
vn 0.9449 0.2481 0.2135
vn 0.1934 0.8766 0.4406
vn 0.6596 0.6644 0.3514
vn -0.3248 0.8520 0.4106
vn -0.7546 0.5979 0.2702
vn -0.9812 0.1841 0.0575
vn -0.9454 -0.2781 -0.1702
vn -0.6580 -0.6656 -0.3522
vn -0.1959 -0.8761 -0.4405
vn 0.3185 -0.8538 -0.4118
vn 0.7488 -0.6038 -0.2733
vn 0.9795 -0.1916 -0.0613
vn 0.9474 0.2729 0.1675
vn 0.1953 0.8964 0.3980
vn 0.6608 0.6836 0.3100
vn -0.3228 0.8674 0.3787
vn -0.7535 0.6050 0.2574
vn -0.9813 0.1805 0.0672
vn -0.9462 -0.2915 -0.1407
vn -0.6587 -0.6852 -0.3108
vn -0.1960 -0.8962 -0.3980
vn 0.3190 -0.8686 -0.3792
vn 0.7494 -0.6093 -0.2594
vn 0.9799 -0.1866 -0.0699
vn 0.9479 0.2868 0.1385
vn 0.1961 0.9106 0.3638
vn 0.6611 0.6962 0.2797
vn -0.3218 0.8798 0.3498
vn -0.7528 0.6123 0.2418
vn -0.9811 0.1806 0.0689
vn -0.9464 -0.2989 -0.1222
vn -0.6589 -0.6980 -0.2805
vn -0.1958 -0.9107 -0.3638
vn 0.3195 -0.8805 -0.3501
vn 0.7498 -0.6154 -0.2430
vn 0.9801 -0.1855 -0.0709
vn 0.9480 0.2947 0.1205
vn 0.1972 0.9220 0.3332
vn 0.6618 0.7042 0.2570
vn -0.3208 0.8916 0.3197
vn -0.7523 0.6210 0.2200
vn -0.9811 0.1835 0.0612
vn -0.9463 -0.3026 -0.1138
vn -0.6583 -0.7072 -0.2581
vn -0.1948 -0.9225 -0.3333
vn 0.3203 -0.8918 -0.3197
vn 0.7501 -0.6234 -0.2208
vn 0.9801 -0.1884 -0.0630
vn 0.9482 0.2974 0.1119
vn 0.1986 0.9339 0.2973
vn 0.6631 0.7105 0.2355
vn -0.3200 0.9055 0.2789
vn -0.7521 0.6325 0.1851
vn -0.9811 0.1892 0.0415
vn -0.9459 -0.3042 -0.1129
vn -0.6575 -0.7152 -0.2369
vn -0.1943 -0.9348 -0.2974
vn 0.3201 -0.9054 -0.2788
vn 0.7495 -0.6354 -0.1860
vn 0.9797 -0.1959 -0.0437
vn 0.9486 0.2966 0.1106
vn 0.1998 0.9473 0.2506
vn 0.6641 0.7183 0.2076
vn -0.3190 0.9204 0.2258
vn -0.7515 0.6448 0.1400
vn -0.9806 0.1955 0.0166
vn -0.9457 -0.3054 -0.1111
vn -0.6580 -0.7235 -0.2087
vn -0.1956 -0.9481 -0.2506
vn 0.3183 -0.9207 -0.2259
vn 0.7478 -0.6488 -0.1412
vn 0.9788 -0.2039 -0.0188
vn 0.9488 0.2964 0.1089
vn 0.2018 0.9606 0.1912
vn 0.6659 0.7269 0.1679
vn -0.3173 0.9343 0.1627
vn -0.7503 0.6550 0.0902
vn -0.9799 0.1994 -0.0065
vn -0.9458 -0.3085 -0.1011
vn -0.6594 -0.7327 -0.1685
vn -0.1983 -0.9613 -0.1910
vn 0.3149 -0.9350 -0.1629
vn 0.7450 -0.6607 -0.0915
vn 0.9777 -0.2102 0.0043
vn 0.9495 0.2977 0.0993
vn 0.2045 0.9722 0.1143
vn 0.6686 0.7354 0.1099
vn -0.3153 0.9449 0.0876
vn -0.7491 0.6614 0.0372
vn -0.9795 0.2002 -0.0230
vn -0.9466 -0.3131 -0.0767
vn -0.6620 -0.7414 -0.1099
vn -0.2026 -0.9726 -0.1139
vn 0.3101 -0.9466 -0.0879
vn 0.7414 -0.6699 -0.0385
vn 0.9765 -0.2143 0.0213
vn 0.9508 0.3003 0.0757
vn 0.2065 0.9784 0.0133
vn 0.6714 0.7407 0.0236
vn -0.3147 0.9492 -0.0006
vn -0.7492 0.6622 -0.0142
vn -0.9799 0.1979 -0.0235
vn -0.9480 -0.3170 -0.0264
vn -0.6654 -0.7462 -0.0223
vn -0.2080 -0.9781 -0.0125
vn 0.3045 -0.9525 0.0006
vn 0.7377 -0.6750 0.0138
vn 0.9760 -0.2165 0.0235
vn 0.9529 0.3021 0.0272
vn 0.2026 0.9719 -0.1200
vn 0.6700 0.7347 -0.1068
vn -0.3198 0.9422 -0.1000
vn -0.7526 0.6564 -0.0519
vn -0.9804 0.1965 0.0106
vn -0.9474 -0.3124 0.0701
vn -0.6662 -0.7375 0.1107
vn -0.2112 -0.9698 0.1222
vn 0.3004 -0.9484 0.1017
vn 0.7350 -0.6758 0.0549
vn 0.9753 -0.2208 -0.0059
vn 0.9528 0.2965 -0.0649
vn 0.1784 0.9401 -0.2905
vn 0.6481 0.6996 -0.3007
vn -0.3381 0.9201 -0.1977
vn -0.7572 0.6514 -0.0494
vn -0.9707 0.2130 0.1116
vn -0.9298 -0.2775 0.2419
vn -0.6491 -0.6952 0.3088
vn -0.2002 -0.9340 0.2958
vn 0.3039 -0.9301 0.2063
vn 0.7317 -0.6786 0.0636
vn 0.9658 -0.2413 -0.0949
vn 0.9369 0.2649 -0.2281
vn 0.1063 0.8727 -0.4766
vn 0.5605 0.6098 -0.5604
vn -0.3685 0.8931 -0.2582
vn -0.7366 0.6758 0.0277
vn -0.9093 0.2854 0.3029
vn -0.8491 -0.1762 0.4981
vn -0.5728 -0.5930 0.5659
vn -0.1484 -0.8594 0.4894
vn 0.3193 -0.9032 0.2867
vn 0.7088 -0.7054 0.0089
vn 0.9103 -0.3115 -0.2725
vn 0.8584 0.1728 -0.4830
vn -0.0043 0.7941 -0.6078
vn 0.3665 0.4737 -0.8008
vn -0.3671 0.8949 -0.2537
vn -0.6308 0.7591 0.1610
vn -0.7319 0.4286 0.5297
vn -0.6474 -0.0098 0.7621
vn -0.3983 -0.4461 0.8015
vn -0.0450 -0.7698 0.6367
vn 0.3249 -0.8951 0.3054
vn 0.6135 -0.7816 -0.1125
vn 0.7341 -0.4496 -0.5089
vn 0.6422 0.0147 -0.7664
vn -0.0757 0.7527 -0.6540
vn 0.1554 0.3666 -0.9173
vn -0.2879 0.9321 -0.2199
vn -0.4262 0.8645 0.2663
vn -0.4554 0.5744 0.6802
vn -0.3682 0.1384 0.9194
vn -0.1856 -0.3338 0.9242
vn 0.0476 -0.7228 0.6894
vn 0.2706 -0.9247 0.2677
vn 0.4186 -0.8771 -0.2355
vn 0.4454 -0.5834 -0.6792
vn 0.3463 -0.1246 -0.9298
vn -0.0648 0.7498 -0.6585
vn 0.0358 0.3290 -0.9437
vn -0.1500 0.9681 -0.2008
vn -0.1969 0.9314 0.3062
vn -0.1931 0.6534 0.7319
vn -0.1389 0.2065 0.9686
vn -0.0474 -0.2966 0.9538
vn 0.0575 -0.7257 0.6856
vn 0.1461 -0.9626 0.2283
vn 0.1920 -0.9358 -0.2958
vn 0.1835 -0.6491 -0.7382
vn 0.1261 -0.1840 -0.9748
vn 0.6262 0.5830 -0.5177
vn 0.6556 0.2384 -0.7165
vn 0.6028 0.7813 -0.1619
vn 0.5923 0.7658 0.2505
vn 0.5979 0.5374 0.5947
vn 0.6183 0.1674 0.7679
vn 0.6479 -0.2305 0.7261
vn 0.6779 -0.5435 0.4951
vn 0.6998 -0.6983 0.1503
vn 0.7084 -0.6710 -0.2190
vn 0.7022 -0.4742 -0.5311
vn 0.6831 -0.1475 -0.7152
vn 0.6539 0.3764 -0.6563
vn 0.8674 0.4974 -0.0109
vn 1.0000 -0.0028 0.0068
vn 0.7593 -0.0010 -0.6507
vn 0.3757 0.6495 -0.6610
vn 0.5017 0.8646 -0.0256
vn 0.0002 0.7480 -0.6637
vn 0.0006 0.9994 -0.0335
vn -0.3743 0.6478 -0.6635
vn -0.5008 0.8650 -0.0323
vn -0.6505 0.3748 -0.6606
vn -0.8671 0.4976 -0.0225
vn -0.7550 -0.0010 -0.6557
vn -1.0000 -0.0030 -0.0066
vn -0.6576 -0.3808 -0.6501
vn -0.8647 -0.5022 0.0111
vn -0.3814 -0.6619 -0.6453
vn -0.4985 -0.8665 0.0257
vn 0.0002 -0.7662 -0.6426
vn 0.0004 -0.9994 0.0335
vn 0.3828 -0.6635 -0.6428
vn 0.4990 -0.8660 0.0324
vn 0.6609 -0.3824 -0.6458
vn 0.8648 -0.5016 0.0226
vn 0.8677 0.4964 -0.0266
vn 0.9999 -0.0031 0.0109
vn 0.5020 0.8630 -0.0569
vn 0.0006 0.9974 -0.0720
vn -0.5009 0.8628 -0.0676
vn -0.8672 0.4959 -0.0450
vn -0.9999 -0.0037 -0.0104
vn -0.8647 -0.5016 0.0270
vn -0.4988 -0.8649 0.0571
vn -0.0003 -0.9974 0.0720
vn 0.4982 -0.8644 0.0677
vn 0.8643 -0.5009 0.0453
vn 0.8681 0.4939 -0.0502
vn 0.9999 -0.0038 0.0096
vn 0.5022 0.8594 -0.0966
vn 0.0005 0.9931 -0.1169
vn -0.5013 0.8588 -0.1056
vn -0.8674 0.4932 -0.0660
vn -1.0000 -0.0042 -0.0086
vn -0.8648 -0.4995 0.0510
vn -0.4993 -0.8610 0.0968
vn -0.0013 -0.9931 0.1169
vn 0.4972 -0.8612 0.1059
vn 0.8637 -0.4996 0.0667
vn 0.8683 0.4886 -0.0859
vn 1.0000 -0.0061 -0.0011
vn 0.5019 0.8522 -0.1477
vn -0.0003 0.9855 -0.1697
vn -0.5022 0.8524 -0.1457
vn -0.8679 0.4898 -0.0825
vn -1.0000 -0.0033 0.0028
vn -0.8648 -0.4944 0.0871
vn -0.4999 -0.8533 0.1481
vn -0.0025 -0.9855 0.1698
vn 0.4960 -0.8559 0.1463
vn 0.8631 -0.4981 0.0839
vn 0.8673 0.4775 -0.1404
vn 0.9995 -0.0125 -0.0277
vn 0.5000 0.8389 -0.2153
vn -0.0031 0.9728 -0.2318
vn -0.5046 0.8432 -0.1855
vn -0.8689 0.4869 -0.0893
vn -0.9995 0.0014 0.0307
vn -0.8640 -0.4831 0.1422
vn -0.4998 -0.8389 0.2158
vn -0.0032 -0.9727 0.2322
vn 0.4949 -0.8485 0.1871
vn 0.8624 -0.4978 0.0922
vn 0.8620 0.4547 -0.2241
vn 0.9963 -0.0286 -0.0817
vn 0.4927 0.8146 -0.3060
vn -0.0106 0.9525 -0.3044
vn -0.5097 0.8318 -0.2200
vn -0.8695 0.4881 -0.0764
vn -0.9961 0.0160 0.0871
vn -0.8591 -0.4587 0.2270
vn -0.4961 -0.8122 0.3069
vn -0.0018 -0.9521 0.3059
vn 0.4944 -0.8399 0.2240
vn 0.8606 -0.5026 0.0824
vn 0.8420 0.4086 -0.3522
vn 0.9813 -0.0663 -0.1805
vn 0.4709 0.7714 -0.4280
vn -0.0287 0.9221 -0.3858
vn -0.5174 0.8221 -0.2377
vn -0.8638 0.5032 -0.0260
vn -0.9800 0.0538 0.1914
vn -0.8399 -0.4082 0.3577
vn -0.4808 -0.7639 0.4304
vn 0.0057 -0.9205 0.3908
vn 0.4936 -0.8335 0.2482
vn 0.8522 -0.5217 0.0394
vn 0.7790 0.3215 -0.5384
vn 0.9275 -0.1466 -0.3439
vn 0.4123 0.6996 -0.5836
vn -0.0651 0.8831 -0.4646
vn -0.5182 0.8270 -0.2182
vn -0.8286 0.5535 0.0844
vn -0.9217 0.1383 0.3625
vn -0.7777 -0.3116 0.5460
vn -0.4330 -0.6823 0.5890
vn 0.0271 -0.8771 0.4795
vn 0.4853 -0.8396 0.2439
vn 0.8175 -0.5731 -0.0571
vn 0.6171 0.1865 -0.7645
vn 0.7726 -0.2864 -0.5666
vn 0.2886 0.6039 -0.7429
vn -0.1119 0.8501 -0.5146
vn -0.4756 0.8665 -0.1514
vn -0.7121 0.6573 0.2468
vn -0.7655 0.2807 0.5790
vn -0.6243 -0.1671 0.7631
vn -0.3227 -0.5736 0.7529
vn 0.0660 -0.8337 0.5483
vn 0.4434 -0.8743 0.1977
vn 0.7060 -0.6761 -0.2106
vn 0.3589 0.0542 -0.9318
vn 0.4883 -0.4336 -0.7573
vn 0.1334 0.5220 -0.8424
vn -0.1260 0.8412 -0.5258
vn -0.3519 0.9330 -0.0752
vn -0.4866 0.7817 0.3900
vn -0.4971 0.4312 0.7530
vn -0.3806 -0.0290 0.9243
vn -0.1653 -0.4835 0.8596
vn 0.0960 -0.8157 0.5704
vn 0.3342 -0.9343 0.1241
vn 0.4801 -0.7976 -0.3652
vn 0.1323 -0.0133 -0.9911
vn 0.1990 -0.5112 -0.8361
vn 0.0306 0.4854 -0.8737
vn -0.0816 0.8488 -0.5223
vn -0.1745 0.9840 -0.0363
vn -0.2230 0.8619 0.4553
vn -0.2140 0.5183 0.8280
vn -0.1491 0.0407 0.9880
vn -0.0443 -0.4505 0.8917
vn 0.0728 -0.8273 0.5571
vn 0.1683 -0.9835 0.0662
vn 0.2136 -0.8685 -0.4473
vn 0.6835 -0.0251 -0.7295
vn 0.7042 -0.3770 -0.6016
vn 0.6538 0.3564 -0.6674
vn 0.6221 0.6647 -0.4137
vn 0.5969 0.8019 -0.0281
vn 0.5859 0.7170 0.3778
vn 0.5928 0.4323 0.6795
vn 0.6160 0.0368 0.7869
vn 0.6488 -0.3483 0.6766
vn 0.6812 -0.6163 0.3952
vn 0.7039 -0.7096 0.0304
vn 0.7118 -0.6215 -0.3272
vn 0.7953 -0.3091 -0.5216
vn 0.7789 -0.0092 -0.6271
vn 0.0047 -0.0060 -1.0000
vn 0.0648 -0.5011 -0.8629
vn 0.8049 -0.5152 -0.2944
vn 0.1080 -0.8613 -0.4964
vn 0.8058 -0.5922 -0.0026
vn 0.1230 -0.9924 0.0009
vn 0.7974 -0.5262 0.2954
vn 0.1054 -0.8609 0.4977
vn 0.7815 -0.3205 0.5352
vn 0.0597 -0.5013 0.8632
vn 0.7618 -0.0099 0.6477
vn -0.0023 -0.0072 1.0000
vn 0.7438 0.3282 0.5823
vn -0.0639 0.4906 0.8691
vn 0.7329 0.5881 0.3421
vn -0.1078 0.8575 0.5031
vn 0.7325 0.6808 -0.0028
vn -0.1218 0.9926 0.0001
vn 0.7425 0.5766 -0.3408
vn -0.1026 0.8583 -0.5027
vn 0.7596 0.3172 -0.5677
vn -0.0563 0.4921 -0.8687
vn -0.0543 -0.0206 -0.9983
vn 0.0931 -0.4991 -0.8615
vn 0.2165 -0.8415 -0.4950
vn 0.2832 -0.9591 0.0011
vn 0.2754 -0.8239 0.4954
vn 0.1952 -0.4726 0.8594
vn 0.0629 0.0038 0.9980
vn -0.0868 0.4815 0.8722
vn -0.2132 0.8327 0.5110
vn -0.2805 0.9598 0.0092
vn -0.2701 0.8252 -0.4961
vn -0.1869 0.4652 -0.8653
vn -0.2012 -0.0837 -0.9760
vn 0.0614 -0.5169 -0.8538
vn 0.3069 -0.8076 -0.5036
vn 0.4709 -0.8819 -0.0225
vn 0.5113 -0.7246 0.4621
vn 0.4185 -0.3788 0.8254
vn 0.2162 0.0660 0.9741
vn -0.0442 0.4953 0.8676
vn -0.2946 0.7957 0.5293
vn -0.4659 0.8837 0.0446
vn -0.5085 0.7305 -0.4559
vn -0.4105 0.3749 -0.8312
vn -0.3940 -0.2168 -0.8932
vn -0.0206 -0.5755 -0.8175
vn 0.3546 -0.7762 -0.5213
vn 0.6329 -0.7691 -0.0892
vn 0.7442 -0.5603 0.3637
vn 0.6618 -0.2062 0.7208
vn 0.4073 0.2018 0.8907
vn 0.0451 0.5583 0.8284
vn -0.3318 0.7687 0.5468
vn -0.6229 0.7737 0.1161
vn -0.7456 0.5672 -0.3498
vn -0.6616 0.2034 -0.7218
vn -0.5431 -0.3768 -0.7504
vn -0.1054 -0.6634 -0.7408
vn 0.3577 -0.7694 -0.5291
vn 0.7215 -0.6695 -0.1766
vn 0.8925 -0.3936 0.2205
vn 0.8295 -0.0153 0.5583
vn 0.5500 0.3671 0.7502
vn 0.1252 0.6542 0.7458
vn -0.3352 0.7690 0.5443
vn -0.7091 0.6772 0.1964
vn -0.8929 0.4004 -0.2059
vn -0.8327 0.0135 -0.5536
vn -0.6168 -0.5037 -0.6049
vn -0.1570 -0.7462 -0.6470
vn 0.3440 -0.7864 -0.5131
vn 0.7502 -0.6156 -0.2413
vn 0.9549 -0.2819 0.0938
vn 0.9066 0.1253 0.4029
vn 0.6197 0.4993 0.6056
vn 0.1689 0.7421 0.6487
vn -0.3285 0.7885 0.5199
vn -0.7400 0.6236 0.2521
vn -0.9535 0.2894 -0.0841
vn -0.9088 -0.1239 -0.3983
vn -0.6455 -0.5850 -0.4911
vn -0.1804 -0.8069 -0.5624
vn 0.3328 -0.8107 -0.4817
vn 0.7552 -0.5967 -0.2713
vn 0.9746 -0.2238 0.0112
vn 0.9342 0.2077 0.2900
vn 0.6463 0.5837 0.4916
vn 0.1868 0.8052 0.5628
vn -0.3232 0.8129 0.4846
vn -0.7480 0.6031 0.2768
vn -0.9730 0.2307 -0.0056
vn -0.9358 -0.2046 -0.2869
vn -0.6558 -0.6343 -0.4094
vn -0.1901 -0.8483 -0.4943
vn 0.3265 -0.8335 -0.4458
vn 0.7546 -0.5946 -0.2775
vn 0.9798 -0.1970 -0.0351
vn 0.9431 0.2526 0.2163
vn 0.6553 0.6345 0.4098
vn 0.1933 0.8475 0.4943
vn -0.3206 0.8350 0.4471
vn -0.7497 0.5994 0.2805
vn -0.9785 0.2026 0.0385
vn -0.9445 -0.2493 -0.2142
vn -0.6593 -0.6647 -0.3516
vn -0.1940 -0.8765 -0.4405
vn 0.3234 -0.8524 -0.4109
vn 0.7534 -0.5992 -0.2708
vn 0.9809 -0.1856 -0.0583
vn 0.9458 0.2771 0.1696
vn 0.6583 0.6654 0.3520
vn 0.1954 0.8762 0.4405
vn -0.3198 0.8534 0.4115
vn -0.7500 0.6026 0.2726
vn -0.9799 0.1901 0.0605
vn -0.9470 -0.2739 -0.1680
vn -0.6604 -0.6839 -0.3101
vn -0.1955 -0.8963 -0.3980
vn 0.3220 -0.8677 -0.3788
vn 0.7526 -0.6059 -0.2578
vn 0.9810 -0.1818 -0.0678
vn 0.9465 0.2906 0.1402
vn 0.6591 0.6849 0.3106
vn 0.1958 0.8962 0.3980
vn -0.3198 0.8683 0.3791
vn -0.7502 0.6084 0.2590
vn -0.9802 0.1854 0.0694
vn -0.9476 -0.2877 -0.1390
vn -0.6606 -0.6966 -0.2799
vn -0.1959 -0.9106 -0.3638
vn 0.3214 -0.8799 -0.3499
vn 0.7522 -0.6129 -0.2420
vn 0.9809 -0.1816 -0.0693
vn 0.9468 0.2980 0.1219
vn 0.6594 0.6976 0.2803
vn 0.1959 0.9106 0.3638
vn -0.3199 0.8804 0.3501
vn -0.7504 0.6148 0.2428
vn -0.9803 0.1845 0.0704
vn -0.9476 -0.2956 -0.1209
vn -0.6611 -0.7048 -0.2573
vn -0.1967 -0.9221 -0.3332
vn 0.3206 -0.8916 -0.3197
vn 0.7518 -0.6215 -0.2202
vn 0.9809 -0.1846 -0.0616
vn 0.9467 0.3015 0.1134
vn 0.6590 0.7066 0.2579
vn 0.1953 0.9224 0.3333
vn -0.3204 0.8917 0.3197
vn -0.7506 0.6229 0.2207
vn -0.9803 0.1874 0.0626
vn -0.9478 -0.2985 -0.1123
vn -0.6620 -0.7114 -0.2358
vn -0.1978 -0.9341 -0.2973
vn 0.3199 -0.9055 -0.2789
vn 0.7516 -0.6331 -0.1853
vn 0.9808 -0.1905 -0.0420
vn 0.9464 0.3027 0.1125
vn 0.6586 0.7143 0.2366
vn 0.1951 0.9346 0.2974
vn -0.3202 0.9054 0.2788
vn -0.7500 0.6348 0.1859
vn -0.9799 0.1946 0.0433
vn -0.9481 -0.2981 -0.1111
vn -0.6629 -0.7193 -0.2078
vn -0.1989 -0.9474 -0.2506
vn 0.3188 -0.9205 -0.2258
vn 0.7507 -0.6456 -0.1403
vn 0.9802 -0.1972 -0.0170
vn 0.9463 0.3036 0.1106
vn 0.6592 0.7225 0.2085
vn 0.1964 0.9480 0.2506
vn -0.3184 0.9206 0.2259
vn -0.7485 0.6480 0.1409
vn -0.9792 0.2022 0.0184
vn -0.9482 -0.2982 -0.1093
vn -0.6646 -0.7281 -0.1680
vn -0.2011 -0.9607 -0.1911
vn 0.3168 -0.9344 -0.1627
vn 0.7492 -0.6562 -0.0905
vn 0.9794 -0.2016 0.0060
vn 0.9466 0.3063 0.1008
vn 0.6607 0.7316 0.1684
vn 0.1990 0.9612 0.1910
vn -0.3155 0.9349 0.1628
vn -0.7461 0.6596 0.0913
vn -0.9781 0.2080 -0.0048
vn -0.9488 -0.2999 -0.0997
vn -0.6673 -0.7366 -0.1099
vn -0.2042 -0.9722 -0.1142
vn 0.3142 -0.9453 -0.0877
vn 0.7475 -0.6633 -0.0375
vn 0.9789 -0.2031 0.0227
vn 0.9475 0.3105 0.0765
vn 0.6632 0.7403 0.1099
vn 0.2029 0.9725 0.1140
vn -0.3112 0.9463 0.0878
vn -0.7430 0.6682 0.0382
vn -0.9772 0.2114 -0.0217
vn -0.9500 -0.3029 -0.0759
vn -0.6703 -0.7418 -0.0234
vn -0.2069 -0.9783 -0.0132
vn 0.3125 -0.9499 0.0007
vn 0.7468 -0.6649 0.0141
vn 0.9792 -0.2018 0.0235
vn 0.9490 0.3141 0.0265
vn 0.6665 0.7452 0.0225
vn 0.2075 0.9782 0.0126
vn -0.3066 0.9518 -0.0006
vn -0.7400 0.6724 -0.0138
vn -0.9768 0.2128 -0.0235
vn -0.9519 -0.3051 -0.0271
vn -0.6693 -0.7352 0.1075
vn -0.2046 -0.9714 0.1205
vn 0.3155 -0.9436 0.1005
vn 0.7489 -0.6606 0.0526
vn 0.9794 -0.2015 -0.0097
vn 0.9484 0.3094 -0.0693
vn 0.6666 0.7372 -0.1102
vn 0.2091 0.9703 -0.1219
vn -0.3044 0.9471 -0.1013
vn -0.7385 0.6720 -0.0542
vn -0.9764 0.2160 0.0068
vn -0.9518 -0.2997 0.0659
vn -0.6485 -0.6986 0.3023
vn -0.1832 -0.9388 0.2918
vn 0.3308 -0.9223 0.1998
vn 0.7520 -0.6571 0.0522
vn 0.9697 -0.2186 -0.1089
vn 0.9308 0.2753 -0.2402
vn 0.6484 0.6962 -0.3079
vn 0.1958 0.9353 -0.2949
vn -0.3104 0.9283 -0.2045
vn -0.7367 0.6735 -0.0607
vn -0.9669 0.2356 0.0982
vn -0.9355 -0.2675 0.2307
vn -0.5632 -0.6060 0.5618
vn -0.1154 -0.8698 0.4797
vn 0.3587 -0.8953 0.2640
vn 0.7316 -0.6814 -0.0216
vn 0.9092 -0.2898 -0.2988
vn 0.8500 0.1758 -0.4966
vn 0.5705 0.5958 -0.5653
vn 0.1413 0.8618 -0.4871
vn -0.3281 0.9018 -0.2814
vn -0.7143 0.6999 -0.0014
vn -0.9102 0.3060 0.2791
vn -0.8563 -0.1738 0.4864
vn -0.3737 -0.4672 0.8013
vn -0.0059 -0.7894 0.6139
vn 0.3595 -0.8954 0.2628
vn 0.6279 -0.7629 -0.1537
vn 0.7321 -0.4317 -0.5269
vn 0.6468 0.0106 -0.7626
vn 0.3940 0.4503 -0.8012
vn 0.0372 0.7742 -0.6319
vn -0.3329 0.8954 -0.2956
vn -0.6175 0.7769 0.1229
vn -0.7338 0.4445 0.5137
vn -0.6433 -0.0134 0.7655
vn -0.1618 -0.3600 0.9188
vn 0.0701 -0.7473 0.6607
vn 0.2846 -0.9311 0.2283
vn 0.4249 -0.8668 -0.2610
vn 0.4544 -0.5761 -0.6795
vn 0.3658 -0.1362 -0.9207
vn 0.1813 0.3397 -0.9229
vn -0.0527 0.7288 -0.6827
vn -0.2745 0.9264 -0.2578
vn -0.4206 0.8743 0.2423
vn -0.4476 0.5815 0.6793
vn -0.3511 0.1278 0.9276
vn -0.0381 -0.3227 0.9457
vn 0.0632 -0.7453 0.6637
vn 0.1488 -0.9671 0.2062
vn 0.1959 -0.9324 -0.3037
vn 0.1917 -0.6531 -0.7326
vn 0.1371 -0.2024 -0.9697
vn 0.0454 0.3033 -0.9518
vn -0.0593 0.7311 -0.6797
vn -0.1474 0.9638 -0.2220
vn -0.1936 0.9346 0.2983
vn -0.1857 0.6499 0.7370
vn -0.1286 0.1886 0.9736
vn 0.7671 -0.2130 0.6052
vn 0.7962 -0.4591 0.3941
vn 0.8175 -0.5653 0.1106
vn 0.8266 -0.5348 -0.1755
vn 0.8217 -0.3863 -0.4189
vn 0.8034 -0.1367 -0.5795
vn 0.7749 0.1805 -0.6057
vn 0.7433 0.4883 -0.4572
vn 0.7182 0.6792 -0.1513
vn 0.7078 0.6715 0.2192
vn 0.7152 0.4617 0.5247
vn 0.7373 0.1276 0.6634
vn -0.5570 -0.3183 -0.7671
vn -0.6346 0.0028 -0.7728
vn -1.0000 0.0016 -0.0067
vn -0.8669 -0.4984 0.0109
vn -0.3255 -0.5597 -0.7621
vn -0.5011 -0.8650 0.0256
vn -0.0007 -0.6507 -0.7594
vn -0.0004 -0.9994 0.0335
vn 0.3259 -0.5629 -0.7595
vn 0.5004 -0.8652 0.0323
vn 0.5612 -0.3216 -0.7626
vn 0.8666 -0.4985 0.0225
vn 0.6408 0.0028 -0.7677
vn 1.0000 0.0019 0.0066
vn 0.5475 0.3194 -0.7735
vn 0.8652 0.5013 -0.0110
vn 0.3122 0.5448 -0.7783
vn 0.4991 0.8662 -0.0257
vn -0.0007 0.6246 -0.7809
vn -0.0002 0.9994 -0.0335
vn -0.3117 0.5415 -0.7808
vn -0.4994 0.8658 -0.0324
vn -0.5432 0.3161 -0.7778
vn -0.8653 0.5008 -0.0226
vn -0.9999 0.0017 -0.0108
vn -0.8671 -0.4974 0.0267
vn -0.5013 -0.8634 0.0570
vn -0.0006 -0.9974 0.0720
vn 0.5004 -0.8632 0.0676
vn 0.8666 -0.4970 0.0451
vn 0.9999 0.0024 0.0105
vn 0.8653 0.5006 -0.0269
vn 0.4994 0.8645 -0.0571
vn 0.0003 0.9974 -0.0720
vn -0.4988 0.8641 -0.0677
vn -0.8649 0.4999 -0.0453
vn -1.0000 0.0022 -0.0094
vn -0.8674 -0.4950 0.0504
vn -0.5016 -0.8597 0.0966
vn -0.0007 -0.9931 0.1169
vn 0.5004 -0.8593 0.1057
vn 0.8666 -0.4945 0.0661
vn 1.0000 0.0026 0.0088
vn 0.8654 0.4984 -0.0508
vn 0.4999 0.8607 -0.0968
vn 0.0011 0.9931 -0.1169
vn -0.4980 0.8607 -0.1059
vn -0.8645 0.4983 -0.0665
vn -1.0000 0.0042 0.0014
vn -0.8676 -0.4898 0.0862
vn -0.5016 -0.8524 0.1478
vn -0.0003 -0.9855 0.1697
vn 0.5009 -0.8531 0.1458
vn 0.8669 -0.4915 0.0828
vn 1.0000 0.0014 -0.0024
vn 0.8655 0.4933 -0.0869
vn 0.5003 0.8531 -0.1481
vn 0.0019 0.9855 -0.1698
vn -0.4972 0.8552 -0.1462
vn -0.8641 0.4964 -0.0836
vn -0.9995 0.0102 0.0283
vn -0.8667 -0.4786 0.1407
vn -0.5000 -0.8388 0.2154
vn 0.0017 -0.9727 0.2319
vn 0.5026 -0.8443 0.1859
vn 0.8676 -0.4892 0.0899
vn 0.9995 -0.0037 -0.0301
vn 0.8646 0.4820 -0.1419
vn 0.4997 0.8389 -0.2157
vn 0.0019 0.9727 -0.2321
vn -0.4969 0.8475 -0.1868
vn -0.8637 0.4956 -0.0915
vn -0.9962 0.0260 0.0828
vn -0.8614 -0.4554 0.2247
vn -0.4935 -0.8141 0.3061
vn 0.0079 -0.9524 0.3048
vn 0.5064 -0.8335 0.2209
vn 0.8676 -0.4911 0.0776
vn 0.9961 -0.0185 -0.0862
vn 0.8596 0.4580 -0.2266
vn 0.4952 0.8128 -0.3068
vn -0.0008 0.9522 -0.3056
vn -0.4975 0.8383 -0.2232
vn -0.8624 0.4997 -0.0812
vn -0.9811 0.0637 0.1826
vn -0.8417 -0.4085 0.3532
vn -0.4731 -0.7698 0.4285
vn 0.0237 -0.9218 0.3870
vn 0.5124 -0.8246 0.2400
vn 0.8614 -0.5071 0.0285
vn 0.9802 -0.0563 -0.1897
vn 0.8401 0.4084 -0.3571
vn 0.4786 0.7655 -0.4302
vn -0.0103 0.9209 -0.3897
vn -0.4984 0.8313 -0.2460
vn -0.8546 0.5180 -0.0367
vn -0.9263 0.1448 0.3478
vn -0.7787 -0.3194 0.5400
vn -0.4167 -0.6959 0.5849
vn 0.0572 -0.8819 0.4679
vn 0.5117 -0.8297 0.2232
vn 0.8264 -0.5574 -0.0798
vn 0.9223 -0.1400 -0.3601
vn 0.7774 0.3134 -0.5454
vn 0.4290 0.6856 -0.5882
vn -0.0342 0.8784 -0.4766
vn -0.4917 0.8374 -0.2388
vn -0.8198 0.5692 0.0627
vn -0.7711 0.2848 0.5695
vn -0.6187 -0.1821 0.7643
vn -0.2960 -0.5973 0.7454
vn 0.1029 -0.8471 0.5214
vn 0.4699 -0.8682 0.1593
vn 0.7109 -0.6605 -0.2416
vn 0.7662 -0.2816 -0.5776
vn 0.6230 0.1702 -0.7635
vn 0.3173 0.5787 -0.7513
vn -0.0740 0.8369 -0.5423
vn -0.4497 0.8731 -0.1884
vn -0.7075 0.6721 0.2186
vn -0.4903 0.4332 0.7563
vn -0.3638 -0.0483 0.9302
vn -0.1402 -0.5142 0.8461
vn 0.1202 -0.8369 0.5341
vn 0.3488 -0.9335 0.0833
vn 0.4857 -0.7842 -0.3861
vn 0.4963 -0.4315 -0.7534
vn 0.3780 0.0331 -0.9252
vn 0.1603 0.4903 -0.8567
vn -0.1016 0.8208 -0.5621
vn -0.3381 0.9342 -0.1138
vn -0.4817 0.7940 0.3708
vn -0.2027 0.5127 0.8343
vn -0.1360 0.0189 0.9905
vn -0.0335 -0.4786 0.8774
vn 0.0796 -0.8449 0.5289
vn 0.1729 -0.9840 0.0421
vn 0.2214 -0.8634 -0.4534
vn 0.2120 -0.5173 -0.8291
vn 0.1468 -0.0356 -0.9885
vn 0.0419 0.4577 -0.8881
vn -0.0749 0.8320 -0.5496
vn -0.1703 0.9836 -0.0596
vn -0.2165 0.8669 0.4490
vn 0.7124 0.3679 0.5976
vn 0.7366 0.0136 0.6762
vn 0.7686 -0.3116 0.5586
vn 0.7999 -0.5152 0.3078
vn 0.8225 -0.5687 0.0131
vn 0.8317 -0.4910 -0.2591
vn 0.8258 -0.3082 -0.4723
vn 0.8053 -0.0388 -0.5916
vn 0.7738 0.2790 -0.5687
vn 0.7393 0.5615 -0.3717
vn 0.7129 0.7004 -0.0351
vn 0.7032 0.6289 0.3316
vt 0.000000 1.000000
vt 0.041667 1.000000
vt 0.041667 0.916667
vt 0.000000 0.916667
vt 0.000000 0.083333
vt 0.041667 0.083333
vt 0.041667 0.000000
vt 0.000000 0.000000
vt 0.000000 0.166667
vt 0.041667 0.166667
vt 0.000000 0.250000
vt 0.041667 0.250000
vt 0.000000 0.333333
vt 0.041667 0.333333
vt 0.000000 0.416667
vt 0.041667 0.416667
vt 0.000000 0.500000
vt 0.041667 0.500000
vt 0.000000 0.583333
vt 0.041667 0.583333
vt 0.000000 0.666667
vt 0.041667 0.666667
vt 0.000000 0.750000
vt 0.041667 0.750000
vt 0.000000 0.833333
vt 0.041667 0.833333
vt 0.083333 1.000000
vt 0.083333 0.916667
vt 0.083333 0.083333
vt 0.083333 0.000000
vt 0.083333 0.166667
vt 0.083333 0.250000
vt 0.083333 0.333333
vt 0.083333 0.416667
vt 0.083333 0.500000
vt 0.083333 0.583333
vt 0.083333 0.666667
vt 0.083333 0.750000
vt 0.083333 0.833333
vt 0.125000 1.000000
vt 0.125000 0.916667
vt 0.125000 0.083333
vt 0.125000 0.000000
vt 0.125000 0.166667
vt 0.125000 0.250000
vt 0.125000 0.333333
vt 0.125000 0.416667
vt 0.125000 0.500000
vt 0.125000 0.583333
vt 0.125000 0.666667
vt 0.125000 0.750000
vt 0.125000 0.833333
vt 0.166667 1.000000
vt 0.166667 0.916667
vt 0.166667 0.083333
vt 0.166667 0.000000
vt 0.166667 0.166667
vt 0.166667 0.250000
vt 0.166667 0.333333
vt 0.166667 0.416667
vt 0.166667 0.500000
vt 0.166667 0.583333
vt 0.166667 0.666667
vt 0.166667 0.750000
vt 0.166667 0.833333
vt 0.208333 1.000000
vt 0.208333 0.916667
vt 0.208333 0.083333
vt 0.208333 0.000000
vt 0.208333 0.166667
vt 0.208333 0.250000
vt 0.208333 0.333333
vt 0.208333 0.416667
vt 0.208333 0.500000
vt 0.208333 0.583333
vt 0.208333 0.666667
vt 0.208333 0.750000
vt 0.208333 0.833333
vt 0.250000 1.000000
vt 0.250000 0.916667
vt 0.250000 0.083333
vt 0.250000 0.000000
vt 0.250000 0.166667
vt 0.250000 0.250000
vt 0.250000 0.333333
vt 0.250000 0.416667
vt 0.250000 0.500000
vt 0.250000 0.583333
vt 0.250000 0.666667
vt 0.250000 0.750000
vt 0.250000 0.833333
vt 0.291667 1.000000
vt 0.291667 0.916667
vt 0.291667 0.083333
vt 0.291667 0.000000
vt 0.291667 0.166667
vt 0.291667 0.250000
vt 0.291667 0.333333
vt 0.291667 0.416667
vt 0.291667 0.500000
vt 0.291667 0.583333
vt 0.291667 0.666667
vt 0.291667 0.750000
vt 0.291667 0.833333
vt 0.333333 1.000000
vt 0.333333 0.916667
vt 0.333333 0.083333
vt 0.333333 0.000000
vt 0.333333 0.166667
vt 0.333333 0.250000
vt 0.333333 0.333333
vt 0.333333 0.416667
vt 0.333333 0.500000
vt 0.333333 0.583333
vt 0.333333 0.666667
vt 0.333333 0.750000
vt 0.333333 0.833333
vt 0.375000 1.000000
vt 0.375000 0.916667
vt 0.375000 0.083333
vt 0.375000 0.000000
vt 0.375000 0.166667
vt 0.375000 0.250000
vt 0.375000 0.333333
vt 0.375000 0.416667
vt 0.375000 0.500000
vt 0.375000 0.583333
vt 0.375000 0.666667
vt 0.375000 0.750000
vt 0.375000 0.833333
vt 0.416667 1.000000
vt 0.416667 0.916667
vt 0.416667 0.083333
vt 0.416667 0.000000
vt 0.416667 0.166667
vt 0.416667 0.250000
vt 0.416667 0.333333
vt 0.416667 0.416667
vt 0.416667 0.500000
vt 0.416667 0.583333
vt 0.416667 0.666667
vt 0.416667 0.750000
vt 0.416667 0.833333
vt 0.458333 1.000000
vt 0.458333 0.916667
vt 0.458333 0.083333
vt 0.458333 0.000000
vt 0.458333 0.166667
vt 0.458333 0.250000
vt 0.458333 0.333333
vt 0.458333 0.416667
vt 0.458333 0.500000
vt 0.458333 0.583333
vt 0.458333 0.666667
vt 0.458333 0.750000
vt 0.458333 0.833333
vt 0.500000 1.000000
vt 0.500000 0.916667
vt 0.500000 0.083333
vt 0.500000 0.000000
vt 0.500000 0.166667
vt 0.500000 0.250000
vt 0.500000 0.333333
vt 0.500000 0.416667
vt 0.500000 0.500000
vt 0.500000 0.583333
vt 0.500000 0.666667
vt 0.500000 0.750000
vt 0.500000 0.833333
vt 0.541667 1.000000
vt 0.541667 0.916667
vt 0.541667 0.083333
vt 0.541667 0.000000
vt 0.541667 0.166667
vt 0.541667 0.250000
vt 0.541667 0.333333
vt 0.541667 0.416667
vt 0.541667 0.500000
vt 0.541667 0.583333
vt 0.541667 0.666667
vt 0.541667 0.750000
vt 0.541667 0.833333
vt 0.583333 1.000000
vt 0.583333 0.916667
vt 0.583333 0.083333
vt 0.583333 0.000000
vt 0.583333 0.166667
vt 0.583333 0.250000
vt 0.583333 0.333333
vt 0.583333 0.416667
vt 0.583333 0.500000
vt 0.583333 0.583333
vt 0.583333 0.666667
vt 0.583333 0.750000
vt 0.583333 0.833333
vt 0.625000 1.000000
vt 0.625000 0.916667
vt 0.625000 0.083333
vt 0.625000 0.000000
vt 0.625000 0.166667
vt 0.625000 0.250000
vt 0.625000 0.333333
vt 0.625000 0.416667
vt 0.625000 0.500000
vt 0.625000 0.583333
vt 0.625000 0.666667
vt 0.625000 0.750000
vt 0.625000 0.833333
vt 0.666667 1.000000
vt 0.666667 0.916667
vt 0.666667 0.083333
vt 0.666667 0.000000
vt 0.666667 0.166667
vt 0.666667 0.250000
vt 0.666667 0.333333
vt 0.666667 0.416667
vt 0.666667 0.500000
vt 0.666667 0.583333
vt 0.666667 0.666667
vt 0.666667 0.750000
vt 0.666667 0.833333
vt 0.708333 1.000000
vt 0.708333 0.916667
vt 0.708333 0.083333
vt 0.708333 0.000000
vt 0.708333 0.166667
vt 0.708333 0.250000
vt 0.708333 0.333333
vt 0.708333 0.416667
vt 0.708333 0.500000
vt 0.708333 0.583333
vt 0.708333 0.666667
vt 0.708333 0.750000
vt 0.708333 0.833333
vt 0.750000 1.000000
vt 0.750000 0.916667
vt 0.750000 0.083333
vt 0.750000 0.000000
vt 0.750000 0.166667
vt 0.750000 0.250000
vt 0.750000 0.333333
vt 0.750000 0.416667
vt 0.750000 0.500000
vt 0.750000 0.583333
vt 0.750000 0.666667
vt 0.750000 0.750000
vt 0.750000 0.833333
vt 0.791667 1.000000
vt 0.791667 0.916667
vt 0.791667 0.083333
vt 0.791667 0.000000
vt 0.791667 0.166667
vt 0.791667 0.250000
vt 0.791667 0.333333
vt 0.791667 0.416667
vt 0.791667 0.500000
vt 0.791667 0.583333
vt 0.791667 0.666667
vt 0.791667 0.750000
vt 0.791667 0.833333
vt 0.833333 1.000000
vt 0.833333 0.916667
vt 0.833333 0.083333
vt 0.833333 0.000000
vt 0.833333 0.166667
vt 0.833333 0.250000
vt 0.833333 0.333333
vt 0.833333 0.416667
vt 0.833333 0.500000
vt 0.833333 0.583333
vt 0.833333 0.666667
vt 0.833333 0.750000
vt 0.833333 0.833333
vt 0.875000 1.000000
vt 0.875000 0.916667
vt 0.875000 0.083333
vt 0.875000 0.000000
vt 0.875000 0.166667
vt 0.875000 0.250000
vt 0.875000 0.333333
vt 0.875000 0.416667
vt 0.875000 0.500000
vt 0.875000 0.583333
vt 0.875000 0.666667
vt 0.875000 0.750000
vt 0.875000 0.833333
vt 0.916667 1.000000
vt 0.916667 0.916667
vt 0.916667 0.083333
vt 0.916667 0.000000
vt 0.916667 0.166667
vt 0.916667 0.250000
vt 0.916667 0.333333
vt 0.916667 0.416667
vt 0.916667 0.500000
vt 0.916667 0.583333
vt 0.916667 0.666667
vt 0.916667 0.750000
vt 0.916667 0.833333
vt 0.958333 1.000000
vt 0.958333 0.916667
vt 0.958333 0.083333
vt 0.958333 0.000000
vt 0.958333 0.166667
vt 0.958333 0.250000
vt 0.958333 0.333333
vt 0.958333 0.416667
vt 0.958333 0.500000
vt 0.958333 0.583333
vt 0.958333 0.666667
vt 0.958333 0.750000
vt 0.958333 0.833333
vt 1.000000 1.000000
vt 1.000000 0.916667
vt 1.000000 0.083333
vt 1.000000 0.000000
vt 1.000000 0.166667
vt 1.000000 0.250000
vt 1.000000 0.333333
vt 1.000000 0.416667
vt 1.000000 0.500000
vt 1.000000 0.583333
vt 1.000000 0.666667
vt 1.000000 0.750000
vt 1.000000 0.833333
s 1
usemtl Black-Material
f 1/1/1 13/2/2 24/3/3 12/4/4
f 2/5/5 14/6/6 13/7/2 1/8/1
f 3/9/7 15/10/8 14/6/6 2/5/5
f 4/11/9 16/12/10 15/10/8 3/9/7
f 5/13/11 17/14/12 16/12/10 4/11/9
f 6/15/13 18/16/14 17/14/12 5/13/11
f 7/17/15 19/18/16 18/16/14 6/15/13
f 8/19/17 20/20/18 19/18/16 7/17/15
f 9/21/19 21/22/20 20/20/18 8/19/17
f 10/23/21 22/24/22 21/22/20 9/21/19
f 11/25/23 23/26/24 22/24/22 10/23/21
f 12/4/4 24/3/3 23/26/24 11/25/23
f 13/2/2 25/27/25 36/28/26 24/3/3
f 14/6/6 26/29/27 25/30/25 13/7/2
f 15/10/8 27/31/28 26/29/27 14/6/6
f 16/12/10 28/32/29 27/31/28 15/10/8
f 17/14/12 29/33/30 28/32/29 16/12/10
f 18/16/14 30/34/31 29/33/30 17/14/12
f 19/18/16 31/35/32 30/34/31 18/16/14
f 20/20/18 32/36/33 31/35/32 19/18/16
f 21/22/20 33/37/34 32/36/33 20/20/18
f 22/24/22 34/38/35 33/37/34 21/22/20
f 23/26/24 35/39/36 34/38/35 22/24/22
f 24/3/3 36/28/26 35/39/36 23/26/24
f 25/27/25 37/40/37 48/41/38 36/28/26
f 26/29/27 38/42/39 37/43/37 25/30/25
f 27/31/28 39/44/40 38/42/39 26/29/27
f 28/32/29 40/45/41 39/44/40 27/31/28
f 29/33/30 41/46/42 40/45/41 28/32/29
f 30/34/31 42/47/43 41/46/42 29/33/30
f 31/35/32 43/48/44 42/47/43 30/34/31
f 32/36/33 44/49/45 43/48/44 31/35/32
f 33/37/34 45/50/46 44/49/45 32/36/33
f 34/38/35 46/51/47 45/50/46 33/37/34
f 35/39/36 47/52/48 46/51/47 34/38/35
f 36/28/26 48/41/38 47/52/48 35/39/36
f 37/40/37 49/53/49 60/54/50 48/41/38
f 38/42/39 50/55/51 49/56/49 37/43/37
f 39/44/40 51/57/52 50/55/51 38/42/39
f 40/45/41 52/58/53 51/57/52 39/44/40
f 41/46/42 53/59/54 52/58/53 40/45/41
f 42/47/43 54/60/55 53/59/54 41/46/42
f 43/48/44 55/61/56 54/60/55 42/47/43
f 44/49/45 56/62/57 55/61/56 43/48/44
f 45/50/46 57/63/58 56/62/57 44/49/45
f 46/51/47 58/64/59 57/63/58 45/50/46
f 47/52/48 59/65/60 58/64/59 46/51/47
f 48/41/38 60/54/50 59/65/60 47/52/48
f 49/53/49 61/66/61 72/67/62 60/54/50
f 50/55/51 62/68/63 61/69/61 49/56/49
f 51/57/52 63/70/64 62/68/63 50/55/51
f 52/58/53 64/71/65 63/70/64 51/57/52
f 53/59/54 65/72/66 64/71/65 52/58/53
f 54/60/55 66/73/67 65/72/66 53/59/54
f 55/61/56 67/74/68 66/73/67 54/60/55
f 56/62/57 68/75/69 67/74/68 55/61/56
f 57/63/58 69/76/70 68/75/69 56/62/57
f 58/64/59 70/77/71 69/76/70 57/63/58
f 59/65/60 71/78/72 70/77/71 58/64/59
f 60/54/50 72/67/62 71/78/72 59/65/60
f 61/66/61 73/79/73 84/80/74 72/67/62
f 62/68/63 74/81/75 73/82/73 61/69/61
f 63/70/64 75/83/76 74/81/75 62/68/63
f 64/71/65 76/84/77 75/83/76 63/70/64
f 65/72/66 77/85/78 76/84/77 64/71/65
f 66/73/67 78/86/79 77/85/78 65/72/66
f 67/74/68 79/87/80 78/86/79 66/73/67
f 68/75/69 80/88/81 79/87/80 67/74/68
f 69/76/70 81/89/82 80/88/81 68/75/69
f 70/77/71 82/90/83 81/89/82 69/76/70
f 71/78/72 83/91/84 82/90/83 70/77/71
f 72/67/62 84/80/74 83/91/84 71/78/72
f 73/79/73 85/92/85 96/93/86 84/80/74
f 74/81/75 86/94/87 85/95/85 73/82/73
f 75/83/76 87/96/88 86/94/87 74/81/75
f 76/84/77 88/97/89 87/96/88 75/83/76
f 77/85/78 89/98/90 88/97/89 76/84/77
f 78/86/79 90/99/91 89/98/90 77/85/78
f 79/87/80 91/100/92 90/99/91 78/86/79
f 80/88/81 92/101/93 91/100/92 79/87/80
f 81/89/82 93/102/94 92/101/93 80/88/81
f 82/90/83 94/103/95 93/102/94 81/89/82
f 83/91/84 95/104/96 94/103/95 82/90/83
f 84/80/74 96/93/86 95/104/96 83/91/84
f 85/92/85 97/105/97 108/106/98 96/93/86
f 86/94/87 98/107/99 97/108/97 85/95/85
f 87/96/88 99/109/100 98/107/99 86/94/87
f 88/97/89 100/110/101 99/109/100 87/96/88
f 89/98/90 101/111/102 100/110/101 88/97/89
f 90/99/91 102/112/103 101/111/102 89/98/90
f 91/100/92 103/113/104 102/112/103 90/99/91
f 92/101/93 104/114/105 103/113/104 91/100/92
f 93/102/94 105/115/106 104/114/105 92/101/93
f 94/103/95 106/116/107 105/115/106 93/102/94
f 95/104/96 107/117/108 106/116/107 94/103/95
f 96/93/86 108/106/98 107/117/108 95/104/96
f 97/105/97 109/118/109 120/119/110 108/106/98
f 98/107/99 110/120/111 109/121/109 97/108/97
f 99/109/100 111/122/112 110/120/111 98/107/99
f 100/110/101 112/123/113 111/122/112 99/109/100
f 101/111/102 113/124/114 112/123/113 100/110/101
f 102/112/103 114/125/115 113/124/114 101/111/102
f 103/113/104 115/126/116 114/125/115 102/112/103
f 104/114/105 116/127/117 115/126/116 103/113/104
f 105/115/106 117/128/118 116/127/117 104/114/105
f 106/116/107 118/129/119 117/128/118 105/115/106
f 107/117/108 119/130/120 118/129/119 106/116/107
f 108/106/98 120/119/110 119/130/120 107/117/108
f 109/118/109 121/131/121 132/132/122 120/119/110
f 110/120/111 122/133/123 121/134/121 109/121/109
f 111/122/112 123/135/124 122/133/123 110/120/111
f 112/123/113 124/136/125 123/135/124 111/122/112
f 113/124/114 125/137/126 124/136/125 112/123/113
f 114/125/115 126/138/127 125/137/126 113/124/114
f 115/126/116 127/139/128 126/138/127 114/125/115
f 116/127/117 128/140/129 127/139/128 115/126/116
f 117/128/118 129/141/130 128/140/129 116/127/117
f 118/129/119 130/142/131 129/141/130 117/128/118
f 119/130/120 131/143/132 130/142/131 118/129/119
f 120/119/110 132/132/122 131/143/132 119/130/120
f 121/131/121 133/144/133 144/145/134 132/132/122
f 122/133/123 134/146/135 133/147/133 121/134/121
f 123/135/124 135/148/136 134/146/135 122/133/123
f 124/136/125 136/149/137 135/148/136 123/135/124
f 125/137/126 137/150/138 136/149/137 124/136/125
f 126/138/127 138/151/139 137/150/138 125/137/126
f 127/139/128 139/152/140 138/151/139 126/138/127
f 128/140/129 140/153/141 139/152/140 127/139/128
f 129/141/130 141/154/142 140/153/141 128/140/129
f 130/142/131 142/155/143 141/154/142 129/141/130
f 131/143/132 143/156/144 142/155/143 130/142/131
f 132/132/122 144/145/134 143/156/144 131/143/132
f 133/144/133 145/157/145 156/158/146 144/145/134
f 134/146/135 146/159/147 145/160/145 133/147/133
f 135/148/136 147/161/148 146/159/147 134/146/135
f 136/149/137 148/162/149 147/161/148 135/148/136
f 137/150/138 149/163/150 148/162/149 136/149/137
f 138/151/139 150/164/151 149/163/150 137/150/138
f 139/152/140 151/165/152 150/164/151 138/151/139
f 140/153/141 152/166/153 151/165/152 139/152/140
f 141/154/142 153/167/154 152/166/153 140/153/141
f 142/155/143 154/168/155 153/167/154 141/154/142
f 143/156/144 155/169/156 154/168/155 142/155/143
f 144/145/134 156/158/146 155/169/156 143/156/144
f 145/157/145 157/170/157 168/171/158 156/158/146
f 146/159/147 158/172/159 157/173/157 145/160/145
f 147/161/148 159/174/160 158/172/159 146/159/147
f 148/162/149 160/175/161 159/174/160 147/161/148
f 149/163/150 161/176/162 160/175/161 148/162/149
f 150/164/151 162/177/163 161/176/162 149/163/150
f 151/165/152 163/178/164 162/177/163 150/164/151
f 152/166/153 164/179/165 163/178/164 151/165/152
f 153/167/154 165/180/166 164/179/165 152/166/153
f 154/168/155 166/181/167 165/180/166 153/167/154
f 155/169/156 167/182/168 166/181/167 154/168/155
f 156/158/146 168/171/158 167/182/168 155/169/156
f 157/170/157 169/183/169 180/184/170 168/171/158
f 158/172/159 170/185/171 169/186/169 157/173/157
f 159/174/160 171/187/172 170/185/171 158/172/159
f 160/175/161 172/188/173 171/187/172 159/174/160
f 161/176/162 173/189/174 172/188/173 160/175/161
f 162/177/163 174/190/175 173/189/174 161/176/162
f 163/178/164 175/191/176 174/190/175 162/177/163
f 164/179/165 176/192/177 175/191/176 163/178/164
f 165/180/166 177/193/178 176/192/177 164/179/165
f 166/181/167 178/194/179 177/193/178 165/180/166
f 167/182/168 179/195/180 178/194/179 166/181/167
f 168/171/158 180/184/170 179/195/180 167/182/168
f 169/183/169 181/196/181 192/197/182 180/184/170
f 170/185/171 182/198/183 181/199/181 169/186/169
f 171/187/172 183/200/184 182/198/183 170/185/171
f 172/188/173 184/201/185 183/200/184 171/187/172
f 173/189/174 185/202/186 184/201/185 172/188/173
f 174/190/175 186/203/187 185/202/186 173/189/174
f 175/191/176 187/204/188 186/203/187 174/190/175
f 176/192/177 188/205/189 187/204/188 175/191/176
f 177/193/178 189/206/190 188/205/189 176/192/177
f 178/194/179 190/207/191 189/206/190 177/193/178
f 179/195/180 191/208/192 190/207/191 178/194/179
f 180/184/170 192/197/182 191/208/192 179/195/180
f 181/196/181 193/209/193 204/210/194 192/197/182
f 182/198/183 194/211/195 193/212/193 181/199/181
f 183/200/184 195/213/196 194/211/195 182/198/183
f 184/201/185 196/214/197 195/213/196 183/200/184
f 185/202/186 197/215/198 196/214/197 184/201/185
f 186/203/187 198/216/199 197/215/198 185/202/186
f 187/204/188 199/217/200 198/216/199 186/203/187
f 188/205/189 200/218/201 199/217/200 187/204/188
f 189/206/190 201/219/202 200/218/201 188/205/189
f 190/207/191 202/220/203 201/219/202 189/206/190
f 191/208/192 203/221/204 202/220/203 190/207/191
f 192/197/182 204/210/194 203/221/204 191/208/192
f 193/209/193 205/222/205 216/223/206 204/210/194
f 194/211/195 206/224/207 205/225/205 193/212/193
f 195/213/196 207/226/208 206/224/207 194/211/195
f 196/214/197 208/227/209 207/226/208 195/213/196
f 197/215/198 209/228/210 208/227/209 196/214/197
f 198/216/199 210/229/211 209/228/210 197/215/198
f 199/217/200 211/230/212 210/229/211 198/216/199
f 200/218/201 212/231/213 211/230/212 199/217/200
f 201/219/202 213/232/214 212/231/213 200/218/201
f 202/220/203 214/233/215 213/232/214 201/219/202
f 203/221/204 215/234/216 214/233/215 202/220/203
f 204/210/194 216/223/206 215/234/216 203/221/204
f 205/222/205 217/235/217 228/236/218 216/223/206
f 206/224/207 218/237/219 217/238/217 205/225/205
f 207/226/208 219/239/220 218/237/219 206/224/207
f 208/227/209 220/240/221 219/239/220 207/226/208
f 209/228/210 221/241/222 220/240/221 208/227/209
f 210/229/211 222/242/223 221/241/222 209/228/210
f 211/230/212 223/243/224 222/242/223 210/229/211
f 212/231/213 224/244/225 223/243/224 211/230/212
f 213/232/214 225/245/226 224/244/225 212/231/213
f 214/233/215 226/246/227 225/245/226 213/232/214
f 215/234/216 227/247/228 226/246/227 214/233/215
f 216/223/206 228/236/218 227/247/228 215/234/216
f 217/235/217 229/248/229 240/249/230 228/236/218
f 218/237/219 230/250/231 229/251/229 217/238/217
f 219/239/220 231/252/232 230/250/231 218/237/219
f 220/240/221 232/253/233 231/252/232 219/239/220
f 221/241/222 233/254/234 232/253/233 220/240/221
f 222/242/223 234/255/235 233/254/234 221/241/222
f 223/243/224 235/256/236 234/255/235 222/242/223
f 224/244/225 236/257/237 235/256/236 223/243/224
f 225/245/226 237/258/238 236/257/237 224/244/225
f 226/246/227 238/259/239 237/258/238 225/245/226
f 227/247/228 239/260/240 238/259/239 226/246/227
f 228/236/218 240/249/230 239/260/240 227/247/228
f 229/248/229 241/261/241 252/262/242 240/249/230
f 230/250/231 242/263/243 241/264/241 229/251/229
f 231/252/232 243/265/244 242/263/243 230/250/231
f 232/253/233 244/266/245 243/265/244 231/252/232
f 233/254/234 245/267/246 244/266/245 232/253/233
f 234/255/235 246/268/247 245/267/246 233/254/234
f 235/256/236 247/269/248 246/268/247 234/255/235
f 236/257/237 248/270/249 247/269/248 235/256/236
f 237/258/238 249/271/250 248/270/249 236/257/237
f 238/259/239 250/272/251 249/271/250 237/258/238
f 239/260/240 251/273/252 250/272/251 238/259/239
f 240/249/230 252/262/242 251/273/252 239/260/240
f 241/261/241 253/274/253 264/275/254 252/262/242
f 242/263/243 254/276/255 253/277/253 241/264/241
f 243/265/244 255/278/256 254/276/255 242/263/243
f 244/266/245 256/279/257 255/278/256 243/265/244
f 245/267/246 257/280/258 256/279/257 244/266/245
f 246/268/247 258/281/259 257/280/258 245/267/246
f 247/269/248 259/282/260 258/281/259 246/268/247
f 248/270/249 260/283/261 259/282/260 247/269/248
f 249/271/250 261/284/262 260/283/261 248/270/249
f 250/272/251 262/285/263 261/284/262 249/271/250
f 251/273/252 263/286/264 262/285/263 250/272/251
f 252/262/242 264/275/254 263/286/264 251/273/252
f 253/274/253 265/287/265 276/288/266 264/275/254
f 254/276/255 266/289/267 265/290/265 253/277/253
f 255/278/256 267/291/268 266/289/267 254/276/255
f 256/279/257 268/292/269 267/291/268 255/278/256
f 257/280/258 269/293/270 268/292/269 256/279/257
f 258/281/259 270/294/271 269/293/270 257/280/258
f 259/282/260 271/295/272 270/294/271 258/281/259
f 260/283/261 272/296/273 271/295/272 259/282/260
f 261/284/262 273/297/274 272/296/273 260/283/261
f 262/285/263 274/298/275 273/297/274 261/284/262
f 263/286/264 275/299/276 274/298/275 262/285/263
f 264/275/254 276/288/266 275/299/276 263/286/264
f 265/287/265 277/300/277 288/301/278 276/288/266
f 266/289/267 278/302/279 277/303/277 265/290/265
f 267/291/268 279/304/280 278/302/279 266/289/267
f 268/292/269 280/305/281 279/304/280 267/291/268
f 269/293/270 281/306/282 280/305/281 268/292/269
f 270/294/271 282/307/283 281/306/282 269/293/270
f 271/295/272 283/308/284 282/307/283 270/294/271
f 272/296/273 284/309/285 283/308/284 271/295/272
f 273/297/274 285/310/286 284/309/285 272/296/273
f 274/298/275 286/311/287 285/310/286 273/297/274
f 275/299/276 287/312/288 286/311/287 274/298/275
f 276/288/266 288/301/278 287/312/288 275/299/276
f 277/300/277 289/313/289 300/314/290 288/301/278
f 278/302/279 290/315/291 289/316/289 277/303/277
f 279/304/280 291/317/292 290/315/291 278/302/279
f 280/305/281 292/318/293 291/317/292 279/304/280
f 281/306/282 293/319/294 292/318/293 280/305/281
f 282/307/283 294/320/295 293/319/294 281/306/282
f 283/308/284 295/321/296 294/320/295 282/307/283
f 284/309/285 296/322/297 295/321/296 283/308/284
f 285/310/286 297/323/298 296/322/297 284/309/285
f 286/311/287 298/324/299 297/323/298 285/310/286
f 287/312/288 299/325/300 298/324/299 286/311/287
f 288/301/278 300/314/290 299/325/300 287/312/288
f 301/1/301 313/27/302 324/28/303 312/4/304
f 302/5/305 314/29/306 313/30/302 301/8/301
f 303/9/307 315/31/308 314/29/306 302/5/305
f 304/11/309 316/32/310 315/31/308 303/9/307
f 305/13/311 317/33/312 316/32/310 304/11/309
f 306/15/313 318/34/314 317/33/312 305/13/311
f 307/17/315 319/35/316 318/34/314 306/15/313
f 308/19/317 320/36/318 319/35/316 307/17/315
f 309/21/319 321/37/320 320/36/318 308/19/317
f 310/23/321 322/38/322 321/37/320 309/21/319
f 311/25/323 323/39/324 322/38/322 310/23/321
f 312/4/304 324/28/303 323/39/324 311/25/323
f 313/27/302 325/53/325 336/54/326 324/28/303
f 314/29/306 326/55/327 325/56/325 313/30/302
f 315/31/308 327/57/328 326/55/327 314/29/306
f 316/32/310 328/58/329 327/57/328 315/31/308
f 317/33/312 329/59/330 328/58/329 316/32/310
f 318/34/314 330/60/331 329/59/330 317/33/312
f 319/35/316 331/61/332 330/60/331 318/34/314
f 320/36/318 332/62/333 331/61/332 319/35/316
f 321/37/320 333/63/334 332/62/333 320/36/318
f 322/38/322 334/64/335 333/63/334 321/37/320
f 323/39/324 335/65/336 334/64/335 322/38/322
f 324/28/303 336/54/326 335/65/336 323/39/324
f 325/53/325 337/79/337 348/80/338 336/54/326
f 326/55/327 338/81/339 337/82/337 325/56/325
f 327/57/328 339/83/340 338/81/339 326/55/327
f 328/58/329 340/84/341 339/83/340 327/57/328
f 329/59/330 341/85/342 340/84/341 328/58/329
f 330/60/331 342/86/343 341/85/342 329/59/330
f 331/61/332 343/87/344 342/86/343 330/60/331
f 332/62/333 344/88/345 343/87/344 331/61/332
f 333/63/334 345/89/346 344/88/345 332/62/333
f 334/64/335 346/90/347 345/89/346 333/63/334
f 335/65/336 347/91/348 346/90/347 334/64/335
f 336/54/326 348/80/338 347/91/348 335/65/336
f 337/79/337 349/105/349 360/106/350 348/80/338
f 338/81/339 350/107/351 349/108/349 337/82/337
f 339/83/340 351/109/352 350/107/351 338/81/339
f 340/84/341 352/110/353 351/109/352 339/83/340
f 341/85/342 353/111/354 352/110/353 340/84/341
f 342/86/343 354/112/355 353/111/354 341/85/342
f 343/87/344 355/113/356 354/112/355 342/86/343
f 344/88/345 356/114/357 355/113/356 343/87/344
f 345/89/346 357/115/358 356/114/357 344/88/345
f 346/90/347 358/116/359 357/115/358 345/89/346
f 347/91/348 359/117/360 358/116/359 346/90/347
f 348/80/338 360/106/350 359/117/360 347/91/348
f 349/105/349 361/131/361 372/132/362 360/106/350
f 350/107/351 362/133/363 361/134/361 349/108/349
f 351/109/352 363/135/364 362/133/363 350/107/351
f 352/110/353 364/136/365 363/135/364 351/109/352
f 353/111/354 365/137/366 364/136/365 352/110/353
f 354/112/355 366/138/367 365/137/366 353/111/354
f 355/113/356 367/139/368 366/138/367 354/112/355
f 356/114/357 368/140/369 367/139/368 355/113/356
f 357/115/358 369/141/370 368/140/369 356/114/357
f 358/116/359 370/142/371 369/141/370 357/115/358
f 359/117/360 371/143/372 370/142/371 358/116/359
f 360/106/350 372/132/362 371/143/372 359/117/360
f 361/131/361 373/157/373 384/158/374 372/132/362
f 362/133/363 374/159/375 373/160/373 361/134/361
f 363/135/364 375/161/376 374/159/375 362/133/363
f 364/136/365 376/162/377 375/161/376 363/135/364
f 365/137/366 377/163/378 376/162/377 364/136/365
f 366/138/367 378/164/379 377/163/378 365/137/366
f 367/139/368 379/165/380 378/164/379 366/138/367
f 368/140/369 380/166/381 379/165/380 367/139/368
f 369/141/370 381/167/382 380/166/381 368/140/369
f 370/142/371 382/168/383 381/167/382 369/141/370
f 371/143/372 383/169/384 382/168/383 370/142/371
f 372/132/362 384/158/374 383/169/384 371/143/372
f 373/157/373 385/183/385 396/184/386 384/158/374
f 374/159/375 386/185/387 385/186/385 373/160/373
f 375/161/376 387/187/388 386/185/387 374/159/375
f 376/162/377 388/188/389 387/187/388 375/161/376
f 377/163/378 389/189/390 388/188/389 376/162/377
f 378/164/379 390/190/391 389/189/390 377/163/378
f 379/165/380 391/191/392 390/190/391 378/164/379
f 380/166/381 392/192/393 391/191/392 379/165/380
f 381/167/382 393/193/394 392/192/393 380/166/381
f 382/168/383 394/194/395 393/193/394 381/167/382
f 383/169/384 395/195/396 394/194/395 382/168/383
f 384/158/374 396/184/386 395/195/396 383/169/384
f 385/183/385 397/209/397 408/210/398 396/184/386
f 386/185/387 398/211/399 397/212/397 385/186/385
f 387/187/388 399/213/400 398/211/399 386/185/387
f 388/188/389 400/214/401 399/213/400 387/187/388
f 389/189/390 401/215/402 400/214/401 388/188/389
f 390/190/391 402/216/403 401/215/402 389/189/390
f 391/191/392 403/217/404 402/216/403 390/190/391
f 392/192/393 404/218/405 403/217/404 391/191/392
f 393/193/394 405/219/406 404/218/405 392/192/393
f 394/194/395 406/220/407 405/219/406 393/193/394
f 395/195/396 407/221/408 406/220/407 394/194/395
f 396/184/386 408/210/398 407/221/408 395/195/396
f 397/209/397 409/235/409 420/236/410 408/210/398
f 398/211/399 410/237/411 409/238/409 397/212/397
f 399/213/400 411/239/412 410/237/411 398/211/399
f 400/214/401 412/240/413 411/239/412 399/213/400
f 401/215/402 413/241/414 412/240/413 400/214/401
f 402/216/403 414/242/415 413/241/414 401/215/402
f 403/217/404 415/243/416 414/242/415 402/216/403
f 404/218/405 416/244/417 415/243/416 403/217/404
f 405/219/406 417/245/418 416/244/417 404/218/405
f 406/220/407 418/246/419 417/245/418 405/219/406
f 407/221/408 419/247/420 418/246/419 406/220/407
f 408/210/398 420/236/410 419/247/420 407/221/408
f 409/235/409 421/261/421 432/262/422 420/236/410
f 410/237/411 422/263/423 421/264/421 409/238/409
f 411/239/412 423/265/424 422/263/423 410/237/411
f 412/240/413 424/266/425 423/265/424 411/239/412
f 413/241/414 425/267/426 424/266/425 412/240/413
f 414/242/415 426/268/427 425/267/426 413/241/414
f 415/243/416 427/269/428 426/268/427 414/242/415
f 416/244/417 428/270/429 427/269/428 415/243/416
f 417/245/418 429/271/430 428/270/429 416/244/417
f 418/246/419 430/272/431 429/271/430 417/245/418
f 419/247/420 431/273/432 430/272/431 418/246/419
f 420/236/410 432/262/422 431/273/432 419/247/420
f 421/261/421 433/287/433 444/288/434 432/262/422
f 422/263/423 434/289/435 433/290/433 421/264/421
f 423/265/424 435/291/436 434/289/435 422/263/423
f 424/266/425 436/292/437 435/291/436 423/265/424
f 425/267/426 437/293/438 436/292/437 424/266/425
f 426/268/427 438/294/439 437/293/438 425/267/426
f 427/269/428 439/295/440 438/294/439 426/268/427
f 428/270/429 440/296/441 439/295/440 427/269/428
f 429/271/430 441/297/442 440/296/441 428/270/429
f 430/272/431 442/298/443 441/297/442 429/271/430
f 431/273/432 443/299/444 442/298/443 430/272/431
f 432/262/422 444/288/434 443/299/444 431/273/432
f 433/287/433 445/313/445 456/314/446 444/288/434
f 434/289/435 446/315/447 445/316/445 433/290/433
f 435/291/436 447/317/448 446/315/447 434/289/435
f 436/292/437 448/318/449 447/317/448 435/291/436
f 437/293/438 449/319/450 448/318/449 436/292/437
f 438/294/439 450/320/451 449/319/450 437/293/438
f 439/295/440 451/321/452 450/320/451 438/294/439
f 440/296/441 452/322/453 451/321/452 439/295/440
f 441/297/442 453/323/454 452/322/453 440/296/441
f 442/298/443 454/324/455 453/323/454 441/297/442
f 443/299/444 455/325/456 454/324/455 442/298/443
f 444/288/434 456/314/446 455/325/456 443/299/444
f 457/1/457 468/4/458 480/3/459 469/2/460
f 458/5/461 457/8/457 469/7/460 470/6/462
f 459/9/463 458/5/461 470/6/462 471/10/464
f 460/11/465 459/9/463 471/10/464 472/12/466
f 461/13/467 460/11/465 472/12/466 473/14/468
f 462/15/469 461/13/467 473/14/468 474/16/470
f 463/17/471 462/15/469 474/16/470 475/18/472
f 464/19/473 463/17/471 475/18/472 476/20/474
f 465/21/475 464/19/473 476/20/474 477/22/476
f 466/23/477 465/21/475 477/22/476 478/24/478
f 467/25/479 466/23/477 478/24/478 479/26/480
f 468/4/458 467/25/479 479/26/480 480/3/459
f 469/2/460 480/3/459 492/28/481 481/27/482
f 470/6/462 469/7/460 481/30/482 482/29/483
f 471/10/464 470/6/462 482/29/483 483/31/484
f 472/12/466 471/10/464 483/31/484 484/32/485
f 473/14/468 472/12/466 484/32/485 485/33/486
f 474/16/470 473/14/468 485/33/486 486/34/487
f 475/18/472 474/16/470 486/34/487 487/35/488
f 476/20/474 475/18/472 487/35/488 488/36/489
f 477/22/476 476/20/474 488/36/489 489/37/490
f 478/24/478 477/22/476 489/37/490 490/38/491
f 479/26/480 478/24/478 490/38/491 491/39/492
f 480/3/459 479/26/480 491/39/492 492/28/481
f 481/27/482 492/28/481 504/41/493 493/40/494
f 482/29/483 481/30/482 493/43/494 494/42/495
f 483/31/484 482/29/483 494/42/495 495/44/496
f 484/32/485 483/31/484 495/44/496 496/45/497
f 485/33/486 484/32/485 496/45/497 497/46/498
f 486/34/487 485/33/486 497/46/498 498/47/499
f 487/35/488 486/34/487 498/47/499 499/48/500
f 488/36/489 487/35/488 499/48/500 500/49/501
f 489/37/490 488/36/489 500/49/501 501/50/502
f 490/38/491 489/37/490 501/50/502 502/51/503
f 491/39/492 490/38/491 502/51/503 503/52/504
f 492/28/481 491/39/492 503/52/504 504/41/493
f 493/40/494 504/41/493 516/54/505 505/53/506
f 494/42/495 493/43/494 505/56/506 506/55/507
f 495/44/496 494/42/495 506/55/507 507/57/508
f 496/45/497 495/44/496 507/57/508 508/58/509
f 497/46/498 496/45/497 508/58/509 509/59/510
f 498/47/499 497/46/498 509/59/510 510/60/511
f 499/48/500 498/47/499 510/60/511 511/61/512
f 500/49/501 499/48/500 511/61/512 512/62/513
f 501/50/502 500/49/501 512/62/513 513/63/514
f 502/51/503 501/50/502 513/63/514 514/64/515
f 503/52/504 502/51/503 514/64/515 515/65/516
f 504/41/493 503/52/504 515/65/516 516/54/505
f 505/53/506 516/54/505 528/67/517 517/66/518
f 506/55/507 505/56/506 517/69/518 518/68/519
f 507/57/508 506/55/507 518/68/519 519/70/520
f 508/58/509 507/57/508 519/70/520 520/71/521
f 509/59/510 508/58/509 520/71/521 521/72/522
f 510/60/511 509/59/510 521/72/522 522/73/523
f 511/61/512 510/60/511 522/73/523 523/74/524
f 512/62/513 511/61/512 523/74/524 524/75/525
f 513/63/514 512/62/513 524/75/525 525/76/526
f 514/64/515 513/63/514 525/76/526 526/77/527
f 515/65/516 514/64/515 526/77/527 527/78/528
f 516/54/505 515/65/516 527/78/528 528/67/517
f 517/66/518 528/67/517 540/80/529 529/79/530
f 518/68/519 517/69/518 529/82/530 530/81/531
f 519/70/520 518/68/519 530/81/531 531/83/532
f 520/71/521 519/70/520 531/83/532 532/84/533
f 521/72/522 520/71/521 532/84/533 533/85/534
f 522/73/523 521/72/522 533/85/534 534/86/535
f 523/74/524 522/73/523 534/86/535 535/87/536
f 524/75/525 523/74/524 535/87/536 536/88/537
f 525/76/526 524/75/525 536/88/537 537/89/538
f 526/77/527 525/76/526 537/89/538 538/90/539
f 527/78/528 526/77/527 538/90/539 539/91/540
f 528/67/517 527/78/528 539/91/540 540/80/529
f 529/79/530 540/80/529 552/93/541 541/92/542
f 530/81/531 529/82/530 541/95/542 542/94/543
f 531/83/532 530/81/531 542/94/543 543/96/544
f 532/84/533 531/83/532 543/96/544 544/97/545
f 533/85/534 532/84/533 544/97/545 545/98/546
f 534/86/535 533/85/534 545/98/546 546/99/547
f 535/87/536 534/86/535 546/99/547 547/100/548
f 536/88/537 535/87/536 547/100/548 548/101/549
f 537/89/538 536/88/537 548/101/549 549/102/550
f 538/90/539 537/89/538 549/102/550 550/103/551
f 539/91/540 538/90/539 550/103/551 551/104/552
f 540/80/529 539/91/540 551/104/552 552/93/541
f 541/92/542 552/93/541 564/106/553 553/105/554
f 542/94/543 541/95/542 553/108/554 554/107/555
f 543/96/544 542/94/543 554/107/555 555/109/556
f 544/97/545 543/96/544 555/109/556 556/110/557
f 545/98/546 544/97/545 556/110/557 557/111/558
f 546/99/547 545/98/546 557/111/558 558/112/559
f 547/100/548 546/99/547 558/112/559 559/113/560
f 548/101/549 547/100/548 559/113/560 560/114/561
f 549/102/550 548/101/549 560/114/561 561/115/562
f 550/103/551 549/102/550 561/115/562 562/116/563
f 551/104/552 550/103/551 562/116/563 563/117/564
f 552/93/541 551/104/552 563/117/564 564/106/553
f 553/105/554 564/106/553 576/119/565 565/118/566
f 554/107/555 553/108/554 565/121/566 566/120/567
f 555/109/556 554/107/555 566/120/567 567/122/568
f 556/110/557 555/109/556 567/122/568 568/123/569
f 557/111/558 556/110/557 568/123/569 569/124/570
f 558/112/559 557/111/558 569/124/570 570/125/571
f 559/113/560 558/112/559 570/125/571 571/126/572
f 560/114/561 559/113/560 571/126/572 572/127/573
f 561/115/562 560/114/561 572/127/573 573/128/574
f 562/116/563 561/115/562 573/128/574 574/129/575
f 563/117/564 562/116/563 574/129/575 575/130/576
f 564/106/553 563/117/564 575/130/576 576/119/565
f 565/118/566 576/119/565 588/132/577 577/131/578
f 566/120/567 565/121/566 577/134/578 578/133/579
f 567/122/568 566/120/567 578/133/579 579/135/580
f 568/123/569 567/122/568 579/135/580 580/136/581
f 569/124/570 568/123/569 580/136/581 581/137/582
f 570/125/571 569/124/570 581/137/582 582/138/583
f 571/126/572 570/125/571 582/138/583 583/139/584
f 572/127/573 571/126/572 583/139/584 584/140/585
f 573/128/574 572/127/573 584/140/585 585/141/586
f 574/129/575 573/128/574 585/141/586 586/142/587
f 575/130/576 574/129/575 586/142/587 587/143/588
f 576/119/565 575/130/576 587/143/588 588/132/577
f 577/131/578 588/132/577 600/145/589 589/144/590
f 578/133/579 577/134/578 589/147/590 590/146/591
f 579/135/580 578/133/579 590/146/591 591/148/592
f 580/136/581 579/135/580 591/148/592 592/149/593
f 581/137/582 580/136/581 592/149/593 593/150/594
f 582/138/583 581/137/582 593/150/594 594/151/595
f 583/139/584 582/138/583 594/151/595 595/152/596
f 584/140/585 583/139/584 595/152/596 596/153/597
f 585/141/586 584/140/585 596/153/597 597/154/598
f 586/142/587 585/141/586 597/154/598 598/155/599
f 587/143/588 586/142/587 598/155/599 599/156/600
f 588/132/577 587/143/588 599/156/600 600/145/589
f 589/144/590 600/145/589 612/158/601 601/157/602
f 590/146/591 589/147/590 601/160/602 602/159/603
f 591/148/592 590/146/591 602/159/603 603/161/604
f 592/149/593 591/148/592 603/161/604 604/162/605
f 593/150/594 592/149/593 604/162/605 605/163/606
f 594/151/595 593/150/594 605/163/606 606/164/607
f 595/152/596 594/151/595 606/164/607 607/165/608
f 596/153/597 595/152/596 607/165/608 608/166/609
f 597/154/598 596/153/597 608/166/609 609/167/610
f 598/155/599 597/154/598 609/167/610 610/168/611
f 599/156/600 598/155/599 610/168/611 611/169/612
f 600/145/589 599/156/600 611/169/612 612/158/601
f 601/157/602 612/158/601 624/171/613 613/170/614
f 602/159/603 601/160/602 613/173/614 614/172/615
f 603/161/604 602/159/603 614/172/615 615/174/616
f 604/162/605 603/161/604 615/174/616 616/175/617
f 605/163/606 604/162/605 616/175/617 617/176/618
f 606/164/607 605/163/606 617/176/618 618/177/619
f 607/165/608 606/164/607 618/177/619 619/178/620
f 608/166/609 607/165/608 619/178/620 620/179/621
f 609/167/610 608/166/609 620/179/621 621/180/622
f 610/168/611 609/167/610 621/180/622 622/181/623
f 611/169/612 610/168/611 622/181/623 623/182/624
f 612/158/601 611/169/612 623/182/624 624/171/613
f 613/170/614 624/171/613 636/184/625 625/183/626
f 614/172/615 613/173/614 625/186/626 626/185/627
f 615/174/616 614/172/615 626/185/627 627/187/628
f 616/175/617 615/174/616 627/187/628 628/188/629
f 617/176/618 616/175/617 628/188/629 629/189/630
f 618/177/619 617/176/618 629/189/630 630/190/631
f 619/178/620 618/177/619 630/190/631 631/191/632
f 620/179/621 619/178/620 631/191/632 632/192/633
f 621/180/622 620/179/621 632/192/633 633/193/634
f 622/181/623 621/180/622 633/193/634 634/194/635
f 623/182/624 622/181/623 634/194/635 635/195/636
f 624/171/613 623/182/624 635/195/636 636/184/625
f 625/183/626 636/184/625 648/197/637 637/196/638
f 626/185/627 625/186/626 637/199/638 638/198/639
f 627/187/628 626/185/627 638/198/639 639/200/640
f 628/188/629 627/187/628 639/200/640 640/201/641
f 629/189/630 628/188/629 640/201/641 641/202/642
f 630/190/631 629/189/630 641/202/642 642/203/643
f 631/191/632 630/190/631 642/203/643 643/204/644
f 632/192/633 631/191/632 643/204/644 644/205/645
f 633/193/634 632/192/633 644/205/645 645/206/646
f 634/194/635 633/193/634 645/206/646 646/207/647
f 635/195/636 634/194/635 646/207/647 647/208/648
f 636/184/625 635/195/636 647/208/648 648/197/637
f 637/196/638 648/197/637 660/210/649 649/209/650
f 638/198/639 637/199/638 649/212/650 650/211/651
f 639/200/640 638/198/639 650/211/651 651/213/652
f 640/201/641 639/200/640 651/213/652 652/214/653
f 641/202/642 640/201/641 652/214/653 653/215/654
f 642/203/643 641/202/642 653/215/654 654/216/655
f 643/204/644 642/203/643 654/216/655 655/217/656
f 644/205/645 643/204/644 655/217/656 656/218/657
f 645/206/646 644/205/645 656/218/657 657/219/658
f 646/207/647 645/206/646 657/219/658 658/220/659
f 647/208/648 646/207/647 658/220/659 659/221/660
f 648/197/637 647/208/648 659/221/660 660/210/649
f 649/209/650 660/210/649 672/223/661 661/222/662
f 650/211/651 649/212/650 661/225/662 662/224/663
f 651/213/652 650/211/651 662/224/663 663/226/664
f 652/214/653 651/213/652 663/226/664 664/227/665
f 653/215/654 652/214/653 664/227/665 665/228/666
f 654/216/655 653/215/654 665/228/666 666/229/667
f 655/217/656 654/216/655 666/229/667 667/230/668
f 656/218/657 655/217/656 667/230/668 668/231/669
f 657/219/658 656/218/657 668/231/669 669/232/670
f 658/220/659 657/219/658 669/232/670 670/233/671
f 659/221/660 658/220/659 670/233/671 671/234/672
f 660/210/649 659/221/660 671/234/672 672/223/661
f 661/222/662 672/223/661 684/236/673 673/235/674
f 662/224/663 661/225/662 673/238/674 674/237/675
f 663/226/664 662/224/663 674/237/675 675/239/676
f 664/227/665 663/226/664 675/239/676 676/240/677
f 665/228/666 664/227/665 676/240/677 677/241/678
f 666/229/667 665/228/666 677/241/678 678/242/679
f 667/230/668 666/229/667 678/242/679 679/243/680
f 668/231/669 667/230/668 679/243/680 680/244/681
f 669/232/670 668/231/669 680/244/681 681/245/682
f 670/233/671 669/232/670 681/245/682 682/246/683
f 671/234/672 670/233/671 682/246/683 683/247/684
f 672/223/661 671/234/672 683/247/684 684/236/673
f 673/235/674 684/236/673 696/249/685 685/248/686
f 674/237/675 673/238/674 685/251/686 686/250/687
f 675/239/676 674/237/675 686/250/687 687/252/688
f 676/240/677 675/239/676 687/252/688 688/253/689
f 677/241/678 676/240/677 688/253/689 689/254/690
f 678/242/679 677/241/678 689/254/690 690/255/691
f 679/243/680 678/242/679 690/255/691 691/256/692
f 680/244/681 679/243/680 691/256/692 692/257/693
f 681/245/682 680/244/681 692/257/693 693/258/694
f 682/246/683 681/245/682 693/258/694 694/259/695
f 683/247/684 682/246/683 694/259/695 695/260/696
f 684/236/673 683/247/684 695/260/696 696/249/685
f 685/248/686 696/249/685 708/262/697 697/261/698
f 686/250/687 685/251/686 697/264/698 698/263/699
f 687/252/688 686/250/687 698/263/699 699/265/700
f 688/253/689 687/252/688 699/265/700 700/266/701
f 689/254/690 688/253/689 700/266/701 701/267/702
f 690/255/691 689/254/690 701/267/702 702/268/703
f 691/256/692 690/255/691 702/268/703 703/269/704
f 692/257/693 691/256/692 703/269/704 704/270/705
f 693/258/694 692/257/693 704/270/705 705/271/706
f 694/259/695 693/258/694 705/271/706 706/272/707
f 695/260/696 694/259/695 706/272/707 707/273/708
f 696/249/685 695/260/696 707/273/708 708/262/697
f 697/261/698 708/262/697 720/275/709 709/274/710
f 698/263/699 697/264/698 709/277/710 710/276/711
f 699/265/700 698/263/699 710/276/711 711/278/712
f 700/266/701 699/265/700 711/278/712 712/279/713
f 701/267/702 700/266/701 712/279/713 713/280/714
f 702/268/703 701/267/702 713/280/714 714/281/715
f 703/269/704 702/268/703 714/281/715 715/282/716
f 704/270/705 703/269/704 715/282/716 716/283/717
f 705/271/706 704/270/705 716/283/717 717/284/718
f 706/272/707 705/271/706 717/284/718 718/285/719
f 707/273/708 706/272/707 718/285/719 719/286/720
f 708/262/697 707/273/708 719/286/720 720/275/709
f 709/274/710 720/275/709 732/288/721 721/287/722
f 710/276/711 709/277/710 721/290/722 722/289/723
f 711/278/712 710/276/711 722/289/723 723/291/724
f 712/279/713 711/278/712 723/291/724 724/292/725
f 713/280/714 712/279/713 724/292/725 725/293/726
f 714/281/715 713/280/714 725/293/726 726/294/727
f 715/282/716 714/281/715 726/294/727 727/295/728
f 716/283/717 715/282/716 727/295/728 728/296/729
f 717/284/718 716/283/717 728/296/729 729/297/730
f 718/285/719 717/284/718 729/297/730 730/298/731
f 719/286/720 718/285/719 730/298/731 731/299/732
f 720/275/709 719/286/720 731/299/732 732/288/721
f 721/287/722 732/288/721 744/301/733 733/300/734
f 722/289/723 721/290/722 733/303/734 734/302/735
f 723/291/724 722/289/723 734/302/735 735/304/736
f 724/292/725 723/291/724 735/304/736 736/305/737
f 725/293/726 724/292/725 736/305/737 737/306/738
f 726/294/727 725/293/726 737/306/738 738/307/739
f 727/295/728 726/294/727 738/307/739 739/308/740
f 728/296/729 727/295/728 739/308/740 740/309/741
f 729/297/730 728/296/729 740/309/741 741/310/742
f 730/298/731 729/297/730 741/310/742 742/311/743
f 731/299/732 730/298/731 742/311/743 743/312/744
f 732/288/721 731/299/732 743/312/744 744/301/733
f 733/300/734 744/301/733 756/314/745 745/313/746
f 734/302/735 733/303/734 745/316/746 746/315/747
f 735/304/736 734/302/735 746/315/747 747/317/748
f 736/305/737 735/304/736 747/317/748 748/318/749
f 737/306/738 736/305/737 748/318/749 749/319/750
f 738/307/739 737/306/738 749/319/750 750/320/751
f 739/308/740 738/307/739 750/320/751 751/321/752
f 740/309/741 739/308/740 751/321/752 752/322/753
f 741/310/742 740/309/741 752/322/753 753/323/754
f 742/311/743 741/310/742 753/323/754 754/324/755
f 743/312/744 742/311/743 754/324/755 755/325/756
f 744/301/733 743/312/744 755/325/756 756/314/745
f 757/1/757 768/4/758 780/28/759 769/27/760
f 758/5/761 757/8/757 769/30/760 770/29/762
f 759/9/763 758/5/761 770/29/762 771/31/764
f 760/11/765 759/9/763 771/31/764 772/32/766
f 761/13/767 760/11/765 772/32/766 773/33/768
f 762/15/769 761/13/767 773/33/768 774/34/770
f 763/17/771 762/15/769 774/34/770 775/35/772
f 764/19/773 763/17/771 775/35/772 776/36/774
f 765/21/775 764/19/773 776/36/774 777/37/776
f 766/23/777 765/21/775 777/37/776 778/38/778
f 767/25/779 766/23/777 778/38/778 779/39/780
f 768/4/758 767/25/779 779/39/780 780/28/759
f 769/27/760 780/28/759 792/54/781 781/53/782
f 770/29/762 769/30/760 781/56/782 782/55/783
f 771/31/764 770/29/762 782/55/783 783/57/784
f 772/32/766 771/31/764 783/57/784 784/58/785
f 773/33/768 772/32/766 784/58/785 785/59/786
f 774/34/770 773/33/768 785/59/786 786/60/787
f 775/35/772 774/34/770 786/60/787 787/61/788
f 776/36/774 775/35/772 787/61/788 788/62/789
f 777/37/776 776/36/774 788/62/789 789/63/790
f 778/38/778 777/37/776 789/63/790 790/64/791
f 779/39/780 778/38/778 790/64/791 791/65/792
f 780/28/759 779/39/780 791/65/792 792/54/781
f 781/53/782 792/54/781 804/80/793 793/79/794
f 782/55/783 781/56/782 793/82/794 794/81/795
f 783/57/784 782/55/783 794/81/795 795/83/796
f 784/58/785 783/57/784 795/83/796 796/84/797
f 785/59/786 784/58/785 796/84/797 797/85/798
f 786/60/787 785/59/786 797/85/798 798/86/799
f 787/61/788 786/60/787 798/86/799 799/87/800
f 788/62/789 787/61/788 799/87/800 800/88/801
f 789/63/790 788/62/789 800/88/801 801/89/802
f 790/64/791 789/63/790 801/89/802 802/90/803
f 791/65/792 790/64/791 802/90/803 803/91/804
f 792/54/781 791/65/792 803/91/804 804/80/793
f 793/79/794 804/80/793 816/106/805 805/105/806
f 794/81/795 793/82/794 805/108/806 806/107/807
f 795/83/796 794/81/795 806/107/807 807/109/808
f 796/84/797 795/83/796 807/109/808 808/110/809
f 797/85/798 796/84/797 808/110/809 809/111/810
f 798/86/799 797/85/798 809/111/810 810/112/811
f 799/87/800 798/86/799 810/112/811 811/113/812
f 800/88/801 799/87/800 811/113/812 812/114/813
f 801/89/802 800/88/801 812/114/813 813/115/814
f 802/90/803 801/89/802 813/115/814 814/116/815
f 803/91/804 802/90/803 814/116/815 815/117/816
f 804/80/793 803/91/804 815/117/816 816/106/805
f 805/105/806 816/106/805 828/132/817 817/131/818
f 806/107/807 805/108/806 817/134/818 818/133/819
f 807/109/808 806/107/807 818/133/819 819/135/820
f 808/110/809 807/109/808 819/135/820 820/136/821
f 809/111/810 808/110/809 820/136/821 821/137/822
f 810/112/811 809/111/810 821/137/822 822/138/823
f 811/113/812 810/112/811 822/138/823 823/139/824
f 812/114/813 811/113/812 823/139/824 824/140/825
f 813/115/814 812/114/813 824/140/825 825/141/826
f 814/116/815 813/115/814 825/141/826 826/142/827
f 815/117/816 814/116/815 826/142/827 827/143/828
f 816/106/805 815/117/816 827/143/828 828/132/817
f 817/131/818 828/132/817 840/158/829 829/157/830
f 818/133/819 817/134/818 829/160/830 830/159/831
f 819/135/820 818/133/819 830/159/831 831/161/832
f 820/136/821 819/135/820 831/161/832 832/162/833
f 821/137/822 820/136/821 832/162/833 833/163/834
f 822/138/823 821/137/822 833/163/834 834/164/835
f 823/139/824 822/138/823 834/164/835 835/165/836
f 824/140/825 823/139/824 835/165/836 836/166/837
f 825/141/826 824/140/825 836/166/837 837/167/838
f 826/142/827 825/141/826 837/167/838 838/168/839
f 827/143/828 826/142/827 838/168/839 839/169/840
f 828/132/817 827/143/828 839/169/840 840/158/829
f 829/157/830 840/158/829 852/184/841 841/183/842
f 830/159/831 829/160/830 841/186/842 842/185/843
f 831/161/832 830/159/831 842/185/843 843/187/844
f 832/162/833 831/161/832 843/187/844 844/188/845
f 833/163/834 832/162/833 844/188/845 845/189/846
f 834/164/835 833/163/834 845/189/846 846/190/847
f 835/165/836 834/164/835 846/190/847 847/191/848
f 836/166/837 835/165/836 847/191/848 848/192/849
f 837/167/838 836/166/837 848/192/849 849/193/850
f 838/168/839 837/167/838 849/193/850 850/194/851
f 839/169/840 838/168/839 850/194/851 851/195/852
f 840/158/829 839/169/840 851/195/852 852/184/841
f 841/183/842 852/184/841 864/210/853 853/209/854
f 842/185/843 841/186/842 853/212/854 854/211/855
f 843/187/844 842/185/843 854/211/855 855/213/856
f 844/188/845 843/187/844 855/213/856 856/214/857
f 845/189/846 844/188/845 856/214/857 857/215/858
f 846/190/847 845/189/846 857/215/858 858/216/859
f 847/191/848 846/190/847 858/216/859 859/217/860
f 848/192/849 847/191/848 859/217/860 860/218/861
f 849/193/850 848/192/849 860/218/861 861/219/862
f 850/194/851 849/193/850 861/219/862 862/220/863
f 851/195/852 850/194/851 862/220/863 863/221/864
f 852/184/841 851/195/852 863/221/864 864/210/853
f 853/209/854 864/210/853 876/236/865 865/235/866
f 854/211/855 853/212/854 865/238/866 866/237/867
f 855/213/856 854/211/855 866/237/867 867/239/868
f 856/214/857 855/213/856 867/239/868 868/240/869
f 857/215/858 856/214/857 868/240/869 869/241/870
f 858/216/859 857/215/858 869/241/870 870/242/871
f 859/217/860 858/216/859 870/242/871 871/243/872
f 860/218/861 859/217/860 871/243/872 872/244/873
f 861/219/862 860/218/861 872/244/873 873/245/874
f 862/220/863 861/219/862 873/245/874 874/246/875
f 863/221/864 862/220/863 874/246/875 875/247/876
f 864/210/853 863/221/864 875/247/876 876/236/865
f 865/235/866 876/236/865 888/262/877 877/261/878
f 866/237/867 865/238/866 877/264/878 878/263/879
f 867/239/868 866/237/867 878/263/879 879/265/880
f 868/240/869 867/239/868 879/265/880 880/266/881
f 869/241/870 868/240/869 880/266/881 881/267/882
f 870/242/871 869/241/870 881/267/882 882/268/883
f 871/243/872 870/242/871 882/268/883 883/269/884
f 872/244/873 871/243/872 883/269/884 884/270/885
f 873/245/874 872/244/873 884/270/885 885/271/886
f 874/246/875 873/245/874 885/271/886 886/272/887
f 875/247/876 874/246/875 886/272/887 887/273/888
f 876/236/865 875/247/876 887/273/888 888/262/877
f 877/261/878 888/262/877 900/288/889 889/287/890
f 878/263/879 877/264/878 889/290/890 890/289/891
f 879/265/880 878/263/879 890/289/891 891/291/892
f 880/266/881 879/265/880 891/291/892 892/292/893
f 881/267/882 880/266/881 892/292/893 893/293/894
f 882/268/883 881/267/882 893/293/894 894/294/895
f 883/269/884 882/268/883 894/294/895 895/295/896
f 884/270/885 883/269/884 895/295/896 896/296/897
f 885/271/886 884/270/885 896/296/897 897/297/898
f 886/272/887 885/271/886 897/297/898 898/298/899
f 887/273/888 886/272/887 898/298/899 899/299/900
f 888/262/877 887/273/888 899/299/900 900/288/889
f 889/287/890 900/288/889 912/314/901 901/313/902
f 890/289/891 889/290/890 901/316/902 902/315/903
f 891/291/892 890/289/891 902/315/903 903/317/904
f 892/292/893 891/291/892 903/317/904 904/318/905
f 893/293/894 892/292/893 904/318/905 905/319/906
f 894/294/895 893/293/894 905/319/906 906/320/907
f 895/295/896 894/294/895 906/320/907 907/321/908
f 896/296/897 895/295/896 907/321/908 908/322/909
f 897/297/898 896/296/897 908/322/909 909/323/910
f 898/298/899 897/297/898 909/323/910 910/324/911
f 899/299/900 898/298/899 910/324/911 911/325/912
f 900/288/889 899/299/900 911/325/912 912/314/901
f 2/5/5 1/8/1 457/8/457 458/5/461
f 10/23/21 9/21/19 465/21/475 466/23/477
f 1/1/1 12/4/4 468/4/458 457/1/457
f 290/315/291 291/317/292 747/317/748 746/315/747
f 298/324/299 299/325/300 755/325/756 754/324/755
f 307/17/315 306/15/313 762/15/769 763/17/771
f 450/320/451 451/321/452 907/321/908 906/320/907
f 3/9/7 2/5/5 458/5/461 459/9/463
f 11/25/23 10/23/21 466/23/477 467/25/479
f 289/316/289 290/315/291 746/315/747 745/316/746
f 297/323/298 298/324/299 754/324/755 753/323/754
f 300/314/290 289/313/289 745/313/746 756/314/745
f 306/15/313 305/13/311 761/13/767 762/15/769
f 449/319/450 450/320/451 906/320/907 905/319/906
f 4/11/9 3/9/7 459/9/463 460/11/465
f 12/4/4 11/25/23 467/25/479 468/4/458
f 292/318/293 293/319/294 749/319/750 748/318/749
f 309/21/319 308/19/317 764/19/773 765/21/775
f 452/322/453 453/323/454 909/323/910 908/322/909
f 5/13/11 4/11/9 460/11/465 461/13/467
f 291/317/292 292/318/293 748/318/749 747/317/748
f 299/325/300 300/314/290 756/314/745 755/325/756
f 308/19/317 307/17/315 763/17/771 764/19/773
f 451/321/452 452/322/453 908/322/909 907/321/908
f 6/15/13 5/13/11 461/13/467 462/15/469
f 294/320/295 295/321/296 751/321/752 750/320/751
f 303/9/307 302/5/305 758/5/761 759/9/763
f 311/25/323 310/23/321 766/23/777 767/25/779
f 446/315/447 447/317/448 903/317/904 902/315/903
f 454/324/455 455/325/456 911/325/912 910/324/911
f 7/17/15 6/15/13 462/15/469 463/17/471
f 293/319/294 294/320/295 750/320/751 749/319/750
f 302/5/305 301/8/301 757/8/757 758/5/761
f 310/23/321 309/21/319 765/21/775 766/23/777
f 301/1/301 312/4/304 768/4/758 757/1/757
f 445/316/445 446/315/447 902/315/903 901/316/902
f 453/323/454 454/324/455 910/324/911 909/323/910
f 456/314/446 445/313/445 901/313/902 912/314/901
f 8/19/17 7/17/15 463/17/471 464/19/473
f 296/322/297 297/323/298 753/323/754 752/322/753
f 305/13/311 304/11/309 760/11/765 761/13/767
f 448/318/449 449/319/450 905/319/906 904/318/905
f 9/21/19 8/19/17 464/19/473 465/21/475
f 295/321/296 296/322/297 752/322/753 751/321/752
f 304/11/309 303/9/307 759/9/763 760/11/765
f 312/4/304 311/25/323 767/25/779 768/4/758
f 447/317/448 448/318/449 904/318/905 903/317/904
f 455/325/456 456/314/446 912/314/901 911/325/912
o BezierCurve
v -0.026166 0.059241 -0.227767
v -0.026166 0.061071 -0.229597
v -0.026166 0.061741 -0.232097
v -0.026166 0.061071 -0.234597
v -0.026166 0.059241 -0.236427
v -0.026166 0.056741 -0.237097
v -0.026166 0.054241 -0.236427
v -0.026166 0.052411 -0.234597
v -0.026166 0.051741 -0.232097
v -0.026166 0.052411 -0.229597
v -0.026166 0.054241 -0.227767
v -0.026166 0.056741 -0.227097
v -0.033772 0.058832 -0.227858
v -0.033989 0.060649 -0.229689
v -0.034062 0.061314 -0.232189
v -0.033970 0.060650 -0.234689
v -0.033739 0.058834 -0.236518
v -0.033431 0.056353 -0.237188
v -0.033127 0.053871 -0.236517
v -0.032910 0.052055 -0.234687
v -0.032838 0.051389 -0.232187
v -0.032929 0.052054 -0.229687
v -0.033160 0.053869 -0.227857
v -0.033468 0.056351 -0.227188
v -0.039973 0.057625 -0.227823
v -0.040595 0.059358 -0.229642
v -0.040930 0.059969 -0.232135
v -0.040887 0.059294 -0.234633
v -0.040478 0.057515 -0.236468
v -0.039812 0.055108 -0.237148
v -0.039069 0.052718 -0.236490
v -0.038446 0.050985 -0.234671
v -0.038111 0.050374 -0.232178
v -0.038154 0.051049 -0.229680
v -0.038563 0.052828 -0.227845
v -0.039229 0.055235 -0.227166
v -0.044755 0.055713 -0.227242
v -0.045995 0.057193 -0.228966
v -0.046831 0.057598 -0.231381
v -0.047040 0.056820 -0.233841
v -0.046565 0.055068 -0.235686
v -0.045534 0.052811 -0.236422
v -0.044223 0.050654 -0.235851
v -0.042983 0.049175 -0.234127
v -0.042146 0.048769 -0.231711
v -0.041938 0.049547 -0.229252
v -0.042412 0.051299 -0.227407
v -0.043444 0.053556 -0.226671
v -0.048298 0.053203 -0.225782
v -0.050182 0.054232 -0.227228
v -0.051606 0.054227 -0.229389
v -0.052189 0.053189 -0.231687
v -0.051773 0.051395 -0.233506
v -0.050471 0.049327 -0.234359
v -0.048632 0.047539 -0.234017
v -0.046748 0.046509 -0.232572
v -0.045324 0.046515 -0.230411
v -0.044741 0.047553 -0.228113
v -0.045157 0.049347 -0.226293
v -0.046459 0.051415 -0.225440
v -0.050982 0.050011 -0.223043
v -0.053291 0.050562 -0.224075
v -0.055136 0.050083 -0.225825
v -0.056023 0.048703 -0.227827
v -0.055713 0.046789 -0.229542
v -0.054291 0.044857 -0.230512
v -0.052137 0.043422 -0.230477
v -0.049828 0.042871 -0.229446
v -0.047983 0.043350 -0.227695
v -0.047097 0.044730 -0.225694
v -0.047406 0.046644 -0.223978
v -0.048828 0.048576 -0.223008
v -0.053069 0.045924 -0.218432
v -0.055564 0.046140 -0.219088
v -0.057608 0.045302 -0.220436
v -0.058654 0.043633 -0.222115
v -0.058421 0.041580 -0.223675
v -0.056973 0.039695 -0.224698
v -0.054697 0.038482 -0.224910
v -0.052202 0.038266 -0.224254
v -0.050158 0.039105 -0.222906
v -0.049112 0.040774 -0.221227
v -0.049345 0.042826 -0.219667
v -0.050793 0.044711 -0.218644
v -0.054628 0.040844 -0.211361
v -0.057186 0.040873 -0.211759
v -0.059303 0.039814 -0.212804
v -0.060415 0.037951 -0.214216
v -0.060221 0.035783 -0.215617
v -0.058775 0.033892 -0.216631
v -0.056463 0.032783 -0.216988
v -0.053906 0.032755 -0.216590
v -0.051788 0.033814 -0.215545
v -0.050677 0.035677 -0.214133
v -0.050870 0.037844 -0.212732
v -0.052317 0.039736 -0.211718
v -0.055700 0.034771 -0.201343
v -0.058276 0.034702 -0.201582
v -0.060419 0.033516 -0.202419
v -0.061554 0.031530 -0.203630
v -0.061377 0.029277 -0.204891
v -0.059936 0.027359 -0.205863
v -0.057617 0.026291 -0.206286
v -0.055040 0.026360 -0.206047
v -0.052898 0.027546 -0.205210
v -0.051763 0.029532 -0.203999
v -0.051939 0.031786 -0.202738
v -0.053381 0.033703 -0.201766
v -0.056358 0.027720 -0.187931
v -0.058939 0.027603 -0.188078
v -0.061090 0.026343 -0.188775
v -0.062233 0.024278 -0.189837
v -0.062063 0.021961 -0.190978
v -0.060625 0.020013 -0.191893
v -0.058305 0.018956 -0.192336
v -0.055723 0.019074 -0.192190
v -0.053573 0.020334 -0.191492
v -0.052429 0.022399 -0.190431
v -0.052599 0.024716 -0.189290
v -0.054038 0.026664 -0.188375
v -0.056697 0.019700 -0.170686
v -0.059280 0.019558 -0.170781
v -0.061432 0.018254 -0.171384
v -0.062578 0.016136 -0.172333
v -0.062410 0.013773 -0.173374
v -0.060974 0.011796 -0.174227
v -0.058653 0.010737 -0.174665
v -0.056071 0.010878 -0.174570
v -0.053918 0.012183 -0.173967
v -0.052772 0.014300 -0.173018
v -0.052940 0.016664 -0.171978
v -0.054377 0.018640 -0.171124
v -0.056821 0.010707 -0.149164
v -0.059404 0.010555 -0.149233
v -0.061557 0.009223 -0.149771
v -0.062704 0.007069 -0.150634
v -0.062537 0.004670 -0.151590
v -0.061100 0.002668 -0.152383
v -0.058780 0.001601 -0.152802
v -0.056197 0.001753 -0.152733
v -0.054044 0.003085 -0.152195
v -0.052897 0.005239 -0.151332
v -0.053065 0.007638 -0.150376
v -0.054501 0.009640 -0.149582
v -0.056838 0.000739 -0.122932
v -0.059420 0.000587 -0.123000
v -0.061574 -0.000761 -0.123497
v -0.062721 -0.002942 -0.124288
v -0.062554 -0.005372 -0.125163
v -0.061118 -0.007400 -0.125887
v -0.058798 -0.008483 -0.126265
v -0.056215 -0.008330 -0.126197
v -0.054062 -0.006983 -0.125701
v -0.052915 -0.004802 -0.124909
v -0.053082 -0.002372 -0.124035
v -0.054517 -0.000343 -0.123311
v -0.057087 -0.008412 -0.096088
v -0.059669 -0.008556 -0.096180
v -0.061823 -0.009914 -0.096647
v -0.062971 -0.012121 -0.097361
v -0.062805 -0.014586 -0.098133
v -0.061370 -0.016648 -0.098756
v -0.059051 -0.017755 -0.099061
v -0.056469 -0.017611 -0.098969
v -0.054315 -0.016253 -0.098503
v -0.053167 -0.014046 -0.097788
v -0.053333 -0.011582 -0.097016
v -0.054767 -0.009519 -0.096393
v -0.057700 -0.014926 -0.073500
v -0.060282 -0.015061 -0.073624
v -0.062436 -0.016430 -0.074050
v -0.063587 -0.018666 -0.074665
v -0.063425 -0.021169 -0.075303
v -0.061994 -0.023269 -0.075794
v -0.059677 -0.024403 -0.076006
v -0.057095 -0.024267 -0.075883
v -0.054940 -0.022898 -0.075456
v -0.053790 -0.020663 -0.074842
v -0.053952 -0.018160 -0.074203
v -0.055383 -0.016060 -0.073712
v -0.058476 -0.019158 -0.054826
v -0.061057 -0.019289 -0.054968
v -0.063214 -0.020673 -0.055327
v -0.064370 -0.022938 -0.055809
v -0.064214 -0.025478 -0.056283
v -0.062789 -0.027612 -0.056623
v -0.060476 -0.028767 -0.056737
v -0.057895 -0.028636 -0.056596
v -0.055738 -0.027252 -0.056236
v -0.054582 -0.024987 -0.055755
v -0.054738 -0.022447 -0.055281
v -0.056163 -0.020314 -0.054941
v -0.059213 -0.021465 -0.039736
v -0.061794 -0.021598 -0.039868
v -0.063957 -0.022999 -0.040118
v -0.065121 -0.025291 -0.040418
v -0.064975 -0.027861 -0.040688
v -0.063557 -0.030020 -0.040856
v -0.061248 -0.031189 -0.040877
v -0.058667 -0.031056 -0.040746
v -0.056505 -0.029656 -0.040496
v -0.055341 -0.027364 -0.040196
v -0.055487 -0.024794 -0.039926
v -0.056904 -0.022635 -0.039757
v -0.059717 -0.022216 -0.027911
v -0.062300 -0.022353 -0.027979
v -0.064469 -0.023764 -0.028045
v -0.065642 -0.026070 -0.028093
v -0.065505 -0.028655 -0.028110
v -0.064094 -0.030825 -0.028090
v -0.061788 -0.031999 -0.028040
v -0.059204 -0.031862 -0.027972
v -0.057035 -0.030451 -0.027906
v -0.055862 -0.028144 -0.027858
v -0.056000 -0.025560 -0.027841
v -0.057410 -0.023390 -0.027861
v -0.059807 -0.021797 -0.019040
v -0.062390 -0.021925 -0.018939
v -0.064558 -0.023319 -0.018702
v -0.065729 -0.025606 -0.018394
v -0.065591 -0.028173 -0.018096
v -0.064179 -0.030333 -0.017889
v -0.061873 -0.031506 -0.017828
v -0.059290 -0.031379 -0.017930
v -0.057122 -0.029984 -0.018166
v -0.055951 -0.027697 -0.018475
v -0.056089 -0.025130 -0.018772
v -0.057500 -0.022970 -0.018979
v -0.059347 -0.020623 -0.012796
v -0.061894 -0.020682 -0.012341
v -0.064013 -0.021980 -0.011615
v -0.065134 -0.024170 -0.010813
v -0.064958 -0.026665 -0.010149
v -0.063533 -0.028797 -0.009801
v -0.061239 -0.029994 -0.009863
v -0.058692 -0.029936 -0.010318
v -0.056574 -0.028638 -0.011044
v -0.055452 -0.026448 -0.011847
v -0.055628 -0.023953 -0.012511
v -0.057053 -0.021821 -0.012858
v -0.058265 -0.019100 -0.008727
v -0.060625 -0.018935 -0.007678
v -0.062526 -0.019974 -0.006262
v -0.063459 -0.021939 -0.004859
v -0.063173 -0.024302 -0.003844
v -0.061745 -0.026432 -0.003490
v -0.059558 -0.027756 -0.003891
v -0.057198 -0.027921 -0.004940
v -0.055296 -0.026882 -0.006356
v -0.054364 -0.024918 -0.007759
v -0.054650 -0.022554 -0.008774
v -0.056078 -0.020424 -0.009128
v -0.056383 -0.017452 -0.006139
v -0.058230 -0.016882 -0.004417
v -0.059611 -0.017511 -0.002321
v -0.060157 -0.019171 -0.000412
v -0.059721 -0.021417 0.000799
v -0.058421 -0.023647 0.000987
v -0.056604 -0.025264 0.000101
v -0.054758 -0.025834 -0.001621
v -0.053377 -0.025204 -0.003717
v -0.052830 -0.023545 -0.005627
v -0.053266 -0.021299 -0.006837
v -0.054566 -0.019069 -0.007025
v -0.053153 -0.015755 -0.004463
v -0.054241 -0.014803 -0.002317
v -0.054954 -0.015095 0.000154
v -0.055100 -0.016553 0.002287
v -0.054641 -0.018787 0.003511
v -0.053699 -0.021198 0.003498
v -0.052527 -0.023140 0.002251
v -0.051439 -0.024092 0.000104
v -0.050726 -0.023800 -0.002367
v -0.050580 -0.022341 -0.004500
v -0.051039 -0.020108 -0.005724
v -0.051981 -0.017697 -0.005710
v -0.048058 -0.014352 -0.003574
v -0.048490 -0.013218 -0.001288
v -0.048724 -0.013377 0.001285
v -0.048697 -0.014787 0.003455
v -0.048416 -0.017070 0.004641
v -0.047956 -0.019615 0.004525
v -0.047441 -0.021739 0.003138
v -0.047009 -0.022873 0.000852
v -0.046775 -0.022714 -0.001720
v -0.046802 -0.021303 -0.003890
v -0.047083 -0.019020 -0.005076
v -0.047543 -0.016476 -0.004960
v -0.041021 -0.013780 -0.003341
v -0.041021 -0.012608 -0.001033
v -0.041021 -0.012747 0.001552
v -0.041021 -0.014160 0.003720
v -0.041021 -0.016467 0.004892
v -0.041021 -0.019052 0.004753
v -0.041021 -0.021221 0.003341
v -0.041021 -0.022392 0.001033
v -0.041021 -0.022253 -0.001552
v -0.041021 -0.020841 -0.003720
v -0.041021 -0.018533 -0.004892
v -0.041021 -0.015949 -0.004753
v -0.053488 -0.001372 -0.124599
v -0.055318 0.000458 -0.124599
v -0.057818 0.001128 -0.124599
v -0.060318 0.000458 -0.124599
v -0.062148 -0.001372 -0.124599
v -0.062818 -0.003872 -0.124599
v -0.062148 -0.006372 -0.124599
v -0.060318 -0.008202 -0.124599
v -0.057818 -0.008872 -0.124599
v -0.055318 -0.008202 -0.124599
v -0.053488 -0.006372 -0.124599
v -0.052818 -0.003872 -0.124599
v -0.053587 -0.000952 -0.097900
v -0.055417 0.000877 -0.097974
v -0.057916 0.001546 -0.098013
v -0.060417 0.000876 -0.098007
v -0.062247 -0.000953 -0.097958
v -0.062917 -0.003452 -0.097879
v -0.062247 -0.005950 -0.097790
v -0.060417 -0.007779 -0.097717
v -0.057918 -0.008448 -0.097678
v -0.055418 -0.007779 -0.097684
v -0.053587 -0.005949 -0.097733
v -0.052917 -0.003451 -0.097812
v -0.053805 0.000206 -0.075335
v -0.055634 0.002031 -0.075486
v -0.058134 0.002698 -0.075561
v -0.060634 0.002029 -0.075539
v -0.062465 0.000203 -0.075427
v -0.063135 -0.002290 -0.075254
v -0.062467 -0.004784 -0.075067
v -0.060638 -0.006608 -0.074916
v -0.058138 -0.007276 -0.074841
v -0.055638 -0.006607 -0.074863
v -0.053807 -0.004781 -0.074975
v -0.053136 -0.002287 -0.075148
v -0.054023 0.001951 -0.056578
v -0.055851 0.003768 -0.056809
v -0.058351 0.004433 -0.056910
v -0.060851 0.003768 -0.056854
v -0.062683 0.001950 -0.056657
v -0.063355 -0.000533 -0.056371
v -0.062687 -0.003016 -0.056073
v -0.060859 -0.004833 -0.055842
v -0.058360 -0.005498 -0.055741
v -0.055859 -0.004832 -0.055797
v -0.054027 -0.003015 -0.055994
v -0.053355 -0.000532 -0.056280
v -0.054124 0.004127 -0.041312
v -0.055952 0.005933 -0.041619
v -0.058451 0.006597 -0.041728
v -0.060952 0.005940 -0.041610
v -0.062784 0.004139 -0.041296
v -0.063456 0.001676 -0.040870
v -0.062789 -0.000789 -0.040447
v -0.060961 -0.002595 -0.040140
v -0.058462 -0.003258 -0.040031
v -0.055961 -0.002602 -0.040150
v -0.054129 -0.000801 -0.040464
v -0.053456 0.001662 -0.040889
v -0.053993 0.006569 -0.029230
v -0.055822 0.008362 -0.029601
v -0.058321 0.009031 -0.029684
v -0.060820 0.008397 -0.029455
v -0.062649 0.006630 -0.028977
v -0.063319 0.004202 -0.028378
v -0.062649 0.001766 -0.027817
v -0.060820 -0.000027 -0.027446
v -0.058321 -0.000696 -0.027363
v -0.055822 -0.000062 -0.027592
v -0.053993 0.001705 -0.028070
v -0.053323 0.004132 -0.028669
v -0.053527 0.009098 -0.020046
v -0.055359 0.010882 -0.020450
v -0.057852 0.011576 -0.020443
v -0.060339 0.010994 -0.020028
v -0.062155 0.009292 -0.019315
v -0.062811 0.006926 -0.018495
v -0.062132 0.004531 -0.017789
v -0.060301 0.002747 -0.017385
v -0.057808 0.002053 -0.017392
v -0.055320 0.002635 -0.017807
v -0.053505 0.004336 -0.018520
v -0.052849 0.006702 -0.019339
v -0.052661 0.011503 -0.013498
v -0.054487 0.013300 -0.013868
v -0.056950 0.014068 -0.013663
v -0.059390 0.013601 -0.012937
v -0.061154 0.012025 -0.011886
v -0.061768 0.009762 -0.010790
v -0.061068 0.007419 -0.009944
v -0.059242 0.005622 -0.009574
v -0.056779 0.004854 -0.009780
v -0.054339 0.005320 -0.010505
v -0.052576 0.006896 -0.011557
v -0.051961 0.009159 -0.012652
v -0.051419 0.013541 -0.009313
v -0.053193 0.015413 -0.009529
v -0.055533 0.016360 -0.008958
v -0.057813 0.016128 -0.007754
v -0.059421 0.014778 -0.006240
v -0.059926 0.012673 -0.004821
v -0.059194 0.010377 -0.003878
v -0.057420 0.008505 -0.003662
v -0.055079 0.007558 -0.004233
v -0.052800 0.007791 -0.005437
v -0.051192 0.009140 -0.006951
v -0.050687 0.011245 -0.008370
v -0.049931 0.015039 -0.007020
v -0.051498 0.017097 -0.006943
v -0.053477 0.018369 -0.005864
v -0.055338 0.018513 -0.004071
v -0.056582 0.017491 -0.002044
v -0.056876 0.015576 -0.000328
v -0.056141 0.013283 0.000619
v -0.054575 0.011224 0.000543
v -0.052596 0.009952 -0.000537
v -0.050735 0.009808 -0.002330
v -0.049491 0.010830 -0.004356
v -0.049197 0.012745 -0.006073
v -0.048075 0.016118 -0.005832
v -0.049184 0.018426 -0.005455
v -0.050494 0.020061 -0.003937
v -0.051655 0.020587 -0.001684
v -0.052355 0.019861 0.000700
v -0.052407 0.018078 0.002575
v -0.051797 0.015716 0.003441
v -0.050688 0.013408 0.003063
v -0.049377 0.011772 0.001545
v -0.048216 0.011247 -0.000708
v -0.047516 0.011973 -0.003091
v -0.047464 0.013756 -0.004967
v -0.045176 0.016947 -0.005190
v -0.045700 0.019424 -0.004655
v -0.046274 0.021273 -0.002937
v -0.046744 0.021999 -0.000497
v -0.046984 0.021406 0.002011
v -0.046930 0.019654 0.003915
v -0.046596 0.017212 0.004705
v -0.046072 0.014735 0.004170
v -0.045498 0.012886 0.002452
v -0.045028 0.012160 0.000013
v -0.044789 0.012753 -0.002495
v -0.044843 0.014505 -0.004400
v -0.040769 0.017304 -0.004996
v -0.040769 0.019828 -0.004425
v -0.040769 0.021729 -0.002668
v -0.040769 0.022496 -0.000196
v -0.040769 0.021925 0.002328
v -0.040769 0.020168 0.004229
v -0.040769 0.017696 0.004996
v -0.040769 0.015172 0.004425
v -0.040769 0.013271 0.002668
v -0.040769 0.012504 0.000196
v -0.040769 0.013075 -0.002328
v -0.040769 0.014832 -0.004229
v -0.026109 0.058484 -0.229060
v -0.026086 0.059772 -0.230342
v -0.026084 0.060243 -0.232100
v -0.026104 0.059769 -0.233856
v -0.026140 0.058479 -0.235135
v -0.026183 0.056727 -0.235597
v -0.026222 0.054982 -0.235124
v -0.026244 0.053707 -0.233844
v -0.026245 0.053239 -0.232100
v -0.026224 0.053705 -0.230354
v -0.026188 0.054981 -0.229071
v -0.026146 0.056729 -0.228596
v -0.033674 0.058075 -0.229150
v -0.033826 0.059355 -0.230430
v -0.033877 0.059826 -0.232186
v -0.033811 0.059358 -0.233944
v -0.033649 0.058077 -0.235226
v -0.033433 0.056335 -0.235688
v -0.033222 0.054601 -0.235210
v -0.033071 0.053339 -0.233928
v -0.033019 0.052878 -0.232185
v -0.033082 0.053340 -0.230443
v -0.033243 0.054603 -0.229163
v -0.033460 0.056335 -0.228688
v -0.039830 0.056868 -0.229111
v -0.040269 0.058091 -0.230377
v -0.040504 0.058530 -0.232128
v -0.040473 0.058059 -0.233890
v -0.040183 0.056803 -0.235182
v -0.039715 0.055106 -0.235651
v -0.039196 0.053431 -0.235176
v -0.038764 0.052230 -0.233896
v -0.038530 0.051814 -0.232159
v -0.038557 0.052287 -0.230424
v -0.038840 0.053521 -0.229146
v -0.039306 0.055195 -0.228663
v -0.044655 0.054928 -0.228516
v -0.045529 0.055976 -0.229710
v -0.046123 0.056276 -0.231406
v -0.046273 0.055736 -0.233145
v -0.045935 0.054498 -0.234450
v -0.045205 0.052903 -0.234961
v -0.044282 0.051387 -0.234544
v -0.043419 0.050362 -0.233321
v -0.042842 0.050096 -0.231633
v -0.042699 0.050646 -0.229932
v -0.043024 0.051859 -0.228656
v -0.043738 0.053421 -0.228136
v -0.048317 0.052331 -0.227003
v -0.049640 0.053065 -0.227998
v -0.050653 0.053076 -0.229512
v -0.051073 0.052351 -0.231137
v -0.050780 0.051085 -0.232426
v -0.049855 0.049624 -0.233024
v -0.048554 0.048369 -0.232770
v -0.047235 0.047659 -0.231740
v -0.046253 0.047677 -0.230223
v -0.045860 0.048408 -0.228630
v -0.046149 0.049650 -0.227377
v -0.047043 0.051081 -0.226781
v -0.051130 0.049011 -0.224152
v -0.052743 0.049408 -0.224861
v -0.054048 0.049083 -0.226082
v -0.054684 0.048116 -0.227491
v -0.054470 0.046766 -0.228704
v -0.053463 0.045403 -0.229388
v -0.051940 0.044399 -0.229356
v -0.050321 0.044024 -0.228622
v -0.049041 0.044369 -0.227391
v -0.048436 0.045335 -0.225995
v -0.048656 0.046663 -0.224806
v -0.049639 0.048006 -0.224134
v -0.053298 0.044803 -0.219401
v -0.055039 0.044962 -0.219853
v -0.056477 0.044382 -0.220792
v -0.057221 0.043214 -0.221970
v -0.057062 0.041769 -0.223069
v -0.056041 0.040442 -0.223790
v -0.054437 0.039593 -0.223936
v -0.052687 0.039449 -0.223470
v -0.051263 0.040044 -0.222522
v -0.050542 0.041212 -0.221348
v -0.050709 0.042641 -0.220262
v -0.051716 0.043953 -0.219551
v -0.054895 0.039633 -0.212205
v -0.056681 0.039658 -0.212480
v -0.058167 0.038922 -0.213207
v -0.058952 0.037619 -0.214196
v -0.058820 0.036096 -0.215180
v -0.057805 0.034767 -0.215894
v -0.056179 0.033990 -0.216143
v -0.054386 0.033975 -0.215862
v -0.052906 0.034722 -0.215127
v -0.052136 0.036026 -0.214139
v -0.052275 0.037539 -0.213161
v -0.053284 0.038857 -0.212454
v -0.055983 0.033498 -0.202085
v -0.057783 0.033453 -0.202250
v -0.059284 0.032627 -0.202834
v -0.060084 0.031238 -0.203681
v -0.059963 0.029657 -0.204565
v -0.058953 0.028311 -0.205248
v -0.057325 0.027562 -0.205544
v -0.055518 0.027613 -0.205375
v -0.054020 0.028447 -0.204787
v -0.053230 0.029839 -0.203939
v -0.053357 0.031413 -0.203059
v -0.054364 0.032752 -0.202380
v -0.056648 0.026405 -0.188592
v -0.058452 0.026325 -0.188694
v -0.059958 0.025446 -0.189180
v -0.060761 0.024002 -0.189923
v -0.060645 0.022378 -0.190723
v -0.059638 0.021012 -0.191365
v -0.058011 0.020271 -0.191676
v -0.056201 0.020355 -0.191572
v -0.054696 0.021240 -0.191082
v -0.053899 0.022686 -0.190339
v -0.054021 0.024307 -0.189541
v -0.055027 0.025667 -0.188902
v -0.056990 0.018355 -0.171283
v -0.058795 0.018257 -0.171349
v -0.060302 0.017347 -0.171770
v -0.061106 0.015866 -0.172433
v -0.060991 0.014210 -0.173163
v -0.059986 0.012824 -0.173761
v -0.058359 0.012081 -0.174069
v -0.056549 0.012181 -0.174001
v -0.055042 0.013097 -0.173578
v -0.054242 0.014580 -0.172914
v -0.054362 0.016234 -0.172185
v -0.055368 0.017615 -0.171589
v -0.057115 0.009341 -0.149710
v -0.058921 0.009235 -0.149758
v -0.060428 0.008305 -0.150134
v -0.061232 0.006798 -0.150737
v -0.061117 0.005118 -0.151406
v -0.060112 0.003715 -0.151963
v -0.058486 0.002967 -0.152256
v -0.056677 0.003074 -0.152208
v -0.055169 0.004008 -0.151830
v -0.054368 0.005517 -0.151226
v -0.054487 0.007196 -0.150557
v -0.055492 0.008595 -0.150002
v -0.057133 -0.000644 -0.123432
v -0.058939 -0.000751 -0.123480
v -0.060445 -0.001692 -0.123827
v -0.061249 -0.003217 -0.124380
v -0.061134 -0.004918 -0.124992
v -0.060131 -0.006339 -0.125500
v -0.058506 -0.007099 -0.125765
v -0.056696 -0.006992 -0.125718
v -0.055187 -0.006048 -0.125370
v -0.054385 -0.004519 -0.124815
v -0.054504 -0.002818 -0.124202
v -0.055510 -0.001400 -0.123697
v -0.057384 -0.009813 -0.096534
v -0.059189 -0.009915 -0.096599
v -0.060695 -0.010863 -0.096924
v -0.061499 -0.012405 -0.097424
v -0.061386 -0.014129 -0.097964
v -0.060384 -0.015575 -0.098400
v -0.058760 -0.016353 -0.098615
v -0.056949 -0.016253 -0.098551
v -0.055439 -0.015300 -0.098223
v -0.054637 -0.013753 -0.097722
v -0.054756 -0.012027 -0.097182
v -0.055762 -0.010585 -0.096747
v -0.058000 -0.016347 -0.073876
v -0.059803 -0.016442 -0.073963
v -0.061309 -0.017398 -0.074260
v -0.062116 -0.018959 -0.074690
v -0.062006 -0.020711 -0.075137
v -0.061007 -0.022183 -0.075481
v -0.059383 -0.022981 -0.075630
v -0.057573 -0.022886 -0.075544
v -0.056062 -0.021925 -0.075245
v -0.055258 -0.020357 -0.074813
v -0.055375 -0.018604 -0.074367
v -0.056379 -0.017137 -0.074024
v -0.058778 -0.020599 -0.055113
v -0.060581 -0.020691 -0.055212
v -0.062089 -0.021656 -0.055463
v -0.062900 -0.023237 -0.055799
v -0.062796 -0.025015 -0.056131
v -0.061800 -0.026513 -0.056370
v -0.060179 -0.027325 -0.056451
v -0.058368 -0.027233 -0.056351
v -0.056855 -0.026261 -0.056099
v -0.056049 -0.024671 -0.055761
v -0.056162 -0.022894 -0.055430
v -0.057162 -0.021404 -0.055193
v -0.059520 -0.022924 -0.039908
v -0.061321 -0.023016 -0.040000
v -0.062833 -0.023991 -0.040173
v -0.063652 -0.025591 -0.040383
v -0.063555 -0.027391 -0.040573
v -0.062564 -0.028907 -0.040692
v -0.060945 -0.029730 -0.040707
v -0.059132 -0.029636 -0.040614
v -0.057617 -0.028651 -0.040438
v -0.056805 -0.027043 -0.040228
v -0.056913 -0.025245 -0.040039
v -0.057907 -0.023738 -0.039922
v -0.060026 -0.023684 -0.027931
v -0.061828 -0.023777 -0.027978
v -0.063345 -0.024757 -0.028024
v -0.064172 -0.026367 -0.028058
v -0.064083 -0.028179 -0.028070
v -0.063096 -0.029706 -0.028057
v -0.061476 -0.030531 -0.028021
v -0.059661 -0.030433 -0.027973
v -0.058142 -0.029439 -0.027926
v -0.057326 -0.027820 -0.027893
v -0.057429 -0.026013 -0.027882
v -0.058417 -0.024501 -0.027896
v -0.060111 -0.023255 -0.018860
v -0.061910 -0.023338 -0.018789
v -0.063429 -0.024304 -0.018624
v -0.064259 -0.025901 -0.018409
v -0.064170 -0.027705 -0.018201
v -0.063180 -0.029227 -0.018055
v -0.061556 -0.030051 -0.018011
v -0.059741 -0.029956 -0.018082
v -0.058225 -0.028971 -0.018249
v -0.057414 -0.027366 -0.018466
v -0.057518 -0.025575 -0.018675
v -0.058505 -0.024072 -0.018819
v -0.059615 -0.022034 -0.012361
v -0.061387 -0.022062 -0.012045
v -0.062877 -0.022957 -0.011541
v -0.063678 -0.024489 -0.010980
v -0.063564 -0.026249 -0.010512
v -0.062559 -0.027754 -0.010264
v -0.060939 -0.028593 -0.010307
v -0.059148 -0.028541 -0.010628
v -0.057671 -0.027620 -0.011140
v -0.056901 -0.026086 -0.011704
v -0.057033 -0.024350 -0.012169
v -0.058026 -0.022870 -0.012407
v -0.058424 -0.020409 -0.008012
v -0.060072 -0.020275 -0.007291
v -0.061421 -0.020988 -0.006304
v -0.062095 -0.022367 -0.005313
v -0.061899 -0.024038 -0.004591
v -0.060886 -0.025542 -0.004339
v -0.059335 -0.026467 -0.004625
v -0.057676 -0.026566 -0.005370
v -0.056359 -0.025824 -0.006369
v -0.055729 -0.024450 -0.007350
v -0.055937 -0.022813 -0.008049
v -0.056918 -0.021339 -0.008288
v -0.056377 -0.018643 -0.005227
v -0.057679 -0.018225 -0.004037
v -0.058665 -0.018650 -0.002562
v -0.059059 -0.019814 -0.001206
v -0.058750 -0.021402 -0.000344
v -0.057824 -0.022978 -0.000216
v -0.056537 -0.024109 -0.000854
v -0.055245 -0.024491 -0.002079
v -0.054297 -0.024032 -0.003549
v -0.053932 -0.022870 -0.004863
v -0.054229 -0.021321 -0.005688
v -0.055116 -0.019779 -0.005824
v -0.053039 -0.016884 -0.003483
v -0.053809 -0.016201 -0.001987
v -0.054314 -0.016392 -0.000246
v -0.054417 -0.017415 0.001267
v -0.054089 -0.018995 0.002132
v -0.053421 -0.020697 0.002111
v -0.052598 -0.022055 0.001217
v -0.051845 -0.022705 -0.000297
v -0.051354 -0.022484 -0.002013
v -0.051248 -0.021466 -0.003481
v -0.051558 -0.019921 -0.004329
v -0.052214 -0.018247 -0.004335
v -0.047960 -0.015476 -0.002586
v -0.048265 -0.014670 -0.000987
v -0.048428 -0.014774 0.000825
v -0.048407 -0.015767 0.002357
v -0.048207 -0.017380 0.003188
v -0.047885 -0.019170 0.003094
v -0.047527 -0.020650 0.002110
v -0.047228 -0.021429 0.000510
v -0.047063 -0.021310 -0.001277
v -0.047078 -0.020330 -0.002783
v -0.047272 -0.018744 -0.003614
v -0.047596 -0.016969 -0.003545
v -0.040962 -0.014907 -0.002353
v -0.040912 -0.014074 -0.000736
v -0.040889 -0.014167 0.001086
v -0.040901 -0.015166 0.002614
v -0.040945 -0.016796 0.003431
v -0.041010 -0.018609 0.003320
v -0.041078 -0.020119 0.002324
v -0.041129 -0.020931 0.000713
v -0.041149 -0.020832 -0.001088
v -0.041134 -0.019848 -0.002601
v -0.041090 -0.018239 -0.003423
v -0.041027 -0.016432 -0.003333
v -0.054789 -0.002118 -0.124592
v -0.056070 -0.000839 -0.124581
v -0.057819 -0.000372 -0.124575
v -0.059567 -0.000840 -0.124576
v -0.060847 -0.002119 -0.124582
v -0.061318 -0.003868 -0.124593
v -0.060851 -0.005618 -0.124606
v -0.059570 -0.006902 -0.124617
v -0.057819 -0.007372 -0.124622
v -0.056067 -0.006902 -0.124622
v -0.054785 -0.005619 -0.124616
v -0.054318 -0.003868 -0.124604
v -0.054888 -0.001698 -0.097884
v -0.056169 -0.000420 -0.097935
v -0.057917 0.000047 -0.097963
v -0.059665 -0.000421 -0.097959
v -0.060946 -0.001700 -0.097924
v -0.061417 -0.003447 -0.097869
v -0.060950 -0.005197 -0.097807
v -0.059670 -0.006479 -0.097756
v -0.057918 -0.006949 -0.097728
v -0.056166 -0.006480 -0.097732
v -0.054885 -0.005197 -0.097767
v -0.054417 -0.003446 -0.097822
v -0.055106 -0.000538 -0.075295
v -0.056387 0.000737 -0.075400
v -0.058134 0.001202 -0.075453
v -0.059882 0.000735 -0.075438
v -0.061164 -0.000540 -0.075359
v -0.061636 -0.002285 -0.075238
v -0.061170 -0.004031 -0.075107
v -0.059889 -0.005311 -0.075001
v -0.058138 -0.005780 -0.074949
v -0.056385 -0.005310 -0.074964
v -0.055103 -0.004029 -0.075043
v -0.054636 -0.002282 -0.075164
v -0.055325 0.001210 -0.056503
v -0.056605 0.002479 -0.056664
v -0.058351 0.002944 -0.056735
v -0.060099 0.002479 -0.056696
v -0.061382 0.001210 -0.056558
v -0.061855 -0.000527 -0.056358
v -0.061390 -0.002267 -0.056149
v -0.060110 -0.003542 -0.055987
v -0.058358 -0.004008 -0.055916
v -0.056605 -0.003541 -0.055955
v -0.055323 -0.002265 -0.056094
v -0.054855 -0.000526 -0.056294
v -0.055426 0.003394 -0.041183
v -0.056705 0.004655 -0.041398
v -0.058451 0.005118 -0.041474
v -0.060198 0.004661 -0.041391
v -0.061482 0.003404 -0.041172
v -0.061956 0.001681 -0.040874
v -0.061492 -0.000047 -0.040578
v -0.060211 -0.001315 -0.040362
v -0.058458 -0.001780 -0.040286
v -0.056705 -0.001318 -0.040369
v -0.055424 -0.000054 -0.040590
v -0.054956 0.001671 -0.040888
v -0.055294 0.005853 -0.029019
v -0.056572 0.007104 -0.029278
v -0.058316 0.007572 -0.029336
v -0.060063 0.007132 -0.029177
v -0.061346 0.005899 -0.028843
v -0.061819 0.004200 -0.028424
v -0.061353 0.002491 -0.028030
v -0.060070 0.001231 -0.027770
v -0.058316 0.000763 -0.027712
v -0.056565 0.001211 -0.027873
v -0.055286 0.002452 -0.028208
v -0.054822 0.004151 -0.028628
v -0.054820 0.008416 -0.019710
v -0.056098 0.009660 -0.019991
v -0.057836 0.010147 -0.019987
v -0.059575 0.009746 -0.019698
v -0.060850 0.008560 -0.019200
v -0.061317 0.006902 -0.018626
v -0.060844 0.005219 -0.018130
v -0.059557 0.003965 -0.017845
v -0.057805 0.003481 -0.017850
v -0.056062 0.003894 -0.018143
v -0.054796 0.005090 -0.018643
v -0.054343 0.006745 -0.019217
v -0.053924 0.010890 -0.012970
v -0.055193 0.012143 -0.013226
v -0.056907 0.012684 -0.013084
v -0.058614 0.012368 -0.012581
v -0.059858 0.011270 -0.011847
v -0.060298 0.009682 -0.011077
v -0.059808 0.008031 -0.010481
v -0.058521 0.006768 -0.010220
v -0.056788 0.006235 -0.010366
v -0.055079 0.006571 -0.010878
v -0.053854 0.007679 -0.011616
v -0.053433 0.009259 -0.012382
v -0.052588 0.013059 -0.008506
v -0.053812 0.014364 -0.008653
v -0.055436 0.015035 -0.008261
v -0.057035 0.014887 -0.007427
v -0.058178 0.013948 -0.006367
v -0.058544 0.012466 -0.005365
v -0.058027 0.010845 -0.004697
v -0.056770 0.009529 -0.004546
v -0.055120 0.008874 -0.004952
v -0.053528 0.009050 -0.005803
v -0.052418 0.010000 -0.006865
v -0.052078 0.011465 -0.007854
v -0.050857 0.014759 -0.005873
v -0.051931 0.016192 -0.005829
v -0.053309 0.017094 -0.005092
v -0.054624 0.017213 -0.003843
v -0.055514 0.016505 -0.002415
v -0.055728 0.015155 -0.001196
v -0.055205 0.013533 -0.000526
v -0.054090 0.012084 -0.000587
v -0.052695 0.011203 -0.001359
v -0.051400 0.011119 -0.002627
v -0.050550 0.011844 -0.004040
v -0.050356 0.013174 -0.005223
v -0.048613 0.016036 -0.004434
v -0.049384 0.017643 -0.004191
v -0.050305 0.018799 -0.003148
v -0.051127 0.019187 -0.001571
v -0.051625 0.018688 0.000115
v -0.051662 0.017431 0.001446
v -0.051226 0.015760 0.002054
v -0.050440 0.014133 0.001774
v -0.049521 0.012996 0.000689
v -0.048718 0.012649 -0.000894
v -0.048236 0.013170 -0.002544
v -0.048197 0.014406 -0.003831
v -0.045375 0.016967 -0.003703
v -0.045746 0.018696 -0.003344
v -0.046152 0.020000 -0.002153
v -0.046482 0.020523 -0.000443
v -0.046649 0.020113 0.001328
v -0.046609 0.018877 0.002673
v -0.046372 0.017151 0.003223
v -0.046006 0.015411 0.002832
v -0.045607 0.014127 0.001617
v -0.045281 0.013635 -0.000087
v -0.045109 0.014056 -0.001824
v -0.045141 0.015272 -0.003145
v -0.040838 0.017346 -0.003498
v -0.040771 0.019111 -0.003107
v -0.040701 0.020451 -0.001886
v -0.040646 0.021002 -0.000151
v -0.040623 0.020605 0.001631
v -0.040638 0.019361 0.002971
v -0.040687 0.017616 0.003501
v -0.040760 0.015848 0.003086
v -0.040833 0.014527 0.001850
v -0.040886 0.013998 0.000127
v -0.040904 0.014397 -0.001632
v -0.040886 0.015622 -0.002959
vn 0.6276 0.3912 0.6731
vn -0.0653 0.5047 0.8608
vn -0.0056 0.0104 0.9999
vn 0.6444 0.0028 0.7647
vn 0.6172 0.6819 0.3925
vn -0.1084 0.8628 0.4938
vn 0.6163 0.7875 0.0007
vn -0.1234 0.9924 -0.0019
vn 0.6253 0.6771 -0.3880
vn -0.1060 0.8615 -0.4965
vn 0.6418 0.3866 -0.6623
vn -0.0605 0.5043 -0.8614
vn 0.6611 0.0037 -0.7503
vn 0.0016 0.0120 -0.9999
vn 0.6779 -0.3653 -0.6380
vn 0.0634 -0.4864 -0.8714
vn 0.6876 -0.6284 -0.3638
vn 0.1073 -0.8559 -0.5059
vn 0.6879 -0.7258 0.0008
vn 0.1212 -0.9926 -0.0009
vn 0.6789 -0.6348 0.3689
vn 0.1018 -0.8576 0.5042
vn 0.6631 -0.3719 0.6496
vn 0.0553 -0.4890 0.8705
vn -0.0954 0.5046 0.8581
vn 0.0515 0.0262 0.9983
vn -0.2178 0.8442 0.4898
vn -0.2838 0.9589 -0.0046
vn -0.2763 0.8234 -0.4956
vn -0.1968 0.4748 -0.8578
vn -0.0652 0.0016 -0.9979
vn 0.0847 -0.4755 -0.8756
vn 0.2118 -0.8296 -0.5167
vn 0.2795 -0.9601 -0.0130
vn 0.2686 -0.8256 0.4962
vn 0.1845 -0.4626 0.8672
vn -0.0669 0.5235 0.8494
vn 0.1962 0.0898 0.9764
vn -0.3107 0.8108 0.4961
vn -0.4723 0.8813 0.0166
vn -0.5118 0.7231 -0.4638
vn -0.4200 0.3800 -0.8241
vn -0.2198 -0.0610 -0.9736
vn 0.0393 -0.4888 -0.8715
vn 0.2905 -0.7918 -0.5373
vn 0.4640 -0.8843 -0.0521
vn 0.5076 -0.7325 0.4536
vn 0.4080 -0.3733 0.8332
vn 0.0127 0.5811 0.8137
vn 0.3893 0.2222 0.8939
vn -0.3613 0.7781 0.5138
vn -0.6356 0.7676 0.0822
vn -0.7440 0.5585 -0.3669
vn -0.6620 0.2070 -0.7204
vn -0.4106 -0.1978 -0.8901
vn -0.0516 -0.5533 -0.8314
vn 0.3250 -0.7662 -0.5543
vn 0.6194 -0.7751 -0.1250
vn 0.7459 -0.5698 0.3450
vn 0.6614 -0.2023 0.7222
vn 0.0986 0.6666 0.7388
vn 0.5404 0.3803 0.7505
vn -0.3650 0.7696 0.5240
vn -0.7252 0.6670 0.1707
vn -0.8925 0.3913 -0.2242
vn -0.8290 0.0156 -0.5591
vn -0.5523 -0.3642 -0.7499
vn -0.1312 -0.6513 -0.7474
vn 0.3283 -0.7686 -0.5491
vn 0.7051 -0.6795 -0.2029
vn 0.8929 -0.4028 0.2011
vn 0.8336 -0.0130 0.5522
vn 0.1526 0.7477 0.6463
vn 0.6155 0.5053 0.6049
vn -0.3495 0.7856 0.5105
vn -0.7537 0.6128 0.2376
vn -0.9553 0.2793 -0.0966
vn -0.9061 -0.1258 -0.4039
vn -0.6210 -0.4978 -0.6054
vn -0.1730 -0.7407 -0.6492
vn 0.3232 -0.7891 -0.5223
vn 0.7365 -0.6262 -0.2558
vn 0.9530 -0.2920 0.0810
vn 0.9095 0.1234 0.3970
vn 0.1780 0.8076 0.5623
vn 0.6451 0.5855 0.4910
vn -0.3363 0.8100 0.4805
vn -0.7578 0.5944 0.2693
vn -0.9751 0.2214 -0.0130
vn -0.9338 -0.2087 -0.2908
vn -0.6467 -0.5832 -0.4915
vn -0.1892 -0.8046 -0.5629
vn 0.3198 -0.8136 -0.4857
vn 0.7455 -0.6053 -0.2788
vn 0.9724 -0.2331 0.0037
vn 0.9364 0.2036 0.2860
vn 0.1888 0.8486 0.4942
vn 0.6558 0.6343 0.4093
vn -0.3287 0.8329 0.4453
vn -0.7564 0.5929 0.2764
vn -0.9802 0.1950 0.0339
vn -0.9426 -0.2537 -0.2170
vn -0.6553 -0.6345 -0.4099
vn -0.1945 -0.8473 -0.4943
vn 0.3185 -0.8356 -0.4476
vn 0.7480 -0.6010 -0.2816
vn 0.9781 -0.2045 -0.0397
vn 0.9449 0.2481 0.2135
vn 0.1934 0.8766 0.4406
vn 0.6596 0.6644 0.3514
vn -0.3248 0.8520 0.4106
vn -0.7546 0.5979 0.2702
vn -0.9812 0.1841 0.0575
vn -0.9454 -0.2781 -0.1702
vn -0.6580 -0.6656 -0.3522
vn -0.1959 -0.8761 -0.4405
vn 0.3185 -0.8538 -0.4118
vn 0.7488 -0.6038 -0.2733
vn 0.9795 -0.1916 -0.0613
vn 0.9474 0.2729 0.1675
vn 0.1953 0.8964 0.3980
vn 0.6608 0.6836 0.3100
vn -0.3228 0.8674 0.3787
vn -0.7535 0.6050 0.2574
vn -0.9813 0.1805 0.0672
vn -0.9462 -0.2915 -0.1407
vn -0.6587 -0.6852 -0.3108
vn -0.1960 -0.8962 -0.3980
vn 0.3190 -0.8686 -0.3792
vn 0.7494 -0.6093 -0.2594
vn 0.9799 -0.1866 -0.0699
vn 0.9479 0.2868 0.1385
vn 0.1961 0.9106 0.3638
vn 0.6611 0.6962 0.2797
vn -0.3218 0.8798 0.3498
vn -0.7528 0.6123 0.2418
vn -0.9811 0.1806 0.0689
vn -0.9464 -0.2989 -0.1222
vn -0.6589 -0.6980 -0.2805
vn -0.1958 -0.9107 -0.3638
vn 0.3195 -0.8805 -0.3501
vn 0.7498 -0.6154 -0.2430
vn 0.9801 -0.1855 -0.0709
vn 0.9480 0.2947 0.1205
vn 0.1972 0.9220 0.3332
vn 0.6618 0.7042 0.2570
vn -0.3208 0.8916 0.3197
vn -0.7523 0.6210 0.2200
vn -0.9811 0.1835 0.0612
vn -0.9463 -0.3026 -0.1138
vn -0.6583 -0.7072 -0.2581
vn -0.1948 -0.9225 -0.3333
vn 0.3203 -0.8918 -0.3197
vn 0.7501 -0.6234 -0.2208
vn 0.9801 -0.1884 -0.0630
vn 0.9482 0.2974 0.1119
vn 0.1986 0.9339 0.2973
vn 0.6631 0.7105 0.2355
vn -0.3200 0.9055 0.2789
vn -0.7521 0.6325 0.1851
vn -0.9811 0.1892 0.0415
vn -0.9459 -0.3042 -0.1129
vn -0.6575 -0.7152 -0.2369
vn -0.1943 -0.9348 -0.2974
vn 0.3201 -0.9054 -0.2788
vn 0.7495 -0.6354 -0.1860
vn 0.9797 -0.1959 -0.0437
vn 0.9486 0.2966 0.1106
vn 0.1998 0.9473 0.2506
vn 0.6641 0.7183 0.2076
vn -0.3190 0.9204 0.2258
vn -0.7515 0.6448 0.1400
vn -0.9806 0.1955 0.0166
vn -0.9457 -0.3054 -0.1111
vn -0.6580 -0.7235 -0.2087
vn -0.1956 -0.9481 -0.2506
vn 0.3183 -0.9207 -0.2259
vn 0.7478 -0.6488 -0.1412
vn 0.9788 -0.2039 -0.0188
vn 0.9488 0.2964 0.1089
vn 0.2018 0.9606 0.1912
vn 0.6659 0.7269 0.1679
vn -0.3173 0.9343 0.1627
vn -0.7503 0.6550 0.0902
vn -0.9799 0.1994 -0.0065
vn -0.9458 -0.3085 -0.1011
vn -0.6594 -0.7327 -0.1685
vn -0.1983 -0.9613 -0.1910
vn 0.3149 -0.9350 -0.1629
vn 0.7450 -0.6607 -0.0915
vn 0.9777 -0.2102 0.0043
vn 0.9495 0.2977 0.0993
vn 0.2045 0.9722 0.1143
vn 0.6686 0.7354 0.1099
vn -0.3153 0.9449 0.0876
vn -0.7491 0.6614 0.0372
vn -0.9795 0.2002 -0.0230
vn -0.9466 -0.3131 -0.0767
vn -0.6620 -0.7414 -0.1099
vn -0.2026 -0.9726 -0.1139
vn 0.3101 -0.9466 -0.0879
vn 0.7414 -0.6699 -0.0385
vn 0.9765 -0.2143 0.0213
vn 0.9508 0.3003 0.0757
vn 0.2065 0.9784 0.0133
vn 0.6714 0.7407 0.0236
vn -0.3147 0.9492 -0.0006
vn -0.7492 0.6622 -0.0142
vn -0.9799 0.1979 -0.0235
vn -0.9480 -0.3170 -0.0264
vn -0.6654 -0.7462 -0.0223
vn -0.2080 -0.9781 -0.0125
vn 0.3045 -0.9525 0.0006
vn 0.7377 -0.6750 0.0138
vn 0.9760 -0.2165 0.0235
vn 0.9529 0.3021 0.0272
vn 0.2026 0.9719 -0.1200
vn 0.6700 0.7347 -0.1068
vn -0.3198 0.9422 -0.1000
vn -0.7526 0.6564 -0.0519
vn -0.9804 0.1965 0.0106
vn -0.9474 -0.3124 0.0701
vn -0.6662 -0.7375 0.1107
vn -0.2112 -0.9698 0.1222
vn 0.3004 -0.9484 0.1017
vn 0.7350 -0.6758 0.0549
vn 0.9753 -0.2208 -0.0059
vn 0.9528 0.2965 -0.0649
vn 0.1784 0.9401 -0.2905
vn 0.6481 0.6996 -0.3007
vn -0.3381 0.9201 -0.1977
vn -0.7572 0.6514 -0.0494
vn -0.9707 0.2130 0.1116
vn -0.9298 -0.2775 0.2419
vn -0.6491 -0.6952 0.3088
vn -0.2002 -0.9340 0.2958
vn 0.3039 -0.9301 0.2063
vn 0.7317 -0.6786 0.0636
vn 0.9658 -0.2413 -0.0949
vn 0.9369 0.2649 -0.2281
vn 0.1063 0.8727 -0.4766
vn 0.5605 0.6098 -0.5604
vn -0.3685 0.8931 -0.2582
vn -0.7366 0.6758 0.0277
vn -0.9093 0.2854 0.3029
vn -0.8491 -0.1762 0.4981
vn -0.5728 -0.5930 0.5659
vn -0.1484 -0.8594 0.4894
vn 0.3193 -0.9032 0.2867
vn 0.7088 -0.7054 0.0089
vn 0.9103 -0.3115 -0.2725
vn 0.8584 0.1728 -0.4830
vn -0.0043 0.7941 -0.6078
vn 0.3665 0.4737 -0.8008
vn -0.3671 0.8949 -0.2537
vn -0.6308 0.7591 0.1610
vn -0.7319 0.4286 0.5297
vn -0.6474 -0.0098 0.7621
vn -0.3983 -0.4461 0.8015
vn -0.0450 -0.7698 0.6367
vn 0.3249 -0.8951 0.3054
vn 0.6135 -0.7816 -0.1125
vn 0.7341 -0.4496 -0.5089
vn 0.6422 0.0147 -0.7664
vn -0.0757 0.7527 -0.6540
vn 0.1554 0.3666 -0.9173
vn -0.2879 0.9321 -0.2199
vn -0.4262 0.8645 0.2663
vn -0.4554 0.5744 0.6802
vn -0.3682 0.1384 0.9194
vn -0.1856 -0.3338 0.9242
vn 0.0476 -0.7228 0.6894
vn 0.2706 -0.9247 0.2677
vn 0.4186 -0.8771 -0.2355
vn 0.4454 -0.5834 -0.6792
vn 0.3463 -0.1246 -0.9298
vn -0.0648 0.7498 -0.6585
vn 0.0358 0.3290 -0.9437
vn -0.1500 0.9681 -0.2008
vn -0.1969 0.9314 0.3062
vn -0.1931 0.6534 0.7319
vn -0.1389 0.2065 0.9686
vn -0.0474 -0.2966 0.9538
vn 0.0575 -0.7257 0.6856
vn 0.1461 -0.9626 0.2283
vn 0.1920 -0.9358 -0.2958
vn 0.1835 -0.6491 -0.7382
vn 0.1261 -0.1840 -0.9748
vn 0.6262 0.5830 -0.5177
vn 0.6556 0.2384 -0.7165
vn 0.6028 0.7813 -0.1619
vn 0.5923 0.7658 0.2505
vn 0.5979 0.5374 0.5947
vn 0.6183 0.1674 0.7679
vn 0.6479 -0.2305 0.7261
vn 0.6779 -0.5435 0.4951
vn 0.6998 -0.6983 0.1503
vn 0.7084 -0.6710 -0.2190
vn 0.7022 -0.4742 -0.5311
vn 0.6831 -0.1475 -0.7152
vn 0.6539 0.3764 -0.6563
vn 0.8674 0.4974 -0.0109
vn 1.0000 -0.0028 0.0068
vn 0.7593 -0.0010 -0.6507
vn 0.3757 0.6495 -0.6610
vn 0.5017 0.8646 -0.0256
vn 0.0002 0.7480 -0.6637
vn 0.0006 0.9994 -0.0335
vn -0.3743 0.6478 -0.6635
vn -0.5008 0.8650 -0.0323
vn -0.6505 0.3748 -0.6606
vn -0.8671 0.4976 -0.0225
vn -0.7550 -0.0010 -0.6557
vn -1.0000 -0.0030 -0.0066
vn -0.6576 -0.3808 -0.6501
vn -0.8647 -0.5022 0.0111
vn -0.3814 -0.6619 -0.6453
vn -0.4985 -0.8665 0.0257
vn 0.0002 -0.7662 -0.6426
vn 0.0004 -0.9994 0.0335
vn 0.3828 -0.6635 -0.6428
vn 0.4990 -0.8660 0.0324
vn 0.6609 -0.3824 -0.6458
vn 0.8648 -0.5016 0.0226
vn 0.8677 0.4964 -0.0266
vn 0.9999 -0.0031 0.0109
vn 0.5020 0.8630 -0.0569
vn 0.0006 0.9974 -0.0720
vn -0.5009 0.8628 -0.0676
vn -0.8672 0.4959 -0.0450
vn -0.9999 -0.0037 -0.0104
vn -0.8647 -0.5016 0.0270
vn -0.4988 -0.8649 0.0571
vn -0.0003 -0.9974 0.0720
vn 0.4982 -0.8644 0.0677
vn 0.8643 -0.5009 0.0453
vn 0.8681 0.4939 -0.0502
vn 0.9999 -0.0038 0.0096
vn 0.5022 0.8594 -0.0966
vn 0.0005 0.9931 -0.1169
vn -0.5013 0.8588 -0.1056
vn -0.8674 0.4932 -0.0660
vn -1.0000 -0.0042 -0.0086
vn -0.8648 -0.4995 0.0510
vn -0.4993 -0.8610 0.0968
vn -0.0013 -0.9931 0.1169
vn 0.4972 -0.8612 0.1059
vn 0.8637 -0.4996 0.0667
vn 0.8683 0.4886 -0.0859
vn 1.0000 -0.0061 -0.0011
vn 0.5019 0.8522 -0.1477
vn -0.0003 0.9855 -0.1697
vn -0.5022 0.8524 -0.1457
vn -0.8679 0.4898 -0.0825
vn -1.0000 -0.0033 0.0028
vn -0.8648 -0.4944 0.0871
vn -0.4999 -0.8533 0.1481
vn -0.0025 -0.9855 0.1698
vn 0.4960 -0.8559 0.1463
vn 0.8631 -0.4981 0.0839
vn 0.8673 0.4775 -0.1404
vn 0.9995 -0.0125 -0.0277
vn 0.5000 0.8389 -0.2153
vn -0.0031 0.9728 -0.2318
vn -0.5046 0.8432 -0.1855
vn -0.8689 0.4869 -0.0893
vn -0.9995 0.0014 0.0307
vn -0.8640 -0.4831 0.1422
vn -0.4998 -0.8389 0.2158
vn -0.0032 -0.9727 0.2322
vn 0.4949 -0.8485 0.1871
vn 0.8624 -0.4978 0.0922
vn 0.8620 0.4547 -0.2241
vn 0.9963 -0.0286 -0.0817
vn 0.4927 0.8146 -0.3060
vn -0.0106 0.9525 -0.3044
vn -0.5097 0.8318 -0.2200
vn -0.8695 0.4881 -0.0764
vn -0.9961 0.0160 0.0871
vn -0.8591 -0.4587 0.2270
vn -0.4961 -0.8122 0.3069
vn -0.0018 -0.9521 0.3059
vn 0.4944 -0.8399 0.2240
vn 0.8606 -0.5026 0.0824
vn 0.8420 0.4086 -0.3522
vn 0.9813 -0.0663 -0.1805
vn 0.4709 0.7714 -0.4280
vn -0.0287 0.9221 -0.3858
vn -0.5174 0.8221 -0.2377
vn -0.8638 0.5032 -0.0260
vn -0.9800 0.0538 0.1914
vn -0.8399 -0.4082 0.3577
vn -0.4808 -0.7639 0.4304
vn 0.0057 -0.9205 0.3908
vn 0.4936 -0.8335 0.2482
vn 0.8522 -0.5217 0.0394
vn 0.7790 0.3215 -0.5384
vn 0.9275 -0.1466 -0.3439
vn 0.4123 0.6996 -0.5836
vn -0.0651 0.8831 -0.4646
vn -0.5182 0.8270 -0.2182
vn -0.8286 0.5535 0.0844
vn -0.9217 0.1383 0.3625
vn -0.7777 -0.3116 0.5460
vn -0.4330 -0.6823 0.5890
vn 0.0271 -0.8771 0.4795
vn 0.4853 -0.8396 0.2439
vn 0.8175 -0.5731 -0.0571
vn 0.6171 0.1865 -0.7645
vn 0.7726 -0.2864 -0.5666
vn 0.2886 0.6039 -0.7429
vn -0.1119 0.8501 -0.5146
vn -0.4756 0.8665 -0.1514
vn -0.7121 0.6573 0.2468
vn -0.7655 0.2807 0.5790
vn -0.6243 -0.1671 0.7631
vn -0.3227 -0.5736 0.7529
vn 0.0660 -0.8337 0.5483
vn 0.4434 -0.8743 0.1977
vn 0.7060 -0.6761 -0.2106
vn 0.3589 0.0542 -0.9318
vn 0.4883 -0.4336 -0.7573
vn 0.1334 0.5220 -0.8424
vn -0.1260 0.8412 -0.5258
vn -0.3519 0.9330 -0.0752
vn -0.4866 0.7817 0.3900
vn -0.4971 0.4312 0.7530
vn -0.3806 -0.0290 0.9243
vn -0.1653 -0.4835 0.8596
vn 0.0960 -0.8157 0.5704
vn 0.3342 -0.9343 0.1241
vn 0.4801 -0.7976 -0.3652
vn 0.1323 -0.0133 -0.9911
vn 0.1990 -0.5112 -0.8361
vn 0.0306 0.4854 -0.8737
vn -0.0816 0.8488 -0.5223
vn -0.1745 0.9840 -0.0363
vn -0.2230 0.8619 0.4553
vn -0.2140 0.5183 0.8280
vn -0.1491 0.0407 0.9880
vn -0.0443 -0.4505 0.8917
vn 0.0728 -0.8273 0.5571
vn 0.1683 -0.9835 0.0662
vn 0.2136 -0.8685 -0.4473
vn 0.6835 -0.0251 -0.7295
vn 0.7042 -0.3770 -0.6016
vn 0.6538 0.3564 -0.6674
vn 0.6221 0.6647 -0.4137
vn 0.5969 0.8019 -0.0281
vn 0.5859 0.7170 0.3778
vn 0.5928 0.4323 0.6795
vn 0.6160 0.0368 0.7869
vn 0.6488 -0.3483 0.6766
vn 0.6812 -0.6163 0.3952
vn 0.7039 -0.7096 0.0304
vn 0.7118 -0.6215 -0.3272
vn 0.7953 -0.3091 -0.5216
vn 0.7789 -0.0092 -0.6271
vn 0.0047 -0.0060 -1.0000
vn 0.0648 -0.5011 -0.8629
vn 0.8049 -0.5152 -0.2944
vn 0.1080 -0.8613 -0.4964
vn 0.8058 -0.5922 -0.0026
vn 0.1230 -0.9924 0.0009
vn 0.7974 -0.5262 0.2954
vn 0.1054 -0.8609 0.4977
vn 0.7815 -0.3205 0.5352
vn 0.0597 -0.5013 0.8632
vn 0.7618 -0.0099 0.6477
vn -0.0023 -0.0072 1.0000
vn 0.7438 0.3282 0.5823
vn -0.0639 0.4906 0.8691
vn 0.7329 0.5881 0.3421
vn -0.1078 0.8575 0.5031
vn 0.7325 0.6808 -0.0028
vn -0.1218 0.9926 0.0001
vn 0.7425 0.5766 -0.3408
vn -0.1026 0.8583 -0.5027
vn 0.7596 0.3172 -0.5677
vn -0.0563 0.4921 -0.8687
vn -0.0543 -0.0206 -0.9983
vn 0.0931 -0.4991 -0.8615
vn 0.2165 -0.8415 -0.4950
vn 0.2832 -0.9591 0.0011
vn 0.2754 -0.8239 0.4954
vn 0.1952 -0.4726 0.8594
vn 0.0629 0.0038 0.9980
vn -0.0868 0.4815 0.8722
vn -0.2132 0.8327 0.5110
vn -0.2805 0.9598 0.0092
vn -0.2701 0.8252 -0.4961
vn -0.1869 0.4652 -0.8653
vn -0.2012 -0.0837 -0.9760
vn 0.0614 -0.5169 -0.8538
vn 0.3069 -0.8076 -0.5036
vn 0.4709 -0.8819 -0.0225
vn 0.5113 -0.7246 0.4621
vn 0.4185 -0.3788 0.8254
vn 0.2162 0.0660 0.9741
vn -0.0442 0.4953 0.8676
vn -0.2946 0.7957 0.5293
vn -0.4659 0.8837 0.0446
vn -0.5085 0.7305 -0.4559
vn -0.4105 0.3749 -0.8312
vn -0.3940 -0.2168 -0.8932
vn -0.0206 -0.5755 -0.8175
vn 0.3546 -0.7762 -0.5213
vn 0.6329 -0.7691 -0.0892
vn 0.7442 -0.5603 0.3637
vn 0.6618 -0.2062 0.7208
vn 0.4073 0.2018 0.8907
vn 0.0451 0.5583 0.8284
vn -0.3318 0.7687 0.5468
vn -0.6229 0.7737 0.1161
vn -0.7456 0.5672 -0.3498
vn -0.6616 0.2034 -0.7218
vn -0.5431 -0.3768 -0.7504
vn -0.1054 -0.6634 -0.7408
vn 0.3577 -0.7694 -0.5291
vn 0.7215 -0.6695 -0.1766
vn 0.8925 -0.3936 0.2205
vn 0.8295 -0.0153 0.5583
vn 0.5500 0.3671 0.7502
vn 0.1252 0.6542 0.7458
vn -0.3352 0.7690 0.5443
vn -0.7091 0.6772 0.1964
vn -0.8929 0.4004 -0.2059
vn -0.8327 0.0135 -0.5536
vn -0.6168 -0.5037 -0.6049
vn -0.1570 -0.7462 -0.6470
vn 0.3440 -0.7864 -0.5131
vn 0.7502 -0.6156 -0.2413
vn 0.9549 -0.2819 0.0938
vn 0.9066 0.1253 0.4029
vn 0.6197 0.4993 0.6056
vn 0.1689 0.7421 0.6487
vn -0.3285 0.7885 0.5199
vn -0.7400 0.6236 0.2521
vn -0.9535 0.2894 -0.0841
vn -0.9088 -0.1239 -0.3983
vn -0.6455 -0.5850 -0.4911
vn -0.1804 -0.8069 -0.5624
vn 0.3328 -0.8107 -0.4817
vn 0.7552 -0.5967 -0.2713
vn 0.9746 -0.2238 0.0112
vn 0.9342 0.2077 0.2900
vn 0.6463 0.5837 0.4916
vn 0.1868 0.8052 0.5628
vn -0.3232 0.8129 0.4846
vn -0.7480 0.6031 0.2768
vn -0.9730 0.2307 -0.0056
vn -0.9358 -0.2046 -0.2869
vn -0.6558 -0.6343 -0.4094
vn -0.1901 -0.8483 -0.4943
vn 0.3265 -0.8335 -0.4458
vn 0.7546 -0.5946 -0.2775
vn 0.9798 -0.1970 -0.0351
vn 0.9431 0.2526 0.2163
vn 0.6553 0.6345 0.4098
vn 0.1933 0.8475 0.4943
vn -0.3206 0.8350 0.4471
vn -0.7497 0.5994 0.2805
vn -0.9785 0.2026 0.0385
vn -0.9445 -0.2493 -0.2142
vn -0.6593 -0.6647 -0.3516
vn -0.1940 -0.8765 -0.4405
vn 0.3234 -0.8524 -0.4109
vn 0.7534 -0.5992 -0.2708
vn 0.9809 -0.1856 -0.0583
vn 0.9458 0.2771 0.1696
vn 0.6583 0.6654 0.3520
vn 0.1954 0.8762 0.4405
vn -0.3198 0.8534 0.4115
vn -0.7500 0.6026 0.2726
vn -0.9799 0.1901 0.0605
vn -0.9470 -0.2739 -0.1680
vn -0.6604 -0.6839 -0.3101
vn -0.1955 -0.8963 -0.3980
vn 0.3220 -0.8677 -0.3788
vn 0.7526 -0.6059 -0.2578
vn 0.9810 -0.1818 -0.0678
vn 0.9465 0.2906 0.1402
vn 0.6591 0.6849 0.3106
vn 0.1958 0.8962 0.3980
vn -0.3198 0.8683 0.3791
vn -0.7502 0.6084 0.2590
vn -0.9802 0.1854 0.0694
vn -0.9476 -0.2877 -0.1390
vn -0.6606 -0.6966 -0.2799
vn -0.1959 -0.9106 -0.3638
vn 0.3214 -0.8799 -0.3499
vn 0.7522 -0.6129 -0.2420
vn 0.9809 -0.1816 -0.0693
vn 0.9468 0.2980 0.1219
vn 0.6594 0.6976 0.2803
vn 0.1959 0.9106 0.3638
vn -0.3199 0.8804 0.3501
vn -0.7504 0.6148 0.2428
vn -0.9803 0.1845 0.0704
vn -0.9476 -0.2956 -0.1209
vn -0.6611 -0.7048 -0.2573
vn -0.1967 -0.9221 -0.3332
vn 0.3206 -0.8916 -0.3197
vn 0.7518 -0.6215 -0.2202
vn 0.9809 -0.1846 -0.0616
vn 0.9467 0.3015 0.1134
vn 0.6590 0.7066 0.2579
vn 0.1953 0.9224 0.3333
vn -0.3204 0.8917 0.3197
vn -0.7506 0.6229 0.2207
vn -0.9803 0.1874 0.0626
vn -0.9478 -0.2985 -0.1123
vn -0.6620 -0.7114 -0.2358
vn -0.1978 -0.9341 -0.2973
vn 0.3199 -0.9055 -0.2789
vn 0.7516 -0.6331 -0.1853
vn 0.9808 -0.1905 -0.0420
vn 0.9464 0.3027 0.1125
vn 0.6586 0.7143 0.2366
vn 0.1951 0.9346 0.2974
vn -0.3202 0.9054 0.2788
vn -0.7500 0.6348 0.1859
vn -0.9799 0.1946 0.0433
vn -0.9481 -0.2981 -0.1111
vn -0.6629 -0.7193 -0.2078
vn -0.1989 -0.9474 -0.2506
vn 0.3188 -0.9205 -0.2258
vn 0.7507 -0.6456 -0.1403
vn 0.9802 -0.1972 -0.0170
vn 0.9463 0.3036 0.1106
vn 0.6592 0.7225 0.2085
vn 0.1964 0.9480 0.2506
vn -0.3184 0.9206 0.2259
vn -0.7485 0.6480 0.1409
vn -0.9792 0.2022 0.0184
vn -0.9482 -0.2982 -0.1093
vn -0.6646 -0.7281 -0.1680
vn -0.2011 -0.9607 -0.1911
vn 0.3168 -0.9344 -0.1627
vn 0.7492 -0.6562 -0.0905
vn 0.9794 -0.2016 0.0060
vn 0.9466 0.3063 0.1008
vn 0.6607 0.7316 0.1684
vn 0.1990 0.9612 0.1910
vn -0.3155 0.9349 0.1628
vn -0.7461 0.6596 0.0913
vn -0.9781 0.2080 -0.0048
vn -0.9488 -0.2999 -0.0997
vn -0.6673 -0.7366 -0.1099
vn -0.2042 -0.9722 -0.1142
vn 0.3142 -0.9453 -0.0877
vn 0.7475 -0.6633 -0.0375
vn 0.9789 -0.2031 0.0227
vn 0.9475 0.3105 0.0765
vn 0.6632 0.7403 0.1099
vn 0.2029 0.9725 0.1140
vn -0.3112 0.9463 0.0878
vn -0.7430 0.6682 0.0382
vn -0.9772 0.2114 -0.0217
vn -0.9500 -0.3029 -0.0759
vn -0.6703 -0.7418 -0.0234
vn -0.2069 -0.9783 -0.0132
vn 0.3125 -0.9499 0.0007
vn 0.7468 -0.6649 0.0141
vn 0.9792 -0.2018 0.0235
vn 0.9490 0.3141 0.0265
vn 0.6665 0.7452 0.0225
vn 0.2075 0.9782 0.0126
vn -0.3066 0.9518 -0.0006
vn -0.7400 0.6724 -0.0138
vn -0.9768 0.2128 -0.0235
vn -0.9519 -0.3051 -0.0271
vn -0.6693 -0.7352 0.1075
vn -0.2046 -0.9714 0.1205
vn 0.3155 -0.9436 0.1005
vn 0.7489 -0.6606 0.0526
vn 0.9794 -0.2015 -0.0097
vn 0.9484 0.3094 -0.0693
vn 0.6666 0.7372 -0.1102
vn 0.2091 0.9703 -0.1219
vn -0.3044 0.9471 -0.1013
vn -0.7385 0.6720 -0.0542
vn -0.9764 0.2160 0.0068
vn -0.9518 -0.2997 0.0659
vn -0.6485 -0.6986 0.3023
vn -0.1832 -0.9388 0.2918
vn 0.3308 -0.9223 0.1998
vn 0.7520 -0.6571 0.0522
vn 0.9697 -0.2186 -0.1089
vn 0.9308 0.2753 -0.2402
vn 0.6484 0.6962 -0.3079
vn 0.1958 0.9353 -0.2949
vn -0.3104 0.9283 -0.2045
vn -0.7367 0.6735 -0.0607
vn -0.9669 0.2356 0.0982
vn -0.9355 -0.2675 0.2307
vn -0.5632 -0.6060 0.5618
vn -0.1154 -0.8698 0.4797
vn 0.3587 -0.8953 0.2640
vn 0.7316 -0.6814 -0.0216
vn 0.9092 -0.2898 -0.2988
vn 0.8500 0.1758 -0.4966
vn 0.5705 0.5958 -0.5653
vn 0.1413 0.8618 -0.4871
vn -0.3281 0.9018 -0.2814
vn -0.7143 0.6999 -0.0014
vn -0.9102 0.3060 0.2791
vn -0.8563 -0.1738 0.4864
vn -0.3737 -0.4672 0.8013
vn -0.0059 -0.7894 0.6139
vn 0.3595 -0.8954 0.2628
vn 0.6279 -0.7629 -0.1537
vn 0.7321 -0.4317 -0.5269
vn 0.6468 0.0106 -0.7626
vn 0.3940 0.4503 -0.8012
vn 0.0372 0.7742 -0.6319
vn -0.3329 0.8954 -0.2956
vn -0.6175 0.7769 0.1229
vn -0.7338 0.4445 0.5137
vn -0.6433 -0.0134 0.7655
vn -0.1618 -0.3600 0.9188
vn 0.0701 -0.7473 0.6607
vn 0.2846 -0.9311 0.2283
vn 0.4249 -0.8668 -0.2610
vn 0.4544 -0.5761 -0.6795
vn 0.3658 -0.1362 -0.9207
vn 0.1813 0.3397 -0.9229
vn -0.0527 0.7288 -0.6827
vn -0.2745 0.9264 -0.2578
vn -0.4206 0.8743 0.2423
vn -0.4476 0.5815 0.6793
vn -0.3511 0.1278 0.9276
vn -0.0381 -0.3227 0.9457
vn 0.0632 -0.7453 0.6637
vn 0.1488 -0.9671 0.2062
vn 0.1959 -0.9324 -0.3037
vn 0.1917 -0.6531 -0.7326
vn 0.1371 -0.2024 -0.9697
vn 0.0454 0.3033 -0.9518
vn -0.0593 0.7311 -0.6797
vn -0.1474 0.9638 -0.2220
vn -0.1936 0.9346 0.2983
vn -0.1857 0.6499 0.7370
vn -0.1286 0.1886 0.9736
vn 0.7671 -0.2130 0.6052
vn 0.7962 -0.4591 0.3941
vn 0.8175 -0.5653 0.1106
vn 0.8266 -0.5348 -0.1755
vn 0.8217 -0.3863 -0.4189
vn 0.8034 -0.1367 -0.5795
vn 0.7749 0.1805 -0.6057
vn 0.7433 0.4883 -0.4572
vn 0.7182 0.6792 -0.1513
vn 0.7078 0.6715 0.2192
vn 0.7152 0.4617 0.5247
vn 0.7373 0.1276 0.6634
vn -0.5570 -0.3183 -0.7671
vn -0.6346 0.0028 -0.7728
vn -1.0000 0.0016 -0.0067
vn -0.8669 -0.4984 0.0109
vn -0.3255 -0.5597 -0.7621
vn -0.5011 -0.8650 0.0256
vn -0.0007 -0.6507 -0.7594
vn -0.0004 -0.9994 0.0335
vn 0.3259 -0.5629 -0.7595
vn 0.5004 -0.8652 0.0323
vn 0.5612 -0.3216 -0.7626
vn 0.8666 -0.4985 0.0225
vn 0.6408 0.0028 -0.7677
vn 1.0000 0.0019 0.0066
vn 0.5475 0.3194 -0.7735
vn 0.8652 0.5013 -0.0110
vn 0.3122 0.5448 -0.7783
vn 0.4991 0.8662 -0.0257
vn -0.0007 0.6246 -0.7809
vn -0.0002 0.9994 -0.0335
vn -0.3117 0.5415 -0.7808
vn -0.4994 0.8658 -0.0324
vn -0.5432 0.3161 -0.7778
vn -0.8653 0.5008 -0.0226
vn -0.9999 0.0017 -0.0108
vn -0.8671 -0.4974 0.0267
vn -0.5013 -0.8634 0.0570
vn -0.0006 -0.9974 0.0720
vn 0.5004 -0.8632 0.0676
vn 0.8666 -0.4970 0.0451
vn 0.9999 0.0024 0.0105
vn 0.8653 0.5006 -0.0269
vn 0.4994 0.8645 -0.0571
vn 0.0003 0.9974 -0.0720
vn -0.4988 0.8641 -0.0677
vn -0.8649 0.4999 -0.0453
vn -1.0000 0.0022 -0.0094
vn -0.8674 -0.4950 0.0504
vn -0.5016 -0.8597 0.0966
vn -0.0007 -0.9931 0.1169
vn 0.5004 -0.8593 0.1057
vn 0.8666 -0.4945 0.0661
vn 1.0000 0.0026 0.0088
vn 0.8654 0.4984 -0.0508
vn 0.4999 0.8607 -0.0968
vn 0.0011 0.9931 -0.1169
vn -0.4980 0.8607 -0.1059
vn -0.8645 0.4983 -0.0665
vn -1.0000 0.0042 0.0014
vn -0.8676 -0.4898 0.0862
vn -0.5016 -0.8524 0.1478
vn -0.0003 -0.9855 0.1697
vn 0.5009 -0.8531 0.1458
vn 0.8669 -0.4915 0.0828
vn 1.0000 0.0014 -0.0024
vn 0.8655 0.4933 -0.0869
vn 0.5003 0.8531 -0.1481
vn 0.0019 0.9855 -0.1698
vn -0.4972 0.8552 -0.1462
vn -0.8641 0.4964 -0.0836
vn -0.9995 0.0102 0.0283
vn -0.8667 -0.4786 0.1407
vn -0.5000 -0.8388 0.2154
vn 0.0017 -0.9727 0.2319
vn 0.5026 -0.8443 0.1859
vn 0.8676 -0.4892 0.0899
vn 0.9995 -0.0037 -0.0301
vn 0.8646 0.4820 -0.1419
vn 0.4997 0.8389 -0.2157
vn 0.0019 0.9727 -0.2321
vn -0.4969 0.8475 -0.1868
vn -0.8637 0.4956 -0.0915
vn -0.9962 0.0260 0.0828
vn -0.8614 -0.4554 0.2247
vn -0.4935 -0.8141 0.3061
vn 0.0079 -0.9524 0.3048
vn 0.5064 -0.8335 0.2209
vn 0.8676 -0.4911 0.0776
vn 0.9961 -0.0185 -0.0862
vn 0.8596 0.4580 -0.2266
vn 0.4952 0.8128 -0.3068
vn -0.0008 0.9522 -0.3056
vn -0.4975 0.8383 -0.2232
vn -0.8624 0.4997 -0.0812
vn -0.9811 0.0637 0.1826
vn -0.8417 -0.4085 0.3532
vn -0.4731 -0.7698 0.4285
vn 0.0237 -0.9218 0.3870
vn 0.5124 -0.8246 0.2400
vn 0.8614 -0.5071 0.0285
vn 0.9802 -0.0563 -0.1897
vn 0.8401 0.4084 -0.3571
vn 0.4786 0.7655 -0.4302
vn -0.0103 0.9209 -0.3897
vn -0.4984 0.8313 -0.2460
vn -0.8546 0.5180 -0.0367
vn -0.9263 0.1448 0.3478
vn -0.7787 -0.3194 0.5400
vn -0.4167 -0.6959 0.5849
vn 0.0572 -0.8819 0.4679
vn 0.5117 -0.8297 0.2232
vn 0.8264 -0.5574 -0.0798
vn 0.9223 -0.1400 -0.3601
vn 0.7774 0.3134 -0.5454
vn 0.4290 0.6856 -0.5882
vn -0.0342 0.8784 -0.4766
vn -0.4917 0.8374 -0.2388
vn -0.8198 0.5692 0.0627
vn -0.7711 0.2848 0.5695
vn -0.6187 -0.1821 0.7643
vn -0.2960 -0.5973 0.7454
vn 0.1029 -0.8471 0.5214
vn 0.4699 -0.8682 0.1593
vn 0.7109 -0.6605 -0.2416
vn 0.7662 -0.2816 -0.5776
vn 0.6230 0.1702 -0.7635
vn 0.3173 0.5787 -0.7513
vn -0.0740 0.8369 -0.5423
vn -0.4497 0.8731 -0.1884
vn -0.7075 0.6721 0.2186
vn -0.4903 0.4332 0.7563
vn -0.3638 -0.0483 0.9302
vn -0.1402 -0.5142 0.8461
vn 0.1202 -0.8369 0.5341
vn 0.3488 -0.9335 0.0833
vn 0.4857 -0.7842 -0.3861
vn 0.4963 -0.4315 -0.7534
vn 0.3780 0.0331 -0.9252
vn 0.1603 0.4903 -0.8567
vn -0.1016 0.8208 -0.5621
vn -0.3381 0.9342 -0.1138
vn -0.4817 0.7940 0.3708
vn -0.2027 0.5127 0.8343
vn -0.1360 0.0189 0.9905
vn -0.0335 -0.4786 0.8774
vn 0.0796 -0.8449 0.5289
vn 0.1729 -0.9840 0.0421
vn 0.2214 -0.8634 -0.4534
vn 0.2120 -0.5173 -0.8291
vn 0.1468 -0.0356 -0.9885
vn 0.0419 0.4577 -0.8881
vn -0.0749 0.8320 -0.5496
vn -0.1703 0.9836 -0.0596
vn -0.2165 0.8669 0.4490
vn 0.7124 0.3679 0.5976
vn 0.7366 0.0136 0.6762
vn 0.7686 -0.3116 0.5586
vn 0.7999 -0.5152 0.3078
vn 0.8225 -0.5687 0.0131
vn 0.8317 -0.4910 -0.2591
vn 0.8258 -0.3082 -0.4723
vn 0.8053 -0.0388 -0.5916
vn 0.7738 0.2790 -0.5687
vn 0.7393 0.5615 -0.3717
vn 0.7129 0.7004 -0.0351
vn 0.7032 0.6289 0.3316
vt 0.000000 1.000000
vt 0.041667 1.000000
vt 0.041667 0.916667
vt 0.000000 0.916667
vt 0.000000 0.083333
vt 0.041667 0.083333
vt 0.041667 0.000000
vt 0.000000 0.000000
vt 0.000000 0.166667
vt 0.041667 0.166667
vt 0.000000 0.250000
vt 0.041667 0.250000
vt 0.000000 0.333333
vt 0.041667 0.333333
vt 0.000000 0.416667
vt 0.041667 0.416667
vt 0.000000 0.500000
vt 0.041667 0.500000
vt 0.000000 0.583333
vt 0.041667 0.583333
vt 0.000000 0.666667
vt 0.041667 0.666667
vt 0.000000 0.750000
vt 0.041667 0.750000
vt 0.000000 0.833333
vt 0.041667 0.833333
vt 0.083333 1.000000
vt 0.083333 0.916667
vt 0.083333 0.083333
vt 0.083333 0.000000
vt 0.083333 0.166667
vt 0.083333 0.250000
vt 0.083333 0.333333
vt 0.083333 0.416667
vt 0.083333 0.500000
vt 0.083333 0.583333
vt 0.083333 0.666667
vt 0.083333 0.750000
vt 0.083333 0.833333
vt 0.125000 1.000000
vt 0.125000 0.916667
vt 0.125000 0.083333
vt 0.125000 0.000000
vt 0.125000 0.166667
vt 0.125000 0.250000
vt 0.125000 0.333333
vt 0.125000 0.416667
vt 0.125000 0.500000
vt 0.125000 0.583333
vt 0.125000 0.666667
vt 0.125000 0.750000
vt 0.125000 0.833333
vt 0.166667 1.000000
vt 0.166667 0.916667
vt 0.166667 0.083333
vt 0.166667 0.000000
vt 0.166667 0.166667
vt 0.166667 0.250000
vt 0.166667 0.333333
vt 0.166667 0.416667
vt 0.166667 0.500000
vt 0.166667 0.583333
vt 0.166667 0.666667
vt 0.166667 0.750000
vt 0.166667 0.833333
vt 0.208333 1.000000
vt 0.208333 0.916667
vt 0.208333 0.083333
vt 0.208333 0.000000
vt 0.208333 0.166667
vt 0.208333 0.250000
vt 0.208333 0.333333
vt 0.208333 0.416667
vt 0.208333 0.500000
vt 0.208333 0.583333
vt 0.208333 0.666667
vt 0.208333 0.750000
vt 0.208333 0.833333
vt 0.250000 1.000000
vt 0.250000 0.916667
vt 0.250000 0.083333
vt 0.250000 0.000000
vt 0.250000 0.166667
vt 0.250000 0.250000
vt 0.250000 0.333333
vt 0.250000 0.416667
vt 0.250000 0.500000
vt 0.250000 0.583333
vt 0.250000 0.666667
vt 0.250000 0.750000
vt 0.250000 0.833333
vt 0.291667 1.000000
vt 0.291667 0.916667
vt 0.291667 0.083333
vt 0.291667 0.000000
vt 0.291667 0.166667
vt 0.291667 0.250000
vt 0.291667 0.333333
vt 0.291667 0.416667
vt 0.291667 0.500000
vt 0.291667 0.583333
vt 0.291667 0.666667
vt 0.291667 0.750000
vt 0.291667 0.833333
vt 0.333333 1.000000
vt 0.333333 0.916667
vt 0.333333 0.083333
vt 0.333333 0.000000
vt 0.333333 0.166667
vt 0.333333 0.250000
vt 0.333333 0.333333
vt 0.333333 0.416667
vt 0.333333 0.500000
vt 0.333333 0.583333
vt 0.333333 0.666667
vt 0.333333 0.750000
vt 0.333333 0.833333
vt 0.375000 1.000000
vt 0.375000 0.916667
vt 0.375000 0.083333
vt 0.375000 0.000000
vt 0.375000 0.166667
vt 0.375000 0.250000
vt 0.375000 0.333333
vt 0.375000 0.416667
vt 0.375000 0.500000
vt 0.375000 0.583333
vt 0.375000 0.666667
vt 0.375000 0.750000
vt 0.375000 0.833333
vt 0.416667 1.000000
vt 0.416667 0.916667
vt 0.416667 0.083333
vt 0.416667 0.000000
vt 0.416667 0.166667
vt 0.416667 0.250000
vt 0.416667 0.333333
vt 0.416667 0.416667
vt 0.416667 0.500000
vt 0.416667 0.583333
vt 0.416667 0.666667
vt 0.416667 0.750000
vt 0.416667 0.833333
vt 0.458333 1.000000
vt 0.458333 0.916667
vt 0.458333 0.083333
vt 0.458333 0.000000
vt 0.458333 0.166667
vt 0.458333 0.250000
vt 0.458333 0.333333
vt 0.458333 0.416667
vt 0.458333 0.500000
vt 0.458333 0.583333
vt 0.458333 0.666667
vt 0.458333 0.750000
vt 0.458333 0.833333
vt 0.500000 1.000000
vt 0.500000 0.916667
vt 0.500000 0.083333
vt 0.500000 0.000000
vt 0.500000 0.166667
vt 0.500000 0.250000
vt 0.500000 0.333333
vt 0.500000 0.416667
vt 0.500000 0.500000
vt 0.500000 0.583333
vt 0.500000 0.666667
vt 0.500000 0.750000
vt 0.500000 0.833333
vt 0.541667 1.000000
vt 0.541667 0.916667
vt 0.541667 0.083333
vt 0.541667 0.000000
vt 0.541667 0.166667
vt 0.541667 0.250000
vt 0.541667 0.333333
vt 0.541667 0.416667
vt 0.541667 0.500000
vt 0.541667 0.583333
vt 0.541667 0.666667
vt 0.541667 0.750000
vt 0.541667 0.833333
vt 0.583333 1.000000
vt 0.583333 0.916667
vt 0.583333 0.083333
vt 0.583333 0.000000
vt 0.583333 0.166667
vt 0.583333 0.250000
vt 0.583333 0.333333
vt 0.583333 0.416667
vt 0.583333 0.500000
vt 0.583333 0.583333
vt 0.583333 0.666667
vt 0.583333 0.750000
vt 0.583333 0.833333
vt 0.625000 1.000000
vt 0.625000 0.916667
vt 0.625000 0.083333
vt 0.625000 0.000000
vt 0.625000 0.166667
vt 0.625000 0.250000
vt 0.625000 0.333333
vt 0.625000 0.416667
vt 0.625000 0.500000
vt 0.625000 0.583333
vt 0.625000 0.666667
vt 0.625000 0.750000
vt 0.625000 0.833333
vt 0.666667 1.000000
vt 0.666667 0.916667
vt 0.666667 0.083333
vt 0.666667 0.000000
vt 0.666667 0.166667
vt 0.666667 0.250000
vt 0.666667 0.333333
vt 0.666667 0.416667
vt 0.666667 0.500000
vt 0.666667 0.583333
vt 0.666667 0.666667
vt 0.666667 0.750000
vt 0.666667 0.833333
vt 0.708333 1.000000
vt 0.708333 0.916667
vt 0.708333 0.083333
vt 0.708333 0.000000
vt 0.708333 0.166667
vt 0.708333 0.250000
vt 0.708333 0.333333
vt 0.708333 0.416667
vt 0.708333 0.500000
vt 0.708333 0.583333
vt 0.708333 0.666667
vt 0.708333 0.750000
vt 0.708333 0.833333
vt 0.750000 1.000000
vt 0.750000 0.916667
vt 0.750000 0.083333
vt 0.750000 0.000000
vt 0.750000 0.166667
vt 0.750000 0.250000
vt 0.750000 0.333333
vt 0.750000 0.416667
vt 0.750000 0.500000
vt 0.750000 0.583333
vt 0.750000 0.666667
vt 0.750000 0.750000
vt 0.750000 0.833333
vt 0.791667 1.000000
vt 0.791667 0.916667
vt 0.791667 0.083333
vt 0.791667 0.000000
vt 0.791667 0.166667
vt 0.791667 0.250000
vt 0.791667 0.333333
vt 0.791667 0.416667
vt 0.791667 0.500000
vt 0.791667 0.583333
vt 0.791667 0.666667
vt 0.791667 0.750000
vt 0.791667 0.833333
vt 0.833333 1.000000
vt 0.833333 0.916667
vt 0.833333 0.083333
vt 0.833333 0.000000
vt 0.833333 0.166667
vt 0.833333 0.250000
vt 0.833333 0.333333
vt 0.833333 0.416667
vt 0.833333 0.500000
vt 0.833333 0.583333
vt 0.833333 0.666667
vt 0.833333 0.750000
vt 0.833333 0.833333
vt 0.875000 1.000000
vt 0.875000 0.916667
vt 0.875000 0.083333
vt 0.875000 0.000000
vt 0.875000 0.166667
vt 0.875000 0.250000
vt 0.875000 0.333333
vt 0.875000 0.416667
vt 0.875000 0.500000
vt 0.875000 0.583333
vt 0.875000 0.666667
vt 0.875000 0.750000
vt 0.875000 0.833333
vt 0.916667 1.000000
vt 0.916667 0.916667
vt 0.916667 0.083333
vt 0.916667 0.000000
vt 0.916667 0.166667
vt 0.916667 0.250000
vt 0.916667 0.333333
vt 0.916667 0.416667
vt 0.916667 0.500000
vt 0.916667 0.583333
vt 0.916667 0.666667
vt 0.916667 0.750000
vt 0.916667 0.833333
vt 0.958333 1.000000
vt 0.958333 0.916667
vt 0.958333 0.083333
vt 0.958333 0.000000
vt 0.958333 0.166667
vt 0.958333 0.250000
vt 0.958333 0.333333
vt 0.958333 0.416667
vt 0.958333 0.500000
vt 0.958333 0.583333
vt 0.958333 0.666667
vt 0.958333 0.750000
vt 0.958333 0.833333
vt 1.000000 1.000000
vt 1.000000 0.916667
vt 1.000000 0.083333
vt 1.000000 0.000000
vt 1.000000 0.166667
vt 1.000000 0.250000
vt 1.000000 0.333333
vt 1.000000 0.416667
vt 1.000000 0.500000
vt 1.000000 0.583333
vt 1.000000 0.666667
vt 1.000000 0.750000
vt 1.000000 0.833333
s 1
usemtl Black-Material
f 913/326/913 925/327/914 936/328/915 924/329/916
f 914/330/917 926/331/918 925/332/914 913/333/913
f 915/334/919 927/335/920 926/331/918 914/330/917
f 916/336/921 928/337/922 927/335/920 915/334/919
f 917/338/923 929/339/924 928/337/922 916/336/921
f 918/340/925 930/341/926 929/339/924 917/338/923
f 919/342/927 931/343/928 930/341/926 918/340/925
f 920/344/929 932/345/930 931/343/928 919/342/927
f 921/346/931 933/347/932 932/345/930 920/344/929
f 922/348/933 934/349/934 933/347/932 921/346/931
f 923/350/935 935/351/936 934/349/934 922/348/933
f 924/329/916 936/328/915 935/351/936 923/350/935
f 925/327/914 937/352/937 948/353/938 936/328/915
f 926/331/918 938/354/939 937/355/937 925/332/914
f 927/335/920 939/356/940 938/354/939 926/331/918
f 928/337/922 940/357/941 939/356/940 927/335/920
f 929/339/924 941/358/942 940/357/941 928/337/922
f 930/341/926 942/359/943 941/358/942 929/339/924
f 931/343/928 943/360/944 942/359/943 930/341/926
f 932/345/930 944/361/945 943/360/944 931/343/928
f 933/347/932 945/362/946 944/361/945 932/345/930
f 934/349/934 946/363/947 945/362/946 933/347/932
f 935/351/936 947/364/948 946/363/947 934/349/934
f 936/328/915 948/353/938 947/364/948 935/351/936
f 937/352/937 949/365/949 960/366/950 948/353/938
f 938/354/939 950/367/951 949/368/949 937/355/937
f 939/356/940 951/369/952 950/367/951 938/354/939
f 940/357/941 952/370/953 951/369/952 939/356/940
f 941/358/942 953/371/954 952/370/953 940/357/941
f 942/359/943 954/372/955 953/371/954 941/358/942
f 943/360/944 955/373/956 954/372/955 942/359/943
f 944/361/945 956/374/957 955/373/956 943/360/944
f 945/362/946 957/375/958 956/374/957 944/361/945
f 946/363/947 958/376/959 957/375/958 945/362/946
f 947/364/948 959/377/960 958/376/959 946/363/947
f 948/353/938 960/366/950 959/377/960 947/364/948
f 949/365/949 961/378/961 972/379/962 960/366/950
f 950/367/951 962/380/963 961/381/961 949/368/949
f 951/369/952 963/382/964 962/380/963 950/367/951
f 952/370/953 964/383/965 963/382/964 951/369/952
f 953/371/954 965/384/966 964/383/965 952/370/953
f 954/372/955 966/385/967 965/384/966 953/371/954
f 955/373/956 967/386/968 966/385/967 954/372/955
f 956/374/957 968/387/969 967/386/968 955/373/956
f 957/375/958 969/388/970 968/387/969 956/374/957
f 958/376/959 970/389/971 969/388/970 957/375/958
f 959/377/960 971/390/972 970/389/971 958/376/959
f 960/366/950 972/379/962 971/390/972 959/377/960
f 961/378/961 973/391/973 984/392/974 972/379/962
f 962/380/963 974/393/975 973/394/973 961/381/961
f 963/382/964 975/395/976 974/393/975 962/380/963
f 964/383/965 976/396/977 975/395/976 963/382/964
f 965/384/966 977/397/978 976/396/977 964/383/965
f 966/385/967 978/398/979 977/397/978 965/384/966
f 967/386/968 979/399/980 978/398/979 966/385/967
f 968/387/969 980/400/981 979/399/980 967/386/968
f 969/388/970 981/401/982 980/400/981 968/387/969
f 970/389/971 982/402/983 981/401/982 969/388/970
f 971/390/972 983/403/984 982/402/983 970/389/971
f 972/379/962 984/392/974 983/403/984 971/390/972
f 973/391/973 985/404/985 996/405/986 984/392/974
f 974/393/975 986/406/987 985/407/985 973/394/973
f 975/395/976 987/408/988 986/406/987 974/393/975
f 976/396/977 988/409/989 987/408/988 975/395/976
f 977/397/978 989/410/990 988/409/989 976/396/977
f 978/398/979 990/411/991 989/410/990 977/397/978
f 979/399/980 991/412/992 990/411/991 978/398/979
f 980/400/981 992/413/993 991/412/992 979/399/980
f 981/401/982 993/414/994 992/413/993 980/400/981
f 982/402/983 994/415/995 993/414/994 981/401/982
f 983/403/984 995/416/996 994/415/995 982/402/983
f 984/392/974 996/405/986 995/416/996 983/403/984
f 985/404/985 997/417/997 1008/418/998 996/405/986
f 986/406/987 998/419/999 997/420/997 985/407/985
f 987/408/988 999/421/1000 998/419/999 986/406/987
f 988/409/989 1000/422/1001 999/421/1000 987/408/988
f 989/410/990 1001/423/1002 1000/422/1001 988/409/989
f 990/411/991 1002/424/1003 1001/423/1002 989/410/990
f 991/412/992 1003/425/1004 1002/424/1003 990/411/991
f 992/413/993 1004/426/1005 1003/425/1004 991/412/992
f 993/414/994 1005/427/1006 1004/426/1005 992/413/993
f 994/415/995 1006/428/1007 1005/427/1006 993/414/994
f 995/416/996 1007/429/1008 1006/428/1007 994/415/995
f 996/405/986 1008/418/998 1007/429/1008 995/416/996
f 997/417/997 1009/430/1009 1020/431/1010 1008/418/998
f 998/419/999 1010/432/1011 1009/433/1009 997/420/997
f 999/421/1000 1011/434/1012 1010/432/1011 998/419/999
f 1000/422/1001 1012/435/1013 1011/434/1012 999/421/1000
f 1001/423/1002 1013/436/1014 1012/435/1013 1000/422/1001
f 1002/424/1003 1014/437/1015 1013/436/1014 1001/423/1002
f 1003/425/1004 1015/438/1016 1014/437/1015 1002/424/1003
f 1004/426/1005 1016/439/1017 1015/438/1016 1003/425/1004
f 1005/427/1006 1017/440/1018 1016/439/1017 1004/426/1005
f 1006/428/1007 1018/441/1019 1017/440/1018 1005/427/1006
f 1007/429/1008 1019/442/1020 1018/441/1019 1006/428/1007
f 1008/418/998 1020/431/1010 1019/442/1020 1007/429/1008
f 1009/430/1009 1021/443/1021 1032/444/1022 1020/431/1010
f 1010/432/1011 1022/445/1023 1021/446/1021 1009/433/1009
f 1011/434/1012 1023/447/1024 1022/445/1023 1010/432/1011
f 1012/435/1013 1024/448/1025 1023/447/1024 1011/434/1012
f 1013/436/1014 1025/449/1026 1024/448/1025 1012/435/1013
f 1014/437/1015 1026/450/1027 1025/449/1026 1013/436/1014
f 1015/438/1016 1027/451/1028 1026/450/1027 1014/437/1015
f 1016/439/1017 1028/452/1029 1027/451/1028 1015/438/1016
f 1017/440/1018 1029/453/1030 1028/452/1029 1016/439/1017
f 1018/441/1019 1030/454/1031 1029/453/1030 1017/440/1018
f 1019/442/1020 1031/455/1032 1030/454/1031 1018/441/1019
f 1020/431/1010 1032/444/1022 1031/455/1032 1019/442/1020
f 1021/443/1021 1033/456/1033 1044/457/1034 1032/444/1022
f 1022/445/1023 1034/458/1035 1033/459/1033 1021/446/1021
f 1023/447/1024 1035/460/1036 1034/458/1035 1022/445/1023
f 1024/448/1025 1036/461/1037 1035/460/1036 1023/447/1024
f 1025/449/1026 1037/462/1038 1036/461/1037 1024/448/1025
f 1026/450/1027 1038/463/1039 1037/462/1038 1025/449/1026
f 1027/451/1028 1039/464/1040 1038/463/1039 1026/450/1027
f 1028/452/1029 1040/465/1041 1039/464/1040 1027/451/1028
f 1029/453/1030 1041/466/1042 1040/465/1041 1028/452/1029
f 1030/454/1031 1042/467/1043 1041/466/1042 1029/453/1030
f 1031/455/1032 1043/468/1044 1042/467/1043 1030/454/1031
f 1032/444/1022 1044/457/1034 1043/468/1044 1031/455/1032
f 1033/456/1033 1045/469/1045 1056/470/1046 1044/457/1034
f 1034/458/1035 1046/471/1047 1045/472/1045 1033/459/1033
f 1035/460/1036 1047/473/1048 1046/471/1047 1034/458/1035
f 1036/461/1037 1048/474/1049 1047/473/1048 1035/460/1036
f 1037/462/1038 1049/475/1050 1048/474/1049 1036/461/1037
f 1038/463/1039 1050/476/1051 1049/475/1050 1037/462/1038
f 1039/464/1040 1051/477/1052 1050/476/1051 1038/463/1039
f 1040/465/1041 1052/478/1053 1051/477/1052 1039/464/1040
f 1041/466/1042 1053/479/1054 1052/478/1053 1040/465/1041
f 1042/467/1043 1054/480/1055 1053/479/1054 1041/466/1042
f 1043/468/1044 1055/481/1056 1054/480/1055 1042/467/1043
f 1044/457/1034 1056/470/1046 1055/481/1056 1043/468/1044
f 1045/469/1045 1057/482/1057 1068/483/1058 1056/470/1046
f 1046/471/1047 1058/484/1059 1057/485/1057 1045/472/1045
f 1047/473/1048 1059/486/1060 1058/484/1059 1046/471/1047
f 1048/474/1049 1060/487/1061 1059/486/1060 1047/473/1048
f 1049/475/1050 1061/488/1062 1060/487/1061 1048/474/1049
f 1050/476/1051 1062/489/1063 1061/488/1062 1049/475/1050
f 1051/477/1052 1063/490/1064 1062/489/1063 1050/476/1051
f 1052/478/1053 1064/491/1065 1063/490/1064 1051/477/1052
f 1053/479/1054 1065/492/1066 1064/491/1065 1052/478/1053
f 1054/480/1055 1066/493/1067 1065/492/1066 1053/479/1054
f 1055/481/1056 1067/494/1068 1066/493/1067 1054/480/1055
f 1056/470/1046 1068/483/1058 1067/494/1068 1055/481/1056
f 1057/482/1057 1069/495/1069 1080/496/1070 1068/483/1058
f 1058/484/1059 1070/497/1071 1069/498/1069 1057/485/1057
f 1059/486/1060 1071/499/1072 1070/497/1071 1058/484/1059
f 1060/487/1061 1072/500/1073 1071/499/1072 1059/486/1060
f 1061/488/1062 1073/501/1074 1072/500/1073 1060/487/1061
f 1062/489/1063 1074/502/1075 1073/501/1074 1061/488/1062
f 1063/490/1064 1075/503/1076 1074/502/1075 1062/489/1063
f 1064/491/1065 1076/504/1077 1075/503/1076 1063/490/1064
f 1065/492/1066 1077/505/1078 1076/504/1077 1064/491/1065
f 1066/493/1067 1078/506/1079 1077/505/1078 1065/492/1066
f 1067/494/1068 1079/507/1080 1078/506/1079 1066/493/1067
f 1068/483/1058 1080/496/1070 1079/507/1080 1067/494/1068
f 1069/495/1069 1081/508/1081 1092/509/1082 1080/496/1070
f 1070/497/1071 1082/510/1083 1081/511/1081 1069/498/1069
f 1071/499/1072 1083/512/1084 1082/510/1083 1070/497/1071
f 1072/500/1073 1084/513/1085 1083/512/1084 1071/499/1072
f 1073/501/1074 1085/514/1086 1084/513/1085 1072/500/1073
f 1074/502/1075 1086/515/1087 1085/514/1086 1073/501/1074
f 1075/503/1076 1087/516/1088 1086/515/1087 1074/502/1075
f 1076/504/1077 1088/517/1089 1087/516/1088 1075/503/1076
f 1077/505/1078 1089/518/1090 1088/517/1089 1076/504/1077
f 1078/506/1079 1090/519/1091 1089/518/1090 1077/505/1078
f 1079/507/1080 1091/520/1092 1090/519/1091 1078/506/1079
f 1080/496/1070 1092/509/1082 1091/520/1092 1079/507/1080
f 1081/508/1081 1093/521/1093 1104/522/1094 1092/509/1082
f 1082/510/1083 1094/523/1095 1093/524/1093 1081/511/1081
f 1083/512/1084 1095/525/1096 1094/523/1095 1082/510/1083
f 1084/513/1085 1096/526/1097 1095/525/1096 1083/512/1084
f 1085/514/1086 1097/527/1098 1096/526/1097 1084/513/1085
f 1086/515/1087 1098/528/1099 1097/527/1098 1085/514/1086
f 1087/516/1088 1099/529/1100 1098/528/1099 1086/515/1087
f 1088/517/1089 1100/530/1101 1099/529/1100 1087/516/1088
f 1089/518/1090 1101/531/1102 1100/530/1101 1088/517/1089
f 1090/519/1091 1102/532/1103 1101/531/1102 1089/518/1090
f 1091/520/1092 1103/533/1104 1102/532/1103 1090/519/1091
f 1092/509/1082 1104/522/1094 1103/533/1104 1091/520/1092
f 1093/521/1093 1105/534/1105 1116/535/1106 1104/522/1094
f 1094/523/1095 1106/536/1107 1105/537/1105 1093/524/1093
f 1095/525/1096 1107/538/1108 1106/536/1107 1094/523/1095
f 1096/526/1097 1108/539/1109 1107/538/1108 1095/525/1096
f 1097/527/1098 1109/540/1110 1108/539/1109 1096/526/1097
f 1098/528/1099 1110/541/1111 1109/540/1110 1097/527/1098
f 1099/529/1100 1111/542/1112 1110/541/1111 1098/528/1099
f 1100/530/1101 1112/543/1113 1111/542/1112 1099/529/1100
f 1101/531/1102 1113/544/1114 1112/543/1113 1100/530/1101
f 1102/532/1103 1114/545/1115 1113/544/1114 1101/531/1102
f 1103/533/1104 1115/546/1116 1114/545/1115 1102/532/1103
f 1104/522/1094 1116/535/1106 1115/546/1116 1103/533/1104
f 1105/534/1105 1117/547/1117 1128/548/1118 1116/535/1106
f 1106/536/1107 1118/549/1119 1117/550/1117 1105/537/1105
f 1107/538/1108 1119/551/1120 1118/549/1119 1106/536/1107
f 1108/539/1109 1120/552/1121 1119/551/1120 1107/538/1108
f 1109/540/1110 1121/553/1122 1120/552/1121 1108/539/1109
f 1110/541/1111 1122/554/1123 1121/553/1122 1109/540/1110
f 1111/542/1112 1123/555/1124 1122/554/1123 1110/541/1111
f 1112/543/1113 1124/556/1125 1123/555/1124 1111/542/1112
f 1113/544/1114 1125/557/1126 1124/556/1125 1112/543/1113
f 1114/545/1115 1126/558/1127 1125/557/1126 1113/544/1114
f 1115/546/1116 1127/559/1128 1126/558/1127 1114/545/1115
f 1116/535/1106 1128/548/1118 1127/559/1128 1115/546/1116
f 1117/547/1117 1129/560/1129 1140/561/1130 1128/548/1118
f 1118/549/1119 1130/562/1131 1129/563/1129 1117/550/1117
f 1119/551/1120 1131/564/1132 1130/562/1131 1118/549/1119
f 1120/552/1121 1132/565/1133 1131/564/1132 1119/551/1120
f 1121/553/1122 1133/566/1134 1132/565/1133 1120/552/1121
f 1122/554/1123 1134/567/1135 1133/566/1134 1121/553/1122
f 1123/555/1124 1135/568/1136 1134/567/1135 1122/554/1123
f 1124/556/1125 1136/569/1137 1135/568/1136 1123/555/1124
f 1125/557/1126 1137/570/1138 1136/569/1137 1124/556/1125
f 1126/558/1127 1138/571/1139 1137/570/1138 1125/557/1126
f 1127/559/1128 1139/572/1140 1138/571/1139 1126/558/1127
f 1128/548/1118 1140/561/1130 1139/572/1140 1127/559/1128
f 1129/560/1129 1141/573/1141 1152/574/1142 1140/561/1130
f 1130/562/1131 1142/575/1143 1141/576/1141 1129/563/1129
f 1131/564/1132 1143/577/1144 1142/575/1143 1130/562/1131
f 1132/565/1133 1144/578/1145 1143/577/1144 1131/564/1132
f 1133/566/1134 1145/579/1146 1144/578/1145 1132/565/1133
f 1134/567/1135 1146/580/1147 1145/579/1146 1133/566/1134
f 1135/568/1136 1147/581/1148 1146/580/1147 1134/567/1135
f 1136/569/1137 1148/582/1149 1147/581/1148 1135/568/1136
f 1137/570/1138 1149/583/1150 1148/582/1149 1136/569/1137
f 1138/571/1139 1150/584/1151 1149/583/1150 1137/570/1138
f 1139/572/1140 1151/585/1152 1150/584/1151 1138/571/1139
f 1140/561/1130 1152/574/1142 1151/585/1152 1139/572/1140
f 1141/573/1141 1153/586/1153 1164/587/1154 1152/574/1142
f 1142/575/1143 1154/588/1155 1153/589/1153 1141/576/1141
f 1143/577/1144 1155/590/1156 1154/588/1155 1142/575/1143
f 1144/578/1145 1156/591/1157 1155/590/1156 1143/577/1144
f 1145/579/1146 1157/592/1158 1156/591/1157 1144/578/1145
f 1146/580/1147 1158/593/1159 1157/592/1158 1145/579/1146
f 1147/581/1148 1159/594/1160 1158/593/1159 1146/580/1147
f 1148/582/1149 1160/595/1161 1159/594/1160 1147/581/1148
f 1149/583/1150 1161/596/1162 1160/595/1161 1148/582/1149
f 1150/584/1151 1162/597/1163 1161/596/1162 1149/583/1150
f 1151/585/1152 1163/598/1164 1162/597/1163 1150/584/1151
f 1152/574/1142 1164/587/1154 1163/598/1164 1151/585/1152
f 1153/586/1153 1165/599/1165 1176/600/1166 1164/587/1154
f 1154/588/1155 1166/601/1167 1165/602/1165 1153/589/1153
f 1155/590/1156 1167/603/1168 1166/601/1167 1154/588/1155
f 1156/591/1157 1168/604/1169 1167/603/1168 1155/590/1156
f 1157/592/1158 1169/605/1170 1168/604/1169 1156/591/1157
f 1158/593/1159 1170/606/1171 1169/605/1170 1157/592/1158
f 1159/594/1160 1171/607/1172 1170/606/1171 1158/593/1159
f 1160/595/1161 1172/608/1173 1171/607/1172 1159/594/1160
f 1161/596/1162 1173/609/1174 1172/608/1173 1160/595/1161
f 1162/597/1163 1174/610/1175 1173/609/1174 1161/596/1162
f 1163/598/1164 1175/611/1176 1174/610/1175 1162/597/1163
f 1164/587/1154 1176/600/1166 1175/611/1176 1163/598/1164
f 1165/599/1165 1177/612/1177 1188/613/1178 1176/600/1166
f 1166/601/1167 1178/614/1179 1177/615/1177 1165/602/1165
f 1167/603/1168 1179/616/1180 1178/614/1179 1166/601/1167
f 1168/604/1169 1180/617/1181 1179/616/1180 1167/603/1168
f 1169/605/1170 1181/618/1182 1180/617/1181 1168/604/1169
f 1170/606/1171 1182/619/1183 1181/618/1182 1169/605/1170
f 1171/607/1172 1183/620/1184 1182/619/1183 1170/606/1171
f 1172/608/1173 1184/621/1185 1183/620/1184 1171/607/1172
f 1173/609/1174 1185/622/1186 1184/621/1185 1172/608/1173
f 1174/610/1175 1186/623/1187 1185/622/1186 1173/609/1174
f 1175/611/1176 1187/624/1188 1186/623/1187 1174/610/1175
f 1176/600/1166 1188/613/1178 1187/624/1188 1175/611/1176
f 1177/612/1177 1189/625/1189 1200/626/1190 1188/613/1178
f 1178/614/1179 1190/627/1191 1189/628/1189 1177/615/1177
f 1179/616/1180 1191/629/1192 1190/627/1191 1178/614/1179
f 1180/617/1181 1192/630/1193 1191/629/1192 1179/616/1180
f 1181/618/1182 1193/631/1194 1192/630/1193 1180/617/1181
f 1182/619/1183 1194/632/1195 1193/631/1194 1181/618/1182
f 1183/620/1184 1195/633/1196 1194/632/1195 1182/619/1183
f 1184/621/1185 1196/634/1197 1195/633/1196 1183/620/1184
f 1185/622/1186 1197/635/1198 1196/634/1197 1184/621/1185
f 1186/623/1187 1198/636/1199 1197/635/1198 1185/622/1186
f 1187/624/1188 1199/637/1200 1198/636/1199 1186/623/1187
f 1188/613/1178 1200/626/1190 1199/637/1200 1187/624/1188
f 1189/625/1189 1201/638/1201 1212/639/1202 1200/626/1190
f 1190/627/1191 1202/640/1203 1201/641/1201 1189/628/1189
f 1191/629/1192 1203/642/1204 1202/640/1203 1190/627/1191
f 1192/630/1193 1204/643/1205 1203/642/1204 1191/629/1192
f 1193/631/1194 1205/644/1206 1204/643/1205 1192/630/1193
f 1194/632/1195 1206/645/1207 1205/644/1206 1193/631/1194
f 1195/633/1196 1207/646/1208 1206/645/1207 1194/632/1195
f 1196/634/1197 1208/647/1209 1207/646/1208 1195/633/1196
f 1197/635/1198 1209/648/1210 1208/647/1209 1196/634/1197
f 1198/636/1199 1210/649/1211 1209/648/1210 1197/635/1198
f 1199/637/1200 1211/650/1212 1210/649/1211 1198/636/1199
f 1200/626/1190 1212/639/1202 1211/650/1212 1199/637/1200
f 1213/326/1213 1225/352/1214 1236/353/1215 1224/329/1216
f 1214/330/1217 1226/354/1218 1225/355/1214 1213/333/1213
f 1215/334/1219 1227/356/1220 1226/354/1218 1214/330/1217
f 1216/336/1221 1228/357/1222 1227/356/1220 1215/334/1219
f 1217/338/1223 1229/358/1224 1228/357/1222 1216/336/1221
f 1218/340/1225 1230/359/1226 1229/358/1224 1217/338/1223
f 1219/342/1227 1231/360/1228 1230/359/1226 1218/340/1225
f 1220/344/1229 1232/361/1230 1231/360/1228 1219/342/1227
f 1221/346/1231 1233/362/1232 1232/361/1230 1220/344/1229
f 1222/348/1233 1234/363/1234 1233/362/1232 1221/346/1231
f 1223/350/1235 1235/364/1236 1234/363/1234 1222/348/1233
f 1224/329/1216 1236/353/1215 1235/364/1236 1223/350/1235
f 1225/352/1214 1237/378/1237 1248/379/1238 1236/353/1215
f 1226/354/1218 1238/380/1239 1237/381/1237 1225/355/1214
f 1227/356/1220 1239/382/1240 1238/380/1239 1226/354/1218
f 1228/357/1222 1240/383/1241 1239/382/1240 1227/356/1220
f 1229/358/1224 1241/384/1242 1240/383/1241 1228/357/1222
f 1230/359/1226 1242/385/1243 1241/384/1242 1229/358/1224
f 1231/360/1228 1243/386/1244 1242/385/1243 1230/359/1226
f 1232/361/1230 1244/387/1245 1243/386/1244 1231/360/1228
f 1233/362/1232 1245/388/1246 1244/387/1245 1232/361/1230
f 1234/363/1234 1246/389/1247 1245/388/1246 1233/362/1232
f 1235/364/1236 1247/390/1248 1246/389/1247 1234/363/1234
f 1236/353/1215 1248/379/1238 1247/390/1248 1235/364/1236
f 1237/378/1237 1249/404/1249 1260/405/1250 1248/379/1238
f 1238/380/1239 1250/406/1251 1249/407/1249 1237/381/1237
f 1239/382/1240 1251/408/1252 1250/406/1251 1238/380/1239
f 1240/383/1241 1252/409/1253 1251/408/1252 1239/382/1240
f 1241/384/1242 1253/410/1254 1252/409/1253 1240/383/1241
f 1242/385/1243 1254/411/1255 1253/410/1254 1241/384/1242
f 1243/386/1244 1255/412/1256 1254/411/1255 1242/385/1243
f 1244/387/1245 1256/413/1257 1255/412/1256 1243/386/1244
f 1245/388/1246 1257/414/1258 1256/413/1257 1244/387/1245
f 1246/389/1247 1258/415/1259 1257/414/1258 1245/388/1246
f 1247/390/1248 1259/416/1260 1258/415/1259 1246/389/1247
f 1248/379/1238 1260/405/1250 1259/416/1260 1247/390/1248
f 1249/404/1249 1261/430/1261 1272/431/1262 1260/405/1250
f 1250/406/1251 1262/432/1263 1261/433/1261 1249/407/1249
f 1251/408/1252 1263/434/1264 1262/432/1263 1250/406/1251
f 1252/409/1253 1264/435/1265 1263/434/1264 1251/408/1252
f 1253/410/1254 1265/436/1266 1264/435/1265 1252/409/1253
f 1254/411/1255 1266/437/1267 1265/436/1266 1253/410/1254
f 1255/412/1256 1267/438/1268 1266/437/1267 1254/411/1255
f 1256/413/1257 1268/439/1269 1267/438/1268 1255/412/1256
f 1257/414/1258 1269/440/1270 1268/439/1269 1256/413/1257
f 1258/415/1259 1270/441/1271 1269/440/1270 1257/414/1258
f 1259/416/1260 1271/442/1272 1270/441/1271 1258/415/1259
f 1260/405/1250 1272/431/1262 1271/442/1272 1259/416/1260
f 1261/430/1261 1273/456/1273 1284/457/1274 1272/431/1262
f 1262/432/1263 1274/458/1275 1273/459/1273 1261/433/1261
f 1263/434/1264 1275/460/1276 1274/458/1275 1262/432/1263
f 1264/435/1265 1276/461/1277 1275/460/1276 1263/434/1264
f 1265/436/1266 1277/462/1278 1276/461/1277 1264/435/1265
f 1266/437/1267 1278/463/1279 1277/462/1278 1265/436/1266
f 1267/438/1268 1279/464/1280 1278/463/1279 1266/437/1267
f 1268/439/1269 1280/465/1281 1279/464/1280 1267/438/1268
f 1269/440/1270 1281/466/1282 1280/465/1281 1268/439/1269
f 1270/441/1271 1282/467/1283 1281/466/1282 1269/440/1270
f 1271/442/1272 1283/468/1284 1282/467/1283 1270/441/1271
f 1272/431/1262 1284/457/1274 1283/468/1284 1271/442/1272
f 1273/456/1273 1285/482/1285 1296/483/1286 1284/457/1274
f 1274/458/1275 1286/484/1287 1285/485/1285 1273/459/1273
f 1275/460/1276 1287/486/1288 1286/484/1287 1274/458/1275
f 1276/461/1277 1288/487/1289 1287/486/1288 1275/460/1276
f 1277/462/1278 1289/488/1290 1288/487/1289 1276/461/1277
f 1278/463/1279 1290/489/1291 1289/488/1290 1277/462/1278
f 1279/464/1280 1291/490/1292 1290/489/1291 1278/463/1279
f 1280/465/1281 1292/491/1293 1291/490/1292 1279/464/1280
f 1281/466/1282 1293/492/1294 1292/491/1293 1280/465/1281
f 1282/467/1283 1294/493/1295 1293/492/1294 1281/466/1282
f 1283/468/1284 1295/494/1296 1294/493/1295 1282/467/1283
f 1284/457/1274 1296/483/1286 1295/494/1296 1283/468/1284
f 1285/482/1285 1297/508/1297 1308/509/1298 1296/483/1286
f 1286/484/1287 1298/510/1299 1297/511/1297 1285/485/1285
f 1287/486/1288 1299/512/1300 1298/510/1299 1286/484/1287
f 1288/487/1289 1300/513/1301 1299/512/1300 1287/486/1288
f 1289/488/1290 1301/514/1302 1300/513/1301 1288/487/1289
f 1290/489/1291 1302/515/1303 1301/514/1302 1289/488/1290
f 1291/490/1292 1303/516/1304 1302/515/1303 1290/489/1291
f 1292/491/1293 1304/517/1305 1303/516/1304 1291/490/1292
f 1293/492/1294 1305/518/1306 1304/517/1305 1292/491/1293
f 1294/493/1295 1306/519/1307 1305/518/1306 1293/492/1294
f 1295/494/1296 1307/520/1308 1306/519/1307 1294/493/1295
f 1296/483/1286 1308/509/1298 1307/520/1308 1295/494/1296
f 1297/508/1297 1309/534/1309 1320/535/1310 1308/509/1298
f 1298/510/1299 1310/536/1311 1309/537/1309 1297/511/1297
f 1299/512/1300 1311/538/1312 1310/536/1311 1298/510/1299
f 1300/513/1301 1312/539/1313 1311/538/1312 1299/512/1300
f 1301/514/1302 1313/540/1314 1312/539/1313 1300/513/1301
f 1302/515/1303 1314/541/1315 1313/540/1314 1301/514/1302
f 1303/516/1304 1315/542/1316 1314/541/1315 1302/515/1303
f 1304/517/1305 1316/543/1317 1315/542/1316 1303/516/1304
f 1305/518/1306 1317/544/1318 1316/543/1317 1304/517/1305
f 1306/519/1307 1318/545/1319 1317/544/1318 1305/518/1306
f 1307/520/1308 1319/546/1320 1318/545/1319 1306/519/1307
f 1308/509/1298 1320/535/1310 1319/546/1320 1307/520/1308
f 1309/534/1309 1321/560/1321 1332/561/1322 1320/535/1310
f 1310/536/1311 1322/562/1323 1321/563/1321 1309/537/1309
f 1311/538/1312 1323/564/1324 1322/562/1323 1310/536/1311
f 1312/539/1313 1324/565/1325 1323/564/1324 1311/538/1312
f 1313/540/1314 1325/566/1326 1324/565/1325 1312/539/1313
f 1314/541/1315 1326/567/1327 1325/566/1326 1313/540/1314
f 1315/542/1316 1327/568/1328 1326/567/1327 1314/541/1315
f 1316/543/1317 1328/569/1329 1327/568/1328 1315/542/1316
f 1317/544/1318 1329/570/1330 1328/569/1329 1316/543/1317
f 1318/545/1319 1330/571/1331 1329/570/1330 1317/544/1318
f 1319/546/1320 1331/572/1332 1330/571/1331 1318/545/1319
f 1320/535/1310 1332/561/1322 1331/572/1332 1319/546/1320
f 1321/560/1321 1333/586/1333 1344/587/1334 1332/561/1322
f 1322/562/1323 1334/588/1335 1333/589/1333 1321/563/1321
f 1323/564/1324 1335/590/1336 1334/588/1335 1322/562/1323
f 1324/565/1325 1336/591/1337 1335/590/1336 1323/564/1324
f 1325/566/1326 1337/592/1338 1336/591/1337 1324/565/1325
f 1326/567/1327 1338/593/1339 1337/592/1338 1325/566/1326
f 1327/568/1328 1339/594/1340 1338/593/1339 1326/567/1327
f 1328/569/1329 1340/595/1341 1339/594/1340 1327/568/1328
f 1329/570/1330 1341/596/1342 1340/595/1341 1328/569/1329
f 1330/571/1331 1342/597/1343 1341/596/1342 1329/570/1330
f 1331/572/1332 1343/598/1344 1342/597/1343 1330/571/1331
f 1332/561/1322 1344/587/1334 1343/598/1344 1331/572/1332
f 1333/586/1333 1345/612/1345 1356/613/1346 1344/587/1334
f 1334/588/1335 1346/614/1347 1345/615/1345 1333/589/1333
f 1335/590/1336 1347/616/1348 1346/614/1347 1334/588/1335
f 1336/591/1337 1348/617/1349 1347/616/1348 1335/590/1336
f 1337/592/1338 1349/618/1350 1348/617/1349 1336/591/1337
f 1338/593/1339 1350/619/1351 1349/618/1350 1337/592/1338
f 1339/594/1340 1351/620/1352 1350/619/1351 1338/593/1339
f 1340/595/1341 1352/621/1353 1351/620/1352 1339/594/1340
f 1341/596/1342 1353/622/1354 1352/621/1353 1340/595/1341
f 1342/597/1343 1354/623/1355 1353/622/1354 1341/596/1342
f 1343/598/1344 1355/624/1356 1354/623/1355 1342/597/1343
f 1344/587/1334 1356/613/1346 1355/624/1356 1343/598/1344
f 1345/612/1345 1357/638/1357 1368/639/1358 1356/613/1346
f 1346/614/1347 1358/640/1359 1357/641/1357 1345/615/1345
f 1347/616/1348 1359/642/1360 1358/640/1359 1346/614/1347
f 1348/617/1349 1360/643/1361 1359/642/1360 1347/616/1348
f 1349/618/1350 1361/644/1362 1360/643/1361 1348/617/1349
f 1350/619/1351 1362/645/1363 1361/644/1362 1349/618/1350
f 1351/620/1352 1363/646/1364 1362/645/1363 1350/619/1351
f 1352/621/1353 1364/647/1365 1363/646/1364 1351/620/1352
f 1353/622/1354 1365/648/1366 1364/647/1365 1352/621/1353
f 1354/623/1355 1366/649/1367 1365/648/1366 1353/622/1354
f 1355/624/1356 1367/650/1368 1366/649/1367 1354/623/1355
f 1356/613/1346 1368/639/1358 1367/650/1368 1355/624/1356
f 1369/326/1369 1380/329/1370 1392/328/1371 1381/327/1372
f 1370/330/1373 1369/333/1369 1381/332/1372 1382/331/1374
f 1371/334/1375 1370/330/1373 1382/331/1374 1383/335/1376
f 1372/336/1377 1371/334/1375 1383/335/1376 1384/337/1378
f 1373/338/1379 1372/336/1377 1384/337/1378 1385/339/1380
f 1374/340/1381 1373/338/1379 1385/339/1380 1386/341/1382
f 1375/342/1383 1374/340/1381 1386/341/1382 1387/343/1384
f 1376/344/1385 1375/342/1383 1387/343/1384 1388/345/1386
f 1377/346/1387 1376/344/1385 1388/345/1386 1389/347/1388
f 1378/348/1389 1377/346/1387 1389/347/1388 1390/349/1390
f 1379/350/1391 1378/348/1389 1390/349/1390 1391/351/1392
f 1380/329/1370 1379/350/1391 1391/351/1392 1392/328/1371
f 1381/327/1372 1392/328/1371 1404/353/1393 1393/352/1394
f 1382/331/1374 1381/332/1372 1393/355/1394 1394/354/1395
f 1383/335/1376 1382/331/1374 1394/354/1395 1395/356/1396
f 1384/337/1378 1383/335/1376 1395/356/1396 1396/357/1397
f 1385/339/1380 1384/337/1378 1396/357/1397 1397/358/1398
f 1386/341/1382 1385/339/1380 1397/358/1398 1398/359/1399
f 1387/343/1384 1386/341/1382 1398/359/1399 1399/360/1400
f 1388/345/1386 1387/343/1384 1399/360/1400 1400/361/1401
f 1389/347/1388 1388/345/1386 1400/361/1401 1401/362/1402
f 1390/349/1390 1389/347/1388 1401/362/1402 1402/363/1403
f 1391/351/1392 1390/349/1390 1402/363/1403 1403/364/1404
f 1392/328/1371 1391/351/1392 1403/364/1404 1404/353/1393
f 1393/352/1394 1404/353/1393 1416/366/1405 1405/365/1406
f 1394/354/1395 1393/355/1394 1405/368/1406 1406/367/1407
f 1395/356/1396 1394/354/1395 1406/367/1407 1407/369/1408
f 1396/357/1397 1395/356/1396 1407/369/1408 1408/370/1409
f 1397/358/1398 1396/357/1397 1408/370/1409 1409/371/1410
f 1398/359/1399 1397/358/1398 1409/371/1410 1410/372/1411
f 1399/360/1400 1398/359/1399 1410/372/1411 1411/373/1412
f 1400/361/1401 1399/360/1400 1411/373/1412 1412/374/1413
f 1401/362/1402 1400/361/1401 1412/374/1413 1413/375/1414
f 1402/363/1403 1401/362/1402 1413/375/1414 1414/376/1415
f 1403/364/1404 1402/363/1403 1414/376/1415 1415/377/1416
f 1404/353/1393 1403/364/1404 1415/377/1416 1416/366/1405
f 1405/365/1406 1416/366/1405 1428/379/1417 1417/378/1418
f 1406/367/1407 1405/368/1406 1417/381/1418 1418/380/1419
f 1407/369/1408 1406/367/1407 1418/380/1419 1419/382/1420
f 1408/370/1409 1407/369/1408 1419/382/1420 1420/383/1421
f 1409/371/1410 1408/370/1409 1420/383/1421 1421/384/1422
f 1410/372/1411 1409/371/1410 1421/384/1422 1422/385/1423
f 1411/373/1412 1410/372/1411 1422/385/1423 1423/386/1424
f 1412/374/1413 1411/373/1412 1423/386/1424 1424/387/1425
f 1413/375/1414 1412/374/1413 1424/387/1425 1425/388/1426
f 1414/376/1415 1413/375/1414 1425/388/1426 1426/389/1427
f 1415/377/1416 1414/376/1415 1426/389/1427 1427/390/1428
f 1416/366/1405 1415/377/1416 1427/390/1428 1428/379/1417
f 1417/378/1418 1428/379/1417 1440/392/1429 1429/391/1430
f 1418/380/1419 1417/381/1418 1429/394/1430 1430/393/1431
f 1419/382/1420 1418/380/1419 1430/393/1431 1431/395/1432
f 1420/383/1421 1419/382/1420 1431/395/1432 1432/396/1433
f 1421/384/1422 1420/383/1421 1432/396/1433 1433/397/1434
f 1422/385/1423 1421/384/1422 1433/397/1434 1434/398/1435
f 1423/386/1424 1422/385/1423 1434/398/1435 1435/399/1436
f 1424/387/1425 1423/386/1424 1435/399/1436 1436/400/1437
f 1425/388/1426 1424/387/1425 1436/400/1437 1437/401/1438
f 1426/389/1427 1425/388/1426 1437/401/1438 1438/402/1439
f 1427/390/1428 1426/389/1427 1438/402/1439 1439/403/1440
f 1428/379/1417 1427/390/1428 1439/403/1440 1440/392/1429
f 1429/391/1430 1440/392/1429 1452/405/1441 1441/404/1442
f 1430/393/1431 1429/394/1430 1441/407/1442 1442/406/1443
f 1431/395/1432 1430/393/1431 1442/406/1443 1443/408/1444
f 1432/396/1433 1431/395/1432 1443/408/1444 1444/409/1445
f 1433/397/1434 1432/396/1433 1444/409/1445 1445/410/1446
f 1434/398/1435 1433/397/1434 1445/410/1446 1446/411/1447
f 1435/399/1436 1434/398/1435 1446/411/1447 1447/412/1448
f 1436/400/1437 1435/399/1436 1447/412/1448 1448/413/1449
f 1437/401/1438 1436/400/1437 1448/413/1449 1449/414/1450
f 1438/402/1439 1437/401/1438 1449/414/1450 1450/415/1451
f 1439/403/1440 1438/402/1439 1450/415/1451 1451/416/1452
f 1440/392/1429 1439/403/1440 1451/416/1452 1452/405/1441
f 1441/404/1442 1452/405/1441 1464/418/1453 1453/417/1454
f 1442/406/1443 1441/407/1442 1453/420/1454 1454/419/1455
f 1443/408/1444 1442/406/1443 1454/419/1455 1455/421/1456
f 1444/409/1445 1443/408/1444 1455/421/1456 1456/422/1457
f 1445/410/1446 1444/409/1445 1456/422/1457 1457/423/1458
f 1446/411/1447 1445/410/1446 1457/423/1458 1458/424/1459
f 1447/412/1448 1446/411/1447 1458/424/1459 1459/425/1460
f 1448/413/1449 1447/412/1448 1459/425/1460 1460/426/1461
f 1449/414/1450 1448/413/1449 1460/426/1461 1461/427/1462
f 1450/415/1451 1449/414/1450 1461/427/1462 1462/428/1463
f 1451/416/1452 1450/415/1451 1462/428/1463 1463/429/1464
f 1452/405/1441 1451/416/1452 1463/429/1464 1464/418/1453
f 1453/417/1454 1464/418/1453 1476/431/1465 1465/430/1466
f 1454/419/1455 1453/420/1454 1465/433/1466 1466/432/1467
f 1455/421/1456 1454/419/1455 1466/432/1467 1467/434/1468
f 1456/422/1457 1455/421/1456 1467/434/1468 1468/435/1469
f 1457/423/1458 1456/422/1457 1468/435/1469 1469/436/1470
f 1458/424/1459 1457/423/1458 1469/436/1470 1470/437/1471
f 1459/425/1460 1458/424/1459 1470/437/1471 1471/438/1472
f 1460/426/1461 1459/425/1460 1471/438/1472 1472/439/1473
f 1461/427/1462 1460/426/1461 1472/439/1473 1473/440/1474
f 1462/428/1463 1461/427/1462 1473/440/1474 1474/441/1475
f 1463/429/1464 1462/428/1463 1474/441/1475 1475/442/1476
f 1464/418/1453 1463/429/1464 1475/442/1476 1476/431/1465
f 1465/430/1466 1476/431/1465 1488/444/1477 1477/443/1478
f 1466/432/1467 1465/433/1466 1477/446/1478 1478/445/1479
f 1467/434/1468 1466/432/1467 1478/445/1479 1479/447/1480
f 1468/435/1469 1467/434/1468 1479/447/1480 1480/448/1481
f 1469/436/1470 1468/435/1469 1480/448/1481 1481/449/1482
f 1470/437/1471 1469/436/1470 1481/449/1482 1482/450/1483
f 1471/438/1472 1470/437/1471 1482/450/1483 1483/451/1484
f 1472/439/1473 1471/438/1472 1483/451/1484 1484/452/1485
f 1473/440/1474 1472/439/1473 1484/452/1485 1485/453/1486
f 1474/441/1475 1473/440/1474 1485/453/1486 1486/454/1487
f 1475/442/1476 1474/441/1475 1486/454/1487 1487/455/1488
f 1476/431/1465 1475/442/1476 1487/455/1488 1488/444/1477
f 1477/443/1478 1488/444/1477 1500/457/1489 1489/456/1490
f 1478/445/1479 1477/446/1478 1489/459/1490 1490/458/1491
f 1479/447/1480 1478/445/1479 1490/458/1491 1491/460/1492
f 1480/448/1481 1479/447/1480 1491/460/1492 1492/461/1493
f 1481/449/1482 1480/448/1481 1492/461/1493 1493/462/1494
f 1482/450/1483 1481/449/1482 1493/462/1494 1494/463/1495
f 1483/451/1484 1482/450/1483 1494/463/1495 1495/464/1496
f 1484/452/1485 1483/451/1484 1495/464/1496 1496/465/1497
f 1485/453/1486 1484/452/1485 1496/465/1497 1497/466/1498
f 1486/454/1487 1485/453/1486 1497/466/1498 1498/467/1499
f 1487/455/1488 1486/454/1487 1498/467/1499 1499/468/1500
f 1488/444/1477 1487/455/1488 1499/468/1500 1500/457/1489
f 1489/456/1490 1500/457/1489 1512/470/1501 1501/469/1502
f 1490/458/1491 1489/459/1490 1501/472/1502 1502/471/1503
f 1491/460/1492 1490/458/1491 1502/471/1503 1503/473/1504
f 1492/461/1493 1491/460/1492 1503/473/1504 1504/474/1505
f 1493/462/1494 1492/461/1493 1504/474/1505 1505/475/1506
f 1494/463/1495 1493/462/1494 1505/475/1506 1506/476/1507
f 1495/464/1496 1494/463/1495 1506/476/1507 1507/477/1508
f 1496/465/1497 1495/464/1496 1507/477/1508 1508/478/1509
f 1497/466/1498 1496/465/1497 1508/478/1509 1509/479/1510
f 1498/467/1499 1497/466/1498 1509/479/1510 1510/480/1511
f 1499/468/1500 1498/467/1499 1510/480/1511 1511/481/1512
f 1500/457/1489 1499/468/1500 1511/481/1512 1512/470/1501
f 1501/469/1502 1512/470/1501 1524/483/1513 1513/482/1514
f 1502/471/1503 1501/472/1502 1513/485/1514 1514/484/1515
f 1503/473/1504 1502/471/1503 1514/484/1515 1515/486/1516
f 1504/474/1505 1503/473/1504 1515/486/1516 1516/487/1517
f 1505/475/1506 1504/474/1505 1516/487/1517 1517/488/1518
f 1506/476/1507 1505/475/1506 1517/488/1518 1518/489/1519
f 1507/477/1508 1506/476/1507 1518/489/1519 1519/490/1520
f 1508/478/1509 1507/477/1508 1519/490/1520 1520/491/1521
f 1509/479/1510 1508/478/1509 1520/491/1521 1521/492/1522
f 1510/480/1511 1509/479/1510 1521/492/1522 1522/493/1523
f 1511/481/1512 1510/480/1511 1522/493/1523 1523/494/1524
f 1512/470/1501 1511/481/1512 1523/494/1524 1524/483/1513
f 1513/482/1514 1524/483/1513 1536/496/1525 1525/495/1526
f 1514/484/1515 1513/485/1514 1525/498/1526 1526/497/1527
f 1515/486/1516 1514/484/1515 1526/497/1527 1527/499/1528
f 1516/487/1517 1515/486/1516 1527/499/1528 1528/500/1529
f 1517/488/1518 1516/487/1517 1528/500/1529 1529/501/1530
f 1518/489/1519 1517/488/1518 1529/501/1530 1530/502/1531
f 1519/490/1520 1518/489/1519 1530/502/1531 1531/503/1532
f 1520/491/1521 1519/490/1520 1531/503/1532 1532/504/1533
f 1521/492/1522 1520/491/1521 1532/504/1533 1533/505/1534
f 1522/493/1523 1521/492/1522 1533/505/1534 1534/506/1535
f 1523/494/1524 1522/493/1523 1534/506/1535 1535/507/1536
f 1524/483/1513 1523/494/1524 1535/507/1536 1536/496/1525
f 1525/495/1526 1536/496/1525 1548/509/1537 1537/508/1538
f 1526/497/1527 1525/498/1526 1537/511/1538 1538/510/1539
f 1527/499/1528 1526/497/1527 1538/510/1539 1539/512/1540
f 1528/500/1529 1527/499/1528 1539/512/1540 1540/513/1541
f 1529/501/1530 1528/500/1529 1540/513/1541 1541/514/1542
f 1530/502/1531 1529/501/1530 1541/514/1542 1542/515/1543
f 1531/503/1532 1530/502/1531 1542/515/1543 1543/516/1544
f 1532/504/1533 1531/503/1532 1543/516/1544 1544/517/1545
f 1533/505/1534 1532/504/1533 1544/517/1545 1545/518/1546
f 1534/506/1535 1533/505/1534 1545/518/1546 1546/519/1547
f 1535/507/1536 1534/506/1535 1546/519/1547 1547/520/1548
f 1536/496/1525 1535/507/1536 1547/520/1548 1548/509/1537
f 1537/508/1538 1548/509/1537 1560/522/1549 1549/521/1550
f 1538/510/1539 1537/511/1538 1549/524/1550 1550/523/1551
f 1539/512/1540 1538/510/1539 1550/523/1551 1551/525/1552
f 1540/513/1541 1539/512/1540 1551/525/1552 1552/526/1553
f 1541/514/1542 1540/513/1541 1552/526/1553 1553/527/1554
f 1542/515/1543 1541/514/1542 1553/527/1554 1554/528/1555
f 1543/516/1544 1542/515/1543 1554/528/1555 1555/529/1556
f 1544/517/1545 1543/516/1544 1555/529/1556 1556/530/1557
f 1545/518/1546 1544/517/1545 1556/530/1557 1557/531/1558
f 1546/519/1547 1545/518/1546 1557/531/1558 1558/532/1559
f 1547/520/1548 1546/519/1547 1558/532/1559 1559/533/1560
f 1548/509/1537 1547/520/1548 1559/533/1560 1560/522/1549
f 1549/521/1550 1560/522/1549 1572/535/1561 1561/534/1562
f 1550/523/1551 1549/524/1550 1561/537/1562 1562/536/1563
f 1551/525/1552 1550/523/1551 1562/536/1563 1563/538/1564
f 1552/526/1553 1551/525/1552 1563/538/1564 1564/539/1565
f 1553/527/1554 1552/526/1553 1564/539/1565 1565/540/1566
f 1554/528/1555 1553/527/1554 1565/540/1566 1566/541/1567
f 1555/529/1556 1554/528/1555 1566/541/1567 1567/542/1568
f 1556/530/1557 1555/529/1556 1567/542/1568 1568/543/1569
f 1557/531/1558 1556/530/1557 1568/543/1569 1569/544/1570
f 1558/532/1559 1557/531/1558 1569/544/1570 1570/545/1571
f 1559/533/1560 1558/532/1559 1570/545/1571 1571/546/1572
f 1560/522/1549 1559/533/1560 1571/546/1572 1572/535/1561
f 1561/534/1562 1572/535/1561 1584/548/1573 1573/547/1574
f 1562/536/1563 1561/537/1562 1573/550/1574 1574/549/1575
f 1563/538/1564 1562/536/1563 1574/549/1575 1575/551/1576
f 1564/539/1565 1563/538/1564 1575/551/1576 1576/552/1577
f 1565/540/1566 1564/539/1565 1576/552/1577 1577/553/1578
f 1566/541/1567 1565/540/1566 1577/553/1578 1578/554/1579
f 1567/542/1568 1566/541/1567 1578/554/1579 1579/555/1580
f 1568/543/1569 1567/542/1568 1579/555/1580 1580/556/1581
f 1569/544/1570 1568/543/1569 1580/556/1581 1581/557/1582
f 1570/545/1571 1569/544/1570 1581/557/1582 1582/558/1583
f 1571/546/1572 1570/545/1571 1582/558/1583 1583/559/1584
f 1572/535/1561 1571/546/1572 1583/559/1584 1584/548/1573
f 1573/547/1574 1584/548/1573 1596/561/1585 1585/560/1586
f 1574/549/1575 1573/550/1574 1585/563/1586 1586/562/1587
f 1575/551/1576 1574/549/1575 1586/562/1587 1587/564/1588
f 1576/552/1577 1575/551/1576 1587/564/1588 1588/565/1589
f 1577/553/1578 1576/552/1577 1588/565/1589 1589/566/1590
f 1578/554/1579 1577/553/1578 1589/566/1590 1590/567/1591
f 1579/555/1580 1578/554/1579 1590/567/1591 1591/568/1592
f 1580/556/1581 1579/555/1580 1591/568/1592 1592/569/1593
f 1581/557/1582 1580/556/1581 1592/569/1593 1593/570/1594
f 1582/558/1583 1581/557/1582 1593/570/1594 1594/571/1595
f 1583/559/1584 1582/558/1583 1594/571/1595 1595/572/1596
f 1584/548/1573 1583/559/1584 1595/572/1596 1596/561/1585
f 1585/560/1586 1596/561/1585 1608/574/1597 1597/573/1598
f 1586/562/1587 1585/563/1586 1597/576/1598 1598/575/1599
f 1587/564/1588 1586/562/1587 1598/575/1599 1599/577/1600
f 1588/565/1589 1587/564/1588 1599/577/1600 1600/578/1601
f 1589/566/1590 1588/565/1589 1600/578/1601 1601/579/1602
f 1590/567/1591 1589/566/1590 1601/579/1602 1602/580/1603
f 1591/568/1592 1590/567/1591 1602/580/1603 1603/581/1604
f 1592/569/1593 1591/568/1592 1603/581/1604 1604/582/1605
f 1593/570/1594 1592/569/1593 1604/582/1605 1605/583/1606
f 1594/571/1595 1593/570/1594 1605/583/1606 1606/584/1607
f 1595/572/1596 1594/571/1595 1606/584/1607 1607/585/1608
f 1596/561/1585 1595/572/1596 1607/585/1608 1608/574/1597
f 1597/573/1598 1608/574/1597 1620/587/1609 1609/586/1610
f 1598/575/1599 1597/576/1598 1609/589/1610 1610/588/1611
f 1599/577/1600 1598/575/1599 1610/588/1611 1611/590/1612
f 1600/578/1601 1599/577/1600 1611/590/1612 1612/591/1613
f 1601/579/1602 1600/578/1601 1612/591/1613 1613/592/1614
f 1602/580/1603 1601/579/1602 1613/592/1614 1614/593/1615
f 1603/581/1604 1602/580/1603 1614/593/1615 1615/594/1616
f 1604/582/1605 1603/581/1604 1615/594/1616 1616/595/1617
f 1605/583/1606 1604/582/1605 1616/595/1617 1617/596/1618
f 1606/584/1607 1605/583/1606 1617/596/1618 1618/597/1619
f 1607/585/1608 1606/584/1607 1618/597/1619 1619/598/1620
f 1608/574/1597 1607/585/1608 1619/598/1620 1620/587/1609
f 1609/586/1610 1620/587/1609 1632/600/1621 1621/599/1622
f 1610/588/1611 1609/589/1610 1621/602/1622 1622/601/1623
f 1611/590/1612 1610/588/1611 1622/601/1623 1623/603/1624
f 1612/591/1613 1611/590/1612 1623/603/1624 1624/604/1625
f 1613/592/1614 1612/591/1613 1624/604/1625 1625/605/1626
f 1614/593/1615 1613/592/1614 1625/605/1626 1626/606/1627
f 1615/594/1616 1614/593/1615 1626/606/1627 1627/607/1628
f 1616/595/1617 1615/594/1616 1627/607/1628 1628/608/1629
f 1617/596/1618 1616/595/1617 1628/608/1629 1629/609/1630
f 1618/597/1619 1617/596/1618 1629/609/1630 1630/610/1631
f 1619/598/1620 1618/597/1619 1630/610/1631 1631/611/1632
f 1620/587/1609 1619/598/1620 1631/611/1632 1632/600/1621
f 1621/599/1622 1632/600/1621 1644/613/1633 1633/612/1634
f 1622/601/1623 1621/602/1622 1633/615/1634 1634/614/1635
f 1623/603/1624 1622/601/1623 1634/614/1635 1635/616/1636
f 1624/604/1625 1623/603/1624 1635/616/1636 1636/617/1637
f 1625/605/1626 1624/604/1625 1636/617/1637 1637/618/1638
f 1626/606/1627 1625/605/1626 1637/618/1638 1638/619/1639
f 1627/607/1628 1626/606/1627 1638/619/1639 1639/620/1640
f 1628/608/1629 1627/607/1628 1639/620/1640 1640/621/1641
f 1629/609/1630 1628/608/1629 1640/621/1641 1641/622/1642
f 1630/610/1631 1629/609/1630 1641/622/1642 1642/623/1643
f 1631/611/1632 1630/610/1631 1642/623/1643 1643/624/1644
f 1632/600/1621 1631/611/1632 1643/624/1644 1644/613/1633
f 1633/612/1634 1644/613/1633 1656/626/1645 1645/625/1646
f 1634/614/1635 1633/615/1634 1645/628/1646 1646/627/1647
f 1635/616/1636 1634/614/1635 1646/627/1647 1647/629/1648
f 1636/617/1637 1635/616/1636 1647/629/1648 1648/630/1649
f 1637/618/1638 1636/617/1637 1648/630/1649 1649/631/1650
f 1638/619/1639 1637/618/1638 1649/631/1650 1650/632/1651
f 1639/620/1640 1638/619/1639 1650/632/1651 1651/633/1652
f 1640/621/1641 1639/620/1640 1651/633/1652 1652/634/1653
f 1641/622/1642 1640/621/1641 1652/634/1653 1653/635/1654
f 1642/623/1643 1641/622/1642 1653/635/1654 1654/636/1655
f 1643/624/1644 1642/623/1643 1654/636/1655 1655/637/1656
f 1644/613/1633 1643/624/1644 1655/637/1656 1656/626/1645
f 1645/625/1646 1656/626/1645 1668/639/1657 1657/638/1658
f 1646/627/1647 1645/628/1646 1657/641/1658 1658/640/1659
f 1647/629/1648 1646/627/1647 1658/640/1659 1659/642/1660
f 1648/630/1649 1647/629/1648 1659/642/1660 1660/643/1661
f 1649/631/1650 1648/630/1649 1660/643/1661 1661/644/1662
f 1650/632/1651 1649/631/1650 1661/644/1662 1662/645/1663
f 1651/633/1652 1650/632/1651 1662/645/1663 1663/646/1664
f 1652/634/1653 1651/633/1652 1663/646/1664 1664/647/1665
f 1653/635/1654 1652/634/1653 1664/647/1665 1665/648/1666
f 1654/636/1655 1653/635/1654 1665/648/1666 1666/649/1667
f 1655/637/1656 1654/636/1655 1666/649/1667 1667/650/1668
f 1656/626/1645 1655/637/1656 1667/650/1668 1668/639/1657
f 1669/326/1669 1680/329/1670 1692/353/1671 1681/352/1672
f 1670/330/1673 1669/333/1669 1681/355/1672 1682/354/1674
f 1671/334/1675 1670/330/1673 1682/354/1674 1683/356/1676
f 1672/336/1677 1671/334/1675 1683/356/1676 1684/357/1678
f 1673/338/1679 1672/336/1677 1684/357/1678 1685/358/1680
f 1674/340/1681 1673/338/1679 1685/358/1680 1686/359/1682
f 1675/342/1683 1674/340/1681 1686/359/1682 1687/360/1684
f 1676/344/1685 1675/342/1683 1687/360/1684 1688/361/1686
f 1677/346/1687 1676/344/1685 1688/361/1686 1689/362/1688
f 1678/348/1689 1677/346/1687 1689/362/1688 1690/363/1690
f 1679/350/1691 1678/348/1689 1690/363/1690 1691/364/1692
f 1680/329/1670 1679/350/1691 1691/364/1692 1692/353/1671
f 1681/352/1672 1692/353/1671 1704/379/1693 1693/378/1694
f 1682/354/1674 1681/355/1672 1693/381/1694 1694/380/1695
f 1683/356/1676 1682/354/1674 1694/380/1695 1695/382/1696
f 1684/357/1678 1683/356/1676 1695/382/1696 1696/383/1697
f 1685/358/1680 1684/357/1678 1696/383/1697 1697/384/1698
f 1686/359/1682 1685/358/1680 1697/384/1698 1698/385/1699
f 1687/360/1684 1686/359/1682 1698/385/1699 1699/386/1700
f 1688/361/1686 1687/360/1684 1699/386/1700 1700/387/1701
f 1689/362/1688 1688/361/1686 1700/387/1701 1701/388/1702
f 1690/363/1690 1689/362/1688 1701/388/1702 1702/389/1703
f 1691/364/1692 1690/363/1690 1702/389/1703 1703/390/1704
f 1692/353/1671 1691/364/1692 1703/390/1704 1704/379/1693
f 1693/378/1694 1704/379/1693 1716/405/1705 1705/404/1706
f 1694/380/1695 1693/381/1694 1705/407/1706 1706/406/1707
f 1695/382/1696 1694/380/1695 1706/406/1707 1707/408/1708
f 1696/383/1697 1695/382/1696 1707/408/1708 1708/409/1709
f 1697/384/1698 1696/383/1697 1708/409/1709 1709/410/1710
f 1698/385/1699 1697/384/1698 1709/410/1710 1710/411/1711
f 1699/386/1700 1698/385/1699 1710/411/1711 1711/412/1712
f 1700/387/1701 1699/386/1700 1711/412/1712 1712/413/1713
f 1701/388/1702 1700/387/1701 1712/413/1713 1713/414/1714
f 1702/389/1703 1701/388/1702 1713/414/1714 1714/415/1715
f 1703/390/1704 1702/389/1703 1714/415/1715 1715/416/1716
f 1704/379/1693 1703/390/1704 1715/416/1716 1716/405/1705
f 1705/404/1706 1716/405/1705 1728/431/1717 1717/430/1718
f 1706/406/1707 1705/407/1706 1717/433/1718 1718/432/1719
f 1707/408/1708 1706/406/1707 1718/432/1719 1719/434/1720
f 1708/409/1709 1707/408/1708 1719/434/1720 1720/435/1721
f 1709/410/1710 1708/409/1709 1720/435/1721 1721/436/1722
f 1710/411/1711 1709/410/1710 1721/436/1722 1722/437/1723
f 1711/412/1712 1710/411/1711 1722/437/1723 1723/438/1724
f 1712/413/1713 1711/412/1712 1723/438/1724 1724/439/1725
f 1713/414/1714 1712/413/1713 1724/439/1725 1725/440/1726
f 1714/415/1715 1713/414/1714 1725/440/1726 1726/441/1727
f 1715/416/1716 1714/415/1715 1726/441/1727 1727/442/1728
f 1716/405/1705 1715/416/1716 1727/442/1728 1728/431/1717
f 1717/430/1718 1728/431/1717 1740/457/1729 1729/456/1730
f 1718/432/1719 1717/433/1718 1729/459/1730 1730/458/1731
f 1719/434/1720 1718/432/1719 1730/458/1731 1731/460/1732
f 1720/435/1721 1719/434/1720 1731/460/1732 1732/461/1733
f 1721/436/1722 1720/435/1721 1732/461/1733 1733/462/1734
f 1722/437/1723 1721/436/1722 1733/462/1734 1734/463/1735
f 1723/438/1724 1722/437/1723 1734/463/1735 1735/464/1736
f 1724/439/1725 1723/438/1724 1735/464/1736 1736/465/1737
f 1725/440/1726 1724/439/1725 1736/465/1737 1737/466/1738
f 1726/441/1727 1725/440/1726 1737/466/1738 1738/467/1739
f 1727/442/1728 1726/441/1727 1738/467/1739 1739/468/1740
f 1728/431/1717 1727/442/1728 1739/468/1740 1740/457/1729
f 1729/456/1730 1740/457/1729 1752/483/1741 1741/482/1742
f 1730/458/1731 1729/459/1730 1741/485/1742 1742/484/1743
f 1731/460/1732 1730/458/1731 1742/484/1743 1743/486/1744
f 1732/461/1733 1731/460/1732 1743/486/1744 1744/487/1745
f 1733/462/1734 1732/461/1733 1744/487/1745 1745/488/1746
f 1734/463/1735 1733/462/1734 1745/488/1746 1746/489/1747
f 1735/464/1736 1734/463/1735 1746/489/1747 1747/490/1748
f 1736/465/1737 1735/464/1736 1747/490/1748 1748/491/1749
f 1737/466/1738 1736/465/1737 1748/491/1749 1749/492/1750
f 1738/467/1739 1737/466/1738 1749/492/1750 1750/493/1751
f 1739/468/1740 1738/467/1739 1750/493/1751 1751/494/1752
f 1740/457/1729 1739/468/1740 1751/494/1752 1752/483/1741
f 1741/482/1742 1752/483/1741 1764/509/1753 1753/508/1754
f 1742/484/1743 1741/485/1742 1753/511/1754 1754/510/1755
f 1743/486/1744 1742/484/1743 1754/510/1755 1755/512/1756
f 1744/487/1745 1743/486/1744 1755/512/1756 1756/513/1757
f 1745/488/1746 1744/487/1745 1756/513/1757 1757/514/1758
f 1746/489/1747 1745/488/1746 1757/514/1758 1758/515/1759
f 1747/490/1748 1746/489/1747 1758/515/1759 1759/516/1760
f 1748/491/1749 1747/490/1748 1759/516/1760 1760/517/1761
f 1749/492/1750 1748/491/1749 1760/517/1761 1761/518/1762
f 1750/493/1751 1749/492/1750 1761/518/1762 1762/519/1763
f 1751/494/1752 1750/493/1751 1762/519/1763 1763/520/1764
f 1752/483/1741 1751/494/1752 1763/520/1764 1764/509/1753
f 1753/508/1754 1764/509/1753 1776/535/1765 1765/534/1766
f 1754/510/1755 1753/511/1754 1765/537/1766 1766/536/1767
f 1755/512/1756 1754/510/1755 1766/536/1767 1767/538/1768
f 1756/513/1757 1755/512/1756 1767/538/1768 1768/539/1769
f 1757/514/1758 1756/513/1757 1768/539/1769 1769/540/1770
f 1758/515/1759 1757/514/1758 1769/540/1770 1770/541/1771
f 1759/516/1760 1758/515/1759 1770/541/1771 1771/542/1772
f 1760/517/1761 1759/516/1760 1771/542/1772 1772/543/1773
f 1761/518/1762 1760/517/1761 1772/543/1773 1773/544/1774
f 1762/519/1763 1761/518/1762 1773/544/1774 1774/545/1775
f 1763/520/1764 1762/519/1763 1774/545/1775 1775/546/1776
f 1764/509/1753 1763/520/1764 1775/546/1776 1776/535/1765
f 1765/534/1766 1776/535/1765 1788/561/1777 1777/560/1778
f 1766/536/1767 1765/537/1766 1777/563/1778 1778/562/1779
f 1767/538/1768 1766/536/1767 1778/562/1779 1779/564/1780
f 1768/539/1769 1767/538/1768 1779/564/1780 1780/565/1781
f 1769/540/1770 1768/539/1769 1780/565/1781 1781/566/1782
f 1770/541/1771 1769/540/1770 1781/566/1782 1782/567/1783
f 1771/542/1772 1770/541/1771 1782/567/1783 1783/568/1784
f 1772/543/1773 1771/542/1772 1783/568/1784 1784/569/1785
f 1773/544/1774 1772/543/1773 1784/569/1785 1785/570/1786
f 1774/545/1775 1773/544/1774 1785/570/1786 1786/571/1787
f 1775/546/1776 1774/545/1775 1786/571/1787 1787/572/1788
f 1776/535/1765 1775/546/1776 1787/572/1788 1788/561/1777
f 1777/560/1778 1788/561/1777 1800/587/1789 1789/586/1790
f 1778/562/1779 1777/563/1778 1789/589/1790 1790/588/1791
f 1779/564/1780 1778/562/1779 1790/588/1791 1791/590/1792
f 1780/565/1781 1779/564/1780 1791/590/1792 1792/591/1793
f 1781/566/1782 1780/565/1781 1792/591/1793 1793/592/1794
f 1782/567/1783 1781/566/1782 1793/592/1794 1794/593/1795
f 1783/568/1784 1782/567/1783 1794/593/1795 1795/594/1796
f 1784/569/1785 1783/568/1784 1795/594/1796 1796/595/1797
f 1785/570/1786 1784/569/1785 1796/595/1797 1797/596/1798
f 1786/571/1787 1785/570/1786 1797/596/1798 1798/597/1799
f 1787/572/1788 1786/571/1787 1798/597/1799 1799/598/1800
f 1788/561/1777 1787/572/1788 1799/598/1800 1800/587/1789
f 1789/586/1790 1800/587/1789 1812/613/1801 1801/612/1802
f 1790/588/1791 1789/589/1790 1801/615/1802 1802/614/1803
f 1791/590/1792 1790/588/1791 1802/614/1803 1803/616/1804
f 1792/591/1793 1791/590/1792 1803/616/1804 1804/617/1805
f 1793/592/1794 1792/591/1793 1804/617/1805 1805/618/1806
f 1794/593/1795 1793/592/1794 1805/618/1806 1806/619/1807
f 1795/594/1796 1794/593/1795 1806/619/1807 1807/620/1808
f 1796/595/1797 1795/594/1796 1807/620/1808 1808/621/1809
f 1797/596/1798 1796/595/1797 1808/621/1809 1809/622/1810
f 1798/597/1799 1797/596/1798 1809/622/1810 1810/623/1811
f 1799/598/1800 1798/597/1799 1810/623/1811 1811/624/1812
f 1800/587/1789 1799/598/1800 1811/624/1812 1812/613/1801
f 1801/612/1802 1812/613/1801 1824/639/1813 1813/638/1814
f 1802/614/1803 1801/615/1802 1813/641/1814 1814/640/1815
f 1803/616/1804 1802/614/1803 1814/640/1815 1815/642/1816
f 1804/617/1805 1803/616/1804 1815/642/1816 1816/643/1817
f 1805/618/1806 1804/617/1805 1816/643/1817 1817/644/1818
f 1806/619/1807 1805/618/1806 1817/644/1818 1818/645/1819
f 1807/620/1808 1806/619/1807 1818/645/1819 1819/646/1820
f 1808/621/1809 1807/620/1808 1819/646/1820 1820/647/1821
f 1809/622/1810 1808/621/1809 1820/647/1821 1821/648/1822
f 1810/623/1811 1809/622/1810 1821/648/1822 1822/649/1823
f 1811/624/1812 1810/623/1811 1822/649/1823 1823/650/1824
f 1812/613/1801 1811/624/1812 1823/650/1824 1824/639/1813
f 914/330/917 913/333/913 1369/333/1369 1370/330/1373
f 922/348/933 921/346/931 1377/346/1387 1378/348/1389
f 913/326/913 924/329/916 1380/329/1370 1369/326/1369
f 1202/640/1203 1203/642/1204 1659/642/1660 1658/640/1659
f 1210/649/1211 1211/650/1212 1667/650/1668 1666/649/1667
f 1219/342/1227 1218/340/1225 1674/340/1681 1675/342/1683
f 1362/645/1363 1363/646/1364 1819/646/1820 1818/645/1819
f 915/334/919 914/330/917 1370/330/1373 1371/334/1375
f 923/350/935 922/348/933 1378/348/1389 1379/350/1391
f 1201/641/1201 1202/640/1203 1658/640/1659 1657/641/1658
f 1209/648/1210 1210/649/1211 1666/649/1667 1665/648/1666
f 1212/639/1202 1201/638/1201 1657/638/1658 1668/639/1657
f 1218/340/1225 1217/338/1223 1673/338/1679 1674/340/1681
f 1361/644/1362 1362/645/1363 1818/645/1819 1817/644/1818
f 916/336/921 915/334/919 1371/334/1375 1372/336/1377
f 924/329/916 923/350/935 1379/350/1391 1380/329/1370
f 1204/643/1205 1205/644/1206 1661/644/1662 1660/643/1661
f 1221/346/1231 1220/344/1229 1676/344/1685 1677/346/1687
f 1364/647/1365 1365/648/1366 1821/648/1822 1820/647/1821
f 917/338/923 916/336/921 1372/336/1377 1373/338/1379
f 1203/642/1204 1204/643/1205 1660/643/1661 1659/642/1660
f 1211/650/1212 1212/639/1202 1668/639/1657 1667/650/1668
f 1220/344/1229 1219/342/1227 1675/342/1683 1676/344/1685
f 1363/646/1364 1364/647/1365 1820/647/1821 1819/646/1820
f 918/340/925 917/338/923 1373/338/1379 1374/340/1381
f 1206/645/1207 1207/646/1208 1663/646/1664 1662/645/1663
f 1215/334/1219 1214/330/1217 1670/330/1673 1671/334/1675
f 1223/350/1235 1222/348/1233 1678/348/1689 1679/350/1691
f 1358/640/1359 1359/642/1360 1815/642/1816 1814/640/1815
f 1366/649/1367 1367/650/1368 1823/650/1824 1822/649/1823
f 919/342/927 918/340/925 1374/340/1381 1375/342/1383
f 1205/644/1206 1206/645/1207 1662/645/1663 1661/644/1662
f 1214/330/1217 1213/333/1213 1669/333/1669 1670/330/1673
f 1222/348/1233 1221/346/1231 1677/346/1687 1678/348/1689
f 1213/326/1213 1224/329/1216 1680/329/1670 1669/326/1669
f 1357/641/1357 1358/640/1359 1814/640/1815 1813/641/1814
f 1365/648/1366 1366/649/1367 1822/649/1823 1821/648/1822
f 1368/639/1358 1357/638/1357 1813/638/1814 1824/639/1813
f 920/344/929 919/342/927 1375/342/1383 1376/344/1385
f 1208/647/1209 1209/648/1210 1665/648/1666 1664/647/1665
f 1217/338/1223 1216/336/1221 1672/336/1677 1673/338/1679
f 1360/643/1361 1361/644/1362 1817/644/1818 1816/643/1817
f 921/346/931 920/344/929 1376/344/1385 1377/346/1387
f 1207/646/1208 1208/647/1209 1664/647/1665 1663/646/1664
f 1216/336/1221 1215/334/1219 1671/334/1675 1672/336/1677
f 1224/329/1216 1223/350/1235 1679/350/1691 1680/329/1670
f 1359/642/1360 1360/643/1361 1816/643/1817 1815/642/1816
f 1367/650/1368 1368/639/1358 1824/639/1813 1823/650/1824
o BezierCurve.002
v 0.435180 -0.236522 -0.033291
v 0.438292 -0.236522 -0.030180
v 0.442542 -0.236522 -0.029041
v 0.446792 -0.236522 -0.030180
v 0.449903 -0.236522 -0.033291
v 0.451042 -0.236522 -0.037541
v 0.449903 -0.236522 -0.041791
v 0.446792 -0.236522 -0.044902
v 0.442542 -0.236522 -0.046041
v 0.438292 -0.236522 -0.044902
v 0.435180 -0.236522 -0.041791
v 0.434042 -0.236522 -0.037541
v 0.435278 -0.210378 -0.033139
v 0.438336 -0.210418 -0.030082
v 0.442513 -0.210418 -0.028963
v 0.446690 -0.210378 -0.030081
v 0.449748 -0.210309 -0.033139
v 0.450867 -0.210229 -0.037315
v 0.449747 -0.210160 -0.041491
v 0.446689 -0.210120 -0.044549
v 0.442512 -0.210120 -0.045668
v 0.438335 -0.210160 -0.044549
v 0.435278 -0.210229 -0.041492
v 0.434158 -0.210309 -0.037316
v 0.435202 -0.186474 -0.032566
v 0.438207 -0.186535 -0.029562
v 0.442311 -0.186507 -0.028462
v 0.446414 -0.186397 -0.029559
v 0.449417 -0.186235 -0.032561
v 0.450516 -0.186064 -0.036661
v 0.449415 -0.185931 -0.040763
v 0.446410 -0.185870 -0.043767
v 0.442307 -0.185898 -0.044867
v 0.438203 -0.186008 -0.043770
v 0.435200 -0.186170 -0.040769
v 0.434101 -0.186340 -0.036668
v 0.434782 -0.164737 -0.031613
v 0.437733 -0.164792 -0.028662
v 0.441762 -0.164696 -0.027578
v 0.445789 -0.164474 -0.028651
v 0.448736 -0.164186 -0.031592
v 0.449812 -0.163910 -0.035615
v 0.448729 -0.163718 -0.039641
v 0.445778 -0.163663 -0.042592
v 0.441748 -0.163759 -0.043676
v 0.437721 -0.163980 -0.042603
v 0.434775 -0.164268 -0.039662
v 0.433699 -0.164545 -0.035639
v 0.433850 -0.145087 -0.030324
v 0.436746 -0.145104 -0.027424
v 0.440695 -0.144891 -0.026351
v 0.444640 -0.144506 -0.027392
v 0.447523 -0.144052 -0.030269
v 0.448572 -0.143651 -0.034210
v 0.447505 -0.143410 -0.038160
v 0.444610 -0.143394 -0.041059
v 0.440660 -0.143607 -0.042132
v 0.436716 -0.143992 -0.041091
v 0.433833 -0.144445 -0.038214
v 0.432784 -0.144846 -0.034273
v 0.432246 -0.127447 -0.028744
v 0.435080 -0.127383 -0.025890
v 0.438938 -0.126995 -0.024820
v 0.442786 -0.126386 -0.025820
v 0.445593 -0.125719 -0.028623
v 0.446607 -0.125174 -0.032477
v 0.445556 -0.124896 -0.036350
v 0.442722 -0.124959 -0.039204
v 0.438864 -0.125348 -0.040274
v 0.435016 -0.125957 -0.039273
v 0.432209 -0.126623 -0.036471
v 0.431195 -0.127169 -0.032616
v 0.429819 -0.111734 -0.026920
v 0.432578 -0.111543 -0.024104
v 0.436321 -0.110911 -0.023024
v 0.440045 -0.110008 -0.023969
v 0.442753 -0.109076 -0.026685
v 0.443718 -0.108365 -0.030446
v 0.442683 -0.108065 -0.034243
v 0.439924 -0.108257 -0.037058
v 0.436180 -0.108889 -0.038139
v 0.432456 -0.109792 -0.037194
v 0.429748 -0.110724 -0.034478
v 0.428783 -0.111435 -0.030717
v 0.426430 -0.097857 -0.024901
v 0.429088 -0.097484 -0.022112
v 0.432675 -0.096537 -0.021002
v 0.436228 -0.095269 -0.021871
v 0.438796 -0.094020 -0.024485
v 0.439691 -0.093125 -0.028143
v 0.438674 -0.092823 -0.031867
v 0.436015 -0.093195 -0.034656
v 0.432429 -0.094142 -0.035766
v 0.428876 -0.095410 -0.034897
v 0.426307 -0.096659 -0.032283
v 0.425412 -0.097555 -0.028625
v 0.421949 -0.085692 -0.022732
v 0.424464 -0.085091 -0.019953
v 0.427827 -0.083767 -0.018792
v 0.431137 -0.082075 -0.019561
v 0.433508 -0.080470 -0.022053
v 0.434303 -0.079380 -0.025602
v 0.433311 -0.079099 -0.029255
v 0.430796 -0.079700 -0.032034
v 0.427433 -0.081024 -0.033195
v 0.424123 -0.082716 -0.032426
v 0.421752 -0.084321 -0.029933
v 0.420956 -0.085411 -0.026385
v 0.416232 -0.075079 -0.020446
v 0.418545 -0.074218 -0.017662
v 0.421599 -0.072488 -0.016428
v 0.424575 -0.070352 -0.017075
v 0.426677 -0.068382 -0.019430
v 0.427340 -0.067106 -0.022861
v 0.426388 -0.066866 -0.026450
v 0.424075 -0.067726 -0.029234
v 0.421021 -0.069457 -0.030468
v 0.418044 -0.071593 -0.029821
v 0.415943 -0.073563 -0.027466
v 0.415279 -0.074839 -0.024034
v 0.409092 -0.065819 -0.018063
v 0.411143 -0.064704 -0.015263
v 0.413804 -0.062591 -0.013944
v 0.416360 -0.060044 -0.014458
v 0.418128 -0.057747 -0.016667
v 0.418634 -0.056315 -0.019981
v 0.417742 -0.056131 -0.023510
v 0.415691 -0.057246 -0.026310
v 0.413030 -0.059359 -0.027629
v 0.410474 -0.061906 -0.027115
v 0.408706 -0.064203 -0.024906
v 0.408200 -0.065635 -0.021592
v 0.400286 -0.057724 -0.015591
v 0.402033 -0.056397 -0.012775
v 0.404247 -0.053974 -0.011373
v 0.406335 -0.051104 -0.011758
v 0.407738 -0.048558 -0.013830
v 0.408079 -0.047016 -0.017031
v 0.407267 -0.046893 -0.020505
v 0.405520 -0.048220 -0.023320
v 0.403306 -0.050643 -0.024723
v 0.401218 -0.053513 -0.024337
v 0.399816 -0.056059 -0.022266
v 0.399474 -0.057601 -0.019065
v 0.389538 -0.050661 -0.013043
v 0.390972 -0.049182 -0.010221
v 0.392739 -0.046550 -0.008752
v 0.394365 -0.043470 -0.009029
v 0.395415 -0.040767 -0.010979
v 0.395607 -0.039166 -0.014079
v 0.394890 -0.039095 -0.017498
v 0.393456 -0.040574 -0.020320
v 0.391689 -0.043206 -0.021789
v 0.390063 -0.046286 -0.021512
v 0.389013 -0.048989 -0.019562
v 0.388821 -0.050590 -0.016462
v 0.376592 -0.044553 -0.010447
v 0.377736 -0.042984 -0.007633
v 0.379099 -0.040238 -0.006122
v 0.380316 -0.037049 -0.006317
v 0.381061 -0.034273 -0.008167
v 0.381135 -0.032653 -0.011177
v 0.380517 -0.032623 -0.014539
v 0.379374 -0.034192 -0.017353
v 0.378010 -0.036938 -0.018865
v 0.376793 -0.040127 -0.018669
v 0.376048 -0.042903 -0.016819
v 0.375974 -0.044523 -0.013810
v 0.361237 -0.039356 -0.007846
v 0.362131 -0.037747 -0.005055
v 0.363156 -0.034957 -0.003524
v 0.364039 -0.031736 -0.003662
v 0.364542 -0.028945 -0.005432
v 0.364531 -0.027333 -0.008361
v 0.364009 -0.027332 -0.011663
v 0.363116 -0.028941 -0.014454
v 0.362091 -0.031730 -0.015985
v 0.361208 -0.034952 -0.015847
v 0.360705 -0.037742 -0.014077
v 0.360716 -0.039355 -0.011148
v 0.343300 -0.035025 -0.005287
v 0.343988 -0.033407 -0.002532
v 0.344744 -0.030622 -0.001000
v 0.345367 -0.027416 -0.001100
v 0.345689 -0.024648 -0.002806
v 0.345625 -0.023059 -0.005660
v 0.345191 -0.023076 -0.008899
v 0.344504 -0.024693 -0.011654
v 0.343748 -0.027478 -0.013186
v 0.343125 -0.030685 -0.013086
v 0.342802 -0.033453 -0.011380
v 0.342867 -0.035041 -0.008526
v 0.322626 -0.031499 -0.002820
v 0.323147 -0.029894 -0.000111
v 0.323696 -0.027141 0.001409
v 0.324124 -0.023979 0.001334
v 0.324317 -0.021254 -0.000318
v 0.324223 -0.019697 -0.003103
v 0.323868 -0.019725 -0.006275
v 0.323346 -0.021330 -0.008984
v 0.322798 -0.024083 -0.010505
v 0.322370 -0.027245 -0.010429
v 0.322177 -0.029970 -0.008777
v 0.322270 -0.031527 -0.005992
v 0.299062 -0.028708 -0.000492
v 0.299453 -0.027127 0.002165
v 0.299844 -0.024422 0.003664
v 0.300129 -0.021319 0.003603
v 0.300233 -0.018649 0.001999
v 0.300128 -0.017127 -0.000718
v 0.299842 -0.017162 -0.003822
v 0.299451 -0.018743 -0.006479
v 0.299060 -0.021447 -0.007978
v 0.298775 -0.024550 -0.007917
v 0.298671 -0.027220 -0.006313
v 0.298776 -0.028742 -0.003596
v 0.272457 -0.026567 0.001652
v 0.272745 -0.025017 0.004253
v 0.273017 -0.022370 0.005725
v 0.273200 -0.019335 0.005673
v 0.273246 -0.016725 0.004113
v 0.273142 -0.015240 0.001461
v 0.272915 -0.015278 -0.001571
v 0.272628 -0.016828 -0.004172
v 0.272356 -0.019475 -0.005644
v 0.272172 -0.022510 -0.005593
v 0.272126 -0.025120 -0.004032
v 0.272231 -0.026605 -0.001380
v 0.242654 -0.024991 0.003571
v 0.242860 -0.023475 0.006112
v 0.243044 -0.020890 0.007553
v 0.243156 -0.017927 0.007507
v 0.243166 -0.015380 0.005987
v 0.243071 -0.013932 0.003401
v 0.242897 -0.013971 0.000441
v 0.242690 -0.015486 -0.002100
v 0.242506 -0.018072 -0.003541
v 0.242394 -0.021035 -0.003495
v 0.242384 -0.023582 -0.001976
v 0.242479 -0.025030 0.000611
v 0.209490 -0.023886 0.005223
v 0.209634 -0.022407 0.007702
v 0.209753 -0.019886 0.009109
v 0.209816 -0.016997 0.009067
v 0.209806 -0.014514 0.007587
v 0.209726 -0.013103 0.005066
v 0.209597 -0.013143 0.002179
v 0.209454 -0.014621 -0.000300
v 0.209335 -0.017143 -0.001708
v 0.209272 -0.020032 -0.001666
v 0.209281 -0.022514 -0.000186
v 0.209361 -0.023925 0.002336
v 0.172803 -0.023160 0.006567
v 0.172897 -0.021719 0.008983
v 0.172969 -0.019263 0.010355
v 0.173001 -0.016449 0.010315
v 0.172983 -0.014031 0.008874
v 0.172922 -0.012657 0.006418
v 0.172832 -0.012696 0.003605
v 0.172738 -0.014137 0.001189
v 0.172666 -0.016593 -0.000183
v 0.172634 -0.019407 -0.000143
v 0.172652 -0.021825 0.001298
v 0.172714 -0.023199 0.003754
v 0.132425 -0.022719 0.007564
v 0.132480 -0.021317 0.009916
v 0.132519 -0.018926 0.011253
v 0.132532 -0.016187 0.011214
v 0.132515 -0.013834 0.009812
v 0.132473 -0.012497 0.007421
v 0.132418 -0.012535 0.004683
v 0.132363 -0.013938 0.002331
v 0.132324 -0.016328 0.000995
v 0.132312 -0.019067 0.001033
v 0.132328 -0.021420 0.002435
v 0.132370 -0.022757 0.004826
v 0.088188 -0.022468 0.008175
v 0.088212 -0.021104 0.010463
v 0.088228 -0.018779 0.011763
v 0.088231 -0.016115 0.011726
v 0.088221 -0.013827 0.010362
v 0.088200 -0.012528 0.008037
v 0.088175 -0.012565 0.005374
v 0.088150 -0.013928 0.003086
v 0.088135 -0.016254 0.001786
v 0.088131 -0.018917 0.001823
v 0.088141 -0.021205 0.003187
v 0.088162 -0.022505 0.005512
v 0.039921 -0.022311 0.008361
v 0.039921 -0.020986 0.010584
v 0.039921 -0.018727 0.011847
v 0.039921 -0.016139 0.011811
v 0.039921 -0.013916 0.010486
v 0.039921 -0.012653 0.008227
v 0.039921 -0.012689 0.005639
v 0.039921 -0.014014 0.003416
v 0.039921 -0.016273 0.002153
v 0.039921 -0.018861 0.002189
v 0.039921 -0.021085 0.003514
v 0.039921 -0.022347 0.005773
v 0.236815 -0.017500 0.004550
v 0.238682 -0.017500 0.006417
v 0.241232 -0.017500 0.007100
v 0.243782 -0.017500 0.006417
v 0.245648 -0.017500 0.004550
v 0.246332 -0.017500 0.002000
v 0.245648 -0.017500 -0.000550
v 0.243782 -0.017500 -0.002417
v 0.241232 -0.017500 -0.003100
v 0.238682 -0.017500 -0.002417
v 0.236815 -0.017500 -0.000550
v 0.236132 -0.017500 0.002000
v 0.236208 -0.014519 0.004611
v 0.237941 -0.013865 0.006487
v 0.240294 -0.012906 0.007187
v 0.242637 -0.011899 0.006523
v 0.244343 -0.011113 0.004674
v 0.244954 -0.010759 0.002135
v 0.244307 -0.010933 -0.000414
v 0.242574 -0.011586 -0.002290
v 0.240221 -0.012545 -0.002990
v 0.237878 -0.013553 -0.002326
v 0.236172 -0.014338 -0.000477
v 0.235561 -0.014692 0.002062
v 0.233991 -0.011274 0.004807
v 0.235398 -0.010119 0.006707
v 0.237283 -0.008438 0.007445
v 0.239140 -0.006681 0.006823
v 0.240472 -0.005318 0.005008
v 0.240922 -0.004715 0.002487
v 0.240369 -0.005034 -0.000066
v 0.238962 -0.006189 -0.001966
v 0.237077 -0.007870 -0.002704
v 0.235220 -0.009627 -0.002082
v 0.233888 -0.010990 -0.000268
v 0.233438 -0.011593 0.002254
v 0.229455 -0.007675 0.005148
v 0.230516 -0.006233 0.007071
v 0.231913 -0.004147 0.007844
v 0.233270 -0.001974 0.007261
v 0.234223 -0.000298 0.005477
v 0.234519 0.000433 0.002971
v 0.234076 0.000023 0.000414
v 0.233015 -0.001418 -0.001508
v 0.231619 -0.003505 -0.002281
v 0.230262 -0.005677 -0.001698
v 0.229308 -0.007354 0.000085
v 0.229013 -0.008085 0.002591
v 0.222143 -0.003977 0.005616
v 0.222928 -0.002393 0.007553
v 0.223942 -0.000109 0.008350
v 0.224913 0.002263 0.007792
v 0.225581 0.004087 0.006030
v 0.225767 0.004874 0.003535
v 0.225420 0.004414 0.000976
v 0.224635 0.002830 -0.000961
v 0.223621 0.000546 -0.001757
v 0.222650 -0.001825 -0.001200
v 0.221982 -0.003649 0.000563
v 0.221797 -0.004437 0.003058
v 0.211831 -0.000419 0.006171
v 0.212412 0.001235 0.008116
v 0.213149 0.003614 0.008926
v 0.213845 0.006079 0.008384
v 0.214313 0.007971 0.006636
v 0.214428 0.008782 0.004149
v 0.214158 0.008296 0.001590
v 0.213578 0.006642 -0.000355
v 0.212841 0.004263 -0.001165
v 0.212145 0.001798 -0.000623
v 0.211677 -0.000094 0.001126
v 0.211562 -0.000905 0.003613
v 0.198344 0.002860 0.006772
v 0.198773 0.004549 0.008720
v 0.199309 0.006974 0.009538
v 0.199808 0.009484 0.009006
v 0.200137 0.011407 0.007266
v 0.200207 0.012228 0.004785
v 0.199999 0.011727 0.002228
v 0.199570 0.010038 0.000280
v 0.199034 0.007614 -0.000538
v 0.198535 0.005104 -0.000006
v 0.198207 0.003181 0.001734
v 0.198137 0.002359 0.004215
v 0.181495 0.005775 0.007378
v 0.181809 0.007481 0.009328
v 0.182195 0.009928 0.010150
v 0.182551 0.012459 0.009623
v 0.182779 0.014397 0.007890
v 0.182821 0.015222 0.005415
v 0.182664 0.014713 0.002860
v 0.182350 0.013007 0.000910
v 0.181963 0.010560 0.000089
v 0.181608 0.008028 0.000615
v 0.181379 0.006091 0.002348
v 0.181338 0.005266 0.004824
v 0.161082 0.008264 0.007954
v 0.161306 0.009979 0.009903
v 0.161577 0.012436 0.010726
v 0.161824 0.014976 0.010204
v 0.161980 0.016920 0.008476
v 0.162003 0.017746 0.006005
v 0.161888 0.017232 0.003453
v 0.161664 0.015518 0.001505
v 0.161393 0.013061 0.000681
v 0.161146 0.010520 0.001203
v 0.160990 0.008577 0.002931
v 0.160967 0.007751 0.005402
v 0.136891 0.010278 0.008462
v 0.137042 0.011996 0.010410
v 0.137224 0.014456 0.011234
v 0.137387 0.017000 0.010714
v 0.137488 0.018945 0.008990
v 0.137500 0.019770 0.006523
v 0.137419 0.019255 0.003975
v 0.137268 0.017537 0.002028
v 0.137087 0.015076 0.001204
v 0.136923 0.012533 0.001723
v 0.136822 0.010588 0.003447
v 0.136810 0.009763 0.005914
v 0.108700 0.011771 0.008868
v 0.108792 0.013490 0.010813
v 0.108901 0.015950 0.011637
v 0.108999 0.018493 0.011119
v 0.109058 0.020437 0.009398
v 0.109063 0.021261 0.006936
v 0.109013 0.020745 0.004391
v 0.108921 0.019027 0.002446
v 0.108812 0.016566 0.001623
v 0.108715 0.014023 0.002140
v 0.108655 0.012079 0.003861
v 0.108650 0.011255 0.006323
v 0.076286 0.012701 0.009136
v 0.076328 0.014418 0.011077
v 0.076378 0.016876 0.011900
v 0.076422 0.019416 0.011384
v 0.076449 0.021358 0.009666
v 0.076451 0.022181 0.007208
v 0.076427 0.021665 0.004668
v 0.076385 0.019948 0.002726
v 0.076335 0.017490 0.001903
v 0.076290 0.014950 0.002419
v 0.076264 0.013008 0.004137
v 0.076262 0.012185 0.006595
v 0.039421 0.013025 0.009230
v 0.039421 0.014739 0.011169
v 0.039421 0.017194 0.011991
v 0.039421 0.019730 0.011475
v 0.039421 0.021669 0.009761
v 0.039421 0.022491 0.007306
v 0.039421 0.021975 0.004770
v 0.039421 0.020261 0.002831
v 0.039421 0.017806 0.002009
v 0.039421 0.015270 0.002525
v 0.039421 0.013331 0.004239
v 0.039421 0.012509 0.006694
v 0.436480 -0.236522 -0.034039
v 0.439042 -0.236518 -0.031478
v 0.442541 -0.236517 -0.030541
v 0.446041 -0.236520 -0.031478
v 0.448603 -0.236525 -0.034039
v 0.449542 -0.236532 -0.037539
v 0.448605 -0.236538 -0.041040
v 0.446042 -0.236542 -0.043603
v 0.442541 -0.236543 -0.044541
v 0.439041 -0.236540 -0.043603
v 0.436478 -0.236535 -0.041039
v 0.435542 -0.236528 -0.037539
v 0.436578 -0.210367 -0.033888
v 0.439086 -0.210400 -0.031381
v 0.442512 -0.210400 -0.030462
v 0.445938 -0.210367 -0.031379
v 0.448447 -0.210310 -0.033887
v 0.449367 -0.210245 -0.037313
v 0.448449 -0.210188 -0.040741
v 0.445940 -0.210155 -0.043250
v 0.442511 -0.210155 -0.044169
v 0.439084 -0.210188 -0.043250
v 0.436575 -0.210245 -0.040740
v 0.435658 -0.210310 -0.037314
v 0.436501 -0.186434 -0.033314
v 0.438956 -0.186484 -0.030861
v 0.442308 -0.186461 -0.029961
v 0.445661 -0.186371 -0.030857
v 0.448117 -0.186239 -0.033308
v 0.449016 -0.186099 -0.036660
v 0.448117 -0.185990 -0.040014
v 0.445661 -0.185940 -0.042470
v 0.442305 -0.185963 -0.043369
v 0.438951 -0.186053 -0.042470
v 0.436498 -0.186185 -0.040016
v 0.435601 -0.186325 -0.036665
v 0.436080 -0.164653 -0.032360
v 0.438480 -0.164698 -0.029960
v 0.441758 -0.164620 -0.029076
v 0.445035 -0.164439 -0.029947
v 0.447435 -0.164205 -0.032340
v 0.448313 -0.163979 -0.035615
v 0.447432 -0.163823 -0.038895
v 0.445028 -0.163778 -0.041297
v 0.441747 -0.163856 -0.042179
v 0.438468 -0.164037 -0.041304
v 0.436072 -0.164272 -0.038908
v 0.435198 -0.164497 -0.035634
v 0.435144 -0.144940 -0.031067
v 0.437489 -0.144953 -0.028718
v 0.440687 -0.144781 -0.027847
v 0.443884 -0.144469 -0.028688
v 0.446224 -0.144101 -0.031018
v 0.447077 -0.143776 -0.034214
v 0.446213 -0.143580 -0.037418
v 0.443863 -0.143567 -0.039770
v 0.440659 -0.143740 -0.040638
v 0.437462 -0.144052 -0.039791
v 0.435128 -0.144420 -0.037458
v 0.434280 -0.144745 -0.034265
v 0.433531 -0.127214 -0.029480
v 0.435815 -0.127162 -0.027179
v 0.438925 -0.126849 -0.026313
v 0.442031 -0.126358 -0.027116
v 0.444300 -0.125820 -0.029376
v 0.445121 -0.125379 -0.032489
v 0.444273 -0.125154 -0.035618
v 0.441982 -0.125206 -0.037923
v 0.438865 -0.125520 -0.038784
v 0.435760 -0.126012 -0.037972
v 0.433499 -0.126550 -0.035709
v 0.432684 -0.126990 -0.032601
v 0.431086 -0.111388 -0.027644
v 0.433297 -0.111234 -0.025384
v 0.436300 -0.110728 -0.024513
v 0.439293 -0.110003 -0.025266
v 0.441473 -0.109253 -0.027446
v 0.442252 -0.108681 -0.030471
v 0.441419 -0.108439 -0.033526
v 0.439198 -0.108594 -0.035790
v 0.436187 -0.109103 -0.036654
v 0.433196 -0.109829 -0.035890
v 0.431026 -0.110577 -0.033706
v 0.430255 -0.111148 -0.030689
v 0.427661 -0.097367 -0.025606
v 0.429779 -0.097071 -0.023377
v 0.432641 -0.096315 -0.022485
v 0.435484 -0.095302 -0.023173
v 0.437544 -0.094301 -0.025261
v 0.438264 -0.093583 -0.028190
v 0.437448 -0.093341 -0.031174
v 0.435317 -0.093641 -0.033406
v 0.432445 -0.094400 -0.034288
v 0.429606 -0.095415 -0.033587
v 0.427560 -0.096413 -0.031495
v 0.426849 -0.097127 -0.028575
v 0.423116 -0.085034 -0.023407
v 0.425108 -0.084558 -0.021198
v 0.427778 -0.083508 -0.020269
v 0.430413 -0.082162 -0.020872
v 0.432307 -0.080882 -0.022853
v 0.432945 -0.080011 -0.025681
v 0.432153 -0.079787 -0.028595
v 0.430145 -0.080269 -0.030808
v 0.427464 -0.081326 -0.031726
v 0.424834 -0.082672 -0.031106
v 0.422956 -0.083947 -0.029121
v 0.422329 -0.084811 -0.026305
v 0.417298 -0.074237 -0.021082
v 0.419120 -0.073561 -0.018881
v 0.421531 -0.072196 -0.017898
v 0.423890 -0.070505 -0.018401
v 0.425561 -0.068941 -0.020262
v 0.426090 -0.067926 -0.022984
v 0.425333 -0.067736 -0.025832
v 0.423495 -0.068422 -0.028038
v 0.421074 -0.069797 -0.029008
v 0.418722 -0.071488 -0.028486
v 0.417067 -0.073043 -0.026621
v 0.416548 -0.074048 -0.023912
v 0.410022 -0.064801 -0.018654
v 0.411628 -0.063930 -0.016453
v 0.413717 -0.062272 -0.015407
v 0.415733 -0.060267 -0.015802
v 0.417131 -0.058452 -0.017538
v 0.417533 -0.057319 -0.020153
v 0.416827 -0.057175 -0.022940
v 0.415206 -0.058058 -0.025146
v 0.413108 -0.059729 -0.026178
v 0.411100 -0.061733 -0.025764
v 0.409717 -0.063535 -0.024022
v 0.409324 -0.064656 -0.021422
v 0.401055 -0.056558 -0.016136
v 0.402416 -0.055526 -0.013935
v 0.404145 -0.053636 -0.012831
v 0.405782 -0.051389 -0.013123
v 0.406885 -0.049389 -0.014742
v 0.407154 -0.048176 -0.017253
v 0.406516 -0.048081 -0.019981
v 0.405144 -0.049127 -0.022186
v 0.403409 -0.051030 -0.023277
v 0.401778 -0.053275 -0.022966
v 0.400687 -0.055261 -0.021343
v 0.400424 -0.056460 -0.018845
v 0.390143 -0.049385 -0.013548
v 0.391254 -0.048241 -0.011355
v 0.392627 -0.046200 -0.010206
v 0.393894 -0.043802 -0.010414
v 0.394714 -0.041693 -0.011928
v 0.394865 -0.040442 -0.014345
v 0.394305 -0.040388 -0.017012
v 0.393186 -0.041546 -0.019210
v 0.391810 -0.043599 -0.020347
v 0.390548 -0.045994 -0.020123
v 0.389736 -0.048089 -0.018604
v 0.389588 -0.049328 -0.016199
v 0.377049 -0.043205 -0.010921
v 0.377930 -0.041999 -0.008747
v 0.378982 -0.039881 -0.007574
v 0.379924 -0.037415 -0.007718
v 0.380503 -0.035263 -0.009147
v 0.380560 -0.034006 -0.011477
v 0.380081 -0.033984 -0.014083
v 0.379195 -0.035203 -0.016259
v 0.378141 -0.037330 -0.017423
v 0.377202 -0.039794 -0.017265
v 0.376629 -0.041933 -0.015833
v 0.376573 -0.043180 -0.013513
v 0.361570 -0.037964 -0.008297
v 0.362254 -0.036734 -0.006155
v 0.363041 -0.034596 -0.004975
v 0.363719 -0.032121 -0.005076
v 0.364107 -0.029974 -0.006434
v 0.364099 -0.028732 -0.008686
v 0.363697 -0.028732 -0.011227
v 0.363010 -0.029973 -0.013371
v 0.362223 -0.032119 -0.014542
v 0.361547 -0.034591 -0.014431
v 0.361162 -0.036728 -0.013071
v 0.361170 -0.037962 -0.010826
v 0.343535 -0.033608 -0.005722
v 0.344058 -0.032379 -0.003623
v 0.344634 -0.030259 -0.002451
v 0.345110 -0.027813 -0.002523
v 0.345356 -0.025698 -0.003823
v 0.345307 -0.024485 -0.006003
v 0.344976 -0.024499 -0.008476
v 0.344451 -0.025736 -0.010577
v 0.343875 -0.027862 -0.011742
v 0.343401 -0.030305 -0.011662
v 0.343156 -0.032411 -0.010360
v 0.343205 -0.033620 -0.008187
v 0.322786 -0.030070 -0.003245
v 0.323180 -0.028858 -0.001195
v 0.323595 -0.026777 -0.000042
v 0.323919 -0.024383 -0.000096
v 0.324066 -0.022317 -0.001346
v 0.323995 -0.021137 -0.003456
v 0.323726 -0.021159 -0.005860
v 0.323330 -0.022378 -0.007910
v 0.322915 -0.024463 -0.009058
v 0.322592 -0.026854 -0.008998
v 0.322447 -0.028913 -0.007748
v 0.322517 -0.030090 -0.005643
v 0.299168 -0.027271 -0.000911
v 0.299461 -0.026086 0.001084
v 0.299754 -0.024057 0.002212
v 0.299969 -0.021726 0.002169
v 0.300047 -0.019719 0.000964
v 0.299968 -0.018575 -0.001079
v 0.299752 -0.018602 -0.003411
v 0.299459 -0.019791 -0.005406
v 0.299166 -0.021823 -0.006530
v 0.298952 -0.024152 -0.006482
v 0.298874 -0.026154 -0.005277
v 0.298953 -0.027296 -0.003239
v 0.272523 -0.025127 0.001237
v 0.272737 -0.023975 0.003174
v 0.272940 -0.022005 0.004272
v 0.273077 -0.019743 0.004235
v 0.273111 -0.017798 0.003073
v 0.273033 -0.016691 0.001097
v 0.272864 -0.016720 -0.001163
v 0.272650 -0.017876 -0.003100
v 0.272447 -0.019849 -0.004194
v 0.272311 -0.022108 -0.004154
v 0.272277 -0.024049 -0.002992
v 0.272355 -0.025154 -0.001019
v 0.242692 -0.023549 0.003159
v 0.242845 -0.022432 0.005034
v 0.242981 -0.020524 0.006099
v 0.243063 -0.018335 0.006067
v 0.243070 -0.016454 0.004945
v 0.243000 -0.015385 0.003034
v 0.242872 -0.015414 0.000848
v 0.242719 -0.016534 -0.001028
v 0.242583 -0.018444 -0.002090
v 0.242501 -0.020630 -0.002055
v 0.242494 -0.022508 -0.000933
v 0.242564 -0.023577 0.000974
v 0.209511 -0.022443 0.004811
v 0.209616 -0.021363 0.006625
v 0.209703 -0.019519 0.007655
v 0.209749 -0.017406 0.007625
v 0.209742 -0.015589 0.006543
v 0.209683 -0.014557 0.004698
v 0.209589 -0.014586 0.002585
v 0.209484 -0.015669 0.000773
v 0.209397 -0.017513 -0.000255
v 0.209351 -0.019625 -0.000224
v 0.209358 -0.021440 0.000858
v 0.209417 -0.022471 0.002701
v 0.172813 -0.021717 0.006157
v 0.172881 -0.020675 0.007907
v 0.172933 -0.018896 0.008901
v 0.172956 -0.016857 0.008873
v 0.172943 -0.015106 0.007829
v 0.172898 -0.014111 0.006049
v 0.172834 -0.014140 0.004012
v 0.172766 -0.015184 0.002263
v 0.172714 -0.016963 0.001270
v 0.172691 -0.019000 0.001299
v 0.172703 -0.020750 0.002342
v 0.172748 -0.021745 0.004120
v 0.132429 -0.021276 0.007154
v 0.132468 -0.020272 0.008840
v 0.132496 -0.018558 0.009798
v 0.132506 -0.016595 0.009771
v 0.132494 -0.014909 0.008766
v 0.132464 -0.013951 0.007052
v 0.132424 -0.013979 0.005090
v 0.132385 -0.014984 0.003405
v 0.132357 -0.016698 0.002448
v 0.132348 -0.018659 0.002476
v 0.132360 -0.020345 0.003480
v 0.132390 -0.021302 0.005192
v 0.088190 -0.021025 0.007766
v 0.088208 -0.020059 0.009387
v 0.088219 -0.018411 0.010308
v 0.088221 -0.016524 0.010282
v 0.088214 -0.014902 0.009316
v 0.088200 -0.013981 0.007668
v 0.088181 -0.014008 0.005781
v 0.088164 -0.014975 0.004160
v 0.088153 -0.016622 0.003240
v 0.088150 -0.018509 0.003266
v 0.088158 -0.020129 0.004232
v 0.088172 -0.021050 0.005879
v 0.039924 -0.020868 0.007952
v 0.039921 -0.019941 0.009508
v 0.039919 -0.018359 0.010393
v 0.039919 -0.016547 0.010368
v 0.039921 -0.014991 0.009440
v 0.039924 -0.014107 0.007858
v 0.039927 -0.014133 0.006046
v 0.039931 -0.015061 0.004490
v 0.039933 -0.016642 0.003607
v 0.039933 -0.018453 0.003632
v 0.039931 -0.020009 0.004559
v 0.039928 -0.020893 0.006140
v 0.238081 -0.017227 0.003794
v 0.239390 -0.017331 0.005106
v 0.241181 -0.017482 0.005601
v 0.242997 -0.017636 0.005146
v 0.244354 -0.017751 0.003834
v 0.244862 -0.017801 0.002004
v 0.244362 -0.017778 0.000171
v 0.243005 -0.017686 -0.001147
v 0.241183 -0.017543 -0.001601
v 0.239389 -0.017386 -0.001099
v 0.238082 -0.017260 0.000216
v 0.237602 -0.017202 0.002005
v 0.237389 -0.013991 0.003851
v 0.238589 -0.013543 0.005173
v 0.240239 -0.012874 0.005688
v 0.241903 -0.012158 0.005241
v 0.243127 -0.011592 0.003937
v 0.243569 -0.011336 0.002128
v 0.243104 -0.011462 0.000309
v 0.241862 -0.011933 -0.001017
v 0.240188 -0.012618 -0.001492
v 0.238543 -0.013327 -0.001001
v 0.237361 -0.013869 0.000308
v 0.236943 -0.014108 0.002077
v 0.234921 -0.010354 0.004073
v 0.235903 -0.009556 0.005411
v 0.237226 -0.008381 0.005947
v 0.238541 -0.007136 0.005525
v 0.239492 -0.006160 0.004247
v 0.239815 -0.005727 0.002455
v 0.239419 -0.005956 0.000639
v 0.238415 -0.006785 -0.000703
v 0.237080 -0.007980 -0.001208
v 0.235777 -0.009214 -0.000753
v 0.234849 -0.010158 0.000528
v 0.234536 -0.010572 0.002290
v 0.230133 -0.006540 0.004438
v 0.230876 -0.005536 0.005792
v 0.231857 -0.004074 0.006347
v 0.232815 -0.002539 0.005947
v 0.233492 -0.001346 0.004692
v 0.233703 -0.000824 0.002916
v 0.233388 -0.001118 0.001103
v 0.232635 -0.002145 -0.000252
v 0.231649 -0.003622 -0.000786
v 0.230697 -0.005147 -0.000364
v 0.230030 -0.006316 0.000893
v 0.229824 -0.006824 0.002648
v 0.222626 -0.002738 0.004922
v 0.223176 -0.001631 0.006285
v 0.223889 -0.000028 0.006853
v 0.224574 0.001645 0.006468
v 0.225047 0.002937 0.005228
v 0.225179 0.003496 0.003464
v 0.224933 0.003169 0.001655
v 0.224378 0.002045 0.000291
v 0.223663 0.000433 -0.000262
v 0.222981 -0.001233 0.000138
v 0.222514 -0.002509 0.001379
v 0.222384 -0.003059 0.003128
v 0.212176 0.000871 0.005487
v 0.212583 0.002029 0.006855
v 0.213101 0.003699 0.007429
v 0.213591 0.005436 0.007053
v 0.213922 0.006772 0.005823
v 0.214003 0.007346 0.004069
v 0.213813 0.007001 0.002264
v 0.213403 0.005832 0.000896
v 0.212884 0.004156 0.000331
v 0.212395 0.002424 0.000717
v 0.212067 0.001099 0.001947
v 0.211987 0.000531 0.003692
v 0.198590 0.004175 0.006093
v 0.198891 0.005358 0.007463
v 0.199267 0.007060 0.008041
v 0.199619 0.008827 0.007670
v 0.199850 0.010183 0.006448
v 0.199900 0.010763 0.004700
v 0.199753 0.010408 0.002899
v 0.199451 0.009217 0.001529
v 0.199074 0.007511 0.000958
v 0.198724 0.005748 0.001336
v 0.198494 0.004400 0.002559
v 0.198445 0.003825 0.004299
v 0.181669 0.007103 0.006703
v 0.181890 0.008298 0.008073
v 0.182161 0.010016 0.008653
v 0.182410 0.011796 0.008286
v 0.182572 0.013160 0.007068
v 0.182601 0.013741 0.005326
v 0.182490 0.013382 0.003529
v 0.182269 0.012180 0.002160
v 0.181998 0.010460 0.001585
v 0.181749 0.008683 0.001957
v 0.181588 0.007325 0.003175
v 0.181559 0.006747 0.004911
v 0.161203 0.009599 0.007281
v 0.161359 0.010800 0.008649
v 0.161550 0.012524 0.009229
v 0.161723 0.014309 0.008865
v 0.161833 0.015676 0.007651
v 0.161849 0.016256 0.005915
v 0.161768 0.015895 0.004121
v 0.161611 0.014689 0.002753
v 0.161420 0.012963 0.002177
v 0.161247 0.011181 0.002546
v 0.161138 0.009819 0.003759
v 0.161122 0.009240 0.005491
v 0.136970 0.011617 0.007791
v 0.137076 0.012820 0.009157
v 0.137203 0.014545 0.009736
v 0.137318 0.016331 0.009374
v 0.137389 0.017697 0.008164
v 0.137397 0.018277 0.006432
v 0.137341 0.017914 0.004643
v 0.137235 0.016707 0.003277
v 0.137107 0.014980 0.002701
v 0.136993 0.013197 0.003067
v 0.136922 0.011834 0.004276
v 0.136914 0.011256 0.006004
v 0.108747 0.013112 0.008197
v 0.108812 0.014315 0.009560
v 0.108888 0.016039 0.010139
v 0.108957 0.017822 0.009778
v 0.108998 0.019187 0.008571
v 0.109002 0.019765 0.006844
v 0.108967 0.019402 0.005059
v 0.108902 0.018196 0.003696
v 0.108825 0.016471 0.003120
v 0.108757 0.014690 0.003484
v 0.108716 0.013328 0.004690
v 0.108712 0.012751 0.006414
v 0.076307 0.014042 0.008465
v 0.076337 0.015244 0.009825
v 0.076372 0.016965 0.010403
v 0.076403 0.018745 0.010042
v 0.076422 0.020107 0.008839
v 0.076423 0.020684 0.007116
v 0.076406 0.020322 0.005335
v 0.076376 0.019118 0.003975
v 0.076341 0.017395 0.003400
v 0.076310 0.015617 0.003762
v 0.076292 0.014258 0.004965
v 0.076291 0.013682 0.006686
v 0.039431 0.014367 0.008560
v 0.039426 0.015566 0.009917
v 0.039419 0.017283 0.010493
v 0.039412 0.019060 0.010133
v 0.039409 0.020418 0.008933
v 0.039409 0.020993 0.007214
v 0.039412 0.020632 0.005438
v 0.039418 0.019431 0.004081
v 0.039425 0.017712 0.003506
v 0.039431 0.015937 0.003868
v 0.039435 0.014581 0.005068
v 0.039435 0.014007 0.006785
vn -0.6564 -0.6529 0.3781
vn -0.8665 -0.0072 0.4991
vn -1.0000 0.0011 -0.0014
vn -0.7599 -0.6501 -0.0009
vn -0.3783 -0.6547 0.6544
vn -0.5002 -0.0120 0.8658
vn 0.0001 -0.6551 0.7555
vn 0.0006 -0.0120 0.9999
vn 0.3787 -0.6540 0.6549
vn 0.5011 -0.0072 0.8654
vn 0.6574 -0.6516 0.3786
vn 0.8668 0.0011 0.4987
vn 0.7611 -0.6486 -0.0009
vn 0.9999 0.0106 -0.0014
vn 0.6608 -0.6458 -0.3824
vn 0.8654 0.0188 -0.5007
vn 0.3822 -0.6440 -0.6627
vn 0.4997 0.0236 -0.8659
vn 0.0001 -0.6436 -0.7654
vn 0.0005 0.0236 -0.9997
vn -0.3817 -0.6447 -0.6623
vn -0.4989 0.0188 -0.8664
vn -0.6598 -0.6471 -0.3819
vn -0.8652 0.0106 -0.5012
vn -0.8662 -0.0267 0.4989
vn -0.9999 -0.0103 -0.0018
vn -0.4995 -0.0341 0.8656
vn 0.0015 -0.0307 0.9995
vn 0.5018 -0.0173 0.8648
vn 0.8670 0.0024 0.4984
vn 0.9997 0.0232 -0.0010
vn 0.8653 0.0394 -0.4997
vn 0.4999 0.0468 -0.8648
vn 0.0010 0.0434 -0.9991
vn -0.4985 0.0301 -0.8664
vn -0.8651 0.0104 -0.5016
vn -0.8654 -0.0561 0.4979
vn -0.9995 -0.0323 -0.0028
vn -0.4982 -0.0630 0.8648
vn 0.0029 -0.0510 0.9987
vn 0.5026 -0.0235 0.8642
vn 0.8668 0.0122 0.4984
vn 0.9989 0.0464 -0.0000
vn 0.8644 0.0701 -0.4978
vn 0.4996 0.0769 -0.8629
vn 0.0012 0.0651 -0.9979
vn -0.4981 0.0377 -0.8663
vn -0.8647 0.0021 -0.5023
vn -0.8630 -0.0981 0.4956
vn -0.9977 -0.0675 -0.0053
vn -0.4954 -0.1001 0.8628
vn 0.0052 -0.0731 0.9973
vn 0.5034 -0.0244 0.8637
vn 0.8658 0.0328 0.4994
vn 0.9965 0.0832 0.0026
vn 0.8619 0.1134 -0.4942
vn 0.4979 0.1155 -0.8595
vn 0.0008 0.0889 -0.9960
vn -0.4975 0.0405 -0.8665
vn -0.8635 -0.0168 -0.5042
vn -0.8572 -0.1555 0.4909
vn -0.9928 -0.1194 -0.0102
vn -0.4899 -0.1472 0.8592
vn 0.0087 -0.0969 0.9953
vn 0.5036 -0.0184 0.8637
vn 0.8623 0.0670 0.5020
vn 0.9906 0.1367 0.0077
vn 0.8557 0.1722 -0.4879
vn 0.4936 0.1643 -0.8541
vn -0.0007 0.1148 -0.9934
vn -0.4963 0.0368 -0.8674
vn -0.8601 -0.0490 -0.5078
vn -0.8448 -0.2310 0.4827
vn -0.9813 -0.1914 -0.0188
vn -0.4794 -0.2055 0.8532
vn 0.0142 -0.1221 0.9924
vn 0.5019 -0.0036 0.8649
vn 0.8536 0.1180 0.5075
vn 0.9775 0.2103 0.0167
vn 0.8425 0.2493 -0.4776
vn 0.4840 0.2247 -0.8457
vn -0.0042 0.1428 -0.9897
vn -0.4934 0.0250 -0.8694
vn -0.8520 -0.0975 -0.5144
vn -0.8205 -0.3262 0.4695
vn -0.9579 -0.2854 -0.0328
vn -0.4605 -0.2755 0.8438
vn 0.0222 -0.1478 0.9888
vn 0.4960 0.0218 0.8680
vn 0.8350 0.1875 0.5173
vn 0.9516 0.3057 0.0313
vn 0.8168 0.3456 -0.4619
vn 0.4658 0.2970 -0.8336
vn -0.0106 0.1721 -0.9850
vn -0.4870 0.0033 -0.8734
vn -0.8349 -0.1644 -0.5252
vn -0.7778 -0.4388 0.4500
vn -0.9150 -0.4000 -0.0537
vn -0.4294 -0.3550 0.8304
vn 0.0327 -0.1726 0.9844
vn 0.4823 0.0579 0.8741
vn 0.8005 0.2745 0.5328
vn 0.9057 0.4207 0.0530
vn 0.7721 0.4588 -0.4398
vn 0.4343 0.3788 -0.8172
vn -0.0209 0.2009 -0.9794
vn -0.4742 -0.0289 -0.8800
vn -0.8028 -0.2493 -0.5416
vn -0.7110 -0.5608 0.4242
vn -0.8458 -0.5273 -0.0813
vn -0.3833 -0.4382 0.8130
vn 0.0451 -0.1947 0.9798
vn 0.4571 0.1021 0.8835
vn 0.7441 0.3727 0.5544
vn 0.8333 0.5468 0.0816
vn 0.7029 0.5801 -0.4116
vn 0.3864 0.4637 -0.7973
vn -0.0353 0.2267 -0.9733
vn -0.4517 -0.0698 -0.8894
vn -0.7499 -0.3466 -0.5635
vn -0.6199 -0.6785 0.3941
vn -0.7491 -0.6527 -0.1137
vn -0.3232 -0.5161 0.7932
vn 0.0575 -0.2124 0.9755
vn 0.4185 0.1485 0.8960
vn 0.6647 0.4701 0.5806
vn 0.7340 0.6694 0.1148
vn 0.6095 0.6957 -0.3801
vn 0.3230 0.5419 -0.7759
vn -0.0522 0.2462 -0.9678
vn -0.4177 -0.1151 -0.9012
vn -0.6743 -0.4453 -0.5892
vn -0.5129 -0.7776 0.3636
vn -0.6328 -0.7603 -0.1464
vn -0.2552 -0.5803 0.7734
vn 0.0680 -0.2251 0.9720
vn 0.3690 0.1899 0.9098
vn 0.5686 0.5541 0.6080
vn 0.6163 0.7734 0.1482
vn 0.5006 0.7920 -0.3495
vn 0.2511 0.6044 -0.7561
vn -0.0683 0.2577 -0.9638
vn -0.3735 -0.1586 -0.9140
vn -0.5812 -0.5325 -0.6153
vn -0.4037 -0.8507 0.3367
vn -0.5116 -0.8411 -0.1752
vn -0.1882 -0.6268 0.7561
vn 0.0749 -0.2332 0.9695
vn 0.3144 0.2218 0.9230
vn 0.4674 0.6173 0.6328
vn 0.4949 0.8506 0.1776
vn 0.3903 0.8620 -0.3236
vn 0.1804 0.6478 -0.7402
vn -0.0805 0.2620 -0.9617
vn -0.3233 -0.1949 -0.9260
vn -0.4819 -0.6000 -0.6385
vn -0.3044 -0.8987 0.3156
vn -0.3992 -0.8952 -0.1979
vn -0.1293 -0.6570 0.7427
vn 0.0778 -0.2381 0.9681
vn 0.2611 0.2436 0.9341
vn 0.3724 0.6596 0.6529
vn 0.3831 0.9017 0.2006
vn 0.2907 0.9072 -0.3041
vn 0.1191 0.6740 -0.7290
vn -0.0869 0.2616 -0.9613
vn -0.2727 -0.2221 -0.9361
vn -0.3875 -0.6467 -0.6570
vn -0.2216 -0.9277 0.3004
vn -0.3032 -0.9285 -0.2144
vn -0.0821 -0.6750 0.7332
vn 0.0770 -0.2407 0.9675
vn 0.2129 0.2570 0.9427
vn 0.2900 0.6856 0.6678
vn 0.2881 0.9327 0.2171
vn 0.2081 0.9339 -0.2907
vn 0.0707 0.6883 -0.7220
vn -0.0879 0.2590 -0.9619
vn -0.2256 -0.2408 -0.9440
vn -0.3046 -0.6764 -0.6706
vn -0.1563 -0.9441 0.2901
vn -0.2255 -0.9478 -0.2256
vn -0.0468 -0.6851 0.7269
vn 0.0732 -0.2421 0.9675
vn 0.1714 0.2648 0.9490
vn 0.2220 0.7005 0.6783
vn 0.2117 0.9503 0.2283
vn 0.1435 0.9486 -0.2821
vn 0.0352 0.6952 -0.7180
vn -0.0847 0.2559 -0.9630
vn -0.1839 -0.2529 -0.9498
vn -0.2357 -0.6943 -0.6801
vn -0.1067 -0.9530 0.2834
vn -0.1647 -0.9584 -0.2330
vn -0.0218 -0.6905 0.7230
vn 0.0672 -0.2429 0.9677
vn 0.1363 0.2691 0.9534
vn 0.1674 0.7087 0.6854
vn 0.1522 0.9599 0.2355
vn 0.0949 0.9562 -0.2768
vn 0.0106 0.6981 -0.7159
vn -0.0785 0.2531 -0.9643
vn -0.1483 -0.2606 -0.9540
vn -0.1799 -0.7046 -0.6864
vn -0.0702 -0.9577 0.2792
vn -0.1180 -0.9641 -0.2377
vn -0.0051 -0.6934 0.7205
vn 0.0598 -0.2433 0.9681
vn 0.1070 0.2712 0.9565
vn 0.1242 0.7130 0.6901
vn 0.1067 0.9649 0.2401
vn 0.0594 0.9600 -0.2738
vn -0.0054 0.6991 -0.7151
vn -0.0704 0.2508 -0.9655
vn -0.1180 -0.2653 -0.9569
vn -0.1355 -0.7105 -0.6906
vn -0.0440 -0.9600 0.2765
vn -0.0826 -0.9671 -0.2407
vn 0.0051 -0.6949 0.7191
vn 0.0514 -0.2437 0.9685
vn 0.0825 0.2722 0.9587
vn 0.0902 0.7152 0.6931
vn 0.0725 0.9673 0.2429
vn 0.0341 0.9616 -0.2722
vn -0.0149 0.6991 -0.7149
vn -0.0612 0.2491 -0.9665
vn -0.0926 -0.2682 -0.9589
vn -0.1004 -0.7137 -0.6932
vn -0.0257 -0.9611 0.2750
vn -0.0562 -0.9685 -0.2425
vn 0.0104 -0.6956 0.7183
vn 0.0425 -0.2440 0.9688
vn 0.0619 0.2726 0.9601
vn 0.0636 0.7161 0.6951
vn 0.0471 0.9685 0.2445
vn 0.0167 0.9623 -0.2714
vn -0.0193 0.6988 -0.7150
vn -0.0515 0.2479 -0.9674
vn -0.0711 -0.2700 -0.9602
vn -0.0728 -0.7155 -0.6949
vn -0.0137 -0.9616 0.2741
vn -0.0368 -0.9692 -0.2435
vn 0.0120 -0.6961 0.7179
vn 0.0333 -0.2443 0.9691
vn 0.0446 0.2726 0.9611
vn 0.0429 0.7165 0.6963
vn 0.0285 0.9690 0.2454
vn 0.0055 0.9625 -0.2711
vn -0.0202 0.6985 -0.7154
vn -0.0416 0.2470 -0.9681
vn -0.0529 -0.2710 -0.9611
vn -0.0512 -0.7164 -0.6958
vn -0.0064 -0.9618 0.2735
vn -0.0229 -0.9695 -0.2441
vn 0.0108 -0.6963 0.7176
vn 0.0241 -0.2445 0.9693
vn 0.0299 0.2725 0.9617
vn 0.0267 0.7166 0.6970
vn 0.0154 0.9692 0.2459
vn -0.0011 0.9626 -0.2711
vn -0.0183 0.6982 -0.7157
vn -0.0316 0.2464 -0.9686
vn -0.0375 -0.2716 -0.9617
vn -0.0343 -0.7168 -0.6964
vn -0.0027 -0.9619 0.2732
vn -0.0132 -0.9696 -0.2444
vn 0.0076 -0.6965 0.7175
vn 0.0149 -0.2448 0.9695
vn 0.0173 0.2723 0.9620
vn 0.0142 0.7166 0.6973
vn 0.0063 0.9692 0.2461
vn -0.0041 0.9625 -0.2712
vn -0.0144 0.6979 -0.7160
vn -0.0218 0.2460 -0.9690
vn -0.0242 -0.2720 -0.9620
vn -0.0211 -0.7171 -0.6967
vn -0.0019 -0.9620 0.2731
vn -0.0069 -0.9696 -0.2446
vn 0.0028 -0.6967 0.7174
vn 0.0059 -0.2450 0.9695
vn 0.0066 0.2722 0.9622
vn 0.0046 0.7165 0.6975
vn 0.0006 0.9692 0.2461
vn -0.0044 0.9625 -0.2714
vn -0.0091 0.6977 -0.7163
vn -0.0122 0.2457 -0.9693
vn -0.0129 -0.2723 -0.9621
vn -0.0109 -0.7172 -0.6968
vn -0.6547 -0.7273 0.2061
vn -0.6563 -0.7315 -0.1849
vn -0.6532 -0.5277 0.5429
vn -0.6523 -0.1859 0.7348
vn -0.6523 0.2063 0.7294
vn -0.6530 0.5428 0.5282
vn -0.6543 0.7330 0.1858
vn -0.6560 0.7264 -0.2052
vn -0.6574 0.5255 -0.5400
vn -0.6583 0.1848 -0.7297
vn -0.6584 -0.2050 -0.7242
vn -0.6577 -0.5402 -0.5251
vn -0.5529 -0.7670 0.3255
vn -0.7870 -0.3519 0.5068
vn -0.9212 -0.3891 -0.0102
vn -0.6294 -0.7771 -0.0014
vn -0.3350 -0.7250 0.6017
vn -0.4322 -0.2146 0.8759
vn 0.0128 -0.6600 0.7512
vn 0.0365 -0.0216 0.9991
vn 0.4135 -0.5894 0.6940
vn 0.4892 0.1727 0.8549
vn 0.7356 -0.5339 0.4169
vn 0.8103 0.3197 0.4911
vn 0.8608 -0.5089 -0.0011
vn 0.9230 0.3847 0.0046
vn 0.7418 -0.5204 -0.4229
vn 0.8017 0.3528 -0.4826
vn 0.4205 -0.5656 -0.7094
vn 0.4751 0.2313 -0.8490
vn 0.0121 -0.6325 -0.7745
vn 0.0219 0.0487 -0.9986
vn -0.3462 -0.7017 -0.6227
vn -0.4432 -0.1505 -0.8837
vn -0.5651 -0.7539 -0.3351
vn -0.7926 -0.3130 -0.5232
vn -0.6202 -0.6135 0.4889
vn -0.7324 -0.6804 -0.0245
vn -0.3365 -0.3754 0.8637
vn 0.0379 -0.0383 0.9985
vn 0.3994 0.3032 0.8652
vn 0.6537 0.5615 0.5074
vn 0.7383 0.6742 0.0214
vn 0.6334 0.6149 -0.4698
vn 0.3645 0.3974 -0.8421
vn -0.0023 0.0735 -0.9973
vn -0.3716 -0.2756 -0.8865
vn -0.6409 -0.5546 -0.5307
vn -0.4517 -0.7564 0.4731
vn -0.5406 -0.8404 -0.0380
vn -0.2394 -0.4645 0.8526
vn 0.0374 -0.0486 0.9981
vn 0.3030 0.3763 0.8756
vn 0.4873 0.6990 0.5235
vn 0.5438 0.8384 0.0368
vn 0.4587 0.7607 -0.4592
vn 0.2533 0.4844 -0.8374
vn -0.0204 0.0779 -0.9967
vn -0.2900 -0.3534 -0.8894
vn -0.4812 -0.6917 -0.5385
vn -0.3222 -0.8258 0.4628
vn -0.3916 -0.9189 -0.0471
vn -0.1655 -0.5079 0.8454
vn 0.0354 -0.0540 0.9979
vn 0.2260 0.4118 0.8828
vn 0.3560 0.7664 0.5347
vn 0.3919 0.9188 0.0471
vn 0.3247 0.8304 -0.4528
vn 0.1716 0.5231 -0.8348
vn -0.0279 0.0753 -0.9968
vn -0.2207 -0.3952 -0.8917
vn -0.3543 -0.7605 -0.5441
vn -0.2298 -0.8596 0.4564
vn -0.2836 -0.9575 -0.0528
vn -0.1140 -0.5288 0.8410
vn 0.0321 -0.0566 0.9979
vn 0.1690 0.4290 0.8873
vn 0.2606 0.7993 0.5415
vn 0.2830 0.9576 0.0532
vn 0.2304 0.8632 -0.4492
vn 0.1165 0.5400 -0.8335
vn -0.0289 0.0719 -0.9970
vn -0.1671 -0.4173 -0.8933
vn -0.2605 -0.7951 -0.5477
vn -0.1639 -0.8765 0.4526
vn -0.2054 -0.9771 -0.0562
vn -0.0784 -0.5393 0.8384
vn 0.0279 -0.0579 0.9979
vn 0.1263 0.4378 0.8901
vn 0.1909 0.8160 0.5457
vn 0.2046 0.9772 0.0569
vn 0.1639 0.8794 -0.4471
vn 0.0794 0.5477 -0.8329
vn -0.0266 0.0690 -0.9973
vn -0.1258 -0.4295 -0.8943
vn -0.1914 -0.8131 -0.5498
vn -0.1160 -0.8853 0.4503
vn -0.1474 -0.9874 -0.0582
vn -0.0535 -0.5448 0.8369
vn 0.0232 -0.0585 0.9980
vn 0.0934 0.4425 0.8919
vn 0.1385 0.8248 0.5482
vn 0.1467 0.9874 0.0590
vn 0.1157 0.8875 -0.4460
vn 0.0537 0.5511 -0.8327
vn -0.0228 0.0668 -0.9975
vn -0.0935 -0.4363 -0.8949
vn -0.1392 -0.8228 -0.5511
vn -0.0802 -0.8900 0.4488
vn -0.1033 -0.9929 -0.0595
vn -0.0357 -0.5477 0.8359
vn 0.0183 -0.0589 0.9981
vn 0.0672 0.4450 0.8930
vn 0.0981 0.8295 0.5498
vn 0.1027 0.9929 0.0603
vn 0.0798 0.8918 -0.4454
vn 0.0355 0.5527 -0.8326
vn -0.0184 0.0653 -0.9977
vn -0.0676 -0.4403 -0.8953
vn -0.0987 -0.8281 -0.5518
vn -0.0528 -0.8925 0.4479
vn -0.0689 -0.9958 -0.0602
vn -0.0227 -0.5493 0.8353
vn 0.0135 -0.0592 0.9982
vn 0.0459 0.4463 0.8937
vn 0.0659 0.8321 0.5507
vn 0.0683 0.9958 0.0610
vn 0.0524 0.8940 -0.4451
vn 0.0224 0.5533 -0.8327
vn -0.0138 0.0642 -0.9978
vn -0.0463 -0.4427 -0.8955
vn -0.0665 -0.8310 -0.5523
vn -0.0314 -0.8938 0.4474
vn -0.0414 -0.9973 -0.0606
vn -0.0130 -0.5502 0.8349
vn 0.0087 -0.0594 0.9982
vn 0.0281 0.4468 0.8942
vn 0.0399 0.8333 0.5513
vn 0.0409 0.9973 0.0614
vn 0.0310 0.8950 -0.4450
vn 0.0127 0.5535 -0.8328
vn -0.0091 0.0635 -0.9979
vn -0.0285 -0.4440 -0.8956
vn -0.0404 -0.8326 -0.5524
vn -0.0143 -0.8944 0.4471
vn -0.0191 -0.9980 -0.0608
vn -0.0058 -0.5507 0.8347
vn 0.0042 -0.0596 0.9982
vn 0.0130 0.4470 0.8944
vn 0.0182 0.8339 0.5516
vn 0.0186 0.9979 0.0616
vn 0.0139 0.8954 -0.4450
vn 0.0054 0.5534 -0.8329
vn -0.0046 0.0630 -0.9980
vn -0.0134 -0.4448 -0.8956
vn -0.0187 -0.8333 -0.5525
vn -0.6577 -0.6740 0.3363
vn -0.6592 -0.7506 -0.0459
vn -0.6551 -0.4167 0.6303
vn -0.6519 -0.0459 0.7569
vn -0.6492 0.3396 0.6806
vn -0.6476 0.6354 0.4206
vn -0.6475 0.7606 0.0468
vn -0.6490 0.6811 -0.3390
vn -0.6517 0.4192 -0.6321
vn -0.6548 0.0468 -0.7543
vn -0.6575 -0.3357 -0.6745
vn -0.6591 -0.6269 -0.4153
vn 0.5524 -0.7706 -0.3180
vn 0.6340 -0.7733 0.0010
vn 1.0000 -0.0011 0.0011
vn 0.8664 0.0072 -0.4993
vn 0.3202 -0.7687 -0.5537
vn 0.5002 0.0120 -0.8659
vn -0.0001 -0.7683 -0.6401
vn -0.0005 0.0120 -0.9999
vn -0.3199 -0.7695 -0.5528
vn -0.5009 0.0072 -0.8655
vn -0.5511 -0.7718 -0.3171
vn -0.8666 -0.0011 -0.4989
vn -0.6322 -0.7748 0.0010
vn -0.9999 -0.0106 0.0011
vn -0.5441 -0.7776 0.3151
vn -0.8655 -0.0188 0.5005
vn -0.3129 -0.7794 0.5428
vn -0.4997 -0.0236 0.8659
vn -0.0001 -0.7798 0.6261
vn -0.0004 -0.0236 0.9997
vn 0.3132 -0.7786 0.5437
vn 0.4992 -0.0188 0.8663
vn 0.5454 -0.7763 0.3160
vn 0.8654 -0.0106 0.5009
vn 0.9999 0.0104 0.0014
vn 0.8662 0.0267 -0.4990
vn 0.4996 0.0341 -0.8656
vn -0.0012 0.0307 -0.9995
vn -0.5014 0.0173 -0.8650
vn -0.8667 -0.0024 -0.4988
vn -0.9997 -0.0232 0.0007
vn -0.8654 -0.0394 0.4996
vn -0.4998 -0.0468 0.8649
vn -0.0007 -0.0434 0.9991
vn 0.4989 -0.0301 0.8661
vn 0.8653 -0.0104 0.5012
vn 0.9995 0.0323 0.0025
vn 0.8654 0.0561 -0.4980
vn 0.4984 0.0630 -0.8647
vn -0.0024 0.0511 -0.9987
vn -0.5020 0.0235 -0.8645
vn -0.8665 -0.0121 -0.4989
vn -0.9989 -0.0464 -0.0004
vn -0.8645 -0.0701 0.4978
vn -0.4994 -0.0769 0.8630
vn -0.0007 -0.0651 0.9979
vn 0.4986 -0.0377 0.8660
vn 0.8650 -0.0021 0.5018
vn 0.9977 0.0676 0.0049
vn 0.8630 0.0981 -0.4956
vn 0.4959 0.1002 -0.8626
vn -0.0044 0.0732 -0.9973
vn -0.5026 0.0245 -0.8642
vn -0.8654 -0.0327 -0.5000
vn -0.9965 -0.0831 -0.0030
vn -0.8619 -0.1134 0.4942
vn -0.4975 -0.1155 0.8597
vn -0.0000 -0.0888 0.9961
vn 0.4983 -0.0404 0.8661
vn 0.8638 0.0169 0.5035
vn 0.9928 0.1195 0.0097
vn 0.8573 0.1555 -0.4908
vn 0.4906 0.1472 -0.8589
vn -0.0076 0.0971 -0.9952
vn -0.5025 0.0187 -0.8644
vn -0.8618 -0.0669 -0.5028
vn -0.9906 -0.1367 -0.0082
vn -0.8556 -0.1722 0.4881
vn -0.4929 -0.1642 0.8544
vn 0.0019 -0.1146 0.9934
vn 0.4974 -0.0366 0.8668
vn 0.8606 0.0491 0.5069
vn 0.9813 0.1915 0.0183
vn 0.8449 0.2311 -0.4824
vn 0.4804 0.2057 -0.8526
vn -0.0126 0.1224 -0.9924
vn -0.5005 0.0040 -0.8657
vn -0.8530 -0.1177 -0.5085
vn -0.9775 -0.2102 -0.0172
vn -0.8423 -0.2492 0.4779
vn -0.4831 -0.2245 0.8463
vn 0.0058 -0.1424 0.9898
vn 0.4948 -0.0245 0.8686
vn 0.8526 0.0978 0.5133
vn 0.9578 0.2855 0.0323
vn 0.8208 0.3262 -0.4690
vn 0.4619 0.2759 -0.8429
vn -0.0201 0.1485 -0.9887
vn -0.4943 -0.0211 -0.8690
vn -0.8343 -0.1870 -0.5185
vn -0.9517 -0.3055 -0.0319
vn -0.8165 -0.3456 0.4624
vn -0.4645 -0.2967 0.8344
vn 0.0126 -0.1714 0.9851
vn 0.4888 -0.0025 0.8724
vn 0.8356 0.1649 0.5239
vn 0.9149 0.4002 0.0531
vn 0.7782 0.4389 -0.4492
vn 0.4311 0.3556 -0.8292
vn -0.0302 0.1738 -0.9843
vn -0.4804 -0.0567 -0.8752
vn -0.7997 -0.2738 -0.5342
vn -0.9057 -0.4205 -0.0535
vn -0.7717 -0.4587 0.4405
vn -0.4327 -0.3783 0.8183
vn 0.0233 -0.1998 0.9796
vn 0.4762 0.0301 0.8788
vn 0.8036 0.2501 0.5400
vn 0.8457 0.5274 0.0808
vn 0.7115 0.5610 -0.4232
vn 0.3852 0.4392 -0.8116
vn -0.0424 0.1964 -0.9796
vn -0.4550 -0.1004 -0.8848
vn -0.7434 -0.3718 -0.5560
vn -0.8333 -0.5467 -0.0820
vn -0.7024 -0.5800 0.4126
vn -0.3846 -0.4628 0.7986
vn 0.0379 -0.2250 0.9736
vn 0.4539 0.0716 0.8882
vn 0.7507 0.3476 0.5618
vn 0.7491 0.6528 0.1132
vn 0.6205 0.6787 -0.3929
vn 0.3251 0.5174 -0.7916
vn -0.0550 0.2146 -0.9751
vn -0.4166 -0.1464 -0.8972
vn -0.6641 -0.4691 -0.5822
vn -0.7340 -0.6693 -0.1152
vn -0.6090 -0.6956 0.3812
vn -0.3213 -0.5407 0.7774
vn 0.0546 -0.2440 0.9682
vn 0.4197 0.1174 0.9000
vn 0.6750 0.4465 0.5875
vn 0.6329 0.7604 0.1460
vn 0.5135 0.7778 -0.3623
vn 0.2569 0.5818 -0.7717
vn -0.0659 0.2276 -0.9715
vn -0.3675 -0.1876 -0.9109
vn -0.5681 -0.5530 -0.6094
vn -0.6163 -0.7734 -0.1485
vn -0.5001 -0.7918 0.3507
vn -0.2495 -0.6030 0.7577
vn 0.0704 -0.2551 0.9643
vn 0.3751 0.1610 0.9129
vn 0.5818 0.5337 0.6137
vn 0.5117 0.8411 0.1750
vn 0.4042 0.8509 -0.3354
vn 0.1895 0.6284 -0.7545
vn -0.0734 0.2358 -0.9690
vn -0.3134 -0.2196 -0.9239
vn -0.4671 -0.6163 -0.6340
vn -0.4949 -0.8506 -0.1778
vn -0.3898 -0.8617 0.3248
vn -0.1792 -0.6463 0.7418
vn 0.0820 -0.2594 0.9623
vn 0.3245 0.1973 0.9251
vn 0.4823 0.6011 0.6372
vn 0.3993 0.8952 0.1979
vn 0.3048 0.8990 -0.3144
vn 0.1302 0.6585 -0.7412
vn -0.0768 0.2404 -0.9676
vn -0.2604 -0.2416 -0.9348
vn -0.3722 -0.6588 -0.6538
vn -0.3830 -0.9017 -0.2006
vn -0.2903 -0.9070 0.3052
vn -0.1182 -0.6726 0.7305
vn 0.0880 -0.2592 0.9618
vn 0.2734 0.2242 0.9354
vn 0.3877 0.6476 0.6560
vn 0.3033 0.9285 0.2144
vn 0.2219 0.9280 -0.2994
vn 0.0827 0.6763 -0.7320
vn -0.0763 0.2427 -0.9671
vn -0.2126 -0.2553 -0.9432
vn -0.2899 -0.6849 -0.6685
vn -0.2881 -0.9327 -0.2170
vn -0.2078 -0.9337 0.2917
vn -0.0702 -0.6870 0.7232
vn 0.0886 -0.2570 0.9623
vn 0.2260 0.2425 0.9435
vn 0.3048 0.6771 0.6698
vn 0.2256 0.9477 0.2257
vn 0.1565 0.9444 -0.2892
vn 0.0472 0.6862 -0.7259
vn -0.0728 0.2437 -0.9671
vn -0.1712 -0.2635 -0.9494
vn -0.2219 -0.7000 -0.6788
vn -0.2117 -0.9503 -0.2282
vn -0.1433 -0.9484 0.2830
vn -0.0348 -0.6941 0.7190
vn 0.0850 -0.2543 0.9634
vn 0.1842 0.2543 0.9494
vn 0.2357 0.6948 0.6795
vn 0.1647 0.9584 0.2332
vn 0.1069 0.9533 -0.2826
vn 0.0220 0.6914 -0.7221
vn -0.0670 0.2442 -0.9674
vn -0.1362 -0.2680 -0.9537
vn -0.1674 -0.7084 -0.6857
vn -0.1522 -0.9599 -0.2354
vn -0.0948 -0.9560 0.2776
vn -0.0103 -0.6972 0.7168
vn 0.0787 -0.2518 0.9646
vn 0.1484 0.2616 0.9537
vn 0.1799 0.7050 0.6860
vn 0.1180 0.9641 0.2379
vn 0.0703 0.9579 -0.2785
vn 0.0052 0.6941 -0.7198
vn -0.0596 0.2443 -0.9679
vn -0.1070 -0.2705 -0.9568
vn -0.1242 -0.7128 -0.6903
vn -0.1067 -0.9649 -0.2399
vn -0.0593 -0.9598 0.2745
vn 0.0056 -0.6983 0.7157
vn 0.0705 -0.2498 0.9657
vn 0.1181 0.2661 0.9567
vn 0.1355 0.7107 0.6903
vn 0.0826 0.9670 0.2409
vn 0.0440 0.9602 -0.2760
vn -0.0050 0.6955 -0.7186
vn -0.0513 0.2445 -0.9683
vn -0.0825 -0.2717 -0.9588
vn -0.0902 -0.7150 -0.6933
vn -0.0725 -0.9674 -0.2427
vn -0.0340 -0.9615 0.2727
vn 0.0149 -0.6985 0.7154
vn 0.0613 -0.2483 0.9667
vn 0.0926 0.2688 0.9587
vn 0.1004 0.7138 0.6931
vn 0.0562 0.9685 0.2427
vn 0.0258 0.9613 -0.2745
vn -0.0104 0.6961 -0.7179
vn -0.0425 0.2446 -0.9687
vn -0.0619 -0.2722 -0.9602
vn -0.0636 -0.7161 -0.6951
vn -0.0471 -0.9686 -0.2443
vn -0.0167 -0.9622 0.2719
vn 0.0194 -0.6984 0.7155
vn 0.0515 -0.2473 0.9676
vn 0.0711 0.2703 0.9601
vn 0.0728 0.7155 0.6948
vn 0.0368 0.9691 0.2438
vn 0.0137 0.9617 -0.2736
vn -0.0120 0.6965 -0.7175
vn -0.0333 0.2447 -0.9690
vn -0.0446 -0.2724 -0.9612
vn -0.0429 -0.7165 -0.6962
vn -0.0285 -0.9691 -0.2452
vn -0.0055 -0.9624 0.2715
vn 0.0202 -0.6981 0.7157
vn 0.0416 -0.2466 0.9682
vn 0.0529 0.2713 0.9610
vn 0.0512 0.7164 0.6958
vn 0.0229 0.9694 0.2444
vn 0.0064 0.9620 -0.2731
vn -0.0108 0.6967 -0.7173
vn -0.0241 0.2449 -0.9693
vn -0.0299 -0.2724 -0.9617
vn -0.0267 -0.7167 -0.6969
vn -0.0154 -0.9692 -0.2456
vn 0.0011 -0.9624 0.2715
vn 0.0183 -0.6978 0.7160
vn 0.0316 -0.2461 0.9687
vn 0.0375 0.2718 0.9616
vn 0.0343 0.7168 0.6965
vn 0.0132 0.9695 0.2447
vn 0.0027 0.9620 -0.2729
vn -0.0076 0.6968 -0.7172
vn -0.0149 0.2450 -0.9694
vn -0.0173 -0.2723 -0.9621
vn -0.0142 -0.7167 -0.6972
vn -0.0063 -0.9693 -0.2458
vn 0.0041 -0.9624 0.2716
vn 0.0144 -0.6977 0.7163
vn 0.0218 -0.2458 0.9691
vn 0.0242 0.2721 0.9620
vn 0.0211 0.7170 0.6968
vn 0.0069 0.9695 0.2449
vn 0.0019 0.9621 -0.2727
vn -0.0028 0.6969 -0.7172
vn -0.0059 0.2451 -0.9695
vn -0.0066 -0.2722 -0.9622
vn -0.0046 -0.7167 -0.6974
vn -0.0006 -0.9693 -0.2458
vn 0.0044 -0.9624 0.2717
vn 0.0091 -0.6975 0.7165
vn 0.0122 -0.2456 0.9693
vn 0.0129 0.2723 0.9621
vn 0.0109 0.7171 0.6969
vn -0.7672 0.6220 0.1566
vn -0.7688 0.6151 -0.1749
vn -0.7703 0.4441 -0.4576
vn -0.7712 0.1559 -0.6172
vn -0.7713 -0.1731 -0.6125
vn -0.7706 -0.4565 -0.4448
vn -0.7692 -0.6193 -0.1576
vn -0.7675 -0.6170 0.1737
vn -0.7660 -0.4486 0.4604
vn -0.7651 -0.1582 0.6242
vn -0.7650 0.1755 0.6197
vn -0.7658 0.4614 0.4480
vn 0.6679 -0.6255 -0.4034
vn 0.7923 -0.6101 0.0040
vn 0.9199 0.3920 0.0088
vn 0.7895 0.3553 -0.5004
vn 0.3385 -0.6837 -0.6465
vn 0.4418 0.2189 -0.8700
vn -0.0365 -0.7596 -0.6494
vn -0.0250 0.0262 -0.9993
vn -0.3097 -0.8265 -0.4701
vn -0.4816 -0.1691 -0.8599
vn -0.4374 -0.8698 -0.2282
vn -0.8082 -0.3175 -0.4960
vn -0.4617 -0.8870 0.0036
vn -0.9236 -0.3834 -0.0054
vn -0.4196 -0.8793 0.2253
vn -0.8002 -0.3510 0.4863
vn -0.2914 -0.8460 0.4464
vn -0.4685 -0.2281 0.8535
vn -0.0359 -0.7874 0.6154
vn -0.0110 -0.0443 0.9990
vn 0.3216 -0.7127 0.6235
vn 0.4533 0.1550 0.8778
vn 0.6509 -0.6445 0.4011
vn 0.7963 0.3168 0.5154
vn 0.7339 0.6788 0.0238
vn 0.6233 0.6135 -0.4849
vn 0.3427 0.3794 -0.8594
vn -0.0306 0.0446 -0.9985
vn -0.3940 -0.2985 -0.8693
vn -0.6514 -0.5603 -0.5116
vn -0.7374 -0.6751 -0.0220
vn -0.6312 -0.6146 0.4731
vn -0.3592 -0.3937 0.8462
vn 0.0096 -0.0672 0.9977
vn 0.3778 0.2807 0.8823
vn 0.6440 0.5557 0.5258
vn 0.5415 0.8399 0.0377
vn 0.4535 0.7571 -0.4702
vn 0.2427 0.4683 -0.8496
vn -0.0335 0.0542 -0.9980
vn -0.3001 -0.3721 -0.8784
vn -0.4860 -0.6976 -0.5265
vn -0.5432 -0.8388 -0.0371
vn -0.4573 -0.7599 0.4619
vn -0.2503 -0.4807 0.8404
vn 0.0243 -0.0723 0.9971
vn 0.2931 0.3579 0.8866
vn 0.4828 0.6931 0.5353
vn 0.3230 0.8267 -0.4607
vn 0.1671 0.5108 -0.8433
vn -0.0335 0.0582 -0.9977
vn -0.2247 -0.4085 -0.8847
vn -0.3555 -0.7653 -0.5366
vn -0.3917 -0.9189 -0.0471
vn -0.3240 -0.8296 0.4548
vn -0.1701 -0.5202 0.8370
vn 0.0298 -0.0711 0.9970
vn 0.2222 0.3985 0.8899
vn 0.3550 0.7616 0.5421
vn 0.2837 0.9575 0.0528
vn 0.2302 0.8602 -0.4550
vn 0.1148 0.5310 -0.8395
vn -0.0311 0.0596 -0.9977
vn -0.1684 -0.4267 -0.8886
vn -0.2604 -0.7985 -0.5428
vn -0.2829 -0.9577 -0.0532
vn -0.2301 -0.8626 0.4506
vn -0.1158 -0.5378 0.8351
vn 0.0298 -0.0688 0.9972
vn 0.1678 0.4197 0.8920
vn 0.2608 0.7959 0.5464
vn 0.2054 0.9771 0.0563
vn 0.1641 0.8771 -0.4515
vn 0.0789 0.5410 -0.8373
vn -0.0274 0.0601 -0.9978
vn -0.1260 -0.4362 -0.8910
vn -0.1908 -0.8154 -0.5465
vn -0.2045 -0.9772 -0.0567
vn -0.1637 -0.8788 0.4482
vn -0.0790 -0.5460 0.8340
vn 0.0271 -0.0668 0.9974
vn 0.1261 0.4311 0.8934
vn 0.1915 0.8136 0.5489
vn 0.1475 0.9873 0.0584
vn 0.1161 0.8858 -0.4494
vn 0.0537 0.5461 -0.8360
vn -0.0229 0.0602 -0.9979
vn -0.0933 -0.4413 -0.8925
vn -0.1385 -0.8244 -0.5488
vn -0.1467 -0.9874 -0.0589
vn -0.1156 -0.8871 0.4468
vn -0.0535 -0.5499 0.8335
vn 0.0231 -0.0652 0.9976
vn 0.0936 0.4376 0.8943
vn 0.1392 0.8231 0.5505
vn 0.1034 0.9929 0.0596
vn 0.0803 0.8904 -0.4481
vn 0.0358 0.5487 -0.8352
vn -0.0182 0.0602 -0.9980
vn -0.0672 -0.4441 -0.8935
vn -0.0981 -0.8293 -0.5502
vn -0.1027 -0.9929 -0.0601
vn -0.0797 -0.8915 0.4460
vn -0.0354 -0.5517 0.8333
vn 0.0185 -0.0640 0.9978
vn 0.0677 0.4413 0.8948
vn 0.0987 0.8284 0.5514
vn 0.0689 0.9958 0.0604
vn 0.0529 0.8928 -0.4474
vn 0.0227 0.5501 -0.8348
vn -0.0134 0.0602 -0.9981
vn -0.0459 -0.4456 -0.8941
vn -0.0659 -0.8319 -0.5510
vn -0.0683 -0.9958 -0.0609
vn -0.0523 -0.8937 0.4456
vn -0.0223 -0.5525 0.8332
vn 0.0138 -0.0632 0.9979
vn 0.0464 0.4434 0.8951
vn 0.0665 0.8312 0.5519
vn 0.0414 0.9973 0.0608
vn 0.0314 0.8940 -0.4469
vn 0.0131 0.5509 -0.8345
vn -0.0087 0.0602 -0.9981
vn -0.0281 -0.4463 -0.8945
vn -0.0398 -0.8332 -0.5515
vn -0.0409 -0.9973 -0.0613
vn -0.0309 -0.8948 0.4455
vn -0.0126 -0.5528 0.8332
vn 0.0092 -0.0626 0.9980
vn 0.0286 0.4446 0.8953
vn 0.0404 0.8327 0.5522
vn 0.0191 0.9980 0.0610
vn 0.0143 0.8946 -0.4467
vn 0.0058 0.5513 -0.8343
vn -0.0041 0.0603 -0.9982
vn -0.0130 -0.4466 -0.8947
vn -0.0182 -0.8338 -0.5518
vn -0.0186 -0.9979 -0.0614
vn -0.0139 -0.8952 0.4454
vn -0.0054 -0.5529 0.8333
vn 0.0046 -0.0623 0.9980
vn 0.0134 0.4452 0.8953
vn 0.0187 0.8334 0.5523
vn -0.7641 0.6439 0.0391
vn -0.7656 0.5753 -0.2879
vn -0.7684 0.3521 -0.5345
vn -0.7716 0.0374 -0.6350
vn -0.7744 -0.2833 -0.5658
vn -0.7760 -0.5261 -0.3479
vn -0.7761 -0.6294 -0.0390
vn -0.7745 -0.5666 0.2811
vn -0.7718 -0.3523 0.5293
vn -0.7686 -0.0408 0.6384
vn -0.7658 0.2858 0.5761
vn -0.7641 0.5376 0.3565
vt 0.000000 1.000000
vt 0.041667 1.000000
vt 0.041667 0.916667
vt 0.000000 0.916667
vt 0.000000 0.083333
vt 0.041667 0.083333
vt 0.041667 0.000000
vt 0.000000 0.000000
vt 0.000000 0.166667
vt 0.041667 0.166667
vt 0.000000 0.250000
vt 0.041667 0.250000
vt 0.000000 0.333333
vt 0.041667 0.333333
vt 0.000000 0.416667
vt 0.041667 0.416667
vt 0.000000 0.500000
vt 0.041667 0.500000
vt 0.000000 0.583333
vt 0.041667 0.583333
vt 0.000000 0.666667
vt 0.041667 0.666667
vt 0.000000 0.750000
vt 0.041667 0.750000
vt 0.000000 0.833333
vt 0.041667 0.833333
vt 0.083333 1.000000
vt 0.083333 0.916667
vt 0.083333 0.083333
vt 0.083333 0.000000
vt 0.083333 0.166667
vt 0.083333 0.250000
vt 0.083333 0.333333
vt 0.083333 0.416667
vt 0.083333 0.500000
vt 0.083333 0.583333
vt 0.083333 0.666667
vt 0.083333 0.750000
vt 0.083333 0.833333
vt 0.125000 1.000000
vt 0.125000 0.916667
vt 0.125000 0.083333
vt 0.125000 0.000000
vt 0.125000 0.166667
vt 0.125000 0.250000
vt 0.125000 0.333333
vt 0.125000 0.416667
vt 0.125000 0.500000
vt 0.125000 0.583333
vt 0.125000 0.666667
vt 0.125000 0.750000
vt 0.125000 0.833333
vt 0.166667 1.000000
vt 0.166667 0.916667
vt 0.166667 0.083333
vt 0.166667 0.000000
vt 0.166667 0.166667
vt 0.166667 0.250000
vt 0.166667 0.333333
vt 0.166667 0.416667
vt 0.166667 0.500000
vt 0.166667 0.583333
vt 0.166667 0.666667
vt 0.166667 0.750000
vt 0.166667 0.833333
vt 0.208333 1.000000
vt 0.208333 0.916667
vt 0.208333 0.083333
vt 0.208333 0.000000
vt 0.208333 0.166667
vt 0.208333 0.250000
vt 0.208333 0.333333
vt 0.208333 0.416667
vt 0.208333 0.500000
vt 0.208333 0.583333
vt 0.208333 0.666667
vt 0.208333 0.750000
vt 0.208333 0.833333
vt 0.250000 1.000000
vt 0.250000 0.916667
vt 0.250000 0.083333
vt 0.250000 0.000000
vt 0.250000 0.166667
vt 0.250000 0.250000
vt 0.250000 0.333333
vt 0.250000 0.416667
vt 0.250000 0.500000
vt 0.250000 0.583333
vt 0.250000 0.666667
vt 0.250000 0.750000
vt 0.250000 0.833333
vt 0.291667 1.000000
vt 0.291667 0.916667
vt 0.291667 0.083333
vt 0.291667 0.000000
vt 0.291667 0.166667
vt 0.291667 0.250000
vt 0.291667 0.333333
vt 0.291667 0.416667
vt 0.291667 0.500000
vt 0.291667 0.583333
vt 0.291667 0.666667
vt 0.291667 0.750000
vt 0.291667 0.833333
vt 0.333333 1.000000
vt 0.333333 0.916667
vt 0.333333 0.083333
vt 0.333333 0.000000
vt 0.333333 0.166667
vt 0.333333 0.250000
vt 0.333333 0.333333
vt 0.333333 0.416667
vt 0.333333 0.500000
vt 0.333333 0.583333
vt 0.333333 0.666667
vt 0.333333 0.750000
vt 0.333333 0.833333
vt 0.375000 1.000000
vt 0.375000 0.916667
vt 0.375000 0.083333
vt 0.375000 0.000000
vt 0.375000 0.166667
vt 0.375000 0.250000
vt 0.375000 0.333333
vt 0.375000 0.416667
vt 0.375000 0.500000
vt 0.375000 0.583333
vt 0.375000 0.666667
vt 0.375000 0.750000
vt 0.375000 0.833333
vt 0.416667 1.000000
vt 0.416667 0.916667
vt 0.416667 0.083333
vt 0.416667 0.000000
vt 0.416667 0.166667
vt 0.416667 0.250000
vt 0.416667 0.333333
vt 0.416667 0.416667
vt 0.416667 0.500000
vt 0.416667 0.583333
vt 0.416667 0.666667
vt 0.416667 0.750000
vt 0.416667 0.833333
vt 0.458333 1.000000
vt 0.458333 0.916667
vt 0.458333 0.083333
vt 0.458333 0.000000
vt 0.458333 0.166667
vt 0.458333 0.250000
vt 0.458333 0.333333
vt 0.458333 0.416667
vt 0.458333 0.500000
vt 0.458333 0.583333
vt 0.458333 0.666667
vt 0.458333 0.750000
vt 0.458333 0.833333
vt 0.500000 1.000000
vt 0.500000 0.916667
vt 0.500000 0.083333
vt 0.500000 0.000000
vt 0.500000 0.166667
vt 0.500000 0.250000
vt 0.500000 0.333333
vt 0.500000 0.416667
vt 0.500000 0.500000
vt 0.500000 0.583333
vt 0.500000 0.666667
vt 0.500000 0.750000
vt 0.500000 0.833333
vt 0.541667 1.000000
vt 0.541667 0.916667
vt 0.541667 0.083333
vt 0.541667 0.000000
vt 0.541667 0.166667
vt 0.541667 0.250000
vt 0.541667 0.333333
vt 0.541667 0.416667
vt 0.541667 0.500000
vt 0.541667 0.583333
vt 0.541667 0.666667
vt 0.541667 0.750000
vt 0.541667 0.833333
vt 0.583333 1.000000
vt 0.583333 0.916667
vt 0.583333 0.083333
vt 0.583333 0.000000
vt 0.583333 0.166667
vt 0.583333 0.250000
vt 0.583333 0.333333
vt 0.583333 0.416667
vt 0.583333 0.500000
vt 0.583333 0.583333
vt 0.583333 0.666667
vt 0.583333 0.750000
vt 0.583333 0.833333
vt 0.625000 1.000000
vt 0.625000 0.916667
vt 0.625000 0.083333
vt 0.625000 0.000000
vt 0.625000 0.166667
vt 0.625000 0.250000
vt 0.625000 0.333333
vt 0.625000 0.416667
vt 0.625000 0.500000
vt 0.625000 0.583333
vt 0.625000 0.666667
vt 0.625000 0.750000
vt 0.625000 0.833333
vt 0.666667 1.000000
vt 0.666667 0.916667
vt 0.666667 0.083333
vt 0.666667 0.000000
vt 0.666667 0.166667
vt 0.666667 0.250000
vt 0.666667 0.333333
vt 0.666667 0.416667
vt 0.666667 0.500000
vt 0.666667 0.583333
vt 0.666667 0.666667
vt 0.666667 0.750000
vt 0.666667 0.833333
vt 0.708333 1.000000
vt 0.708333 0.916667
vt 0.708333 0.083333
vt 0.708333 0.000000
vt 0.708333 0.166667
vt 0.708333 0.250000
vt 0.708333 0.333333
vt 0.708333 0.416667
vt 0.708333 0.500000
vt 0.708333 0.583333
vt 0.708333 0.666667
vt 0.708333 0.750000
vt 0.708333 0.833333
vt 0.750000 1.000000
vt 0.750000 0.916667
vt 0.750000 0.083333
vt 0.750000 0.000000
vt 0.750000 0.166667
vt 0.750000 0.250000
vt 0.750000 0.333333
vt 0.750000 0.416667
vt 0.750000 0.500000
vt 0.750000 0.583333
vt 0.750000 0.666667
vt 0.750000 0.750000
vt 0.750000 0.833333
vt 0.791667 1.000000
vt 0.791667 0.916667
vt 0.791667 0.083333
vt 0.791667 0.000000
vt 0.791667 0.166667
vt 0.791667 0.250000
vt 0.791667 0.333333
vt 0.791667 0.416667
vt 0.791667 0.500000
vt 0.791667 0.583333
vt 0.791667 0.666667
vt 0.791667 0.750000
vt 0.791667 0.833333
vt 0.833333 1.000000
vt 0.833333 0.916667
vt 0.833333 0.083333
vt 0.833333 0.000000
vt 0.833333 0.166667
vt 0.833333 0.250000
vt 0.833333 0.333333
vt 0.833333 0.416667
vt 0.833333 0.500000
vt 0.833333 0.583333
vt 0.833333 0.666667
vt 0.833333 0.750000
vt 0.833333 0.833333
vt 0.875000 1.000000
vt 0.875000 0.916667
vt 0.875000 0.083333
vt 0.875000 0.000000
vt 0.875000 0.166667
vt 0.875000 0.250000
vt 0.875000 0.333333
vt 0.875000 0.416667
vt 0.875000 0.500000
vt 0.875000 0.583333
vt 0.875000 0.666667
vt 0.875000 0.750000
vt 0.875000 0.833333
vt 0.916667 1.000000
vt 0.916667 0.916667
vt 0.916667 0.083333
vt 0.916667 0.000000
vt 0.916667 0.166667
vt 0.916667 0.250000
vt 0.916667 0.333333
vt 0.916667 0.416667
vt 0.916667 0.500000
vt 0.916667 0.583333
vt 0.916667 0.666667
vt 0.916667 0.750000
vt 0.916667 0.833333
vt 0.958333 1.000000
vt 0.958333 0.916667
vt 0.958333 0.083333
vt 0.958333 0.000000
vt 0.958333 0.166667
vt 0.958333 0.250000
vt 0.958333 0.333333
vt 0.958333 0.416667
vt 0.958333 0.500000
vt 0.958333 0.583333
vt 0.958333 0.666667
vt 0.958333 0.750000
vt 0.958333 0.833333
vt 1.000000 1.000000
vt 1.000000 0.916667
vt 1.000000 0.083333
vt 1.000000 0.000000
vt 1.000000 0.166667
vt 1.000000 0.250000
vt 1.000000 0.333333
vt 1.000000 0.416667
vt 1.000000 0.500000
vt 1.000000 0.583333
vt 1.000000 0.666667
vt 1.000000 0.750000
vt 1.000000 0.833333
s 1
usemtl Black-Material
f 1825/651/1825 1837/652/1826 1848/653/1827 1836/654/1828
f 1826/655/1829 1838/656/1830 1837/657/1826 1825/658/1825
f 1827/659/1831 1839/660/1832 1838/656/1830 1826/655/1829
f 1828/661/1833 1840/662/1834 1839/660/1832 1827/659/1831
f 1829/663/1835 1841/664/1836 1840/662/1834 1828/661/1833
f 1830/665/1837 1842/666/1838 1841/664/1836 1829/663/1835
f 1831/667/1839 1843/668/1840 1842/666/1838 1830/665/1837
f 1832/669/1841 1844/670/1842 1843/668/1840 1831/667/1839
f 1833/671/1843 1845/672/1844 1844/670/1842 1832/669/1841
f 1834/673/1845 1846/674/1846 1845/672/1844 1833/671/1843
f 1835/675/1847 1847/676/1848 1846/674/1846 1834/673/1845
f 1836/654/1828 1848/653/1827 1847/676/1848 1835/675/1847
f 1837/652/1826 1849/677/1849 1860/678/1850 1848/653/1827
f 1838/656/1830 1850/679/1851 1849/680/1849 1837/657/1826
f 1839/660/1832 1851/681/1852 1850/679/1851 1838/656/1830
f 1840/662/1834 1852/682/1853 1851/681/1852 1839/660/1832
f 1841/664/1836 1853/683/1854 1852/682/1853 1840/662/1834
f 1842/666/1838 1854/684/1855 1853/683/1854 1841/664/1836
f 1843/668/1840 1855/685/1856 1854/684/1855 1842/666/1838
f 1844/670/1842 1856/686/1857 1855/685/1856 1843/668/1840
f 1845/672/1844 1857/687/1858 1856/686/1857 1844/670/1842
f 1846/674/1846 1858/688/1859 1857/687/1858 1845/672/1844
f 1847/676/1848 1859/689/1860 1858/688/1859 1846/674/1846
f 1848/653/1827 1860/678/1850 1859/689/1860 1847/676/1848
f 1849/677/1849 1861/690/1861 1872/691/1862 1860/678/1850
f 1850/679/1851 1862/692/1863 1861/693/1861 1849/680/1849
f 1851/681/1852 1863/694/1864 1862/692/1863 1850/679/1851
f 1852/682/1853 1864/695/1865 1863/694/1864 1851/681/1852
f 1853/683/1854 1865/696/1866 1864/695/1865 1852/682/1853
f 1854/684/1855 1866/697/1867 1865/696/1866 1853/683/1854
f 1855/685/1856 1867/698/1868 1866/697/1867 1854/684/1855
f 1856/686/1857 1868/699/1869 1867/698/1868 1855/685/1856
f 1857/687/1858 1869/700/1870 1868/699/1869 1856/686/1857
f 1858/688/1859 1870/701/1871 1869/700/1870 1857/687/1858
f 1859/689/1860 1871/702/1872 1870/701/1871 1858/688/1859
f 1860/678/1850 1872/691/1862 1871/702/1872 1859/689/1860
f 1861/690/1861 1873/703/1873 1884/704/1874 1872/691/1862
f 1862/692/1863 1874/705/1875 1873/706/1873 1861/693/1861
f 1863/694/1864 1875/707/1876 1874/705/1875 1862/692/1863
f 1864/695/1865 1876/708/1877 1875/707/1876 1863/694/1864
f 1865/696/1866 1877/709/1878 1876/708/1877 1864/695/1865
f 1866/697/1867 1878/710/1879 1877/709/1878 1865/696/1866
f 1867/698/1868 1879/711/1880 1878/710/1879 1866/697/1867
f 1868/699/1869 1880/712/1881 1879/711/1880 1867/698/1868
f 1869/700/1870 1881/713/1882 1880/712/1881 1868/699/1869
f 1870/701/1871 1882/714/1883 1881/713/1882 1869/700/1870
f 1871/702/1872 1883/715/1884 1882/714/1883 1870/701/1871
f 1872/691/1862 1884/704/1874 1883/715/1884 1871/702/1872
f 1873/703/1873 1885/716/1885 1896/717/1886 1884/704/1874
f 1874/705/1875 1886/718/1887 1885/719/1885 1873/706/1873
f 1875/707/1876 1887/720/1888 1886/718/1887 1874/705/1875
f 1876/708/1877 1888/721/1889 1887/720/1888 1875/707/1876
f 1877/709/1878 1889/722/1890 1888/721/1889 1876/708/1877
f 1878/710/1879 1890/723/1891 1889/722/1890 1877/709/1878
f 1879/711/1880 1891/724/1892 1890/723/1891 1878/710/1879
f 1880/712/1881 1892/725/1893 1891/724/1892 1879/711/1880
f 1881/713/1882 1893/726/1894 1892/725/1893 1880/712/1881
f 1882/714/1883 1894/727/1895 1893/726/1894 1881/713/1882
f 1883/715/1884 1895/728/1896 1894/727/1895 1882/714/1883
f 1884/704/1874 1896/717/1886 1895/728/1896 1883/715/1884
f 1885/716/1885 1897/729/1897 1908/730/1898 1896/717/1886
f 1886/718/1887 1898/731/1899 1897/732/1897 1885/719/1885
f 1887/720/1888 1899/733/1900 1898/731/1899 1886/718/1887
f 1888/721/1889 1900/734/1901 1899/733/1900 1887/720/1888
f 1889/722/1890 1901/735/1902 1900/734/1901 1888/721/1889
f 1890/723/1891 1902/736/1903 1901/735/1902 1889/722/1890
f 1891/724/1892 1903/737/1904 1902/736/1903 1890/723/1891
f 1892/725/1893 1904/738/1905 1903/737/1904 1891/724/1892
f 1893/726/1894 1905/739/1906 1904/738/1905 1892/725/1893
f 1894/727/1895 1906/740/1907 1905/739/1906 1893/726/1894
f 1895/728/1896 1907/741/1908 1906/740/1907 1894/727/1895
f 1896/717/1886 1908/730/1898 1907/741/1908 1895/728/1896
f 1897/729/1897 1909/742/1909 1920/743/1910 1908/730/1898
f 1898/731/1899 1910/744/1911 1909/745/1909 1897/732/1897
f 1899/733/1900 1911/746/1912 1910/744/1911 1898/731/1899
f 1900/734/1901 1912/747/1913 1911/746/1912 1899/733/1900
f 1901/735/1902 1913/748/1914 1912/747/1913 1900/734/1901
f 1902/736/1903 1914/749/1915 1913/748/1914 1901/735/1902
f 1903/737/1904 1915/750/1916 1914/749/1915 1902/736/1903
f 1904/738/1905 1916/751/1917 1915/750/1916 1903/737/1904
f 1905/739/1906 1917/752/1918 1916/751/1917 1904/738/1905
f 1906/740/1907 1918/753/1919 1917/752/1918 1905/739/1906
f 1907/741/1908 1919/754/1920 1918/753/1919 1906/740/1907
f 1908/730/1898 1920/743/1910 1919/754/1920 1907/741/1908
f 1909/742/1909 1921/755/1921 1932/756/1922 1920/743/1910
f 1910/744/1911 1922/757/1923 1921/758/1921 1909/745/1909
f 1911/746/1912 1923/759/1924 1922/757/1923 1910/744/1911
f 1912/747/1913 1924/760/1925 1923/759/1924 1911/746/1912
f 1913/748/1914 1925/761/1926 1924/760/1925 1912/747/1913
f 1914/749/1915 1926/762/1927 1925/761/1926 1913/748/1914
f 1915/750/1916 1927/763/1928 1926/762/1927 1914/749/1915
f 1916/751/1917 1928/764/1929 1927/763/1928 1915/750/1916
f 1917/752/1918 1929/765/1930 1928/764/1929 1916/751/1917
f 1918/753/1919 1930/766/1931 1929/765/1930 1917/752/1918
f 1919/754/1920 1931/767/1932 1930/766/1931 1918/753/1919
f 1920/743/1910 1932/756/1922 1931/767/1932 1919/754/1920
f 1921/755/1921 1933/768/1933 1944/769/1934 1932/756/1922
f 1922/757/1923 1934/770/1935 1933/771/1933 1921/758/1921
f 1923/759/1924 1935/772/1936 1934/770/1935 1922/757/1923
f 1924/760/1925 1936/773/1937 1935/772/1936 1923/759/1924
f 1925/761/1926 1937/774/1938 1936/773/1937 1924/760/1925
f 1926/762/1927 1938/775/1939 1937/774/1938 1925/761/1926
f 1927/763/1928 1939/776/1940 1938/775/1939 1926/762/1927
f 1928/764/1929 1940/777/1941 1939/776/1940 1927/763/1928
f 1929/765/1930 1941/778/1942 1940/777/1941 1928/764/1929
f 1930/766/1931 1942/779/1943 1941/778/1942 1929/765/1930
f 1931/767/1932 1943/780/1944 1942/779/1943 1930/766/1931
f 1932/756/1922 1944/769/1934 1943/780/1944 1931/767/1932
f 1933/768/1933 1945/781/1945 1956/782/1946 1944/769/1934
f 1934/770/1935 1946/783/1947 1945/784/1945 1933/771/1933
f 1935/772/1936 1947/785/1948 1946/783/1947 1934/770/1935
f 1936/773/1937 1948/786/1949 1947/785/1948 1935/772/1936
f 1937/774/1938 1949/787/1950 1948/786/1949 1936/773/1937
f 1938/775/1939 1950/788/1951 1949/787/1950 1937/774/1938
f 1939/776/1940 1951/789/1952 1950/788/1951 1938/775/1939
f 1940/777/1941 1952/790/1953 1951/789/1952 1939/776/1940
f 1941/778/1942 1953/791/1954 1952/790/1953 1940/777/1941
f 1942/779/1943 1954/792/1955 1953/791/1954 1941/778/1942
f 1943/780/1944 1955/793/1956 1954/792/1955 1942/779/1943
f 1944/769/1934 1956/782/1946 1955/793/1956 1943/780/1944
f 1945/781/1945 1957/794/1957 1968/795/1958 1956/782/1946
f 1946/783/1947 1958/796/1959 1957/797/1957 1945/784/1945
f 1947/785/1948 1959/798/1960 1958/796/1959 1946/783/1947
f 1948/786/1949 1960/799/1961 1959/798/1960 1947/785/1948
f 1949/787/1950 1961/800/1962 1960/799/1961 1948/786/1949
f 1950/788/1951 1962/801/1963 1961/800/1962 1949/787/1950
f 1951/789/1952 1963/802/1964 1962/801/1963 1950/788/1951
f 1952/790/1953 1964/803/1965 1963/802/1964 1951/789/1952
f 1953/791/1954 1965/804/1966 1964/803/1965 1952/790/1953
f 1954/792/1955 1966/805/1967 1965/804/1966 1953/791/1954
f 1955/793/1956 1967/806/1968 1966/805/1967 1954/792/1955
f 1956/782/1946 1968/795/1958 1967/806/1968 1955/793/1956
f 1957/794/1957 1969/807/1969 1980/808/1970 1968/795/1958
f 1958/796/1959 1970/809/1971 1969/810/1969 1957/797/1957
f 1959/798/1960 1971/811/1972 1970/809/1971 1958/796/1959
f 1960/799/1961 1972/812/1973 1971/811/1972 1959/798/1960
f 1961/800/1962 1973/813/1974 1972/812/1973 1960/799/1961
f 1962/801/1963 1974/814/1975 1973/813/1974 1961/800/1962
f 1963/802/1964 1975/815/1976 1974/814/1975 1962/801/1963
f 1964/803/1965 1976/816/1977 1975/815/1976 1963/802/1964
f 1965/804/1966 1977/817/1978 1976/816/1977 1964/803/1965
f 1966/805/1967 1978/818/1979 1977/817/1978 1965/804/1966
f 1967/806/1968 1979/819/1980 1978/818/1979 1966/805/1967
f 1968/795/1958 1980/808/1970 1979/819/1980 1967/806/1968
f 1969/807/1969 1981/820/1981 1992/821/1982 1980/808/1970
f 1970/809/1971 1982/822/1983 1981/823/1981 1969/810/1969
f 1971/811/1972 1983/824/1984 1982/822/1983 1970/809/1971
f 1972/812/1973 1984/825/1985 1983/824/1984 1971/811/1972
f 1973/813/1974 1985/826/1986 1984/825/1985 1972/812/1973
f 1974/814/1975 1986/827/1987 1985/826/1986 1973/813/1974
f 1975/815/1976 1987/828/1988 1986/827/1987 1974/814/1975
f 1976/816/1977 1988/829/1989 1987/828/1988 1975/815/1976
f 1977/817/1978 1989/830/1990 1988/829/1989 1976/816/1977
f 1978/818/1979 1990/831/1991 1989/830/1990 1977/817/1978
f 1979/819/1980 1991/832/1992 1990/831/1991 1978/818/1979
f 1980/808/1970 1992/821/1982 1991/832/1992 1979/819/1980
f 1981/820/1981 1993/833/1993 2004/834/1994 1992/821/1982
f 1982/822/1983 1994/835/1995 1993/836/1993 1981/823/1981
f 1983/824/1984 1995/837/1996 1994/835/1995 1982/822/1983
f 1984/825/1985 1996/838/1997 1995/837/1996 1983/824/1984
f 1985/826/1986 1997/839/1998 1996/838/1997 1984/825/1985
f 1986/827/1987 1998/840/1999 1997/839/1998 1985/826/1986
f 1987/828/1988 1999/841/2000 1998/840/1999 1986/827/1987
f 1988/829/1989 2000/842/2001 1999/841/2000 1987/828/1988
f 1989/830/1990 2001/843/2002 2000/842/2001 1988/829/1989
f 1990/831/1991 2002/844/2003 2001/843/2002 1989/830/1990
f 1991/832/1992 2003/845/2004 2002/844/2003 1990/831/1991
f 1992/821/1982 2004/834/1994 2003/845/2004 1991/832/1992
f 1993/833/1993 2005/846/2005 2016/847/2006 2004/834/1994
f 1994/835/1995 2006/848/2007 2005/849/2005 1993/836/1993
f 1995/837/1996 2007/850/2008 2006/848/2007 1994/835/1995
f 1996/838/1997 2008/851/2009 2007/850/2008 1995/837/1996
f 1997/839/1998 2009/852/2010 2008/851/2009 1996/838/1997
f 1998/840/1999 2010/853/2011 2009/852/2010 1997/839/1998
f 1999/841/2000 2011/854/2012 2010/853/2011 1998/840/1999
f 2000/842/2001 2012/855/2013 2011/854/2012 1999/841/2000
f 2001/843/2002 2013/856/2014 2012/855/2013 2000/842/2001
f 2002/844/2003 2014/857/2015 2013/856/2014 2001/843/2002
f 2003/845/2004 2015/858/2016 2014/857/2015 2002/844/2003
f 2004/834/1994 2016/847/2006 2015/858/2016 2003/845/2004
f 2005/846/2005 2017/859/2017 2028/860/2018 2016/847/2006
f 2006/848/2007 2018/861/2019 2017/862/2017 2005/849/2005
f 2007/850/2008 2019/863/2020 2018/861/2019 2006/848/2007
f 2008/851/2009 2020/864/2021 2019/863/2020 2007/850/2008
f 2009/852/2010 2021/865/2022 2020/864/2021 2008/851/2009
f 2010/853/2011 2022/866/2023 2021/865/2022 2009/852/2010
f 2011/854/2012 2023/867/2024 2022/866/2023 2010/853/2011
f 2012/855/2013 2024/868/2025 2023/867/2024 2011/854/2012
f 2013/856/2014 2025/869/2026 2024/868/2025 2012/855/2013
f 2014/857/2015 2026/870/2027 2025/869/2026 2013/856/2014
f 2015/858/2016 2027/871/2028 2026/870/2027 2014/857/2015
f 2016/847/2006 2028/860/2018 2027/871/2028 2015/858/2016
f 2017/859/2017 2029/872/2029 2040/873/2030 2028/860/2018
f 2018/861/2019 2030/874/2031 2029/875/2029 2017/862/2017
f 2019/863/2020 2031/876/2032 2030/874/2031 2018/861/2019
f 2020/864/2021 2032/877/2033 2031/876/2032 2019/863/2020
f 2021/865/2022 2033/878/2034 2032/877/2033 2020/864/2021
f 2022/866/2023 2034/879/2035 2033/878/2034 2021/865/2022
f 2023/867/2024 2035/880/2036 2034/879/2035 2022/866/2023
f 2024/868/2025 2036/881/2037 2035/880/2036 2023/867/2024
f 2025/869/2026 2037/882/2038 2036/881/2037 2024/868/2025
f 2026/870/2027 2038/883/2039 2037/882/2038 2025/869/2026
f 2027/871/2028 2039/884/2040 2038/883/2039 2026/870/2027
f 2028/860/2018 2040/873/2030 2039/884/2040 2027/871/2028
f 2029/872/2029 2041/885/2041 2052/886/2042 2040/873/2030
f 2030/874/2031 2042/887/2043 2041/888/2041 2029/875/2029
f 2031/876/2032 2043/889/2044 2042/887/2043 2030/874/2031
f 2032/877/2033 2044/890/2045 2043/889/2044 2031/876/2032
f 2033/878/2034 2045/891/2046 2044/890/2045 2032/877/2033
f 2034/879/2035 2046/892/2047 2045/891/2046 2033/878/2034
f 2035/880/2036 2047/893/2048 2046/892/2047 2034/879/2035
f 2036/881/2037 2048/894/2049 2047/893/2048 2035/880/2036
f 2037/882/2038 2049/895/2050 2048/894/2049 2036/881/2037
f 2038/883/2039 2050/896/2051 2049/895/2050 2037/882/2038
f 2039/884/2040 2051/897/2052 2050/896/2051 2038/883/2039
f 2040/873/2030 2052/886/2042 2051/897/2052 2039/884/2040
f 2041/885/2041 2053/898/2053 2064/899/2054 2052/886/2042
f 2042/887/2043 2054/900/2055 2053/901/2053 2041/888/2041
f 2043/889/2044 2055/902/2056 2054/900/2055 2042/887/2043
f 2044/890/2045 2056/903/2057 2055/902/2056 2043/889/2044
f 2045/891/2046 2057/904/2058 2056/903/2057 2044/890/2045
f 2046/892/2047 2058/905/2059 2057/904/2058 2045/891/2046
f 2047/893/2048 2059/906/2060 2058/905/2059 2046/892/2047
f 2048/894/2049 2060/907/2061 2059/906/2060 2047/893/2048
f 2049/895/2050 2061/908/2062 2060/907/2061 2048/894/2049
f 2050/896/2051 2062/909/2063 2061/908/2062 2049/895/2050
f 2051/897/2052 2063/910/2064 2062/909/2063 2050/896/2051
f 2052/886/2042 2064/899/2054 2063/910/2064 2051/897/2052
f 2053/898/2053 2065/911/2065 2076/912/2066 2064/899/2054
f 2054/900/2055 2066/913/2067 2065/914/2065 2053/901/2053
f 2055/902/2056 2067/915/2068 2066/913/2067 2054/900/2055
f 2056/903/2057 2068/916/2069 2067/915/2068 2055/902/2056
f 2057/904/2058 2069/917/2070 2068/916/2069 2056/903/2057
f 2058/905/2059 2070/918/2071 2069/917/2070 2057/904/2058
f 2059/906/2060 2071/919/2072 2070/918/2071 2058/905/2059
f 2060/907/2061 2072/920/2073 2071/919/2072 2059/906/2060
f 2061/908/2062 2073/921/2074 2072/920/2073 2060/907/2061
f 2062/909/2063 2074/922/2075 2073/921/2074 2061/908/2062
f 2063/910/2064 2075/923/2076 2074/922/2075 2062/909/2063
f 2064/899/2054 2076/912/2066 2075/923/2076 2063/910/2064
f 2065/911/2065 2077/924/2077 2088/925/2078 2076/912/2066
f 2066/913/2067 2078/926/2079 2077/927/2077 2065/914/2065
f 2067/915/2068 2079/928/2080 2078/926/2079 2066/913/2067
f 2068/916/2069 2080/929/2081 2079/928/2080 2067/915/2068
f 2069/917/2070 2081/930/2082 2080/929/2081 2068/916/2069
f 2070/918/2071 2082/931/2083 2081/930/2082 2069/917/2070
f 2071/919/2072 2083/932/2084 2082/931/2083 2070/918/2071
f 2072/920/2073 2084/933/2085 2083/932/2084 2071/919/2072
f 2073/921/2074 2085/934/2086 2084/933/2085 2072/920/2073
f 2074/922/2075 2086/935/2087 2085/934/2086 2073/921/2074
f 2075/923/2076 2087/936/2088 2086/935/2087 2074/922/2075
f 2076/912/2066 2088/925/2078 2087/936/2088 2075/923/2076
f 2077/924/2077 2089/937/2089 2100/938/2090 2088/925/2078
f 2078/926/2079 2090/939/2091 2089/940/2089 2077/927/2077
f 2079/928/2080 2091/941/2092 2090/939/2091 2078/926/2079
f 2080/929/2081 2092/942/2093 2091/941/2092 2079/928/2080
f 2081/930/2082 2093/943/2094 2092/942/2093 2080/929/2081
f 2082/931/2083 2094/944/2095 2093/943/2094 2081/930/2082
f 2083/932/2084 2095/945/2096 2094/944/2095 2082/931/2083
f 2084/933/2085 2096/946/2097 2095/945/2096 2083/932/2084
f 2085/934/2086 2097/947/2098 2096/946/2097 2084/933/2085
f 2086/935/2087 2098/948/2099 2097/947/2098 2085/934/2086
f 2087/936/2088 2099/949/2100 2098/948/2099 2086/935/2087
f 2088/925/2078 2100/938/2090 2099/949/2100 2087/936/2088
f 2089/937/2089 2101/950/2101 2112/951/2102 2100/938/2090
f 2090/939/2091 2102/952/2103 2101/953/2101 2089/940/2089
f 2091/941/2092 2103/954/2104 2102/952/2103 2090/939/2091
f 2092/942/2093 2104/955/2105 2103/954/2104 2091/941/2092
f 2093/943/2094 2105/956/2106 2104/955/2105 2092/942/2093
f 2094/944/2095 2106/957/2107 2105/956/2106 2093/943/2094
f 2095/945/2096 2107/958/2108 2106/957/2107 2094/944/2095
f 2096/946/2097 2108/959/2109 2107/958/2108 2095/945/2096
f 2097/947/2098 2109/960/2110 2108/959/2109 2096/946/2097
f 2098/948/2099 2110/961/2111 2109/960/2110 2097/947/2098
f 2099/949/2100 2111/962/2112 2110/961/2111 2098/948/2099
f 2100/938/2090 2112/951/2102 2111/962/2112 2099/949/2100
f 2101/950/2101 2113/963/2113 2124/964/2114 2112/951/2102
f 2102/952/2103 2114/965/2115 2113/966/2113 2101/953/2101
f 2103/954/2104 2115/967/2116 2114/965/2115 2102/952/2103
f 2104/955/2105 2116/968/2117 2115/967/2116 2103/954/2104
f 2105/956/2106 2117/969/2118 2116/968/2117 2104/955/2105
f 2106/957/2107 2118/970/2119 2117/969/2118 2105/956/2106
f 2107/958/2108 2119/971/2120 2118/970/2119 2106/957/2107
f 2108/959/2109 2120/972/2121 2119/971/2120 2107/958/2108
f 2109/960/2110 2121/973/2122 2120/972/2121 2108/959/2109
f 2110/961/2111 2122/974/2123 2121/973/2122 2109/960/2110
f 2111/962/2112 2123/975/2124 2122/974/2123 2110/961/2111
f 2112/951/2102 2124/964/2114 2123/975/2124 2111/962/2112
f 2125/651/2125 2137/677/2126 2148/678/2127 2136/654/2128
f 2126/655/2129 2138/679/2130 2137/680/2126 2125/658/2125
f 2127/659/2131 2139/681/2132 2138/679/2130 2126/655/2129
f 2128/661/2133 2140/682/2134 2139/681/2132 2127/659/2131
f 2129/663/2135 2141/683/2136 2140/682/2134 2128/661/2133
f 2130/665/2137 2142/684/2138 2141/683/2136 2129/663/2135
f 2131/667/2139 2143/685/2140 2142/684/2138 2130/665/2137
f 2132/669/2141 2144/686/2142 2143/685/2140 2131/667/2139
f 2133/671/2143 2145/687/2144 2144/686/2142 2132/669/2141
f 2134/673/2145 2146/688/2146 2145/687/2144 2133/671/2143
f 2135/675/2147 2147/689/2148 2146/688/2146 2134/673/2145
f 2136/654/2128 2148/678/2127 2147/689/2148 2135/675/2147
f 2137/677/2126 2149/703/2149 2160/704/2150 2148/678/2127
f 2138/679/2130 2150/705/2151 2149/706/2149 2137/680/2126
f 2139/681/2132 2151/707/2152 2150/705/2151 2138/679/2130
f 2140/682/2134 2152/708/2153 2151/707/2152 2139/681/2132
f 2141/683/2136 2153/709/2154 2152/708/2153 2140/682/2134
f 2142/684/2138 2154/710/2155 2153/709/2154 2141/683/2136
f 2143/685/2140 2155/711/2156 2154/710/2155 2142/684/2138
f 2144/686/2142 2156/712/2157 2155/711/2156 2143/685/2140
f 2145/687/2144 2157/713/2158 2156/712/2157 2144/686/2142
f 2146/688/2146 2158/714/2159 2157/713/2158 2145/687/2144
f 2147/689/2148 2159/715/2160 2158/714/2159 2146/688/2146
f 2148/678/2127 2160/704/2150 2159/715/2160 2147/689/2148
f 2149/703/2149 2161/729/2161 2172/730/2162 2160/704/2150
f 2150/705/2151 2162/731/2163 2161/732/2161 2149/706/2149
f 2151/707/2152 2163/733/2164 2162/731/2163 2150/705/2151
f 2152/708/2153 2164/734/2165 2163/733/2164 2151/707/2152
f 2153/709/2154 2165/735/2166 2164/734/2165 2152/708/2153
f 2154/710/2155 2166/736/2167 2165/735/2166 2153/709/2154
f 2155/711/2156 2167/737/2168 2166/736/2167 2154/710/2155
f 2156/712/2157 2168/738/2169 2167/737/2168 2155/711/2156
f 2157/713/2158 2169/739/2170 2168/738/2169 2156/712/2157
f 2158/714/2159 2170/740/2171 2169/739/2170 2157/713/2158
f 2159/715/2160 2171/741/2172 2170/740/2171 2158/714/2159
f 2160/704/2150 2172/730/2162 2171/741/2172 2159/715/2160
f 2161/729/2161 2173/755/2173 2184/756/2174 2172/730/2162
f 2162/731/2163 2174/757/2175 2173/758/2173 2161/732/2161
f 2163/733/2164 2175/759/2176 2174/757/2175 2162/731/2163
f 2164/734/2165 2176/760/2177 2175/759/2176 2163/733/2164
f 2165/735/2166 2177/761/2178 2176/760/2177 2164/734/2165
f 2166/736/2167 2178/762/2179 2177/761/2178 2165/735/2166
f 2167/737/2168 2179/763/2180 2178/762/2179 2166/736/2167
f 2168/738/2169 2180/764/2181 2179/763/2180 2167/737/2168
f 2169/739/2170 2181/765/2182 2180/764/2181 2168/738/2169
f 2170/740/2171 2182/766/2183 2181/765/2182 2169/739/2170
f 2171/741/2172 2183/767/2184 2182/766/2183 2170/740/2171
f 2172/730/2162 2184/756/2174 2183/767/2184 2171/741/2172
f 2173/755/2173 2185/781/2185 2196/782/2186 2184/756/2174
f 2174/757/2175 2186/783/2187 2185/784/2185 2173/758/2173
f 2175/759/2176 2187/785/2188 2186/783/2187 2174/757/2175
f 2176/760/2177 2188/786/2189 2187/785/2188 2175/759/2176
f 2177/761/2178 2189/787/2190 2188/786/2189 2176/760/2177
f 2178/762/2179 2190/788/2191 2189/787/2190 2177/761/2178
f 2179/763/2180 2191/789/2192 2190/788/2191 2178/762/2179
f 2180/764/2181 2192/790/2193 2191/789/2192 2179/763/2180
f 2181/765/2182 2193/791/2194 2192/790/2193 2180/764/2181
f 2182/766/2183 2194/792/2195 2193/791/2194 2181/765/2182
f 2183/767/2184 2195/793/2196 2194/792/2195 2182/766/2183
f 2184/756/2174 2196/782/2186 2195/793/2196 2183/767/2184
f 2185/781/2185 2197/807/2197 2208/808/2198 2196/782/2186
f 2186/783/2187 2198/809/2199 2197/810/2197 2185/784/2185
f 2187/785/2188 2199/811/2200 2198/809/2199 2186/783/2187
f 2188/786/2189 2200/812/2201 2199/811/2200 2187/785/2188
f 2189/787/2190 2201/813/2202 2200/812/2201 2188/786/2189
f 2190/788/2191 2202/814/2203 2201/813/2202 2189/787/2190
f 2191/789/2192 2203/815/2204 2202/814/2203 2190/788/2191
f 2192/790/2193 2204/816/2205 2203/815/2204 2191/789/2192
f 2193/791/2194 2205/817/2206 2204/816/2205 2192/790/2193
f 2194/792/2195 2206/818/2207 2205/817/2206 2193/791/2194
f 2195/793/2196 2207/819/2208 2206/818/2207 2194/792/2195
f 2196/782/2186 2208/808/2198 2207/819/2208 2195/793/2196
f 2197/807/2197 2209/833/2209 2220/834/2210 2208/808/2198
f 2198/809/2199 2210/835/2211 2209/836/2209 2197/810/2197
f 2199/811/2200 2211/837/2212 2210/835/2211 2198/809/2199
f 2200/812/2201 2212/838/2213 2211/837/2212 2199/811/2200
f 2201/813/2202 2213/839/2214 2212/838/2213 2200/812/2201
f 2202/814/2203 2214/840/2215 2213/839/2214 2201/813/2202
f 2203/815/2204 2215/841/2216 2214/840/2215 2202/814/2203
f 2204/816/2205 2216/842/2217 2215/841/2216 2203/815/2204
f 2205/817/2206 2217/843/2218 2216/842/2217 2204/816/2205
f 2206/818/2207 2218/844/2219 2217/843/2218 2205/817/2206
f 2207/819/2208 2219/845/2220 2218/844/2219 2206/818/2207
f 2208/808/2198 2220/834/2210 2219/845/2220 2207/819/2208
f 2209/833/2209 2221/859/2221 2232/860/2222 2220/834/2210
f 2210/835/2211 2222/861/2223 2221/862/2221 2209/836/2209
f 2211/837/2212 2223/863/2224 2222/861/2223 2210/835/2211
f 2212/838/2213 2224/864/2225 2223/863/2224 2211/837/2212
f 2213/839/2214 2225/865/2226 2224/864/2225 2212/838/2213
f 2214/840/2215 2226/866/2227 2225/865/2226 2213/839/2214
f 2215/841/2216 2227/867/2228 2226/866/2227 2214/840/2215
f 2216/842/2217 2228/868/2229 2227/867/2228 2215/841/2216
f 2217/843/2218 2229/869/2230 2228/868/2229 2216/842/2217
f 2218/844/2219 2230/870/2231 2229/869/2230 2217/843/2218
f 2219/845/2220 2231/871/2232 2230/870/2231 2218/844/2219
f 2220/834/2210 2232/860/2222 2231/871/2232 2219/845/2220
f 2221/859/2221 2233/885/2233 2244/886/2234 2232/860/2222
f 2222/861/2223 2234/887/2235 2233/888/2233 2221/862/2221
f 2223/863/2224 2235/889/2236 2234/887/2235 2222/861/2223
f 2224/864/2225 2236/890/2237 2235/889/2236 2223/863/2224
f 2225/865/2226 2237/891/2238 2236/890/2237 2224/864/2225
f 2226/866/2227 2238/892/2239 2237/891/2238 2225/865/2226
f 2227/867/2228 2239/893/2240 2238/892/2239 2226/866/2227
f 2228/868/2229 2240/894/2241 2239/893/2240 2227/867/2228
f 2229/869/2230 2241/895/2242 2240/894/2241 2228/868/2229
f 2230/870/2231 2242/896/2243 2241/895/2242 2229/869/2230
f 2231/871/2232 2243/897/2244 2242/896/2243 2230/870/2231
f 2232/860/2222 2244/886/2234 2243/897/2244 2231/871/2232
f 2233/885/2233 2245/911/2245 2256/912/2246 2244/886/2234
f 2234/887/2235 2246/913/2247 2245/914/2245 2233/888/2233
f 2235/889/2236 2247/915/2248 2246/913/2247 2234/887/2235
f 2236/890/2237 2248/916/2249 2247/915/2248 2235/889/2236
f 2237/891/2238 2249/917/2250 2248/916/2249 2236/890/2237
f 2238/892/2239 2250/918/2251 2249/917/2250 2237/891/2238
f 2239/893/2240 2251/919/2252 2250/918/2251 2238/892/2239
f 2240/894/2241 2252/920/2253 2251/919/2252 2239/893/2240
f 2241/895/2242 2253/921/2254 2252/920/2253 2240/894/2241
f 2242/896/2243 2254/922/2255 2253/921/2254 2241/895/2242
f 2243/897/2244 2255/923/2256 2254/922/2255 2242/896/2243
f 2244/886/2234 2256/912/2246 2255/923/2256 2243/897/2244
f 2245/911/2245 2257/937/2257 2268/938/2258 2256/912/2246
f 2246/913/2247 2258/939/2259 2257/940/2257 2245/914/2245
f 2247/915/2248 2259/941/2260 2258/939/2259 2246/913/2247
f 2248/916/2249 2260/942/2261 2259/941/2260 2247/915/2248
f 2249/917/2250 2261/943/2262 2260/942/2261 2248/916/2249
f 2250/918/2251 2262/944/2263 2261/943/2262 2249/917/2250
f 2251/919/2252 2263/945/2264 2262/944/2263 2250/918/2251
f 2252/920/2253 2264/946/2265 2263/945/2264 2251/919/2252
f 2253/921/2254 2265/947/2266 2264/946/2265 2252/920/2253
f 2254/922/2255 2266/948/2267 2265/947/2266 2253/921/2254
f 2255/923/2256 2267/949/2268 2266/948/2267 2254/922/2255
f 2256/912/2246 2268/938/2258 2267/949/2268 2255/923/2256
f 2257/937/2257 2269/963/2269 2280/964/2270 2268/938/2258
f 2258/939/2259 2270/965/2271 2269/966/2269 2257/940/2257
f 2259/941/2260 2271/967/2272 2270/965/2271 2258/939/2259
f 2260/942/2261 2272/968/2273 2271/967/2272 2259/941/2260
f 2261/943/2262 2273/969/2274 2272/968/2273 2260/942/2261
f 2262/944/2263 2274/970/2275 2273/969/2274 2261/943/2262
f 2263/945/2264 2275/971/2276 2274/970/2275 2262/944/2263
f 2264/946/2265 2276/972/2277 2275/971/2276 2263/945/2264
f 2265/947/2266 2277/973/2278 2276/972/2277 2264/946/2265
f 2266/948/2267 2278/974/2279 2277/973/2278 2265/947/2266
f 2267/949/2268 2279/975/2280 2278/974/2279 2266/948/2267
f 2268/938/2258 2280/964/2270 2279/975/2280 2267/949/2268
f 2281/651/2281 2292/654/2282 2304/653/2283 2293/652/2284
f 2282/655/2285 2281/658/2281 2293/657/2284 2294/656/2286
f 2283/659/2287 2282/655/2285 2294/656/2286 2295/660/2288
f 2284/661/2289 2283/659/2287 2295/660/2288 2296/662/2290
f 2285/663/2291 2284/661/2289 2296/662/2290 2297/664/2292
f 2286/665/2293 2285/663/2291 2297/664/2292 2298/666/2294
f 2287/667/2295 2286/665/2293 2298/666/2294 2299/668/2296
f 2288/669/2297 2287/667/2295 2299/668/2296 2300/670/2298
f 2289/671/2299 2288/669/2297 2300/670/2298 2301/672/2300
f 2290/673/2301 2289/671/2299 2301/672/2300 2302/674/2302
f 2291/675/2303 2290/673/2301 2302/674/2302 2303/676/2304
f 2292/654/2282 2291/675/2303 2303/676/2304 2304/653/2283
f 2293/652/2284 2304/653/2283 2316/678/2305 2305/677/2306
f 2294/656/2286 2293/657/2284 2305/680/2306 2306/679/2307
f 2295/660/2288 2294/656/2286 2306/679/2307 2307/681/2308
f 2296/662/2290 2295/660/2288 2307/681/2308 2308/682/2309
f 2297/664/2292 2296/662/2290 2308/682/2309 2309/683/2310
f 2298/666/2294 2297/664/2292 2309/683/2310 2310/684/2311
f 2299/668/2296 2298/666/2294 2310/684/2311 2311/685/2312
f 2300/670/2298 2299/668/2296 2311/685/2312 2312/686/2313
f 2301/672/2300 2300/670/2298 2312/686/2313 2313/687/2314
f 2302/674/2302 2301/672/2300 2313/687/2314 2314/688/2315
f 2303/676/2304 2302/674/2302 2314/688/2315 2315/689/2316
f 2304/653/2283 2303/676/2304 2315/689/2316 2316/678/2305
f 2305/677/2306 2316/678/2305 2328/691/2317 2317/690/2318
f 2306/679/2307 2305/680/2306 2317/693/2318 2318/692/2319
f 2307/681/2308 2306/679/2307 2318/692/2319 2319/694/2320
f 2308/682/2309 2307/681/2308 2319/694/2320 2320/695/2321
f 2309/683/2310 2308/682/2309 2320/695/2321 2321/696/2322
f 2310/684/2311 2309/683/2310 2321/696/2322 2322/697/2323
f 2311/685/2312 2310/684/2311 2322/697/2323 2323/698/2324
f 2312/686/2313 2311/685/2312 2323/698/2324 2324/699/2325
f 2313/687/2314 2312/686/2313 2324/699/2325 2325/700/2326
f 2314/688/2315 2313/687/2314 2325/700/2326 2326/701/2327
f 2315/689/2316 2314/688/2315 2326/701/2327 2327/702/2328
f 2316/678/2305 2315/689/2316 2327/702/2328 2328/691/2317
f 2317/690/2318 2328/691/2317 2340/704/2329 2329/703/2330
f 2318/692/2319 2317/693/2318 2329/706/2330 2330/705/2331
f 2319/694/2320 2318/692/2319 2330/705/2331 2331/707/2332
f 2320/695/2321 2319/694/2320 2331/707/2332 2332/708/2333
f 2321/696/2322 2320/695/2321 2332/708/2333 2333/709/2334
f 2322/697/2323 2321/696/2322 2333/709/2334 2334/710/2335
f 2323/698/2324 2322/697/2323 2334/710/2335 2335/711/2336
f 2324/699/2325 2323/698/2324 2335/711/2336 2336/712/2337
f 2325/700/2326 2324/699/2325 2336/712/2337 2337/713/2338
f 2326/701/2327 2325/700/2326 2337/713/2338 2338/714/2339
f 2327/702/2328 2326/701/2327 2338/714/2339 2339/715/2340
f 2328/691/2317 2327/702/2328 2339/715/2340 2340/704/2329
f 2329/703/2330 2340/704/2329 2352/717/2341 2341/716/2342
f 2330/705/2331 2329/706/2330 2341/719/2342 2342/718/2343
f 2331/707/2332 2330/705/2331 2342/718/2343 2343/720/2344
f 2332/708/2333 2331/707/2332 2343/720/2344 2344/721/2345
f 2333/709/2334 2332/708/2333 2344/721/2345 2345/722/2346
f 2334/710/2335 2333/709/2334 2345/722/2346 2346/723/2347
f 2335/711/2336 2334/710/2335 2346/723/2347 2347/724/2348
f 2336/712/2337 2335/711/2336 2347/724/2348 2348/725/2349
f 2337/713/2338 2336/712/2337 2348/725/2349 2349/726/2350
f 2338/714/2339 2337/713/2338 2349/726/2350 2350/727/2351
f 2339/715/2340 2338/714/2339 2350/727/2351 2351/728/2352
f 2340/704/2329 2339/715/2340 2351/728/2352 2352/717/2341
f 2341/716/2342 2352/717/2341 2364/730/2353 2353/729/2354
f 2342/718/2343 2341/719/2342 2353/732/2354 2354/731/2355
f 2343/720/2344 2342/718/2343 2354/731/2355 2355/733/2356
f 2344/721/2345 2343/720/2344 2355/733/2356 2356/734/2357
f 2345/722/2346 2344/721/2345 2356/734/2357 2357/735/2358
f 2346/723/2347 2345/722/2346 2357/735/2358 2358/736/2359
f 2347/724/2348 2346/723/2347 2358/736/2359 2359/737/2360
f 2348/725/2349 2347/724/2348 2359/737/2360 2360/738/2361
f 2349/726/2350 2348/725/2349 2360/738/2361 2361/739/2362
f 2350/727/2351 2349/726/2350 2361/739/2362 2362/740/2363
f 2351/728/2352 2350/727/2351 2362/740/2363 2363/741/2364
f 2352/717/2341 2351/728/2352 2363/741/2364 2364/730/2353
f 2353/729/2354 2364/730/2353 2376/743/2365 2365/742/2366
f 2354/731/2355 2353/732/2354 2365/745/2366 2366/744/2367
f 2355/733/2356 2354/731/2355 2366/744/2367 2367/746/2368
f 2356/734/2357 2355/733/2356 2367/746/2368 2368/747/2369
f 2357/735/2358 2356/734/2357 2368/747/2369 2369/748/2370
f 2358/736/2359 2357/735/2358 2369/748/2370 2370/749/2371
f 2359/737/2360 2358/736/2359 2370/749/2371 2371/750/2372
f 2360/738/2361 2359/737/2360 2371/750/2372 2372/751/2373
f 2361/739/2362 2360/738/2361 2372/751/2373 2373/752/2374
f 2362/740/2363 2361/739/2362 2373/752/2374 2374/753/2375
f 2363/741/2364 2362/740/2363 2374/753/2375 2375/754/2376
f 2364/730/2353 2363/741/2364 2375/754/2376 2376/743/2365
f 2365/742/2366 2376/743/2365 2388/756/2377 2377/755/2378
f 2366/744/2367 2365/745/2366 2377/758/2378 2378/757/2379
f 2367/746/2368 2366/744/2367 2378/757/2379 2379/759/2380
f 2368/747/2369 2367/746/2368 2379/759/2380 2380/760/2381
f 2369/748/2370 2368/747/2369 2380/760/2381 2381/761/2382
f 2370/749/2371 2369/748/2370 2381/761/2382 2382/762/2383
f 2371/750/2372 2370/749/2371 2382/762/2383 2383/763/2384
f 2372/751/2373 2371/750/2372 2383/763/2384 2384/764/2385
f 2373/752/2374 2372/751/2373 2384/764/2385 2385/765/2386
f 2374/753/2375 2373/752/2374 2385/765/2386 2386/766/2387
f 2375/754/2376 2374/753/2375 2386/766/2387 2387/767/2388
f 2376/743/2365 2375/754/2376 2387/767/2388 2388/756/2377
f 2377/755/2378 2388/756/2377 2400/769/2389 2389/768/2390
f 2378/757/2379 2377/758/2378 2389/771/2390 2390/770/2391
f 2379/759/2380 2378/757/2379 2390/770/2391 2391/772/2392
f 2380/760/2381 2379/759/2380 2391/772/2392 2392/773/2393
f 2381/761/2382 2380/760/2381 2392/773/2393 2393/774/2394
f 2382/762/2383 2381/761/2382 2393/774/2394 2394/775/2395
f 2383/763/2384 2382/762/2383 2394/775/2395 2395/776/2396
f 2384/764/2385 2383/763/2384 2395/776/2396 2396/777/2397
f 2385/765/2386 2384/764/2385 2396/777/2397 2397/778/2398
f 2386/766/2387 2385/765/2386 2397/778/2398 2398/779/2399
f 2387/767/2388 2386/766/2387 2398/779/2399 2399/780/2400
f 2388/756/2377 2387/767/2388 2399/780/2400 2400/769/2389
f 2389/768/2390 2400/769/2389 2412/782/2401 2401/781/2402
f 2390/770/2391 2389/771/2390 2401/784/2402 2402/783/2403
f 2391/772/2392 2390/770/2391 2402/783/2403 2403/785/2404
f 2392/773/2393 2391/772/2392 2403/785/2404 2404/786/2405
f 2393/774/2394 2392/773/2393 2404/786/2405 2405/787/2406
f 2394/775/2395 2393/774/2394 2405/787/2406 2406/788/2407
f 2395/776/2396 2394/775/2395 2406/788/2407 2407/789/2408
f 2396/777/2397 2395/776/2396 2407/789/2408 2408/790/2409
f 2397/778/2398 2396/777/2397 2408/790/2409 2409/791/2410
f 2398/779/2399 2397/778/2398 2409/791/2410 2410/792/2411
f 2399/780/2400 2398/779/2399 2410/792/2411 2411/793/2412
f 2400/769/2389 2399/780/2400 2411/793/2412 2412/782/2401
f 2401/781/2402 2412/782/2401 2424/795/2413 2413/794/2414
f 2402/783/2403 2401/784/2402 2413/797/2414 2414/796/2415
f 2403/785/2404 2402/783/2403 2414/796/2415 2415/798/2416
f 2404/786/2405 2403/785/2404 2415/798/2416 2416/799/2417
f 2405/787/2406 2404/786/2405 2416/799/2417 2417/800/2418
f 2406/788/2407 2405/787/2406 2417/800/2418 2418/801/2419
f 2407/789/2408 2406/788/2407 2418/801/2419 2419/802/2420
f 2408/790/2409 2407/789/2408 2419/802/2420 2420/803/2421
f 2409/791/2410 2408/790/2409 2420/803/2421 2421/804/2422
f 2410/792/2411 2409/791/2410 2421/804/2422 2422/805/2423
f 2411/793/2412 2410/792/2411 2422/805/2423 2423/806/2424
f 2412/782/2401 2411/793/2412 2423/806/2424 2424/795/2413
f 2413/794/2414 2424/795/2413 2436/808/2425 2425/807/2426
f 2414/796/2415 2413/797/2414 2425/810/2426 2426/809/2427
f 2415/798/2416 2414/796/2415 2426/809/2427 2427/811/2428
f 2416/799/2417 2415/798/2416 2427/811/2428 2428/812/2429
f 2417/800/2418 2416/799/2417 2428/812/2429 2429/813/2430
f 2418/801/2419 2417/800/2418 2429/813/2430 2430/814/2431
f 2419/802/2420 2418/801/2419 2430/814/2431 2431/815/2432
f 2420/803/2421 2419/802/2420 2431/815/2432 2432/816/2433
f 2421/804/2422 2420/803/2421 2432/816/2433 2433/817/2434
f 2422/805/2423 2421/804/2422 2433/817/2434 2434/818/2435
f 2423/806/2424 2422/805/2423 2434/818/2435 2435/819/2436
f 2424/795/2413 2423/806/2424 2435/819/2436 2436/808/2425
f 2425/807/2426 2436/808/2425 2448/821/2437 2437/820/2438
f 2426/809/2427 2425/810/2426 2437/823/2438 2438/822/2439
f 2427/811/2428 2426/809/2427 2438/822/2439 2439/824/2440
f 2428/812/2429 2427/811/2428 2439/824/2440 2440/825/2441
f 2429/813/2430 2428/812/2429 2440/825/2441 2441/826/2442
f 2430/814/2431 2429/813/2430 2441/826/2442 2442/827/2443
f 2431/815/2432 2430/814/2431 2442/827/2443 2443/828/2444
f 2432/816/2433 2431/815/2432 2443/828/2444 2444/829/2445
f 2433/817/2434 2432/816/2433 2444/829/2445 2445/830/2446
f 2434/818/2435 2433/817/2434 2445/830/2446 2446/831/2447
f 2435/819/2436 2434/818/2435 2446/831/2447 2447/832/2448
f 2436/808/2425 2435/819/2436 2447/832/2448 2448/821/2437
f 2437/820/2438 2448/821/2437 2460/834/2449 2449/833/2450
f 2438/822/2439 2437/823/2438 2449/836/2450 2450/835/2451
f 2439/824/2440 2438/822/2439 2450/835/2451 2451/837/2452
f 2440/825/2441 2439/824/2440 2451/837/2452 2452/838/2453
f 2441/826/2442 2440/825/2441 2452/838/2453 2453/839/2454
f 2442/827/2443 2441/826/2442 2453/839/2454 2454/840/2455
f 2443/828/2444 2442/827/2443 2454/840/2455 2455/841/2456
f 2444/829/2445 2443/828/2444 2455/841/2456 2456/842/2457
f 2445/830/2446 2444/829/2445 2456/842/2457 2457/843/2458
f 2446/831/2447 2445/830/2446 2457/843/2458 2458/844/2459
f 2447/832/2448 2446/831/2447 2458/844/2459 2459/845/2460
f 2448/821/2437 2447/832/2448 2459/845/2460 2460/834/2449
f 2449/833/2450 2460/834/2449 2472/847/2461 2461/846/2462
f 2450/835/2451 2449/836/2450 2461/849/2462 2462/848/2463
f 2451/837/2452 2450/835/2451 2462/848/2463 2463/850/2464
f 2452/838/2453 2451/837/2452 2463/850/2464 2464/851/2465
f 2453/839/2454 2452/838/2453 2464/851/2465 2465/852/2466
f 2454/840/2455 2453/839/2454 2465/852/2466 2466/853/2467
f 2455/841/2456 2454/840/2455 2466/853/2467 2467/854/2468
f 2456/842/2457 2455/841/2456 2467/854/2468 2468/855/2469
f 2457/843/2458 2456/842/2457 2468/855/2469 2469/856/2470
f 2458/844/2459 2457/843/2458 2469/856/2470 2470/857/2471
f 2459/845/2460 2458/844/2459 2470/857/2471 2471/858/2472
f 2460/834/2449 2459/845/2460 2471/858/2472 2472/847/2461
f 2461/846/2462 2472/847/2461 2484/860/2473 2473/859/2474
f 2462/848/2463 2461/849/2462 2473/862/2474 2474/861/2475
f 2463/850/2464 2462/848/2463 2474/861/2475 2475/863/2476
f 2464/851/2465 2463/850/2464 2475/863/2476 2476/864/2477
f 2465/852/2466 2464/851/2465 2476/864/2477 2477/865/2478
f 2466/853/2467 2465/852/2466 2477/865/2478 2478/866/2479
f 2467/854/2468 2466/853/2467 2478/866/2479 2479/867/2480
f 2468/855/2469 2467/854/2468 2479/867/2480 2480/868/2481
f 2469/856/2470 2468/855/2469 2480/868/2481 2481/869/2482
f 2470/857/2471 2469/856/2470 2481/869/2482 2482/870/2483
f 2471/858/2472 2470/857/2471 2482/870/2483 2483/871/2484
f 2472/847/2461 2471/858/2472 2483/871/2484 2484/860/2473
f 2473/859/2474 2484/860/2473 2496/873/2485 2485/872/2486
f 2474/861/2475 2473/862/2474 2485/875/2486 2486/874/2487
f 2475/863/2476 2474/861/2475 2486/874/2487 2487/876/2488
f 2476/864/2477 2475/863/2476 2487/876/2488 2488/877/2489
f 2477/865/2478 2476/864/2477 2488/877/2489 2489/878/2490
f 2478/866/2479 2477/865/2478 2489/878/2490 2490/879/2491
f 2479/867/2480 2478/866/2479 2490/879/2491 2491/880/2492
f 2480/868/2481 2479/867/2480 2491/880/2492 2492/881/2493
f 2481/869/2482 2480/868/2481 2492/881/2493 2493/882/2494
f 2482/870/2483 2481/869/2482 2493/882/2494 2494/883/2495
f 2483/871/2484 2482/870/2483 2494/883/2495 2495/884/2496
f 2484/860/2473 2483/871/2484 2495/884/2496 2496/873/2485
f 2485/872/2486 2496/873/2485 2508/886/2497 2497/885/2498
f 2486/874/2487 2485/875/2486 2497/888/2498 2498/887/2499
f 2487/876/2488 2486/874/2487 2498/887/2499 2499/889/2500
f 2488/877/2489 2487/876/2488 2499/889/2500 2500/890/2501
f 2489/878/2490 2488/877/2489 2500/890/2501 2501/891/2502
f 2490/879/2491 2489/878/2490 2501/891/2502 2502/892/2503
f 2491/880/2492 2490/879/2491 2502/892/2503 2503/893/2504
f 2492/881/2493 2491/880/2492 2503/893/2504 2504/894/2505
f 2493/882/2494 2492/881/2493 2504/894/2505 2505/895/2506
f 2494/883/2495 2493/882/2494 2505/895/2506 2506/896/2507
f 2495/884/2496 2494/883/2495 2506/896/2507 2507/897/2508
f 2496/873/2485 2495/884/2496 2507/897/2508 2508/886/2497
f 2497/885/2498 2508/886/2497 2520/899/2509 2509/898/2510
f 2498/887/2499 2497/888/2498 2509/901/2510 2510/900/2511
f 2499/889/2500 2498/887/2499 2510/900/2511 2511/902/2512
f 2500/890/2501 2499/889/2500 2511/902/2512 2512/903/2513
f 2501/891/2502 2500/890/2501 2512/903/2513 2513/904/2514
f 2502/892/2503 2501/891/2502 2513/904/2514 2514/905/2515
f 2503/893/2504 2502/892/2503 2514/905/2515 2515/906/2516
f 2504/894/2505 2503/893/2504 2515/906/2516 2516/907/2517
f 2505/895/2506 2504/894/2505 2516/907/2517 2517/908/2518
f 2506/896/2507 2505/895/2506 2517/908/2518 2518/909/2519
f 2507/897/2508 2506/896/2507 2518/909/2519 2519/910/2520
f 2508/886/2497 2507/897/2508 2519/910/2520 2520/899/2509
f 2509/898/2510 2520/899/2509 2532/912/2521 2521/911/2522
f 2510/900/2511 2509/901/2510 2521/914/2522 2522/913/2523
f 2511/902/2512 2510/900/2511 2522/913/2523 2523/915/2524
f 2512/903/2513 2511/902/2512 2523/915/2524 2524/916/2525
f 2513/904/2514 2512/903/2513 2524/916/2525 2525/917/2526
f 2514/905/2515 2513/904/2514 2525/917/2526 2526/918/2527
f 2515/906/2516 2514/905/2515 2526/918/2527 2527/919/2528
f 2516/907/2517 2515/906/2516 2527/919/2528 2528/920/2529
f 2517/908/2518 2516/907/2517 2528/920/2529 2529/921/2530
f 2518/909/2519 2517/908/2518 2529/921/2530 2530/922/2531
f 2519/910/2520 2518/909/2519 2530/922/2531 2531/923/2532
f 2520/899/2509 2519/910/2520 2531/923/2532 2532/912/2521
f 2521/911/2522 2532/912/2521 2544/925/2533 2533/924/2534
f 2522/913/2523 2521/914/2522 2533/927/2534 2534/926/2535
f 2523/915/2524 2522/913/2523 2534/926/2535 2535/928/2536
f 2524/916/2525 2523/915/2524 2535/928/2536 2536/929/2537
f 2525/917/2526 2524/916/2525 2536/929/2537 2537/930/2538
f 2526/918/2527 2525/917/2526 2537/930/2538 2538/931/2539
f 2527/919/2528 2526/918/2527 2538/931/2539 2539/932/2540
f 2528/920/2529 2527/919/2528 2539/932/2540 2540/933/2541
f 2529/921/2530 2528/920/2529 2540/933/2541 2541/934/2542
f 2530/922/2531 2529/921/2530 2541/934/2542 2542/935/2543
f 2531/923/2532 2530/922/2531 2542/935/2543 2543/936/2544
f 2532/912/2521 2531/923/2532 2543/936/2544 2544/925/2533
f 2533/924/2534 2544/925/2533 2556/938/2545 2545/937/2546
f 2534/926/2535 2533/927/2534 2545/940/2546 2546/939/2547
f 2535/928/2536 2534/926/2535 2546/939/2547 2547/941/2548
f 2536/929/2537 2535/928/2536 2547/941/2548 2548/942/2549
f 2537/930/2538 2536/929/2537 2548/942/2549 2549/943/2550
f 2538/931/2539 2537/930/2538 2549/943/2550 2550/944/2551
f 2539/932/2540 2538/931/2539 2550/944/2551 2551/945/2552
f 2540/933/2541 2539/932/2540 2551/945/2552 2552/946/2553
f 2541/934/2542 2540/933/2541 2552/946/2553 2553/947/2554
f 2542/935/2543 2541/934/2542 2553/947/2554 2554/948/2555
f 2543/936/2544 2542/935/2543 2554/948/2555 2555/949/2556
f 2544/925/2533 2543/936/2544 2555/949/2556 2556/938/2545
f 2545/937/2546 2556/938/2545 2568/951/2557 2557/950/2558
f 2546/939/2547 2545/940/2546 2557/953/2558 2558/952/2559
f 2547/941/2548 2546/939/2547 2558/952/2559 2559/954/2560
f 2548/942/2549 2547/941/2548 2559/954/2560 2560/955/2561
f 2549/943/2550 2548/942/2549 2560/955/2561 2561/956/2562
f 2550/944/2551 2549/943/2550 2561/956/2562 2562/957/2563
f 2551/945/2552 2550/944/2551 2562/957/2563 2563/958/2564
f 2552/946/2553 2551/945/2552 2563/958/2564 2564/959/2565
f 2553/947/2554 2552/946/2553 2564/959/2565 2565/960/2566
f 2554/948/2555 2553/947/2554 2565/960/2566 2566/961/2567
f 2555/949/2556 2554/948/2555 2566/961/2567 2567/962/2568
f 2556/938/2545 2555/949/2556 2567/962/2568 2568/951/2557
f 2557/950/2558 2568/951/2557 2580/964/2569 2569/963/2570
f 2558/952/2559 2557/953/2558 2569/966/2570 2570/965/2571
f 2559/954/2560 2558/952/2559 2570/965/2571 2571/967/2572
f 2560/955/2561 2559/954/2560 2571/967/2572 2572/968/2573
f 2561/956/2562 2560/955/2561 2572/968/2573 2573/969/2574
f 2562/957/2563 2561/956/2562 2573/969/2574 2574/970/2575
f 2563/958/2564 2562/957/2563 2574/970/2575 2575/971/2576
f 2564/959/2565 2563/958/2564 2575/971/2576 2576/972/2577
f 2565/960/2566 2564/959/2565 2576/972/2577 2577/973/2578
f 2566/961/2567 2565/960/2566 2577/973/2578 2578/974/2579
f 2567/962/2568 2566/961/2567 2578/974/2579 2579/975/2580
f 2568/951/2557 2567/962/2568 2579/975/2580 2580/964/2569
f 2581/651/2581 2592/654/2582 2604/678/2583 2593/677/2584
f 2582/655/2585 2581/658/2581 2593/680/2584 2594/679/2586
f 2583/659/2587 2582/655/2585 2594/679/2586 2595/681/2588
f 2584/661/2589 2583/659/2587 2595/681/2588 2596/682/2590
f 2585/663/2591 2584/661/2589 2596/682/2590 2597/683/2592
f 2586/665/2593 2585/663/2591 2597/683/2592 2598/684/2594
f 2587/667/2595 2586/665/2593 2598/684/2594 2599/685/2596
f 2588/669/2597 2587/667/2595 2599/685/2596 2600/686/2598
f 2589/671/2599 2588/669/2597 2600/686/2598 2601/687/2600
f 2590/673/2601 2589/671/2599 2601/687/2600 2602/688/2602
f 2591/675/2603 2590/673/2601 2602/688/2602 2603/689/2604
f 2592/654/2582 2591/675/2603 2603/689/2604 2604/678/2583
f 2593/677/2584 2604/678/2583 2616/704/2605 2605/703/2606
f 2594/679/2586 2593/680/2584 2605/706/2606 2606/705/2607
f 2595/681/2588 2594/679/2586 2606/705/2607 2607/707/2608
f 2596/682/2590 2595/681/2588 2607/707/2608 2608/708/2609
f 2597/683/2592 2596/682/2590 2608/708/2609 2609/709/2610
f 2598/684/2594 2597/683/2592 2609/709/2610 2610/710/2611
f 2599/685/2596 2598/684/2594 2610/710/2611 2611/711/2612
f 2600/686/2598 2599/685/2596 2611/711/2612 2612/712/2613
f 2601/687/2600 2600/686/2598 2612/712/2613 2613/713/2614
f 2602/688/2602 2601/687/2600 2613/713/2614 2614/714/2615
f 2603/689/2604 2602/688/2602 2614/714/2615 2615/715/2616
f 2604/678/2583 2603/689/2604 2615/715/2616 2616/704/2605
f 2605/703/2606 2616/704/2605 2628/730/2617 2617/729/2618
f 2606/705/2607 2605/706/2606 2617/732/2618 2618/731/2619
f 2607/707/2608 2606/705/2607 2618/731/2619 2619/733/2620
f 2608/708/2609 2607/707/2608 2619/733/2620 2620/734/2621
f 2609/709/2610 2608/708/2609 2620/734/2621 2621/735/2622
f 2610/710/2611 2609/709/2610 2621/735/2622 2622/736/2623
f 2611/711/2612 2610/710/2611 2622/736/2623 2623/737/2624
f 2612/712/2613 2611/711/2612 2623/737/2624 2624/738/2625
f 2613/713/2614 2612/712/2613 2624/738/2625 2625/739/2626
f 2614/714/2615 2613/713/2614 2625/739/2626 2626/740/2627
f 2615/715/2616 2614/714/2615 2626/740/2627 2627/741/2628
f 2616/704/2605 2615/715/2616 2627/741/2628 2628/730/2617
f 2617/729/2618 2628/730/2617 2640/756/2179 2629/755/2629
f 2618/731/2619 2617/732/2618 2629/758/2629 2630/757/2630
f 2619/733/2620 2618/731/2619 2630/757/2630 2631/759/2631
f 2620/734/2621 2619/733/2620 2631/759/2631 2632/760/2632
f 2621/735/2622 2620/734/2621 2632/760/2632 2633/761/2633
f 2622/736/2623 2621/735/2622 2633/761/2633 2634/762/2634
f 2623/737/2624 2622/736/2623 2634/762/2634 2635/763/2635
f 2624/738/2625 2623/737/2624 2635/763/2635 2636/764/2636
f 2625/739/2626 2624/738/2625 2636/764/2636 2637/765/2637
f 2626/740/2627 2625/739/2626 2637/765/2637 2638/766/2638
f 2627/741/2628 2626/740/2627 2638/766/2638 2639/767/2639
f 2628/730/2617 2627/741/2628 2639/767/2639 2640/756/2179
f 2629/755/2629 2640/756/2179 2652/782/2640 2641/781/2641
f 2630/757/2630 2629/758/2629 2641/784/2641 2642/783/2642
f 2631/759/2631 2630/757/2630 2642/783/2642 2643/785/2643
f 2632/760/2632 2631/759/2631 2643/785/2643 2644/786/2644
f 2633/761/2633 2632/760/2632 2644/786/2644 2645/787/2645
f 2634/762/2634 2633/761/2633 2645/787/2645 2646/788/2646
f 2635/763/2635 2634/762/2634 2646/788/2646 2647/789/2647
f 2636/764/2636 2635/763/2635 2647/789/2647 2648/790/2648
f 2637/765/2637 2636/764/2636 2648/790/2648 2649/791/2649
f 2638/766/2638 2637/765/2637 2649/791/2649 2650/792/2650
f 2639/767/2639 2638/766/2638 2650/792/2650 2651/793/2651
f 2640/756/2179 2639/767/2639 2651/793/2651 2652/782/2640
f 2641/781/2641 2652/782/2640 2664/808/2652 2653/807/2653
f 2642/783/2642 2641/784/2641 2653/810/2653 2654/809/2654
f 2643/785/2643 2642/783/2642 2654/809/2654 2655/811/2655
f 2644/786/2644 2643/785/2643 2655/811/2655 2656/812/2656
f 2645/787/2645 2644/786/2644 2656/812/2656 2657/813/2657
f 2646/788/2646 2645/787/2645 2657/813/2657 2658/814/2658
f 2647/789/2647 2646/788/2646 2658/814/2658 2659/815/2659
f 2648/790/2648 2647/789/2647 2659/815/2659 2660/816/2660
f 2649/791/2649 2648/790/2648 2660/816/2660 2661/817/2661
f 2650/792/2650 2649/791/2649 2661/817/2661 2662/818/2662
f 2651/793/2651 2650/792/2650 2662/818/2662 2663/819/2663
f 2652/782/2640 2651/793/2651 2663/819/2663 2664/808/2652
f 2653/807/2653 2664/808/2652 2676/834/2664 2665/833/2665
f 2654/809/2654 2653/810/2653 2665/836/2665 2666/835/2666
f 2655/811/2655 2654/809/2654 2666/835/2666 2667/837/2667
f 2656/812/2656 2655/811/2655 2667/837/2667 2668/838/2668
f 2657/813/2657 2656/812/2656 2668/838/2668 2669/839/2669
f 2658/814/2658 2657/813/2657 2669/839/2669 2670/840/2670
f 2659/815/2659 2658/814/2658 2670/840/2670 2671/841/2671
f 2660/816/2660 2659/815/2659 2671/841/2671 2672/842/2672
f 2661/817/2661 2660/816/2660 2672/842/2672 2673/843/2673
f 2662/818/2662 2661/817/2661 2673/843/2673 2674/844/2674
f 2663/819/2663 2662/818/2662 2674/844/2674 2675/845/2675
f 2664/808/2652 2663/819/2663 2675/845/2675 2676/834/2664
f 2665/833/2665 2676/834/2664 2688/860/2676 2677/859/2677
f 2666/835/2666 2665/836/2665 2677/862/2677 2678/861/2678
f 2667/837/2667 2666/835/2666 2678/861/2678 2679/863/2679
f 2668/838/2668 2667/837/2667 2679/863/2679 2680/864/2680
f 2669/839/2669 2668/838/2668 2680/864/2680 2681/865/2681
f 2670/840/2670 2669/839/2669 2681/865/2681 2682/866/2682
f 2671/841/2671 2670/840/2670 2682/866/2682 2683/867/2683
f 2672/842/2672 2671/841/2671 2683/867/2683 2684/868/2684
f 2673/843/2673 2672/842/2672 2684/868/2684 2685/869/2685
f 2674/844/2674 2673/843/2673 2685/869/2685 2686/870/2686
f 2675/845/2675 2674/844/2674 2686/870/2686 2687/871/2687
f 2676/834/2664 2675/845/2675 2687/871/2687 2688/860/2676
f 2677/859/2677 2688/860/2676 2700/886/2688 2689/885/2689
f 2678/861/2678 2677/862/2677 2689/888/2689 2690/887/2690
f 2679/863/2679 2678/861/2678 2690/887/2690 2691/889/2691
f 2680/864/2680 2679/863/2679 2691/889/2691 2692/890/2692
f 2681/865/2681 2680/864/2680 2692/890/2692 2693/891/2693
f 2682/866/2682 2681/865/2681 2693/891/2693 2694/892/2694
f 2683/867/2683 2682/866/2682 2694/892/2694 2695/893/2695
f 2684/868/2684 2683/867/2683 2695/893/2695 2696/894/2696
f 2685/869/2685 2684/868/2684 2696/894/2696 2697/895/2697
f 2686/870/2686 2685/869/2685 2697/895/2697 2698/896/2698
f 2687/871/2687 2686/870/2686 2698/896/2698 2699/897/2699
f 2688/860/2676 2687/871/2687 2699/897/2699 2700/886/2688
f 2689/885/2689 2700/886/2688 2712/912/2700 2701/911/2701
f 2690/887/2690 2689/888/2689 2701/914/2701 2702/913/2702
f 2691/889/2691 2690/887/2690 2702/913/2702 2703/915/2703
f 2692/890/2692 2691/889/2691 2703/915/2703 2704/916/2704
f 2693/891/2693 2692/890/2692 2704/916/2704 2705/917/2705
f 2694/892/2694 2693/891/2693 2705/917/2705 2706/918/2706
f 2695/893/2695 2694/892/2694 2706/918/2706 2707/919/2707
f 2696/894/2696 2695/893/2695 2707/919/2707 2708/920/2708
f 2697/895/2697 2696/894/2696 2708/920/2708 2709/921/2709
f 2698/896/2698 2697/895/2697 2709/921/2709 2710/922/2710
f 2699/897/2699 2698/896/2698 2710/922/2710 2711/923/2711
f 2700/886/2688 2699/897/2699 2711/923/2711 2712/912/2700
f 2701/911/2701 2712/912/2700 2724/938/2712 2713/937/2713
f 2702/913/2702 2701/914/2701 2713/940/2713 2714/939/2714
f 2703/915/2703 2702/913/2702 2714/939/2714 2715/941/2715
f 2704/916/2704 2703/915/2703 2715/941/2715 2716/942/2716
f 2705/917/2705 2704/916/2704 2716/942/2716 2717/943/2717
f 2706/918/2706 2705/917/2705 2717/943/2717 2718/944/2718
f 2707/919/2707 2706/918/2706 2718/944/2718 2719/945/2719
f 2708/920/2708 2707/919/2707 2719/945/2719 2720/946/2720
f 2709/921/2709 2708/920/2708 2720/946/2720 2721/947/2721
f 2710/922/2710 2709/921/2709 2721/947/2721 2722/948/2722
f 2711/923/2711 2710/922/2710 2722/948/2722 2723/949/2723
f 2712/912/2700 2711/923/2711 2723/949/2723 2724/938/2712
f 2713/937/2713 2724/938/2712 2736/964/2724 2725/963/2725
f 2714/939/2714 2713/940/2713 2725/966/2725 2726/965/2726
f 2715/941/2715 2714/939/2714 2726/965/2726 2727/967/2727
f 2716/942/2716 2715/941/2715 2727/967/2727 2728/968/2728
f 2717/943/2717 2716/942/2716 2728/968/2728 2729/969/2729
f 2718/944/2718 2717/943/2717 2729/969/2729 2730/970/2730
f 2719/945/2719 2718/944/2718 2730/970/2730 2731/971/2731
f 2720/946/2720 2719/945/2719 2731/971/2731 2732/972/2732
f 2721/947/2721 2720/946/2720 2732/972/2732 2733/973/2733
f 2722/948/2722 2721/947/2721 2733/973/2733 2734/974/2734
f 2723/949/2723 2722/948/2722 2734/974/2734 2735/975/2735
f 2724/938/2712 2723/949/2723 2735/975/2735 2736/964/2724
f 1826/655/1829 1825/658/1825 2281/658/2281 2282/655/2285
f 1834/673/1845 1833/671/1843 2289/671/2299 2290/673/2301
f 1825/651/1825 1836/654/1828 2292/654/2282 2281/651/2281
f 2114/965/2115 2115/967/2116 2571/967/2572 2570/965/2571
f 2122/974/2123 2123/975/2124 2579/975/2580 2578/974/2579
f 2131/667/2139 2130/665/2137 2586/665/2593 2587/667/2595
f 2274/970/2275 2275/971/2276 2731/971/2731 2730/970/2730
f 1827/659/1831 1826/655/1829 2282/655/2285 2283/659/2287
f 1835/675/1847 1834/673/1845 2290/673/2301 2291/675/2303
f 2113/966/2113 2114/965/2115 2570/965/2571 2569/966/2570
f 2121/973/2122 2122/974/2123 2578/974/2579 2577/973/2578
f 2124/964/2114 2113/963/2113 2569/963/2570 2580/964/2569
f 2130/665/2137 2129/663/2135 2585/663/2591 2586/665/2593
f 2273/969/2274 2274/970/2275 2730/970/2730 2729/969/2729
f 1828/661/1833 1827/659/1831 2283/659/2287 2284/661/2289
f 1836/654/1828 1835/675/1847 2291/675/2303 2292/654/2282
f 2116/968/2117 2117/969/2118 2573/969/2574 2572/968/2573
f 2133/671/2143 2132/669/2141 2588/669/2597 2589/671/2599
f 2276/972/2277 2277/973/2278 2733/973/2733 2732/972/2732
f 1829/663/1835 1828/661/1833 2284/661/2289 2285/663/2291
f 2115/967/2116 2116/968/2117 2572/968/2573 2571/967/2572
f 2123/975/2124 2124/964/2114 2580/964/2569 2579/975/2580
f 2132/669/2141 2131/667/2139 2587/667/2595 2588/669/2597
f 2275/971/2276 2276/972/2277 2732/972/2732 2731/971/2731
f 1830/665/1837 1829/663/1835 2285/663/2291 2286/665/2293
f 2118/970/2119 2119/971/2120 2575/971/2576 2574/970/2575
f 2127/659/2131 2126/655/2129 2582/655/2585 2583/659/2587
f 2135/675/2147 2134/673/2145 2590/673/2601 2591/675/2603
f 2270/965/2271 2271/967/2272 2727/967/2727 2726/965/2726
f 2278/974/2279 2279/975/2280 2735/975/2735 2734/974/2734
f 1831/667/1839 1830/665/1837 2286/665/2293 2287/667/2295
f 2117/969/2118 2118/970/2119 2574/970/2575 2573/969/2574
f 2126/655/2129 2125/658/2125 2581/658/2581 2582/655/2585
f 2134/673/2145 2133/671/2143 2589/671/2599 2590/673/2601
f 2125/651/2125 2136/654/2128 2592/654/2582 2581/651/2581
f 2269/966/2269 2270/965/2271 2726/965/2726 2725/966/2725
f 2277/973/2278 2278/974/2279 2734/974/2734 2733/973/2733
f 2280/964/2270 2269/963/2269 2725/963/2725 2736/964/2724
f 1832/669/1841 1831/667/1839 2287/667/2295 2288/669/2297
f 2120/972/2121 2121/973/2122 2577/973/2578 2576/972/2577
f 2129/663/2135 2128/661/2133 2584/661/2589 2585/663/2591
f 2272/968/2273 2273/969/2274 2729/969/2729 2728/968/2728
f 1833/671/1843 1832/669/1841 2288/669/2297 2289/671/2299
f 2119/971/2120 2120/972/2121 2576/972/2577 2575/971/2576
f 2128/661/2133 2127/659/2131 2583/659/2587 2584/661/2589
f 2136/654/2128 2135/675/2147 2591/675/2603 2592/654/2582
f 2271/967/2272 2272/968/2273 2728/968/2728 2727/967/2727
f 2279/975/2280 2280/964/2270 2736/964/2724 2735/975/2735
o BezierCurve.002
v 0.435180 -0.236522 -0.033291
v 0.438292 -0.236522 -0.030180
v 0.442542 -0.236522 -0.029041
v 0.446792 -0.236522 -0.030180
v 0.449903 -0.236522 -0.033291
v 0.451042 -0.236522 -0.037541
v 0.449903 -0.236522 -0.041791
v 0.446792 -0.236522 -0.044902
v 0.442542 -0.236522 -0.046041
v 0.438292 -0.236522 -0.044902
v 0.435180 -0.236522 -0.041791
v 0.434042 -0.236522 -0.037541
v 0.435278 -0.210378 -0.033139
v 0.438336 -0.210418 -0.030082
v 0.442513 -0.210418 -0.028963
v 0.446690 -0.210378 -0.030081
v 0.449748 -0.210309 -0.033139
v 0.450867 -0.210229 -0.037315
v 0.449747 -0.210160 -0.041491
v 0.446689 -0.210120 -0.044549
v 0.442512 -0.210120 -0.045668
v 0.438335 -0.210160 -0.044549
v 0.435278 -0.210229 -0.041492
v 0.434158 -0.210309 -0.037316
v 0.435202 -0.186474 -0.032566
v 0.438207 -0.186535 -0.029562
v 0.442311 -0.186507 -0.028462
v 0.446414 -0.186397 -0.029559
v 0.449417 -0.186235 -0.032561
v 0.450516 -0.186064 -0.036661
v 0.449415 -0.185931 -0.040763
v 0.446410 -0.185870 -0.043767
v 0.442307 -0.185898 -0.044867
v 0.438203 -0.186008 -0.043770
v 0.435200 -0.186170 -0.040769
v 0.434101 -0.186340 -0.036668
v 0.434782 -0.164737 -0.031613
v 0.437733 -0.164792 -0.028662
v 0.441762 -0.164696 -0.027578
v 0.445789 -0.164474 -0.028651
v 0.448736 -0.164186 -0.031592
v 0.449812 -0.163910 -0.035615
v 0.448729 -0.163718 -0.039641
v 0.445778 -0.163663 -0.042592
v 0.441748 -0.163759 -0.043676
v 0.437721 -0.163980 -0.042603
v 0.434775 -0.164268 -0.039662
v 0.433699 -0.164545 -0.035639
v 0.433850 -0.145087 -0.030324
v 0.436746 -0.145104 -0.027424
v 0.440695 -0.144891 -0.026351
v 0.444640 -0.144506 -0.027392
v 0.447523 -0.144052 -0.030269
v 0.448572 -0.143651 -0.034210
v 0.447505 -0.143410 -0.038160
v 0.444610 -0.143394 -0.041059
v 0.440660 -0.143607 -0.042132
v 0.436716 -0.143992 -0.041091
v 0.433833 -0.144445 -0.038214
v 0.432784 -0.144846 -0.034273
v 0.432246 -0.127447 -0.028744
v 0.435080 -0.127383 -0.025890
v 0.438938 -0.126995 -0.024820
v 0.442786 -0.126386 -0.025820
v 0.445593 -0.125719 -0.028623
v 0.446607 -0.125174 -0.032477
v 0.445556 -0.124896 -0.036350
v 0.442722 -0.124959 -0.039204
v 0.438864 -0.125348 -0.040274
v 0.435016 -0.125957 -0.039273
v 0.432209 -0.126623 -0.036471
v 0.431195 -0.127169 -0.032616
v 0.429819 -0.111734 -0.026920
v 0.432578 -0.111543 -0.024104
v 0.436321 -0.110911 -0.023024
v 0.440045 -0.110008 -0.023969
v 0.442753 -0.109076 -0.026685
v 0.443718 -0.108365 -0.030446
v 0.442683 -0.108065 -0.034243
v 0.439924 -0.108257 -0.037058
v 0.436180 -0.108889 -0.038139
v 0.432456 -0.109792 -0.037194
v 0.429748 -0.110724 -0.034478
v 0.428783 -0.111435 -0.030717
v 0.426430 -0.097857 -0.024901
v 0.429088 -0.097484 -0.022112
v 0.432675 -0.096537 -0.021002
v 0.436228 -0.095269 -0.021871
v 0.438796 -0.094020 -0.024485
v 0.439691 -0.093125 -0.028143
v 0.438674 -0.092823 -0.031867
v 0.436015 -0.093195 -0.034656
v 0.432429 -0.094142 -0.035766
v 0.428876 -0.095410 -0.034897
v 0.426307 -0.096659 -0.032283
v 0.425412 -0.097555 -0.028625
v 0.421949 -0.085692 -0.022732
v 0.424464 -0.085091 -0.019953
v 0.427827 -0.083767 -0.018792
v 0.431137 -0.082075 -0.019561
v 0.433508 -0.080470 -0.022053
v 0.434303 -0.079380 -0.025602
v 0.433311 -0.079099 -0.029255
v 0.430796 -0.079700 -0.032034
v 0.427433 -0.081024 -0.033195
v 0.424123 -0.082716 -0.032426
v 0.421752 -0.084321 -0.029933
v 0.420956 -0.085411 -0.026385
v 0.416232 -0.075079 -0.020446
v 0.418545 -0.074218 -0.017662
v 0.421599 -0.072488 -0.016428
v 0.424575 -0.070352 -0.017075
v 0.426677 -0.068382 -0.019430
v 0.427340 -0.067106 -0.022861
v 0.426388 -0.066866 -0.026450
v 0.424075 -0.067726 -0.029234
v 0.421021 -0.069457 -0.030468
v 0.418044 -0.071593 -0.029821
v 0.415943 -0.073563 -0.027466
v 0.415279 -0.074839 -0.024034
v 0.409092 -0.065819 -0.018063
v 0.411143 -0.064704 -0.015263
v 0.413804 -0.062591 -0.013944
v 0.416360 -0.060044 -0.014458
v 0.418128 -0.057747 -0.016667
v 0.418634 -0.056315 -0.019981
v 0.417742 -0.056131 -0.023510
v 0.415691 -0.057246 -0.026310
v 0.413030 -0.059359 -0.027629
v 0.410474 -0.061906 -0.027115
v 0.408706 -0.064203 -0.024906
v 0.408200 -0.065635 -0.021592
v 0.400286 -0.057724 -0.015591
v 0.402033 -0.056397 -0.012775
v 0.404247 -0.053974 -0.011373
v 0.406335 -0.051104 -0.011758
v 0.407738 -0.048558 -0.013830
v 0.408079 -0.047016 -0.017031
v 0.407267 -0.046893 -0.020505
v 0.405520 -0.048220 -0.023320
v 0.403306 -0.050643 -0.024723
v 0.401218 -0.053513 -0.024337
v 0.399816 -0.056059 -0.022266
v 0.399474 -0.057601 -0.019065
v 0.389538 -0.050661 -0.013043
v 0.390972 -0.049182 -0.010221
v 0.392739 -0.046550 -0.008752
v 0.394365 -0.043470 -0.009029
v 0.395415 -0.040767 -0.010979
v 0.395607 -0.039166 -0.014079
v 0.394890 -0.039095 -0.017498
v 0.393456 -0.040574 -0.020320
v 0.391689 -0.043206 -0.021789
v 0.390063 -0.046286 -0.021512
v 0.389013 -0.048989 -0.019562
v 0.388821 -0.050590 -0.016462
v 0.376592 -0.044553 -0.010447
v 0.377736 -0.042984 -0.007633
v 0.379099 -0.040238 -0.006122
v 0.380316 -0.037049 -0.006317
v 0.381061 -0.034273 -0.008167
v 0.381135 -0.032653 -0.011177
v 0.380517 -0.032623 -0.014539
v 0.379374 -0.034192 -0.017353
v 0.378010 -0.036938 -0.018865
v 0.376793 -0.040127 -0.018669
v 0.376048 -0.042903 -0.016819
v 0.375974 -0.044523 -0.013810
v 0.361237 -0.039356 -0.007846
v 0.362131 -0.037747 -0.005055
v 0.363156 -0.034957 -0.003524
v 0.364039 -0.031736 -0.003662
v 0.364542 -0.028945 -0.005432
v 0.364531 -0.027333 -0.008361
v 0.364009 -0.027332 -0.011663
v 0.363116 -0.028941 -0.014454
v 0.362091 -0.031730 -0.015985
v 0.361208 -0.034952 -0.015847
v 0.360705 -0.037742 -0.014077
v 0.360716 -0.039355 -0.011148
v 0.343300 -0.035025 -0.005287
v 0.343988 -0.033407 -0.002532
v 0.344744 -0.030622 -0.001000
v 0.345367 -0.027416 -0.001100
v 0.345689 -0.024648 -0.002806
v 0.345625 -0.023059 -0.005660
v 0.345191 -0.023076 -0.008899
v 0.344504 -0.024693 -0.011654
v 0.343748 -0.027478 -0.013186
v 0.343125 -0.030685 -0.013086
v 0.342802 -0.033453 -0.011380
v 0.342867 -0.035041 -0.008526
v 0.322626 -0.031499 -0.002820
v 0.323147 -0.029894 -0.000111
v 0.323696 -0.027141 0.001409
v 0.324124 -0.023979 0.001334
v 0.324317 -0.021254 -0.000318
v 0.324223 -0.019697 -0.003103
v 0.323868 -0.019725 -0.006275
v 0.323346 -0.021330 -0.008984
v 0.322798 -0.024083 -0.010505
v 0.322370 -0.027245 -0.010429
v 0.322177 -0.029970 -0.008777
v 0.322270 -0.031527 -0.005992
v 0.299062 -0.028708 -0.000492
v 0.299453 -0.027127 0.002165
v 0.299844 -0.024422 0.003664
v 0.300129 -0.021319 0.003603
v 0.300233 -0.018649 0.001999
v 0.300128 -0.017127 -0.000718
v 0.299842 -0.017162 -0.003822
v 0.299451 -0.018743 -0.006479
v 0.299060 -0.021447 -0.007978
v 0.298775 -0.024550 -0.007917
v 0.298671 -0.027220 -0.006313
v 0.298776 -0.028742 -0.003596
v 0.272457 -0.026567 0.001652
v 0.272745 -0.025017 0.004253
v 0.273017 -0.022370 0.005725
v 0.273200 -0.019335 0.005673
v 0.273246 -0.016725 0.004113
v 0.273142 -0.015240 0.001461
v 0.272915 -0.015278 -0.001571
v 0.272628 -0.016828 -0.004172
v 0.272356 -0.019475 -0.005644
v 0.272172 -0.022510 -0.005593
v 0.272126 -0.025120 -0.004032
v 0.272231 -0.026605 -0.001380
v 0.242654 -0.024991 0.003571
v 0.242860 -0.023475 0.006112
v 0.243044 -0.020890 0.007553
v 0.243156 -0.017927 0.007507
v 0.243166 -0.015380 0.005987
v 0.243071 -0.013932 0.003401
v 0.242897 -0.013971 0.000441
v 0.242690 -0.015486 -0.002100
v 0.242506 -0.018072 -0.003541
v 0.242394 -0.021035 -0.003495
v 0.242384 -0.023582 -0.001976
v 0.242479 -0.025030 0.000611
v 0.209490 -0.023886 0.005223
v 0.209634 -0.022407 0.007702
v 0.209753 -0.019886 0.009109
v 0.209816 -0.016997 0.009067
v 0.209806 -0.014514 0.007587
v 0.209726 -0.013103 0.005066
v 0.209597 -0.013143 0.002179
v 0.209454 -0.014621 -0.000300
v 0.209335 -0.017143 -0.001708
v 0.209272 -0.020032 -0.001666
v 0.209281 -0.022514 -0.000186
v 0.209361 -0.023925 0.002336
v 0.172803 -0.023160 0.006567
v 0.172897 -0.021719 0.008983
v 0.172969 -0.019263 0.010355
v 0.173001 -0.016449 0.010315
v 0.172983 -0.014031 0.008874
v 0.172922 -0.012657 0.006418
v 0.172832 -0.012696 0.003605
v 0.172738 -0.014137 0.001189
v 0.172666 -0.016593 -0.000183
v 0.172634 -0.019407 -0.000143
v 0.172652 -0.021825 0.001298
v 0.172714 -0.023199 0.003754
v 0.132425 -0.022719 0.007564
v 0.132480 -0.021317 0.009916
v 0.132519 -0.018926 0.011253
v 0.132532 -0.016187 0.011214
v 0.132515 -0.013834 0.009812
v 0.132473 -0.012497 0.007421
v 0.132418 -0.012535 0.004683
v 0.132363 -0.013938 0.002331
v 0.132324 -0.016328 0.000995
v 0.132312 -0.019067 0.001033
v 0.132328 -0.021420 0.002435
v 0.132370 -0.022757 0.004826
v 0.088188 -0.022468 0.008175
v 0.088212 -0.021104 0.010463
v 0.088228 -0.018779 0.011763
v 0.088231 -0.016115 0.011726
v 0.088221 -0.013827 0.010362
v 0.088200 -0.012528 0.008037
v 0.088175 -0.012565 0.005374
v 0.088150 -0.013928 0.003086
v 0.088135 -0.016254 0.001786
v 0.088131 -0.018917 0.001823
v 0.088141 -0.021205 0.003187
v 0.088162 -0.022505 0.005512
v 0.039921 -0.022311 0.008361
v 0.039921 -0.020986 0.010584
v 0.039921 -0.018727 0.011847
v 0.039921 -0.016139 0.011811
v 0.039921 -0.013916 0.010486
v 0.039921 -0.012653 0.008227
v 0.039921 -0.012689 0.005639
v 0.039921 -0.014014 0.003416
v 0.039921 -0.016273 0.002153
v 0.039921 -0.018861 0.002189
v 0.039921 -0.021085 0.003514
v 0.039921 -0.022347 0.005773
v 0.236815 -0.017500 0.004550
v 0.238682 -0.017500 0.006417
v 0.241232 -0.017500 0.007100
v 0.243782 -0.017500 0.006417
v 0.245648 -0.017500 0.004550
v 0.246332 -0.017500 0.002000
v 0.245648 -0.017500 -0.000550
v 0.243782 -0.017500 -0.002417
v 0.241232 -0.017500 -0.003100
v 0.238682 -0.017500 -0.002417
v 0.236815 -0.017500 -0.000550
v 0.236132 -0.017500 0.002000
v 0.236208 -0.014519 0.004611
v 0.237941 -0.013865 0.006487
v 0.240294 -0.012906 0.007187
v 0.242637 -0.011899 0.006523
v 0.244343 -0.011113 0.004674
v 0.244954 -0.010759 0.002135
v 0.244307 -0.010933 -0.000414
v 0.242574 -0.011586 -0.002290
v 0.240221 -0.012545 -0.002990
v 0.237878 -0.013553 -0.002326
v 0.236172 -0.014338 -0.000477
v 0.235561 -0.014692 0.002062
v 0.233991 -0.011274 0.004807
v 0.235398 -0.010119 0.006707
v 0.237283 -0.008438 0.007445
v 0.239140 -0.006681 0.006823
v 0.240472 -0.005318 0.005008
v 0.240922 -0.004715 0.002487
v 0.240369 -0.005034 -0.000066
v 0.238962 -0.006189 -0.001966
v 0.237077 -0.007870 -0.002704
v 0.235220 -0.009627 -0.002082
v 0.233888 -0.010990 -0.000268
v 0.233438 -0.011593 0.002254
v 0.229455 -0.007675 0.005148
v 0.230516 -0.006233 0.007071
v 0.231913 -0.004147 0.007844
v 0.233270 -0.001974 0.007261
v 0.234223 -0.000298 0.005477
v 0.234519 0.000433 0.002971
v 0.234076 0.000023 0.000414
v 0.233015 -0.001418 -0.001508
v 0.231619 -0.003505 -0.002281
v 0.230262 -0.005677 -0.001698
v 0.229308 -0.007354 0.000085
v 0.229013 -0.008085 0.002591
v 0.222143 -0.003977 0.005616
v 0.222928 -0.002393 0.007553
v 0.223942 -0.000109 0.008350
v 0.224913 0.002263 0.007792
v 0.225581 0.004087 0.006030
v 0.225767 0.004874 0.003535
v 0.225420 0.004414 0.000976
v 0.224635 0.002830 -0.000961
v 0.223621 0.000546 -0.001757
v 0.222650 -0.001825 -0.001200
v 0.221982 -0.003649 0.000563
v 0.221797 -0.004437 0.003058
v 0.211831 -0.000419 0.006171
v 0.212412 0.001235 0.008116
v 0.213149 0.003614 0.008926
v 0.213845 0.006079 0.008384
v 0.214313 0.007971 0.006636
v 0.214428 0.008782 0.004149
v 0.214158 0.008296 0.001590
v 0.213578 0.006642 -0.000355
v 0.212841 0.004263 -0.001165
v 0.212145 0.001798 -0.000623
v 0.211677 -0.000094 0.001126
v 0.211562 -0.000905 0.003613
v 0.198344 0.002860 0.006772
v 0.198773 0.004549 0.008720
v 0.199309 0.006974 0.009538
v 0.199808 0.009484 0.009006
v 0.200137 0.011407 0.007266
v 0.200207 0.012228 0.004785
v 0.199999 0.011727 0.002228
v 0.199570 0.010038 0.000280
v 0.199034 0.007614 -0.000538
v 0.198535 0.005104 -0.000006
v 0.198207 0.003181 0.001734
v 0.198137 0.002359 0.004215
v 0.181495 0.005775 0.007378
v 0.181809 0.007481 0.009328
v 0.182195 0.009928 0.010150
v 0.182551 0.012459 0.009623
v 0.182779 0.014397 0.007890
v 0.182821 0.015222 0.005415
v 0.182664 0.014713 0.002860
v 0.182350 0.013007 0.000910
v 0.181963 0.010560 0.000089
v 0.181608 0.008028 0.000615
v 0.181379 0.006091 0.002348
v 0.181338 0.005266 0.004824
v 0.161082 0.008264 0.007954
v 0.161306 0.009979 0.009903
v 0.161577 0.012436 0.010726
v 0.161824 0.014976 0.010204
v 0.161980 0.016920 0.008476
v 0.162003 0.017746 0.006005
v 0.161888 0.017232 0.003453
v 0.161664 0.015518 0.001505
v 0.161393 0.013061 0.000681
v 0.161146 0.010520 0.001203
v 0.160990 0.008577 0.002931
v 0.160967 0.007751 0.005402
v 0.136891 0.010278 0.008462
v 0.137042 0.011996 0.010410
v 0.137224 0.014456 0.011234
v 0.137387 0.017000 0.010714
v 0.137488 0.018945 0.008990
v 0.137500 0.019770 0.006523
v 0.137419 0.019255 0.003975
v 0.137268 0.017537 0.002028
v 0.137087 0.015076 0.001204
v 0.136923 0.012533 0.001723
v 0.136822 0.010588 0.003447
v 0.136810 0.009763 0.005914
v 0.108700 0.011771 0.008868
v 0.108792 0.013490 0.010813
v 0.108901 0.015950 0.011637
v 0.108999 0.018493 0.011119
v 0.109058 0.020437 0.009398
v 0.109063 0.021261 0.006936
v 0.109013 0.020745 0.004391
v 0.108921 0.019027 0.002446
v 0.108812 0.016566 0.001623
v 0.108715 0.014023 0.002140
v 0.108655 0.012079 0.003861
v 0.108650 0.011255 0.006323
v 0.076286 0.012701 0.009136
v 0.076328 0.014418 0.011077
v 0.076378 0.016876 0.011900
v 0.076422 0.019416 0.011384
v 0.076449 0.021358 0.009666
v 0.076451 0.022181 0.007208
v 0.076427 0.021665 0.004668
v 0.076385 0.019948 0.002726
v 0.076335 0.017490 0.001903
v 0.076290 0.014950 0.002419
v 0.076264 0.013008 0.004137
v 0.076262 0.012185 0.006595
v 0.039421 0.013025 0.009230
v 0.039421 0.014739 0.011169
v 0.039421 0.017194 0.011991
v 0.039421 0.019730 0.011475
v 0.039421 0.021669 0.009761
v 0.039421 0.022491 0.007306
v 0.039421 0.021975 0.004770
v 0.039421 0.020261 0.002831
v 0.039421 0.017806 0.002009
v 0.039421 0.015270 0.002525
v 0.039421 0.013331 0.004239
v 0.039421 0.012509 0.006694
v 0.436480 -0.236522 -0.034039
v 0.439042 -0.236518 -0.031478
v 0.442541 -0.236517 -0.030541
v 0.446041 -0.236520 -0.031478
v 0.448603 -0.236525 -0.034039
v 0.449542 -0.236532 -0.037539
v 0.448605 -0.236538 -0.041040
v 0.446042 -0.236542 -0.043603
v 0.442541 -0.236543 -0.044541
v 0.439041 -0.236540 -0.043603
v 0.436478 -0.236535 -0.041039
v 0.435542 -0.236528 -0.037539
v 0.436578 -0.210367 -0.033888
v 0.439086 -0.210400 -0.031381
v 0.442512 -0.210400 -0.030462
v 0.445938 -0.210367 -0.031379
v 0.448447 -0.210310 -0.033887
v 0.449367 -0.210245 -0.037313
v 0.448449 -0.210188 -0.040741
v 0.445940 -0.210155 -0.043250
v 0.442511 -0.210155 -0.044169
v 0.439084 -0.210188 -0.043250
v 0.436575 -0.210245 -0.040740
v 0.435658 -0.210310 -0.037314
v 0.436501 -0.186434 -0.033314
v 0.438956 -0.186484 -0.030861
v 0.442308 -0.186461 -0.029961
v 0.445661 -0.186371 -0.030857
v 0.448117 -0.186239 -0.033308
v 0.449016 -0.186099 -0.036660
v 0.448117 -0.185990 -0.040014
v 0.445661 -0.185940 -0.042470
v 0.442305 -0.185963 -0.043369
v 0.438951 -0.186053 -0.042470
v 0.436498 -0.186185 -0.040016
v 0.435601 -0.186325 -0.036665
v 0.436080 -0.164653 -0.032360
v 0.438480 -0.164698 -0.029960
v 0.441758 -0.164620 -0.029076
v 0.445035 -0.164439 -0.029947
v 0.447435 -0.164205 -0.032340
v 0.448313 -0.163979 -0.035615
v 0.447432 -0.163823 -0.038895
v 0.445028 -0.163778 -0.041297
v 0.441747 -0.163856 -0.042179
v 0.438468 -0.164037 -0.041304
v 0.436072 -0.164272 -0.038908
v 0.435198 -0.164497 -0.035634
v 0.435144 -0.144940 -0.031067
v 0.437489 -0.144953 -0.028718
v 0.440687 -0.144781 -0.027847
v 0.443884 -0.144469 -0.028688
v 0.446224 -0.144101 -0.031018
v 0.447077 -0.143776 -0.034214
v 0.446213 -0.143580 -0.037418
v 0.443863 -0.143567 -0.039770
v 0.440659 -0.143740 -0.040638
v 0.437462 -0.144052 -0.039791
v 0.435128 -0.144420 -0.037458
v 0.434280 -0.144745 -0.034265
v 0.433531 -0.127214 -0.029480
v 0.435815 -0.127162 -0.027179
v 0.438925 -0.126849 -0.026313
v 0.442031 -0.126358 -0.027116
v 0.444300 -0.125820 -0.029376
v 0.445121 -0.125379 -0.032489
v 0.444273 -0.125154 -0.035618
v 0.441982 -0.125206 -0.037923
v 0.438865 -0.125520 -0.038784
v 0.435760 -0.126012 -0.037972
v 0.433499 -0.126550 -0.035709
v 0.432684 -0.126990 -0.032601
v 0.431086 -0.111388 -0.027644
v 0.433297 -0.111234 -0.025384
v 0.436300 -0.110728 -0.024513
v 0.439293 -0.110003 -0.025266
v 0.441473 -0.109253 -0.027446
v 0.442252 -0.108681 -0.030471
v 0.441419 -0.108439 -0.033526
v 0.439198 -0.108594 -0.035790
v 0.436187 -0.109103 -0.036654
v 0.433196 -0.109829 -0.035890
v 0.431026 -0.110577 -0.033706
v 0.430255 -0.111148 -0.030689
v 0.427661 -0.097367 -0.025606
v 0.429779 -0.097071 -0.023377
v 0.432641 -0.096315 -0.022485
v 0.435484 -0.095302 -0.023173
v 0.437544 -0.094301 -0.025261
v 0.438264 -0.093583 -0.028190
v 0.437448 -0.093341 -0.031174
v 0.435317 -0.093641 -0.033406
v 0.432445 -0.094400 -0.034288
v 0.429606 -0.095415 -0.033587
v 0.427560 -0.096413 -0.031495
v 0.426849 -0.097127 -0.028575
v 0.423116 -0.085034 -0.023407
v 0.425108 -0.084558 -0.021198
v 0.427778 -0.083508 -0.020269
v 0.430413 -0.082162 -0.020872
v 0.432307 -0.080882 -0.022853
v 0.432945 -0.080011 -0.025681
v 0.432153 -0.079787 -0.028595
v 0.430145 -0.080269 -0.030808
v 0.427464 -0.081326 -0.031726
v 0.424834 -0.082672 -0.031106
v 0.422956 -0.083947 -0.029121
v 0.422329 -0.084811 -0.026305
v 0.417298 -0.074237 -0.021082
v 0.419120 -0.073561 -0.018881
v 0.421531 -0.072196 -0.017898
v 0.423890 -0.070505 -0.018401
v 0.425561 -0.068941 -0.020262
v 0.426090 -0.067926 -0.022984
v 0.425333 -0.067736 -0.025832
v 0.423495 -0.068422 -0.028038
v 0.421074 -0.069797 -0.029008
v 0.418722 -0.071488 -0.028486
v 0.417067 -0.073043 -0.026621
v 0.416548 -0.074048 -0.023912
v 0.410022 -0.064801 -0.018654
v 0.411628 -0.063930 -0.016453
v 0.413717 -0.062272 -0.015407
v 0.415733 -0.060267 -0.015802
v 0.417131 -0.058452 -0.017538
v 0.417533 -0.057319 -0.020153
v 0.416827 -0.057175 -0.022940
v 0.415206 -0.058058 -0.025146
v 0.413108 -0.059729 -0.026178
v 0.411100 -0.061733 -0.025764
v 0.409717 -0.063535 -0.024022
v 0.409324 -0.064656 -0.021422
v 0.401055 -0.056558 -0.016136
v 0.402416 -0.055526 -0.013935
v 0.404145 -0.053636 -0.012831
v 0.405782 -0.051389 -0.013123
v 0.406885 -0.049389 -0.014742
v 0.407154 -0.048176 -0.017253
v 0.406516 -0.048081 -0.019981
v 0.405144 -0.049127 -0.022186
v 0.403409 -0.051030 -0.023277
v 0.401778 -0.053275 -0.022966
v 0.400687 -0.055261 -0.021343
v 0.400424 -0.056460 -0.018845
v 0.390143 -0.049385 -0.013548
v 0.391254 -0.048241 -0.011355
v 0.392627 -0.046200 -0.010206
v 0.393894 -0.043802 -0.010414
v 0.394714 -0.041693 -0.011928
v 0.394865 -0.040442 -0.014345
v 0.394305 -0.040388 -0.017012
v 0.393186 -0.041546 -0.019210
v 0.391810 -0.043599 -0.020347
v 0.390548 -0.045994 -0.020123
v 0.389736 -0.048089 -0.018604
v 0.389588 -0.049328 -0.016199
v 0.377049 -0.043205 -0.010921
v 0.377930 -0.041999 -0.008747
v 0.378982 -0.039881 -0.007574
v 0.379924 -0.037415 -0.007718
v 0.380503 -0.035263 -0.009147
v 0.380560 -0.034006 -0.011477
v 0.380081 -0.033984 -0.014083
v 0.379195 -0.035203 -0.016259
v 0.378141 -0.037330 -0.017423
v 0.377202 -0.039794 -0.017265
v 0.376629 -0.041933 -0.015833
v 0.376573 -0.043180 -0.013513
v 0.361570 -0.037964 -0.008297
v 0.362254 -0.036734 -0.006155
v 0.363041 -0.034596 -0.004975
v 0.363719 -0.032121 -0.005076
v 0.364107 -0.029974 -0.006434
v 0.364099 -0.028732 -0.008686
v 0.363697 -0.028732 -0.011227
v 0.363010 -0.029973 -0.013371
v 0.362223 -0.032119 -0.014542
v 0.361547 -0.034591 -0.014431
v 0.361162 -0.036728 -0.013071
v 0.361170 -0.037962 -0.010826
v 0.343535 -0.033608 -0.005722
v 0.344058 -0.032379 -0.003623
v 0.344634 -0.030259 -0.002451
v 0.345110 -0.027813 -0.002523
v 0.345356 -0.025698 -0.003823
v 0.345307 -0.024485 -0.006003
v 0.344976 -0.024499 -0.008476
v 0.344451 -0.025736 -0.010577
v 0.343875 -0.027862 -0.011742
v 0.343401 -0.030305 -0.011662
v 0.343156 -0.032411 -0.010360
v 0.343205 -0.033620 -0.008187
v 0.322786 -0.030070 -0.003245
v 0.323180 -0.028858 -0.001195
v 0.323595 -0.026777 -0.000042
v 0.323919 -0.024383 -0.000096
v 0.324066 -0.022317 -0.001346
v 0.323995 -0.021137 -0.003456
v 0.323726 -0.021159 -0.005860
v 0.323330 -0.022378 -0.007910
v 0.322915 -0.024463 -0.009058
v 0.322592 -0.026854 -0.008998
v 0.322447 -0.028913 -0.007748
v 0.322517 -0.030090 -0.005643
v 0.299168 -0.027271 -0.000911
v 0.299461 -0.026086 0.001084
v 0.299754 -0.024057 0.002212
v 0.299969 -0.021726 0.002169
v 0.300047 -0.019719 0.000964
v 0.299968 -0.018575 -0.001079
v 0.299752 -0.018602 -0.003411
v 0.299459 -0.019791 -0.005406
v 0.299166 -0.021823 -0.006530
v 0.298952 -0.024152 -0.006482
v 0.298874 -0.026154 -0.005277
v 0.298953 -0.027296 -0.003239
v 0.272523 -0.025127 0.001237
v 0.272737 -0.023975 0.003174
v 0.272940 -0.022005 0.004272
v 0.273077 -0.019743 0.004235
v 0.273111 -0.017798 0.003073
v 0.273033 -0.016691 0.001097
v 0.272864 -0.016720 -0.001163
v 0.272650 -0.017876 -0.003100
v 0.272447 -0.019849 -0.004194
v 0.272311 -0.022108 -0.004154
v 0.272277 -0.024049 -0.002992
v 0.272355 -0.025154 -0.001019
v 0.242692 -0.023549 0.003159
v 0.242845 -0.022432 0.005034
v 0.242981 -0.020524 0.006099
v 0.243063 -0.018335 0.006067
v 0.243070 -0.016454 0.004945
v 0.243000 -0.015385 0.003034
v 0.242872 -0.015414 0.000848
v 0.242719 -0.016534 -0.001028
v 0.242583 -0.018444 -0.002090
v 0.242501 -0.020630 -0.002055
v 0.242494 -0.022508 -0.000933
v 0.242564 -0.023577 0.000974
v 0.209511 -0.022443 0.004811
v 0.209616 -0.021363 0.006625
v 0.209703 -0.019519 0.007655
v 0.209749 -0.017406 0.007625
v 0.209742 -0.015589 0.006543
v 0.209683 -0.014557 0.004698
v 0.209589 -0.014586 0.002585
v 0.209484 -0.015669 0.000773
v 0.209397 -0.017513 -0.000255
v 0.209351 -0.019625 -0.000224
v 0.209358 -0.021440 0.000858
v 0.209417 -0.022471 0.002701
v 0.172813 -0.021717 0.006157
v 0.172881 -0.020675 0.007907
v 0.172933 -0.018896 0.008901
v 0.172956 -0.016857 0.008873
v 0.172943 -0.015106 0.007829
v 0.172898 -0.014111 0.006049
v 0.172834 -0.014140 0.004012
v 0.172766 -0.015184 0.002263
v 0.172714 -0.016963 0.001270
v 0.172691 -0.019000 0.001299
v 0.172703 -0.020750 0.002342
v 0.172748 -0.021745 0.004120
v 0.132429 -0.021276 0.007154
v 0.132468 -0.020272 0.008840
v 0.132496 -0.018558 0.009798
v 0.132506 -0.016595 0.009771
v 0.132494 -0.014909 0.008766
v 0.132464 -0.013951 0.007052
v 0.132424 -0.013979 0.005090
v 0.132385 -0.014984 0.003405
v 0.132357 -0.016698 0.002448
v 0.132348 -0.018659 0.002476
v 0.132360 -0.020345 0.003480
v 0.132390 -0.021302 0.005192
v 0.088190 -0.021025 0.007766
v 0.088208 -0.020059 0.009387
v 0.088219 -0.018411 0.010308
v 0.088221 -0.016524 0.010282
v 0.088214 -0.014902 0.009316
v 0.088200 -0.013981 0.007668
v 0.088181 -0.014008 0.005781
v 0.088164 -0.014975 0.004160
v 0.088153 -0.016622 0.003240
v 0.088150 -0.018509 0.003266
v 0.088158 -0.020129 0.004232
v 0.088172 -0.021050 0.005879
v 0.039924 -0.020868 0.007952
v 0.039921 -0.019941 0.009508
v 0.039919 -0.018359 0.010393
v 0.039919 -0.016547 0.010368
v 0.039921 -0.014991 0.009440
v 0.039924 -0.014107 0.007858
v 0.039927 -0.014133 0.006046
v 0.039931 -0.015061 0.004490
v 0.039933 -0.016642 0.003607
v 0.039933 -0.018453 0.003632
v 0.039931 -0.020009 0.004559
v 0.039928 -0.020893 0.006140
v 0.238081 -0.017227 0.003794
v 0.239390 -0.017331 0.005106
v 0.241181 -0.017482 0.005601
v 0.242997 -0.017636 0.005146
v 0.244354 -0.017751 0.003834
v 0.244862 -0.017801 0.002004
v 0.244362 -0.017778 0.000171
v 0.243005 -0.017686 -0.001147
v 0.241183 -0.017543 -0.001601
v 0.239389 -0.017386 -0.001099
v 0.238082 -0.017260 0.000216
v 0.237602 -0.017202 0.002005
v 0.237389 -0.013991 0.003851
v 0.238589 -0.013543 0.005173
v 0.240239 -0.012874 0.005688
v 0.241903 -0.012158 0.005241
v 0.243127 -0.011592 0.003937
v 0.243569 -0.011336 0.002128
v 0.243104 -0.011462 0.000309
v 0.241862 -0.011933 -0.001017
v 0.240188 -0.012618 -0.001492
v 0.238543 -0.013327 -0.001001
v 0.237361 -0.013869 0.000308
v 0.236943 -0.014108 0.002077
v 0.234921 -0.010354 0.004073
v 0.235903 -0.009556 0.005411
v 0.237226 -0.008381 0.005947
v 0.238541 -0.007136 0.005525
v 0.239492 -0.006160 0.004247
v 0.239815 -0.005727 0.002455
v 0.239419 -0.005956 0.000639
v 0.238415 -0.006785 -0.000703
v 0.237080 -0.007980 -0.001208
v 0.235777 -0.009214 -0.000753
v 0.234849 -0.010158 0.000528
v 0.234536 -0.010572 0.002290
v 0.230133 -0.006540 0.004438
v 0.230876 -0.005536 0.005792
v 0.231857 -0.004074 0.006347
v 0.232815 -0.002539 0.005947
v 0.233492 -0.001346 0.004692
v 0.233703 -0.000824 0.002916
v 0.233388 -0.001118 0.001103
v 0.232635 -0.002145 -0.000252
v 0.231649 -0.003622 -0.000786
v 0.230697 -0.005147 -0.000364
v 0.230030 -0.006316 0.000893
v 0.229824 -0.006824 0.002648
v 0.222626 -0.002738 0.004922
v 0.223176 -0.001631 0.006285
v 0.223889 -0.000028 0.006853
v 0.224574 0.001645 0.006468
v 0.225047 0.002937 0.005228
v 0.225179 0.003496 0.003464
v 0.224933 0.003169 0.001655
v 0.224378 0.002045 0.000291
v 0.223663 0.000433 -0.000262
v 0.222981 -0.001233 0.000138
v 0.222514 -0.002509 0.001379
v 0.222384 -0.003059 0.003128
v 0.212176 0.000871 0.005487
v 0.212583 0.002029 0.006855
v 0.213101 0.003699 0.007429
v 0.213591 0.005436 0.007053
v 0.213922 0.006772 0.005823
v 0.214003 0.007346 0.004069
v 0.213813 0.007001 0.002264
v 0.213403 0.005832 0.000896
v 0.212884 0.004156 0.000331
v 0.212395 0.002424 0.000717
v 0.212067 0.001099 0.001947
v 0.211987 0.000531 0.003692
v 0.198590 0.004175 0.006093
v 0.198891 0.005358 0.007463
v 0.199267 0.007060 0.008041
v 0.199619 0.008827 0.007670
v 0.199850 0.010183 0.006448
v 0.199900 0.010763 0.004700
v 0.199753 0.010408 0.002899
v 0.199451 0.009217 0.001529
v 0.199074 0.007511 0.000958
v 0.198724 0.005748 0.001336
v 0.198494 0.004400 0.002559
v 0.198445 0.003825 0.004299
v 0.181669 0.007103 0.006703
v 0.181890 0.008298 0.008073
v 0.182161 0.010016 0.008653
v 0.182410 0.011796 0.008286
v 0.182572 0.013160 0.007068
v 0.182601 0.013741 0.005326
v 0.182490 0.013382 0.003529
v 0.182269 0.012180 0.002160
v 0.181998 0.010460 0.001585
v 0.181749 0.008683 0.001957
v 0.181588 0.007325 0.003175
v 0.181559 0.006747 0.004911
v 0.161203 0.009599 0.007281
v 0.161359 0.010800 0.008649
v 0.161550 0.012524 0.009229
v 0.161723 0.014309 0.008865
v 0.161833 0.015676 0.007651
v 0.161849 0.016256 0.005915
v 0.161768 0.015895 0.004121
v 0.161611 0.014689 0.002753
v 0.161420 0.012963 0.002177
v 0.161247 0.011181 0.002546
v 0.161138 0.009819 0.003759
v 0.161122 0.009240 0.005491
v 0.136970 0.011617 0.007791
v 0.137076 0.012820 0.009157
v 0.137203 0.014545 0.009736
v 0.137318 0.016331 0.009374
v 0.137389 0.017697 0.008164
v 0.137397 0.018277 0.006432
v 0.137341 0.017914 0.004643
v 0.137235 0.016707 0.003277
v 0.137107 0.014980 0.002701
v 0.136993 0.013197 0.003067
v 0.136922 0.011834 0.004276
v 0.136914 0.011256 0.006004
v 0.108747 0.013112 0.008197
v 0.108812 0.014315 0.009560
v 0.108888 0.016039 0.010139
v 0.108957 0.017822 0.009778
v 0.108998 0.019187 0.008571
v 0.109002 0.019765 0.006844
v 0.108967 0.019402 0.005059
v 0.108902 0.018196 0.003696
v 0.108825 0.016471 0.003120
v 0.108757 0.014690 0.003484
v 0.108716 0.013328 0.004690
v 0.108712 0.012751 0.006414
v 0.076307 0.014042 0.008465
v 0.076337 0.015244 0.009825
v 0.076372 0.016965 0.010403
v 0.076403 0.018745 0.010042
v 0.076422 0.020107 0.008839
v 0.076423 0.020684 0.007116
v 0.076406 0.020322 0.005335
v 0.076376 0.019118 0.003975
v 0.076341 0.017395 0.003400
v 0.076310 0.015617 0.003762
v 0.076292 0.014258 0.004965
v 0.076291 0.013682 0.006686
v 0.039431 0.014367 0.008560
v 0.039426 0.015566 0.009917
v 0.039419 0.017283 0.010493
v 0.039412 0.019060 0.010133
v 0.039409 0.020418 0.008933
v 0.039409 0.020993 0.007214
v 0.039412 0.020632 0.005438
v 0.039418 0.019431 0.004081
v 0.039425 0.017712 0.003506
v 0.039431 0.015937 0.003868
v 0.039435 0.014581 0.005068
v 0.039435 0.014007 0.006785
vn -0.6564 -0.6529 0.3781
vn -0.8665 -0.0072 0.4991
vn -1.0000 0.0011 -0.0014
vn -0.7599 -0.6501 -0.0009
vn -0.3783 -0.6547 0.6544
vn -0.5002 -0.0120 0.8658
vn 0.0001 -0.6551 0.7555
vn 0.0006 -0.0120 0.9999
vn 0.3787 -0.6540 0.6549
vn 0.5011 -0.0072 0.8654
vn 0.6574 -0.6516 0.3786
vn 0.8668 0.0011 0.4987
vn 0.7611 -0.6486 -0.0009
vn 0.9999 0.0106 -0.0014
vn 0.6608 -0.6458 -0.3824
vn 0.8654 0.0188 -0.5007
vn 0.3822 -0.6440 -0.6627
vn 0.4997 0.0236 -0.8659
vn 0.0001 -0.6436 -0.7654
vn 0.0005 0.0236 -0.9997
vn -0.3817 -0.6447 -0.6623
vn -0.4989 0.0188 -0.8664
vn -0.6598 -0.6471 -0.3819
vn -0.8652 0.0106 -0.5012
vn -0.8662 -0.0267 0.4989
vn -0.9999 -0.0103 -0.0018
vn -0.4995 -0.0341 0.8656
vn 0.0015 -0.0307 0.9995
vn 0.5018 -0.0173 0.8648
vn 0.8670 0.0024 0.4984
vn 0.9997 0.0232 -0.0010
vn 0.8653 0.0394 -0.4997
vn 0.4999 0.0468 -0.8648
vn 0.0010 0.0434 -0.9991
vn -0.4985 0.0301 -0.8664
vn -0.8651 0.0104 -0.5016
vn -0.8654 -0.0561 0.4979
vn -0.9995 -0.0323 -0.0028
vn -0.4982 -0.0630 0.8648
vn 0.0029 -0.0510 0.9987
vn 0.5026 -0.0235 0.8642
vn 0.8668 0.0122 0.4984
vn 0.9989 0.0464 -0.0000
vn 0.8644 0.0701 -0.4978
vn 0.4996 0.0769 -0.8629
vn 0.0012 0.0651 -0.9979
vn -0.4981 0.0377 -0.8663
vn -0.8647 0.0021 -0.5023
vn -0.8630 -0.0981 0.4956
vn -0.9977 -0.0675 -0.0053
vn -0.4954 -0.1001 0.8628
vn 0.0052 -0.0731 0.9973
vn 0.5034 -0.0244 0.8637
vn 0.8658 0.0328 0.4994
vn 0.9965 0.0832 0.0026
vn 0.8619 0.1134 -0.4942
vn 0.4979 0.1155 -0.8595
vn 0.0008 0.0889 -0.9960
vn -0.4975 0.0405 -0.8665
vn -0.8635 -0.0168 -0.5042
vn -0.8572 -0.1555 0.4909
vn -0.9928 -0.1194 -0.0102
vn -0.4899 -0.1472 0.8592
vn 0.0087 -0.0969 0.9953
vn 0.5036 -0.0184 0.8637
vn 0.8623 0.0670 0.5020
vn 0.9906 0.1367 0.0077
vn 0.8557 0.1722 -0.4879
vn 0.4936 0.1643 -0.8541
vn -0.0007 0.1148 -0.9934
vn -0.4963 0.0368 -0.8674
vn -0.8601 -0.0490 -0.5078
vn -0.8448 -0.2310 0.4827
vn -0.9813 -0.1914 -0.0188
vn -0.4794 -0.2055 0.8532
vn 0.0142 -0.1221 0.9924
vn 0.5019 -0.0036 0.8649
vn 0.8536 0.1180 0.5075
vn 0.9775 0.2103 0.0167
vn 0.8425 0.2493 -0.4776
vn 0.4840 0.2247 -0.8457
vn -0.0042 0.1428 -0.9897
vn -0.4934 0.0250 -0.8694
vn -0.8520 -0.0975 -0.5144
vn -0.8205 -0.3262 0.4695
vn -0.9579 -0.2854 -0.0328
vn -0.4605 -0.2755 0.8438
vn 0.0222 -0.1478 0.9888
vn 0.4960 0.0218 0.8680
vn 0.8350 0.1875 0.5173
vn 0.9516 0.3057 0.0313
vn 0.8168 0.3456 -0.4619
vn 0.4658 0.2970 -0.8336
vn -0.0106 0.1721 -0.9850
vn -0.4870 0.0033 -0.8734
vn -0.8349 -0.1644 -0.5252
vn -0.7778 -0.4388 0.4500
vn -0.9150 -0.4000 -0.0537
vn -0.4294 -0.3550 0.8304
vn 0.0327 -0.1726 0.9844
vn 0.4823 0.0579 0.8741
vn 0.8005 0.2745 0.5328
vn 0.9057 0.4207 0.0530
vn 0.7721 0.4588 -0.4398
vn 0.4343 0.3788 -0.8172
vn -0.0209 0.2009 -0.9794
vn -0.4742 -0.0289 -0.8800
vn -0.8028 -0.2493 -0.5416
vn -0.7110 -0.5608 0.4242
vn -0.8458 -0.5273 -0.0813
vn -0.3833 -0.4382 0.8130
vn 0.0451 -0.1947 0.9798
vn 0.4571 0.1021 0.8835
vn 0.7441 0.3727 0.5544
vn 0.8333 0.5468 0.0816
vn 0.7029 0.5801 -0.4116
vn 0.3864 0.4637 -0.7973
vn -0.0353 0.2267 -0.9733
vn -0.4517 -0.0698 -0.8894
vn -0.7499 -0.3466 -0.5635
vn -0.6199 -0.6785 0.3941
vn -0.7491 -0.6527 -0.1137
vn -0.3232 -0.5161 0.7932
vn 0.0575 -0.2124 0.9755
vn 0.4185 0.1485 0.8960
vn 0.6647 0.4701 0.5806
vn 0.7340 0.6694 0.1148
vn 0.6095 0.6957 -0.3801
vn 0.3230 0.5419 -0.7759
vn -0.0522 0.2462 -0.9678
vn -0.4177 -0.1151 -0.9012
vn -0.6743 -0.4453 -0.5892
vn -0.5129 -0.7776 0.3636
vn -0.6328 -0.7603 -0.1464
vn -0.2552 -0.5803 0.7734
vn 0.0680 -0.2251 0.9720
vn 0.3690 0.1899 0.9098
vn 0.5686 0.5541 0.6080
vn 0.6163 0.7734 0.1482
vn 0.5006 0.7920 -0.3495
vn 0.2511 0.6044 -0.7561
vn -0.0683 0.2577 -0.9638
vn -0.3735 -0.1586 -0.9140
vn -0.5812 -0.5325 -0.6153
vn -0.4037 -0.8507 0.3367
vn -0.5116 -0.8411 -0.1752
vn -0.1882 -0.6268 0.7561
vn 0.0749 -0.2332 0.9695
vn 0.3144 0.2218 0.9230
vn 0.4674 0.6173 0.6328
vn 0.4949 0.8506 0.1776
vn 0.3903 0.8620 -0.3236
vn 0.1804 0.6478 -0.7402
vn -0.0805 0.2620 -0.9617
vn -0.3233 -0.1949 -0.9260
vn -0.4819 -0.6000 -0.6385
vn -0.3044 -0.8987 0.3156
vn -0.3992 -0.8952 -0.1979
vn -0.1293 -0.6570 0.7427
vn 0.0778 -0.2381 0.9681
vn 0.2611 0.2436 0.9341
vn 0.3724 0.6596 0.6529
vn 0.3831 0.9017 0.2006
vn 0.2907 0.9072 -0.3041
vn 0.1191 0.6740 -0.7290
vn -0.0869 0.2616 -0.9613
vn -0.2727 -0.2221 -0.9361
vn -0.3875 -0.6467 -0.6570
vn -0.2216 -0.9277 0.3004
vn -0.3032 -0.9285 -0.2144
vn -0.0821 -0.6750 0.7332
vn 0.0770 -0.2407 0.9675
vn 0.2129 0.2570 0.9427
vn 0.2900 0.6856 0.6678
vn 0.2881 0.9327 0.2171
vn 0.2081 0.9339 -0.2907
vn 0.0707 0.6883 -0.7220
vn -0.0879 0.2590 -0.9619
vn -0.2256 -0.2408 -0.9440
vn -0.3046 -0.6764 -0.6706
vn -0.1563 -0.9441 0.2901
vn -0.2255 -0.9478 -0.2256
vn -0.0468 -0.6851 0.7269
vn 0.0732 -0.2421 0.9675
vn 0.1714 0.2648 0.9490
vn 0.2220 0.7005 0.6783
vn 0.2117 0.9503 0.2283
vn 0.1435 0.9486 -0.2821
vn 0.0352 0.6952 -0.7180
vn -0.0847 0.2559 -0.9630
vn -0.1839 -0.2529 -0.9498
vn -0.2357 -0.6943 -0.6801
vn -0.1067 -0.9530 0.2834
vn -0.1647 -0.9584 -0.2330
vn -0.0218 -0.6905 0.7230
vn 0.0672 -0.2429 0.9677
vn 0.1363 0.2691 0.9534
vn 0.1674 0.7087 0.6854
vn 0.1522 0.9599 0.2355
vn 0.0949 0.9562 -0.2768
vn 0.0106 0.6981 -0.7159
vn -0.0785 0.2531 -0.9643
vn -0.1483 -0.2606 -0.9540
vn -0.1799 -0.7046 -0.6864
vn -0.0702 -0.9577 0.2792
vn -0.1180 -0.9641 -0.2377
vn -0.0051 -0.6934 0.7205
vn 0.0598 -0.2433 0.9681
vn 0.1070 0.2712 0.9565
vn 0.1242 0.7130 0.6901
vn 0.1067 0.9649 0.2401
vn 0.0594 0.9600 -0.2738
vn -0.0054 0.6991 -0.7151
vn -0.0704 0.2508 -0.9655
vn -0.1180 -0.2653 -0.9569
vn -0.1355 -0.7105 -0.6906
vn -0.0440 -0.9600 0.2765
vn -0.0826 -0.9671 -0.2407
vn 0.0051 -0.6949 0.7191
vn 0.0514 -0.2437 0.9685
vn 0.0825 0.2722 0.9587
vn 0.0902 0.7152 0.6931
vn 0.0725 0.9673 0.2429
vn 0.0341 0.9616 -0.2722
vn -0.0149 0.6991 -0.7149
vn -0.0612 0.2491 -0.9665
vn -0.0926 -0.2682 -0.9589
vn -0.1004 -0.7137 -0.6932
vn -0.0257 -0.9611 0.2750
vn -0.0562 -0.9685 -0.2425
vn 0.0104 -0.6956 0.7183
vn 0.0425 -0.2440 0.9688
vn 0.0619 0.2726 0.9601
vn 0.0636 0.7161 0.6951
vn 0.0471 0.9685 0.2445
vn 0.0167 0.9623 -0.2714
vn -0.0193 0.6988 -0.7150
vn -0.0515 0.2479 -0.9674
vn -0.0711 -0.2700 -0.9602
vn -0.0728 -0.7155 -0.6949
vn -0.0137 -0.9616 0.2741
vn -0.0368 -0.9692 -0.2435
vn 0.0120 -0.6961 0.7179
vn 0.0333 -0.2443 0.9691
vn 0.0446 0.2726 0.9611
vn 0.0429 0.7165 0.6963
vn 0.0285 0.9690 0.2454
vn 0.0055 0.9625 -0.2711
vn -0.0202 0.6985 -0.7154
vn -0.0416 0.2470 -0.9681
vn -0.0529 -0.2710 -0.9611
vn -0.0512 -0.7164 -0.6958
vn -0.0064 -0.9618 0.2735
vn -0.0229 -0.9695 -0.2441
vn 0.0108 -0.6963 0.7176
vn 0.0241 -0.2445 0.9693
vn 0.0299 0.2725 0.9617
vn 0.0267 0.7166 0.6970
vn 0.0154 0.9692 0.2459
vn -0.0011 0.9626 -0.2711
vn -0.0183 0.6982 -0.7157
vn -0.0316 0.2464 -0.9686
vn -0.0375 -0.2716 -0.9617
vn -0.0343 -0.7168 -0.6964
vn -0.0027 -0.9619 0.2732
vn -0.0132 -0.9696 -0.2444
vn 0.0076 -0.6965 0.7175
vn 0.0149 -0.2448 0.9695
vn 0.0173 0.2723 0.9620
vn 0.0142 0.7166 0.6973
vn 0.0063 0.9692 0.2461
vn -0.0041 0.9625 -0.2712
vn -0.0144 0.6979 -0.7160
vn -0.0218 0.2460 -0.9690
vn -0.0242 -0.2720 -0.9620
vn -0.0211 -0.7171 -0.6967
vn -0.0019 -0.9620 0.2731
vn -0.0069 -0.9696 -0.2446
vn 0.0028 -0.6967 0.7174
vn 0.0059 -0.2450 0.9695
vn 0.0066 0.2722 0.9622
vn 0.0046 0.7165 0.6975
vn 0.0006 0.9692 0.2461
vn -0.0044 0.9625 -0.2714
vn -0.0091 0.6977 -0.7163
vn -0.0122 0.2457 -0.9693
vn -0.0129 -0.2723 -0.9621
vn -0.0109 -0.7172 -0.6968
vn -0.6547 -0.7273 0.2061
vn -0.6563 -0.7315 -0.1849
vn -0.6532 -0.5277 0.5429
vn -0.6523 -0.1859 0.7348
vn -0.6523 0.2063 0.7294
vn -0.6530 0.5428 0.5282
vn -0.6543 0.7330 0.1858
vn -0.6560 0.7264 -0.2052
vn -0.6574 0.5255 -0.5400
vn -0.6583 0.1848 -0.7297
vn -0.6584 -0.2050 -0.7242
vn -0.6577 -0.5402 -0.5251
vn -0.5529 -0.7670 0.3255
vn -0.7870 -0.3519 0.5068
vn -0.9212 -0.3891 -0.0102
vn -0.6294 -0.7771 -0.0014
vn -0.3350 -0.7250 0.6017
vn -0.4322 -0.2146 0.8759
vn 0.0128 -0.6600 0.7512
vn 0.0365 -0.0216 0.9991
vn 0.4135 -0.5894 0.6940
vn 0.4892 0.1727 0.8549
vn 0.7356 -0.5339 0.4169
vn 0.8103 0.3197 0.4911
vn 0.8608 -0.5089 -0.0011
vn 0.9230 0.3847 0.0046
vn 0.7418 -0.5204 -0.4229
vn 0.8017 0.3528 -0.4826
vn 0.4205 -0.5656 -0.7094
vn 0.4751 0.2313 -0.8490
vn 0.0121 -0.6325 -0.7745
vn 0.0219 0.0487 -0.9986
vn -0.3462 -0.7017 -0.6227
vn -0.4432 -0.1505 -0.8837
vn -0.5651 -0.7539 -0.3351
vn -0.7926 -0.3130 -0.5232
vn -0.6202 -0.6135 0.4889
vn -0.7324 -0.6804 -0.0245
vn -0.3365 -0.3754 0.8637
vn 0.0379 -0.0383 0.9985
vn 0.3994 0.3032 0.8652
vn 0.6537 0.5615 0.5074
vn 0.7383 0.6742 0.0214
vn 0.6334 0.6149 -0.4698
vn 0.3645 0.3974 -0.8421
vn -0.0023 0.0735 -0.9973
vn -0.3716 -0.2756 -0.8865
vn -0.6409 -0.5546 -0.5307
vn -0.4517 -0.7564 0.4731
vn -0.5406 -0.8404 -0.0380
vn -0.2394 -0.4645 0.8526
vn 0.0374 -0.0486 0.9981
vn 0.3030 0.3763 0.8756
vn 0.4873 0.6990 0.5235
vn 0.5438 0.8384 0.0368
vn 0.4587 0.7607 -0.4592
vn 0.2533 0.4844 -0.8374
vn -0.0204 0.0779 -0.9967
vn -0.2900 -0.3534 -0.8894
vn -0.4812 -0.6917 -0.5385
vn -0.3222 -0.8258 0.4628
vn -0.3916 -0.9189 -0.0471
vn -0.1655 -0.5079 0.8454
vn 0.0354 -0.0540 0.9979
vn 0.2260 0.4118 0.8828
vn 0.3560 0.7664 0.5347
vn 0.3919 0.9188 0.0471
vn 0.3247 0.8304 -0.4528
vn 0.1716 0.5231 -0.8348
vn -0.0279 0.0753 -0.9968
vn -0.2207 -0.3952 -0.8917
vn -0.3543 -0.7605 -0.5441
vn -0.2298 -0.8596 0.4564
vn -0.2836 -0.9575 -0.0528
vn -0.1140 -0.5288 0.8410
vn 0.0321 -0.0566 0.9979
vn 0.1690 0.4290 0.8873
vn 0.2606 0.7993 0.5415
vn 0.2830 0.9576 0.0532
vn 0.2304 0.8632 -0.4492
vn 0.1165 0.5400 -0.8335
vn -0.0289 0.0719 -0.9970
vn -0.1671 -0.4173 -0.8933
vn -0.2605 -0.7951 -0.5477
vn -0.1639 -0.8765 0.4526
vn -0.2054 -0.9771 -0.0562
vn -0.0784 -0.5393 0.8384
vn 0.0279 -0.0579 0.9979
vn 0.1263 0.4378 0.8901
vn 0.1909 0.8160 0.5457
vn 0.2046 0.9772 0.0569
vn 0.1639 0.8794 -0.4471
vn 0.0794 0.5477 -0.8329
vn -0.0266 0.0690 -0.9973
vn -0.1258 -0.4295 -0.8943
vn -0.1914 -0.8131 -0.5498
vn -0.1160 -0.8853 0.4503
vn -0.1474 -0.9874 -0.0582
vn -0.0535 -0.5448 0.8369
vn 0.0232 -0.0585 0.9980
vn 0.0934 0.4425 0.8919
vn 0.1385 0.8248 0.5482
vn 0.1467 0.9874 0.0590
vn 0.1157 0.8875 -0.4460
vn 0.0537 0.5511 -0.8327
vn -0.0228 0.0668 -0.9975
vn -0.0935 -0.4363 -0.8949
vn -0.1392 -0.8228 -0.5511
vn -0.0802 -0.8900 0.4488
vn -0.1033 -0.9929 -0.0595
vn -0.0357 -0.5477 0.8359
vn 0.0183 -0.0589 0.9981
vn 0.0672 0.4450 0.8930
vn 0.0981 0.8295 0.5498
vn 0.1027 0.9929 0.0603
vn 0.0798 0.8918 -0.4454
vn 0.0355 0.5527 -0.8326
vn -0.0184 0.0653 -0.9977
vn -0.0676 -0.4403 -0.8953
vn -0.0987 -0.8281 -0.5518
vn -0.0528 -0.8925 0.4479
vn -0.0689 -0.9958 -0.0602
vn -0.0227 -0.5493 0.8353
vn 0.0135 -0.0592 0.9982
vn 0.0459 0.4463 0.8937
vn 0.0659 0.8321 0.5507
vn 0.0683 0.9958 0.0610
vn 0.0524 0.8940 -0.4451
vn 0.0224 0.5533 -0.8327
vn -0.0138 0.0642 -0.9978
vn -0.0463 -0.4427 -0.8955
vn -0.0665 -0.8310 -0.5523
vn -0.0314 -0.8938 0.4474
vn -0.0414 -0.9973 -0.0606
vn -0.0130 -0.5502 0.8349
vn 0.0087 -0.0594 0.9982
vn 0.0281 0.4468 0.8942
vn 0.0399 0.8333 0.5513
vn 0.0409 0.9973 0.0614
vn 0.0310 0.8950 -0.4450
vn 0.0127 0.5535 -0.8328
vn -0.0091 0.0635 -0.9979
vn -0.0285 -0.4440 -0.8956
vn -0.0404 -0.8326 -0.5524
vn -0.0143 -0.8944 0.4471
vn -0.0191 -0.9980 -0.0608
vn -0.0058 -0.5507 0.8347
vn 0.0042 -0.0596 0.9982
vn 0.0130 0.4470 0.8944
vn 0.0182 0.8339 0.5516
vn 0.0186 0.9979 0.0616
vn 0.0139 0.8954 -0.4450
vn 0.0054 0.5534 -0.8329
vn -0.0046 0.0630 -0.9980
vn -0.0134 -0.4448 -0.8956
vn -0.0187 -0.8333 -0.5525
vn -0.6577 -0.6740 0.3363
vn -0.6592 -0.7506 -0.0459
vn -0.6551 -0.4167 0.6303
vn -0.6519 -0.0459 0.7569
vn -0.6492 0.3396 0.6806
vn -0.6476 0.6354 0.4206
vn -0.6475 0.7606 0.0468
vn -0.6490 0.6811 -0.3390
vn -0.6517 0.4192 -0.6321
vn -0.6548 0.0468 -0.7543
vn -0.6575 -0.3357 -0.6745
vn -0.6591 -0.6269 -0.4153
vn 0.5524 -0.7706 -0.3180
vn 0.6340 -0.7733 0.0010
vn 1.0000 -0.0011 0.0011
vn 0.8664 0.0072 -0.4993
vn 0.3202 -0.7687 -0.5537
vn 0.5002 0.0120 -0.8659
vn -0.0001 -0.7683 -0.6401
vn -0.0005 0.0120 -0.9999
vn -0.3199 -0.7695 -0.5528
vn -0.5009 0.0072 -0.8655
vn -0.5511 -0.7718 -0.3171
vn -0.8666 -0.0011 -0.4989
vn -0.6322 -0.7748 0.0010
vn -0.9999 -0.0106 0.0011
vn -0.5441 -0.7776 0.3151
vn -0.8655 -0.0188 0.5005
vn -0.3129 -0.7794 0.5428
vn -0.4997 -0.0236 0.8659
vn -0.0001 -0.7798 0.6261
vn -0.0004 -0.0236 0.9997
vn 0.3132 -0.7786 0.5437
vn 0.4992 -0.0188 0.8663
vn 0.5454 -0.7763 0.3160
vn 0.8654 -0.0106 0.5009
vn 0.9999 0.0104 0.0014
vn 0.8662 0.0267 -0.4990
vn 0.4996 0.0341 -0.8656
vn -0.0012 0.0307 -0.9995
vn -0.5014 0.0173 -0.8650
vn -0.8667 -0.0024 -0.4988
vn -0.9997 -0.0232 0.0007
vn -0.8654 -0.0394 0.4996
vn -0.4998 -0.0468 0.8649
vn -0.0007 -0.0434 0.9991
vn 0.4989 -0.0301 0.8661
vn 0.8653 -0.0104 0.5012
vn 0.9995 0.0323 0.0025
vn 0.8654 0.0561 -0.4980
vn 0.4984 0.0630 -0.8647
vn -0.0024 0.0511 -0.9987
vn -0.5020 0.0235 -0.8645
vn -0.8665 -0.0121 -0.4989
vn -0.9989 -0.0464 -0.0004
vn -0.8645 -0.0701 0.4978
vn -0.4994 -0.0769 0.8630
vn -0.0007 -0.0651 0.9979
vn 0.4986 -0.0377 0.8660
vn 0.8650 -0.0021 0.5018
vn 0.9977 0.0676 0.0049
vn 0.8630 0.0981 -0.4956
vn 0.4959 0.1002 -0.8626
vn -0.0044 0.0732 -0.9973
vn -0.5026 0.0245 -0.8642
vn -0.8654 -0.0327 -0.5000
vn -0.9965 -0.0831 -0.0030
vn -0.8619 -0.1134 0.4942
vn -0.4975 -0.1155 0.8597
vn -0.0000 -0.0888 0.9961
vn 0.4983 -0.0404 0.8661
vn 0.8638 0.0169 0.5035
vn 0.9928 0.1195 0.0097
vn 0.8573 0.1555 -0.4908
vn 0.4906 0.1472 -0.8589
vn -0.0076 0.0971 -0.9952
vn -0.5025 0.0187 -0.8644
vn -0.8618 -0.0669 -0.5028
vn -0.9906 -0.1367 -0.0082
vn -0.8556 -0.1722 0.4881
vn -0.4929 -0.1642 0.8544
vn 0.0019 -0.1146 0.9934
vn 0.4974 -0.0366 0.8668
vn 0.8606 0.0491 0.5069
vn 0.9813 0.1915 0.0183
vn 0.8449 0.2311 -0.4824
vn 0.4804 0.2057 -0.8526
vn -0.0126 0.1224 -0.9924
vn -0.5005 0.0040 -0.8657
vn -0.8530 -0.1177 -0.5085
vn -0.9775 -0.2102 -0.0172
vn -0.8423 -0.2492 0.4779
vn -0.4831 -0.2245 0.8463
vn 0.0058 -0.1424 0.9898
vn 0.4948 -0.0245 0.8686
vn 0.8526 0.0978 0.5133
vn 0.9578 0.2855 0.0323
vn 0.8208 0.3262 -0.4690
vn 0.4619 0.2759 -0.8429
vn -0.0201 0.1485 -0.9887
vn -0.4943 -0.0211 -0.8690
vn -0.8343 -0.1870 -0.5185
vn -0.9517 -0.3055 -0.0319
vn -0.8165 -0.3456 0.4624
vn -0.4645 -0.2967 0.8344
vn 0.0126 -0.1714 0.9851
vn 0.4888 -0.0025 0.8724
vn 0.8356 0.1649 0.5239
vn 0.9149 0.4002 0.0531
vn 0.7782 0.4389 -0.4492
vn 0.4311 0.3556 -0.8292
vn -0.0302 0.1738 -0.9843
vn -0.4804 -0.0567 -0.8752
vn -0.7997 -0.2738 -0.5342
vn -0.9057 -0.4205 -0.0535
vn -0.7717 -0.4587 0.4405
vn -0.4327 -0.3783 0.8183
vn 0.0233 -0.1998 0.9796
vn 0.4762 0.0301 0.8788
vn 0.8036 0.2501 0.5400
vn 0.8457 0.5274 0.0808
vn 0.7115 0.5610 -0.4232
vn 0.3852 0.4392 -0.8116
vn -0.0424 0.1964 -0.9796
vn -0.4550 -0.1004 -0.8848
vn -0.7434 -0.3718 -0.5560
vn -0.8333 -0.5467 -0.0820
vn -0.7024 -0.5800 0.4126
vn -0.3846 -0.4628 0.7986
vn 0.0379 -0.2250 0.9736
vn 0.4539 0.0716 0.8882
vn 0.7507 0.3476 0.5618
vn 0.7491 0.6528 0.1132
vn 0.6205 0.6787 -0.3929
vn 0.3251 0.5174 -0.7916
vn -0.0550 0.2146 -0.9751
vn -0.4166 -0.1464 -0.8972
vn -0.6641 -0.4691 -0.5822
vn -0.7340 -0.6693 -0.1152
vn -0.6090 -0.6956 0.3812
vn -0.3213 -0.5407 0.7774
vn 0.0546 -0.2440 0.9682
vn 0.4197 0.1174 0.9000
vn 0.6750 0.4465 0.5875
vn 0.6329 0.7604 0.1460
vn 0.5135 0.7778 -0.3623
vn 0.2569 0.5818 -0.7717
vn -0.0659 0.2276 -0.9715
vn -0.3675 -0.1876 -0.9109
vn -0.5681 -0.5530 -0.6094
vn -0.6163 -0.7734 -0.1485
vn -0.5001 -0.7918 0.3507
vn -0.2495 -0.6030 0.7577
vn 0.0704 -0.2551 0.9643
vn 0.3751 0.1610 0.9129
vn 0.5818 0.5337 0.6137
vn 0.5117 0.8411 0.1750
vn 0.4042 0.8509 -0.3354
vn 0.1895 0.6284 -0.7545
vn -0.0734 0.2358 -0.9690
vn -0.3134 -0.2196 -0.9239
vn -0.4671 -0.6163 -0.6340
vn -0.4949 -0.8506 -0.1778
vn -0.3898 -0.8617 0.3248
vn -0.1792 -0.6463 0.7418
vn 0.0820 -0.2594 0.9623
vn 0.3245 0.1973 0.9251
vn 0.4823 0.6011 0.6372
vn 0.3993 0.8952 0.1979
vn 0.3048 0.8990 -0.3144
vn 0.1302 0.6585 -0.7412
vn -0.0768 0.2404 -0.9676
vn -0.2604 -0.2416 -0.9348
vn -0.3722 -0.6588 -0.6538
vn -0.3830 -0.9017 -0.2006
vn -0.2903 -0.9070 0.3052
vn -0.1182 -0.6726 0.7305
vn 0.0880 -0.2592 0.9618
vn 0.2734 0.2242 0.9354
vn 0.3877 0.6476 0.6560
vn 0.3033 0.9285 0.2144
vn 0.2219 0.9280 -0.2994
vn 0.0827 0.6763 -0.7320
vn -0.0763 0.2427 -0.9671
vn -0.2126 -0.2553 -0.9432
vn -0.2899 -0.6849 -0.6685
vn -0.2881 -0.9327 -0.2170
vn -0.2078 -0.9337 0.2917
vn -0.0702 -0.6870 0.7232
vn 0.0886 -0.2570 0.9623
vn 0.2260 0.2425 0.9435
vn 0.3048 0.6771 0.6698
vn 0.2256 0.9477 0.2257
vn 0.1565 0.9444 -0.2892
vn 0.0472 0.6862 -0.7259
vn -0.0728 0.2437 -0.9671
vn -0.1712 -0.2635 -0.9494
vn -0.2219 -0.7000 -0.6788
vn -0.2117 -0.9503 -0.2282
vn -0.1433 -0.9484 0.2830
vn -0.0348 -0.6941 0.7190
vn 0.0850 -0.2543 0.9634
vn 0.1842 0.2543 0.9494
vn 0.2357 0.6948 0.6795
vn 0.1647 0.9584 0.2332
vn 0.1069 0.9533 -0.2826
vn 0.0220 0.6914 -0.7221
vn -0.0670 0.2442 -0.9674
vn -0.1362 -0.2680 -0.9537
vn -0.1674 -0.7084 -0.6857
vn -0.1522 -0.9599 -0.2354
vn -0.0948 -0.9560 0.2776
vn -0.0103 -0.6972 0.7168
vn 0.0787 -0.2518 0.9646
vn 0.1484 0.2616 0.9537
vn 0.1799 0.7050 0.6860
vn 0.1180 0.9641 0.2379
vn 0.0703 0.9579 -0.2785
vn 0.0052 0.6941 -0.7198
vn -0.0596 0.2443 -0.9679
vn -0.1070 -0.2705 -0.9568
vn -0.1242 -0.7128 -0.6903
vn -0.1067 -0.9649 -0.2399
vn -0.0593 -0.9598 0.2745
vn 0.0056 -0.6983 0.7157
vn 0.0705 -0.2498 0.9657
vn 0.1181 0.2661 0.9567
vn 0.1355 0.7107 0.6903
vn 0.0826 0.9670 0.2409
vn 0.0440 0.9602 -0.2760
vn -0.0050 0.6955 -0.7186
vn -0.0513 0.2445 -0.9683
vn -0.0825 -0.2717 -0.9588
vn -0.0902 -0.7150 -0.6933
vn -0.0725 -0.9674 -0.2427
vn -0.0340 -0.9615 0.2727
vn 0.0149 -0.6985 0.7154
vn 0.0613 -0.2483 0.9667
vn 0.0926 0.2688 0.9587
vn 0.1004 0.7138 0.6931
vn 0.0562 0.9685 0.2427
vn 0.0258 0.9613 -0.2745
vn -0.0104 0.6961 -0.7179
vn -0.0425 0.2446 -0.9687
vn -0.0619 -0.2722 -0.9602
vn -0.0636 -0.7161 -0.6951
vn -0.0471 -0.9686 -0.2443
vn -0.0167 -0.9622 0.2719
vn 0.0194 -0.6984 0.7155
vn 0.0515 -0.2473 0.9676
vn 0.0711 0.2703 0.9601
vn 0.0728 0.7155 0.6948
vn 0.0368 0.9691 0.2438
vn 0.0137 0.9617 -0.2736
vn -0.0120 0.6965 -0.7175
vn -0.0333 0.2447 -0.9690
vn -0.0446 -0.2724 -0.9612
vn -0.0429 -0.7165 -0.6962
vn -0.0285 -0.9691 -0.2452
vn -0.0055 -0.9624 0.2715
vn 0.0202 -0.6981 0.7157
vn 0.0416 -0.2466 0.9682
vn 0.0529 0.2713 0.9610
vn 0.0512 0.7164 0.6958
vn 0.0229 0.9694 0.2444
vn 0.0064 0.9620 -0.2731
vn -0.0108 0.6967 -0.7173
vn -0.0241 0.2449 -0.9693
vn -0.0299 -0.2724 -0.9617
vn -0.0267 -0.7167 -0.6969
vn -0.0154 -0.9692 -0.2456
vn 0.0011 -0.9624 0.2715
vn 0.0183 -0.6978 0.7160
vn 0.0316 -0.2461 0.9687
vn 0.0375 0.2718 0.9616
vn 0.0343 0.7168 0.6965
vn 0.0132 0.9695 0.2447
vn 0.0027 0.9620 -0.2729
vn -0.0076 0.6968 -0.7172
vn -0.0149 0.2450 -0.9694
vn -0.0173 -0.2723 -0.9621
vn -0.0142 -0.7167 -0.6972
vn -0.0063 -0.9693 -0.2458
vn 0.0041 -0.9624 0.2716
vn 0.0144 -0.6977 0.7163
vn 0.0218 -0.2458 0.9691
vn 0.0242 0.2721 0.9620
vn 0.0211 0.7170 0.6968
vn 0.0069 0.9695 0.2449
vn 0.0019 0.9621 -0.2727
vn -0.0028 0.6969 -0.7172
vn -0.0059 0.2451 -0.9695
vn -0.0066 -0.2722 -0.9622
vn -0.0046 -0.7167 -0.6974
vn -0.0006 -0.9693 -0.2458
vn 0.0044 -0.9624 0.2717
vn 0.0091 -0.6975 0.7165
vn 0.0122 -0.2456 0.9693
vn 0.0129 0.2723 0.9621
vn 0.0109 0.7171 0.6969
vn -0.7672 0.6220 0.1566
vn -0.7688 0.6151 -0.1749
vn -0.7703 0.4441 -0.4576
vn -0.7712 0.1559 -0.6172
vn -0.7713 -0.1731 -0.6125
vn -0.7706 -0.4565 -0.4448
vn -0.7692 -0.6193 -0.1576
vn -0.7675 -0.6170 0.1737
vn -0.7660 -0.4486 0.4604
vn -0.7651 -0.1582 0.6242
vn -0.7650 0.1755 0.6197
vn -0.7658 0.4614 0.4480
vn 0.6679 -0.6255 -0.4034
vn 0.7923 -0.6101 0.0040
vn 0.9199 0.3920 0.0088
vn 0.7895 0.3553 -0.5004
vn 0.3385 -0.6837 -0.6465
vn 0.4418 0.2189 -0.8700
vn -0.0365 -0.7596 -0.6494
vn -0.0250 0.0262 -0.9993
vn -0.3097 -0.8265 -0.4701
vn -0.4816 -0.1691 -0.8599
vn -0.4374 -0.8698 -0.2282
vn -0.8082 -0.3175 -0.4960
vn -0.4617 -0.8870 0.0036
vn -0.9236 -0.3834 -0.0054
vn -0.4196 -0.8793 0.2253
vn -0.8002 -0.3510 0.4863
vn -0.2914 -0.8460 0.4464
vn -0.4685 -0.2281 0.8535
vn -0.0359 -0.7874 0.6154
vn -0.0110 -0.0443 0.9990
vn 0.3216 -0.7127 0.6235
vn 0.4533 0.1550 0.8778
vn 0.6509 -0.6445 0.4011
vn 0.7963 0.3168 0.5154
vn 0.7339 0.6788 0.0238
vn 0.6233 0.6135 -0.4849
vn 0.3427 0.3794 -0.8594
vn -0.0306 0.0446 -0.9985
vn -0.3940 -0.2985 -0.8693
vn -0.6514 -0.5603 -0.5116
vn -0.7374 -0.6751 -0.0220
vn -0.6312 -0.6146 0.4731
vn -0.3592 -0.3937 0.8462
vn 0.0096 -0.0672 0.9977
vn 0.3778 0.2807 0.8823
vn 0.6440 0.5557 0.5258
vn 0.5415 0.8399 0.0377
vn 0.4535 0.7571 -0.4702
vn 0.2427 0.4683 -0.8496
vn -0.0335 0.0542 -0.9980
vn -0.3001 -0.3721 -0.8784
vn -0.4860 -0.6976 -0.5265
vn -0.5432 -0.8388 -0.0371
vn -0.4573 -0.7599 0.4619
vn -0.2503 -0.4807 0.8404
vn 0.0243 -0.0723 0.9971
vn 0.2931 0.3579 0.8866
vn 0.4828 0.6931 0.5353
vn 0.3230 0.8267 -0.4607
vn 0.1671 0.5108 -0.8433
vn -0.0335 0.0582 -0.9977
vn -0.2247 -0.4085 -0.8847
vn -0.3555 -0.7653 -0.5366
vn -0.3917 -0.9189 -0.0471
vn -0.3240 -0.8296 0.4548
vn -0.1701 -0.5202 0.8370
vn 0.0298 -0.0711 0.9970
vn 0.2222 0.3985 0.8899
vn 0.3550 0.7616 0.5421
vn 0.2837 0.9575 0.0528
vn 0.2302 0.8602 -0.4550
vn 0.1148 0.5310 -0.8395
vn -0.0311 0.0596 -0.9977
vn -0.1684 -0.4267 -0.8886
vn -0.2604 -0.7985 -0.5428
vn -0.2829 -0.9577 -0.0532
vn -0.2301 -0.8626 0.4506
vn -0.1158 -0.5378 0.8351
vn 0.0298 -0.0688 0.9972
vn 0.1678 0.4197 0.8920
vn 0.2608 0.7959 0.5464
vn 0.2054 0.9771 0.0563
vn 0.1641 0.8771 -0.4515
vn 0.0789 0.5410 -0.8373
vn -0.0274 0.0601 -0.9978
vn -0.1260 -0.4362 -0.8910
vn -0.1908 -0.8154 -0.5465
vn -0.2045 -0.9772 -0.0567
vn -0.1637 -0.8788 0.4482
vn -0.0790 -0.5460 0.8340
vn 0.0271 -0.0668 0.9974
vn 0.1261 0.4311 0.8934
vn 0.1915 0.8136 0.5489
vn 0.1475 0.9873 0.0584
vn 0.1161 0.8858 -0.4494
vn 0.0537 0.5461 -0.8360
vn -0.0229 0.0602 -0.9979
vn -0.0933 -0.4413 -0.8925
vn -0.1385 -0.8244 -0.5488
vn -0.1467 -0.9874 -0.0589
vn -0.1156 -0.8871 0.4468
vn -0.0535 -0.5499 0.8335
vn 0.0231 -0.0652 0.9976
vn 0.0936 0.4376 0.8943
vn 0.1392 0.8231 0.5505
vn 0.1034 0.9929 0.0596
vn 0.0803 0.8904 -0.4481
vn 0.0358 0.5487 -0.8352
vn -0.0182 0.0602 -0.9980
vn -0.0672 -0.4441 -0.8935
vn -0.0981 -0.8293 -0.5502
vn -0.1027 -0.9929 -0.0601
vn -0.0797 -0.8915 0.4460
vn -0.0354 -0.5517 0.8333
vn 0.0185 -0.0640 0.9978
vn 0.0677 0.4413 0.8948
vn 0.0987 0.8284 0.5514
vn 0.0689 0.9958 0.0604
vn 0.0529 0.8928 -0.4474
vn 0.0227 0.5501 -0.8348
vn -0.0134 0.0602 -0.9981
vn -0.0459 -0.4456 -0.8941
vn -0.0659 -0.8319 -0.5510
vn -0.0683 -0.9958 -0.0609
vn -0.0523 -0.8937 0.4456
vn -0.0223 -0.5525 0.8332
vn 0.0138 -0.0632 0.9979
vn 0.0464 0.4434 0.8951
vn 0.0665 0.8312 0.5519
vn 0.0414 0.9973 0.0608
vn 0.0314 0.8940 -0.4469
vn 0.0131 0.5509 -0.8345
vn -0.0087 0.0602 -0.9981
vn -0.0281 -0.4463 -0.8945
vn -0.0398 -0.8332 -0.5515
vn -0.0409 -0.9973 -0.0613
vn -0.0309 -0.8948 0.4455
vn -0.0126 -0.5528 0.8332
vn 0.0092 -0.0626 0.9980
vn 0.0286 0.4446 0.8953
vn 0.0404 0.8327 0.5522
vn 0.0191 0.9980 0.0610
vn 0.0143 0.8946 -0.4467
vn 0.0058 0.5513 -0.8343
vn -0.0041 0.0603 -0.9982
vn -0.0130 -0.4466 -0.8947
vn -0.0182 -0.8338 -0.5518
vn -0.0186 -0.9979 -0.0614
vn -0.0139 -0.8952 0.4454
vn -0.0054 -0.5529 0.8333
vn 0.0046 -0.0623 0.9980
vn 0.0134 0.4452 0.8953
vn 0.0187 0.8334 0.5523
vn -0.7641 0.6439 0.0391
vn -0.7656 0.5753 -0.2879
vn -0.7684 0.3521 -0.5345
vn -0.7716 0.0374 -0.6350
vn -0.7744 -0.2833 -0.5658
vn -0.7760 -0.5261 -0.3479
vn -0.7761 -0.6294 -0.0390
vn -0.7745 -0.5666 0.2811
vn -0.7718 -0.3523 0.5293
vn -0.7686 -0.0408 0.6384
vn -0.7658 0.2858 0.5761
vn -0.7641 0.5376 0.3565
vt 0.000000 1.000000
vt 0.041667 1.000000
vt 0.041667 0.916667
vt 0.000000 0.916667
vt 0.000000 0.083333
vt 0.041667 0.083333
vt 0.041667 0.000000
vt 0.000000 0.000000
vt 0.000000 0.166667
vt 0.041667 0.166667
vt 0.000000 0.250000
vt 0.041667 0.250000
vt 0.000000 0.333333
vt 0.041667 0.333333
vt 0.000000 0.416667
vt 0.041667 0.416667
vt 0.000000 0.500000
vt 0.041667 0.500000
vt 0.000000 0.583333
vt 0.041667 0.583333
vt 0.000000 0.666667
vt 0.041667 0.666667
vt 0.000000 0.750000
vt 0.041667 0.750000
vt 0.000000 0.833333
vt 0.041667 0.833333
vt 0.083333 1.000000
vt 0.083333 0.916667
vt 0.083333 0.083333
vt 0.083333 0.000000
vt 0.083333 0.166667
vt 0.083333 0.250000
vt 0.083333 0.333333
vt 0.083333 0.416667
vt 0.083333 0.500000
vt 0.083333 0.583333
vt 0.083333 0.666667
vt 0.083333 0.750000
vt 0.083333 0.833333
vt 0.125000 1.000000
vt 0.125000 0.916667
vt 0.125000 0.083333
vt 0.125000 0.000000
vt 0.125000 0.166667
vt 0.125000 0.250000
vt 0.125000 0.333333
vt 0.125000 0.416667
vt 0.125000 0.500000
vt 0.125000 0.583333
vt 0.125000 0.666667
vt 0.125000 0.750000
vt 0.125000 0.833333
vt 0.166667 1.000000
vt 0.166667 0.916667
vt 0.166667 0.083333
vt 0.166667 0.000000
vt 0.166667 0.166667
vt 0.166667 0.250000
vt 0.166667 0.333333
vt 0.166667 0.416667
vt 0.166667 0.500000
vt 0.166667 0.583333
vt 0.166667 0.666667
vt 0.166667 0.750000
vt 0.166667 0.833333
vt 0.208333 1.000000
vt 0.208333 0.916667
vt 0.208333 0.083333
vt 0.208333 0.000000
vt 0.208333 0.166667
vt 0.208333 0.250000
vt 0.208333 0.333333
vt 0.208333 0.416667
vt 0.208333 0.500000
vt 0.208333 0.583333
vt 0.208333 0.666667
vt 0.208333 0.750000
vt 0.208333 0.833333
vt 0.250000 1.000000
vt 0.250000 0.916667
vt 0.250000 0.083333
vt 0.250000 0.000000
vt 0.250000 0.166667
vt 0.250000 0.250000
vt 0.250000 0.333333
vt 0.250000 0.416667
vt 0.250000 0.500000
vt 0.250000 0.583333
vt 0.250000 0.666667
vt 0.250000 0.750000
vt 0.250000 0.833333
vt 0.291667 1.000000
vt 0.291667 0.916667
vt 0.291667 0.083333
vt 0.291667 0.000000
vt 0.291667 0.166667
vt 0.291667 0.250000
vt 0.291667 0.333333
vt 0.291667 0.416667
vt 0.291667 0.500000
vt 0.291667 0.583333
vt 0.291667 0.666667
vt 0.291667 0.750000
vt 0.291667 0.833333
vt 0.333333 1.000000
vt 0.333333 0.916667
vt 0.333333 0.083333
vt 0.333333 0.000000
vt 0.333333 0.166667
vt 0.333333 0.250000
vt 0.333333 0.333333
vt 0.333333 0.416667
vt 0.333333 0.500000
vt 0.333333 0.583333
vt 0.333333 0.666667
vt 0.333333 0.750000
vt 0.333333 0.833333
vt 0.375000 1.000000
vt 0.375000 0.916667
vt 0.375000 0.083333
vt 0.375000 0.000000
vt 0.375000 0.166667
vt 0.375000 0.250000
vt 0.375000 0.333333
vt 0.375000 0.416667
vt 0.375000 0.500000
vt 0.375000 0.583333
vt 0.375000 0.666667
vt 0.375000 0.750000
vt 0.375000 0.833333
vt 0.416667 1.000000
vt 0.416667 0.916667
vt 0.416667 0.083333
vt 0.416667 0.000000
vt 0.416667 0.166667
vt 0.416667 0.250000
vt 0.416667 0.333333
vt 0.416667 0.416667
vt 0.416667 0.500000
vt 0.416667 0.583333
vt 0.416667 0.666667
vt 0.416667 0.750000
vt 0.416667 0.833333
vt 0.458333 1.000000
vt 0.458333 0.916667
vt 0.458333 0.083333
vt 0.458333 0.000000
vt 0.458333 0.166667
vt 0.458333 0.250000
vt 0.458333 0.333333
vt 0.458333 0.416667
vt 0.458333 0.500000
vt 0.458333 0.583333
vt 0.458333 0.666667
vt 0.458333 0.750000
vt 0.458333 0.833333
vt 0.500000 1.000000
vt 0.500000 0.916667
vt 0.500000 0.083333
vt 0.500000 0.000000
vt 0.500000 0.166667
vt 0.500000 0.250000
vt 0.500000 0.333333
vt 0.500000 0.416667
vt 0.500000 0.500000
vt 0.500000 0.583333
vt 0.500000 0.666667
vt 0.500000 0.750000
vt 0.500000 0.833333
vt 0.541667 1.000000
vt 0.541667 0.916667
vt 0.541667 0.083333
vt 0.541667 0.000000
vt 0.541667 0.166667
vt 0.541667 0.250000
vt 0.541667 0.333333
vt 0.541667 0.416667
vt 0.541667 0.500000
vt 0.541667 0.583333
vt 0.541667 0.666667
vt 0.541667 0.750000
vt 0.541667 0.833333
vt 0.583333 1.000000
vt 0.583333 0.916667
vt 0.583333 0.083333
vt 0.583333 0.000000
vt 0.583333 0.166667
vt 0.583333 0.250000
vt 0.583333 0.333333
vt 0.583333 0.416667
vt 0.583333 0.500000
vt 0.583333 0.583333
vt 0.583333 0.666667
vt 0.583333 0.750000
vt 0.583333 0.833333
vt 0.625000 1.000000
vt 0.625000 0.916667
vt 0.625000 0.083333
vt 0.625000 0.000000
vt 0.625000 0.166667
vt 0.625000 0.250000
vt 0.625000 0.333333
vt 0.625000 0.416667
vt 0.625000 0.500000
vt 0.625000 0.583333
vt 0.625000 0.666667
vt 0.625000 0.750000
vt 0.625000 0.833333
vt 0.666667 1.000000
vt 0.666667 0.916667
vt 0.666667 0.083333
vt 0.666667 0.000000
vt 0.666667 0.166667
vt 0.666667 0.250000
vt 0.666667 0.333333
vt 0.666667 0.416667
vt 0.666667 0.500000
vt 0.666667 0.583333
vt 0.666667 0.666667
vt 0.666667 0.750000
vt 0.666667 0.833333
vt 0.708333 1.000000
vt 0.708333 0.916667
vt 0.708333 0.083333
vt 0.708333 0.000000
vt 0.708333 0.166667
vt 0.708333 0.250000
vt 0.708333 0.333333
vt 0.708333 0.416667
vt 0.708333 0.500000
vt 0.708333 0.583333
vt 0.708333 0.666667
vt 0.708333 0.750000
vt 0.708333 0.833333
vt 0.750000 1.000000
vt 0.750000 0.916667
vt 0.750000 0.083333
vt 0.750000 0.000000
vt 0.750000 0.166667
vt 0.750000 0.250000
vt 0.750000 0.333333
vt 0.750000 0.416667
vt 0.750000 0.500000
vt 0.750000 0.583333
vt 0.750000 0.666667
vt 0.750000 0.750000
vt 0.750000 0.833333
vt 0.791667 1.000000
vt 0.791667 0.916667
vt 0.791667 0.083333
vt 0.791667 0.000000
vt 0.791667 0.166667
vt 0.791667 0.250000
vt 0.791667 0.333333
vt 0.791667 0.416667
vt 0.791667 0.500000
vt 0.791667 0.583333
vt 0.791667 0.666667
vt 0.791667 0.750000
vt 0.791667 0.833333
vt 0.833333 1.000000
vt 0.833333 0.916667
vt 0.833333 0.083333
vt 0.833333 0.000000
vt 0.833333 0.166667
vt 0.833333 0.250000
vt 0.833333 0.333333
vt 0.833333 0.416667
vt 0.833333 0.500000
vt 0.833333 0.583333
vt 0.833333 0.666667
vt 0.833333 0.750000
vt 0.833333 0.833333
vt 0.875000 1.000000
vt 0.875000 0.916667
vt 0.875000 0.083333
vt 0.875000 0.000000
vt 0.875000 0.166667
vt 0.875000 0.250000
vt 0.875000 0.333333
vt 0.875000 0.416667
vt 0.875000 0.500000
vt 0.875000 0.583333
vt 0.875000 0.666667
vt 0.875000 0.750000
vt 0.875000 0.833333
vt 0.916667 1.000000
vt 0.916667 0.916667
vt 0.916667 0.083333
vt 0.916667 0.000000
vt 0.916667 0.166667
vt 0.916667 0.250000
vt 0.916667 0.333333
vt 0.916667 0.416667
vt 0.916667 0.500000
vt 0.916667 0.583333
vt 0.916667 0.666667
vt 0.916667 0.750000
vt 0.916667 0.833333
vt 0.958333 1.000000
vt 0.958333 0.916667
vt 0.958333 0.083333
vt 0.958333 0.000000
vt 0.958333 0.166667
vt 0.958333 0.250000
vt 0.958333 0.333333
vt 0.958333 0.416667
vt 0.958333 0.500000
vt 0.958333 0.583333
vt 0.958333 0.666667
vt 0.958333 0.750000
vt 0.958333 0.833333
vt 1.000000 1.000000
vt 1.000000 0.916667
vt 1.000000 0.083333
vt 1.000000 0.000000
vt 1.000000 0.166667
vt 1.000000 0.250000
vt 1.000000 0.333333
vt 1.000000 0.416667
vt 1.000000 0.500000
vt 1.000000 0.583333
vt 1.000000 0.666667
vt 1.000000 0.750000
vt 1.000000 0.833333
s 1
usemtl Black-Material
f 2737/976/2736 2749/977/2737 2760/978/2738 2748/979/2739
f 2738/980/2740 2750/981/2741 2749/982/2737 2737/983/2736
f 2739/984/2742 2751/985/2743 2750/981/2741 2738/980/2740
f 2740/986/2744 2752/987/2745 2751/985/2743 2739/984/2742
f 2741/988/2746 2753/989/2747 2752/987/2745 2740/986/2744
f 2742/990/2748 2754/991/2749 2753/989/2747 2741/988/2746
f 2743/992/2750 2755/993/2751 2754/991/2749 2742/990/2748
f 2744/994/2752 2756/995/2753 2755/993/2751 2743/992/2750
f 2745/996/2754 2757/997/2755 2756/995/2753 2744/994/2752
f 2746/998/2756 2758/999/2757 2757/997/2755 2745/996/2754
f 2747/1000/2758 2759/1001/2759 2758/999/2757 2746/998/2756
f 2748/979/2739 2760/978/2738 2759/1001/2759 2747/1000/2758
f 2749/977/2737 2761/1002/2760 2772/1003/2761 2760/978/2738
f 2750/981/2741 2762/1004/2762 2761/1005/2760 2749/982/2737
f 2751/985/2743 2763/1006/2763 2762/1004/2762 2750/981/2741
f 2752/987/2745 2764/1007/2764 2763/1006/2763 2751/985/2743
f 2753/989/2747 2765/1008/2765 2764/1007/2764 2752/987/2745
f 2754/991/2749 2766/1009/2766 2765/1008/2765 2753/989/2747
f 2755/993/2751 2767/1010/2767 2766/1009/2766 2754/991/2749
f 2756/995/2753 2768/1011/2768 2767/1010/2767 2755/993/2751
f 2757/997/2755 2769/1012/2769 2768/1011/2768 2756/995/2753
f 2758/999/2757 2770/1013/2770 2769/1012/2769 2757/997/2755
f 2759/1001/2759 2771/1014/2771 2770/1013/2770 2758/999/2757
f 2760/978/2738 2772/1003/2761 2771/1014/2771 2759/1001/2759
f 2761/1002/2760 2773/1015/2772 2784/1016/2773 2772/1003/2761
f 2762/1004/2762 2774/1017/2774 2773/1018/2772 2761/1005/2760
f 2763/1006/2763 2775/1019/2775 2774/1017/2774 2762/1004/2762
f 2764/1007/2764 2776/1020/2776 2775/1019/2775 2763/1006/2763
f 2765/1008/2765 2777/1021/2777 2776/1020/2776 2764/1007/2764
f 2766/1009/2766 2778/1022/2778 2777/1021/2777 2765/1008/2765
f 2767/1010/2767 2779/1023/2779 2778/1022/2778 2766/1009/2766
f 2768/1011/2768 2780/1024/2780 2779/1023/2779 2767/1010/2767
f 2769/1012/2769 2781/1025/2781 2780/1024/2780 2768/1011/2768
f 2770/1013/2770 2782/1026/2782 2781/1025/2781 2769/1012/2769
f 2771/1014/2771 2783/1027/2783 2782/1026/2782 2770/1013/2770
f 2772/1003/2761 2784/1016/2773 2783/1027/2783 2771/1014/2771
f 2773/1015/2772 2785/1028/2784 2796/1029/2785 2784/1016/2773
f 2774/1017/2774 2786/1030/2786 2785/1031/2784 2773/1018/2772
f 2775/1019/2775 2787/1032/2787 2786/1030/2786 2774/1017/2774
f 2776/1020/2776 2788/1033/2788 2787/1032/2787 2775/1019/2775
f 2777/1021/2777 2789/1034/2789 2788/1033/2788 2776/1020/2776
f 2778/1022/2778 2790/1035/2790 2789/1034/2789 2777/1021/2777
f 2779/1023/2779 2791/1036/2791 2790/1035/2790 2778/1022/2778
f 2780/1024/2780 2792/1037/2792 2791/1036/2791 2779/1023/2779
f 2781/1025/2781 2793/1038/2793 2792/1037/2792 2780/1024/2780
f 2782/1026/2782 2794/1039/2794 2793/1038/2793 2781/1025/2781
f 2783/1027/2783 2795/1040/2795 2794/1039/2794 2782/1026/2782
f 2784/1016/2773 2796/1029/2785 2795/1040/2795 2783/1027/2783
f 2785/1028/2784 2797/1041/2796 2808/1042/2797 2796/1029/2785
f 2786/1030/2786 2798/1043/2798 2797/1044/2796 2785/1031/2784
f 2787/1032/2787 2799/1045/2799 2798/1043/2798 2786/1030/2786
f 2788/1033/2788 2800/1046/2800 2799/1045/2799 2787/1032/2787
f 2789/1034/2789 2801/1047/2801 2800/1046/2800 2788/1033/2788
f 2790/1035/2790 2802/1048/2802 2801/1047/2801 2789/1034/2789
f 2791/1036/2791 2803/1049/2803 2802/1048/2802 2790/1035/2790
f 2792/1037/2792 2804/1050/2804 2803/1049/2803 2791/1036/2791
f 2793/1038/2793 2805/1051/2805 2804/1050/2804 2792/1037/2792
f 2794/1039/2794 2806/1052/2806 2805/1051/2805 2793/1038/2793
f 2795/1040/2795 2807/1053/2807 2806/1052/2806 2794/1039/2794
f 2796/1029/2785 2808/1042/2797 2807/1053/2807 2795/1040/2795
f 2797/1041/2796 2809/1054/2808 2820/1055/2809 2808/1042/2797
f 2798/1043/2798 2810/1056/2810 2809/1057/2808 2797/1044/2796
f 2799/1045/2799 2811/1058/2811 2810/1056/2810 2798/1043/2798
f 2800/1046/2800 2812/1059/2812 2811/1058/2811 2799/1045/2799
f 2801/1047/2801 2813/1060/2813 2812/1059/2812 2800/1046/2800
f 2802/1048/2802 2814/1061/2814 2813/1060/2813 2801/1047/2801
f 2803/1049/2803 2815/1062/2815 2814/1061/2814 2802/1048/2802
f 2804/1050/2804 2816/1063/2816 2815/1062/2815 2803/1049/2803
f 2805/1051/2805 2817/1064/2817 2816/1063/2816 2804/1050/2804
f 2806/1052/2806 2818/1065/2818 2817/1064/2817 2805/1051/2805
f 2807/1053/2807 2819/1066/2819 2818/1065/2818 2806/1052/2806
f 2808/1042/2797 2820/1055/2809 2819/1066/2819 2807/1053/2807
f 2809/1054/2808 2821/1067/2820 2832/1068/2821 2820/1055/2809
f 2810/1056/2810 2822/1069/2822 2821/1070/2820 2809/1057/2808
f 2811/1058/2811 2823/1071/2823 2822/1069/2822 2810/1056/2810
f 2812/1059/2812 2824/1072/2824 2823/1071/2823 2811/1058/2811
f 2813/1060/2813 2825/1073/2825 2824/1072/2824 2812/1059/2812
f 2814/1061/2814 2826/1074/2826 2825/1073/2825 2813/1060/2813
f 2815/1062/2815 2827/1075/2827 2826/1074/2826 2814/1061/2814
f 2816/1063/2816 2828/1076/2828 2827/1075/2827 2815/1062/2815
f 2817/1064/2817 2829/1077/2829 2828/1076/2828 2816/1063/2816
f 2818/1065/2818 2830/1078/2830 2829/1077/2829 2817/1064/2817
f 2819/1066/2819 2831/1079/2831 2830/1078/2830 2818/1065/2818
f 2820/1055/2809 2832/1068/2821 2831/1079/2831 2819/1066/2819
f 2821/1067/2820 2833/1080/2832 2844/1081/2833 2832/1068/2821
f 2822/1069/2822 2834/1082/2834 2833/1083/2832 2821/1070/2820
f 2823/1071/2823 2835/1084/2835 2834/1082/2834 2822/1069/2822
f 2824/1072/2824 2836/1085/2836 2835/1084/2835 2823/1071/2823
f 2825/1073/2825 2837/1086/2837 2836/1085/2836 2824/1072/2824
f 2826/1074/2826 2838/1087/2838 2837/1086/2837 2825/1073/2825
f 2827/1075/2827 2839/1088/2839 2838/1087/2838 2826/1074/2826
f 2828/1076/2828 2840/1089/2840 2839/1088/2839 2827/1075/2827
f 2829/1077/2829 2841/1090/2841 2840/1089/2840 2828/1076/2828
f 2830/1078/2830 2842/1091/2842 2841/1090/2841 2829/1077/2829
f 2831/1079/2831 2843/1092/2843 2842/1091/2842 2830/1078/2830
f 2832/1068/2821 2844/1081/2833 2843/1092/2843 2831/1079/2831
f 2833/1080/2832 2845/1093/2844 2856/1094/2845 2844/1081/2833
f 2834/1082/2834 2846/1095/2846 2845/1096/2844 2833/1083/2832
f 2835/1084/2835 2847/1097/2847 2846/1095/2846 2834/1082/2834
f 2836/1085/2836 2848/1098/2848 2847/1097/2847 2835/1084/2835
f 2837/1086/2837 2849/1099/2849 2848/1098/2848 2836/1085/2836
f 2838/1087/2838 2850/1100/2850 2849/1099/2849 2837/1086/2837
f 2839/1088/2839 2851/1101/2851 2850/1100/2850 2838/1087/2838
f 2840/1089/2840 2852/1102/2852 2851/1101/2851 2839/1088/2839
f 2841/1090/2841 2853/1103/2853 2852/1102/2852 2840/1089/2840
f 2842/1091/2842 2854/1104/2854 2853/1103/2853 2841/1090/2841
f 2843/1092/2843 2855/1105/2855 2854/1104/2854 2842/1091/2842
f 2844/1081/2833 2856/1094/2845 2855/1105/2855 2843/1092/2843
f 2845/1093/2844 2857/1106/2856 2868/1107/2857 2856/1094/2845
f 2846/1095/2846 2858/1108/2858 2857/1109/2856 2845/1096/2844
f 2847/1097/2847 2859/1110/2859 2858/1108/2858 2846/1095/2846
f 2848/1098/2848 2860/1111/2860 2859/1110/2859 2847/1097/2847
f 2849/1099/2849 2861/1112/2861 2860/1111/2860 2848/1098/2848
f 2850/1100/2850 2862/1113/2862 2861/1112/2861 2849/1099/2849
f 2851/1101/2851 2863/1114/2863 2862/1113/2862 2850/1100/2850
f 2852/1102/2852 2864/1115/2864 2863/1114/2863 2851/1101/2851
f 2853/1103/2853 2865/1116/2865 2864/1115/2864 2852/1102/2852
f 2854/1104/2854 2866/1117/2866 2865/1116/2865 2853/1103/2853
f 2855/1105/2855 2867/1118/2867 2866/1117/2866 2854/1104/2854
f 2856/1094/2845 2868/1107/2857 2867/1118/2867 2855/1105/2855
f 2857/1106/2856 2869/1119/2868 2880/1120/2869 2868/1107/2857
f 2858/1108/2858 2870/1121/2870 2869/1122/2868 2857/1109/2856
f 2859/1110/2859 2871/1123/2871 2870/1121/2870 2858/1108/2858
f 2860/1111/2860 2872/1124/2872 2871/1123/2871 2859/1110/2859
f 2861/1112/2861 2873/1125/2873 2872/1124/2872 2860/1111/2860
f 2862/1113/2862 2874/1126/2874 2873/1125/2873 2861/1112/2861
f 2863/1114/2863 2875/1127/2875 2874/1126/2874 2862/1113/2862
f 2864/1115/2864 2876/1128/2876 2875/1127/2875 2863/1114/2863
f 2865/1116/2865 2877/1129/2877 2876/1128/2876 2864/1115/2864
f 2866/1117/2866 2878/1130/2878 2877/1129/2877 2865/1116/2865
f 2867/1118/2867 2879/1131/2879 2878/1130/2878 2866/1117/2866
f 2868/1107/2857 2880/1120/2869 2879/1131/2879 2867/1118/2867
f 2869/1119/2868 2881/1132/2880 2892/1133/2881 2880/1120/2869
f 2870/1121/2870 2882/1134/2882 2881/1135/2880 2869/1122/2868
f 2871/1123/2871 2883/1136/2883 2882/1134/2882 2870/1121/2870
f 2872/1124/2872 2884/1137/2884 2883/1136/2883 2871/1123/2871
f 2873/1125/2873 2885/1138/2885 2884/1137/2884 2872/1124/2872
f 2874/1126/2874 2886/1139/2886 2885/1138/2885 2873/1125/2873
f 2875/1127/2875 2887/1140/2887 2886/1139/2886 2874/1126/2874
f 2876/1128/2876 2888/1141/2888 2887/1140/2887 2875/1127/2875
f 2877/1129/2877 2889/1142/2889 2888/1141/2888 2876/1128/2876
f 2878/1130/2878 2890/1143/2890 2889/1142/2889 2877/1129/2877
f 2879/1131/2879 2891/1144/2891 2890/1143/2890 2878/1130/2878
f 2880/1120/2869 2892/1133/2881 2891/1144/2891 2879/1131/2879
f 2881/1132/2880 2893/1145/2892 2904/1146/2893 2892/1133/2881
f 2882/1134/2882 2894/1147/2894 2893/1148/2892 2881/1135/2880
f 2883/1136/2883 2895/1149/2895 2894/1147/2894 2882/1134/2882
f 2884/1137/2884 2896/1150/2896 2895/1149/2895 2883/1136/2883
f 2885/1138/2885 2897/1151/2897 2896/1150/2896 2884/1137/2884
f 2886/1139/2886 2898/1152/2898 2897/1151/2897 2885/1138/2885
f 2887/1140/2887 2899/1153/2899 2898/1152/2898 2886/1139/2886
f 2888/1141/2888 2900/1154/2900 2899/1153/2899 2887/1140/2887
f 2889/1142/2889 2901/1155/2901 2900/1154/2900 2888/1141/2888
f 2890/1143/2890 2902/1156/2902 2901/1155/2901 2889/1142/2889
f 2891/1144/2891 2903/1157/2903 2902/1156/2902 2890/1143/2890
f 2892/1133/2881 2904/1146/2893 2903/1157/2903 2891/1144/2891
f 2893/1145/2892 2905/1158/2904 2916/1159/2905 2904/1146/2893
f 2894/1147/2894 2906/1160/2906 2905/1161/2904 2893/1148/2892
f 2895/1149/2895 2907/1162/2907 2906/1160/2906 2894/1147/2894
f 2896/1150/2896 2908/1163/2908 2907/1162/2907 2895/1149/2895
f 2897/1151/2897 2909/1164/2909 2908/1163/2908 2896/1150/2896
f 2898/1152/2898 2910/1165/2910 2909/1164/2909 2897/1151/2897
f 2899/1153/2899 2911/1166/2911 2910/1165/2910 2898/1152/2898
f 2900/1154/2900 2912/1167/2912 2911/1166/2911 2899/1153/2899
f 2901/1155/2901 2913/1168/2913 2912/1167/2912 2900/1154/2900
f 2902/1156/2902 2914/1169/2914 2913/1168/2913 2901/1155/2901
f 2903/1157/2903 2915/1170/2915 2914/1169/2914 2902/1156/2902
f 2904/1146/2893 2916/1159/2905 2915/1170/2915 2903/1157/2903
f 2905/1158/2904 2917/1171/2916 2928/1172/2917 2916/1159/2905
f 2906/1160/2906 2918/1173/2918 2917/1174/2916 2905/1161/2904
f 2907/1162/2907 2919/1175/2919 2918/1173/2918 2906/1160/2906
f 2908/1163/2908 2920/1176/2920 2919/1175/2919 2907/1162/2907
f 2909/1164/2909 2921/1177/2921 2920/1176/2920 2908/1163/2908
f 2910/1165/2910 2922/1178/2922 2921/1177/2921 2909/1164/2909
f 2911/1166/2911 2923/1179/2923 2922/1178/2922 2910/1165/2910
f 2912/1167/2912 2924/1180/2924 2923/1179/2923 2911/1166/2911
f 2913/1168/2913 2925/1181/2925 2924/1180/2924 2912/1167/2912
f 2914/1169/2914 2926/1182/2926 2925/1181/2925 2913/1168/2913
f 2915/1170/2915 2927/1183/2927 2926/1182/2926 2914/1169/2914
f 2916/1159/2905 2928/1172/2917 2927/1183/2927 2915/1170/2915
f 2917/1171/2916 2929/1184/2928 2940/1185/2929 2928/1172/2917
f 2918/1173/2918 2930/1186/2930 2929/1187/2928 2917/1174/2916
f 2919/1175/2919 2931/1188/2931 2930/1186/2930 2918/1173/2918
f 2920/1176/2920 2932/1189/2932 2931/1188/2931 2919/1175/2919
f 2921/1177/2921 2933/1190/2933 2932/1189/2932 2920/1176/2920
f 2922/1178/2922 2934/1191/2934 2933/1190/2933 2921/1177/2921
f 2923/1179/2923 2935/1192/2935 2934/1191/2934 2922/1178/2922
f 2924/1180/2924 2936/1193/2936 2935/1192/2935 2923/1179/2923
f 2925/1181/2925 2937/1194/2937 2936/1193/2936 2924/1180/2924
f 2926/1182/2926 2938/1195/2938 2937/1194/2937 2925/1181/2925
f 2927/1183/2927 2939/1196/2939 2938/1195/2938 2926/1182/2926
f 2928/1172/2917 2940/1185/2929 2939/1196/2939 2927/1183/2927
f 2929/1184/2928 2941/1197/2940 2952/1198/2941 2940/1185/2929
f 2930/1186/2930 2942/1199/2942 2941/1200/2940 2929/1187/2928
f 2931/1188/2931 2943/1201/2943 2942/1199/2942 2930/1186/2930
f 2932/1189/2932 2944/1202/2944 2943/1201/2943 2931/1188/2931
f 2933/1190/2933 2945/1203/2945 2944/1202/2944 2932/1189/2932
f 2934/1191/2934 2946/1204/2946 2945/1203/2945 2933/1190/2933
f 2935/1192/2935 2947/1205/2947 2946/1204/2946 2934/1191/2934
f 2936/1193/2936 2948/1206/2948 2947/1205/2947 2935/1192/2935
f 2937/1194/2937 2949/1207/2949 2948/1206/2948 2936/1193/2936
f 2938/1195/2938 2950/1208/2950 2949/1207/2949 2937/1194/2937
f 2939/1196/2939 2951/1209/2951 2950/1208/2950 2938/1195/2938
f 2940/1185/2929 2952/1198/2941 2951/1209/2951 2939/1196/2939
f 2941/1197/2940 2953/1210/2952 2964/1211/2953 2952/1198/2941
f 2942/1199/2942 2954/1212/2954 2953/1213/2952 2941/1200/2940
f 2943/1201/2943 2955/1214/2955 2954/1212/2954 2942/1199/2942
f 2944/1202/2944 2956/1215/2956 2955/1214/2955 2943/1201/2943
f 2945/1203/2945 2957/1216/2957 2956/1215/2956 2944/1202/2944
f 2946/1204/2946 2958/1217/2958 2957/1216/2957 2945/1203/2945
f 2947/1205/2947 2959/1218/2959 2958/1217/2958 2946/1204/2946
f 2948/1206/2948 2960/1219/2960 2959/1218/2959 2947/1205/2947
f 2949/1207/2949 2961/1220/2961 2960/1219/2960 2948/1206/2948
f 2950/1208/2950 2962/1221/2962 2961/1220/2961 2949/1207/2949
f 2951/1209/2951 2963/1222/2963 2962/1221/2962 2950/1208/2950
f 2952/1198/2941 2964/1211/2953 2963/1222/2963 2951/1209/2951
f 2953/1210/2952 2965/1223/2964 2976/1224/2965 2964/1211/2953
f 2954/1212/2954 2966/1225/2966 2965/1226/2964 2953/1213/2952
f 2955/1214/2955 2967/1227/2967 2966/1225/2966 2954/1212/2954
f 2956/1215/2956 2968/1228/2968 2967/1227/2967 2955/1214/2955
f 2957/1216/2957 2969/1229/2969 2968/1228/2968 2956/1215/2956
f 2958/1217/2958 2970/1230/2970 2969/1229/2969 2957/1216/2957
f 2959/1218/2959 2971/1231/2971 2970/1230/2970 2958/1217/2958
f 2960/1219/2960 2972/1232/2972 2971/1231/2971 2959/1218/2959
f 2961/1220/2961 2973/1233/2973 2972/1232/2972 2960/1219/2960
f 2962/1221/2962 2974/1234/2974 2973/1233/2973 2961/1220/2961
f 2963/1222/2963 2975/1235/2975 2974/1234/2974 2962/1221/2962
f 2964/1211/2953 2976/1224/2965 2975/1235/2975 2963/1222/2963
f 2965/1223/2964 2977/1236/2976 2988/1237/2977 2976/1224/2965
f 2966/1225/2966 2978/1238/2978 2977/1239/2976 2965/1226/2964
f 2967/1227/2967 2979/1240/2979 2978/1238/2978 2966/1225/2966
f 2968/1228/2968 2980/1241/2980 2979/1240/2979 2967/1227/2967
f 2969/1229/2969 2981/1242/2981 2980/1241/2980 2968/1228/2968
f 2970/1230/2970 2982/1243/2982 2981/1242/2981 2969/1229/2969
f 2971/1231/2971 2983/1244/2983 2982/1243/2982 2970/1230/2970
f 2972/1232/2972 2984/1245/2984 2983/1244/2983 2971/1231/2971
f 2973/1233/2973 2985/1246/2985 2984/1245/2984 2972/1232/2972
f 2974/1234/2974 2986/1247/2986 2985/1246/2985 2973/1233/2973
f 2975/1235/2975 2987/1248/2987 2986/1247/2986 2974/1234/2974
f 2976/1224/2965 2988/1237/2977 2987/1248/2987 2975/1235/2975
f 2977/1236/2976 2989/1249/2988 3000/1250/2989 2988/1237/2977
f 2978/1238/2978 2990/1251/2990 2989/1252/2988 2977/1239/2976
f 2979/1240/2979 2991/1253/2991 2990/1251/2990 2978/1238/2978
f 2980/1241/2980 2992/1254/2992 2991/1253/2991 2979/1240/2979
f 2981/1242/2981 2993/1255/2993 2992/1254/2992 2980/1241/2980
f 2982/1243/2982 2994/1256/2994 2993/1255/2993 2981/1242/2981
f 2983/1244/2983 2995/1257/2995 2994/1256/2994 2982/1243/2982
f 2984/1245/2984 2996/1258/2996 2995/1257/2995 2983/1244/2983
f 2985/1246/2985 2997/1259/2997 2996/1258/2996 2984/1245/2984
f 2986/1247/2986 2998/1260/2998 2997/1259/2997 2985/1246/2985
f 2987/1248/2987 2999/1261/2999 2998/1260/2998 2986/1247/2986
f 2988/1237/2977 3000/1250/2989 2999/1261/2999 2987/1248/2987
f 2989/1249/2988 3001/1262/3000 3012/1263/3001 3000/1250/2989
f 2990/1251/2990 3002/1264/3002 3001/1265/3000 2989/1252/2988
f 2991/1253/2991 3003/1266/3003 3002/1264/3002 2990/1251/2990
f 2992/1254/2992 3004/1267/3004 3003/1266/3003 2991/1253/2991
f 2993/1255/2993 3005/1268/3005 3004/1267/3004 2992/1254/2992
f 2994/1256/2994 3006/1269/3006 3005/1268/3005 2993/1255/2993
f 2995/1257/2995 3007/1270/3007 3006/1269/3006 2994/1256/2994
f 2996/1258/2996 3008/1271/3008 3007/1270/3007 2995/1257/2995
f 2997/1259/2997 3009/1272/3009 3008/1271/3008 2996/1258/2996
f 2998/1260/2998 3010/1273/3010 3009/1272/3009 2997/1259/2997
f 2999/1261/2999 3011/1274/3011 3010/1273/3010 2998/1260/2998
f 3000/1250/2989 3012/1263/3001 3011/1274/3011 2999/1261/2999
f 3001/1262/3000 3013/1275/3012 3024/1276/3013 3012/1263/3001
f 3002/1264/3002 3014/1277/3014 3013/1278/3012 3001/1265/3000
f 3003/1266/3003 3015/1279/3015 3014/1277/3014 3002/1264/3002
f 3004/1267/3004 3016/1280/3016 3015/1279/3015 3003/1266/3003
f 3005/1268/3005 3017/1281/3017 3016/1280/3016 3004/1267/3004
f 3006/1269/3006 3018/1282/3018 3017/1281/3017 3005/1268/3005
f 3007/1270/3007 3019/1283/3019 3018/1282/3018 3006/1269/3006
f 3008/1271/3008 3020/1284/3020 3019/1283/3019 3007/1270/3007
f 3009/1272/3009 3021/1285/3021 3020/1284/3020 3008/1271/3008
f 3010/1273/3010 3022/1286/3022 3021/1285/3021 3009/1272/3009
f 3011/1274/3011 3023/1287/3023 3022/1286/3022 3010/1273/3010
f 3012/1263/3001 3024/1276/3013 3023/1287/3023 3011/1274/3011
f 3013/1275/3012 3025/1288/3024 3036/1289/3025 3024/1276/3013
f 3014/1277/3014 3026/1290/3026 3025/1291/3024 3013/1278/3012
f 3015/1279/3015 3027/1292/3027 3026/1290/3026 3014/1277/3014
f 3016/1280/3016 3028/1293/3028 3027/1292/3027 3015/1279/3015
f 3017/1281/3017 3029/1294/3029 3028/1293/3028 3016/1280/3016
f 3018/1282/3018 3030/1295/3030 3029/1294/3029 3017/1281/3017
f 3019/1283/3019 3031/1296/3031 3030/1295/3030 3018/1282/3018
f 3020/1284/3020 3032/1297/3032 3031/1296/3031 3019/1283/3019
f 3021/1285/3021 3033/1298/3033 3032/1297/3032 3020/1284/3020
f 3022/1286/3022 3034/1299/3034 3033/1298/3033 3021/1285/3021
f 3023/1287/3023 3035/1300/3035 3034/1299/3034 3022/1286/3022
f 3024/1276/3013 3036/1289/3025 3035/1300/3035 3023/1287/3023
f 3037/976/3036 3049/1002/3037 3060/1003/3038 3048/979/3039
f 3038/980/3040 3050/1004/3041 3049/1005/3037 3037/983/3036
f 3039/984/3042 3051/1006/3043 3050/1004/3041 3038/980/3040
f 3040/986/3044 3052/1007/3045 3051/1006/3043 3039/984/3042
f 3041/988/3046 3053/1008/3047 3052/1007/3045 3040/986/3044
f 3042/990/3048 3054/1009/3049 3053/1008/3047 3041/988/3046
f 3043/992/3050 3055/1010/3051 3054/1009/3049 3042/990/3048
f 3044/994/3052 3056/1011/3053 3055/1010/3051 3043/992/3050
f 3045/996/3054 3057/1012/3055 3056/1011/3053 3044/994/3052
f 3046/998/3056 3058/1013/3057 3057/1012/3055 3045/996/3054
f 3047/1000/3058 3059/1014/3059 3058/1013/3057 3046/998/3056
f 3048/979/3039 3060/1003/3038 3059/1014/3059 3047/1000/3058
f 3049/1002/3037 3061/1028/3060 3072/1029/3061 3060/1003/3038
f 3050/1004/3041 3062/1030/3062 3061/1031/3060 3049/1005/3037
f 3051/1006/3043 3063/1032/3063 3062/1030/3062 3050/1004/3041
f 3052/1007/3045 3064/1033/3064 3063/1032/3063 3051/1006/3043
f 3053/1008/3047 3065/1034/3065 3064/1033/3064 3052/1007/3045
f 3054/1009/3049 3066/1035/3066 3065/1034/3065 3053/1008/3047
f 3055/1010/3051 3067/1036/3067 3066/1035/3066 3054/1009/3049
f 3056/1011/3053 3068/1037/3068 3067/1036/3067 3055/1010/3051
f 3057/1012/3055 3069/1038/3069 3068/1037/3068 3056/1011/3053
f 3058/1013/3057 3070/1039/3070 3069/1038/3069 3057/1012/3055
f 3059/1014/3059 3071/1040/3071 3070/1039/3070 3058/1013/3057
f 3060/1003/3038 3072/1029/3061 3071/1040/3071 3059/1014/3059
f 3061/1028/3060 3073/1054/3072 3084/1055/3073 3072/1029/3061
f 3062/1030/3062 3074/1056/3074 3073/1057/3072 3061/1031/3060
f 3063/1032/3063 3075/1058/3075 3074/1056/3074 3062/1030/3062
f 3064/1033/3064 3076/1059/3076 3075/1058/3075 3063/1032/3063
f 3065/1034/3065 3077/1060/3077 3076/1059/3076 3064/1033/3064
f 3066/1035/3066 3078/1061/3078 3077/1060/3077 3065/1034/3065
f 3067/1036/3067 3079/1062/3079 3078/1061/3078 3066/1035/3066
f 3068/1037/3068 3080/1063/3080 3079/1062/3079 3067/1036/3067
f 3069/1038/3069 3081/1064/3081 3080/1063/3080 3068/1037/3068
f 3070/1039/3070 3082/1065/3082 3081/1064/3081 3069/1038/3069
f 3071/1040/3071 3083/1066/3083 3082/1065/3082 3070/1039/3070
f 3072/1029/3061 3084/1055/3073 3083/1066/3083 3071/1040/3071
f 3073/1054/3072 3085/1080/3084 3096/1081/3085 3084/1055/3073
f 3074/1056/3074 3086/1082/3086 3085/1083/3084 3073/1057/3072
f 3075/1058/3075 3087/1084/3087 3086/1082/3086 3074/1056/3074
f 3076/1059/3076 3088/1085/3088 3087/1084/3087 3075/1058/3075
f 3077/1060/3077 3089/1086/3089 3088/1085/3088 3076/1059/3076
f 3078/1061/3078 3090/1087/3090 3089/1086/3089 3077/1060/3077
f 3079/1062/3079 3091/1088/3091 3090/1087/3090 3078/1061/3078
f 3080/1063/3080 3092/1089/3092 3091/1088/3091 3079/1062/3079
f 3081/1064/3081 3093/1090/3093 3092/1089/3092 3080/1063/3080
f 3082/1065/3082 3094/1091/3094 3093/1090/3093 3081/1064/3081
f 3083/1066/3083 3095/1092/3095 3094/1091/3094 3082/1065/3082
f 3084/1055/3073 3096/1081/3085 3095/1092/3095 3083/1066/3083
f 3085/1080/3084 3097/1106/3096 3108/1107/3097 3096/1081/3085
f 3086/1082/3086 3098/1108/3098 3097/1109/3096 3085/1083/3084
f 3087/1084/3087 3099/1110/3099 3098/1108/3098 3086/1082/3086
f 3088/1085/3088 3100/1111/3100 3099/1110/3099 3087/1084/3087
f 3089/1086/3089 3101/1112/3101 3100/1111/3100 3088/1085/3088
f 3090/1087/3090 3102/1113/3102 3101/1112/3101 3089/1086/3089
f 3091/1088/3091 3103/1114/3103 3102/1113/3102 3090/1087/3090
f 3092/1089/3092 3104/1115/3104 3103/1114/3103 3091/1088/3091
f 3093/1090/3093 3105/1116/3105 3104/1115/3104 3092/1089/3092
f 3094/1091/3094 3106/1117/3106 3105/1116/3105 3093/1090/3093
f 3095/1092/3095 3107/1118/3107 3106/1117/3106 3094/1091/3094
f 3096/1081/3085 3108/1107/3097 3107/1118/3107 3095/1092/3095
f 3097/1106/3096 3109/1132/3108 3120/1133/3109 3108/1107/3097
f 3098/1108/3098 3110/1134/3110 3109/1135/3108 3097/1109/3096
f 3099/1110/3099 3111/1136/3111 3110/1134/3110 3098/1108/3098
f 3100/1111/3100 3112/1137/3112 3111/1136/3111 3099/1110/3099
f 3101/1112/3101 3113/1138/3113 3112/1137/3112 3100/1111/3100
f 3102/1113/3102 3114/1139/3114 3113/1138/3113 3101/1112/3101
f 3103/1114/3103 3115/1140/3115 3114/1139/3114 3102/1113/3102
f 3104/1115/3104 3116/1141/3116 3115/1140/3115 3103/1114/3103
f 3105/1116/3105 3117/1142/3117 3116/1141/3116 3104/1115/3104
f 3106/1117/3106 3118/1143/3118 3117/1142/3117 3105/1116/3105
f 3107/1118/3107 3119/1144/3119 3118/1143/3118 3106/1117/3106
f 3108/1107/3097 3120/1133/3109 3119/1144/3119 3107/1118/3107
f 3109/1132/3108 3121/1158/3120 3132/1159/3121 3120/1133/3109
f 3110/1134/3110 3122/1160/3122 3121/1161/3120 3109/1135/3108
f 3111/1136/3111 3123/1162/3123 3122/1160/3122 3110/1134/3110
f 3112/1137/3112 3124/1163/3124 3123/1162/3123 3111/1136/3111
f 3113/1138/3113 3125/1164/3125 3124/1163/3124 3112/1137/3112
f 3114/1139/3114 3126/1165/3126 3125/1164/3125 3113/1138/3113
f 3115/1140/3115 3127/1166/3127 3126/1165/3126 3114/1139/3114
f 3116/1141/3116 3128/1167/3128 3127/1166/3127 3115/1140/3115
f 3117/1142/3117 3129/1168/3129 3128/1167/3128 3116/1141/3116
f 3118/1143/3118 3130/1169/3130 3129/1168/3129 3117/1142/3117
f 3119/1144/3119 3131/1170/3131 3130/1169/3130 3118/1143/3118
f 3120/1133/3109 3132/1159/3121 3131/1170/3131 3119/1144/3119
f 3121/1158/3120 3133/1184/3132 3144/1185/3133 3132/1159/3121
f 3122/1160/3122 3134/1186/3134 3133/1187/3132 3121/1161/3120
f 3123/1162/3123 3135/1188/3135 3134/1186/3134 3122/1160/3122
f 3124/1163/3124 3136/1189/3136 3135/1188/3135 3123/1162/3123
f 3125/1164/3125 3137/1190/3137 3136/1189/3136 3124/1163/3124
f 3126/1165/3126 3138/1191/3138 3137/1190/3137 3125/1164/3125
f 3127/1166/3127 3139/1192/3139 3138/1191/3138 3126/1165/3126
f 3128/1167/3128 3140/1193/3140 3139/1192/3139 3127/1166/3127
f 3129/1168/3129 3141/1194/3141 3140/1193/3140 3128/1167/3128
f 3130/1169/3130 3142/1195/3142 3141/1194/3141 3129/1168/3129
f 3131/1170/3131 3143/1196/3143 3142/1195/3142 3130/1169/3130
f 3132/1159/3121 3144/1185/3133 3143/1196/3143 3131/1170/3131
f 3133/1184/3132 3145/1210/3144 3156/1211/3145 3144/1185/3133
f 3134/1186/3134 3146/1212/3146 3145/1213/3144 3133/1187/3132
f 3135/1188/3135 3147/1214/3147 3146/1212/3146 3134/1186/3134
f 3136/1189/3136 3148/1215/3148 3147/1214/3147 3135/1188/3135
f 3137/1190/3137 3149/1216/3149 3148/1215/3148 3136/1189/3136
f 3138/1191/3138 3150/1217/3150 3149/1216/3149 3137/1190/3137
f 3139/1192/3139 3151/1218/3151 3150/1217/3150 3138/1191/3138
f 3140/1193/3140 3152/1219/3152 3151/1218/3151 3139/1192/3139
f 3141/1194/3141 3153/1220/3153 3152/1219/3152 3140/1193/3140
f 3142/1195/3142 3154/1221/3154 3153/1220/3153 3141/1194/3141
f 3143/1196/3143 3155/1222/3155 3154/1221/3154 3142/1195/3142
f 3144/1185/3133 3156/1211/3145 3155/1222/3155 3143/1196/3143
f 3145/1210/3144 3157/1236/3156 3168/1237/3157 3156/1211/3145
f 3146/1212/3146 3158/1238/3158 3157/1239/3156 3145/1213/3144
f 3147/1214/3147 3159/1240/3159 3158/1238/3158 3146/1212/3146
f 3148/1215/3148 3160/1241/3160 3159/1240/3159 3147/1214/3147
f 3149/1216/3149 3161/1242/3161 3160/1241/3160 3148/1215/3148
f 3150/1217/3150 3162/1243/3162 3161/1242/3161 3149/1216/3149
f 3151/1218/3151 3163/1244/3163 3162/1243/3162 3150/1217/3150
f 3152/1219/3152 3164/1245/3164 3163/1244/3163 3151/1218/3151
f 3153/1220/3153 3165/1246/3165 3164/1245/3164 3152/1219/3152
f 3154/1221/3154 3166/1247/3166 3165/1246/3165 3153/1220/3153
f 3155/1222/3155 3167/1248/3167 3166/1247/3166 3154/1221/3154
f 3156/1211/3145 3168/1237/3157 3167/1248/3167 3155/1222/3155
f 3157/1236/3156 3169/1262/3168 3180/1263/3169 3168/1237/3157
f 3158/1238/3158 3170/1264/3170 3169/1265/3168 3157/1239/3156
f 3159/1240/3159 3171/1266/3171 3170/1264/3170 3158/1238/3158
f 3160/1241/3160 3172/1267/3172 3171/1266/3171 3159/1240/3159
f 3161/1242/3161 3173/1268/3173 3172/1267/3172 3160/1241/3160
f 3162/1243/3162 3174/1269/3174 3173/1268/3173 3161/1242/3161
f 3163/1244/3163 3175/1270/3175 3174/1269/3174 3162/1243/3162
f 3164/1245/3164 3176/1271/3176 3175/1270/3175 3163/1244/3163
f 3165/1246/3165 3177/1272/3177 3176/1271/3176 3164/1245/3164
f 3166/1247/3166 3178/1273/3178 3177/1272/3177 3165/1246/3165
f 3167/1248/3167 3179/1274/3179 3178/1273/3178 3166/1247/3166
f 3168/1237/3157 3180/1263/3169 3179/1274/3179 3167/1248/3167
f 3169/1262/3168 3181/1288/3180 3192/1289/3181 3180/1263/3169
f 3170/1264/3170 3182/1290/3182 3181/1291/3180 3169/1265/3168
f 3171/1266/3171 3183/1292/3183 3182/1290/3182 3170/1264/3170
f 3172/1267/3172 3184/1293/3184 3183/1292/3183 3171/1266/3171
f 3173/1268/3173 3185/1294/3185 3184/1293/3184 3172/1267/3172
f 3174/1269/3174 3186/1295/3186 3185/1294/3185 3173/1268/3173
f 3175/1270/3175 3187/1296/3187 3186/1295/3186 3174/1269/3174
f 3176/1271/3176 3188/1297/3188 3187/1296/3187 3175/1270/3175
f 3177/1272/3177 3189/1298/3189 3188/1297/3188 3176/1271/3176
f 3178/1273/3178 3190/1299/3190 3189/1298/3189 3177/1272/3177
f 3179/1274/3179 3191/1300/3191 3190/1299/3190 3178/1273/3178
f 3180/1263/3169 3192/1289/3181 3191/1300/3191 3179/1274/3179
f 3193/976/3192 3204/979/3193 3216/978/3194 3205/977/3195
f 3194/980/3196 3193/983/3192 3205/982/3195 3206/981/3197
f 3195/984/3198 3194/980/3196 3206/981/3197 3207/985/3199
f 3196/986/3200 3195/984/3198 3207/985/3199 3208/987/3201
f 3197/988/3202 3196/986/3200 3208/987/3201 3209/989/3203
f 3198/990/3204 3197/988/3202 3209/989/3203 3210/991/3205
f 3199/992/3206 3198/990/3204 3210/991/3205 3211/993/3207
f 3200/994/3208 3199/992/3206 3211/993/3207 3212/995/3209
f 3201/996/3210 3200/994/3208 3212/995/3209 3213/997/3211
f 3202/998/3212 3201/996/3210 3213/997/3211 3214/999/3213
f 3203/1000/3214 3202/998/3212 3214/999/3213 3215/1001/3215
f 3204/979/3193 3203/1000/3214 3215/1001/3215 3216/978/3194
f 3205/977/3195 3216/978/3194 3228/1003/3216 3217/1002/3217
f 3206/981/3197 3205/982/3195 3217/1005/3217 3218/1004/3218
f 3207/985/3199 3206/981/3197 3218/1004/3218 3219/1006/3219
f 3208/987/3201 3207/985/3199 3219/1006/3219 3220/1007/3220
f 3209/989/3203 3208/987/3201 3220/1007/3220 3221/1008/3221
f 3210/991/3205 3209/989/3203 3221/1008/3221 3222/1009/3222
f 3211/993/3207 3210/991/3205 3222/1009/3222 3223/1010/3223
f 3212/995/3209 3211/993/3207 3223/1010/3223 3224/1011/3224
f 3213/997/3211 3212/995/3209 3224/1011/3224 3225/1012/3225
f 3214/999/3213 3213/997/3211 3225/1012/3225 3226/1013/3226
f 3215/1001/3215 3214/999/3213 3226/1013/3226 3227/1014/3227
f 3216/978/3194 3215/1001/3215 3227/1014/3227 3228/1003/3216
f 3217/1002/3217 3228/1003/3216 3240/1016/3228 3229/1015/3229
f 3218/1004/3218 3217/1005/3217 3229/1018/3229 3230/1017/3230
f 3219/1006/3219 3218/1004/3218 3230/1017/3230 3231/1019/3231
f 3220/1007/3220 3219/1006/3219 3231/1019/3231 3232/1020/3232
f 3221/1008/3221 3220/1007/3220 3232/1020/3232 3233/1021/3233
f 3222/1009/3222 3221/1008/3221 3233/1021/3233 3234/1022/3234
f 3223/1010/3223 3222/1009/3222 3234/1022/3234 3235/1023/3235
f 3224/1011/3224 3223/1010/3223 3235/1023/3235 3236/1024/3236
f 3225/1012/3225 3224/1011/3224 3236/1024/3236 3237/1025/3237
f 3226/1013/3226 3225/1012/3225 3237/1025/3237 3238/1026/3238
f 3227/1014/3227 3226/1013/3226 3238/1026/3238 3239/1027/3239
f 3228/1003/3216 3227/1014/3227 3239/1027/3239 3240/1016/3228
f 3229/1015/3229 3240/1016/3228 3252/1029/3240 3241/1028/3241
f 3230/1017/3230 3229/1018/3229 3241/1031/3241 3242/1030/3242
f 3231/1019/3231 3230/1017/3230 3242/1030/3242 3243/1032/3243
f 3232/1020/3232 3231/1019/3231 3243/1032/3243 3244/1033/3244
f 3233/1021/3233 3232/1020/3232 3244/1033/3244 3245/1034/3245
f 3234/1022/3234 3233/1021/3233 3245/1034/3245 3246/1035/3246
f 3235/1023/3235 3234/1022/3234 3246/1035/3246 3247/1036/3247
f 3236/1024/3236 3235/1023/3235 3247/1036/3247 3248/1037/3248
f 3237/1025/3237 3236/1024/3236 3248/1037/3248 3249/1038/3249
f 3238/1026/3238 3237/1025/3237 3249/1038/3249 3250/1039/3250
f 3239/1027/3239 3238/1026/3238 3250/1039/3250 3251/1040/3251
f 3240/1016/3228 3239/1027/3239 3251/1040/3251 3252/1029/3240
f 3241/1028/3241 3252/1029/3240 3264/1042/3252 3253/1041/3253
f 3242/1030/3242 3241/1031/3241 3253/1044/3253 3254/1043/3254
f 3243/1032/3243 3242/1030/3242 3254/1043/3254 3255/1045/3255
f 3244/1033/3244 3243/1032/3243 3255/1045/3255 3256/1046/3256
f 3245/1034/3245 3244/1033/3244 3256/1046/3256 3257/1047/3257
f 3246/1035/3246 3245/1034/3245 3257/1047/3257 3258/1048/3258
f 3247/1036/3247 3246/1035/3246 3258/1048/3258 3259/1049/3259
f 3248/1037/3248 3247/1036/3247 3259/1049/3259 3260/1050/3260
f 3249/1038/3249 3248/1037/3248 3260/1050/3260 3261/1051/3261
f 3250/1039/3250 3249/1038/3249 3261/1051/3261 3262/1052/3262
f 3251/1040/3251 3250/1039/3250 3262/1052/3262 3263/1053/3263
f 3252/1029/3240 3251/1040/3251 3263/1053/3263 3264/1042/3252
f 3253/1041/3253 3264/1042/3252 3276/1055/3264 3265/1054/3265
f 3254/1043/3254 3253/1044/3253 3265/1057/3265 3266/1056/3266
f 3255/1045/3255 3254/1043/3254 3266/1056/3266 3267/1058/3267
f 3256/1046/3256 3255/1045/3255 3267/1058/3267 3268/1059/3268
f 3257/1047/3257 3256/1046/3256 3268/1059/3268 3269/1060/3269
f 3258/1048/3258 3257/1047/3257 3269/1060/3269 3270/1061/3270
f 3259/1049/3259 3258/1048/3258 3270/1061/3270 3271/1062/3271
f 3260/1050/3260 3259/1049/3259 3271/1062/3271 3272/1063/3272
f 3261/1051/3261 3260/1050/3260 3272/1063/3272 3273/1064/3273
f 3262/1052/3262 3261/1051/3261 3273/1064/3273 3274/1065/3274
f 3263/1053/3263 3262/1052/3262 3274/1065/3274 3275/1066/3275
f 3264/1042/3252 3263/1053/3263 3275/1066/3275 3276/1055/3264
f 3265/1054/3265 3276/1055/3264 3288/1068/3276 3277/1067/3277
f 3266/1056/3266 3265/1057/3265 3277/1070/3277 3278/1069/3278
f 3267/1058/3267 3266/1056/3266 3278/1069/3278 3279/1071/3279
f 3268/1059/3268 3267/1058/3267 3279/1071/3279 3280/1072/3280
f 3269/1060/3269 3268/1059/3268 3280/1072/3280 3281/1073/3281
f 3270/1061/3270 3269/1060/3269 3281/1073/3281 3282/1074/3282
f 3271/1062/3271 3270/1061/3270 3282/1074/3282 3283/1075/3283
f 3272/1063/3272 3271/1062/3271 3283/1075/3283 3284/1076/3284
f 3273/1064/3273 3272/1063/3272 3284/1076/3284 3285/1077/3285
f 3274/1065/3274 3273/1064/3273 3285/1077/3285 3286/1078/3286
f 3275/1066/3275 3274/1065/3274 3286/1078/3286 3287/1079/3287
f 3276/1055/3264 3275/1066/3275 3287/1079/3287 3288/1068/3276
f 3277/1067/3277 3288/1068/3276 3300/1081/3288 3289/1080/3289
f 3278/1069/3278 3277/1070/3277 3289/1083/3289 3290/1082/3290
f 3279/1071/3279 3278/1069/3278 3290/1082/3290 3291/1084/3291
f 3280/1072/3280 3279/1071/3279 3291/1084/3291 3292/1085/3292
f 3281/1073/3281 3280/1072/3280 3292/1085/3292 3293/1086/3293
f 3282/1074/3282 3281/1073/3281 3293/1086/3293 3294/1087/3294
f 3283/1075/3283 3282/1074/3282 3294/1087/3294 3295/1088/3295
f 3284/1076/3284 3283/1075/3283 3295/1088/3295 3296/1089/3296
f 3285/1077/3285 3284/1076/3284 3296/1089/3296 3297/1090/3297
f 3286/1078/3286 3285/1077/3285 3297/1090/3297 3298/1091/3298
f 3287/1079/3287 3286/1078/3286 3298/1091/3298 3299/1092/3299
f 3288/1068/3276 3287/1079/3287 3299/1092/3299 3300/1081/3288
f 3289/1080/3289 3300/1081/3288 3312/1094/3300 3301/1093/3301
f 3290/1082/3290 3289/1083/3289 3301/1096/3301 3302/1095/3302
f 3291/1084/3291 3290/1082/3290 3302/1095/3302 3303/1097/3303
f 3292/1085/3292 3291/1084/3291 3303/1097/3303 3304/1098/3304
f 3293/1086/3293 3292/1085/3292 3304/1098/3304 3305/1099/3305
f 3294/1087/3294 3293/1086/3293 3305/1099/3305 3306/1100/3306
f 3295/1088/3295 3294/1087/3294 3306/1100/3306 3307/1101/3307
f 3296/1089/3296 3295/1088/3295 3307/1101/3307 3308/1102/3308
f 3297/1090/3297 3296/1089/3296 3308/1102/3308 3309/1103/3309
f 3298/1091/3298 3297/1090/3297 3309/1103/3309 3310/1104/3310
f 3299/1092/3299 3298/1091/3298 3310/1104/3310 3311/1105/3311
f 3300/1081/3288 3299/1092/3299 3311/1105/3311 3312/1094/3300
f 3301/1093/3301 3312/1094/3300 3324/1107/3312 3313/1106/3313
f 3302/1095/3302 3301/1096/3301 3313/1109/3313 3314/1108/3314
f 3303/1097/3303 3302/1095/3302 3314/1108/3314 3315/1110/3315
f 3304/1098/3304 3303/1097/3303 3315/1110/3315 3316/1111/3316
f 3305/1099/3305 3304/1098/3304 3316/1111/3316 3317/1112/3317
f 3306/1100/3306 3305/1099/3305 3317/1112/3317 3318/1113/3318
f 3307/1101/3307 3306/1100/3306 3318/1113/3318 3319/1114/3319
f 3308/1102/3308 3307/1101/3307 3319/1114/3319 3320/1115/3320
f 3309/1103/3309 3308/1102/3308 3320/1115/3320 3321/1116/3321
f 3310/1104/3310 3309/1103/3309 3321/1116/3321 3322/1117/3322
f 3311/1105/3311 3310/1104/3310 3322/1117/3322 3323/1118/3323
f 3312/1094/3300 3311/1105/3311 3323/1118/3323 3324/1107/3312
f 3313/1106/3313 3324/1107/3312 3336/1120/3324 3325/1119/3325
f 3314/1108/3314 3313/1109/3313 3325/1122/3325 3326/1121/3326
f 3315/1110/3315 3314/1108/3314 3326/1121/3326 3327/1123/3327
f 3316/1111/3316 3315/1110/3315 3327/1123/3327 3328/1124/3328
f 3317/1112/3317 3316/1111/3316 3328/1124/3328 3329/1125/3329
f 3318/1113/3318 3317/1112/3317 3329/1125/3329 3330/1126/3330
f 3319/1114/3319 3318/1113/3318 3330/1126/3330 3331/1127/3331
f 3320/1115/3320 3319/1114/3319 3331/1127/3331 3332/1128/3332
f 3321/1116/3321 3320/1115/3320 3332/1128/3332 3333/1129/3333
f 3322/1117/3322 3321/1116/3321 3333/1129/3333 3334/1130/3334
f 3323/1118/3323 3322/1117/3322 3334/1130/3334 3335/1131/3335
f 3324/1107/3312 3323/1118/3323 3335/1131/3335 3336/1120/3324
f 3325/1119/3325 3336/1120/3324 3348/1133/3336 3337/1132/3337
f 3326/1121/3326 3325/1122/3325 3337/1135/3337 3338/1134/3338
f 3327/1123/3327 3326/1121/3326 3338/1134/3338 3339/1136/3339
f 3328/1124/3328 3327/1123/3327 3339/1136/3339 3340/1137/3340
f 3329/1125/3329 3328/1124/3328 3340/1137/3340 3341/1138/3341
f 3330/1126/3330 3329/1125/3329 3341/1138/3341 3342/1139/3342
f 3331/1127/3331 3330/1126/3330 3342/1139/3342 3343/1140/3343
f 3332/1128/3332 3331/1127/3331 3343/1140/3343 3344/1141/3344
f 3333/1129/3333 3332/1128/3332 3344/1141/3344 3345/1142/3345
f 3334/1130/3334 3333/1129/3333 3345/1142/3345 3346/1143/3346
f 3335/1131/3335 3334/1130/3334 3346/1143/3346 3347/1144/3347
f 3336/1120/3324 3335/1131/3335 3347/1144/3347 3348/1133/3336
f 3337/1132/3337 3348/1133/3336 3360/1146/3348 3349/1145/3349
f 3338/1134/3338 3337/1135/3337 3349/1148/3349 3350/1147/3350
f 3339/1136/3339 3338/1134/3338 3350/1147/3350 3351/1149/3351
f 3340/1137/3340 3339/1136/3339 3351/1149/3351 3352/1150/3352
f 3341/1138/3341 3340/1137/3340 3352/1150/3352 3353/1151/3353
f 3342/1139/3342 3341/1138/3341 3353/1151/3353 3354/1152/3354
f 3343/1140/3343 3342/1139/3342 3354/1152/3354 3355/1153/3355
f 3344/1141/3344 3343/1140/3343 3355/1153/3355 3356/1154/3356
f 3345/1142/3345 3344/1141/3344 3356/1154/3356 3357/1155/3357
f 3346/1143/3346 3345/1142/3345 3357/1155/3357 3358/1156/3358
f 3347/1144/3347 3346/1143/3346 3358/1156/3358 3359/1157/3359
f 3348/1133/3336 3347/1144/3347 3359/1157/3359 3360/1146/3348
f 3349/1145/3349 3360/1146/3348 3372/1159/3360 3361/1158/3361
f 3350/1147/3350 3349/1148/3349 3361/1161/3361 3362/1160/3362
f 3351/1149/3351 3350/1147/3350 3362/1160/3362 3363/1162/3363
f 3352/1150/3352 3351/1149/3351 3363/1162/3363 3364/1163/3364
f 3353/1151/3353 3352/1150/3352 3364/1163/3364 3365/1164/3365
f 3354/1152/3354 3353/1151/3353 3365/1164/3365 3366/1165/3366
f 3355/1153/3355 3354/1152/3354 3366/1165/3366 3367/1166/3367
f 3356/1154/3356 3355/1153/3355 3367/1166/3367 3368/1167/3368
f 3357/1155/3357 3356/1154/3356 3368/1167/3368 3369/1168/3369
f 3358/1156/3358 3357/1155/3357 3369/1168/3369 3370/1169/3370
f 3359/1157/3359 3358/1156/3358 3370/1169/3370 3371/1170/3371
f 3360/1146/3348 3359/1157/3359 3371/1170/3371 3372/1159/3360
f 3361/1158/3361 3372/1159/3360 3384/1172/3372 3373/1171/3373
f 3362/1160/3362 3361/1161/3361 3373/1174/3373 3374/1173/3374
f 3363/1162/3363 3362/1160/3362 3374/1173/3374 3375/1175/3375
f 3364/1163/3364 3363/1162/3363 3375/1175/3375 3376/1176/3376
f 3365/1164/3365 3364/1163/3364 3376/1176/3376 3377/1177/3377
f 3366/1165/3366 3365/1164/3365 3377/1177/3377 3378/1178/3378
f 3367/1166/3367 3366/1165/3366 3378/1178/3378 3379/1179/3379
f 3368/1167/3368 3367/1166/3367 3379/1179/3379 3380/1180/3380
f 3369/1168/3369 3368/1167/3368 3380/1180/3380 3381/1181/3381
f 3370/1169/3370 3369/1168/3369 3381/1181/3381 3382/1182/3382
f 3371/1170/3371 3370/1169/3370 3382/1182/3382 3383/1183/3383
f 3372/1159/3360 3371/1170/3371 3383/1183/3383 3384/1172/3372
f 3373/1171/3373 3384/1172/3372 3396/1185/3384 3385/1184/3385
f 3374/1173/3374 3373/1174/3373 3385/1187/3385 3386/1186/3386
f 3375/1175/3375 3374/1173/3374 3386/1186/3386 3387/1188/3387
f 3376/1176/3376 3375/1175/3375 3387/1188/3387 3388/1189/3388
f 3377/1177/3377 3376/1176/3376 3388/1189/3388 3389/1190/3389
f 3378/1178/3378 3377/1177/3377 3389/1190/3389 3390/1191/3390
f 3379/1179/3379 3378/1178/3378 3390/1191/3390 3391/1192/3391
f 3380/1180/3380 3379/1179/3379 3391/1192/3391 3392/1193/3392
f 3381/1181/3381 3380/1180/3380 3392/1193/3392 3393/1194/3393
f 3382/1182/3382 3381/1181/3381 3393/1194/3393 3394/1195/3394
f 3383/1183/3383 3382/1182/3382 3394/1195/3394 3395/1196/3395
f 3384/1172/3372 3383/1183/3383 3395/1196/3395 3396/1185/3384
f 3385/1184/3385 3396/1185/3384 3408/1198/3396 3397/1197/3397
f 3386/1186/3386 3385/1187/3385 3397/1200/3397 3398/1199/3398
f 3387/1188/3387 3386/1186/3386 3398/1199/3398 3399/1201/3399
f 3388/1189/3388 3387/1188/3387 3399/1201/3399 3400/1202/3400
f 3389/1190/3389 3388/1189/3388 3400/1202/3400 3401/1203/3401
f 3390/1191/3390 3389/1190/3389 3401/1203/3401 3402/1204/3402
f 3391/1192/3391 3390/1191/3390 3402/1204/3402 3403/1205/3403
f 3392/1193/3392 3391/1192/3391 3403/1205/3403 3404/1206/3404
f 3393/1194/3393 3392/1193/3392 3404/1206/3404 3405/1207/3405
f 3394/1195/3394 3393/1194/3393 3405/1207/3405 3406/1208/3406
f 3395/1196/3395 3394/1195/3394 3406/1208/3406 3407/1209/3407
f 3396/1185/3384 3395/1196/3395 3407/1209/3407 3408/1198/3396
f 3397/1197/3397 3408/1198/3396 3420/1211/3408 3409/1210/3409
f 3398/1199/3398 3397/1200/3397 3409/1213/3409 3410/1212/3410
f 3399/1201/3399 3398/1199/3398 3410/1212/3410 3411/1214/3411
f 3400/1202/3400 3399/1201/3399 3411/1214/3411 3412/1215/3412
f 3401/1203/3401 3400/1202/3400 3412/1215/3412 3413/1216/3413
f 3402/1204/3402 3401/1203/3401 3413/1216/3413 3414/1217/3414
f 3403/1205/3403 3402/1204/3402 3414/1217/3414 3415/1218/3415
f 3404/1206/3404 3403/1205/3403 3415/1218/3415 3416/1219/3416
f 3405/1207/3405 3404/1206/3404 3416/1219/3416 3417/1220/3417
f 3406/1208/3406 3405/1207/3405 3417/1220/3417 3418/1221/3418
f 3407/1209/3407 3406/1208/3406 3418/1221/3418 3419/1222/3419
f 3408/1198/3396 3407/1209/3407 3419/1222/3419 3420/1211/3408
f 3409/1210/3409 3420/1211/3408 3432/1224/3420 3421/1223/3421
f 3410/1212/3410 3409/1213/3409 3421/1226/3421 3422/1225/3422
f 3411/1214/3411 3410/1212/3410 3422/1225/3422 3423/1227/3423
f 3412/1215/3412 3411/1214/3411 3423/1227/3423 3424/1228/3424
f 3413/1216/3413 3412/1215/3412 3424/1228/3424 3425/1229/3425
f 3414/1217/3414 3413/1216/3413 3425/1229/3425 3426/1230/3426
f 3415/1218/3415 3414/1217/3414 3426/1230/3426 3427/1231/3427
f 3416/1219/3416 3415/1218/3415 3427/1231/3427 3428/1232/3428
f 3417/1220/3417 3416/1219/3416 3428/1232/3428 3429/1233/3429
f 3418/1221/3418 3417/1220/3417 3429/1233/3429 3430/1234/3430
f 3419/1222/3419 3418/1221/3418 3430/1234/3430 3431/1235/3431
f 3420/1211/3408 3419/1222/3419 3431/1235/3431 3432/1224/3420
f 3421/1223/3421 3432/1224/3420 3444/1237/3432 3433/1236/3433
f 3422/1225/3422 3421/1226/3421 3433/1239/3433 3434/1238/3434
f 3423/1227/3423 3422/1225/3422 3434/1238/3434 3435/1240/3435
f 3424/1228/3424 3423/1227/3423 3435/1240/3435 3436/1241/3436
f 3425/1229/3425 3424/1228/3424 3436/1241/3436 3437/1242/3437
f 3426/1230/3426 3425/1229/3425 3437/1242/3437 3438/1243/3438
f 3427/1231/3427 3426/1230/3426 3438/1243/3438 3439/1244/3439
f 3428/1232/3428 3427/1231/3427 3439/1244/3439 3440/1245/3440
f 3429/1233/3429 3428/1232/3428 3440/1245/3440 3441/1246/3441
f 3430/1234/3430 3429/1233/3429 3441/1246/3441 3442/1247/3442
f 3431/1235/3431 3430/1234/3430 3442/1247/3442 3443/1248/3443
f 3432/1224/3420 3431/1235/3431 3443/1248/3443 3444/1237/3432
f 3433/1236/3433 3444/1237/3432 3456/1250/3444 3445/1249/3445
f 3434/1238/3434 3433/1239/3433 3445/1252/3445 3446/1251/3446
f 3435/1240/3435 3434/1238/3434 3446/1251/3446 3447/1253/3447
f 3436/1241/3436 3435/1240/3435 3447/1253/3447 3448/1254/3448
f 3437/1242/3437 3436/1241/3436 3448/1254/3448 3449/1255/3449
f 3438/1243/3438 3437/1242/3437 3449/1255/3449 3450/1256/3450
f 3439/1244/3439 3438/1243/3438 3450/1256/3450 3451/1257/3451
f 3440/1245/3440 3439/1244/3439 3451/1257/3451 3452/1258/3452
f 3441/1246/3441 3440/1245/3440 3452/1258/3452 3453/1259/3453
f 3442/1247/3442 3441/1246/3441 3453/1259/3453 3454/1260/3454
f 3443/1248/3443 3442/1247/3442 3454/1260/3454 3455/1261/3455
f 3444/1237/3432 3443/1248/3443 3455/1261/3455 3456/1250/3444
f 3445/1249/3445 3456/1250/3444 3468/1263/3456 3457/1262/3457
f 3446/1251/3446 3445/1252/3445 3457/1265/3457 3458/1264/3458
f 3447/1253/3447 3446/1251/3446 3458/1264/3458 3459/1266/3459
f 3448/1254/3448 3447/1253/3447 3459/1266/3459 3460/1267/3460
f 3449/1255/3449 3448/1254/3448 3460/1267/3460 3461/1268/3461
f 3450/1256/3450 3449/1255/3449 3461/1268/3461 3462/1269/3462
f 3451/1257/3451 3450/1256/3450 3462/1269/3462 3463/1270/3463
f 3452/1258/3452 3451/1257/3451 3463/1270/3463 3464/1271/3464
f 3453/1259/3453 3452/1258/3452 3464/1271/3464 3465/1272/3465
f 3454/1260/3454 3453/1259/3453 3465/1272/3465 3466/1273/3466
f 3455/1261/3455 3454/1260/3454 3466/1273/3466 3467/1274/3467
f 3456/1250/3444 3455/1261/3455 3467/1274/3467 3468/1263/3456
f 3457/1262/3457 3468/1263/3456 3480/1276/3468 3469/1275/3469
f 3458/1264/3458 3457/1265/3457 3469/1278/3469 3470/1277/3470
f 3459/1266/3459 3458/1264/3458 3470/1277/3470 3471/1279/3471
f 3460/1267/3460 3459/1266/3459 3471/1279/3471 3472/1280/3472
f 3461/1268/3461 3460/1267/3460 3472/1280/3472 3473/1281/3473
f 3462/1269/3462 3461/1268/3461 3473/1281/3473 3474/1282/3474
f 3463/1270/3463 3462/1269/3462 3474/1282/3474 3475/1283/3475
f 3464/1271/3464 3463/1270/3463 3475/1283/3475 3476/1284/3476
f 3465/1272/3465 3464/1271/3464 3476/1284/3476 3477/1285/3477
f 3466/1273/3466 3465/1272/3465 3477/1285/3477 3478/1286/3478
f 3467/1274/3467 3466/1273/3466 3478/1286/3478 3479/1287/3479
f 3468/1263/3456 3467/1274/3467 3479/1287/3479 3480/1276/3468
f 3469/1275/3469 3480/1276/3468 3492/1289/3480 3481/1288/3481
f 3470/1277/3470 3469/1278/3469 3481/1291/3481 3482/1290/3482
f 3471/1279/3471 3470/1277/3470 3482/1290/3482 3483/1292/3483
f 3472/1280/3472 3471/1279/3471 3483/1292/3483 3484/1293/3484
f 3473/1281/3473 3472/1280/3472 3484/1293/3484 3485/1294/3485
f 3474/1282/3474 3473/1281/3473 3485/1294/3485 3486/1295/3486
f 3475/1283/3475 3474/1282/3474 3486/1295/3486 3487/1296/3487
f 3476/1284/3476 3475/1283/3475 3487/1296/3487 3488/1297/3488
f 3477/1285/3477 3476/1284/3476 3488/1297/3488 3489/1298/3489
f 3478/1286/3478 3477/1285/3477 3489/1298/3489 3490/1299/3490
f 3479/1287/3479 3478/1286/3478 3490/1299/3490 3491/1300/3491
f 3480/1276/3468 3479/1287/3479 3491/1300/3491 3492/1289/3480
f 3493/976/3492 3504/979/3493 3516/1003/3494 3505/1002/3495
f 3494/980/3496 3493/983/3492 3505/1005/3495 3506/1004/3497
f 3495/984/3498 3494/980/3496 3506/1004/3497 3507/1006/3499
f 3496/986/3500 3495/984/3498 3507/1006/3499 3508/1007/3501
f 3497/988/3502 3496/986/3500 3508/1007/3501 3509/1008/3503
f 3498/990/3504 3497/988/3502 3509/1008/3503 3510/1009/3505
f 3499/992/3506 3498/990/3504 3510/1009/3505 3511/1010/3507
f 3500/994/3508 3499/992/3506 3511/1010/3507 3512/1011/3509
f 3501/996/3510 3500/994/3508 3512/1011/3509 3513/1012/3511
f 3502/998/3512 3501/996/3510 3513/1012/3511 3514/1013/3513
f 3503/1000/3514 3502/998/3512 3514/1013/3513 3515/1014/3515
f 3504/979/3493 3503/1000/3514 3515/1014/3515 3516/1003/3494
f 3505/1002/3495 3516/1003/3494 3528/1029/3516 3517/1028/3517
f 3506/1004/3497 3505/1005/3495 3517/1031/3517 3518/1030/3518
f 3507/1006/3499 3506/1004/3497 3518/1030/3518 3519/1032/3519
f 3508/1007/3501 3507/1006/3499 3519/1032/3519 3520/1033/3520
f 3509/1008/3503 3508/1007/3501 3520/1033/3520 3521/1034/3521
f 3510/1009/3505 3509/1008/3503 3521/1034/3521 3522/1035/3522
f 3511/1010/3507 3510/1009/3505 3522/1035/3522 3523/1036/3523
f 3512/1011/3509 3511/1010/3507 3523/1036/3523 3524/1037/3524
f 3513/1012/3511 3512/1011/3509 3524/1037/3524 3525/1038/3525
f 3514/1013/3513 3513/1012/3511 3525/1038/3525 3526/1039/3526
f 3515/1014/3515 3514/1013/3513 3526/1039/3526 3527/1040/3527
f 3516/1003/3494 3515/1014/3515 3527/1040/3527 3528/1029/3516
f 3517/1028/3517 3528/1029/3516 3540/1055/3528 3529/1054/3529
f 3518/1030/3518 3517/1031/3517 3529/1057/3529 3530/1056/3530
f 3519/1032/3519 3518/1030/3518 3530/1056/3530 3531/1058/3531
f 3520/1033/3520 3519/1032/3519 3531/1058/3531 3532/1059/3532
f 3521/1034/3521 3520/1033/3520 3532/1059/3532 3533/1060/3533
f 3522/1035/3522 3521/1034/3521 3533/1060/3533 3534/1061/3534
f 3523/1036/3523 3522/1035/3522 3534/1061/3534 3535/1062/3535
f 3524/1037/3524 3523/1036/3523 3535/1062/3535 3536/1063/3536
f 3525/1038/3525 3524/1037/3524 3536/1063/3536 3537/1064/3537
f 3526/1039/3526 3525/1038/3525 3537/1064/3537 3538/1065/3538
f 3527/1040/3527 3526/1039/3526 3538/1065/3538 3539/1066/3539
f 3528/1029/3516 3527/1040/3527 3539/1066/3539 3540/1055/3528
f 3529/1054/3529 3540/1055/3528 3552/1081/3090 3541/1080/3540
f 3530/1056/3530 3529/1057/3529 3541/1083/3540 3542/1082/3541
f 3531/1058/3531 3530/1056/3530 3542/1082/3541 3543/1084/3542
f 3532/1059/3532 3531/1058/3531 3543/1084/3542 3544/1085/3543
f 3533/1060/3533 3532/1059/3532 3544/1085/3543 3545/1086/3544
f 3534/1061/3534 3533/1060/3533 3545/1086/3544 3546/1087/3545
f 3535/1062/3535 3534/1061/3534 3546/1087/3545 3547/1088/3546
f 3536/1063/3536 3535/1062/3535 3547/1088/3546 3548/1089/3547
f 3537/1064/3537 3536/1063/3536 3548/1089/3547 3549/1090/3548
f 3538/1065/3538 3537/1064/3537 3549/1090/3548 3550/1091/3549
f 3539/1066/3539 3538/1065/3538 3550/1091/3549 3551/1092/3550
f 3540/1055/3528 3539/1066/3539 3551/1092/3550 3552/1081/3090
f 3541/1080/3540 3552/1081/3090 3564/1107/3551 3553/1106/3552
f 3542/1082/3541 3541/1083/3540 3553/1109/3552 3554/1108/3553
f 3543/1084/3542 3542/1082/3541 3554/1108/3553 3555/1110/3554
f 3544/1085/3543 3543/1084/3542 3555/1110/3554 3556/1111/3555
f 3545/1086/3544 3544/1085/3543 3556/1111/3555 3557/1112/3556
f 3546/1087/3545 3545/1086/3544 3557/1112/3556 3558/1113/3557
f 3547/1088/3546 3546/1087/3545 3558/1113/3557 3559/1114/3558
f 3548/1089/3547 3547/1088/3546 3559/1114/3558 3560/1115/3559
f 3549/1090/3548 3548/1089/3547 3560/1115/3559 3561/1116/3560
f 3550/1091/3549 3549/1090/3548 3561/1116/3560 3562/1117/3561
f 3551/1092/3550 3550/1091/3549 3562/1117/3561 3563/1118/3562
f 3552/1081/3090 3551/1092/3550 3563/1118/3562 3564/1107/3551
f 3553/1106/3552 3564/1107/3551 3576/1133/3563 3565/1132/3564
f 3554/1108/3553 3553/1109/3552 3565/1135/3564 3566/1134/3565
f 3555/1110/3554 3554/1108/3553 3566/1134/3565 3567/1136/3566
f 3556/1111/3555 3555/1110/3554 3567/1136/3566 3568/1137/3567
f 3557/1112/3556 3556/1111/3555 3568/1137/3567 3569/1138/3568
f 3558/1113/3557 3557/1112/3556 3569/1138/3568 3570/1139/3569
f 3559/1114/3558 3558/1113/3557 3570/1139/3569 3571/1140/3570
f 3560/1115/3559 3559/1114/3558 3571/1140/3570 3572/1141/3571
f 3561/1116/3560 3560/1115/3559 3572/1141/3571 3573/1142/3572
f 3562/1117/3561 3561/1116/3560 3573/1142/3572 3574/1143/3573
f 3563/1118/3562 3562/1117/3561 3574/1143/3573 3575/1144/3574
f 3564/1107/3551 3563/1118/3562 3575/1144/3574 3576/1133/3563
f 3565/1132/3564 3576/1133/3563 3588/1159/3575 3577/1158/3576
f 3566/1134/3565 3565/1135/3564 3577/1161/3576 3578/1160/3577
f 3567/1136/3566 3566/1134/3565 3578/1160/3577 3579/1162/3578
f 3568/1137/3567 3567/1136/3566 3579/1162/3578 3580/1163/3579
f 3569/1138/3568 3568/1137/3567 3580/1163/3579 3581/1164/3580
f 3570/1139/3569 3569/1138/3568 3581/1164/3580 3582/1165/3581
f 3571/1140/3570 3570/1139/3569 3582/1165/3581 3583/1166/3582
f 3572/1141/3571 3571/1140/3570 3583/1166/3582 3584/1167/3583
f 3573/1142/3572 3572/1141/3571 3584/1167/3583 3585/1168/3584
f 3574/1143/3573 3573/1142/3572 3585/1168/3584 3586/1169/3585
f 3575/1144/3574 3574/1143/3573 3586/1169/3585 3587/1170/3586
f 3576/1133/3563 3575/1144/3574 3587/1170/3586 3588/1159/3575
f 3577/1158/3576 3588/1159/3575 3600/1185/3587 3589/1184/3588
f 3578/1160/3577 3577/1161/3576 3589/1187/3588 3590/1186/3589
f 3579/1162/3578 3578/1160/3577 3590/1186/3589 3591/1188/3590
f 3580/1163/3579 3579/1162/3578 3591/1188/3590 3592/1189/3591
f 3581/1164/3580 3580/1163/3579 3592/1189/3591 3593/1190/3592
f 3582/1165/3581 3581/1164/3580 3593/1190/3592 3594/1191/3593
f 3583/1166/3582 3582/1165/3581 3594/1191/3593 3595/1192/3594
f 3584/1167/3583 3583/1166/3582 3595/1192/3594 3596/1193/3595
f 3585/1168/3584 3584/1167/3583 3596/1193/3595 3597/1194/3596
f 3586/1169/3585 3585/1168/3584 3597/1194/3596 3598/1195/3597
f 3587/1170/3586 3586/1169/3585 3598/1195/3597 3599/1196/3598
f 3588/1159/3575 3587/1170/3586 3599/1196/3598 3600/1185/3587
f 3589/1184/3588 3600/1185/3587 3612/1211/3599 3601/1210/3600
f 3590/1186/3589 3589/1187/3588 3601/1213/3600 3602/1212/3601
f 3591/1188/3590 3590/1186/3589 3602/1212/3601 3603/1214/3602
f 3592/1189/3591 3591/1188/3590 3603/1214/3602 3604/1215/3603
f 3593/1190/3592 3592/1189/3591 3604/1215/3603 3605/1216/3604
f 3594/1191/3593 3593/1190/3592 3605/1216/3604 3606/1217/3605
f 3595/1192/3594 3594/1191/3593 3606/1217/3605 3607/1218/3606
f 3596/1193/3595 3595/1192/3594 3607/1218/3606 3608/1219/3607
f 3597/1194/3596 3596/1193/3595 3608/1219/3607 3609/1220/3608
f 3598/1195/3597 3597/1194/3596 3609/1220/3608 3610/1221/3609
f 3599/1196/3598 3598/1195/3597 3610/1221/3609 3611/1222/3610
f 3600/1185/3587 3599/1196/3598 3611/1222/3610 3612/1211/3599
f 3601/1210/3600 3612/1211/3599 3624/1237/3611 3613/1236/3612
f 3602/1212/3601 3601/1213/3600 3613/1239/3612 3614/1238/3613
f 3603/1214/3602 3602/1212/3601 3614/1238/3613 3615/1240/3614
f 3604/1215/3603 3603/1214/3602 3615/1240/3614 3616/1241/3615
f 3605/1216/3604 3604/1215/3603 3616/1241/3615 3617/1242/3616
f 3606/1217/3605 3605/1216/3604 3617/1242/3616 3618/1243/3617
f 3607/1218/3606 3606/1217/3605 3618/1243/3617 3619/1244/3618
f 3608/1219/3607 3607/1218/3606 3619/1244/3618 3620/1245/3619
f 3609/1220/3608 3608/1219/3607 3620/1245/3619 3621/1246/3620
f 3610/1221/3609 3609/1220/3608 3621/1246/3620 3622/1247/3621
f 3611/1222/3610 3610/1221/3609 3622/1247/3621 3623/1248/3622
f 3612/1211/3599 3611/1222/3610 3623/1248/3622 3624/1237/3611
f 3613/1236/3612 3624/1237/3611 3636/1263/3623 3625/1262/3624
f 3614/1238/3613 3613/1239/3612 3625/1265/3624 3626/1264/3625
f 3615/1240/3614 3614/1238/3613 3626/1264/3625 3627/1266/3626
f 3616/1241/3615 3615/1240/3614 3627/1266/3626 3628/1267/3627
f 3617/1242/3616 3616/1241/3615 3628/1267/3627 3629/1268/3628
f 3618/1243/3617 3617/1242/3616 3629/1268/3628 3630/1269/3629
f 3619/1244/3618 3618/1243/3617 3630/1269/3629 3631/1270/3630
f 3620/1245/3619 3619/1244/3618 3631/1270/3630 3632/1271/3631
f 3621/1246/3620 3620/1245/3619 3632/1271/3631 3633/1272/3632
f 3622/1247/3621 3621/1246/3620 3633/1272/3632 3634/1273/3633
f 3623/1248/3622 3622/1247/3621 3634/1273/3633 3635/1274/3634
f 3624/1237/3611 3623/1248/3622 3635/1274/3634 3636/1263/3623
f 3625/1262/3624 3636/1263/3623 3648/1289/3635 3637/1288/3636
f 3626/1264/3625 3625/1265/3624 3637/1291/3636 3638/1290/3637
f 3627/1266/3626 3626/1264/3625 3638/1290/3637 3639/1292/3638
f 3628/1267/3627 3627/1266/3626 3639/1292/3638 3640/1293/3639
f 3629/1268/3628 3628/1267/3627 3640/1293/3639 3641/1294/3640
f 3630/1269/3629 3629/1268/3628 3641/1294/3640 3642/1295/3641
f 3631/1270/3630 3630/1269/3629 3642/1295/3641 3643/1296/3642
f 3632/1271/3631 3631/1270/3630 3643/1296/3642 3644/1297/3643
f 3633/1272/3632 3632/1271/3631 3644/1297/3643 3645/1298/3644
f 3634/1273/3633 3633/1272/3632 3645/1298/3644 3646/1299/3645
f 3635/1274/3634 3634/1273/3633 3646/1299/3645 3647/1300/3646
f 3636/1263/3623 3635/1274/3634 3647/1300/3646 3648/1289/3635
f 2738/980/2740 2737/983/2736 3193/983/3192 3194/980/3196
f 2746/998/2756 2745/996/2754 3201/996/3210 3202/998/3212
f 2737/976/2736 2748/979/2739 3204/979/3193 3193/976/3192
f 3026/1290/3026 3027/1292/3027 3483/1292/3483 3482/1290/3482
f 3034/1299/3034 3035/1300/3035 3491/1300/3491 3490/1299/3490
f 3043/992/3050 3042/990/3048 3498/990/3504 3499/992/3506
f 3186/1295/3186 3187/1296/3187 3643/1296/3642 3642/1295/3641
f 2739/984/2742 2738/980/2740 3194/980/3196 3195/984/3198
f 2747/1000/2758 2746/998/2756 3202/998/3212 3203/1000/3214
f 3025/1291/3024 3026/1290/3026 3482/1290/3482 3481/1291/3481
f 3033/1298/3033 3034/1299/3034 3490/1299/3490 3489/1298/3489
f 3036/1289/3025 3025/1288/3024 3481/1288/3481 3492/1289/3480
f 3042/990/3048 3041/988/3046 3497/988/3502 3498/990/3504
f 3185/1294/3185 3186/1295/3186 3642/1295/3641 3641/1294/3640
f 2740/986/2744 2739/984/2742 3195/984/3198 3196/986/3200
f 2748/979/2739 2747/1000/2758 3203/1000/3214 3204/979/3193
f 3028/1293/3028 3029/1294/3029 3485/1294/3485 3484/1293/3484
f 3045/996/3054 3044/994/3052 3500/994/3508 3501/996/3510
f 3188/1297/3188 3189/1298/3189 3645/1298/3644 3644/1297/3643
f 2741/988/2746 2740/986/2744 3196/986/3200 3197/988/3202
f 3027/1292/3027 3028/1293/3028 3484/1293/3484 3483/1292/3483
f 3035/1300/3035 3036/1289/3025 3492/1289/3480 3491/1300/3491
f 3044/994/3052 3043/992/3050 3499/992/3506 3500/994/3508
f 3187/1296/3187 3188/1297/3188 3644/1297/3643 3643/1296/3642
f 2742/990/2748 2741/988/2746 3197/988/3202 3198/990/3204
f 3030/1295/3030 3031/1296/3031 3487/1296/3487 3486/1295/3486
f 3039/984/3042 3038/980/3040 3494/980/3496 3495/984/3498
f 3047/1000/3058 3046/998/3056 3502/998/3512 3503/1000/3514
f 3182/1290/3182 3183/1292/3183 3639/1292/3638 3638/1290/3637
f 3190/1299/3190 3191/1300/3191 3647/1300/3646 3646/1299/3645
f 2743/992/2750 2742/990/2748 3198/990/3204 3199/992/3206
f 3029/1294/3029 3030/1295/3030 3486/1295/3486 3485/1294/3485
f 3038/980/3040 3037/983/3036 3493/983/3492 3494/980/3496
f 3046/998/3056 3045/996/3054 3501/996/3510 3502/998/3512
f 3037/976/3036 3048/979/3039 3504/979/3493 3493/976/3492
f 3181/1291/3180 3182/1290/3182 3638/1290/3637 3637/1291/3636
f 3189/1298/3189 3190/1299/3190 3646/1299/3645 3645/1298/3644
f 3192/1289/3181 3181/1288/3180 3637/1288/3636 3648/1289/3635
f 2744/994/2752 2743/992/2750 3199/992/3206 3200/994/3208
f 3032/1297/3032 3033/1298/3033 3489/1298/3489 3488/1297/3488
f 3041/988/3046 3040/986/3044 3496/986/3500 3497/988/3502
f 3184/1293/3184 3185/1294/3185 3641/1294/3640 3640/1293/3639
f 2745/996/2754 2744/994/2752 3200/994/3208 3201/996/3210
f 3031/1296/3031 3032/1297/3032 3488/1297/3488 3487/1296/3487
f 3040/986/3044 3039/984/3042 3495/984/3498 3496/986/3500
f 3048/979/3039 3047/1000/3058 3503/1000/3514 3504/979/3493
f 3183/1292/3183 3184/1293/3184 3640/1293/3639 3639/1292/3638
f 3191/1300/3191 3192/1289/3181 3648/1289/3635 3647/1300/3646
o Holder
v -0.010000 -0.035000 0.018750
v -0.010000 0.035000 0.018750
v -0.010000 0.045000 0.018750
v -0.010000 -0.045000 0.018750
v -0.010000 -0.035000 0.013750
v -0.010000 0.035000 0.013750
v -0.010000 -0.042500 0.013750
v -0.010000 -0.045000 0.016250
v -0.010000 -0.043457 0.013940
v -0.010000 -0.044268 0.014482
v -0.010000 -0.044810 0.015293
v -0.010000 0.042500 0.013750
v -0.010000 0.045000 0.016250
v -0.010000 0.043457 0.013940
v -0.010000 0.044268 0.014482
v -0.010000 0.044810 0.015293
v -0.010000 -0.035000 -0.001250
v -0.010000 -0.017500 -0.018750
v -0.010000 -0.034850 -0.003534
v -0.010000 -0.034404 -0.005779
v -0.010000 -0.033668 -0.007947
v -0.010000 -0.032655 -0.010000
v -0.010000 -0.031384 -0.011903
v -0.010000 -0.029874 -0.013624
v -0.010000 -0.028153 -0.015134
v -0.010000 -0.026250 -0.016406
v -0.010000 -0.024197 -0.017418
v -0.010000 -0.022029 -0.018154
v -0.010000 -0.019784 -0.018600
v -0.010000 0.035000 -0.001250
v -0.010000 0.017500 -0.018750
v -0.010000 0.034850 -0.003534
v -0.010000 0.034404 -0.005779
v -0.010000 0.033668 -0.007947
v -0.010000 0.032655 -0.010000
v -0.010000 0.031384 -0.011903
v -0.010000 0.029874 -0.013624
v -0.010000 0.028153 -0.015134
v -0.010000 0.026250 -0.016406
v -0.010000 0.024197 -0.017418
v -0.010000 0.022029 -0.018154
v -0.010000 0.019784 -0.018600
v 0.010000 -0.035000 0.018750
v 0.010000 0.035000 0.018750
v 0.010000 0.045000 0.018750
v 0.010000 -0.045000 0.018750
v 0.010000 -0.035000 0.013750
v 0.010000 0.035000 0.013750
v 0.010000 -0.042500 0.013750
v 0.010000 -0.045000 0.016250
v 0.010000 -0.043457 0.013940
v 0.010000 -0.044268 0.014482
v 0.010000 -0.044810 0.015293
v 0.010000 0.042500 0.013750
v 0.010000 0.045000 0.016250
v 0.010000 0.043457 0.013940
v 0.010000 0.044268 0.014482
v 0.010000 0.044810 0.015293
v 0.010000 -0.035000 -0.001250
v 0.010000 -0.017500 -0.018750
v 0.010000 -0.034850 -0.003534
v 0.010000 -0.034404 -0.005779
v 0.010000 -0.033668 -0.007947
v 0.010000 -0.032655 -0.010000
v 0.010000 -0.031384 -0.011903
v 0.010000 -0.029874 -0.013624
v 0.010000 -0.028153 -0.015134
v 0.010000 -0.026250 -0.016406
v 0.010000 -0.024197 -0.017418
v 0.010000 -0.022029 -0.018154
v 0.010000 -0.019784 -0.018600
v 0.010000 0.035000 -0.001250
v 0.010000 0.017500 -0.018750
v 0.010000 0.034850 -0.003534
v 0.010000 0.034404 -0.005779
v 0.010000 0.033668 -0.007947
v 0.010000 0.032655 -0.010000
v 0.010000 0.031384 -0.011903
v 0.010000 0.029874 -0.013624
v 0.010000 0.028153 -0.015134
v 0.010000 0.026250 -0.016406
v 0.010000 0.024197 -0.017418
v 0.010000 0.022029 -0.018154
v 0.010000 0.019784 -0.018600
vn -1.0000 -0.0000 -0.0000
vn 1.0000 -0.0000 -0.0000
vn -0.0000 -0.0000 1.0000
vn -0.0000 -0.0000 -1.0000
vn -0.0000 -0.1951 -0.9808
vn -0.0000 -0.5556 -0.8315
vn -0.0000 -0.8315 -0.5556
vn -0.0000 -0.9808 -0.1951
vn -0.0000 -1.0000 -0.0000
vn -0.0000 1.0000 -0.0000
vn -0.0000 0.9808 -0.1951
vn -0.0000 0.8315 -0.5556
vn -0.0000 0.5556 -0.8315
vn -0.0000 0.1951 -0.9808
vn -0.0000 -0.0654 -0.9979
vn -0.0000 -0.3214 -0.9469
vn -0.0000 -0.4423 -0.8969
vn -0.0000 -0.6593 -0.7518
vn -0.0000 -0.7518 -0.6593
vn -0.0000 -0.8969 -0.4423
vn -0.0000 -0.9469 -0.3214
vn -0.0000 -0.9979 -0.0654
vn -0.0000 0.9979 -0.0654
vn -0.0000 0.9469 -0.3214
vn -0.0000 0.8969 -0.4423
vn -0.0000 0.7518 -0.6593
vn -0.0000 0.6593 -0.7518
vn -0.0000 0.4423 -0.8969
vn -0.0000 0.3214 -0.9469
vn -0.0000 0.0654 -0.9979
vt 0.125000 0.000000
vt 0.082042 0.000000
vt 0.046802 0.000000
vt 0.013699 0.000000
vt 0.000000 0.000000
vt 1.000000 0.000000
vt 0.500000 0.000000
vt 0.013699 0.019030
vt 0.046802 0.073223
vt 0.082042 0.154328
vt 0.125000 0.250000
vt 0.500000 1.000000
vt 1.000000 1.000000
vt 0.000000 0.250000
vt 0.003352 0.217368
vt 0.013176 0.185295
vt 0.028908 0.154329
vt 0.049573 0.125000
vt 0.073594 0.097810
vt 0.098899 0.073223
vt 0.124053 0.051662
vt 0.149333 0.033494
vt 0.175846 0.019030
vt 0.204414 0.008519
vt 0.235457 0.002139
vt 0.269231 0.000000
vt 0.269231 1.000000
vt 0.235457 0.997861
vt 0.204414 0.991481
vt 0.175846 0.980970
vt 0.149333 0.966506
vt 0.124053 0.948338
vt 0.098899 0.926777
vt 0.073594 0.902190
vt 0.049573 0.875000
vt 0.028908 0.845671
vt 0.013176 0.814705
vt 0.003352 0.782632
vt 0.000000 0.750000
s 0
usemtl Black-Material
f 3655/1301/3647 3657/1302/3647 3658/1303/3647 3659/1304/3647 3656/1305/3647 3652/1305/3647 3649/1306/3647 3653/1307/3647
f 3651/1305/3647 3661/1305/3647 3664/1308/3647 3663/1309/3647 3662/1310/3647 3660/1311/3647 3654/1312/3647 3650/1313/3647
f 3666/1314/3647 3677/1315/3647 3676/1316/3647 3675/1317/3647 3674/1318/3647 3673/1319/3647 3672/1320/3647 3671/1321/3647 3670/1322/3647 3669/1323/3647 3668/1324/3647 3667/1325/3647 3665/1326/3647 3653/1307/3647 3649/1306/3647 3650/1313/3647 3654/1312/3647 3678/1327/3647 3680/1328/3647 3681/1329/3647 3682/1330/3647 3683/1331/3647 3684/1332/3647 3685/1333/3647 3686/1334/3647 3687/1335/3647 3688/1336/3647 3689/1337/3647 3690/1338/3647 3679/1339/3647
f 3697/1301/3648 3695/1307/3648 3691/1306/3648 3694/1305/3648 3698/1305/3648 3701/1304/3648 3700/1303/3648 3699/1302/3648
f 3693/1305/3648 3692/1313/3648 3696/1312/3648 3702/1311/3648 3704/1310/3648 3705/1309/3648 3706/1308/3648 3703/1305/3648
f 3708/1314/3648 3721/1339/3648 3732/1338/3648 3731/1337/3648 3730/1336/3648 3729/1335/3648 3728/1334/3648 3727/1333/3648 3726/1332/3648 3725/1331/3648 3724/1330/3648 3723/1329/3648 3722/1328/3648 3720/1327/3648 3696/1312/3648 3692/1313/3648 3691/1306/3648 3695/1307/3648 3707/1326/3648 3709/1325/3648 3710/1324/3648 3711/1323/3648 3712/1322/3648 3713/1321/3648 3714/1320/3648 3715/1319/3648 3716/1318/3648 3717/1317/3648 3718/1316/3648 3719/1315/3648
f 3650/1313/3649 3649/1306/3649 3691/1306/3649 3692/1313/3649
f 3651/1305/3649 3650/1313/3649 3692/1313/3649 3693/1305/3649
f 3649/1306/3649 3652/1305/3649 3694/1305/3649 3691/1306/3649
f 3655/1301/3650 3653/1307/3650 3695/1307/3650 3697/1301/3650
f 3657/1302/3651 3655/1301/3651 3697/1301/3651 3699/1302/3651
f 3658/1303/3652 3657/1302/3652 3699/1302/3652 3700/1303/3652
f 3659/1304/3653 3658/1303/3653 3700/1303/3653 3701/1304/3653
f 3656/1305/3654 3659/1304/3654 3701/1304/3654 3698/1305/3654
f 3652/1305/3655 3656/1305/3655 3698/1305/3655 3694/1305/3655
f 3661/1305/3656 3651/1305/3656 3693/1305/3656 3703/1305/3656
f 3664/1308/3657 3661/1305/3657 3703/1305/3657 3706/1308/3657
f 3663/1309/3658 3664/1308/3658 3706/1308/3658 3705/1309/3658
f 3662/1310/3659 3663/1309/3659 3705/1309/3659 3704/1310/3659
f 3660/1311/3660 3662/1310/3660 3704/1310/3660 3702/1311/3660
f 3654/1312/3650 3660/1311/3650 3702/1311/3650 3696/1312/3650
f 3666/1314/3650 3679/1339/3650 3721/1339/3650 3708/1314/3650
f 3677/1315/3661 3666/1314/3661 3708/1314/3661 3719/1315/3661
f 3676/1316/3651 3677/1315/3651 3719/1315/3651 3718/1316/3651
f 3675/1317/3662 3676/1316/3662 3718/1316/3662 3717/1317/3662
f 3674/1318/3663 3675/1317/3663 3717/1317/3663 3716/1318/3663
f 3673/1319/3652 3674/1318/3652 3716/1318/3652 3715/1319/3652
f 3672/1320/3664 3673/1319/3664 3715/1319/3664 3714/1320/3664
f 3671/1321/3665 3672/1320/3665 3714/1320/3665 3713/1321/3665
f 3670/1322/3653 3671/1321/3653 3713/1321/3653 3712/1322/3653
f 3669/1323/3666 3670/1322/3666 3712/1322/3666 3711/1323/3666
f 3668/1324/3667 3669/1323/3667 3711/1323/3667 3710/1324/3667
f 3667/1325/3654 3668/1324/3654 3710/1324/3654 3709/1325/3654
f 3665/1326/3668 3667/1325/3668 3709/1325/3668 3707/1326/3668
f 3653/1307/3655 3665/1326/3655 3707/1326/3655 3695/1307/3655
f 3678/1327/3656 3654/1312/3656 3696/1312/3656 3720/1327/3656
f 3680/1328/3669 3678/1327/3669 3720/1327/3669 3722/1328/3669
f 3681/1329/3657 3680/1328/3657 3722/1328/3657 3723/1329/3657
f 3682/1330/3670 3681/1329/3670 3723/1329/3670 3724/1330/3670
f 3683/1331/3671 3682/1330/3671 3724/1330/3671 3725/1331/3671
f 3684/1332/3658 3683/1331/3658 3725/1331/3658 3726/1332/3658
f 3685/1333/3672 3684/1332/3672 3726/1332/3672 3727/1333/3672
f 3686/1334/3673 3685/1333/3673 3727/1333/3673 3728/1334/3673
f 3687/1335/3659 3686/1334/3659 3728/1334/3659 3729/1335/3659
f 3688/1336/3674 3687/1335/3674 3729/1335/3674 3730/1336/3674
f 3689/1337/3675 3688/1336/3675 3730/1336/3675 3731/1337/3675
f 3690/1338/3660 3689/1337/3660 3731/1337/3660 3732/1338/3660
f 3679/1339/3676 3690/1338/3676 3732/1338/3676 3721/1339/3676
o Cylinder.005
v 0.036675 0.028750 -0.000000
v 0.011675 0.028750 -0.000000
v 0.036675 0.028534 0.002195
v 0.011675 0.028534 0.002195
v 0.036675 0.027894 0.004305
v 0.011675 0.027894 0.004305
v 0.036675 0.026854 0.006250
v 0.011675 0.026854 0.006250
v 0.036675 0.025455 0.007955
v 0.011675 0.025455 0.007955
v 0.036675 0.023750 0.009354
v 0.011675 0.023750 0.009354
v 0.036675 0.021805 0.010394
v 0.011675 0.021805 0.010394
v 0.036675 0.019695 0.011034
v 0.011675 0.019695 0.011034
v 0.036675 0.017500 0.011250
v 0.011675 0.017500 0.011250
v 0.036675 0.015305 0.011034
v 0.011675 0.015305 0.011034
v 0.036675 0.013195 0.010394
v 0.011675 0.013195 0.010394
v 0.036675 0.011250 0.009354
v 0.011675 0.011250 0.009354
v 0.036675 0.009545 0.007955
v 0.011675 0.009545 0.007955
v 0.036675 0.008146 0.006250
v 0.011675 0.008146 0.006250
v 0.036675 0.007107 0.004305
v 0.011675 0.007107 0.004305
v 0.036675 0.006466 0.002195
v 0.011675 0.006466 0.002195
v 0.036675 0.006250 -0.000000
v 0.011675 0.006250 -0.000000
v 0.036675 0.006466 -0.002195
v 0.011675 0.006466 -0.002195
v 0.036675 0.007107 -0.004305
v 0.011675 0.007107 -0.004305
v 0.036675 0.008146 -0.006250
v 0.011675 0.008146 -0.006250
v 0.036675 0.009545 -0.007955
v 0.011675 0.009545 -0.007955
v 0.036675 0.011250 -0.009354
v 0.011675 0.011250 -0.009354
v 0.036675 0.013195 -0.010394
v 0.011675 0.013195 -0.010394
v 0.036675 0.015305 -0.011034
v 0.011675 0.015305 -0.011034
v 0.036675 0.017500 -0.011250
v 0.011675 0.017500 -0.011250
v 0.036675 0.019695 -0.011034
v 0.011675 0.019695 -0.011034
v 0.036675 0.021805 -0.010394
v 0.011675 0.021805 -0.010394
v 0.036675 0.023750 -0.009354
v 0.011675 0.023750 -0.009354
v 0.036675 0.025455 -0.007955
v 0.011675 0.025455 -0.007955
v 0.036675 0.026854 -0.006250
v 0.011675 0.026854 -0.006250
v 0.036675 0.027894 -0.004305
v 0.011675 0.027894 -0.004305
v 0.036675 0.028534 -0.002195
v 0.011675 0.028534 -0.002195
vn -0.0000 0.9952 0.0980
vn -0.0000 0.9569 0.2903
vn -0.0000 0.8819 0.4714
vn -0.0000 0.7730 0.6344
vn -0.0000 0.6344 0.7730
vn -0.0000 0.4714 0.8819
vn -0.0000 0.2903 0.9569
vn -0.0000 0.0980 0.9952
vn -0.0000 -0.0980 0.9952
vn -0.0000 -0.2903 0.9569
vn -0.0000 -0.4714 0.8819
vn -0.0000 -0.6344 0.7730
vn -0.0000 -0.7730 0.6344
vn -0.0000 -0.8819 0.4714
vn -0.0000 -0.9569 0.2903
vn -0.0000 -0.9952 0.0980
vn -0.0000 -0.9952 -0.0980
vn -0.0000 -0.9569 -0.2903
vn -0.0000 -0.8819 -0.4714
vn -0.0000 -0.7730 -0.6344
vn -0.0000 -0.6344 -0.7730
vn -0.0000 -0.4714 -0.8819
vn -0.0000 -0.2903 -0.9569
vn -0.0000 -0.0980 -0.9952
vn -0.0000 0.0980 -0.9952
vn -0.0000 0.2903 -0.9569
vn -0.0000 0.4714 -0.8819
vn -0.0000 0.6344 -0.7730
vn -0.0000 0.7730 -0.6344
vn -0.0000 0.8819 -0.4714
vn -1.0000 -0.0000 -0.0000
vn -0.0000 0.9569 -0.2903
vn -0.0000 0.9952 -0.0980
vn 1.0000 -0.0000 -0.0000
vt 1.000000 0.500000
vt 1.000000 1.000000
vt 0.968750 1.000000
vt 0.968750 0.500000
vt 0.937500 1.000000
vt 0.937500 0.500000
vt 0.906250 1.000000
vt 0.906250 0.500000
vt 0.875000 1.000000
vt 0.875000 0.500000
vt 0.843750 1.000000
vt 0.843750 0.500000
vt 0.812500 1.000000
vt 0.812500 0.500000
vt 0.781250 1.000000
vt 0.781250 0.500000
vt 0.750000 1.000000
vt 0.750000 0.500000
vt 0.718750 1.000000
vt 0.718750 0.500000
vt 0.687500 1.000000
vt 0.687500 0.500000
vt 0.656250 1.000000
vt 0.656250 0.500000
vt 0.625000 1.000000
vt 0.625000 0.500000
vt 0.593750 1.000000
vt 0.593750 0.500000
vt 0.562500 1.000000
vt 0.562500 0.500000
vt 0.531250 1.000000
vt 0.531250 0.500000
vt 0.500000 1.000000
vt 0.500000 0.500000
vt 0.468750 1.000000
vt 0.468750 0.500000
vt 0.437500 1.000000
vt 0.437500 0.500000
vt 0.406250 1.000000
vt 0.406250 0.500000
vt 0.375000 1.000000
vt 0.375000 0.500000
vt 0.343750 1.000000
vt 0.343750 0.500000
vt 0.312500 1.000000
vt 0.312500 0.500000
vt 0.281250 1.000000
vt 0.281250 0.500000
vt 0.250000 1.000000
vt 0.250000 0.500000
vt 0.218750 1.000000
vt 0.218750 0.500000
vt 0.187500 1.000000
vt 0.187500 0.500000
vt 0.156250 1.000000
vt 0.156250 0.500000
vt 0.125000 1.000000
vt 0.125000 0.500000
vt 0.093750 1.000000
vt 0.093750 0.500000
vt 0.062500 1.000000
vt 0.062500 0.500000
vt 0.296822 0.485388
vt 0.250000 0.490000
vt 0.203179 0.485389
vt 0.158156 0.471731
vt 0.116663 0.449553
vt 0.080295 0.419706
vt 0.050447 0.383337
vt 0.028269 0.341844
vt 0.014612 0.296822
vt 0.010000 0.250000
vt 0.014611 0.203179
vt 0.028269 0.158156
vt 0.050447 0.116663
vt 0.080294 0.080294
vt 0.116663 0.050447
vt 0.158156 0.028269
vt 0.203178 0.014612
vt 0.250000 0.010000
vt 0.296822 0.014612
vt 0.341844 0.028269
vt 0.383337 0.050447
vt 0.419706 0.080294
vt 0.449553 0.116663
vt 0.471731 0.158156
vt 0.485388 0.203178
vt 0.490000 0.250000
vt 0.485388 0.296822
vt 0.471731 0.341844
vt 0.449553 0.383337
vt 0.419706 0.419706
vt 0.383337 0.449553
vt 0.341844 0.471731
vt 0.031250 1.000000
vt 0.031250 0.500000
vt 0.000000 1.000000
vt 0.000000 0.500000
vt 0.750000 0.490000
vt 0.796822 0.485388
vt 0.841844 0.471731
vt 0.883337 0.449553
vt 0.919706 0.419706
vt 0.949553 0.383337
vt 0.971731 0.341844
vt 0.985388 0.296822
vt 0.990000 0.250000
vt 0.985388 0.203178
vt 0.971731 0.158156
vt 0.949553 0.116663
vt 0.919706 0.080294
vt 0.883337 0.050447
vt 0.841844 0.028269
vt 0.796822 0.014612
vt 0.750000 0.010000
vt 0.703178 0.014612
vt 0.658156 0.028269
vt 0.616663 0.050447
vt 0.580294 0.080294
vt 0.550447 0.116663
vt 0.528269 0.158156
vt 0.514611 0.203179
vt 0.510000 0.250000
vt 0.514612 0.296822
vt 0.528269 0.341844
vt 0.550447 0.383337
vt 0.580295 0.419706
vt 0.616663 0.449553
vt 0.658156 0.471731
vt 0.703179 0.485389
s 0
f 3733/1340/3677 3734/1341/3677 3736/1342/3677 3735/1343/3677
f 3735/1343/3678 3736/1342/3678 3738/1344/3678 3737/1345/3678
f 3737/1345/3679 3738/1344/3679 3740/1346/3679 3739/1347/3679
f 3739/1347/3680 3740/1346/3680 3742/1348/3680 3741/1349/3680
f 3741/1349/3681 3742/1348/3681 3744/1350/3681 3743/1351/3681
f 3743/1351/3682 3744/1350/3682 3746/1352/3682 3745/1353/3682
f 3745/1353/3683 3746/1352/3683 3748/1354/3683 3747/1355/3683
f 3747/1355/3684 3748/1354/3684 3750/1356/3684 3749/1357/3684
f 3749/1357/3685 3750/1356/3685 3752/1358/3685 3751/1359/3685
f 3751/1359/3686 3752/1358/3686 3754/1360/3686 3753/1361/3686
f 3753/1361/3687 3754/1360/3687 3756/1362/3687 3755/1363/3687
f 3755/1363/3688 3756/1362/3688 3758/1364/3688 3757/1365/3688
f 3757/1365/3689 3758/1364/3689 3760/1366/3689 3759/1367/3689
f 3759/1367/3690 3760/1366/3690 3762/1368/3690 3761/1369/3690
f 3761/1369/3691 3762/1368/3691 3764/1370/3691 3763/1371/3691
f 3763/1371/3692 3764/1370/3692 3766/1372/3692 3765/1373/3692
f 3765/1373/3693 3766/1372/3693 3768/1374/3693 3767/1375/3693
f 3767/1375/3694 3768/1374/3694 3770/1376/3694 3769/1377/3694
f 3769/1377/3695 3770/1376/3695 3772/1378/3695 3771/1379/3695
f 3771/1379/3696 3772/1378/3696 3774/1380/3696 3773/1381/3696
f 3773/1381/3697 3774/1380/3697 3776/1382/3697 3775/1383/3697
f 3775/1383/3698 3776/1382/3698 3778/1384/3698 3777/1385/3698
f 3777/1385/3699 3778/1384/3699 3780/1386/3699 3779/1387/3699
f 3779/1387/3700 3780/1386/3700 3782/1388/3700 3781/1389/3700
f 3781/1389/3701 3782/1388/3701 3784/1390/3701 3783/1391/3701
f 3783/1391/3702 3784/1390/3702 3786/1392/3702 3785/1393/3702
f 3785/1393/3703 3786/1392/3703 3788/1394/3703 3787/1395/3703
f 3787/1395/3704 3788/1394/3704 3790/1396/3704 3789/1397/3704
f 3789/1397/3705 3790/1396/3705 3792/1398/3705 3791/1399/3705
f 3791/1399/3706 3792/1398/3706 3794/1400/3706 3793/1401/3706
f 3736/1402/3707 3734/1403/3707 3796/1404/3707 3794/1405/3707 3792/1406/3707 3790/1407/3707 3788/1408/3707 3786/1409/3707 3784/1410/3707 3782/1411/3707 3780/1412/3707 3778/1413/3707 3776/1414/3707 3774/1415/3707 3772/1416/3707 3770/1417/3707 3768/1418/3707 3766/1419/3707 3764/1420/3707 3762/1421/3707 3760/1422/3707 3758/1423/3707 3756/1424/3707 3754/1425/3707 3752/1426/3707 3750/1427/3707 3748/1428/3707 3746/1429/3707 3744/1430/3707 3742/1431/3707 3740/1432/3707 3738/1433/3707
f 3793/1401/3708 3794/1400/3708 3796/1434/3708 3795/1435/3708
f 3795/1435/3709 3796/1434/3709 3734/1436/3709 3733/1437/3709
f 3733/1438/3710 3735/1439/3710 3737/1440/3710 3739/1441/3710 3741/1442/3710 3743/1443/3710 3745/1444/3710 3747/1445/3710 3749/1446/3710 3751/1447/3710 3753/1448/3710 3755/1449/3710 3757/1450/3710 3759/1451/3710 3761/1452/3710 3763/1453/3710 3765/1454/3710 3767/1455/3710 3769/1456/3710 3771/1457/3710 3773/1458/3710 3775/1459/3710 3777/1460/3710 3779/1461/3710 3781/1462/3710 3783/1463/3710 3785/1464/3710 3787/1465/3710 3789/1466/3710 3791/1467/3710 3793/1468/3710 3795/1469/3710
o Cylinder.007
v 0.036675 -0.006250 -0.000000
v 0.011675 -0.006250 -0.000000
v 0.036675 -0.006466 0.002195
v 0.011675 -0.006466 0.002195
v 0.036675 -0.007106 0.004305
v 0.011675 -0.007106 0.004305
v 0.036675 -0.008146 0.006250
v 0.011675 -0.008146 0.006250
v 0.036675 -0.009545 0.007955
v 0.011675 -0.009545 0.007955
v 0.036675 -0.011250 0.009354
v 0.011675 -0.011250 0.009354
v 0.036675 -0.013195 0.010394
v 0.011675 -0.013195 0.010394
v 0.036675 -0.015305 0.011034
v 0.011675 -0.015305 0.011034
v 0.036675 -0.017500 0.011250
v 0.011675 -0.017500 0.011250
v 0.036675 -0.019695 0.011034
v 0.011675 -0.019695 0.011034
v 0.036675 -0.021805 0.010394
v 0.011675 -0.021805 0.010394
v 0.036675 -0.023750 0.009354
v 0.011675 -0.023750 0.009354
v 0.036675 -0.025455 0.007955
v 0.011675 -0.025455 0.007955
v 0.036675 -0.026854 0.006250
v 0.011675 -0.026854 0.006250
v 0.036675 -0.027894 0.004305
v 0.011675 -0.027894 0.004305
v 0.036675 -0.028534 0.002195
v 0.011675 -0.028534 0.002195
v 0.036675 -0.028750 -0.000000
v 0.011675 -0.028750 -0.000000
v 0.036675 -0.028534 -0.002195
v 0.011675 -0.028534 -0.002195
v 0.036675 -0.027894 -0.004305
v 0.011675 -0.027894 -0.004305
v 0.036675 -0.026854 -0.006250
v 0.011675 -0.026854 -0.006250
v 0.036675 -0.025455 -0.007955
v 0.011675 -0.025455 -0.007955
v 0.036675 -0.023750 -0.009354
v 0.011675 -0.023750 -0.009354
v 0.036675 -0.021805 -0.010394
v 0.011675 -0.021805 -0.010394
v 0.036675 -0.019695 -0.011034
v 0.011675 -0.019695 -0.011034
v 0.036675 -0.017500 -0.011250
v 0.011675 -0.017500 -0.011250
v 0.036675 -0.015305 -0.011034
v 0.011675 -0.015305 -0.011034
v 0.036675 -0.013195 -0.010394
v 0.011675 -0.013195 -0.010394
v 0.036675 -0.011250 -0.009354
v 0.011675 -0.011250 -0.009354
v 0.036675 -0.009545 -0.007955
v 0.011675 -0.009545 -0.007955
v 0.036675 -0.008146 -0.006250
v 0.011675 -0.008146 -0.006250
v 0.036675 -0.007106 -0.004305
v 0.011675 -0.007106 -0.004305
v 0.036675 -0.006466 -0.002195
v 0.011675 -0.006466 -0.002195
vn -0.0000 0.9952 0.0980
vn -0.0000 0.9569 0.2903
vn -0.0000 0.8819 0.4714
vn -0.0000 0.7730 0.6344
vn -0.0000 0.6344 0.7730
vn -0.0000 0.4714 0.8819
vn -0.0000 0.2903 0.9569
vn -0.0000 0.0980 0.9952
vn -0.0000 -0.0980 0.9952
vn -0.0000 -0.2903 0.9569
vn -0.0000 -0.4714 0.8819
vn -0.0000 -0.6344 0.7730
vn -0.0000 -0.7730 0.6344
vn -0.0000 -0.8819 0.4714
vn -0.0000 -0.9569 0.2903
vn -0.0000 -0.9952 0.0980
vn -0.0000 -0.9952 -0.0980
vn -0.0000 -0.9569 -0.2903
vn -0.0000 -0.8819 -0.4714
vn -0.0000 -0.7730 -0.6344
vn -0.0000 -0.6344 -0.7730
vn -0.0000 -0.4714 -0.8819
vn -0.0000 -0.2903 -0.9569
vn -0.0000 -0.0980 -0.9952
vn -0.0000 0.0980 -0.9952
vn -0.0000 0.2903 -0.9569
vn -0.0000 0.4714 -0.8819
vn -0.0000 0.6344 -0.7730
vn -0.0000 0.7730 -0.6344
vn -0.0000 0.8819 -0.4714
vn -1.0000 -0.0000 -0.0000
vn -0.0000 0.9569 -0.2903
vn -0.0000 0.9952 -0.0980
vn 1.0000 -0.0000 -0.0000
vt 1.000000 0.500000
vt 1.000000 1.000000
vt 0.968750 1.000000
vt 0.968750 0.500000
vt 0.937500 1.000000
vt 0.937500 0.500000
vt 0.906250 1.000000
vt 0.906250 0.500000
vt 0.875000 1.000000
vt 0.875000 0.500000
vt 0.843750 1.000000
vt 0.843750 0.500000
vt 0.812500 1.000000
vt 0.812500 0.500000
vt 0.781250 1.000000
vt 0.781250 0.500000
vt 0.750000 1.000000
vt 0.750000 0.500000
vt 0.718750 1.000000
vt 0.718750 0.500000
vt 0.687500 1.000000
vt 0.687500 0.500000
vt 0.656250 1.000000
vt 0.656250 0.500000
vt 0.625000 1.000000
vt 0.625000 0.500000
vt 0.593750 1.000000
vt 0.593750 0.500000
vt 0.562500 1.000000
vt 0.562500 0.500000
vt 0.531250 1.000000
vt 0.531250 0.500000
vt 0.500000 1.000000
vt 0.500000 0.500000
vt 0.468750 1.000000
vt 0.468750 0.500000
vt 0.437500 1.000000
vt 0.437500 0.500000
vt 0.406250 1.000000
vt 0.406250 0.500000
vt 0.375000 1.000000
vt 0.375000 0.500000
vt 0.343750 1.000000
vt 0.343750 0.500000
vt 0.312500 1.000000
vt 0.312500 0.500000
vt 0.281250 1.000000
vt 0.281250 0.500000
vt 0.250000 1.000000
vt 0.250000 0.500000
vt 0.218750 1.000000
vt 0.218750 0.500000
vt 0.187500 1.000000
vt 0.187500 0.500000
vt 0.156250 1.000000
vt 0.156250 0.500000
vt 0.125000 1.000000
vt 0.125000 0.500000
vt 0.093750 1.000000
vt 0.093750 0.500000
vt 0.062500 1.000000
vt 0.062500 0.500000
vt 0.296822 0.485388
vt 0.250000 0.490000
vt 0.203179 0.485389
vt 0.158156 0.471731
vt 0.116663 0.449553
vt 0.080295 0.419706
vt 0.050447 0.383337
vt 0.028269 0.341844
vt 0.014612 0.296822
vt 0.010000 0.250000
vt 0.014611 0.203179
vt 0.028269 0.158156
vt 0.050447 0.116663
vt 0.080294 0.080294
vt 0.116663 0.050447
vt 0.158156 0.028269
vt 0.203178 0.014612
vt 0.250000 0.010000
vt 0.296822 0.014612
vt 0.341844 0.028269
vt 0.383337 0.050447
vt 0.419706 0.080294
vt 0.449553 0.116663
vt 0.471731 0.158156
vt 0.485388 0.203178
vt 0.490000 0.250000
vt 0.485388 0.296822
vt 0.471731 0.341844
vt 0.449553 0.383337
vt 0.419706 0.419706
vt 0.383337 0.449553
vt 0.341844 0.471731
vt 0.031250 1.000000
vt 0.031250 0.500000
vt 0.000000 1.000000
vt 0.000000 0.500000
vt 0.750000 0.490000
vt 0.796822 0.485388
vt 0.841844 0.471731
vt 0.883337 0.449553
vt 0.919706 0.419706
vt 0.949553 0.383337
vt 0.971731 0.341844
vt 0.985388 0.296822
vt 0.990000 0.250000
vt 0.985388 0.203178
vt 0.971731 0.158156
vt 0.949553 0.116663
vt 0.919706 0.080294
vt 0.883337 0.050447
vt 0.841844 0.028269
vt 0.796822 0.014612
vt 0.750000 0.010000
vt 0.703178 0.014612
vt 0.658156 0.028269
vt 0.616663 0.050447
vt 0.580294 0.080294
vt 0.550447 0.116663
vt 0.528269 0.158156
vt 0.514611 0.203179
vt 0.510000 0.250000
vt 0.514612 0.296822
vt 0.528269 0.341844
vt 0.550447 0.383337
vt 0.580295 0.419706
vt 0.616663 0.449553
vt 0.658156 0.471731
vt 0.703179 0.485389
s 0
f 3797/1470/3711 3798/1471/3711 3800/1472/3711 3799/1473/3711
f 3799/1473/3712 3800/1472/3712 3802/1474/3712 3801/1475/3712
f 3801/1475/3713 3802/1474/3713 3804/1476/3713 3803/1477/3713
f 3803/1477/3714 3804/1476/3714 3806/1478/3714 3805/1479/3714
f 3805/1479/3715 3806/1478/3715 3808/1480/3715 3807/1481/3715
f 3807/1481/3716 3808/1480/3716 3810/1482/3716 3809/1483/3716
f 3809/1483/3717 3810/1482/3717 3812/1484/3717 3811/1485/3717
f 3811/1485/3718 3812/1484/3718 3814/1486/3718 3813/1487/3718
f 3813/1487/3719 3814/1486/3719 3816/1488/3719 3815/1489/3719
f 3815/1489/3720 3816/1488/3720 3818/1490/3720 3817/1491/3720
f 3817/1491/3721 3818/1490/3721 3820/1492/3721 3819/1493/3721
f 3819/1493/3722 3820/1492/3722 3822/1494/3722 3821/1495/3722
f 3821/1495/3723 3822/1494/3723 3824/1496/3723 3823/1497/3723
f 3823/1497/3724 3824/1496/3724 3826/1498/3724 3825/1499/3724
f 3825/1499/3725 3826/1498/3725 3828/1500/3725 3827/1501/3725
f 3827/1501/3726 3828/1500/3726 3830/1502/3726 3829/1503/3726
f 3829/1503/3727 3830/1502/3727 3832/1504/3727 3831/1505/3727
f 3831/1505/3728 3832/1504/3728 3834/1506/3728 3833/1507/3728
f 3833/1507/3729 3834/1506/3729 3836/1508/3729 3835/1509/3729
f 3835/1509/3730 3836/1508/3730 3838/1510/3730 3837/1511/3730
f 3837/1511/3731 3838/1510/3731 3840/1512/3731 3839/1513/3731
f 3839/1513/3732 3840/1512/3732 3842/1514/3732 3841/1515/3732
f 3841/1515/3733 3842/1514/3733 3844/1516/3733 3843/1517/3733
f 3843/1517/3734 3844/1516/3734 3846/1518/3734 3845/1519/3734
f 3845/1519/3735 3846/1518/3735 3848/1520/3735 3847/1521/3735
f 3847/1521/3736 3848/1520/3736 3850/1522/3736 3849/1523/3736
f 3849/1523/3737 3850/1522/3737 3852/1524/3737 3851/1525/3737
f 3851/1525/3738 3852/1524/3738 3854/1526/3738 3853/1527/3738
f 3853/1527/3739 3854/1526/3739 3856/1528/3739 3855/1529/3739
f 3855/1529/3740 3856/1528/3740 3858/1530/3740 3857/1531/3740
f 3800/1532/3741 3798/1533/3741 3860/1534/3741 3858/1535/3741 3856/1536/3741 3854/1537/3741 3852/1538/3741 3850/1539/3741 3848/1540/3741 3846/1541/3741 3844/1542/3741 3842/1543/3741 3840/1544/3741 3838/1545/3741 3836/1546/3741 3834/1547/3741 3832/1548/3741 3830/1549/3741 3828/1550/3741 3826/1551/3741 3824/1552/3741 3822/1553/3741 3820/1554/3741 3818/1555/3741 3816/1556/3741 3814/1557/3741 3812/1558/3741 3810/1559/3741 3808/1560/3741 3806/1561/3741 3804/1562/3741 3802/1563/3741
f 3857/1531/3742 3858/1530/3742 3860/1564/3742 3859/1565/3742
f 3859/1565/3743 3860/1564/3743 3798/1566/3743 3797/1567/3743
f 3797/1568/3744 3799/1569/3744 3801/1570/3744 3803/1571/3744 3805/1572/3744 3807/1573/3744 3809/1574/3744 3811/1575/3744 3813/1576/3744 3815/1577/3744 3817/1578/3744 3819/1579/3744 3821/1580/3744 3823/1581/3744 3825/1582/3744 3827/1583/3744 3829/1584/3744 3831/1585/3744 3833/1586/3744 3835/1587/3744 3837/1588/3744 3839/1589/3744 3841/1590/3744 3843/1591/3744 3845/1592/3744 3847/1593/3744 3849/1594/3744 3851/1595/3744 3853/1596/3744 3855/1597/3744 3857/1598/3744 3859/1599/3744
o Inlet
v 0.030000 -0.014000 0.007000
v 0.030000 -0.014067 0.006317
v 0.030000 -0.014266 0.005660
v 0.030000 -0.014590 0.005055
v 0.030000 -0.015025 0.004525
v 0.030000 -0.015555 0.004090
v 0.030000 -0.016161 0.003766
v 0.030000 -0.016817 0.003567
v 0.030000 -0.017500 0.003500
v 0.030000 -0.018183 0.003567
v 0.030000 -0.018839 0.003766
v 0.030000 -0.019444 0.004090
v 0.030000 -0.019975 0.004525
v 0.030000 -0.020410 0.005055
v 0.030000 -0.020734 0.005660
v 0.030000 -0.020933 0.006317
v 0.030000 -0.021000 0.007000
v 0.030000 -0.020933 0.007683
v 0.030000 -0.020733 0.008339
v 0.030000 -0.020410 0.008944
v 0.030000 -0.019975 0.009475
v 0.030000 -0.019444 0.009910
v 0.030000 -0.018839 0.010233
v 0.030000 -0.018183 0.010433
v 0.030000 -0.017500 0.010500
v 0.030000 -0.016817 0.010433
v 0.030000 -0.016161 0.010233
v 0.030000 -0.015555 0.009910
v 0.030000 -0.015025 0.009475
v 0.030000 -0.014590 0.008944
v 0.030000 -0.014266 0.008339
v 0.030000 -0.014067 0.007683
v 0.038036 -0.014000 0.007000
v 0.038036 -0.014067 0.006317
v 0.038036 -0.014266 0.005660
v 0.038036 -0.014590 0.005055
v 0.038036 -0.015025 0.004525
v 0.038036 -0.015555 0.004090
v 0.038036 -0.016161 0.003766
v 0.038036 -0.016817 0.003567
v 0.038036 -0.017500 0.003500
v 0.038036 -0.018183 0.003567
v 0.038036 -0.018839 0.003766
v 0.038036 -0.019444 0.004090
v 0.038036 -0.019975 0.004525
v 0.038036 -0.020410 0.005055
v 0.038036 -0.020734 0.005660
v 0.038036 -0.020933 0.006317
v 0.038036 -0.021000 0.007000
v 0.038036 -0.020933 0.007683
v 0.038036 -0.020734 0.008339
v 0.038036 -0.020410 0.008944
v 0.038036 -0.019975 0.009475
v 0.038036 -0.019444 0.009910
v 0.038036 -0.018839 0.010233
v 0.038036 -0.018183 0.010433
v 0.038036 -0.017500 0.010500
v 0.038036 -0.016817 0.010433
v 0.038036 -0.016161 0.010233
v 0.038036 -0.015555 0.009910
v 0.038036 -0.015025 0.009475
v 0.038036 -0.014590 0.008944
v 0.038036 -0.014266 0.008339
v 0.038036 -0.014067 0.007683
v 0.050000 -0.015107 0.007000
v 0.048807 -0.014522 0.007000
v 0.050000 -0.015153 0.006533
v 0.048807 -0.014579 0.006419
v 0.050000 -0.015290 0.006084
v 0.048807 -0.014749 0.005860
v 0.050000 -0.015511 0.005671
v 0.048807 -0.015024 0.005345
v 0.050000 -0.015808 0.005308
v 0.048807 -0.015394 0.004894
v 0.050000 -0.016171 0.005011
v 0.048807 -0.015846 0.004524
v 0.050000 -0.016584 0.004790
v 0.048807 -0.016360 0.004249
v 0.050000 -0.017033 0.004653
v 0.048807 -0.016919 0.004079
v 0.050000 -0.017500 0.004607
v 0.048807 -0.017500 0.004022
v 0.050000 -0.017967 0.004653
v 0.048807 -0.018081 0.004079
v 0.050000 -0.018415 0.004790
v 0.048807 -0.018639 0.004249
v 0.050000 -0.018829 0.005011
v 0.048807 -0.019154 0.004524
v 0.050000 -0.019192 0.005308
v 0.048807 -0.019606 0.004894
v 0.050000 -0.019489 0.005671
v 0.048807 -0.019976 0.005345
v 0.050000 -0.019710 0.006084
v 0.048807 -0.020251 0.005860
v 0.050000 -0.019846 0.006533
v 0.048807 -0.020421 0.006419
v 0.050000 -0.019892 0.007000
v 0.048807 -0.020478 0.007000
v 0.050000 -0.019846 0.007467
v 0.048807 -0.020421 0.007581
v 0.050000 -0.019710 0.007915
v 0.048807 -0.020251 0.008139
v 0.050000 -0.019489 0.008329
v 0.048807 -0.019976 0.008654
v 0.050000 -0.019192 0.008692
v 0.048807 -0.019606 0.009105
v 0.050000 -0.018829 0.008989
v 0.048807 -0.019154 0.009476
v 0.050000 -0.018415 0.009210
v 0.048807 -0.018639 0.009751
v 0.050000 -0.017967 0.009346
v 0.048807 -0.018081 0.009920
v 0.050000 -0.017500 0.009392
v 0.048807 -0.017500 0.009978
v 0.050000 -0.017033 0.009346
v 0.048807 -0.016919 0.009920
v 0.050000 -0.016584 0.009210
v 0.048807 -0.016360 0.009751
v 0.050000 -0.016171 0.008989
v 0.048807 -0.015846 0.009476
v 0.050000 -0.015808 0.008692
v 0.048807 -0.015394 0.009105
v 0.050000 -0.015511 0.008329
v 0.048807 -0.015024 0.008654
v 0.050000 -0.015290 0.007915
v 0.048807 -0.014749 0.008139
v 0.050000 -0.015153 0.007467
v 0.048807 -0.014579 0.007581
v 0.050000 -0.017208 0.005529
v 0.030000 -0.017208 0.005529
v 0.050000 -0.016926 0.005614
v 0.030000 -0.016926 0.005614
v 0.050000 -0.016253 0.007833
v 0.030000 -0.016253 0.007833
v 0.050000 -0.016115 0.007574
v 0.030000 -0.016115 0.007574
v 0.050000 -0.017500 0.005500
v 0.030000 -0.017500 0.005500
v 0.050000 -0.016029 0.007293
v 0.030000 -0.016029 0.007293
v 0.050000 -0.016667 0.008247
v 0.030000 -0.016667 0.008247
v 0.050000 -0.016440 0.008061
v 0.030000 -0.016440 0.008061
v 0.050000 -0.018561 0.008061
v 0.030000 -0.018561 0.008061
v 0.050000 -0.018748 0.007833
v 0.030000 -0.018748 0.007833
v 0.050000 -0.016926 0.008386
v 0.030000 -0.016926 0.008386
v 0.050000 -0.018972 0.006707
v 0.030000 -0.018972 0.006707
v 0.050000 -0.017793 0.005529
v 0.030000 -0.017793 0.005529
v 0.050000 -0.016253 0.006167
v 0.030000 -0.016253 0.006167
v 0.050000 -0.018886 0.006426
v 0.030000 -0.018886 0.006426
v 0.050000 -0.018074 0.008386
v 0.030000 -0.018074 0.008386
v 0.050000 -0.017793 0.008471
v 0.030000 -0.017793 0.008471
v 0.050000 -0.018334 0.008247
v 0.030000 -0.018334 0.008247
v 0.050000 -0.017500 0.008500
v 0.030000 -0.017500 0.008500
v 0.050000 -0.016667 0.005753
v 0.030000 -0.016667 0.005753
v 0.050000 -0.016440 0.005939
v 0.030000 -0.016440 0.005939
v 0.050000 -0.016115 0.006426
v 0.030000 -0.016115 0.006426
v 0.050000 -0.016000 0.007000
v 0.030000 -0.016000 0.007000
v 0.050000 -0.018972 0.007293
v 0.030000 -0.018972 0.007293
v 0.050000 -0.017208 0.008471
v 0.030000 -0.017208 0.008471
v 0.050000 -0.018886 0.007574
v 0.030000 -0.018886 0.007574
v 0.050000 -0.018334 0.005753
v 0.030000 -0.018334 0.005753
v 0.050000 -0.018561 0.005939
v 0.030000 -0.018561 0.005939
v 0.050000 -0.018074 0.005614
v 0.030000 -0.018074 0.005614
v 0.050000 -0.018748 0.006167
v 0.030000 -0.018748 0.006167
v 0.050000 -0.019000 0.007000
v 0.030000 -0.019000 0.007000
v 0.050000 -0.016029 0.006707
v 0.030000 -0.016029 0.006707
vn -0.0000 0.9952 0.0980
vn -0.0000 0.8819 -0.4714
vn -0.0000 0.7730 -0.6344
vn -0.0000 0.6344 -0.7730
vn -0.0000 0.4714 -0.8819
vn -0.0000 0.2903 -0.9569
vn -0.0000 0.0980 -0.9952
vn -0.0000 -0.0980 -0.9952
vn -0.0000 -0.2903 -0.9569
vn -0.0000 -0.4714 -0.8819
vn -0.0000 -0.6344 -0.7730
vn -0.0000 -0.7730 -0.6344
vn -0.0000 -0.8819 -0.4714
vn -0.0000 -0.9569 -0.2903
vn -0.0000 -0.9952 -0.0980
vn -0.0000 -0.9952 0.0980
vn -0.0000 -0.9569 0.2903
vn -0.0000 -0.8819 0.4714
vn -0.0000 -0.7730 0.6344
vn -0.0000 -0.6344 0.7730
vn -0.0000 -0.4714 0.8819
vn -0.0000 -0.2903 0.9569
vn -0.0000 -0.0980 0.9952
vn -0.0000 0.0980 0.9952
vn -0.0000 0.2903 0.9569
vn -0.0000 0.4714 0.8819
vn -0.0000 0.6344 0.7730
vn -0.0000 0.7730 0.6344
vn -0.0000 0.8819 0.4714
vn -0.0000 0.9569 0.2903
vn -0.0000 0.9952 -0.0980
vn -0.0000 0.9569 -0.2903
vn -1.0000 -0.0000 -0.0000
vn 1.0000 -0.0000 -0.0000
vn 0.0482 0.8809 -0.4708
vn 0.0482 0.7721 -0.6337
vn 0.0482 0.6337 -0.7721
vn 0.0482 0.4708 -0.8809
vn 0.0482 0.2899 -0.9558
vn 0.0482 0.0979 -0.9940
vn 0.0482 -0.0979 -0.9940
vn 0.0482 -0.2899 -0.9558
vn 0.0482 -0.4708 -0.8809
vn 0.0482 -0.6337 -0.7721
vn 0.0482 -0.7721 -0.6337
vn 0.0482 -0.8809 -0.4708
vn 0.0482 -0.9558 -0.2899
vn 0.0482 -0.9940 -0.0979
vn 0.0482 -0.9940 0.0979
vn 0.0482 -0.9558 0.2899
vn 0.0482 -0.8809 0.4708
vn 0.0482 -0.7721 0.6337
vn 0.0482 -0.6337 0.7721
vn 0.0482 -0.4708 0.8809
vn 0.0482 -0.2899 0.9558
vn 0.0482 -0.0979 0.9940
vn 0.0482 0.0979 0.9940
vn 0.0482 0.2899 0.9558
vn 0.0482 0.4709 0.8809
vn 0.0482 0.6337 0.7721
vn 0.0482 0.7721 0.6337
vn 0.0482 0.8809 0.4708
vn 0.0482 0.9558 0.2899
vn 0.0482 0.9940 -0.0979
vn 0.0482 0.9558 -0.2899
vn 0.4389 0.8942 -0.0881
vn 0.4389 0.8599 -0.2608
vn 0.4389 0.7925 -0.4236
vn 0.4389 0.6946 -0.5700
vn 0.4389 0.5700 -0.6946
vn 0.4389 0.4236 -0.7925
vn 0.4389 0.2608 -0.8599
vn 0.4389 0.0881 -0.8942
vn 0.4389 -0.0881 -0.8942
vn 0.4389 -0.2608 -0.8599
vn 0.4389 -0.4236 -0.7925
vn 0.4389 -0.5700 -0.6946
vn 0.4389 -0.6946 -0.5700
vn 0.4389 -0.7925 -0.4236
vn 0.4389 -0.8599 -0.2608
vn 0.4389 -0.8942 -0.0881
vn 0.4389 -0.8942 0.0881
vn 0.4389 -0.8599 0.2608
vn 0.4389 -0.7925 0.4236
vn 0.4389 -0.6946 0.5700
vn 0.4389 -0.5700 0.6946
vn 0.4389 -0.4236 0.7925
vn 0.4389 -0.2608 0.8599
vn 0.4389 -0.0881 0.8942
vn 0.4389 0.0881 0.8942
vn 0.4389 0.2608 0.8599
vn 0.4389 0.4236 0.7925
vn 0.4389 0.5700 0.6946
vn 0.4389 0.6946 0.5700
vn 0.4389 0.7925 0.4236
vn 0.4389 0.8599 0.2608
vn 0.4389 0.8942 0.0881
vn 0.0482 0.9940 0.0979
vt 0.031250 0.500000
vt 0.031250 0.967016
vt 0.000000 0.967016
vt 0.000000 0.500000
vt 0.937500 0.500000
vt 0.937500 0.967016
vt 0.906250 0.967016
vt 0.906250 0.500000
vt 0.906250 0.967016
vt 0.875000 0.967016
vt 0.875000 0.500000
vt 0.875000 0.967016
vt 0.843750 0.967016
vt 0.843750 0.500000
vt 0.812500 0.967016
vt 0.812500 0.500000
vt 0.812500 0.967016
vt 0.781250 0.967016
vt 0.781250 0.500000
vt 0.750000 0.967016
vt 0.750000 0.500000
vt 0.750000 0.967016
vt 0.718750 0.967016
vt 0.718750 0.500000
vt 0.687500 0.967016
vt 0.687500 0.500000
vt 0.687500 0.967016
vt 0.656250 0.967016
vt 0.656250 0.500000
vt 0.656250 0.967016
vt 0.625000 0.967016
vt 0.625000 0.500000
vt 0.625000 0.967016
vt 0.593750 0.967016
vt 0.593750 0.500000
vt 0.593750 0.967016
vt 0.562500 0.967016
vt 0.562500 0.500000
vt 0.531250 0.967016
vt 0.531250 0.500000
vt 0.500000 0.967016
vt 0.500000 0.500000
vt 0.468750 0.967016
vt 0.468750 0.500000
vt 0.468750 0.967016
vt 0.437500 0.967016
vt 0.437500 0.500000
vt 0.406250 0.967016
vt 0.406250 0.500000
vt 0.406250 0.967016
vt 0.375000 0.967016
vt 0.375000 0.500000
vt 0.375000 0.967016
vt 0.343750 0.967016
vt 0.343750 0.500000
vt 0.343750 0.967016
vt 0.312500 0.967016
vt 0.312500 0.500000
vt 0.312500 0.967016
vt 0.281250 0.967016
vt 0.281250 0.500000
vt 0.250000 0.967016
vt 0.250000 0.500000
vt 0.218750 0.967016
vt 0.218750 0.500000
vt 0.218750 0.967016
vt 0.187500 0.967016
vt 0.187500 0.500000
vt 0.187500 0.967016
vt 0.156250 0.967016
vt 0.156250 0.500000
vt 0.156250 0.967016
vt 0.125000 0.967016
vt 0.125000 0.500000
vt 0.125000 0.967016
vt 0.093750 0.967016
vt 0.093750 0.500000
vt 0.093750 0.967016
vt 0.062500 0.967016
vt 0.062500 0.500000
vt 0.062500 0.967016
vt 0.031250 0.967016
vt 1.000000 0.500000
vt 1.000000 0.967016
vt 0.968750 0.967016
vt 0.968750 0.500000
vt 0.968750 0.967016
vt 0.937500 0.967016
vt 0.750000 0.490000
vt 0.796822 0.485388
vt 0.841844 0.471731
vt 0.883337 0.449553
vt 0.919706 0.419706
vt 0.949553 0.383337
vt 0.971731 0.341844
vt 0.985388 0.296822
vt 0.990000 0.250000
vt 0.852856 0.249971
vt 0.850880 0.270038
vt 0.845027 0.289333
vt 0.835522 0.307116
vt 0.822730 0.322703
vt 0.807143 0.335494
vt 0.789361 0.344999
vt 0.770066 0.350852
vt 0.749999 0.352828
vt 0.729933 0.350852
vt 0.710638 0.344999
vt 0.692855 0.335494
vt 0.677269 0.322702
vt 0.664477 0.307116
vt 0.654972 0.289333
vt 0.649119 0.270038
vt 0.647142 0.249972
vt 0.510000 0.250000
vt 0.514612 0.296822
vt 0.528269 0.341844
vt 0.550447 0.383337
vt 0.580295 0.419706
vt 0.616663 0.449553
vt 0.658156 0.471731
vt 0.703179 0.485389
vt 0.282005 0.410901
vt 0.250000 0.414053
vt 0.217995 0.410901
vt 0.187220 0.401565
vt 0.158857 0.386405
vt 0.133997 0.366003
vt 0.113595 0.341143
vt 0.098435 0.312781
vt 0.089099 0.282005
vt 0.085947 0.250000
vt 0.147142 0.249971
vt 0.149119 0.270038
vt 0.154972 0.289333
vt 0.164477 0.307116
vt 0.177268 0.322702
vt 0.192855 0.335494
vt 0.210638 0.344999
vt 0.229933 0.350852
vt 0.249999 0.352829
vt 0.270066 0.350852
vt 0.289361 0.344999
vt 0.307144 0.335494
vt 0.322730 0.322702
vt 0.335522 0.307116
vt 0.345027 0.289333
vt 0.350880 0.270038
vt 0.352857 0.249971
vt 0.414053 0.250000
vt 0.410901 0.282005
vt 0.401565 0.312780
vt 0.386405 0.341143
vt 0.366003 0.366003
vt 0.341143 0.386405
vt 0.312780 0.401565
vt 0.935169 0.996712
vt 0.908581 0.996712
vt 0.903919 0.996712
vt 0.877331 0.996712
vt 0.872669 0.996712
vt 0.846081 0.996712
vt 0.841419 0.996712
vt 0.814831 0.996712
vt 0.810169 0.996712
vt 0.783581 0.996712
vt 0.778919 0.996712
vt 0.752331 0.996712
vt 0.747669 0.996712
vt 0.721081 0.996712
vt 0.716419 0.996712
vt 0.689831 0.996712
vt 0.685169 0.996712
vt 0.658581 0.996712
vt 0.653919 0.996712
vt 0.627331 0.996712
vt 0.622669 0.996712
vt 0.596081 0.996712
vt 0.591419 0.996712
vt 0.564831 0.996712
vt 0.560169 0.996712
vt 0.533581 0.996712
vt 0.528919 0.996712
vt 0.502331 0.996712
vt 0.497669 0.996712
vt 0.471081 0.996712
vt 0.466419 0.996712
vt 0.439831 0.996712
vt 0.435169 0.996712
vt 0.408581 0.996712
vt 0.403919 0.996712
vt 0.377331 0.996712
vt 0.372669 0.996712
vt 0.346081 0.996712
vt 0.341419 0.996712
vt 0.314831 0.996712
vt 0.310169 0.996712
vt 0.283581 0.996712
vt 0.278919 0.996712
vt 0.252331 0.996712
vt 0.247669 0.996712
vt 0.221081 0.996712
vt 0.216419 0.996712
vt 0.189831 0.996712
vt 0.185169 0.996712
vt 0.158581 0.996712
vt 0.153919 0.996712
vt 0.127331 0.996712
vt 0.122669 0.996712
vt 0.096081 0.996712
vt 0.091419 0.996712
vt 0.064831 0.996712
vt 0.060169 0.996712
vt 0.033581 0.996712
vt 0.997669 0.996712
vt 0.971081 0.996712
vt 0.966419 0.996712
vt 0.939831 0.996712
vt 0.289062 0.446380
vt 0.250000 0.450227
vt 0.326624 0.434986
vt 0.361240 0.416483
vt 0.391582 0.391582
vt 0.416483 0.361240
vt 0.434986 0.326624
vt 0.446380 0.289062
vt 0.450227 0.250000
vt 0.410901 0.217995
vt 0.446380 0.210938
vt 0.401565 0.187220
vt 0.434986 0.173376
vt 0.386405 0.158857
vt 0.416483 0.138760
vt 0.366003 0.133997
vt 0.391582 0.108418
vt 0.341143 0.113595
vt 0.361240 0.083517
vt 0.312780 0.098435
vt 0.326624 0.065014
vt 0.282005 0.089099
vt 0.289062 0.053620
vt 0.250000 0.085947
vt 0.250000 0.049773
vt 0.217995 0.089099
vt 0.210938 0.053620
vt 0.187220 0.098435
vt 0.173376 0.065014
vt 0.158857 0.113595
vt 0.138760 0.083517
vt 0.133997 0.133997
vt 0.108418 0.108418
vt 0.113595 0.158857
vt 0.083517 0.138760
vt 0.098435 0.187220
vt 0.065014 0.173377
vt 0.089099 0.217995
vt 0.053620 0.210938
vt 0.049773 0.250000
vt 0.053620 0.289063
vt 0.065014 0.326624
vt 0.083517 0.361240
vt 0.108418 0.391582
vt 0.138760 0.416483
vt 0.173377 0.434986
vt 0.210938 0.446380
vt 0.028919 0.996712
vt 0.002331 0.996712
vt 0.718750 0.821645
vt 0.718750 0.954978
vt 0.750000 0.954978
vt 0.750000 0.821645
vt 0.625000 0.821645
vt 0.625000 0.954978
vt 0.656250 0.954978
vt 0.656250 0.821645
vt 0.687500 0.954978
vt 0.687500 0.821645
vt 0.218750 0.821645
vt 0.218750 0.954978
vt 0.250000 0.954978
vt 0.250000 0.821645
vt 0.781250 0.821645
vt 0.781250 0.954978
vt 0.812500 0.954978
vt 0.812500 0.821645
vt 0.843750 0.821645
vt 0.843750 0.954978
vt 0.875000 0.954978
vt 0.875000 0.821645
vt 0.000000 0.821645
vt 0.000000 0.954978
vt 0.031250 0.954978
vt 0.031250 0.821645
vt 0.468750 0.821645
vt 0.468750 0.954978
vt 0.500000 0.954978
vt 0.500000 0.821645
vt 0.156250 0.821645
vt 0.156250 0.954978
vt 0.187500 0.954978
vt 0.187500 0.821645
vt 0.531250 0.954978
vt 0.531250 0.821645
vt 0.062500 0.954978
vt 0.062500 0.821645
vt 0.906250 0.954978
vt 0.906250 0.821645
vt 0.406250 0.821645
vt 0.406250 0.954978
vt 0.437500 0.954978
vt 0.437500 0.821645
vt 0.937500 0.954978
vt 0.937500 0.821645
vt 0.593750 0.821645
vt 0.593750 0.954978
vt 0.093750 0.821645
vt 0.093750 0.954978
vt 0.125000 0.954978
vt 0.125000 0.821645
vt 0.375000 0.821645
vt 0.375000 0.954978
vt 0.562500 0.821645
vt 0.562500 0.954978
vt 0.312500 0.821645
vt 0.312500 0.954978
vt 0.343750 0.954978
vt 0.343750 0.821645
vt 0.968750 0.821645
vt 0.968750 0.954978
vt 1.000000 0.954978
vt 1.000000 0.821645
vt 0.281250 0.954978
vt 0.281250 0.821645
vt 0.649119 0.229905
vt 0.654972 0.210610
vt 0.664477 0.192827
vt 0.677269 0.177241
vt 0.692855 0.164449
vt 0.710638 0.154944
vt 0.729933 0.149091
vt 0.750000 0.147115
vt 0.770066 0.149091
vt 0.789361 0.154944
vt 0.807144 0.164449
vt 0.822731 0.177240
vt 0.835522 0.192827
vt 0.845027 0.210610
vt 0.850880 0.229905
vt 0.985388 0.203178
vt 0.971731 0.158156
vt 0.949553 0.116663
vt 0.919706 0.080294
vt 0.883337 0.050447
vt 0.841844 0.028269
vt 0.796822 0.014612
vt 0.750000 0.010000
vt 0.703178 0.014612
vt 0.658156 0.028269
vt 0.616663 0.050447
vt 0.580294 0.080294
vt 0.550447 0.116663
vt 0.528269 0.158156
vt 0.514611 0.203179
vt 0.350880 0.229905
vt 0.345027 0.210610
vt 0.335522 0.192827
vt 0.322730 0.177240
vt 0.307144 0.164449
vt 0.289361 0.154944
vt 0.270066 0.149091
vt 0.250000 0.147114
vt 0.229933 0.149091
vt 0.210638 0.154944
vt 0.192855 0.164449
vt 0.177268 0.177240
vt 0.164477 0.192827
vt 0.154972 0.210610
vt 0.149119 0.229905
s 0
usemtl Bronze-Material
f 3892/1600/3745 3924/1601/3745 3893/1602/3745 3861/1603/3745
f 3863/1604/3746 3895/1605/3746 3896/1606/3746 3864/1607/3746
f 3864/1607/3747 3896/1608/3747 3897/1609/3747 3865/1610/3747
f 3865/1610/3748 3897/1611/3748 3898/1612/3748 3866/1613/3748
f 3866/1613/3749 3898/1612/3749 3899/1614/3749 3867/1615/3749
f 3867/1615/3750 3899/1616/3750 3900/1617/3750 3868/1618/3750
f 3868/1618/3751 3900/1617/3751 3901/1619/3751 3869/1620/3751
f 3869/1620/3752 3901/1621/3752 3902/1622/3752 3870/1623/3752
f 3870/1623/3753 3902/1622/3753 3903/1624/3753 3871/1625/3753
f 3871/1625/3754 3903/1626/3754 3904/1627/3754 3872/1628/3754
f 3872/1628/3755 3904/1629/3755 3905/1630/3755 3873/1631/3755
f 3873/1631/3756 3905/1632/3756 3906/1633/3756 3874/1634/3756
f 3874/1634/3757 3906/1635/3757 3907/1636/3757 3875/1637/3757
f 3875/1637/3758 3907/1636/3758 3908/1638/3758 3876/1639/3758
f 3876/1639/3759 3908/1638/3759 3909/1640/3759 3877/1641/3759
f 3877/1641/3760 3909/1640/3760 3910/1642/3760 3878/1643/3760
f 3878/1643/3761 3910/1644/3761 3911/1645/3761 3879/1646/3761
f 3879/1646/3762 3911/1645/3762 3912/1647/3762 3880/1648/3762
f 3880/1648/3763 3912/1649/3763 3913/1650/3763 3881/1651/3763
f 3881/1651/3764 3913/1652/3764 3914/1653/3764 3882/1654/3764
f 3882/1654/3765 3914/1655/3765 3915/1656/3765 3883/1657/3765
f 3883/1657/3766 3915/1658/3766 3916/1659/3766 3884/1660/3766
f 3884/1660/3767 3916/1659/3767 3917/1661/3767 3885/1662/3767
f 3885/1662/3768 3917/1661/3768 3918/1663/3768 3886/1664/3768
f 3886/1664/3769 3918/1665/3769 3919/1666/3769 3887/1667/3769
f 3887/1667/3770 3919/1668/3770 3920/1669/3770 3888/1670/3770
f 3888/1670/3771 3920/1671/3771 3921/1672/3771 3889/1673/3771
f 3889/1673/3772 3921/1674/3772 3922/1675/3772 3890/1676/3772
f 3890/1676/3773 3922/1677/3773 3923/1678/3773 3891/1679/3773
f 3891/1679/3774 3923/1680/3774 3924/1681/3774 3892/1600/3774
f 3861/1682/3775 3893/1683/3775 3894/1684/3775 3862/1685/3775
f 3862/1685/3776 3894/1686/3776 3895/1687/3776 3863/1604/3776
f 3861/1688/3777 3862/1689/3777 3863/1690/3777 3864/1691/3777 3865/1692/3777 3866/1693/3777 3867/1694/3777 3868/1695/3777 3869/1696/3777 3998/1697/3777 3990/1698/3777 3992/1699/3777 4028/1700/3777 4030/1701/3777 4016/1702/3777 4032/1703/3777 4052/1704/3777 4034/1705/3777 4000/1706/3777 3996/1707/3777 3994/1708/3777 4004/1709/3777 4002/1710/3777 4010/1711/3777 4038/1712/3777 4026/1713/3777 3885/1714/3777 3886/1715/3777 3887/1716/3777 3888/1717/3777 3889/1718/3777 3890/1719/3777 3891/1720/3777 3892/1721/3777
f 3927/1722/3778 3925/1723/3778 3987/1724/3778 3985/1725/3778 3983/1726/3778 3981/1727/3778 3979/1728/3778 3977/1729/3778 3975/1730/3778 3973/1731/3778 4025/1732/3778 4037/1733/3778 4009/1734/3778 4001/1735/3778 4003/1736/3778 3993/1737/3778 3995/1738/3778 3999/1739/3778 4033/1740/3778 4051/1741/3778 4031/1742/3778 4015/1743/3778 4029/1744/3778 4027/1745/3778 3991/1746/3778 3989/1747/3778 3997/1748/3778 3941/1749/3778 3939/1750/3778 3937/1751/3778 3935/1752/3778 3933/1753/3778 3931/1754/3778 3929/1755/3778
f 3896/1606/3779 3895/1605/3779 3930/1756/3779 3932/1757/3779
f 3897/1609/3780 3896/1608/3780 3932/1758/3780 3934/1759/3780
f 3898/1612/3781 3897/1611/3781 3934/1760/3781 3936/1761/3781
f 3899/1614/3782 3898/1612/3782 3936/1762/3782 3938/1763/3782
f 3900/1617/3783 3899/1616/3783 3938/1764/3783 3940/1765/3783
f 3901/1619/3784 3900/1617/3784 3940/1766/3784 3942/1767/3784
f 3902/1622/3785 3901/1621/3785 3942/1768/3785 3944/1769/3785
f 3903/1624/3786 3902/1622/3786 3944/1770/3786 3946/1771/3786
f 3904/1627/3787 3903/1626/3787 3946/1772/3787 3948/1773/3787
f 3905/1630/3788 3904/1629/3788 3948/1774/3788 3950/1775/3788
f 3906/1633/3789 3905/1632/3789 3950/1776/3789 3952/1777/3789
f 3907/1636/3790 3906/1635/3790 3952/1778/3790 3954/1779/3790
f 3908/1638/3791 3907/1636/3791 3954/1780/3791 3956/1781/3791
f 3909/1640/3792 3908/1638/3792 3956/1782/3792 3958/1783/3792
f 3910/1642/3793 3909/1640/3793 3958/1784/3793 3960/1785/3793
f 3911/1645/3794 3910/1644/3794 3960/1786/3794 3962/1787/3794
f 3912/1647/3795 3911/1645/3795 3962/1788/3795 3964/1789/3795
f 3913/1650/3796 3912/1649/3796 3964/1790/3796 3966/1791/3796
f 3914/1653/3797 3913/1652/3797 3966/1792/3797 3968/1793/3797
f 3915/1656/3798 3914/1655/3798 3968/1794/3798 3970/1795/3798
f 3916/1659/3799 3915/1658/3799 3970/1796/3799 3972/1797/3799
f 3917/1661/3800 3916/1659/3800 3972/1798/3800 3974/1799/3800
f 3918/1663/3801 3917/1661/3801 3974/1800/3801 3976/1801/3801
f 3919/1666/3802 3918/1665/3802 3976/1802/3802 3978/1803/3802
f 3920/1669/3803 3919/1668/3803 3978/1804/3803 3980/1805/3803
f 3921/1672/3804 3920/1671/3804 3980/1806/3804 3982/1807/3804
f 3922/1675/3805 3921/1674/3805 3982/1808/3805 3984/1809/3805
f 3923/1678/3806 3922/1677/3806 3984/1810/3806 3986/1811/3806
f 3924/1681/3807 3923/1680/3807 3986/1812/3807 3988/1813/3807
f 3894/1684/3808 3893/1683/3808 3926/1814/3808 3928/1815/3808
f 3895/1687/3809 3894/1686/3809 3928/1816/3809 3930/1817/3809
f 3925/1723/3810 3927/1722/3810 3928/1818/3810 3926/1819/3810
f 3927/1722/3811 3929/1755/3811 3930/1820/3811 3928/1818/3811
f 3929/1755/3812 3931/1754/3812 3932/1821/3812 3930/1820/3812
f 3931/1754/3813 3933/1753/3813 3934/1822/3813 3932/1821/3813
f 3933/1753/3814 3935/1752/3814 3936/1823/3814 3934/1822/3814
f 3935/1752/3815 3937/1751/3815 3938/1824/3815 3936/1823/3815
f 3937/1751/3816 3939/1750/3816 3940/1825/3816 3938/1824/3816
f 3939/1750/3817 3941/1749/3817 3942/1826/3817 3940/1825/3817
f 3941/1749/3818 3943/1827/3818 3944/1828/3818 3942/1826/3818
f 3943/1827/3819 3945/1829/3819 3946/1830/3819 3944/1828/3819
f 3945/1829/3820 3947/1831/3820 3948/1832/3820 3946/1830/3820
f 3947/1831/3821 3949/1833/3821 3950/1834/3821 3948/1832/3821
f 3949/1833/3822 3951/1835/3822 3952/1836/3822 3950/1834/3822
f 3951/1835/3823 3953/1837/3823 3954/1838/3823 3952/1836/3823
f 3953/1837/3824 3955/1839/3824 3956/1840/3824 3954/1838/3824
f 3955/1839/3825 3957/1841/3825 3958/1842/3825 3956/1840/3825
f 3957/1841/3826 3959/1843/3826 3960/1844/3826 3958/1842/3826
f 3959/1843/3827 3961/1845/3827 3962/1846/3827 3960/1844/3827
f 3961/1845/3828 3963/1847/3828 3964/1848/3828 3962/1846/3828
f 3963/1847/3829 3965/1849/3829 3966/1850/3829 3964/1848/3829
f 3965/1849/3830 3967/1851/3830 3968/1852/3830 3966/1850/3830
f 3967/1851/3831 3969/1853/3831 3970/1854/3831 3968/1852/3831
f 3969/1853/3832 3971/1855/3832 3972/1856/3832 3970/1854/3832
f 3971/1855/3833 3973/1731/3833 3974/1857/3833 3972/1856/3833
f 3973/1731/3834 3975/1730/3834 3976/1858/3834 3974/1857/3834
f 3975/1730/3835 3977/1729/3835 3978/1859/3835 3976/1858/3835
f 3977/1729/3836 3979/1728/3836 3980/1860/3836 3978/1859/3836
f 3979/1728/3837 3981/1727/3837 3982/1861/3837 3980/1860/3837
f 3981/1727/3838 3983/1726/3838 3984/1862/3838 3982/1861/3838
f 3983/1726/3839 3985/1725/3839 3986/1863/3839 3984/1862/3839
f 3985/1725/3840 3987/1724/3840 3988/1864/3840 3986/1863/3840
f 3987/1724/3841 3925/1723/3841 3926/1819/3841 3988/1864/3841
f 3893/1602/3842 3924/1601/3842 3988/1865/3842 3926/1866/3842
f 4021/1867/3751 4022/1868/3751 4026/1869/3751 4025/1870/3751
f 4005/1871/3748 4006/1872/3748 4024/1873/3748 4023/1874/3748
f 4023/1874/3749 4024/1873/3749 4020/1875/3749 4019/1876/3749
f 3989/1877/3767 3990/1878/3767 3998/1879/3767 3997/1880/3767
f 4037/1881/3753 4038/1882/3753 4010/1883/3753 4009/1884/3753
f 4025/1870/3752 4026/1869/3752 4038/1882/3752 4037/1881/3752
f 4001/1885/3755 4002/1886/3755 4004/1887/3755 4003/1888/3755
f 4033/1889/3760 4034/1890/3760 4052/1891/3760 4051/1892/3760
f 4011/1893/3745 4012/1894/3745 4050/1895/3745 4049/1896/3745
f 4027/1897/3765 4028/1898/3765 3992/1899/3765 3991/1900/3765
f 4049/1896/3775 4050/1895/3775 4036/1901/3775 4035/1902/3775
f 4051/1892/3761 4052/1891/3761 4032/1903/3761 4031/1904/3761
f 4003/1888/3756 4004/1887/3756 3994/1905/3756 3993/1906/3756
f 4047/1907/3773 4048/1908/3773 4018/1909/3773 4017/1910/3773
f 3993/1906/3757 3994/1905/3757 3996/1911/3757 3995/1912/3757
f 4007/1913/3747 4008/1914/3747 4006/1872/3747 4005/1871/3747
f 4015/1915/3763 4016/1916/3763 4030/1917/3763 4029/1918/3763
f 3991/1900/3766 3992/1899/3766 3990/1878/3766 3989/1877/3766
f 4043/1919/3772 4044/1920/3772 4048/1908/3772 4047/1907/3772
f 4039/1921/3746 4040/1922/3746 4008/1914/3746 4007/1913/3746
f 4045/1923/3770 4046/1924/3770 4042/1925/3770 4041/1926/3770
f 3999/1927/3759 4000/1928/3759 4034/1929/3759 4033/1930/3759
f 4009/1884/3754 4010/1883/3754 4002/1886/3754 4001/1885/3754
f 3997/1880/3768 3998/1879/3768 4014/1931/3768 4013/1932/3768
f 4019/1876/3750 4020/1875/3750 4022/1868/3750 4021/1867/3750
f 4017/1910/3774 4018/1909/3774 4012/1894/3774 4011/1893/3774
f 4031/1904/3762 4032/1903/3762 4016/1916/3762 4015/1915/3762
f 3995/1912/3758 3996/1911/3758 4000/1928/3758 3999/1927/3758
f 4013/1932/3769 4014/1931/3769 4046/1924/3769 4045/1923/3769
f 4035/1902/3776 4036/1901/3776 4040/1922/3776 4039/1921/3776
f 3885/1714/3777 4026/1713/3777 4022/1933/3777 4020/1934/3777 4024/1935/3777 4006/1936/3777 4008/1937/3777 4040/1938/3777 4036/1939/3777 4050/1940/3777 4012/1941/3777 4018/1942/3777 4048/1943/3777 4044/1944/3777 4042/1945/3777 4046/1946/3777 4014/1947/3777 3998/1697/3777 3869/1696/3777 3870/1948/3777 3871/1949/3777 3872/1950/3777 3873/1951/3777 3874/1952/3777 3875/1953/3777 3876/1954/3777 3877/1955/3777 3878/1956/3777 3879/1957/3777 3880/1958/3777 3881/1959/3777 3882/1960/3777 3883/1961/3777 3884/1962/3777
f 4029/1918/3764 4030/1917/3764 4028/1898/3764 4027/1897/3764
f 4041/1926/3771 4042/1925/3771 4044/1920/3771 4043/1919/3771
f 3941/1749/3778 3997/1748/3778 4013/1963/3778 4045/1964/3778 4041/1965/3778 4043/1966/3778 4047/1967/3778 4017/1968/3778 4011/1969/3778 4049/1970/3778 4035/1971/3778 4039/1972/3778 4007/1973/3778 4005/1974/3778 4023/1975/3778 4019/1976/3778 4021/1977/3778 4025/1732/3778 3973/1731/3778 3971/1855/3778 3969/1853/3778 3967/1851/3778 3965/1849/3778 3963/1847/3778 3961/1845/3778 3959/1843/3778 3957/1841/3778 3955/1839/3778 3953/1837/3778 3951/1835/3778 3949/1833/3778 3947/1831/3778 3945/1829/3778 3943/1827/3778
o Inlet.001
v 0.030000 0.021000 0.007000
v 0.030000 0.020933 0.006317
v 0.030000 0.020734 0.005660
v 0.030000 0.020410 0.005055
v 0.030000 0.019975 0.004525
v 0.030000 0.019445 0.004090
v 0.030000 0.018840 0.003766
v 0.030000 0.018183 0.003567
v 0.030000 0.017500 0.003500
v 0.030000 0.016817 0.003567
v 0.030000 0.016161 0.003766
v 0.030000 0.015556 0.004090
v 0.030000 0.015025 0.004525
v 0.030000 0.014590 0.005055
v 0.030000 0.014267 0.005660
v 0.030000 0.014067 0.006317
v 0.030000 0.014000 0.007000
v 0.030000 0.014067 0.007683
v 0.030000 0.014267 0.008339
v 0.030000 0.014590 0.008944
v 0.030000 0.015025 0.009475
v 0.030000 0.015556 0.009910
v 0.030000 0.016161 0.010233
v 0.030000 0.016817 0.010433
v 0.030000 0.017500 0.010500
v 0.030000 0.018183 0.010433
v 0.030000 0.018840 0.010233
v 0.030000 0.019445 0.009910
v 0.030000 0.019975 0.009475
v 0.030000 0.020410 0.008944
v 0.030000 0.020734 0.008339
v 0.030000 0.020933 0.007683
v 0.038036 0.021000 0.007000
v 0.038036 0.020933 0.006317
v 0.038036 0.020734 0.005660
v 0.038036 0.020410 0.005055
v 0.038036 0.019975 0.004525
v 0.038036 0.019445 0.004090
v 0.038036 0.018840 0.003766
v 0.038036 0.018183 0.003567
v 0.038036 0.017500 0.003500
v 0.038036 0.016817 0.003567
v 0.038036 0.016161 0.003766
v 0.038036 0.015556 0.004090
v 0.038036 0.015025 0.004525
v 0.038036 0.014590 0.005055
v 0.038036 0.014267 0.005660
v 0.038036 0.014067 0.006317
v 0.038036 0.014000 0.007000
v 0.038036 0.014067 0.007683
v 0.038036 0.014267 0.008339
v 0.038036 0.014590 0.008944
v 0.038036 0.015025 0.009475
v 0.038036 0.015556 0.009910
v 0.038036 0.016161 0.010233
v 0.038036 0.016817 0.010433
v 0.038036 0.017500 0.010500
v 0.038036 0.018183 0.010433
v 0.038036 0.018840 0.010233
v 0.038036 0.019445 0.009910
v 0.038036 0.019975 0.009475
v 0.038036 0.020410 0.008944
v 0.038036 0.020734 0.008339
v 0.038036 0.020933 0.007683
v 0.050000 0.019893 0.007000
v 0.048807 0.020478 0.007000
v 0.050000 0.019847 0.006533
v 0.048807 0.020421 0.006419
v 0.050000 0.019710 0.006084
v 0.048807 0.020251 0.005860
v 0.050000 0.019489 0.005671
v 0.048807 0.019976 0.005345
v 0.050000 0.019192 0.005308
v 0.048807 0.019606 0.004894
v 0.050000 0.018829 0.005011
v 0.048807 0.019155 0.004524
v 0.050000 0.018416 0.004790
v 0.048807 0.018640 0.004249
v 0.050000 0.017967 0.004653
v 0.048807 0.018081 0.004079
v 0.050000 0.017500 0.004607
v 0.048807 0.017500 0.004022
v 0.050000 0.017033 0.004653
v 0.048807 0.016919 0.004079
v 0.050000 0.016585 0.004790
v 0.048807 0.016361 0.004249
v 0.050000 0.016171 0.005011
v 0.048807 0.015846 0.004524
v 0.050000 0.015808 0.005308
v 0.048807 0.015395 0.004894
v 0.050000 0.015511 0.005671
v 0.048807 0.015024 0.005345
v 0.050000 0.015290 0.006084
v 0.048807 0.014749 0.005860
v 0.050000 0.015154 0.006533
v 0.048807 0.014580 0.006419
v 0.050000 0.015108 0.007000
v 0.048807 0.014522 0.007000
v 0.050000 0.015154 0.007467
v 0.048807 0.014580 0.007581
v 0.050000 0.015290 0.007915
v 0.048807 0.014749 0.008139
v 0.050000 0.015511 0.008329
v 0.048807 0.015024 0.008654
v 0.050000 0.015808 0.008692
v 0.048807 0.015395 0.009105
v 0.050000 0.016171 0.008989
v 0.048807 0.015846 0.009476
v 0.050000 0.016585 0.009210
v 0.048807 0.016361 0.009751
v 0.050000 0.017033 0.009346
v 0.048807 0.016919 0.009920
v 0.050000 0.017500 0.009392
v 0.048807 0.017500 0.009978
v 0.050000 0.017967 0.009346
v 0.048807 0.018081 0.009920
v 0.050000 0.018416 0.009210
v 0.048807 0.018640 0.009751
v 0.050000 0.018829 0.008989
v 0.048807 0.019155 0.009476
v 0.050000 0.019192 0.008692
v 0.048807 0.019606 0.009105
v 0.050000 0.019489 0.008329
v 0.048807 0.019976 0.008654
v 0.050000 0.019710 0.007915
v 0.048807 0.020251 0.008139
v 0.050000 0.019847 0.007467
v 0.048807 0.020421 0.007581
v 0.050000 0.017792 0.005529
v 0.030000 0.017792 0.005529
v 0.050000 0.018074 0.005614
v 0.030000 0.018074 0.005614
v 0.050000 0.018747 0.007833
v 0.030000 0.018747 0.007833
v 0.050000 0.018886 0.007574
v 0.030000 0.018886 0.007574
v 0.050000 0.017500 0.005500
v 0.030000 0.017500 0.005500
v 0.050000 0.018971 0.007293
v 0.030000 0.018971 0.007293
v 0.050000 0.018333 0.008247
v 0.030000 0.018333 0.008247
v 0.050000 0.018560 0.008061
v 0.030000 0.018560 0.008061
v 0.050000 0.016439 0.008061
v 0.030000 0.016439 0.008061
v 0.050000 0.016253 0.007833
v 0.030000 0.016253 0.007833
v 0.050000 0.018074 0.008386
v 0.030000 0.018074 0.008386
v 0.050000 0.016029 0.006707
v 0.030000 0.016029 0.006707
v 0.050000 0.017207 0.005529
v 0.030000 0.017207 0.005529
v 0.050000 0.018747 0.006167
v 0.030000 0.018747 0.006167
v 0.050000 0.016114 0.006426
v 0.030000 0.016114 0.006426
v 0.050000 0.016926 0.008386
v 0.030000 0.016926 0.008386
v 0.050000 0.017207 0.008471
v 0.030000 0.017207 0.008471
v 0.050000 0.016666 0.008247
v 0.030000 0.016666 0.008247
v 0.050000 0.017500 0.008500
v 0.030000 0.017500 0.008500
v 0.050000 0.018333 0.005753
v 0.030000 0.018333 0.005753
v 0.050000 0.018560 0.005939
v 0.030000 0.018560 0.005939
v 0.050000 0.018886 0.006426
v 0.030000 0.018886 0.006426
v 0.050000 0.019000 0.007000
v 0.030000 0.019000 0.007000
v 0.050000 0.016029 0.007293
v 0.030000 0.016029 0.007293
v 0.050000 0.017792 0.008471
v 0.030000 0.017792 0.008471
v 0.050000 0.016114 0.007574
v 0.030000 0.016114 0.007574
v 0.050000 0.016666 0.005753
v 0.030000 0.016666 0.005753
v 0.050000 0.016439 0.005939
v 0.030000 0.016439 0.005939
v 0.050000 0.016926 0.005614
v 0.030000 0.016926 0.005614
v 0.050000 0.016253 0.006167
v 0.030000 0.016253 0.006167
v 0.050000 0.016000 0.007000
v 0.030000 0.016000 0.007000
v 0.050000 0.018971 0.006707
v 0.030000 0.018971 0.006707
vn -0.0000 0.9952 0.0980
vn -0.0000 0.8819 -0.4714
vn -0.0000 0.7730 -0.6344
vn -0.0000 0.6344 -0.7730
vn -0.0000 0.4714 -0.8819
vn -0.0000 0.2903 -0.9569
vn -0.0000 0.0980 -0.9952
vn -0.0000 -0.0980 -0.9952
vn -0.0000 -0.2903 -0.9569
vn -0.0000 -0.4714 -0.8819
vn -0.0000 -0.6344 -0.7730
vn -0.0000 -0.7730 -0.6344
vn -0.0000 -0.8819 -0.4714
vn -0.0000 -0.9569 -0.2903
vn -0.0000 -0.9952 -0.0980
vn -0.0000 -0.9952 0.0980
vn -0.0000 -0.9569 0.2903
vn -0.0000 -0.8819 0.4714
vn -0.0000 -0.7730 0.6344
vn -0.0000 -0.6344 0.7730
vn -0.0000 -0.4714 0.8819
vn -0.0000 -0.2903 0.9569
vn -0.0000 -0.0980 0.9952
vn -0.0000 0.0980 0.9952
vn -0.0000 0.2903 0.9569
vn -0.0000 0.4714 0.8819
vn -0.0000 0.6344 0.7730
vn -0.0000 0.7730 0.6344
vn -0.0000 0.8819 0.4714
vn -0.0000 0.9569 0.2903
vn -0.0000 0.9952 -0.0980
vn -0.0000 0.9569 -0.2903
vn -1.0000 -0.0000 -0.0000
vn 1.0000 -0.0000 -0.0000
vn 0.0482 0.8809 -0.4708
vn 0.0482 0.7721 -0.6337
vn 0.0482 0.6337 -0.7721
vn 0.0482 0.4708 -0.8809
vn 0.0482 0.2899 -0.9558
vn 0.0482 0.0979 -0.9940
vn 0.0482 -0.0979 -0.9940
vn 0.0482 -0.2899 -0.9558
vn 0.0482 -0.4708 -0.8809
vn 0.0482 -0.6337 -0.7721
vn 0.0482 -0.7721 -0.6337
vn 0.0482 -0.8809 -0.4708
vn 0.0482 -0.9558 -0.2899
vn 0.0482 -0.9940 -0.0979
vn 0.0482 -0.9940 0.0979
vn 0.0482 -0.9558 0.2899
vn 0.0482 -0.8809 0.4708
vn 0.0482 -0.7721 0.6337
vn 0.0482 -0.6337 0.7721
vn 0.0482 -0.4708 0.8809
vn 0.0482 -0.2899 0.9558
vn 0.0482 -0.0979 0.9940
vn 0.0482 0.0979 0.9940
vn 0.0482 0.2899 0.9558
vn 0.0482 0.4709 0.8809
vn 0.0482 0.6337 0.7721
vn 0.0482 0.7721 0.6337
vn 0.0482 0.8809 0.4708
vn 0.0482 0.9558 0.2899
vn 0.0482 0.9940 -0.0979
vn 0.0482 0.9558 -0.2899
vn 0.4389 0.8942 -0.0881
vn 0.4389 0.8599 -0.2608
vn 0.4389 0.7925 -0.4236
vn 0.4389 0.6946 -0.5700
vn 0.4389 0.5700 -0.6946
vn 0.4389 0.4236 -0.7925
vn 0.4389 0.2608 -0.8599
vn 0.4389 0.0881 -0.8942
vn 0.4389 -0.0881 -0.8942
vn 0.4389 -0.2608 -0.8599
vn 0.4389 -0.4236 -0.7925
vn 0.4389 -0.5700 -0.6946
vn 0.4389 -0.6946 -0.5700
vn 0.4389 -0.7925 -0.4236
vn 0.4389 -0.8599 -0.2608
vn 0.4389 -0.8942 -0.0881
vn 0.4389 -0.8942 0.0881
vn 0.4389 -0.8599 0.2608
vn 0.4389 -0.7925 0.4236
vn 0.4389 -0.6946 0.5700
vn 0.4389 -0.5700 0.6946
vn 0.4389 -0.4236 0.7925
vn 0.4389 -0.2608 0.8599
vn 0.4389 -0.0881 0.8942
vn 0.4389 0.0881 0.8942
vn 0.4389 0.2608 0.8599
vn 0.4389 0.4236 0.7925
vn 0.4389 0.5700 0.6946
vn 0.4389 0.6946 0.5700
vn 0.4389 0.7925 0.4236
vn 0.4389 0.8599 0.2608
vn 0.4389 0.8942 0.0881
vn 0.0482 0.9940 0.0979
vt 0.031250 0.500000
vt 0.031250 0.967016
vt 0.000000 0.967016
vt 0.000000 0.500000
vt 0.937500 0.500000
vt 0.937500 0.967016
vt 0.906250 0.967016
vt 0.906250 0.500000
vt 0.906250 0.967016
vt 0.875000 0.967016
vt 0.875000 0.500000
vt 0.875000 0.967016
vt 0.843750 0.967016
vt 0.843750 0.500000
vt 0.812500 0.967016
vt 0.812500 0.500000
vt 0.812500 0.967016
vt 0.781250 0.967016
vt 0.781250 0.500000
vt 0.750000 0.967016
vt 0.750000 0.500000
vt 0.750000 0.967016
vt 0.718750 0.967016
vt 0.718750 0.500000
vt 0.687500 0.967016
vt 0.687500 0.500000
vt 0.687500 0.967016
vt 0.656250 0.967016
vt 0.656250 0.500000
vt 0.656250 0.967016
vt 0.625000 0.967016
vt 0.625000 0.500000
vt 0.625000 0.967016
vt 0.593750 0.967016
vt 0.593750 0.500000
vt 0.593750 0.967016
vt 0.562500 0.967016
vt 0.562500 0.500000
vt 0.531250 0.967016
vt 0.531250 0.500000
vt 0.500000 0.967016
vt 0.500000 0.500000
vt 0.468750 0.967016
vt 0.468750 0.500000
vt 0.468750 0.967016
vt 0.437500 0.967016
vt 0.437500 0.500000
vt 0.406250 0.967016
vt 0.406250 0.500000
vt 0.406250 0.967016
vt 0.375000 0.967016
vt 0.375000 0.500000
vt 0.375000 0.967016
vt 0.343750 0.967016
vt 0.343750 0.500000
vt 0.343750 0.967016
vt 0.312500 0.967016
vt 0.312500 0.500000
vt 0.312500 0.967016
vt 0.281250 0.967016
vt 0.281250 0.500000
vt 0.250000 0.967016
vt 0.250000 0.500000
vt 0.218750 0.967016
vt 0.218750 0.500000
vt 0.218750 0.967016
vt 0.187500 0.967016
vt 0.187500 0.500000
vt 0.187500 0.967016
vt 0.156250 0.967016
vt 0.156250 0.500000
vt 0.156250 0.967016
vt 0.125000 0.967016
vt 0.125000 0.500000
vt 0.125000 0.967016
vt 0.093750 0.967016
vt 0.093750 0.500000
vt 0.093750 0.967016
vt 0.062500 0.967016
vt 0.062500 0.500000
vt 0.062500 0.967016
vt 0.031250 0.967016
vt 1.000000 0.500000
vt 1.000000 0.967016
vt 0.968750 0.967016
vt 0.968750 0.500000
vt 0.968750 0.967016
vt 0.937500 0.967016
vt 0.750000 0.490000
vt 0.796822 0.485388
vt 0.841844 0.471731
vt 0.883337 0.449553
vt 0.919706 0.419706
vt 0.949553 0.383337
vt 0.971731 0.341844
vt 0.985388 0.296822
vt 0.990000 0.250000
vt 0.852856 0.249971
vt 0.850880 0.270038
vt 0.845027 0.289333
vt 0.835522 0.307116
vt 0.822730 0.322703
vt 0.807143 0.335494
vt 0.789361 0.344999
vt 0.770066 0.350852
vt 0.749999 0.352828
vt 0.729933 0.350852
vt 0.710638 0.344999
vt 0.692855 0.335494
vt 0.677269 0.322702
vt 0.664477 0.307116
vt 0.654972 0.289333
vt 0.649119 0.270038
vt 0.647142 0.249972
vt 0.510000 0.250000
vt 0.514612 0.296822
vt 0.528269 0.341844
vt 0.550447 0.383337
vt 0.580295 0.419706
vt 0.616663 0.449553
vt 0.658156 0.471731
vt 0.703179 0.485389
vt 0.282005 0.410901
vt 0.250000 0.414053
vt 0.217995 0.410901
vt 0.187220 0.401565
vt 0.158857 0.386405
vt 0.133997 0.366003
vt 0.113595 0.341143
vt 0.098435 0.312781
vt 0.089099 0.282005
vt 0.085947 0.250000
vt 0.147142 0.249971
vt 0.149119 0.270038
vt 0.154972 0.289333
vt 0.164477 0.307116
vt 0.177268 0.322702
vt 0.192855 0.335494
vt 0.210638 0.344999
vt 0.229933 0.350852
vt 0.249999 0.352829
vt 0.270066 0.350852
vt 0.289361 0.344999
vt 0.307144 0.335494
vt 0.322730 0.322702
vt 0.335522 0.307116
vt 0.345027 0.289333
vt 0.350880 0.270038
vt 0.352857 0.249971
vt 0.414053 0.250000
vt 0.410901 0.282005
vt 0.401565 0.312780
vt 0.386405 0.341143
vt 0.366003 0.366003
vt 0.341143 0.386405
vt 0.312780 0.401565
vt 0.935169 0.996712
vt 0.908581 0.996712
vt 0.903919 0.996712
vt 0.877331 0.996712
vt 0.872669 0.996712
vt 0.846081 0.996712
vt 0.841419 0.996712
vt 0.814831 0.996712
vt 0.810169 0.996712
vt 0.783581 0.996712
vt 0.778919 0.996712
vt 0.752331 0.996712
vt 0.747669 0.996712
vt 0.721081 0.996712
vt 0.716419 0.996712
vt 0.689831 0.996712
vt 0.685169 0.996712
vt 0.658581 0.996712
vt 0.653919 0.996712
vt 0.627331 0.996712
vt 0.622669 0.996712
vt 0.596081 0.996712
vt 0.591419 0.996712
vt 0.564831 0.996712
vt 0.560169 0.996712
vt 0.533581 0.996712
vt 0.528919 0.996712
vt 0.502331 0.996712
vt 0.497669 0.996712
vt 0.471081 0.996712
vt 0.466419 0.996712
vt 0.439831 0.996712
vt 0.435169 0.996712
vt 0.408581 0.996712
vt 0.403919 0.996712
vt 0.377331 0.996712
vt 0.372669 0.996712
vt 0.346081 0.996712
vt 0.341419 0.996712
vt 0.314831 0.996712
vt 0.310169 0.996712
vt 0.283581 0.996712
vt 0.278919 0.996712
vt 0.252331 0.996712
vt 0.247669 0.996712
vt 0.221081 0.996712
vt 0.216419 0.996712
vt 0.189831 0.996712
vt 0.185169 0.996712
vt 0.158581 0.996712
vt 0.153919 0.996712
vt 0.127331 0.996712
vt 0.122669 0.996712
vt 0.096081 0.996712
vt 0.091419 0.996712
vt 0.064831 0.996712
vt 0.060169 0.996712
vt 0.033581 0.996712
vt 0.997669 0.996712
vt 0.971081 0.996712
vt 0.966419 0.996712
vt 0.939831 0.996712
vt 0.289062 0.446380
vt 0.250000 0.450227
vt 0.326624 0.434986
vt 0.361240 0.416483
vt 0.391582 0.391582
vt 0.416483 0.361240
vt 0.434986 0.326624
vt 0.446380 0.289062
vt 0.450227 0.250000
vt 0.410901 0.217995
vt 0.446380 0.210938
vt 0.401565 0.187220
vt 0.434986 0.173376
vt 0.386405 0.158857
vt 0.416483 0.138760
vt 0.366003 0.133997
vt 0.391582 0.108418
vt 0.341143 0.113595
vt 0.361240 0.083517
vt 0.312780 0.098435
vt 0.326624 0.065014
vt 0.282005 0.089099
vt 0.289062 0.053620
vt 0.250000 0.085947
vt 0.250000 0.049773
vt 0.217995 0.089099
vt 0.210938 0.053620
vt 0.187220 0.098435
vt 0.173376 0.065014
vt 0.158857 0.113595
vt 0.138760 0.083517
vt 0.133997 0.133997
vt 0.108418 0.108418
vt 0.113595 0.158857
vt 0.083517 0.138760
vt 0.098435 0.187220
vt 0.065014 0.173377
vt 0.089099 0.217995
vt 0.053620 0.210938
vt 0.049773 0.250000
vt 0.053620 0.289063
vt 0.065014 0.326624
vt 0.083517 0.361240
vt 0.108418 0.391582
vt 0.138760 0.416483
vt 0.173377 0.434986
vt 0.210938 0.446380
vt 0.028919 0.996712
vt 0.002331 0.996712
vt 0.718750 0.821645
vt 0.718750 0.954978
vt 0.750000 0.954978
vt 0.750000 0.821645
vt 0.625000 0.821645
vt 0.625000 0.954978
vt 0.656250 0.954978
vt 0.656250 0.821645
vt 0.687500 0.954978
vt 0.687500 0.821645
vt 0.218750 0.821645
vt 0.218750 0.954978
vt 0.250000 0.954978
vt 0.250000 0.821645
vt 0.781250 0.821645
vt 0.781250 0.954978
vt 0.812500 0.954978
vt 0.812500 0.821645
vt 0.843750 0.821645
vt 0.843750 0.954978
vt 0.875000 0.954978
vt 0.875000 0.821645
vt 0.000000 0.821645
vt 0.000000 0.954978
vt 0.031250 0.954978
vt 0.031250 0.821645
vt 0.468750 0.821645
vt 0.468750 0.954978
vt 0.500000 0.954978
vt 0.500000 0.821645
vt 0.156250 0.821645
vt 0.156250 0.954978
vt 0.187500 0.954978
vt 0.187500 0.821645
vt 0.531250 0.954978
vt 0.531250 0.821645
vt 0.062500 0.954978
vt 0.062500 0.821645
vt 0.906250 0.954978
vt 0.906250 0.821645
vt 0.406250 0.821645
vt 0.406250 0.954978
vt 0.437500 0.954978
vt 0.437500 0.821645
vt 0.937500 0.954978
vt 0.937500 0.821645
vt 0.593750 0.821645
vt 0.593750 0.954978
vt 0.093750 0.821645
vt 0.093750 0.954978
vt 0.125000 0.954978
vt 0.125000 0.821645
vt 0.375000 0.821645
vt 0.375000 0.954978
vt 0.562500 0.821645
vt 0.562500 0.954978
vt 0.312500 0.821645
vt 0.312500 0.954978
vt 0.343750 0.954978
vt 0.343750 0.821645
vt 0.968750 0.821645
vt 0.968750 0.954978
vt 1.000000 0.954978
vt 1.000000 0.821645
vt 0.281250 0.954978
vt 0.281250 0.821645
vt 0.649119 0.229905
vt 0.654972 0.210610
vt 0.664477 0.192827
vt 0.677269 0.177241
vt 0.692855 0.164449
vt 0.710638 0.154944
vt 0.729933 0.149091
vt 0.750000 0.147115
vt 0.770066 0.149091
vt 0.789361 0.154944
vt 0.807144 0.164449
vt 0.822731 0.177240
vt 0.835522 0.192827
vt 0.845027 0.210610
vt 0.850880 0.229905
vt 0.985388 0.203178
vt 0.971731 0.158156
vt 0.949553 0.116663
vt 0.919706 0.080294
vt 0.883337 0.050447
vt 0.841844 0.028269
vt 0.796822 0.014612
vt 0.750000 0.010000
vt 0.703178 0.014612
vt 0.658156 0.028269
vt 0.616663 0.050447
vt 0.580294 0.080294
vt 0.550447 0.116663
vt 0.528269 0.158156
vt 0.514611 0.203179
vt 0.350880 0.229905
vt 0.345027 0.210610
vt 0.335522 0.192827
vt 0.322730 0.177240
vt 0.307144 0.164449
vt 0.289361 0.154944
vt 0.270066 0.149091
vt 0.250000 0.147114
vt 0.229933 0.149091
vt 0.210638 0.154944
vt 0.192855 0.164449
vt 0.177268 0.177240
vt 0.164477 0.192827
vt 0.154972 0.210610
vt 0.149119 0.229905
s 0
usemtl Bronze-Material
f 4084/1978/3843 4116/1979/3843 4085/1980/3843 4053/1981/3843
f 4055/1982/3844 4087/1983/3844 4088/1984/3844 4056/1985/3844
f 4056/1985/3845 4088/1986/3845 4089/1987/3845 4057/1988/3845
f 4057/1988/3846 4089/1989/3846 4090/1990/3846 4058/1991/3846
f 4058/1991/3847 4090/1990/3847 4091/1992/3847 4059/1993/3847
f 4059/1993/3848 4091/1994/3848 4092/1995/3848 4060/1996/3848
f 4060/1996/3849 4092/1995/3849 4093/1997/3849 4061/1998/3849
f 4061/1998/3850 4093/1999/3850 4094/2000/3850 4062/2001/3850
f 4062/2001/3851 4094/2000/3851 4095/2002/3851 4063/2003/3851
f 4063/2003/3852 4095/2004/3852 4096/2005/3852 4064/2006/3852
f 4064/2006/3853 4096/2007/3853 4097/2008/3853 4065/2009/3853
f 4065/2009/3854 4097/2010/3854 4098/2011/3854 4066/2012/3854
f 4066/2012/3855 4098/2013/3855 4099/2014/3855 4067/2015/3855
f 4067/2015/3856 4099/2014/3856 4100/2016/3856 4068/2017/3856
f 4068/2017/3857 4100/2016/3857 4101/2018/3857 4069/2019/3857
f 4069/2019/3858 4101/2018/3858 4102/2020/3858 4070/2021/3858
f 4070/2021/3859 4102/2022/3859 4103/2023/3859 4071/2024/3859
f 4071/2024/3860 4103/2023/3860 4104/2025/3860 4072/2026/3860
f 4072/2026/3861 4104/2027/3861 4105/2028/3861 4073/2029/3861
f 4073/2029/3862 4105/2030/3862 4106/2031/3862 4074/2032/3862
f 4074/2032/3863 4106/2033/3863 4107/2034/3863 4075/2035/3863
f 4075/2035/3864 4107/2036/3864 4108/2037/3864 4076/2038/3864
f 4076/2038/3865 4108/2037/3865 4109/2039/3865 4077/2040/3865
f 4077/2040/3866 4109/2039/3866 4110/2041/3866 4078/2042/3866
f 4078/2042/3867 4110/2043/3867 4111/2044/3867 4079/2045/3867
f 4079/2045/3868 4111/2046/3868 4112/2047/3868 4080/2048/3868
f 4080/2048/3869 4112/2049/3869 4113/2050/3869 4081/2051/3869
f 4081/2051/3870 4113/2052/3870 4114/2053/3870 4082/2054/3870
f 4082/2054/3871 4114/2055/3871 4115/2056/3871 4083/2057/3871
f 4083/2057/3872 4115/2058/3872 4116/2059/3872 4084/1978/3872
f 4053/2060/3873 4085/2061/3873 4086/2062/3873 4054/2063/3873
f 4054/2063/3874 4086/2064/3874 4087/2065/3874 4055/1982/3874
f 4053/2066/3875 4054/2067/3875 4055/2068/3875 4056/2069/3875 4057/2070/3875 4058/2071/3875 4059/2072/3875 4060/2073/3875 4061/2074/3875 4190/2075/3875 4182/2076/3875 4184/2077/3875 4220/2078/3875 4222/2079/3875 4208/2080/3875 4224/2081/3875 4244/2082/3875 4226/2083/3875 4192/2084/3875 4188/2085/3875 4186/2086/3875 4196/2087/3875 4194/2088/3875 4202/2089/3875 4230/2090/3875 4218/2091/3875 4077/2092/3875 4078/2093/3875 4079/2094/3875 4080/2095/3875 4081/2096/3875 4082/2097/3875 4083/2098/3875 4084/2099/3875
f 4119/2100/3876 4117/2101/3876 4179/2102/3876 4177/2103/3876 4175/2104/3876 4173/2105/3876 4171/2106/3876 4169/2107/3876 4167/2108/3876 4165/2109/3876 4217/2110/3876 4229/2111/3876 4201/2112/3876 4193/2113/3876 4195/2114/3876 4185/2115/3876 4187/2116/3876 4191/2117/3876 4225/2118/3876 4243/2119/3876 4223/2120/3876 4207/2121/3876 4221/2122/3876 4219/2123/3876 4183/2124/3876 4181/2125/3876 4189/2126/3876 4133/2127/3876 4131/2128/3876 4129/2129/3876 4127/2130/3876 4125/2131/3876 4123/2132/3876 4121/2133/3876
f 4088/1984/3877 4087/1983/3877 4122/2134/3877 4124/2135/3877
f 4089/1987/3878 4088/1986/3878 4124/2136/3878 4126/2137/3878
f 4090/1990/3879 4089/1989/3879 4126/2138/3879 4128/2139/3879
f 4091/1992/3880 4090/1990/3880 4128/2140/3880 4130/2141/3880
f 4092/1995/3881 4091/1994/3881 4130/2142/3881 4132/2143/3881
f 4093/1997/3882 4092/1995/3882 4132/2144/3882 4134/2145/3882
f 4094/2000/3883 4093/1999/3883 4134/2146/3883 4136/2147/3883
f 4095/2002/3884 4094/2000/3884 4136/2148/3884 4138/2149/3884
f 4096/2005/3885 4095/2004/3885 4138/2150/3885 4140/2151/3885
f 4097/2008/3886 4096/2007/3886 4140/2152/3886 4142/2153/3886
f 4098/2011/3887 4097/2010/3887 4142/2154/3887 4144/2155/3887
f 4099/2014/3888 4098/2013/3888 4144/2156/3888 4146/2157/3888
f 4100/2016/3889 4099/2014/3889 4146/2158/3889 4148/2159/3889
f 4101/2018/3890 4100/2016/3890 4148/2160/3890 4150/2161/3890
f 4102/2020/3891 4101/2018/3891 4150/2162/3891 4152/2163/3891
f 4103/2023/3892 4102/2022/3892 4152/2164/3892 4154/2165/3892
f 4104/2025/3893 4103/2023/3893 4154/2166/3893 4156/2167/3893
f 4105/2028/3894 4104/2027/3894 4156/2168/3894 4158/2169/3894
f 4106/2031/3895 4105/2030/3895 4158/2170/3895 4160/2171/3895
f 4107/2034/3896 4106/2033/3896 4160/2172/3896 4162/2173/3896
f 4108/2037/3897 4107/2036/3897 4162/2174/3897 4164/2175/3897
f 4109/2039/3898 4108/2037/3898 4164/2176/3898 4166/2177/3898
f 4110/2041/3899 4109/2039/3899 4166/2178/3899 4168/2179/3899
f 4111/2044/3900 4110/2043/3900 4168/2180/3900 4170/2181/3900
f 4112/2047/3901 4111/2046/3901 4170/2182/3901 4172/2183/3901
f 4113/2050/3902 4112/2049/3902 4172/2184/3902 4174/2185/3902
f 4114/2053/3903 4113/2052/3903 4174/2186/3903 4176/2187/3903
f 4115/2056/3904 4114/2055/3904 4176/2188/3904 4178/2189/3904
f 4116/2059/3905 4115/2058/3905 4178/2190/3905 4180/2191/3905
f 4086/2062/3906 4085/2061/3906 4118/2192/3906 4120/2193/3906
f 4087/2065/3907 4086/2064/3907 4120/2194/3907 4122/2195/3907
f 4117/2101/3908 4119/2100/3908 4120/2196/3908 4118/2197/3908
f 4119/2100/3909 4121/2133/3909 4122/2198/3909 4120/2196/3909
f 4121/2133/3910 4123/2132/3910 4124/2199/3910 4122/2198/3910
f 4123/2132/3911 4125/2131/3911 4126/2200/3911 4124/2199/3911
f 4125/2131/3912 4127/2130/3912 4128/2201/3912 4126/2200/3912
f 4127/2130/3913 4129/2129/3913 4130/2202/3913 4128/2201/3913
f 4129/2129/3914 4131/2128/3914 4132/2203/3914 4130/2202/3914
f 4131/2128/3915 4133/2127/3915 4134/2204/3915 4132/2203/3915
f 4133/2127/3916 4135/2205/3916 4136/2206/3916 4134/2204/3916
f 4135/2205/3917 4137/2207/3917 4138/2208/3917 4136/2206/3917
f 4137/2207/3918 4139/2209/3918 4140/2210/3918 4138/2208/3918
f 4139/2209/3919 4141/2211/3919 4142/2212/3919 4140/2210/3919
f 4141/2211/3920 4143/2213/3920 4144/2214/3920 4142/2212/3920
f 4143/2213/3921 4145/2215/3921 4146/2216/3921 4144/2214/3921
f 4145/2215/3922 4147/2217/3922 4148/2218/3922 4146/2216/3922
f 4147/2217/3923 4149/2219/3923 4150/2220/3923 4148/2218/3923
f 4149/2219/3924 4151/2221/3924 4152/2222/3924 4150/2220/3924
f 4151/2221/3925 4153/2223/3925 4154/2224/3925 4152/2222/3925
f 4153/2223/3926 4155/2225/3926 4156/2226/3926 4154/2224/3926
f 4155/2225/3927 4157/2227/3927 4158/2228/3927 4156/2226/3927
f 4157/2227/3928 4159/2229/3928 4160/2230/3928 4158/2228/3928
f 4159/2229/3929 4161/2231/3929 4162/2232/3929 4160/2230/3929
f 4161/2231/3930 4163/2233/3930 4164/2234/3930 4162/2232/3930
f 4163/2233/3931 4165/2109/3931 4166/2235/3931 4164/2234/3931
f 4165/2109/3932 4167/2108/3932 4168/2236/3932 4166/2235/3932
f 4167/2108/3933 4169/2107/3933 4170/2237/3933 4168/2236/3933
f 4169/2107/3934 4171/2106/3934 4172/2238/3934 4170/2237/3934
f 4171/2106/3935 4173/2105/3935 4174/2239/3935 4172/2238/3935
f 4173/2105/3936 4175/2104/3936 4176/2240/3936 4174/2239/3936
f 4175/2104/3937 4177/2103/3937 4178/2241/3937 4176/2240/3937
f 4177/2103/3938 4179/2102/3938 4180/2242/3938 4178/2241/3938
f 4179/2102/3939 4117/2101/3939 4118/2197/3939 4180/2242/3939
f 4085/1980/3940 4116/1979/3940 4180/2243/3940 4118/2244/3940
f 4213/2245/3849 4214/2246/3849 4218/2247/3849 4217/2248/3849
f 4197/2249/3846 4198/2250/3846 4216/2251/3846 4215/2252/3846
f 4215/2252/3847 4216/2251/3847 4212/2253/3847 4211/2254/3847
f 4181/2255/3865 4182/2256/3865 4190/2257/3865 4189/2258/3865
f 4229/2259/3851 4230/2260/3851 4202/2261/3851 4201/2262/3851
f 4217/2248/3850 4218/2247/3850 4230/2260/3850 4229/2259/3850
f 4193/2263/3853 4194/2264/3853 4196/2265/3853 4195/2266/3853
f 4225/2267/3858 4226/2268/3858 4244/2269/3858 4243/2270/3858
f 4203/2271/3843 4204/2272/3843 4242/2273/3843 4241/2274/3843
f 4219/2275/3863 4220/2276/3863 4184/2277/3863 4183/2278/3863
f 4241/2274/3873 4242/2273/3873 4228/2279/3873 4227/2280/3873
f 4243/2270/3859 4244/2269/3859 4224/2281/3859 4223/2282/3859
f 4195/2266/3854 4196/2265/3854 4186/2283/3854 4185/2284/3854
f 4239/2285/3871 4240/2286/3871 4210/2287/3871 4209/2288/3871
f 4185/2284/3855 4186/2283/3855 4188/2289/3855 4187/2290/3855
f 4199/2291/3845 4200/2292/3845 4198/2250/3845 4197/2249/3845
f 4207/2293/3861 4208/2294/3861 4222/2295/3861 4221/2296/3861
f 4183/2278/3864 4184/2277/3864 4182/2256/3864 4181/2255/3864
f 4235/2297/3870 4236/2298/3870 4240/2286/3870 4239/2285/3870
f 4231/2299/3844 4232/2300/3844 4200/2292/3844 4199/2291/3844
f 4237/2301/3868 4238/2302/3868 4234/2303/3868 4233/2304/3868
f 4191/2305/3857 4192/2306/3857 4226/2307/3857 4225/2308/3857
f 4201/2262/3852 4202/2261/3852 4194/2264/3852 4193/2263/3852
f 4189/2258/3866 4190/2257/3866 4206/2309/3866 4205/2310/3866
f 4211/2254/3848 4212/2253/3848 4214/2246/3848 4213/2245/3848
f 4209/2288/3872 4210/2287/3872 4204/2272/3872 4203/2271/3872
f 4223/2282/3860 4224/2281/3860 4208/2294/3860 4207/2293/3860
f 4187/2290/3856 4188/2289/3856 4192/2306/3856 4191/2305/3856
f 4205/2310/3867 4206/2309/3867 4238/2302/3867 4237/2301/3867
f 4227/2280/3874 4228/2279/3874 4232/2300/3874 4231/2299/3874
f 4077/2092/3875 4218/2091/3875 4214/2311/3875 4212/2312/3875 4216/2313/3875 4198/2314/3875 4200/2315/3875 4232/2316/3875 4228/2317/3875 4242/2318/3875 4204/2319/3875 4210/2320/3875 4240/2321/3875 4236/2322/3875 4234/2323/3875 4238/2324/3875 4206/2325/3875 4190/2075/3875 4061/2074/3875 4062/2326/3875 4063/2327/3875 4064/2328/3875 4065/2329/3875 4066/2330/3875 4067/2331/3875 4068/2332/3875 4069/2333/3875 4070/2334/3875 4071/2335/3875 4072/2336/3875 4073/2337/3875 4074/2338/3875 4075/2339/3875 4076/2340/3875
f 4221/2296/3862 4222/2295/3862 4220/2276/3862 4219/2275/3862
f 4233/2304/3869 4234/2303/3869 4236/2298/3869 4235/2297/3869
f 4133/2127/3876 4189/2126/3876 4205/2341/3876 4237/2342/3876 4233/2343/3876 4235/2344/3876 4239/2345/3876 4209/2346/3876 4203/2347/3876 4241/2348/3876 4227/2349/3876 4231/2350/3876 4199/2351/3876 4197/2352/3876 4215/2353/3876 4211/2354/3876 4213/2355/3876 4217/2110/3876 4165/2109/3876 4163/2233/3876 4161/2231/3876 4159/2229/3876 4157/2227/3876 4155/2225/3876 4153/2223/3876 4151/2221/3876 4149/2219/3876 4147/2217/3876 4145/2215/3876 4143/2213/3876 4141/2211/3876 4139/2209/3876 4137/2207/3876 4135/2205/3876
o Outlet
v -0.030000 -0.014000 -0.000000
v -0.030000 -0.014067 0.000683
v -0.030000 -0.014266 0.001339
v -0.030000 -0.014590 0.001944
v -0.030000 -0.015025 0.002475
v -0.030000 -0.015555 0.002910
v -0.030000 -0.016161 0.003233
v -0.030000 -0.016817 0.003433
v -0.030000 -0.017500 0.003500
v -0.030000 -0.018183 0.003433
v -0.030000 -0.018839 0.003233
v -0.030000 -0.019444 0.002910
v -0.030000 -0.019975 0.002475
v -0.030000 -0.020410 0.001944
v -0.030000 -0.020734 0.001339
v -0.030000 -0.020933 0.000683
v -0.030000 -0.021000 -0.000000
v -0.030000 -0.020933 -0.000683
v -0.030000 -0.020734 -0.001340
v -0.030000 -0.020410 -0.001945
v -0.030000 -0.019975 -0.002475
v -0.030000 -0.019444 -0.002910
v -0.030000 -0.018839 -0.003234
v -0.030000 -0.018183 -0.003433
v -0.030000 -0.017500 -0.003500
v -0.030000 -0.016817 -0.003433
v -0.030000 -0.016161 -0.003234
v -0.030000 -0.015555 -0.002910
v -0.030000 -0.015025 -0.002475
v -0.030000 -0.014590 -0.001945
v -0.030000 -0.014266 -0.001339
v -0.030000 -0.014067 -0.000683
v -0.038036 -0.014000 -0.000000
v -0.038036 -0.014067 0.000683
v -0.038036 -0.014266 0.001339
v -0.038036 -0.014590 0.001944
v -0.038036 -0.015025 0.002475
v -0.038036 -0.015555 0.002910
v -0.038036 -0.016161 0.003233
v -0.038036 -0.016817 0.003433
v -0.038036 -0.017500 0.003500
v -0.038036 -0.018183 0.003433
v -0.038036 -0.018839 0.003233
v -0.038036 -0.019444 0.002910
v -0.038036 -0.019975 0.002475
v -0.038036 -0.020410 0.001944
v -0.038036 -0.020734 0.001339
v -0.038036 -0.020933 0.000683
v -0.038036 -0.021000 -0.000000
v -0.038036 -0.020933 -0.000683
v -0.038036 -0.020734 -0.001340
v -0.038036 -0.020410 -0.001945
v -0.038036 -0.019975 -0.002475
v -0.038036 -0.019444 -0.002910
v -0.038036 -0.018839 -0.003234
v -0.038036 -0.018183 -0.003433
v -0.038036 -0.017500 -0.003500
v -0.038036 -0.016817 -0.003433
v -0.038036 -0.016161 -0.003234
v -0.038036 -0.015555 -0.002910
v -0.038036 -0.015025 -0.002475
v -0.038036 -0.014590 -0.001945
v -0.038036 -0.014266 -0.001339
v -0.038036 -0.014067 -0.000683
v -0.050000 -0.015107 -0.000000
v -0.048807 -0.014522 -0.000000
v -0.050000 -0.015153 0.000467
v -0.048807 -0.014579 0.000581
v -0.050000 -0.015290 0.000915
v -0.048807 -0.014749 0.001139
v -0.050000 -0.015511 0.001329
v -0.048807 -0.015024 0.001654
v -0.050000 -0.015808 0.001692
v -0.048807 -0.015394 0.002106
v -0.050000 -0.016171 0.001989
v -0.048807 -0.015846 0.002476
v -0.050000 -0.016584 0.002210
v -0.048807 -0.016360 0.002751
v -0.050000 -0.017033 0.002346
v -0.048807 -0.016919 0.002920
v -0.050000 -0.017500 0.002392
v -0.048807 -0.017500 0.002978
v -0.050000 -0.017967 0.002346
v -0.048807 -0.018081 0.002920
v -0.050000 -0.018415 0.002210
v -0.048807 -0.018639 0.002751
v -0.050000 -0.018829 0.001989
v -0.048807 -0.019154 0.002476
v -0.050000 -0.019192 0.001692
v -0.048807 -0.019606 0.002106
v -0.050000 -0.019489 0.001329
v -0.048807 -0.019976 0.001654
v -0.050000 -0.019710 0.000915
v -0.048807 -0.020251 0.001139
v -0.050000 -0.019846 0.000467
v -0.048807 -0.020421 0.000581
v -0.050000 -0.019892 -0.000000
v -0.048807 -0.020478 -0.000000
v -0.050000 -0.019846 -0.000467
v -0.048807 -0.020421 -0.000581
v -0.050000 -0.019710 -0.000916
v -0.048807 -0.020251 -0.001140
v -0.050000 -0.019489 -0.001329
v -0.048807 -0.019976 -0.001654
v -0.050000 -0.019192 -0.001692
v -0.048807 -0.019606 -0.002106
v -0.050000 -0.018829 -0.001989
v -0.048807 -0.019154 -0.002476
v -0.050000 -0.018415 -0.002210
v -0.048807 -0.018639 -0.002751
v -0.050000 -0.017967 -0.002347
v -0.048807 -0.018081 -0.002921
v -0.050000 -0.017500 -0.002393
v -0.048807 -0.017500 -0.002978
v -0.050000 -0.017033 -0.002347
v -0.048807 -0.016919 -0.002921
v -0.050000 -0.016584 -0.002210
v -0.048807 -0.016360 -0.002751
v -0.050000 -0.016171 -0.001989
v -0.048807 -0.015846 -0.002476
v -0.050000 -0.015808 -0.001692
v -0.048807 -0.015394 -0.002106
v -0.050000 -0.015511 -0.001329
v -0.048807 -0.015024 -0.001654
v -0.050000 -0.015290 -0.000916
v -0.048807 -0.014749 -0.001140
v -0.050000 -0.015153 -0.000467
v -0.048807 -0.014579 -0.000581
v -0.050000 -0.016926 -0.001386
v -0.030000 -0.016926 -0.001386
v -0.050000 -0.016667 -0.001247
v -0.030000 -0.016667 -0.001247
v -0.050000 -0.016115 0.000574
v -0.030000 -0.016115 0.000574
v -0.050000 -0.016029 0.000293
v -0.030000 -0.016029 0.000293
v -0.050000 -0.017208 -0.001471
v -0.030000 -0.017208 -0.001471
v -0.050000 -0.016440 0.001061
v -0.030000 -0.016440 0.001061
v -0.050000 -0.018748 0.000833
v -0.030000 -0.018748 0.000833
v -0.050000 -0.018886 0.000574
v -0.030000 -0.018886 0.000574
v -0.050000 -0.016667 0.001247
v -0.030000 -0.016667 0.001247
v -0.050000 -0.018972 0.000293
v -0.030000 -0.018972 0.000293
v -0.050000 -0.018886 -0.000574
v -0.030000 -0.018886 -0.000574
v -0.050000 -0.017500 -0.001500
v -0.030000 -0.017500 -0.001500
v -0.050000 -0.016115 -0.000574
v -0.030000 -0.016115 -0.000574
v -0.050000 -0.018748 -0.000833
v -0.030000 -0.018748 -0.000833
v -0.050000 -0.017793 0.001471
v -0.030000 -0.017793 0.001471
v -0.050000 -0.018561 0.001061
v -0.030000 -0.018561 0.001061
v -0.050000 -0.018074 0.001386
v -0.030000 -0.018074 0.001386
v -0.050000 -0.017500 0.001500
v -0.030000 -0.017500 0.001500
v -0.050000 -0.016440 -0.001061
v -0.030000 -0.016440 -0.001061
v -0.050000 -0.016253 -0.000833
v -0.030000 -0.016253 -0.000833
v -0.050000 -0.019000 -0.000000
v -0.030000 -0.019000 -0.000000
v -0.050000 -0.016000 -0.000000
v -0.030000 -0.016000 -0.000000
v -0.050000 -0.017208 0.001471
v -0.030000 -0.017208 0.001471
v -0.050000 -0.016253 0.000833
v -0.030000 -0.016253 0.000833
v -0.050000 -0.016926 0.001386
v -0.030000 -0.016926 0.001386
v -0.050000 -0.018074 -0.001386
v -0.030000 -0.018074 -0.001386
v -0.050000 -0.018334 -0.001247
v -0.030000 -0.018334 -0.001247
v -0.050000 -0.017793 -0.001471
v -0.030000 -0.017793 -0.001471
v -0.050000 -0.018561 -0.001061
v -0.030000 -0.018561 -0.001061
v -0.050000 -0.018972 -0.000293
v -0.030000 -0.018972 -0.000293
v -0.050000 -0.018334 0.001247
v -0.030000 -0.018334 0.001247
v -0.050000 -0.016029 -0.000293
v -0.030000 -0.016029 -0.000293
vn -0.0000 0.9952 -0.0980
vn -0.0000 0.8819 0.4714
vn -0.0000 0.7730 0.6344
vn -0.0000 0.6344 0.7730
vn -0.0000 0.4714 0.8819
vn -0.0000 0.2903 0.9569
vn -0.0000 0.0980 0.9952
vn -0.0000 -0.0980 0.9952
vn -0.0000 -0.2903 0.9569
vn -0.0000 -0.4714 0.8819
vn -0.0000 -0.6344 0.7730
vn -0.0000 -0.7730 0.6344
vn -0.0000 -0.8819 0.4714
vn -0.0000 -0.9569 0.2903
vn -0.0000 -0.9952 0.0980
vn -0.0000 -0.9952 -0.0980
vn -0.0000 -0.9569 -0.2903
vn -0.0000 -0.8819 -0.4714
vn -0.0000 -0.7730 -0.6344
vn -0.0000 -0.6344 -0.7730
vn -0.0000 -0.4714 -0.8819
vn -0.0000 -0.2903 -0.9569
vn -0.0000 -0.0980 -0.9952
vn -0.0000 0.0980 -0.9952
vn -0.0000 0.2903 -0.9569
vn -0.0000 0.4714 -0.8819
vn -0.0000 0.6344 -0.7730
vn -0.0000 0.7730 -0.6344
vn -0.0000 0.8819 -0.4714
vn -0.0000 0.9569 -0.2903
vn -0.0000 0.9952 0.0980
vn -0.0000 0.9569 0.2903
vn 1.0000 -0.0000 -0.0000
vn -1.0000 -0.0000 -0.0000
vn -0.0482 0.8809 0.4708
vn -0.0482 0.7721 0.6337
vn -0.0482 0.6337 0.7721
vn -0.0482 0.4708 0.8809
vn -0.0482 0.2899 0.9558
vn -0.0482 0.0979 0.9940
vn -0.0482 -0.0979 0.9940
vn -0.0482 -0.2899 0.9558
vn -0.0482 -0.4708 0.8809
vn -0.0482 -0.6337 0.7721
vn -0.0482 -0.7721 0.6337
vn -0.0482 -0.8809 0.4708
vn -0.0482 -0.9558 0.2899
vn -0.0482 -0.9940 0.0979
vn -0.0482 -0.9940 -0.0979
vn -0.0482 -0.9558 -0.2899
vn -0.0482 -0.8809 -0.4708
vn -0.0482 -0.7721 -0.6337
vn -0.0482 -0.6337 -0.7721
vn -0.0482 -0.4708 -0.8809
vn -0.0482 -0.2899 -0.9558
vn -0.0482 -0.0979 -0.9940
vn -0.0482 0.0979 -0.9940
vn -0.0482 0.2899 -0.9558
vn -0.0482 0.4709 -0.8809
vn -0.0482 0.6337 -0.7721
vn -0.0482 0.7721 -0.6337
vn -0.0482 0.8809 -0.4708
vn -0.0482 0.9558 -0.2899
vn -0.0482 0.9940 0.0979
vn -0.0482 0.9558 0.2899
vn -0.4389 0.8942 0.0881
vn -0.4389 0.8599 0.2608
vn -0.4389 0.7925 0.4236
vn -0.4389 0.6946 0.5700
vn -0.4389 0.5700 0.6946
vn -0.4389 0.4236 0.7925
vn -0.4389 0.2608 0.8599
vn -0.4389 0.0881 0.8942
vn -0.4389 -0.0881 0.8942
vn -0.4389 -0.2608 0.8599
vn -0.4389 -0.4236 0.7925
vn -0.4389 -0.5700 0.6946
vn -0.4389 -0.6946 0.5700
vn -0.4389 -0.7925 0.4236
vn -0.4389 -0.8599 0.2608
vn -0.4389 -0.8942 0.0881
vn -0.4389 -0.8942 -0.0881
vn -0.4389 -0.8599 -0.2608
vn -0.4389 -0.7925 -0.4236
vn -0.4389 -0.6946 -0.5700
vn -0.4389 -0.5700 -0.6946
vn -0.4389 -0.4236 -0.7925
vn -0.4389 -0.2608 -0.8599
vn -0.4389 -0.0881 -0.8942
vn -0.4389 0.0881 -0.8942
vn -0.4389 0.2608 -0.8599
vn -0.4389 0.4236 -0.7925
vn -0.4389 0.5700 -0.6946
vn -0.4389 0.6946 -0.5700
vn -0.4389 0.7925 -0.4236
vn -0.4389 0.8599 -0.2608
vn -0.4389 0.8942 -0.0881
vn -0.0482 0.9940 -0.0979
vt 0.031250 0.500000
vt 0.031250 0.967016
vt 0.000000 0.967016
vt 0.000000 0.500000
vt 0.937500 0.500000
vt 0.937500 0.967016
vt 0.906250 0.967016
vt 0.906250 0.500000
vt 0.906250 0.967016
vt 0.875000 0.967016
vt 0.875000 0.500000
vt 0.875000 0.967016
vt 0.843750 0.967016
vt 0.843750 0.500000
vt 0.812500 0.967016
vt 0.812500 0.500000
vt 0.812500 0.967016
vt 0.781250 0.967016
vt 0.781250 0.500000
vt 0.750000 0.967016
vt 0.750000 0.500000
vt 0.750000 0.967016
vt 0.718750 0.967016
vt 0.718750 0.500000
vt 0.687500 0.967016
vt 0.687500 0.500000
vt 0.687500 0.967016
vt 0.656250 0.967016
vt 0.656250 0.500000
vt 0.656250 0.967016
vt 0.625000 0.967016
vt 0.625000 0.500000
vt 0.625000 0.967016
vt 0.593750 0.967016
vt 0.593750 0.500000
vt 0.593750 0.967016
vt 0.562500 0.967016
vt 0.562500 0.500000
vt 0.531250 0.967016
vt 0.531250 0.500000
vt 0.500000 0.967016
vt 0.500000 0.500000
vt 0.468750 0.967016
vt 0.468750 0.500000
vt 0.468750 0.967016
vt 0.437500 0.967016
vt 0.437500 0.500000
vt 0.406250 0.967016
vt 0.406250 0.500000
vt 0.406250 0.967016
vt 0.375000 0.967016
vt 0.375000 0.500000
vt 0.375000 0.967016
vt 0.343750 0.967016
vt 0.343750 0.500000
vt 0.343750 0.967016
vt 0.312500 0.967016
vt 0.312500 0.500000
vt 0.312500 0.967016
vt 0.281250 0.967016
vt 0.281250 0.500000
vt 0.250000 0.967016
vt 0.250000 0.500000
vt 0.218750 0.967016
vt 0.218750 0.500000
vt 0.218750 0.967016
vt 0.187500 0.967016
vt 0.187500 0.500000
vt 0.187500 0.967016
vt 0.156250 0.967016
vt 0.156250 0.500000
vt 0.156250 0.967016
vt 0.125000 0.967016
vt 0.125000 0.500000
vt 0.125000 0.967016
vt 0.093750 0.967016
vt 0.093750 0.500000
vt 0.093750 0.967016
vt 0.062500 0.967016
vt 0.062500 0.500000
vt 0.062500 0.967016
vt 0.031250 0.967016
vt 1.000000 0.500000
vt 1.000000 0.967016
vt 0.968750 0.967016
vt 0.968750 0.500000
vt 0.968750 0.967016
vt 0.937500 0.967016
vt 0.750000 0.490000
vt 0.796822 0.485388
vt 0.841844 0.471731
vt 0.883337 0.449553
vt 0.919706 0.419706
vt 0.949553 0.383337
vt 0.971731 0.341844
vt 0.985388 0.296822
vt 0.990000 0.250000
vt 0.852857 0.249971
vt 0.850881 0.270038
vt 0.845028 0.289333
vt 0.835522 0.307116
vt 0.822731 0.322702
vt 0.807144 0.335494
vt 0.789362 0.344999
vt 0.770067 0.350852
vt 0.750000 0.352829
vt 0.729934 0.350852
vt 0.710638 0.344999
vt 0.692856 0.335494
vt 0.677269 0.322702
vt 0.664477 0.307116
vt 0.654973 0.289333
vt 0.649119 0.270038
vt 0.647143 0.249972
vt 0.510000 0.250000
vt 0.514612 0.296822
vt 0.528269 0.341844
vt 0.550447 0.383337
vt 0.580295 0.419706
vt 0.616663 0.449553
vt 0.658156 0.471731
vt 0.703179 0.485389
vt 0.282005 0.410901
vt 0.250000 0.414053
vt 0.217995 0.410901
vt 0.187220 0.401565
vt 0.158857 0.386405
vt 0.133997 0.366003
vt 0.113595 0.341143
vt 0.098435 0.312781
vt 0.089099 0.282005
vt 0.085947 0.250000
vt 0.147143 0.249971
vt 0.149119 0.270038
vt 0.154972 0.289333
vt 0.164478 0.307116
vt 0.177269 0.322702
vt 0.192856 0.335494
vt 0.210638 0.344999
vt 0.229934 0.350852
vt 0.250000 0.352829
vt 0.270066 0.350852
vt 0.289362 0.344999
vt 0.307144 0.335494
vt 0.322731 0.322702
vt 0.335523 0.307116
vt 0.345027 0.289333
vt 0.350881 0.270038
vt 0.352857 0.249971
vt 0.414053 0.250000
vt 0.410901 0.282005
vt 0.401565 0.312780
vt 0.386405 0.341143
vt 0.366003 0.366003
vt 0.341143 0.386405
vt 0.312780 0.401565
vt 0.935169 0.996712
vt 0.908581 0.996712
vt 0.903919 0.996712
vt 0.877331 0.996712
vt 0.872669 0.996712
vt 0.846081 0.996712
vt 0.841419 0.996712
vt 0.814831 0.996712
vt 0.810169 0.996712
vt 0.783581 0.996712
vt 0.778919 0.996712
vt 0.752331 0.996712
vt 0.747669 0.996712
vt 0.721081 0.996712
vt 0.716419 0.996712
vt 0.689831 0.996712
vt 0.685169 0.996712
vt 0.658581 0.996712
vt 0.653919 0.996712
vt 0.627331 0.996712
vt 0.622669 0.996712
vt 0.596081 0.996712
vt 0.591419 0.996712
vt 0.564831 0.996712
vt 0.560169 0.996712
vt 0.533581 0.996712
vt 0.528919 0.996712
vt 0.502331 0.996712
vt 0.497669 0.996712
vt 0.471081 0.996712
vt 0.466419 0.996712
vt 0.439831 0.996712
vt 0.435169 0.996712
vt 0.408581 0.996712
vt 0.403919 0.996712
vt 0.377331 0.996712
vt 0.372669 0.996712
vt 0.346081 0.996712
vt 0.341419 0.996712
vt 0.314831 0.996712
vt 0.310169 0.996712
vt 0.283581 0.996712
vt 0.278919 0.996712
vt 0.252331 0.996712
vt 0.247669 0.996712
vt 0.221081 0.996712
vt 0.216419 0.996712
vt 0.189831 0.996712
vt 0.185169 0.996712
vt 0.158581 0.996712
vt 0.153919 0.996712
vt 0.127331 0.996712
vt 0.122669 0.996712
vt 0.096081 0.996712
vt 0.091419 0.996712
vt 0.064831 0.996712
vt 0.060169 0.996712
vt 0.033581 0.996712
vt 0.997669 0.996712
vt 0.971081 0.996712
vt 0.966419 0.996712
vt 0.939831 0.996712
vt 0.289062 0.446380
vt 0.250000 0.450227
vt 0.326624 0.434986
vt 0.361240 0.416483
vt 0.391582 0.391582
vt 0.416483 0.361240
vt 0.434986 0.326624
vt 0.446380 0.289062
vt 0.450227 0.250000
vt 0.410901 0.217995
vt 0.446380 0.210938
vt 0.401565 0.187220
vt 0.434986 0.173376
vt 0.386405 0.158857
vt 0.416483 0.138760
vt 0.366003 0.133997
vt 0.391582 0.108418
vt 0.341143 0.113595
vt 0.361240 0.083517
vt 0.312780 0.098435
vt 0.326624 0.065014
vt 0.282005 0.089099
vt 0.289062 0.053620
vt 0.250000 0.085947
vt 0.250000 0.049773
vt 0.217995 0.089099
vt 0.210938 0.053620
vt 0.187220 0.098435
vt 0.173376 0.065014
vt 0.158857 0.113595
vt 0.138760 0.083517
vt 0.133997 0.133997
vt 0.108418 0.108418
vt 0.113595 0.158857
vt 0.083517 0.138760
vt 0.098435 0.187220
vt 0.065014 0.173377
vt 0.089099 0.217995
vt 0.053620 0.210938
vt 0.049773 0.250000
vt 0.053620 0.289063
vt 0.065014 0.326624
vt 0.083517 0.361240
vt 0.108418 0.391582
vt 0.138760 0.416483
vt 0.173377 0.434986
vt 0.210938 0.446380
vt 0.028919 0.996712
vt 0.002331 0.996712
vt 0.718750 0.534906
vt 0.718750 0.668240
vt 0.750000 0.668240
vt 0.750000 0.534906
vt 0.625000 0.534906
vt 0.625000 0.668240
vt 0.656250 0.668240
vt 0.656250 0.534906
vt 0.687500 0.668240
vt 0.687500 0.534906
vt 0.218750 0.534906
vt 0.218750 0.668240
vt 0.250000 0.668240
vt 0.250000 0.534906
vt 0.781250 0.534906
vt 0.781250 0.668240
vt 0.812500 0.668240
vt 0.812500 0.534906
vt 0.843750 0.534906
vt 0.843750 0.668240
vt 0.875000 0.668240
vt 0.875000 0.534906
vt 0.000000 0.534906
vt 0.000000 0.668240
vt 0.031250 0.668240
vt 0.031250 0.534906
vt 0.468750 0.534906
vt 0.468750 0.668240
vt 0.500000 0.668240
vt 0.500000 0.534906
vt 0.156250 0.534906
vt 0.156250 0.668240
vt 0.187500 0.668240
vt 0.187500 0.534906
vt 0.531250 0.668240
vt 0.531250 0.534906
vt 0.062500 0.668240
vt 0.062500 0.534906
vt 0.906250 0.668240
vt 0.906250 0.534906
vt 0.406250 0.534907
vt 0.406250 0.668240
vt 0.437500 0.668240
vt 0.437500 0.534906
vt 0.937500 0.668240
vt 0.937500 0.534906
vt 0.593750 0.534906
vt 0.593750 0.668240
vt 0.093750 0.534906
vt 0.093750 0.668240
vt 0.125000 0.668240
vt 0.125000 0.534906
vt 0.562500 0.534906
vt 0.562500 0.668240
vt 0.375000 0.534907
vt 0.375000 0.668240
vt 0.312500 0.534907
vt 0.312500 0.668240
vt 0.343750 0.668240
vt 0.343750 0.534907
vt 0.968750 0.534907
vt 0.968750 0.668240
vt 1.000000 0.668240
vt 1.000000 0.534906
vt 0.281250 0.668240
vt 0.281250 0.534907
vt 0.649119 0.229905
vt 0.654972 0.210610
vt 0.664477 0.192827
vt 0.677269 0.177240
vt 0.692856 0.164449
vt 0.710638 0.154944
vt 0.729933 0.149091
vt 0.750000 0.147114
vt 0.770066 0.149091
vt 0.789362 0.154944
vt 0.807144 0.164449
vt 0.822731 0.177240
vt 0.835523 0.192827
vt 0.845028 0.210610
vt 0.850881 0.229905
vt 0.985388 0.203178
vt 0.971731 0.158156
vt 0.949553 0.116663
vt 0.919706 0.080294
vt 0.883337 0.050447
vt 0.841844 0.028269
vt 0.796822 0.014612
vt 0.750000 0.010000
vt 0.703178 0.014612
vt 0.658156 0.028269
vt 0.616663 0.050447
vt 0.580294 0.080294
vt 0.550447 0.116663
vt 0.528269 0.158156
vt 0.514611 0.203179
vt 0.350881 0.229905
vt 0.345028 0.210610
vt 0.335522 0.192827
vt 0.322731 0.177240
vt 0.307144 0.164449
vt 0.289362 0.154944
vt 0.270066 0.149091
vt 0.250000 0.147114
vt 0.229933 0.149091
vt 0.210638 0.154944
vt 0.192856 0.164449
vt 0.177269 0.177240
vt 0.164477 0.192827
vt 0.154972 0.210610
vt 0.149119 0.229905
s 0
usemtl Bronze-Material
f 4276/2356/3941 4308/2357/3941 4277/2358/3941 4245/2359/3941
f 4247/2360/3942 4279/2361/3942 4280/2362/3942 4248/2363/3942
f 4248/2363/3943 4280/2364/3943 4281/2365/3943 4249/2366/3943
f 4249/2366/3944 4281/2367/3944 4282/2368/3944 4250/2369/3944
f 4250/2369/3945 4282/2368/3945 4283/2370/3945 4251/2371/3945
f 4251/2371/3946 4283/2372/3946 4284/2373/3946 4252/2374/3946
f 4252/2374/3947 4284/2373/3947 4285/2375/3947 4253/2376/3947
f 4253/2376/3948 4285/2377/3948 4286/2378/3948 4254/2379/3948
f 4254/2379/3949 4286/2378/3949 4287/2380/3949 4255/2381/3949
f 4255/2381/3950 4287/2382/3950 4288/2383/3950 4256/2384/3950
f 4256/2384/3951 4288/2385/3951 4289/2386/3951 4257/2387/3951
f 4257/2387/3952 4289/2388/3952 4290/2389/3952 4258/2390/3952
f 4258/2390/3953 4290/2391/3953 4291/2392/3953 4259/2393/3953
f 4259/2393/3954 4291/2392/3954 4292/2394/3954 4260/2395/3954
f 4260/2395/3955 4292/2394/3955 4293/2396/3955 4261/2397/3955
f 4261/2397/3956 4293/2396/3956 4294/2398/3956 4262/2399/3956
f 4262/2399/3957 4294/2400/3957 4295/2401/3957 4263/2402/3957
f 4263/2402/3958 4295/2401/3958 4296/2403/3958 4264/2404/3958
f 4264/2404/3959 4296/2405/3959 4297/2406/3959 4265/2407/3959
f 4265/2407/3960 4297/2408/3960 4298/2409/3960 4266/2410/3960
f 4266/2410/3961 4298/2411/3961 4299/2412/3961 4267/2413/3961
f 4267/2413/3962 4299/2414/3962 4300/2415/3962 4268/2416/3962
f 4268/2416/3963 4300/2415/3963 4301/2417/3963 4269/2418/3963
f 4269/2418/3964 4301/2417/3964 4302/2419/3964 4270/2420/3964
f 4270/2420/3965 4302/2421/3965 4303/2422/3965 4271/2423/3965
f 4271/2423/3966 4303/2424/3966 4304/2425/3966 4272/2426/3966
f 4272/2426/3967 4304/2427/3967 4305/2428/3967 4273/2429/3967
f 4273/2429/3968 4305/2430/3968 4306/2431/3968 4274/2432/3968
f 4274/2432/3969 4306/2433/3969 4307/2434/3969 4275/2435/3969
f 4275/2435/3970 4307/2436/3970 4308/2437/3970 4276/2356/3970
f 4245/2438/3971 4277/2439/3971 4278/2440/3971 4246/2441/3971
f 4246/2441/3972 4278/2442/3972 4279/2443/3972 4247/2360/3972
f 4245/2444/3973 4246/2445/3973 4247/2446/3973 4248/2447/3973 4249/2448/3973 4250/2449/3973 4251/2450/3973 4252/2451/3973 4253/2452/3973 4408/2453/3973 4418/2454/3973 4422/2455/3973 4390/2456/3973 4384/2457/3973 4420/2458/3973 4378/2459/3973 4380/2460/3973 4416/2461/3973 4436/2462/3973 4398/2463/3973 4412/2464/3973 4410/2465/3973 4376/2466/3973 4374/2467/3973 4382/2468/3973 4396/2469/3973 4269/2470/3973 4270/2471/3973 4271/2472/3973 4272/2473/3973 4273/2474/3973 4274/2475/3973 4275/2476/3973 4276/2477/3973
f 4311/2478/3974 4309/2479/3974 4371/2480/3974 4369/2481/3974 4367/2482/3974 4365/2483/3974 4363/2484/3974 4361/2485/3974 4359/2486/3974 4357/2487/3974 4395/2488/3974 4381/2489/3974 4373/2490/3974 4375/2491/3974 4409/2492/3974 4411/2493/3974 4397/2494/3974 4435/2495/3974 4415/2496/3974 4379/2497/3974 4377/2498/3974 4419/2499/3974 4383/2500/3974 4389/2501/3974 4421/2502/3974 4417/2503/3974 4407/2504/3974 4325/2505/3974 4323/2506/3974 4321/2507/3974 4319/2508/3974 4317/2509/3974 4315/2510/3974 4313/2511/3974
f 4280/2362/3975 4279/2361/3975 4314/2512/3975 4316/2513/3975
f 4281/2365/3976 4280/2364/3976 4316/2514/3976 4318/2515/3976
f 4282/2368/3977 4281/2367/3977 4318/2516/3977 4320/2517/3977
f 4283/2370/3978 4282/2368/3978 4320/2518/3978 4322/2519/3978
f 4284/2373/3979 4283/2372/3979 4322/2520/3979 4324/2521/3979
f 4285/2375/3980 4284/2373/3980 4324/2522/3980 4326/2523/3980
f 4286/2378/3981 4285/2377/3981 4326/2524/3981 4328/2525/3981
f 4287/2380/3982 4286/2378/3982 4328/2526/3982 4330/2527/3982
f 4288/2383/3983 4287/2382/3983 4330/2528/3983 4332/2529/3983
f 4289/2386/3984 4288/2385/3984 4332/2530/3984 4334/2531/3984
f 4290/2389/3985 4289/2388/3985 4334/2532/3985 4336/2533/3985
f 4291/2392/3986 4290/2391/3986 4336/2534/3986 4338/2535/3986
f 4292/2394/3987 4291/2392/3987 4338/2536/3987 4340/2537/3987
f 4293/2396/3988 4292/2394/3988 4340/2538/3988 4342/2539/3988
f 4294/2398/3989 4293/2396/3989 4342/2540/3989 4344/2541/3989
f 4295/2401/3990 4294/2400/3990 4344/2542/3990 4346/2543/3990
f 4296/2403/3991 4295/2401/3991 4346/2544/3991 4348/2545/3991
f 4297/2406/3992 4296/2405/3992 4348/2546/3992 4350/2547/3992
f 4298/2409/3993 4297/2408/3993 4350/2548/3993 4352/2549/3993
f 4299/2412/3994 4298/2411/3994 4352/2550/3994 4354/2551/3994
f 4300/2415/3995 4299/2414/3995 4354/2552/3995 4356/2553/3995
f 4301/2417/3996 4300/2415/3996 4356/2554/3996 4358/2555/3996
f 4302/2419/3997 4301/2417/3997 4358/2556/3997 4360/2557/3997
f 4303/2422/3998 4302/2421/3998 4360/2558/3998 4362/2559/3998
f 4304/2425/3999 4303/2424/3999 4362/2560/3999 4364/2561/3999
f 4305/2428/4000 4304/2427/4000 4364/2562/4000 4366/2563/4000
f 4306/2431/4001 4305/2430/4001 4366/2564/4001 4368/2565/4001
f 4307/2434/4002 4306/2433/4002 4368/2566/4002 4370/2567/4002
f 4308/2437/4003 4307/2436/4003 4370/2568/4003 4372/2569/4003
f 4278/2440/4004 4277/2439/4004 4310/2570/4004 4312/2571/4004
f 4279/2443/4005 4278/2442/4005 4312/2572/4005 4314/2573/4005
f 4309/2479/4006 4311/2478/4006 4312/2574/4006 4310/2575/4006
f 4311/2478/4007 4313/2511/4007 4314/2576/4007 4312/2574/4007
f 4313/2511/4008 4315/2510/4008 4316/2577/4008 4314/2576/4008
f 4315/2510/4009 4317/2509/4009 4318/2578/4009 4316/2577/4009
f 4317/2509/4010 4319/2508/4010 4320/2579/4010 4318/2578/4010
f 4319/2508/4011 4321/2507/4011 4322/2580/4011 4320/2579/4011
f 4321/2507/4012 4323/2506/4012 4324/2581/4012 4322/2580/4012
f 4323/2506/4013 4325/2505/4013 4326/2582/4013 4324/2581/4013
f 4325/2505/4014 4327/2583/4014 4328/2584/4014 4326/2582/4014
f 4327/2583/4015 4329/2585/4015 4330/2586/4015 4328/2584/4015
f 4329/2585/4016 4331/2587/4016 4332/2588/4016 4330/2586/4016
f 4331/2587/4017 4333/2589/4017 4334/2590/4017 4332/2588/4017
f 4333/2589/4018 4335/2591/4018 4336/2592/4018 4334/2590/4018
f 4335/2591/4019 4337/2593/4019 4338/2594/4019 4336/2592/4019
f 4337/2593/4020 4339/2595/4020 4340/2596/4020 4338/2594/4020
f 4339/2595/4021 4341/2597/4021 4342/2598/4021 4340/2596/4021
f 4341/2597/4022 4343/2599/4022 4344/2600/4022 4342/2598/4022
f 4343/2599/4023 4345/2601/4023 4346/2602/4023 4344/2600/4023
f 4345/2601/4024 4347/2603/4024 4348/2604/4024 4346/2602/4024
f 4347/2603/4025 4349/2605/4025 4350/2606/4025 4348/2604/4025
f 4349/2605/4026 4351/2607/4026 4352/2608/4026 4350/2606/4026
f 4351/2607/4027 4353/2609/4027 4354/2610/4027 4352/2608/4027
f 4353/2609/4028 4355/2611/4028 4356/2612/4028 4354/2610/4028
f 4355/2611/4029 4357/2487/4029 4358/2613/4029 4356/2612/4029
f 4357/2487/4030 4359/2486/4030 4360/2614/4030 4358/2613/4030
f 4359/2486/4031 4361/2485/4031 4362/2615/4031 4360/2614/4031
f 4361/2485/4032 4363/2484/4032 4364/2616/4032 4362/2615/4032
f 4363/2484/4033 4365/2483/4033 4366/2617/4033 4364/2616/4033
f 4365/2483/4034 4367/2482/4034 4368/2618/4034 4366/2617/4034
f 4367/2482/4035 4369/2481/4035 4370/2619/4035 4368/2618/4035
f 4369/2481/4036 4371/2480/4036 4372/2620/4036 4370/2619/4036
f 4371/2480/4037 4309/2479/4037 4310/2575/4037 4372/2620/4037
f 4277/2358/4038 4308/2357/4038 4372/2621/4038 4310/2622/4038
f 4402/2623/3964 4401/2624/3964 4407/2625/3964 4408/2626/3964
f 4404/2627/3967 4403/2628/3967 4433/2629/3967 4434/2630/3967
f 4434/2630/3966 4433/2629/3966 4405/2631/3966 4406/2632/3966
f 4382/2633/3948 4381/2634/3948 4395/2635/3948 4396/2636/3948
f 4418/2637/3962 4417/2638/3962 4421/2639/3962 4422/2640/3962
f 4408/2626/3963 4407/2625/3963 4417/2638/3963 4418/2637/3963
f 4390/2641/3960 4389/2642/3960 4383/2643/3960 4384/2644/3960
f 4416/2645/3955 4415/2646/3955 4435/2647/3955 4436/2648/3955
f 4432/2649/3971 4431/2650/3971 4413/2651/3971 4414/2652/3971
f 4376/2653/3950 4375/2654/3950 4373/2655/3950 4374/2656/3950
f 4414/2652/3941 4413/2651/3941 4391/2657/3941 4392/2658/3941
f 4436/2648/3954 4435/2647/3954 4397/2659/3954 4398/2660/3954
f 4384/2644/3959 4383/2643/3959 4419/2661/3959 4420/2662/3959
f 4400/2663/3942 4399/2664/3942 4393/2665/3942 4394/2666/3942
f 4420/2662/3958 4419/2661/3958 4377/2667/3958 4378/2668/3958
f 4386/2669/3968 4385/2670/3968 4403/2628/3968 4404/2627/3968
f 4412/2671/3952 4411/2672/3952 4409/2673/3952 4410/2674/3952
f 4374/2656/3949 4373/2655/3949 4381/2634/3949 4382/2633/3949
f 4388/2675/3969 4387/2676/3969 4385/2670/3969 4386/2669/3969
f 4430/2677/3943 4429/2678/3943 4399/2664/3943 4400/2663/3943
f 4424/2679/3945 4423/2680/3945 4425/2681/3945 4426/2682/3945
f 4380/2683/3956 4379/2684/3956 4415/2685/3956 4416/2686/3956
f 4422/2640/3961 4421/2639/3961 4389/2642/3961 4390/2641/3961
f 4396/2636/3947 4395/2635/3947 4427/2687/3947 4428/2688/3947
f 4406/2632/3965 4405/2631/3965 4401/2624/3965 4402/2623/3965
f 4394/2666/3972 4393/2665/3972 4431/2650/3972 4432/2649/3972
f 4398/2660/3953 4397/2659/3953 4411/2672/3953 4412/2671/3953
f 4378/2668/3957 4377/2667/3957 4379/2684/3957 4380/2683/3957
f 4392/2658/3970 4391/2657/3970 4387/2676/3970 4388/2675/3970
f 4428/2688/3946 4427/2687/3946 4423/2680/3946 4424/2679/3946
f 4269/2470/3973 4396/2469/3973 4428/2689/3973 4424/2690/3973 4426/2691/3973 4430/2692/3973 4400/2693/3973 4394/2694/3973 4432/2695/3973 4414/2696/3973 4392/2697/3973 4388/2698/3973 4386/2699/3973 4404/2700/3973 4434/2701/3973 4406/2702/3973 4402/2703/3973 4408/2453/3973 4253/2452/3973 4254/2704/3973 4255/2705/3973 4256/2706/3973 4257/2707/3973 4258/2708/3973 4259/2709/3973 4260/2710/3973 4261/2711/3973 4262/2712/3973 4263/2713/3973 4264/2714/3973 4265/2715/3973 4266/2716/3973 4267/2717/3973 4268/2718/3973
f 4410/2674/3951 4409/2673/3951 4375/2654/3951 4376/2653/3951
f 4426/2682/3944 4425/2681/3944 4429/2678/3944 4430/2677/3944
f 4325/2505/3974 4407/2504/3974 4401/2719/3974 4405/2720/3974 4433/2721/3974 4403/2722/3974 4385/2723/3974 4387/2724/3974 4391/2725/3974 4413/2726/3974 4431/2727/3974 4393/2728/3974 4399/2729/3974 4429/2730/3974 4425/2731/3974 4423/2732/3974 4427/2733/3974 4395/2488/3974 4357/2487/3974 4355/2611/3974 4353/2609/3974 4351/2607/3974 4349/2605/3974 4347/2603/3974 4345/2601/3974 4343/2599/3974 4341/2597/3974 4339/2595/3974 4337/2593/3974 4335/2591/3974 4333/2589/3974 4331/2587/3974 4329/2585/3974 4327/2583/3974
o Outlet.001
v -0.030000 0.021000 -0.000000
v -0.030000 0.020933 0.000683
v -0.030000 0.020734 0.001339
v -0.030000 0.020410 0.001944
v -0.030000 0.019975 0.002475
v -0.030000 0.019445 0.002910
v -0.030000 0.018840 0.003233
v -0.030000 0.018183 0.003433
v -0.030000 0.017500 0.003500
v -0.030000 0.016817 0.003433
v -0.030000 0.016161 0.003233
v -0.030000 0.015556 0.002910
v -0.030000 0.015025 0.002475
v -0.030000 0.014590 0.001944
v -0.030000 0.014267 0.001339
v -0.030000 0.014067 0.000683
v -0.030000 0.014000 -0.000000
v -0.030000 0.014067 -0.000683
v -0.030000 0.014267 -0.001340
v -0.030000 0.014590 -0.001945
v -0.030000 0.015025 -0.002475
v -0.030000 0.015556 -0.002910
v -0.030000 0.016161 -0.003234
v -0.030000 0.016817 -0.003433
v -0.030000 0.017500 -0.003500
v -0.030000 0.018183 -0.003433
v -0.030000 0.018840 -0.003234
v -0.030000 0.019445 -0.002910
v -0.030000 0.019975 -0.002475
v -0.030000 0.020410 -0.001945
v -0.030000 0.020734 -0.001339
v -0.030000 0.020933 -0.000683
v -0.038036 0.021000 -0.000000
v -0.038036 0.020933 0.000683
v -0.038036 0.020734 0.001339
v -0.038036 0.020410 0.001944
v -0.038036 0.019975 0.002475
v -0.038036 0.019445 0.002910
v -0.038036 0.018840 0.003233
v -0.038036 0.018183 0.003433
v -0.038036 0.017500 0.003500
v -0.038036 0.016817 0.003433
v -0.038036 0.016161 0.003233
v -0.038036 0.015556 0.002910
v -0.038036 0.015025 0.002475
v -0.038036 0.014590 0.001944
v -0.038036 0.014267 0.001339
v -0.038036 0.014067 0.000683
v -0.038036 0.014000 -0.000000
v -0.038036 0.014067 -0.000683
v -0.038036 0.014267 -0.001340
v -0.038036 0.014590 -0.001945
v -0.038036 0.015025 -0.002475
v -0.038036 0.015556 -0.002910
v -0.038036 0.016161 -0.003234
v -0.038036 0.016817 -0.003433
v -0.038036 0.017500 -0.003500
v -0.038036 0.018183 -0.003433
v -0.038036 0.018840 -0.003234
v -0.038036 0.019445 -0.002910
v -0.038036 0.019975 -0.002475
v -0.038036 0.020410 -0.001945
v -0.038036 0.020734 -0.001339
v -0.038036 0.020933 -0.000683
v -0.050000 0.019893 -0.000000
v -0.048807 0.020478 -0.000000
v -0.050000 0.019847 0.000467
v -0.048807 0.020421 0.000581
v -0.050000 0.019710 0.000915
v -0.048807 0.020251 0.001139
v -0.050000 0.019489 0.001329
v -0.048807 0.019976 0.001654
v -0.050000 0.019192 0.001692
v -0.048807 0.019606 0.002106
v -0.050000 0.018829 0.001989
v -0.048807 0.019155 0.002476
v -0.050000 0.018416 0.002210
v -0.048807 0.018640 0.002751
v -0.050000 0.017967 0.002346
v -0.048807 0.018081 0.002920
v -0.050000 0.017500 0.002392
v -0.048807 0.017500 0.002978
v -0.050000 0.017033 0.002346
v -0.048807 0.016919 0.002920
v -0.050000 0.016585 0.002210
v -0.048807 0.016361 0.002751
v -0.050000 0.016171 0.001989
v -0.048807 0.015846 0.002476
v -0.050000 0.015808 0.001692
v -0.048807 0.015395 0.002106
v -0.050000 0.015511 0.001329
v -0.048807 0.015024 0.001654
v -0.050000 0.015290 0.000915
v -0.048807 0.014749 0.001139
v -0.050000 0.015154 0.000467
v -0.048807 0.014580 0.000581
v -0.050000 0.015108 -0.000000
v -0.048807 0.014522 -0.000000
v -0.050000 0.015154 -0.000467
v -0.048807 0.014580 -0.000581
v -0.050000 0.015290 -0.000916
v -0.048807 0.014749 -0.001140
v -0.050000 0.015511 -0.001329
v -0.048807 0.015024 -0.001654
v -0.050000 0.015808 -0.001692
v -0.048807 0.015395 -0.002106
v -0.050000 0.016171 -0.001989
v -0.048807 0.015846 -0.002476
v -0.050000 0.016585 -0.002210
v -0.048807 0.016361 -0.002751
v -0.050000 0.017033 -0.002347
v -0.048807 0.016919 -0.002921
v -0.050000 0.017500 -0.002393
v -0.048807 0.017500 -0.002978
v -0.050000 0.017967 -0.002347
v -0.048807 0.018081 -0.002921
v -0.050000 0.018416 -0.002210
v -0.048807 0.018640 -0.002751
v -0.050000 0.018829 -0.001989
v -0.048807 0.019155 -0.002476
v -0.050000 0.019192 -0.001692
v -0.048807 0.019606 -0.002106
v -0.050000 0.019489 -0.001329
v -0.048807 0.019976 -0.001654
v -0.050000 0.019710 -0.000916
v -0.048807 0.020251 -0.001140
v -0.050000 0.019847 -0.000467
v -0.048807 0.020421 -0.000581
v -0.050000 0.018074 -0.001386
v -0.030000 0.018074 -0.001386
v -0.050000 0.018333 -0.001247
v -0.030000 0.018333 -0.001247
v -0.050000 0.018886 0.000574
v -0.030000 0.018886 0.000574
v -0.050000 0.018971 0.000293
v -0.030000 0.018971 0.000293
v -0.050000 0.017792 -0.001471
v -0.030000 0.017792 -0.001471
v -0.050000 0.018560 0.001061
v -0.030000 0.018560 0.001061
v -0.050000 0.016253 0.000833
v -0.030000 0.016253 0.000833
v -0.050000 0.016114 0.000574
v -0.030000 0.016114 0.000574
v -0.050000 0.018333 0.001247
v -0.030000 0.018333 0.001247
v -0.050000 0.016029 0.000293
v -0.030000 0.016029 0.000293
v -0.050000 0.016114 -0.000574
v -0.030000 0.016114 -0.000574
v -0.050000 0.017500 -0.001500
v -0.030000 0.017500 -0.001500
v -0.050000 0.018886 -0.000574
v -0.030000 0.018886 -0.000574
v -0.050000 0.016253 -0.000833
v -0.030000 0.016253 -0.000833
v -0.050000 0.017207 0.001471
v -0.030000 0.017207 0.001471
v -0.050000 0.016439 0.001061
v -0.030000 0.016439 0.001061
v -0.050000 0.016926 0.001386
v -0.030000 0.016926 0.001386
v -0.050000 0.017500 0.001500
v -0.030000 0.017500 0.001500
v -0.050000 0.018560 -0.001061
v -0.030000 0.018560 -0.001061
v -0.050000 0.018747 -0.000833
v -0.030000 0.018747 -0.000833
v -0.050000 0.016000 -0.000000
v -0.030000 0.016000 -0.000000
v -0.050000 0.019000 -0.000000
v -0.030000 0.019000 -0.000000
v -0.050000 0.017792 0.001471
v -0.030000 0.017792 0.001471
v -0.050000 0.018747 0.000833
v -0.030000 0.018747 0.000833
v -0.050000 0.018074 0.001386
v -0.030000 0.018074 0.001386
v -0.050000 0.016926 -0.001386
v -0.030000 0.016926 -0.001386
v -0.050000 0.016666 -0.001247
v -0.030000 0.016666 -0.001247
v -0.050000 0.017207 -0.001471
v -0.030000 0.017207 -0.001471
v -0.050000 0.016439 -0.001061
v -0.030000 0.016439 -0.001061
v -0.050000 0.016029 -0.000293
v -0.030000 0.016029 -0.000293
v -0.050000 0.016666 0.001247
v -0.030000 0.016666 0.001247
v -0.050000 0.018971 -0.000293
v -0.030000 0.018971 -0.000293
vn -0.0000 0.9952 -0.0980
vn -0.0000 0.8819 0.4714
vn -0.0000 0.7730 0.6344
vn -0.0000 0.6344 0.7730
vn -0.0000 0.4714 0.8819
vn -0.0000 0.2903 0.9569
vn -0.0000 0.0980 0.9952
vn -0.0000 -0.0980 0.9952
vn -0.0000 -0.2903 0.9569
vn -0.0000 -0.4714 0.8819
vn -0.0000 -0.6344 0.7730
vn -0.0000 -0.7730 0.6344
vn -0.0000 -0.8819 0.4714
vn -0.0000 -0.9569 0.2903
vn -0.0000 -0.9952 0.0980
vn -0.0000 -0.9952 -0.0980
vn -0.0000 -0.9569 -0.2903
vn -0.0000 -0.8819 -0.4714
vn -0.0000 -0.7730 -0.6344
vn -0.0000 -0.6344 -0.7730
vn -0.0000 -0.4714 -0.8819
vn -0.0000 -0.2903 -0.9569
vn -0.0000 -0.0980 -0.9952
vn -0.0000 0.0980 -0.9952
vn -0.0000 0.2903 -0.9569
vn -0.0000 0.4714 -0.8819
vn -0.0000 0.6344 -0.7730
vn -0.0000 0.7730 -0.6344
vn -0.0000 0.8819 -0.4714
vn -0.0000 0.9569 -0.2903
vn -0.0000 0.9952 0.0980
vn -0.0000 0.9569 0.2903
vn 1.0000 -0.0000 -0.0000
vn -1.0000 -0.0000 -0.0000
vn -0.0482 0.8809 0.4708
vn -0.0482 0.7721 0.6337
vn -0.0482 0.6337 0.7721
vn -0.0482 0.4708 0.8809
vn -0.0482 0.2899 0.9558
vn -0.0482 0.0979 0.9940
vn -0.0482 -0.0979 0.9940
vn -0.0482 -0.2899 0.9558
vn -0.0482 -0.4708 0.8809
vn -0.0482 -0.6337 0.7721
vn -0.0482 -0.7721 0.6337
vn -0.0482 -0.8809 0.4708
vn -0.0482 -0.9558 0.2899
vn -0.0482 -0.9940 0.0979
vn -0.0482 -0.9940 -0.0979
vn -0.0482 -0.9558 -0.2899
vn -0.0482 -0.8809 -0.4708
vn -0.0482 -0.7721 -0.6337
vn -0.0482 -0.6337 -0.7721
vn -0.0482 -0.4708 -0.8809
vn -0.0482 -0.2899 -0.9558
vn -0.0482 -0.0979 -0.9940
vn -0.0482 0.0979 -0.9940
vn -0.0482 0.2899 -0.9558
vn -0.0482 0.4709 -0.8809
vn -0.0482 0.6337 -0.7721
vn -0.0482 0.7721 -0.6337
vn -0.0482 0.8809 -0.4708
vn -0.0482 0.9558 -0.2899
vn -0.0482 0.9940 0.0979
vn -0.0482 0.9558 0.2899
vn -0.4389 0.8942 0.0881
vn -0.4389 0.8599 0.2608
vn -0.4389 0.7925 0.4236
vn -0.4389 0.6946 0.5700
vn -0.4389 0.5700 0.6946
vn -0.4389 0.4236 0.7925
vn -0.4389 0.2608 0.8599
vn -0.4389 0.0881 0.8942
vn -0.4389 -0.0881 0.8942
vn -0.4389 -0.2608 0.8599
vn -0.4389 -0.4236 0.7925
vn -0.4389 -0.5700 0.6946
vn -0.4389 -0.6946 0.5700
vn -0.4389 -0.7925 0.4236
vn -0.4389 -0.8599 0.2608
vn -0.4389 -0.8942 0.0881
vn -0.4389 -0.8942 -0.0881
vn -0.4389 -0.8599 -0.2608
vn -0.4389 -0.7925 -0.4236
vn -0.4389 -0.6946 -0.5700
vn -0.4389 -0.5700 -0.6946
vn -0.4389 -0.4236 -0.7925
vn -0.4389 -0.2608 -0.8599
vn -0.4389 -0.0881 -0.8942
vn -0.4389 0.0881 -0.8942
vn -0.4389 0.2608 -0.8599
vn -0.4389 0.4236 -0.7925
vn -0.4389 0.5700 -0.6946
vn -0.4389 0.6946 -0.5700
vn -0.4389 0.7925 -0.4236
vn -0.4389 0.8599 -0.2608
vn -0.4389 0.8942 -0.0881
vn -0.0482 0.9940 -0.0979
vt 0.031250 0.500000
vt 0.031250 0.967016
vt 0.000000 0.967016
vt 0.000000 0.500000
vt 0.937500 0.500000
vt 0.937500 0.967016
vt 0.906250 0.967016
vt 0.906250 0.500000
vt 0.906250 0.967016
vt 0.875000 0.967016
vt 0.875000 0.500000
vt 0.875000 0.967016
vt 0.843750 0.967016
vt 0.843750 0.500000
vt 0.812500 0.967016
vt 0.812500 0.500000
vt 0.812500 0.967016
vt 0.781250 0.967016
vt 0.781250 0.500000
vt 0.750000 0.967016
vt 0.750000 0.500000
vt 0.750000 0.967016
vt 0.718750 0.967016
vt 0.718750 0.500000
vt 0.687500 0.967016
vt 0.687500 0.500000
vt 0.687500 0.967016
vt 0.656250 0.967016
vt 0.656250 0.500000
vt 0.656250 0.967016
vt 0.625000 0.967016
vt 0.625000 0.500000
vt 0.625000 0.967016
vt 0.593750 0.967016
vt 0.593750 0.500000
vt 0.593750 0.967016
vt 0.562500 0.967016
vt 0.562500 0.500000
vt 0.531250 0.967016
vt 0.531250 0.500000
vt 0.500000 0.967016
vt 0.500000 0.500000
vt 0.468750 0.967016
vt 0.468750 0.500000
vt 0.468750 0.967016
vt 0.437500 0.967016
vt 0.437500 0.500000
vt 0.406250 0.967016
vt 0.406250 0.500000
vt 0.406250 0.967016
vt 0.375000 0.967016
vt 0.375000 0.500000
vt 0.375000 0.967016
vt 0.343750 0.967016
vt 0.343750 0.500000
vt 0.343750 0.967016
vt 0.312500 0.967016
vt 0.312500 0.500000
vt 0.312500 0.967016
vt 0.281250 0.967016
vt 0.281250 0.500000
vt 0.250000 0.967016
vt 0.250000 0.500000
vt 0.218750 0.967016
vt 0.218750 0.500000
vt 0.218750 0.967016
vt 0.187500 0.967016
vt 0.187500 0.500000
vt 0.187500 0.967016
vt 0.156250 0.967016
vt 0.156250 0.500000
vt 0.156250 0.967016
vt 0.125000 0.967016
vt 0.125000 0.500000
vt 0.125000 0.967016
vt 0.093750 0.967016
vt 0.093750 0.500000
vt 0.093750 0.967016
vt 0.062500 0.967016
vt 0.062500 0.500000
vt 0.062500 0.967016
vt 0.031250 0.967016
vt 1.000000 0.500000
vt 1.000000 0.967016
vt 0.968750 0.967016
vt 0.968750 0.500000
vt 0.968750 0.967016
vt 0.937500 0.967016
vt 0.750000 0.490000
vt 0.796822 0.485388
vt 0.841844 0.471731
vt 0.883337 0.449553
vt 0.919706 0.419706
vt 0.949553 0.383337
vt 0.971731 0.341844
vt 0.985388 0.296822
vt 0.990000 0.250000
vt 0.852857 0.249971
vt 0.850881 0.270038
vt 0.845028 0.289333
vt 0.835522 0.307116
vt 0.822731 0.322702
vt 0.807144 0.335494
vt 0.789362 0.344999
vt 0.770067 0.350852
vt 0.750000 0.352829
vt 0.729934 0.350852
vt 0.710638 0.344999
vt 0.692856 0.335494
vt 0.677269 0.322702
vt 0.664477 0.307116
vt 0.654973 0.289333
vt 0.649119 0.270038
vt 0.647143 0.249972
vt 0.510000 0.250000
vt 0.514612 0.296822
vt 0.528269 0.341844
vt 0.550447 0.383337
vt 0.580295 0.419706
vt 0.616663 0.449553
vt 0.658156 0.471731
vt 0.703179 0.485389
vt 0.282005 0.410901
vt 0.250000 0.414053
vt 0.217995 0.410901
vt 0.187220 0.401565
vt 0.158857 0.386405
vt 0.133997 0.366003
vt 0.113595 0.341143
vt 0.098435 0.312781
vt 0.089099 0.282005
vt 0.085947 0.250000
vt 0.147143 0.249971
vt 0.149119 0.270038
vt 0.154972 0.289333
vt 0.164478 0.307116
vt 0.177269 0.322702
vt 0.192856 0.335494
vt 0.210638 0.344999
vt 0.229934 0.350852
vt 0.250000 0.352829
vt 0.270066 0.350852
vt 0.289362 0.344999
vt 0.307144 0.335494
vt 0.322731 0.322702
vt 0.335523 0.307116
vt 0.345027 0.289333
vt 0.350881 0.270038
vt 0.352857 0.249971
vt 0.414053 0.250000
vt 0.410901 0.282005
vt 0.401565 0.312780
vt 0.386405 0.341143
vt 0.366003 0.366003
vt 0.341143 0.386405
vt 0.312780 0.401565
vt 0.935169 0.996712
vt 0.908581 0.996712
vt 0.903919 0.996712
vt 0.877331 0.996712
vt 0.872669 0.996712
vt 0.846081 0.996712
vt 0.841419 0.996712
vt 0.814831 0.996712
vt 0.810169 0.996712
vt 0.783581 0.996712
vt 0.778919 0.996712
vt 0.752331 0.996712
vt 0.747669 0.996712
vt 0.721081 0.996712
vt 0.716419 0.996712
vt 0.689831 0.996712
vt 0.685169 0.996712
vt 0.658581 0.996712
vt 0.653919 0.996712
vt 0.627331 0.996712
vt 0.622669 0.996712
vt 0.596081 0.996712
vt 0.591419 0.996712
vt 0.564831 0.996712
vt 0.560169 0.996712
vt 0.533581 0.996712
vt 0.528919 0.996712
vt 0.502331 0.996712
vt 0.497669 0.996712
vt 0.471081 0.996712
vt 0.466419 0.996712
vt 0.439831 0.996712
vt 0.435169 0.996712
vt 0.408581 0.996712
vt 0.403919 0.996712
vt 0.377331 0.996712
vt 0.372669 0.996712
vt 0.346081 0.996712
vt 0.341419 0.996712
vt 0.314831 0.996712
vt 0.310169 0.996712
vt 0.283581 0.996712
vt 0.278919 0.996712
vt 0.252331 0.996712
vt 0.247669 0.996712
vt 0.221081 0.996712
vt 0.216419 0.996712
vt 0.189831 0.996712
vt 0.185169 0.996712
vt 0.158581 0.996712
vt 0.153919 0.996712
vt 0.127331 0.996712
vt 0.122669 0.996712
vt 0.096081 0.996712
vt 0.091419 0.996712
vt 0.064831 0.996712
vt 0.060169 0.996712
vt 0.033581 0.996712
vt 0.997669 0.996712
vt 0.971081 0.996712
vt 0.966419 0.996712
vt 0.939831 0.996712
vt 0.289062 0.446380
vt 0.250000 0.450227
vt 0.326624 0.434986
vt 0.361240 0.416483
vt 0.391582 0.391582
vt 0.416483 0.361240
vt 0.434986 0.326624
vt 0.446380 0.289062
vt 0.450227 0.250000
vt 0.410901 0.217995
vt 0.446380 0.210938
vt 0.401565 0.187220
vt 0.434986 0.173376
vt 0.386405 0.158857
vt 0.416483 0.138760
vt 0.366003 0.133997
vt 0.391582 0.108418
vt 0.341143 0.113595
vt 0.361240 0.083517
vt 0.312780 0.098435
vt 0.326624 0.065014
vt 0.282005 0.089099
vt 0.289062 0.053620
vt 0.250000 0.085947
vt 0.250000 0.049773
vt 0.217995 0.089099
vt 0.210938 0.053620
vt 0.187220 0.098435
vt 0.173376 0.065014
vt 0.158857 0.113595
vt 0.138760 0.083517
vt 0.133997 0.133997
vt 0.108418 0.108418
vt 0.113595 0.158857
vt 0.083517 0.138760
vt 0.098435 0.187220
vt 0.065014 0.173377
vt 0.089099 0.217995
vt 0.053620 0.210938
vt 0.049773 0.250000
vt 0.053620 0.289063
vt 0.065014 0.326624
vt 0.083517 0.361240
vt 0.108418 0.391582
vt 0.138760 0.416483
vt 0.173377 0.434986
vt 0.210938 0.446380
vt 0.028919 0.996712
vt 0.002331 0.996712
vt 0.718750 0.534906
vt 0.718750 0.668240
vt 0.750000 0.668240
vt 0.750000 0.534906
vt 0.625000 0.534906
vt 0.625000 0.668240
vt 0.656250 0.668240
vt 0.656250 0.534906
vt 0.687500 0.668240
vt 0.687500 0.534906
vt 0.218750 0.534906
vt 0.218750 0.668240
vt 0.250000 0.668240
vt 0.250000 0.534906
vt 0.781250 0.534906
vt 0.781250 0.668240
vt 0.812500 0.668240
vt 0.812500 0.534906
vt 0.843750 0.534906
vt 0.843750 0.668240
vt 0.875000 0.668240
vt 0.875000 0.534906
vt 0.000000 0.534906
vt 0.000000 0.668240
vt 0.031250 0.668240
vt 0.031250 0.534906
vt 0.468750 0.534906
vt 0.468750 0.668240
vt 0.500000 0.668240
vt 0.500000 0.534906
vt 0.156250 0.534906
vt 0.156250 0.668240
vt 0.187500 0.668240
vt 0.187500 0.534906
vt 0.531250 0.668240
vt 0.531250 0.534906
vt 0.062500 0.668240
vt 0.062500 0.534906
vt 0.906250 0.668240
vt 0.906250 0.534906
vt 0.406250 0.534907
vt 0.406250 0.668240
vt 0.437500 0.668240
vt 0.437500 0.534906
vt 0.937500 0.668240
vt 0.937500 0.534906
vt 0.593750 0.534906
vt 0.593750 0.668240
vt 0.093750 0.534906
vt 0.093750 0.668240
vt 0.125000 0.668240
vt 0.125000 0.534906
vt 0.562500 0.534906
vt 0.562500 0.668240
vt 0.375000 0.534907
vt 0.375000 0.668240
vt 0.312500 0.534907
vt 0.312500 0.668240
vt 0.343750 0.668240
vt 0.343750 0.534907
vt 0.968750 0.534907
vt 0.968750 0.668240
vt 1.000000 0.668240
vt 1.000000 0.534906
vt 0.281250 0.668240
vt 0.281250 0.534907
vt 0.649119 0.229905
vt 0.654972 0.210610
vt 0.664477 0.192827
vt 0.677269 0.177240
vt 0.692856 0.164449
vt 0.710638 0.154944
vt 0.729933 0.149091
vt 0.750000 0.147114
vt 0.770066 0.149091
vt 0.789362 0.154944
vt 0.807144 0.164449
vt 0.822731 0.177240
vt 0.835523 0.192827
vt 0.845028 0.210610
vt 0.850881 0.229905
vt 0.985388 0.203178
vt 0.971731 0.158156
vt 0.949553 0.116663
vt 0.919706 0.080294
vt 0.883337 0.050447
vt 0.841844 0.028269
vt 0.796822 0.014612
vt 0.750000 0.010000
vt 0.703178 0.014612
vt 0.658156 0.028269
vt 0.616663 0.050447
vt 0.580294 0.080294
vt 0.550447 0.116663
vt 0.528269 0.158156
vt 0.514611 0.203179
vt 0.350881 0.229905
vt 0.345028 0.210610
vt 0.335522 0.192827
vt 0.322731 0.177240
vt 0.307144 0.164449
vt 0.289362 0.154944
vt 0.270066 0.149091
vt 0.250000 0.147114
vt 0.229933 0.149091
vt 0.210638 0.154944
vt 0.192856 0.164449
vt 0.177269 0.177240
vt 0.164477 0.192827
vt 0.154972 0.210610
vt 0.149119 0.229905
s 0
usemtl Bronze-Material
f 4468/2734/4039 4500/2735/4039 4469/2736/4039 4437/2737/4039
f 4439/2738/4040 4471/2739/4040 4472/2740/4040 4440/2741/4040
f 4440/2741/4041 4472/2742/4041 4473/2743/4041 4441/2744/4041
f 4441/2744/4042 4473/2745/4042 4474/2746/4042 4442/2747/4042
f 4442/2747/4043 4474/2746/4043 4475/2748/4043 4443/2749/4043
f 4443/2749/4044 4475/2750/4044 4476/2751/4044 4444/2752/4044
f 4444/2752/4045 4476/2751/4045 4477/2753/4045 4445/2754/4045
f 4445/2754/4046 4477/2755/4046 4478/2756/4046 4446/2757/4046
f 4446/2757/4047 4478/2756/4047 4479/2758/4047 4447/2759/4047
f 4447/2759/4048 4479/2760/4048 4480/2761/4048 4448/2762/4048
f 4448/2762/4049 4480/2763/4049 4481/2764/4049 4449/2765/4049
f 4449/2765/4050 4481/2766/4050 4482/2767/4050 4450/2768/4050
f 4450/2768/4051 4482/2769/4051 4483/2770/4051 4451/2771/4051
f 4451/2771/4052 4483/2770/4052 4484/2772/4052 4452/2773/4052
f 4452/2773/4053 4484/2772/4053 4485/2774/4053 4453/2775/4053
f 4453/2775/4054 4485/2774/4054 4486/2776/4054 4454/2777/4054
f 4454/2777/4055 4486/2778/4055 4487/2779/4055 4455/2780/4055
f 4455/2780/4056 4487/2779/4056 4488/2781/4056 4456/2782/4056
f 4456/2782/4057 4488/2783/4057 4489/2784/4057 4457/2785/4057
f 4457/2785/4058 4489/2786/4058 4490/2787/4058 4458/2788/4058
f 4458/2788/4059 4490/2789/4059 4491/2790/4059 4459/2791/4059
f 4459/2791/4060 4491/2792/4060 4492/2793/4060 4460/2794/4060
f 4460/2794/4061 4492/2793/4061 4493/2795/4061 4461/2796/4061
f 4461/2796/4062 4493/2795/4062 4494/2797/4062 4462/2798/4062
f 4462/2798/4063 4494/2799/4063 4495/2800/4063 4463/2801/4063
f 4463/2801/4064 4495/2802/4064 4496/2803/4064 4464/2804/4064
f 4464/2804/4065 4496/2805/4065 4497/2806/4065 4465/2807/4065
f 4465/2807/4066 4497/2808/4066 4498/2809/4066 4466/2810/4066
f 4466/2810/4067 4498/2811/4067 4499/2812/4067 4467/2813/4067
f 4467/2813/4068 4499/2814/4068 4500/2815/4068 4468/2734/4068
f 4437/2816/4069 4469/2817/4069 4470/2818/4069 4438/2819/4069
f 4438/2819/4070 4470/2820/4070 4471/2821/4070 4439/2738/4070
f 4437/2822/4071 4438/2823/4071 4439/2824/4071 4440/2825/4071 4441/2826/4071 4442/2827/4071 4443/2828/4071 4444/2829/4071 4445/2830/4071 4600/2831/4071 4610/2832/4071 4614/2833/4071 4582/2834/4071 4576/2835/4071 4612/2836/4071 4570/2837/4071 4572/2838/4071 4608/2839/4071 4628/2840/4071 4590/2841/4071 4604/2842/4071 4602/2843/4071 4568/2844/4071 4566/2845/4071 4574/2846/4071 4588/2847/4071 4461/2848/4071 4462/2849/4071 4463/2850/4071 4464/2851/4071 4465/2852/4071 4466/2853/4071 4467/2854/4071 4468/2855/4071
f 4503/2856/4072 4501/2857/4072 4563/2858/4072 4561/2859/4072 4559/2860/4072 4557/2861/4072 4555/2862/4072 4553/2863/4072 4551/2864/4072 4549/2865/4072 4587/2866/4072 4573/2867/4072 4565/2868/4072 4567/2869/4072 4601/2870/4072 4603/2871/4072 4589/2872/4072 4627/2873/4072 4607/2874/4072 4571/2875/4072 4569/2876/4072 4611/2877/4072 4575/2878/4072 4581/2879/4072 4613/2880/4072 4609/2881/4072 4599/2882/4072 4517/2883/4072 4515/2884/4072 4513/2885/4072 4511/2886/4072 4509/2887/4072 4507/2888/4072 4505/2889/4072
f 4472/2740/4073 4471/2739/4073 4506/2890/4073 4508/2891/4073
f 4473/2743/4074 4472/2742/4074 4508/2892/4074 4510/2893/4074
f 4474/2746/4075 4473/2745/4075 4510/2894/4075 4512/2895/4075
f 4475/2748/4076 4474/2746/4076 4512/2896/4076 4514/2897/4076
f 4476/2751/4077 4475/2750/4077 4514/2898/4077 4516/2899/4077
f 4477/2753/4078 4476/2751/4078 4516/2900/4078 4518/2901/4078
f 4478/2756/4079 4477/2755/4079 4518/2902/4079 4520/2903/4079
f 4479/2758/4080 4478/2756/4080 4520/2904/4080 4522/2905/4080
f 4480/2761/4081 4479/2760/4081 4522/2906/4081 4524/2907/4081
f 4481/2764/4082 4480/2763/4082 4524/2908/4082 4526/2909/4082
f 4482/2767/4083 4481/2766/4083 4526/2910/4083 4528/2911/4083
f 4483/2770/4084 4482/2769/4084 4528/2912/4084 4530/2913/4084
f 4484/2772/4085 4483/2770/4085 4530/2914/4085 4532/2915/4085
f 4485/2774/4086 4484/2772/4086 4532/2916/4086 4534/2917/4086
f 4486/2776/4087 4485/2774/4087 4534/2918/4087 4536/2919/4087
f 4487/2779/4088 4486/2778/4088 4536/2920/4088 4538/2921/4088
f 4488/2781/4089 4487/2779/4089 4538/2922/4089 4540/2923/4089
f 4489/2784/4090 4488/2783/4090 4540/2924/4090 4542/2925/4090
f 4490/2787/4091 4489/2786/4091 4542/2926/4091 4544/2927/4091
f 4491/2790/4092 4490/2789/4092 4544/2928/4092 4546/2929/4092
f 4492/2793/4093 4491/2792/4093 4546/2930/4093 4548/2931/4093
f 4493/2795/4094 4492/2793/4094 4548/2932/4094 4550/2933/4094
f 4494/2797/4095 4493/2795/4095 4550/2934/4095 4552/2935/4095
f 4495/2800/4096 4494/2799/4096 4552/2936/4096 4554/2937/4096
f 4496/2803/4097 4495/2802/4097 4554/2938/4097 4556/2939/4097
f 4497/2806/4098 4496/2805/4098 4556/2940/4098 4558/2941/4098
f 4498/2809/4099 4497/2808/4099 4558/2942/4099 4560/2943/4099
f 4499/2812/4100 4498/2811/4100 4560/2944/4100 4562/2945/4100
f 4500/2815/4101 4499/2814/4101 4562/2946/4101 4564/2947/4101
f 4470/2818/4102 4469/2817/4102 4502/2948/4102 4504/2949/4102
f 4471/2821/4103 4470/2820/4103 4504/2950/4103 4506/2951/4103
f 4501/2857/4104 4503/2856/4104 4504/2952/4104 4502/2953/4104
f 4503/2856/4105 4505/2889/4105 4506/2954/4105 4504/2952/4105
f 4505/2889/4106 4507/2888/4106 4508/2955/4106 4506/2954/4106
f 4507/2888/4107 4509/2887/4107 4510/2956/4107 4508/2955/4107
f 4509/2887/4108 4511/2886/4108 4512/2957/4108 4510/2956/4108
f 4511/2886/4109 4513/2885/4109 4514/2958/4109 4512/2957/4109
f 4513/2885/4110 4515/2884/4110 4516/2959/4110 4514/2958/4110
f 4515/2884/4111 4517/2883/4111 4518/2960/4111 4516/2959/4111
f 4517/2883/4112 4519/2961/4112 4520/2962/4112 4518/2960/4112
f 4519/2961/4113 4521/2963/4113 4522/2964/4113 4520/2962/4113
f 4521/2963/4114 4523/2965/4114 4524/2966/4114 4522/2964/4114
f 4523/2965/4115 4525/2967/4115 4526/2968/4115 4524/2966/4115
f 4525/2967/4116 4527/2969/4116 4528/2970/4116 4526/2968/4116
f 4527/2969/4117 4529/2971/4117 4530/2972/4117 4528/2970/4117
f 4529/2971/4118 4531/2973/4118 4532/2974/4118 4530/2972/4118
f 4531/2973/4119 4533/2975/4119 4534/2976/4119 4532/2974/4119
f 4533/2975/4120 4535/2977/4120 4536/2978/4120 4534/2976/4120
f 4535/2977/4121 4537/2979/4121 4538/2980/4121 4536/2978/4121
f 4537/2979/4122 4539/2981/4122 4540/2982/4122 4538/2980/4122
f 4539/2981/4123 4541/2983/4123 4542/2984/4123 4540/2982/4123
f 4541/2983/4124 4543/2985/4124 4544/2986/4124 4542/2984/4124
f 4543/2985/4125 4545/2987/4125 4546/2988/4125 4544/2986/4125
f 4545/2987/4126 4547/2989/4126 4548/2990/4126 4546/2988/4126
f 4547/2989/4127 4549/2865/4127 4550/2991/4127 4548/2990/4127
f 4549/2865/4128 4551/2864/4128 4552/2992/4128 4550/2991/4128
f 4551/2864/4129 4553/2863/4129 4554/2993/4129 4552/2992/4129
f 4553/2863/4130 4555/2862/4130 4556/2994/4130 4554/2993/4130
f 4555/2862/4131 4557/2861/4131 4558/2995/4131 4556/2994/4131
f 4557/2861/4132 4559/2860/4132 4560/2996/4132 4558/2995/4132
f 4559/2860/4133 4561/2859/4133 4562/2997/4133 4560/2996/4133
f 4561/2859/4134 4563/2858/4134 4564/2998/4134 4562/2997/4134
f 4563/2858/4135 4501/2857/4135 4502/2953/4135 4564/2998/4135
f 4469/2736/4136 4500/2735/4136 4564/2999/4136 4502/3000/4136
f 4594/3001/4062 4593/3002/4062 4599/3003/4062 4600/3004/4062
f 4596/3005/4065 4595/3006/4065 4625/3007/4065 4626/3008/4065
f 4626/3008/4064 4625/3007/4064 4597/3009/4064 4598/3010/4064
f 4574/3011/4046 4573/3012/4046 4587/3013/4046 4588/3014/4046
f 4610/3015/4060 4609/3016/4060 4613/3017/4060 4614/3018/4060
f 4600/3004/4061 4599/3003/4061 4609/3016/4061 4610/3015/4061
f 4582/3019/4058 4581/3020/4058 4575/3021/4058 4576/3022/4058
f 4608/3023/4053 4607/3024/4053 4627/3025/4053 4628/3026/4053
f 4624/3027/4069 4623/3028/4069 4605/3029/4069 4606/3030/4069
f 4568/3031/4048 4567/3032/4048 4565/3033/4048 4566/3034/4048
f 4606/3030/4039 4605/3029/4039 4583/3035/4039 4584/3036/4039
f 4628/3026/4052 4627/3025/4052 4589/3037/4052 4590/3038/4052
f 4576/3022/4057 4575/3021/4057 4611/3039/4057 4612/3040/4057
f 4592/3041/4040 4591/3042/4040 4585/3043/4040 4586/3044/4040
f 4612/3040/4056 4611/3039/4056 4569/3045/4056 4570/3046/4056
f 4578/3047/4066 4577/3048/4066 4595/3006/4066 4596/3005/4066
f 4604/3049/4050 4603/3050/4050 4601/3051/4050 4602/3052/4050
f 4566/3034/4047 4565/3033/4047 4573/3012/4047 4574/3011/4047
f 4580/3053/4067 4579/3054/4067 4577/3048/4067 4578/3047/4067
f 4622/3055/4041 4621/3056/4041 4591/3042/4041 4592/3041/4041
f 4616/3057/4043 4615/3058/4043 4617/3059/4043 4618/3060/4043
f 4572/3061/4054 4571/3062/4054 4607/3063/4054 4608/3064/4054
f 4614/3018/4059 4613/3017/4059 4581/3020/4059 4582/3019/4059
f 4588/3014/4045 4587/3013/4045 4619/3065/4045 4620/3066/4045
f 4598/3010/4063 4597/3009/4063 4593/3002/4063 4594/3001/4063
f 4586/3044/4070 4585/3043/4070 4623/3028/4070 4624/3027/4070
f 4590/3038/4051 4589/3037/4051 4603/3050/4051 4604/3049/4051
f 4570/3046/4055 4569/3045/4055 4571/3062/4055 4572/3061/4055
f 4584/3036/4068 4583/3035/4068 4579/3054/4068 4580/3053/4068
f 4620/3066/4044 4619/3065/4044 4615/3058/4044 4616/3057/4044
f 4461/2848/4071 4588/2847/4071 4620/3067/4071 4616/3068/4071 4618/3069/4071 4622/3070/4071 4592/3071/4071 4586/3072/4071 4624/3073/4071 4606/3074/4071 4584/3075/4071 4580/3076/4071 4578/3077/4071 4596/3078/4071 4626/3079/4071 4598/3080/4071 4594/3081/4071 4600/2831/4071 4445/2830/4071 4446/3082/4071 4447/3083/4071 4448/3084/4071 4449/3085/4071 4450/3086/4071 4451/3087/4071 4452/3088/4071 4453/3089/4071 4454/3090/4071 4455/3091/4071 4456/3092/4071 4457/3093/4071 4458/3094/4071 4459/3095/4071 4460/3096/4071
f 4602/3052/4049 4601/3051/4049 4567/3032/4049 4568/3031/4049
f 4618/3060/4042 4617/3059/4042 4621/3056/4042 4622/3055/4042
f 4517/2883/4072 4599/2882/4072 4593/3097/4072 4597/3098/4072 4625/3099/4072 4595/3100/4072 4577/3101/4072 4579/3102/4072 4583/3103/4072 4605/3104/4072 4623/3105/4072 4585/3106/4072 4591/3107/4072 4621/3108/4072 4617/3109/4072 4615/3110/4072 4619/3111/4072 4587/2866/4072 4549/2865/4072 4547/2989/4072 4545/2987/4072 4543/2985/4072 4541/2983/4072 4539/2981/4072 4537/2979/4072 4535/2977/4072 4533/2975/4072 4531/2973/4072 4529/2971/4072 4527/2969/4072 4525/2967/4072 4523/2965/4072 4521/2963/4072 4519/2961/4072
o Plug.009
v 0.042460 -0.015760 -0.005964
v 0.043070 -0.015717 -0.005856
v 0.042583 -0.015744 -0.005846
v 0.042742 -0.015730 -0.005785
v 0.042913 -0.015721 -0.005788
v 0.042185 -0.015280 -0.006358
v 0.042568 -0.014842 -0.006573
v 0.042221 -0.015113 -0.006363
v 0.042307 -0.014971 -0.006406
v 0.042429 -0.014876 -0.006480
v 0.042437 -0.015553 -0.005998
v 0.043031 -0.015382 -0.005911
v 0.042553 -0.015489 -0.005890
v 0.042707 -0.015434 -0.005835
v 0.042875 -0.015396 -0.005843
v 0.042383 -0.015414 -0.006074
v 0.042923 -0.015099 -0.006066
v 0.042479 -0.015295 -0.005996
v 0.042615 -0.015193 -0.005967
v 0.042771 -0.015124 -0.005992
v 0.042303 -0.015321 -0.006188
v 0.042760 -0.014909 -0.006299
v 0.042368 -0.015166 -0.006154
v 0.042477 -0.015033 -0.006164
v 0.042615 -0.014943 -0.006214
v 0.040226 -0.015280 -0.009154
v 0.040560 -0.014842 -0.009440
v 0.040244 -0.015113 -0.009187
v 0.040314 -0.014971 -0.009252
v 0.040425 -0.014876 -0.009342
v 0.039951 -0.015760 -0.009548
v 0.040058 -0.015717 -0.010157
v 0.039882 -0.015744 -0.009703
v 0.039879 -0.015730 -0.009874
v 0.039941 -0.015721 -0.010033
v 0.040108 -0.015321 -0.009324
v 0.040368 -0.014909 -0.009715
v 0.040098 -0.015166 -0.009396
v 0.040144 -0.015033 -0.009495
v 0.040239 -0.014943 -0.009607
v 0.040028 -0.015414 -0.009438
v 0.040205 -0.015099 -0.009947
v 0.039987 -0.015295 -0.009554
v 0.040006 -0.015193 -0.009692
v 0.040083 -0.015124 -0.009830
v 0.039974 -0.015553 -0.009514
v 0.040096 -0.015382 -0.010102
v 0.039913 -0.015489 -0.009660
v 0.039914 -0.015434 -0.009823
v 0.039979 -0.015396 -0.009979
v 0.042185 -0.019655 -0.006358
v 0.042568 -0.020092 -0.006573
v 0.042221 -0.019822 -0.006363
v 0.042307 -0.019963 -0.006406
v 0.042429 -0.020058 -0.006480
v 0.042460 -0.019174 -0.005964
v 0.043069 -0.019217 -0.005856
v 0.042583 -0.019191 -0.005846
v 0.042742 -0.019205 -0.005785
v 0.042913 -0.019214 -0.005788
v 0.042303 -0.019614 -0.006188
v 0.042760 -0.020026 -0.006299
v 0.042368 -0.019769 -0.006154
v 0.042477 -0.019902 -0.006164
v 0.042615 -0.019992 -0.006214
v 0.042383 -0.019521 -0.006074
v 0.042923 -0.019836 -0.006066
v 0.042479 -0.019640 -0.005996
v 0.042615 -0.019741 -0.005967
v 0.042771 -0.019810 -0.005992
v 0.042437 -0.019381 -0.005998
v 0.043031 -0.019552 -0.005911
v 0.042553 -0.019446 -0.005890
v 0.042707 -0.019501 -0.005835
v 0.042875 -0.019538 -0.005843
v 0.039951 -0.019174 -0.009548
v 0.040058 -0.019217 -0.010157
v 0.039882 -0.019191 -0.009703
v 0.039879 -0.019205 -0.009874
v 0.039941 -0.019214 -0.010033
v 0.040226 -0.019655 -0.009154
v 0.040560 -0.020092 -0.009440
v 0.040244 -0.019822 -0.009187
v 0.040314 -0.019963 -0.009252
v 0.040425 -0.020058 -0.009342
v 0.039974 -0.019381 -0.009514
v 0.040096 -0.019552 -0.010102
v 0.039913 -0.019446 -0.009660
v 0.039914 -0.019501 -0.009823
v 0.039979 -0.019538 -0.009979
v 0.040028 -0.019521 -0.009438
v 0.040205 -0.019836 -0.009947
v 0.039987 -0.019640 -0.009554
v 0.040006 -0.019741 -0.009692
v 0.040083 -0.019810 -0.009830
v 0.040108 -0.019614 -0.009324
v 0.040368 -0.020026 -0.009715
v 0.040098 -0.019769 -0.009396
v 0.040144 -0.019902 -0.009495
v 0.040239 -0.019992 -0.009607
v 0.027428 -0.017467 -0.010541
v 0.038034 -0.017467 -0.009477
v 0.040086 -0.017467 -0.010914
v 0.042583 -0.019217 -0.011925
v 0.042583 -0.015717 -0.011925
v 0.042621 -0.015382 -0.011870
v 0.042621 -0.019552 -0.011870
v 0.042893 -0.014909 -0.011482
v 0.042730 -0.015099 -0.011715
v 0.042730 -0.019836 -0.011715
v 0.042893 -0.020026 -0.011482
v 0.043085 -0.020092 -0.011208
v 0.043085 -0.014842 -0.011208
v 0.045092 -0.020092 -0.008341
v 0.045092 -0.014842 -0.008341
v 0.045284 -0.014909 -0.008067
v 0.045447 -0.015099 -0.007834
v 0.045556 -0.015382 -0.007679
v 0.045594 -0.015717 -0.007624
v 0.045594 -0.019217 -0.007624
v 0.045556 -0.019552 -0.007679
v 0.045447 -0.019836 -0.007834
v 0.045284 -0.020026 -0.008067
v 0.027428 -0.020092 -0.010541
v 0.027428 -0.020967 -0.009644
v 0.027428 -0.020427 -0.010472
v 0.027428 -0.020711 -0.010278
v 0.027428 -0.020901 -0.009987
v 0.038934 -0.020967 -0.008490
v 0.038034 -0.020092 -0.009477
v 0.038635 -0.020901 -0.008818
v 0.038359 -0.020711 -0.009121
v 0.038147 -0.020427 -0.009352
v 0.042996 -0.020967 -0.011334
v 0.041699 -0.020092 -0.012043
v 0.042237 -0.020092 -0.012420
v 0.042665 -0.020901 -0.011721
v 0.042302 -0.020711 -0.011992
v 0.041963 -0.020427 -0.012105
v 0.027428 -0.020967 -0.004416
v 0.027428 -0.020092 -0.003541
v 0.027428 -0.020901 -0.004081
v 0.027428 -0.020711 -0.003797
v 0.027428 -0.020427 -0.003607
v 0.045941 -0.020092 -0.007129
v 0.045181 -0.020967 -0.008215
v 0.045460 -0.020471 -0.007817
v 0.045883 -0.020427 -0.007212
v 0.045718 -0.020711 -0.007447
v 0.045472 -0.020901 -0.007799
v 0.037651 -0.020967 -0.004510
v 0.037835 -0.020092 -0.003637
v 0.037721 -0.020901 -0.004177
v 0.037781 -0.020711 -0.003894
v 0.037820 -0.020427 -0.003704
v 0.041511 -0.020967 -0.005645
v 0.043116 -0.020092 -0.005151
v 0.042125 -0.020901 -0.005456
v 0.042645 -0.020711 -0.005296
v 0.042993 -0.020427 -0.005189
v 0.040723 -0.020967 -0.005154
v 0.042152 -0.020092 -0.004551
v 0.041266 -0.020901 -0.004925
v 0.041729 -0.020711 -0.004730
v 0.042040 -0.020427 -0.004598
v 0.039814 -0.020967 -0.004815
v 0.040864 -0.020092 -0.004070
v 0.040213 -0.020901 -0.004531
v 0.040553 -0.020711 -0.004290
v 0.040781 -0.020427 -0.004128
v 0.038789 -0.020967 -0.004598
v 0.039376 -0.020092 -0.003755
v 0.039012 -0.020901 -0.004277
v 0.039202 -0.020711 -0.004005
v 0.039330 -0.020427 -0.003821
v 0.027428 -0.014842 -0.003541
v 0.027428 -0.013967 -0.004416
v 0.027428 -0.014507 -0.003607
v 0.027428 -0.014224 -0.003797
v 0.027428 -0.014034 -0.004081
v 0.037651 -0.013967 -0.004510
v 0.037835 -0.014842 -0.003637
v 0.037721 -0.014034 -0.004177
v 0.037781 -0.014224 -0.003894
v 0.037820 -0.014507 -0.003704
v 0.045181 -0.013967 -0.008215
v 0.045941 -0.014842 -0.007129
v 0.045472 -0.014034 -0.007799
v 0.045718 -0.014224 -0.007447
v 0.045883 -0.014507 -0.007212
v 0.039376 -0.014842 -0.003755
v 0.038789 -0.013967 -0.004598
v 0.039330 -0.014507 -0.003821
v 0.039202 -0.014224 -0.004005
v 0.039012 -0.014034 -0.004277
v 0.040864 -0.014842 -0.004070
v 0.039814 -0.013967 -0.004815
v 0.040782 -0.014507 -0.004128
v 0.040553 -0.014224 -0.004290
v 0.040213 -0.014034 -0.004531
v 0.042153 -0.014842 -0.004551
v 0.040723 -0.013967 -0.005154
v 0.042040 -0.014507 -0.004598
v 0.041729 -0.014224 -0.004730
v 0.041266 -0.014034 -0.004925
v 0.043116 -0.014842 -0.005151
v 0.041511 -0.013967 -0.005645
v 0.042993 -0.014507 -0.005189
v 0.042645 -0.014224 -0.005296
v 0.042125 -0.014034 -0.005456
v 0.027428 -0.013967 -0.009644
v 0.027428 -0.014842 -0.010541
v 0.027428 -0.014034 -0.009987
v 0.027428 -0.014224 -0.010278
v 0.027428 -0.014507 -0.010472
v 0.038934 -0.013967 -0.008490
v 0.038034 -0.014842 -0.009477
v 0.038635 -0.014034 -0.008818
v 0.038359 -0.014224 -0.009121
v 0.038147 -0.014507 -0.009352
v 0.041699 -0.014842 -0.012043
v 0.042996 -0.013967 -0.011334
v 0.042718 -0.014464 -0.011732
v 0.042237 -0.014842 -0.012420
v 0.041963 -0.014507 -0.012105
v 0.042302 -0.014224 -0.011992
v 0.042665 -0.014034 -0.011721
vn -0.0000 -1.0000 -0.0000
vn -0.5736 -0.0000 -0.8192
vn 0.5736 -0.0000 0.8192
vn 0.5626 0.1951 0.8034
vn -0.0000 1.0000 -0.0000
vn 0.1119 0.9808 0.1598
vn 0.3187 0.8315 0.4551
vn 0.4769 0.5556 0.6811
vn 0.7806 -0.1929 -0.5945
vn 0.6155 -0.5454 -0.5689
vn 0.3609 -0.8128 -0.4574
vn 0.0561 -0.9596 -0.2757
vn 0.7398 -0.1646 -0.6523
vn 0.5019 -0.4640 -0.7299
vn 0.1939 -0.6893 -0.6980
vn -0.1401 -0.8130 -0.5651
vn 0.7085 -0.1100 -0.6971
vn 0.4136 -0.3100 -0.8560
vn 0.0627 -0.4606 -0.8854
vn -0.2948 -0.5433 -0.7861
vn 0.6925 -0.0392 -0.7204
vn 0.3675 -0.1130 -0.9231
vn -0.0091 -0.1677 -0.9858
vn -0.3832 -0.1937 -0.9031
vn 0.9138 -0.0392 -0.4043
vn 0.9932 -0.1130 -0.0296
vn 0.9232 -0.1677 0.3457
vn 0.7176 -0.1937 0.6690
vn 0.8974 -0.1100 -0.4274
vn 0.9459 -0.3100 -0.0959
vn 0.8534 -0.4606 0.2439
vn 0.6379 -0.5433 0.5459
vn 0.8660 -0.1646 -0.4721
vn 0.8576 -0.4640 -0.2220
vn 0.7222 -0.6893 0.0566
vn 0.4831 -0.8130 0.3249
vn 0.8256 -0.1929 -0.5303
vn 0.7452 -0.5454 -0.3838
vn 0.5532 -0.8128 -0.1827
vn 0.2783 -0.9596 0.0416
vn 0.1628 -0.9801 -0.1140
vn 0.4558 -0.8309 -0.3192
vn 0.6808 -0.5562 -0.4767
vn 0.8033 -0.1958 -0.5625
vn 0.6925 0.0392 -0.7204
vn 0.3675 0.1130 -0.9231
vn -0.0091 0.1677 -0.9858
vn -0.3832 0.1937 -0.9031
vn 0.7085 0.1100 -0.6971
vn 0.4136 0.3100 -0.8560
vn 0.0627 0.4606 -0.8854
vn -0.2948 0.5433 -0.7861
vn 0.7398 0.1646 -0.6523
vn 0.5019 0.4640 -0.7299
vn 0.1939 0.6893 -0.6980
vn -0.1401 0.8130 -0.5651
vn 0.7806 0.1929 -0.5945
vn 0.6155 0.5454 -0.5689
vn 0.3609 0.8128 -0.4574
vn 0.0561 0.9596 -0.2757
vn -0.3994 -0.0000 -0.9168
vn -0.0207 -0.0000 -0.9998
vn 0.3617 -0.0000 -0.9323
vn 0.6910 -0.0000 -0.7229
vn 0.9138 0.0392 -0.4043
vn 0.9932 0.1130 -0.0296
vn 0.9232 0.1677 0.3457
vn 0.7176 0.1937 0.6690
vn 0.8974 0.1100 -0.4274
vn 0.9459 0.3100 -0.0959
vn 0.8534 0.4606 0.2439
vn 0.6379 0.5433 0.5459
vn 0.8660 0.1646 -0.4721
vn 0.8576 0.4640 -0.2220
vn 0.7222 0.6893 0.0566
vn 0.4831 0.8130 0.3249
vn 0.8256 0.1929 -0.5303
vn 0.7452 0.5454 -0.3838
vn 0.5532 0.8128 -0.1827
vn 0.2783 0.9596 0.0416
vn 0.9156 -0.0000 -0.4021
vn 0.9998 -0.0000 -0.0211
vn 0.9324 -0.0000 0.3614
vn 0.7249 -0.0000 0.6888
vn 0.1628 0.9801 -0.1140
vn 0.4558 0.8309 -0.3192
vn 0.6808 0.5562 -0.4767
vn 0.8033 0.1958 -0.5625
vn 0.8192 -0.0000 -0.5736
vn 0.0998 -0.0000 -0.9950
vn -1.0000 -0.0000 -0.0000
vn 0.0092 -0.0000 1.0000
vn 0.3498 -0.0000 0.9368
vn 0.5288 -0.0000 0.8487
vn 0.0764 -0.0000 0.9971
vn -0.1119 -0.9808 -0.1598
vn -0.4769 -0.5556 -0.6811
vn 0.3187 -0.8315 0.4551
vn 0.1119 -0.9808 0.1598
vn 0.5626 -0.1951 0.8034
vn -0.1119 0.9808 -0.1598
vn 0.4769 -0.5556 0.6811
vn -0.4769 0.5556 -0.6811
vn -0.5626 -0.1951 -0.8034
vn -0.5626 0.1951 -0.8034
vn -0.3187 0.8315 -0.4551
vn -0.3187 -0.8315 -0.4551
vn 0.7306 -0.1818 -0.6581
vn 0.3222 -0.5155 -0.7940
vn -0.2135 -0.5710 -0.7927
vn -0.5492 -0.2884 -0.7844
vn 0.0984 -0.2599 -0.9606
vn 0.0854 -0.5771 -0.8122
vn 0.0585 -0.8286 -0.5568
vn 0.0208 -0.9788 -0.2036
vn -0.5374 -0.3741 -0.7558
vn -0.4027 -0.7274 -0.5556
vn -0.2416 -0.9112 -0.3336
vn -0.0806 -0.9903 -0.1134
vn 0.2071 -0.0000 0.9783
vn 0.8191 -0.0000 -0.5736
vn 0.0149 -0.9810 0.1932
vn 0.0430 -0.8340 0.5501
vn 0.0644 -0.5612 0.8251
vn 0.0754 -0.2018 0.9765
vn 0.0377 -0.9833 0.1782
vn 0.1090 -0.8499 0.5155
vn 0.1675 -0.5871 0.7920
vn 0.2021 -0.2171 0.9550
vn 0.0568 -0.9867 0.1521
vn 0.1687 -0.8760 0.4518
vn 0.2710 -0.6324 0.7257
vn 0.3394 -0.2423 0.9089
vn 0.0721 -0.9906 0.1161
vn 0.2210 -0.9074 0.3574
vn 0.3781 -0.6953 0.6112
vn 0.5065 -0.2809 0.8152
vn 0.0747 -0.9915 0.1067
vn 0.2316 -0.9149 0.3308
vn 0.4032 -0.7112 0.5759
vn 0.5492 -0.2886 0.7843
vn 0.0018 -0.9808 0.1953
vn 0.0052 -0.8314 0.5557
vn 0.0078 -0.5559 0.8312
vn 0.0091 -0.1962 0.9805
vn 0.0149 0.9810 0.1932
vn 0.0430 0.8340 0.5501
vn 0.0644 0.5612 0.8251
vn 0.0753 0.2018 0.9765
vn 0.0377 0.9833 0.1782
vn 0.1090 0.8499 0.5155
vn 0.1675 0.5871 0.7920
vn 0.2021 0.2171 0.9550
vn 0.0568 0.9867 0.1521
vn 0.1687 0.8760 0.4518
vn 0.2710 0.6323 0.7257
vn 0.3394 0.2423 0.9089
vn 0.0721 0.9906 0.1161
vn 0.2210 0.9074 0.3574
vn 0.3781 0.6954 0.6111
vn 0.5065 0.2809 0.8152
vn 0.0747 0.9915 0.1067
vn 0.2316 0.9149 0.3308
vn 0.4032 0.7112 0.5759
vn 0.5491 0.2886 0.7843
vn 0.0018 0.9808 0.1953
vn 0.0052 0.8314 0.5557
vn 0.0078 0.5559 0.8312
vn 0.0091 0.1962 0.9805
vn 0.3312 0.3702 -0.8679
vn 0.0984 0.2599 -0.9606
vn 0.0854 0.5771 -0.8122
vn 0.0585 0.8286 -0.5568
vn 0.0208 0.9788 -0.2036
vn -0.0806 0.9903 -0.1134
vn -0.2416 0.9112 -0.3336
vn -0.4027 0.7274 -0.5556
vn -0.5374 0.3741 -0.7558
vt 0.395833 0.541667
vt 0.395833 0.708333
vt 0.542603 0.708333
vt 0.542603 0.541667
vt 0.395833 0.291667
vt 0.395833 0.458333
vt 0.542603 0.458333
vt 0.542604 0.291667
vt 0.395833 0.791667
vt 0.395833 0.958333
vt 0.542603 0.958333
vt 0.542603 0.791667
vt 0.395833 0.958333
vt 0.395833 0.974278
vt 0.542603 0.974278
vt 0.542603 0.958333
vt 0.395833 0.041667
vt 0.395833 0.208333
vt 0.542604 0.208333
vt 0.542603 0.041667
vt 0.395833 0.025722
vt 0.395833 0.041667
vt 0.542603 0.025722
vt 0.395833 0.000000
vt 0.395833 0.025722
vt 0.542603 0.000000
vt 0.395833 0.974278
vt 0.395833 1.000000
vt 0.542603 1.000000
vt 0.542603 0.974278
vt 0.357341 0.540803
vt 0.364262 0.541125
vt 0.363712 0.527332
vt 0.356821 0.529515
vt 0.374980 0.541672
vt 0.373868 0.525503
vt 0.387856 0.541668
vt 0.386895 0.525662
vt 0.395833 0.541667
vt 0.394952 0.525722
vt 0.360720 0.514280
vt 0.353908 0.521092
vt 0.370875 0.504125
vt 0.384198 0.504084
vt 0.394952 0.525722
vt 0.392443 0.504068
vt 0.352997 0.505959
vt 0.347761 0.515903
vt 0.366772 0.485455
vt 0.380251 0.484331
vt 0.388689 0.483910
vt 0.336628 0.507986
vt 0.336279 0.515577
vt 0.363889 0.485143
vt 0.334565 0.499401
vt 0.367084 0.481949
vt 0.380325 0.483375
vt 0.387788 0.458584
vt 0.374681 0.459285
vt 0.388689 0.483910
vt 0.395833 0.458333
vt 0.335893 0.732593
vt 0.336378 0.740814
vt 0.352815 0.743013
vt 0.347467 0.732510
vt 0.334565 0.750599
vt 0.363892 0.764854
vt 0.374681 0.790715
vt 0.387788 0.791416
vt 0.380328 0.766622
vt 0.367086 0.768048
vt 0.395833 0.791667
vt 0.388691 0.766087
vt 0.360569 0.734748
vt 0.353654 0.727399
vt 0.366775 0.764541
vt 0.370882 0.745867
vt 0.380254 0.765666
vt 0.384205 0.745908
vt 0.388691 0.766087
vt 0.392450 0.745924
vt 0.363573 0.721689
vt 0.356582 0.718961
vt 0.373871 0.724494
vt 0.386898 0.724334
vt 0.392450 0.745924
vt 0.394955 0.724275
vt 0.364119 0.707797
vt 0.357097 0.707527
vt 0.374980 0.708328
vt 0.387856 0.708332
vt 0.394955 0.724275
vt 0.395833 0.708333
vt 0.220904 0.464475
vt 0.212831 0.465254
vt 0.254619 0.410124
vt 0.239854 0.434606
vt 0.171638 0.494474
vt 0.290004 0.362920
vt 0.372218 0.293895
vt 0.387225 0.292253
vt 0.322155 0.350287
vt 0.305976 0.346948
vt 0.395833 0.291667
vt 0.333538 0.351538
vt 0.266140 0.388548
vt 0.244385 0.424565
vt 0.299900 0.350454
vt 0.295802 0.337458
vt 0.320715 0.351243
vt 0.316774 0.337416
vt 0.329788 0.337401
vt 0.243862 0.410314
vt 0.230741 0.439285
vt 0.292960 0.325729
vt 0.314109 0.325023
vt 0.329788 0.337401
vt 0.327274 0.324759
vt 0.185094 0.487716
vt 0.199705 0.481811
vt 0.279869 0.341389
vt 0.131243 0.533594
vt 0.299036 0.315833
vt 0.315548 0.322327
vt 0.387161 0.209474
vt 0.371938 0.212667
vt 0.327274 0.324759
vt 0.395833 0.208333
vt 0.387861 0.291826
vt 0.387861 0.458174
vt 0.375000 0.292272
vt 0.375000 0.457728
vt 0.167272 0.500000
vt 0.332728 0.500000
vt 0.159834 0.726224
vt 0.156477 0.733912
vt 0.168597 0.736456
vt 0.169735 0.728162
vt 0.152088 0.746928
vt 0.166079 0.749876
vt 0.375000 0.973056
vt 0.387861 0.973945
vt 0.387861 0.958490
vt 0.375000 0.958927
vt 0.153226 0.721774
vt 0.147311 0.727689
vt 0.138600 0.738129
vt 0.149858 0.745963
vt 0.375000 0.998028
vt 0.387861 0.999463
vt 0.387861 0.974816
vt 0.375000 0.976250
vt 0.148832 0.715109
vt 0.141134 0.718476
vt 0.129049 0.725129
vt 0.136872 0.736399
vt 0.375000 0.023750
vt 0.387861 0.025184
vt 0.387861 0.000537
vt 0.375000 0.001972
vt 0.146981 0.705122
vt 0.138653 0.706295
vt 0.125124 0.708920
vt 0.128085 0.722899
vt 0.375000 0.041073
vt 0.387861 0.041511
vt 0.387861 0.026055
vt 0.375000 0.026944
vt 0.167272 0.750000
vt 0.332728 0.750000
vt 0.375000 0.957728
vt 0.387861 0.958174
vt 0.387861 0.791826
vt 0.375000 0.792272
vt 0.387861 0.041826
vt 0.387861 0.208174
vt 0.375000 0.042272
vt 0.375000 0.207728
vt 0.125000 0.707728
vt 0.125000 0.542272
vt 0.750000 0.625000
vt 0.843750 0.625000
vt 0.843750 0.750000
vt 0.750000 0.750000
vt 0.000000 0.000000
vt 0.375000 0.781250
vt 0.362925 0.756349
vt 0.378036 0.752813
vt 0.394289 0.750747
vt 0.406257 0.750000
vt 0.592985 0.750000
vt 0.605242 0.750745
vt 0.621889 0.751964
vt 0.637056 0.756127
vt 0.625000 0.781250
vt 0.625000 0.875000
vt 0.625000 0.968750
vt 0.777994 0.826651
vt 0.788541 0.829311
vt 0.745552 0.832540
vt 0.592985 1.000000
vt 0.406257 1.000000
vt 0.253383 0.832513
vt 0.211447 0.830092
vt 0.222013 0.826844
vt 0.375000 0.968750
vt 0.156250 0.579262
vt 0.343750 0.579262
vt 0.343750 0.750000
vt 0.156250 0.750000
vt 0.343750 0.529258
vt 0.156250 0.529258
vt 0.156250 0.500000
vt 0.343750 0.500000
vt 0.409188 0.468750
vt 0.409187 0.281250
vt 0.437974 0.281250
vt 0.437976 0.468750
vt 0.467618 0.281250
vt 0.467619 0.468750
vt 0.778954 0.750000
vt 0.525023 0.444191
vt 0.095924 0.051283
vt 0.371693 0.198717
vt 0.381684 0.333980
vt 0.328656 0.382373
vt 0.257826 0.456636
vt 0.217242 0.510675
vt 0.206061 0.543551
vt 0.218770 0.750000
vt 0.343750 0.579262
vt 0.156250 0.579262
vt 0.156250 0.553893
vt 0.343750 0.553893
vt 0.406869 0.229576
vt 0.360512 0.213990
vt 0.384757 0.230282
vt 0.405311 0.248741
vt 0.419045 0.266846
vt 0.423867 0.281255
vt 0.423868 0.398575
vt 0.419046 0.405249
vt 0.405312 0.401327
vt 0.384758 0.386820
vt 0.360513 0.364226
vt 0.107091 0.104509
vt 0.060746 0.059281
vt 0.095925 0.102567
vt 0.371696 0.397434
vt 0.408405 0.436025
vt 0.458255 0.487230
vt 0.465651 0.478251
vt 0.542964 0.525722
vt 0.545526 0.483910
vt 0.543990 0.504068
vt 0.542962 0.724275
vt 0.543987 0.745924
vt 0.542963 0.724275
vt 0.545525 0.766087
vt 0.060746 0.059281
vt 0.082846 0.079537
vt 0.062292 0.058256
vt 0.048558 0.044196
vt 0.043736 0.038912
vt 0.043736 0.031235
vt 0.048558 0.033685
vt 0.062292 0.041653
vt 0.082846 0.053338
vt 0.107091 0.067251
vt 0.371693 0.198717
vt 0.542604 0.208333
vt 0.570644 0.324759
vt 0.569616 0.337401
vt 0.568082 0.351538
vt 0.545526 0.483910
vt 0.064488 0.036230
vt 0.051675 0.034188
vt 0.070074 0.050355
vt 0.111918 0.079942
vt 0.867184 0.632720
vt 0.875000 0.625000
vt 0.589030 0.476556
vt 0.015004 0.011037
vt 0.086061 0.061472
vt 0.156250 0.553893
vt 0.156250 0.529258
vt 0.468315 0.269291
vt 0.470303 0.259153
vt 0.473277 0.252379
vt 0.476785 0.250000
vt 0.179997 0.528540
vt 0.173420 0.558534
vt 0.125000 0.553942
vt 0.125000 0.579266
vt 0.144291 0.553906
vt 0.144291 0.579263
vt 0.225514 0.467072
vt 0.125000 0.530353
vt 0.144291 0.529548
vt 0.341785 0.350001
vt 0.396780 0.262192
vt 0.137412 0.517061
vt 0.125000 0.527980
vt 0.125000 0.501277
vt 0.144291 0.500339
vt 0.144291 0.528919
vt 0.401765 0.301325
vt 0.437883 0.250000
vt 0.410467 0.250000
vt 0.437951 0.269291
vt 0.409527 0.269291
vt 0.408402 0.218342
vt 0.467617 0.250000
vt 0.656250 0.625000
vt 0.656250 0.750000
vt 0.390725 0.557360
vt 0.391241 0.576429
vt 0.384808 0.577440
vt 0.384267 0.555936
vt 0.375000 0.579266
vt 0.375000 0.553942
vt 0.355709 0.579263
vt 0.355709 0.553906
vt 0.393073 0.539614
vt 0.385695 0.534952
vt 0.375000 0.529166
vt 0.355709 0.529233
vt 0.401671 0.524378
vt 0.395374 0.516506
vt 0.375000 0.501278
vt 0.355709 0.500339
vt 0.418384 0.513987
vt 0.422120 0.508391
vt 0.377800 0.500000
vt 0.437384 0.500000
vt 0.437705 0.500000
vt 0.410468 0.500000
vt 0.409527 0.480709
vt 0.437905 0.480709
vt 0.438064 0.500000
vt 0.437999 0.480709
vt 0.011485 0.011037
vt 0.041734 0.040701
vt 0.082056 0.081538
vt 0.129939 0.129939
vt 0.653707 0.632720
vt 0.625000 0.625000
vt 0.469674 0.519425
vt 0.440283 0.502716
vt 0.095925 0.102567
vt 0.063413 0.067903
vt 0.061473 0.061473
s 0
usemtl Connector-Material
f 4635/3112/4137 4655/3113/4137 4741/3114/4137 4743/3115/4137
f 4685/3116/4138 4630/3117/4138 4747/3118/4138 4748/3119/4138
f 4660/3120/4139 4705/3121/4139 4732/3122/4139 4733/3123/4139
f 4705/3124/4140 4715/3125/4140 4735/3126/4140 4732/3127/4140
f 4710/3128/4141 4680/3129/4141 4742/3130/4141 4740/3131/4141
f 4725/3132/4142 4710/3133/4142 4740/3131/4142 4739/3134/4142
f 4720/3135/4143 4725/3136/4143 4739/3134/4143 4738/3137/4143
f 4715/3138/4144 4720/3139/4144 4738/3140/4144 4735/3141/4144
f 4634/3142/4145 4636/3143/4145 4651/3144/4145 4649/3145/4145
f 4636/3143/4146 4637/3146/4146 4652/3147/4146 4651/3144/4146
f 4637/3146/4147 4638/3148/4147 4653/3149/4147 4652/3147/4147
f 4638/3148/4148 4635/3150/4148 4650/3151/4148 4653/3149/4148
f 4649/3145/4149 4651/3144/4149 4646/3152/4149 4644/3153/4149
f 4651/3144/4150 4652/3147/4150 4647/3154/4150 4646/3152/4150
f 4652/3147/4151 4653/3149/4151 4648/3155/4151 4647/3154/4151
f 4653/3149/4152 4650/3156/4152 4645/3157/4152 4648/3155/4152
f 4644/3153/4153 4646/3152/4153 4641/3158/4153 4639/3159/4153
f 4646/3152/4154 4647/3154/4154 4642/3160/4154 4641/3158/4154
f 4647/3154/4155 4648/3155/4155 4643/3161/4155 4642/3160/4155
f 4648/3155/4156 4645/3157/4156 4640/3162/4156 4643/3161/4156
f 4639/3159/4157 4641/3158/4157 4631/3163/4157 4629/3164/4157
f 4641/3158/4158 4642/3165/4158 4632/3166/4158 4631/3163/4158
f 4642/3167/4159 4643/3168/4159 4633/3169/4159 4632/3170/4159
f 4643/3168/4160 4640/3171/4160 4630/3172/4160 4633/3169/4160
f 4659/3173/4161 4661/3174/4161 4676/3175/4161 4674/3176/4161
f 4661/3174/4162 4662/3177/4162 4677/3178/4162 4676/3175/4162
f 4662/3179/4163 4663/3180/4163 4678/3181/4163 4677/3182/4163
f 4663/3180/4164 4660/3183/4164 4675/3184/4164 4678/3181/4164
f 4674/3176/4165 4676/3175/4165 4671/3185/4165 4669/3186/4165
f 4676/3175/4166 4677/3187/4166 4672/3188/4166 4671/3185/4166
f 4677/3187/4167 4678/3189/4167 4673/3190/4167 4672/3188/4167
f 4678/3189/4168 4675/3191/4168 4670/3192/4168 4673/3190/4168
f 4669/3186/4169 4671/3185/4169 4666/3193/4169 4664/3194/4169
f 4671/3185/4170 4672/3188/4170 4667/3195/4170 4666/3193/4170
f 4672/3188/4171 4673/3190/4171 4668/3196/4171 4667/3195/4171
f 4673/3190/4172 4670/3197/4172 4665/3198/4172 4668/3196/4172
f 4664/3194/4173 4666/3193/4173 4656/3199/4173 4654/3200/4173
f 4666/3193/4174 4667/3195/4174 4657/3201/4174 4656/3199/4174
f 4667/3195/4175 4668/3196/4175 4658/3202/4175 4657/3201/4175
f 4668/3196/4176 4665/3203/4176 4655/3204/4176 4658/3202/4176
f 4635/3112/4177 4638/3148/4177 4658/3202/4177 4655/3113/4177
f 4638/3148/4178 4637/3146/4178 4657/3201/4178 4658/3202/4178
f 4637/3146/4179 4636/3143/4179 4656/3199/4179 4657/3201/4179
f 4636/3143/4180 4634/3142/4180 4654/3200/4180 4656/3199/4180
f 4684/3205/4181 4686/3206/4181 4701/3207/4181 4699/3208/4181
f 4686/3206/4182 4687/3209/4182 4702/3210/4182 4701/3207/4182
f 4687/3211/4183 4688/3212/4183 4703/3213/4183 4702/3214/4183
f 4688/3212/4184 4685/3215/4184 4700/3216/4184 4703/3213/4184
f 4699/3208/4185 4701/3207/4185 4696/3217/4185 4694/3218/4185
f 4701/3207/4186 4702/3219/4186 4697/3220/4186 4696/3217/4186
f 4702/3219/4187 4703/3221/4187 4698/3222/4187 4697/3220/4187
f 4703/3221/4188 4700/3216/4188 4695/3223/4188 4698/3222/4188
f 4694/3218/4189 4696/3217/4189 4691/3224/4189 4689/3225/4189
f 4696/3217/4190 4697/3220/4190 4692/3226/4190 4691/3224/4190
f 4697/3220/4191 4698/3222/4191 4693/3227/4191 4692/3226/4191
f 4698/3222/4192 4695/3228/4192 4690/3229/4192 4693/3227/4192
f 4689/3225/4193 4691/3224/4193 4681/3230/4193 4679/3231/4193
f 4691/3224/4194 4692/3232/4194 4682/3233/4194 4681/3230/4194
f 4692/3234/4195 4693/3235/4195 4683/3236/4195 4682/3237/4195
f 4693/3235/4196 4690/3238/4196 4680/3239/4196 4683/3236/4196
f 4685/3116/4197 4688/3240/4197 4633/3241/4197 4630/3117/4197
f 4688/3240/4198 4687/3242/4198 4632/3243/4198 4633/3241/4198
f 4687/3244/4199 4686/3206/4199 4631/3163/4199 4632/3245/4199
f 4686/3206/4200 4684/3205/4200 4629/3164/4200 4631/3163/4200
f 4714/3246/4201 4716/3247/4201 4706/3248/4201 4704/3249/4201
f 4716/3247/4202 4717/3250/4202 4707/3251/4202 4706/3248/4202
f 4717/3252/4203 4718/3253/4203 4708/3254/4203 4707/3255/4203
f 4718/3253/4204 4715/3125/4204 4705/3124/4204 4708/3254/4204
f 4719/3256/4205 4721/3257/4205 4716/3247/4205 4714/3246/4205
f 4721/3257/4206 4722/3258/4206 4717/3259/4206 4716/3247/4206
f 4722/3260/4207 4723/3261/4207 4718/3262/4207 4717/3263/4207
f 4723/3261/4208 4720/3139/4208 4715/3138/4208 4718/3262/4208
f 4724/3264/4209 4726/3265/4209 4721/3257/4209 4719/3256/4209
f 4726/3265/4210 4727/3266/4210 4722/3267/4210 4721/3257/4210
f 4727/3268/4211 4728/3269/4211 4723/3270/4211 4722/3271/4211
f 4728/3269/4212 4725/3136/4212 4720/3135/4212 4723/3270/4212
f 4709/3272/4213 4711/3273/4213 4726/3265/4213 4724/3264/4213
f 4711/3273/4214 4712/3274/4214 4727/3275/4214 4726/3265/4214
f 4712/3276/4215 4713/3277/4215 4728/3278/4215 4727/3279/4215
f 4713/3277/4216 4710/3133/4216 4725/3132/4216 4728/3278/4216
f 4704/3249/4217 4706/3248/4217 4661/3174/4217 4659/3173/4217
f 4706/3248/4218 4707/3280/4218 4662/3281/4218 4661/3174/4218
f 4707/3282/4219 4708/3283/4219 4663/3284/4219 4662/3285/4219
f 4708/3283/4220 4705/3121/4220 4660/3120/4220 4663/3284/4220
f 4710/3128/4221 4713/3286/4221 4683/3287/4221 4680/3129/4221
f 4713/3286/4222 4712/3288/4222 4682/3289/4222 4683/3287/4222
f 4712/3290/4223 4711/3273/4223 4681/3230/4223 4682/3291/4223
f 4711/3273/4224 4709/3272/4224 4679/3231/4224 4681/3230/4224
f 4679/3231/4225 4709/3272/4225 4724/3264/4225 4719/3256/4225 4714/3246/4225 4704/3249/4225 4659/3173/4225 4674/3176/4225 4669/3186/4225 4664/3194/4225 4654/3200/4225 4634/3142/4225 4649/3145/4225 4644/3153/4225 4639/3159/4225 4629/3164/4225 4684/3205/4225 4699/3208/4225 4694/3218/4225 4689/3225/4225
f 4730/3292/4226 4758/3293/4226 4752/3294/4226 4729/3295/4226
f 4731/3296/4138 4763/3296/4138 4758/3293/4138 4730/3292/4138
f 4804/3297/4227 4806/3298/4227 4807/3299/4227 4808/3300/4227 4805/3301/4227 4839/3302/4227 4841/3303/4227 4842/3304/4227 4843/3305/4227 4840/3306/4227 4729/3307/4227 4752/3308/4227 4754/3309/4227 4755/3310/4227 4756/3311/4227 4753/3312/4227 4768/3313/4227 4770/3314/4227 4771/3315/4227 4772/3316/4227 4769/3317/4227
f 4780/3318/4228 4810/3319/4228 4804/3320/4228 4769/3321/4228
f 4824/3322/4229 4795/3323/4229 4790/3324/4229 4829/3325/4229
f 4829/3326/4230 4790/3327/4230 4785/3328/4230 4834/3329/4230
f 4834/3329/4139 4785/3328/4139 4773/3330/4139 4815/3331/4139
f 4753/3332/4137 4757/3333/4137 4762/3334/4137 4774/3335/4137 4784/3336/4137 4789/3337/4137 4794/3338/4137 4799/3339/4137 4779/3340/4137 4768/3341/4137
f 4810/3342/4231 4780/3343/4231 4800/3344/4231 4819/3345/4231
f 4773/3330/4225 4775/3346/4225 4742/3347/4225 4751/3348/4225 4750/3349/4225 4749/3350/4225 4748/3351/4225 4747/3352/4225 4746/3353/4225 4745/3354/4225 4744/3355/4225 4743/3356/4225 4741/3357/4225 4851/3358/4225 4850/3359/4225 4814/3360/4225 4816/3361/4225 4817/3362/4225 4818/3363/4225 4815/3331/4225
f 4731/3296/4139 4763/3296/4139 4764/3296/4139 4852/3296/4139 4849/3296/4139
f 4744/3364/4232 4650/3151/4232 4635/3150/4232 4743/3115/4232
f 4746/3365/4233 4640/3162/4233 4645/3157/4233 4745/3366/4233
f 4736/3367/4234 4665/3198/4234 4670/3197/4234 4737/3368/4234
f 4741/3114/4235 4655/3204/4235 4665/3203/4235 4736/3369/4235
f 4734/3370/4236 4675/3184/4236 4660/3183/4236 4733/3123/4236
f 4852/3296/4225 4851/3371/4225 4741/3357/4225 4736/3372/4225 4737/3373/4225 4734/3374/4225 4733/3375/4225 4732/3376/4225 4735/3377/4225 4738/3378/4225 4739/3379/4225 4740/3380/4225 4742/3347/4225 4775/3346/4225 4774/3381/4225 4762/3334/4225 4764/3296/4225
f 4742/3382/4237 4680/3239/4237 4690/3238/4237 4751/3383/4237
f 4737/3368/4238 4670/3192/4238 4675/3191/4238 4734/3370/4238
f 4750/3384/4239 4695/3223/4239 4700/3216/4239 4749/3385/4239
f 4747/3118/4240 4630/3172/4240 4640/3171/4240 4746/3386/4240
f 4749/3385/4241 4700/3216/4241 4685/3215/4241 4748/3119/4241
f 4751/3383/4242 4690/3229/4242 4695/3228/4242 4750/3384/4242
f 4745/3366/4243 4645/3157/4243 4650/3156/4243 4744/3364/4243
f 4762/3334/4244 4765/3387/4244 4764/3296/4244
f 4765/3387/4245 4766/3388/4245 4764/3296/4245
f 4766/3388/4246 4767/3389/4246 4764/3296/4246
f 4767/3389/4247 4763/3390/4247 4764/3296/4247
f 4752/3294/4248 4758/3293/4248 4761/3391/4248 4754/3309/4248
f 4754/3309/4249 4761/3391/4249 4760/3392/4249 4755/3310/4249
f 4755/3310/4250 4760/3392/4250 4759/3393/4250 4756/3311/4250
f 4756/3311/4251 4759/3393/4251 4757/3333/4251 4753/3332/4251
f 4758/3293/4252 4763/3296/4252 4767/3394/4252 4761/3391/4252
f 4761/3391/4253 4767/3394/4253 4766/3395/4253 4760/3392/4253
f 4760/3392/4254 4766/3395/4254 4765/3387/4254 4759/3393/4254
f 4759/3393/4255 4765/3387/4255 4762/3334/4255 4757/3333/4255
f 4819/3345/4256 4800/3396/4256 4795/3397/4256 4824/3322/4256
f 4773/3330/4225 4776/3398/4225 4775/3346/4225
f 4776/3398/4225 4777/3399/4225 4775/3346/4225
f 4777/3399/4225 4778/3400/4225 4775/3346/4225
f 4778/3400/4257 4774/3401/4257 4775/3346/4257
f 4779/3340/4258 4799/3339/4258 4801/3402/4258 4781/3403/4258
f 4781/3403/4259 4801/3402/4259 4802/3404/4259 4782/3405/4259
f 4782/3405/4260 4802/3404/4260 4803/3406/4260 4783/3407/4260
f 4783/3407/4261 4803/3406/4261 4800/3344/4261 4780/3343/4261
f 4799/3339/4262 4794/3338/4262 4796/3408/4262 4801/3402/4262
f 4801/3402/4263 4796/3408/4263 4797/3409/4263 4802/3404/4263
f 4802/3404/4264 4797/3409/4264 4798/3410/4264 4803/3406/4264
f 4803/3406/4265 4798/3410/4265 4795/3397/4265 4800/3396/4265
f 4794/3338/4266 4789/3337/4266 4791/3411/4266 4796/3408/4266
f 4796/3408/4267 4791/3411/4267 4792/3412/4267 4797/3413/4267
f 4797/3414/4268 4792/3415/4268 4793/3416/4268 4798/3417/4268
f 4798/3417/4269 4793/3416/4269 4790/3324/4269 4795/3323/4269
f 4789/3337/4270 4784/3336/4270 4786/3418/4270 4791/3411/4270
f 4791/3411/4271 4786/3418/4271 4787/3419/4271 4792/3420/4271
f 4792/3420/4272 4787/3419/4272 4788/3421/4272 4793/3422/4272
f 4793/3422/4273 4788/3421/4273 4785/3328/4273 4790/3327/4273
f 4784/3336/4274 4774/3335/4274 4778/3423/4274 4786/3418/4274
f 4786/3418/4275 4778/3423/4275 4777/3424/4275 4787/3419/4275
f 4787/3419/4276 4777/3424/4276 4776/3398/4276 4788/3421/4276
f 4788/3421/4277 4776/3398/4277 4773/3330/4277 4785/3328/4277
f 4768/3341/4278 4779/3340/4278 4781/3403/4278 4770/3314/4278
f 4770/3314/4279 4781/3403/4279 4782/3405/4279 4771/3315/4279
f 4771/3315/4280 4782/3405/4280 4783/3407/4280 4772/3316/4280
f 4772/3316/4281 4783/3407/4281 4780/3318/4281 4769/3321/4281
f 4845/3425/4226 4730/3292/4226 4729/3295/4226 4840/3426/4226
f 4820/3427/4282 4809/3428/4282 4811/3429/4282 4823/3430/4282
f 4823/3430/4283 4811/3429/4283 4812/3431/4283 4822/3432/4283
f 4822/3432/4284 4812/3431/4284 4813/3433/4284 4821/3434/4284
f 4821/3434/4285 4813/3433/4285 4810/3342/4285 4819/3345/4285
f 4825/3435/4286 4820/3427/4286 4823/3430/4286 4828/3436/4286
f 4828/3436/4287 4823/3430/4287 4822/3432/4287 4827/3437/4287
f 4827/3437/4288 4822/3432/4288 4821/3434/4288 4826/3438/4288
f 4826/3438/4289 4821/3434/4289 4819/3345/4289 4824/3322/4289
f 4830/3439/4290 4825/3435/4290 4828/3436/4290 4833/3440/4290
f 4833/3440/4291 4828/3436/4291 4827/3437/4291 4832/3441/4291
f 4832/3441/4292 4827/3437/4292 4826/3438/4292 4831/3442/4292
f 4831/3442/4293 4826/3438/4293 4824/3322/4293 4829/3325/4293
f 4835/3443/4294 4830/3439/4294 4833/3440/4294 4838/3444/4294
f 4838/3444/4295 4833/3440/4295 4832/3445/4295 4837/3446/4295
f 4837/3447/4296 4832/3448/4296 4831/3449/4296 4836/3450/4296
f 4836/3450/4297 4831/3449/4297 4829/3326/4297 4834/3329/4297
f 4814/3360/4298 4835/3443/4298 4838/3444/4298 4816/3361/4298
f 4816/3361/4299 4838/3444/4299 4837/3451/4299 4817/3362/4299
f 4817/3362/4300 4837/3451/4300 4836/3452/4300 4818/3363/4300
f 4818/3363/4301 4836/3452/4301 4834/3329/4301 4815/3331/4301
f 4809/3428/4302 4805/3301/4302 4808/3300/4302 4811/3429/4302
f 4811/3429/4303 4808/3300/4303 4807/3299/4303 4812/3431/4303
f 4812/3431/4304 4807/3299/4304 4806/3298/4304 4813/3433/4304
f 4813/3433/4305 4806/3298/4305 4804/3320/4305 4810/3319/4305
f 4730/3292/4138 4845/3425/4138 4849/3296/4138 4731/3296/4138
f 4849/3296/4306 4853/3453/4306 4854/3454/4306 4855/3455/4306 4850/3456/4306 4851/3358/4306 4852/3296/4306
f 4845/3425/4307 4840/3426/4307 4843/3305/4307 4848/3457/4307
f 4848/3457/4308 4843/3305/4308 4842/3304/4308 4847/3458/4308
f 4847/3458/4309 4842/3304/4309 4841/3303/4309 4846/3459/4309
f 4846/3459/4310 4841/3303/4310 4839/3302/4310 4844/3460/4310
f 4844/3460/4311 4850/3461/4311 4855/3462/4311 4846/3459/4311
f 4846/3459/4312 4855/3462/4312 4854/3463/4312 4847/3458/4312
f 4847/3458/4313 4854/3463/4313 4853/3453/4313 4848/3457/4313
f 4848/3457/4314 4853/3453/4314 4849/3296/4314 4845/3425/4314
f 4839/3302/4141 4805/3301/4141 4809/3428/4141 4820/3427/4141 4825/3435/4141 4830/3439/4141 4835/3443/4141 4814/3360/4141 4850/3461/4141 4844/3460/4141
o Plug.011
v 0.042460 0.019240 -0.005964
v 0.043070 0.019283 -0.005856
v 0.042583 0.019256 -0.005846
v 0.042742 0.019270 -0.005785
v 0.042913 0.019279 -0.005788
v 0.042185 0.019720 -0.006358
v 0.042568 0.020158 -0.006573
v 0.042221 0.019887 -0.006363
v 0.042307 0.020029 -0.006406
v 0.042429 0.020124 -0.006480
v 0.042437 0.019447 -0.005998
v 0.043031 0.019618 -0.005911
v 0.042553 0.019511 -0.005890
v 0.042707 0.019566 -0.005835
v 0.042875 0.019604 -0.005843
v 0.042383 0.019586 -0.006074
v 0.042923 0.019901 -0.006066
v 0.042479 0.019705 -0.005996
v 0.042615 0.019807 -0.005967
v 0.042771 0.019876 -0.005992
v 0.042303 0.019679 -0.006188
v 0.042760 0.020091 -0.006299
v 0.042368 0.019834 -0.006154
v 0.042477 0.019967 -0.006164
v 0.042615 0.020057 -0.006214
v 0.040226 0.019720 -0.009154
v 0.040560 0.020158 -0.009440
v 0.040244 0.019887 -0.009187
v 0.040314 0.020029 -0.009252
v 0.040425 0.020124 -0.009342
v 0.039951 0.019240 -0.009548
v 0.040058 0.019283 -0.010157
v 0.039882 0.019256 -0.009703
v 0.039879 0.019270 -0.009874
v 0.039941 0.019279 -0.010033
v 0.040108 0.019679 -0.009324
v 0.040368 0.020091 -0.009715
v 0.040098 0.019834 -0.009396
v 0.040144 0.019967 -0.009495
v 0.040239 0.020057 -0.009607
v 0.040028 0.019586 -0.009438
v 0.040205 0.019901 -0.009947
v 0.039987 0.019705 -0.009554
v 0.040006 0.019807 -0.009692
v 0.040083 0.019876 -0.009830
v 0.039974 0.019447 -0.009514
v 0.040096 0.019618 -0.010102
v 0.039913 0.019511 -0.009660
v 0.039914 0.019566 -0.009823
v 0.039979 0.019604 -0.009979
v 0.042185 0.015345 -0.006358
v 0.042568 0.014908 -0.006573
v 0.042221 0.015178 -0.006363
v 0.042307 0.015037 -0.006406
v 0.042429 0.014942 -0.006480
v 0.042460 0.015826 -0.005964
v 0.043070 0.015783 -0.005856
v 0.042583 0.015809 -0.005846
v 0.042742 0.015795 -0.005785
v 0.042913 0.015786 -0.005788
v 0.042303 0.015386 -0.006188
v 0.042760 0.014974 -0.006299
v 0.042368 0.015231 -0.006154
v 0.042477 0.015098 -0.006164
v 0.042615 0.015008 -0.006214
v 0.042383 0.015479 -0.006074
v 0.042923 0.015164 -0.006066
v 0.042479 0.015361 -0.005996
v 0.042615 0.015259 -0.005967
v 0.042771 0.015190 -0.005992
v 0.042437 0.015619 -0.005998
v 0.043031 0.015448 -0.005911
v 0.042553 0.015554 -0.005890
v 0.042707 0.015499 -0.005835
v 0.042875 0.015462 -0.005843
v 0.039951 0.015826 -0.009548
v 0.040058 0.015783 -0.010157
v 0.039882 0.015809 -0.009703
v 0.039879 0.015795 -0.009874
v 0.039941 0.015786 -0.010033
v 0.040226 0.015345 -0.009154
v 0.040560 0.014908 -0.009440
v 0.040244 0.015178 -0.009187
v 0.040314 0.015037 -0.009252
v 0.040425 0.014942 -0.009342
v 0.039974 0.015619 -0.009514
v 0.040096 0.015448 -0.010102
v 0.039913 0.015554 -0.009660
v 0.039914 0.015499 -0.009823
v 0.039979 0.015462 -0.009979
v 0.040028 0.015479 -0.009438
v 0.040205 0.015164 -0.009947
v 0.039987 0.015361 -0.009554
v 0.040006 0.015259 -0.009692
v 0.040083 0.015190 -0.009830
v 0.040108 0.015386 -0.009324
v 0.040368 0.014974 -0.009715
v 0.040098 0.015231 -0.009396
v 0.040144 0.015098 -0.009495
v 0.040239 0.015008 -0.009607
v 0.027428 0.017533 -0.010541
v 0.038034 0.017533 -0.009477
v 0.040086 0.017533 -0.010914
v 0.042583 0.015783 -0.011925
v 0.042583 0.019283 -0.011925
v 0.042621 0.019618 -0.011870
v 0.042621 0.015448 -0.011870
v 0.042893 0.020091 -0.011482
v 0.042730 0.019901 -0.011715
v 0.042730 0.015164 -0.011715
v 0.042893 0.014974 -0.011482
v 0.043085 0.014908 -0.011208
v 0.043085 0.020158 -0.011208
v 0.045092 0.014908 -0.008341
v 0.045092 0.020158 -0.008341
v 0.045284 0.020091 -0.008067
v 0.045447 0.019901 -0.007834
v 0.045556 0.019618 -0.007679
v 0.045594 0.019283 -0.007624
v 0.045594 0.015783 -0.007624
v 0.045556 0.015448 -0.007679
v 0.045447 0.015164 -0.007834
v 0.045284 0.014974 -0.008067
v 0.027428 0.014908 -0.010541
v 0.027428 0.014033 -0.009644
v 0.027428 0.014573 -0.010472
v 0.027428 0.014289 -0.010278
v 0.027428 0.014099 -0.009987
v 0.038934 0.014033 -0.008490
v 0.038034 0.014908 -0.009477
v 0.038635 0.014099 -0.008818
v 0.038359 0.014289 -0.009121
v 0.038147 0.014573 -0.009352
v 0.042996 0.014033 -0.011334
v 0.041699 0.014908 -0.012043
v 0.042237 0.014908 -0.012420
v 0.042665 0.014099 -0.011721
v 0.042302 0.014289 -0.011992
v 0.041963 0.014573 -0.012105
v 0.027428 0.014033 -0.004416
v 0.027428 0.014908 -0.003541
v 0.027428 0.014099 -0.004081
v 0.027428 0.014289 -0.003797
v 0.027428 0.014573 -0.003607
v 0.045941 0.014908 -0.007129
v 0.045181 0.014033 -0.008215
v 0.045460 0.014529 -0.007817
v 0.045883 0.014573 -0.007212
v 0.045718 0.014289 -0.007447
v 0.045472 0.014099 -0.007799
v 0.037651 0.014033 -0.004510
v 0.037835 0.014908 -0.003637
v 0.037721 0.014099 -0.004177
v 0.037781 0.014289 -0.003894
v 0.037820 0.014573 -0.003704
v 0.041511 0.014033 -0.005645
v 0.043116 0.014908 -0.005151
v 0.042125 0.014099 -0.005456
v 0.042645 0.014289 -0.005296
v 0.042993 0.014573 -0.005189
v 0.040723 0.014033 -0.005154
v 0.042153 0.014908 -0.004551
v 0.041266 0.014099 -0.004925
v 0.041729 0.014289 -0.004730
v 0.042040 0.014573 -0.004598
v 0.039814 0.014033 -0.004815
v 0.040864 0.014908 -0.004070
v 0.040213 0.014099 -0.004531
v 0.040553 0.014289 -0.004290
v 0.040782 0.014573 -0.004128
v 0.038789 0.014033 -0.004598
v 0.039376 0.014908 -0.003755
v 0.039012 0.014099 -0.004277
v 0.039202 0.014289 -0.004005
v 0.039330 0.014573 -0.003821
v 0.027428 0.020158 -0.003541
v 0.027428 0.021033 -0.004416
v 0.027428 0.020493 -0.003607
v 0.027428 0.020776 -0.003797
v 0.027428 0.020966 -0.004081
v 0.037651 0.021033 -0.004510
v 0.037835 0.020158 -0.003637
v 0.037721 0.020966 -0.004177
v 0.037781 0.020776 -0.003894
v 0.037820 0.020493 -0.003704
v 0.045181 0.021033 -0.008215
v 0.045941 0.020158 -0.007129
v 0.045472 0.020966 -0.007799
v 0.045718 0.020776 -0.007447
v 0.045883 0.020493 -0.007212
v 0.039376 0.020158 -0.003755
v 0.038789 0.021033 -0.004598
v 0.039330 0.020493 -0.003821
v 0.039202 0.020776 -0.004005
v 0.039012 0.020966 -0.004277
v 0.040864 0.020158 -0.004070
v 0.039814 0.021033 -0.004815
v 0.040782 0.020493 -0.004128
v 0.040553 0.020776 -0.004290
v 0.040213 0.020966 -0.004531
v 0.042153 0.020158 -0.004551
v 0.040723 0.021033 -0.005154
v 0.042040 0.020493 -0.004598
v 0.041729 0.020776 -0.004730
v 0.041266 0.020966 -0.004925
v 0.043116 0.020158 -0.005151
v 0.041511 0.021033 -0.005645
v 0.042993 0.020493 -0.005189
v 0.042645 0.020776 -0.005296
v 0.042125 0.020966 -0.005456
v 0.027428 0.021033 -0.009644
v 0.027428 0.020158 -0.010541
v 0.027428 0.020966 -0.009987
v 0.027428 0.020776 -0.010278
v 0.027428 0.020493 -0.010472
v 0.038934 0.021033 -0.008490
v 0.038034 0.020158 -0.009477
v 0.038635 0.020966 -0.008818
v 0.038359 0.020776 -0.009121
v 0.038147 0.020493 -0.009352
v 0.041699 0.020158 -0.012043
v 0.042996 0.021033 -0.011334
v 0.042718 0.020536 -0.011732
v 0.042237 0.020158 -0.012420
v 0.041963 0.020493 -0.012105
v 0.042302 0.020776 -0.011992
v 0.042665 0.020966 -0.011721
vn -0.0000 -1.0000 -0.0000
vn -0.5736 -0.0000 -0.8192
vn 0.5736 -0.0000 0.8192
vn 0.5626 0.1951 0.8034
vn -0.0000 1.0000 -0.0000
vn 0.1119 0.9808 0.1598
vn 0.3187 0.8315 0.4551
vn 0.4769 0.5556 0.6811
vn 0.7806 -0.1929 -0.5945
vn 0.6155 -0.5454 -0.5689
vn 0.3609 -0.8128 -0.4574
vn 0.0561 -0.9596 -0.2757
vn 0.7398 -0.1646 -0.6523
vn 0.5019 -0.4640 -0.7299
vn 0.1939 -0.6893 -0.6980
vn -0.1401 -0.8130 -0.5651
vn 0.7085 -0.1100 -0.6971
vn 0.4136 -0.3100 -0.8560
vn 0.0627 -0.4606 -0.8854
vn -0.2948 -0.5433 -0.7861
vn 0.6925 -0.0392 -0.7204
vn 0.3675 -0.1130 -0.9231
vn -0.0091 -0.1677 -0.9858
vn -0.3832 -0.1937 -0.9031
vn 0.9138 -0.0392 -0.4043
vn 0.9932 -0.1130 -0.0296
vn 0.9232 -0.1677 0.3457
vn 0.7176 -0.1937 0.6690
vn 0.8974 -0.1100 -0.4274
vn 0.9459 -0.3100 -0.0959
vn 0.8534 -0.4606 0.2439
vn 0.6379 -0.5433 0.5459
vn 0.8660 -0.1646 -0.4721
vn 0.8576 -0.4640 -0.2220
vn 0.7222 -0.6893 0.0566
vn 0.4831 -0.8130 0.3249
vn 0.8256 -0.1929 -0.5303
vn 0.7452 -0.5454 -0.3838
vn 0.5532 -0.8128 -0.1827
vn 0.2783 -0.9596 0.0416
vn 0.1628 -0.9801 -0.1140
vn 0.4558 -0.8309 -0.3192
vn 0.6808 -0.5562 -0.4767
vn 0.8033 -0.1958 -0.5625
vn 0.6925 0.0392 -0.7204
vn 0.3675 0.1130 -0.9231
vn -0.0091 0.1677 -0.9858
vn -0.3832 0.1937 -0.9031
vn 0.7085 0.1100 -0.6971
vn 0.4136 0.3100 -0.8560
vn 0.0627 0.4606 -0.8854
vn -0.2948 0.5433 -0.7861
vn 0.7398 0.1646 -0.6523
vn 0.5019 0.4640 -0.7299
vn 0.1939 0.6893 -0.6980
vn -0.1401 0.8130 -0.5651
vn 0.7806 0.1929 -0.5945
vn 0.6155 0.5454 -0.5689
vn 0.3609 0.8128 -0.4574
vn 0.0561 0.9596 -0.2757
vn -0.3994 -0.0000 -0.9168
vn -0.0207 -0.0000 -0.9998
vn 0.3617 -0.0000 -0.9323
vn 0.6910 -0.0000 -0.7229
vn 0.9138 0.0392 -0.4043
vn 0.9932 0.1130 -0.0296
vn 0.9232 0.1677 0.3457
vn 0.7176 0.1937 0.6690
vn 0.8974 0.1100 -0.4274
vn 0.9459 0.3100 -0.0959
vn 0.8534 0.4606 0.2439
vn 0.6379 0.5433 0.5459
vn 0.8660 0.1646 -0.4721
vn 0.8576 0.4640 -0.2220
vn 0.7222 0.6893 0.0566
vn 0.4831 0.8130 0.3249
vn 0.8256 0.1929 -0.5303
vn 0.7452 0.5454 -0.3838
vn 0.5532 0.8128 -0.1827
vn 0.2783 0.9596 0.0416
vn 0.9156 -0.0000 -0.4021
vn 0.9998 -0.0000 -0.0211
vn 0.9324 -0.0000 0.3614
vn 0.7249 -0.0000 0.6888
vn 0.1628 0.9801 -0.1140
vn 0.4558 0.8309 -0.3192
vn 0.6808 0.5562 -0.4767
vn 0.8033 0.1958 -0.5625
vn 0.8192 -0.0000 -0.5736
vn 0.0998 -0.0000 -0.9950
vn -1.0000 -0.0000 -0.0000
vn 0.0092 -0.0000 1.0000
vn 0.3498 -0.0000 0.9368
vn 0.5288 -0.0000 0.8487
vn 0.0764 -0.0000 0.9971
vn -0.1119 -0.9808 -0.1598
vn -0.4769 -0.5556 -0.6811
vn 0.3187 -0.8315 0.4551
vn 0.1119 -0.9808 0.1598
vn 0.5626 -0.1951 0.8034
vn -0.1119 0.9808 -0.1598
vn 0.4769 -0.5556 0.6811
vn -0.4769 0.5556 -0.6811
vn -0.5626 -0.1951 -0.8034
vn -0.5626 0.1951 -0.8034
vn -0.3187 0.8315 -0.4551
vn -0.3187 -0.8315 -0.4551
vn 0.7306 -0.1818 -0.6581
vn 0.3222 -0.5155 -0.7940
vn -0.2135 -0.5710 -0.7927
vn -0.5492 -0.2884 -0.7844
vn 0.0984 -0.2599 -0.9606
vn 0.0854 -0.5771 -0.8122
vn 0.0585 -0.8286 -0.5568
vn 0.0208 -0.9788 -0.2036
vn -0.5374 -0.3741 -0.7558
vn -0.4027 -0.7274 -0.5556
vn -0.2416 -0.9112 -0.3336
vn -0.0806 -0.9903 -0.1134
vn 0.2071 -0.0000 0.9783
vn 0.8191 -0.0000 -0.5736
vn 0.0149 -0.9810 0.1932
vn 0.0430 -0.8340 0.5501
vn 0.0644 -0.5612 0.8251
vn 0.0754 -0.2018 0.9765
vn 0.0377 -0.9833 0.1782
vn 0.1090 -0.8499 0.5155
vn 0.1675 -0.5871 0.7920
vn 0.2021 -0.2171 0.9550
vn 0.0568 -0.9867 0.1521
vn 0.1687 -0.8760 0.4518
vn 0.2710 -0.6324 0.7257
vn 0.3394 -0.2423 0.9089
vn 0.0721 -0.9906 0.1161
vn 0.2210 -0.9074 0.3574
vn 0.3781 -0.6953 0.6112
vn 0.5065 -0.2809 0.8152
vn 0.0747 -0.9915 0.1067
vn 0.2316 -0.9149 0.3308
vn 0.4032 -0.7112 0.5759
vn 0.5492 -0.2886 0.7843
vn 0.0018 -0.9808 0.1953
vn 0.0052 -0.8314 0.5557
vn 0.0078 -0.5559 0.8312
vn 0.0091 -0.1962 0.9805
vn 0.0149 0.9810 0.1932
vn 0.0430 0.8340 0.5501
vn 0.0644 0.5612 0.8251
vn 0.0753 0.2018 0.9765
vn 0.0377 0.9833 0.1782
vn 0.1090 0.8499 0.5155
vn 0.1675 0.5871 0.7920
vn 0.2021 0.2171 0.9550
vn 0.0568 0.9867 0.1521
vn 0.1687 0.8760 0.4518
vn 0.2710 0.6323 0.7257
vn 0.3394 0.2423 0.9089
vn 0.0721 0.9906 0.1161
vn 0.2210 0.9074 0.3574
vn 0.3781 0.6954 0.6111
vn 0.5065 0.2809 0.8152
vn 0.0747 0.9915 0.1067
vn 0.2316 0.9149 0.3308
vn 0.4032 0.7112 0.5759
vn 0.5491 0.2886 0.7843
vn 0.0018 0.9808 0.1953
vn 0.0052 0.8314 0.5557
vn 0.0078 0.5559 0.8312
vn 0.0091 0.1962 0.9805
vn 0.3312 0.3702 -0.8679
vn 0.0984 0.2599 -0.9606
vn 0.0854 0.5771 -0.8122
vn 0.0585 0.8286 -0.5568
vn 0.0208 0.9788 -0.2036
vn -0.0806 0.9903 -0.1134
vn -0.2416 0.9112 -0.3336
vn -0.4027 0.7274 -0.5556
vn -0.5374 0.3741 -0.7558
vt 0.395833 0.541667
vt 0.395833 0.708333
vt 0.542603 0.708333
vt 0.542603 0.541667
vt 0.395833 0.291667
vt 0.395833 0.458333
vt 0.542603 0.458333
vt 0.542604 0.291667
vt 0.395833 0.791667
vt 0.395833 0.958333
vt 0.542603 0.958333
vt 0.542603 0.791667
vt 0.395833 0.958333
vt 0.395833 0.974278
vt 0.542603 0.974278
vt 0.542603 0.958333
vt 0.395833 0.041667
vt 0.395833 0.208333
vt 0.542604 0.208333
vt 0.542603 0.041667
vt 0.395833 0.025722
vt 0.395833 0.041667
vt 0.542603 0.025722
vt 0.395833 0.000000
vt 0.395833 0.025722
vt 0.542603 0.000000
vt 0.395833 0.974278
vt 0.395833 1.000000
vt 0.542603 1.000000
vt 0.542603 0.974278
vt 0.357341 0.540803
vt 0.364262 0.541125
vt 0.363712 0.527332
vt 0.356821 0.529515
vt 0.374980 0.541672
vt 0.373868 0.525503
vt 0.387856 0.541668
vt 0.386895 0.525662
vt 0.395833 0.541667
vt 0.394952 0.525722
vt 0.360720 0.514280
vt 0.353908 0.521092
vt 0.370875 0.504125
vt 0.384198 0.504084
vt 0.394952 0.525722
vt 0.392443 0.504068
vt 0.352997 0.505959
vt 0.347761 0.515903
vt 0.366772 0.485455
vt 0.380251 0.484331
vt 0.388689 0.483910
vt 0.336628 0.507986
vt 0.336279 0.515577
vt 0.363889 0.485143
vt 0.334565 0.499401
vt 0.367084 0.481949
vt 0.380325 0.483375
vt 0.387788 0.458584
vt 0.374681 0.459285
vt 0.388689 0.483910
vt 0.395833 0.458333
vt 0.335893 0.732593
vt 0.336378 0.740814
vt 0.352815 0.743013
vt 0.347467 0.732510
vt 0.334565 0.750599
vt 0.363892 0.764854
vt 0.374681 0.790715
vt 0.387788 0.791416
vt 0.380328 0.766622
vt 0.367086 0.768048
vt 0.395833 0.791667
vt 0.388691 0.766087
vt 0.360569 0.734748
vt 0.353654 0.727399
vt 0.366775 0.764541
vt 0.370882 0.745867
vt 0.380254 0.765666
vt 0.384205 0.745908
vt 0.388691 0.766087
vt 0.392450 0.745924
vt 0.363573 0.721689
vt 0.356582 0.718961
vt 0.373871 0.724494
vt 0.386898 0.724334
vt 0.392450 0.745924
vt 0.394955 0.724275
vt 0.364119 0.707797
vt 0.357097 0.707527
vt 0.374980 0.708328
vt 0.387856 0.708332
vt 0.394955 0.724275
vt 0.395833 0.708333
vt 0.220904 0.464475
vt 0.212831 0.465254
vt 0.254619 0.410124
vt 0.239854 0.434606
vt 0.171638 0.494474
vt 0.290004 0.362920
vt 0.372218 0.293895
vt 0.387225 0.292253
vt 0.322155 0.350287
vt 0.305976 0.346948
vt 0.395833 0.291667
vt 0.333538 0.351538
vt 0.266140 0.388548
vt 0.244385 0.424565
vt 0.299900 0.350454
vt 0.295802 0.337458
vt 0.320715 0.351243
vt 0.316774 0.337416
vt 0.329788 0.337401
vt 0.243862 0.410314
vt 0.230741 0.439285
vt 0.292960 0.325729
vt 0.314109 0.325023
vt 0.329788 0.337401
vt 0.327274 0.324759
vt 0.185094 0.487716
vt 0.199705 0.481811
vt 0.279869 0.341389
vt 0.131243 0.533594
vt 0.299036 0.315833
vt 0.315548 0.322327
vt 0.387161 0.209474
vt 0.371938 0.212667
vt 0.327274 0.324759
vt 0.395833 0.208333
vt 0.387861 0.291826
vt 0.387861 0.458174
vt 0.375000 0.292272
vt 0.375000 0.457728
vt 0.167272 0.500000
vt 0.332728 0.500000
vt 0.159834 0.726224
vt 0.156477 0.733912
vt 0.168597 0.736456
vt 0.169735 0.728162
vt 0.152088 0.746928
vt 0.166079 0.749876
vt 0.375000 0.973056
vt 0.387861 0.973945
vt 0.387861 0.958490
vt 0.375000 0.958927
vt 0.153226 0.721774
vt 0.147311 0.727689
vt 0.138600 0.738129
vt 0.149858 0.745963
vt 0.375000 0.998028
vt 0.387861 0.999463
vt 0.387861 0.974816
vt 0.375000 0.976250
vt 0.148832 0.715109
vt 0.141134 0.718476
vt 0.129049 0.725129
vt 0.136872 0.736399
vt 0.375000 0.023750
vt 0.387861 0.025184
vt 0.387861 0.000537
vt 0.375000 0.001972
vt 0.146981 0.705122
vt 0.138653 0.706295
vt 0.125124 0.708920
vt 0.128085 0.722899
vt 0.375000 0.041073
vt 0.387861 0.041511
vt 0.387861 0.026055
vt 0.375000 0.026944
vt 0.167272 0.750000
vt 0.332728 0.750000
vt 0.375000 0.957728
vt 0.387861 0.958174
vt 0.387861 0.791826
vt 0.375000 0.792272
vt 0.387861 0.041826
vt 0.387861 0.208174
vt 0.375000 0.042272
vt 0.375000 0.207728
vt 0.125000 0.707728
vt 0.125000 0.542272
vt 0.750000 0.625000
vt 0.843750 0.625000
vt 0.843750 0.750000
vt 0.750000 0.750000
vt 0.000000 0.000000
vt 0.375000 0.781250
vt 0.362925 0.756349
vt 0.378036 0.752813
vt 0.394289 0.750747
vt 0.406257 0.750000
vt 0.592985 0.750000
vt 0.605242 0.750745
vt 0.621889 0.751964
vt 0.637056 0.756127
vt 0.625000 0.781250
vt 0.625000 0.875000
vt 0.625000 0.968750
vt 0.777994 0.826651
vt 0.788541 0.829311
vt 0.745552 0.832540
vt 0.592985 1.000000
vt 0.406257 1.000000
vt 0.253383 0.832513
vt 0.211447 0.830092
vt 0.222013 0.826844
vt 0.375000 0.968750
vt 0.156250 0.579262
vt 0.343750 0.579262
vt 0.343750 0.750000
vt 0.156250 0.750000
vt 0.343750 0.529258
vt 0.156250 0.529258
vt 0.156250 0.500000
vt 0.343750 0.500000
vt 0.409188 0.468750
vt 0.409187 0.281250
vt 0.437974 0.281250
vt 0.437976 0.468750
vt 0.467618 0.281250
vt 0.467619 0.468750
vt 0.778954 0.750000
vt 0.525023 0.444191
vt 0.095924 0.051283
vt 0.371693 0.198717
vt 0.381684 0.333980
vt 0.328656 0.382373
vt 0.257826 0.456636
vt 0.217242 0.510675
vt 0.206061 0.543551
vt 0.218770 0.750000
vt 0.343750 0.579262
vt 0.156250 0.579262
vt 0.156250 0.553893
vt 0.343750 0.553893
vt 0.406869 0.229576
vt 0.360512 0.213990
vt 0.384757 0.230282
vt 0.405311 0.248741
vt 0.419045 0.266846
vt 0.423867 0.281255
vt 0.423868 0.398575
vt 0.419046 0.405249
vt 0.405312 0.401327
vt 0.384758 0.386820
vt 0.360513 0.364226
vt 0.107091 0.104509
vt 0.060746 0.059281
vt 0.095925 0.102567
vt 0.371696 0.397434
vt 0.408405 0.436025
vt 0.458255 0.487230
vt 0.465651 0.478251
vt 0.542964 0.525722
vt 0.545526 0.483910
vt 0.543990 0.504068
vt 0.542962 0.724275
vt 0.543987 0.745924
vt 0.542963 0.724275
vt 0.545525 0.766087
vt 0.060746 0.059281
vt 0.082846 0.079537
vt 0.062292 0.058256
vt 0.048558 0.044196
vt 0.043736 0.038912
vt 0.043736 0.031235
vt 0.048558 0.033685
vt 0.062292 0.041653
vt 0.082846 0.053338
vt 0.107091 0.067251
vt 0.371693 0.198717
vt 0.542604 0.208333
vt 0.570644 0.324759
vt 0.569616 0.337401
vt 0.568082 0.351538
vt 0.545526 0.483910
vt 0.064488 0.036230
vt 0.051675 0.034188
vt 0.070074 0.050355
vt 0.111918 0.079942
vt 0.867184 0.632720
vt 0.875000 0.625000
vt 0.589030 0.476556
vt 0.015004 0.011037
vt 0.086061 0.061472
vt 0.156250 0.553893
vt 0.156250 0.529258
vt 0.468315 0.269291
vt 0.470303 0.259153
vt 0.473277 0.252379
vt 0.476785 0.250000
vt 0.179997 0.528540
vt 0.173420 0.558534
vt 0.125000 0.553942
vt 0.125000 0.579266
vt 0.144291 0.553906
vt 0.144291 0.579263
vt 0.225514 0.467072
vt 0.125000 0.530353
vt 0.144291 0.529548
vt 0.341785 0.350001
vt 0.396780 0.262192
vt 0.137412 0.517061
vt 0.125000 0.527980
vt 0.125000 0.501277
vt 0.144291 0.500339
vt 0.144291 0.528919
vt 0.401765 0.301325
vt 0.437883 0.250000
vt 0.410467 0.250000
vt 0.437951 0.269291
vt 0.409527 0.269291
vt 0.408402 0.218342
vt 0.467617 0.250000
vt 0.656250 0.625000
vt 0.656250 0.750000
vt 0.390725 0.557360
vt 0.391241 0.576429
vt 0.384808 0.577440
vt 0.384267 0.555936
vt 0.375000 0.579266
vt 0.375000 0.553942
vt 0.355709 0.579263
vt 0.355709 0.553906
vt 0.393073 0.539614
vt 0.385695 0.534952
vt 0.375000 0.529166
vt 0.355709 0.529233
vt 0.401671 0.524378
vt 0.395374 0.516506
vt 0.375000 0.501278
vt 0.355709 0.500339
vt 0.418384 0.513987
vt 0.422120 0.508391
vt 0.377800 0.500000
vt 0.437384 0.500000
vt 0.437705 0.500000
vt 0.410468 0.500000
vt 0.409527 0.480709
vt 0.437905 0.480709
vt 0.438064 0.500000
vt 0.437999 0.480709
vt 0.011485 0.011037
vt 0.041734 0.040701
vt 0.082056 0.081538
vt 0.129939 0.129939
vt 0.653707 0.632720
vt 0.625000 0.625000
vt 0.469674 0.519425
vt 0.440283 0.502716
vt 0.095925 0.102567
vt 0.063413 0.067903
vt 0.061473 0.061473
s 0
usemtl Connector-Material
f 4862/3464/4315 4882/3465/4315 4968/3466/4315 4970/3467/4315
f 4912/3468/4316 4857/3469/4316 4974/3470/4316 4975/3471/4316
f 4887/3472/4317 4932/3473/4317 4959/3474/4317 4960/3475/4317
f 4932/3476/4318 4942/3477/4318 4962/3478/4318 4959/3479/4318
f 4937/3480/4319 4907/3481/4319 4969/3482/4319 4967/3483/4319
f 4952/3484/4320 4937/3485/4320 4967/3483/4320 4966/3486/4320
f 4947/3487/4321 4952/3488/4321 4966/3486/4321 4965/3489/4321
f 4942/3490/4322 4947/3491/4322 4965/3492/4322 4962/3493/4322
f 4861/3494/4323 4863/3495/4323 4878/3496/4323 4876/3497/4323
f 4863/3495/4324 4864/3498/4324 4879/3499/4324 4878/3496/4324
f 4864/3498/4325 4865/3500/4325 4880/3501/4325 4879/3499/4325
f 4865/3500/4326 4862/3502/4326 4877/3503/4326 4880/3501/4326
f 4876/3497/4327 4878/3496/4327 4873/3504/4327 4871/3505/4327
f 4878/3496/4328 4879/3499/4328 4874/3506/4328 4873/3504/4328
f 4879/3499/4329 4880/3501/4329 4875/3507/4329 4874/3506/4329
f 4880/3501/4330 4877/3508/4330 4872/3509/4330 4875/3507/4330
f 4871/3505/4331 4873/3504/4331 4868/3510/4331 4866/3511/4331
f 4873/3504/4332 4874/3506/4332 4869/3512/4332 4868/3510/4332
f 4874/3506/4333 4875/3507/4333 4870/3513/4333 4869/3512/4333
f 4875/3507/4334 4872/3509/4334 4867/3514/4334 4870/3513/4334
f 4866/3511/4335 4868/3510/4335 4858/3515/4335 4856/3516/4335
f 4868/3510/4336 4869/3517/4336 4859/3518/4336 4858/3515/4336
f 4869/3519/4337 4870/3520/4337 4860/3521/4337 4859/3522/4337
f 4870/3520/4338 4867/3523/4338 4857/3524/4338 4860/3521/4338
f 4886/3525/4339 4888/3526/4339 4903/3527/4339 4901/3528/4339
f 4888/3526/4340 4889/3529/4340 4904/3530/4340 4903/3527/4340
f 4889/3531/4341 4890/3532/4341 4905/3533/4341 4904/3534/4341
f 4890/3532/4342 4887/3535/4342 4902/3536/4342 4905/3533/4342
f 4901/3528/4343 4903/3527/4343 4898/3537/4343 4896/3538/4343
f 4903/3527/4344 4904/3539/4344 4899/3540/4344 4898/3537/4344
f 4904/3539/4345 4905/3541/4345 4900/3542/4345 4899/3540/4345
f 4905/3541/4346 4902/3543/4346 4897/3544/4346 4900/3542/4346
f 4896/3538/4347 4898/3537/4347 4893/3545/4347 4891/3546/4347
f 4898/3537/4348 4899/3540/4348 4894/3547/4348 4893/3545/4348
f 4899/3540/4349 4900/3542/4349 4895/3548/4349 4894/3547/4349
f 4900/3542/4350 4897/3549/4350 4892/3550/4350 4895/3548/4350
f 4891/3546/4351 4893/3545/4351 4883/3551/4351 4881/3552/4351
f 4893/3545/4352 4894/3547/4352 4884/3553/4352 4883/3551/4352
f 4894/3547/4353 4895/3548/4353 4885/3554/4353 4884/3553/4353
f 4895/3548/4354 4892/3555/4354 4882/3556/4354 4885/3554/4354
f 4862/3464/4355 4865/3500/4355 4885/3554/4355 4882/3465/4355
f 4865/3500/4356 4864/3498/4356 4884/3553/4356 4885/3554/4356
f 4864/3498/4357 4863/3495/4357 4883/3551/4357 4884/3553/4357
f 4863/3495/4358 4861/3494/4358 4881/3552/4358 4883/3551/4358
f 4911/3557/4359 4913/3558/4359 4928/3559/4359 4926/3560/4359
f 4913/3558/4360 4914/3561/4360 4929/3562/4360 4928/3559/4360
f 4914/3563/4361 4915/3564/4361 4930/3565/4361 4929/3566/4361
f 4915/3564/4362 4912/3567/4362 4927/3568/4362 4930/3565/4362
f 4926/3560/4363 4928/3559/4363 4923/3569/4363 4921/3570/4363
f 4928/3559/4364 4929/3571/4364 4924/3572/4364 4923/3569/4364
f 4929/3571/4365 4930/3573/4365 4925/3574/4365 4924/3572/4365
f 4930/3573/4366 4927/3568/4366 4922/3575/4366 4925/3574/4366
f 4921/3570/4367 4923/3569/4367 4918/3576/4367 4916/3577/4367
f 4923/3569/4368 4924/3572/4368 4919/3578/4368 4918/3576/4368
f 4924/3572/4369 4925/3574/4369 4920/3579/4369 4919/3578/4369
f 4925/3574/4370 4922/3580/4370 4917/3581/4370 4920/3579/4370
f 4916/3577/4371 4918/3576/4371 4908/3582/4371 4906/3583/4371
f 4918/3576/4372 4919/3584/4372 4909/3585/4372 4908/3582/4372
f 4919/3586/4373 4920/3587/4373 4910/3588/4373 4909/3589/4373
f 4920/3587/4374 4917/3590/4374 4907/3591/4374 4910/3588/4374
f 4912/3468/4375 4915/3592/4375 4860/3593/4375 4857/3469/4375
f 4915/3592/4376 4914/3594/4376 4859/3595/4376 4860/3593/4376
f 4914/3596/4377 4913/3558/4377 4858/3515/4377 4859/3597/4377
f 4913/3558/4378 4911/3557/4378 4856/3516/4378 4858/3515/4378
f 4941/3598/4379 4943/3599/4379 4933/3600/4379 4931/3601/4379
f 4943/3599/4380 4944/3602/4380 4934/3603/4380 4933/3600/4380
f 4944/3604/4381 4945/3605/4381 4935/3606/4381 4934/3607/4381
f 4945/3605/4382 4942/3477/4382 4932/3476/4382 4935/3606/4382
f 4946/3608/4383 4948/3609/4383 4943/3599/4383 4941/3598/4383
f 4948/3609/4384 4949/3610/4384 4944/3611/4384 4943/3599/4384
f 4949/3612/4385 4950/3613/4385 4945/3614/4385 4944/3615/4385
f 4950/3613/4386 4947/3491/4386 4942/3490/4386 4945/3614/4386
f 4951/3616/4387 4953/3617/4387 4948/3609/4387 4946/3608/4387
f 4953/3617/4388 4954/3618/4388 4949/3619/4388 4948/3609/4388
f 4954/3620/4389 4955/3621/4389 4950/3622/4389 4949/3623/4389
f 4955/3621/4390 4952/3488/4390 4947/3487/4390 4950/3622/4390
f 4936/3624/4391 4938/3625/4391 4953/3617/4391 4951/3616/4391
f 4938/3625/4392 4939/3626/4392 4954/3627/4392 4953/3617/4392
f 4939/3628/4393 4940/3629/4393 4955/3630/4393 4954/3631/4393
f 4940/3629/4394 4937/3485/4394 4952/3484/4394 4955/3630/4394
f 4931/3601/4395 4933/3600/4395 4888/3526/4395 4886/3525/4395
f 4933/3600/4396 4934/3632/4396 4889/3633/4396 4888/3526/4396
f 4934/3634/4397 4935/3635/4397 4890/3636/4397 4889/3637/4397
f 4935/3635/4398 4932/3473/4398 4887/3472/4398 4890/3636/4398
f 4937/3480/4399 4940/3638/4399 4910/3639/4399 4907/3481/4399
f 4940/3638/4400 4939/3640/4400 4909/3641/4400 4910/3639/4400
f 4939/3642/4401 4938/3625/4401 4908/3582/4401 4909/3643/4401
f 4938/3625/4402 4936/3624/4402 4906/3583/4402 4908/3582/4402
f 4906/3583/4403 4936/3624/4403 4951/3616/4403 4946/3608/4403 4941/3598/4403 4931/3601/4403 4886/3525/4403 4901/3528/4403 4896/3538/4403 4891/3546/4403 4881/3552/4403 4861/3494/4403 4876/3497/4403 4871/3505/4403 4866/3511/4403 4856/3516/4403 4911/3557/4403 4926/3560/4403 4921/3570/4403 4916/3577/4403
f 4957/3644/4404 4985/3645/4404 4979/3646/4404 4956/3647/4404
f 4958/3648/4316 4990/3648/4316 4985/3645/4316 4957/3644/4316
f 5031/3649/4405 5033/3650/4405 5034/3651/4405 5035/3652/4405 5032/3653/4405 5066/3654/4405 5068/3655/4405 5069/3656/4405 5070/3657/4405 5067/3658/4405 4956/3659/4405 4979/3660/4405 4981/3661/4405 4982/3662/4405 4983/3663/4405 4980/3664/4405 4995/3665/4405 4997/3666/4405 4998/3667/4405 4999/3668/4405 4996/3669/4405
f 5007/3670/4406 5037/3671/4406 5031/3672/4406 4996/3673/4406
f 5051/3674/4407 5022/3675/4407 5017/3676/4407 5056/3677/4407
f 5056/3678/4408 5017/3679/4408 5012/3680/4408 5061/3681/4408
f 5061/3681/4317 5012/3680/4317 5000/3682/4317 5042/3683/4317
f 4980/3684/4315 4984/3685/4315 4989/3686/4315 5001/3687/4315 5011/3688/4315 5016/3689/4315 5021/3690/4315 5026/3691/4315 5006/3692/4315 4995/3693/4315
f 5037/3694/4409 5007/3695/4409 5027/3696/4409 5046/3697/4409
f 5000/3682/4403 5002/3698/4403 4969/3699/4403 4978/3700/4403 4977/3701/4403 4976/3702/4403 4975/3703/4403 4974/3704/4403 4973/3705/4403 4972/3706/4403 4971/3707/4403 4970/3708/4403 4968/3709/4403 5078/3710/4403 5077/3711/4403 5041/3712/4403 5043/3713/4403 5044/3714/4403 5045/3715/4403 5042/3683/4403
f 4958/3648/4317 4990/3648/4317 4991/3648/4317 5079/3648/4317 5076/3648/4317
f 4971/3716/4410 4877/3503/4410 4862/3502/4410 4970/3467/4410
f 4973/3717/4411 4867/3514/4411 4872/3509/4411 4972/3718/4411
f 4963/3719/4412 4892/3550/4412 4897/3549/4412 4964/3720/4412
f 4968/3466/4413 4882/3556/4413 4892/3555/4413 4963/3721/4413
f 4961/3722/4414 4902/3536/4414 4887/3535/4414 4960/3475/4414
f 5079/3648/4403 5078/3723/4403 4968/3709/4403 4963/3724/4403 4964/3725/4403 4961/3726/4403 4960/3727/4403 4959/3728/4403 4962/3729/4403 4965/3730/4403 4966/3731/4403 4967/3732/4403 4969/3699/4403 5002/3698/4403 5001/3733/4403 4989/3686/4403 4991/3648/4403
f 4969/3734/4415 4907/3591/4415 4917/3590/4415 4978/3735/4415
f 4964/3720/4416 4897/3544/4416 4902/3543/4416 4961/3722/4416
f 4977/3736/4417 4922/3575/4417 4927/3568/4417 4976/3737/4417
f 4974/3470/4418 4857/3524/4418 4867/3523/4418 4973/3738/4418
f 4976/3737/4419 4927/3568/4419 4912/3567/4419 4975/3471/4419
f 4978/3735/4420 4917/3581/4420 4922/3580/4420 4977/3736/4420
f 4972/3718/4421 4872/3509/4421 4877/3508/4421 4971/3716/4421
f 4989/3686/4422 4992/3739/4422 4991/3648/4422
f 4992/3739/4423 4993/3740/4423 4991/3648/4423
f 4993/3740/4424 4994/3741/4424 4991/3648/4424
f 4994/3741/4425 4990/3742/4425 4991/3648/4425
f 4979/3646/4426 4985/3645/4426 4988/3743/4426 4981/3661/4426
f 4981/3661/4427 4988/3743/4427 4987/3744/4427 4982/3662/4427
f 4982/3662/4428 4987/3744/4428 4986/3745/4428 4983/3663/4428
f 4983/3663/4429 4986/3745/4429 4984/3685/4429 4980/3684/4429
f 4985/3645/4430 4990/3648/4430 4994/3746/4430 4988/3743/4430
f 4988/3743/4431 4994/3746/4431 4993/3747/4431 4987/3744/4431
f 4987/3744/4432 4993/3747/4432 4992/3739/4432 4986/3745/4432
f 4986/3745/4433 4992/3739/4433 4989/3686/4433 4984/3685/4433
f 5046/3697/4434 5027/3748/4434 5022/3749/4434 5051/3674/4434
f 5000/3682/4403 5003/3750/4403 5002/3698/4403
f 5003/3750/4403 5004/3751/4403 5002/3698/4403
f 5004/3751/4403 5005/3752/4403 5002/3698/4403
f 5005/3752/4435 5001/3753/4435 5002/3698/4435
f 5006/3692/4436 5026/3691/4436 5028/3754/4436 5008/3755/4436
f 5008/3755/4437 5028/3754/4437 5029/3756/4437 5009/3757/4437
f 5009/3757/4438 5029/3756/4438 5030/3758/4438 5010/3759/4438
f 5010/3759/4439 5030/3758/4439 5027/3696/4439 5007/3695/4439
f 5026/3691/4440 5021/3690/4440 5023/3760/4440 5028/3754/4440
f 5028/3754/4441 5023/3760/4441 5024/3761/4441 5029/3756/4441
f 5029/3756/4442 5024/3761/4442 5025/3762/4442 5030/3758/4442
f 5030/3758/4443 5025/3762/4443 5022/3749/4443 5027/3748/4443
f 5021/3690/4444 5016/3689/4444 5018/3763/4444 5023/3760/4444
f 5023/3760/4445 5018/3763/4445 5019/3764/4445 5024/3765/4445
f 5024/3766/4446 5019/3767/4446 5020/3768/4446 5025/3769/4446
f 5025/3769/4447 5020/3768/4447 5017/3676/4447 5022/3675/4447
f 5016/3689/4448 5011/3688/4448 5013/3770/4448 5018/3763/4448
f 5018/3763/4449 5013/3770/4449 5014/3771/4449 5019/3772/4449
f 5019/3772/4450 5014/3771/4450 5015/3773/4450 5020/3774/4450
f 5020/3774/4451 5015/3773/4451 5012/3680/4451 5017/3679/4451
f 5011/3688/4452 5001/3687/4452 5005/3775/4452 5013/3770/4452
f 5013/3770/4453 5005/3775/4453 5004/3776/4453 5014/3771/4453
f 5014/3771/4454 5004/3776/4454 5003/3750/4454 5015/3773/4454
f 5015/3773/4455 5003/3750/4455 5000/3682/4455 5012/3680/4455
f 4995/3693/4456 5006/3692/4456 5008/3755/4456 4997/3666/4456
f 4997/3666/4457 5008/3755/4457 5009/3757/4457 4998/3667/4457
f 4998/3667/4458 5009/3757/4458 5010/3759/4458 4999/3668/4458
f 4999/3668/4459 5010/3759/4459 5007/3670/4459 4996/3673/4459
f 5072/3777/4404 4957/3644/4404 4956/3647/4404 5067/3778/4404
f 5047/3779/4460 5036/3780/4460 5038/3781/4460 5050/3782/4460
f 5050/3782/4461 5038/3781/4461 5039/3783/4461 5049/3784/4461
f 5049/3784/4462 5039/3783/4462 5040/3785/4462 5048/3786/4462
f 5048/3786/4463 5040/3785/4463 5037/3694/4463 5046/3697/4463
f 5052/3787/4464 5047/3779/4464 5050/3782/4464 5055/3788/4464
f 5055/3788/4465 5050/3782/4465 5049/3784/4465 5054/3789/4465
f 5054/3789/4466 5049/3784/4466 5048/3786/4466 5053/3790/4466
f 5053/3790/4467 5048/3786/4467 5046/3697/4467 5051/3674/4467
f 5057/3791/4468 5052/3787/4468 5055/3788/4468 5060/3792/4468
f 5060/3792/4469 5055/3788/4469 5054/3789/4469 5059/3793/4469
f 5059/3793/4470 5054/3789/4470 5053/3790/4470 5058/3794/4470
f 5058/3794/4471 5053/3790/4471 5051/3674/4471 5056/3677/4471
f 5062/3795/4472 5057/3791/4472 5060/3792/4472 5065/3796/4472
f 5065/3796/4473 5060/3792/4473 5059/3797/4473 5064/3798/4473
f 5064/3799/4474 5059/3800/4474 5058/3801/4474 5063/3802/4474
f 5063/3802/4475 5058/3801/4475 5056/3678/4475 5061/3681/4475
f 5041/3712/4476 5062/3795/4476 5065/3796/4476 5043/3713/4476
f 5043/3713/4477 5065/3796/4477 5064/3803/4477 5044/3714/4477
f 5044/3714/4478 5064/3803/4478 5063/3804/4478 5045/3715/4478
f 5045/3715/4479 5063/3804/4479 5061/3681/4479 5042/3683/4479
f 5036/3780/4480 5032/3653/4480 5035/3652/4480 5038/3781/4480
f 5038/3781/4481 5035/3652/4481 5034/3651/4481 5039/3783/4481
f 5039/3783/4482 5034/3651/4482 5033/3650/4482 5040/3785/4482
f 5040/3785/4483 5033/3650/4483 5031/3672/4483 5037/3671/4483
f 4957/3644/4316 5072/3777/4316 5076/3648/4316 4958/3648/4316
f 5076/3648/4484 5080/3805/4484 5081/3806/4484 5082/3807/4484 5077/3808/4484 5078/3710/4484 5079/3648/4484
f 5072/3777/4485 5067/3778/4485 5070/3657/4485 5075/3809/4485
f 5075/3809/4486 5070/3657/4486 5069/3656/4486 5074/3810/4486
f 5074/3810/4487 5069/3656/4487 5068/3655/4487 5073/3811/4487
f 5073/3811/4488 5068/3655/4488 5066/3654/4488 5071/3812/4488
f 5071/3812/4489 5077/3813/4489 5082/3814/4489 5073/3811/4489
f 5073/3811/4490 5082/3814/4490 5081/3815/4490 5074/3810/4490
f 5074/3810/4491 5081/3815/4491 5080/3805/4491 5075/3809/4491
f 5075/3809/4492 5080/3805/4492 5076/3648/4492 5072/3777/4492
f 5066/3654/4319 5032/3653/4319 5036/3780/4319 5047/3779/4319 5052/3787/4319 5057/3791/4319 5062/3795/4319 5041/3712/4319 5077/3813/4319 5071/3812/4319
o Pump
v -0.024764 -0.016000 -0.000000
v -0.024764 -0.016029 0.000293
v -0.024764 -0.016114 0.000574
v -0.024764 -0.016253 0.000833
v -0.024764 -0.016439 0.001061
v -0.024764 -0.016667 0.001247
v -0.024764 -0.016926 0.001386
v -0.024764 -0.017207 0.001471
v -0.024764 -0.017500 0.001500
v -0.024764 -0.017793 0.001471
v -0.024764 -0.018074 0.001386
v -0.024764 -0.018333 0.001247
v -0.024764 -0.018561 0.001061
v -0.024764 -0.018747 0.000833
v -0.024764 -0.018886 0.000574
v -0.024764 -0.018971 0.000293
v -0.024764 -0.019000 -0.000000
v -0.024764 -0.018971 -0.000293
v -0.024764 -0.018886 -0.000574
v -0.024764 -0.018747 -0.000833
v -0.024764 -0.018561 -0.001061
v -0.024764 -0.018333 -0.001247
v -0.024764 -0.018074 -0.001386
v -0.024764 -0.017793 -0.001471
v -0.024764 -0.017500 -0.001500
v -0.024764 -0.017207 -0.001471
v -0.024764 -0.016926 -0.001386
v -0.024764 -0.016667 -0.001247
v -0.024764 -0.016439 -0.001061
v -0.024764 -0.016253 -0.000833
v -0.024764 -0.016114 -0.000574
v -0.024764 -0.016029 -0.000293
v 0.023247 -0.016000 -0.000000
v 0.023247 -0.016029 0.000293
v 0.023247 -0.016114 0.000574
v 0.023247 -0.016253 0.000833
v 0.023247 -0.016439 0.001061
v 0.023247 -0.016667 0.001247
v 0.023247 -0.016926 0.001386
v 0.023247 -0.017207 0.001471
v 0.023247 -0.017500 0.001500
v 0.023247 -0.017793 0.001471
v 0.023247 -0.018074 0.001386
v 0.023247 -0.018333 0.001247
v 0.023247 -0.018561 0.001061
v 0.023247 -0.018747 0.000833
v 0.023247 -0.018886 0.000574
v 0.023247 -0.018971 0.000293
v 0.023247 -0.019000 -0.000000
v 0.023247 -0.018971 -0.000293
v 0.023247 -0.018886 -0.000574
v 0.023247 -0.018747 -0.000833
v 0.023247 -0.018561 -0.001061
v 0.023247 -0.018333 -0.001247
v 0.023247 -0.018074 -0.001386
v 0.023247 -0.017793 -0.001471
v 0.023247 -0.017500 -0.001500
v 0.023247 -0.017207 -0.001471
v 0.023247 -0.016926 -0.001386
v 0.023247 -0.016667 -0.001247
v 0.023247 -0.016439 -0.001061
v 0.023247 -0.016253 -0.000833
v 0.023247 -0.016114 -0.000574
v 0.023247 -0.016029 -0.000293
v 0.037500 -0.005012 -0.000000
v 0.035000 -0.002500 -0.000000
v 0.036768 -0.003236 -0.000000
v 0.037500 -0.005252 0.002436
v 0.035000 -0.002788 0.002926
v 0.036768 -0.003510 0.002783
v 0.037500 -0.005963 0.004779
v 0.035000 -0.003642 0.005740
v 0.036768 -0.004322 0.005459
v 0.037500 -0.007117 0.006938
v 0.035000 -0.005028 0.008333
v 0.036768 -0.005640 0.007925
v 0.037500 -0.008670 0.008830
v 0.035000 -0.006893 0.010606
v 0.036768 -0.007414 0.010086
v 0.037500 -0.010562 0.010383
v 0.035000 -0.009166 0.012472
v 0.036768 -0.009575 0.011860
v 0.037500 -0.012721 0.011537
v 0.035000 -0.011760 0.013858
v 0.036768 -0.012041 0.013178
v 0.037500 -0.015064 0.012248
v 0.035000 -0.014574 0.014712
v 0.036768 -0.014717 0.013990
v 0.037500 -0.017500 0.012488
v 0.035000 -0.017500 0.015000
v 0.036768 -0.017500 0.014264
v 0.037500 -0.019936 0.012248
v 0.035000 -0.020426 0.014712
v 0.036768 -0.020283 0.013990
v 0.037500 -0.022279 0.011537
v 0.035000 -0.023240 0.013858
v 0.036768 -0.022959 0.013178
v 0.037500 -0.024438 0.010383
v 0.035000 -0.025833 0.012472
v 0.036768 -0.025425 0.011860
v 0.037500 -0.026330 0.008830
v 0.035000 -0.028107 0.010606
v 0.036768 -0.027586 0.010086
v 0.037500 -0.027883 0.006938
v 0.035000 -0.029972 0.008333
v 0.036768 -0.029360 0.007925
v 0.037500 -0.029037 0.004779
v 0.035000 -0.031358 0.005740
v 0.036768 -0.030678 0.005459
v 0.037500 -0.029748 0.002436
v 0.035000 -0.032212 0.002926
v 0.036768 -0.031490 0.002783
v 0.037500 -0.029988 -0.000000
v 0.035000 -0.032500 -0.000000
v 0.036768 -0.031764 -0.000000
v 0.037500 -0.029748 -0.002436
v 0.035000 -0.032212 -0.002926
v 0.036768 -0.031490 -0.002783
v 0.037500 -0.029037 -0.004779
v 0.035000 -0.031358 -0.005740
v 0.036768 -0.030678 -0.005459
v 0.037500 -0.027883 -0.006938
v 0.035000 -0.029972 -0.008334
v 0.036768 -0.029360 -0.007925
v 0.037500 -0.026330 -0.008830
v 0.035000 -0.028107 -0.010607
v 0.036768 -0.027586 -0.010086
v 0.037500 -0.024438 -0.010383
v 0.035000 -0.025833 -0.012472
v 0.036768 -0.025425 -0.011860
v 0.037500 -0.022279 -0.011537
v 0.035000 -0.023240 -0.013858
v 0.036768 -0.022959 -0.013179
v 0.037500 -0.019936 -0.012248
v 0.035000 -0.020426 -0.014712
v 0.036768 -0.020283 -0.013990
v 0.037500 -0.017500 -0.012488
v 0.035000 -0.017500 -0.015000
v 0.036768 -0.017500 -0.014264
v 0.037500 -0.015064 -0.012248
v 0.035000 -0.014574 -0.014712
v 0.036768 -0.014717 -0.013990
v 0.037500 -0.012721 -0.011537
v 0.035000 -0.011760 -0.013858
v 0.036768 -0.012041 -0.013179
v 0.037500 -0.010562 -0.010383
v 0.035000 -0.009166 -0.012472
v 0.036768 -0.009575 -0.011860
v 0.037500 -0.008670 -0.008830
v 0.035000 -0.006893 -0.010607
v 0.036768 -0.007414 -0.010086
v 0.037500 -0.007117 -0.006938
v 0.035000 -0.005028 -0.008334
v 0.036768 -0.005640 -0.007925
v 0.037500 -0.005963 -0.004779
v 0.035000 -0.003642 -0.005740
v 0.036768 -0.004321 -0.005459
v 0.037500 -0.005252 -0.002436
v 0.035000 -0.002788 -0.002926
v 0.036768 -0.003510 -0.002783
v -0.035000 -0.002500 -0.000000
v -0.037500 -0.005012 -0.000000
v -0.036768 -0.003236 -0.000000
v -0.037500 -0.005252 0.002436
v -0.035000 -0.002788 0.002926
v -0.036768 -0.003510 0.002783
v -0.037500 -0.005963 0.004779
v -0.035000 -0.003642 0.005740
v -0.036768 -0.004321 0.005459
v -0.037500 -0.007117 0.006938
v -0.035000 -0.005028 0.008333
v -0.036768 -0.005640 0.007925
v -0.037500 -0.008670 0.008830
v -0.035000 -0.006893 0.010606
v -0.036768 -0.007414 0.010086
v -0.037500 -0.010562 0.010383
v -0.035000 -0.009166 0.012472
v -0.036768 -0.009575 0.011860
v -0.037500 -0.012721 0.011537
v -0.035000 -0.011760 0.013858
v -0.036768 -0.012041 0.013178
v -0.037500 -0.015064 0.012248
v -0.035000 -0.014574 0.014712
v -0.036768 -0.014717 0.013990
v -0.037500 -0.017500 0.012488
v -0.035000 -0.017500 0.015000
v -0.036768 -0.017500 0.014264
v -0.037500 -0.019936 0.012248
v -0.035000 -0.020426 0.014712
v -0.036768 -0.020283 0.013990
v -0.037500 -0.022279 0.011537
v -0.035000 -0.023240 0.013858
v -0.036768 -0.022959 0.013178
v -0.037500 -0.024438 0.010383
v -0.035000 -0.025833 0.012472
v -0.036768 -0.025425 0.011860
v -0.037500 -0.026330 0.008830
v -0.035000 -0.028107 0.010606
v -0.036768 -0.027586 0.010086
v -0.037500 -0.027883 0.006938
v -0.035000 -0.029972 0.008333
v -0.036768 -0.029360 0.007925
v -0.037500 -0.029037 0.004779
v -0.035000 -0.031358 0.005740
v -0.036768 -0.030678 0.005459
v -0.037500 -0.029748 0.002436
v -0.035000 -0.032212 0.002926
v -0.036768 -0.031490 0.002783
v -0.037500 -0.029988 -0.000000
v -0.035000 -0.032500 -0.000000
v -0.036768 -0.031764 -0.000000
v -0.037500 -0.029748 -0.002436
v -0.035000 -0.032212 -0.002926
v -0.036768 -0.031490 -0.002783
v -0.037500 -0.029037 -0.004779
v -0.035000 -0.031358 -0.005740
v -0.036768 -0.030678 -0.005459
v -0.037500 -0.027883 -0.006938
v -0.035000 -0.029972 -0.008334
v -0.036768 -0.029360 -0.007925
v -0.037500 -0.026330 -0.008830
v -0.035000 -0.028107 -0.010607
v -0.036768 -0.027586 -0.010086
v -0.037500 -0.024438 -0.010383
v -0.035000 -0.025833 -0.012472
v -0.036768 -0.025425 -0.011860
v -0.037500 -0.022279 -0.011537
v -0.035000 -0.023240 -0.013858
v -0.036768 -0.022959 -0.013179
v -0.037500 -0.019936 -0.012248
v -0.035000 -0.020426 -0.014712
v -0.036768 -0.020283 -0.013990
v -0.037500 -0.017500 -0.012488
v -0.035000 -0.017500 -0.015000
v -0.036768 -0.017500 -0.014264
v -0.037500 -0.015064 -0.012248
v -0.035000 -0.014574 -0.014712
v -0.036768 -0.014717 -0.013990
v -0.037500 -0.012721 -0.011537
v -0.035000 -0.011760 -0.013858
v -0.036768 -0.012041 -0.013179
v -0.037500 -0.010562 -0.010383
v -0.035000 -0.009166 -0.012472
v -0.036768 -0.009575 -0.011860
v -0.037500 -0.008670 -0.008830
v -0.035000 -0.006893 -0.010607
v -0.036768 -0.007414 -0.010086
v -0.037500 -0.007117 -0.006938
v -0.035000 -0.005028 -0.008334
v -0.036768 -0.005640 -0.007925
v -0.037500 -0.005963 -0.004779
v -0.035000 -0.003642 -0.005740
v -0.036768 -0.004321 -0.005459
v -0.037500 -0.005252 -0.002436
v -0.035000 -0.002788 -0.002926
v -0.036768 -0.003510 -0.002783
v -0.037500 -0.016926 -0.001386
v -0.037500 -0.016667 -0.001247
v -0.037500 -0.016114 0.000574
v -0.037500 -0.016029 0.000293
v -0.037500 -0.017207 -0.001471
v -0.037500 -0.016439 0.001061
v -0.037500 -0.018747 0.000833
v -0.037500 -0.018886 0.000574
v -0.037500 -0.016667 0.001247
v -0.037500 -0.018971 0.000293
v -0.037500 -0.018886 -0.000574
v -0.037500 -0.017500 -0.001500
v -0.037500 -0.016114 -0.000574
v -0.037500 -0.018747 -0.000833
v -0.037500 -0.017793 0.001471
v -0.037500 -0.018561 0.001061
v -0.037500 -0.018074 0.001386
v -0.037500 -0.017500 0.001500
v -0.037500 -0.016439 -0.001061
v -0.037500 -0.016253 -0.000833
v -0.037500 -0.019000 -0.000000
v -0.037500 -0.016000 -0.000000
v -0.037500 -0.017207 0.001471
v -0.037500 -0.016253 0.000833
v -0.037500 -0.016926 0.001386
v -0.037500 -0.018074 -0.001386
v -0.037500 -0.018333 -0.001247
v -0.037500 -0.017793 -0.001471
v -0.037500 -0.018561 -0.001061
v -0.037500 -0.018971 -0.000293
v -0.037500 -0.018333 0.001247
v -0.037500 -0.016029 -0.000293
v 0.037500 -0.013195 -0.010394
v 0.037500 -0.011250 -0.009354
v 0.037500 -0.007106 0.004305
v 0.037500 -0.006466 0.002195
v 0.037500 -0.015305 -0.011034
v 0.037500 -0.009545 0.007955
v 0.037500 -0.026854 0.006250
v 0.037500 -0.027894 0.004305
v 0.037500 -0.011250 0.009354
v 0.037500 -0.028534 0.002195
v 0.037500 -0.027894 -0.004305
v 0.037500 -0.017500 -0.011250
v 0.037500 -0.007106 -0.004305
v 0.037500 -0.026854 -0.006250
v 0.037500 -0.019695 0.011034
v 0.037500 -0.025455 0.007955
v 0.037500 -0.021805 0.010394
v 0.037500 -0.017500 0.011250
v 0.037500 -0.009545 -0.007955
v 0.037500 -0.008146 -0.006250
v 0.037500 -0.028750 -0.000000
v 0.037500 -0.006250 -0.000000
v 0.037500 -0.015305 0.011034
v 0.037500 -0.008146 0.006250
v 0.037500 -0.013195 0.010394
v 0.037500 -0.021805 -0.010394
v 0.037500 -0.023750 -0.009354
v 0.037500 -0.019695 -0.011034
v 0.037500 -0.025455 -0.007955
v 0.037500 -0.028534 -0.002195
v 0.037500 -0.023750 0.009354
v 0.037500 -0.006466 -0.002195
v 0.035000 -0.018747 -0.000833
v 0.035000 -0.016114 0.000574
v 0.035000 -0.016253 -0.000833
v 0.035000 -0.018886 -0.000574
v 0.035000 -0.018561 -0.001061
v 0.035000 -0.018074 -0.001386
v 0.035000 -0.018333 -0.001247
v 0.035000 -0.017500 -0.001500
v 0.035000 -0.016926 -0.001386
v 0.035000 -0.016114 -0.000574
v 0.035000 -0.016029 -0.000293
v 0.035000 -0.017207 -0.001471
v 0.035000 -0.016029 0.000293
v 0.035000 -0.016000 -0.000000
v 0.035000 -0.016667 -0.001247
v 0.035000 -0.016439 -0.001061
v 0.035000 -0.017793 -0.001471
v 0.035000 -0.018561 0.001061
v 0.035000 -0.018747 0.000833
v 0.035000 -0.016253 0.000833
v 0.035000 -0.016926 0.001386
v 0.035000 -0.016439 0.001061
v 0.035000 -0.018333 0.001247
v 0.035000 -0.017500 0.001500
v 0.035000 -0.017793 0.001471
v 0.035000 -0.019000 -0.000000
v 0.035000 -0.018971 0.000293
v 0.035000 -0.016667 0.001247
v 0.035000 -0.018074 0.001386
v 0.035000 -0.018971 -0.000293
v 0.035000 -0.018886 0.000574
v 0.035000 -0.017207 0.001471
v 0.036250 -0.006250 -0.000000
v 0.011250 -0.006250 -0.000000
v 0.036250 -0.006466 0.002195
v 0.011250 -0.006466 0.002195
v 0.036250 -0.007106 0.004305
v 0.011250 -0.007106 0.004305
v 0.036250 -0.008146 0.006250
v 0.011250 -0.008146 0.006250
v 0.036250 -0.009545 0.007955
v 0.011250 -0.009545 0.007955
v 0.036250 -0.011250 0.009354
v 0.011250 -0.011250 0.009354
v 0.036250 -0.013195 0.010394
v 0.011250 -0.013195 0.010394
v 0.036250 -0.015305 0.011034
v 0.011250 -0.015305 0.011034
v 0.036250 -0.017500 0.011250
v 0.011250 -0.017500 0.011250
v 0.036250 -0.019695 0.011034
v 0.011250 -0.019695 0.011034
v 0.036250 -0.021805 0.010394
v 0.011250 -0.021805 0.010394
v 0.036250 -0.023750 0.009354
v 0.011250 -0.023750 0.009354
v 0.036250 -0.025455 0.007955
v 0.011250 -0.025455 0.007955
v 0.036250 -0.026854 0.006250
v 0.011250 -0.026854 0.006250
v 0.036250 -0.027894 0.004305
v 0.011250 -0.027894 0.004305
v 0.036250 -0.028534 0.002195
v 0.011250 -0.028534 0.002195
v 0.036250 -0.028750 -0.000000
v 0.011250 -0.028750 -0.000000
v 0.036250 -0.028534 -0.002195
v 0.011250 -0.028534 -0.002195
v 0.036250 -0.027894 -0.004305
v 0.011250 -0.027894 -0.004305
v 0.036250 -0.026854 -0.006250
v 0.011250 -0.026854 -0.006250
v 0.036250 -0.025455 -0.007955
v 0.011250 -0.025455 -0.007955
v 0.036250 -0.023750 -0.009354
v 0.011250 -0.023750 -0.009354
v 0.036250 -0.021805 -0.010394
v 0.011250 -0.021805 -0.010394
v 0.036250 -0.019695 -0.011034
v 0.011250 -0.019695 -0.011034
v 0.036250 -0.017500 -0.011250
v 0.011250 -0.017500 -0.011250
v 0.036250 -0.015305 -0.011034
v 0.011250 -0.015305 -0.011034
v 0.036250 -0.013195 -0.010394
v 0.011250 -0.013195 -0.010394
v 0.036250 -0.011250 -0.009354
v 0.011250 -0.011250 -0.009354
v 0.036250 -0.009545 -0.007955
v 0.011250 -0.009545 -0.007955
v 0.036250 -0.008146 -0.006250
v 0.011250 -0.008146 -0.006250
v 0.036250 -0.007106 -0.004305
v 0.011250 -0.007106 -0.004305
v 0.036250 -0.006466 -0.002195
v 0.011250 -0.006466 -0.002195
vn -0.0000 -0.9952 -0.0980
vn -0.0000 -0.9569 -0.2903
vn -0.0000 -0.8819 -0.4714
vn -0.0000 -0.7730 -0.6344
vn -0.0000 -0.6344 -0.7730
vn -0.0000 -0.4714 -0.8819
vn -0.0000 -0.2903 -0.9569
vn -0.0000 -0.0980 -0.9952
vn -0.0000 0.0980 -0.9952
vn -0.0000 0.2903 -0.9569
vn -0.0000 0.4714 -0.8819
vn -0.0000 0.6344 -0.7730
vn -0.0000 0.7730 -0.6344
vn -0.0000 0.8819 -0.4714
vn -0.0000 0.9569 -0.2903
vn -0.0000 0.9952 -0.0980
vn -0.0000 0.9952 0.0980
vn -0.0000 0.9569 0.2903
vn -0.0000 0.8819 0.4714
vn -0.0000 0.7730 0.6344
vn -0.0000 0.6344 0.7730
vn -0.0000 0.4714 0.8819
vn -0.0000 0.2903 0.9569
vn -0.0000 0.0980 0.9952
vn -0.0000 -0.0980 0.9952
vn -0.0000 -0.2903 0.9569
vn -0.0000 -0.4714 0.8819
vn -0.0000 -0.6344 0.7730
vn -0.0000 -0.7730 0.6344
vn -0.0000 -0.8819 0.4714
vn -0.0000 -0.9569 0.2903
vn -0.0000 -0.9952 0.0980
vn -1.0000 -0.0000 -0.0000
vn 1.0000 -0.0000 -0.0000
vn 0.3827 0.9194 0.0906
vn 0.9239 0.3808 0.0375
vn 0.3827 0.8841 0.2682
vn 0.9239 0.3662 0.1111
vn 0.3827 0.8148 0.4355
vn 0.9239 0.3375 0.1804
vn 0.3827 0.7142 0.5861
vn 0.9239 0.2958 0.2428
vn 0.3827 0.5861 0.7142
vn 0.9239 0.2428 0.2958
vn 0.3827 0.4355 0.8148
vn 0.9239 0.1804 0.3375
vn 0.3827 0.2682 0.8841
vn 0.9239 0.1111 0.3662
vn 0.3827 0.0906 0.9194
vn 0.9239 0.0375 0.3808
vn 0.3827 -0.0906 0.9194
vn 0.9239 -0.0375 0.3808
vn 0.3827 -0.2682 0.8841
vn 0.9239 -0.1111 0.3662
vn 0.3827 -0.4355 0.8148
vn 0.9239 -0.1804 0.3375
vn 0.3827 -0.5861 0.7142
vn 0.9239 -0.2428 0.2958
vn 0.3827 -0.7142 0.5861
vn 0.9239 -0.2958 0.2428
vn 0.3827 -0.8148 0.4355
vn 0.9239 -0.3375 0.1804
vn 0.3827 -0.8841 0.2682
vn 0.9239 -0.3662 0.1111
vn 0.3827 -0.9194 0.0906
vn 0.9239 -0.3808 0.0375
vn 0.3827 -0.9194 -0.0906
vn 0.9239 -0.3808 -0.0375
vn 0.3827 -0.8841 -0.2682
vn 0.9239 -0.3662 -0.1111
vn 0.3827 -0.8148 -0.4355
vn 0.9239 -0.3375 -0.1804
vn 0.3827 -0.7142 -0.5861
vn 0.9239 -0.2958 -0.2428
vn 0.3827 -0.5861 -0.7142
vn 0.9239 -0.2428 -0.2958
vn 0.3827 -0.4355 -0.8148
vn 0.9239 -0.1804 -0.3375
vn 0.3827 -0.2682 -0.8841
vn 0.9239 -0.1111 -0.3662
vn 0.3827 -0.0906 -0.9194
vn 0.9239 -0.0375 -0.3808
vn 0.3827 0.0906 -0.9194
vn 0.9239 0.0375 -0.3808
vn 0.3827 0.2682 -0.8841
vn 0.9239 0.1111 -0.3662
vn 0.3827 0.4355 -0.8148
vn 0.9239 0.1804 -0.3375
vn 0.3827 0.5861 -0.7142
vn 0.9239 0.2428 -0.2958
vn 0.3827 0.7142 -0.5861
vn 0.9239 0.2958 -0.2428
vn 0.3827 0.8148 -0.4355
vn 0.9239 0.3375 -0.1804
vn 0.3827 0.8841 -0.2682
vn 0.9239 0.3662 -0.1111
vn 0.3827 0.9194 -0.0906
vn 0.9239 0.3808 -0.0375
vn -0.3827 0.9194 0.0906
vn -0.9239 0.3808 0.0375
vn -0.3827 0.8841 0.2682
vn -0.9239 0.3662 0.1111
vn -0.3827 0.8148 0.4355
vn -0.9239 0.3375 0.1804
vn -0.3827 0.7142 0.5861
vn -0.9239 0.2958 0.2428
vn -0.3827 0.5861 0.7142
vn -0.9239 0.2428 0.2958
vn -0.3827 0.4355 0.8148
vn -0.9239 0.1804 0.3375
vn -0.3827 0.2682 0.8841
vn -0.9239 0.1111 0.3662
vn -0.3827 0.0906 0.9194
vn -0.9239 0.0375 0.3808
vn -0.3827 -0.0906 0.9194
vn -0.9239 -0.0375 0.3808
vn -0.3827 -0.2682 0.8841
vn -0.9239 -0.1111 0.3662
vn -0.3827 -0.4355 0.8148
vn -0.9239 -0.1804 0.3375
vn -0.3827 -0.5861 0.7142
vn -0.9239 -0.2428 0.2958
vn -0.3827 -0.7142 0.5861
vn -0.9239 -0.2958 0.2428
vn -0.3827 -0.8148 0.4355
vn -0.9239 -0.3375 0.1804
vn -0.3827 -0.8841 0.2682
vn -0.9239 -0.3662 0.1111
vn -0.3827 -0.9194 0.0906
vn -0.9239 -0.3808 0.0375
vn -0.3827 -0.9194 -0.0906
vn -0.9239 -0.3808 -0.0375
vn -0.3827 -0.8841 -0.2682
vn -0.9239 -0.3662 -0.1111
vn -0.3827 -0.8148 -0.4355
vn -0.9239 -0.3375 -0.1804
vn -0.3827 -0.7142 -0.5861
vn -0.9239 -0.2958 -0.2428
vn -0.3827 -0.5861 -0.7142
vn -0.9239 -0.2428 -0.2958
vn -0.3827 -0.4355 -0.8148
vn -0.9239 -0.1804 -0.3375
vn -0.3827 -0.2682 -0.8841
vn -0.9239 -0.1111 -0.3662
vn -0.3827 -0.0906 -0.9194
vn -0.9239 -0.0375 -0.3808
vn -0.3827 0.0906 -0.9194
vn -0.9239 0.0375 -0.3808
vn -0.3827 0.2682 -0.8841
vn -0.9239 0.1111 -0.3662
vn -0.3827 0.4355 -0.8148
vn -0.9239 0.1804 -0.3375
vn -0.3827 0.5861 -0.7142
vn -0.9239 0.2428 -0.2958
vn -0.3827 0.7142 -0.5861
vn -0.9239 0.2958 -0.2428
vn -0.3827 0.8148 -0.4355
vn -0.9239 0.3375 -0.1804
vn -0.3827 0.8841 -0.2682
vn -0.9239 0.3662 -0.1111
vn -0.3827 0.9194 -0.0906
vn -0.9239 0.3808 -0.0375
vt 1.000000 0.500000
vt 0.968750 0.500000
vt 0.968750 0.584906
vt 1.000000 0.584906
vt 0.937500 0.500000
vt 0.937500 0.584906
vt 0.906250 0.500000
vt 0.906250 0.584906
vt 0.875000 0.500000
vt 0.875000 0.584906
vt 0.843750 0.500000
vt 0.843750 0.584906
vt 0.812500 0.500000
vt 0.812500 0.584906
vt 0.781250 0.500000
vt 0.781250 0.584906
vt 0.750000 0.500000
vt 0.750000 0.584906
vt 0.718750 0.500000
vt 0.718750 0.584906
vt 0.687500 0.500000
vt 0.687500 0.584906
vt 0.656250 0.500000
vt 0.656250 0.584906
vt 0.625000 0.500000
vt 0.625000 0.584906
vt 0.593750 0.500000
vt 0.593750 0.584906
vt 0.562500 0.500000
vt 0.562500 0.584906
vt 0.531250 0.500000
vt 0.531250 0.584906
vt 0.500000 0.500000
vt 0.500000 0.584906
vt 0.468750 0.500000
vt 0.468750 0.584906
vt 0.437500 0.500000
vt 0.437500 0.584906
vt 0.406250 0.500000
vt 0.406250 0.584906
vt 0.375000 0.500000
vt 0.375000 0.584906
vt 0.343750 0.500000
vt 0.343750 0.584906
vt 0.312500 0.500000
vt 0.312500 0.584906
vt 0.281250 0.500000
vt 0.281250 0.584906
vt 0.250000 0.500000
vt 0.250000 0.584906
vt 0.218750 0.500000
vt 0.218750 0.584906
vt 0.187500 0.500000
vt 0.187500 0.584906
vt 0.156250 0.500000
vt 0.156250 0.584906
vt 0.125000 0.500000
vt 0.125000 0.584906
vt 0.093750 0.500000
vt 0.093750 0.584906
vt 0.062500 0.500000
vt 0.062500 0.584906
vt 0.031250 0.500000
vt 0.031250 0.584906
vt 0.000000 0.500000
vt 0.000000 0.584906
vt 0.750000 0.490000
vt 0.703179 0.485389
vt 0.658156 0.471731
vt 0.616663 0.449553
vt 0.580295 0.419706
vt 0.550447 0.383337
vt 0.528269 0.341844
vt 0.514612 0.296822
vt 0.510000 0.250000
vt 0.514611 0.203179
vt 0.528269 0.158156
vt 0.550447 0.116663
vt 0.580294 0.080294
vt 0.616663 0.050447
vt 0.658156 0.028269
vt 0.703178 0.014612
vt 0.750000 0.010000
vt 0.796822 0.014612
vt 0.841844 0.028269
vt 0.883337 0.050447
vt 0.919706 0.080294
vt 0.949553 0.116663
vt 0.971731 0.158156
vt 0.985388 0.203178
vt 0.990000 0.250000
vt 0.985388 0.296822
vt 0.971731 0.341844
vt 0.949553 0.383337
vt 0.919706 0.419706
vt 0.883337 0.449553
vt 0.841844 0.471731
vt 0.796822 0.485388
vt 0.296822 0.485388
vt 0.341844 0.471731
vt 0.383337 0.449553
vt 0.419706 0.419706
vt 0.449553 0.383337
vt 0.471731 0.341844
vt 0.485388 0.296822
vt 0.490000 0.250000
vt 0.485388 0.203178
vt 0.471731 0.158156
vt 0.449553 0.116663
vt 0.419706 0.080294
vt 0.383337 0.050447
vt 0.341844 0.028269
vt 0.296822 0.014612
vt 0.250000 0.010000
vt 0.203178 0.014612
vt 0.158156 0.028269
vt 0.116663 0.050447
vt 0.080294 0.080294
vt 0.050447 0.116663
vt 0.028269 0.158156
vt 0.014611 0.203179
vt 0.010000 0.250000
vt 0.014612 0.296822
vt 0.028269 0.341844
vt 0.050447 0.383337
vt 0.080295 0.419706
vt 0.116663 0.449553
vt 0.158156 0.471731
vt 0.203179 0.485389
vt 0.250000 0.490000
vt 0.968750 0.516667
vt 0.968750 0.983333
vt 0.937500 0.983333
vt 0.937500 0.516667
vt 0.906250 0.516667
vt 0.906250 0.983333
vt 0.875000 0.983333
vt 0.875000 0.516667
vt 0.875000 0.516667
vt 0.843750 0.983333
vt 0.843750 0.516667
vt 0.843750 0.516667
vt 0.812500 0.983333
vt 0.812500 0.516667
vt 0.812500 0.516667
vt 0.812500 0.983333
vt 0.781250 0.983333
vt 0.781250 0.516667
vt 0.781250 0.516667
vt 0.750000 0.983333
vt 0.750000 0.516667
vt 0.750000 0.516667
vt 0.750000 0.983333
vt 0.718750 0.983333
vt 0.718750 0.516667
vt 0.718750 0.516667
vt 0.687500 0.983333
vt 0.687500 0.516667
vt 0.687500 0.983333
vt 0.656250 0.983333
vt 0.656250 0.516667
vt 0.656250 0.983333
vt 0.625000 0.983333
vt 0.625000 0.516667
vt 0.625000 0.516667
vt 0.625000 0.983333
vt 0.593750 0.983333
vt 0.593750 0.516667
vt 0.593750 0.516667
vt 0.562500 0.983333
vt 0.562500 0.516667
vt 0.562500 0.983333
vt 0.531250 0.983333
vt 0.531250 0.516667
vt 0.531250 0.983333
vt 0.500000 0.983333
vt 0.500000 0.516667
vt 0.500000 0.516667
vt 0.468750 0.983333
vt 0.468750 0.516667
vt 0.468750 0.983333
vt 0.437500 0.983333
vt 0.437500 0.516667
vt 0.437500 0.516667
vt 0.437500 0.983333
vt 0.406250 0.983333
vt 0.406250 0.516667
vt 0.406250 0.516667
vt 0.406250 0.983333
vt 0.375000 0.983333
vt 0.375000 0.516667
vt 0.375000 0.516667
vt 0.343750 0.983333
vt 0.343750 0.516667
vt 0.343750 0.983333
vt 0.312500 0.983333
vt 0.312500 0.516667
vt 0.312500 0.516667
vt 0.312500 0.983333
vt 0.281250 0.983333
vt 0.281250 0.516667
vt 0.281250 0.983333
vt 0.250000 0.983333
vt 0.250000 0.516667
vt 0.250000 0.983333
vt 0.218750 0.983333
vt 0.218750 0.516667
vt 0.218750 0.516667
vt 0.187500 0.983333
vt 0.187500 0.516667
vt 0.187500 0.516667
vt 0.187500 0.983333
vt 0.156250 0.983333
vt 0.156250 0.516667
vt 0.156250 0.516667
vt 0.156250 0.983333
vt 0.125000 0.983333
vt 0.125000 0.516667
vt 0.125000 0.516667
vt 0.093750 0.983333
vt 0.093750 0.516667
vt 0.093750 0.516667
vt 0.093750 0.983333
vt 0.062500 0.983333
vt 0.062500 0.516667
vt 0.062500 0.516667
vt 0.062500 0.983333
vt 0.031250 0.983333
vt 0.031250 0.516667
vt 0.031250 0.516667
vt 0.000000 0.983333
vt 0.000000 0.516667
vt 0.937500 0.983333
vt 0.906250 0.516667
vt 0.288980 0.445967
vt 0.250000 0.449806
vt 0.211020 0.445967
vt 0.173538 0.434597
vt 0.138994 0.416133
vt 0.108716 0.391285
vt 0.083867 0.361006
vt 0.065403 0.326463
vt 0.054033 0.288981
vt 0.050194 0.250000
vt 0.226000 0.250000
vt 0.226461 0.254682
vt 0.227827 0.259184
vt 0.230045 0.263334
vt 0.233029 0.266971
vt 0.236666 0.269955
vt 0.240815 0.272173
vt 0.245318 0.273539
vt 0.250000 0.274000
vt 0.254682 0.273539
vt 0.259184 0.272173
vt 0.263334 0.269955
vt 0.266970 0.266971
vt 0.269955 0.263334
vt 0.272173 0.259185
vt 0.273539 0.254682
vt 0.274000 0.250000
vt 0.449806 0.250000
vt 0.445967 0.288980
vt 0.434597 0.326463
vt 0.416133 0.361007
vt 0.391284 0.391285
vt 0.361006 0.416133
vt 0.326463 0.434597
vt 1.000000 0.516667
vt 0.968750 0.516667
vt 0.969516 0.500000
vt 0.999234 0.500000
vt 0.751148 0.489887
vt 0.795673 0.485502
vt 0.788980 0.445967
vt 0.750000 0.449806
vt 0.938266 0.500000
vt 0.967984 0.500000
vt 0.797926 0.485054
vt 0.840740 0.472066
vt 0.826463 0.434597
vt 0.907016 0.500000
vt 0.936734 0.500000
vt 0.842862 0.471187
vt 0.882319 0.450097
vt 0.861006 0.416133
vt 0.875766 0.500000
vt 0.905484 0.500000
vt 0.884229 0.448821
vt 0.918814 0.420438
vt 0.891284 0.391285
vt 0.844516 0.500000
vt 0.874234 0.500000
vt 0.920438 0.418814
vt 0.948821 0.384229
vt 0.916133 0.361007
vt 0.813266 0.500000
vt 0.842984 0.500000
vt 0.950097 0.382319
vt 0.971187 0.342862
vt 0.934597 0.326463
vt 0.782016 0.500000
vt 0.811734 0.500000
vt 0.972066 0.340740
vt 0.985053 0.297926
vt 0.945967 0.288980
vt 0.750766 0.500000
vt 0.780484 0.500000
vt 0.985502 0.295673
vt 0.989887 0.251148
vt 0.949806 0.250000
vt 0.719516 0.500000
vt 0.749234 0.500000
vt 0.989887 0.248852
vt 0.985502 0.204327
vt 0.945968 0.211020
vt 0.688266 0.500000
vt 0.717984 0.500000
vt 0.985054 0.202074
vt 0.972066 0.159260
vt 0.934597 0.173537
vt 0.657016 0.500000
vt 0.686734 0.500000
vt 0.971187 0.157138
vt 0.950097 0.117681
vt 0.916133 0.138994
vt 0.625766 0.500000
vt 0.655484 0.500000
vt 0.948821 0.115771
vt 0.920438 0.081186
vt 0.891285 0.108715
vt 0.594516 0.500000
vt 0.624234 0.500000
vt 0.918814 0.079562
vt 0.884229 0.051179
vt 0.861007 0.083867
vt 0.563266 0.500000
vt 0.592984 0.500000
vt 0.882319 0.049903
vt 0.842862 0.028813
vt 0.826463 0.065403
vt 0.532016 0.500000
vt 0.561734 0.500000
vt 0.840740 0.027934
vt 0.797926 0.014946
vt 0.788980 0.054033
vt 0.500766 0.500000
vt 0.530484 0.500000
vt 0.795673 0.014498
vt 0.751148 0.010113
vt 0.750000 0.050193
vt 0.469516 0.500000
vt 0.499234 0.500000
vt 0.748852 0.010113
vt 0.704327 0.014498
vt 0.711020 0.054033
vt 0.438266 0.500000
vt 0.467984 0.500000
vt 0.702074 0.014947
vt 0.659260 0.027934
vt 0.673537 0.065403
vt 0.407016 0.500000
vt 0.436734 0.500000
vt 0.657138 0.028813
vt 0.617681 0.049903
vt 0.638993 0.083867
vt 0.375766 0.500000
vt 0.405484 0.500000
vt 0.615771 0.051179
vt 0.581186 0.079562
vt 0.608715 0.108716
vt 0.344516 0.500000
vt 0.374234 0.500000
vt 0.579562 0.081186
vt 0.551179 0.115771
vt 0.583867 0.138994
vt 0.313266 0.500000
vt 0.342984 0.500000
vt 0.549903 0.117681
vt 0.528813 0.157139
vt 0.565403 0.173538
vt 0.282016 0.500000
vt 0.311734 0.500000
vt 0.527934 0.159260
vt 0.514946 0.202074
vt 0.554033 0.211020
vt 0.250766 0.500000
vt 0.280484 0.500000
vt 0.514498 0.204327
vt 0.510113 0.248852
vt 0.550194 0.250000
vt 0.219516 0.500000
vt 0.249234 0.500000
vt 0.510113 0.251149
vt 0.514499 0.295674
vt 0.554033 0.288980
vt 0.188266 0.500000
vt 0.217984 0.500000
vt 0.514947 0.297926
vt 0.527934 0.340740
vt 0.565403 0.326463
vt 0.157016 0.500000
vt 0.186734 0.500000
vt 0.528813 0.342862
vt 0.549904 0.382319
vt 0.583867 0.361007
vt 0.125766 0.500000
vt 0.155484 0.500000
vt 0.551179 0.384229
vt 0.579563 0.418814
vt 0.608716 0.391285
vt 0.094516 0.500000
vt 0.124234 0.500000
vt 0.581187 0.420438
vt 0.615771 0.448821
vt 0.638994 0.416133
vt 0.063266 0.500000
vt 0.092984 0.500000
vt 0.617681 0.450097
vt 0.657139 0.471187
vt 0.673538 0.434597
vt 0.032016 0.500000
vt 0.061734 0.500000
vt 0.659261 0.472066
vt 0.702074 0.485054
vt 0.711020 0.445967
vt 0.000766 0.500000
vt 0.030484 0.500000
vt 0.704327 0.485502
vt 0.748852 0.489887
vt 0.968750 0.983333
vt 1.000000 0.983333
vt 0.999234 1.000000
vt 0.969516 1.000000
vt 0.295673 0.485502
vt 0.251148 0.489887
vt 0.967984 1.000000
vt 0.938266 1.000000
vt 0.340740 0.472066
vt 0.297926 0.485054
vt 0.936734 1.000000
vt 0.907016 1.000000
vt 0.382319 0.450097
vt 0.342862 0.471187
vt 0.905484 1.000000
vt 0.875766 1.000000
vt 0.418814 0.420438
vt 0.384229 0.448821
vt 0.874234 1.000000
vt 0.844516 1.000000
vt 0.448821 0.384229
vt 0.420438 0.418814
vt 0.842984 1.000000
vt 0.813266 1.000000
vt 0.471187 0.342862
vt 0.450097 0.382319
vt 0.811734 1.000000
vt 0.782016 1.000000
vt 0.485054 0.297926
vt 0.472066 0.340740
vt 0.780484 1.000000
vt 0.750766 1.000000
vt 0.489887 0.251148
vt 0.485502 0.295673
vt 0.749234 1.000000
vt 0.719516 1.000000
vt 0.485502 0.204327
vt 0.489887 0.248852
vt 0.445967 0.211020
vt 0.717984 1.000000
vt 0.688266 1.000000
vt 0.472066 0.159260
vt 0.485054 0.202074
vt 0.434597 0.173537
vt 0.686734 1.000000
vt 0.657016 1.000000
vt 0.450097 0.117681
vt 0.471187 0.157138
vt 0.416133 0.138994
vt 0.655484 1.000000
vt 0.625766 1.000000
vt 0.420438 0.081186
vt 0.448821 0.115771
vt 0.391284 0.108715
vt 0.624234 1.000000
vt 0.594516 1.000000
vt 0.384229 0.051179
vt 0.418814 0.079562
vt 0.361007 0.083867
vt 0.592984 1.000000
vt 0.563266 1.000000
vt 0.342862 0.028813
vt 0.382319 0.049903
vt 0.326463 0.065403
vt 0.561734 1.000000
vt 0.532016 1.000000
vt 0.297926 0.014946
vt 0.340740 0.027934
vt 0.288980 0.054033
vt 0.530484 1.000000
vt 0.500766 1.000000
vt 0.251148 0.010113
vt 0.295673 0.014498
vt 0.250000 0.050193
vt 0.499234 1.000000
vt 0.469516 1.000000
vt 0.204327 0.014498
vt 0.248852 0.010113
vt 0.211020 0.054033
vt 0.467984 1.000000
vt 0.438266 1.000000
vt 0.159260 0.027934
vt 0.202074 0.014947
vt 0.173537 0.065403
vt 0.436734 1.000000
vt 0.407016 1.000000
vt 0.117681 0.049903
vt 0.157138 0.028813
vt 0.138993 0.083867
vt 0.405484 1.000000
vt 0.375766 1.000000
vt 0.081186 0.079562
vt 0.115771 0.051179
vt 0.108715 0.108716
vt 0.374234 1.000000
vt 0.344516 1.000000
vt 0.051179 0.115771
vt 0.079562 0.081186
vt 0.083867 0.138994
vt 0.342984 1.000000
vt 0.313266 1.000000
vt 0.028813 0.157139
vt 0.049903 0.117681
vt 0.065403 0.173538
vt 0.311734 1.000000
vt 0.282016 1.000000
vt 0.014946 0.202074
vt 0.027934 0.159260
vt 0.054033 0.211020
vt 0.280484 1.000000
vt 0.250766 1.000000
vt 0.010113 0.248852
vt 0.014498 0.204327
vt 0.249234 1.000000
vt 0.219516 1.000000
vt 0.014498 0.295674
vt 0.010113 0.251149
vt 0.217984 1.000000
vt 0.188266 1.000000
vt 0.027934 0.340740
vt 0.014947 0.297926
vt 0.186734 1.000000
vt 0.157016 1.000000
vt 0.049904 0.382319
vt 0.028813 0.342862
vt 0.155484 1.000000
vt 0.125766 1.000000
vt 0.079563 0.418814
vt 0.051179 0.384229
vt 0.124234 1.000000
vt 0.094516 1.000000
vt 0.115771 0.448821
vt 0.081187 0.420438
vt 0.092984 1.000000
vt 0.063266 1.000000
vt 0.157139 0.471187
vt 0.117681 0.450097
vt 0.061734 1.000000
vt 0.032016 1.000000
vt 0.202074 0.485054
vt 0.159261 0.472066
vt 0.030484 1.000000
vt 0.000766 1.000000
vt 0.248852 0.489887
vt 0.204327 0.485502
vt 0.570000 0.250000
vt 0.573460 0.214884
vt 0.583702 0.181117
vt 0.600336 0.149998
vt 0.622721 0.122721
vt 0.649998 0.100337
vt 0.681117 0.083702
vt 0.714884 0.073458
vt 0.750000 0.069998
vt 0.785117 0.073458
vt 0.818883 0.083702
vt 0.850003 0.100335
vt 0.877280 0.122721
vt 0.899665 0.149997
vt 0.916298 0.181117
vt 0.926540 0.214884
vt 0.930000 0.250000
vt 0.273539 0.245318
vt 0.272173 0.240816
vt 0.269955 0.236666
vt 0.266970 0.233029
vt 0.263334 0.230045
vt 0.259184 0.227827
vt 0.254682 0.226461
vt 0.250000 0.226000
vt 0.245318 0.226461
vt 0.240815 0.227827
vt 0.236666 0.230045
vt 0.233029 0.233029
vt 0.230045 0.236667
vt 0.227827 0.240816
vt 0.226461 0.245318
vt 0.687500 0.921645
vt 0.656250 0.921645
vt 0.656250 1.000000
vt 0.687500 1.000000
vt 0.343750 0.921645
vt 0.312500 0.921645
vt 0.312500 1.000000
vt 0.343750 1.000000
vt 0.187500 0.921645
vt 0.156250 0.921645
vt 0.156250 1.000000
vt 0.187500 1.000000
vt 0.531250 0.921645
vt 0.500000 0.921645
vt 0.500000 1.000000
vt 0.531250 1.000000
vt 0.812500 0.921645
vt 0.781250 0.921645
vt 0.781250 1.000000
vt 0.812500 1.000000
vt 1.000000 0.921645
vt 0.968750 0.921645
vt 0.968750 1.000000
vt 1.000000 1.000000
vt 0.031250 0.921645
vt 0.000000 0.921645
vt 0.000000 1.000000
vt 0.031250 1.000000
vt 0.718750 0.921645
vt 0.718750 1.000000
vt 0.750000 0.921645
vt 0.750000 1.000000
vt 0.625000 0.921645
vt 0.593750 0.921645
vt 0.593750 1.000000
vt 0.625000 1.000000
vt 0.125000 0.921645
vt 0.125000 1.000000
vt 0.093750 0.921645
vt 0.062500 0.921645
vt 0.062500 1.000000
vt 0.093750 1.000000
vt 0.843750 0.921645
vt 0.843750 1.000000
vt 0.468750 0.921645
vt 0.437500 0.921645
vt 0.437500 1.000000
vt 0.468750 1.000000
vt 0.562500 0.921645
vt 0.562500 1.000000
vt 0.281250 0.921645
vt 0.281250 1.000000
vt 0.250000 0.921645
vt 0.250000 1.000000
vt 0.875000 0.921645
vt 0.875000 1.000000
vt 0.375000 0.921645
vt 0.375000 1.000000
vt 0.218750 0.921645
vt 0.218750 1.000000
vt 0.406250 0.921645
vt 0.406250 1.000000
vt 0.937500 0.921645
vt 0.906250 0.921645
vt 0.906250 1.000000
vt 0.937500 1.000000
vt 0.158156 0.471731
vt 0.050447 0.383337
vt 0.014611 0.203179
vt 0.050447 0.116663
vt 0.080294 0.080294
vt 0.116663 0.050447
vt 0.158156 0.028269
vt 0.203178 0.014612
vt 0.341844 0.028269
vt 0.383337 0.050447
vt 0.449553 0.116663
vt 0.471731 0.158156
vt 0.971731 0.158156
vt 0.949553 0.116663
vt 0.883337 0.050447
vt 0.703178 0.014612
vt 0.658156 0.028269
vt 0.580294 0.080294
vt 0.658156 0.471731
vt 0.926542 0.285116
vt 0.916299 0.318883
vt 0.899666 0.350003
vt 0.877278 0.377279
vt 0.850002 0.399664
vt 0.818883 0.416298
vt 0.785116 0.426540
vt 0.750000 0.430002
vt 0.714884 0.426540
vt 0.681118 0.416298
vt 0.649997 0.399665
vt 0.622723 0.377278
vt 0.600335 0.350003
vt 0.583704 0.318883
vt 0.573460 0.285116
s 0
usemtl Steel-Material
f 5083/3816/4493 5084/3817/4493 5342/3818/4493 5360/3819/4493
f 5084/3817/4494 5085/3820/4494 5341/3821/4494 5342/3818/4494
f 5085/3820/4495 5086/3822/4495 5362/3823/4495 5341/3821/4495
f 5086/3822/4496 5087/3824/4496 5344/3825/4496 5362/3823/4496
f 5087/3824/4497 5088/3826/4497 5347/3827/4497 5344/3825/4497
f 5088/3826/4498 5089/3828/4498 5363/3829/4498 5347/3827/4498
f 5089/3828/4499 5090/3830/4499 5361/3831/4499 5363/3829/4499
f 5090/3830/4500 5091/3832/4500 5356/3833/4500 5361/3831/4500
f 5091/3832/4501 5092/3834/4501 5353/3835/4501 5356/3833/4501
f 5092/3834/4502 5093/3836/4502 5355/3837/4502 5353/3835/4502
f 5093/3836/4503 5094/3838/4503 5369/3839/4503 5355/3837/4503
f 5094/3838/4504 5095/3840/4504 5354/3841/4504 5369/3839/4504
f 5095/3840/4505 5096/3842/4505 5345/3843/4505 5354/3841/4505
f 5096/3842/4506 5097/3844/4506 5346/3845/4506 5345/3843/4506
f 5097/3844/4507 5098/3846/4507 5348/3847/4507 5346/3845/4507
f 5098/3846/4508 5099/3848/4508 5359/3849/4508 5348/3847/4508
f 5099/3848/4509 5100/3850/4509 5368/3851/4509 5359/3849/4509
f 5100/3850/4510 5101/3852/4510 5349/3853/4510 5368/3851/4510
f 5101/3852/4511 5102/3854/4511 5352/3855/4511 5349/3853/4511
f 5102/3854/4512 5103/3856/4512 5367/3857/4512 5352/3855/4512
f 5103/3856/4513 5104/3858/4513 5365/3859/4513 5367/3857/4513
f 5104/3858/4514 5105/3860/4514 5364/3861/4514 5365/3859/4514
f 5105/3860/4515 5106/3862/4515 5366/3863/4515 5364/3861/4515
f 5106/3862/4516 5107/3864/4516 5350/3865/4516 5366/3863/4516
f 5107/3864/4517 5108/3866/4517 5343/3867/4517 5350/3865/4517
f 5108/3866/4518 5109/3868/4518 5339/3869/4518 5343/3867/4518
f 5109/3868/4519 5110/3870/4519 5340/3871/4519 5339/3869/4519
f 5110/3870/4520 5111/3872/4520 5357/3873/4520 5340/3871/4520
f 5111/3872/4521 5112/3874/4521 5358/3875/4521 5357/3873/4521
f 5112/3874/4522 5113/3876/4522 5351/3877/4522 5358/3875/4522
f 5113/3876/4523 5114/3878/4523 5370/3879/4523 5351/3877/4523
f 5114/3878/4524 5083/3880/4524 5360/3881/4524 5370/3879/4524
f 5083/3882/4525 5114/3883/4525 5113/3884/4525 5112/3885/4525 5111/3886/4525 5110/3887/4525 5109/3888/4525 5108/3889/4525 5107/3890/4525 5106/3891/4525 5105/3892/4525 5104/3893/4525 5103/3894/4525 5102/3895/4525 5101/3896/4525 5100/3897/4525 5099/3898/4525 5098/3899/4525 5097/3900/4525 5096/3901/4525 5095/3902/4525 5094/3903/4525 5093/3904/4525 5092/3905/4525 5091/3906/4525 5090/3907/4525 5089/3908/4525 5088/3909/4525 5087/3910/4525 5086/3911/4525 5085/3912/4525 5084/3913/4525
f 5116/3914/4526 5117/3915/4526 5118/3916/4526 5119/3917/4526 5120/3918/4526 5121/3919/4526 5122/3920/4526 5123/3921/4526 5124/3922/4526 5125/3923/4526 5126/3924/4526 5127/3925/4526 5128/3926/4526 5129/3927/4526 5130/3928/4526 5131/3929/4526 5132/3930/4526 5133/3931/4526 5134/3932/4526 5135/3933/4526 5136/3934/4526 5137/3935/4526 5138/3936/4526 5139/3937/4526 5140/3938/4526 5141/3939/4526 5142/3940/4526 5143/3941/4526 5144/3942/4526 5145/3943/4526 5146/3944/4526 5115/3945/4526
f 5151/3946/4510 5247/3947/4510 5250/3948/4510 5154/3949/4510
f 5157/3950/4512 5253/3951/4512 5256/3952/4512 5160/3953/4512
f 5160/3954/4513 5256/3952/4513 5259/3955/4513 5163/3956/4513
f 5163/3957/4514 5259/3955/4514 5262/3958/4514 5166/3959/4514
f 5166/3960/4515 5262/3961/4515 5265/3962/4515 5169/3963/4515
f 5169/3964/4516 5265/3962/4516 5268/3965/4516 5172/3966/4516
f 5172/3967/4517 5268/3968/4517 5271/3969/4517 5175/3970/4517
f 5175/3971/4518 5271/3969/4518 5274/3972/4518 5178/3973/4518
f 5178/3973/4519 5274/3974/4519 5277/3975/4519 5181/3976/4519
f 5181/3976/4520 5277/3977/4520 5280/3978/4520 5184/3979/4520
f 5184/3980/4521 5280/3981/4521 5283/3982/4521 5187/3983/4521
f 5187/3984/4522 5283/3982/4522 5286/3985/4522 5190/3986/4522
f 5190/3986/4523 5286/3987/4523 5289/3988/4523 5193/3989/4523
f 5193/3989/4524 5289/3990/4524 5292/3991/4524 5196/3992/4524
f 5196/3993/4493 5292/3991/4493 5295/3994/4493 5199/3995/4493
f 5199/3995/4494 5295/3996/4494 5298/3997/4494 5202/3998/4494
f 5202/3999/4495 5298/4000/4495 5301/4001/4495 5205/4002/4495
f 5205/4003/4496 5301/4004/4496 5304/4005/4496 5208/4006/4496
f 5208/4007/4497 5304/4005/4497 5307/4008/4497 5211/4009/4497
f 5211/4009/4498 5307/4010/4498 5310/4011/4498 5214/4012/4498
f 5214/4013/4499 5310/4014/4499 5313/4015/4499 5217/4016/4499
f 5217/4016/4500 5313/4017/4500 5316/4018/4500 5220/4019/4500
f 5220/4019/4501 5316/4020/4501 5319/4021/4501 5223/4022/4501
f 5223/4023/4502 5319/4021/4502 5322/4024/4502 5226/4025/4502
f 5226/4026/4503 5322/4027/4503 5325/4028/4503 5229/4029/4503
f 5229/4030/4504 5325/4031/4504 5328/4032/4504 5232/4033/4504
f 5232/4034/4505 5328/4032/4505 5331/4035/4505 5235/4036/4505
f 5235/4037/4506 5331/4038/4506 5334/4039/4506 5238/4040/4506
f 5238/4041/4507 5334/4042/4507 5337/4043/4507 5241/4044/4507
f 5241/4045/4508 5337/4043/4508 5243/4046/4508 5148/4047/4508
f 5154/3949/4511 5250/4048/4511 5253/3951/4511 5157/4049/4511
f 5246/4050/4525 5244/4051/4525 5336/4052/4525 5333/4053/4525 5330/4054/4525 5327/4055/4525 5324/4056/4525 5321/4057/4525 5318/4058/4525 5315/4059/4525 5350/4060/4525 5343/4061/4525 5339/4062/4525 5340/4063/4525 5357/4064/4525 5358/4065/4525 5351/4066/4525 5370/4067/4525 5360/4068/4525 5342/4069/4525 5341/4070/4525 5362/4071/4525 5344/4072/4525 5347/4073/4525 5363/4074/4525 5361/4075/4525 5356/4076/4525 5267/4077/4525 5264/4078/4525 5261/4079/4525 5258/4080/4525 5255/4081/4525 5252/4082/4525 5249/4083/4525
f 5148/4084/4527 5151/4085/4527 5152/4086/4527 5149/4087/4527
f 5149/4088/4528 5152/4089/4528 5150/4090/4528 5147/4091/4528
f 5151/3946/4529 5154/3949/4529 5155/4092/4529 5152/4093/4529
f 5152/4094/4530 5155/4095/4530 5153/4096/4530 5150/4090/4530
f 5154/3949/4531 5157/4049/4531 5158/4097/4531 5155/4098/4531
f 5155/4099/4532 5158/4100/4532 5156/4101/4532 5153/4096/4532
f 5157/3950/4533 5160/3953/4533 5161/4102/4533 5158/4103/4533
f 5158/4104/4534 5161/4105/4534 5159/4106/4534 5156/4101/4534
f 5160/3954/4535 5163/3956/4535 5164/4107/4535 5161/4108/4535
f 5161/4109/4536 5164/4110/4536 5162/4111/4536 5159/4106/4536
f 5163/3957/4537 5166/3959/4537 5167/4112/4537 5164/4113/4537
f 5164/4114/4538 5167/4115/4538 5165/4116/4538 5162/4111/4538
f 5166/3960/4539 5169/3963/4539 5170/4117/4539 5167/4118/4539
f 5167/4119/4540 5170/4120/4540 5168/4121/4540 5165/4116/4540
f 5169/3964/4541 5172/3966/4541 5173/4122/4541 5170/4123/4541
f 5170/4124/4542 5173/4125/4542 5171/4126/4542 5168/4121/4542
f 5172/3967/4543 5175/3970/4543 5176/4127/4543 5173/4128/4543
f 5173/4129/4544 5176/4130/4544 5174/4131/4544 5171/4126/4544
f 5175/3971/4545 5178/3973/4545 5179/4132/4545 5176/4133/4545
f 5176/4134/4546 5179/4135/4546 5177/4136/4546 5174/4131/4546
f 5178/3973/4547 5181/3976/4547 5182/4137/4547 5179/4138/4547
f 5179/4139/4548 5182/4140/4548 5180/4141/4548 5177/4136/4548
f 5181/3976/4549 5184/3979/4549 5185/4142/4549 5182/4143/4549
f 5182/4144/4550 5185/4145/4550 5183/4146/4550 5180/4141/4550
f 5184/3980/4551 5187/3983/4551 5188/4147/4551 5185/4148/4551
f 5185/4149/4552 5188/4150/4552 5186/4151/4552 5183/4146/4552
f 5187/3984/4553 5190/3986/4553 5191/4152/4553 5188/4153/4553
f 5188/4154/4554 5191/4155/4554 5189/4156/4554 5186/4151/4554
f 5190/3986/4555 5193/3989/4555 5194/4157/4555 5191/4158/4555
f 5191/4159/4556 5194/4160/4556 5192/4161/4556 5189/4156/4556
f 5193/3989/4557 5196/3992/4557 5197/4162/4557 5194/4163/4557
f 5194/4164/4558 5197/4165/4558 5195/4166/4558 5192/4161/4558
f 5196/3993/4559 5199/3995/4559 5200/4167/4559 5197/4168/4559
f 5197/4169/4560 5200/4170/4560 5198/4171/4560 5195/4166/4560
f 5199/3995/4561 5202/3998/4561 5203/4172/4561 5200/4173/4561
f 5200/4174/4562 5203/4175/4562 5201/4176/4562 5198/4171/4562
f 5202/3999/4563 5205/4002/4563 5206/4177/4563 5203/4178/4563
f 5203/4179/4564 5206/4180/4564 5204/4181/4564 5201/4176/4564
f 5205/4003/4565 5208/4006/4565 5209/4182/4565 5206/4183/4565
f 5206/4184/4566 5209/4185/4566 5207/4186/4566 5204/4181/4566
f 5208/4007/4567 5211/4009/4567 5212/4187/4567 5209/4188/4567
f 5209/4189/4568 5212/4190/4568 5210/4191/4568 5207/4186/4568
f 5211/4009/4569 5214/4012/4569 5215/4192/4569 5212/4193/4569
f 5212/4194/4570 5215/4195/4570 5213/4196/4570 5210/4191/4570
f 5214/4013/4571 5217/4016/4571 5218/4197/4571 5215/4198/4571
f 5215/4199/4572 5218/4200/4572 5216/4201/4572 5213/4196/4572
f 5217/4016/4573 5220/4019/4573 5221/4202/4573 5218/4203/4573
f 5218/4204/4574 5221/4205/4574 5219/4206/4574 5216/4201/4574
f 5220/4019/4575 5223/4022/4575 5224/4207/4575 5221/4208/4575
f 5221/4209/4576 5224/4210/4576 5222/4211/4576 5219/4206/4576
f 5223/4023/4577 5226/4025/4577 5227/4212/4577 5224/4213/4577
f 5224/4214/4578 5227/4215/4578 5225/4216/4578 5222/4211/4578
f 5226/4026/4579 5229/4029/4579 5230/4217/4579 5227/4218/4579
f 5227/4219/4580 5230/4220/4580 5228/4221/4580 5225/4216/4580
f 5229/4030/4581 5232/4033/4581 5233/4222/4581 5230/4223/4581
f 5230/4224/4582 5233/4225/4582 5231/4226/4582 5228/4221/4582
f 5232/4034/4583 5235/4036/4583 5236/4227/4583 5233/4228/4583
f 5233/4229/4584 5236/4230/4584 5234/4231/4584 5231/4226/4584
f 5235/4037/4585 5238/4040/4585 5239/4232/4585 5236/4233/4585
f 5236/4234/4586 5239/4235/4586 5237/4236/4586 5234/4231/4586
f 5238/4041/4587 5241/4044/4587 5242/4237/4587 5239/4238/4587
f 5239/4239/4588 5242/4240/4588 5240/4241/4588 5237/4236/4588
f 5241/4045/4589 5148/4047/4589 5149/4242/4589 5242/4243/4589
f 5242/4244/4590 5149/4245/4590 5147/4091/4590 5240/4241/4590
f 5247/4246/4591 5243/4247/4591 5245/4248/4591 5248/4249/4591
f 5248/4250/4592 5245/4251/4592 5244/4051/4592 5246/4050/4592
f 5250/3948/4593 5247/3947/4593 5248/4252/4593 5251/4253/4593
f 5251/4254/4594 5248/4255/4594 5246/4050/4594 5249/4083/4594
f 5253/3951/4595 5250/4048/4595 5251/4256/4595 5254/4257/4595
f 5254/4258/4596 5251/4259/4596 5249/4083/4596 5252/4082/4596
f 5256/3952/4597 5253/3951/4597 5254/4260/4597 5257/4261/4597
f 5257/4262/4598 5254/4263/4598 5252/4082/4598 5255/4081/4598
f 5259/3955/4599 5256/3952/4599 5257/4264/4599 5260/4265/4599
f 5260/4266/4600 5257/4267/4600 5255/4081/4600 5258/4080/4600
f 5262/3958/4601 5259/3955/4601 5260/4268/4601 5263/4269/4601
f 5263/4270/4602 5260/4271/4602 5258/4080/4602 5261/4079/4602
f 5265/3962/4603 5262/3961/4603 5263/4272/4603 5266/4273/4603
f 5266/4274/4604 5263/4275/4604 5261/4079/4604 5264/4078/4604
f 5268/3965/4605 5265/3962/4605 5266/4276/4605 5269/4277/4605
f 5269/4278/4606 5266/4279/4606 5264/4078/4606 5267/4077/4606
f 5271/3969/4607 5268/3968/4607 5269/4280/4607 5272/4281/4607
f 5272/4282/4608 5269/4283/4608 5267/4077/4608 5270/4284/4608
f 5274/3972/4609 5271/3969/4609 5272/4285/4609 5275/4286/4609
f 5275/4287/4610 5272/4288/4610 5270/4284/4610 5273/4289/4610
f 5277/3975/4611 5274/3974/4611 5275/4290/4611 5278/4291/4611
f 5278/4292/4612 5275/4293/4612 5273/4289/4612 5276/4294/4612
f 5280/3978/4613 5277/3977/4613 5278/4295/4613 5281/4296/4613
f 5281/4297/4614 5278/4298/4614 5276/4294/4614 5279/4299/4614
f 5283/3982/4615 5280/3981/4615 5281/4300/4615 5284/4301/4615
f 5284/4302/4616 5281/4303/4616 5279/4299/4616 5282/4304/4616
f 5286/3985/4617 5283/3982/4617 5284/4305/4617 5287/4306/4617
f 5287/4307/4618 5284/4308/4618 5282/4304/4618 5285/4309/4618
f 5289/3988/4619 5286/3987/4619 5287/4310/4619 5290/4311/4619
f 5290/4312/4620 5287/4313/4620 5285/4309/4620 5288/4314/4620
f 5292/3991/4621 5289/3990/4621 5290/4315/4621 5293/4316/4621
f 5293/4317/4622 5290/4318/4622 5288/4314/4622 5291/4319/4622
f 5295/3994/4623 5292/3991/4623 5293/4320/4623 5296/4321/4623
f 5296/4322/4624 5293/4323/4624 5291/4319/4624 5294/4324/4624
f 5298/3997/4625 5295/3996/4625 5296/4325/4625 5299/4326/4625
f 5299/4327/4626 5296/4328/4626 5294/4324/4626 5297/4329/4626
f 5301/4001/4627 5298/4000/4627 5299/4330/4627 5302/4331/4627
f 5302/4332/4628 5299/4333/4628 5297/4329/4628 5300/4334/4628
f 5304/4005/4629 5301/4004/4629 5302/4335/4629 5305/4336/4629
f 5305/4337/4630 5302/4338/4630 5300/4334/4630 5303/4339/4630
f 5307/4008/4631 5304/4005/4631 5305/4340/4631 5308/4341/4631
f 5308/4342/4632 5305/4343/4632 5303/4339/4632 5306/4344/4632
f 5310/4011/4633 5307/4010/4633 5308/4345/4633 5311/4346/4633
f 5311/4347/4634 5308/4348/4634 5306/4344/4634 5309/4349/4634
f 5313/4015/4635 5310/4014/4635 5311/4350/4635 5314/4351/4635
f 5314/4352/4636 5311/4353/4636 5309/4349/4636 5312/4354/4636
f 5316/4018/4637 5313/4017/4637 5314/4355/4637 5317/4356/4637
f 5317/4357/4638 5314/4358/4638 5312/4354/4638 5315/4059/4638
f 5319/4021/4639 5316/4020/4639 5317/4359/4639 5320/4360/4639
f 5320/4361/4640 5317/4362/4640 5315/4059/4640 5318/4058/4640
f 5322/4024/4641 5319/4021/4641 5320/4363/4641 5323/4364/4641
f 5323/4365/4642 5320/4366/4642 5318/4058/4642 5321/4057/4642
f 5325/4028/4643 5322/4027/4643 5323/4367/4643 5326/4368/4643
f 5326/4369/4644 5323/4370/4644 5321/4057/4644 5324/4056/4644
f 5328/4032/4645 5325/4031/4645 5326/4371/4645 5329/4372/4645
f 5329/4373/4646 5326/4374/4646 5324/4056/4646 5327/4055/4646
f 5331/4035/4647 5328/4032/4647 5329/4375/4647 5332/4376/4647
f 5332/4377/4648 5329/4378/4648 5327/4055/4648 5330/4054/4648
f 5334/4039/4649 5331/4038/4649 5332/4379/4649 5335/4380/4649
f 5335/4381/4650 5332/4382/4650 5330/4054/4650 5333/4053/4650
f 5337/4043/4651 5334/4042/4651 5335/4383/4651 5338/4384/4651
f 5338/4385/4652 5335/4386/4652 5333/4053/4652 5336/4052/4652
f 5243/4046/4653 5337/4043/4653 5338/4387/4653 5245/4388/4653
f 5245/4389/4654 5338/4390/4654 5336/4052/4654 5244/4051/4654
f 5148/4084/4509 5243/4247/4509 5247/4246/4509 5151/4085/4509
f 5219/4206/4526 5382/4391/4526 5398/4392/4526 5396/4393/4526 5397/4394/4526 5399/4395/4526 5384/4396/4526 5381/4397/4526 5400/4398/4526 5391/4399/4526 5380/4400/4526 5378/4401/4526 5377/4402/4526 5386/4403/4526 5401/4404/4526 5387/4405/4526 5385/4406/4526 5388/4407/4526 5171/4126/4526 5174/4131/4526 5177/4136/4526 5180/4141/4526 5183/4146/4526 5186/4151/4526 5189/4156/4526 5192/4161/4526 5195/4166/4526 5198/4171/4526 5201/4176/4526 5204/4181/4526 5207/4186/4526 5210/4191/4526 5213/4196/4526 5216/4201/4526
f 5267/4077/4525 5356/4076/4525 5353/4408/4525 5355/4409/4525 5369/4410/4525 5354/4411/4525 5345/4412/4525 5346/4413/4525 5348/4414/4525 5359/4415/4525 5368/4416/4525 5349/4417/4525 5352/4418/4525 5367/4419/4525 5365/4420/4525 5364/4421/4525 5366/4422/4525 5350/4060/4525 5315/4059/4525 5312/4354/4525 5309/4349/4525 5306/4344/4525 5303/4339/4525 5300/4334/4525 5297/4329/4525 5294/4324/4525 5291/4319/4525 5288/4314/4525 5285/4309/4525 5282/4304/4525 5279/4299/4525 5276/4294/4525 5273/4289/4525 5270/4284/4525
f 5431/4423/4503 5425/4424/4503 5126/4425/4503 5125/4426/4503
f 5409/4427/4514 5408/4428/4514 5137/4429/4514 5136/4430/4514
f 5411/4431/4519 5417/4432/4519 5142/4433/4519 5141/4434/4519
f 5429/4435/4508 5428/4436/4508 5131/4437/4508 5130/4438/4508
f 5423/4439/4499 5434/4440/4499 5122/4441/4499 5121/4442/4499
f 5416/4443/4493 5415/4444/4493 5116/4445/4493 5115/4446/4493
f 5413/4447/4524 5416/4448/4524 5115/4449/4524 5146/4450/4524
f 5427/4451/4502 5431/4423/4502 5125/4426/4502 5124/4452/4502
f 5426/4453/4501 5427/4451/4501 5124/4452/4501 5123/4454/4501
f 5420/4455/4505 5421/4456/4505 5128/4457/4505 5127/4458/4505
f 5417/4432/4520 5418/4459/4520 5143/4460/4520 5142/4433/4520
f 5405/4461/4522 5412/4462/4522 5145/4463/4522 5144/4464/4522
f 5430/4465/4498 5423/4439/4498 5121/4442/4498 5120/4466/4498
f 5432/4467/4510 5406/4468/4510 5133/4469/4510 5132/4470/4510
f 5421/4456/4506 5433/4471/4506 5129/4472/4506 5128/4457/4506
f 5412/4462/4523 5413/4447/4523 5146/4450/4523 5145/4463/4523
f 5428/4436/4509 5432/4467/4509 5132/4470/4509 5131/4437/4509
f 5425/4424/4504 5420/4455/4504 5127/4458/4504 5126/4425/4504
f 5408/4428/4515 5419/4473/4515 5138/4474/4515 5137/4429/4515
f 5434/4440/4500 5426/4453/4500 5123/4454/4500 5122/4441/4500
f 5419/4473/4516 5410/4475/4516 5139/4476/4516 5138/4474/4516
f 5433/4471/4507 5429/4435/4507 5130/4438/4507 5129/4472/4507
f 5424/4477/4497 5430/4465/4497 5120/4466/4497 5119/4478/4497
f 5407/4479/4513 5409/4427/4513 5136/4430/4513 5135/4480/4513
f 5414/4481/4518 5411/4431/4518 5141/4434/4518 5140/4482/4518
f 5406/4468/4511 5403/4483/4511 5134/4484/4511 5133/4469/4511
f 5404/4485/4495 5422/4486/4495 5118/4487/4495 5117/4488/4495
f 5415/4444/4494 5404/4485/4494 5117/4488/4494 5116/4445/4494
f 5403/4483/4512 5407/4479/4512 5135/4480/4512 5134/4484/4512
f 5410/4475/4517 5414/4481/4517 5140/4482/4517 5139/4476/4517
f 5418/4459/4521 5405/4461/4521 5144/4464/4521 5143/4460/4521
f 5422/4486/4496 5424/4477/4496 5119/4478/4496 5118/4487/4496
f 5435/3816/4509 5436/4446/4509 5438/4445/4509 5437/3817/4509
f 5437/3817/4510 5438/4445/4510 5440/4488/4510 5439/3820/4510
f 5439/3820/4511 5440/4488/4511 5442/4487/4511 5441/3822/4511
f 5441/3822/4512 5442/4487/4512 5444/4478/4512 5443/3824/4512
f 5443/3824/4513 5444/4478/4513 5446/4466/4513 5445/3826/4513
f 5445/3826/4514 5446/4466/4514 5448/4442/4514 5447/3828/4514
f 5447/3828/4515 5448/4442/4515 5450/4441/4515 5449/3830/4515
f 5449/3830/4516 5450/4441/4516 5452/4454/4516 5451/3832/4516
f 5451/3832/4517 5452/4454/4517 5454/4452/4517 5453/3834/4517
f 5453/3834/4518 5454/4452/4518 5456/4426/4518 5455/3836/4518
f 5455/3836/4519 5456/4426/4519 5458/4425/4519 5457/3838/4519
f 5457/3838/4520 5458/4425/4520 5460/4458/4520 5459/3840/4520
f 5459/3840/4521 5460/4458/4521 5462/4457/4521 5461/3842/4521
f 5461/3842/4522 5462/4457/4522 5464/4472/4522 5463/3844/4522
f 5463/3844/4523 5464/4472/4523 5466/4438/4523 5465/3846/4523
f 5465/3846/4524 5466/4438/4524 5468/4437/4524 5467/3848/4524
f 5467/3848/4493 5468/4437/4493 5470/4470/4493 5469/3850/4493
f 5469/3850/4494 5470/4470/4494 5472/4469/4494 5471/3852/4494
f 5471/3852/4495 5472/4469/4495 5474/4484/4495 5473/3854/4495
f 5473/3854/4496 5474/4484/4496 5476/4480/4496 5475/3856/4496
f 5475/3856/4497 5476/4480/4497 5478/4430/4497 5477/3858/4497
f 5477/3858/4498 5478/4430/4498 5480/4429/4498 5479/3860/4498
f 5479/3860/4499 5480/4429/4499 5482/4474/4499 5481/3862/4499
f 5481/3862/4500 5482/4474/4500 5484/4476/4500 5483/3864/4500
f 5483/3864/4501 5484/4476/4501 5486/4482/4501 5485/3866/4501
f 5485/3866/4502 5486/4482/4502 5488/4434/4502 5487/3868/4502
f 5487/3868/4503 5488/4434/4503 5490/4433/4503 5489/3870/4503
f 5489/3870/4504 5490/4433/4504 5492/4460/4504 5491/3872/4504
f 5491/3872/4505 5492/4460/4505 5494/4464/4505 5493/3874/4505
f 5493/3874/4506 5494/4464/4506 5496/4463/4506 5495/3876/4506
f 5438/3914/4525 5436/3945/4525 5498/3944/4525 5496/4489/4525 5494/3942/4525 5492/3941/4525 5490/4490/4525 5488/3939/4525 5486/3938/4525 5484/3937/4525 5482/4491/4525 5480/3935/4525 5478/4492/4525 5476/4493/4525 5474/4494/4525 5472/4495/4525 5470/4496/4525 5468/3929/4525 5466/3928/4525 5464/4497/4525 5462/4498/4525 5460/3925/4525 5458/4499/4525 5456/4500/4525 5454/3922/4525 5452/3921/4525 5450/3920/4525 5448/3919/4525 5446/3918/4525 5444/3917/4525 5442/3916/4525 5440/3915/4525
f 5495/3876/4507 5496/4463/4507 5498/4450/4507 5497/3878/4507
f 5497/3878/4508 5498/4450/4508 5436/4449/4508 5435/3880/4508
f 5435/3882/4526 5437/3913/4526 5439/3912/4526 5441/3911/4526 5443/3910/4526 5445/3909/4526 5447/3908/4526 5449/3907/4526 5451/3906/4526 5453/3905/4526 5455/4501/4526 5457/4502/4526 5459/3902/4526 5461/4503/4526 5463/3900/4526 5465/3899/4526 5467/3898/4526 5469/4504/4526 5471/4505/4526 5473/3895/4526 5475/4506/4526 5477/3893/4526 5479/3892/4526 5481/3891/4526 5483/3890/4526 5485/3889/4526 5487/3888/4526 5489/3887/4526 5491/3886/4526 5493/3885/4526 5495/4507/4526 5497/3883/4526
f 5147/4091/4526 5150/4090/4526 5153/4096/4526 5156/4101/4526 5159/4106/4526 5162/4111/4526 5165/4116/4526 5168/4121/4526 5171/4126/4526 5388/4407/4526 5393/4508/4526 5395/4509/4526 5379/4510/4526 5376/4511/4526 5394/4512/4526 5373/4513/4526 5374/4514/4526 5392/4515/4526 5402/4516/4526 5383/4517/4526 5390/4518/4526 5389/4519/4526 5372/4520/4526 5371/4521/4526 5375/4522/4526 5382/4391/4526 5219/4206/4526 5222/4211/4526 5225/4216/4526 5228/4221/4526 5231/4226/4526 5234/4231/4526 5237/4236/4526 5240/4241/4526
o Pump.001
v -0.024764 0.019000 -0.000000
v -0.024764 0.018971 0.000293
v -0.024764 0.018886 0.000574
v -0.024764 0.018747 0.000833
v -0.024764 0.018561 0.001061
v -0.024764 0.018334 0.001247
v -0.024764 0.018074 0.001386
v -0.024764 0.017793 0.001471
v -0.024764 0.017500 0.001500
v -0.024764 0.017208 0.001471
v -0.024764 0.016926 0.001386
v -0.024764 0.016667 0.001247
v -0.024764 0.016440 0.001061
v -0.024764 0.016253 0.000833
v -0.024764 0.016114 0.000574
v -0.024764 0.016029 0.000293
v -0.024764 0.016000 -0.000000
v -0.024764 0.016029 -0.000293
v -0.024764 0.016114 -0.000574
v -0.024764 0.016253 -0.000833
v -0.024764 0.016440 -0.001061
v -0.024764 0.016667 -0.001247
v -0.024764 0.016926 -0.001386
v -0.024764 0.017208 -0.001471
v -0.024764 0.017500 -0.001500
v -0.024764 0.017793 -0.001471
v -0.024764 0.018074 -0.001386
v -0.024764 0.018334 -0.001247
v -0.024764 0.018561 -0.001061
v -0.024764 0.018747 -0.000833
v -0.024764 0.018886 -0.000574
v -0.024764 0.018971 -0.000293
v 0.023247 0.019000 -0.000000
v 0.023247 0.018971 0.000293
v 0.023247 0.018886 0.000574
v 0.023247 0.018747 0.000833
v 0.023247 0.018561 0.001061
v 0.023247 0.018334 0.001247
v 0.023247 0.018074 0.001386
v 0.023247 0.017793 0.001471
v 0.023247 0.017500 0.001500
v 0.023247 0.017208 0.001471
v 0.023247 0.016926 0.001386
v 0.023247 0.016667 0.001247
v 0.023247 0.016439 0.001061
v 0.023247 0.016253 0.000833
v 0.023247 0.016114 0.000574
v 0.023247 0.016029 0.000293
v 0.023247 0.016000 -0.000000
v 0.023247 0.016029 -0.000293
v 0.023247 0.016114 -0.000574
v 0.023247 0.016253 -0.000833
v 0.023247 0.016439 -0.001061
v 0.023247 0.016667 -0.001247
v 0.023247 0.016926 -0.001386
v 0.023247 0.017208 -0.001471
v 0.023247 0.017500 -0.001500
v 0.023247 0.017793 -0.001471
v 0.023247 0.018074 -0.001386
v 0.023247 0.018334 -0.001247
v 0.023247 0.018561 -0.001061
v 0.023247 0.018747 -0.000833
v 0.023247 0.018886 -0.000574
v 0.023247 0.018971 -0.000293
v 0.037500 0.029988 -0.000000
v 0.035000 0.032500 -0.000000
v 0.036768 0.031764 -0.000000
v 0.037500 0.029748 0.002436
v 0.035000 0.032212 0.002926
v 0.036768 0.031490 0.002783
v 0.037500 0.029037 0.004779
v 0.035000 0.031358 0.005740
v 0.036768 0.030679 0.005459
v 0.037500 0.027883 0.006938
v 0.035000 0.029972 0.008333
v 0.036768 0.029360 0.007925
v 0.037500 0.026330 0.008830
v 0.035000 0.028107 0.010606
v 0.036768 0.027586 0.010086
v 0.037500 0.024438 0.010383
v 0.035000 0.025834 0.012472
v 0.036768 0.025425 0.011860
v 0.037500 0.022279 0.011537
v 0.035000 0.023240 0.013858
v 0.036768 0.022959 0.013178
v 0.037500 0.019936 0.012248
v 0.035000 0.020427 0.014712
v 0.036768 0.020283 0.013990
v 0.037500 0.017500 0.012488
v 0.035000 0.017500 0.015000
v 0.036768 0.017500 0.014264
v 0.037500 0.015064 0.012248
v 0.035000 0.014574 0.014712
v 0.036768 0.014717 0.013990
v 0.037500 0.012721 0.011537
v 0.035000 0.011760 0.013858
v 0.036768 0.012041 0.013178
v 0.037500 0.010562 0.010383
v 0.035000 0.009167 0.012472
v 0.036768 0.009575 0.011860
v 0.037500 0.008670 0.008830
v 0.035000 0.006894 0.010606
v 0.036768 0.007414 0.010086
v 0.037500 0.007117 0.006938
v 0.035000 0.005028 0.008333
v 0.036768 0.005640 0.007925
v 0.037500 0.005963 0.004779
v 0.035000 0.003642 0.005740
v 0.036768 0.004322 0.005459
v 0.037500 0.005252 0.002436
v 0.035000 0.002788 0.002926
v 0.036768 0.003510 0.002783
v 0.037500 0.005012 -0.000000
v 0.035000 0.002500 -0.000000
v 0.036768 0.003236 -0.000000
v 0.037500 0.005252 -0.002436
v 0.035000 0.002788 -0.002926
v 0.036768 0.003510 -0.002783
v 0.037500 0.005963 -0.004779
v 0.035000 0.003642 -0.005740
v 0.036768 0.004322 -0.005459
v 0.037500 0.007117 -0.006938
v 0.035000 0.005028 -0.008334
v 0.036768 0.005640 -0.007925
v 0.037500 0.008670 -0.008830
v 0.035000 0.006894 -0.010607
v 0.036768 0.007414 -0.010086
v 0.037500 0.010562 -0.010383
v 0.035000 0.009167 -0.012472
v 0.036768 0.009575 -0.011860
v 0.037500 0.012721 -0.011537
v 0.035000 0.011760 -0.013858
v 0.036768 0.012041 -0.013179
v 0.037500 0.015064 -0.012248
v 0.035000 0.014574 -0.014712
v 0.036768 0.014717 -0.013990
v 0.037500 0.017500 -0.012488
v 0.035000 0.017500 -0.015000
v 0.036768 0.017500 -0.014264
v 0.037500 0.019936 -0.012248
v 0.035000 0.020427 -0.014712
v 0.036768 0.020283 -0.013990
v 0.037500 0.022279 -0.011537
v 0.035000 0.023240 -0.013858
v 0.036768 0.022959 -0.013179
v 0.037500 0.024438 -0.010383
v 0.035000 0.025834 -0.012472
v 0.036768 0.025425 -0.011860
v 0.037500 0.026330 -0.008830
v 0.035000 0.028107 -0.010607
v 0.036768 0.027586 -0.010086
v 0.037500 0.027883 -0.006938
v 0.035000 0.029972 -0.008334
v 0.036768 0.029360 -0.007925
v 0.037500 0.029037 -0.004779
v 0.035000 0.031358 -0.005740
v 0.036768 0.030679 -0.005459
v 0.037500 0.029748 -0.002436
v 0.035000 0.032212 -0.002926
v 0.036768 0.031490 -0.002783
v -0.035000 0.032500 -0.000000
v -0.037500 0.029988 -0.000000
v -0.036768 0.031764 -0.000000
v -0.037500 0.029748 0.002436
v -0.035000 0.032212 0.002926
v -0.036768 0.031490 0.002783
v -0.037500 0.029037 0.004779
v -0.035000 0.031358 0.005740
v -0.036768 0.030679 0.005459
v -0.037500 0.027883 0.006938
v -0.035000 0.029972 0.008333
v -0.036768 0.029360 0.007925
v -0.037500 0.026330 0.008830
v -0.035000 0.028107 0.010606
v -0.036768 0.027586 0.010086
v -0.037500 0.024438 0.010383
v -0.035000 0.025834 0.012472
v -0.036768 0.025425 0.011860
v -0.037500 0.022279 0.011537
v -0.035000 0.023240 0.013858
v -0.036768 0.022959 0.013178
v -0.037500 0.019936 0.012248
v -0.035000 0.020427 0.014712
v -0.036768 0.020283 0.013990
v -0.037500 0.017500 0.012488
v -0.035000 0.017500 0.015000
v -0.036768 0.017500 0.014264
v -0.037500 0.015064 0.012248
v -0.035000 0.014574 0.014712
v -0.036768 0.014717 0.013990
v -0.037500 0.012721 0.011537
v -0.035000 0.011760 0.013858
v -0.036768 0.012041 0.013178
v -0.037500 0.010562 0.010383
v -0.035000 0.009167 0.012472
v -0.036768 0.009575 0.011860
v -0.037500 0.008670 0.008830
v -0.035000 0.006894 0.010606
v -0.036768 0.007414 0.010086
v -0.037500 0.007117 0.006938
v -0.035000 0.005028 0.008333
v -0.036768 0.005640 0.007925
v -0.037500 0.005963 0.004779
v -0.035000 0.003642 0.005740
v -0.036768 0.004322 0.005459
v -0.037500 0.005252 0.002436
v -0.035000 0.002788 0.002926
v -0.036768 0.003510 0.002783
v -0.037500 0.005012 -0.000000
v -0.035000 0.002500 -0.000000
v -0.036768 0.003236 -0.000000
v -0.037500 0.005252 -0.002436
v -0.035000 0.002788 -0.002926
v -0.036768 0.003510 -0.002783
v -0.037500 0.005963 -0.004779
v -0.035000 0.003642 -0.005740
v -0.036768 0.004322 -0.005459
v -0.037500 0.007117 -0.006938
v -0.035000 0.005028 -0.008334
v -0.036768 0.005640 -0.007925
v -0.037500 0.008670 -0.008830
v -0.035000 0.006894 -0.010607
v -0.036768 0.007414 -0.010086
v -0.037500 0.010562 -0.010383
v -0.035000 0.009167 -0.012472
v -0.036768 0.009575 -0.011860
v -0.037500 0.012721 -0.011537
v -0.035000 0.011760 -0.013858
v -0.036768 0.012041 -0.013179
v -0.037500 0.015064 -0.012248
v -0.035000 0.014574 -0.014712
v -0.036768 0.014717 -0.013990
v -0.037500 0.017500 -0.012488
v -0.035000 0.017500 -0.015000
v -0.036768 0.017500 -0.014264
v -0.037500 0.019936 -0.012248
v -0.035000 0.020427 -0.014712
v -0.036768 0.020283 -0.013990
v -0.037500 0.022279 -0.011537
v -0.035000 0.023240 -0.013858
v -0.036768 0.022959 -0.013179
v -0.037500 0.024438 -0.010383
v -0.035000 0.025834 -0.012472
v -0.036768 0.025425 -0.011860
v -0.037500 0.026330 -0.008830
v -0.035000 0.028107 -0.010607
v -0.036768 0.027587 -0.010086
v -0.037500 0.027883 -0.006938
v -0.035000 0.029972 -0.008334
v -0.036768 0.029360 -0.007925
v -0.037500 0.029037 -0.004779
v -0.035000 0.031358 -0.005740
v -0.036768 0.030679 -0.005459
v -0.037500 0.029748 -0.002436
v -0.035000 0.032212 -0.002926
v -0.036768 0.031490 -0.002783
v -0.037500 0.018074 -0.001386
v -0.037500 0.018334 -0.001247
v -0.037500 0.018886 0.000574
v -0.037500 0.018971 0.000293
v -0.037500 0.017793 -0.001471
v -0.037500 0.018561 0.001061
v -0.037500 0.016253 0.000833
v -0.037500 0.016114 0.000574
v -0.037500 0.018334 0.001247
v -0.037500 0.016029 0.000293
v -0.037500 0.016114 -0.000574
v -0.037500 0.017500 -0.001500
v -0.037500 0.018886 -0.000574
v -0.037500 0.016253 -0.000833
v -0.037500 0.017208 0.001471
v -0.037500 0.016440 0.001061
v -0.037500 0.016926 0.001386
v -0.037500 0.017500 0.001500
v -0.037500 0.018561 -0.001061
v -0.037500 0.018747 -0.000833
v -0.037500 0.016000 -0.000000
v -0.037500 0.019000 -0.000000
v -0.037500 0.017793 0.001471
v -0.037500 0.018747 0.000833
v -0.037500 0.018074 0.001386
v -0.037500 0.016926 -0.001386
v -0.037500 0.016667 -0.001247
v -0.037500 0.017208 -0.001471
v -0.037500 0.016440 -0.001061
v -0.037500 0.016029 -0.000293
v -0.037500 0.016667 0.001247
v -0.037500 0.018971 -0.000293
v 0.037500 0.021805 -0.010394
v 0.037500 0.023750 -0.009354
v 0.037500 0.027894 0.004305
v 0.037500 0.028534 0.002195
v 0.037500 0.019695 -0.011034
v 0.037500 0.025455 0.007955
v 0.037500 0.008146 0.006250
v 0.037500 0.007107 0.004305
v 0.037500 0.023750 0.009354
v 0.037500 0.006466 0.002195
v 0.037500 0.007107 -0.004305
v 0.037500 0.017500 -0.011250
v 0.037500 0.027894 -0.004305
v 0.037500 0.008146 -0.006250
v 0.037500 0.015305 0.011034
v 0.037500 0.009545 0.007955
v 0.037500 0.013195 0.010394
v 0.037500 0.017500 0.011250
v 0.037500 0.025455 -0.007955
v 0.037500 0.026854 -0.006250
v 0.037500 0.006250 -0.000000
v 0.037500 0.028750 -0.000000
v 0.037500 0.019695 0.011034
v 0.037500 0.026854 0.006250
v 0.037500 0.021805 0.010394
v 0.037500 0.013195 -0.010394
v 0.037500 0.011250 -0.009354
v 0.037500 0.015305 -0.011034
v 0.037500 0.009545 -0.007955
v 0.037500 0.006466 -0.002195
v 0.037500 0.011250 0.009354
v 0.037500 0.028534 -0.002195
v 0.035000 0.016253 -0.000833
v 0.035000 0.018886 0.000574
v 0.035000 0.018747 -0.000833
v 0.035000 0.016114 -0.000574
v 0.035000 0.016439 -0.001061
v 0.035000 0.016926 -0.001386
v 0.035000 0.016667 -0.001247
v 0.035000 0.017500 -0.001500
v 0.035000 0.018074 -0.001386
v 0.035000 0.018886 -0.000574
v 0.035000 0.018971 -0.000293
v 0.035000 0.017793 -0.001471
v 0.035000 0.018971 0.000293
v 0.035000 0.019000 -0.000000
v 0.035000 0.018334 -0.001247
v 0.035000 0.018561 -0.001061
v 0.035000 0.017208 -0.001471
v 0.035000 0.016439 0.001061
v 0.035000 0.016253 0.000833
v 0.035000 0.018747 0.000833
v 0.035000 0.018074 0.001386
v 0.035000 0.018561 0.001061
v 0.035000 0.016667 0.001247
v 0.035000 0.017500 0.001500
v 0.035000 0.017208 0.001471
v 0.035000 0.016000 -0.000000
v 0.035000 0.016029 0.000293
v 0.035000 0.018334 0.001247
v 0.035000 0.016926 0.001386
v 0.035000 0.016029 -0.000293
v 0.035000 0.016114 0.000574
v 0.035000 0.017793 0.001471
v 0.036250 0.028750 -0.000000
v 0.011250 0.028750 -0.000000
v 0.036250 0.028534 0.002195
v 0.011250 0.028534 0.002195
v 0.036250 0.027894 0.004305
v 0.011250 0.027894 0.004305
v 0.036250 0.026854 0.006250
v 0.011250 0.026854 0.006250
v 0.036250 0.025455 0.007955
v 0.011250 0.025455 0.007955
v 0.036250 0.023750 0.009354
v 0.011250 0.023750 0.009354
v 0.036250 0.021805 0.010394
v 0.011250 0.021805 0.010394
v 0.036250 0.019695 0.011034
v 0.011250 0.019695 0.011034
v 0.036250 0.017500 0.011250
v 0.011250 0.017500 0.011250
v 0.036250 0.015305 0.011034
v 0.011250 0.015305 0.011034
v 0.036250 0.013195 0.010394
v 0.011250 0.013195 0.010394
v 0.036250 0.011250 0.009354
v 0.011250 0.011250 0.009354
v 0.036250 0.009545 0.007955
v 0.011250 0.009545 0.007955
v 0.036250 0.008146 0.006250
v 0.011250 0.008146 0.006250
v 0.036250 0.007107 0.004305
v 0.011250 0.007107 0.004305
v 0.036250 0.006466 0.002195
v 0.011250 0.006466 0.002195
v 0.036250 0.006250 -0.000000
v 0.011250 0.006250 -0.000000
v 0.036250 0.006466 -0.002195
v 0.011250 0.006466 -0.002195
v 0.036250 0.007107 -0.004305
v 0.011250 0.007107 -0.004305
v 0.036250 0.008146 -0.006250
v 0.011250 0.008146 -0.006250
v 0.036250 0.009545 -0.007955
v 0.011250 0.009545 -0.007955
v 0.036250 0.011250 -0.009354
v 0.011250 0.011250 -0.009354
v 0.036250 0.013195 -0.010394
v 0.011250 0.013195 -0.010394
v 0.036250 0.015305 -0.011034
v 0.011250 0.015305 -0.011034
v 0.036250 0.017500 -0.011250
v 0.011250 0.017500 -0.011250
v 0.036250 0.019695 -0.011034
v 0.011250 0.019695 -0.011034
v 0.036250 0.021805 -0.010394
v 0.011250 0.021805 -0.010394
v 0.036250 0.023750 -0.009354
v 0.011250 0.023750 -0.009354
v 0.036250 0.025455 -0.007955
v 0.011250 0.025455 -0.007955
v 0.036250 0.026854 -0.006250
v 0.011250 0.026854 -0.006250
v 0.036250 0.027894 -0.004305
v 0.011250 0.027894 -0.004305
v 0.036250 0.028534 -0.002195
v 0.011250 0.028534 -0.002195
vn -0.0000 -0.9952 -0.0980
vn -0.0000 -0.9569 -0.2903
vn -0.0000 -0.8819 -0.4714
vn -0.0000 -0.7730 -0.6344
vn -0.0000 -0.6344 -0.7730
vn -0.0000 -0.4714 -0.8819
vn -0.0000 -0.2903 -0.9569
vn -0.0000 -0.0980 -0.9952
vn -0.0000 0.0980 -0.9952
vn -0.0000 0.2903 -0.9569
vn -0.0000 0.4714 -0.8819
vn -0.0000 0.6344 -0.7730
vn -0.0000 0.7730 -0.6344
vn -0.0000 0.8819 -0.4714
vn -0.0000 0.9569 -0.2903
vn -0.0000 0.9952 -0.0980
vn -0.0000 0.9952 0.0980
vn -0.0000 0.9569 0.2903
vn -0.0000 0.8819 0.4714
vn -0.0000 0.7730 0.6344
vn -0.0000 0.6344 0.7730
vn -0.0000 0.4714 0.8819
vn -0.0000 0.2903 0.9569
vn -0.0000 0.0980 0.9952
vn -0.0000 -0.0980 0.9952
vn -0.0000 -0.2903 0.9569
vn -0.0000 -0.4714 0.8819
vn -0.0000 -0.6344 0.7730
vn -0.0000 -0.7730 0.6344
vn -0.0000 -0.8819 0.4714
vn -0.0000 -0.9569 0.2903
vn -0.0000 -0.9952 0.0980
vn -1.0000 -0.0000 -0.0000
vn 1.0000 -0.0000 -0.0000
vn 0.3827 0.9194 0.0906
vn 0.9239 0.3808 0.0375
vn 0.3827 0.8841 0.2682
vn 0.9239 0.3662 0.1111
vn 0.3827 0.8148 0.4355
vn 0.9239 0.3375 0.1804
vn 0.3827 0.7142 0.5861
vn 0.9239 0.2958 0.2428
vn 0.3827 0.5861 0.7142
vn 0.9239 0.2428 0.2958
vn 0.3827 0.4355 0.8148
vn 0.9239 0.1804 0.3375
vn 0.3827 0.2682 0.8841
vn 0.9239 0.1111 0.3662
vn 0.3827 0.0906 0.9194
vn 0.9239 0.0375 0.3808
vn 0.3827 -0.0906 0.9194
vn 0.9239 -0.0375 0.3808
vn 0.3827 -0.2682 0.8841
vn 0.9239 -0.1111 0.3662
vn 0.3827 -0.4355 0.8148
vn 0.9239 -0.1804 0.3375
vn 0.3827 -0.5861 0.7142
vn 0.9239 -0.2428 0.2958
vn 0.3827 -0.7142 0.5861
vn 0.9239 -0.2958 0.2428
vn 0.3827 -0.8148 0.4355
vn 0.9239 -0.3375 0.1804
vn 0.3827 -0.8841 0.2682
vn 0.9239 -0.3662 0.1111
vn 0.3827 -0.9194 0.0906
vn 0.9239 -0.3808 0.0375
vn 0.3827 -0.9194 -0.0906
vn 0.9239 -0.3808 -0.0375
vn 0.3827 -0.8841 -0.2682
vn 0.9239 -0.3662 -0.1111
vn 0.3827 -0.8148 -0.4355
vn 0.9239 -0.3375 -0.1804
vn 0.3827 -0.7142 -0.5861
vn 0.9239 -0.2958 -0.2428
vn 0.3827 -0.5861 -0.7142
vn 0.9239 -0.2428 -0.2958
vn 0.3827 -0.4355 -0.8148
vn 0.9239 -0.1804 -0.3375
vn 0.3827 -0.2682 -0.8841
vn 0.9239 -0.1111 -0.3662
vn 0.3827 -0.0906 -0.9194
vn 0.9239 -0.0375 -0.3808
vn 0.3827 0.0906 -0.9194
vn 0.9239 0.0375 -0.3808
vn 0.3827 0.2682 -0.8841
vn 0.9239 0.1111 -0.3662
vn 0.3827 0.4355 -0.8148
vn 0.9239 0.1804 -0.3375
vn 0.3827 0.5861 -0.7142
vn 0.9239 0.2428 -0.2958
vn 0.3827 0.7142 -0.5861
vn 0.9239 0.2958 -0.2428
vn 0.3827 0.8148 -0.4355
vn 0.9239 0.3375 -0.1804
vn 0.3827 0.8841 -0.2682
vn 0.9239 0.3662 -0.1111
vn 0.3827 0.9194 -0.0906
vn 0.9239 0.3808 -0.0375
vn -0.3827 0.9194 0.0906
vn -0.9239 0.3808 0.0375
vn -0.3827 0.8841 0.2682
vn -0.9239 0.3662 0.1111
vn -0.3827 0.8148 0.4355
vn -0.9239 0.3375 0.1804
vn -0.3827 0.7142 0.5861
vn -0.9239 0.2958 0.2428
vn -0.3827 0.5861 0.7142
vn -0.9239 0.2428 0.2958
vn -0.3827 0.4355 0.8148
vn -0.9239 0.1804 0.3375
vn -0.3827 0.2682 0.8841
vn -0.9239 0.1111 0.3662
vn -0.3827 0.0906 0.9194
vn -0.9239 0.0375 0.3808
vn -0.3827 -0.0906 0.9194
vn -0.9239 -0.0375 0.3808
vn -0.3827 -0.2682 0.8841
vn -0.9239 -0.1111 0.3662
vn -0.3827 -0.4355 0.8148
vn -0.9239 -0.1804 0.3375
vn -0.3827 -0.5861 0.7142
vn -0.9239 -0.2428 0.2958
vn -0.3827 -0.7142 0.5861
vn -0.9239 -0.2958 0.2428
vn -0.3827 -0.8148 0.4355
vn -0.9239 -0.3375 0.1804
vn -0.3827 -0.8841 0.2682
vn -0.9239 -0.3662 0.1111
vn -0.3827 -0.9194 0.0906
vn -0.9239 -0.3808 0.0375
vn -0.3827 -0.9194 -0.0906
vn -0.9239 -0.3808 -0.0375
vn -0.3827 -0.8841 -0.2682
vn -0.9239 -0.3662 -0.1111
vn -0.3827 -0.8148 -0.4355
vn -0.9239 -0.3375 -0.1804
vn -0.3827 -0.7142 -0.5861
vn -0.9239 -0.2958 -0.2428
vn -0.3827 -0.5861 -0.7142
vn -0.9239 -0.2428 -0.2958
vn -0.3827 -0.4355 -0.8148
vn -0.9239 -0.1804 -0.3375
vn -0.3827 -0.2682 -0.8841
vn -0.9239 -0.1111 -0.3662
vn -0.3827 -0.0906 -0.9194
vn -0.9239 -0.0375 -0.3808
vn -0.3827 0.0906 -0.9194
vn -0.9239 0.0375 -0.3808
vn -0.3827 0.2682 -0.8841
vn -0.9239 0.1111 -0.3662
vn -0.3827 0.4355 -0.8148
vn -0.9239 0.1804 -0.3375
vn -0.3827 0.5861 -0.7142
vn -0.9239 0.2428 -0.2958
vn -0.3827 0.7142 -0.5861
vn -0.9239 0.2958 -0.2428
vn -0.3827 0.8148 -0.4355
vn -0.9239 0.3375 -0.1804
vn -0.3827 0.8841 -0.2682
vn -0.9239 0.3662 -0.1111
vn -0.3827 0.9194 -0.0906
vn -0.9239 0.3808 -0.0375
vt 1.000000 0.500000
vt 0.968750 0.500000
vt 0.968750 0.584906
vt 1.000000 0.584906
vt 0.937500 0.500000
vt 0.937500 0.584906
vt 0.906250 0.500000
vt 0.906250 0.584906
vt 0.875000 0.500000
vt 0.875000 0.584906
vt 0.843750 0.500000
vt 0.843750 0.584906
vt 0.812500 0.500000
vt 0.812500 0.584906
vt 0.781250 0.500000
vt 0.781250 0.584906
vt 0.750000 0.500000
vt 0.750000 0.584906
vt 0.718750 0.500000
vt 0.718750 0.584906
vt 0.687500 0.500000
vt 0.687500 0.584906
vt 0.656250 0.500000
vt 0.656250 0.584906
vt 0.625000 0.500000
vt 0.625000 0.584906
vt 0.593750 0.500000
vt 0.593750 0.584906
vt 0.562500 0.500000
vt 0.562500 0.584906
vt 0.531250 0.500000
vt 0.531250 0.584906
vt 0.500000 0.500000
vt 0.500000 0.584906
vt 0.468750 0.500000
vt 0.468750 0.584906
vt 0.437500 0.500000
vt 0.437500 0.584906
vt 0.406250 0.500000
vt 0.406250 0.584906
vt 0.375000 0.500000
vt 0.375000 0.584906
vt 0.343750 0.500000
vt 0.343750 0.584906
vt 0.312500 0.500000
vt 0.312500 0.584906
vt 0.281250 0.500000
vt 0.281250 0.584906
vt 0.250000 0.500000
vt 0.250000 0.584906
vt 0.218750 0.500000
vt 0.218750 0.584906
vt 0.187500 0.500000
vt 0.187500 0.584906
vt 0.156250 0.500000
vt 0.156250 0.584906
vt 0.125000 0.500000
vt 0.125000 0.584906
vt 0.093750 0.500000
vt 0.093750 0.584906
vt 0.062500 0.500000
vt 0.062500 0.584906
vt 0.031250 0.500000
vt 0.031250 0.584906
vt 0.000000 0.500000
vt 0.000000 0.584906
vt 0.750000 0.490000
vt 0.703179 0.485389
vt 0.658156 0.471731
vt 0.616663 0.449553
vt 0.580295 0.419706
vt 0.550447 0.383337
vt 0.528269 0.341844
vt 0.514612 0.296822
vt 0.510000 0.250000
vt 0.514611 0.203179
vt 0.528269 0.158156
vt 0.550447 0.116663
vt 0.580294 0.080294
vt 0.616663 0.050447
vt 0.658156 0.028269
vt 0.703178 0.014612
vt 0.750000 0.010000
vt 0.796822 0.014612
vt 0.841844 0.028269
vt 0.883337 0.050447
vt 0.919706 0.080294
vt 0.949553 0.116663
vt 0.971731 0.158156
vt 0.985388 0.203178
vt 0.990000 0.250000
vt 0.985388 0.296822
vt 0.971731 0.341844
vt 0.949553 0.383337
vt 0.919706 0.419706
vt 0.883337 0.449553
vt 0.841844 0.471731
vt 0.796822 0.485388
vt 0.296822 0.485388
vt 0.341844 0.471731
vt 0.383337 0.449553
vt 0.419706 0.419706
vt 0.449553 0.383337
vt 0.471731 0.341844
vt 0.485388 0.296822
vt 0.490000 0.250000
vt 0.485388 0.203178
vt 0.471731 0.158156
vt 0.449553 0.116663
vt 0.419706 0.080294
vt 0.383337 0.050447
vt 0.341844 0.028269
vt 0.296822 0.014612
vt 0.250000 0.010000
vt 0.203178 0.014612
vt 0.158156 0.028269
vt 0.116663 0.050447
vt 0.080294 0.080294
vt 0.050447 0.116663
vt 0.028269 0.158156
vt 0.014611 0.203179
vt 0.010000 0.250000
vt 0.014612 0.296822
vt 0.028269 0.341844
vt 0.050447 0.383337
vt 0.080295 0.419706
vt 0.116663 0.449553
vt 0.158156 0.471731
vt 0.203179 0.485389
vt 0.250000 0.490000
vt 0.968750 0.516667
vt 0.968750 0.983333
vt 0.937500 0.983333
vt 0.937500 0.516667
vt 0.906250 0.516667
vt 0.906250 0.983333
vt 0.875000 0.983333
vt 0.875000 0.516667
vt 0.875000 0.516667
vt 0.843750 0.983333
vt 0.843750 0.516667
vt 0.843750 0.516667
vt 0.812500 0.983333
vt 0.812500 0.516667
vt 0.812500 0.516667
vt 0.812500 0.983333
vt 0.781250 0.983333
vt 0.781250 0.516667
vt 0.781250 0.516667
vt 0.750000 0.983333
vt 0.750000 0.516667
vt 0.750000 0.516667
vt 0.750000 0.983333
vt 0.718750 0.983333
vt 0.718750 0.516667
vt 0.718750 0.516667
vt 0.687500 0.983333
vt 0.687500 0.516667
vt 0.687500 0.983333
vt 0.656250 0.983333
vt 0.656250 0.516667
vt 0.656250 0.983333
vt 0.625000 0.983333
vt 0.625000 0.516667
vt 0.625000 0.516667
vt 0.625000 0.983333
vt 0.593750 0.983333
vt 0.593750 0.516667
vt 0.593750 0.516667
vt 0.562500 0.983333
vt 0.562500 0.516667
vt 0.562500 0.983333
vt 0.531250 0.983333
vt 0.531250 0.516667
vt 0.531250 0.983333
vt 0.500000 0.983333
vt 0.500000 0.516667
vt 0.500000 0.516667
vt 0.468750 0.983333
vt 0.468750 0.516667
vt 0.468750 0.983333
vt 0.437500 0.983333
vt 0.437500 0.516667
vt 0.437500 0.516667
vt 0.437500 0.983333
vt 0.406250 0.983333
vt 0.406250 0.516667
vt 0.406250 0.516667
vt 0.406250 0.983333
vt 0.375000 0.983333
vt 0.375000 0.516667
vt 0.375000 0.516667
vt 0.343750 0.983333
vt 0.343750 0.516667
vt 0.343750 0.983333
vt 0.312500 0.983333
vt 0.312500 0.516667
vt 0.312500 0.516667
vt 0.312500 0.983333
vt 0.281250 0.983333
vt 0.281250 0.516667
vt 0.281250 0.983333
vt 0.250000 0.983333
vt 0.250000 0.516667
vt 0.250000 0.983333
vt 0.218750 0.983333
vt 0.218750 0.516667
vt 0.218750 0.516667
vt 0.187500 0.983333
vt 0.187500 0.516667
vt 0.187500 0.516667
vt 0.187500 0.983333
vt 0.156250 0.983333
vt 0.156250 0.516667
vt 0.156250 0.516667
vt 0.156250 0.983333
vt 0.125000 0.983333
vt 0.125000 0.516667
vt 0.125000 0.516667
vt 0.093750 0.983333
vt 0.093750 0.516667
vt 0.093750 0.516667
vt 0.093750 0.983333
vt 0.062500 0.983333
vt 0.062500 0.516667
vt 0.062500 0.516667
vt 0.062500 0.983333
vt 0.031250 0.983333
vt 0.031250 0.516667
vt 0.031250 0.516667
vt 0.000000 0.983333
vt 0.000000 0.516667
vt 0.937500 0.983333
vt 0.906250 0.516667
vt 0.288980 0.445967
vt 0.250000 0.449806
vt 0.211020 0.445967
vt 0.173538 0.434597
vt 0.138994 0.416133
vt 0.108716 0.391285
vt 0.083867 0.361006
vt 0.065403 0.326463
vt 0.054033 0.288981
vt 0.050194 0.250000
vt 0.226000 0.250000
vt 0.226461 0.254682
vt 0.227827 0.259184
vt 0.230045 0.263334
vt 0.233029 0.266971
vt 0.236666 0.269955
vt 0.240815 0.272173
vt 0.245318 0.273539
vt 0.250000 0.274000
vt 0.254682 0.273539
vt 0.259184 0.272173
vt 0.263334 0.269955
vt 0.266970 0.266971
vt 0.269955 0.263334
vt 0.272173 0.259185
vt 0.273539 0.254682
vt 0.274000 0.250000
vt 0.449806 0.250000
vt 0.445967 0.288980
vt 0.434597 0.326463
vt 0.416133 0.361007
vt 0.391284 0.391285
vt 0.361006 0.416133
vt 0.326463 0.434597
vt 1.000000 0.516667
vt 0.968750 0.516667
vt 0.969516 0.500000
vt 0.999234 0.500000
vt 0.751148 0.489887
vt 0.795673 0.485502
vt 0.788980 0.445967
vt 0.750000 0.449806
vt 0.938266 0.500000
vt 0.967984 0.500000
vt 0.797926 0.485054
vt 0.840740 0.472066
vt 0.826463 0.434597
vt 0.907016 0.500000
vt 0.936734 0.500000
vt 0.842862 0.471187
vt 0.882319 0.450097
vt 0.861006 0.416133
vt 0.875766 0.500000
vt 0.905484 0.500000
vt 0.884229 0.448821
vt 0.918814 0.420438
vt 0.891284 0.391285
vt 0.844516 0.500000
vt 0.874234 0.500000
vt 0.920438 0.418814
vt 0.948821 0.384229
vt 0.916133 0.361007
vt 0.813266 0.500000
vt 0.842984 0.500000
vt 0.950097 0.382319
vt 0.971187 0.342862
vt 0.934597 0.326463
vt 0.782016 0.500000
vt 0.811734 0.500000
vt 0.972066 0.340740
vt 0.985053 0.297926
vt 0.945967 0.288980
vt 0.750766 0.500000
vt 0.780484 0.500000
vt 0.985502 0.295673
vt 0.989887 0.251148
vt 0.949806 0.250000
vt 0.719516 0.500000
vt 0.749234 0.500000
vt 0.989887 0.248852
vt 0.985502 0.204327
vt 0.945968 0.211020
vt 0.688266 0.500000
vt 0.717984 0.500000
vt 0.985054 0.202074
vt 0.972066 0.159260
vt 0.934597 0.173537
vt 0.657016 0.500000
vt 0.686734 0.500000
vt 0.971187 0.157138
vt 0.950097 0.117681
vt 0.916133 0.138994
vt 0.625766 0.500000
vt 0.655484 0.500000
vt 0.948821 0.115771
vt 0.920438 0.081186
vt 0.891285 0.108715
vt 0.594516 0.500000
vt 0.624234 0.500000
vt 0.918814 0.079562
vt 0.884229 0.051179
vt 0.861007 0.083867
vt 0.563266 0.500000
vt 0.592984 0.500000
vt 0.882319 0.049903
vt 0.842862 0.028813
vt 0.826463 0.065403
vt 0.532016 0.500000
vt 0.561734 0.500000
vt 0.840740 0.027934
vt 0.797926 0.014946
vt 0.788980 0.054033
vt 0.500766 0.500000
vt 0.530484 0.500000
vt 0.795673 0.014498
vt 0.751148 0.010113
vt 0.750000 0.050193
vt 0.469516 0.500000
vt 0.499234 0.500000
vt 0.748852 0.010113
vt 0.704327 0.014498
vt 0.711020 0.054033
vt 0.438266 0.500000
vt 0.467984 0.500000
vt 0.702074 0.014947
vt 0.659260 0.027934
vt 0.673537 0.065403
vt 0.407016 0.500000
vt 0.436734 0.500000
vt 0.657138 0.028813
vt 0.617681 0.049903
vt 0.638993 0.083867
vt 0.375766 0.500000
vt 0.405484 0.500000
vt 0.615771 0.051179
vt 0.581186 0.079562
vt 0.608715 0.108716
vt 0.344516 0.500000
vt 0.374234 0.500000
vt 0.579562 0.081186
vt 0.551179 0.115771
vt 0.583867 0.138994
vt 0.313266 0.500000
vt 0.342984 0.500000
vt 0.549903 0.117681
vt 0.528813 0.157139
vt 0.565403 0.173538
vt 0.282016 0.500000
vt 0.311734 0.500000
vt 0.527934 0.159260
vt 0.514946 0.202074
vt 0.554033 0.211020
vt 0.250766 0.500000
vt 0.280484 0.500000
vt 0.514498 0.204327
vt 0.510113 0.248852
vt 0.550194 0.250000
vt 0.219516 0.500000
vt 0.249234 0.500000
vt 0.510113 0.251149
vt 0.514499 0.295674
vt 0.554033 0.288980
vt 0.188266 0.500000
vt 0.217984 0.500000
vt 0.514947 0.297926
vt 0.527934 0.340740
vt 0.565403 0.326463
vt 0.157016 0.500000
vt 0.186734 0.500000
vt 0.528813 0.342862
vt 0.549904 0.382319
vt 0.583867 0.361007
vt 0.125766 0.500000
vt 0.155484 0.500000
vt 0.551179 0.384229
vt 0.579563 0.418814
vt 0.608716 0.391285
vt 0.094516 0.500000
vt 0.124234 0.500000
vt 0.581187 0.420438
vt 0.615771 0.448821
vt 0.638994 0.416133
vt 0.063266 0.500000
vt 0.092984 0.500000
vt 0.617681 0.450097
vt 0.657139 0.471187
vt 0.673538 0.434597
vt 0.032016 0.500000
vt 0.061734 0.500000
vt 0.659261 0.472066
vt 0.702074 0.485054
vt 0.711020 0.445967
vt 0.000766 0.500000
vt 0.030484 0.500000
vt 0.704327 0.485502
vt 0.748852 0.489887
vt 0.968750 0.983333
vt 1.000000 0.983333
vt 0.999234 1.000000
vt 0.969516 1.000000
vt 0.295673 0.485502
vt 0.251148 0.489887
vt 0.967984 1.000000
vt 0.938266 1.000000
vt 0.340740 0.472066
vt 0.297926 0.485054
vt 0.936734 1.000000
vt 0.907016 1.000000
vt 0.382319 0.450097
vt 0.342862 0.471187
vt 0.905484 1.000000
vt 0.875766 1.000000
vt 0.418814 0.420438
vt 0.384229 0.448821
vt 0.874234 1.000000
vt 0.844516 1.000000
vt 0.448821 0.384229
vt 0.420438 0.418814
vt 0.842984 1.000000
vt 0.813266 1.000000
vt 0.471187 0.342862
vt 0.450097 0.382319
vt 0.811734 1.000000
vt 0.782016 1.000000
vt 0.485054 0.297926
vt 0.472066 0.340740
vt 0.780484 1.000000
vt 0.750766 1.000000
vt 0.489887 0.251148
vt 0.485502 0.295673
vt 0.749234 1.000000
vt 0.719516 1.000000
vt 0.485502 0.204327
vt 0.489887 0.248852
vt 0.445967 0.211020
vt 0.717984 1.000000
vt 0.688266 1.000000
vt 0.472066 0.159260
vt 0.485054 0.202074
vt 0.434597 0.173537
vt 0.686734 1.000000
vt 0.657016 1.000000
vt 0.450097 0.117681
vt 0.471187 0.157138
vt 0.416133 0.138994
vt 0.655484 1.000000
vt 0.625766 1.000000
vt 0.420438 0.081186
vt 0.448821 0.115771
vt 0.391284 0.108715
vt 0.624234 1.000000
vt 0.594516 1.000000
vt 0.384229 0.051179
vt 0.418814 0.079562
vt 0.361007 0.083867
vt 0.592984 1.000000
vt 0.563266 1.000000
vt 0.342862 0.028813
vt 0.382319 0.049903
vt 0.326463 0.065403
vt 0.561734 1.000000
vt 0.532016 1.000000
vt 0.297926 0.014946
vt 0.340740 0.027934
vt 0.288980 0.054033
vt 0.530484 1.000000
vt 0.500766 1.000000
vt 0.251148 0.010113
vt 0.295673 0.014498
vt 0.250000 0.050193
vt 0.499234 1.000000
vt 0.469516 1.000000
vt 0.204327 0.014498
vt 0.248852 0.010113
vt 0.211020 0.054033
vt 0.467984 1.000000
vt 0.438266 1.000000
vt 0.159260 0.027934
vt 0.202074 0.014947
vt 0.173537 0.065403
vt 0.436734 1.000000
vt 0.407016 1.000000
vt 0.117681 0.049903
vt 0.157138 0.028813
vt 0.138993 0.083867
vt 0.405484 1.000000
vt 0.375766 1.000000
vt 0.081186 0.079562
vt 0.115771 0.051179
vt 0.108715 0.108716
vt 0.374234 1.000000
vt 0.344516 1.000000
vt 0.051179 0.115771
vt 0.079562 0.081186
vt 0.083867 0.138994
vt 0.342984 1.000000
vt 0.313266 1.000000
vt 0.028813 0.157139
vt 0.049903 0.117681
vt 0.065403 0.173538
vt 0.311734 1.000000
vt 0.282016 1.000000
vt 0.014946 0.202074
vt 0.027934 0.159260
vt 0.054033 0.211020
vt 0.280484 1.000000
vt 0.250766 1.000000
vt 0.010113 0.248852
vt 0.014498 0.204327
vt 0.249234 1.000000
vt 0.219516 1.000000
vt 0.014498 0.295674
vt 0.010113 0.251149
vt 0.217984 1.000000
vt 0.188266 1.000000
vt 0.027934 0.340740
vt 0.014947 0.297926
vt 0.186734 1.000000
vt 0.157016 1.000000
vt 0.049904 0.382319
vt 0.028813 0.342862
vt 0.155484 1.000000
vt 0.125766 1.000000
vt 0.079563 0.418814
vt 0.051179 0.384229
vt 0.124234 1.000000
vt 0.094516 1.000000
vt 0.115771 0.448821
vt 0.081187 0.420438
vt 0.092984 1.000000
vt 0.063266 1.000000
vt 0.157139 0.471187
vt 0.117681 0.450097
vt 0.061734 1.000000
vt 0.032016 1.000000
vt 0.202074 0.485054
vt 0.159261 0.472066
vt 0.030484 1.000000
vt 0.000766 1.000000
vt 0.248852 0.489887
vt 0.204327 0.485502
vt 0.570000 0.250000
vt 0.573460 0.214884
vt 0.583702 0.181117
vt 0.600336 0.149998
vt 0.622721 0.122721
vt 0.649998 0.100337
vt 0.681117 0.083702
vt 0.714884 0.073458
vt 0.750000 0.069998
vt 0.785117 0.073458
vt 0.818883 0.083702
vt 0.850003 0.100335
vt 0.877280 0.122721
vt 0.899665 0.149997
vt 0.916298 0.181117
vt 0.926540 0.214884
vt 0.930000 0.250000
vt 0.273539 0.245318
vt 0.272173 0.240816
vt 0.269955 0.236666
vt 0.266970 0.233029
vt 0.263334 0.230045
vt 0.259184 0.227827
vt 0.254682 0.226461
vt 0.250000 0.226000
vt 0.245318 0.226461
vt 0.240815 0.227827
vt 0.236666 0.230045
vt 0.233029 0.233029
vt 0.230045 0.236667
vt 0.227827 0.240816
vt 0.226461 0.245318
vt 0.687500 0.921645
vt 0.656250 0.921645
vt 0.656250 1.000000
vt 0.687500 1.000000
vt 0.343750 0.921645
vt 0.312500 0.921645
vt 0.312500 1.000000
vt 0.343750 1.000000
vt 0.187500 0.921645
vt 0.156250 0.921645
vt 0.156250 1.000000
vt 0.187500 1.000000
vt 0.531250 0.921645
vt 0.500000 0.921645
vt 0.500000 1.000000
vt 0.531250 1.000000
vt 0.812500 0.921645
vt 0.781250 0.921645
vt 0.781250 1.000000
vt 0.812500 1.000000
vt 1.000000 0.921645
vt 0.968750 0.921645
vt 0.968750 1.000000
vt 1.000000 1.000000
vt 0.031250 0.921645
vt 0.000000 0.921645
vt 0.000000 1.000000
vt 0.031250 1.000000
vt 0.718750 0.921645
vt 0.718750 1.000000
vt 0.750000 0.921645
vt 0.750000 1.000000
vt 0.625000 0.921645
vt 0.593750 0.921645
vt 0.593750 1.000000
vt 0.625000 1.000000
vt 0.125000 0.921645
vt 0.125000 1.000000
vt 0.093750 0.921645
vt 0.062500 0.921645
vt 0.062500 1.000000
vt 0.093750 1.000000
vt 0.843750 0.921645
vt 0.843750 1.000000
vt 0.468750 0.921645
vt 0.437500 0.921645
vt 0.437500 1.000000
vt 0.468750 1.000000
vt 0.562500 0.921645
vt 0.562500 1.000000
vt 0.281250 0.921645
vt 0.281250 1.000000
vt 0.250000 0.921645
vt 0.250000 1.000000
vt 0.875000 0.921645
vt 0.875000 1.000000
vt 0.375000 0.921645
vt 0.375000 1.000000
vt 0.218750 0.921645
vt 0.218750 1.000000
vt 0.406250 0.921645
vt 0.406250 1.000000
vt 0.937500 0.921645
vt 0.906250 0.921645
vt 0.906250 1.000000
vt 0.937500 1.000000
vt 0.158156 0.471731
vt 0.050447 0.383337
vt 0.014611 0.203179
vt 0.050447 0.116663
vt 0.080294 0.080294
vt 0.116663 0.050447
vt 0.158156 0.028269
vt 0.203178 0.014612
vt 0.341844 0.028269
vt 0.383337 0.050447
vt 0.449553 0.116663
vt 0.471731 0.158156
vt 0.971731 0.158156
vt 0.949553 0.116663
vt 0.883337 0.050447
vt 0.703178 0.014612
vt 0.658156 0.028269
vt 0.580294 0.080294
vt 0.658156 0.471731
vt 0.926542 0.285116
vt 0.916299 0.318883
vt 0.899666 0.350003
vt 0.877278 0.377279
vt 0.850002 0.399664
vt 0.818883 0.416298
vt 0.785116 0.426540
vt 0.750000 0.430002
vt 0.714884 0.426540
vt 0.681118 0.416298
vt 0.649997 0.399665
vt 0.622723 0.377278
vt 0.600335 0.350003
vt 0.583704 0.318883
vt 0.573460 0.285116
s 0
usemtl Steel-Material
f 5499/4523/4655 5500/4524/4655 5758/4525/4655 5776/4526/4655
f 5500/4524/4656 5501/4527/4656 5757/4528/4656 5758/4525/4656
f 5501/4527/4657 5502/4529/4657 5778/4530/4657 5757/4528/4657
f 5502/4529/4658 5503/4531/4658 5760/4532/4658 5778/4530/4658
f 5503/4531/4659 5504/4533/4659 5763/4534/4659 5760/4532/4659
f 5504/4533/4660 5505/4535/4660 5779/4536/4660 5763/4534/4660
f 5505/4535/4661 5506/4537/4661 5777/4538/4661 5779/4536/4661
f 5506/4537/4662 5507/4539/4662 5772/4540/4662 5777/4538/4662
f 5507/4539/4663 5508/4541/4663 5769/4542/4663 5772/4540/4663
f 5508/4541/4664 5509/4543/4664 5771/4544/4664 5769/4542/4664
f 5509/4543/4665 5510/4545/4665 5785/4546/4665 5771/4544/4665
f 5510/4545/4666 5511/4547/4666 5770/4548/4666 5785/4546/4666
f 5511/4547/4667 5512/4549/4667 5761/4550/4667 5770/4548/4667
f 5512/4549/4668 5513/4551/4668 5762/4552/4668 5761/4550/4668
f 5513/4551/4669 5514/4553/4669 5764/4554/4669 5762/4552/4669
f 5514/4553/4670 5515/4555/4670 5775/4556/4670 5764/4554/4670
f 5515/4555/4671 5516/4557/4671 5784/4558/4671 5775/4556/4671
f 5516/4557/4672 5517/4559/4672 5765/4560/4672 5784/4558/4672
f 5517/4559/4673 5518/4561/4673 5768/4562/4673 5765/4560/4673
f 5518/4561/4674 5519/4563/4674 5783/4564/4674 5768/4562/4674
f 5519/4563/4675 5520/4565/4675 5781/4566/4675 5783/4564/4675
f 5520/4565/4676 5521/4567/4676 5780/4568/4676 5781/4566/4676
f 5521/4567/4677 5522/4569/4677 5782/4570/4677 5780/4568/4677
f 5522/4569/4678 5523/4571/4678 5766/4572/4678 5782/4570/4678
f 5523/4571/4679 5524/4573/4679 5759/4574/4679 5766/4572/4679
f 5524/4573/4680 5525/4575/4680 5755/4576/4680 5759/4574/4680
f 5525/4575/4681 5526/4577/4681 5756/4578/4681 5755/4576/4681
f 5526/4577/4682 5527/4579/4682 5773/4580/4682 5756/4578/4682
f 5527/4579/4683 5528/4581/4683 5774/4582/4683 5773/4580/4683
f 5528/4581/4684 5529/4583/4684 5767/4584/4684 5774/4582/4684
f 5529/4583/4685 5530/4585/4685 5786/4586/4685 5767/4584/4685
f 5530/4585/4686 5499/4587/4686 5776/4588/4686 5786/4586/4686
f 5499/4589/4687 5530/4590/4687 5529/4591/4687 5528/4592/4687 5527/4593/4687 5526/4594/4687 5525/4595/4687 5524/4596/4687 5523/4597/4687 5522/4598/4687 5521/4599/4687 5520/4600/4687 5519/4601/4687 5518/4602/4687 5517/4603/4687 5516/4604/4687 5515/4605/4687 5514/4606/4687 5513/4607/4687 5512/4608/4687 5511/4609/4687 5510/4610/4687 5509/4611/4687 5508/4612/4687 5507/4613/4687 5506/4614/4687 5505/4615/4687 5504/4616/4687 5503/4617/4687 5502/4618/4687 5501/4619/4687 5500/4620/4687
f 5532/4621/4688 5533/4622/4688 5534/4623/4688 5535/4624/4688 5536/4625/4688 5537/4626/4688 5538/4627/4688 5539/4628/4688 5540/4629/4688 5541/4630/4688 5542/4631/4688 5543/4632/4688 5544/4633/4688 5545/4634/4688 5546/4635/4688 5547/4636/4688 5548/4637/4688 5549/4638/4688 5550/4639/4688 5551/4640/4688 5552/4641/4688 5553/4642/4688 5554/4643/4688 5555/4644/4688 5556/4645/4688 5557/4646/4688 5558/4647/4688 5559/4648/4688 5560/4649/4688 5561/4650/4688 5562/4651/4688 5531/4652/4688
f 5567/4653/4672 5663/4654/4672 5666/4655/4672 5570/4656/4672
f 5573/4657/4674 5669/4658/4674 5672/4659/4674 5576/4660/4674
f 5576/4661/4675 5672/4659/4675 5675/4662/4675 5579/4663/4675
f 5579/4664/4676 5675/4662/4676 5678/4665/4676 5582/4666/4676
f 5582/4667/4677 5678/4668/4677 5681/4669/4677 5585/4670/4677
f 5585/4671/4678 5681/4669/4678 5684/4672/4678 5588/4673/4678
f 5588/4674/4679 5684/4675/4679 5687/4676/4679 5591/4677/4679
f 5591/4678/4680 5687/4676/4680 5690/4679/4680 5594/4680/4680
f 5594/4680/4681 5690/4681/4681 5693/4682/4681 5597/4683/4681
f 5597/4683/4682 5693/4684/4682 5696/4685/4682 5600/4686/4682
f 5600/4687/4683 5696/4688/4683 5699/4689/4683 5603/4690/4683
f 5603/4691/4684 5699/4689/4684 5702/4692/4684 5606/4693/4684
f 5606/4693/4685 5702/4694/4685 5705/4695/4685 5609/4696/4685
f 5609/4696/4686 5705/4697/4686 5708/4698/4686 5612/4699/4686
f 5612/4700/4655 5708/4698/4655 5711/4701/4655 5615/4702/4655
f 5615/4702/4656 5711/4703/4656 5714/4704/4656 5618/4705/4656
f 5618/4706/4657 5714/4707/4657 5717/4708/4657 5621/4709/4657
f 5621/4710/4658 5717/4711/4658 5720/4712/4658 5624/4713/4658
f 5624/4714/4659 5720/4712/4659 5723/4715/4659 5627/4716/4659
f 5627/4716/4660 5723/4717/4660 5726/4718/4660 5630/4719/4660
f 5630/4720/4661 5726/4721/4661 5729/4722/4661 5633/4723/4661
f 5633/4723/4662 5729/4724/4662 5732/4725/4662 5636/4726/4662
f 5636/4726/4663 5732/4727/4663 5735/4728/4663 5639/4729/4663
f 5639/4730/4664 5735/4728/4664 5738/4731/4664 5642/4732/4664
f 5642/4733/4665 5738/4734/4665 5741/4735/4665 5645/4736/4665
f 5645/4737/4666 5741/4738/4666 5744/4739/4666 5648/4740/4666
f 5648/4741/4667 5744/4739/4667 5747/4742/4667 5651/4743/4667
f 5651/4744/4668 5747/4745/4668 5750/4746/4668 5654/4747/4668
f 5654/4748/4669 5750/4749/4669 5753/4750/4669 5657/4751/4669
f 5657/4752/4670 5753/4750/4670 5659/4753/4670 5564/4754/4670
f 5570/4656/4673 5666/4755/4673 5669/4658/4673 5573/4756/4673
f 5662/4757/4687 5660/4758/4687 5752/4759/4687 5749/4760/4687 5746/4761/4687 5743/4762/4687 5740/4763/4687 5737/4764/4687 5734/4765/4687 5731/4766/4687 5766/4767/4687 5759/4768/4687 5755/4769/4687 5756/4770/4687 5773/4771/4687 5774/4772/4687 5767/4773/4687 5786/4774/4687 5776/4775/4687 5758/4776/4687 5757/4777/4687 5778/4778/4687 5760/4779/4687 5763/4780/4687 5779/4781/4687 5777/4782/4687 5772/4783/4687 5683/4784/4687 5680/4785/4687 5677/4786/4687 5674/4787/4687 5671/4788/4687 5668/4789/4687 5665/4790/4687
f 5564/4791/4689 5567/4792/4689 5568/4793/4689 5565/4794/4689
f 5565/4795/4690 5568/4796/4690 5566/4797/4690 5563/4798/4690
f 5567/4653/4691 5570/4656/4691 5571/4799/4691 5568/4800/4691
f 5568/4801/4692 5571/4802/4692 5569/4803/4692 5566/4797/4692
f 5570/4656/4693 5573/4756/4693 5574/4804/4693 5571/4805/4693
f 5571/4806/4694 5574/4807/4694 5572/4808/4694 5569/4803/4694
f 5573/4657/4695 5576/4660/4695 5577/4809/4695 5574/4810/4695
f 5574/4811/4696 5577/4812/4696 5575/4813/4696 5572/4808/4696
f 5576/4661/4697 5579/4663/4697 5580/4814/4697 5577/4815/4697
f 5577/4816/4698 5580/4817/4698 5578/4818/4698 5575/4813/4698
f 5579/4664/4699 5582/4666/4699 5583/4819/4699 5580/4820/4699
f 5580/4821/4700 5583/4822/4700 5581/4823/4700 5578/4818/4700
f 5582/4667/4701 5585/4670/4701 5586/4824/4701 5583/4825/4701
f 5583/4826/4702 5586/4827/4702 5584/4828/4702 5581/4823/4702
f 5585/4671/4703 5588/4673/4703 5589/4829/4703 5586/4830/4703
f 5586/4831/4704 5589/4832/4704 5587/4833/4704 5584/4828/4704
f 5588/4674/4705 5591/4677/4705 5592/4834/4705 5589/4835/4705
f 5589/4836/4706 5592/4837/4706 5590/4838/4706 5587/4833/4706
f 5591/4678/4707 5594/4680/4707 5595/4839/4707 5592/4840/4707
f 5592/4841/4708 5595/4842/4708 5593/4843/4708 5590/4838/4708
f 5594/4680/4709 5597/4683/4709 5598/4844/4709 5595/4845/4709
f 5595/4846/4710 5598/4847/4710 5596/4848/4710 5593/4843/4710
f 5597/4683/4711 5600/4686/4711 5601/4849/4711 5598/4850/4711
f 5598/4851/4712 5601/4852/4712 5599/4853/4712 5596/4848/4712
f 5600/4687/4713 5603/4690/4713 5604/4854/4713 5601/4855/4713
f 5601/4856/4714 5604/4857/4714 5602/4858/4714 5599/4853/4714
f 5603/4691/4715 5606/4693/4715 5607/4859/4715 5604/4860/4715
f 5604/4861/4716 5607/4862/4716 5605/4863/4716 5602/4858/4716
f 5606/4693/4717 5609/4696/4717 5610/4864/4717 5607/4865/4717
f 5607/4866/4718 5610/4867/4718 5608/4868/4718 5605/4863/4718
f 5609/4696/4719 5612/4699/4719 5613/4869/4719 5610/4870/4719
f 5610/4871/4720 5613/4872/4720 5611/4873/4720 5608/4868/4720
f 5612/4700/4721 5615/4702/4721 5616/4874/4721 5613/4875/4721
f 5613/4876/4722 5616/4877/4722 5614/4878/4722 5611/4873/4722
f 5615/4702/4723 5618/4705/4723 5619/4879/4723 5616/4880/4723
f 5616/4881/4724 5619/4882/4724 5617/4883/4724 5614/4878/4724
f 5618/4706/4725 5621/4709/4725 5622/4884/4725 5619/4885/4725
f 5619/4886/4726 5622/4887/4726 5620/4888/4726 5617/4883/4726
f 5621/4710/4727 5624/4713/4727 5625/4889/4727 5622/4890/4727
f 5622/4891/4728 5625/4892/4728 5623/4893/4728 5620/4888/4728
f 5624/4714/4729 5627/4716/4729 5628/4894/4729 5625/4895/4729
f 5625/4896/4730 5628/4897/4730 5626/4898/4730 5623/4893/4730
f 5627/4716/4731 5630/4719/4731 5631/4899/4731 5628/4900/4731
f 5628/4901/4732 5631/4902/4732 5629/4903/4732 5626/4898/4732
f 5630/4720/4733 5633/4723/4733 5634/4904/4733 5631/4905/4733
f 5631/4906/4734 5634/4907/4734 5632/4908/4734 5629/4903/4734
f 5633/4723/4735 5636/4726/4735 5637/4909/4735 5634/4910/4735
f 5634/4911/4736 5637/4912/4736 5635/4913/4736 5632/4908/4736
f 5636/4726/4737 5639/4729/4737 5640/4914/4737 5637/4915/4737
f 5637/4916/4738 5640/4917/4738 5638/4918/4738 5635/4913/4738
f 5639/4730/4739 5642/4732/4739 5643/4919/4739 5640/4920/4739
f 5640/4921/4740 5643/4922/4740 5641/4923/4740 5638/4918/4740
f 5642/4733/4741 5645/4736/4741 5646/4924/4741 5643/4925/4741
f 5643/4926/4742 5646/4927/4742 5644/4928/4742 5641/4923/4742
f 5645/4737/4743 5648/4740/4743 5649/4929/4743 5646/4930/4743
f 5646/4931/4744 5649/4932/4744 5647/4933/4744 5644/4928/4744
f 5648/4741/4745 5651/4743/4745 5652/4934/4745 5649/4935/4745
f 5649/4936/4746 5652/4937/4746 5650/4938/4746 5647/4933/4746
f 5651/4744/4747 5654/4747/4747 5655/4939/4747 5652/4940/4747
f 5652/4941/4748 5655/4942/4748 5653/4943/4748 5650/4938/4748
f 5654/4748/4749 5657/4751/4749 5658/4944/4749 5655/4945/4749
f 5655/4946/4750 5658/4947/4750 5656/4948/4750 5653/4943/4750
f 5657/4752/4751 5564/4754/4751 5565/4949/4751 5658/4950/4751
f 5658/4951/4752 5565/4952/4752 5563/4798/4752 5656/4948/4752
f 5663/4953/4753 5659/4954/4753 5661/4955/4753 5664/4956/4753
f 5664/4957/4754 5661/4958/4754 5660/4758/4754 5662/4757/4754
f 5666/4655/4755 5663/4654/4755 5664/4959/4755 5667/4960/4755
f 5667/4961/4756 5664/4962/4756 5662/4757/4756 5665/4790/4756
f 5669/4658/4757 5666/4755/4757 5667/4963/4757 5670/4964/4757
f 5670/4965/4758 5667/4966/4758 5665/4790/4758 5668/4789/4758
f 5672/4659/4759 5669/4658/4759 5670/4967/4759 5673/4968/4759
f 5673/4969/4760 5670/4970/4760 5668/4789/4760 5671/4788/4760
f 5675/4662/4761 5672/4659/4761 5673/4971/4761 5676/4972/4761
f 5676/4973/4762 5673/4974/4762 5671/4788/4762 5674/4787/4762
f 5678/4665/4763 5675/4662/4763 5676/4975/4763 5679/4976/4763
f 5679/4977/4764 5676/4978/4764 5674/4787/4764 5677/4786/4764
f 5681/4669/4765 5678/4668/4765 5679/4979/4765 5682/4980/4765
f 5682/4981/4766 5679/4982/4766 5677/4786/4766 5680/4785/4766
f 5684/4672/4767 5681/4669/4767 5682/4983/4767 5685/4984/4767
f 5685/4985/4768 5682/4986/4768 5680/4785/4768 5683/4784/4768
f 5687/4676/4769 5684/4675/4769 5685/4987/4769 5688/4988/4769
f 5688/4989/4770 5685/4990/4770 5683/4784/4770 5686/4991/4770
f 5690/4679/4771 5687/4676/4771 5688/4992/4771 5691/4993/4771
f 5691/4994/4772 5688/4995/4772 5686/4991/4772 5689/4996/4772
f 5693/4682/4773 5690/4681/4773 5691/4997/4773 5694/4998/4773
f 5694/4999/4774 5691/5000/4774 5689/4996/4774 5692/5001/4774
f 5696/4685/4775 5693/4684/4775 5694/5002/4775 5697/5003/4775
f 5697/5004/4776 5694/5005/4776 5692/5001/4776 5695/5006/4776
f 5699/4689/4777 5696/4688/4777 5697/5007/4777 5700/5008/4777
f 5700/5009/4778 5697/5010/4778 5695/5006/4778 5698/5011/4778
f 5702/4692/4779 5699/4689/4779 5700/5012/4779 5703/5013/4779
f 5703/5014/4780 5700/5015/4780 5698/5011/4780 5701/5016/4780
f 5705/4695/4781 5702/4694/4781 5703/5017/4781 5706/5018/4781
f 5706/5019/4782 5703/5020/4782 5701/5016/4782 5704/5021/4782
f 5708/4698/4783 5705/4697/4783 5706/5022/4783 5709/5023/4783
f 5709/5024/4784 5706/5025/4784 5704/5021/4784 5707/5026/4784
f 5711/4701/4785 5708/4698/4785 5709/5027/4785 5712/5028/4785
f 5712/5029/4786 5709/5030/4786 5707/5026/4786 5710/5031/4786
f 5714/4704/4787 5711/4703/4787 5712/5032/4787 5715/5033/4787
f 5715/5034/4788 5712/5035/4788 5710/5031/4788 5713/5036/4788
f 5717/4708/4789 5714/4707/4789 5715/5037/4789 5718/5038/4789
f 5718/5039/4790 5715/5040/4790 5713/5036/4790 5716/5041/4790
f 5720/4712/4791 5717/4711/4791 5718/5042/4791 5721/5043/4791
f 5721/5044/4792 5718/5045/4792 5716/5041/4792 5719/5046/4792
f 5723/4715/4793 5720/4712/4793 5721/5047/4793 5724/5048/4793
f 5724/5049/4794 5721/5050/4794 5719/5046/4794 5722/5051/4794
f 5726/4718/4795 5723/4717/4795 5724/5052/4795 5727/5053/4795
f 5727/5054/4796 5724/5055/4796 5722/5051/4796 5725/5056/4796
f 5729/4722/4797 5726/4721/4797 5727/5057/4797 5730/5058/4797
f 5730/5059/4798 5727/5060/4798 5725/5056/4798 5728/5061/4798
f 5732/4725/4799 5729/4724/4799 5730/5062/4799 5733/5063/4799
f 5733/5064/4800 5730/5065/4800 5728/5061/4800 5731/4766/4800
f 5735/4728/4801 5732/4727/4801 5733/5066/4801 5736/5067/4801
f 5736/5068/4802 5733/5069/4802 5731/4766/4802 5734/4765/4802
f 5738/4731/4803 5735/4728/4803 5736/5070/4803 5739/5071/4803
f 5739/5072/4804 5736/5073/4804 5734/4765/4804 5737/4764/4804
f 5741/4735/4805 5738/4734/4805 5739/5074/4805 5742/5075/4805
f 5742/5076/4806 5739/5077/4806 5737/4764/4806 5740/4763/4806
f 5744/4739/4807 5741/4738/4807 5742/5078/4807 5745/5079/4807
f 5745/5080/4808 5742/5081/4808 5740/4763/4808 5743/4762/4808
f 5747/4742/4809 5744/4739/4809 5745/5082/4809 5748/5083/4809
f 5748/5084/4810 5745/5085/4810 5743/4762/4810 5746/4761/4810
f 5750/4746/4811 5747/4745/4811 5748/5086/4811 5751/5087/4811
f 5751/5088/4812 5748/5089/4812 5746/4761/4812 5749/4760/4812
f 5753/4750/4813 5750/4749/4813 5751/5090/4813 5754/5091/4813
f 5754/5092/4814 5751/5093/4814 5749/4760/4814 5752/4759/4814
f 5659/4753/4815 5753/4750/4815 5754/5094/4815 5661/5095/4815
f 5661/5096/4816 5754/5097/4816 5752/4759/4816 5660/4758/4816
f 5564/4791/4671 5659/4954/4671 5663/4953/4671 5567/4792/4671
f 5635/4913/4688 5798/5098/4688 5814/5099/4688 5812/5100/4688 5813/5101/4688 5815/5102/4688 5800/5103/4688 5797/5104/4688 5816/5105/4688 5807/5106/4688 5796/5107/4688 5794/5108/4688 5793/5109/4688 5802/5110/4688 5817/5111/4688 5803/5112/4688 5801/5113/4688 5804/5114/4688 5587/4833/4688 5590/4838/4688 5593/4843/4688 5596/4848/4688 5599/4853/4688 5602/4858/4688 5605/4863/4688 5608/4868/4688 5611/4873/4688 5614/4878/4688 5617/4883/4688 5620/4888/4688 5623/4893/4688 5626/4898/4688 5629/4903/4688 5632/4908/4688
f 5683/4784/4687 5772/4783/4687 5769/5115/4687 5771/5116/4687 5785/5117/4687 5770/5118/4687 5761/5119/4687 5762/5120/4687 5764/5121/4687 5775/5122/4687 5784/5123/4687 5765/5124/4687 5768/5125/4687 5783/5126/4687 5781/5127/4687 5780/5128/4687 5782/5129/4687 5766/4767/4687 5731/4766/4687 5728/5061/4687 5725/5056/4687 5722/5051/4687 5719/5046/4687 5716/5041/4687 5713/5036/4687 5710/5031/4687 5707/5026/4687 5704/5021/4687 5701/5016/4687 5698/5011/4687 5695/5006/4687 5692/5001/4687 5689/4996/4687 5686/4991/4687
f 5847/5130/4665 5841/5131/4665 5542/5132/4665 5541/5133/4665
f 5825/5134/4676 5824/5135/4676 5553/5136/4676 5552/5137/4676
f 5827/5138/4681 5833/5139/4681 5558/5140/4681 5557/5141/4681
f 5845/5142/4670 5844/5143/4670 5547/5144/4670 5546/5145/4670
f 5839/5146/4661 5850/5147/4661 5538/5148/4661 5537/5149/4661
f 5832/5150/4655 5831/5151/4655 5532/5152/4655 5531/5153/4655
f 5829/5154/4686 5832/5155/4686 5531/5156/4686 5562/5157/4686
f 5843/5158/4664 5847/5130/4664 5541/5133/4664 5540/5159/4664
f 5842/5160/4663 5843/5158/4663 5540/5159/4663 5539/5161/4663
f 5836/5162/4667 5837/5163/4667 5544/5164/4667 5543/5165/4667
f 5833/5139/4682 5834/5166/4682 5559/5167/4682 5558/5140/4682
f 5821/5168/4684 5828/5169/4684 5561/5170/4684 5560/5171/4684
f 5846/5172/4660 5839/5146/4660 5537/5149/4660 5536/5173/4660
f 5848/5174/4672 5822/5175/4672 5549/5176/4672 5548/5177/4672
f 5837/5163/4668 5849/5178/4668 5545/5179/4668 5544/5164/4668
f 5828/5169/4685 5829/5154/4685 5562/5157/4685 5561/5170/4685
f 5844/5143/4671 5848/5174/4671 5548/5177/4671 5547/5144/4671
f 5841/5131/4666 5836/5162/4666 5543/5165/4666 5542/5132/4666
f 5824/5135/4677 5835/5180/4677 5554/5181/4677 5553/5136/4677
f 5850/5147/4662 5842/5160/4662 5539/5161/4662 5538/5148/4662
f 5835/5180/4678 5826/5182/4678 5555/5183/4678 5554/5181/4678
f 5849/5178/4669 5845/5142/4669 5546/5145/4669 5545/5179/4669
f 5840/5184/4659 5846/5172/4659 5536/5173/4659 5535/5185/4659
f 5823/5186/4675 5825/5134/4675 5552/5137/4675 5551/5187/4675
f 5830/5188/4680 5827/5138/4680 5557/5141/4680 5556/5189/4680
f 5822/5175/4673 5819/5190/4673 5550/5191/4673 5549/5176/4673
f 5820/5192/4657 5838/5193/4657 5534/5194/4657 5533/5195/4657
f 5831/5151/4656 5820/5192/4656 5533/5195/4656 5532/5152/4656
f 5819/5190/4674 5823/5186/4674 5551/5187/4674 5550/5191/4674
f 5826/5182/4679 5830/5188/4679 5556/5189/4679 5555/5183/4679
f 5834/5166/4683 5821/5168/4683 5560/5171/4683 5559/5167/4683
f 5838/5193/4658 5840/5184/4658 5535/5185/4658 5534/5194/4658
f 5851/4523/4671 5852/5153/4671 5854/5152/4671 5853/4524/4671
f 5853/4524/4672 5854/5152/4672 5856/5195/4672 5855/4527/4672
f 5855/4527/4673 5856/5195/4673 5858/5194/4673 5857/4529/4673
f 5857/4529/4674 5858/5194/4674 5860/5185/4674 5859/4531/4674
f 5859/4531/4675 5860/5185/4675 5862/5173/4675 5861/4533/4675
f 5861/4533/4676 5862/5173/4676 5864/5149/4676 5863/4535/4676
f 5863/4535/4677 5864/5149/4677 5866/5148/4677 5865/4537/4677
f 5865/4537/4678 5866/5148/4678 5868/5161/4678 5867/4539/4678
f 5867/4539/4679 5868/5161/4679 5870/5159/4679 5869/4541/4679
f 5869/4541/4680 5870/5159/4680 5872/5133/4680 5871/4543/4680
f 5871/4543/4681 5872/5133/4681 5874/5132/4681 5873/4545/4681
f 5873/4545/4682 5874/5132/4682 5876/5165/4682 5875/4547/4682
f 5875/4547/4683 5876/5165/4683 5878/5164/4683 5877/4549/4683
f 5877/4549/4684 5878/5164/4684 5880/5179/4684 5879/4551/4684
f 5879/4551/4685 5880/5179/4685 5882/5145/4685 5881/4553/4685
f 5881/4553/4686 5882/5145/4686 5884/5144/4686 5883/4555/4686
f 5883/4555/4655 5884/5144/4655 5886/5177/4655 5885/4557/4655
f 5885/4557/4656 5886/5177/4656 5888/5176/4656 5887/4559/4656
f 5887/4559/4657 5888/5176/4657 5890/5191/4657 5889/4561/4657
f 5889/4561/4658 5890/5191/4658 5892/5187/4658 5891/4563/4658
f 5891/4563/4659 5892/5187/4659 5894/5137/4659 5893/4565/4659
f 5893/4565/4660 5894/5137/4660 5896/5136/4660 5895/4567/4660
f 5895/4567/4661 5896/5136/4661 5898/5181/4661 5897/4569/4661
f 5897/4569/4662 5898/5181/4662 5900/5183/4662 5899/4571/4662
f 5899/4571/4663 5900/5183/4663 5902/5189/4663 5901/4573/4663
f 5901/4573/4664 5902/5189/4664 5904/5141/4664 5903/4575/4664
f 5903/4575/4665 5904/5141/4665 5906/5140/4665 5905/4577/4665
f 5905/4577/4666 5906/5140/4666 5908/5167/4666 5907/4579/4666
f 5907/4579/4667 5908/5167/4667 5910/5171/4667 5909/4581/4667
f 5909/4581/4668 5910/5171/4668 5912/5170/4668 5911/4583/4668
f 5854/4621/4687 5852/4652/4687 5914/4651/4687 5912/5196/4687 5910/4649/4687 5908/4648/4687 5906/5197/4687 5904/4646/4687 5902/4645/4687 5900/4644/4687 5898/5198/4687 5896/4642/4687 5894/5199/4687 5892/5200/4687 5890/5201/4687 5888/5202/4687 5886/5203/4687 5884/4636/4687 5882/4635/4687 5880/5204/4687 5878/5205/4687 5876/4632/4687 5874/5206/4687 5872/5207/4687 5870/4629/4687 5868/4628/4687 5866/4627/4687 5864/4626/4687 5862/4625/4687 5860/4624/4687 5858/4623/4687 5856/4622/4687
f 5911/4583/4669 5912/5170/4669 5914/5157/4669 5913/4585/4669
f 5913/4585/4670 5914/5157/4670 5852/5156/4670 5851/4587/4670
f 5851/4589/4688 5853/4620/4688 5855/4619/4688 5857/4618/4688 5859/4617/4688 5861/4616/4688 5863/4615/4688 5865/4614/4688 5867/4613/4688 5869/4612/4688 5871/5208/4688 5873/5209/4688 5875/4609/4688 5877/5210/4688 5879/4607/4688 5881/4606/4688 5883/4605/4688 5885/5211/4688 5887/5212/4688 5889/4602/4688 5891/5213/4688 5893/4600/4688 5895/4599/4688 5897/4598/4688 5899/4597/4688 5901/4596/4688 5903/4595/4688 5905/4594/4688 5907/4593/4688 5909/4592/4688 5911/5214/4688 5913/4590/4688
f 5563/4798/4688 5566/4797/4688 5569/4803/4688 5572/4808/4688 5575/4813/4688 5578/4818/4688 5581/4823/4688 5584/4828/4688 5587/4833/4688 5804/5114/4688 5809/5215/4688 5811/5216/4688 5795/5217/4688 5792/5218/4688 5810/5219/4688 5789/5220/4688 5790/5221/4688 5808/5222/4688 5818/5223/4688 5799/5224/4688 5806/5225/4688 5805/5226/4688 5788/5227/4688 5787/5228/4688 5791/5229/4688 5798/5098/4688 5635/4913/4688 5638/4918/4688 5641/4923/4688 5644/4928/4688 5647/4933/4688 5650/4938/4688 5653/4943/4688 5656/4948/4688
