# Blender 3.6.1
# www.blender.org
mtllib fuel_rail.mtl
o Fuel_Rail
v 0.033700 0.004797 -0.006360
v 0.032218 0.004797 -0.006360
v 0.032218 0.004797 0.004995
v 0.033700 0.004797 0.004995
v 0.033700 0.004797 -0.000366
v 0.033871 0.004797 -0.000552
v 0.034035 0.004797 -0.000718
v 0.034195 0.004797 -0.000866
v 0.034350 0.004797 -0.000995
v 0.034501 0.004797 -0.001106
v 0.034651 0.004797 -0.001201
v 0.034799 0.004797 -0.001279
v 0.034948 0.004797 -0.001342
v 0.035097 0.004797 -0.001390
v 0.035249 0.004797 -0.001423
v 0.035405 0.004797 -0.001442
v 0.035564 0.004797 -0.001449
v 0.035782 0.004797 -0.001434
v 0.035985 0.004797 -0.001391
v 0.036173 0.004797 -0.001320
v 0.036344 0.004797 -0.001222
v 0.036498 0.004797 -0.001100
v 0.036634 0.004797 -0.000953
v 0.036752 0.004797 -0.000784
v 0.036850 0.004797 -0.000593
v 0.036927 0.004797 -0.000381
v 0.036984 0.004797 -0.000150
v 0.037018 0.004797 0.000100
v 0.037030 0.004797 0.000366
v 0.037030 0.004797 0.004995
v 0.038511 0.004797 0.004995
v 0.038511 0.004797 0.000416
v 0.038489 0.004797 -0.000074
v 0.038425 0.004797 -0.000521
v 0.038319 0.004797 -0.000924
v 0.038177 0.004797 -0.001284
v 0.037998 0.004797 -0.001601
v 0.037787 0.004797 -0.001875
v 0.037545 0.004797 -0.002107
v 0.037276 0.004797 -0.002296
v 0.036980 0.004797 -0.002443
v 0.036661 0.004797 -0.002547
v 0.036322 0.004797 -0.002610
v 0.035964 0.004797 -0.002631
v 0.035756 0.004797 -0.002622
v 0.035549 0.004797 -0.002597
v 0.035344 0.004797 -0.002555
v 0.035141 0.004797 -0.002496
v 0.034943 0.004797 -0.002422
v 0.034749 0.004797 -0.002333
v 0.034560 0.004797 -0.002229
v 0.034378 0.004797 -0.002110
v 0.034203 0.004797 -0.001978
v 0.034037 0.004797 -0.001831
v 0.033880 0.004797 -0.001671
v 0.033733 0.004797 -0.001499
v 0.033700 0.004797 -0.001499
v 0.031285 0.004797 -0.002115
v 0.031109 0.004797 -0.002191
v 0.030937 0.004797 -0.002263
v 0.030767 0.004797 -0.002329
v 0.030598 0.004797 -0.002389
v 0.030430 0.004797 -0.002443
v 0.030259 0.004797 -0.002491
v 0.030086 0.004797 -0.002533
v 0.029908 0.004797 -0.002567
v 0.029724 0.004797 -0.002595
v 0.029532 0.004797 -0.002615
v 0.029332 0.004797 -0.002627
v 0.029121 0.004797 -0.002631
v 0.028572 0.004797 -0.002599
v 0.028061 0.004797 -0.002503
v 0.027588 0.004797 -0.002348
v 0.027156 0.004797 -0.002134
v 0.026767 0.004797 -0.001864
v 0.026424 0.004797 -0.001540
v 0.026127 0.004797 -0.001165
v 0.025880 0.004797 -0.000741
v 0.025684 0.004797 -0.000271
v 0.025541 0.004797 0.000244
v 0.025454 0.004797 0.000802
v 0.025425 0.004797 0.001399
v 0.025457 0.004797 0.001934
v 0.025551 0.004797 0.002439
v 0.025704 0.004797 0.002911
v 0.025913 0.004797 0.003347
v 0.026175 0.004797 0.003743
v 0.026486 0.004797 0.004096
v 0.026844 0.004797 0.004403
v 0.027245 0.004797 0.004662
v 0.027686 0.004797 0.004868
v 0.028165 0.004797 0.005020
v 0.028677 0.004797 0.005113
v 0.029221 0.004797 0.005145
v 0.029420 0.004797 0.005141
v 0.029623 0.004797 0.005129
v 0.029829 0.004797 0.005110
v 0.030036 0.004797 0.005084
v 0.030241 0.004797 0.005053
v 0.030442 0.004797 0.005016
v 0.030638 0.004797 0.004974
v 0.030825 0.004797 0.004928
v 0.031003 0.004797 0.004878
v 0.031168 0.004797 0.004825
v 0.031318 0.004797 0.004769
v 0.031452 0.004797 0.004712
v 0.031452 0.004797 0.003247
v 0.031268 0.004797 0.003326
v 0.031089 0.004797 0.003399
v 0.030915 0.004797 0.003465
v 0.030746 0.004797 0.003524
v 0.030580 0.004797 0.003576
v 0.030417 0.004797 0.003621
v 0.030257 0.004797 0.003659
v 0.030099 0.004797 0.003691
v 0.029942 0.004797 0.003715
v 0.029785 0.004797 0.003732
v 0.029628 0.004797 0.003743
v 0.029471 0.004797 0.003746
v 0.029099 0.004797 0.003727
v 0.028751 0.004797 0.003670
v 0.028429 0.004797 0.003576
v 0.028134 0.004797 0.003447
v 0.027867 0.004797 0.003283
v 0.027631 0.004797 0.003086
v 0.027426 0.004797 0.002857
v 0.027255 0.004797 0.002597
v 0.027120 0.004797 0.002306
v 0.027021 0.004797 0.001987
v 0.026960 0.004797 0.001639
v 0.026940 0.004797 0.001265
v 0.026959 0.004797 0.000897
v 0.027015 0.004797 0.000552
v 0.027106 0.004797 0.000231
v 0.027231 0.004797 -0.000064
v 0.027388 0.004797 -0.000331
v 0.027574 0.004797 -0.000568
v 0.027789 0.004797 -0.000774
v 0.028030 0.004797 -0.000946
v 0.028295 0.004797 -0.001083
v 0.028584 0.004797 -0.001183
v 0.028893 0.004797 -0.001245
v 0.029221 0.004797 -0.001265
v 0.029382 0.004797 -0.001262
v 0.029540 0.004797 -0.001251
v 0.029698 0.004797 -0.001231
v 0.029856 0.004797 -0.001201
v 0.030016 0.004797 -0.001162
v 0.030178 0.004797 -0.001111
v 0.030345 0.004797 -0.001049
v 0.030517 0.004797 -0.000974
v 0.030696 0.004797 -0.000886
v 0.030883 0.004797 -0.000784
v 0.031079 0.004797 -0.000666
v 0.031285 0.004797 -0.000533
v 0.024892 0.004797 0.002830
v 0.024676 0.004797 0.002967
v 0.024460 0.004797 0.003094
v 0.024244 0.004797 0.003210
v 0.024029 0.004797 0.003315
v 0.023813 0.004797 0.003409
v 0.023597 0.004797 0.003492
v 0.023380 0.004797 0.003563
v 0.023163 0.004797 0.003622
v 0.022944 0.004797 0.003669
v 0.022723 0.004797 0.003702
v 0.022501 0.004797 0.003723
v 0.022278 0.004797 0.003730
v 0.021932 0.004797 0.003714
v 0.021610 0.004797 0.003666
v 0.021314 0.004797 0.003587
v 0.021041 0.004797 0.003476
v 0.020794 0.004797 0.003334
v 0.020571 0.004797 0.003161
v 0.020373 0.004797 0.002958
v 0.020201 0.004797 0.002723
v 0.020053 0.004797 0.002458
v 0.019931 0.004797 0.002163
v 0.019835 0.004797 0.001837
v 0.019764 0.004797 0.001482
v 0.025025 0.004797 0.001482
v 0.024999 0.004797 0.000820
v 0.024922 0.004797 0.000217
v 0.024796 0.004797 -0.000327
v 0.024624 0.004797 -0.000813
v 0.024406 0.004797 -0.001241
v 0.024145 0.004797 -0.001611
v 0.023842 0.004797 -0.001924
v 0.023501 0.004797 -0.002179
v 0.023121 0.004797 -0.002377
v 0.022707 0.004797 -0.002518
v 0.022258 0.004797 -0.002603
v 0.021778 0.004797 -0.002631
v 0.021276 0.004797 -0.002599
v 0.020802 0.004797 -0.002507
v 0.020361 0.004797 -0.002356
v 0.019954 0.004797 -0.002150
v 0.019585 0.004797 -0.001891
v 0.019256 0.004797 -0.001582
v 0.018970 0.004797 -0.001226
v 0.018729 0.004797 -0.000825
v 0.018538 0.004797 -0.000383
v 0.018397 0.004797 0.000098
v 0.018311 0.004797 0.000615
v 0.018282 0.004797 0.001165
v 0.018309 0.004797 0.001677
v 0.018389 0.004797 0.002177
v 0.018521 0.004797 0.002658
v 0.018705 0.004797 0.003115
v 0.018939 0.004797 0.003540
v 0.019222 0.004797 0.003929
v 0.019555 0.004797 0.004275
v 0.019934 0.004797 0.004572
v 0.020361 0.004797 0.004813
v 0.020833 0.004797 0.004993
v 0.021350 0.004797 0.005106
v 0.021911 0.004797 0.005145
v 0.022219 0.004797 0.005139
v 0.022509 0.004797 0.005121
v 0.022784 0.004797 0.005091
v 0.023047 0.004797 0.005049
v 0.023298 0.004797 0.004995
v 0.023539 0.004797 0.004928
v 0.023773 0.004797 0.004849
v 0.024001 0.004797 0.004757
v 0.024225 0.004797 0.004653
v 0.024447 0.004797 0.004536
v 0.024668 0.004797 0.004406
v 0.024892 0.004797 0.004262
v 0.019797 0.004797 0.000499
v 0.019857 0.004797 0.000215
v 0.019937 0.004797 -0.000048
v 0.020037 0.004797 -0.000288
v 0.020156 0.004797 -0.000505
v 0.020296 0.004797 -0.000699
v 0.020455 0.004797 -0.000868
v 0.020633 0.004797 -0.001013
v 0.020830 0.004797 -0.001132
v 0.021047 0.004797 -0.001226
v 0.021283 0.004797 -0.001294
v 0.021538 0.004797 -0.001335
v 0.021812 0.004797 -0.001349
v 0.022065 0.004797 -0.001334
v 0.022302 0.004797 -0.001290
v 0.022520 0.004797 -0.001219
v 0.022720 0.004797 -0.001121
v 0.022900 0.004797 -0.000998
v 0.023060 0.004797 -0.000849
v 0.023200 0.004797 -0.000677
v 0.023317 0.004797 -0.000483
v 0.023413 0.004797 -0.000267
v 0.023486 0.004797 -0.000031
v 0.023535 0.004797 0.000225
v 0.023560 0.004797 0.000499
v 0.018149 0.004797 -0.006360
v 0.008658 0.004797 -0.006360
v 0.008658 0.004797 -0.004895
v 0.012587 0.004797 -0.004895
v 0.012587 0.004797 0.004995
v 0.014219 0.004797 0.004995
v 0.014219 0.004797 -0.004895
v 0.018149 0.004797 -0.004895
v 0.003763 0.004797 -0.002481
v 0.003763 0.004797 0.004995
v 0.005245 0.004797 0.004995
v 0.005245 0.004797 0.001082
v 0.005261 0.004797 0.000768
v 0.005309 0.004797 0.000467
v 0.005386 0.004797 0.000182
v 0.005490 0.004797 -0.000083
v 0.005619 0.004797 -0.000327
v 0.005771 0.004797 -0.000547
v 0.005945 0.004797 -0.000741
v 0.006138 0.004797 -0.000905
v 0.006348 0.004797 -0.001037
v 0.006573 0.004797 -0.001134
v 0.006811 0.004797 -0.001195
v 0.007060 0.004797 -0.001216
v 0.007152 0.004797 -0.001209
v 0.007252 0.004797 -0.001191
v 0.007360 0.004797 -0.001162
v 0.007473 0.004797 -0.001122
v 0.007592 0.004797 -0.001071
v 0.007713 0.004797 -0.001012
v 0.007837 0.004797 -0.000943
v 0.007961 0.004797 -0.000865
v 0.008085 0.004797 -0.000780
v 0.008207 0.004797 -0.000688
v 0.008327 0.004797 -0.000588
v 0.008442 0.004797 -0.000483
v 0.009224 0.004797 -0.001765
v 0.009071 0.004797 -0.001904
v 0.008920 0.004797 -0.002031
v 0.008770 0.004797 -0.002146
v 0.008622 0.004797 -0.002248
v 0.008474 0.004797 -0.002339
v 0.008327 0.004797 -0.002416
v 0.008180 0.004797 -0.002482
v 0.008034 0.004797 -0.002536
v 0.007887 0.004797 -0.002577
v 0.007740 0.004797 -0.002607
v 0.007592 0.004797 -0.002625
v 0.007443 0.004797 -0.002631
v 0.007267 0.004797 -0.002619
v 0.007091 0.004797 -0.002584
v 0.006915 0.004797 -0.002524
v 0.006737 0.004797 -0.002440
v 0.006559 0.004797 -0.002329
v 0.006379 0.004797 -0.002192
v 0.006198 0.004797 -0.002027
v 0.006017 0.004797 -0.001834
v 0.005834 0.004797 -0.001612
v 0.005650 0.004797 -0.001361
v 0.005465 0.004797 -0.001079
v 0.005278 0.004797 -0.000766
v 0.005245 0.004797 -0.000766
v 0.005245 0.004797 -0.002481
v 0.002764 0.004797 0.002830
v 0.002548 0.004797 0.002967
v 0.002332 0.004797 0.003094
v 0.002117 0.004797 0.003210
v 0.001901 0.004797 0.003315
v 0.001686 0.004797 0.003409
v 0.001469 0.004797 0.003492
v 0.001253 0.004797 0.003563
v 0.001035 0.004797 0.003622
v 0.000816 0.004797 0.003669
v 0.000596 0.004797 0.003702
v 0.000374 0.004797 0.003723
v 0.000150 0.004797 0.003730
v -0.000196 0.004797 0.003714
v -0.000517 0.004797 0.003666
v -0.000814 0.004797 0.003587
v -0.001087 0.004797 0.003476
v -0.001334 0.004797 0.003334
v -0.001557 0.004797 0.003161
v -0.001754 0.004797 0.002958
v -0.001927 0.004797 0.002723
v -0.002074 0.004797 0.002458
v -0.002197 0.004797 0.002163
v -0.002293 0.004797 0.001837
v -0.002364 0.004797 0.001482
v 0.002897 0.004797 0.001482
v 0.002871 0.004797 0.000820
v 0.002794 0.004797 0.000217
v 0.002668 0.004797 -0.000327
v 0.002496 0.004797 -0.000813
v 0.002278 0.004797 -0.001241
v 0.002017 0.004797 -0.001611
v 0.001714 0.004797 -0.001924
v 0.001373 0.004797 -0.002179
v 0.000994 0.004797 -0.002377
v 0.000579 0.004797 -0.002518
v 0.000130 0.004797 -0.002603
v -0.000350 0.004797 -0.002631
v -0.000852 0.004797 -0.002599
v -0.001326 0.004797 -0.002507
v -0.001767 0.004797 -0.002356
v -0.002174 0.004797 -0.002150
v -0.002543 0.004797 -0.001891
v -0.002872 0.004797 -0.001582
v -0.003158 0.004797 -0.001226
v -0.003398 0.004797 -0.000825
v -0.003590 0.004797 -0.000383
v -0.003731 0.004797 0.000098
v -0.003817 0.004797 0.000615
v -0.003846 0.004797 0.001165
v -0.003819 0.004797 0.001677
v -0.003739 0.004797 0.002177
v -0.003607 0.004797 0.002658
v -0.003423 0.004797 0.003115
v -0.003189 0.004797 0.003540
v -0.002905 0.004797 0.003929
v -0.002573 0.004797 0.004275
v -0.002193 0.004797 0.004572
v -0.001767 0.004797 0.004813
v -0.001295 0.004797 0.004993
v -0.000778 0.004797 0.005106
v -0.000216 0.004797 0.005145
v 0.000091 0.004797 0.005139
v 0.000381 0.004797 0.005121
v 0.000657 0.004797 0.005091
v 0.000919 0.004797 0.005049
v 0.001170 0.004797 0.004995
v 0.001411 0.004797 0.004928
v 0.001645 0.004797 0.004849
v 0.001873 0.004797 0.004757
v 0.002097 0.004797 0.004653
v 0.002319 0.004797 0.004536
v 0.002541 0.004797 0.004406
v 0.002764 0.004797 0.004262
v -0.002331 0.004797 0.000499
v -0.002271 0.004797 0.000215
v -0.002191 0.004797 -0.000048
v -0.002091 0.004797 -0.000288
v -0.001971 0.004797 -0.000505
v -0.001832 0.004797 -0.000699
v -0.001673 0.004797 -0.000868
v -0.001495 0.004797 -0.001013
v -0.001297 0.004797 -0.001132
v -0.001081 0.004797 -0.001226
v -0.000845 0.004797 -0.001294
v -0.000590 0.004797 -0.001335
v -0.000316 0.004797 -0.001349
v -0.000063 0.004797 -0.001334
v 0.000174 0.004797 -0.001290
v 0.000392 0.004797 -0.001219
v 0.000592 0.004797 -0.001121
v 0.000772 0.004797 -0.000998
v 0.000932 0.004797 -0.000849
v 0.001072 0.004797 -0.000677
v 0.001190 0.004797 -0.000483
v 0.001285 0.004797 -0.000267
v 0.001358 0.004797 -0.000031
v 0.001407 0.004797 0.000225
v 0.001432 0.004797 0.000499
v -0.009524 0.004797 -0.002481
v -0.011006 0.004797 -0.002481
v -0.011006 0.004797 0.004995
v -0.009524 0.004797 0.004995
v -0.009524 0.004797 -0.000366
v -0.009353 0.004797 -0.000552
v -0.009188 0.004797 -0.000718
v -0.009029 0.004797 -0.000866
v -0.008874 0.004797 -0.000995
v -0.008722 0.004797 -0.001106
v -0.008573 0.004797 -0.001201
v -0.008424 0.004797 -0.001279
v -0.008276 0.004797 -0.001342
v -0.008126 0.004797 -0.001390
v -0.007974 0.004797 -0.001423
v -0.007819 0.004797 -0.001442
v -0.007659 0.004797 -0.001449
v -0.007441 0.004797 -0.001434
v -0.007238 0.004797 -0.001391
v -0.007051 0.004797 -0.001320
v -0.006880 0.004797 -0.001222
v -0.006725 0.004797 -0.001100
v -0.006589 0.004797 -0.000953
v -0.006472 0.004797 -0.000784
v -0.006374 0.004797 -0.000593
v -0.006296 0.004797 -0.000381
v -0.006240 0.004797 -0.000150
v -0.006205 0.004797 0.000100
v -0.006194 0.004797 0.000366
v -0.006194 0.004797 0.004995
v -0.004712 0.004797 0.004995
v -0.004712 0.004797 0.000383
v -0.004735 0.004797 -0.000107
v -0.004802 0.004797 -0.000551
v -0.004911 0.004797 -0.000952
v -0.005058 0.004797 -0.001309
v -0.005240 0.004797 -0.001622
v -0.005455 0.004797 -0.001892
v -0.005699 0.004797 -0.002119
v -0.005970 0.004797 -0.002305
v -0.006264 0.004797 -0.002448
v -0.006579 0.004797 -0.002550
v -0.006912 0.004797 -0.002611
v -0.007259 0.004797 -0.002631
v -0.007467 0.004797 -0.002622
v -0.007674 0.004797 -0.002597
v -0.007880 0.004797 -0.002555
v -0.008082 0.004797 -0.002496
v -0.008281 0.004797 -0.002422
v -0.008475 0.004797 -0.002333
v -0.008663 0.004797 -0.002229
v -0.008845 0.004797 -0.002110
v -0.009020 0.004797 -0.001978
v -0.009186 0.004797 -0.001831
v -0.009344 0.004797 -0.001671
v -0.009490 0.004797 -0.001499
v -0.009524 0.004797 -0.001499
v -0.017016 0.004797 -0.002481
v -0.018498 0.004797 -0.002481
v -0.018498 0.004797 0.004995
v -0.017016 0.004797 0.004995
v -0.017016 0.004797 -0.000366
v -0.016845 0.004797 -0.000552
v -0.016680 0.004797 -0.000718
v -0.016521 0.004797 -0.000866
v -0.016366 0.004797 -0.000995
v -0.016215 0.004797 -0.001106
v -0.016065 0.004797 -0.001201
v -0.015917 0.004797 -0.001279
v -0.015768 0.004797 -0.001342
v -0.015618 0.004797 -0.001390
v -0.015467 0.004797 -0.001423
v -0.015311 0.004797 -0.001442
v -0.015151 0.004797 -0.001449
v -0.014934 0.004797 -0.001434
v -0.014731 0.004797 -0.001391
v -0.014543 0.004797 -0.001320
v -0.014372 0.004797 -0.001222
v -0.014218 0.004797 -0.001100
v -0.014082 0.004797 -0.000953
v -0.013964 0.004797 -0.000784
v -0.013866 0.004797 -0.000593
v -0.013789 0.004797 -0.000381
v -0.013732 0.004797 -0.000150
v -0.013698 0.004797 0.000100
v -0.013686 0.004797 0.000366
v -0.013686 0.004797 0.004995
v -0.012204 0.004797 0.004995
v -0.012204 0.004797 0.000383
v -0.012228 0.004797 -0.000107
v -0.012295 0.004797 -0.000551
v -0.012403 0.004797 -0.000952
v -0.012550 0.004797 -0.001309
v -0.012733 0.004797 -0.001622
v -0.012947 0.004797 -0.001892
v -0.013192 0.004797 -0.002119
v -0.013462 0.004797 -0.002305
v -0.013757 0.004797 -0.002448
v -0.014072 0.004797 -0.002550
v -0.014404 0.004797 -0.002611
v -0.014752 0.004797 -0.002631
v -0.014960 0.004797 -0.002622
v -0.015167 0.004797 -0.002597
v -0.015372 0.004797 -0.002555
v -0.015575 0.004797 -0.002496
v -0.015773 0.004797 -0.002422
v -0.015967 0.004797 -0.002333
v -0.016156 0.004797 -0.002229
v -0.016338 0.004797 -0.002110
v -0.016513 0.004797 -0.001978
v -0.016679 0.004797 -0.001831
v -0.016836 0.004797 -0.001671
v -0.016983 0.004797 -0.001499
v -0.017016 0.004797 -0.001499
v -0.023327 0.004797 -0.002631
v -0.023873 0.004797 -0.002597
v -0.024394 0.004797 -0.002498
v -0.024884 0.004797 -0.002337
v -0.025341 0.004797 -0.002120
v -0.025760 0.004797 -0.001849
v -0.026136 0.004797 -0.001530
v -0.026466 0.004797 -0.001166
v -0.026745 0.004797 -0.000761
v -0.026970 0.004797 -0.000320
v -0.027135 0.004797 0.000154
v -0.027238 0.004797 0.000656
v -0.027273 0.004797 0.001182
v -0.027239 0.004797 0.001743
v -0.027140 0.004797 0.002273
v -0.026979 0.004797 0.002771
v -0.026760 0.004797 0.003231
v -0.026486 0.004797 0.003650
v -0.026161 0.004797 0.004025
v -0.025788 0.004797 0.004352
v -0.025371 0.004797 0.004628
v -0.024913 0.004797 0.004849
v -0.024417 0.004797 0.005011
v -0.023887 0.004797 0.005111
v -0.023327 0.004797 0.005145
v -0.022743 0.004797 0.005112
v -0.022194 0.004797 0.005015
v -0.021683 0.004797 0.004858
v -0.021212 0.004797 0.004643
v -0.020785 0.004797 0.004372
v -0.020405 0.004797 0.004050
v -0.020074 0.004797 0.003678
v -0.019797 0.004797 0.003260
v -0.019576 0.004797 0.002799
v -0.019414 0.004797 0.002297
v -0.019315 0.004797 0.001757
v -0.019281 0.004797 0.001182
v -0.019315 0.004797 0.000642
v -0.019417 0.004797 0.000131
v -0.019583 0.004797 -0.000348
v -0.019808 0.004797 -0.000791
v -0.020089 0.004797 -0.001194
v -0.020423 0.004797 -0.001555
v -0.020806 0.004797 -0.001869
v -0.021234 0.004797 -0.002134
v -0.021704 0.004797 -0.002346
v -0.022212 0.004797 -0.002502
v -0.022754 0.004797 -0.002598
v -0.023343 0.004797 -0.001299
v -0.022982 0.004797 -0.001277
v -0.022640 0.004797 -0.001214
v -0.022320 0.004797 -0.001112
v -0.022024 0.004797 -0.000973
v -0.021755 0.004797 -0.000799
v -0.021514 0.004797 -0.000593
v -0.021304 0.004797 -0.000357
v -0.021127 0.004797 -0.000093
v -0.020985 0.004797 0.000197
v -0.020882 0.004797 0.000511
v -0.020818 0.004797 0.000845
v -0.020796 0.004797 0.001199
v -0.020816 0.004797 0.001589
v -0.020876 0.004797 0.001953
v -0.020974 0.004797 0.002288
v -0.021108 0.004797 0.002594
v -0.021279 0.004797 0.002869
v -0.021483 0.004797 0.003111
v -0.021719 0.004797 0.003320
v -0.021987 0.004797 0.003494
v -0.022285 0.004797 0.003631
v -0.022611 0.004797 0.003731
v -0.022964 0.004797 0.003792
v -0.023343 0.004797 0.003813
v -0.023692 0.004797 0.003791
v -0.024019 0.004797 0.003728
v -0.024325 0.004797 0.003624
v -0.024606 0.004797 0.003482
v -0.024860 0.004797 0.003304
v -0.025087 0.004797 0.003091
v -0.025284 0.004797 0.002844
v -0.025450 0.004797 0.002567
v -0.025582 0.004797 0.002260
v -0.025678 0.004797 0.001926
v -0.025737 0.004797 0.001566
v -0.025758 0.004797 0.001182
v -0.025737 0.004797 0.000832
v -0.025676 0.004797 0.000501
v -0.025577 0.004797 0.000190
v -0.025442 0.004797 -0.000098
v -0.025274 0.004797 -0.000360
v -0.025075 0.004797 -0.000595
v -0.024846 0.004797 -0.000801
v -0.024591 0.004797 -0.000974
v -0.024311 0.004797 -0.001113
v -0.024008 0.004797 -0.001214
v -0.023685 0.004797 -0.001277
v -0.038262 0.004797 0.004995
v -0.033833 0.004797 0.004995
v -0.032927 0.004797 0.004939
v -0.032086 0.004797 0.004777
v -0.031311 0.004797 0.004518
v -0.030605 0.004797 0.004170
v -0.029972 0.004797 0.003744
v -0.029414 0.004797 0.003249
v -0.028935 0.004797 0.002692
v -0.028536 0.004797 0.002084
v -0.028220 0.004797 0.001434
v -0.027992 0.004797 0.000750
v -0.027853 0.004797 0.000041
v -0.027805 0.004797 -0.000683
v -0.027844 0.004797 -0.001358
v -0.027962 0.004797 -0.002034
v -0.028160 0.004797 -0.002701
v -0.028440 0.004797 -0.003346
v -0.028804 0.004797 -0.003959
v -0.029254 0.004797 -0.004527
v -0.029791 0.004797 -0.005039
v -0.030418 0.004797 -0.005484
v -0.031135 0.004797 -0.005850
v -0.031945 0.004797 -0.006126
v -0.032849 0.004797 -0.006300
v -0.033849 0.004797 -0.006360
v -0.038262 0.004797 -0.006360
v -0.036630 0.004797 -0.004895
v -0.034116 0.004797 -0.004895
v -0.033357 0.004797 -0.004856
v -0.032669 0.004797 -0.004742
v -0.032051 0.004797 -0.004558
v -0.031502 0.004797 -0.004310
v -0.031022 0.004797 -0.004004
v -0.030609 0.004797 -0.003644
v -0.030262 0.004797 -0.003238
v -0.029980 0.004797 -0.002789
v -0.029763 0.004797 -0.002303
v -0.029609 0.004797 -0.001787
v -0.029517 0.004797 -0.001245
v -0.029487 0.004797 -0.000683
v -0.029506 0.004797 -0.000306
v -0.029567 0.004797 0.000115
v -0.029678 0.004797 0.000565
v -0.029844 0.004797 0.001031
v -0.030074 0.004797 0.001497
v -0.030374 0.004797 0.001948
v -0.030751 0.004797 0.002370
v -0.031211 0.004797 0.002748
v -0.031763 0.004797 0.003068
v -0.032412 0.004797 0.003315
v -0.033167 0.004797 0.003474
v -0.034033 0.004797 0.003530
v -0.036630 0.004797 0.003530
v 0.114000 0.001147 -0.004777
v 0.112100 0.001147 -0.009600
v 0.113907 0.001147 -0.006267
v 0.113637 0.001147 -0.007612
v 0.113217 0.001147 -0.008679
v 0.112687 0.001147 -0.009364
v 0.114000 0.000460 -0.004685
v 0.112100 -0.000234 -0.009416
v 0.113907 0.000246 -0.006147
v 0.113637 0.000052 -0.007466
v 0.113217 -0.000101 -0.008512
v 0.112687 -0.000200 -0.009184
v 0.114000 -0.000201 -0.004413
v 0.112100 -0.001562 -0.008869
v 0.113907 -0.000621 -0.005790
v 0.113637 -0.001001 -0.007032
v 0.113217 -0.001302 -0.008018
v 0.112687 -0.001495 -0.008651
v 0.114000 -0.000810 -0.003972
v 0.112100 -0.002786 -0.007982
v 0.113907 -0.001420 -0.005211
v 0.113637 -0.001971 -0.006329
v 0.113217 -0.002409 -0.007216
v 0.112687 -0.002689 -0.007786
v 0.114000 -0.001344 -0.003378
v 0.112100 -0.003859 -0.006788
v 0.113907 -0.002121 -0.004432
v 0.113637 -0.002822 -0.005382
v 0.113217 -0.003378 -0.006137
v 0.112687 -0.003736 -0.006621
v 0.114000 -0.001782 -0.002654
v 0.112100 -0.004739 -0.005333
v 0.113907 -0.002696 -0.003482
v 0.113637 -0.003520 -0.004229
v 0.113217 -0.004174 -0.004822
v 0.112687 -0.004595 -0.005202
v 0.114000 -0.002107 -0.001828
v 0.112100 -0.005394 -0.003674
v 0.113907 -0.003123 -0.002398
v 0.113637 -0.004039 -0.002913
v 0.113217 -0.004766 -0.003321
v 0.112687 -0.005233 -0.003583
v 0.114000 -0.002308 -0.000932
v 0.112100 -0.005796 -0.001873
v 0.113907 -0.003386 -0.001223
v 0.113637 -0.004358 -0.001485
v 0.113217 -0.005130 -0.001693
v 0.112687 -0.005626 -0.001827
v 0.114000 -0.002375 -0.000000
v 0.112100 -0.005933 -0.000000
v 0.113907 -0.003475 -0.000000
v 0.113637 -0.004466 -0.000000
v 0.113217 -0.005253 -0.000000
v 0.112687 -0.005758 -0.000000
v 0.114000 -0.002308 0.000932
v 0.112100 -0.005796 0.001873
v 0.113907 -0.003386 0.001223
v 0.113637 -0.004358 0.001485
v 0.113217 -0.005130 0.001693
v 0.112687 -0.005626 0.001827
v 0.114000 -0.002107 0.001828
v 0.112100 -0.005394 0.003674
v 0.113907 -0.003123 0.002398
v 0.113637 -0.004039 0.002913
v 0.113217 -0.004766 0.003321
v 0.112687 -0.005233 0.003583
v 0.114000 -0.001782 0.002654
v 0.112100 -0.004739 0.005333
v 0.113907 -0.002696 0.003482
v 0.113637 -0.003520 0.004229
v 0.113217 -0.004174 0.004822
v 0.112687 -0.004595 0.005202
v 0.114000 -0.001344 0.003378
v 0.112100 -0.003859 0.006788
v 0.113907 -0.002121 0.004432
v 0.113637 -0.002822 0.005382
v 0.113217 -0.003378 0.006137
v 0.112687 -0.003736 0.006621
v 0.114000 -0.000810 0.003972
v 0.112100 -0.002786 0.007982
v 0.113907 -0.001420 0.005211
v 0.113637 -0.001971 0.006329
v 0.113217 -0.002409 0.007216
v 0.112687 -0.002689 0.007786
v 0.114000 -0.000201 0.004413
v 0.112100 -0.001562 0.008869
v 0.113907 -0.000621 0.005790
v 0.113637 -0.001001 0.007032
v 0.113217 -0.001302 0.008018
v 0.112687 -0.001495 0.008651
v 0.114000 0.000460 0.004685
v 0.112100 -0.000234 0.009416
v 0.113907 0.000246 0.006147
v 0.113637 0.000052 0.007466
v 0.113217 -0.000101 0.008512
v 0.112687 -0.000200 0.009184
v 0.114000 0.001147 0.004777
v 0.112100 0.001147 0.009600
v 0.113907 0.001147 0.006267
v 0.113637 0.001147 0.007612
v 0.113217 0.001147 0.008679
v 0.112687 0.001147 0.009364
v 0.114000 0.001835 0.004685
v 0.112100 0.002529 0.009416
v 0.113907 0.002049 0.006147
v 0.113637 0.002243 0.007466
v 0.113217 0.002396 0.008512
v 0.112687 0.002495 0.009184
v 0.114000 0.002496 0.004413
v 0.112100 0.003857 0.008869
v 0.113907 0.002916 0.005790
v 0.113637 0.003296 0.007032
v 0.113217 0.003597 0.008018
v 0.112687 0.003790 0.008651
v 0.114000 0.003105 0.003972
v 0.112100 0.005081 0.007982
v 0.113907 0.003715 0.005211
v 0.113637 0.004266 0.006329
v 0.113217 0.004703 0.007216
v 0.112687 0.004984 0.007786
v 0.114000 0.003639 0.003378
v 0.112100 0.006154 0.006788
v 0.113907 0.004416 0.004432
v 0.113637 0.005117 0.005382
v 0.113217 0.005673 0.006137
v 0.112687 0.006031 0.006621
v 0.114000 0.004077 0.002654
v 0.112100 0.007034 0.005333
v 0.113907 0.004991 0.003482
v 0.113637 0.005815 0.004229
v 0.113217 0.006469 0.004822
v 0.112687 0.006890 0.005202
v 0.114000 0.004402 0.001828
v 0.112100 0.007689 0.003674
v 0.113907 0.005418 0.002398
v 0.113637 0.006334 0.002913
v 0.113217 0.007061 0.003321
v 0.112687 0.007528 0.003583
v 0.114000 0.004603 0.000932
v 0.112100 0.008091 0.001873
v 0.113907 0.005681 0.001223
v 0.113637 0.006653 0.001485
v 0.113217 0.007425 0.001693
v 0.112687 0.007921 0.001827
v 0.114000 0.004670 -0.000000
v 0.112100 0.008227 -0.000000
v 0.113907 0.005770 -0.000000
v 0.113637 0.006761 -0.000000
v 0.113217 0.007548 -0.000000
v 0.112687 0.008053 -0.000000
v 0.114000 0.004603 -0.000932
v 0.112100 0.008091 -0.001873
v 0.113907 0.005681 -0.001223
v 0.113637 0.006653 -0.001485
v 0.113217 0.007425 -0.001693
v 0.112687 0.007921 -0.001827
v 0.114000 0.004402 -0.001828
v 0.112100 0.007689 -0.003674
v 0.113907 0.005418 -0.002398
v 0.113637 0.006334 -0.002913
v 0.113217 0.007061 -0.003321
v 0.112687 0.007528 -0.003583
v 0.114000 0.004077 -0.002654
v 0.112100 0.007034 -0.005333
v 0.113907 0.004991 -0.003482
v 0.113637 0.005815 -0.004229
v 0.113217 0.006469 -0.004822
v 0.112687 0.006890 -0.005202
v 0.114000 0.003639 -0.003378
v 0.112100 0.006154 -0.006788
v 0.113907 0.004416 -0.004432
v 0.113637 0.005117 -0.005382
v 0.113217 0.005673 -0.006137
v 0.112687 0.006031 -0.006621
v 0.114000 0.003105 -0.003972
v 0.112100 0.005081 -0.007982
v 0.113907 0.003715 -0.005211
v 0.113637 0.004266 -0.006329
v 0.113217 0.004703 -0.007216
v 0.112687 0.004984 -0.007786
v 0.114000 0.002496 -0.004413
v 0.112100 0.003857 -0.008869
v 0.113907 0.002916 -0.005790
v 0.113637 0.003296 -0.007032
v 0.113217 0.003597 -0.008018
v 0.112687 0.003790 -0.008651
v 0.114000 0.001835 -0.004685
v 0.112100 0.002529 -0.009416
v 0.113907 0.002049 -0.006147
v 0.113637 0.002243 -0.007466
v 0.113217 0.002396 -0.008512
v 0.112687 0.002495 -0.009184
v -0.114000 0.001148 -0.004777
v -0.112100 0.001148 -0.009600
v -0.113907 0.001148 -0.006267
v -0.113637 0.001148 -0.007612
v -0.113217 0.001148 -0.008679
v -0.112687 0.001148 -0.009364
v -0.112100 -0.000234 -0.009416
v -0.114000 0.000460 -0.004685
v -0.112687 -0.000200 -0.009184
v -0.113217 -0.000101 -0.008512
v -0.113637 0.000052 -0.007466
v -0.113907 0.000246 -0.006147
v -0.112100 -0.001562 -0.008869
v -0.114000 -0.000201 -0.004413
v -0.112687 -0.001495 -0.008651
v -0.113217 -0.001302 -0.008018
v -0.113637 -0.001001 -0.007032
v -0.113907 -0.000621 -0.005790
v -0.112100 -0.002786 -0.007982
v -0.114000 -0.000810 -0.003972
v -0.112687 -0.002689 -0.007786
v -0.113217 -0.002409 -0.007216
v -0.113637 -0.001971 -0.006329
v -0.113907 -0.001420 -0.005211
v -0.112100 -0.003859 -0.006788
v -0.114000 -0.001344 -0.003378
v -0.112687 -0.003736 -0.006621
v -0.113217 -0.003378 -0.006137
v -0.113637 -0.002822 -0.005382
v -0.113907 -0.002121 -0.004432
v -0.112100 -0.004739 -0.005333
v -0.114000 -0.001782 -0.002654
v -0.112687 -0.004595 -0.005202
v -0.113217 -0.004174 -0.004822
v -0.113637 -0.003520 -0.004229
v -0.113907 -0.002696 -0.003482
v -0.112100 -0.005394 -0.003674
v -0.114000 -0.002107 -0.001828
v -0.112687 -0.005233 -0.003583
v -0.113217 -0.004766 -0.003321
v -0.113637 -0.004039 -0.002913
v -0.113907 -0.003123 -0.002398
v -0.112100 -0.005796 -0.001873
v -0.114000 -0.002308 -0.000932
v -0.112687 -0.005626 -0.001827
v -0.113217 -0.005130 -0.001693
v -0.113637 -0.004358 -0.001485
v -0.113907 -0.003386 -0.001223
v -0.112100 -0.005932 -0.000000
v -0.114000 -0.002375 -0.000000
v -0.112687 -0.005758 -0.000000
v -0.113217 -0.005253 -0.000000
v -0.113637 -0.004466 -0.000000
v -0.113907 -0.003475 -0.000000
v -0.112100 -0.005796 0.001873
v -0.114000 -0.002308 0.000932
v -0.112687 -0.005626 0.001827
v -0.113217 -0.005130 0.001693
v -0.113637 -0.004358 0.001485
v -0.113907 -0.003386 0.001223
v -0.112100 -0.005394 0.003674
v -0.114000 -0.002107 0.001828
v -0.112687 -0.005233 0.003583
v -0.113217 -0.004766 0.003321
v -0.113637 -0.004039 0.002913
v -0.113907 -0.003123 0.002398
v -0.112100 -0.004739 0.005333
v -0.114000 -0.001782 0.002654
v -0.112687 -0.004595 0.005202
v -0.113217 -0.004174 0.004822
v -0.113637 -0.003520 0.004229
v -0.113907 -0.002696 0.003482
v -0.112100 -0.003859 0.006788
v -0.114000 -0.001344 0.003378
v -0.112687 -0.003736 0.006621
v -0.113217 -0.003378 0.006137
v -0.113637 -0.002822 0.005382
v -0.113907 -0.002121 0.004432
v -0.112100 -0.002786 0.007982
v -0.114000 -0.000810 0.003972
v -0.112687 -0.002689 0.007786
v -0.113217 -0.002409 0.007216
v -0.113637 -0.001971 0.006329
v -0.113907 -0.001420 0.005211
v -0.112100 -0.001562 0.008869
v -0.114000 -0.000201 0.004413
v -0.112687 -0.001495 0.008651
v -0.113217 -0.001302 0.008018
v -0.113637 -0.001001 0.007032
v -0.113907 -0.000621 0.005790
v -0.112100 -0.000234 0.009416
v -0.114000 0.000460 0.004685
v -0.112687 -0.000200 0.009184
v -0.113217 -0.000101 0.008512
v -0.113637 0.000052 0.007466
v -0.113907 0.000246 0.006147
v -0.112100 0.001148 0.009600
v -0.114000 0.001148 0.004777
v -0.112687 0.001148 0.009364
v -0.113217 0.001148 0.008679
v -0.113637 0.001148 0.007612
v -0.113907 0.001148 0.006267
v -0.112100 0.002529 0.009416
v -0.114000 0.001835 0.004685
v -0.112687 0.002495 0.009184
v -0.113217 0.002396 0.008512
v -0.113637 0.002243 0.007466
v -0.113907 0.002049 0.006147
v -0.112100 0.003857 0.008869
v -0.114000 0.002496 0.004413
v -0.112687 0.003790 0.008651
v -0.113217 0.003597 0.008018
v -0.113637 0.003296 0.007032
v -0.113907 0.002916 0.005790
v -0.112100 0.005081 0.007982
v -0.114000 0.003105 0.003972
v -0.112687 0.004984 0.007786
v -0.113217 0.004704 0.007216
v -0.113637 0.004266 0.006329
v -0.113907 0.003715 0.005211
v -0.112100 0.006154 0.006788
v -0.114000 0.003639 0.003378
v -0.112687 0.006031 0.006621
v -0.113217 0.005673 0.006137
v -0.113637 0.005117 0.005382
v -0.113907 0.004416 0.004432
v -0.112100 0.007034 0.005333
v -0.114000 0.004077 0.002654
v -0.112687 0.006890 0.005202
v -0.113217 0.006469 0.004822
v -0.113637 0.005815 0.004229
v -0.113907 0.004991 0.003482
v -0.112100 0.007689 0.003674
v -0.114000 0.004402 0.001828
v -0.112687 0.007528 0.003583
v -0.113217 0.007061 0.003321
v -0.113637 0.006334 0.002913
v -0.113907 0.005418 0.002398
v -0.112100 0.008091 0.001873
v -0.114000 0.004603 0.000932
v -0.112687 0.007921 0.001827
v -0.113217 0.007425 0.001693
v -0.113637 0.006653 0.001485
v -0.113907 0.005681 0.001223
v -0.112100 0.008228 -0.000000
v -0.114000 0.004670 -0.000000
v -0.112687 0.008053 -0.000000
v -0.113217 0.007548 -0.000000
v -0.113637 0.006761 -0.000000
v -0.113907 0.005770 -0.000000
v -0.112100 0.008091 -0.001873
v -0.114000 0.004603 -0.000932
v -0.112687 0.007921 -0.001827
v -0.113217 0.007425 -0.001693
v -0.113637 0.006653 -0.001485
v -0.113907 0.005681 -0.001223
v -0.112100 0.007689 -0.003674
v -0.114000 0.004402 -0.001828
v -0.112687 0.007528 -0.003583
v -0.113217 0.007061 -0.003321
v -0.113637 0.006334 -0.002913
v -0.113907 0.005418 -0.002398
v -0.112100 0.007034 -0.005333
v -0.114000 0.004077 -0.002654
v -0.112687 0.006890 -0.005202
v -0.113217 0.006469 -0.004822
v -0.113637 0.005815 -0.004229
v -0.113907 0.004991 -0.003482
v -0.112100 0.006154 -0.006788
v -0.114000 0.003639 -0.003378
v -0.112687 0.006031 -0.006621
v -0.113217 0.005673 -0.006137
v -0.113637 0.005117 -0.005382
v -0.113907 0.004416 -0.004432
v -0.112100 0.005081 -0.007982
v -0.114000 0.003105 -0.003972
v -0.112687 0.004984 -0.007786
v -0.113217 0.004704 -0.007216
v -0.113637 0.004266 -0.006329
v -0.113907 0.003715 -0.005211
v -0.112100 0.003857 -0.008869
v -0.114000 0.002496 -0.004413
v -0.112687 0.003790 -0.008651
v -0.113217 0.003597 -0.008018
v -0.113637 0.003296 -0.007032
v -0.113907 0.002916 -0.005790
v -0.112100 0.002529 -0.009416
v -0.114000 0.001835 -0.004685
v -0.112687 0.002495 -0.009184
v -0.113217 0.002396 -0.008512
v -0.113637 0.002243 -0.007466
v -0.113907 0.002049 -0.006147
v 0.052500 0.006154 -0.006788
v 0.052500 0.005081 -0.007982
v 0.052500 0.004647 0.008297
v 0.052500 0.004647 -0.008297
v 0.052500 0.007034 0.005333
v 0.052500 0.005081 0.007982
v 0.052500 0.007689 0.003674
v 0.052500 0.006154 0.006788
v 0.052500 0.008227 -0.000000
v 0.052500 0.007689 -0.003674
v 0.052500 0.007034 -0.005333
v 0.052500 0.008091 0.001873
v 0.052500 0.008091 -0.001873
v -0.052500 0.004647 -0.008297
v -0.052500 0.004647 0.008297
v -0.052500 0.006154 -0.006788
v -0.052500 0.005081 -0.007982
v -0.052500 0.007034 0.005333
v -0.052500 0.005081 0.007982
v -0.052500 0.007689 0.003674
v -0.052500 0.006154 0.006788
v -0.052500 0.008227 -0.000000
v -0.052500 0.007689 -0.003674
v -0.052500 0.007034 -0.005333
v -0.052500 0.008091 0.001873
v -0.052500 0.008091 -0.001873
v -0.020806 0.004647 -0.001869
v -0.021234 0.004647 -0.002134
v -0.021704 0.004647 -0.002346
v -0.020089 0.004647 -0.001194
v -0.020423 0.004647 -0.001555
v -0.021127 0.004647 -0.000093
v -0.020985 0.004647 0.000197
v -0.021304 0.004647 -0.000357
v -0.020882 0.004647 0.000511
v -0.020818 0.004647 0.000845
v -0.020796 0.004647 0.001199
v -0.020816 0.004647 0.001589
v -0.020876 0.004647 0.001953
v -0.020974 0.004647 0.002288
v -0.021108 0.004647 0.002594
v -0.021279 0.004647 0.002869
v -0.020405 0.004647 0.004050
v -0.020785 0.004647 0.004372
v -0.021212 0.004647 0.004643
v -0.021683 0.004647 0.004858
v -0.022212 0.004647 -0.002502
v -0.022754 0.004647 -0.002598
v -0.023327 0.004647 -0.002631
v -0.022640 0.004647 -0.001214
v -0.022982 0.004647 -0.001277
v -0.023343 0.004647 -0.001299
v -0.022320 0.004647 -0.001112
v -0.022024 0.004647 -0.000973
v -0.021514 0.004647 -0.000593
v -0.021755 0.004647 -0.000799
v -0.021483 0.004647 0.003111
v -0.021719 0.004647 0.003320
v -0.021987 0.004647 0.003494
v -0.022285 0.004647 0.003631
v -0.022611 0.004647 0.003731
v -0.022964 0.004647 0.003792
v -0.023343 0.004647 0.003813
v -0.022194 0.004647 0.005015
v -0.022743 0.004647 0.005112
v -0.023327 0.004647 0.005145
v -0.023436 0.004647 -0.002624
v -0.023873 0.004647 -0.002597
v -0.024394 0.004647 -0.002498
v -0.024884 0.004647 -0.002337
v -0.023685 0.004647 -0.001277
v -0.024008 0.004647 -0.001214
v -0.024311 0.004647 -0.001113
v -0.024591 0.004647 -0.000974
v -0.024846 0.004647 -0.000801
v -0.025075 0.004647 -0.000595
v -0.024606 0.004647 0.003482
v -0.024860 0.004647 0.003304
v -0.024325 0.004647 0.003624
v -0.024019 0.004647 0.003728
v -0.023692 0.004647 0.003791
v -0.023887 0.004647 0.005111
v -0.023439 0.004647 0.005138
v -0.024417 0.004647 0.005011
v -0.024913 0.004647 0.004849
v -0.025341 0.004647 -0.002120
v -0.025760 0.004647 -0.001849
v -0.025274 0.004647 -0.000360
v -0.025442 0.004647 -0.000098
v -0.025577 0.004647 0.000190
v -0.025676 0.004647 0.000501
v -0.025737 0.004647 0.000832
v -0.025678 0.004647 0.001926
v -0.025582 0.004647 0.002260
v -0.025737 0.004647 0.001566
v -0.025450 0.004647 0.002567
v -0.025087 0.004647 0.003091
v -0.025284 0.004647 0.002844
v -0.025788 0.004647 0.004352
v -0.025371 0.004647 0.004628
v -0.026136 0.004647 -0.001530
v -0.027844 0.004647 -0.001358
v -0.027962 0.004647 -0.002034
v -0.026466 0.004647 -0.001166
v -0.027805 0.004647 -0.000683
v -0.026745 0.004647 -0.000761
v -0.026970 0.004647 -0.000320
v -0.027135 0.004647 0.000154
v -0.027853 0.004647 0.000041
v -0.027238 0.004647 0.000656
v -0.027273 0.004647 0.001182
v -0.027992 0.004647 0.000750
v -0.025758 0.004647 0.001182
v -0.027239 0.004647 0.001743
v -0.027140 0.004647 0.002273
v -0.026979 0.004647 0.002771
v -0.026760 0.004647 0.003231
v -0.026486 0.004647 0.003650
v -0.026161 0.004647 0.004025
v -0.028804 0.004647 -0.003959
v -0.029254 0.004647 -0.004527
v -0.028440 0.004647 -0.003346
v -0.028513 0.004647 -0.003469
v -0.028160 0.004647 -0.002701
v -0.028220 0.004647 0.001434
v -0.028536 0.004647 0.002084
v -0.028935 0.004647 0.002692
v -0.029414 0.004647 0.003249
v -0.029791 0.004647 -0.005039
v -0.030418 0.004647 -0.005484
v -0.031135 0.004647 -0.005850
v -0.030609 0.004647 -0.003644
v -0.031022 0.004647 -0.004004
v -0.030262 0.004647 -0.003238
v -0.029980 0.004647 -0.002789
v -0.029763 0.004647 -0.002303
v -0.029609 0.004647 -0.001787
v -0.029517 0.004647 -0.001245
v -0.029487 0.004647 -0.000683
v -0.029506 0.004647 -0.000306
v -0.029567 0.004647 0.000115
v -0.029678 0.004647 0.000565
v -0.029844 0.004647 0.001031
v -0.030074 0.004647 0.001497
v -0.030374 0.004647 0.001948
v -0.029972 0.004647 0.003744
v -0.030751 0.004647 0.002370
v -0.030605 0.004647 0.004170
v -0.031311 0.004647 0.004518
v -0.033849 0.004647 -0.006360
v -0.032849 0.004647 -0.006300
v -0.034731 0.004647 -0.006360
v -0.038262 0.004647 -0.006360
v -0.038262 0.004647 0.004995
v -0.031945 0.004647 -0.006126
v -0.031297 0.004647 -0.005905
v -0.036127 0.004647 -0.004895
v -0.034116 0.004647 -0.004895
v -0.033357 0.004647 -0.004856
v -0.036630 0.004647 -0.004895
v -0.036630 0.004647 0.003530
v -0.032669 0.004647 -0.004742
v -0.032051 0.004647 -0.004558
v -0.031502 0.004647 -0.004310
v -0.031211 0.004647 0.002748
v -0.031763 0.004647 0.003068
v -0.032412 0.004647 0.003315
v -0.033167 0.004647 0.003474
v -0.034033 0.004647 0.003530
v -0.032086 0.004647 0.004777
v -0.032927 0.004647 0.004939
v -0.033833 0.004647 0.004995
v -0.006264 0.004647 -0.002448
v -0.005970 0.004647 -0.002305
v -0.005699 0.004647 -0.002119
v -0.005455 0.004647 -0.001892
v -0.005240 0.004647 -0.001622
v -0.005058 0.004647 -0.001309
v -0.004911 0.004647 -0.000952
v -0.006205 0.004647 0.000100
v -0.006194 0.004647 0.000366
v -0.006194 0.004647 0.004995
v -0.006296 0.004647 -0.000381
v -0.006240 0.004647 -0.000150
v -0.006579 0.004647 -0.002550
v -0.006472 0.004647 -0.000784
v -0.006589 0.004647 -0.000953
v -0.006374 0.004647 -0.000593
v -0.006912 0.004647 -0.002611
v -0.006880 0.004647 -0.001222
v -0.007051 0.004647 -0.001320
v -0.006725 0.004647 -0.001100
v -0.007259 0.004647 -0.002631
v -0.007441 0.004647 -0.001434
v -0.007238 0.004647 -0.001391
v -0.007467 0.004647 -0.002622
v -0.007674 0.004647 -0.002597
v -0.007659 0.004647 -0.001449
v -0.007819 0.004647 -0.001442
v -0.007880 0.004647 -0.002555
v -0.007974 0.004647 -0.001423
v -0.008082 0.004647 -0.002496
v -0.008126 0.004647 -0.001390
v -0.008281 0.004647 -0.002422
v -0.009524 0.004647 -0.001499
v -0.011006 0.004647 -0.002481
v -0.009524 0.004647 -0.002481
v -0.008475 0.004647 -0.002333
v -0.009020 0.004647 -0.001978
v -0.008845 0.004647 -0.002110
v -0.008663 0.004647 -0.002229
v -0.009186 0.004647 -0.001831
v -0.009344 0.004647 -0.001671
v -0.009490 0.004647 -0.001499
v -0.008276 0.004647 -0.001342
v -0.008424 0.004647 -0.001279
v -0.008874 0.004647 -0.000995
v -0.008722 0.004647 -0.001106
v -0.008573 0.004647 -0.001201
v -0.009029 0.004647 -0.000866
v -0.009188 0.004647 -0.000718
v -0.009353 0.004647 -0.000552
v -0.009524 0.004647 -0.000366
v -0.009524 0.004647 0.004995
v -0.011006 0.004647 0.004995
v -0.012947 0.004647 -0.001892
v -0.012733 0.004647 -0.001622
v -0.012550 0.004647 -0.001309
v -0.012403 0.004647 -0.000952
v -0.012295 0.004647 -0.000551
v -0.012228 0.004647 -0.000107
v -0.012204 0.004647 0.000383
v -0.012204 0.004647 0.004995
v -0.013686 0.004647 0.004995
v -0.014404 0.004647 -0.002611
v -0.014072 0.004647 -0.002550
v -0.013757 0.004647 -0.002448
v -0.013462 0.004647 -0.002305
v -0.013192 0.004647 -0.002119
v -0.014218 0.004647 -0.001100
v -0.014372 0.004647 -0.001222
v -0.014543 0.004647 -0.001320
v -0.013866 0.004647 -0.000593
v -0.013964 0.004647 -0.000784
v -0.014082 0.004647 -0.000953
v -0.013789 0.004647 -0.000381
v -0.013732 0.004647 -0.000150
v -0.013698 0.004647 0.000100
v -0.013686 0.004647 0.000366
v -0.014752 0.004647 -0.002631
v -0.014731 0.004647 -0.001391
v -0.014934 0.004647 -0.001434
v -0.014960 0.004647 -0.002622
v -0.015151 0.004647 -0.001449
v -0.015167 0.004647 -0.002597
v -0.015311 0.004647 -0.001442
v -0.015372 0.004647 -0.002555
v -0.015467 0.004647 -0.001423
v -0.015575 0.004647 -0.002496
v -0.015618 0.004647 -0.001390
v -0.015773 0.004647 -0.002422
v -0.015768 0.004647 -0.001342
v -0.015917 0.004647 -0.001279
v -0.015967 0.004647 -0.002333
v -0.016156 0.004647 -0.002229
v -0.016065 0.004647 -0.001201
v -0.016338 0.004647 -0.002110
v -0.016215 0.004647 -0.001106
v -0.016366 0.004647 -0.000995
v -0.016513 0.004647 -0.001978
v -0.016521 0.004647 -0.000866
v -0.018498 0.004647 0.004995
v -0.018498 0.004647 -0.002481
v -0.017016 0.004647 -0.002481
v -0.017016 0.004647 -0.001499
v -0.016679 0.004647 -0.001831
v -0.016836 0.004647 -0.001671
v -0.016983 0.004647 -0.001499
v -0.016680 0.004647 -0.000718
v -0.016845 0.004647 -0.000552
v -0.017016 0.004647 -0.000366
v -0.017016 0.004647 0.004995
v -0.019417 0.004647 0.000131
v -0.019281 0.004647 0.001182
v -0.019315 0.004647 0.000642
v -0.019315 0.004647 0.001757
v -0.019414 0.004647 0.002297
v -0.019576 0.004647 0.002799
v -0.019583 0.004647 -0.000348
v -0.019808 0.004647 -0.000791
v -0.019797 0.004647 0.003260
v -0.020074 0.004647 0.003678
v 0.006379 0.004647 -0.002192
v 0.006559 0.004647 -0.002329
v 0.006737 0.004647 -0.002440
v 0.006198 0.004647 -0.002027
v 0.006915 0.004647 -0.002524
v 0.006017 0.004647 -0.001834
v 0.005834 0.004647 -0.001612
v 0.005650 0.004647 -0.001361
v 0.007060 0.004647 -0.001216
v 0.006811 0.004647 -0.001195
v 0.005465 0.004647 -0.001079
v 0.006573 0.004647 -0.001134
v 0.006348 0.004647 -0.001037
v 0.005945 0.004647 -0.000741
v 0.006138 0.004647 -0.000905
v 0.005278 0.004647 -0.000766
v 0.005771 0.004647 -0.000547
v 0.005619 0.004647 -0.000327
v 0.005490 0.004647 -0.000083
v 0.005386 0.004647 0.000182
v 0.005309 0.004647 0.000467
v 0.005245 0.004647 -0.000766
v 0.005261 0.004647 0.000768
v 0.005245 0.004647 0.001082
v 0.005245 0.004647 0.004995
v 0.003763 0.004647 0.004995
v 0.005245 0.004647 -0.002481
v 0.003763 0.004647 -0.002481
v 0.002897 0.004647 0.001482
v 0.002871 0.004647 0.000820
v -0.002364 0.004647 0.001482
v 0.002794 0.004647 0.000217
v 0.002668 0.004647 -0.000327
v 0.002496 0.004647 -0.000813
v 0.002278 0.004647 -0.001241
v 0.002764 0.004647 0.002830
v 0.002764 0.004647 0.004262
v 0.002548 0.004647 0.002967
v 0.002332 0.004647 0.003094
v 0.002117 0.004647 0.003210
v 0.002541 0.004647 0.004406
v 0.002319 0.004647 0.004536
v 0.002097 0.004647 0.004653
v 0.001714 0.004647 -0.001924
v 0.001373 0.004647 -0.002179
v 0.000994 0.004647 -0.002377
v 0.002017 0.004647 -0.001611
v 0.001432 0.004647 0.000499
v 0.001407 0.004647 0.000225
v 0.001358 0.004647 -0.000031
v 0.001285 0.004647 -0.000267
v 0.001901 0.004647 0.003315
v 0.001686 0.004647 0.003409
v -0.002331 0.004647 0.000499
v 0.001469 0.004647 0.003492
v 0.001253 0.004647 0.003563
v 0.001873 0.004647 0.004757
v 0.001645 0.004647 0.004849
v 0.001411 0.004647 0.004928
v 0.001170 0.004647 0.004995
v 0.000579 0.004647 -0.002518
v 0.000130 0.004647 -0.002603
v -0.000063 0.004647 -0.001334
v 0.000174 0.004647 -0.001290
v 0.000772 0.004647 -0.000998
v 0.000592 0.004647 -0.001121
v 0.000392 0.004647 -0.001219
v 0.000932 0.004647 -0.000849
v 0.001072 0.004647 -0.000677
v 0.001190 0.004647 -0.000483
v 0.001035 0.004647 0.003622
v 0.000816 0.004647 0.003669
v 0.000596 0.004647 0.003702
v 0.000374 0.004647 0.003723
v 0.000150 0.004647 0.003730
v -0.000196 0.004647 0.003714
v 0.000919 0.004647 0.005049
v 0.000657 0.004647 0.005091
v 0.000381 0.004647 0.005121
v 0.000091 0.004647 0.005139
v -0.000350 0.004647 -0.002631
v -0.000852 0.004647 -0.002599
v -0.001326 0.004647 -0.002507
v -0.001767 0.004647 -0.002356
v -0.000316 0.004647 -0.001349
v -0.000590 0.004647 -0.001335
v -0.000845 0.004647 -0.001294
v -0.001081 0.004647 -0.001226
v -0.001297 0.004647 -0.001132
v -0.001495 0.004647 -0.001013
v -0.001334 0.004647 0.003334
v -0.001557 0.004647 0.003161
v -0.000814 0.004647 0.003587
v -0.001087 0.004647 0.003476
v -0.000517 0.004647 0.003666
v -0.000216 0.004647 0.005145
v -0.000778 0.004647 0.005106
v -0.001295 0.004647 0.004993
v -0.001767 0.004647 0.004813
v -0.001673 0.004647 -0.000868
v -0.002174 0.004647 -0.002150
v -0.002543 0.004647 -0.001891
v -0.001832 0.004647 -0.000699
v -0.001971 0.004647 -0.000505
v -0.002091 0.004647 -0.000288
v -0.002191 0.004647 -0.000048
v -0.002271 0.004647 0.000215
v -0.002293 0.004647 0.001837
v -0.002197 0.004647 0.002163
v -0.002074 0.004647 0.002458
v -0.001927 0.004647 0.002723
v -0.001754 0.004647 0.002958
v -0.002573 0.004647 0.004275
v -0.002193 0.004647 0.004572
v -0.002872 0.004647 -0.001582
v -0.003158 0.004647 -0.001226
v -0.003398 0.004647 -0.000825
v -0.004802 0.004647 -0.000551
v -0.003590 0.004647 -0.000383
v -0.003731 0.004647 0.000098
v -0.004735 0.004647 -0.000107
v -0.004712 0.004647 0.000383
v -0.003817 0.004647 0.000615
v -0.004712 0.004647 0.004995
v -0.003846 0.004647 0.001165
v -0.003819 0.004647 0.001677
v -0.003739 0.004647 0.002177
v -0.003607 0.004647 0.002658
v -0.003423 0.004647 0.003115
v -0.002905 0.004647 0.003929
v -0.003189 0.004647 0.003540
v 0.024624 0.004647 -0.000813
v 0.024406 0.004647 -0.001241
v 0.024145 0.004647 -0.001611
v 0.024796 0.004647 -0.000327
v 0.024892 0.004647 0.002830
v 0.024892 0.004647 0.004262
v 0.024676 0.004647 0.002967
v 0.024460 0.004647 0.003094
v 0.024244 0.004647 0.003210
v 0.024447 0.004647 0.004536
v 0.024668 0.004647 0.004406
v 0.024225 0.004647 0.004653
v 0.023121 0.004647 -0.002377
v 0.023501 0.004647 -0.002179
v 0.023842 0.004647 -0.001924
v 0.023535 0.004647 0.000225
v 0.023560 0.004647 0.000499
v 0.023486 0.004647 -0.000031
v 0.023413 0.004647 -0.000267
v 0.024029 0.004647 0.003315
v 0.023813 0.004647 0.003409
v 0.019797 0.004647 0.000499
v 0.024001 0.004647 0.004757
v 0.023597 0.004647 0.003492
v 0.023380 0.004647 0.003563
v 0.023773 0.004647 0.004849
v 0.023539 0.004647 0.004928
v 0.023298 0.004647 0.004995
v 0.022258 0.004647 -0.002603
v 0.022707 0.004647 -0.002518
v 0.022302 0.004647 -0.001290
v 0.022065 0.004647 -0.001334
v 0.022720 0.004647 -0.001121
v 0.022520 0.004647 -0.001219
v 0.022900 0.004647 -0.000998
v 0.023060 0.004647 -0.000849
v 0.023200 0.004647 -0.000677
v 0.023317 0.004647 -0.000483
v 0.023163 0.004647 0.003622
v 0.022944 0.004647 0.003669
v 0.022723 0.004647 0.003702
v 0.022501 0.004647 0.003723
v 0.022278 0.004647 0.003730
v 0.021932 0.004647 0.003714
v 0.023047 0.004647 0.005049
v 0.022784 0.004647 0.005091
v 0.022509 0.004647 0.005121
v 0.022219 0.004647 0.005139
v 0.021778 0.004647 -0.002631
v 0.021276 0.004647 -0.002599
v 0.020802 0.004647 -0.002507
v 0.020361 0.004647 -0.002356
v 0.021812 0.004647 -0.001349
v 0.021538 0.004647 -0.001335
v 0.021283 0.004647 -0.001294
v 0.021047 0.004647 -0.001226
v 0.020830 0.004647 -0.001132
v 0.020633 0.004647 -0.001013
v 0.020571 0.004647 0.003161
v 0.020794 0.004647 0.003334
v 0.021314 0.004647 0.003587
v 0.021041 0.004647 0.003476
v 0.021610 0.004647 0.003666
v 0.021911 0.004647 0.005145
v 0.021350 0.004647 0.005106
v 0.020833 0.004647 0.004993
v 0.020361 0.004647 0.004813
v 0.020455 0.004647 -0.000868
v 0.019954 0.004647 -0.002150
v 0.019585 0.004647 -0.001891
v 0.020296 0.004647 -0.000699
v 0.020156 0.004647 -0.000505
v 0.020037 0.004647 -0.000288
v 0.019937 0.004647 -0.000048
v 0.019857 0.004647 0.000215
v 0.019931 0.004647 0.002163
v 0.019835 0.004647 0.001837
v 0.020053 0.004647 0.002458
v 0.020201 0.004647 0.002723
v 0.020373 0.004647 0.002958
v 0.019555 0.004647 0.004275
v 0.019934 0.004647 0.004572
v 0.018149 0.004647 -0.006360
v 0.008658 0.004647 -0.006360
v 0.018149 0.004647 -0.004895
v 0.014219 0.004647 -0.004895
v 0.012587 0.004647 -0.002918
v 0.012587 0.004647 0.004995
v 0.008658 0.004647 -0.004895
v 0.014219 0.004647 0.004995
v 0.019256 0.004647 -0.001582
v 0.018970 0.004647 -0.001226
v 0.018729 0.004647 -0.000825
v 0.018538 0.004647 -0.000383
v 0.018397 0.004647 0.000098
v 0.018311 0.004647 0.000615
v 0.018282 0.004647 0.001165
v 0.019764 0.004647 0.001482
v 0.018309 0.004647 0.001677
v 0.018389 0.004647 0.002177
v 0.018521 0.004647 0.002658
v 0.018705 0.004647 0.003115
v 0.019222 0.004647 0.003929
v 0.018939 0.004647 0.003540
v 0.012587 0.004647 -0.004895
v 0.008474 0.004647 -0.002339
v 0.008622 0.004647 -0.002248
v 0.008327 0.004647 -0.002416
v 0.008770 0.004647 -0.002146
v 0.009071 0.004647 -0.001904
v 0.008920 0.004647 -0.002031
v 0.009224 0.004647 -0.001765
v 0.008442 0.004647 -0.000483
v 0.008327 0.004647 -0.000588
v 0.008034 0.004647 -0.002536
v 0.008180 0.004647 -0.002482
v 0.008085 0.004647 -0.000780
v 0.008207 0.004647 -0.000688
v 0.007961 0.004647 -0.000865
v 0.007740 0.004647 -0.002607
v 0.007887 0.004647 -0.002577
v 0.007837 0.004647 -0.000943
v 0.007713 0.004647 -0.001012
v 0.007443 0.004647 -0.002631
v 0.007592 0.004647 -0.002625
v 0.007592 0.004647 -0.001071
v 0.007267 0.004647 -0.002619
v 0.007360 0.004647 -0.001162
v 0.007473 0.004647 -0.001122
v 0.007091 0.004647 -0.002584
v 0.007252 0.004647 -0.001191
v 0.007152 0.004647 -0.001209
v 0.033880 0.004647 -0.001671
v 0.033733 0.004647 -0.001499
v 0.034035 0.004647 -0.000718
v 0.033871 0.004647 -0.000552
v 0.032218 0.004647 0.004995
v 0.032218 0.004647 -0.006360
v 0.032218 0.004647 -0.005091
v 0.033700 0.004647 -0.001499
v 0.033700 0.004647 -0.006360
v 0.033700 0.004647 -0.000366
v 0.033700 0.004647 0.004995
v 0.031452 0.004647 0.004712
v 0.031268 0.004647 0.003326
v 0.031452 0.004647 0.003247
v 0.031318 0.004647 0.004769
v 0.031109 0.004647 -0.002191
v 0.030937 0.004647 -0.002263
v 0.030767 0.004647 -0.002329
v 0.031285 0.004647 -0.002115
v 0.031285 0.004647 -0.000533
v 0.030696 0.004647 -0.000886
v 0.030883 0.004647 -0.000784
v 0.031079 0.004647 -0.000666
v 0.031089 0.004647 0.003399
v 0.030915 0.004647 0.003465
v 0.030746 0.004647 0.003524
v 0.031168 0.004647 0.004825
v 0.031003 0.004647 0.004878
v 0.030825 0.004647 0.004928
v 0.030638 0.004647 0.004974
v 0.030259 0.004647 -0.002491
v 0.030086 0.004647 -0.002533
v 0.029908 0.004647 -0.002567
v 0.030598 0.004647 -0.002389
v 0.030430 0.004647 -0.002443
v 0.030178 0.004647 -0.001111
v 0.030345 0.004647 -0.001049
v 0.030016 0.004647 -0.001162
v 0.029856 0.004647 -0.001201
v 0.030517 0.004647 -0.000974
v 0.030580 0.004647 0.003576
v 0.030417 0.004647 0.003621
v 0.030257 0.004647 0.003659
v 0.030099 0.004647 0.003691
v 0.029942 0.004647 0.003715
v 0.029785 0.004647 0.003732
v 0.030442 0.004647 0.005016
v 0.030241 0.004647 0.005053
v 0.030036 0.004647 0.005084
v 0.029829 0.004647 0.005110
v 0.029121 0.004647 -0.002631
v 0.029532 0.004647 -0.002615
v 0.029332 0.004647 -0.002627
v 0.029724 0.004647 -0.002595
v 0.029540 0.004647 -0.001251
v 0.029698 0.004647 -0.001231
v 0.029221 0.004647 -0.001265
v 0.029382 0.004647 -0.001262
v 0.029628 0.004647 0.003743
v 0.029471 0.004647 0.003746
v 0.029099 0.004647 0.003727
v 0.029623 0.004647 0.005129
v 0.029221 0.004647 0.005145
v 0.028677 0.004647 0.005113
v 0.029420 0.004647 0.005141
v 0.028572 0.004647 -0.002599
v 0.028061 0.004647 -0.002503
v 0.027588 0.004647 -0.002348
v 0.028893 0.004647 -0.001245
v 0.028584 0.004647 -0.001183
v 0.028295 0.004647 -0.001083
v 0.028030 0.004647 -0.000946
v 0.027789 0.004647 -0.000774
v 0.027574 0.004647 -0.000568
v 0.027426 0.004647 0.002857
v 0.027631 0.004647 0.003086
v 0.027867 0.004647 0.003283
v 0.028429 0.004647 0.003576
v 0.028134 0.004647 0.003447
v 0.028751 0.004647 0.003670
v 0.028165 0.004647 0.005020
v 0.027686 0.004647 0.004868
v 0.027245 0.004647 0.004662
v 0.027156 0.004647 -0.002134
v 0.026767 0.004647 -0.001864
v 0.027388 0.004647 -0.000331
v 0.027231 0.004647 -0.000064
v 0.027106 0.004647 0.000231
v 0.027015 0.004647 0.000552
v 0.026959 0.004647 0.000897
v 0.026940 0.004647 0.001265
v 0.026960 0.004647 0.001639
v 0.027021 0.004647 0.001987
v 0.027120 0.004647 0.002306
v 0.027255 0.004647 0.002597
v 0.026844 0.004647 0.004403
v 0.026424 0.004647 -0.001540
v 0.026127 0.004647 -0.001165
v 0.026486 0.004647 0.004096
v 0.026175 0.004647 0.003743
v 0.025880 0.004647 -0.000741
v 0.025684 0.004647 -0.000271
v 0.025913 0.004647 0.003347
v 0.025704 0.004647 0.002911
v 0.025541 0.004647 0.000244
v 0.025454 0.004647 0.000802
v 0.025551 0.004647 0.002439
v 0.025457 0.004647 0.001934
v 0.025425 0.004647 0.001399
v 0.025025 0.004647 0.001482
v 0.024999 0.004647 0.000820
v 0.024922 0.004647 0.000217
v 0.035549 0.004647 -0.002597
v 0.035344 0.004647 -0.002555
v 0.035756 0.004647 -0.002622
v 0.035964 0.004647 -0.002631
v 0.035141 0.004647 -0.002496
v 0.034749 0.004647 -0.002333
v 0.034560 0.004647 -0.002229
v 0.034943 0.004647 -0.002422
v 0.034378 0.004647 -0.002110
v 0.034037 0.004647 -0.001831
v 0.034203 0.004647 -0.001978
v 0.035564 0.004647 -0.001449
v 0.035782 0.004647 -0.001434
v 0.035405 0.004647 -0.001442
v 0.035249 0.004647 -0.001423
v 0.034799 0.004647 -0.001279
v 0.034948 0.004647 -0.001342
v 0.035097 0.004647 -0.001390
v 0.034651 0.004647 -0.001201
v 0.034501 0.004647 -0.001106
v 0.034350 0.004647 -0.000995
v 0.034195 0.004647 -0.000866
v 0.036322 0.004647 -0.002610
v 0.036661 0.004647 -0.002547
v 0.036980 0.004647 -0.002443
v 0.037276 0.004647 -0.002296
v 0.037545 0.004647 -0.002107
v 0.037787 0.004647 -0.001875
v 0.035985 0.004647 -0.001391
v 0.036173 0.004647 -0.001320
v 0.036344 0.004647 -0.001222
v 0.036498 0.004647 -0.001100
v 0.036850 0.004647 -0.000593
v 0.036752 0.004647 -0.000784
v 0.036634 0.004647 -0.000953
v 0.036927 0.004647 -0.000381
v 0.036984 0.004647 -0.000150
v 0.037018 0.004647 0.000100
v 0.037030 0.004647 0.000366
v 0.037030 0.004647 0.004995
v 0.037998 0.004647 -0.001601
v 0.038177 0.004647 -0.001284
v 0.038319 0.004647 -0.000924
v 0.038425 0.004647 -0.000521
v 0.038489 0.004647 -0.000074
v 0.038511 0.004647 0.000416
v 0.038511 0.004647 0.004995
vn -0.0000 1.0000 -0.0000
vn -0.0000 1.0000 0.0006
vn -0.0000 1.0000 0.0011
vn -0.0000 1.0000 -0.0003
vn -0.0000 1.0000 -0.0005
vn -0.0000 1.0000 0.0003
vn -0.0000 1.0000 -0.0002
vn -0.0000 1.0000 0.0002
vn -0.0000 1.0000 0.0001
vn -0.0000 1.0000 -0.0001
vn 0.0001 1.0000 -0.0000
vn -0.0001 1.0000 0.0001
vn -0.0000 1.0000 0.0012
vn -0.0000 1.0000 -0.0007
vn 0.0001 1.0000 0.0001
vn -0.0001 1.0000 -0.0001
vn -0.0001 1.0000 -0.0000
vn -0.0001 1.0000 0.0002
vn -0.0000 1.0000 -0.0012
vn 0.0001 1.0000 -0.0002
vn -0.0000 1.0000 -0.0004
vn -0.0000 1.0000 0.0004
vn -0.0000 -0.0000 -1.0000
vn -0.0000 -0.0000 1.0000
vn -0.0000 1.0000 -0.0008
vn -0.0001 1.0000 -0.0003
vn -0.0006 1.0000 0.0019
vn 0.0026 1.0000 -0.0084
vn 0.0007 1.0000 -0.0074
vn 0.0002 1.0000 0.0001
vn -0.0000 1.0000 0.0008
vn -0.0000 1.0000 -0.0006
vn 0.0001 1.0000 -0.0001
vn -0.0000 1.0000 -0.0009
vn -0.0001 1.0000 0.0021
vn -0.0000 1.0000 0.0007
vn -0.0000 1.0000 0.0018
vn -1.0000 -0.0000 -0.0000
vn 1.0000 -0.0000 -0.0000
vn -0.0413 -0.0000 -0.9991
vn 0.0581 -0.0000 -0.9983
vn -0.1224 -0.0000 -0.9925
vn 0.1814 -0.0000 -0.9834
vn -0.2009 -0.0000 -0.9796
vn -0.2764 -0.0000 -0.9611
vn 0.3119 -0.0000 -0.9501
vn -0.3487 -0.0000 -0.9372
vn 0.4448 -0.0000 -0.8956
vn -0.4178 -0.0000 -0.9085
vn -0.4836 -0.0000 -0.8753
vn 0.5739 -0.0000 -0.8189
vn -0.5461 -0.0000 -0.8377
vn -0.6052 -0.0000 -0.7961
vn 0.6918 -0.0000 -0.7221
vn -0.6609 -0.0000 -0.7505
vn 0.7923 -0.0000 -0.6101
vn -0.7131 -0.0000 -0.7011
vn -0.7616 -0.0000 -0.6480
vn 0.8717 -0.0000 -0.4900
vn 0.7352 -0.0000 0.6778
vn 0.7104 -0.0000 0.7038
vn 0.6792 -0.0000 0.7339
vn 0.6404 -0.0000 0.7681
vn 0.5926 -0.0000 0.8055
vn 0.5348 -0.0000 0.8450
vn 0.4666 -0.0000 0.8845
vn 0.3887 -0.0000 0.9214
vn 0.3032 -0.0000 0.9529
vn 0.2137 -0.0000 0.9769
vn 0.1244 -0.0000 0.9922
vn 0.0397 -0.0000 0.9992
vn -0.0675 -0.0000 0.9977
vn -0.2090 -0.0000 0.9779
vn -0.3537 -0.0000 0.9354
vn -0.4940 -0.0000 0.8695
vn 0.9295 -0.0000 -0.3687
vn -0.6222 -0.0000 0.7829
vn -0.7325 -0.0000 0.6808
vn -0.8218 -0.0000 0.5697
vn 0.9677 -0.0000 -0.2521
vn -0.8900 -0.0000 0.4559
vn -0.9390 -0.0000 0.3439
vn 0.9896 -0.0000 -0.1436
vn -0.9715 -0.0000 0.2370
vn -0.9906 -0.0000 0.1368
vn 0.9990 -0.0000 -0.0451
vn -0.9990 -0.0000 0.0437
vn -0.0587 -0.0000 -0.9983
vn 0.0195 -0.0000 -0.9998
vn 0.0605 -0.0000 -0.9982
vn 0.1033 -0.0000 -0.9946
vn -0.1828 -0.0000 -0.9832
vn 0.1470 -0.0000 -0.9891
vn 0.1903 -0.0000 -0.9817
vn 0.2321 -0.0000 -0.9727
vn -0.3128 -0.0000 -0.9498
vn 0.2711 -0.0000 -0.9625
vn 0.3064 -0.0000 -0.9519
vn 0.3370 -0.0000 -0.9415
vn -0.4440 -0.0000 -0.8960
vn 0.3626 -0.0000 -0.9319
vn 0.3830 -0.0000 -0.9237
vn 0.3983 -0.0000 -0.9173
vn -0.5703 -0.0000 -0.8215
vn -0.2399 -0.0000 0.9708
vn -0.2963 -0.0000 0.9551
vn -0.3497 -0.0000 0.9369
vn -0.3986 -0.0000 0.9171
vn -0.4424 -0.0000 0.8968
vn -0.4809 -0.0000 0.8768
vn -0.5140 -0.0000 0.8578
vn -0.5423 -0.0000 0.8402
vn -0.6854 -0.0000 -0.7281
vn -0.1252 -0.0000 0.9921
vn -0.1821 -0.0000 0.9833
vn -0.7843 -0.0000 -0.6204
vn -0.0224 -0.0000 0.9997
vn -0.0714 -0.0000 0.9974
vn 0.0634 -0.0000 0.9980
vn 0.1948 -0.0000 0.9808
vn 0.3282 -0.0000 0.9446
vn -0.8638 -0.0000 -0.5039
vn 0.4589 -0.0000 0.8885
vn 0.5816 -0.0000 0.8135
vn 0.6918 -0.0000 0.7221
vn -0.9232 -0.0000 -0.3844
vn 0.7860 -0.0000 0.6182
vn 0.8625 -0.0000 0.5061
vn -0.9638 -0.0000 -0.2668
vn 0.9208 -0.0000 0.3901
vn 0.9618 -0.0000 0.2739
vn -0.9880 -0.0000 -0.1544
vn 0.9870 -0.0000 0.1605
vn -0.9988 -0.0000 -0.0493
vn 0.9987 -0.0000 0.0519
vn 0.9985 -0.0000 -0.0548
vn -0.9982 -0.0000 0.0598
vn 0.9851 -0.0000 -0.1717
vn -0.9831 -0.0000 0.1833
vn 0.9552 -0.0000 -0.2958
vn 0.9060 -0.0000 -0.4232
vn -0.9512 -0.0000 0.3087
vn 0.8361 -0.0000 -0.5485
vn 0.7465 -0.0000 -0.6654
vn -0.9016 -0.0000 0.4327
vn 0.6404 -0.0000 -0.7681
vn -0.3973 -0.0000 -0.9177
vn 0.5232 -0.0000 -0.8522
vn -0.3775 -0.0000 -0.9260
vn -0.8342 -0.0000 0.5514
vn -0.3547 -0.0000 -0.9350
vn 0.4009 -0.0000 -0.9161
vn -0.3288 -0.0000 -0.9444
vn -0.2996 -0.0000 -0.9541
vn -0.2672 -0.0000 -0.9636
vn 0.2790 -0.0000 -0.9603
vn -0.2317 -0.0000 -0.9728
vn -0.1934 -0.0000 -0.9811
vn 0.1617 -0.0000 -0.9868
vn -0.1526 -0.0000 -0.9883
vn -0.1100 -0.0000 -0.9939
vn 0.0517 -0.0000 -0.9987
vn -0.0662 -0.0000 -0.9978
vn -0.7503 -0.0000 0.6611
vn -0.0220 -0.0000 -0.9998
vn -0.6518 -0.0000 0.7584
vn -0.5418 -0.0000 0.8405
vn -0.4239 -0.0000 0.9057
vn 0.3945 -0.0000 0.9189
vn 0.3462 -0.0000 0.9382
vn 0.3058 -0.0000 0.9521
vn -0.3017 -0.0000 0.9534
vn 0.2708 -0.0000 0.9626
vn 0.2391 -0.0000 0.9710
vn 0.2095 -0.0000 0.9778
vn 0.1808 -0.0000 0.9835
vn -0.1788 -0.0000 0.9839
vn 0.1522 -0.0000 0.9884
vn 0.1228 -0.0000 0.9924
vn 0.0917 -0.0000 0.9958
vn -0.0583 -0.0000 0.9983
vn 0.0205 -0.0000 0.9998
vn 0.0579 -0.0000 0.9983
vn -0.0625 -0.0000 -0.9980
vn 0.0585 -0.0000 -0.9983
vn 0.1853 -0.0000 -0.9827
vn -0.1918 -0.0000 -0.9814
vn 0.3223 -0.0000 -0.9466
vn -0.3232 -0.0000 -0.9463
vn 0.4631 -0.0000 -0.8863
vn -0.4523 -0.0000 -0.8919
vn 0.5984 -0.0000 -0.8012
vn -0.5742 -0.0000 -0.8187
vn 0.7188 -0.0000 -0.6952
vn -0.6845 -0.0000 -0.7290
vn 0.8172 -0.0000 -0.5763
vn -0.7796 -0.0000 -0.6262
vn 0.0503 -0.0000 0.9987
vn -0.0580 -0.0000 0.9983
vn 0.1589 -0.0000 0.9873
vn -0.1811 -0.0000 0.9835
vn 0.2760 -0.0000 0.9612
vn -0.3103 -0.0000 0.9507
vn 0.8912 -0.0000 -0.4537
vn 0.3975 -0.0000 0.9176
vn -0.8575 -0.0000 -0.5144
vn -0.4405 -0.0000 0.8977
vn 0.5178 -0.0000 0.8555
vn -0.5657 -0.0000 0.8246
vn 0.6303 -0.0000 0.7764
vn -0.6794 -0.0000 0.7337
vn 0.7294 -0.0000 0.6841
vn -0.7768 -0.0000 0.6297
vn -0.9175 -0.0000 -0.3978
vn 0.9422 -0.0000 -0.3350
vn 0.8115 -0.0000 0.5843
vn -0.8552 -0.0000 0.5183
vn 0.8758 -0.0000 0.4828
vn -0.9144 -0.0000 0.4049
vn -0.9600 -0.0000 -0.2801
vn 0.9743 -0.0000 -0.2251
vn 0.9233 -0.0000 0.3841
vn -0.9558 -0.0000 0.2941
vn 0.9566 -0.0000 0.2913
vn -0.9820 -0.0000 0.1886
vn -0.9864 -0.0000 -0.1645
vn 0.9785 -0.0000 0.2062
vn 0.9920 -0.0000 -0.1265
vn -0.9959 -0.0000 0.0903
vn -0.9986 -0.0000 -0.0533
vn 0.9992 -0.0000 -0.0393
vn -0.9986 -0.0000 0.0525
vn 0.9806 -0.0000 -0.1961
vn -0.9874 -0.0000 0.1583
vn 0.9586 -0.0000 -0.2846
vn 0.9242 -0.0000 -0.3820
vn -0.9642 -0.0000 0.2652
vn 0.8739 -0.0000 -0.4861
vn -0.9277 -0.0000 0.3733
vn 0.8053 -0.0000 -0.5929
vn -0.5343 -0.0000 -0.8453
vn 0.7177 -0.0000 -0.6964
vn -0.5061 -0.0000 -0.8625
vn -0.4745 -0.0000 -0.8802
vn -0.8763 -0.0000 0.4818
vn 0.6133 -0.0000 -0.7899
vn -0.4394 -0.0000 -0.8983
vn -0.4006 -0.0000 -0.9163
vn 0.4972 -0.0000 -0.8676
vn -0.3579 -0.0000 -0.9338
vn 0.3764 -0.0000 -0.9265
vn -0.3114 -0.0000 -0.9503
vn -0.8080 -0.0000 0.5892
vn -0.2611 -0.0000 -0.9653
vn 0.2578 -0.0000 -0.9662
vn -0.2074 -0.0000 -0.9782
vn 0.1467 -0.0000 -0.9892
vn -0.1507 -0.0000 -0.9886
vn -0.0916 -0.0000 -0.9958
vn 0.0460 -0.0000 -0.9989
vn -0.0307 -0.0000 -0.9995
vn -0.7212 -0.0000 0.6927
vn 0.5400 -0.0000 0.8417
vn -0.6156 -0.0000 0.7880
vn 0.5064 -0.0000 0.8623
vn 0.4671 -0.0000 0.8842
vn -0.4926 -0.0000 0.8702
vn 0.4225 -0.0000 0.9064
vn 0.3732 -0.0000 0.9277
vn -0.3562 -0.0000 0.9344
vn 0.3206 -0.0000 0.9472
vn 0.2660 -0.0000 0.9640
vn -0.2126 -0.0000 0.9771
vn 0.2114 -0.0000 0.9774
vn 0.1581 -0.0000 0.9874
vn 0.1078 -0.0000 0.9942
vn -0.0691 -0.0000 0.9976
vn 0.0192 -0.0000 0.9998
vn 0.0613 -0.0000 0.9981
vn -0.0659 -0.0000 -0.9978
vn 0.0396 -0.0000 -0.9992
vn 0.1190 -0.0000 -0.9929
vn -0.1963 -0.0000 -0.9805
vn 0.1974 -0.0000 -0.9803
vn -0.3196 -0.0000 -0.9476
vn 0.2729 -0.0000 -0.9620
vn 0.3438 -0.0000 -0.9390
vn -0.4307 -0.0000 -0.9025
vn 0.4092 -0.0000 -0.9125
vn -0.5268 -0.0000 -0.8500
vn 0.4683 -0.0000 -0.8836
vn 0.5210 -0.0000 -0.8536
vn -0.6076 -0.0000 -0.7943
vn 0.5674 -0.0000 -0.8234
vn -0.6740 -0.0000 -0.7388
vn 0.6080 -0.0000 -0.7940
vn 0.6432 -0.0000 -0.7657
vn -0.7280 -0.0000 -0.6856
vn 0.6736 -0.0000 -0.7391
vn -0.7716 -0.0000 -0.6361
vn -0.3333 -0.0000 0.9428
vn -0.3917 -0.0000 0.9201
vn -0.4421 -0.0000 0.8969
vn -0.4870 -0.0000 0.8734
vn -0.5280 -0.0000 0.8492
vn -0.5666 -0.0000 0.8240
vn -0.6035 -0.0000 0.7974
vn -0.6397 -0.0000 0.7686
vn -0.6757 -0.0000 0.7372
vn 0.8536 -0.0000 0.5210
vn -0.8070 -0.0000 -0.5906
vn -0.1768 -0.0000 0.9842
vn -0.2633 -0.0000 0.9647
vn -0.8356 -0.0000 -0.5494
vn 0.0829 -0.0000 0.9966
vn -0.0666 -0.0000 0.9978
vn 0.2461 -0.0000 0.9692
vn 0.3979 -0.0000 0.9174
vn -0.8589 -0.0000 -0.5121
vn 0.5326 -0.0000 0.8464
vn 0.6480 -0.0000 0.7617
vn 0.9311 -0.0000 0.3648
vn 0.8837 -0.0000 0.4680
vn 0.8219 -0.0000 0.5696
vn 0.7440 -0.0000 0.6682
vn 0.9654 -0.0000 0.2607
vn 0.9877 -0.0000 0.1563
vn 0.9987 -0.0000 0.0518
vn 0.0580 -0.0000 -0.9983
vn 0.1799 -0.0000 -0.9837
vn 0.3077 -0.0000 -0.9515
vn 0.4378 -0.0000 -0.8991
vn 0.5645 -0.0000 -0.8254
vn 0.6815 -0.0000 -0.7318
vn 0.7828 -0.0000 -0.6223
vn 0.8642 -0.0000 -0.5031
vn -0.3537 -0.0000 0.9353
vn 0.9246 -0.0000 -0.3809
vn 0.9652 -0.0000 -0.2617
vn -0.9390 -0.0000 0.3440
vn 0.9887 -0.0000 -0.1496
vn 0.9989 -0.0000 -0.0471
vn -0.0621 -0.0000 -0.9981
vn 0.0571 -0.0000 -0.9984
vn 0.1742 -0.0000 -0.9847
vn -0.1873 -0.0000 -0.9823
vn 0.2932 -0.0000 -0.9561
vn -0.3107 -0.0000 -0.9505
vn 0.4115 -0.0000 -0.9114
vn -0.4299 -0.0000 -0.9029
vn 0.5263 -0.0000 -0.8503
vn -0.5426 -0.0000 -0.8400
vn 0.6348 -0.0000 -0.7727
vn -0.6469 -0.0000 -0.7625
vn 0.7338 -0.0000 -0.6794
vn -0.7410 -0.0000 -0.6715
vn 0.0628 -0.0000 0.9980
vn -0.0593 -0.0000 0.9982
vn 0.1909 -0.0000 0.9816
vn 0.3191 -0.0000 0.9477
vn -0.3041 -0.0000 0.9527
vn 0.8202 -0.0000 -0.5721
vn -0.8231 -0.0000 -0.5679
vn 0.4436 -0.0000 0.8962
vn -0.4254 -0.0000 0.9050
vn 0.5610 -0.0000 0.8278
vn -0.5419 -0.0000 0.8405
vn 0.6682 -0.0000 0.7439
vn -0.6503 -0.0000 0.7597
vn 0.8913 -0.0000 -0.4534
vn -0.8913 -0.0000 -0.4534
vn 0.7626 -0.0000 0.6468
vn -0.7476 -0.0000 0.6642
vn 0.8423 -0.0000 0.5390
vn -0.8311 -0.0000 0.5562
vn 0.9452 -0.0000 -0.3266
vn -0.9441 -0.0000 -0.3298
vn 0.9059 -0.0000 0.4235
vn -0.8987 -0.0000 0.4386
vn 0.9807 -0.0000 -0.1955
vn -0.9798 -0.0000 -0.1997
vn 0.9530 -0.0000 0.3031
vn -0.9492 -0.0000 0.3146
vn 0.9835 -0.0000 0.1808
vn -0.9822 -0.0000 0.1878
vn 0.9979 -0.0000 -0.0642
vn -0.9978 -0.0000 -0.0664
vn 0.9982 -0.0000 0.0594
vn -0.9981 -0.0000 0.0616
vn -0.9982 -0.0000 0.0601
vn 0.9986 -0.0000 -0.0524
vn 0.9983 -0.0000 0.0588
vn -0.9987 -0.0000 -0.0517
vn 0.9867 -0.0000 -0.1624
vn -0.9868 -0.0000 -0.1622
vn 0.9835 -0.0000 0.1811
vn 0.9608 -0.0000 -0.2773
vn -0.9599 -0.0000 -0.2803
vn 0.9187 -0.0000 -0.3950
vn -0.9515 -0.0000 0.3076
vn -0.9151 -0.0000 -0.4032
vn 0.9518 -0.0000 0.3067
vn 0.8589 -0.0000 -0.5122
vn -0.8502 -0.0000 -0.5264
vn -0.9029 -0.0000 0.4298
vn 0.9018 -0.0000 0.4321
vn 0.7807 -0.0000 -0.6250
vn -0.7650 -0.0000 -0.6440
vn 0.6848 -0.0000 -0.7288
vn -0.6615 -0.0000 -0.7499
vn -0.8373 -0.0000 0.5467
vn 0.8333 -0.0000 0.5528
vn 0.5736 -0.0000 -0.8192
vn -0.5442 -0.0000 -0.8389
vn 0.4508 -0.0000 -0.8926
vn -0.4192 -0.0000 -0.9079
vn 0.3213 -0.0000 -0.9470
vn -0.2927 -0.0000 -0.9562
vn -0.7556 -0.0000 0.6550
vn 0.7474 -0.0000 0.6643
vn 0.1901 -0.0000 -0.9818
vn -0.1699 -0.0000 -0.9855
vn 0.0618 -0.0000 -0.9981
vn -0.0543 -0.0000 -0.9985
vn -0.6594 -0.0000 0.7518
vn 0.6467 -0.0000 0.7628
vn -0.5512 -0.0000 0.8344
vn 0.5347 -0.0000 0.8450
vn -0.4339 -0.0000 0.9010
vn 0.4158 -0.0000 0.9095
vn -0.3107 -0.0000 0.9505
vn 0.2940 -0.0000 0.9558
vn -0.1853 -0.0000 0.9827
vn 0.1732 -0.0000 0.9849
vn -0.0607 -0.0000 0.9982
vn 0.0562 -0.0000 0.9984
vn 0.0604 -0.0000 -0.9982
vn 0.1888 -0.0000 -0.9820
vn 0.4546 -0.0000 -0.8907
vn 0.5791 -0.0000 -0.8152
vn -0.0517 -0.0000 0.9987
vn 0.6901 -0.0000 -0.7237
vn -0.1639 -0.0000 0.9865
vn -0.2852 -0.0000 0.9585
vn -0.4117 -0.0000 0.9113
vn 0.7840 -0.0000 -0.6207
vn -0.5377 -0.0000 0.8432
vn -0.6563 -0.0000 0.7545
vn 0.8596 -0.0000 -0.5110
vn -0.7610 -0.0000 0.6488
vn 0.9173 -0.0000 -0.3983
vn -0.8471 -0.0000 0.5314
vn -0.9127 -0.0000 0.4086
vn 0.9586 -0.0000 -0.2847
vn -0.9583 -0.0000 0.2858
vn 0.9852 -0.0000 -0.1712
vn -0.9860 -0.0000 0.1668
vn 0.9984 -0.0000 -0.0574
vn -0.9985 -0.0000 0.0539
vn -0.9988 -0.0000 -0.0500
vn 0.9979 -0.0000 0.0649
vn -0.9896 -0.0000 -0.1438
vn 0.9812 -0.0000 0.1929
vn -0.9713 -0.0000 -0.2380
vn -0.9415 -0.0000 -0.3370
vn 0.9484 -0.0000 0.3170
vn -0.8968 -0.0000 -0.4424
vn 0.9000 -0.0000 0.4360
vn -0.8329 -0.0000 -0.5534
vn -0.7460 -0.0000 -0.6659
vn 0.8361 -0.0000 0.5485
vn -0.6346 -0.0000 -0.7729
vn 0.7573 -0.0000 0.6530
vn -0.5015 -0.0000 -0.8651
vn -0.3550 -0.0000 -0.9349
vn 0.6643 -0.0000 0.7475
vn -0.2059 -0.0000 -0.9786
vn -0.0647 -0.0000 -0.9979
vn 0.5583 -0.0000 0.8297
vn 0.4415 -0.0000 0.8973
vn 0.3172 -0.0000 0.9484
vn 0.1892 -0.0000 0.9819
vn 0.0618 -0.0000 0.9981
vn -0.0000 -0.1324 -0.9912
vn -0.0000 -0.7438 -0.6684
vn -0.0000 -0.8555 -0.5178
vn -0.0000 -0.9303 -0.3667
vn -0.0000 -0.9759 -0.2183
vn -0.0000 -0.9974 -0.0724
vn -0.0000 -0.9974 0.0724
vn -0.0000 -0.9759 0.2183
vn -0.0000 -0.9303 0.3667
vn -0.0000 -0.8555 0.5178
vn -0.0000 -0.7438 0.6684
vn -0.0000 -0.5868 0.8097
vn -0.0000 -0.3804 0.9248
vn -0.0000 -0.1324 0.9912
vn -0.0000 0.1324 0.9912
vn -0.0000 0.3804 0.9248
vn -0.0000 0.5868 0.8097
vn -0.0000 0.7438 0.6684
vn -0.0000 0.8555 0.5178
vn -0.0000 0.9303 0.3667
vn -0.0000 0.9759 0.2183
vn -0.0000 0.9974 0.0724
vn -0.0000 0.9974 -0.0724
vn -0.0000 0.9759 -0.2183
vn -0.0000 0.9303 -0.3667
vn -0.0000 0.8555 -0.5178
vn -0.0000 0.7438 -0.6684
vn -0.0000 0.5868 -0.8097
vn -0.0000 0.3804 -0.9248
vn -0.0000 -0.3804 -0.9248
vn -0.0000 -0.5868 -0.8097
vn -0.0000 0.1324 -0.9912
vn 0.3702 -0.1230 -0.9208
vn 0.7885 -0.0814 -0.6096
vn 0.9293 -0.0489 -0.3661
vn 0.9801 -0.0263 -0.1967
vn 0.9980 -0.0083 -0.0623
vn 0.3607 -0.3548 -0.8626
vn 0.7794 -0.2383 -0.5794
vn 0.9254 -0.1442 -0.3505
vn 0.9789 -0.0777 -0.1889
vn 0.9979 -0.0246 -0.0599
vn 0.3448 -0.5509 -0.7600
vn 0.7634 -0.3791 -0.5230
vn 0.9183 -0.2323 -0.3206
vn 0.9767 -0.1259 -0.1737
vn 0.9977 -0.0400 -0.0552
vn 0.3270 -0.7029 -0.6317
vn 0.7439 -0.4971 -0.4467
vn 0.9093 -0.3096 -0.2782
vn 0.9739 -0.1690 -0.1518
vn 0.9974 -0.0538 -0.0483
vn 0.3104 -0.8132 -0.4922
vn 0.7244 -0.5898 -0.3570
vn 0.8998 -0.3733 -0.2259
vn 0.9708 -0.2052 -0.1242
vn 0.9971 -0.0655 -0.0397
vn 0.2972 -0.8883 -0.3502
vn 0.7076 -0.6574 -0.2591
vn 0.8913 -0.4219 -0.1663
vn 0.9680 -0.2335 -0.0920
vn 0.9968 -0.0747 -0.0295
vn 0.2882 -0.9345 -0.2091
vn 0.6956 -0.7011 -0.1569
vn 0.8849 -0.4545 -0.1017
vn 0.9659 -0.2528 -0.0565
vn 0.9965 -0.0811 -0.0181
vn 0.2836 -0.9564 -0.0695
vn 0.6893 -0.7226 -0.0525
vn 0.8815 -0.4709 -0.0342
vn 0.9647 -0.2625 -0.0191
vn 0.9964 -0.0843 -0.0061
vn 0.2836 -0.9564 0.0695
vn 0.6893 -0.7226 0.0525
vn 0.8815 -0.4709 0.0342
vn 0.9647 -0.2626 0.0191
vn 0.9964 -0.0843 0.0061
vn 0.2882 -0.9345 0.2091
vn 0.6956 -0.7011 0.1569
vn 0.8849 -0.4545 0.1017
vn 0.9659 -0.2528 0.0565
vn 0.9965 -0.0811 0.0181
vn 0.2972 -0.8883 0.3502
vn 0.7076 -0.6574 0.2591
vn 0.8913 -0.4219 0.1663
vn 0.9680 -0.2335 0.0920
vn 0.9968 -0.0747 0.0295
vn 0.3104 -0.8132 0.4922
vn 0.7244 -0.5898 0.3570
vn 0.8998 -0.3733 0.2259
vn 0.9708 -0.2052 0.1242
vn 0.9971 -0.0655 0.0397
vn 0.3270 -0.7029 0.6317
vn 0.7439 -0.4971 0.4467
vn 0.9093 -0.3096 0.2782
vn 0.9739 -0.1689 0.1518
vn 0.9974 -0.0538 0.0483
vn 0.3448 -0.5509 0.7600
vn 0.7634 -0.3791 0.5230
vn 0.9183 -0.2323 0.3206
vn 0.9767 -0.1259 0.1737
vn 0.9977 -0.0400 0.0552
vn 0.3607 -0.3548 0.8626
vn 0.7794 -0.2383 0.5794
vn 0.9254 -0.1442 0.3505
vn 0.9789 -0.0777 0.1889
vn 0.9979 -0.0246 0.0599
vn 0.3702 -0.1230 0.9208
vn 0.7885 -0.0814 0.6096
vn 0.9293 -0.0489 0.3661
vn 0.9801 -0.0263 0.1967
vn 0.9980 -0.0083 0.0623
vn 0.3702 0.1230 0.9208
vn 0.7885 0.0814 0.6096
vn 0.9293 0.0489 0.3661
vn 0.9801 0.0263 0.1967
vn 0.9980 0.0083 0.0623
vn 0.3607 0.3548 0.8626
vn 0.7794 0.2383 0.5794
vn 0.9254 0.1442 0.3505
vn 0.9789 0.0777 0.1889
vn 0.9979 0.0246 0.0599
vn 0.3448 0.5508 0.7600
vn 0.7634 0.3791 0.5230
vn 0.9183 0.2323 0.3206
vn 0.9767 0.1259 0.1737
vn 0.9977 0.0400 0.0552
vn 0.3270 0.7029 0.6317
vn 0.7439 0.4971 0.4467
vn 0.9093 0.3096 0.2782
vn 0.9739 0.1690 0.1518
vn 0.9974 0.0538 0.0483
vn 0.3104 0.8132 0.4922
vn 0.7244 0.5898 0.3570
vn 0.8998 0.3733 0.2259
vn 0.9708 0.2052 0.1242
vn 0.9971 0.0655 0.0397
vn 0.2972 0.8883 0.3502
vn 0.7076 0.6574 0.2591
vn 0.8913 0.4219 0.1663
vn 0.9680 0.2335 0.0920
vn 0.9968 0.0747 0.0295
vn 0.2882 0.9345 0.2091
vn 0.6956 0.7011 0.1569
vn 0.8849 0.4545 0.1017
vn 0.9659 0.2528 0.0565
vn 0.9965 0.0811 0.0181
vn 0.2836 0.9564 0.0695
vn 0.6893 0.7226 0.0525
vn 0.8815 0.4709 0.0342
vn 0.9647 0.2626 0.0191
vn 0.9964 0.0843 0.0061
vn 0.2836 0.9564 -0.0695
vn 0.6893 0.7226 -0.0525
vn 0.8815 0.4709 -0.0342
vn 0.9647 0.2626 -0.0191
vn 0.9964 0.0843 -0.0061
vn 0.2882 0.9345 -0.2091
vn 0.6956 0.7011 -0.1569
vn 0.8849 0.4545 -0.1017
vn 0.9659 0.2528 -0.0565
vn 0.9965 0.0811 -0.0181
vn 0.2972 0.8883 -0.3502
vn 0.7076 0.6574 -0.2591
vn 0.8913 0.4219 -0.1663
vn 0.9680 0.2335 -0.0920
vn 0.9968 0.0747 -0.0295
vn 0.3104 0.8132 -0.4922
vn 0.7244 0.5898 -0.3570
vn 0.8998 0.3733 -0.2259
vn 0.9708 0.2052 -0.1242
vn 0.9971 0.0655 -0.0397
vn 0.3270 0.7029 -0.6317
vn 0.7439 0.4971 -0.4467
vn 0.9093 0.3096 -0.2782
vn 0.9739 0.1690 -0.1518
vn 0.9974 0.0538 -0.0483
vn 0.3448 0.5508 -0.7600
vn 0.7634 0.3791 -0.5230
vn 0.9183 0.2323 -0.3206
vn 0.9767 0.1259 -0.1737
vn 0.9977 0.0400 -0.0552
vn 0.3607 0.3548 -0.8626
vn 0.7794 0.2383 -0.5794
vn 0.9254 0.1442 -0.3505
vn 0.9789 0.0777 -0.1889
vn 0.9979 0.0246 -0.0599
vn 0.3702 0.1230 -0.9208
vn 0.7885 0.0814 -0.6096
vn 0.9293 0.0489 -0.3661
vn 0.9801 0.0263 -0.1967
vn 0.9980 0.0083 -0.0623
vn -0.3702 -0.1230 -0.9208
vn -0.7885 -0.0814 -0.6096
vn -0.9293 -0.0489 -0.3661
vn -0.9801 -0.0263 -0.1967
vn -0.9980 -0.0083 -0.0623
vn -0.3607 -0.3548 -0.8626
vn -0.7794 -0.2383 -0.5794
vn -0.9254 -0.1442 -0.3505
vn -0.9789 -0.0777 -0.1889
vn -0.9979 -0.0246 -0.0599
vn -0.3448 -0.5508 -0.7600
vn -0.7634 -0.3791 -0.5230
vn -0.9183 -0.2323 -0.3206
vn -0.9767 -0.1259 -0.1737
vn -0.9977 -0.0400 -0.0552
vn -0.3270 -0.7029 -0.6317
vn -0.7439 -0.4971 -0.4467
vn -0.9093 -0.3096 -0.2782
vn -0.9739 -0.1690 -0.1518
vn -0.9974 -0.0538 -0.0483
vn -0.3104 -0.8132 -0.4922
vn -0.7243 -0.5898 -0.3570
vn -0.8998 -0.3733 -0.2259
vn -0.9708 -0.2052 -0.1242
vn -0.9971 -0.0655 -0.0397
vn -0.2972 -0.8883 -0.3502
vn -0.7076 -0.6574 -0.2591
vn -0.8913 -0.4219 -0.1663
vn -0.9680 -0.2335 -0.0920
vn -0.9968 -0.0747 -0.0295
vn -0.2882 -0.9345 -0.2091
vn -0.6956 -0.7011 -0.1569
vn -0.8849 -0.4545 -0.1017
vn -0.9659 -0.2528 -0.0565
vn -0.9965 -0.0811 -0.0181
vn -0.2836 -0.9564 -0.0695
vn -0.6893 -0.7226 -0.0525
vn -0.8815 -0.4709 -0.0342
vn -0.9647 -0.2626 -0.0191
vn -0.9964 -0.0843 -0.0061
vn -0.2836 -0.9564 0.0695
vn -0.6893 -0.7226 0.0525
vn -0.8815 -0.4709 0.0342
vn -0.9647 -0.2626 0.0191
vn -0.9964 -0.0843 0.0061
vn -0.2882 -0.9345 0.2091
vn -0.6956 -0.7011 0.1569
vn -0.8849 -0.4545 0.1017
vn -0.9659 -0.2528 0.0565
vn -0.9965 -0.0811 0.0181
vn -0.2972 -0.8883 0.3502
vn -0.7076 -0.6574 0.2591
vn -0.8913 -0.4219 0.1663
vn -0.9680 -0.2335 0.0920
vn -0.9968 -0.0747 0.0295
vn -0.3104 -0.8132 0.4922
vn -0.7243 -0.5898 0.3570
vn -0.8998 -0.3733 0.2259
vn -0.9708 -0.2052 0.1242
vn -0.9971 -0.0655 0.0397
vn -0.3270 -0.7029 0.6317
vn -0.7439 -0.4971 0.4467
vn -0.9093 -0.3096 0.2782
vn -0.9739 -0.1689 0.1518
vn -0.9974 -0.0538 0.0483
vn -0.3448 -0.5508 0.7600
vn -0.7634 -0.3791 0.5230
vn -0.9183 -0.2323 0.3206
vn -0.9767 -0.1259 0.1737
vn -0.9977 -0.0400 0.0552
vn -0.3607 -0.3548 0.8626
vn -0.7794 -0.2383 0.5794
vn -0.9254 -0.1442 0.3505
vn -0.9789 -0.0777 0.1889
vn -0.9979 -0.0246 0.0599
vn -0.3702 -0.1230 0.9208
vn -0.7885 -0.0814 0.6096
vn -0.9293 -0.0489 0.3661
vn -0.9801 -0.0263 0.1967
vn -0.9980 -0.0083 0.0623
vn -0.3702 0.1230 0.9208
vn -0.7885 0.0814 0.6096
vn -0.9293 0.0489 0.3661
vn -0.9801 0.0263 0.1967
vn -0.9980 0.0083 0.0623
vn -0.3607 0.3548 0.8626
vn -0.7794 0.2383 0.5794
vn -0.9254 0.1442 0.3505
vn -0.9789 0.0777 0.1889
vn -0.9979 0.0246 0.0599
vn -0.3448 0.5508 0.7600
vn -0.7634 0.3791 0.5230
vn -0.9183 0.2323 0.3206
vn -0.9767 0.1259 0.1737
vn -0.9977 0.0400 0.0552
vn -0.3270 0.7029 0.6317
vn -0.7439 0.4971 0.4467
vn -0.9093 0.3096 0.2782
vn -0.9739 0.1690 0.1518
vn -0.9974 0.0538 0.0483
vn -0.3104 0.8132 0.4922
vn -0.7243 0.5898 0.3570
vn -0.8998 0.3733 0.2259
vn -0.9708 0.2052 0.1242
vn -0.9971 0.0655 0.0397
vn -0.2972 0.8883 0.3502
vn -0.7076 0.6574 0.2591
vn -0.8913 0.4219 0.1663
vn -0.9680 0.2335 0.0920
vn -0.9968 0.0747 0.0295
vn -0.2882 0.9345 0.2091
vn -0.6956 0.7011 0.1569
vn -0.8849 0.4545 0.1017
vn -0.9659 0.2528 0.0565
vn -0.9965 0.0811 0.0181
vn -0.2836 0.9564 0.0695
vn -0.6893 0.7226 0.0525
vn -0.8815 0.4709 0.0342
vn -0.9647 0.2626 0.0191
vn -0.9964 0.0843 0.0061
vn -0.2836 0.9564 -0.0695
vn -0.6893 0.7226 -0.0525
vn -0.8815 0.4709 -0.0342
vn -0.9647 0.2625 -0.0191
vn -0.9964 0.0843 -0.0061
vn -0.2882 0.9345 -0.2091
vn -0.6956 0.7011 -0.1569
vn -0.8849 0.4545 -0.1017
vn -0.9659 0.2528 -0.0565
vn -0.9965 0.0811 -0.0181
vn -0.2972 0.8883 -0.3502
vn -0.7076 0.6574 -0.2591
vn -0.8913 0.4219 -0.1663
vn -0.9680 0.2335 -0.0920
vn -0.9968 0.0747 -0.0295
vn -0.3104 0.8132 -0.4922
vn -0.7243 0.5898 -0.3570
vn -0.8998 0.3733 -0.2259
vn -0.9708 0.2052 -0.1242
vn -0.9971 0.0655 -0.0397
vn -0.3270 0.7029 -0.6317
vn -0.7439 0.4971 -0.4467
vn -0.9093 0.3096 -0.2782
vn -0.9739 0.1690 -0.1518
vn -0.9974 0.0538 -0.0483
vn -0.3448 0.5509 -0.7600
vn -0.7634 0.3791 -0.5230
vn -0.9183 0.2323 -0.3206
vn -0.9767 0.1259 -0.1737
vn -0.9977 0.0400 -0.0552
vn -0.3607 0.3548 -0.8626
vn -0.7794 0.2383 -0.5794
vn -0.9254 0.1442 -0.3505
vn -0.9789 0.0777 -0.1889
vn -0.9979 0.0246 -0.0599
vn -0.3702 0.1230 -0.9208
vn -0.7885 0.0814 -0.6096
vn -0.9293 0.0489 -0.3661
vn -0.9801 0.0263 -0.1967
vn -0.9980 0.0083 -0.0623
vt 0.035714 0.000000
vt 0.000000 0.000000
vt 0.017857 0.000000
vt 1.000000 0.000000
vt 0.785714 0.000000
vt 0.750000 0.000000
vt 0.767857 0.000000
vt 0.803571 0.000000
vt 0.732143 0.000000
vt 0.821429 0.000000
vt 0.839286 0.000000
vt 0.714286 0.000000
vt 0.857143 0.000000
vt 0.696429 0.000000
vt 0.875000 0.000000
vt 0.892857 0.000000
vt 0.678571 0.000000
vt 0.910714 0.000000
vt 0.928571 0.000000
vt 0.660714 0.000000
vt 0.946429 0.000000
vt 0.642857 0.000000
vt 0.964286 0.000000
vt 0.982143 0.000000
vt 0.285714 0.000000
vt 0.625000 0.000000
vt 0.071429 0.000000
vt 0.089286 0.000000
vt 0.107143 0.000000
vt 0.125000 0.000000
vt 0.142857 0.000000
vt 0.160714 0.000000
vt 0.178571 0.000000
vt 0.196429 0.000000
vt 0.214286 0.000000
vt 0.232143 0.000000
vt 0.250000 0.000000
vt 0.267857 0.000000
vt 0.303571 0.000000
vt 0.321429 0.000000
vt 0.339286 0.000000
vt 0.357143 0.000000
vt 0.607143 0.000000
vt 0.375000 0.000000
vt 0.392857 0.000000
vt 0.410714 0.000000
vt 0.589286 0.000000
vt 0.428571 0.000000
vt 0.446429 0.000000
vt 0.571429 0.000000
vt 0.464286 0.000000
vt 0.053571 0.000000
vt 0.482143 0.000000
vt 0.553571 0.000000
vt 0.500000 0.000000
vt 0.517857 0.000000
vt 0.535714 0.000000
vt 0.134021 0.000000
vt 0.113402 0.000000
vt 0.123711 0.000000
vt 0.103093 0.000000
vt 0.092784 0.000000
vt 0.144330 0.000000
vt 0.082474 0.000000
vt 0.072165 0.000000
vt 0.061856 0.000000
vt 0.154639 0.000000
vt 0.051546 0.000000
vt 0.041237 0.000000
vt 0.030928 0.000000
vt 0.164948 0.000000
vt 0.020619 0.000000
vt 0.010309 0.000000
vt 0.175258 0.000000
vt 0.917526 0.000000
vt 0.927835 0.000000
vt 0.938144 0.000000
vt 0.948454 0.000000
vt 0.958763 0.000000
vt 0.969072 0.000000
vt 0.979381 0.000000
vt 0.989691 0.000000
vt 0.185567 0.000000
vt 0.896907 0.000000
vt 0.907216 0.000000
vt 0.195876 0.000000
vt 0.876289 0.000000
vt 0.886598 0.000000
vt 0.865979 0.000000
vt 0.855670 0.000000
vt 0.845361 0.000000
vt 0.206186 0.000000
vt 0.835052 0.000000
vt 0.824742 0.000000
vt 0.814433 0.000000
vt 0.216495 0.000000
vt 0.804124 0.000000
vt 0.793814 0.000000
vt 0.226804 0.000000
vt 0.783505 0.000000
vt 0.773196 0.000000
vt 0.237113 0.000000
vt 0.762887 0.000000
vt 0.247423 0.000000
vt 0.752577 0.000000
vt 0.742268 0.000000
vt 0.257732 0.000000
vt 0.731959 0.000000
vt 0.268041 0.000000
vt 0.721649 0.000000
vt 0.711340 0.000000
vt 0.278351 0.000000
vt 0.701031 0.000000
vt 0.690722 0.000000
vt 0.288660 0.000000
vt 0.680412 0.000000
vt 0.515464 0.000000
vt 0.494845 0.000000
vt 0.505155 0.000000
vt 0.670103 0.000000
vt 0.525773 0.000000
vt 0.298969 0.000000
vt 0.536082 0.000000
vt 0.659794 0.000000
vt 0.546392 0.000000
vt 0.556701 0.000000
vt 0.567010 0.000000
vt 0.649485 0.000000
vt 0.577320 0.000000
vt 0.587629 0.000000
vt 0.639175 0.000000
vt 0.597938 0.000000
vt 0.608247 0.000000
vt 0.628866 0.000000
vt 0.618557 0.000000
vt 0.309278 0.000000
vt 0.319588 0.000000
vt 0.329897 0.000000
vt 0.340206 0.000000
vt 0.484536 0.000000
vt 0.474227 0.000000
vt 0.463918 0.000000
vt 0.350515 0.000000
vt 0.453608 0.000000
vt 0.443299 0.000000
vt 0.432990 0.000000
vt 0.422680 0.000000
vt 0.360825 0.000000
vt 0.412371 0.000000
vt 0.402062 0.000000
vt 0.391753 0.000000
vt 0.371134 0.000000
vt 0.381443 0.000000
vt 0.387755 0.000000
vt 0.367347 0.000000
vt 0.377551 0.000000
vt 0.397959 0.000000
vt 0.346939 0.000000
vt 0.408163 0.000000
vt 0.336735 0.000000
vt 0.418367 0.000000
vt 0.326531 0.000000
vt 0.316327 0.000000
vt 0.438776 0.000000
vt 0.306122 0.000000
vt 0.448980 0.000000
vt 0.877551 0.000000
vt 0.867347 0.000000
vt 0.887755 0.000000
vt 0.897959 0.000000
vt 0.846939 0.000000
vt 0.908163 0.000000
vt 0.295918 0.000000
vt 0.836735 0.000000
vt 0.459184 0.000000
vt 0.918367 0.000000
vt 0.826531 0.000000
vt 0.816327 0.000000
vt 0.938776 0.000000
vt 0.806122 0.000000
vt 0.948980 0.000000
vt 0.469388 0.000000
vt 0.795918 0.000000
vt 0.959184 0.000000
vt 0.969388 0.000000
vt 0.479592 0.000000
vt 0.275510 0.000000
vt 0.775510 0.000000
vt 0.979592 0.000000
vt 0.765306 0.000000
vt 0.989796 0.000000
vt 0.489796 0.000000
vt 0.755102 0.000000
vt 0.265306 0.000000
vt 0.255102 0.000000
vt 0.510204 0.000000
vt 0.244898 0.000000
vt 0.234694 0.000000
vt 0.520408 0.000000
vt 0.224490 0.000000
vt 0.530612 0.000000
vt 0.204082 0.000000
vt 0.540816 0.000000
vt 0.193878 0.000000
vt 0.010204 0.000000
vt 0.744898 0.000000
vt 0.183673 0.000000
vt 0.020408 0.000000
vt 0.030612 0.000000
vt 0.551020 0.000000
vt 0.173469 0.000000
vt 0.040816 0.000000
vt 0.051020 0.000000
vt 0.163265 0.000000
vt 0.061224 0.000000
vt 0.153061 0.000000
vt 0.561224 0.000000
vt 0.081633 0.000000
vt 0.091837 0.000000
vt 0.132653 0.000000
vt 0.102041 0.000000
vt 0.112245 0.000000
vt 0.122449 0.000000
vt 0.734694 0.000000
vt 0.581633 0.000000
vt 0.724490 0.000000
vt 0.591837 0.000000
vt 0.704082 0.000000
vt 0.693878 0.000000
vt 0.602041 0.000000
vt 0.683673 0.000000
vt 0.673469 0.000000
vt 0.612245 0.000000
vt 0.663265 0.000000
vt 0.653061 0.000000
vt 0.622449 0.000000
vt 0.632653 0.000000
vt 0.759259 0.000000
vt 0.722222 0.000000
vt 0.740741 0.000000
vt 0.703704 0.000000
vt 0.777778 0.000000
vt 0.685185 0.000000
vt 0.796296 0.000000
vt 0.666667 0.000000
vt 0.648148 0.000000
vt 0.814815 0.000000
vt 0.629630 0.000000
vt 0.018519 0.000000
vt 0.981481 0.000000
vt 0.833333 0.000000
vt 0.611111 0.000000
vt 0.592593 0.000000
vt 0.851852 0.000000
vt 0.574074 0.000000
vt 0.870370 0.000000
vt 0.555556 0.000000
vt 0.537037 0.000000
vt 0.888889 0.000000
vt 0.518519 0.000000
vt 0.907407 0.000000
vt 0.333333 0.000000
vt 0.351852 0.000000
vt 0.370370 0.000000
vt 0.388889 0.000000
vt 0.407407 0.000000
vt 0.425926 0.000000
vt 0.444444 0.000000
vt 0.462963 0.000000
vt 0.481481 0.000000
vt 0.925926 0.000000
vt 0.296296 0.000000
vt 0.314815 0.000000
vt 0.944444 0.000000
vt 0.259259 0.000000
vt 0.277778 0.000000
vt 0.240741 0.000000
vt 0.222222 0.000000
vt 0.962963 0.000000
vt 0.203704 0.000000
vt 0.185185 0.000000
vt 0.111111 0.000000
vt 0.129630 0.000000
vt 0.148148 0.000000
vt 0.166667 0.000000
vt 0.092593 0.000000
vt 0.074074 0.000000
vt 0.055556 0.000000
vt 0.037037 0.000000
vt 0.010526 0.000000
vt 0.494737 0.000000
vt 0.484211 0.000000
vt 0.021053 0.000000
vt 0.473684 0.000000
vt 0.031579 0.000000
vt 0.463158 0.000000
vt 0.042105 0.000000
vt 0.452632 0.000000
vt 0.052632 0.000000
vt 0.442105 0.000000
vt 0.063158 0.000000
vt 0.431579 0.000000
vt 0.073684 0.000000
vt 0.505263 0.000000
vt 0.515789 0.000000
vt 0.989474 0.000000
vt 0.526316 0.000000
vt 0.978947 0.000000
vt 0.536842 0.000000
vt 0.421053 0.000000
vt 0.084211 0.000000
vt 0.968421 0.000000
vt 0.547368 0.000000
vt 0.957895 0.000000
vt 0.557895 0.000000
vt 0.947368 0.000000
vt 0.568421 0.000000
vt 0.410526 0.000000
vt 0.094737 0.000000
vt 0.936842 0.000000
vt 0.578947 0.000000
vt 0.926316 0.000000
vt 0.589474 0.000000
vt 0.400000 0.000000
vt 0.105263 0.000000
vt 0.915789 0.000000
vt 0.600000 0.000000
vt 0.389474 0.000000
vt 0.115789 0.000000
vt 0.905263 0.000000
vt 0.610526 0.000000
vt 0.894737 0.000000
vt 0.621053 0.000000
vt 0.378947 0.000000
vt 0.126316 0.000000
vt 0.884211 0.000000
vt 0.631579 0.000000
vt 0.136842 0.000000
vt 0.873684 0.000000
vt 0.368421 0.000000
vt 0.642105 0.000000
vt 0.863158 0.000000
vt 0.652632 0.000000
vt 0.147368 0.000000
vt 0.357895 0.000000
vt 0.852632 0.000000
vt 0.663158 0.000000
vt 0.842105 0.000000
vt 0.157895 0.000000
vt 0.673684 0.000000
vt 0.347368 0.000000
vt 0.831579 0.000000
vt 0.684211 0.000000
vt 0.168421 0.000000
vt 0.336842 0.000000
vt 0.821053 0.000000
vt 0.694737 0.000000
vt 0.810526 0.000000
vt 0.705263 0.000000
vt 0.178947 0.000000
vt 0.326316 0.000000
vt 0.800000 0.000000
vt 0.715789 0.000000
vt 0.789474 0.000000
vt 0.726316 0.000000
vt 0.778947 0.000000
vt 0.736842 0.000000
vt 0.189474 0.000000
vt 0.315789 0.000000
vt 0.768421 0.000000
vt 0.747368 0.000000
vt 0.757895 0.000000
vt 0.200000 0.000000
vt 0.305263 0.000000
vt 0.210526 0.000000
vt 0.294737 0.000000
vt 0.221053 0.000000
vt 0.284211 0.000000
vt 0.231579 0.000000
vt 0.273684 0.000000
vt 0.242105 0.000000
vt 0.263158 0.000000
vt 0.252632 0.000000
vt 0.509434 0.000000
vt 0.490566 0.000000
vt 0.471698 0.000000
vt 0.452830 0.000000
vt 0.433962 0.000000
vt 0.415094 0.000000
vt 0.396226 0.000000
vt 0.377358 0.000000
vt 0.528302 0.000000
vt 0.547170 0.000000
vt 0.358491 0.000000
vt 0.566038 0.000000
vt 0.584906 0.000000
vt 0.603774 0.000000
vt 0.339623 0.000000
vt 0.622642 0.000000
vt 0.641509 0.000000
vt 0.320755 0.000000
vt 0.660377 0.000000
vt 0.301887 0.000000
vt 0.679245 0.000000
vt 0.698113 0.000000
vt 0.283019 0.000000
vt 0.716981 0.000000
vt 0.264151 0.000000
vt 0.735849 0.000000
vt 0.245283 0.000000
vt 0.754717 0.000000
vt 0.773585 0.000000
vt 0.226415 0.000000
vt 0.792453 0.000000
vt 0.207547 0.000000
vt 0.811321 0.000000
vt 0.830189 0.000000
vt 0.188679 0.000000
vt 0.849057 0.000000
vt 0.169811 0.000000
vt 0.867925 0.000000
vt 0.886792 0.000000
vt 0.150943 0.000000
vt 0.905660 0.000000
vt 0.132075 0.000000
vt 0.924528 0.000000
vt 0.943396 0.000000
vt 0.113208 0.000000
vt 0.962264 0.000000
vt 0.981132 0.000000
vt 0.094340 0.000000
vt 0.075472 0.000000
vt 0.056604 0.000000
vt 0.037736 0.000000
vt 0.018868 0.000000
vt 0.019853 0.000000
vt 0.767857 0.000000
vt 0.803571 0.000000
vt 0.821429 0.000000
vt 0.839286 0.000000
vt 0.857143 0.000000
vt 0.892857 0.000000
vt 0.910714 0.000000
vt 0.642857 0.000000
vt 0.964286 0.000000
vt 0.071429 0.000000
vt 0.089286 0.000000
vt 0.107143 0.000000
vt 0.142857 0.000000
vt 0.160714 0.000000
vt 0.214286 0.000000
vt 0.285714 0.000000
vt 0.303571 0.000000
vt 0.392857 0.000000
vt 0.410714 0.000000
vt 0.446429 0.000000
vt 0.053571 0.000000
vt 0.103093 0.000000
vt 0.082474 0.000000
vt 0.041237 0.000000
vt 0.969072 0.000000
vt 0.865979 0.000000
vt 0.814433 0.000000
vt 0.793814 0.000000
vt 0.773196 0.000000
vt 0.752577 0.000000
vt 0.711340 0.000000
vt 0.690722 0.000000
vt 0.659794 0.000000
vt 0.649485 0.000000
vt 0.319588 0.000000
vt 0.329897 0.000000
vt 0.340206 0.000000
vt 0.474227 0.000000
vt 0.412371 0.000000
vt 0.371134 0.000000
vt 0.377551 0.000000
vt 0.357143 0.000000
vt 0.397959 0.000000
vt 0.336735 0.000000
vt 0.438776 0.000000
vt 0.867347 0.000000
vt 0.887755 0.000000
vt 0.846939 0.000000
vt 0.836735 0.000000
vt 0.928571 0.000000
vt 0.806122 0.000000
vt 0.948980 0.000000
vt 0.479592 0.000000
vt 0.744898 0.000000
vt 0.030612 0.000000
vt 0.051020 0.000000
vt 0.061224 0.000000
vt 0.122449 0.000000
vt 0.571429 0.000000
vt 0.734694 0.000000
vt 0.663265 0.000000
vt 0.653061 0.000000
vt 0.622449 0.000000
vt 0.428571 0.000000
vt 0.457124 0.000000
vt 0.740741 0.000000
vt 0.722222 0.000000
vt 0.796296 0.000000
vt 0.666667 0.000000
vt 0.648148 0.000000
vt 0.981482 0.000000
vt 0.518518 0.000000
vt 0.333333 0.000000
vt 0.370370 0.000000
vt 0.425926 0.000000
vt 0.444444 0.000000
vt 0.462963 0.000000
vt 0.481482 0.000000
vt 0.944444 0.000000
vt 0.240741 0.000000
vt 0.111111 0.000000
vt 0.129630 0.000000
vt 0.166667 0.000000
vt 0.055556 0.000000
vt 0.326531 0.000000
vt 0.877551 0.000000
vt 0.908163 0.000000
vt 0.918367 0.000000
vt 0.795918 0.000000
vt 0.969388 0.000000
vt 0.989796 0.000000
vt 0.755102 0.000000
vt 0.204082 0.000000
vt 0.183673 0.000000
vt 0.020408 0.000000
vt 0.040816 0.000000
vt 0.051020 0.000000
vt 0.163265 0.000000
vt 0.081633 0.000000
vt 0.102041 0.000000
vt 0.653061 0.000000
vt 0.642857 0.000000
vt 0.696429 0.000000
vt 0.410714 0.000000
vt 0.750000 0.000000
vt 0.821429 0.000000
vt 0.017857 0.000000
vt 0.232143 0.000000
vt 0.607143 0.000000
vt 0.482143 0.000000
vt 0.002104 0.000000
vt 0.484211 0.000000
vt 0.978947 0.000000
vt 0.968421 0.000000
vt 0.957895 0.000000
vt 0.936842 0.000000
vt 0.400000 0.000000
vt 0.389474 0.000000
vt 0.905263 0.000000
vt 0.884210 0.000000
vt 0.368421 0.000000
vt 0.642105 0.000000
vt 0.147368 0.000000
vt 0.852632 0.000000
vt 0.347368 0.000000
vt 0.694737 0.000000
vt 0.800000 0.000000
vt 0.726316 0.000000
vt 0.221053 0.000000
vt 0.250528 0.000000
vt 0.475469 0.000000
vt 0.418866 0.000000
vt 0.513205 0.000000
vt 0.358491 0.000000
vt 0.339623 0.000000
vt 0.641509 0.000000
vt 0.324526 0.000000
vt 0.245283 0.000000
vt 0.811321 0.000000
vt 0.830189 0.000000
vt 0.169811 0.000000
vt 0.886792 0.000000
vt 0.113208 0.000000
vt 1.000000 0.504167
vt 1.000000 0.995833
vt 0.968750 0.995833
vt 0.968750 0.504167
vt 0.906250 0.504167
vt 0.906250 0.995833
vt 0.875000 0.995833
vt 0.875000 0.504167
vt 0.875000 0.504167
vt 0.875000 0.995833
vt 0.843750 0.995833
vt 0.843750 0.504167
vt 0.812500 0.995833
vt 0.812500 0.504167
vt 0.812500 0.504167
vt 0.781250 0.995833
vt 0.781250 0.504167
vt 0.781250 0.504167
vt 0.781250 0.995833
vt 0.750000 0.995833
vt 0.750000 0.504167
vt 0.750000 0.995833
vt 0.718750 0.995833
vt 0.718750 0.504167
vt 0.687500 0.995833
vt 0.687500 0.504167
vt 0.656250 0.995833
vt 0.656250 0.504167
vt 0.656250 0.504167
vt 0.656250 0.995833
vt 0.625000 0.995833
vt 0.625000 0.504167
vt 0.625000 0.504167
vt 0.625000 0.995833
vt 0.593750 0.995833
vt 0.593750 0.504167
vt 0.562500 0.995833
vt 0.562500 0.504167
vt 0.562500 0.504167
vt 0.531250 0.995833
vt 0.531250 0.504167
vt 0.531250 0.504167
vt 0.531250 0.995833
vt 0.500000 0.995833
vt 0.500000 0.504167
vt 0.500000 0.995833
vt 0.468750 0.995833
vt 0.468750 0.504167
vt 0.437500 0.995833
vt 0.437500 0.504167
vt 0.437500 0.504167
vt 0.437500 0.995833
vt 0.406250 0.995833
vt 0.406250 0.865132
vt 0.417326 0.865132
vt 0.417326 0.634868
vt 0.406250 0.634868
vt 0.406250 0.504167
vt 0.406250 0.634869
vt 0.375000 0.634868
vt 0.375000 0.504167
vt 0.375000 0.634869
vt 0.343750 0.634868
vt 0.343750 0.504167
vt 0.312500 0.634869
vt 0.312500 0.504167
vt 0.312500 0.504167
vt 0.312500 0.634868
vt 0.281250 0.634869
vt 0.281250 0.504167
vt 0.281250 0.504167
vt 0.250000 0.634868
vt 0.250000 0.504167
vt 0.250000 0.634869
vt 0.218750 0.634868
vt 0.218750 0.504167
vt 0.187500 0.634869
vt 0.187500 0.504167
vt 0.187500 0.504167
vt 0.187500 0.634868
vt 0.156250 0.634869
vt 0.156250 0.504167
vt 0.156250 0.504167
vt 0.156250 0.634868
vt 0.125000 0.634869
vt 0.125000 0.504167
vt 0.125000 0.504167
vt 0.125000 0.634868
vt 0.093750 0.634869
vt 0.093750 0.504167
vt 0.093750 0.504167
vt 0.093750 0.634868
vt 0.082674 0.634868
vt 0.082674 0.865131
vt 0.093750 0.865132
vt 0.093750 0.995833
vt 0.062500 0.995833
vt 0.062500 0.504167
vt 0.062500 0.504167
vt 0.062500 0.995833
vt 0.031250 0.995833
vt 0.031250 0.504167
vt 0.937500 0.995833
vt 0.937500 0.504167
vt 0.937500 0.504167
vt 0.906250 0.504167
vt 0.000000 0.995833
vt 0.000000 0.504167
vt 0.999616 0.997121
vt 0.969134 0.997121
vt 0.998501 0.998282
vt 0.970249 0.998282
vt 0.996764 1.000000
vt 0.971986 1.000000
vt 0.287125 0.436638
vt 0.250000 0.440295
vt 0.250000 0.406681
vt 0.280567 0.403670
vt 0.250000 0.369419
vt 0.273298 0.367125
vt 0.968366 0.997121
vt 0.937884 0.997121
vt 0.967251 0.998283
vt 0.938999 0.998282
vt 0.965514 1.000000
vt 0.940736 1.000000
vt 0.322823 0.425810
vt 0.309959 0.394754
vt 0.295700 0.360329
vt 0.937116 0.997121
vt 0.906634 0.997121
vt 0.936001 0.998282
vt 0.907749 0.998282
vt 0.934264 1.000000
vt 0.909486 1.000000
vt 0.355722 0.408224
vt 0.337047 0.380275
vt 0.316346 0.349294
vt 0.905866 0.997121
vt 0.875384 0.997121
vt 0.904751 0.998282
vt 0.876499 0.998282
vt 0.903014 1.000000
vt 0.878236 1.000000
vt 0.384559 0.384559
vt 0.360790 0.360790
vt 0.334442 0.334442
vt 0.874616 0.997121
vt 0.844134 0.997121
vt 0.873501 0.998282
vt 0.845249 0.998282
vt 0.871764 1.000000
vt 0.846986 1.000000
vt 0.408224 0.355722
vt 0.380275 0.337047
vt 0.349294 0.316346
vt 0.843366 0.997121
vt 0.812884 0.997121
vt 0.842251 0.998282
vt 0.813999 0.998282
vt 0.840514 1.000000
vt 0.815736 1.000000
vt 0.425810 0.322823
vt 0.394754 0.309959
vt 0.360329 0.295700
vt 0.812116 0.997121
vt 0.781634 0.997121
vt 0.811001 0.998282
vt 0.782749 0.998282
vt 0.809264 1.000000
vt 0.784486 1.000000
vt 0.436638 0.287125
vt 0.403670 0.280567
vt 0.367125 0.273298
vt 0.780866 0.997121
vt 0.750384 0.997121
vt 0.779751 0.998282
vt 0.751499 0.998282
vt 0.778014 1.000000
vt 0.753236 1.000000
vt 0.440295 0.250000
vt 0.406681 0.250000
vt 0.369419 0.250000
vt 0.749616 0.997121
vt 0.719134 0.997121
vt 0.748501 0.998282
vt 0.720249 0.998282
vt 0.746764 1.000000
vt 0.721986 1.000000
vt 0.436638 0.212875
vt 0.403670 0.219433
vt 0.367125 0.226702
vt 0.718366 0.997121
vt 0.687884 0.997121
vt 0.717251 0.998282
vt 0.688999 0.998282
vt 0.715514 1.000000
vt 0.690736 1.000000
vt 0.425810 0.177177
vt 0.394754 0.190041
vt 0.360329 0.204300
vt 0.687116 0.997121
vt 0.656634 0.997121
vt 0.686001 0.998282
vt 0.657749 0.998282
vt 0.684264 1.000000
vt 0.659486 1.000000
vt 0.408224 0.144278
vt 0.380275 0.162953
vt 0.349294 0.183654
vt 0.655866 0.997121
vt 0.625384 0.997121
vt 0.654751 0.998282
vt 0.626499 0.998282
vt 0.653014 1.000000
vt 0.628236 1.000000
vt 0.384559 0.115441
vt 0.360790 0.139210
vt 0.334442 0.165558
vt 0.624616 0.997121
vt 0.594134 0.997121
vt 0.623501 0.998282
vt 0.595249 0.998282
vt 0.621764 1.000000
vt 0.596986 1.000000
vt 0.355722 0.091776
vt 0.337047 0.119725
vt 0.316346 0.150706
vt 0.593366 0.997121
vt 0.562884 0.997121
vt 0.592251 0.998282
vt 0.563999 0.998282
vt 0.590514 1.000000
vt 0.565736 1.000000
vt 0.322823 0.074190
vt 0.309959 0.105246
vt 0.295700 0.139671
vt 0.562116 0.997121
vt 0.531634 0.997121
vt 0.561001 0.998282
vt 0.532749 0.998282
vt 0.559264 1.000000
vt 0.534486 1.000000
vt 0.287125 0.063362
vt 0.280567 0.096330
vt 0.273298 0.132875
vt 0.530866 0.997121
vt 0.500384 0.997121
vt 0.529751 0.998282
vt 0.501499 0.998282
vt 0.528014 1.000000
vt 0.503236 1.000000
vt 0.250000 0.059705
vt 0.250000 0.093319
vt 0.250000 0.130581
vt 0.499616 0.997121
vt 0.469134 0.997121
vt 0.498501 0.998282
vt 0.470249 0.998282
vt 0.496764 1.000000
vt 0.471986 1.000000
vt 0.212875 0.063362
vt 0.219433 0.096330
vt 0.226702 0.132875
vt 0.468366 0.997121
vt 0.437884 0.997121
vt 0.467251 0.998282
vt 0.438999 0.998282
vt 0.465514 1.000000
vt 0.440736 1.000000
vt 0.177177 0.074190
vt 0.190041 0.105246
vt 0.204300 0.139671
vt 0.437116 0.997121
vt 0.406634 0.997121
vt 0.436001 0.998282
vt 0.407749 0.998282
vt 0.434264 1.000000
vt 0.409486 1.000000
vt 0.144278 0.091776
vt 0.162953 0.119725
vt 0.183654 0.150707
vt 0.375000 0.995833
vt 0.406250 0.995833
vt 0.405866 0.997121
vt 0.375384 0.997121
vt 0.404751 0.998282
vt 0.376499 0.998282
vt 0.403014 1.000000
vt 0.378236 1.000000
vt 0.115441 0.115441
vt 0.139210 0.139210
vt 0.165558 0.165558
vt 0.343750 0.995833
vt 0.375000 0.995833
vt 0.374616 0.997121
vt 0.344134 0.997121
vt 0.373501 0.998282
vt 0.345249 0.998282
vt 0.371764 1.000000
vt 0.346986 1.000000
vt 0.091775 0.144278
vt 0.119725 0.162953
vt 0.150706 0.183654
vt 0.312500 0.995833
vt 0.343366 0.997121
vt 0.312884 0.997121
vt 0.342251 0.998282
vt 0.313999 0.998282
vt 0.340514 1.000000
vt 0.315736 1.000000
vt 0.074190 0.177177
vt 0.105246 0.190041
vt 0.139671 0.204300
vt 0.281250 0.995833
vt 0.312116 0.997121
vt 0.281634 0.997121
vt 0.311001 0.998282
vt 0.282749 0.998282
vt 0.309264 1.000000
vt 0.284486 1.000000
vt 0.063362 0.212876
vt 0.096330 0.219433
vt 0.132875 0.226703
vt 0.250000 0.995833
vt 0.281250 0.995833
vt 0.280866 0.997121
vt 0.250384 0.997121
vt 0.279751 0.998282
vt 0.251499 0.998282
vt 0.278014 1.000000
vt 0.253236 1.000000
vt 0.059705 0.250000
vt 0.093319 0.250000
vt 0.130581 0.250000
vt 0.218750 0.995833
vt 0.250000 0.995833
vt 0.249616 0.997121
vt 0.219134 0.997121
vt 0.248501 0.998282
vt 0.220249 0.998282
vt 0.246764 1.000000
vt 0.221986 1.000000
vt 0.063362 0.287125
vt 0.096330 0.280567
vt 0.132875 0.273298
vt 0.187500 0.995833
vt 0.218366 0.997121
vt 0.187884 0.997121
vt 0.217251 0.998282
vt 0.188999 0.998282
vt 0.215514 1.000000
vt 0.190736 1.000000
vt 0.074191 0.322823
vt 0.105246 0.309959
vt 0.139671 0.295700
vt 0.156250 0.995833
vt 0.187500 0.995833
vt 0.187116 0.997121
vt 0.156634 0.997121
vt 0.186001 0.998282
vt 0.157749 0.998282
vt 0.184264 1.000000
vt 0.159486 1.000000
vt 0.091776 0.355722
vt 0.119725 0.337047
vt 0.150707 0.316346
vt 0.125000 0.995833
vt 0.155866 0.997121
vt 0.125384 0.997121
vt 0.154751 0.998282
vt 0.126499 0.998282
vt 0.153014 1.000000
vt 0.128236 1.000000
vt 0.115441 0.384559
vt 0.139210 0.360790
vt 0.165558 0.334442
vt 0.093750 0.995833
vt 0.124616 0.997121
vt 0.094134 0.997121
vt 0.123501 0.998282
vt 0.095249 0.998282
vt 0.121764 1.000000
vt 0.096986 1.000000
vt 0.144278 0.408225
vt 0.162953 0.380275
vt 0.183654 0.349294
vt 0.093366 0.997121
vt 0.062884 0.997121
vt 0.092251 0.998282
vt 0.063999 0.998282
vt 0.090514 1.000000
vt 0.065736 1.000000
vt 0.177178 0.425810
vt 0.190041 0.394754
vt 0.204300 0.360329
vt 0.062116 0.997121
vt 0.031634 0.997121
vt 0.061001 0.998282
vt 0.032749 0.998282
vt 0.059264 1.000000
vt 0.034486 1.000000
vt 0.212876 0.436638
vt 0.219433 0.403670
vt 0.226703 0.367125
vt 0.030866 0.997121
vt 0.000384 0.997121
vt 0.029751 0.998282
vt 0.001499 0.998282
vt 0.028014 1.000000
vt 0.003236 1.000000
vt 0.969134 0.502879
vt 0.999616 0.502879
vt 0.970249 0.501718
vt 0.998501 0.501718
vt 0.971986 0.500000
vt 0.996764 0.500000
vt 0.750000 0.440295
vt 0.787125 0.436638
vt 0.780567 0.403670
vt 0.750000 0.406681
vt 0.773298 0.367125
vt 0.750000 0.369419
vt 0.937884 0.502879
vt 0.968366 0.502879
vt 0.938999 0.501718
vt 0.967251 0.501718
vt 0.940736 0.500000
vt 0.965514 0.500000
vt 0.822823 0.425810
vt 0.809959 0.394754
vt 0.795700 0.360329
vt 0.906634 0.502879
vt 0.937116 0.502879
vt 0.907749 0.501718
vt 0.936001 0.501718
vt 0.909486 0.500000
vt 0.934264 0.500000
vt 0.855722 0.408225
vt 0.837047 0.380275
vt 0.816346 0.349294
vt 0.875384 0.502879
vt 0.905866 0.502879
vt 0.876499 0.501718
vt 0.904751 0.501718
vt 0.878236 0.500000
vt 0.903014 0.500000
vt 0.884559 0.384559
vt 0.860790 0.360790
vt 0.834442 0.334442
vt 0.844134 0.502879
vt 0.874616 0.502879
vt 0.845249 0.501718
vt 0.873501 0.501718
vt 0.846986 0.500000
vt 0.871764 0.500000
vt 0.908225 0.355722
vt 0.880275 0.337047
vt 0.849294 0.316346
vt 0.812884 0.502879
vt 0.843366 0.502879
vt 0.813999 0.501718
vt 0.842251 0.501718
vt 0.815736 0.500000
vt 0.840514 0.500000
vt 0.925810 0.322823
vt 0.894754 0.309959
vt 0.860329 0.295700
vt 0.781634 0.502879
vt 0.812116 0.502879
vt 0.782749 0.501718
vt 0.811001 0.501718
vt 0.784486 0.500000
vt 0.809264 0.500000
vt 0.936638 0.287125
vt 0.903670 0.280567
vt 0.867125 0.273298
vt 0.750384 0.502879
vt 0.780866 0.502879
vt 0.751499 0.501718
vt 0.779751 0.501718
vt 0.753236 0.500000
vt 0.778014 0.500000
vt 0.940295 0.250000
vt 0.906680 0.250000
vt 0.869420 0.250000
vt 0.719134 0.502879
vt 0.749616 0.502879
vt 0.720249 0.501718
vt 0.748501 0.501718
vt 0.721986 0.500000
vt 0.746764 0.500000
vt 0.936638 0.212875
vt 0.903670 0.219433
vt 0.867125 0.226702
vt 0.687884 0.502879
vt 0.718366 0.502879
vt 0.688999 0.501718
vt 0.717251 0.501718
vt 0.690736 0.500000
vt 0.715514 0.500000
vt 0.925810 0.177177
vt 0.894754 0.190041
vt 0.860329 0.204300
vt 0.656634 0.502879
vt 0.687116 0.502879
vt 0.657749 0.501718
vt 0.686001 0.501718
vt 0.659486 0.500000
vt 0.684264 0.500000
vt 0.908225 0.144278
vt 0.880275 0.162953
vt 0.849294 0.183654
vt 0.625384 0.502879
vt 0.655866 0.502879
vt 0.626499 0.501718
vt 0.654751 0.501718
vt 0.628236 0.500000
vt 0.653014 0.500000
vt 0.884559 0.115441
vt 0.860790 0.139210
vt 0.834442 0.165558
vt 0.594134 0.502879
vt 0.624616 0.502879
vt 0.595249 0.501718
vt 0.623501 0.501718
vt 0.596986 0.500000
vt 0.621764 0.500000
vt 0.855722 0.091776
vt 0.837047 0.119725
vt 0.816346 0.150706
vt 0.562884 0.502879
vt 0.593366 0.502879
vt 0.563999 0.501718
vt 0.592251 0.501718
vt 0.565736 0.500000
vt 0.590514 0.500000
vt 0.822823 0.074190
vt 0.809959 0.105246
vt 0.795700 0.139671
vt 0.531634 0.502879
vt 0.562116 0.502879
vt 0.532749 0.501718
vt 0.561001 0.501718
vt 0.534486 0.500000
vt 0.559264 0.500000
vt 0.787125 0.063362
vt 0.780567 0.096330
vt 0.773297 0.132875
vt 0.500384 0.502879
vt 0.530866 0.502879
vt 0.501499 0.501718
vt 0.529751 0.501718
vt 0.503236 0.500000
vt 0.528014 0.500000
vt 0.750000 0.059705
vt 0.750000 0.093319
vt 0.750000 0.130581
vt 0.469134 0.502879
vt 0.499616 0.502879
vt 0.470249 0.501718
vt 0.498501 0.501718
vt 0.471986 0.500000
vt 0.496764 0.500000
vt 0.712875 0.063362
vt 0.719433 0.096330
vt 0.726702 0.132875
vt 0.437884 0.502879
vt 0.468366 0.502879
vt 0.438999 0.501718
vt 0.467251 0.501718
vt 0.440736 0.500000
vt 0.465514 0.500000
vt 0.677177 0.074190
vt 0.690041 0.105246
vt 0.704300 0.139671
vt 0.406634 0.502879
vt 0.437116 0.502879
vt 0.407749 0.501718
vt 0.436001 0.501718
vt 0.409486 0.500000
vt 0.434264 0.500000
vt 0.644278 0.091776
vt 0.662953 0.119725
vt 0.683654 0.150706
vt 0.375384 0.502879
vt 0.405866 0.502879
vt 0.376499 0.501718
vt 0.404751 0.501718
vt 0.378236 0.500000
vt 0.403014 0.500000
vt 0.615441 0.115441
vt 0.639210 0.139210
vt 0.665558 0.165558
vt 0.344134 0.502879
vt 0.374616 0.502879
vt 0.345249 0.501718
vt 0.373501 0.501718
vt 0.346986 0.500000
vt 0.371764 0.500000
vt 0.591775 0.144278
vt 0.619725 0.162953
vt 0.650706 0.183654
vt 0.312884 0.502879
vt 0.343366 0.502879
vt 0.313999 0.501718
vt 0.342251 0.501718
vt 0.315736 0.500000
vt 0.340514 0.500000
vt 0.574190 0.177177
vt 0.605246 0.190041
vt 0.639671 0.204300
vt 0.281634 0.502879
vt 0.312116 0.502879
vt 0.282749 0.501718
vt 0.311001 0.501718
vt 0.284486 0.500000
vt 0.309264 0.500000
vt 0.563362 0.212875
vt 0.596330 0.219433
vt 0.632875 0.226703
vt 0.250384 0.502879
vt 0.280866 0.502879
vt 0.251499 0.501718
vt 0.279751 0.501718
vt 0.253236 0.500000
vt 0.278014 0.500000
vt 0.559705 0.250000
vt 0.593319 0.250000
vt 0.630581 0.250000
vt 0.219134 0.502879
vt 0.249616 0.502879
vt 0.220249 0.501718
vt 0.248501 0.501718
vt 0.221986 0.500000
vt 0.246764 0.500000
vt 0.563362 0.287125
vt 0.596330 0.280567
vt 0.632875 0.273298
vt 0.187884 0.502879
vt 0.218366 0.502879
vt 0.188999 0.501718
vt 0.217251 0.501718
vt 0.190736 0.500000
vt 0.215514 0.500000
vt 0.574190 0.322823
vt 0.605246 0.309959
vt 0.639671 0.295700
vt 0.156634 0.502879
vt 0.187116 0.502879
vt 0.157749 0.501718
vt 0.186001 0.501718
vt 0.159486 0.500000
vt 0.184264 0.500000
vt 0.591776 0.355722
vt 0.619725 0.337047
vt 0.650707 0.316346
vt 0.125384 0.502879
vt 0.155866 0.502879
vt 0.126499 0.501718
vt 0.154751 0.501718
vt 0.128236 0.500000
vt 0.153014 0.500000
vt 0.615441 0.384559
vt 0.639210 0.360790
vt 0.665558 0.334442
vt 0.094134 0.502879
vt 0.124616 0.502879
vt 0.095249 0.501718
vt 0.123501 0.501718
vt 0.096986 0.500000
vt 0.121764 0.500000
vt 0.644278 0.408225
vt 0.662953 0.380275
vt 0.683654 0.349294
vt 0.062884 0.502879
vt 0.093366 0.502879
vt 0.063999 0.501718
vt 0.092251 0.501718
vt 0.065736 0.500000
vt 0.090514 0.500000
vt 0.677178 0.425810
vt 0.690041 0.394754
vt 0.704300 0.360329
vt 0.031634 0.502879
vt 0.062116 0.502879
vt 0.032749 0.501718
vt 0.061001 0.501718
vt 0.034486 0.500000
vt 0.059264 0.500000
vt 0.712876 0.436639
vt 0.719433 0.403670
vt 0.726703 0.367125
vt 0.000384 0.502879
vt 0.030866 0.502879
vt 0.001499 0.501718
vt 0.029751 0.501718
vt 0.003236 0.500000
vt 0.028014 0.500000
vt 0.375000 0.555850
vt 0.375000 0.694126
vt 0.382231 0.691506
vt 0.400112 0.681557
vt 0.414787 0.669434
vt 0.425691 0.655603
vt 0.432406 0.640595
vt 0.434673 0.624988
vt 0.432406 0.609381
vt 0.425691 0.594373
vt 0.414787 0.580542
vt 0.400112 0.568419
vt 0.382230 0.558470
vt 0.218750 0.865132
vt 0.250000 0.865132
vt 0.156250 0.865132
vt 0.187500 0.865132
vt 0.343750 0.865132
vt 0.375000 0.865132
vt 0.250000 0.865132
vt 0.281250 0.865132
vt 0.312500 0.865132
vt 0.187500 0.865132
vt 0.375000 0.055874
vt 0.375000 0.194150
vt 0.382231 0.191530
vt 0.400112 0.181581
vt 0.414787 0.169458
vt 0.425691 0.155627
vt 0.432406 0.140619
vt 0.434674 0.125012
vt 0.432406 0.109405
vt 0.425691 0.094397
vt 0.414787 0.080566
vt 0.400112 0.068443
vt 0.382231 0.058494
vt 0.093750 0.865132
vt 0.125000 0.865132
vt 0.312500 0.865132
vt 0.125000 0.865132
vt 0.156250 0.865132
vt 0.125000 0.555850
vt 0.125000 0.694126
vt 0.194460 0.667861
vt 0.194194 0.667804
vt 0.193126 0.667577
vt 0.191865 0.666745
vt 0.190684 0.665394
vt 0.189593 0.663555
vt 0.188599 0.661257
vt 0.187711 0.658530
vt 0.186937 0.655405
vt 0.186285 0.651910
vt 0.185764 0.648076
vt 0.185381 0.643933
vt 0.185145 0.639511
vt 0.185065 0.634839
vt 0.185148 0.630453
vt 0.185392 0.626270
vt 0.185786 0.622323
vt 0.186320 0.618646
vt 0.186985 0.615273
vt 0.187771 0.612240
vt 0.188667 0.609579
vt 0.189664 0.607325
vt 0.190751 0.605512
vt 0.191920 0.604175
vt 0.193160 0.603348
vt 0.194200 0.603121
vt 0.194460 0.603065
vt 0.182112 0.596083
vt 0.182286 0.597104
vt 0.182953 0.602482
vt 0.183424 0.608037
vt 0.183704 0.613675
vt 0.183796 0.619299
vt 0.183684 0.625330
vt 0.183353 0.631234
vt 0.182808 0.636935
vt 0.182058 0.642357
vt 0.181108 0.647424
vt 0.179966 0.652061
vt 0.178638 0.656192
vt 0.177131 0.659742
vt 0.175451 0.662634
vt 0.173606 0.664794
vt 0.171602 0.666145
vt 0.169446 0.666612
vt 0.158901 0.666612
vt 0.158901 0.571985
vt 0.167307 0.571985
vt 0.375000 0.865132
vt 0.406250 0.865132
vt 0.163982 0.584195
vt 0.162786 0.584195
vt 0.162786 0.654402
vt 0.168970 0.654402
vt 0.171032 0.653934
vt 0.172827 0.652611
vt 0.174374 0.650556
vt 0.175687 0.647891
vt 0.176784 0.644739
vt 0.177682 0.641221
vt 0.178395 0.637460
vt 0.178942 0.633580
vt 0.179339 0.629700
vt 0.179602 0.625946
vt 0.179748 0.622438
vt 0.179793 0.619299
vt 0.179720 0.614615
vt 0.179502 0.610098
vt 0.179135 0.605794
vt 0.178618 0.601749
vt 0.177947 0.598009
vt 0.177122 0.594618
vt 0.176138 0.591624
vt 0.174994 0.589072
vt 0.173688 0.587007
vt 0.172217 0.585475
vt 0.170579 0.584522
vt 0.168772 0.584195
vt 0.169406 0.571985
vt 0.171788 0.572489
vt 0.173941 0.573938
vt 0.175484 0.575777
vt 0.249168 0.603065
vt 0.250311 0.603299
vt 0.251378 0.604004
vt 0.252366 0.605181
vt 0.253268 0.606832
vt 0.254082 0.608958
vt 0.254802 0.611563
vt 0.255423 0.614648
vt 0.255942 0.618214
vt 0.256353 0.622264
vt 0.256653 0.626800
vt 0.256836 0.631823
vt 0.256898 0.637336
vt 0.244371 0.637336
vt 0.244540 0.640299
vt 0.244770 0.643011
vt 0.245061 0.645472
vt 0.245412 0.647681
vt 0.245823 0.649634
vt 0.246293 0.651332
vt 0.246824 0.652773
vt 0.247413 0.653955
vt 0.248061 0.654877
vt 0.248768 0.655537
vt 0.249533 0.655935
vt 0.250357 0.656067
vt 0.250890 0.656010
vt 0.251418 0.655840
vt 0.251942 0.655560
vt 0.252464 0.655173
vt 0.252982 0.654682
vt 0.253498 0.654090
vt 0.254013 0.653400
vt 0.254527 0.652614
vt 0.255040 0.651736
vt 0.255553 0.650768
vt 0.256066 0.649713
vt 0.256581 0.648575
vt 0.256581 0.660507
vt 0.256049 0.661701
vt 0.255521 0.662786
vt 0.254993 0.663764
vt 0.254459 0.664634
vt 0.253916 0.665398
vt 0.253360 0.666057
vt 0.252785 0.666612
vt 0.252188 0.667064
vt 0.251563 0.667414
vt 0.250908 0.667663
vt 0.250216 0.667812
vt 0.249485 0.667861
vt 0.262487 0.666612
vt 0.258959 0.666612
vt 0.258959 0.604314
vt 0.262488 0.604314
vt 0.262488 0.618605
vt 0.262567 0.618605
vt 0.263011 0.615996
vt 0.263452 0.613648
vt 0.263890 0.611552
vt 0.264326 0.609704
vt 0.264758 0.608097
vt 0.265188 0.606724
vt 0.265616 0.605580
vt 0.266041 0.604658
vt 0.266464 0.603951
vt 0.266884 0.603455
vt 0.267303 0.603161
vt 0.267720 0.603065
vt 0.279970 0.600667
vt 0.279970 0.584195
vt 0.270614 0.584195
vt 0.270614 0.571985
vt 0.293211 0.571985
vt 0.293211 0.584195
vt 0.283855 0.584195
vt 0.283855 0.666612
vt 0.302170 0.667861
vt 0.300834 0.667537
vt 0.299603 0.666599
vt 0.298478 0.665099
vt 0.297463 0.663087
vt 0.296558 0.660614
vt 0.295768 0.657732
vt 0.295092 0.654492
vt 0.294535 0.650944
vt 0.294098 0.647140
vt 0.293783 0.643130
vt 0.293592 0.638966
vt 0.293528 0.634700
vt 0.293598 0.630113
vt 0.293803 0.625804
vt 0.294137 0.621796
vt 0.294594 0.618111
vt 0.295166 0.614774
vt 0.295847 0.611806
vt 0.296630 0.609231
vt 0.297510 0.607073
vt 0.298478 0.605354
vt 0.299529 0.604098
vt 0.300656 0.603327
vt 0.301853 0.603065
vt 0.326709 0.582560
vt 0.326709 0.571985
vt 0.330237 0.571985
vt 0.330237 0.612500
vt 0.330316 0.612500
vt 0.330666 0.611061
vt 0.331040 0.609729
vt 0.331436 0.608509
vt 0.331852 0.607402
vt 0.332286 0.606413
vt 0.332735 0.605545
vt 0.333197 0.604801
vt 0.333670 0.604185
vt 0.334152 0.603700
vt 0.334640 0.603349
vt 0.335133 0.603136
vt 0.335629 0.603065
vt 0.336481 0.603238
vt 0.337289 0.603760
vt 0.338048 0.604632
vt 0.338752 0.605855
vt 0.339394 0.607431
vt 0.339969 0.609361
vt 0.340472 0.611646
vt 0.340897 0.614288
vt 0.341237 0.617289
vt 0.341487 0.620649
vt 0.341641 0.624371
vt 0.341694 0.628456
vt 0.341694 0.666612
vt 0.338166 0.666612
vt 0.338166 0.628040
vt 0.338138 0.625818
vt 0.338056 0.623740
vt 0.337922 0.621813
vt 0.337737 0.620049
vt 0.337504 0.618456
vt 0.337224 0.617044
vt 0.336900 0.615823
vt 0.336533 0.614802
vt 0.336125 0.613991
vt 0.335679 0.613400
vt 0.335195 0.613039
vt 0.334677 0.612916
vt 0.334297 0.612969
vt 0.333927 0.613131
vt 0.333565 0.613408
vt 0.333209 0.613805
vt 0.332855 0.614327
vt 0.332502 0.614980
vt 0.332146 0.615769
vt 0.331785 0.616698
vt 0.331416 0.617774
vt 0.331037 0.619002
vt 0.330645 0.620387
vt 0.330237 0.621935
vt 0.330237 0.666612
vt 0.326709 0.666612
vt 0.319335 0.603065
vt 0.319837 0.603099
vt 0.320315 0.603200
vt 0.320771 0.603366
vt 0.321209 0.603594
vt 0.321633 0.603882
vt 0.322046 0.604227
vt 0.322452 0.604627
vt 0.322853 0.605079
vt 0.323254 0.605582
vt 0.323658 0.606132
vt 0.324069 0.606728
vt 0.324489 0.607366
vt 0.324489 0.620547
vt 0.323997 0.619436
vt 0.323530 0.618457
vt 0.323085 0.617603
vt 0.322659 0.616868
vt 0.322250 0.616244
vt 0.321853 0.615726
vt 0.321466 0.615305
vt 0.321086 0.614977
vt 0.320709 0.614733
vt 0.320334 0.614567
vt 0.319956 0.614472
vt 0.319573 0.614442
vt 0.318792 0.614616
vt 0.318056 0.615128
vt 0.317370 0.615962
vt 0.316738 0.617104
vt 0.316164 0.618539
vt 0.315654 0.620252
vt 0.315209 0.622229
vt 0.314837 0.624453
vt 0.314539 0.626910
vt 0.314321 0.629586
vt 0.314188 0.632465
vt 0.314142 0.635532
vt 0.314191 0.638650
vt 0.314335 0.641544
vt 0.314571 0.644206
vt 0.314894 0.646627
vt 0.315301 0.648797
vt 0.315787 0.650708
vt 0.316350 0.652350
vt 0.316985 0.653714
vt 0.317688 0.654790
vt 0.318455 0.655571
vt 0.319283 0.656046
vt 0.320168 0.656206
vt 0.320543 0.656177
vt 0.320916 0.656090
vt 0.321290 0.655946
vt 0.321664 0.655744
vt 0.322041 0.655483
vt 0.322423 0.655165
vt 0.322810 0.654790
vt 0.323204 0.654356
vt 0.323607 0.653865
vt 0.324021 0.653315
vt 0.324447 0.652708
vt 0.324885 0.652044
vt 0.324885 0.664254
vt 0.324567 0.664733
vt 0.324208 0.665195
vt 0.323816 0.665637
vt 0.323394 0.666052
vt 0.322947 0.666437
vt 0.322482 0.666786
vt 0.322003 0.667094
vt 0.321514 0.667357
vt 0.321022 0.667571
vt 0.320531 0.667729
vt 0.320046 0.667827
vt 0.319573 0.667861
vt 0.318279 0.667597
vt 0.317059 0.666820
vt 0.315920 0.665559
vt 0.314869 0.663837
vt 0.313914 0.661682
vt 0.313062 0.659120
vt 0.312321 0.656176
vt 0.311697 0.652876
vt 0.311200 0.649247
vt 0.310835 0.645314
vt 0.310611 0.641104
vt 0.310535 0.636642
vt 0.310605 0.631668
vt 0.310812 0.627025
vt 0.311152 0.622733
vt 0.311618 0.618810
vt 0.312207 0.615277
vt 0.312913 0.612153
vt 0.313732 0.609456
vt 0.314657 0.607207
vt 0.315686 0.605424
vt 0.316811 0.604126
vt 0.318030 0.603333
vt 0.302996 0.603299
vt 0.304063 0.604004
vt 0.305051 0.605181
vt 0.305954 0.606832
vt 0.306767 0.608958
vt 0.307487 0.611563
vt 0.308109 0.614648
vt 0.308627 0.618214
vt 0.309039 0.622264
vt 0.309338 0.626800
vt 0.309521 0.631823
vt 0.309583 0.637336
vt 0.297056 0.637336
vt 0.297225 0.640299
vt 0.297455 0.643011
vt 0.297746 0.645472
vt 0.298097 0.647681
vt 0.298508 0.649634
vt 0.298979 0.651332
vt 0.299509 0.652773
vt 0.300098 0.653955
vt 0.300747 0.654877
vt 0.301453 0.655537
vt 0.302219 0.655934
vt 0.303042 0.656067
vt 0.303575 0.656010
vt 0.304103 0.655840
vt 0.304628 0.655560
vt 0.305149 0.655173
vt 0.305668 0.654682
vt 0.306184 0.654090
vt 0.306698 0.653400
vt 0.307212 0.652614
vt 0.307725 0.651736
vt 0.308238 0.650768
vt 0.308751 0.649713
vt 0.309266 0.648575
vt 0.309266 0.660507
vt 0.308734 0.661701
vt 0.308206 0.662786
vt 0.307678 0.663764
vt 0.307144 0.664634
vt 0.306602 0.665398
vt 0.306045 0.666057
vt 0.305470 0.666612
vt 0.304873 0.667065
vt 0.304249 0.667414
vt 0.303593 0.667663
vt 0.302902 0.667812
vt 0.301932 0.613749
vt 0.301281 0.613863
vt 0.300674 0.614205
vt 0.300112 0.614770
vt 0.299596 0.615552
vt 0.299126 0.616549
vt 0.298701 0.617755
vt 0.298323 0.619166
vt 0.297991 0.620779
vt 0.297706 0.622587
vt 0.297469 0.624588
vt 0.297278 0.626777
vt 0.297135 0.629150
vt 0.306095 0.629150
vt 0.306035 0.626865
vt 0.305918 0.624733
vt 0.305745 0.622763
vt 0.305518 0.620964
vt 0.305237 0.619343
vt 0.304905 0.617911
vt 0.304524 0.616675
vt 0.304095 0.615645
vt 0.303619 0.614828
vt 0.303099 0.614234
vt 0.302536 0.613871
vt 0.279970 0.666612
vt 0.268076 0.603114
vt 0.268428 0.603262
vt 0.268779 0.603509
vt 0.269128 0.603856
vt 0.269477 0.604303
vt 0.269826 0.604851
vt 0.270176 0.605500
vt 0.270528 0.606251
vt 0.270881 0.607104
vt 0.271238 0.608059
vt 0.271598 0.609118
vt 0.271962 0.610280
vt 0.270099 0.620963
vt 0.269825 0.620086
vt 0.269541 0.619259
vt 0.269250 0.618488
vt 0.268955 0.617777
vt 0.268659 0.617133
vt 0.268365 0.616558
vt 0.268075 0.616059
vt 0.267794 0.615640
vt 0.267523 0.615305
vt 0.267267 0.615060
vt 0.267028 0.614910
vt 0.266809 0.614859
vt 0.266216 0.615031
vt 0.265649 0.615535
vt 0.265113 0.616348
vt 0.264614 0.617449
vt 0.264155 0.618815
vt 0.263741 0.620426
vt 0.263378 0.622259
vt 0.263070 0.624294
vt 0.262823 0.626507
vt 0.262640 0.628878
vt 0.262526 0.631385
vt 0.262487 0.634006
vt 0.248149 0.667537
vt 0.246917 0.666599
vt 0.245793 0.665099
vt 0.244777 0.663087
vt 0.243873 0.660614
vt 0.243082 0.657732
vt 0.242407 0.654492
vt 0.241850 0.650944
vt 0.241412 0.647140
vt 0.241097 0.643130
vt 0.240907 0.638967
vt 0.240843 0.634700
vt 0.240912 0.630113
vt 0.241118 0.625804
vt 0.241452 0.621796
vt 0.241908 0.618111
vt 0.242481 0.614774
vt 0.243162 0.611806
vt 0.243945 0.609231
vt 0.244824 0.607073
vt 0.245793 0.605354
vt 0.246844 0.604098
vt 0.247971 0.603327
vt 0.175869 0.576236
vt 0.177577 0.579287
vt 0.179068 0.582995
vt 0.180348 0.587265
vt 0.181419 0.591999
vt 0.195824 0.603338
vt 0.197115 0.604137
vt 0.198324 0.605434
vt 0.199442 0.607202
vt 0.200461 0.609410
vt 0.201373 0.612031
vt 0.202168 0.615037
vt 0.202838 0.618399
vt 0.203374 0.622089
vt 0.203768 0.626077
vt 0.204011 0.630337
vt 0.204094 0.634838
vt 0.204013 0.639627
vt 0.203776 0.644126
vt 0.203391 0.648310
vt 0.202865 0.652157
vt 0.202204 0.655641
vt 0.201418 0.658738
vt 0.200512 0.661425
vt 0.199495 0.663678
vt 0.198374 0.665472
vt 0.197156 0.666783
vt 0.195849 0.667588
vt 0.194421 0.656761
vt 0.195323 0.656589
vt 0.196164 0.656082
vt 0.196941 0.655250
vt 0.197649 0.654104
vt 0.198287 0.652656
vt 0.198851 0.650916
vt 0.199337 0.648896
vt 0.199742 0.646607
vt 0.200062 0.644059
vt 0.200296 0.641264
vt 0.200438 0.638233
vt 0.200486 0.634977
vt 0.200434 0.632032
vt 0.200282 0.629244
vt 0.200034 0.626633
vt 0.199698 0.624216
vt 0.199276 0.622014
vt 0.198776 0.620044
vt 0.198203 0.618326
vt 0.197561 0.616878
vt 0.196857 0.615719
vt 0.196095 0.614868
vt 0.195281 0.614344
vt 0.194421 0.614165
vt 0.193608 0.614344
vt 0.192839 0.614868
vt 0.192118 0.615717
vt 0.191450 0.616873
vt 0.190842 0.618316
vt 0.190298 0.620027
vt 0.189823 0.621986
vt 0.189423 0.624175
vt 0.189102 0.626574
vt 0.188867 0.629164
vt 0.188722 0.631925
vt 0.188673 0.634839
vt 0.188720 0.638039
vt 0.188862 0.641039
vt 0.189091 0.643825
vt 0.189405 0.646380
vt 0.189799 0.648691
vt 0.190268 0.650743
vt 0.190808 0.652519
vt 0.191415 0.654007
vt 0.192084 0.655189
vt 0.192811 0.656053
vt 0.193591 0.656581
vt 0.249247 0.613749
vt 0.248595 0.613863
vt 0.247989 0.614205
vt 0.247427 0.614770
vt 0.246911 0.615552
vt 0.246440 0.616549
vt 0.246016 0.617755
vt 0.245638 0.619166
vt 0.245306 0.620779
vt 0.245021 0.622587
vt 0.244783 0.624588
vt 0.244593 0.626777
vt 0.244450 0.629150
vt 0.253409 0.629150
vt 0.253350 0.626865
vt 0.253233 0.624733
vt 0.253060 0.622763
vt 0.252832 0.620964
vt 0.252552 0.619343
vt 0.252220 0.617911
vt 0.251839 0.616675
vt 0.251410 0.615645
vt 0.250934 0.614828
vt 0.250414 0.614234
vt 0.249851 0.613871
s 0
usemtl Red-Material
f 3/1/1 1/2/1 2/3/1
f 3/1/1 57/4/1 1/2/1
f 45/5/2 43/6/2 44/7/2
f 46/8/3 43/6/3 45/5/3
f 46/8/4 42/9/4 43/6/4
f 47/10/5 42/9/5 46/8/5
f 48/11/1 42/9/1 47/10/1
f 48/11/1 41/12/1 42/9/1
f 49/13/6 41/12/6 48/11/6
f 49/13/1 40/14/1 41/12/1
f 50/15/7 40/14/7 49/13/7
f 51/16/1 40/14/1 50/15/1
f 51/16/1 39/17/1 40/14/1
f 52/18/8 39/17/8 51/16/8
f 53/19/7 39/17/7 52/18/7
f 53/19/1 38/20/1 39/17/1
f 54/21/1 38/20/1 53/19/1
f 54/21/9 37/22/9 38/20/9
f 55/23/1 37/22/1 54/21/1
f 56/24/1 37/22/1 55/23/1
f 56/24/10 17/25/10 37/22/10
f 17/25/10 36/26/10 37/22/10
f 3/1/1 56/24/1 57/4/1
f 3/1/1 5/27/1 56/24/1
f 5/27/1 6/28/1 56/24/1
f 6/28/1 7/29/1 56/24/1
f 7/29/11 8/30/11 56/24/11
f 8/30/12 9/31/12 56/24/12
f 9/31/1 10/32/1 56/24/1
f 10/32/1 11/33/1 56/24/1
f 11/33/1 12/34/1 56/24/1
f 12/34/1 13/35/1 56/24/1
f 13/35/1 14/36/1 56/24/1
f 14/36/1 15/37/1 56/24/1
f 15/37/1 16/38/1 56/24/1
f 16/38/1 17/25/1 56/24/1
f 18/39/1 36/26/1 17/25/1
f 19/40/1 36/26/1 18/39/1
f 20/41/1 36/26/1 19/40/1
f 21/42/1 36/26/1 20/41/1
f 21/42/1 35/43/1 36/26/1
f 22/44/1 35/43/1 21/42/1
f 23/45/1 35/43/1 22/44/1
f 24/46/1 35/43/1 23/45/1
f 24/46/1 34/47/1 35/43/1
f 25/48/1 34/47/1 24/46/1
f 26/49/1 34/47/1 25/48/1
f 26/49/1 33/50/1 34/47/1
f 27/51/1 33/50/1 26/49/1
f 3/1/1 4/52/1 5/27/1
f 28/53/1 33/50/1 27/51/1
f 28/53/1 32/54/1 33/50/1
f 29/55/1 32/54/1 28/53/1
f 30/56/1 32/54/1 29/55/1
f 30/56/1 31/57/1 32/54/1
f 71/58/1 69/59/1 70/60/1
f 71/58/13 68/61/13 69/59/13
f 71/58/7 67/62/7 68/61/7
f 72/63/9 67/62/9 71/58/9
f 72/63/14 66/64/14 67/62/14
f 72/63/1 65/65/1 66/64/1
f 72/63/1 64/66/1 65/65/1
f 73/67/1 64/66/1 72/63/1
f 73/67/1 63/68/1 64/66/1
f 73/67/1 62/69/1 63/68/1
f 73/67/1 61/70/1 62/69/1
f 74/71/9 61/70/9 73/67/9
f 74/71/1 60/72/1 61/70/1
f 74/71/1 59/73/1 60/72/1
f 74/71/1 58/2/1 59/73/1
f 75/74/1 58/2/1 74/71/1
f 75/74/1 147/75/1 58/2/1
f 147/75/1 148/76/1 58/2/1
f 148/76/1 149/77/1 58/2/1
f 149/77/15 150/78/15 58/2/15
f 150/78/16 151/79/16 58/2/16
f 151/79/15 152/80/15 58/2/15
f 152/80/1 153/81/1 58/2/1
f 153/81/17 154/82/17 58/2/17
f 154/82/1 155/4/1 58/2/1
f 76/83/10 145/84/10 75/74/10
f 145/84/10 146/85/10 75/74/10
f 146/85/4 147/75/4 75/74/4
f 77/86/1 143/87/1 76/83/1
f 143/87/1 144/88/1 76/83/1
f 144/88/7 145/84/7 76/83/7
f 77/86/1 142/89/1 143/87/1
f 77/86/1 141/90/1 142/89/1
f 77/86/1 140/91/1 141/90/1
f 78/92/1 140/91/1 77/86/1
f 78/92/1 139/93/1 140/91/1
f 78/92/8 138/94/8 139/93/8
f 78/92/10 137/95/10 138/94/10
f 79/96/1 137/95/1 78/92/1
f 79/96/9 136/97/9 137/95/9
f 79/96/10 135/98/10 136/97/10
f 80/99/1 135/98/1 79/96/1
f 80/99/1 134/100/1 135/98/1
f 80/99/1 133/101/1 134/100/1
f 81/102/1 133/101/1 80/99/1
f 81/102/1 132/103/1 133/101/1
f 82/104/1 132/103/1 81/102/1
f 82/104/1 131/105/1 132/103/1
f 82/104/1 130/106/1 131/105/1
f 83/107/1 130/106/1 82/104/1
f 83/107/1 129/108/1 130/106/1
f 84/109/1 129/108/1 83/107/1
f 84/109/9 128/110/9 129/108/9
f 84/109/1 127/111/1 128/110/1
f 85/112/1 127/111/1 84/109/1
f 85/112/10 126/113/10 127/111/10
f 85/112/1 125/114/1 126/113/1
f 86/115/1 125/114/1 85/112/1
f 86/115/1 124/116/1 125/114/1
f 108/117/1 106/118/1 107/119/1
f 86/115/1 123/120/1 124/116/1
f 109/121/1 106/118/1 108/117/1
f 87/122/1 123/120/1 86/115/1
f 110/123/17 106/118/17 109/121/17
f 87/122/1 122/124/1 123/120/1
f 111/125/11 106/118/11 110/123/11
f 112/126/1 106/118/1 111/125/1
f 113/127/1 106/118/1 112/126/1
f 87/122/8 121/128/8 122/124/8
f 114/129/1 106/118/1 113/127/1
f 115/130/1 106/118/1 114/129/1
f 87/122/1 120/131/1 121/128/1
f 116/132/1 106/118/1 115/130/1
f 117/133/18 106/118/18 116/132/18
f 87/122/19 119/134/19 120/131/19
f 118/135/20 106/118/20 117/133/20
f 88/136/9 119/134/9 87/122/9
f 119/134/1 106/118/1 118/135/1
f 88/136/1 106/118/1 119/134/1
f 89/137/10 106/118/10 88/136/10
f 90/138/1 106/118/1 89/137/1
f 91/139/9 106/118/9 90/138/9
f 91/139/21 105/140/21 106/118/21
f 91/139/22 104/141/22 105/140/22
f 91/139/21 103/142/21 104/141/21
f 92/143/10 103/142/10 91/139/10
f 92/143/1 102/144/1 103/142/1
f 92/143/1 101/145/1 102/144/1
f 92/143/1 100/146/1 101/145/1
f 92/143/1 99/147/1 100/146/1
f 93/148/1 99/147/1 92/143/1
f 93/148/1 98/149/1 99/147/1
f 93/148/1 97/150/1 98/149/1
f 93/148/1 96/151/1 97/150/1
f 94/152/1 96/151/1 93/148/1
f 94/152/10 95/153/10 96/151/10
f 194/154/1 192/155/1 193/156/1
f 194/154/1 191/42/1 192/155/1
f 195/157/1 191/42/1 194/154/1
f 195/157/1 190/158/1 191/42/1
f 196/159/1 190/158/1 195/157/1
f 196/159/1 189/160/1 190/158/1
f 197/161/9 189/160/9 196/159/9
f 197/161/1 188/162/1 189/160/1
f 198/48/1 188/162/1 197/161/1
f 198/48/1 187/163/1 188/162/1
f 199/164/10 187/163/10 198/48/10
f 199/164/1 186/165/1 187/163/1
f 200/166/1 242/167/1 199/164/1
f 242/167/1 186/165/1 199/164/1
f 200/166/1 241/168/1 242/167/1
f 243/169/8 186/165/8 242/167/8
f 200/166/1 240/13/1 241/168/1
f 244/170/1 186/165/1 243/169/1
f 200/166/1 239/171/1 240/13/1
f 245/172/1 186/165/1 244/170/1
f 245/172/1 185/173/1 186/165/1
f 200/166/1 238/174/1 239/171/1
f 201/175/9 238/174/9 200/166/9
f 246/176/1 185/173/1 245/172/1
f 201/175/8 237/177/8 238/174/8
f 247/19/8 185/173/8 246/176/8
f 201/175/7 236/178/7 237/177/7
f 248/179/7 185/173/7 247/19/7
f 201/175/1 235/180/1 236/178/1
f 249/181/1 185/173/1 248/179/1
f 202/182/10 235/180/10 201/175/10
f 249/181/1 184/25/1 185/173/1
f 202/182/1 234/183/1 235/180/1
f 250/184/9 184/25/9 249/181/9
f 202/182/1 233/5/1 234/183/1
f 251/185/10 184/25/10 250/184/10
f 203/186/1 233/5/1 202/182/1
f 251/185/1 183/187/1 184/25/1
f 203/186/9 232/188/9 233/5/9
f 252/189/9 183/187/9 251/185/9
f 203/186/10 231/190/10 232/188/10
f 253/191/10 183/187/10 252/189/10
f 204/192/1 231/190/1 203/186/1
f 204/192/1 230/193/1 231/190/1
f 253/191/1 182/194/1 183/187/1
f 254/4/1 182/194/1 253/191/1
f 204/192/8 254/4/8 230/193/8
f 204/192/9 182/194/9 254/4/9
f 205/55/1 182/194/1 204/192/1
f 205/55/1 181/195/1 182/194/1
f 206/196/1 180/197/1 205/55/1
f 180/197/1 181/195/1 205/55/1
f 206/196/1 179/198/1 180/197/1
f 207/199/1 179/198/1 206/196/1
f 207/199/9 178/200/9 179/198/9
f 207/199/10 177/35/10 178/200/10
f 208/201/1 177/35/1 207/199/1
f 208/201/1 176/202/1 177/35/1
f 209/203/1 176/202/1 208/201/1
f 209/203/1 175/204/1 176/202/1
f 157/205/1 229/206/1 156/2/1
f 209/203/9 174/207/9 175/204/9
f 158/208/1 229/206/1 157/205/1
f 159/209/1 229/206/1 158/208/1
f 210/210/1 174/207/1 209/203/1
f 210/210/1 173/211/1 174/207/1
f 160/212/1 229/206/1 159/209/1
f 161/213/1 229/206/1 160/212/1
f 210/210/10 172/214/10 173/211/10
f 162/215/1 229/206/1 161/213/1
f 210/210/1 171/216/1 172/214/1
f 163/27/1 229/206/1 162/215/1
f 211/217/1 171/216/1 210/210/1
f 164/218/1 229/206/1 163/27/1
f 211/217/1 170/31/1 171/216/1
f 165/219/1 229/206/1 164/218/1
f 211/217/1 169/220/1 170/31/1
f 166/221/1 229/206/1 165/219/1
f 167/222/1 229/206/1 166/221/1
f 211/217/1 168/223/1 169/220/1
f 168/223/1 229/206/1 167/222/1
f 211/217/1 229/206/1 168/223/1
f 212/50/1 229/206/1 211/217/1
f 212/50/1 228/224/1 229/206/1
f 213/225/9 228/224/9 212/50/9
f 213/225/1 227/226/1 228/224/1
f 213/225/1 226/12/1 227/226/1
f 214/227/10 226/12/10 213/225/10
f 214/227/8 225/228/8 226/12/8
f 214/227/7 224/229/7 225/228/7
f 215/230/9 224/229/9 214/227/9
f 215/230/1 223/231/1 224/229/1
f 215/230/1 222/232/1 223/231/1
f 216/233/1 222/232/1 215/230/1
f 216/233/10 221/234/10 222/232/10
f 216/233/10 220/235/10 221/234/10
f 216/233/7 219/22/7 220/235/7
f 217/236/21 219/22/21 216/233/21
f 217/236/1 218/237/1 219/22/1
f 257/25/1 255/2/1 256/31/1
f 257/25/1 262/4/1 255/2/1
f 258/48/23 262/4/23 257/25/23
f 259/50/1 261/13/1 258/48/1
f 261/13/24 262/4/24 258/48/24
f 259/50/1 260/12/1 261/13/1
f 304/238/1 302/239/1 303/240/1
f 304/238/3 301/241/3 302/239/3
f 305/242/8 301/241/8 304/238/8
f 305/242/25 300/243/25 301/241/25
f 306/244/1 300/243/1 305/242/1
f 306/244/1 299/245/1 300/243/1
f 306/244/1 298/246/1 299/245/1
f 307/247/1 298/246/1 306/244/1
f 307/247/1 297/248/1 298/246/1
f 264/249/1 317/4/1 263/2/1
f 264/249/1 316/250/1 317/4/1
f 308/251/1 297/248/1 307/247/1
f 308/251/1 296/252/1 297/248/1
f 308/251/1 295/253/1 296/252/1
f 309/254/1 295/253/1 308/251/1
f 309/254/1 294/255/1 295/253/1
f 310/256/1 294/255/1 309/254/1
f 310/256/1 293/257/1 294/255/1
f 310/256/1 292/258/1 293/257/1
f 311/259/9 292/258/9 310/256/9
f 311/259/1 291/260/1 292/258/1
f 312/261/10 291/260/10 311/259/10
f 312/261/1 281/262/1 291/260/1
f 281/262/26 282/263/26 291/260/26
f 282/263/1 283/264/1 291/260/1
f 283/264/1 284/265/1 291/260/1
f 284/265/1 285/266/1 291/260/1
f 285/266/15 286/267/15 291/260/15
f 286/267/16 287/268/16 291/260/16
f 287/268/1 288/269/1 291/260/1
f 288/269/15 289/270/15 291/260/15
f 289/270/16 290/55/16 291/260/16
f 313/271/9 279/272/9 312/261/9
f 279/272/27 280/273/27 312/261/27
f 280/273/28 281/262/28 312/261/28
f 314/274/10 277/275/10 313/271/10
f 277/275/10 278/276/10 313/271/10
f 278/276/29 279/272/29 313/271/29
f 314/274/1 276/277/1 277/275/1
f 314/274/1 275/278/1 276/277/1
f 315/279/1 275/278/1 314/274/1
f 315/279/1 274/280/1 275/278/1
f 315/279/1 273/281/1 274/280/1
f 264/249/1 315/279/1 316/250/1
f 264/249/1 269/282/1 315/279/1
f 269/282/1 270/283/1 315/279/1
f 270/283/11 271/284/11 315/279/11
f 271/284/9 272/285/9 315/279/9
f 272/285/1 273/281/1 315/279/1
f 264/249/1 268/286/1 269/282/1
f 264/249/1 267/287/1 268/286/1
f 264/249/30 266/288/30 267/287/30
f 264/249/1 265/289/1 266/288/1
f 356/154/1 354/155/1 355/156/1
f 356/154/1 353/42/1 354/155/1
f 357/157/1 353/42/1 356/154/1
f 357/157/1 352/158/1 353/42/1
f 358/159/1 352/158/1 357/157/1
f 358/159/1 351/160/1 352/158/1
f 359/161/9 351/160/9 358/159/9
f 359/161/1 350/162/1 351/160/1
f 360/48/1 350/162/1 359/161/1
f 360/48/1 349/163/1 350/162/1
f 361/164/10 349/163/10 360/48/10
f 361/164/1 348/165/1 349/163/1
f 362/166/1 404/167/1 361/164/1
f 404/167/1 348/165/1 361/164/1
f 362/166/2 403/168/2 404/167/2
f 405/169/1 348/165/1 404/167/1
f 362/166/31 402/13/31 403/168/31
f 406/170/1 348/165/1 405/169/1
f 362/166/4 401/171/4 402/13/4
f 407/172/1 348/165/1 406/170/1
f 407/172/9 347/173/9 348/165/9
f 362/166/1 400/174/1 401/171/1
f 363/175/1 400/174/1 362/166/1
f 408/176/1 347/173/1 407/172/1
f 363/175/1 399/177/1 400/174/1
f 409/19/1 347/173/1 408/176/1
f 363/175/1 398/178/1 399/177/1
f 410/179/1 347/173/1 409/19/1
f 363/175/9 397/180/9 398/178/9
f 411/181/1 347/173/1 410/179/1
f 364/182/1 397/180/1 363/175/1
f 411/181/10 346/25/10 347/173/10
f 364/182/10 396/183/10 397/180/10
f 412/184/9 346/25/9 411/181/9
f 364/182/1 395/5/1 396/183/1
f 413/185/1 346/25/1 412/184/1
f 365/186/1 395/5/1 364/182/1
f 413/185/1 345/187/1 346/25/1
f 365/186/1 394/188/1 395/5/1
f 414/189/10 345/187/10 413/185/10
f 365/186/1 393/190/1 394/188/1
f 415/191/9 345/187/9 414/189/9
f 366/192/1 393/190/1 365/186/1
f 366/192/1 392/193/1 393/190/1
f 415/191/1 344/194/1 345/187/1
f 416/4/10 344/194/10 415/191/10
f 366/192/1 416/4/1 392/193/1
f 366/192/1 344/194/1 416/4/1
f 367/55/1 344/194/1 366/192/1
f 367/55/1 343/195/1 344/194/1
f 368/196/1 342/197/1 367/55/1
f 342/197/10 343/195/10 367/55/10
f 368/196/1 341/198/1 342/197/1
f 369/199/1 341/198/1 368/196/1
f 369/199/1 340/200/1 341/198/1
f 369/199/1 339/35/1 340/200/1
f 370/201/1 339/35/1 369/199/1
f 370/201/1 338/202/1 339/35/1
f 371/203/1 338/202/1 370/201/1
f 371/203/1 337/204/1 338/202/1
f 319/205/1 391/206/1 318/2/1
f 371/203/1 336/207/1 337/204/1
f 320/208/1 391/206/1 319/205/1
f 321/209/1 391/206/1 320/208/1
f 372/210/1 336/207/1 371/203/1
f 372/210/1 335/211/1 336/207/1
f 322/212/1 391/206/1 321/209/1
f 323/213/1 391/206/1 322/212/1
f 372/210/1 334/214/1 335/211/1
f 324/215/1 391/206/1 323/213/1
f 372/210/1 333/216/1 334/214/1
f 325/27/1 391/206/1 324/215/1
f 373/217/1 333/216/1 372/210/1
f 326/218/1 391/206/1 325/27/1
f 373/217/1 332/31/1 333/216/1
f 327/219/1 391/206/1 326/218/1
f 373/217/1 331/220/1 332/31/1
f 328/221/1 391/206/1 327/219/1
f 329/222/1 391/206/1 328/221/1
f 373/217/1 330/223/1 331/220/1
f 330/223/1 391/206/1 329/222/1
f 373/217/1 391/206/1 330/223/1
f 374/50/1 391/206/1 373/217/1
f 374/50/1 390/224/1 391/206/1
f 375/225/1 390/224/1 374/50/1
f 375/225/1 389/226/1 390/224/1
f 375/225/1 388/12/1 389/226/1
f 376/227/1 388/12/1 375/225/1
f 376/227/1 387/228/1 388/12/1
f 376/227/1 386/229/1 387/228/1
f 377/230/9 386/229/9 376/227/9
f 377/230/1 385/231/1 386/229/1
f 377/230/1 384/232/1 385/231/1
f 378/233/7 384/232/7 377/230/7
f 378/233/2 383/234/2 384/232/2
f 378/233/32 382/235/32 383/234/32
f 378/233/1 381/22/1 382/235/1
f 379/236/1 381/22/1 378/233/1
f 379/236/10 380/237/10 381/22/10
f 461/5/1 459/6/1 460/7/1
f 462/8/1 459/6/1 461/5/1
f 462/8/1 458/9/1 459/6/1
f 463/10/1 458/9/1 462/8/1
f 464/11/1 458/9/1 463/10/1
f 464/11/1 457/12/1 458/9/1
f 465/13/6 457/12/6 464/11/6
f 419/1/1 417/2/1 418/3/1
f 419/1/1 473/4/1 417/2/1
f 465/13/1 456/14/1 457/12/1
f 466/15/7 456/14/7 465/13/7
f 467/16/1 456/14/1 466/15/1
f 467/16/1 455/17/1 456/14/1
f 468/18/1 455/17/1 467/16/1
f 468/18/1 454/20/1 455/17/1
f 469/19/1 454/20/1 468/18/1
f 470/21/8 454/20/8 469/19/8
f 470/21/1 453/22/1 454/20/1
f 471/23/10 453/22/10 470/21/10
f 472/24/1 453/22/1 471/23/1
f 472/24/1 433/25/1 453/22/1
f 433/25/1 452/26/1 453/22/1
f 419/1/1 472/24/1 473/4/1
f 419/1/1 421/27/1 472/24/1
f 421/27/1 422/28/1 472/24/1
f 422/28/1 423/29/1 472/24/1
f 423/29/1 424/30/1 472/24/1
f 424/30/1 425/31/1 472/24/1
f 425/31/1 426/32/1 472/24/1
f 426/32/33 427/33/33 472/24/33
f 427/33/1 428/34/1 472/24/1
f 428/34/1 429/35/1 472/24/1
f 429/35/22 430/36/22 472/24/22
f 430/36/1 431/37/1 472/24/1
f 431/37/34 432/38/34 472/24/34
f 432/38/35 433/25/35 472/24/35
f 434/39/1 452/26/1 433/25/1
f 435/40/36 452/26/36 434/39/36
f 436/41/4 452/26/4 435/40/4
f 437/42/1 452/26/1 436/41/1
f 437/42/1 451/43/1 452/26/1
f 438/44/1 451/43/1 437/42/1
f 439/45/8 451/43/8 438/44/8
f 440/46/1 451/43/1 439/45/1
f 440/46/1 450/47/1 451/43/1
f 441/48/10 450/47/10 440/46/10
f 442/49/1 450/47/1 441/48/1
f 442/49/1 449/50/1 450/47/1
f 443/51/1 449/50/1 442/49/1
f 419/1/1 420/52/1 421/27/1
f 444/53/1 449/50/1 443/51/1
f 444/53/1 448/54/1 449/50/1
f 445/55/9 448/54/9 444/53/9
f 446/56/1 448/54/1 445/55/1
f 446/56/1 447/57/1 448/54/1
f 518/5/37 516/6/37 517/7/37
f 519/8/25 516/6/25 518/5/25
f 519/8/5 515/9/5 516/6/5
f 520/10/1 515/9/1 519/8/1
f 521/11/22 515/9/22 520/10/22
f 521/11/1 514/12/1 515/9/1
f 522/13/1 514/12/1 521/11/1
f 476/1/1 474/2/1 475/3/1
f 476/1/1 530/4/1 474/2/1
f 522/13/1 513/14/1 514/12/1
f 523/15/7 513/14/7 522/13/7
f 524/16/1 513/14/1 523/15/1
f 524/16/1 512/17/1 513/14/1
f 525/18/1 512/17/1 524/16/1
f 525/18/1 511/20/1 512/17/1
f 526/19/1 511/20/1 525/18/1
f 527/21/8 511/20/8 526/19/8
f 527/21/1 510/22/1 511/20/1
f 528/23/10 510/22/10 527/21/10
f 529/24/1 510/22/1 528/23/1
f 529/24/1 490/25/1 510/22/1
f 490/25/1 509/26/1 510/22/1
f 476/1/1 529/24/1 530/4/1
f 476/1/11 478/27/11 529/24/11
f 478/27/17 479/28/17 529/24/17
f 479/28/1 480/29/1 529/24/1
f 480/29/1 481/30/1 529/24/1
f 481/30/1 482/31/1 529/24/1
f 482/31/1 483/32/1 529/24/1
f 483/32/1 484/33/1 529/24/1
f 484/33/1 485/34/1 529/24/1
f 485/34/1 486/35/1 529/24/1
f 486/35/4 487/36/4 529/24/4
f 487/36/2 488/37/2 529/24/2
f 488/37/1 489/38/1 529/24/1
f 489/38/1 490/25/1 529/24/1
f 491/39/1 509/26/1 490/25/1
f 492/40/1 509/26/1 491/39/1
f 493/41/1 509/26/1 492/40/1
f 494/42/1 509/26/1 493/41/1
f 494/42/1 508/43/1 509/26/1
f 495/44/8 508/43/8 494/42/8
f 496/45/7 508/43/7 495/44/7
f 497/46/1 508/43/1 496/45/1
f 497/46/1 507/47/1 508/43/1
f 498/48/1 507/47/1 497/46/1
f 499/49/1 507/47/1 498/48/1
f 499/49/1 506/50/1 507/47/1
f 500/51/1 506/50/1 499/49/1
f 476/1/1 477/52/1 478/27/1
f 501/53/1 506/50/1 500/51/1
f 501/53/1 505/54/1 506/50/1
f 502/55/1 505/54/1 501/53/1
f 503/56/1 505/54/1 502/55/1
f 503/56/1 504/57/1 505/54/1
f 532/290/14 578/291/14 531/2/14
f 532/290/1 577/292/1 578/291/1
f 533/293/1 577/292/1 532/290/1
f 533/293/1 576/294/1 577/292/1
f 534/295/1 576/294/1 533/293/1
f 534/295/1 575/296/1 576/294/1
f 535/297/1 575/296/1 534/295/1
f 535/297/1 574/298/1 575/296/1
f 536/299/9 574/298/9 535/297/9
f 536/299/1 573/300/1 574/298/1
f 537/301/10 573/300/10 536/299/10
f 537/301/9 572/302/9 573/300/9
f 538/303/9 579/304/9 537/301/9
f 579/304/10 572/302/10 537/301/10
f 538/303/21 626/4/21 579/304/21
f 580/305/35 572/302/35 579/304/35
f 538/303/10 625/306/10 626/4/10
f 581/307/21 572/302/21 580/305/21
f 538/303/1 624/308/1 625/306/1
f 582/309/1 572/302/1 581/307/1
f 582/309/1 571/310/1 572/302/1
f 539/311/1 624/308/1 538/303/1
f 539/311/1 623/312/1 624/308/1
f 583/313/8 571/310/8 582/309/8
f 539/311/1 622/314/1 623/312/1
f 584/315/10 571/310/10 583/313/10
f 539/311/9 621/316/9 622/314/9
f 585/317/1 571/310/1 584/315/1
f 585/317/10 570/318/10 571/310/10
f 540/319/10 621/316/10 539/311/10
f 540/319/10 620/320/10 621/316/10
f 586/321/1 570/318/1 585/317/1
f 540/319/9 619/322/9 620/320/9
f 587/323/1 570/318/1 586/321/1
f 587/323/1 569/324/1 570/318/1
f 541/325/1 619/322/1 540/319/1
f 541/325/1 618/326/1 619/322/1
f 588/327/1 569/324/1 587/323/1
f 588/327/1 568/328/1 569/324/1
f 542/329/1 618/326/1 541/325/1
f 542/329/10 617/330/10 618/326/10
f 589/331/1 568/328/1 588/327/1
f 542/329/1 616/332/1 617/330/1
f 590/333/1 568/328/1 589/331/1
f 590/333/1 567/334/1 568/328/1
f 543/335/1 616/332/1 542/329/1
f 543/335/1 615/336/1 616/332/1
f 591/337/1 567/334/1 590/333/1
f 544/338/1 615/336/1 543/335/1
f 544/338/1 614/339/1 615/336/1
f 591/337/1 566/340/1 567/334/1
f 592/341/1 566/340/1 591/337/1
f 544/338/1 613/342/1 614/339/1
f 593/343/1 566/340/1 592/341/1
f 545/344/1 613/342/1 544/338/1
f 593/343/1 565/345/1 566/340/1
f 545/344/1 612/346/1 613/342/1
f 594/347/9 565/345/9 593/343/9
f 545/344/1 611/348/1 612/346/1
f 546/349/1 611/348/1 545/344/1
f 595/350/10 565/345/10 594/347/10
f 595/350/1 564/351/1 565/345/1
f 546/349/1 610/352/1 611/348/1
f 596/353/1 564/351/1 595/350/1
f 547/354/1 610/352/1 546/349/1
f 596/353/1 563/355/1 564/351/1
f 547/354/9 609/356/9 610/352/9
f 597/357/1 563/355/1 596/353/1
f 547/354/10 608/358/10 609/356/10
f 598/359/1 563/355/1 597/357/1
f 548/360/1 608/358/1 547/354/1
f 598/359/1 562/361/1 563/355/1
f 548/360/1 607/362/1 608/358/1
f 599/363/1 562/361/1 598/359/1
f 548/360/1 606/364/1 607/362/1
f 600/365/1 562/361/1 599/363/1
f 548/360/1 605/366/1 606/364/1
f 601/367/1 562/361/1 600/365/1
f 549/368/1 605/366/1 548/360/1
f 601/367/1 561/369/1 562/361/1
f 549/368/1 604/370/1 605/366/1
f 602/371/8 561/369/8 601/367/8
f 549/368/1 603/372/1 604/370/1
f 603/372/21 561/369/21 602/371/21
f 549/368/1 561/369/1 603/372/1
f 550/373/9 561/369/9 549/368/9
f 550/373/1 560/374/1 561/369/1
f 551/375/10 560/374/10 550/373/10
f 551/375/1 559/376/1 560/374/1
f 552/377/1 559/376/1 551/375/1
f 552/377/1 558/378/1 559/376/1
f 553/379/1 558/378/1 552/377/1
f 553/379/1 557/380/1 558/378/1
f 554/381/1 557/380/1 553/379/1
f 554/381/1 556/382/1 557/380/1
f 555/383/36 556/382/36 554/381/36
f 627/2/1 654/384/1 653/385/1
f 654/384/1 652/386/1 653/385/1
f 654/384/10 651/387/10 652/386/10
f 654/384/1 650/388/1 651/387/1
f 654/384/1 649/389/1 650/388/1
f 654/384/1 648/390/1 649/389/1
f 654/384/1 647/391/1 648/390/1
f 654/384/7 655/392/7 647/391/7
f 655/392/10 656/393/10 647/391/10
f 656/393/1 646/394/1 647/391/1
f 627/2/1 680/4/1 654/384/1
f 657/395/1 646/394/1 656/393/1
f 658/396/1 646/394/1 657/395/1
f 659/397/1 646/394/1 658/396/1
f 659/397/1 645/398/1 646/394/1
f 660/399/1 645/398/1 659/397/1
f 661/400/1 645/398/1 660/399/1
f 661/400/1 644/401/1 645/398/1
f 662/402/1 644/401/1 661/400/1
f 662/402/1 643/403/1 644/401/1
f 663/404/1 643/403/1 662/402/1
f 664/405/1 643/403/1 663/404/1
f 664/405/1 642/406/1 643/403/1
f 665/407/1 642/406/1 664/405/1
f 665/407/1 641/408/1 642/406/1
f 666/409/1 641/408/1 665/407/1
f 666/409/1 640/410/1 641/408/1
f 667/411/1 640/410/1 666/409/1
f 668/412/1 640/410/1 667/411/1
f 668/412/1 639/413/1 640/410/1
f 669/414/9 639/413/9 668/412/9
f 669/414/1 638/415/1 639/413/1
f 670/416/1 638/415/1 669/414/1
f 671/417/1 638/415/1 670/416/1
f 671/417/1 637/418/1 638/415/1
f 672/419/1 637/418/1 671/417/1
f 672/419/1 636/420/1 637/418/1
f 673/421/1 636/420/1 672/419/1
f 674/422/1 636/420/1 673/421/1
f 674/422/1 635/423/1 636/420/1
f 675/424/1 635/423/1 674/422/1
f 675/424/1 634/425/1 635/423/1
f 676/426/1 634/425/1 675/424/1
f 677/427/9 634/425/9 676/426/9
f 677/427/1 633/428/1 634/425/1
f 678/429/10 633/428/10 677/427/10
f 679/430/1 633/428/1 678/429/1
f 627/2/1 679/430/1 680/4/1
f 627/2/1 633/428/1 679/430/1
f 627/2/1 632/431/1 633/428/1
f 627/2/1 631/432/1 632/431/1
f 627/2/9 630/433/9 631/432/9
f 627/2/7 629/434/7 630/433/7
f 627/2/22 628/435/22 629/434/22
f 3/1/38 2/3/38 1625/3/38 1626/436/38 1624/1/38
f 2/3/23 1/2/23 1628/2/23 1625/3/23
f 1/2/39 57/4/39 1627/4/39 1628/2/39
f 45/5/40 44/7/40 1735/437/40 1734/5/40
f 44/7/41 43/6/41 1754/6/41 1735/437/41
f 46/8/42 45/5/42 1734/5/42 1732/438/42
f 43/6/43 42/9/43 1755/9/43 1754/6/43
f 47/10/44 46/8/44 1732/438/44 1733/439/44
f 48/11/45 47/10/45 1733/439/45 1736/440/45
f 42/9/46 41/12/46 1756/12/46 1755/9/46
f 49/13/47 48/11/47 1736/440/47 1739/441/47
f 41/12/48 40/14/48 1757/14/48 1756/12/48
f 50/15/49 49/13/49 1739/441/49 1737/15/49
f 51/16/50 50/15/50 1737/15/50 1738/442/50
f 40/14/51 39/17/51 1758/17/51 1757/14/51
f 52/18/52 51/16/52 1738/442/52 1740/443/52
f 53/19/53 52/18/53 1740/443/53 1742/19/53
f 39/17/54 38/20/54 1759/20/54 1758/17/54
f 54/21/55 53/19/55 1742/19/55 1741/21/55
f 38/20/56 37/22/56 1772/444/56 1759/20/56
f 55/23/57 54/21/57 1741/21/57 1620/445/57
f 56/24/58 55/23/58 1620/445/58 1621/24/58
f 37/22/59 36/26/59 1773/26/59 1772/444/59
f 57/4/23 56/24/23 1621/24/23 1627/4/23
f 6/28/60 5/27/60 1629/446/60 1623/447/60
f 7/29/61 6/28/61 1623/447/61 1622/448/61
f 8/30/62 7/29/62 1622/448/62 1753/30/62
f 9/31/63 8/30/63 1753/30/63 1752/449/63
f 10/32/64 9/31/64 1752/449/64 1751/450/64
f 11/33/65 10/32/65 1751/450/65 1750/33/65
f 12/34/66 11/33/66 1750/33/66 1747/34/66
f 13/35/67 12/34/67 1747/34/67 1748/451/67
f 14/36/68 13/35/68 1748/451/68 1749/36/68
f 15/37/69 14/36/69 1749/36/69 1746/37/69
f 16/38/70 15/37/70 1746/37/70 1745/38/70
f 17/25/71 16/38/71 1745/38/71 1743/452/71
f 18/39/72 17/25/72 1743/452/72 1744/453/72
f 19/40/73 18/39/73 1744/453/73 1760/40/73
f 20/41/74 19/40/74 1760/40/74 1761/41/74
f 21/42/75 20/41/75 1761/41/75 1762/42/75
f 36/26/76 35/43/76 1774/43/76 1773/26/76
f 22/44/77 21/42/77 1762/42/77 1763/44/77
f 23/45/78 22/44/78 1763/44/78 1766/454/78
f 24/46/79 23/45/79 1766/454/79 1765/455/79
f 35/43/80 34/47/80 1775/47/80 1774/43/80
f 25/48/81 24/46/81 1765/455/81 1764/48/81
f 26/49/82 25/48/82 1764/48/82 1767/456/82
f 34/47/83 33/50/83 1776/50/83 1775/47/83
f 27/51/84 26/49/84 1767/456/84 1768/51/84
f 4/52/24 3/1/24 1624/1/24 1630/457/24
f 5/27/39 4/52/39 1630/457/39 1629/446/39
f 28/53/85 27/51/85 1768/51/85 1769/53/85
f 33/50/86 32/54/86 1777/54/86 1776/50/86
f 29/55/87 28/53/87 1769/53/87 1770/55/87
f 30/56/38 29/55/38 1770/55/38 1771/56/38
f 31/57/24 30/56/24 1771/56/24 1778/57/24
f 32/54/39 31/57/39 1778/57/39 1777/54/39
f 71/58/88 70/60/88 1670/60/88 1685/58/88
f 70/60/89 69/59/89 1672/59/89 1670/60/89
f 69/59/90 68/61/90 1671/458/90 1672/59/90
f 68/61/91 67/62/91 1673/62/91 1671/458/91
f 72/63/92 71/58/92 1685/58/92 1686/63/92
f 67/62/93 66/64/93 1652/459/93 1673/62/93
f 66/64/94 65/65/94 1651/65/94 1652/459/94
f 65/65/95 64/66/95 1650/66/95 1651/65/95
f 73/67/96 72/63/96 1686/63/96 1687/67/96
f 64/66/97 63/68/97 1654/68/97 1650/66/97
f 63/68/98 62/69/98 1653/460/98 1654/68/98
f 62/69/99 61/70/99 1637/70/99 1653/460/99
f 74/71/100 73/67/100 1687/67/100 1703/71/100
f 61/70/101 60/72/101 1636/72/101 1637/70/101
f 60/72/102 59/73/102 1635/73/102 1636/72/102
f 59/73/103 58/2/103 1638/2/103 1635/73/103
f 75/74/104 74/71/104 1703/71/104 1704/74/104
f 148/76/105 147/75/105 1658/75/105 1657/76/105
f 149/77/106 148/76/106 1657/76/106 1655/77/106
f 150/78/107 149/77/107 1655/77/107 1656/78/107
f 151/79/108 150/78/108 1656/78/108 1659/79/108
f 152/80/109 151/79/109 1659/79/109 1640/461/109
f 153/81/110 152/80/110 1640/461/110 1641/81/110
f 154/82/111 153/81/111 1641/81/111 1642/82/111
f 155/4/112 154/82/112 1642/82/112 1639/4/112
f 58/2/39 155/4/39 1639/4/39 1638/2/39
f 76/83/113 75/74/113 1704/74/113 1716/83/113
f 146/85/114 145/84/114 1674/84/114 1675/85/114
f 147/75/115 146/85/115 1675/85/115 1658/75/115
f 77/86/116 76/83/116 1716/83/116 1717/86/116
f 144/88/117 143/87/117 1676/87/117 1677/88/117
f 145/84/118 144/88/118 1677/88/118 1674/84/118
f 143/87/119 142/89/119 1688/462/119 1676/87/119
f 142/89/120 141/90/120 1689/90/120 1688/462/120
f 141/90/121 140/91/121 1690/91/121 1689/90/121
f 78/92/122 77/86/122 1717/86/122 1720/92/122
f 140/91/123 139/93/123 1691/93/123 1690/91/123
f 139/93/124 138/94/124 1692/94/124 1691/93/124
f 138/94/125 137/95/125 1693/463/125 1692/94/125
f 79/96/126 78/92/126 1720/92/126 1721/96/126
f 137/95/127 136/97/127 1705/97/127 1693/463/127
f 136/97/128 135/98/128 1706/464/128 1705/97/128
f 80/99/129 79/96/129 1721/96/129 1724/99/129
f 135/98/130 134/100/130 1707/100/130 1706/464/130
f 134/100/131 133/101/131 1708/465/131 1707/100/131
f 81/102/132 80/99/132 1724/99/132 1725/102/132
f 133/101/133 132/103/133 1709/103/133 1708/465/133
f 82/104/134 81/102/134 1725/102/134 1728/104/134
f 132/103/135 131/105/135 1710/466/135 1709/103/135
f 131/105/136 130/106/136 1711/106/136 1710/466/136
f 83/107/137 82/104/137 1728/104/137 1727/107/137
f 130/106/138 129/108/138 1712/108/138 1711/106/138
f 84/109/139 83/107/139 1727/107/139 1726/109/139
f 129/108/140 128/110/140 1713/110/140 1712/108/140
f 128/110/141 127/111/141 1714/467/141 1713/110/141
f 85/112/142 84/109/142 1726/109/142 1723/112/142
f 127/111/143 126/113/143 1694/113/143 1714/467/143
f 126/113/144 125/114/144 1695/468/144 1694/113/144
f 86/115/145 85/112/145 1723/112/145 1722/115/145
f 125/114/146 124/116/146 1696/116/146 1695/468/146
f 108/117/147 107/119/147 1633/119/147 1632/117/147
f 107/119/39 106/118/39 1631/118/39 1633/119/39
f 124/116/148 123/120/148 1698/120/148 1696/116/148
f 109/121/149 108/117/149 1632/117/149 1643/121/149
f 87/122/150 86/115/150 1722/115/150 1719/122/150
f 110/123/151 109/121/151 1643/121/151 1644/123/151
f 123/120/152 122/124/152 1697/469/152 1698/120/152
f 111/125/153 110/123/153 1644/123/153 1645/125/153
f 112/126/154 111/125/154 1645/125/154 1660/126/154
f 113/127/155 112/126/155 1660/126/155 1661/127/155
f 122/124/156 121/128/156 1699/470/156 1697/469/156
f 114/129/157 113/127/157 1661/127/157 1662/129/157
f 115/130/158 114/129/158 1662/129/158 1663/130/158
f 121/128/159 120/131/159 1680/131/159 1699/470/159
f 116/132/160 115/130/160 1663/130/160 1664/132/160
f 117/133/161 116/132/161 1664/132/161 1665/133/161
f 120/131/162 119/134/162 1679/134/162 1680/131/162
f 118/135/163 117/133/163 1665/133/163 1678/135/163
f 88/136/164 87/122/164 1719/122/164 1718/136/164
f 119/134/165 118/135/165 1678/135/165 1679/134/165
f 89/137/166 88/136/166 1718/136/166 1715/471/166
f 90/138/167 89/137/167 1715/471/167 1702/472/167
f 91/139/168 90/138/168 1702/472/168 1701/473/168
f 106/118/169 105/140/169 1634/140/169 1631/118/169
f 105/140/170 104/141/170 1646/474/170 1634/140/170
f 104/141/171 103/142/171 1647/142/171 1646/474/171
f 92/143/172 91/139/172 1701/473/172 1700/143/172
f 103/142/173 102/144/173 1648/144/173 1647/142/173
f 102/144/174 101/145/174 1649/145/174 1648/144/174
f 101/145/175 100/146/175 1666/146/175 1649/145/175
f 100/146/176 99/147/176 1667/147/176 1666/146/176
f 93/148/177 92/143/177 1700/143/177 1683/148/177
f 99/147/178 98/149/178 1668/475/178 1667/147/178
f 98/149/179 97/150/179 1669/150/179 1668/475/179
f 97/150/180 96/151/180 1681/151/180 1669/150/180
f 94/152/181 93/148/181 1683/148/181 1682/476/181
f 95/153/182 94/152/182 1682/476/182 1684/153/182
f 96/151/183 95/153/183 1684/153/183 1681/151/183
f 194/154/184 193/156/184 1536/477/184 1537/154/184
f 193/156/185 192/155/185 1516/155/185 1536/477/185
f 192/155/186 191/42/186 1517/478/186 1516/155/186
f 195/157/187 194/154/187 1537/154/187 1538/479/187
f 191/42/188 190/158/188 1500/158/188 1517/478/188
f 196/159/189 195/157/189 1538/479/189 1539/159/189
f 190/158/190 189/160/190 1501/480/190 1500/158/190
f 197/161/191 196/159/191 1539/159/191 1556/161/191
f 189/160/192 188/162/192 1502/162/192 1501/480/192
f 198/48/193 197/161/193 1556/161/193 1557/48/193
f 188/162/194 187/163/194 1490/163/194 1502/162/194
f 199/164/195 198/48/195 1557/48/195 1578/481/195
f 187/163/196 186/165/196 1489/165/196 1490/163/196
f 200/166/197 199/164/197 1578/481/197 1579/166/197
f 242/167/198 241/168/198 1541/482/198 1540/167/198
f 243/169/199 242/167/199 1540/167/199 1519/483/199
f 241/168/200 240/13/200 1542/13/200 1541/482/200
f 244/170/201 243/169/201 1519/483/201 1518/170/201
f 240/13/202 239/171/202 1543/484/202 1542/13/202
f 245/172/203 244/170/203 1518/170/203 1521/172/203
f 186/165/204 185/173/204 1488/173/204 1489/165/204
f 239/171/205 238/174/205 1544/485/205 1543/484/205
f 201/175/206 200/166/206 1579/166/206 1580/175/206
f 246/176/207 245/172/207 1521/172/207 1520/176/207
f 238/174/208 237/177/208 1545/177/208 1544/485/208
f 247/19/209 246/176/209 1520/176/209 1522/486/209
f 237/177/210 236/178/210 1555/178/210 1545/177/210
f 248/179/211 247/19/211 1522/486/211 1523/179/211
f 236/178/212 235/180/212 1558/487/212 1555/178/212
f 249/181/213 248/179/213 1523/179/213 1524/488/213
f 202/182/214 201/175/214 1580/175/214 1581/182/214
f 185/173/215 184/25/215 1491/25/215 1488/173/215
f 235/180/216 234/183/216 1559/183/216 1558/487/216
f 250/184/217 249/181/217 1524/488/217 1525/184/217
f 234/183/218 233/5/218 1560/5/218 1559/183/218
f 251/185/219 250/184/219 1525/184/219 1506/185/219
f 203/186/220 202/182/220 1581/182/220 1582/489/220
f 184/25/221 183/187/221 1731/187/221 1491/25/221
f 233/5/222 232/188/222 1561/188/222 1560/5/222
f 252/189/223 251/185/223 1506/185/223 1505/189/223
f 232/188/224 231/190/224 1562/190/224 1561/188/224
f 253/191/225 252/189/225 1505/189/225 1503/191/225
f 204/192/226 203/186/226 1582/489/226 1583/192/226
f 231/190/227 230/193/227 1509/193/227 1562/190/227
f 183/187/228 182/194/228 1730/194/228 1731/187/228
f 254/4/229 253/191/229 1503/191/229 1504/4/229
f 230/193/23 254/4/23 1504/4/23 1509/193/23
f 205/55/230 204/192/230 1583/192/230 1584/55/230
f 182/194/231 181/195/231 1729/195/231 1730/194/231
f 206/196/232 205/55/232 1584/55/232 1586/196/232
f 181/195/24 180/197/24 1585/197/24 1729/195/24
f 180/197/233 179/198/233 1564/198/233 1585/197/233
f 207/199/234 206/196/234 1586/196/234 1587/199/234
f 179/198/235 178/200/235 1563/200/235 1564/198/235
f 178/200/236 177/35/236 1565/35/236 1563/200/236
f 208/201/237 207/199/237 1587/199/237 1588/201/237
f 177/35/238 176/202/238 1566/202/238 1565/35/238
f 209/203/239 208/201/239 1588/201/239 1589/203/239
f 176/202/240 175/204/240 1567/204/240 1566/202/240
f 157/205/241 156/2/241 1492/2/241 1494/205/241
f 156/2/39 229/206/39 1493/490/39 1492/2/39
f 175/204/242 174/207/242 1546/207/242 1567/204/242
f 158/208/243 157/205/243 1494/205/243 1495/208/243
f 159/209/244 158/208/244 1495/208/244 1496/491/244
f 210/210/245 209/203/245 1589/203/245 1591/210/245
f 174/207/246 173/211/246 1547/211/246 1546/207/246
f 160/212/247 159/209/247 1496/491/247 1507/212/247
f 161/213/248 160/212/248 1507/212/248 1508/492/248
f 173/211/249 172/214/249 1549/214/249 1547/211/249
f 162/215/250 161/213/250 1508/492/250 1511/493/250
f 172/214/251 171/216/251 1548/216/251 1549/214/251
f 163/27/252 162/215/252 1511/493/252 1512/27/252
f 211/217/253 210/210/253 1591/210/253 1590/217/253
f 164/218/254 163/27/254 1512/27/254 1526/218/254
f 171/216/255 170/31/255 1550/449/255 1548/216/255
f 165/219/256 164/218/256 1526/218/256 1527/219/256
f 170/31/257 169/220/257 1531/220/257 1550/449/257
f 166/221/258 165/219/258 1527/219/258 1528/221/258
f 167/222/259 166/221/259 1528/221/259 1529/222/259
f 169/220/260 168/223/260 1530/494/260 1531/220/260
f 168/223/261 167/222/261 1529/222/261 1530/494/261
f 212/50/262 211/217/262 1590/217/262 1568/495/262
f 229/206/263 228/224/263 1498/496/263 1493/490/263
f 213/225/264 212/50/264 1568/495/264 1569/225/264
f 228/224/265 227/226/265 1497/226/265 1498/496/265
f 227/226/266 226/12/266 1499/12/266 1497/226/266
f 214/227/267 213/225/267 1569/225/267 1554/227/267
f 226/12/268 225/228/268 1510/228/268 1499/12/268
f 225/228/269 224/229/269 1513/229/269 1510/228/269
f 215/230/270 214/227/270 1554/227/270 1553/230/270
f 224/229/271 223/231/271 1514/231/271 1513/229/271
f 223/231/272 222/232/272 1515/232/272 1514/231/272
f 216/233/273 215/230/273 1553/230/273 1552/233/273
f 222/232/274 221/234/274 1532/497/274 1515/232/274
f 221/234/275 220/235/275 1533/498/275 1532/497/275
f 220/235/276 219/22/276 1534/22/276 1533/498/276
f 217/236/277 216/233/277 1552/233/277 1551/499/277
f 218/237/278 217/236/278 1551/499/278 1535/237/278
f 219/22/279 218/237/279 1535/237/279 1534/22/279
f 257/25/38 256/31/38 1571/31/38 1576/25/38
f 256/31/23 255/2/23 1570/2/23 1571/31/23
f 255/2/39 262/4/39 1572/4/39 1570/2/39
f 258/48/24 257/25/24 1576/25/24 1592/500/24
f 259/50/38 258/48/38 1592/500/38 1574/501/38 1575/50/38
f 262/4/24 261/13/24 1573/441/24 1572/4/24
f 260/12/24 259/50/24 1575/50/24 1577/12/24
f 261/13/39 260/12/39 1577/12/39 1573/441/39
f 304/238/280 303/240/280 1611/502/280 1614/238/280
f 303/240/281 302/239/281 1612/503/281 1611/502/281
f 302/239/282 301/241/282 1607/241/282 1612/503/282
f 305/242/283 304/238/283 1614/238/283 1617/242/283
f 301/241/284 300/243/284 1608/243/284 1607/241/284
f 306/244/285 305/242/285 1617/242/285 1361/504/285
f 300/243/286 299/245/286 1602/505/286 1608/243/286
f 299/245/287 298/246/287 1603/506/287 1602/505/287
f 307/247/288 306/244/288 1361/504/288 1359/247/288
f 298/246/289 297/248/289 1595/248/289 1603/506/289
f 264/249/38 263/2/38 1384/2/38 1382/249/38
f 263/2/23 317/4/23 1383/4/23 1384/2/23
f 317/4/39 316/250/39 1378/507/39 1383/4/39
f 308/251/290 307/247/290 1359/247/290 1358/251/290
f 297/248/291 296/252/291 1593/252/291 1595/248/291
f 296/252/292 295/253/292 1594/253/292 1593/252/292
f 309/254/293 308/251/293 1358/251/293 1357/254/293
f 295/253/294 294/255/294 1596/255/294 1594/253/294
f 310/256/295 309/254/295 1357/254/295 1360/256/295
f 294/255/296 293/257/296 1598/257/296 1596/255/296
f 293/257/297 292/258/297 1597/258/297 1598/257/297
f 311/259/298 310/256/298 1360/256/298 1362/259/298
f 292/258/299 291/260/299 1599/508/299 1597/258/299
f 312/261/300 311/259/300 1362/259/300 1363/261/300
f 282/263/301 281/262/301 1615/509/301 1616/263/301
f 283/264/302 282/263/302 1616/263/302 1613/510/302
f 284/265/303 283/264/303 1613/510/303 1610/265/303
f 285/266/304 284/265/304 1610/265/304 1609/266/304
f 286/267/305 285/266/305 1609/266/305 1606/511/305
f 287/268/306 286/267/306 1606/511/306 1604/512/306
f 288/269/307 287/268/307 1604/512/307 1605/513/307
f 289/270/308 288/269/308 1605/513/308 1601/514/308
f 290/55/309 289/270/309 1601/514/309 1600/55/309
f 291/260/310 290/55/310 1600/55/310 1599/508/310
f 313/271/311 312/261/311 1363/261/311 1364/271/311
f 280/273/312 279/272/312 1619/272/312 1618/273/312
f 281/262/313 280/273/313 1618/273/313 1615/509/313
f 314/274/314 313/271/314 1364/271/314 1367/515/314
f 278/276/315 277/275/315 1366/275/315 1365/276/315
f 279/272/316 278/276/316 1365/276/316 1619/272/316
f 277/275/317 276/277/317 1368/516/317 1366/275/317
f 276/277/318 275/278/318 1369/278/318 1368/516/318
f 315/279/319 314/274/319 1367/515/319 1372/279/319
f 275/278/320 274/280/320 1371/280/320 1369/278/320
f 274/280/321 273/281/321 1370/281/321 1371/280/321
f 316/250/23 315/279/23 1372/279/23 1378/507/23
f 270/283/322 269/282/322 1376/517/322 1375/518/322
f 271/284/323 270/283/323 1375/518/323 1374/284/323
f 272/285/324 271/284/324 1374/284/324 1373/519/324
f 273/281/325 272/285/325 1373/519/325 1370/281/325
f 269/282/326 268/286/326 1377/286/326 1376/517/326
f 268/286/327 267/287/327 1379/287/327 1377/286/327
f 267/287/328 266/288/328 1380/520/328 1379/287/328
f 265/289/24 264/249/24 1382/249/24 1381/289/24
f 266/288/39 265/289/39 1381/289/39 1380/520/39
f 356/154/184 355/156/184 1437/156/184 1438/154/184
f 355/156/185 354/155/185 1418/155/185 1437/156/185
f 354/155/186 353/42/186 1417/42/186 1418/155/186
f 357/157/187 356/154/187 1438/154/187 1439/479/187
f 353/42/188 352/158/188 1402/158/188 1417/42/188
f 358/159/189 357/157/189 1439/479/189 1440/159/189
f 352/158/190 351/160/190 1401/160/190 1402/158/190
f 359/161/191 358/159/191 1440/159/191 1457/161/191
f 351/160/192 350/162/192 1400/521/192 1401/160/192
f 360/48/193 359/161/193 1457/161/193 1458/48/193
f 350/162/194 349/163/194 1403/163/194 1400/521/194
f 361/164/195 360/48/195 1458/48/195 1471/481/195
f 349/163/196 348/165/196 1391/165/196 1403/163/196
f 362/166/197 361/164/197 1471/481/197 1472/166/197
f 404/167/198 403/168/198 1442/168/198 1441/522/198
f 405/169/199 404/167/199 1441/522/199 1419/169/199
f 403/168/200 402/13/200 1443/13/200 1442/168/200
f 406/170/201 405/169/201 1419/169/201 1420/170/201
f 402/13/202 401/171/202 1444/484/202 1443/13/202
f 407/172/203 406/170/203 1420/170/203 1423/523/203
f 348/165/204 347/173/204 1390/173/204 1391/165/204
f 401/171/205 400/174/205 1445/485/205 1444/484/205
f 363/175/206 362/166/206 1472/166/206 1473/175/206
f 408/176/207 407/172/207 1423/523/207 1422/524/207
f 400/174/208 399/177/208 1446/177/208 1445/485/208
f 409/19/209 408/176/209 1422/524/209 1421/19/209
f 399/177/210 398/178/210 1456/178/210 1446/177/210
f 410/179/211 409/19/211 1421/19/211 1424/179/211
f 398/178/212 397/180/212 1459/180/212 1456/178/212
f 411/181/213 410/179/213 1424/179/213 1425/488/213
f 364/182/214 363/175/214 1473/175/214 1475/182/214
f 347/173/215 346/25/215 1389/452/215 1390/173/215
f 397/180/216 396/183/216 1460/525/216 1459/180/216
f 412/184/217 411/181/217 1425/488/217 1426/184/217
f 396/183/218 395/5/218 1461/5/218 1460/525/218
f 413/185/219 412/184/219 1426/184/219 1407/526/219
f 365/186/220 364/182/220 1475/182/220 1476/186/220
f 346/25/221 345/187/221 1388/187/221 1389/452/221
f 395/5/222 394/188/222 1462/188/222 1461/5/222
f 414/189/223 413/185/223 1407/526/223 1406/189/223
f 394/188/224 393/190/224 1463/190/224 1462/188/224
f 415/191/225 414/189/225 1406/189/225 1405/527/225
f 366/192/226 365/186/226 1476/186/226 1479/192/226
f 393/190/227 392/193/227 1410/528/227 1463/190/227
f 345/187/228 344/194/228 1386/194/228 1388/187/228
f 416/4/229 415/191/229 1405/527/229 1404/4/229
f 392/193/23 416/4/23 1404/4/23 1410/528/23
f 367/55/230 366/192/230 1479/192/230 1481/55/230
f 344/194/231 343/195/231 1385/195/231 1386/194/231
f 368/196/232 367/55/232 1481/55/232 1482/196/232
f 343/195/24 342/197/24 1387/197/24 1385/195/24
f 342/197/233 341/198/233 1464/198/233 1387/197/233
f 369/199/234 368/196/234 1482/196/234 1483/199/234
f 341/198/235 340/200/235 1465/200/235 1464/198/235
f 340/200/236 339/35/236 1466/35/236 1465/200/236
f 370/201/237 369/199/237 1483/199/237 1484/201/237
f 339/35/238 338/202/238 1467/529/238 1466/35/238
f 371/203/239 370/201/239 1484/201/239 1485/203/239
f 338/202/240 337/204/240 1468/204/240 1467/529/240
f 319/205/241 318/2/241 1392/2/241 1394/205/241
f 318/2/39 391/206/39 1393/206/39 1392/2/39
f 337/204/242 336/207/242 1448/530/242 1468/204/242
f 320/208/243 319/205/243 1394/205/243 1395/531/243
f 321/209/244 320/208/244 1395/531/244 1396/209/244
f 372/210/245 371/203/245 1485/203/245 1487/210/245
f 336/207/246 335/211/246 1447/211/246 1448/530/246
f 322/212/247 321/209/247 1396/209/247 1408/532/247
f 323/213/248 322/212/248 1408/532/248 1409/533/248
f 335/211/249 334/214/249 1450/534/249 1447/211/249
f 324/215/250 323/213/250 1409/533/250 1411/215/250
f 334/214/251 333/216/251 1449/216/251 1450/534/251
f 325/27/252 324/215/252 1411/215/252 1412/27/252
f 373/217/253 372/210/253 1487/210/253 1486/217/253
f 326/218/254 325/27/254 1412/27/254 1427/535/254
f 333/216/255 332/31/255 1451/31/255 1449/216/255
f 327/219/256 326/218/256 1427/535/256 1428/219/256
f 332/31/257 331/220/257 1432/220/257 1451/31/257
f 328/221/258 327/219/258 1428/219/258 1429/536/258
f 329/222/259 328/221/259 1429/536/259 1430/222/259
f 331/220/260 330/223/260 1431/223/260 1432/220/260
f 330/223/261 329/222/261 1430/222/261 1431/223/261
f 374/50/262 373/217/262 1486/217/262 1469/50/262
f 391/206/263 390/224/263 1397/224/263 1393/206/263
f 375/225/264 374/50/264 1469/50/264 1470/225/264
f 390/224/265 389/226/265 1398/226/265 1397/224/265
f 389/226/266 388/12/266 1399/12/266 1398/226/266
f 376/227/267 375/225/267 1470/225/267 1455/227/267
f 388/12/268 387/228/268 1413/228/268 1399/12/268
f 387/228/269 386/229/269 1414/229/269 1413/228/269
f 377/230/270 376/227/270 1455/227/270 1454/230/270
f 386/229/271 385/231/271 1415/231/271 1414/229/271
f 385/231/272 384/232/272 1416/232/272 1415/231/272
f 378/233/273 377/230/273 1454/230/273 1453/233/273
f 384/232/274 383/234/274 1433/234/274 1416/232/274
f 383/234/275 382/235/275 1434/537/275 1433/234/275
f 382/235/276 381/22/276 1435/538/276 1434/537/276
f 379/236/277 378/233/277 1453/233/277 1452/236/277
f 380/237/278 379/236/278 1452/236/278 1436/237/278
f 381/22/279 380/237/279 1436/237/279 1435/538/279
f 461/5/40 460/7/40 1257/437/40 1260/5/40
f 460/7/329 459/6/329 1253/6/329 1257/437/329
f 462/8/42 461/5/42 1260/5/42 1261/438/42
f 459/6/330 458/9/330 1249/9/330 1253/6/330
f 463/10/44 462/8/44 1261/438/44 1264/439/44
f 464/11/45 463/10/45 1264/439/45 1266/440/45
f 458/9/331 457/12/331 1237/12/331 1249/9/331
f 465/13/47 464/11/47 1266/440/47 1268/441/47
f 419/1/38 418/3/38 1270/3/38 1289/1/38
f 418/3/23 417/2/23 1271/2/23 1270/3/23
f 417/2/39 473/4/39 1269/4/39 1271/2/39
f 457/12/332 456/14/332 1238/539/332 1237/12/332
f 466/15/49 465/13/49 1268/441/49 1272/15/49
f 467/16/50 466/15/50 1272/15/50 1275/16/50
f 456/14/333 455/17/333 1239/17/333 1238/539/333
f 468/18/52 467/16/52 1275/16/52 1274/18/52
f 455/17/334 454/20/334 1240/20/334 1239/17/334
f 469/19/53 468/18/53 1274/18/53 1273/19/53
f 470/21/55 469/19/55 1273/19/55 1276/21/55
f 454/20/335 453/22/335 1241/22/335 1240/20/335
f 471/23/57 470/21/57 1276/21/57 1277/445/57
f 472/24/58 471/23/58 1277/445/58 1278/24/58
f 453/22/336 452/26/336 1242/26/336 1241/22/336
f 473/4/23 472/24/23 1278/24/23 1269/4/23
f 422/28/60 421/27/60 1287/27/60 1286/447/60
f 423/29/61 422/28/61 1286/447/61 1285/29/61
f 424/30/62 423/29/62 1285/29/62 1284/30/62
f 425/31/63 424/30/63 1284/30/63 1281/31/63
f 426/32/64 425/31/64 1281/31/64 1282/32/64
f 427/33/65 426/32/65 1282/32/65 1283/33/65
f 428/34/66 427/33/66 1283/33/66 1280/34/66
f 429/35/67 428/34/67 1280/34/67 1279/451/67
f 430/36/68 429/35/68 1279/451/68 1267/36/68
f 431/37/69 430/36/69 1267/36/69 1265/37/69
f 432/38/70 431/37/70 1265/37/70 1263/38/70
f 433/25/71 432/38/71 1263/38/71 1262/25/71
f 434/39/72 433/25/72 1262/25/72 1258/453/72
f 435/40/73 434/39/73 1258/453/73 1259/40/73
f 436/41/337 435/40/337 1259/40/337 1255/41/337
f 437/42/75 436/41/75 1255/41/75 1254/42/75
f 452/26/338 451/43/338 1243/43/338 1242/26/338
f 438/44/77 437/42/77 1254/42/77 1256/44/77
f 439/45/78 438/44/78 1256/44/78 1251/45/78
f 440/46/79 439/45/79 1251/45/79 1250/540/79
f 451/43/339 450/47/339 1474/47/339 1243/43/339
f 441/48/81 440/46/81 1250/540/81 1252/48/81
f 442/49/340 441/48/340 1252/48/340 1247/456/340
f 450/47/341 449/50/341 1477/50/341 1474/47/341
f 443/51/84 442/49/84 1247/456/84 1248/51/84
f 420/52/24 419/1/24 1289/1/24 1288/52/24
f 421/27/39 420/52/39 1288/52/39 1287/27/39
f 444/53/85 443/51/85 1248/51/85 1244/53/85
f 449/50/342 448/54/342 1478/54/342 1477/50/342
f 445/55/87 444/53/87 1244/53/87 1245/55/87
f 446/56/38 445/55/38 1245/55/38 1246/56/38
f 447/57/24 446/56/24 1246/56/24 1480/57/24
f 448/54/39 447/57/39 1480/57/39 1478/54/39
f 518/5/40 517/7/40 1314/437/40 1317/5/40
f 517/7/329 516/6/329 1299/541/329 1314/437/329
f 519/8/42 518/5/42 1317/5/42 1319/8/42
f 516/6/330 515/9/330 1300/9/330 1299/541/330
f 520/10/44 519/8/44 1319/8/44 1321/542/44
f 521/11/45 520/10/45 1321/542/45 1323/11/45
f 515/9/331 514/12/331 1301/12/331 1300/9/331
f 522/13/47 521/11/47 1323/11/47 1325/441/47
f 476/1/38 475/3/38 1337/543/38 1336/1/38
f 475/3/23 474/2/23 1338/2/23 1337/543/23
f 474/2/39 530/4/39 1339/4/39 1338/2/39
f 514/12/332 513/14/332 1302/14/332 1301/12/332
f 523/15/49 522/13/49 1325/441/49 1328/15/49
f 524/16/50 523/15/50 1328/15/50 1329/442/50
f 513/14/333 512/17/333 1303/17/333 1302/14/333
f 525/18/52 524/16/52 1329/442/52 1331/18/52
f 512/17/334 511/20/334 1290/20/334 1303/17/334
f 526/19/53 525/18/53 1331/18/53 1334/19/53
f 527/21/55 526/19/55 1334/19/55 1340/21/55
f 511/20/335 510/22/335 1291/444/335 1290/20/335
f 528/23/57 527/21/57 1340/21/57 1341/23/57
f 529/24/58 528/23/58 1341/23/58 1342/24/58
f 510/22/336 509/26/336 1292/26/336 1291/444/336
f 530/4/23 529/24/23 1342/24/23 1339/4/23
f 479/28/60 478/27/60 1345/27/60 1344/28/60
f 480/29/61 479/28/61 1344/28/61 1343/29/61
f 481/30/62 480/29/62 1343/29/62 1335/30/62
f 482/31/63 481/30/63 1335/30/63 1333/31/63
f 483/32/64 482/31/64 1333/31/64 1332/32/64
f 484/33/65 483/32/65 1332/32/65 1330/33/65
f 485/34/66 484/33/66 1330/33/66 1327/34/66
f 486/35/67 485/34/67 1327/34/67 1326/35/67
f 487/36/68 486/35/68 1326/35/68 1324/544/68
f 488/37/69 487/36/69 1324/544/69 1322/37/69
f 489/38/70 488/37/70 1322/37/70 1320/38/70
f 490/25/71 489/38/71 1320/38/71 1318/25/71
f 491/39/72 490/25/72 1318/25/72 1316/39/72
f 492/40/73 491/39/73 1316/39/73 1315/40/73
f 493/41/337 492/40/337 1315/40/337 1306/41/337
f 494/42/75 493/41/75 1306/41/75 1305/478/75
f 509/26/338 508/43/338 1293/545/338 1292/26/338
f 495/44/77 494/42/77 1305/478/77 1304/44/77
f 496/45/78 495/44/78 1304/44/78 1309/45/78
f 497/46/79 496/45/79 1309/45/79 1308/540/79
f 508/43/339 507/47/339 1294/47/339 1293/545/339
f 498/48/81 497/46/81 1308/540/81 1307/48/81
f 499/49/340 498/48/340 1307/48/340 1310/456/340
f 507/47/341 506/50/341 1295/495/341 1294/47/341
f 500/51/84 499/49/84 1310/456/84 1311/51/84
f 477/52/24 476/1/24 1336/1/24 1346/52/24
f 478/27/39 477/52/39 1346/52/39 1345/27/39
f 501/53/85 500/51/85 1311/51/85 1312/546/85
f 506/50/342 505/54/342 1296/54/342 1295/495/342
f 502/55/87 501/53/87 1312/546/87 1313/55/87
f 503/56/38 502/55/38 1313/55/38 1298/56/38
f 504/57/24 503/56/24 1298/56/24 1297/57/24
f 505/54/39 504/57/39 1297/57/39 1296/54/39
f 532/290/343 531/2/343 1113/2/343 1131/547/343 1132/290/343
f 531/2/344 578/291/344 1112/291/344 1113/2/344
f 578/291/345 577/292/345 1111/548/345 1112/291/345
f 533/293/346 532/290/346 1132/290/346 1133/293/346
f 577/292/347 576/294/347 1093/294/347 1111/548/347
f 534/295/348 533/293/348 1133/293/348 1134/295/348
f 576/294/349 575/296/349 1092/296/349 1093/294/349
f 535/297/350 534/295/350 1134/295/350 1150/297/350
f 575/296/351 574/298/351 1091/298/351 1092/296/351
f 536/299/352 535/297/352 1150/297/352 1151/299/352
f 574/298/353 573/300/353 1095/300/353 1091/298/353
f 537/301/354 536/299/354 1151/299/354 1165/301/354
f 573/300/355 572/302/355 1094/302/355 1095/300/355
f 538/303/356 537/301/356 1165/301/356 1168/303/356
f 579/304/357 626/4/357 1135/4/357 1116/304/357
f 580/305/358 579/304/358 1116/304/358 1115/305/358
f 626/4/359 625/306/359 1136/306/359 1135/4/359
f 581/307/201 580/305/201 1115/305/201 1114/307/201
f 625/306/360 624/308/360 1137/549/360 1136/306/360
f 582/309/361 581/307/361 1114/307/361 1117/309/361
f 572/302/362 571/310/362 1354/310/362 1094/302/362
f 539/311/363 538/303/363 1168/303/363 1170/311/363
f 624/308/364 623/312/364 1138/550/364 1137/549/364
f 583/313/365 582/309/365 1117/309/365 1118/313/365
f 623/312/366 622/314/366 1139/551/366 1138/550/366
f 584/315/367 583/313/367 1118/313/367 1120/315/367
f 622/314/368 621/316/368 1140/316/368 1139/551/368
f 585/317/369 584/315/369 1120/315/369 1119/317/369
f 571/310/370 570/318/370 1353/318/370 1354/310/370
f 540/319/371 539/311/371 1170/311/371 1171/319/371
f 621/316/372 620/320/372 1152/552/372 1140/316/372
f 586/321/373 585/317/373 1119/317/373 1098/321/373
f 620/320/374 619/322/374 1153/322/374 1152/552/374
f 587/323/375 586/321/375 1098/321/375 1096/323/375
f 570/318/376 569/324/376 1347/553/376 1353/318/376
f 541/325/377 540/319/377 1171/319/377 1172/325/377
f 619/322/378 618/326/378 1154/326/378 1153/322/378
f 588/327/379 587/323/379 1096/323/379 1097/327/379
f 569/324/380 568/328/380 1349/554/380 1347/553/380
f 542/329/381 541/325/381 1172/325/381 1174/329/381
f 618/326/382 617/330/382 1155/555/382 1154/326/382
f 589/331/383 588/327/383 1097/327/383 1099/331/383
f 617/330/384 616/332/384 1156/332/384 1155/555/384
f 590/333/385 589/331/385 1099/331/385 1100/333/385
f 568/328/386 567/334/386 1348/334/386 1349/554/386
f 543/335/387 542/329/387 1174/329/387 1175/335/387
f 616/332/388 615/336/388 1177/556/388 1156/332/388
f 591/337/389 590/333/389 1100/333/389 1101/337/389
f 544/338/390 543/335/390 1175/335/390 1178/338/390
f 615/336/391 614/339/391 1159/339/391 1177/556/391
f 567/334/392 566/340/392 1350/557/392 1348/334/392
f 592/341/393 591/337/393 1101/337/393 1102/558/393
f 614/339/394 613/342/394 1157/342/394 1159/339/394
f 593/343/395 592/341/395 1102/558/395 1103/343/395
f 545/344/139 544/338/139 1178/338/139 1179/559/139
f 566/340/396 565/345/396 1351/345/396 1350/557/396
f 613/342/397 612/346/397 1158/560/397 1157/342/397
f 594/347/398 593/343/398 1103/343/398 1104/347/398
f 612/346/399 611/348/399 1160/348/399 1158/560/399
f 546/349/400 545/344/400 1179/559/400 1180/349/400
f 595/350/401 594/347/401 1104/347/401 1105/350/401
f 565/345/402 564/351/402 1352/561/402 1351/345/402
f 611/348/403 610/352/403 1162/352/403 1160/348/403
f 596/353/404 595/350/404 1105/350/404 1106/353/404
f 547/354/405 546/349/405 1180/349/405 1181/354/405
f 564/351/406 563/355/406 1355/355/406 1352/561/406
f 610/352/407 609/356/407 1161/356/407 1162/352/407
f 597/357/408 596/353/408 1106/353/408 1121/562/408
f 609/356/409 608/358/409 1142/358/409 1161/356/409
f 598/359/410 597/357/410 1121/562/410 1122/359/410
f 548/360/411 547/354/411 1181/354/411 1182/360/411
f 563/355/412 562/361/412 1356/361/412 1355/355/412
f 608/358/413 607/362/413 1141/563/413 1142/358/413
f 599/363/414 598/359/414 1122/359/414 1123/363/414
f 607/362/415 606/364/415 1143/364/415 1141/563/415
f 600/365/416 599/363/416 1123/363/416 1124/564/416
f 606/364/417 605/366/417 1144/366/417 1143/364/417
f 601/367/418 600/365/418 1124/564/418 1125/367/418
f 549/368/419 548/360/419 1182/360/419 1183/368/419
f 562/361/420 561/369/420 1107/369/420 1356/361/420
f 605/366/421 604/370/421 1145/370/421 1144/366/421
f 602/371/422 601/367/422 1125/367/422 1126/371/422
f 604/370/423 603/372/423 1127/372/423 1145/370/423
f 603/372/424 602/371/424 1126/371/424 1127/372/424
f 550/373/425 549/368/425 1183/368/425 1163/373/425
f 561/369/426 560/374/426 1108/374/426 1107/369/426
f 551/375/427 550/373/427 1163/373/427 1164/375/427
f 560/374/428 559/376/428 1109/376/428 1108/374/428
f 552/377/429 551/375/429 1164/375/429 1149/565/429
f 559/376/430 558/378/430 1110/378/430 1109/376/430
f 553/379/431 552/377/431 1149/565/431 1148/379/431
f 558/378/432 557/380/432 1128/380/432 1110/378/432
f 554/381/433 553/379/433 1148/379/433 1146/381/433
f 557/380/434 556/382/434 1129/382/434 1128/380/434
f 555/383/435 554/381/435 1146/381/435 1147/566/435 1130/383/435
f 556/382/436 555/383/436 1130/383/436 1129/382/436
f 627/2/38 653/385/38 1217/385/38 1218/2/38
f 653/385/23 652/386/23 1214/386/23 1216/567/23 1217/385/23
f 652/386/437 651/387/437 1215/387/437 1214/386/437
f 651/387/438 650/388/438 1219/388/438 1215/387/438
f 650/388/188 649/389/188 1195/389/188 1220/568/188 1219/388/188
f 649/389/439 648/390/439 1194/390/439 1195/389/439
f 648/390/440 647/391/440 1193/391/440 1194/390/440
f 655/392/24 654/384/24 1224/384/24 1221/569/24 1222/392/24
f 656/393/441 655/392/441 1222/392/441 1223/393/441
f 647/391/442 646/394/442 1185/570/442 1193/391/442
f 654/384/39 680/4/39 1225/4/39 1224/384/39
f 657/395/443 656/393/443 1223/393/443 1226/395/443
f 658/396/444 657/395/444 1226/395/444 1227/396/444
f 659/397/445 658/396/445 1227/396/445 1228/397/445
f 646/394/446 645/398/446 1184/571/446 1185/570/446
f 660/399/447 659/397/447 1228/397/447 1197/399/447
f 661/400/448 660/399/448 1197/399/448 1196/572/448
f 645/398/449 644/401/449 1186/401/449 1187/573/449 1184/571/449
f 662/402/450 661/400/450 1196/572/450 1198/402/450
f 644/401/451 643/403/451 1188/403/451 1186/401/451
f 663/404/452 662/402/452 1198/402/452 1199/404/452
f 664/405/453 663/404/453 1199/404/453 1200/405/453
f 643/403/454 642/406/454 1167/406/454 1188/403/454
f 665/407/455 664/405/455 1200/405/455 1201/407/455
f 642/406/456 641/408/456 1166/408/456 1167/406/456
f 666/409/457 665/407/457 1201/407/457 1202/409/457
f 641/408/458 640/410/458 1169/574/458 1166/408/458
f 667/411/459 666/409/459 1202/409/459 1203/411/459
f 668/412/460 667/411/460 1203/411/460 1204/412/460
f 640/410/461 639/413/461 1173/413/461 1169/574/461
f 669/414/462 668/412/462 1204/412/462 1205/414/462
f 639/413/463 638/415/463 1176/415/463 1173/413/463
f 670/416/464 669/414/464 1205/414/464 1206/575/464
f 671/417/465 670/416/465 1206/575/465 1207/576/465
f 638/415/466 637/418/466 1189/418/466 1176/415/466
f 672/419/467 671/417/467 1207/576/467 1208/419/467
f 637/418/468 636/420/468 1190/577/468 1189/418/468
f 673/421/469 672/419/469 1208/419/469 1209/421/469
f 674/422/470 673/421/470 1209/421/470 1211/578/470
f 636/420/471 635/423/471 1191/423/471 1190/577/471
f 675/424/472 674/422/472 1211/578/472 1229/424/472
f 635/423/473 634/425/473 1192/425/473 1191/423/473
f 676/426/474 675/424/474 1229/424/474 1230/426/474
f 677/427/475 676/426/475 1230/426/475 1231/427/475
f 634/425/476 633/428/476 1210/579/476 1192/425/476
f 678/429/477 677/427/477 1231/427/477 1232/429/477
f 679/430/478 678/429/478 1232/429/478 1233/430/478
f 680/4/23 679/430/23 1233/430/23 1225/4/23
f 633/428/479 632/431/479 1212/431/479 1210/579/479
f 632/431/480 631/432/480 1213/432/480 1212/431/480
f 631/432/481 630/433/481 1234/433/481 1213/432/481
f 630/433/482 629/434/482 1235/434/482 1234/433/482
f 628/435/24 627/2/24 1218/2/24 1236/435/24
f 629/434/483 628/435/483 1236/435/483 1235/434/483
f 874/580/484 682/581/484 688/582/484 879/583/484
f 891/584/485 700/585/485 706/586/485 897/587/485
f 897/588/486 706/589/486 712/590/486 903/591/486
f 903/591/487 712/590/487 718/592/487 909/593/487
f 909/594/488 718/592/488 724/595/488 915/596/488
f 915/597/489 724/598/489 730/599/489 921/600/489
f 921/600/490 730/601/490 736/602/490 927/603/490
f 927/603/491 736/602/491 742/604/491 933/605/491
f 933/605/492 742/604/492 748/606/492 939/607/492
f 939/608/493 748/609/493 754/610/493 945/611/493
f 945/612/494 754/613/494 760/614/494 951/615/494
f 951/615/495 760/614/495 766/616/495 957/617/495
f 957/618/496 766/616/496 772/619/496 963/620/496
f 963/621/497 772/622/497 778/623/497 969/624/497
f 969/624/498 778/625/498 784/626/498 975/627/498
f 975/627/499 784/626/499 790/628/499 981/629/499
f 981/630/500 790/631/500 796/632/500 1070/633/500 1067/634/500 1079/635/500 1083/636/500 987/637/500
f 987/637/501 1083/638/501 1085/639/501 993/640/501
f 993/640/502 1085/641/502 1082/642/502 999/643/502
f 999/643/503 1082/642/503 1084/644/503 1005/645/503
f 1005/646/504 1084/647/504 1089/648/504 1011/649/504
f 1011/650/505 1089/648/505 1086/651/505 1017/652/505
f 1017/652/506 1086/653/506 1090/654/506 1023/655/506
f 1023/655/507 1090/654/507 1087/656/507 1029/657/507
f 1029/658/508 1087/659/508 1088/660/508 1035/661/508
f 1035/662/509 1088/663/509 1080/664/509 1041/665/509
f 1041/666/510 1080/667/510 1081/668/510 1047/669/510
f 1047/670/511 1081/671/511 1078/672/511 1068/673/511 1066/674/511 856/675/511 862/676/511 1053/677/511
f 1053/678/512 862/679/512 868/680/512 1059/681/512
f 879/583/513 688/582/513 694/682/513 885/683/513
f 885/684/514 694/682/514 700/585/514 891/685/514
f 1059/681/515 868/680/515 682/686/515 874/687/515
f 688/582/516 682/581/516 686/688/516 692/689/516
f 692/689/517 686/688/517 685/690/517 691/691/517
f 691/691/518 685/690/518 684/692/518 690/693/518
f 690/694/519 684/695/519 683/696/519 689/697/519
f 689/697/520 683/696/520 681/698/520 687/699/520
f 694/682/521 688/582/521 692/700/521 698/701/521
f 698/701/522 692/700/522 691/702/522 697/703/522
f 697/703/523 691/702/523 690/704/523 696/705/523
f 696/706/524 690/694/524 689/697/524 695/707/524
f 695/707/525 689/697/525 687/699/525 693/708/525
f 700/585/526 694/682/526 698/709/526 704/710/526
f 704/710/527 698/709/527 697/711/527 703/712/527
f 703/712/528 697/711/528 696/713/528 702/714/528
f 702/715/529 696/706/529 695/707/529 701/716/529
f 701/716/530 695/707/530 693/708/530 699/717/530
f 706/586/531 700/585/531 704/718/531 710/719/531
f 710/719/532 704/718/532 703/720/532 709/721/532
f 709/721/533 703/720/533 702/722/533 708/723/533
f 708/724/534 702/715/534 701/716/534 707/725/534
f 707/725/535 701/716/535 699/717/535 705/726/535
f 712/590/536 706/589/536 710/727/536 716/728/536
f 716/728/537 710/727/537 709/729/537 715/730/537
f 715/730/538 709/729/538 708/731/538 714/732/538
f 714/733/539 708/724/539 707/725/539 713/734/539
f 713/734/540 707/725/540 705/726/540 711/735/540
f 718/592/541 712/590/541 716/736/541 722/737/541
f 722/737/542 716/736/542 715/738/542 721/739/542
f 721/739/543 715/738/543 714/740/543 720/741/543
f 720/742/544 714/733/544 713/734/544 719/743/544
f 719/743/545 713/734/545 711/735/545 717/744/545
f 724/595/546 718/592/546 722/745/546 728/746/546
f 728/746/547 722/745/547 721/747/547 727/748/547
f 727/748/548 721/747/548 720/749/548 726/750/548
f 726/751/549 720/742/549 719/743/549 725/752/549
f 725/752/550 719/743/550 717/744/550 723/753/550
f 730/599/551 724/598/551 728/754/551 734/755/551
f 734/755/552 728/754/552 727/756/552 733/757/552
f 733/757/553 727/756/553 726/758/553 732/759/553
f 732/760/554 726/751/554 725/752/554 731/761/554
f 731/761/555 725/752/555 723/753/555 729/762/555
f 736/602/556 730/601/556 734/763/556 740/764/556
f 740/764/557 734/763/557 733/765/557 739/766/557
f 739/766/558 733/765/558 732/767/558 738/768/558
f 738/769/559 732/760/559 731/761/559 737/770/559
f 737/770/560 731/761/560 729/762/560 735/771/560
f 742/604/561 736/602/561 740/772/561 746/773/561
f 746/773/562 740/772/562 739/774/562 745/775/562
f 745/775/563 739/774/563 738/776/563 744/777/563
f 744/778/564 738/769/564 737/770/564 743/779/564
f 743/779/565 737/770/565 735/771/565 741/780/565
f 748/606/566 742/604/566 746/781/566 752/782/566
f 752/782/567 746/781/567 745/783/567 751/784/567
f 751/784/568 745/783/568 744/785/568 750/786/568
f 750/787/569 744/778/569 743/779/569 749/788/569
f 749/788/570 743/779/570 741/780/570 747/789/570
f 754/610/571 748/609/571 752/790/571 758/791/571
f 758/791/572 752/790/572 751/792/572 757/793/572
f 757/793/573 751/792/573 750/794/573 756/795/573
f 756/796/574 750/787/574 749/788/574 755/797/574
f 755/797/575 749/788/575 747/789/575 753/798/575
f 760/614/576 754/613/576 758/799/576 764/800/576
f 764/800/577 758/799/577 757/801/577 763/802/577
f 763/802/578 757/801/578 756/803/578 762/804/578
f 762/805/579 756/796/579 755/797/579 761/806/579
f 761/806/580 755/797/580 753/798/580 759/807/580
f 766/616/581 760/614/581 764/808/581 770/809/581
f 770/809/582 764/808/582 763/810/582 769/811/582
f 769/811/583 763/810/583 762/812/583 768/813/583
f 768/814/584 762/805/584 761/806/584 767/815/584
f 767/815/585 761/806/585 759/807/585 765/816/585
f 772/619/586 766/616/586 770/817/586 776/818/586
f 776/818/587 770/817/587 769/819/587 775/820/587
f 775/820/588 769/819/588 768/821/588 774/822/588
f 774/823/589 768/814/589 767/815/589 773/824/589
f 773/824/590 767/815/590 765/816/590 771/825/590
f 778/623/591 772/622/591 776/826/591 782/827/591
f 782/827/592 776/826/592 775/828/592 781/829/592
f 781/829/593 775/828/593 774/830/593 780/831/593
f 780/832/594 774/823/594 773/824/594 779/833/594
f 779/833/595 773/824/595 771/825/595 777/834/595
f 784/626/596 778/625/596 782/835/596 788/836/596
f 788/836/597 782/835/597 781/837/597 787/838/597
f 787/838/598 781/837/598 780/839/598 786/840/598
f 786/841/599 780/832/599 779/833/599 785/842/599
f 785/842/600 779/833/600 777/834/600 783/843/600
f 790/628/601 784/626/601 788/844/601 794/845/601
f 794/845/602 788/844/602 787/846/602 793/847/602
f 793/847/603 787/846/603 786/848/603 792/849/603
f 792/850/604 786/841/604 785/842/604 791/851/604
f 791/851/605 785/842/605 783/843/605 789/852/605
f 796/632/606 790/631/606 794/853/606 800/854/606
f 800/854/607 794/853/607 793/855/607 799/856/607
f 799/856/608 793/855/608 792/857/608 798/858/608
f 798/859/609 792/850/609 791/851/609 797/860/609
f 797/860/610 791/851/610 789/852/610 795/861/610
f 802/862/611 796/863/611 800/864/611 806/865/611
f 806/865/612 800/864/612 799/866/612 805/867/612
f 805/867/613 799/866/613 798/868/613 804/869/613
f 804/870/614 798/859/614 797/860/614 803/871/614
f 803/871/615 797/860/615 795/861/615 801/872/615
f 808/873/616 802/874/616 806/875/616 812/876/616
f 812/876/617 806/875/617 805/877/617 811/878/617
f 811/878/618 805/877/618 804/879/618 810/880/618
f 810/881/619 804/870/619 803/871/619 809/882/619
f 809/882/620 803/871/620 801/872/620 807/883/620
f 814/884/621 808/873/621 812/885/621 818/886/621
f 818/886/622 812/885/622 811/887/622 817/888/622
f 817/888/623 811/887/623 810/889/623 816/890/623
f 816/891/624 810/881/624 809/882/624 815/892/624
f 815/892/625 809/882/625 807/883/625 813/893/625
f 820/894/626 814/884/626 818/895/626 824/896/626
f 824/896/627 818/895/627 817/897/627 823/898/627
f 823/898/628 817/897/628 816/899/628 822/900/628
f 822/901/629 816/891/629 815/892/629 821/902/629
f 821/902/630 815/892/630 813/893/630 819/903/630
f 826/904/631 820/905/631 824/906/631 830/907/631
f 830/907/632 824/906/632 823/908/632 829/909/632
f 829/909/633 823/908/633 822/910/633 828/911/633
f 828/912/634 822/901/634 821/902/634 827/913/634
f 827/913/635 821/902/635 819/903/635 825/914/635
f 832/915/636 826/916/636 830/917/636 836/918/636
f 836/918/637 830/917/637 829/919/637 835/920/637
f 835/920/638 829/919/638 828/921/638 834/922/638
f 834/923/639 828/912/639 827/913/639 833/924/639
f 833/924/640 827/913/640 825/914/640 831/925/640
f 838/926/641 832/915/641 836/927/641 842/928/641
f 842/928/642 836/927/642 835/929/642 841/930/642
f 841/930/643 835/929/643 834/931/643 840/932/643
f 840/933/644 834/923/644 833/924/644 839/934/644
f 839/934/645 833/924/645 831/925/645 837/935/645
f 844/936/646 838/937/646 842/938/646 848/939/646
f 848/939/647 842/938/647 841/940/647 847/941/647
f 847/941/648 841/940/648 840/942/648 846/943/648
f 846/944/649 840/933/649 839/934/649 845/945/649
f 845/945/650 839/934/650 837/935/650 843/946/650
f 850/947/651 844/936/651 848/948/651 854/949/651
f 854/949/652 848/948/652 847/950/652 853/951/652
f 853/951/653 847/950/653 846/952/653 852/953/653
f 852/954/654 846/944/654 845/945/654 851/955/654
f 851/955/655 845/945/655 843/946/655 849/956/655
f 856/957/656 850/947/656 854/958/656 860/959/656
f 860/959/657 854/958/657 853/960/657 859/961/657
f 859/961/658 853/960/658 852/962/658 858/963/658
f 858/964/659 852/954/659 851/955/659 857/965/659
f 857/965/660 851/955/660 849/956/660 855/966/660
f 862/676/661 856/675/661 860/967/661 866/968/661
f 866/968/662 860/967/662 859/969/662 865/970/662
f 865/970/663 859/969/663 858/971/663 864/972/663
f 864/973/664 858/964/664 857/965/664 863/974/664
f 863/974/665 857/965/665 855/966/665 861/975/665
f 868/680/666 862/679/666 866/976/666 872/977/666
f 872/977/667 866/976/667 865/978/667 871/979/667
f 871/979/668 865/978/668 864/980/668 870/981/668
f 870/982/669 864/973/669 863/974/669 869/983/669
f 869/983/670 863/974/670 861/975/670 867/984/670
f 682/686/671 868/680/671 872/985/671 686/986/671
f 686/986/672 872/985/672 871/987/672 685/988/672
f 685/988/673 871/987/673 870/989/673 684/990/673
f 684/695/674 870/982/674 869/983/674 683/696/674
f 683/696/675 869/983/675 867/984/675 681/698/675
f 687/699/39 681/698/39 867/984/39 861/975/39 855/966/39 849/956/39 843/946/39 837/935/39 831/925/39 825/914/39 819/903/39 813/893/39 807/883/39 801/872/39 795/861/39 789/852/39 783/843/39 777/834/39 771/825/39 765/816/39 759/807/39 753/798/39 747/789/39 741/780/39 735/771/39 729/762/39 723/753/39 717/744/39 711/735/39 705/726/39 699/717/39 693/708/39
f 874/580/676 879/583/676 881/991/676 878/992/676
f 878/992/677 881/991/677 882/993/677 877/994/677
f 877/994/678 882/993/678 883/995/678 876/996/678
f 876/997/679 883/998/679 884/999/679 875/1000/679
f 875/1000/680 884/999/680 880/1001/680 873/1002/680
f 879/583/681 885/683/681 887/1003/681 881/1004/681
f 881/1004/682 887/1003/682 888/1005/682 882/1006/682
f 882/1006/683 888/1005/683 889/1007/683 883/1008/683
f 883/998/684 889/1009/684 890/1010/684 884/999/684
f 884/999/685 890/1010/685 886/1011/685 880/1001/685
f 885/684/686 891/685/686 893/1012/686 887/1013/686
f 887/1013/687 893/1012/687 894/1014/687 888/1015/687
f 888/1015/688 894/1014/688 895/1016/688 889/1017/688
f 889/1009/689 895/1018/689 896/1019/689 890/1010/689
f 890/1010/690 896/1019/690 892/1020/690 886/1011/690
f 891/584/691 897/587/691 899/1021/691 893/1022/691
f 893/1022/692 899/1021/692 900/1023/692 894/1024/692
f 894/1024/693 900/1023/693 901/1025/693 895/1026/693
f 895/1018/694 901/1027/694 902/1028/694 896/1019/694
f 896/1019/695 902/1028/695 898/1029/695 892/1020/695
f 897/588/696 903/591/696 905/1030/696 899/1031/696
f 899/1031/697 905/1030/697 906/1032/697 900/1033/697
f 900/1033/698 906/1032/698 907/1034/698 901/1035/698
f 901/1027/699 907/1036/699 908/1037/699 902/1028/699
f 902/1028/700 908/1037/700 904/1038/700 898/1029/700
f 903/591/701 909/593/701 911/1039/701 905/1040/701
f 905/1040/702 911/1039/702 912/1041/702 906/1042/702
f 906/1042/703 912/1041/703 913/1043/703 907/1044/703
f 907/1036/704 913/1045/704 914/1046/704 908/1037/704
f 908/1037/705 914/1046/705 910/1047/705 904/1038/705
f 909/594/706 915/596/706 917/1048/706 911/1049/706
f 911/1049/707 917/1048/707 918/1050/707 912/1051/707
f 912/1051/708 918/1050/708 919/1052/708 913/1053/708
f 913/1045/709 919/1054/709 920/1055/709 914/1046/709
f 914/1046/710 920/1055/710 916/1056/710 910/1047/710
f 915/597/711 921/600/711 923/1057/711 917/1058/711
f 917/1058/712 923/1057/712 924/1059/712 918/1060/712
f 918/1060/713 924/1059/713 925/1061/713 919/1062/713
f 919/1054/714 925/1063/714 926/1064/714 920/1055/714
f 920/1055/715 926/1064/715 922/1065/715 916/1056/715
f 921/600/716 927/603/716 929/1066/716 923/1067/716
f 923/1067/717 929/1066/717 930/1068/717 924/1069/717
f 924/1069/718 930/1068/718 931/1070/718 925/1071/718
f 925/1063/719 931/1072/719 932/1073/719 926/1064/719
f 926/1064/720 932/1073/720 928/1074/720 922/1065/720
f 927/603/721 933/605/721 935/1075/721 929/1076/721
f 929/1076/722 935/1075/722 936/1077/722 930/1078/722
f 930/1078/723 936/1077/723 937/1079/723 931/1080/723
f 931/1072/724 937/1081/724 938/1082/724 932/1073/724
f 932/1073/725 938/1082/725 934/1083/725 928/1074/725
f 933/605/726 939/607/726 941/1084/726 935/1085/726
f 935/1085/727 941/1084/727 942/1086/727 936/1087/727
f 936/1087/728 942/1086/728 943/1088/728 937/1089/728
f 937/1081/729 943/1090/729 944/1091/729 938/1082/729
f 938/1082/730 944/1091/730 940/1092/730 934/1083/730
f 939/608/731 945/611/731 947/1093/731 941/1094/731
f 941/1094/732 947/1093/732 948/1095/732 942/1096/732
f 942/1096/733 948/1095/733 949/1097/733 943/1098/733
f 943/1090/734 949/1099/734 950/1100/734 944/1091/734
f 944/1091/735 950/1100/735 946/1101/735 940/1092/735
f 945/612/736 951/615/736 953/1102/736 947/1103/736
f 947/1103/737 953/1102/737 954/1104/737 948/1105/737
f 948/1105/738 954/1104/738 955/1106/738 949/1107/738
f 949/1099/739 955/1108/739 956/1109/739 950/1100/739
f 950/1100/740 956/1109/740 952/1110/740 946/1101/740
f 951/615/741 957/617/741 959/1111/741 953/1112/741
f 953/1112/742 959/1111/742 960/1113/742 954/1114/742
f 954/1114/743 960/1113/743 961/1115/743 955/1116/743
f 955/1108/744 961/1117/744 962/1118/744 956/1109/744
f 956/1109/745 962/1118/745 958/1119/745 952/1110/745
f 957/618/746 963/620/746 965/1120/746 959/1121/746
f 959/1121/747 965/1120/747 966/1122/747 960/1123/747
f 960/1123/748 966/1122/748 967/1124/748 961/1125/748
f 961/1117/749 967/1126/749 968/1127/749 962/1118/749
f 962/1118/750 968/1127/750 964/1128/750 958/1119/750
f 963/621/751 969/624/751 971/1129/751 965/1130/751
f 965/1130/752 971/1129/752 972/1131/752 966/1132/752
f 966/1132/753 972/1131/753 973/1133/753 967/1134/753
f 967/1126/754 973/1135/754 974/1136/754 968/1127/754
f 968/1127/755 974/1136/755 970/1137/755 964/1128/755
f 969/624/756 975/627/756 977/1138/756 971/1139/756
f 971/1139/757 977/1138/757 978/1140/757 972/1141/757
f 972/1141/758 978/1140/758 979/1142/758 973/1143/758
f 973/1135/759 979/1144/759 980/1145/759 974/1136/759
f 974/1136/760 980/1145/760 976/1146/760 970/1137/760
f 975/627/761 981/629/761 983/1147/761 977/1148/761
f 977/1148/762 983/1147/762 984/1149/762 978/1150/762
f 978/1150/763 984/1149/763 985/1151/763 979/1152/763
f 979/1144/764 985/1153/764 986/1154/764 980/1145/764
f 980/1145/765 986/1154/765 982/1155/765 976/1146/765
f 981/630/766 987/637/766 989/1156/766 983/1157/766
f 983/1157/767 989/1156/767 990/1158/767 984/1159/767
f 984/1159/768 990/1158/768 991/1160/768 985/1161/768
f 985/1153/769 991/1162/769 992/1163/769 986/1154/769
f 986/1154/770 992/1163/770 988/1164/770 982/1155/770
f 987/637/771 993/640/771 995/1165/771 989/1166/771
f 989/1166/772 995/1165/772 996/1167/772 990/1168/772
f 990/1168/773 996/1167/773 997/1169/773 991/1170/773
f 991/1162/774 997/1171/774 998/1172/774 992/1163/774
f 992/1163/775 998/1172/775 994/1173/775 988/1164/775
f 993/640/776 999/643/776 1001/1174/776 995/1175/776
f 995/1175/777 1001/1174/777 1002/1176/777 996/1177/777
f 996/1177/778 1002/1176/778 1003/1178/778 997/1179/778
f 997/1171/779 1003/1180/779 1004/1181/779 998/1172/779
f 998/1172/780 1004/1181/780 1000/1182/780 994/1173/780
f 999/643/781 1005/645/781 1007/1183/781 1001/1184/781
f 1001/1184/782 1007/1183/782 1008/1185/782 1002/1186/782
f 1002/1186/783 1008/1185/783 1009/1187/783 1003/1188/783
f 1003/1180/784 1009/1189/784 1010/1190/784 1004/1181/784
f 1004/1181/785 1010/1190/785 1006/1191/785 1000/1182/785
f 1005/646/786 1011/649/786 1013/1192/786 1007/1193/786
f 1007/1193/787 1013/1192/787 1014/1194/787 1008/1195/787
f 1008/1195/788 1014/1194/788 1015/1196/788 1009/1197/788
f 1009/1189/789 1015/1198/789 1016/1199/789 1010/1190/789
f 1010/1190/790 1016/1199/790 1012/1200/790 1006/1191/790
f 1011/650/791 1017/652/791 1019/1201/791 1013/1202/791
f 1013/1202/792 1019/1201/792 1020/1203/792 1014/1204/792
f 1014/1204/793 1020/1203/793 1021/1205/793 1015/1206/793
f 1015/1198/794 1021/1207/794 1022/1208/794 1016/1199/794
f 1016/1199/795 1022/1208/795 1018/1209/795 1012/1200/795
f 1017/652/796 1023/655/796 1025/1210/796 1019/1211/796
f 1019/1211/797 1025/1210/797 1026/1212/797 1020/1213/797
f 1020/1213/798 1026/1212/798 1027/1214/798 1021/1215/798
f 1021/1207/799 1027/1216/799 1028/1217/799 1022/1208/799
f 1022/1208/800 1028/1217/800 1024/1218/800 1018/1209/800
f 1023/655/801 1029/657/801 1031/1219/801 1025/1220/801
f 1025/1220/802 1031/1219/802 1032/1221/802 1026/1222/802
f 1026/1222/803 1032/1221/803 1033/1223/803 1027/1224/803
f 1027/1216/804 1033/1225/804 1034/1226/804 1028/1217/804
f 1028/1217/805 1034/1226/805 1030/1227/805 1024/1218/805
f 1029/658/806 1035/661/806 1037/1228/806 1031/1229/806
f 1031/1229/807 1037/1228/807 1038/1230/807 1032/1231/807
f 1032/1231/808 1038/1230/808 1039/1232/808 1033/1233/808
f 1033/1225/809 1039/1234/809 1040/1235/809 1034/1226/809
f 1034/1226/810 1040/1235/810 1036/1236/810 1030/1227/810
f 1035/662/811 1041/665/811 1043/1237/811 1037/1238/811
f 1037/1238/812 1043/1237/812 1044/1239/812 1038/1240/812
f 1038/1240/813 1044/1239/813 1045/1241/813 1039/1242/813
f 1039/1234/814 1045/1243/814 1046/1244/814 1040/1235/814
f 1040/1235/815 1046/1244/815 1042/1245/815 1036/1236/815
f 1041/666/816 1047/669/816 1049/1246/816 1043/1247/816
f 1043/1247/817 1049/1246/817 1050/1248/817 1044/1249/817
f 1044/1249/818 1050/1248/818 1051/1250/818 1045/1251/818
f 1045/1243/819 1051/1252/819 1052/1253/819 1046/1244/819
f 1046/1244/820 1052/1253/820 1048/1254/820 1042/1245/820
f 1047/670/821 1053/677/821 1055/1255/821 1049/1256/821
f 1049/1256/822 1055/1255/822 1056/1257/822 1050/1258/822
f 1050/1258/823 1056/1257/823 1057/1259/823 1051/1260/823
f 1051/1252/824 1057/1261/824 1058/1262/824 1052/1253/824
f 1052/1253/825 1058/1262/825 1054/1263/825 1048/1254/825
f 1053/678/826 1059/681/826 1061/1264/826 1055/1265/826
f 1055/1265/827 1061/1264/827 1062/1266/827 1056/1267/827
f 1056/1267/828 1062/1266/828 1063/1268/828 1057/1269/828
f 1057/1261/829 1063/1270/829 1064/1271/829 1058/1262/829
f 1058/1262/830 1064/1271/830 1060/1272/830 1054/1263/830
f 1059/681/831 874/687/831 878/1273/831 1061/1274/831
f 1061/1274/832 878/1273/832 877/1275/832 1062/1276/832
f 1062/1276/833 877/1275/833 876/1277/833 1063/1278/833
f 1063/1270/834 876/997/834 875/1000/834 1064/1271/834
f 1064/1271/835 875/1000/835 873/1002/835 1060/1272/835
f 873/1002/38 880/1001/38 886/1011/38 892/1020/38 898/1029/38 904/1038/38 910/1047/38 916/1056/38 922/1065/38 928/1074/38 934/1083/38 940/1092/38 946/1101/38 952/1110/38 958/1119/38 964/1128/38 970/1137/38 976/1146/38 982/1155/38 988/1164/38 994/1173/38 1000/1182/38 1006/1191/38 1012/1200/38 1018/1209/38 1024/1218/38 1030/1227/38 1036/1236/38 1042/1245/38 1048/1254/38 1054/1263/38 1060/1272/38
f 1068/1279/38 1067/1280/38 1070/1281/38 1072/1282/38 1069/1283/38 1071/1284/38 1076/1285/38 1073/1286/38 1077/1287/38 1074/1288/38 1075/1289/38 1065/1290/38 1066/1291/38
f 1077/1292/506 1073/1293/506 826/916/506 832/915/506
f 1075/1294/508 1074/1295/508 838/937/508 844/936/508
f 1069/1296/502 1072/1297/502 802/874/502 808/873/502
f 1073/1298/505 1076/1299/505 820/905/505 826/904/505
f 1071/1300/503 1069/1296/503 808/873/503 814/884/503
f 1074/1301/507 1077/1292/507 832/915/507 838/926/507
f 1079/1302/39 1078/1303/39 1081/1304/39 1080/1305/39 1088/1306/39 1087/1307/39 1090/1308/39 1086/1309/39 1089/1310/39 1084/1311/39 1082/1312/39 1085/1313/39 1083/1314/39
f 1066/1315/510 1065/1316/510 850/947/510 856/957/510
f 1076/1299/504 1071/1317/504 814/884/504 820/894/504
f 1065/1318/509 1075/1319/509 844/936/509 850/947/509
f 1078/1320/1 1079/1321/1 1130/1322/1 1147/1323/1 1146/1324/1 1148/1325/1 1149/1326/1 1164/1327/1 1163/1328/1 1183/1329/1 1182/1330/1 1181/1331/1 1180/1332/1 1179/1333/1 1178/1334/1 1175/1335/1 1174/1336/1 1172/1337/1 1171/1338/1 1170/1339/1 1168/1340/1 1165/1341/1 1151/1342/1 1150/1343/1 1134/1344/1 1133/1345/1 1132/1346/1 1131/1347/1 1113/1348/1 1187/1349/1 1186/1350/1 1188/1351/1 1167/1352/1 1166/1353/1 1169/1354/1 1173/1355/1 1176/1356/1 1189/1357/1 1190/1358/1 1191/1359/1 1192/1360/1 1210/1361/1 1212/1362/1 1213/1363/1 1234/1364/1 1235/1365/1 1236/1366/1 1218/1367/1 1217/1368/1 1216/1369/1
f 1072/1370/501 1070/1371/501 796/863/501 802/862/501
f 1221/1372/1 1224/1373/1 1225/1374/1 1233/1375/1 1232/1376/1 1231/1377/1 1230/1378/1 1229/1379/1 1211/1380/1 1209/1381/1 1208/1382/1 1207/1383/1 1206/1384/1 1205/1385/1 1204/1386/1 1203/1387/1 1202/1388/1 1201/1389/1 1200/1390/1 1199/1391/1 1198/1392/1 1196/1393/1 1197/1394/1 1228/1395/1 1227/1396/1 1226/1397/1 1223/1398/1 1222/1399/1
f 1214/1400/1 1215/1401/1 1219/1402/1 1220/1403/1 1437/1404/1 1418/1405/1 1417/1406/1 1402/1407/1 1401/1408/1 1400/1409/1 1403/1410/1 1391/1411/1 1390/1412/1 1389/1413/1 1388/1414/1 1386/1415/1 1385/1416/1 1387/1417/1 1464/1418/1 1465/1419/1 1466/1420/1 1467/1421/1 1468/1422/1 1448/1423/1 1447/1424/1 1450/1425/1 1449/1426/1 1451/1427/1 1432/1428/1 1431/1429/1 1430/1430/1 1429/1431/1 1428/1432/1 1427/1433/1 1412/1434/1 1411/1435/1 1409/1436/1 1408/1437/1 1396/1438/1 1395/1439/1 1394/1440/1 1392/1441/1 1393/1442/1 1397/1443/1 1398/1444/1 1399/1445/1 1413/1446/1 1414/1447/1 1415/1448/1 1416/1449/1 1433/1450/1 1434/1451/1 1435/1452/1 1436/1453/1 1452/1454/1 1079/1321/1 1067/1280/1 1381/1455/1 1382/1456/1 1384/1457/1 1383/1458/1 1378/1459/1 1372/1460/1 1367/1461/1 1364/1462/1 1363/1463/1 1362/1464/1 1360/1465/1 1357/1466/1 1358/1467/1 1359/1468/1 1361/1469/1 1617/1470/1 1614/1471/1 1611/1472/1 1574/1473/1 1592/1474/1 1576/1475/1 1571/1476/1 1068/1279/1 1078/1320/1 1216/1369/1
f 1068/1279/1 1571/1476/1 1570/1477/1 1572/1478/1 1573/1479/1 1577/1480/1 1067/1280/1 1551/1481/1 1552/1482/1 1553/1483/1 1554/1484/1 1569/1485/1 1568/1486/1 1590/1487/1 1591/1488/1 1589/1489/1 1588/1490/1 1587/1491/1 1586/1492/1 1584/1493/1 1583/1494/1 1582/1495/1 1581/1496/1 1580/1497/1 1579/1498/1 1578/1499/1 1557/1500/1 1556/1501/1 1539/1502/1 1538/1503/1 1537/1504/1 1536/1505/1 1626/1506/1 1625/1507/1
f 1628/1508/1 1627/1509/1 1621/1510/1 1620/1511/1 1741/1512/1 1742/1513/1 1740/1514/1 1738/1515/1 1737/1516/1 1739/1517/1 1736/1518/1 1733/1519/1 1732/1520/1 1734/1521/1 1735/1522/1 1754/1523/1 1755/1524/1 1756/1525/1 1757/1526/1 1758/1527/1 1759/1528/1 1772/1529/1 1773/1530/1 1774/1531/1 1775/1532/1 1776/1533/1 1777/1534/1 1778/1535/1 1771/1536/1 1770/1537/1 1769/1538/1 1768/1539/1 1767/1540/1 1764/1541/1 1765/1542/1 1766/1543/1 1763/1544/1 1762/1545/1 1761/1546/1 1760/1547/1 1744/1548/1 1743/1549/1 1745/1550/1 1746/1551/1 1749/1552/1 1748/1553/1 1747/1554/1 1750/1555/1 1751/1556/1 1752/1557/1 1753/1558/1 1622/1559/1 1623/1560/1 1629/1561/1 1630/1562/1 1624/1563/1 1626/1506/1 1670/1564/1 1672/1565/1 1671/1566/1 1673/1567/1 1652/1568/1 1651/1569/1 1650/1570/1 1654/1571/1 1653/1572/1 1637/1573/1 1636/1574/1 1635/1575/1 1638/1576/1 1639/1577/1 1642/1578/1 1641/1579/1 1640/1580/1 1659/1581/1 1656/1582/1 1655/1583/1 1657/1584/1 1658/1585/1 1675/1586/1 1674/1587/1 1677/1588/1 1676/1589/1 1688/1590/1 1689/1591/1 1690/1592/1 1691/1593/1 1692/1594/1 1693/1595/1 1705/1596/1 1706/1597/1 1707/1598/1 1708/1599/1 1709/1600/1 1710/1601/1 1711/1602/1 1712/1603/1 1713/1604/1 1714/1605/1 1694/1606/1 1695/1607/1 1696/1608/1 1698/1609/1 1697/1610/1 1699/1611/1 1680/1612/1 1679/1613/1 1678/1614/1 1665/1615/1 1664/1616/1 1663/1617/1 1662/1618/1 1661/1619/1 1660/1620/1 1645/1621/1 1644/1622/1 1643/1623/1 1632/1624/1 1633/1625/1 1631/1626/1 1634/1627/1 1646/1628/1 1647/1629/1 1648/1630/1 1649/1631/1 1666/1632/1 1667/1633/1 1668/1634/1 1669/1635/1 1681/1636/1 1684/1637/1 1682/1638/1 1067/1280/1 1068/1279/1 1625/1507/1
f 1683/1639/1 1700/1640/1 1701/1641/1 1702/1642/1 1715/1643/1 1718/1644/1 1719/1645/1 1722/1646/1 1723/1647/1 1726/1648/1 1727/1649/1 1728/1650/1 1725/1651/1 1724/1652/1 1721/1653/1 1720/1654/1 1717/1655/1 1716/1656/1 1704/1657/1 1703/1658/1 1687/1659/1 1686/1660/1 1685/1661/1 1670/1564/1 1626/1506/1 1536/1505/1 1516/1662/1 1517/1663/1 1500/1664/1 1501/1665/1 1502/1666/1 1490/1667/1 1489/1668/1 1488/1669/1 1491/1670/1 1731/1671/1 1730/1672/1 1729/1673/1 1585/1674/1 1564/1675/1 1563/1676/1 1565/1677/1 1566/1678/1 1567/1679/1 1546/1680/1 1547/1681/1 1549/1682/1 1548/1683/1 1550/1684/1 1531/1685/1 1530/1686/1 1529/1687/1 1528/1688/1 1527/1689/1 1526/1690/1 1512/1691/1 1511/1692/1 1508/1693/1 1507/1694/1 1496/1695/1 1495/1696/1 1494/1697/1 1492/1698/1 1493/1699/1 1498/1700/1 1497/1701/1 1499/1702/1 1510/1703/1 1513/1704/1 1514/1705/1 1515/1706/1 1532/1707/1 1533/1708/1 1534/1709/1 1535/1710/1 1551/1481/1 1067/1280/1 1682/1638/1
f 1540/1711/1 1541/1712/1 1542/1713/1 1543/1714/1 1544/1715/1 1545/1716/1 1555/1717/1 1558/1718/1 1559/1719/1 1560/1720/1 1561/1721/1 1562/1722/1 1509/1723/1 1504/1724/1 1503/1725/1 1505/1726/1 1506/1727/1 1525/1728/1 1524/1729/1 1523/1730/1 1522/1731/1 1520/1732/1 1521/1733/1 1518/1734/1 1519/1735/1
f 1575/1736/1 1574/1473/1 1611/1472/1 1612/1737/1 1607/1738/1 1608/1739/1 1602/1740/1 1603/1741/1 1595/1742/1 1593/1743/1 1594/1744/1 1596/1745/1 1598/1746/1 1597/1747/1 1599/1748/1 1600/1749/1 1601/1750/1 1605/1751/1 1604/1752/1 1606/1753/1 1609/1754/1 1610/1755/1 1613/1756/1 1616/1757/1 1615/1758/1 1618/1759/1 1619/1760/1 1365/1761/1 1366/1762/1 1368/1763/1 1369/1764/1 1371/1765/1 1370/1766/1 1373/1767/1 1374/1768/1 1375/1769/1 1376/1770/1 1377/1771/1 1379/1772/1 1380/1773/1 1381/1455/1 1067/1280/1 1577/1480/1
f 1453/1774/1 1454/1775/1 1455/1776/1 1470/1777/1 1469/1778/1 1486/1779/1 1487/1780/1 1485/1781/1 1484/1782/1 1483/1783/1 1482/1784/1 1481/1785/1 1479/1786/1 1476/1787/1 1475/1788/1 1473/1789/1 1472/1790/1 1471/1791/1 1458/1792/1 1457/1793/1 1440/1794/1 1439/1795/1 1438/1796/1 1437/1404/1 1220/1403/1 1195/1797/1 1194/1798/1 1193/1799/1 1185/1800/1 1184/1801/1 1187/1349/1 1113/1348/1 1112/1802/1 1111/1803/1 1093/1804/1 1092/1805/1 1091/1806/1 1095/1807/1 1094/1808/1 1354/1809/1 1353/1810/1 1347/1811/1 1349/1812/1 1348/1813/1 1350/1814/1 1351/1815/1 1352/1816/1 1355/1817/1 1356/1818/1 1107/1819/1 1108/1820/1 1109/1821/1 1110/1822/1 1128/1823/1 1129/1824/1 1130/1322/1 1079/1321/1 1452/1454/1
f 1127/1825/1 1126/1826/1 1125/1827/1 1124/1828/1 1123/1829/1 1122/1830/1 1121/1831/1 1106/1832/1 1105/1833/1 1104/1834/1 1103/1835/1 1102/1836/1 1101/1837/1 1100/1838/1 1099/1839/1 1097/1840/1 1096/1841/1 1098/1842/1 1119/1843/1 1120/1844/1 1118/1845/1 1117/1846/1 1114/1847/1 1115/1848/1 1116/1849/1 1135/1850/1 1136/1851/1 1137/1852/1 1138/1853/1 1139/1854/1 1140/1855/1 1152/1856/1 1153/1857/1 1154/1858/1 1155/1859/1 1156/1860/1 1177/1861/1 1159/1862/1 1157/1863/1 1158/1864/1 1160/1865/1 1162/1866/1 1161/1867/1 1142/1868/1 1141/1869/1 1143/1870/1 1144/1871/1 1145/1872/1
f 1441/1873/1 1442/1874/1 1443/1875/1 1444/1876/1 1445/1877/1 1446/1878/1 1456/1879/1 1459/1880/1 1460/1881/1 1461/1882/1 1462/1883/1 1463/1884/1 1410/1885/1 1404/1886/1 1405/1887/1 1406/1888/1 1407/1889/1 1426/1890/1 1425/1891/1 1424/1892/1 1421/1893/1 1422/1894/1 1423/1895/1 1420/1896/1 1419/1897/1
l 1336 1452
l 1314 1257
l 1257 1220
o Company_Name
v 0.033700 0.004947 -0.006360
v 0.032218 0.004947 -0.006360
v 0.032218 0.004947 0.004995
v 0.033700 0.004947 0.004995
v 0.033700 0.004947 -0.000366
v 0.033871 0.004947 -0.000552
v 0.034035 0.004947 -0.000718
v 0.034195 0.004947 -0.000866
v 0.034350 0.004947 -0.000995
v 0.034501 0.004947 -0.001106
v 0.034651 0.004947 -0.001201
v 0.034799 0.004947 -0.001279
v 0.034948 0.004947 -0.001342
v 0.035097 0.004947 -0.001390
v 0.035249 0.004947 -0.001423
v 0.035405 0.004947 -0.001442
v 0.035564 0.004947 -0.001449
v 0.035782 0.004947 -0.001434
v 0.035985 0.004947 -0.001391
v 0.036173 0.004947 -0.001320
v 0.036344 0.004947 -0.001222
v 0.036498 0.004947 -0.001100
v 0.036634 0.004947 -0.000953
v 0.036752 0.004947 -0.000784
v 0.036850 0.004947 -0.000593
v 0.036927 0.004947 -0.000381
v 0.036984 0.004947 -0.000150
v 0.037018 0.004947 0.000100
v 0.037030 0.004947 0.000366
v 0.037030 0.004947 0.004995
v 0.038511 0.004947 0.004995
v 0.038511 0.004947 0.000416
v 0.038489 0.004947 -0.000074
v 0.038425 0.004947 -0.000521
v 0.038319 0.004947 -0.000924
v 0.038177 0.004947 -0.001284
v 0.037998 0.004947 -0.001601
v 0.037787 0.004947 -0.001875
v 0.037545 0.004947 -0.002107
v 0.037276 0.004947 -0.002296
v 0.036980 0.004947 -0.002443
v 0.036661 0.004947 -0.002547
v 0.036322 0.004947 -0.002610
v 0.035964 0.004947 -0.002631
v 0.035756 0.004947 -0.002622
v 0.035549 0.004947 -0.002597
v 0.035344 0.004947 -0.002555
v 0.035141 0.004947 -0.002496
v 0.034943 0.004947 -0.002422
v 0.034749 0.004947 -0.002333
v 0.034560 0.004947 -0.002229
v 0.034378 0.004947 -0.002110
v 0.034203 0.004947 -0.001978
v 0.034037 0.004947 -0.001831
v 0.033880 0.004947 -0.001671
v 0.033733 0.004947 -0.001499
v 0.033700 0.004947 -0.001499
v 0.031285 0.004947 -0.002115
v 0.031109 0.004947 -0.002191
v 0.030937 0.004947 -0.002263
v 0.030767 0.004947 -0.002329
v 0.030598 0.004947 -0.002389
v 0.030430 0.004947 -0.002443
v 0.030259 0.004947 -0.002491
v 0.030086 0.004947 -0.002533
v 0.029908 0.004947 -0.002567
v 0.029724 0.004947 -0.002595
v 0.029532 0.004947 -0.002615
v 0.029332 0.004947 -0.002627
v 0.029121 0.004947 -0.002631
v 0.028572 0.004947 -0.002599
v 0.028061 0.004947 -0.002503
v 0.027588 0.004947 -0.002348
v 0.027156 0.004947 -0.002134
v 0.026767 0.004947 -0.001864
v 0.026424 0.004947 -0.001540
v 0.026127 0.004947 -0.001165
v 0.025880 0.004947 -0.000741
v 0.025684 0.004947 -0.000271
v 0.025541 0.004947 0.000244
v 0.025454 0.004947 0.000802
v 0.025425 0.004947 0.001398
v 0.025457 0.004947 0.001934
v 0.025551 0.004947 0.002439
v 0.025704 0.004947 0.002911
v 0.025913 0.004947 0.003347
v 0.026175 0.004947 0.003742
v 0.026486 0.004947 0.004096
v 0.026844 0.004947 0.004403
v 0.027245 0.004947 0.004662
v 0.027686 0.004947 0.004868
v 0.028165 0.004947 0.005020
v 0.028677 0.004947 0.005113
v 0.029221 0.004947 0.005145
v 0.029420 0.004947 0.005141
v 0.029623 0.004947 0.005129
v 0.029829 0.004947 0.005110
v 0.030036 0.004947 0.005084
v 0.030241 0.004947 0.005053
v 0.030442 0.004947 0.005016
v 0.030638 0.004947 0.004974
v 0.030825 0.004947 0.004928
v 0.031003 0.004947 0.004878
v 0.031168 0.004947 0.004825
v 0.031318 0.004947 0.004769
v 0.031452 0.004947 0.004712
v 0.031452 0.004947 0.003247
v 0.031268 0.004947 0.003326
v 0.031089 0.004947 0.003399
v 0.030915 0.004947 0.003465
v 0.030746 0.004947 0.003524
v 0.030580 0.004947 0.003576
v 0.030417 0.004947 0.003621
v 0.030257 0.004947 0.003659
v 0.030099 0.004947 0.003691
v 0.029942 0.004947 0.003715
v 0.029785 0.004947 0.003732
v 0.029628 0.004947 0.003743
v 0.029471 0.004947 0.003746
v 0.029099 0.004947 0.003727
v 0.028751 0.004947 0.003670
v 0.028429 0.004947 0.003576
v 0.028134 0.004947 0.003447
v 0.027867 0.004947 0.003283
v 0.027631 0.004947 0.003086
v 0.027426 0.004947 0.002857
v 0.027255 0.004947 0.002597
v 0.027120 0.004947 0.002306
v 0.027021 0.004947 0.001987
v 0.026960 0.004947 0.001639
v 0.026940 0.004947 0.001265
v 0.026959 0.004947 0.000897
v 0.027015 0.004947 0.000552
v 0.027106 0.004947 0.000231
v 0.027231 0.004947 -0.000064
v 0.027388 0.004947 -0.000331
v 0.027574 0.004947 -0.000568
v 0.027789 0.004947 -0.000774
v 0.028030 0.004947 -0.000946
v 0.028295 0.004947 -0.001083
v 0.028584 0.004947 -0.001183
v 0.028893 0.004947 -0.001245
v 0.029221 0.004947 -0.001266
v 0.029382 0.004947 -0.001262
v 0.029540 0.004947 -0.001251
v 0.029698 0.004947 -0.001231
v 0.029856 0.004947 -0.001201
v 0.030016 0.004947 -0.001162
v 0.030178 0.004947 -0.001112
v 0.030345 0.004947 -0.001049
v 0.030517 0.004947 -0.000974
v 0.030696 0.004947 -0.000886
v 0.030883 0.004947 -0.000784
v 0.031079 0.004947 -0.000666
v 0.031285 0.004947 -0.000533
v 0.024892 0.004947 0.002830
v 0.024676 0.004947 0.002967
v 0.024460 0.004947 0.003094
v 0.024244 0.004947 0.003210
v 0.024029 0.004947 0.003315
v 0.023813 0.004947 0.003409
v 0.023597 0.004947 0.003492
v 0.023380 0.004947 0.003563
v 0.023163 0.004947 0.003622
v 0.022944 0.004947 0.003669
v 0.022723 0.004947 0.003702
v 0.022501 0.004947 0.003723
v 0.022278 0.004947 0.003729
v 0.021932 0.004947 0.003714
v 0.021610 0.004947 0.003666
v 0.021314 0.004947 0.003587
v 0.021041 0.004947 0.003476
v 0.020794 0.004947 0.003334
v 0.020571 0.004947 0.003161
v 0.020373 0.004947 0.002958
v 0.020201 0.004947 0.002723
v 0.020053 0.004947 0.002458
v 0.019931 0.004947 0.002163
v 0.019835 0.004947 0.001837
v 0.019764 0.004947 0.001482
v 0.025025 0.004947 0.001482
v 0.024999 0.004947 0.000820
v 0.024922 0.004947 0.000217
v 0.024796 0.004947 -0.000327
v 0.024624 0.004947 -0.000813
v 0.024406 0.004947 -0.001241
v 0.024145 0.004947 -0.001611
v 0.023842 0.004947 -0.001924
v 0.023501 0.004947 -0.002179
v 0.023121 0.004947 -0.002377
v 0.022707 0.004947 -0.002518
v 0.022258 0.004947 -0.002603
v 0.021778 0.004947 -0.002631
v 0.021276 0.004947 -0.002599
v 0.020802 0.004947 -0.002507
v 0.020361 0.004947 -0.002356
v 0.019954 0.004947 -0.002150
v 0.019585 0.004947 -0.001891
v 0.019256 0.004947 -0.001582
v 0.018970 0.004947 -0.001226
v 0.018729 0.004947 -0.000825
v 0.018538 0.004947 -0.000383
v 0.018397 0.004947 0.000098
v 0.018311 0.004947 0.000615
v 0.018282 0.004947 0.001165
v 0.018309 0.004947 0.001677
v 0.018389 0.004947 0.002177
v 0.018521 0.004947 0.002658
v 0.018705 0.004947 0.003115
v 0.018939 0.004947 0.003540
v 0.019222 0.004947 0.003929
v 0.019555 0.004947 0.004275
v 0.019934 0.004947 0.004572
v 0.020361 0.004947 0.004813
v 0.020833 0.004947 0.004993
v 0.021350 0.004947 0.005106
v 0.021911 0.004947 0.005145
v 0.022219 0.004947 0.005139
v 0.022509 0.004947 0.005121
v 0.022784 0.004947 0.005091
v 0.023047 0.004947 0.005049
v 0.023298 0.004947 0.004995
v 0.023539 0.004947 0.004928
v 0.023773 0.004947 0.004849
v 0.024001 0.004947 0.004757
v 0.024225 0.004947 0.004653
v 0.024447 0.004947 0.004536
v 0.024668 0.004947 0.004406
v 0.024892 0.004947 0.004262
v 0.019797 0.004947 0.000499
v 0.019857 0.004947 0.000215
v 0.019937 0.004947 -0.000048
v 0.020037 0.004947 -0.000288
v 0.020156 0.004947 -0.000505
v 0.020296 0.004947 -0.000699
v 0.020455 0.004947 -0.000868
v 0.020633 0.004947 -0.001013
v 0.020830 0.004947 -0.001132
v 0.021047 0.004947 -0.001226
v 0.021283 0.004947 -0.001294
v 0.021538 0.004947 -0.001335
v 0.021812 0.004947 -0.001349
v 0.022065 0.004947 -0.001334
v 0.022302 0.004947 -0.001290
v 0.022520 0.004947 -0.001219
v 0.022720 0.004947 -0.001121
v 0.022900 0.004947 -0.000998
v 0.023060 0.004947 -0.000849
v 0.023200 0.004947 -0.000677
v 0.023317 0.004947 -0.000483
v 0.023413 0.004947 -0.000267
v 0.023486 0.004947 -0.000031
v 0.023535 0.004947 0.000225
v 0.023560 0.004947 0.000499
v 0.018149 0.004947 -0.006360
v 0.008658 0.004947 -0.006360
v 0.008658 0.004947 -0.004895
v 0.012587 0.004947 -0.004895
v 0.012587 0.004947 0.004995
v 0.014219 0.004947 0.004995
v 0.014219 0.004947 -0.004895
v 0.018149 0.004947 -0.004895
v 0.003763 0.004947 -0.002481
v 0.003763 0.004947 0.004995
v 0.005245 0.004947 0.004995
v 0.005245 0.004947 0.001082
v 0.005261 0.004947 0.000768
v 0.005309 0.004947 0.000467
v 0.005386 0.004947 0.000182
v 0.005490 0.004947 -0.000083
v 0.005619 0.004947 -0.000327
v 0.005771 0.004947 -0.000547
v 0.005945 0.004947 -0.000741
v 0.006138 0.004947 -0.000905
v 0.006348 0.004947 -0.001037
v 0.006573 0.004947 -0.001134
v 0.006811 0.004947 -0.001195
v 0.007060 0.004947 -0.001216
v 0.007152 0.004947 -0.001209
v 0.007252 0.004947 -0.001191
v 0.007360 0.004947 -0.001162
v 0.007473 0.004947 -0.001122
v 0.007592 0.004947 -0.001072
v 0.007713 0.004947 -0.001012
v 0.007837 0.004947 -0.000943
v 0.007961 0.004947 -0.000865
v 0.008085 0.004947 -0.000780
v 0.008207 0.004947 -0.000688
v 0.008327 0.004947 -0.000588
v 0.008442 0.004947 -0.000483
v 0.009224 0.004947 -0.001765
v 0.009071 0.004947 -0.001904
v 0.008920 0.004947 -0.002031
v 0.008770 0.004947 -0.002146
v 0.008622 0.004947 -0.002248
v 0.008474 0.004947 -0.002339
v 0.008327 0.004947 -0.002416
v 0.008180 0.004947 -0.002482
v 0.008034 0.004947 -0.002536
v 0.007887 0.004947 -0.002577
v 0.007740 0.004947 -0.002607
v 0.007592 0.004947 -0.002625
v 0.007443 0.004947 -0.002631
v 0.007267 0.004947 -0.002619
v 0.007091 0.004947 -0.002584
v 0.006915 0.004947 -0.002524
v 0.006737 0.004947 -0.002440
v 0.006559 0.004947 -0.002329
v 0.006379 0.004947 -0.002192
v 0.006198 0.004947 -0.002027
v 0.006017 0.004947 -0.001834
v 0.005834 0.004947 -0.001612
v 0.005650 0.004947 -0.001361
v 0.005465 0.004947 -0.001079
v 0.005278 0.004947 -0.000766
v 0.005245 0.004947 -0.000766
v 0.005245 0.004947 -0.002481
v 0.002764 0.004947 0.002830
v 0.002548 0.004947 0.002967
v 0.002332 0.004947 0.003094
v 0.002117 0.004947 0.003210
v 0.001901 0.004947 0.003315
v 0.001686 0.004947 0.003409
v 0.001469 0.004947 0.003492
v 0.001253 0.004947 0.003563
v 0.001035 0.004947 0.003622
v 0.000816 0.004947 0.003669
v 0.000596 0.004947 0.003702
v 0.000374 0.004947 0.003723
v 0.000150 0.004947 0.003729
v -0.000196 0.004947 0.003714
v -0.000517 0.004947 0.003666
v -0.000814 0.004947 0.003587
v -0.001087 0.004947 0.003476
v -0.001334 0.004947 0.003334
v -0.001557 0.004947 0.003161
v -0.001754 0.004947 0.002958
v -0.001927 0.004947 0.002723
v -0.002074 0.004947 0.002458
v -0.002197 0.004947 0.002163
v -0.002293 0.004947 0.001837
v -0.002364 0.004947 0.001482
v 0.002897 0.004947 0.001482
v 0.002871 0.004947 0.000820
v 0.002794 0.004947 0.000217
v 0.002668 0.004947 -0.000327
v 0.002496 0.004947 -0.000813
v 0.002278 0.004947 -0.001241
v 0.002017 0.004947 -0.001611
v 0.001714 0.004947 -0.001924
v 0.001373 0.004947 -0.002179
v 0.000994 0.004947 -0.002377
v 0.000579 0.004947 -0.002518
v 0.000130 0.004947 -0.002603
v -0.000350 0.004947 -0.002631
v -0.000852 0.004947 -0.002599
v -0.001326 0.004947 -0.002507
v -0.001767 0.004947 -0.002356
v -0.002174 0.004947 -0.002150
v -0.002543 0.004947 -0.001891
v -0.002872 0.004947 -0.001582
v -0.003158 0.004947 -0.001226
v -0.003398 0.004947 -0.000825
v -0.003590 0.004947 -0.000383
v -0.003731 0.004947 0.000098
v -0.003817 0.004947 0.000615
v -0.003846 0.004947 0.001165
v -0.003819 0.004947 0.001677
v -0.003739 0.004947 0.002177
v -0.003607 0.004947 0.002658
v -0.003423 0.004947 0.003115
v -0.003189 0.004947 0.003540
v -0.002905 0.004947 0.003929
v -0.002573 0.004947 0.004275
v -0.002193 0.004947 0.004572
v -0.001767 0.004947 0.004813
v -0.001295 0.004947 0.004993
v -0.000778 0.004947 0.005106
v -0.000216 0.004947 0.005145
v 0.000091 0.004947 0.005139
v 0.000381 0.004947 0.005121
v 0.000657 0.004947 0.005091
v 0.000919 0.004947 0.005049
v 0.001170 0.004947 0.004995
v 0.001411 0.004947 0.004928
v 0.001645 0.004947 0.004849
v 0.001873 0.004947 0.004757
v 0.002097 0.004947 0.004653
v 0.002319 0.004947 0.004536
v 0.002541 0.004947 0.004406
v 0.002764 0.004947 0.004262
v -0.002331 0.004947 0.000499
v -0.002271 0.004947 0.000215
v -0.002191 0.004947 -0.000048
v -0.002091 0.004947 -0.000288
v -0.001971 0.004947 -0.000505
v -0.001832 0.004947 -0.000699
v -0.001673 0.004947 -0.000868
v -0.001495 0.004947 -0.001013
v -0.001297 0.004947 -0.001132
v -0.001081 0.004947 -0.001226
v -0.000845 0.004947 -0.001294
v -0.000590 0.004947 -0.001335
v -0.000316 0.004947 -0.001349
v -0.000063 0.004947 -0.001334
v 0.000174 0.004947 -0.001290
v 0.000392 0.004947 -0.001219
v 0.000592 0.004947 -0.001121
v 0.000772 0.004947 -0.000998
v 0.000932 0.004947 -0.000849
v 0.001072 0.004947 -0.000677
v 0.001190 0.004947 -0.000483
v 0.001285 0.004947 -0.000267
v 0.001358 0.004947 -0.000031
v 0.001407 0.004947 0.000225
v 0.001432 0.004947 0.000499
v -0.009524 0.004947 -0.002481
v -0.011006 0.004947 -0.002481
v -0.011006 0.004947 0.004995
v -0.009524 0.004947 0.004995
v -0.009524 0.004947 -0.000366
v -0.009353 0.004947 -0.000552
v -0.009188 0.004947 -0.000718
v -0.009029 0.004947 -0.000866
v -0.008874 0.004947 -0.000995
v -0.008722 0.004947 -0.001106
v -0.008573 0.004947 -0.001201
v -0.008424 0.004947 -0.001279
v -0.008276 0.004947 -0.001342
v -0.008126 0.004947 -0.001390
v -0.007974 0.004947 -0.001423
v -0.007819 0.004947 -0.001442
v -0.007659 0.004947 -0.001449
v -0.007441 0.004947 -0.001434
v -0.007238 0.004947 -0.001391
v -0.007051 0.004947 -0.001320
v -0.006880 0.004947 -0.001222
v -0.006725 0.004947 -0.001100
v -0.006589 0.004947 -0.000953
v -0.006472 0.004947 -0.000784
v -0.006374 0.004947 -0.000593
v -0.006296 0.004947 -0.000381
v -0.006240 0.004947 -0.000150
v -0.006205 0.004947 0.000100
v -0.006194 0.004947 0.000366
v -0.006194 0.004947 0.004995
v -0.004712 0.004947 0.004995
v -0.004712 0.004947 0.000383
v -0.004735 0.004947 -0.000107
v -0.004802 0.004947 -0.000551
v -0.004911 0.004947 -0.000952
v -0.005058 0.004947 -0.001309
v -0.005240 0.004947 -0.001622
v -0.005455 0.004947 -0.001892
v -0.005699 0.004947 -0.002119
v -0.005970 0.004947 -0.002305
v -0.006264 0.004947 -0.002448
v -0.006579 0.004947 -0.002550
v -0.006912 0.004947 -0.002611
v -0.007259 0.004947 -0.002631
v -0.007467 0.004947 -0.002622
v -0.007674 0.004947 -0.002597
v -0.007880 0.004947 -0.002555
v -0.008082 0.004947 -0.002496
v -0.008281 0.004947 -0.002422
v -0.008475 0.004947 -0.002333
v -0.008663 0.004947 -0.002229
v -0.008845 0.004947 -0.002110
v -0.009020 0.004947 -0.001978
v -0.009186 0.004947 -0.001831
v -0.009344 0.004947 -0.001671
v -0.009490 0.004947 -0.001499
v -0.009524 0.004947 -0.001499
v -0.017016 0.004947 -0.002481
v -0.018498 0.004947 -0.002481
v -0.018498 0.004947 0.004995
v -0.017016 0.004947 0.004995
v -0.017016 0.004947 -0.000366
v -0.016845 0.004947 -0.000552
v -0.016680 0.004947 -0.000718
v -0.016521 0.004947 -0.000866
v -0.016366 0.004947 -0.000995
v -0.016215 0.004947 -0.001106
v -0.016065 0.004947 -0.001201
v -0.015917 0.004947 -0.001279
v -0.015768 0.004947 -0.001342
v -0.015618 0.004947 -0.001390
v -0.015467 0.004947 -0.001423
v -0.015311 0.004947 -0.001442
v -0.015151 0.004947 -0.001449
v -0.014934 0.004947 -0.001434
v -0.014731 0.004947 -0.001391
v -0.014543 0.004947 -0.001320
v -0.014372 0.004947 -0.001222
v -0.014218 0.004947 -0.001100
v -0.014082 0.004947 -0.000953
v -0.013964 0.004947 -0.000784
v -0.013866 0.004947 -0.000593
v -0.013789 0.004947 -0.000381
v -0.013732 0.004947 -0.000150
v -0.013698 0.004947 0.000100
v -0.013686 0.004947 0.000366
v -0.013686 0.004947 0.004995
v -0.012204 0.004947 0.004995
v -0.012204 0.004947 0.000383
v -0.012228 0.004947 -0.000107
v -0.012295 0.004947 -0.000551
v -0.012403 0.004947 -0.000952
v -0.012550 0.004947 -0.001309
v -0.012733 0.004947 -0.001622
v -0.012947 0.004947 -0.001892
v -0.013192 0.004947 -0.002119
v -0.013462 0.004947 -0.002305
v -0.013757 0.004947 -0.002448
v -0.014072 0.004947 -0.002550
v -0.014404 0.004947 -0.002611
v -0.014752 0.004947 -0.002631
v -0.014960 0.004947 -0.002622
v -0.015167 0.004947 -0.002597
v -0.015372 0.004947 -0.002555
v -0.015575 0.004947 -0.002496
v -0.015773 0.004947 -0.002422
v -0.015967 0.004947 -0.002333
v -0.016156 0.004947 -0.002229
v -0.016338 0.004947 -0.002110
v -0.016513 0.004947 -0.001978
v -0.016679 0.004947 -0.001831
v -0.016836 0.004947 -0.001671
v -0.016983 0.004947 -0.001499
v -0.017016 0.004947 -0.001499
v -0.023327 0.004947 -0.002631
v -0.023873 0.004947 -0.002597
v -0.024394 0.004947 -0.002498
v -0.024884 0.004947 -0.002337
v -0.025341 0.004947 -0.002120
v -0.025760 0.004947 -0.001849
v -0.026136 0.004947 -0.001530
v -0.026466 0.004947 -0.001166
v -0.026745 0.004947 -0.000761
v -0.026970 0.004947 -0.000320
v -0.027135 0.004947 0.000154
v -0.027238 0.004947 0.000656
v -0.027273 0.004947 0.001182
v -0.027239 0.004947 0.001743
v -0.027140 0.004947 0.002273
v -0.026979 0.004947 0.002771
v -0.026760 0.004947 0.003231
v -0.026486 0.004947 0.003650
v -0.026161 0.004947 0.004025
v -0.025788 0.004947 0.004352
v -0.025371 0.004947 0.004628
v -0.024913 0.004947 0.004849
v -0.024417 0.004947 0.005011
v -0.023887 0.004947 0.005111
v -0.023327 0.004947 0.005145
v -0.022743 0.004947 0.005112
v -0.022194 0.004947 0.005015
v -0.021683 0.004947 0.004858
v -0.021212 0.004947 0.004643
v -0.020785 0.004947 0.004372
v -0.020405 0.004947 0.004050
v -0.020074 0.004947 0.003678
v -0.019797 0.004947 0.003260
v -0.019576 0.004947 0.002799
v -0.019414 0.004947 0.002297
v -0.019315 0.004947 0.001757
v -0.019281 0.004947 0.001182
v -0.019315 0.004947 0.000642
v -0.019417 0.004947 0.000131
v -0.019583 0.004947 -0.000348
v -0.019808 0.004947 -0.000791
v -0.020089 0.004947 -0.001194
v -0.020423 0.004947 -0.001555
v -0.020806 0.004947 -0.001869
v -0.021234 0.004947 -0.002134
v -0.021704 0.004947 -0.002346
v -0.022212 0.004947 -0.002502
v -0.022754 0.004947 -0.002598
v -0.023343 0.004947 -0.001299
v -0.022982 0.004947 -0.001277
v -0.022640 0.004947 -0.001214
v -0.022320 0.004947 -0.001112
v -0.022024 0.004947 -0.000973
v -0.021755 0.004947 -0.000799
v -0.021514 0.004947 -0.000593
v -0.021304 0.004947 -0.000357
v -0.021127 0.004947 -0.000093
v -0.020985 0.004947 0.000197
v -0.020882 0.004947 0.000511
v -0.020818 0.004947 0.000845
v -0.020796 0.004947 0.001199
v -0.020816 0.004947 0.001589
v -0.020876 0.004947 0.001953
v -0.020974 0.004947 0.002288
v -0.021108 0.004947 0.002594
v -0.021279 0.004947 0.002869
v -0.021483 0.004947 0.003111
v -0.021719 0.004947 0.003320
v -0.021987 0.004947 0.003494
v -0.022285 0.004947 0.003631
v -0.022611 0.004947 0.003731
v -0.022964 0.004947 0.003792
v -0.023343 0.004947 0.003813
v -0.023692 0.004947 0.003791
v -0.024019 0.004947 0.003728
v -0.024325 0.004947 0.003624
v -0.024606 0.004947 0.003482
v -0.024860 0.004947 0.003304
v -0.025087 0.004947 0.003091
v -0.025284 0.004947 0.002844
v -0.025450 0.004947 0.002567
v -0.025582 0.004947 0.002260
v -0.025678 0.004947 0.001926
v -0.025737 0.004947 0.001566
v -0.025758 0.004947 0.001182
v -0.025737 0.004947 0.000832
v -0.025676 0.004947 0.000501
v -0.025577 0.004947 0.000190
v -0.025442 0.004947 -0.000098
v -0.025274 0.004947 -0.000360
v -0.025075 0.004947 -0.000595
v -0.024846 0.004947 -0.000801
v -0.024591 0.004947 -0.000974
v -0.024311 0.004947 -0.001113
v -0.024008 0.004947 -0.001214
v -0.023685 0.004947 -0.001277
v -0.038262 0.004947 0.004995
v -0.033833 0.004947 0.004995
v -0.032927 0.004947 0.004939
v -0.032086 0.004947 0.004777
v -0.031311 0.004947 0.004517
v -0.030605 0.004947 0.004170
v -0.029972 0.004947 0.003744
v -0.029414 0.004947 0.003249
v -0.028935 0.004947 0.002692
v -0.028536 0.004947 0.002084
v -0.028220 0.004947 0.001434
v -0.027992 0.004947 0.000750
v -0.027853 0.004947 0.000041
v -0.027805 0.004947 -0.000683
v -0.027844 0.004947 -0.001358
v -0.027962 0.004947 -0.002034
v -0.028160 0.004947 -0.002701
v -0.028440 0.004947 -0.003346
v -0.028804 0.004947 -0.003959
v -0.029254 0.004947 -0.004527
v -0.029791 0.004947 -0.005039
v -0.030418 0.004947 -0.005484
v -0.031135 0.004947 -0.005850
v -0.031945 0.004947 -0.006126
v -0.032849 0.004947 -0.006300
v -0.033849 0.004947 -0.006360
v -0.038262 0.004947 -0.006360
v -0.036630 0.004947 -0.004895
v -0.034116 0.004947 -0.004895
v -0.033357 0.004947 -0.004856
v -0.032669 0.004947 -0.004742
v -0.032051 0.004947 -0.004558
v -0.031502 0.004947 -0.004310
v -0.031022 0.004947 -0.004004
v -0.030609 0.004947 -0.003644
v -0.030262 0.004947 -0.003238
v -0.029980 0.004947 -0.002789
v -0.029763 0.004947 -0.002303
v -0.029609 0.004947 -0.001787
v -0.029517 0.004947 -0.001245
v -0.029487 0.004947 -0.000683
v -0.029506 0.004947 -0.000306
v -0.029567 0.004947 0.000115
v -0.029678 0.004947 0.000565
v -0.029844 0.004947 0.001031
v -0.030074 0.004947 0.001497
v -0.030374 0.004947 0.001948
v -0.030751 0.004947 0.002370
v -0.031211 0.004947 0.002748
v -0.031763 0.004947 0.003068
v -0.032412 0.004947 0.003315
v -0.033167 0.004947 0.003474
v -0.034033 0.004947 0.003530
v -0.036630 0.004947 0.003530
v 0.033700 0.004197 -0.006360
v 0.032218 0.004197 -0.006360
v 0.032218 0.004197 0.004995
v 0.033700 0.004197 0.004995
v 0.033700 0.004197 -0.000366
v 0.033871 0.004197 -0.000552
v 0.034035 0.004197 -0.000718
v 0.034195 0.004197 -0.000866
v 0.034350 0.004197 -0.000995
v 0.034501 0.004197 -0.001106
v 0.034651 0.004197 -0.001201
v 0.034799 0.004197 -0.001279
v 0.034948 0.004197 -0.001342
v 0.035097 0.004197 -0.001390
v 0.035249 0.004197 -0.001423
v 0.035405 0.004197 -0.001442
v 0.035564 0.004197 -0.001449
v 0.035782 0.004197 -0.001434
v 0.035985 0.004197 -0.001391
v 0.036173 0.004197 -0.001320
v 0.036344 0.004197 -0.001222
v 0.036498 0.004197 -0.001100
v 0.036634 0.004197 -0.000953
v 0.036752 0.004197 -0.000784
v 0.036850 0.004197 -0.000593
v 0.036927 0.004197 -0.000381
v 0.036984 0.004197 -0.000150
v 0.037018 0.004197 0.000100
v 0.037030 0.004197 0.000366
v 0.037030 0.004197 0.004995
v 0.038511 0.004197 0.004995
v 0.038511 0.004197 0.000416
v 0.038489 0.004197 -0.000074
v 0.038425 0.004197 -0.000521
v 0.038319 0.004197 -0.000924
v 0.038177 0.004197 -0.001284
v 0.037998 0.004197 -0.001601
v 0.037787 0.004197 -0.001875
v 0.037545 0.004197 -0.002107
v 0.037276 0.004197 -0.002296
v 0.036980 0.004197 -0.002443
v 0.036661 0.004197 -0.002547
v 0.036322 0.004197 -0.002610
v 0.035964 0.004197 -0.002631
v 0.035756 0.004197 -0.002622
v 0.035549 0.004197 -0.002597
v 0.035344 0.004197 -0.002555
v 0.035141 0.004197 -0.002496
v 0.034943 0.004197 -0.002422
v 0.034749 0.004197 -0.002333
v 0.034560 0.004197 -0.002229
v 0.034378 0.004197 -0.002110
v 0.034203 0.004197 -0.001978
v 0.034037 0.004197 -0.001831
v 0.033880 0.004197 -0.001671
v 0.033733 0.004197 -0.001499
v 0.033700 0.004197 -0.001499
v 0.031285 0.004197 -0.002115
v 0.031109 0.004197 -0.002191
v 0.030937 0.004197 -0.002263
v 0.030767 0.004197 -0.002329
v 0.030598 0.004197 -0.002389
v 0.030430 0.004197 -0.002443
v 0.030259 0.004197 -0.002491
v 0.030086 0.004197 -0.002533
v 0.029908 0.004197 -0.002567
v 0.029724 0.004197 -0.002595
v 0.029532 0.004197 -0.002615
v 0.029332 0.004197 -0.002627
v 0.029121 0.004197 -0.002631
v 0.028572 0.004197 -0.002599
v 0.028061 0.004197 -0.002503
v 0.027588 0.004197 -0.002348
v 0.027156 0.004197 -0.002134
v 0.026767 0.004197 -0.001864
v 0.026424 0.004197 -0.001540
v 0.026127 0.004197 -0.001165
v 0.025880 0.004197 -0.000741
v 0.025684 0.004197 -0.000271
v 0.025541 0.004197 0.000244
v 0.025454 0.004197 0.000802
v 0.025425 0.004197 0.001398
v 0.025457 0.004197 0.001934
v 0.025551 0.004197 0.002439
v 0.025704 0.004197 0.002911
v 0.025913 0.004197 0.003347
v 0.026175 0.004197 0.003742
v 0.026486 0.004197 0.004096
v 0.026844 0.004197 0.004403
v 0.027245 0.004197 0.004662
v 0.027686 0.004197 0.004868
v 0.028165 0.004197 0.005020
v 0.028677 0.004197 0.005113
v 0.029221 0.004197 0.005145
v 0.029420 0.004197 0.005141
v 0.029623 0.004197 0.005129
v 0.029829 0.004197 0.005110
v 0.030036 0.004197 0.005084
v 0.030241 0.004197 0.005053
v 0.030442 0.004197 0.005016
v 0.030638 0.004197 0.004974
v 0.030825 0.004197 0.004928
v 0.031003 0.004197 0.004878
v 0.031168 0.004197 0.004825
v 0.031318 0.004197 0.004769
v 0.031452 0.004197 0.004712
v 0.031452 0.004197 0.003247
v 0.031268 0.004197 0.003326
v 0.031089 0.004197 0.003399
v 0.030915 0.004197 0.003465
v 0.030746 0.004197 0.003524
v 0.030580 0.004197 0.003576
v 0.030417 0.004197 0.003621
v 0.030257 0.004197 0.003659
v 0.030099 0.004197 0.003691
v 0.029942 0.004197 0.003715
v 0.029785 0.004197 0.003732
v 0.029628 0.004197 0.003743
v 0.029471 0.004197 0.003746
v 0.029099 0.004197 0.003727
v 0.028751 0.004197 0.003670
v 0.028429 0.004197 0.003576
v 0.028134 0.004197 0.003447
v 0.027867 0.004197 0.003283
v 0.027631 0.004197 0.003086
v 0.027426 0.004197 0.002857
v 0.027255 0.004197 0.002597
v 0.027120 0.004197 0.002306
v 0.027021 0.004197 0.001987
v 0.026960 0.004197 0.001639
v 0.026940 0.004197 0.001265
v 0.026959 0.004197 0.000897
v 0.027015 0.004197 0.000552
v 0.027106 0.004197 0.000231
v 0.027231 0.004197 -0.000064
v 0.027388 0.004197 -0.000331
v 0.027574 0.004197 -0.000568
v 0.027789 0.004197 -0.000774
v 0.028030 0.004197 -0.000946
v 0.028295 0.004197 -0.001083
v 0.028584 0.004197 -0.001183
v 0.028893 0.004197 -0.001245
v 0.029221 0.004197 -0.001266
v 0.029382 0.004197 -0.001262
v 0.029540 0.004197 -0.001251
v 0.029698 0.004197 -0.001231
v 0.029856 0.004197 -0.001201
v 0.030016 0.004197 -0.001162
v 0.030178 0.004197 -0.001112
v 0.030345 0.004197 -0.001049
v 0.030517 0.004197 -0.000974
v 0.030696 0.004197 -0.000886
v 0.030883 0.004197 -0.000784
v 0.031079 0.004197 -0.000666
v 0.031285 0.004197 -0.000533
v 0.024892 0.004197 0.002830
v 0.024676 0.004197 0.002967
v 0.024460 0.004197 0.003094
v 0.024244 0.004197 0.003210
v 0.024029 0.004197 0.003315
v 0.023813 0.004197 0.003409
v 0.023597 0.004197 0.003492
v 0.023380 0.004197 0.003563
v 0.023163 0.004197 0.003622
v 0.022944 0.004197 0.003669
v 0.022723 0.004197 0.003702
v 0.022501 0.004197 0.003723
v 0.022278 0.004197 0.003729
v 0.021932 0.004197 0.003714
v 0.021610 0.004197 0.003666
v 0.021314 0.004197 0.003587
v 0.021041 0.004197 0.003476
v 0.020794 0.004197 0.003334
v 0.020571 0.004197 0.003161
v 0.020373 0.004197 0.002958
v 0.020201 0.004197 0.002723
v 0.020053 0.004197 0.002458
v 0.019931 0.004197 0.002163
v 0.019835 0.004197 0.001837
v 0.019764 0.004197 0.001482
v 0.025025 0.004197 0.001482
v 0.024999 0.004197 0.000820
v 0.024922 0.004197 0.000217
v 0.024796 0.004197 -0.000327
v 0.024624 0.004197 -0.000813
v 0.024406 0.004197 -0.001241
v 0.024145 0.004197 -0.001611
v 0.023842 0.004197 -0.001924
v 0.023501 0.004197 -0.002179
v 0.023121 0.004197 -0.002377
v 0.022707 0.004197 -0.002518
v 0.022258 0.004197 -0.002603
v 0.021778 0.004197 -0.002631
v 0.021276 0.004197 -0.002599
v 0.020802 0.004197 -0.002507
v 0.020361 0.004197 -0.002356
v 0.019954 0.004197 -0.002150
v 0.019585 0.004197 -0.001891
v 0.019256 0.004197 -0.001582
v 0.018970 0.004197 -0.001226
v 0.018729 0.004197 -0.000825
v 0.018538 0.004197 -0.000383
v 0.018397 0.004197 0.000098
v 0.018311 0.004197 0.000615
v 0.018282 0.004197 0.001165
v 0.018309 0.004197 0.001677
v 0.018389 0.004197 0.002177
v 0.018521 0.004197 0.002658
v 0.018705 0.004197 0.003115
v 0.018939 0.004197 0.003540
v 0.019222 0.004197 0.003929
v 0.019555 0.004197 0.004275
v 0.019934 0.004197 0.004572
v 0.020361 0.004197 0.004813
v 0.020833 0.004197 0.004993
v 0.021350 0.004197 0.005106
v 0.021911 0.004197 0.005145
v 0.022219 0.004197 0.005139
v 0.022509 0.004197 0.005121
v 0.022784 0.004197 0.005091
v 0.023047 0.004197 0.005049
v 0.023298 0.004197 0.004995
v 0.023539 0.004197 0.004928
v 0.023773 0.004197 0.004849
v 0.024001 0.004197 0.004757
v 0.024225 0.004197 0.004653
v 0.024447 0.004197 0.004536
v 0.024668 0.004197 0.004406
v 0.024892 0.004197 0.004262
v 0.019797 0.004197 0.000499
v 0.019857 0.004197 0.000215
v 0.019937 0.004197 -0.000048
v 0.020037 0.004197 -0.000288
v 0.020156 0.004197 -0.000505
v 0.020296 0.004197 -0.000699
v 0.020455 0.004197 -0.000868
v 0.020633 0.004197 -0.001013
v 0.020830 0.004197 -0.001132
v 0.021047 0.004197 -0.001226
v 0.021283 0.004197 -0.001294
v 0.021538 0.004197 -0.001335
v 0.021812 0.004197 -0.001349
v 0.022065 0.004197 -0.001334
v 0.022302 0.004197 -0.001290
v 0.022520 0.004197 -0.001219
v 0.022720 0.004197 -0.001121
v 0.022900 0.004197 -0.000998
v 0.023060 0.004197 -0.000849
v 0.023200 0.004197 -0.000677
v 0.023317 0.004197 -0.000483
v 0.023413 0.004197 -0.000267
v 0.023486 0.004197 -0.000031
v 0.023535 0.004197 0.000225
v 0.023560 0.004197 0.000499
v 0.018149 0.004197 -0.006360
v 0.008658 0.004197 -0.006360
v 0.008658 0.004197 -0.004895
v 0.012587 0.004197 -0.004895
v 0.012587 0.004197 0.004995
v 0.014219 0.004197 0.004995
v 0.014219 0.004197 -0.004895
v 0.018149 0.004197 -0.004895
v 0.003763 0.004197 -0.002481
v 0.003763 0.004197 0.004995
v 0.005245 0.004197 0.004995
v 0.005245 0.004197 0.001082
v 0.005261 0.004197 0.000768
v 0.005309 0.004197 0.000467
v 0.005386 0.004197 0.000182
v 0.005490 0.004197 -0.000083
v 0.005619 0.004197 -0.000327
v 0.005771 0.004197 -0.000547
v 0.005945 0.004197 -0.000741
v 0.006138 0.004197 -0.000905
v 0.006348 0.004197 -0.001037
v 0.006573 0.004197 -0.001134
v 0.006811 0.004197 -0.001195
v 0.007060 0.004197 -0.001216
v 0.007152 0.004197 -0.001209
v 0.007252 0.004197 -0.001191
v 0.007360 0.004197 -0.001162
v 0.007473 0.004197 -0.001122
v 0.007592 0.004197 -0.001072
v 0.007713 0.004197 -0.001012
v 0.007837 0.004197 -0.000943
v 0.007961 0.004197 -0.000865
v 0.008085 0.004197 -0.000780
v 0.008207 0.004197 -0.000688
v 0.008327 0.004197 -0.000588
v 0.008442 0.004197 -0.000483
v 0.009224 0.004197 -0.001765
v 0.009071 0.004197 -0.001904
v 0.008920 0.004197 -0.002031
v 0.008770 0.004197 -0.002146
v 0.008622 0.004197 -0.002248
v 0.008474 0.004197 -0.002339
v 0.008327 0.004197 -0.002416
v 0.008180 0.004197 -0.002482
v 0.008034 0.004197 -0.002536
v 0.007887 0.004197 -0.002577
v 0.007740 0.004197 -0.002607
v 0.007592 0.004197 -0.002625
v 0.007443 0.004197 -0.002631
v 0.007267 0.004197 -0.002619
v 0.007091 0.004197 -0.002584
v 0.006915 0.004197 -0.002524
v 0.006737 0.004197 -0.002440
v 0.006559 0.004197 -0.002329
v 0.006379 0.004197 -0.002192
v 0.006198 0.004197 -0.002027
v 0.006017 0.004197 -0.001834
v 0.005834 0.004197 -0.001612
v 0.005650 0.004197 -0.001361
v 0.005465 0.004197 -0.001079
v 0.005278 0.004197 -0.000766
v 0.005245 0.004197 -0.000766
v 0.005245 0.004197 -0.002481
v 0.002764 0.004197 0.002830
v 0.002548 0.004197 0.002967
v 0.002332 0.004197 0.003094
v 0.002117 0.004197 0.003210
v 0.001901 0.004197 0.003315
v 0.001686 0.004197 0.003409
v 0.001469 0.004197 0.003492
v 0.001253 0.004197 0.003563
v 0.001035 0.004197 0.003622
v 0.000816 0.004197 0.003669
v 0.000596 0.004197 0.003702
v 0.000374 0.004197 0.003723
v 0.000150 0.004197 0.003729
v -0.000196 0.004197 0.003714
v -0.000517 0.004197 0.003666
v -0.000814 0.004197 0.003587
v -0.001087 0.004197 0.003476
v -0.001334 0.004197 0.003334
v -0.001557 0.004197 0.003161
v -0.001754 0.004197 0.002958
v -0.001927 0.004197 0.002723
v -0.002074 0.004197 0.002458
v -0.002197 0.004197 0.002163
v -0.002293 0.004197 0.001837
v -0.002364 0.004197 0.001482
v 0.002897 0.004197 0.001482
v 0.002871 0.004197 0.000820
v 0.002794 0.004197 0.000217
v 0.002668 0.004197 -0.000327
v 0.002496 0.004197 -0.000813
v 0.002278 0.004197 -0.001241
v 0.002017 0.004197 -0.001611
v 0.001714 0.004197 -0.001924
v 0.001373 0.004197 -0.002179
v 0.000994 0.004197 -0.002377
v 0.000579 0.004197 -0.002518
v 0.000130 0.004197 -0.002603
v -0.000350 0.004197 -0.002631
v -0.000852 0.004197 -0.002599
v -0.001326 0.004197 -0.002507
v -0.001767 0.004197 -0.002356
v -0.002174 0.004197 -0.002150
v -0.002543 0.004197 -0.001891
v -0.002872 0.004197 -0.001582
v -0.003158 0.004197 -0.001226
v -0.003398 0.004197 -0.000825
v -0.003590 0.004197 -0.000383
v -0.003731 0.004197 0.000098
v -0.003817 0.004197 0.000615
v -0.003846 0.004197 0.001165
v -0.003819 0.004197 0.001677
v -0.003739 0.004197 0.002177
v -0.003607 0.004197 0.002658
v -0.003423 0.004197 0.003115
v -0.003189 0.004197 0.003540
v -0.002905 0.004197 0.003929
v -0.002573 0.004197 0.004275
v -0.002193 0.004197 0.004572
v -0.001767 0.004197 0.004813
v -0.001295 0.004197 0.004993
v -0.000778 0.004197 0.005106
v -0.000216 0.004197 0.005145
v 0.000091 0.004197 0.005139
v 0.000381 0.004197 0.005121
v 0.000657 0.004197 0.005091
v 0.000919 0.004197 0.005049
v 0.001170 0.004197 0.004995
v 0.001411 0.004197 0.004928
v 0.001645 0.004197 0.004849
v 0.001873 0.004197 0.004757
v 0.002097 0.004197 0.004653
v 0.002319 0.004197 0.004536
v 0.002541 0.004197 0.004406
v 0.002764 0.004197 0.004262
v -0.002331 0.004197 0.000499
v -0.002271 0.004197 0.000215
v -0.002191 0.004197 -0.000048
v -0.002091 0.004197 -0.000288
v -0.001971 0.004197 -0.000505
v -0.001832 0.004197 -0.000699
v -0.001673 0.004197 -0.000868
v -0.001495 0.004197 -0.001013
v -0.001297 0.004197 -0.001132
v -0.001081 0.004197 -0.001226
v -0.000845 0.004197 -0.001294
v -0.000590 0.004197 -0.001335
v -0.000316 0.004197 -0.001349
v -0.000063 0.004197 -0.001334
v 0.000174 0.004197 -0.001290
v 0.000392 0.004197 -0.001219
v 0.000592 0.004197 -0.001121
v 0.000772 0.004197 -0.000998
v 0.000932 0.004197 -0.000849
v 0.001072 0.004197 -0.000677
v 0.001190 0.004197 -0.000483
v 0.001285 0.004197 -0.000267
v 0.001358 0.004197 -0.000031
v 0.001407 0.004197 0.000225
v 0.001432 0.004197 0.000499
v -0.009524 0.004197 -0.002481
v -0.011006 0.004197 -0.002481
v -0.011006 0.004197 0.004995
v -0.009524 0.004197 0.004995
v -0.009524 0.004197 -0.000366
v -0.009353 0.004197 -0.000552
v -0.009188 0.004197 -0.000718
v -0.009029 0.004197 -0.000866
v -0.008874 0.004197 -0.000995
v -0.008722 0.004197 -0.001106
v -0.008573 0.004197 -0.001201
v -0.008424 0.004197 -0.001279
v -0.008276 0.004197 -0.001342
v -0.008126 0.004197 -0.001390
v -0.007974 0.004197 -0.001423
v -0.007819 0.004197 -0.001442
v -0.007659 0.004197 -0.001449
v -0.007441 0.004197 -0.001434
v -0.007238 0.004197 -0.001391
v -0.007051 0.004197 -0.001320
v -0.006880 0.004197 -0.001222
v -0.006725 0.004197 -0.001100
v -0.006589 0.004197 -0.000953
v -0.006472 0.004197 -0.000784
v -0.006374 0.004197 -0.000593
v -0.006296 0.004197 -0.000381
v -0.006240 0.004197 -0.000150
v -0.006205 0.004197 0.000100
v -0.006194 0.004197 0.000366
v -0.006194 0.004197 0.004995
v -0.004712 0.004197 0.004995
v -0.004712 0.004197 0.000383
v -0.004735 0.004197 -0.000107
v -0.004802 0.004197 -0.000551
v -0.004911 0.004197 -0.000952
v -0.005058 0.004197 -0.001309
v -0.005240 0.004197 -0.001622
v -0.005455 0.004197 -0.001892
v -0.005699 0.004197 -0.002119
v -0.005970 0.004197 -0.002305
v -0.006264 0.004197 -0.002448
v -0.006579 0.004197 -0.002550
v -0.006912 0.004197 -0.002611
v -0.007259 0.004197 -0.002631
v -0.007467 0.004197 -0.002622
v -0.007674 0.004197 -0.002597
v -0.007880 0.004197 -0.002555
v -0.008082 0.004197 -0.002496
v -0.008281 0.004197 -0.002422
v -0.008475 0.004197 -0.002333
v -0.008663 0.004197 -0.002229
v -0.008845 0.004197 -0.002110
v -0.009020 0.004197 -0.001978
v -0.009186 0.004197 -0.001831
v -0.009344 0.004197 -0.001671
v -0.009490 0.004197 -0.001499
v -0.009524 0.004197 -0.001499
v -0.017016 0.004197 -0.002481
v -0.018498 0.004197 -0.002481
v -0.018498 0.004197 0.004995
v -0.017016 0.004197 0.004995
v -0.017016 0.004197 -0.000366
v -0.016845 0.004197 -0.000552
v -0.016680 0.004197 -0.000718
v -0.016521 0.004197 -0.000866
v -0.016366 0.004197 -0.000995
v -0.016215 0.004197 -0.001106
v -0.016065 0.004197 -0.001201
v -0.015917 0.004197 -0.001279
v -0.015768 0.004197 -0.001342
v -0.015618 0.004197 -0.001390
v -0.015467 0.004197 -0.001423
v -0.015311 0.004197 -0.001442
v -0.015151 0.004197 -0.001449
v -0.014934 0.004197 -0.001434
v -0.014731 0.004197 -0.001391
v -0.014543 0.004197 -0.001320
v -0.014372 0.004197 -0.001222
v -0.014218 0.004197 -0.001100
v -0.014082 0.004197 -0.000953
v -0.013964 0.004197 -0.000784
v -0.013866 0.004197 -0.000593
v -0.013789 0.004197 -0.000381
v -0.013732 0.004197 -0.000150
v -0.013698 0.004197 0.000100
v -0.013686 0.004197 0.000366
v -0.013686 0.004197 0.004995
v -0.012204 0.004197 0.004995
v -0.012204 0.004197 0.000383
v -0.012228 0.004197 -0.000107
v -0.012295 0.004197 -0.000551
v -0.012403 0.004197 -0.000952
v -0.012550 0.004197 -0.001309
v -0.012733 0.004197 -0.001622
v -0.012947 0.004197 -0.001892
v -0.013192 0.004197 -0.002119
v -0.013462 0.004197 -0.002305
v -0.013757 0.004197 -0.002448
v -0.014072 0.004197 -0.002550
v -0.014404 0.004197 -0.002611
v -0.014752 0.004197 -0.002631
v -0.014960 0.004197 -0.002622
v -0.015167 0.004197 -0.002597
v -0.015372 0.004197 -0.002555
v -0.015575 0.004197 -0.002496
v -0.015773 0.004197 -0.002422
v -0.015967 0.004197 -0.002333
v -0.016156 0.004197 -0.002229
v -0.016338 0.004197 -0.002110
v -0.016513 0.004197 -0.001978
v -0.016679 0.004197 -0.001831
v -0.016836 0.004197 -0.001671
v -0.016983 0.004197 -0.001499
v -0.017016 0.004197 -0.001499
v -0.023327 0.004197 -0.002631
v -0.023873 0.004197 -0.002597
v -0.024394 0.004197 -0.002498
v -0.024884 0.004197 -0.002337
v -0.025341 0.004197 -0.002120
v -0.025760 0.004197 -0.001849
v -0.026136 0.004197 -0.001530
v -0.026466 0.004197 -0.001166
v -0.026745 0.004197 -0.000761
v -0.026970 0.004197 -0.000320
v -0.027135 0.004197 0.000154
v -0.027238 0.004197 0.000656
v -0.027273 0.004197 0.001182
v -0.027239 0.004197 0.001743
v -0.027140 0.004197 0.002273
v -0.026979 0.004197 0.002771
v -0.026760 0.004197 0.003231
v -0.026486 0.004197 0.003650
v -0.026161 0.004197 0.004025
v -0.025788 0.004197 0.004352
v -0.025371 0.004197 0.004628
v -0.024913 0.004197 0.004849
v -0.024417 0.004197 0.005011
v -0.023887 0.004197 0.005111
v -0.023327 0.004197 0.005145
v -0.022743 0.004197 0.005112
v -0.022194 0.004197 0.005015
v -0.021683 0.004197 0.004858
v -0.021212 0.004197 0.004643
v -0.020785 0.004197 0.004372
v -0.020405 0.004197 0.004050
v -0.020074 0.004197 0.003678
v -0.019797 0.004197 0.003260
v -0.019576 0.004197 0.002799
v -0.019414 0.004197 0.002297
v -0.019315 0.004197 0.001757
v -0.019281 0.004197 0.001182
v -0.019315 0.004197 0.000642
v -0.019417 0.004197 0.000131
v -0.019583 0.004197 -0.000348
v -0.019808 0.004197 -0.000791
v -0.020089 0.004197 -0.001194
v -0.020423 0.004197 -0.001555
v -0.020806 0.004197 -0.001869
v -0.021234 0.004197 -0.002134
v -0.021704 0.004197 -0.002346
v -0.022212 0.004197 -0.002502
v -0.022754 0.004197 -0.002598
v -0.023343 0.004197 -0.001299
v -0.022982 0.004197 -0.001277
v -0.022640 0.004197 -0.001214
v -0.022320 0.004197 -0.001112
v -0.022024 0.004197 -0.000973
v -0.021755 0.004197 -0.000799
v -0.021514 0.004197 -0.000593
v -0.021304 0.004197 -0.000357
v -0.021127 0.004197 -0.000093
v -0.020985 0.004197 0.000197
v -0.020882 0.004197 0.000511
v -0.020818 0.004197 0.000845
v -0.020796 0.004197 0.001199
v -0.020816 0.004197 0.001589
v -0.020876 0.004197 0.001953
v -0.020974 0.004197 0.002288
v -0.021108 0.004197 0.002594
v -0.021279 0.004197 0.002869
v -0.021483 0.004197 0.003111
v -0.021719 0.004197 0.003320
v -0.021987 0.004197 0.003494
v -0.022285 0.004197 0.003631
v -0.022611 0.004197 0.003731
v -0.022964 0.004197 0.003792
v -0.023343 0.004197 0.003813
v -0.023692 0.004197 0.003791
v -0.024019 0.004197 0.003728
v -0.024325 0.004197 0.003624
v -0.024606 0.004197 0.003482
v -0.024860 0.004197 0.003304
v -0.025087 0.004197 0.003091
v -0.025284 0.004197 0.002844
v -0.025450 0.004197 0.002567
v -0.025582 0.004197 0.002260
v -0.025678 0.004197 0.001926
v -0.025737 0.004197 0.001566
v -0.025758 0.004197 0.001182
v -0.025737 0.004197 0.000832
v -0.025676 0.004197 0.000501
v -0.025577 0.004197 0.000190
v -0.025442 0.004197 -0.000098
v -0.025274 0.004197 -0.000360
v -0.025075 0.004197 -0.000595
v -0.024846 0.004197 -0.000801
v -0.024591 0.004197 -0.000974
v -0.024311 0.004197 -0.001113
v -0.024008 0.004197 -0.001214
v -0.023685 0.004197 -0.001277
v -0.038262 0.004197 0.004995
v -0.033833 0.004197 0.004995
v -0.032927 0.004197 0.004939
v -0.032086 0.004197 0.004777
v -0.031311 0.004197 0.004517
v -0.030605 0.004197 0.004170
v -0.029972 0.004197 0.003744
v -0.029414 0.004197 0.003249
v -0.028935 0.004197 0.002692
v -0.028536 0.004197 0.002084
v -0.028220 0.004197 0.001434
v -0.027992 0.004197 0.000750
v -0.027853 0.004197 0.000041
v -0.027805 0.004197 -0.000683
v -0.027844 0.004197 -0.001358
v -0.027962 0.004197 -0.002034
v -0.028160 0.004197 -0.002701
v -0.028440 0.004197 -0.003346
v -0.028804 0.004197 -0.003959
v -0.029254 0.004197 -0.004527
v -0.029791 0.004197 -0.005039
v -0.030418 0.004197 -0.005484
v -0.031135 0.004197 -0.005850
v -0.031945 0.004197 -0.006126
v -0.032849 0.004197 -0.006300
v -0.033849 0.004197 -0.006360
v -0.038262 0.004197 -0.006360
v -0.036630 0.004197 -0.004895
v -0.034116 0.004197 -0.004895
v -0.033357 0.004197 -0.004856
v -0.032669 0.004197 -0.004742
v -0.032051 0.004197 -0.004558
v -0.031502 0.004197 -0.004310
v -0.031022 0.004197 -0.004004
v -0.030609 0.004197 -0.003644
v -0.030262 0.004197 -0.003238
v -0.029980 0.004197 -0.002789
v -0.029763 0.004197 -0.002303
v -0.029609 0.004197 -0.001787
v -0.029517 0.004197 -0.001245
v -0.029487 0.004197 -0.000683
v -0.029506 0.004197 -0.000306
v -0.029567 0.004197 0.000115
v -0.029678 0.004197 0.000565
v -0.029844 0.004197 0.001031
v -0.030074 0.004197 0.001497
v -0.030374 0.004197 0.001948
v -0.030751 0.004197 0.002370
v -0.031211 0.004197 0.002748
v -0.031763 0.004197 0.003068
v -0.032412 0.004197 0.003315
v -0.033167 0.004197 0.003474
v -0.034033 0.004197 0.003530
v -0.036630 0.004197 0.003530
vn -0.0000 1.0000 -0.0000
vn -0.0000 1.0000 0.0006
vn -0.0000 1.0000 0.0010
vn -0.0000 1.0000 -0.0003
vn -0.0000 1.0000 -0.0005
vn -0.0000 1.0000 0.0003
vn -0.0000 1.0000 -0.0002
vn -0.0000 1.0000 0.0002
vn -0.0000 1.0000 0.0001
vn -0.0000 1.0000 -0.0001
vn 0.0001 1.0000 -0.0000
vn -0.0001 1.0000 0.0001
vn -0.0000 1.0000 0.0012
vn -0.0000 1.0000 -0.0007
vn 0.0001 1.0000 0.0001
vn -0.0001 1.0000 -0.0001
vn -0.0001 1.0000 -0.0000
vn 0.0001 1.0000 -0.0001
vn -0.0001 1.0000 0.0002
vn -0.0000 1.0000 -0.0012
vn 0.0001 1.0000 -0.0002
vn -0.0000 1.0000 -0.0004
vn -0.0000 1.0000 0.0004
vn -0.0000 1.0000 0.0011
vn -0.0000 1.0000 -0.0008
vn -0.0001 1.0000 -0.0003
vn 0.0001 1.0000 0.0002
vn -0.0006 1.0000 0.0019
vn 0.0026 1.0000 -0.0089
vn 0.0007 1.0000 -0.0073
vn 0.0002 1.0000 0.0001
vn -0.0000 1.0000 0.0008
vn -0.0000 1.0000 -0.0006
vn -0.0001 1.0000 0.0021
vn -0.0000 1.0000 0.0007
vn -0.0000 1.0000 0.0018
vn -0.0000 -1.0000 -0.0000
vn -1.0000 -0.0000 -0.0000
vn -0.0000 -0.0000 -1.0000
vn 1.0000 -0.0000 -0.0000
vn -0.0413 -0.0000 -0.9991
vn 0.0581 -0.0000 -0.9983
vn -0.1224 -0.0000 -0.9925
vn 0.1814 -0.0000 -0.9834
vn -0.2009 -0.0000 -0.9796
vn -0.2764 -0.0000 -0.9611
vn 0.3119 -0.0000 -0.9501
vn -0.3487 -0.0000 -0.9372
vn 0.4448 -0.0000 -0.8956
vn -0.4178 -0.0000 -0.9085
vn -0.4836 -0.0000 -0.8753
vn 0.5739 -0.0000 -0.8189
vn -0.5461 -0.0000 -0.8377
vn -0.6052 -0.0000 -0.7961
vn 0.6918 -0.0000 -0.7221
vn -0.6609 -0.0000 -0.7505
vn 0.7923 -0.0000 -0.6102
vn -0.7131 -0.0000 -0.7011
vn -0.7616 -0.0000 -0.6480
vn 0.8717 -0.0000 -0.4900
vn 0.7352 -0.0000 0.6778
vn 0.7104 -0.0000 0.7038
vn 0.6792 -0.0000 0.7339
vn 0.6404 -0.0000 0.7681
vn 0.5926 -0.0000 0.8055
vn 0.5348 -0.0000 0.8450
vn 0.4666 -0.0000 0.8845
vn 0.3887 -0.0000 0.9214
vn 0.3032 -0.0000 0.9529
vn 0.2137 -0.0000 0.9769
vn 0.1244 -0.0000 0.9922
vn 0.0397 -0.0000 0.9992
vn -0.0675 -0.0000 0.9977
vn -0.2090 -0.0000 0.9779
vn -0.3537 -0.0000 0.9353
vn -0.4940 -0.0000 0.8695
vn 0.9295 -0.0000 -0.3688
vn -0.6222 -0.0000 0.7829
vn -0.7325 -0.0000 0.6808
vn -0.8218 -0.0000 0.5697
vn 0.9677 -0.0000 -0.2521
vn -0.8900 -0.0000 0.4559
vn -0.9390 -0.0000 0.3440
vn 0.9896 -0.0000 -0.1436
vn -0.9715 -0.0000 0.2370
vn -0.0000 -0.0000 1.0000
vn -0.9906 -0.0000 0.1368
vn 0.9990 -0.0000 -0.0451
vn -0.9990 -0.0000 0.0437
vn -0.0587 -0.0000 -0.9983
vn 0.0195 -0.0000 -0.9998
vn 0.0605 -0.0000 -0.9982
vn 0.1033 -0.0000 -0.9946
vn -0.1828 -0.0000 -0.9832
vn 0.1470 -0.0000 -0.9891
vn 0.1903 -0.0000 -0.9817
vn 0.2321 -0.0000 -0.9727
vn -0.3128 -0.0000 -0.9498
vn 0.2711 -0.0000 -0.9625
vn 0.3064 -0.0000 -0.9519
vn 0.3370 -0.0000 -0.9415
vn -0.4440 -0.0000 -0.8960
vn 0.3626 -0.0000 -0.9319
vn 0.3830 -0.0000 -0.9237
vn 0.3983 -0.0000 -0.9173
vn -0.5703 -0.0000 -0.8215
vn -0.2399 -0.0000 0.9708
vn -0.2963 -0.0000 0.9551
vn -0.3497 -0.0000 0.9369
vn -0.3986 -0.0000 0.9171
vn -0.4424 -0.0000 0.8968
vn -0.4809 -0.0000 0.8768
vn -0.5140 -0.0000 0.8578
vn -0.5423 -0.0000 0.8402
vn -0.6854 -0.0000 -0.7281
vn -0.1252 -0.0000 0.9921
vn -0.1821 -0.0000 0.9833
vn -0.7843 -0.0000 -0.6204
vn -0.0224 -0.0000 0.9997
vn -0.0714 -0.0000 0.9974
vn 0.0634 -0.0000 0.9980
vn 0.1948 -0.0000 0.9808
vn 0.3282 -0.0000 0.9446
vn -0.8638 -0.0000 -0.5039
vn 0.4589 -0.0000 0.8885
vn 0.5816 -0.0000 0.8135
vn 0.6918 -0.0000 0.7221
vn -0.9232 -0.0000 -0.3844
vn 0.7860 -0.0000 0.6182
vn 0.8625 -0.0000 0.5061
vn -0.9638 -0.0000 -0.2668
vn 0.9208 -0.0000 0.3901
vn 0.9618 -0.0000 0.2739
vn -0.9880 -0.0000 -0.1544
vn 0.9870 -0.0000 0.1605
vn -0.9988 -0.0000 -0.0493
vn 0.9987 -0.0000 0.0519
vn 0.9985 -0.0000 -0.0548
vn -0.9982 -0.0000 0.0598
vn 0.9851 -0.0000 -0.1717
vn -0.9831 -0.0000 0.1832
vn 0.9552 -0.0000 -0.2958
vn 0.9060 -0.0000 -0.4232
vn -0.9512 -0.0000 0.3087
vn 0.8361 -0.0000 -0.5485
vn 0.7465 -0.0000 -0.6654
vn -0.9016 -0.0000 0.4327
vn 0.6404 -0.0000 -0.7681
vn -0.3973 -0.0000 -0.9177
vn 0.5232 -0.0000 -0.8522
vn -0.3775 -0.0000 -0.9260
vn -0.8342 -0.0000 0.5514
vn -0.3547 -0.0000 -0.9350
vn 0.4009 -0.0000 -0.9161
vn -0.3288 -0.0000 -0.9444
vn -0.2996 -0.0000 -0.9541
vn -0.2672 -0.0000 -0.9636
vn 0.2790 -0.0000 -0.9603
vn -0.2317 -0.0000 -0.9728
vn -0.1934 -0.0000 -0.9811
vn 0.1617 -0.0000 -0.9868
vn -0.1526 -0.0000 -0.9883
vn -0.1100 -0.0000 -0.9939
vn 0.0517 -0.0000 -0.9987
vn -0.0662 -0.0000 -0.9978
vn -0.7503 -0.0000 0.6611
vn -0.0220 -0.0000 -0.9998
vn -0.6518 -0.0000 0.7584
vn -0.5418 -0.0000 0.8405
vn -0.4239 -0.0000 0.9057
vn 0.3945 -0.0000 0.9189
vn 0.3461 -0.0000 0.9382
vn 0.3058 -0.0000 0.9521
vn -0.3017 -0.0000 0.9534
vn 0.2708 -0.0000 0.9626
vn 0.2391 -0.0000 0.9710
vn 0.2095 -0.0000 0.9778
vn 0.1808 -0.0000 0.9835
vn -0.1788 -0.0000 0.9839
vn 0.1522 -0.0000 0.9884
vn 0.1228 -0.0000 0.9924
vn 0.0917 -0.0000 0.9958
vn -0.0583 -0.0000 0.9983
vn 0.0205 -0.0000 0.9998
vn 0.0579 -0.0000 0.9983
vn -0.0625 -0.0000 -0.9980
vn 0.0585 -0.0000 -0.9983
vn 0.1853 -0.0000 -0.9827
vn -0.1918 -0.0000 -0.9814
vn 0.3223 -0.0000 -0.9466
vn -0.3232 -0.0000 -0.9463
vn 0.4631 -0.0000 -0.8863
vn -0.4523 -0.0000 -0.8919
vn 0.5984 -0.0000 -0.8012
vn -0.5742 -0.0000 -0.8187
vn 0.7188 -0.0000 -0.6952
vn -0.6845 -0.0000 -0.7290
vn 0.8172 -0.0000 -0.5763
vn -0.7796 -0.0000 -0.6262
vn 0.0503 -0.0000 0.9987
vn -0.0580 -0.0000 0.9983
vn 0.1589 -0.0000 0.9873
vn -0.1811 -0.0000 0.9835
vn 0.2760 -0.0000 0.9612
vn -0.3103 -0.0000 0.9507
vn 0.8912 -0.0000 -0.4537
vn 0.3975 -0.0000 0.9176
vn -0.8575 -0.0000 -0.5144
vn -0.4405 -0.0000 0.8977
vn 0.5178 -0.0000 0.8555
vn -0.5657 -0.0000 0.8246
vn 0.6303 -0.0000 0.7764
vn -0.6794 -0.0000 0.7337
vn 0.7294 -0.0000 0.6841
vn -0.7768 -0.0000 0.6297
vn -0.9175 -0.0000 -0.3978
vn 0.9422 -0.0000 -0.3350
vn 0.8115 -0.0000 0.5843
vn -0.8552 -0.0000 0.5183
vn 0.8758 -0.0000 0.4828
vn -0.9144 -0.0000 0.4049
vn -0.9600 -0.0000 -0.2801
vn 0.9743 -0.0000 -0.2251
vn 0.9233 -0.0000 0.3841
vn -0.9558 -0.0000 0.2941
vn 0.9566 -0.0000 0.2913
vn -0.9820 -0.0000 0.1886
vn -0.9864 -0.0000 -0.1645
vn 0.9785 -0.0000 0.2062
vn 0.9920 -0.0000 -0.1265
vn -0.9959 -0.0000 0.0903
vn -0.9986 -0.0000 -0.0533
vn 0.9992 -0.0000 -0.0393
vn -0.9986 -0.0000 0.0525
vn 0.9806 -0.0000 -0.1961
vn -0.9874 -0.0000 0.1583
vn 0.9586 -0.0000 -0.2846
vn 0.9242 -0.0000 -0.3820
vn -0.9642 -0.0000 0.2652
vn 0.8739 -0.0000 -0.4861
vn -0.9277 -0.0000 0.3733
vn 0.8053 -0.0000 -0.5929
vn -0.5343 -0.0000 -0.8453
vn 0.7177 -0.0000 -0.6964
vn -0.5061 -0.0000 -0.8625
vn -0.4745 -0.0000 -0.8802
vn -0.8763 -0.0000 0.4818
vn 0.6133 -0.0000 -0.7899
vn -0.4394 -0.0000 -0.8983
vn -0.4006 -0.0000 -0.9163
vn 0.4972 -0.0000 -0.8676
vn -0.3579 -0.0000 -0.9338
vn 0.3764 -0.0000 -0.9265
vn -0.3114 -0.0000 -0.9503
vn -0.8080 -0.0000 0.5892
vn -0.2611 -0.0000 -0.9653
vn 0.2578 -0.0000 -0.9662
vn -0.2074 -0.0000 -0.9782
vn 0.1467 -0.0000 -0.9892
vn -0.1507 -0.0000 -0.9886
vn -0.0916 -0.0000 -0.9958
vn 0.0460 -0.0000 -0.9989
vn -0.0307 -0.0000 -0.9995
vn -0.7212 -0.0000 0.6927
vn 0.5400 -0.0000 0.8417
vn -0.6156 -0.0000 0.7880
vn 0.5064 -0.0000 0.8623
vn 0.4671 -0.0000 0.8842
vn -0.4926 -0.0000 0.8702
vn 0.4225 -0.0000 0.9064
vn 0.3732 -0.0000 0.9277
vn -0.3562 -0.0000 0.9344
vn 0.3206 -0.0000 0.9472
vn 0.2660 -0.0000 0.9640
vn -0.2126 -0.0000 0.9771
vn 0.2114 -0.0000 0.9774
vn 0.1581 -0.0000 0.9874
vn 0.1078 -0.0000 0.9942
vn -0.0691 -0.0000 0.9976
vn 0.0192 -0.0000 0.9998
vn 0.0613 -0.0000 0.9981
vn -0.0659 -0.0000 -0.9978
vn 0.0396 -0.0000 -0.9992
vn 0.1190 -0.0000 -0.9929
vn -0.1963 -0.0000 -0.9805
vn 0.1974 -0.0000 -0.9803
vn -0.3196 -0.0000 -0.9476
vn 0.2729 -0.0000 -0.9620
vn 0.3438 -0.0000 -0.9390
vn -0.4307 -0.0000 -0.9025
vn 0.4092 -0.0000 -0.9125
vn -0.5268 -0.0000 -0.8500
vn 0.4683 -0.0000 -0.8836
vn 0.5210 -0.0000 -0.8536
vn -0.6076 -0.0000 -0.7943
vn 0.5674 -0.0000 -0.8234
vn -0.6740 -0.0000 -0.7388
vn 0.6080 -0.0000 -0.7940
vn 0.6432 -0.0000 -0.7657
vn -0.7280 -0.0000 -0.6856
vn 0.6736 -0.0000 -0.7391
vn -0.7716 -0.0000 -0.6361
vn -0.3333 -0.0000 0.9428
vn -0.3917 -0.0000 0.9201
vn -0.4421 -0.0000 0.8969
vn -0.4870 -0.0000 0.8734
vn -0.5280 -0.0000 0.8492
vn -0.5666 -0.0000 0.8240
vn -0.6035 -0.0000 0.7974
vn -0.6397 -0.0000 0.7686
vn -0.6757 -0.0000 0.7372
vn 0.8536 -0.0000 0.5210
vn -0.8070 -0.0000 -0.5906
vn -0.1768 -0.0000 0.9842
vn -0.2633 -0.0000 0.9647
vn -0.8356 -0.0000 -0.5494
vn 0.0829 -0.0000 0.9966
vn -0.0666 -0.0000 0.9978
vn 0.2461 -0.0000 0.9692
vn 0.3979 -0.0000 0.9174
vn -0.8589 -0.0000 -0.5121
vn 0.5326 -0.0000 0.8464
vn 0.6480 -0.0000 0.7617
vn 0.9311 -0.0000 0.3648
vn 0.8837 -0.0000 0.4680
vn 0.8219 -0.0000 0.5696
vn 0.7440 -0.0000 0.6682
vn 0.9654 -0.0000 0.2607
vn 0.9877 -0.0000 0.1563
vn 0.9987 -0.0000 0.0518
vn 0.5399 -0.0000 0.8417
vn 0.0580 -0.0000 -0.9983
vn 0.1799 -0.0000 -0.9837
vn 0.3077 -0.0000 -0.9515
vn 0.4378 -0.0000 -0.8991
vn 0.5645 -0.0000 -0.8254
vn 0.6815 -0.0000 -0.7318
vn 0.7828 -0.0000 -0.6223
vn 0.8642 -0.0000 -0.5031
vn 0.9246 -0.0000 -0.3809
vn 0.9652 -0.0000 -0.2617
vn 0.9887 -0.0000 -0.1496
vn 0.9989 -0.0000 -0.0471
vn -0.0621 -0.0000 -0.9981
vn 0.0571 -0.0000 -0.9984
vn 0.1742 -0.0000 -0.9847
vn -0.1873 -0.0000 -0.9823
vn 0.2932 -0.0000 -0.9561
vn -0.3107 -0.0000 -0.9505
vn 0.4115 -0.0000 -0.9114
vn -0.4299 -0.0000 -0.9029
vn 0.5263 -0.0000 -0.8503
vn -0.5426 -0.0000 -0.8400
vn 0.6348 -0.0000 -0.7727
vn -0.6469 -0.0000 -0.7625
vn 0.7338 -0.0000 -0.6794
vn -0.7410 -0.0000 -0.6715
vn 0.0628 -0.0000 0.9980
vn -0.0593 -0.0000 0.9982
vn 0.1909 -0.0000 0.9816
vn 0.3191 -0.0000 0.9477
vn -0.3041 -0.0000 0.9527
vn 0.8202 -0.0000 -0.5721
vn -0.8231 -0.0000 -0.5679
vn 0.4436 -0.0000 0.8962
vn -0.4254 -0.0000 0.9050
vn 0.5610 -0.0000 0.8278
vn -0.5419 -0.0000 0.8405
vn 0.6682 -0.0000 0.7439
vn -0.6503 -0.0000 0.7597
vn 0.8913 -0.0000 -0.4534
vn -0.8913 -0.0000 -0.4534
vn 0.7626 -0.0000 0.6468
vn -0.7476 -0.0000 0.6642
vn 0.8423 -0.0000 0.5390
vn -0.8311 -0.0000 0.5562
vn 0.9452 -0.0000 -0.3266
vn -0.9441 -0.0000 -0.3298
vn 0.9059 -0.0000 0.4235
vn -0.8987 -0.0000 0.4386
vn 0.9807 -0.0000 -0.1955
vn -0.9798 -0.0000 -0.1997
vn 0.9530 -0.0000 0.3031
vn -0.9492 -0.0000 0.3146
vn 0.9835 -0.0000 0.1808
vn -0.9822 -0.0000 0.1878
vn 0.9979 -0.0000 -0.0642
vn -0.9978 -0.0000 -0.0664
vn 0.9982 -0.0000 0.0594
vn -0.9981 -0.0000 0.0616
vn -0.9982 -0.0000 0.0601
vn 0.9986 -0.0000 -0.0524
vn 0.9983 -0.0000 0.0588
vn -0.9987 -0.0000 -0.0517
vn 0.9867 -0.0000 -0.1623
vn -0.9868 -0.0000 -0.1622
vn -0.9830 -0.0000 0.1833
vn 0.9835 -0.0000 0.1810
vn 0.9608 -0.0000 -0.2773
vn -0.9599 -0.0000 -0.2803
vn 0.9187 -0.0000 -0.3950
vn -0.9515 -0.0000 0.3076
vn -0.9151 -0.0000 -0.4032
vn 0.9518 -0.0000 0.3067
vn 0.8589 -0.0000 -0.5122
vn -0.8503 -0.0000 -0.5264
vn -0.9029 -0.0000 0.4298
vn 0.9018 -0.0000 0.4321
vn 0.7807 -0.0000 -0.6250
vn -0.7650 -0.0000 -0.6440
vn 0.6848 -0.0000 -0.7288
vn -0.6615 -0.0000 -0.7499
vn -0.8373 -0.0000 0.5467
vn 0.8333 -0.0000 0.5528
vn 0.5736 -0.0000 -0.8192
vn -0.5442 -0.0000 -0.8389
vn 0.4508 -0.0000 -0.8926
vn -0.4192 -0.0000 -0.9079
vn 0.3213 -0.0000 -0.9470
vn -0.2927 -0.0000 -0.9562
vn -0.7556 -0.0000 0.6550
vn 0.7474 -0.0000 0.6643
vn 0.1901 -0.0000 -0.9818
vn -0.1699 -0.0000 -0.9855
vn 0.0618 -0.0000 -0.9981
vn -0.0543 -0.0000 -0.9985
vn -0.6594 -0.0000 0.7518
vn 0.6467 -0.0000 0.7628
vn -0.5512 -0.0000 0.8344
vn 0.5347 -0.0000 0.8450
vn -0.4339 -0.0000 0.9010
vn 0.4158 -0.0000 0.9095
vn -0.3107 -0.0000 0.9505
vn 0.2940 -0.0000 0.9558
vn -0.1853 -0.0000 0.9827
vn 0.1732 -0.0000 0.9849
vn -0.0607 -0.0000 0.9982
vn 0.0562 -0.0000 0.9984
vn 0.0604 -0.0000 -0.9982
vn 0.1888 -0.0000 -0.9820
vn 0.4546 -0.0000 -0.8907
vn 0.5791 -0.0000 -0.8152
vn -0.0517 -0.0000 0.9987
vn 0.6901 -0.0000 -0.7237
vn -0.1639 -0.0000 0.9865
vn -0.2852 -0.0000 0.9585
vn -0.4117 -0.0000 0.9113
vn 0.7840 -0.0000 -0.6207
vn -0.5376 -0.0000 0.8432
vn -0.6563 -0.0000 0.7545
vn 0.8596 -0.0000 -0.5110
vn -0.7610 -0.0000 0.6488
vn 0.9173 -0.0000 -0.3983
vn -0.8471 -0.0000 0.5314
vn -0.9127 -0.0000 0.4086
vn 0.9586 -0.0000 -0.2847
vn -0.9583 -0.0000 0.2858
vn 0.9852 -0.0000 -0.1712
vn -0.9860 -0.0000 0.1668
vn 0.9984 -0.0000 -0.0574
vn -0.9985 -0.0000 0.0539
vn -0.9988 -0.0000 -0.0500
vn 0.9979 -0.0000 0.0649
vn -0.9896 -0.0000 -0.1438
vn 0.9812 -0.0000 0.1929
vn -0.9713 -0.0000 -0.2380
vn -0.9415 -0.0000 -0.3370
vn 0.9484 -0.0000 0.3170
vn -0.8968 -0.0000 -0.4424
vn 0.9000 -0.0000 0.4360
vn -0.8329 -0.0000 -0.5534
vn -0.7460 -0.0000 -0.6659
vn 0.8361 -0.0000 0.5485
vn -0.6346 -0.0000 -0.7729
vn 0.7573 -0.0000 0.6530
vn -0.5015 -0.0000 -0.8651
vn -0.3550 -0.0000 -0.9349
vn 0.6643 -0.0000 0.7475
vn -0.2059 -0.0000 -0.9786
vn -0.0647 -0.0000 -0.9979
vn 0.5583 -0.0000 0.8297
vn 0.4415 -0.0000 0.8973
vn 0.3172 -0.0000 0.9484
vn 0.1892 -0.0000 0.9819
vn 0.0618 -0.0000 0.9981
vt 0.035714 0.000000
vt 0.000000 0.000000
vt 0.017857 0.000000
vt 1.000000 0.000000
vt 0.785714 0.000000
vt 0.750000 0.000000
vt 0.767857 0.000000
vt 0.803571 0.000000
vt 0.732143 0.000000
vt 0.821429 0.000000
vt 0.839286 0.000000
vt 0.714286 0.000000
vt 0.857143 0.000000
vt 0.696429 0.000000
vt 0.875000 0.000000
vt 0.892857 0.000000
vt 0.678571 0.000000
vt 0.910714 0.000000
vt 0.928571 0.000000
vt 0.660714 0.000000
vt 0.946429 0.000000
vt 0.642857 0.000000
vt 0.964286 0.000000
vt 0.982143 0.000000
vt 0.285714 0.000000
vt 0.625000 0.000000
vt 0.071429 0.000000
vt 0.089286 0.000000
vt 0.107143 0.000000
vt 0.125000 0.000000
vt 0.142857 0.000000
vt 0.160714 0.000000
vt 0.178571 0.000000
vt 0.196429 0.000000
vt 0.214286 0.000000
vt 0.232143 0.000000
vt 0.250000 0.000000
vt 0.267857 0.000000
vt 0.303571 0.000000
vt 0.321429 0.000000
vt 0.339286 0.000000
vt 0.357143 0.000000
vt 0.607143 0.000000
vt 0.375000 0.000000
vt 0.392857 0.000000
vt 0.410714 0.000000
vt 0.589286 0.000000
vt 0.428571 0.000000
vt 0.446429 0.000000
vt 0.571429 0.000000
vt 0.464286 0.000000
vt 0.053571 0.000000
vt 0.482143 0.000000
vt 0.553571 0.000000
vt 0.500000 0.000000
vt 0.517857 0.000000
vt 0.535714 0.000000
vt 0.134021 0.000000
vt 0.113402 0.000000
vt 0.123711 0.000000
vt 0.103093 0.000000
vt 0.092784 0.000000
vt 0.144330 0.000000
vt 0.082474 0.000000
vt 0.072165 0.000000
vt 0.061856 0.000000
vt 0.154639 0.000000
vt 0.051546 0.000000
vt 0.041237 0.000000
vt 0.030928 0.000000
vt 0.164948 0.000000
vt 0.020619 0.000000
vt 0.010309 0.000000
vt 0.175258 0.000000
vt 0.917526 0.000000
vt 0.927835 0.000000
vt 0.938144 0.000000
vt 0.948454 0.000000
vt 0.958763 0.000000
vt 0.969072 0.000000
vt 0.979381 0.000000
vt 0.989691 0.000000
vt 0.185567 0.000000
vt 0.896907 0.000000
vt 0.907216 0.000000
vt 0.195876 0.000000
vt 0.876289 0.000000
vt 0.886598 0.000000
vt 0.865979 0.000000
vt 0.855670 0.000000
vt 0.845361 0.000000
vt 0.206186 0.000000
vt 0.835052 0.000000
vt 0.824742 0.000000
vt 0.814433 0.000000
vt 0.216495 0.000000
vt 0.804124 0.000000
vt 0.793814 0.000000
vt 0.226804 0.000000
vt 0.783505 0.000000
vt 0.773196 0.000000
vt 0.237113 0.000000
vt 0.762887 0.000000
vt 0.247423 0.000000
vt 0.752577 0.000000
vt 0.742268 0.000000
vt 0.257732 0.000000
vt 0.731959 0.000000
vt 0.268041 0.000000
vt 0.721649 0.000000
vt 0.711340 0.000000
vt 0.278351 0.000000
vt 0.701031 0.000000
vt 0.690722 0.000000
vt 0.288660 0.000000
vt 0.680412 0.000000
vt 0.515464 0.000000
vt 0.494845 0.000000
vt 0.505155 0.000000
vt 0.670103 0.000000
vt 0.525773 0.000000
vt 0.298969 0.000000
vt 0.536082 0.000000
vt 0.659794 0.000000
vt 0.546392 0.000000
vt 0.556701 0.000000
vt 0.567010 0.000000
vt 0.649485 0.000000
vt 0.577320 0.000000
vt 0.587629 0.000000
vt 0.639175 0.000000
vt 0.597938 0.000000
vt 0.608247 0.000000
vt 0.628866 0.000000
vt 0.618557 0.000000
vt 0.309278 0.000000
vt 0.319588 0.000000
vt 0.329897 0.000000
vt 0.340206 0.000000
vt 0.484536 0.000000
vt 0.474227 0.000000
vt 0.463918 0.000000
vt 0.350515 0.000000
vt 0.453608 0.000000
vt 0.443299 0.000000
vt 0.432990 0.000000
vt 0.422680 0.000000
vt 0.360825 0.000000
vt 0.412371 0.000000
vt 0.402062 0.000000
vt 0.391753 0.000000
vt 0.371134 0.000000
vt 0.381443 0.000000
vt 0.387755 0.000000
vt 0.367347 0.000000
vt 0.377551 0.000000
vt 0.397959 0.000000
vt 0.346939 0.000000
vt 0.408163 0.000000
vt 0.336735 0.000000
vt 0.418367 0.000000
vt 0.326531 0.000000
vt 0.316327 0.000000
vt 0.438776 0.000000
vt 0.306122 0.000000
vt 0.448980 0.000000
vt 0.877551 0.000000
vt 0.867347 0.000000
vt 0.887755 0.000000
vt 0.897959 0.000000
vt 0.846939 0.000000
vt 0.908163 0.000000
vt 0.295918 0.000000
vt 0.836735 0.000000
vt 0.459184 0.000000
vt 0.918367 0.000000
vt 0.826531 0.000000
vt 0.816327 0.000000
vt 0.938776 0.000000
vt 0.806122 0.000000
vt 0.948980 0.000000
vt 0.469388 0.000000
vt 0.795918 0.000000
vt 0.959184 0.000000
vt 0.969388 0.000000
vt 0.479592 0.000000
vt 0.275510 0.000000
vt 0.775510 0.000000
vt 0.979592 0.000000
vt 0.765306 0.000000
vt 0.989796 0.000000
vt 0.489796 0.000000
vt 0.755102 0.000000
vt 0.265306 0.000000
vt 0.255102 0.000000
vt 0.510204 0.000000
vt 0.244898 0.000000
vt 0.234694 0.000000
vt 0.520408 0.000000
vt 0.224490 0.000000
vt 0.530612 0.000000
vt 0.204082 0.000000
vt 0.540816 0.000000
vt 0.193878 0.000000
vt 0.010204 0.000000
vt 0.744898 0.000000
vt 0.183673 0.000000
vt 0.020408 0.000000
vt 0.030612 0.000000
vt 0.551020 0.000000
vt 0.173469 0.000000
vt 0.040816 0.000000
vt 0.051020 0.000000
vt 0.163265 0.000000
vt 0.061224 0.000000
vt 0.153061 0.000000
vt 0.561224 0.000000
vt 0.081633 0.000000
vt 0.091837 0.000000
vt 0.132653 0.000000
vt 0.102041 0.000000
vt 0.112245 0.000000
vt 0.122449 0.000000
vt 0.734694 0.000000
vt 0.581633 0.000000
vt 0.724490 0.000000
vt 0.591837 0.000000
vt 0.704082 0.000000
vt 0.693878 0.000000
vt 0.602041 0.000000
vt 0.683673 0.000000
vt 0.673469 0.000000
vt 0.612245 0.000000
vt 0.663265 0.000000
vt 0.653061 0.000000
vt 0.622449 0.000000
vt 0.632653 0.000000
vt 0.759259 0.000000
vt 0.722222 0.000000
vt 0.740741 0.000000
vt 0.703704 0.000000
vt 0.777778 0.000000
vt 0.685185 0.000000
vt 0.796296 0.000000
vt 0.666667 0.000000
vt 0.648148 0.000000
vt 0.814815 0.000000
vt 0.629630 0.000000
vt 0.018519 0.000000
vt 0.981481 0.000000
vt 0.833333 0.000000
vt 0.611111 0.000000
vt 0.592593 0.000000
vt 0.851852 0.000000
vt 0.574074 0.000000
vt 0.870370 0.000000
vt 0.555556 0.000000
vt 0.537037 0.000000
vt 0.888889 0.000000
vt 0.518519 0.000000
vt 0.907407 0.000000
vt 0.333333 0.000000
vt 0.351852 0.000000
vt 0.370370 0.000000
vt 0.388889 0.000000
vt 0.407407 0.000000
vt 0.425926 0.000000
vt 0.444444 0.000000
vt 0.462963 0.000000
vt 0.481481 0.000000
vt 0.925926 0.000000
vt 0.296296 0.000000
vt 0.314815 0.000000
vt 0.944444 0.000000
vt 0.259259 0.000000
vt 0.277778 0.000000
vt 0.240741 0.000000
vt 0.222222 0.000000
vt 0.962963 0.000000
vt 0.203704 0.000000
vt 0.185185 0.000000
vt 0.111111 0.000000
vt 0.129630 0.000000
vt 0.148148 0.000000
vt 0.166667 0.000000
vt 0.092593 0.000000
vt 0.074074 0.000000
vt 0.055556 0.000000
vt 0.037037 0.000000
vt 0.010526 0.000000
vt 0.494737 0.000000
vt 0.484211 0.000000
vt 0.021053 0.000000
vt 0.473684 0.000000
vt 0.031579 0.000000
vt 0.463158 0.000000
vt 0.042105 0.000000
vt 0.452632 0.000000
vt 0.052632 0.000000
vt 0.442105 0.000000
vt 0.063158 0.000000
vt 0.431579 0.000000
vt 0.073684 0.000000
vt 0.505263 0.000000
vt 0.515789 0.000000
vt 0.989474 0.000000
vt 0.526316 0.000000
vt 0.978947 0.000000
vt 0.536842 0.000000
vt 0.421053 0.000000
vt 0.084211 0.000000
vt 0.968421 0.000000
vt 0.547368 0.000000
vt 0.957895 0.000000
vt 0.557895 0.000000
vt 0.947368 0.000000
vt 0.568421 0.000000
vt 0.410526 0.000000
vt 0.094737 0.000000
vt 0.936842 0.000000
vt 0.578947 0.000000
vt 0.926316 0.000000
vt 0.589474 0.000000
vt 0.400000 0.000000
vt 0.105263 0.000000
vt 0.915789 0.000000
vt 0.600000 0.000000
vt 0.389474 0.000000
vt 0.115789 0.000000
vt 0.905263 0.000000
vt 0.610526 0.000000
vt 0.894737 0.000000
vt 0.621053 0.000000
vt 0.378947 0.000000
vt 0.126316 0.000000
vt 0.884211 0.000000
vt 0.631579 0.000000
vt 0.136842 0.000000
vt 0.873684 0.000000
vt 0.368421 0.000000
vt 0.642105 0.000000
vt 0.863158 0.000000
vt 0.652632 0.000000
vt 0.147368 0.000000
vt 0.357895 0.000000
vt 0.852632 0.000000
vt 0.663158 0.000000
vt 0.842105 0.000000
vt 0.157895 0.000000
vt 0.673684 0.000000
vt 0.347368 0.000000
vt 0.831579 0.000000
vt 0.684211 0.000000
vt 0.168421 0.000000
vt 0.336842 0.000000
vt 0.821053 0.000000
vt 0.694737 0.000000
vt 0.810526 0.000000
vt 0.705263 0.000000
vt 0.178947 0.000000
vt 0.326316 0.000000
vt 0.800000 0.000000
vt 0.715789 0.000000
vt 0.789474 0.000000
vt 0.726316 0.000000
vt 0.778947 0.000000
vt 0.736842 0.000000
vt 0.189474 0.000000
vt 0.315789 0.000000
vt 0.768421 0.000000
vt 0.747368 0.000000
vt 0.757895 0.000000
vt 0.200000 0.000000
vt 0.305263 0.000000
vt 0.210526 0.000000
vt 0.294737 0.000000
vt 0.221053 0.000000
vt 0.284211 0.000000
vt 0.231579 0.000000
vt 0.273684 0.000000
vt 0.242105 0.000000
vt 0.263158 0.000000
vt 0.252632 0.000000
vt 0.509434 0.000000
vt 0.490566 0.000000
vt 0.471698 0.000000
vt 0.452830 0.000000
vt 0.433962 0.000000
vt 0.415094 0.000000
vt 0.396226 0.000000
vt 0.377358 0.000000
vt 0.528302 0.000000
vt 0.547170 0.000000
vt 0.358491 0.000000
vt 0.566038 0.000000
vt 0.584906 0.000000
vt 0.603774 0.000000
vt 0.339623 0.000000
vt 0.622642 0.000000
vt 0.641509 0.000000
vt 0.320755 0.000000
vt 0.660377 0.000000
vt 0.301887 0.000000
vt 0.679245 0.000000
vt 0.698113 0.000000
vt 0.283019 0.000000
vt 0.716981 0.000000
vt 0.264151 0.000000
vt 0.735849 0.000000
vt 0.245283 0.000000
vt 0.754717 0.000000
vt 0.773585 0.000000
vt 0.226415 0.000000
vt 0.792453 0.000000
vt 0.207547 0.000000
vt 0.811321 0.000000
vt 0.830189 0.000000
vt 0.188679 0.000000
vt 0.849057 0.000000
vt 0.169811 0.000000
vt 0.867925 0.000000
vt 0.886792 0.000000
vt 0.150943 0.000000
vt 0.905660 0.000000
vt 0.132075 0.000000
vt 0.924528 0.000000
vt 0.943396 0.000000
vt 0.113208 0.000000
vt 0.962264 0.000000
vt 0.981132 0.000000
vt 0.094340 0.000000
vt 0.075472 0.000000
vt 0.056604 0.000000
vt 0.037736 0.000000
vt 0.018868 0.000000
s 0
usemtl Company-Material
f 1781/1898/836 1779/1899/836 1780/1900/836
f 1781/1898/836 1835/1901/836 1779/1899/836
f 1823/1902/837 1821/1903/837 1822/1904/837
f 1824/1905/838 1821/1903/838 1823/1902/838
f 1824/1905/839 1820/1906/839 1821/1903/839
f 1825/1907/840 1820/1906/840 1824/1905/840
f 1826/1908/836 1820/1906/836 1825/1907/836
f 1826/1908/836 1819/1909/836 1820/1906/836
f 1827/1910/841 1819/1909/841 1826/1908/841
f 1827/1910/836 1818/1911/836 1819/1909/836
f 1828/1912/842 1818/1911/842 1827/1910/842
f 1829/1913/836 1818/1911/836 1828/1912/836
f 1829/1913/836 1817/1914/836 1818/1911/836
f 1830/1915/843 1817/1914/843 1829/1913/843
f 1831/1916/842 1817/1914/842 1830/1915/842
f 1831/1916/836 1816/1917/836 1817/1914/836
f 1832/1918/836 1816/1917/836 1831/1916/836
f 1832/1918/844 1815/1919/844 1816/1917/844
f 1833/1920/836 1815/1919/836 1832/1918/836
f 1834/1921/836 1815/1919/836 1833/1920/836
f 1834/1921/845 1795/1922/845 1815/1919/845
f 1795/1922/845 1814/1923/845 1815/1919/845
f 1781/1898/836 1834/1921/836 1835/1901/836
f 1781/1898/836 1783/1924/836 1834/1921/836
f 1783/1924/836 1784/1925/836 1834/1921/836
f 1784/1925/836 1785/1926/836 1834/1921/836
f 1785/1926/846 1786/1927/846 1834/1921/846
f 1786/1927/847 1787/1928/847 1834/1921/847
f 1787/1928/836 1788/1929/836 1834/1921/836
f 1788/1929/836 1789/1930/836 1834/1921/836
f 1789/1930/836 1790/1931/836 1834/1921/836
f 1790/1931/836 1791/1932/836 1834/1921/836
f 1791/1932/836 1792/1933/836 1834/1921/836
f 1792/1933/836 1793/1934/836 1834/1921/836
f 1793/1934/836 1794/1935/836 1834/1921/836
f 1794/1935/836 1795/1922/836 1834/1921/836
f 1796/1936/836 1814/1923/836 1795/1922/836
f 1797/1937/836 1814/1923/836 1796/1936/836
f 1798/1938/836 1814/1923/836 1797/1937/836
f 1799/1939/836 1814/1923/836 1798/1938/836
f 1799/1939/836 1813/1940/836 1814/1923/836
f 1800/1941/836 1813/1940/836 1799/1939/836
f 1801/1942/836 1813/1940/836 1800/1941/836
f 1802/1943/836 1813/1940/836 1801/1942/836
f 1802/1943/836 1812/1944/836 1813/1940/836
f 1803/1945/836 1812/1944/836 1802/1943/836
f 1804/1946/836 1812/1944/836 1803/1945/836
f 1804/1946/836 1811/1947/836 1812/1944/836
f 1805/1948/836 1811/1947/836 1804/1946/836
f 1781/1898/836 1782/1949/836 1783/1924/836
f 1806/1950/836 1811/1947/836 1805/1948/836
f 1806/1950/836 1810/1951/836 1811/1947/836
f 1807/1952/836 1810/1951/836 1806/1950/836
f 1808/1953/836 1810/1951/836 1807/1952/836
f 1808/1953/836 1809/1954/836 1810/1951/836
f 1849/1955/836 1847/1956/836 1848/1957/836
f 1849/1955/848 1846/1958/848 1847/1956/848
f 1849/1955/842 1845/1959/842 1846/1958/842
f 1850/1960/844 1845/1959/844 1849/1955/844
f 1850/1960/849 1844/1961/849 1845/1959/849
f 1850/1960/836 1843/1962/836 1844/1961/836
f 1850/1960/836 1842/1963/836 1843/1962/836
f 1851/1964/836 1842/1963/836 1850/1960/836
f 1851/1964/836 1841/1965/836 1842/1963/836
f 1851/1964/836 1840/1966/836 1841/1965/836
f 1851/1964/836 1839/1967/836 1840/1966/836
f 1852/1968/844 1839/1967/844 1851/1964/844
f 1852/1968/836 1838/1969/836 1839/1967/836
f 1852/1968/836 1837/1970/836 1838/1969/836
f 1852/1968/836 1836/1899/836 1837/1970/836
f 1853/1971/836 1836/1899/836 1852/1968/836
f 1853/1971/836 1925/1972/836 1836/1899/836
f 1925/1972/836 1926/1973/836 1836/1899/836
f 1926/1973/836 1927/1974/836 1836/1899/836
f 1927/1974/850 1928/1975/850 1836/1899/850
f 1928/1975/851 1929/1976/851 1836/1899/851
f 1929/1976/850 1930/1977/850 1836/1899/850
f 1930/1977/836 1931/1978/836 1836/1899/836
f 1931/1978/852 1932/1979/852 1836/1899/852
f 1932/1979/836 1933/1901/836 1836/1899/836
f 1854/1980/845 1923/1981/845 1853/1971/845
f 1923/1981/845 1924/1982/845 1853/1971/845
f 1924/1982/839 1925/1972/839 1853/1971/839
f 1855/1983/836 1921/1984/836 1854/1980/836
f 1921/1984/836 1922/1985/836 1854/1980/836
f 1922/1985/836 1923/1981/836 1854/1980/836
f 1855/1983/836 1920/1986/836 1921/1984/836
f 1855/1983/836 1919/1987/836 1920/1986/836
f 1855/1983/836 1918/1988/836 1919/1987/836
f 1856/1989/836 1918/1988/836 1855/1983/836
f 1856/1989/836 1917/1990/836 1918/1988/836
f 1856/1989/843 1916/1991/843 1917/1990/843
f 1856/1989/845 1915/1992/845 1916/1991/845
f 1857/1993/836 1915/1992/836 1856/1989/836
f 1857/1993/844 1914/1994/844 1915/1992/844
f 1857/1993/845 1913/1995/845 1914/1994/845
f 1858/1996/836 1913/1995/836 1857/1993/836
f 1858/1996/836 1912/1997/836 1913/1995/836
f 1858/1996/836 1911/1998/836 1912/1997/836
f 1859/1999/836 1911/1998/836 1858/1996/836
f 1859/1999/836 1910/2000/836 1911/1998/836
f 1860/2001/836 1910/2000/836 1859/1999/836
f 1860/2001/836 1909/2002/836 1910/2000/836
f 1860/2001/836 1908/2003/836 1909/2002/836
f 1861/2004/836 1908/2003/836 1860/2001/836
f 1861/2004/836 1907/2005/836 1908/2003/836
f 1862/2006/836 1907/2005/836 1861/2004/836
f 1862/2006/844 1906/2007/844 1907/2005/844
f 1862/2006/836 1905/2008/836 1906/2007/836
f 1863/2009/836 1905/2008/836 1862/2006/836
f 1863/2009/845 1904/2010/845 1905/2008/845
f 1863/2009/836 1903/2011/836 1904/2010/836
f 1864/2012/836 1903/2011/836 1863/2009/836
f 1864/2012/836 1902/2013/836 1903/2011/836
f 1886/2014/836 1884/2015/836 1885/2016/836
f 1864/2012/836 1901/2017/836 1902/2013/836
f 1887/2018/836 1884/2015/836 1886/2014/836
f 1865/2019/836 1901/2017/836 1864/2012/836
f 1888/2020/852 1884/2015/852 1887/2018/852
f 1865/2019/836 1900/2021/836 1901/2017/836
f 1889/2022/853 1884/2015/853 1888/2020/853
f 1890/2023/836 1884/2015/836 1889/2022/836
f 1891/2024/836 1884/2015/836 1890/2023/836
f 1865/2019/843 1899/2025/843 1900/2021/843
f 1892/2026/836 1884/2015/836 1891/2024/836
f 1893/2027/836 1884/2015/836 1892/2026/836
f 1865/2019/836 1898/2028/836 1899/2025/836
f 1894/2029/836 1884/2015/836 1893/2027/836
f 1895/2030/854 1884/2015/854 1894/2029/854
f 1865/2019/855 1897/2031/855 1898/2028/855
f 1896/2032/856 1884/2015/856 1895/2030/856
f 1866/2033/844 1897/2031/844 1865/2019/844
f 1897/2031/836 1884/2015/836 1896/2032/836
f 1866/2033/836 1884/2015/836 1897/2031/836
f 1867/2034/845 1884/2015/845 1866/2033/845
f 1868/2035/836 1884/2015/836 1867/2034/836
f 1869/2036/844 1884/2015/844 1868/2035/844
f 1869/2036/857 1883/2037/857 1884/2015/857
f 1869/2036/858 1882/2038/858 1883/2037/858
f 1869/2036/857 1881/2039/857 1882/2038/857
f 1870/2040/845 1881/2039/845 1869/2036/845
f 1870/2040/836 1880/2041/836 1881/2039/836
f 1870/2040/836 1879/2042/836 1880/2041/836
f 1870/2040/836 1878/2043/836 1879/2042/836
f 1870/2040/836 1877/2044/836 1878/2043/836
f 1871/2045/836 1877/2044/836 1870/2040/836
f 1871/2045/836 1876/2046/836 1877/2044/836
f 1871/2045/836 1875/2047/836 1876/2046/836
f 1871/2045/836 1874/2048/836 1875/2047/836
f 1872/2049/836 1874/2048/836 1871/2045/836
f 1872/2049/836 1873/2050/836 1874/2048/836
f 1972/2051/836 1970/2052/836 1971/2053/836
f 1972/2051/836 1969/1939/836 1970/2052/836
f 1973/2054/836 1969/1939/836 1972/2051/836
f 1973/2054/836 1968/2055/836 1969/1939/836
f 1974/2056/836 1968/2055/836 1973/2054/836
f 1974/2056/836 1967/2057/836 1968/2055/836
f 1975/2058/844 1967/2057/844 1974/2056/844
f 1975/2058/836 1966/2059/836 1967/2057/836
f 1976/1945/836 1966/2059/836 1975/2058/836
f 1976/1945/836 1965/2060/836 1966/2059/836
f 1977/2061/845 1965/2060/845 1976/1945/845
f 1977/2061/836 1964/2062/836 1965/2060/836
f 1978/2063/836 2020/2064/836 1977/2061/836
f 2020/2064/836 1964/2062/836 1977/2061/836
f 1978/2063/836 2019/2065/836 2020/2064/836
f 2021/2066/836 1964/2062/836 2020/2064/836
f 1978/2063/836 2018/1910/836 2019/2065/836
f 2022/2067/836 1964/2062/836 2021/2066/836
f 1978/2063/836 2017/2068/836 2018/1910/836
f 2023/2069/836 1964/2062/836 2022/2067/836
f 2023/2069/836 1963/2070/836 1964/2062/836
f 1978/2063/836 2016/2071/836 2017/2068/836
f 1979/2072/844 2016/2071/844 1978/2063/844
f 2024/2073/836 1963/2070/836 2023/2069/836
f 1979/2072/843 2015/2074/843 2016/2071/843
f 2025/1916/843 1963/2070/843 2024/2073/843
f 1979/2072/842 2014/2075/842 2015/2074/842
f 2026/2076/842 1963/2070/842 2025/1916/842
f 1979/2072/836 2013/2077/836 2014/2075/836
f 2027/2078/836 1963/2070/836 2026/2076/836
f 1980/2079/845 2013/2077/845 1979/2072/845
f 2027/2078/836 1962/1922/836 1963/2070/836
f 1980/2079/836 2012/2080/836 2013/2077/836
f 2028/2081/844 1962/1922/844 2027/2078/844
f 1980/2079/836 2011/1902/836 2012/2080/836
f 2029/2082/845 1962/1922/845 2028/2081/845
f 1981/2083/836 2011/1902/836 1980/2079/836
f 2029/2082/836 1961/2084/836 1962/1922/836
f 1981/2083/844 2010/2085/844 2011/1902/844
f 2030/2086/844 1961/2084/844 2029/2082/844
f 1981/2083/845 2009/2087/845 2010/2085/845
f 2031/2088/845 1961/2084/845 2030/2086/845
f 1982/2089/836 2009/2087/836 1981/2083/836
f 1982/2089/836 2008/2090/836 2009/2087/836
f 2031/2088/836 1960/2091/836 1961/2084/836
f 2032/1901/836 1960/2091/836 2031/2088/836
f 1982/2089/843 2032/1901/843 2008/2090/843
f 1982/2089/844 1960/2091/844 2032/1901/844
f 1983/1952/836 1960/2091/836 1982/2089/836
f 1983/1952/836 1959/2092/836 1960/2091/836
f 1984/2093/836 1958/2094/836 1983/1952/836
f 1958/2094/836 1959/2092/836 1983/1952/836
f 1984/2093/836 1957/2095/836 1958/2094/836
f 1985/2096/836 1957/2095/836 1984/2093/836
f 1985/2096/844 1956/2097/844 1957/2095/844
f 1985/2096/845 1955/1932/845 1956/2097/845
f 1986/2098/836 1955/1932/836 1985/2096/836
f 1986/2098/836 1954/2099/836 1955/1932/836
f 1987/2100/836 1954/2099/836 1986/2098/836
f 1987/2100/836 1953/2101/836 1954/2099/836
f 1935/2102/836 2007/2103/836 1934/1899/836
f 1987/2100/844 1952/2104/844 1953/2101/844
f 1936/2105/836 2007/2103/836 1935/2102/836
f 1937/2106/836 2007/2103/836 1936/2105/836
f 1988/2107/836 1952/2104/836 1987/2100/836
f 1988/2107/836 1951/2108/836 1952/2104/836
f 1938/2109/836 2007/2103/836 1937/2106/836
f 1939/2110/836 2007/2103/836 1938/2109/836
f 1988/2107/842 1950/2111/842 1951/2108/842
f 1940/2112/836 2007/2103/836 1939/2110/836
f 1988/2107/836 1949/2113/836 1950/2111/836
f 1941/1924/836 2007/2103/836 1940/2112/836
f 1989/2114/836 1949/2113/836 1988/2107/836
f 1942/2115/836 2007/2103/836 1941/1924/836
f 1989/2114/836 1948/1928/836 1949/2113/836
f 1943/2116/836 2007/2103/836 1942/2115/836
f 1989/2114/836 1947/2117/836 1948/1928/836
f 1944/2118/836 2007/2103/836 1943/2116/836
f 1945/2119/836 2007/2103/836 1944/2118/836
f 1989/2114/836 1946/2120/836 1947/2117/836
f 1946/2120/836 2007/2103/836 1945/2119/836
f 1989/2114/836 2007/2103/836 1946/2120/836
f 1990/1947/836 2007/2103/836 1989/2114/836
f 1990/1947/836 2006/2121/836 2007/2103/836
f 1991/2122/844 2006/2121/844 1990/1947/844
f 1991/2122/836 2005/2123/836 2006/2121/836
f 1991/2122/836 2004/1909/836 2005/2123/836
f 1992/2124/845 2004/1909/845 1991/2122/845
f 1992/2124/843 2003/2125/843 2004/1909/843
f 1992/2124/842 2002/2126/842 2003/2125/842
f 1993/2127/844 2002/2126/844 1992/2124/844
f 1993/2127/836 2001/2128/836 2002/2126/836
f 1993/2127/836 2000/2129/836 2001/2128/836
f 1994/2130/836 2000/2129/836 1993/2127/836
f 1994/2130/845 1999/2131/845 2000/2129/845
f 1994/2130/845 1998/2132/845 1999/2131/845
f 1994/2130/842 1997/1919/842 1998/2132/842
f 1995/2133/857 1997/1919/857 1994/2130/857
f 1995/2133/836 1996/2134/836 1997/1919/836
f 2035/1922/836 2033/1899/836 2034/1928/836
f 2035/1922/836 2040/1901/836 2033/1899/836
f 2036/1945/836 2040/1901/836 2035/1922/836
f 2037/1947/836 2039/1910/836 2036/1945/836
f 2039/1910/836 2040/1901/836 2036/1945/836
f 2037/1947/836 2038/1909/836 2039/1910/836
f 2082/2135/836 2080/2136/836 2081/2137/836
f 2082/2135/859 2079/2138/859 2080/2136/859
f 2083/2139/843 2079/2138/843 2082/2135/843
f 2083/2139/860 2078/2140/860 2079/2138/860
f 2084/2141/836 2078/2140/836 2083/2139/836
f 2084/2141/836 2077/2142/836 2078/2140/836
f 2084/2141/836 2076/2143/836 2077/2142/836
f 2085/2144/836 2076/2143/836 2084/2141/836
f 2085/2144/836 2075/2145/836 2076/2143/836
f 2042/2146/836 2095/1901/836 2041/1899/836
f 2042/2146/836 2094/2147/836 2095/1901/836
f 2086/2148/836 2075/2145/836 2085/2144/836
f 2086/2148/836 2074/2149/836 2075/2145/836
f 2086/2148/836 2073/2150/836 2074/2149/836
f 2087/2151/836 2073/2150/836 2086/2148/836
f 2087/2151/836 2072/2152/836 2073/2150/836
f 2088/2153/836 2072/2152/836 2087/2151/836
f 2088/2153/836 2071/2154/836 2072/2152/836
f 2088/2153/836 2070/2155/836 2071/2154/836
f 2089/2156/844 2070/2155/844 2088/2153/844
f 2089/2156/836 2069/2157/836 2070/2155/836
f 2090/2158/845 2069/2157/845 2089/2156/845
f 2090/2158/836 2059/2159/836 2069/2157/836
f 2059/2159/861 2060/2160/861 2069/2157/861
f 2060/2160/836 2061/2161/836 2069/2157/836
f 2061/2161/836 2062/2162/836 2069/2157/836
f 2062/2162/836 2063/2163/836 2069/2157/836
f 2063/2163/862 2064/2164/862 2069/2157/862
f 2064/2164/851 2065/2165/851 2069/2157/851
f 2065/2165/836 2066/2166/836 2069/2157/836
f 2066/2166/850 2067/2167/850 2069/2157/850
f 2067/2167/851 2068/1952/851 2069/2157/851
f 2091/2168/844 2057/2169/844 2090/2158/844
f 2057/2169/863 2058/2170/863 2090/2158/863
f 2058/2170/864 2059/2159/864 2090/2158/864
f 2092/2171/845 2055/2172/845 2091/2168/845
f 2055/2172/845 2056/2173/845 2091/2168/845
f 2056/2173/865 2057/2169/865 2091/2168/865
f 2092/2171/836 2054/2174/836 2055/2172/836
f 2092/2171/836 2053/2175/836 2054/2174/836
f 2093/2176/836 2053/2175/836 2092/2171/836
f 2093/2176/836 2052/2177/836 2053/2175/836
f 2093/2176/836 2051/2178/836 2052/2177/836
f 2042/2146/836 2093/2176/836 2094/2147/836
f 2042/2146/836 2047/2179/836 2093/2176/836
f 2047/2179/836 2048/2180/836 2093/2176/836
f 2048/2180/846 2049/2181/846 2093/2176/846
f 2049/2181/844 2050/2182/844 2093/2176/844
f 2050/2182/836 2051/2178/836 2093/2176/836
f 2042/2146/836 2046/2183/836 2047/2179/836
f 2042/2146/836 2045/2184/836 2046/2183/836
f 2042/2146/866 2044/2185/866 2045/2184/866
f 2042/2146/836 2043/2186/836 2044/2185/836
f 2134/2051/836 2132/2052/836 2133/2053/836
f 2134/2051/836 2131/1939/836 2132/2052/836
f 2135/2054/836 2131/1939/836 2134/2051/836
f 2135/2054/836 2130/2055/836 2131/1939/836
f 2136/2056/836 2130/2055/836 2135/2054/836
f 2136/2056/836 2129/2057/836 2130/2055/836
f 2137/2058/844 2129/2057/844 2136/2056/844
f 2137/2058/836 2128/2059/836 2129/2057/836
f 2138/1945/836 2128/2059/836 2137/2058/836
f 2138/1945/836 2127/2060/836 2128/2059/836
f 2139/2061/845 2127/2060/845 2138/1945/845
f 2139/2061/836 2126/2062/836 2127/2060/836
f 2140/2063/836 2182/2064/836 2139/2061/836
f 2182/2064/836 2126/2062/836 2139/2061/836
f 2140/2063/836 2181/2065/836 2182/2064/836
f 2183/2066/836 2126/2062/836 2182/2064/836
f 2140/2063/867 2180/1910/867 2181/2065/867
f 2184/2067/836 2126/2062/836 2183/2066/836
f 2140/2063/839 2179/2068/839 2180/1910/839
f 2185/2069/836 2126/2062/836 2184/2067/836
f 2185/2069/844 2125/2070/844 2126/2062/844
f 2140/2063/836 2178/2071/836 2179/2068/836
f 2141/2072/836 2178/2071/836 2140/2063/836
f 2186/2073/836 2125/2070/836 2185/2069/836
f 2141/2072/836 2177/2074/836 2178/2071/836
f 2187/1916/836 2125/2070/836 2186/2073/836
f 2141/2072/836 2176/2075/836 2177/2074/836
f 2188/2076/836 2125/2070/836 2187/1916/836
f 2141/2072/844 2175/2077/844 2176/2075/844
f 2189/2078/836 2125/2070/836 2188/2076/836
f 2142/2079/836 2175/2077/836 2141/2072/836
f 2189/2078/845 2124/1922/845 2125/2070/845
f 2142/2079/845 2174/2080/845 2175/2077/845
f 2190/2081/844 2124/1922/844 2189/2078/844
f 2142/2079/836 2173/1902/836 2174/2080/836
f 2191/2082/836 2124/1922/836 2190/2081/836
f 2143/2083/836 2173/1902/836 2142/2079/836
f 2191/2082/836 2123/2084/836 2124/1922/836
f 2143/2083/836 2172/2085/836 2173/1902/836
f 2192/2086/845 2123/2084/845 2191/2082/845
f 2143/2083/836 2171/2087/836 2172/2085/836
f 2193/2088/844 2123/2084/844 2192/2086/844
f 2144/2089/836 2171/2087/836 2143/2083/836
f 2144/2089/836 2170/2090/836 2171/2087/836
f 2193/2088/836 2122/2091/836 2123/2084/836
f 2194/1901/845 2122/2091/845 2193/2088/845
f 2144/2089/836 2194/1901/836 2170/2090/836
f 2144/2089/836 2122/2091/836 2194/1901/836
f 2145/1952/836 2122/2091/836 2144/2089/836
f 2145/1952/836 2121/2092/836 2122/2091/836
f 2146/2093/836 2120/2094/836 2145/1952/836
f 2120/2094/845 2121/2092/845 2145/1952/845
f 2146/2093/836 2119/2095/836 2120/2094/836
f 2147/2096/836 2119/2095/836 2146/2093/836
f 2147/2096/836 2118/2097/836 2119/2095/836
f 2147/2096/836 2117/1932/836 2118/2097/836
f 2148/2098/836 2117/1932/836 2147/2096/836
f 2148/2098/836 2116/2099/836 2117/1932/836
f 2149/2100/836 2116/2099/836 2148/2098/836
f 2149/2100/836 2115/2101/836 2116/2099/836
f 2097/2102/836 2169/2103/836 2096/1899/836
f 2149/2100/836 2114/2104/836 2115/2101/836
f 2098/2105/836 2169/2103/836 2097/2102/836
f 2099/2106/836 2169/2103/836 2098/2105/836
f 2150/2107/836 2114/2104/836 2149/2100/836
f 2150/2107/836 2113/2108/836 2114/2104/836
f 2100/2109/836 2169/2103/836 2099/2106/836
f 2101/2110/836 2169/2103/836 2100/2109/836
f 2150/2107/836 2112/2111/836 2113/2108/836
f 2102/2112/836 2169/2103/836 2101/2110/836
f 2150/2107/836 2111/2113/836 2112/2111/836
f 2103/1924/836 2169/2103/836 2102/2112/836
f 2151/2114/836 2111/2113/836 2150/2107/836
f 2104/2115/836 2169/2103/836 2103/1924/836
f 2151/2114/836 2110/1928/836 2111/2113/836
f 2105/2116/836 2169/2103/836 2104/2115/836
f 2151/2114/836 2109/2117/836 2110/1928/836
f 2106/2118/836 2169/2103/836 2105/2116/836
f 2107/2119/836 2169/2103/836 2106/2118/836
f 2151/2114/836 2108/2120/836 2109/2117/836
f 2108/2120/836 2169/2103/836 2107/2119/836
f 2151/2114/836 2169/2103/836 2108/2120/836
f 2152/1947/836 2169/2103/836 2151/2114/836
f 2152/1947/836 2168/2121/836 2169/2103/836
f 2153/2122/836 2168/2121/836 2152/1947/836
f 2153/2122/836 2167/2123/836 2168/2121/836
f 2153/2122/836 2166/1909/836 2167/2123/836
f 2154/2124/836 2166/1909/836 2153/2122/836
f 2154/2124/836 2165/2125/836 2166/1909/836
f 2154/2124/836 2164/2126/836 2165/2125/836
f 2155/2127/844 2164/2126/844 2154/2124/844
f 2155/2127/836 2163/2128/836 2164/2126/836
f 2155/2127/836 2162/2129/836 2163/2128/836
f 2156/2130/842 2162/2129/842 2155/2127/842
f 2156/2130/837 2161/2131/837 2162/2129/837
f 2156/2130/868 2160/2132/868 2161/2131/868
f 2156/2130/836 2159/1919/836 2160/2132/836
f 2157/2133/836 2159/1919/836 2156/2130/836
f 2157/2133/836 2158/2134/836 2159/1919/836
f 2239/1902/836 2237/1903/836 2238/1904/836
f 2240/1905/836 2237/1903/836 2239/1902/836
f 2240/1905/836 2236/1906/836 2237/1903/836
f 2241/1907/836 2236/1906/836 2240/1905/836
f 2242/1908/836 2236/1906/836 2241/1907/836
f 2242/1908/836 2235/1909/836 2236/1906/836
f 2243/1910/841 2235/1909/841 2242/1908/841
f 2197/1898/836 2195/1899/836 2196/1900/836
f 2197/1898/836 2251/1901/836 2195/1899/836
f 2243/1910/836 2234/1911/836 2235/1909/836
f 2244/1912/842 2234/1911/842 2243/1910/842
f 2245/1913/836 2234/1911/836 2244/1912/836
f 2245/1913/836 2233/1914/836 2234/1911/836
f 2246/1915/836 2233/1914/836 2245/1913/836
f 2246/1915/836 2232/1917/836 2233/1914/836
f 2247/1916/836 2232/1917/836 2246/1915/836
f 2248/1918/843 2232/1917/843 2247/1916/843
f 2248/1918/836 2231/1919/836 2232/1917/836
f 2249/1920/845 2231/1919/845 2248/1918/845
f 2250/1921/836 2231/1919/836 2249/1920/836
f 2250/1921/836 2211/1922/836 2231/1919/836
f 2211/1922/836 2230/1923/836 2231/1919/836
f 2197/1898/836 2250/1921/836 2251/1901/836
f 2197/1898/836 2199/1924/836 2250/1921/836
f 2199/1924/836 2200/1925/836 2250/1921/836
f 2200/1925/836 2201/1926/836 2250/1921/836
f 2201/1926/836 2202/1927/836 2250/1921/836
f 2202/1927/836 2203/1928/836 2250/1921/836
f 2203/1928/836 2204/1929/836 2250/1921/836
f 2204/1929/853 2205/1930/853 2250/1921/853
f 2205/1930/836 2206/1931/836 2250/1921/836
f 2206/1931/836 2207/1932/836 2250/1921/836
f 2207/1932/858 2208/1933/858 2250/1921/858
f 2208/1933/836 2209/1934/836 2250/1921/836
f 2209/1934/860 2210/1935/860 2250/1921/860
f 2210/1935/869 2211/1922/869 2250/1921/869
f 2212/1936/836 2230/1923/836 2211/1922/836
f 2213/1937/870 2230/1923/870 2212/1936/870
f 2214/1938/839 2230/1923/839 2213/1937/839
f 2215/1939/836 2230/1923/836 2214/1938/836
f 2215/1939/836 2229/1940/836 2230/1923/836
f 2216/1941/836 2229/1940/836 2215/1939/836
f 2217/1942/843 2229/1940/843 2216/1941/843
f 2218/1943/836 2229/1940/836 2217/1942/836
f 2218/1943/836 2228/1944/836 2229/1940/836
f 2219/1945/845 2228/1944/845 2218/1943/845
f 2220/1946/836 2228/1944/836 2219/1945/836
f 2220/1946/836 2227/1947/836 2228/1944/836
f 2221/1948/836 2227/1947/836 2220/1946/836
f 2197/1898/836 2198/1949/836 2199/1924/836
f 2222/1950/836 2227/1947/836 2221/1948/836
f 2222/1950/836 2226/1951/836 2227/1947/836
f 2223/1952/844 2226/1951/844 2222/1950/844
f 2224/1953/836 2226/1951/836 2223/1952/836
f 2224/1953/836 2225/1954/836 2226/1951/836
f 2296/1902/871 2294/1903/871 2295/1904/871
f 2297/1905/860 2294/1903/860 2296/1902/860
f 2297/1905/840 2293/1906/840 2294/1903/840
f 2298/1907/836 2293/1906/836 2297/1905/836
f 2299/1908/858 2293/1906/858 2298/1907/858
f 2299/1908/836 2292/1909/836 2293/1906/836
f 2300/1910/836 2292/1909/836 2299/1908/836
f 2254/1898/836 2252/1899/836 2253/1900/836
f 2254/1898/836 2308/1901/836 2252/1899/836
f 2300/1910/836 2291/1911/836 2292/1909/836
f 2301/1912/842 2291/1911/842 2300/1910/842
f 2302/1913/836 2291/1911/836 2301/1912/836
f 2302/1913/836 2290/1914/836 2291/1911/836
f 2303/1915/836 2290/1914/836 2302/1913/836
f 2303/1915/836 2289/1917/836 2290/1914/836
f 2304/1916/836 2289/1917/836 2303/1915/836
f 2305/1918/843 2289/1917/843 2304/1916/843
f 2305/1918/836 2288/1919/836 2289/1917/836
f 2306/1920/845 2288/1919/845 2305/1918/845
f 2307/1921/836 2288/1919/836 2306/1920/836
f 2307/1921/836 2268/1922/836 2288/1919/836
f 2268/1922/836 2287/1923/836 2288/1919/836
f 2254/1898/836 2307/1921/836 2308/1901/836
f 2254/1898/846 2256/1924/846 2307/1921/846
f 2256/1924/852 2257/1925/852 2307/1921/852
f 2257/1925/836 2258/1926/836 2307/1921/836
f 2258/1926/836 2259/1927/836 2307/1921/836
f 2259/1927/836 2260/1928/836 2307/1921/836
f 2260/1928/836 2261/1929/836 2307/1921/836
f 2261/1929/836 2262/1930/836 2307/1921/836
f 2262/1930/836 2263/1931/836 2307/1921/836
f 2263/1931/836 2264/1932/836 2307/1921/836
f 2264/1932/839 2265/1933/839 2307/1921/839
f 2265/1933/837 2266/1934/837 2307/1921/837
f 2266/1934/836 2267/1935/836 2307/1921/836
f 2267/1935/836 2268/1922/836 2307/1921/836
f 2269/1936/836 2287/1923/836 2268/1922/836
f 2270/1937/836 2287/1923/836 2269/1936/836
f 2271/1938/836 2287/1923/836 2270/1937/836
f 2272/1939/836 2287/1923/836 2271/1938/836
f 2272/1939/836 2286/1940/836 2287/1923/836
f 2273/1941/843 2286/1940/843 2272/1939/843
f 2274/1942/842 2286/1940/842 2273/1941/842
f 2275/1943/836 2286/1940/836 2274/1942/836
f 2275/1943/836 2285/1944/836 2286/1940/836
f 2276/1945/836 2285/1944/836 2275/1943/836
f 2277/1946/836 2285/1944/836 2276/1945/836
f 2277/1946/836 2284/1947/836 2285/1944/836
f 2278/1948/836 2284/1947/836 2277/1946/836
f 2254/1898/836 2255/1949/836 2256/1924/836
f 2279/1950/836 2284/1947/836 2278/1948/836
f 2279/1950/836 2283/1951/836 2284/1947/836
f 2280/1952/836 2283/1951/836 2279/1950/836
f 2281/1953/836 2283/1951/836 2280/1952/836
f 2281/1953/836 2282/1954/836 2283/1951/836
f 2310/2187/849 2356/2188/849 2309/1899/849
f 2310/2187/836 2355/2189/836 2356/2188/836
f 2311/2190/836 2355/2189/836 2310/2187/836
f 2311/2190/836 2354/2191/836 2355/2189/836
f 2312/2192/836 2354/2191/836 2311/2190/836
f 2312/2192/836 2353/2193/836 2354/2191/836
f 2313/2194/836 2353/2193/836 2312/2192/836
f 2313/2194/836 2352/2195/836 2353/2193/836
f 2314/2196/844 2352/2195/844 2313/2194/844
f 2314/2196/836 2351/2197/836 2352/2195/836
f 2315/2198/845 2351/2197/845 2314/2196/845
f 2315/2198/844 2350/2199/844 2351/2197/844
f 2316/2200/844 2357/2201/844 2315/2198/844
f 2357/2201/845 2350/2199/845 2315/2198/845
f 2316/2200/857 2404/1901/857 2357/2201/857
f 2358/2202/869 2350/2199/869 2357/2201/869
f 2316/2200/845 2403/2203/845 2404/1901/845
f 2359/2204/857 2350/2199/857 2358/2202/857
f 2316/2200/836 2402/2205/836 2403/2203/836
f 2360/2206/836 2350/2199/836 2359/2204/836
f 2360/2206/836 2349/2207/836 2350/2199/836
f 2317/2208/836 2402/2205/836 2316/2200/836
f 2317/2208/836 2401/2209/836 2402/2205/836
f 2361/2210/843 2349/2207/843 2360/2206/843
f 2317/2208/836 2400/2211/836 2401/2209/836
f 2362/2212/842 2349/2207/842 2361/2210/842
f 2317/2208/844 2399/2213/844 2400/2211/844
f 2363/2214/836 2349/2207/836 2362/2212/836
f 2363/2214/845 2348/2215/845 2349/2207/845
f 2318/2216/836 2399/2213/836 2317/2208/836
f 2318/2216/845 2398/2217/845 2399/2213/845
f 2364/2218/836 2348/2215/836 2363/2214/836
f 2318/2216/844 2397/2219/844 2398/2217/844
f 2365/2220/836 2348/2215/836 2364/2218/836
f 2365/2220/836 2347/2221/836 2348/2215/836
f 2319/2222/836 2397/2219/836 2318/2216/836
f 2319/2222/836 2396/2223/836 2397/2219/836
f 2366/2224/836 2347/2221/836 2365/2220/836
f 2366/2224/836 2346/2225/836 2347/2221/836
f 2320/2226/836 2396/2223/836 2319/2222/836
f 2320/2226/845 2395/2227/845 2396/2223/845
f 2367/2228/836 2346/2225/836 2366/2224/836
f 2320/2226/836 2394/2229/836 2395/2227/836
f 2368/2230/836 2346/2225/836 2367/2228/836
f 2368/2230/836 2345/2231/836 2346/2225/836
f 2321/2232/836 2394/2229/836 2320/2226/836
f 2321/2232/836 2393/2233/836 2394/2229/836
f 2369/2234/836 2345/2231/836 2368/2230/836
f 2322/2235/836 2393/2233/836 2321/2232/836
f 2322/2235/836 2392/2236/836 2393/2233/836
f 2369/2234/836 2344/2237/836 2345/2231/836
f 2370/2238/836 2344/2237/836 2369/2234/836
f 2322/2235/836 2391/2239/836 2392/2236/836
f 2371/2240/836 2344/2237/836 2370/2238/836
f 2323/2241/836 2391/2239/836 2322/2235/836
f 2371/2240/836 2343/2242/836 2344/2237/836
f 2323/2241/836 2390/2243/836 2391/2239/836
f 2372/2244/844 2343/2242/844 2371/2240/844
f 2323/2241/836 2389/2245/836 2390/2243/836
f 2324/2246/836 2389/2245/836 2323/2241/836
f 2373/2247/845 2343/2242/845 2372/2244/845
f 2373/2247/836 2342/2248/836 2343/2242/836
f 2324/2246/836 2388/2249/836 2389/2245/836
f 2374/2250/836 2342/2248/836 2373/2247/836
f 2325/2251/836 2388/2249/836 2324/2246/836
f 2374/2250/836 2341/2252/836 2342/2248/836
f 2325/2251/844 2387/2253/844 2388/2249/844
f 2375/2254/836 2341/2252/836 2374/2250/836
f 2325/2251/845 2386/2255/845 2387/2253/845
f 2376/2256/836 2341/2252/836 2375/2254/836
f 2326/2257/836 2386/2255/836 2325/2251/836
f 2376/2256/836 2340/2258/836 2341/2252/836
f 2326/2257/836 2385/2259/836 2386/2255/836
f 2377/2260/836 2340/2258/836 2376/2256/836
f 2326/2257/836 2384/2261/836 2385/2259/836
f 2378/2262/836 2340/2258/836 2377/2260/836
f 2326/2257/836 2383/2263/836 2384/2261/836
f 2379/2264/836 2340/2258/836 2378/2262/836
f 2327/2265/836 2383/2263/836 2326/2257/836
f 2379/2264/836 2339/2266/836 2340/2258/836
f 2327/2265/836 2382/2267/836 2383/2263/836
f 2380/2268/843 2339/2266/843 2379/2264/843
f 2327/2265/836 2381/2269/836 2382/2267/836
f 2381/2269/857 2339/2266/857 2380/2268/857
f 2327/2265/836 2339/2266/836 2381/2269/836
f 2328/2270/844 2339/2266/844 2327/2265/844
f 2328/2270/836 2338/2271/836 2339/2266/836
f 2329/2272/845 2338/2271/845 2328/2270/845
f 2329/2272/836 2337/2273/836 2338/2271/836
f 2330/2274/836 2337/2273/836 2329/2272/836
f 2330/2274/836 2336/2275/836 2337/2273/836
f 2331/2276/836 2336/2275/836 2330/2274/836
f 2331/2276/836 2335/2277/836 2336/2275/836
f 2332/2278/836 2335/2277/836 2331/2276/836
f 2332/2278/836 2334/2279/836 2335/2277/836
f 2333/2280/870 2334/2279/870 2332/2278/870
f 2405/1899/836 2432/2281/836 2431/2282/836
f 2432/2281/836 2430/2283/836 2431/2282/836
f 2432/2281/845 2429/2284/845 2430/2283/845
f 2432/2281/836 2428/2285/836 2429/2284/836
f 2432/2281/836 2427/2286/836 2428/2285/836
f 2432/2281/836 2426/2287/836 2427/2286/836
f 2432/2281/836 2425/2288/836 2426/2287/836
f 2432/2281/842 2433/2289/842 2425/2288/842
f 2433/2289/845 2434/2290/845 2425/2288/845
f 2434/2290/836 2424/2291/836 2425/2288/836
f 2405/1899/836 2458/1901/836 2432/2281/836
f 2435/2292/836 2424/2291/836 2434/2290/836
f 2436/2293/836 2424/2291/836 2435/2292/836
f 2437/2294/836 2424/2291/836 2436/2293/836
f 2437/2294/836 2423/2295/836 2424/2291/836
f 2438/2296/836 2423/2295/836 2437/2294/836
f 2439/2297/836 2423/2295/836 2438/2296/836
f 2439/2297/836 2422/2298/836 2423/2295/836
f 2440/2299/836 2422/2298/836 2439/2297/836
f 2440/2299/836 2421/2300/836 2422/2298/836
f 2441/2301/836 2421/2300/836 2440/2299/836
f 2442/2302/836 2421/2300/836 2441/2301/836
f 2442/2302/836 2420/2303/836 2421/2300/836
f 2443/2304/836 2420/2303/836 2442/2302/836
f 2443/2304/836 2419/2305/836 2420/2303/836
f 2444/2306/836 2419/2305/836 2443/2304/836
f 2444/2306/836 2418/2307/836 2419/2305/836
f 2445/2308/836 2418/2307/836 2444/2306/836
f 2446/2309/836 2418/2307/836 2445/2308/836
f 2446/2309/836 2417/2310/836 2418/2307/836
f 2447/2311/844 2417/2310/844 2446/2309/844
f 2447/2311/836 2416/2312/836 2417/2310/836
f 2448/2313/836 2416/2312/836 2447/2311/836
f 2449/2314/836 2416/2312/836 2448/2313/836
f 2449/2314/836 2415/2315/836 2416/2312/836
f 2450/2316/836 2415/2315/836 2449/2314/836
f 2450/2316/836 2414/2317/836 2415/2315/836
f 2451/2318/836 2414/2317/836 2450/2316/836
f 2452/2319/836 2414/2317/836 2451/2318/836
f 2452/2319/836 2413/2320/836 2414/2317/836
f 2453/2321/836 2413/2320/836 2452/2319/836
f 2453/2321/836 2412/2322/836 2413/2320/836
f 2454/2323/836 2412/2322/836 2453/2321/836
f 2455/2324/844 2412/2322/844 2454/2323/844
f 2455/2324/836 2411/2325/836 2412/2322/836
f 2456/2326/845 2411/2325/845 2455/2324/845
f 2457/2327/836 2411/2325/836 2456/2326/836
f 2405/1899/836 2457/2327/836 2458/1901/836
f 2405/1899/836 2411/2325/836 2457/2327/836
f 2405/1899/836 2410/2328/836 2411/2325/836
f 2405/1899/836 2409/2329/836 2410/2328/836
f 2405/1899/844 2408/2330/844 2409/2329/844
f 2405/1899/842 2407/2331/842 2408/2330/842
f 2405/1899/858 2406/2332/858 2407/2331/858
f 2461/1898/872 2460/1900/872 2459/1899/872
f 2461/1898/872 2459/1899/872 2515/1901/872
f 2503/1902/872 2502/1904/872 2501/1903/872
f 2504/1905/872 2503/1902/872 2501/1903/872
f 2504/1905/872 2501/1903/872 2500/1906/872
f 2505/1907/872 2504/1905/872 2500/1906/872
f 2506/1908/872 2505/1907/872 2500/1906/872
f 2506/1908/872 2500/1906/872 2499/1909/872
f 2507/1910/872 2506/1908/872 2499/1909/872
f 2507/1910/872 2499/1909/872 2498/1911/872
f 2508/1912/872 2507/1910/872 2498/1911/872
f 2509/1913/872 2508/1912/872 2498/1911/872
f 2509/1913/872 2498/1911/872 2497/1914/872
f 2510/1915/872 2509/1913/872 2497/1914/872
f 2511/1916/872 2510/1915/872 2497/1914/872
f 2511/1916/872 2497/1914/872 2496/1917/872
f 2512/1918/872 2511/1916/872 2496/1917/872
f 2512/1918/872 2496/1917/872 2495/1919/872
f 2513/1920/872 2512/1918/872 2495/1919/872
f 2514/1921/872 2513/1920/872 2495/1919/872
f 2514/1921/872 2495/1919/872 2475/1922/872
f 2475/1922/872 2495/1919/872 2494/1923/872
f 2461/1898/872 2515/1901/872 2514/1921/872
f 2461/1898/872 2514/1921/872 2463/1924/872
f 2463/1924/872 2514/1921/872 2464/1925/872
f 2464/1925/872 2514/1921/872 2465/1926/872
f 2465/1926/872 2514/1921/872 2466/1927/872
f 2466/1927/872 2514/1921/872 2467/1928/872
f 2467/1928/872 2514/1921/872 2468/1929/872
f 2468/1929/872 2514/1921/872 2469/1930/872
f 2469/1930/872 2514/1921/872 2470/1931/872
f 2470/1931/872 2514/1921/872 2471/1932/872
f 2471/1932/872 2514/1921/872 2472/1933/872
f 2472/1933/872 2514/1921/872 2473/1934/872
f 2473/1934/872 2514/1921/872 2474/1935/872
f 2474/1935/872 2514/1921/872 2475/1922/872
f 2476/1936/872 2475/1922/872 2494/1923/872
f 2477/1937/872 2476/1936/872 2494/1923/872
f 2478/1938/872 2477/1937/872 2494/1923/872
f 2479/1939/872 2478/1938/872 2494/1923/872
f 2479/1939/872 2494/1923/872 2493/1940/872
f 2480/1941/872 2479/1939/872 2493/1940/872
f 2481/1942/872 2480/1941/872 2493/1940/872
f 2482/1943/872 2481/1942/872 2493/1940/872
f 2482/1943/872 2493/1940/872 2492/1944/872
f 2483/1945/872 2482/1943/872 2492/1944/872
f 2484/1946/872 2483/1945/872 2492/1944/872
f 2484/1946/872 2492/1944/872 2491/1947/872
f 2485/1948/872 2484/1946/872 2491/1947/872
f 2461/1898/872 2463/1924/872 2462/1949/872
f 2486/1950/872 2485/1948/872 2491/1947/872
f 2486/1950/872 2491/1947/872 2490/1951/872
f 2487/1952/872 2486/1950/872 2490/1951/872
f 2488/1953/872 2487/1952/872 2490/1951/872
f 2488/1953/872 2490/1951/872 2489/1954/872
f 2529/1955/872 2528/1957/872 2527/1956/872
f 2529/1955/872 2527/1956/872 2526/1958/872
f 2529/1955/872 2526/1958/872 2525/1959/872
f 2530/1960/872 2529/1955/872 2525/1959/872
f 2530/1960/872 2525/1959/872 2524/1961/872
f 2530/1960/872 2524/1961/872 2523/1962/872
f 2530/1960/872 2523/1962/872 2522/1963/872
f 2531/1964/872 2530/1960/872 2522/1963/872
f 2531/1964/872 2522/1963/872 2521/1965/872
f 2531/1964/872 2521/1965/872 2520/1966/872
f 2531/1964/872 2520/1966/872 2519/1967/872
f 2532/1968/872 2531/1964/872 2519/1967/872
f 2532/1968/872 2519/1967/872 2518/1969/872
f 2532/1968/872 2518/1969/872 2517/1970/872
f 2532/1968/872 2517/1970/872 2516/1899/872
f 2533/1971/872 2532/1968/872 2516/1899/872
f 2533/1971/872 2516/1899/872 2605/1972/872
f 2605/1972/872 2516/1899/872 2606/1973/872
f 2606/1973/872 2516/1899/872 2607/1974/872
f 2607/1974/872 2516/1899/872 2608/1975/872
f 2608/1975/872 2516/1899/872 2609/1976/872
f 2609/1976/872 2516/1899/872 2610/1977/872
f 2610/1977/872 2516/1899/872 2611/1978/872
f 2611/1978/872 2516/1899/872 2612/1979/872
f 2612/1979/872 2516/1899/872 2613/1901/872
f 2534/1980/872 2533/1971/872 2603/1981/872
f 2603/1981/872 2533/1971/872 2604/1982/872
f 2604/1982/872 2533/1971/872 2605/1972/872
f 2535/1983/872 2534/1980/872 2601/1984/872
f 2601/1984/872 2534/1980/872 2602/1985/872
f 2602/1985/872 2534/1980/872 2603/1981/872
f 2535/1983/872 2601/1984/872 2600/1986/872
f 2535/1983/872 2600/1986/872 2599/1987/872
f 2535/1983/872 2599/1987/872 2598/1988/872
f 2536/1989/872 2535/1983/872 2598/1988/872
f 2536/1989/872 2598/1988/872 2597/1990/872
f 2536/1989/872 2597/1990/872 2596/1991/872
f 2536/1989/872 2596/1991/872 2595/1992/872
f 2537/1993/872 2536/1989/872 2595/1992/872
f 2537/1993/872 2595/1992/872 2594/1994/872
f 2537/1993/872 2594/1994/872 2593/1995/872
f 2538/1996/872 2537/1993/872 2593/1995/872
f 2538/1996/872 2593/1995/872 2592/1997/872
f 2538/1996/872 2592/1997/872 2591/1998/872
f 2539/1999/872 2538/1996/872 2591/1998/872
f 2539/1999/872 2591/1998/872 2590/2000/872
f 2540/2001/872 2539/1999/872 2590/2000/872
f 2540/2001/872 2590/2000/872 2589/2002/872
f 2540/2001/872 2589/2002/872 2588/2003/872
f 2541/2004/872 2540/2001/872 2588/2003/872
f 2541/2004/872 2588/2003/872 2587/2005/872
f 2542/2006/872 2541/2004/872 2587/2005/872
f 2542/2006/872 2587/2005/872 2586/2007/872
f 2542/2006/872 2586/2007/872 2585/2008/872
f 2543/2009/872 2542/2006/872 2585/2008/872
f 2543/2009/872 2585/2008/872 2584/2010/872
f 2543/2009/872 2584/2010/872 2583/2011/872
f 2544/2012/872 2543/2009/872 2583/2011/872
f 2544/2012/872 2583/2011/872 2582/2013/872
f 2566/2014/872 2565/2016/872 2564/2015/872
f 2544/2012/872 2582/2013/872 2581/2017/872
f 2567/2018/872 2566/2014/872 2564/2015/872
f 2545/2019/872 2544/2012/872 2581/2017/872
f 2568/2020/872 2567/2018/872 2564/2015/872
f 2545/2019/872 2581/2017/872 2580/2021/872
f 2569/2022/872 2568/2020/872 2564/2015/872
f 2570/2023/872 2569/2022/872 2564/2015/872
f 2571/2024/872 2570/2023/872 2564/2015/872
f 2545/2019/872 2580/2021/872 2579/2025/872
f 2572/2026/872 2571/2024/872 2564/2015/872
f 2573/2027/872 2572/2026/872 2564/2015/872
f 2545/2019/872 2579/2025/872 2578/2028/872
f 2574/2029/872 2573/2027/872 2564/2015/872
f 2575/2030/872 2574/2029/872 2564/2015/872
f 2545/2019/872 2578/2028/872 2577/2031/872
f 2576/2032/872 2575/2030/872 2564/2015/872
f 2546/2033/872 2545/2019/872 2577/2031/872
f 2577/2031/872 2576/2032/872 2564/2015/872
f 2546/2033/872 2577/2031/872 2564/2015/872
f 2547/2034/872 2546/2033/872 2564/2015/872
f 2548/2035/872 2547/2034/872 2564/2015/872
f 2549/2036/872 2548/2035/872 2564/2015/872
f 2549/2036/872 2564/2015/872 2563/2037/872
f 2549/2036/872 2563/2037/872 2562/2038/872
f 2549/2036/872 2562/2038/872 2561/2039/872
f 2550/2040/872 2549/2036/872 2561/2039/872
f 2550/2040/872 2561/2039/872 2560/2041/872
f 2550/2040/872 2560/2041/872 2559/2042/872
f 2550/2040/872 2559/2042/872 2558/2043/872
f 2550/2040/872 2558/2043/872 2557/2044/872
f 2551/2045/872 2550/2040/872 2557/2044/872
f 2551/2045/872 2557/2044/872 2556/2046/872
f 2551/2045/872 2556/2046/872 2555/2047/872
f 2551/2045/872 2555/2047/872 2554/2048/872
f 2552/2049/872 2551/2045/872 2554/2048/872
f 2552/2049/872 2554/2048/872 2553/2050/872
f 2652/2051/872 2651/2053/872 2650/2052/872
f 2652/2051/872 2650/2052/872 2649/1939/872
f 2653/2054/872 2652/2051/872 2649/1939/872
f 2653/2054/872 2649/1939/872 2648/2055/872
f 2654/2056/872 2653/2054/872 2648/2055/872
f 2654/2056/872 2648/2055/872 2647/2057/872
f 2655/2058/872 2654/2056/872 2647/2057/872
f 2655/2058/872 2647/2057/872 2646/2059/872
f 2656/1945/872 2655/2058/872 2646/2059/872
f 2656/1945/872 2646/2059/872 2645/2060/872
f 2657/2061/872 2656/1945/872 2645/2060/872
f 2657/2061/872 2645/2060/872 2644/2062/872
f 2658/2063/872 2657/2061/872 2700/2064/872
f 2700/2064/872 2657/2061/872 2644/2062/872
f 2658/2063/872 2700/2064/872 2699/2065/872
f 2701/2066/872 2700/2064/872 2644/2062/872
f 2658/2063/872 2699/2065/872 2698/1910/872
f 2702/2067/872 2701/2066/872 2644/2062/872
f 2658/2063/872 2698/1910/872 2697/2068/872
f 2703/2069/872 2702/2067/872 2644/2062/872
f 2703/2069/872 2644/2062/872 2643/2070/872
f 2658/2063/872 2697/2068/872 2696/2071/872
f 2659/2072/872 2658/2063/872 2696/2071/872
f 2704/2073/872 2703/2069/872 2643/2070/872
f 2659/2072/872 2696/2071/872 2695/2074/872
f 2705/1916/872 2704/2073/872 2643/2070/872
f 2659/2072/872 2695/2074/872 2694/2075/872
f 2706/2076/872 2705/1916/872 2643/2070/872
f 2659/2072/872 2694/2075/872 2693/2077/872
f 2707/2078/872 2706/2076/872 2643/2070/872
f 2660/2079/872 2659/2072/872 2693/2077/872
f 2707/2078/872 2643/2070/872 2642/1922/872
f 2660/2079/872 2693/2077/872 2692/2080/872
f 2708/2081/872 2707/2078/872 2642/1922/872
f 2660/2079/872 2692/2080/872 2691/1902/872
f 2709/2082/872 2708/2081/872 2642/1922/872
f 2661/2083/872 2660/2079/872 2691/1902/872
f 2709/2082/872 2642/1922/872 2641/2084/872
f 2661/2083/872 2691/1902/872 2690/2085/872
f 2710/2086/872 2709/2082/872 2641/2084/872
f 2661/2083/872 2690/2085/872 2689/2087/872
f 2711/2088/872 2710/2086/872 2641/2084/872
f 2662/2089/872 2661/2083/872 2689/2087/872
f 2662/2089/872 2689/2087/872 2688/2090/872
f 2711/2088/872 2641/2084/872 2640/2091/872
f 2712/1901/872 2711/2088/872 2640/2091/872
f 2662/2089/872 2688/2090/872 2712/1901/872
f 2662/2089/872 2712/1901/872 2640/2091/872
f 2663/1952/872 2662/2089/872 2640/2091/872
f 2663/1952/872 2640/2091/872 2639/2092/872
f 2664/2093/872 2663/1952/872 2638/2094/872
f 2638/2094/872 2663/1952/872 2639/2092/872
f 2664/2093/872 2638/2094/872 2637/2095/872
f 2665/2096/872 2664/2093/872 2637/2095/872
f 2665/2096/872 2637/2095/872 2636/2097/872
f 2665/2096/872 2636/2097/872 2635/1932/872
f 2666/2098/872 2665/2096/872 2635/1932/872
f 2666/2098/872 2635/1932/872 2634/2099/872
f 2667/2100/872 2666/2098/872 2634/2099/872
f 2667/2100/872 2634/2099/872 2633/2101/872
f 2615/2102/872 2614/1899/872 2687/2103/872
f 2667/2100/872 2633/2101/872 2632/2104/872
f 2616/2105/872 2615/2102/872 2687/2103/872
f 2617/2106/872 2616/2105/872 2687/2103/872
f 2668/2107/872 2667/2100/872 2632/2104/872
f 2668/2107/872 2632/2104/872 2631/2108/872
f 2618/2109/872 2617/2106/872 2687/2103/872
f 2619/2110/872 2618/2109/872 2687/2103/872
f 2668/2107/872 2631/2108/872 2630/2111/872
f 2620/2112/872 2619/2110/872 2687/2103/872
f 2668/2107/872 2630/2111/872 2629/2113/872
f 2621/1924/872 2620/2112/872 2687/2103/872
f 2669/2114/872 2668/2107/872 2629/2113/872
f 2622/2115/872 2621/1924/872 2687/2103/872
f 2669/2114/872 2629/2113/872 2628/1928/872
f 2623/2116/872 2622/2115/872 2687/2103/872
f 2669/2114/872 2628/1928/872 2627/2117/872
f 2624/2118/872 2623/2116/872 2687/2103/872
f 2625/2119/872 2624/2118/872 2687/2103/872
f 2669/2114/872 2627/2117/872 2626/2120/872
f 2626/2120/872 2625/2119/872 2687/2103/872
f 2669/2114/872 2626/2120/872 2687/2103/872
f 2670/1947/872 2669/2114/872 2687/2103/872
f 2670/1947/872 2687/2103/872 2686/2121/872
f 2671/2122/872 2670/1947/872 2686/2121/872
f 2671/2122/872 2686/2121/872 2685/2123/872
f 2671/2122/872 2685/2123/872 2684/1909/872
f 2672/2124/872 2671/2122/872 2684/1909/872
f 2672/2124/872 2684/1909/872 2683/2125/872
f 2672/2124/872 2683/2125/872 2682/2126/872
f 2673/2127/872 2672/2124/872 2682/2126/872
f 2673/2127/872 2682/2126/872 2681/2128/872
f 2673/2127/872 2681/2128/872 2680/2129/872
f 2674/2130/872 2673/2127/872 2680/2129/872
f 2674/2130/872 2680/2129/872 2679/2131/872
f 2674/2130/872 2679/2131/872 2678/2132/872
f 2674/2130/872 2678/2132/872 2677/1919/872
f 2675/2133/872 2674/2130/872 2677/1919/872
f 2675/2133/872 2677/1919/872 2676/2134/872
f 2715/1922/872 2714/1928/872 2713/1899/872
f 2715/1922/872 2713/1899/872 2720/1901/872
f 2716/1945/836 2715/1922/836 2720/1901/836
f 2717/1947/872 2716/1945/872 2719/1910/872
f 2719/1910/836 2716/1945/836 2720/1901/836
f 2717/1947/872 2719/1910/872 2718/1909/872
f 2762/2135/872 2761/2137/872 2760/2136/872
f 2762/2135/872 2760/2136/872 2759/2138/872
f 2763/2139/872 2762/2135/872 2759/2138/872
f 2763/2139/872 2759/2138/872 2758/2140/872
f 2764/2141/872 2763/2139/872 2758/2140/872
f 2764/2141/872 2758/2140/872 2757/2142/872
f 2764/2141/872 2757/2142/872 2756/2143/872
f 2765/2144/872 2764/2141/872 2756/2143/872
f 2765/2144/872 2756/2143/872 2755/2145/872
f 2722/2146/872 2721/1899/872 2775/1901/872
f 2722/2146/872 2775/1901/872 2774/2147/872
f 2766/2148/872 2765/2144/872 2755/2145/872
f 2766/2148/872 2755/2145/872 2754/2149/872
f 2766/2148/872 2754/2149/872 2753/2150/872
f 2767/2151/872 2766/2148/872 2753/2150/872
f 2767/2151/872 2753/2150/872 2752/2152/872
f 2768/2153/872 2767/2151/872 2752/2152/872
f 2768/2153/872 2752/2152/872 2751/2154/872
f 2768/2153/872 2751/2154/872 2750/2155/872
f 2769/2156/872 2768/2153/872 2750/2155/872
f 2769/2156/872 2750/2155/872 2749/2157/872
f 2770/2158/872 2769/2156/872 2749/2157/872
f 2770/2158/872 2749/2157/872 2739/2159/872
f 2739/2159/872 2749/2157/872 2740/2160/872
f 2740/2160/872 2749/2157/872 2741/2161/872
f 2741/2161/872 2749/2157/872 2742/2162/872
f 2742/2162/872 2749/2157/872 2743/2163/872
f 2743/2163/872 2749/2157/872 2744/2164/872
f 2744/2164/872 2749/2157/872 2745/2165/872
f 2745/2165/872 2749/2157/872 2746/2166/872
f 2746/2166/872 2749/2157/872 2747/2167/872
f 2747/2167/872 2749/2157/872 2748/1952/872
f 2771/2168/872 2770/2158/872 2737/2169/872
f 2737/2169/872 2770/2158/872 2738/2170/872
f 2738/2170/872 2770/2158/872 2739/2159/872
f 2772/2171/872 2771/2168/872 2735/2172/872
f 2735/2172/872 2771/2168/872 2736/2173/872
f 2736/2173/872 2771/2168/872 2737/2169/872
f 2772/2171/872 2735/2172/872 2734/2174/872
f 2772/2171/872 2734/2174/872 2733/2175/872
f 2773/2176/872 2772/2171/872 2733/2175/872
f 2773/2176/872 2733/2175/872 2732/2177/872
f 2773/2176/872 2732/2177/872 2731/2178/872
f 2722/2146/872 2774/2147/872 2773/2176/872
f 2722/2146/872 2773/2176/872 2727/2179/872
f 2727/2179/872 2773/2176/872 2728/2180/872
f 2728/2180/872 2773/2176/872 2729/2181/872
f 2729/2181/872 2773/2176/872 2730/2182/872
f 2730/2182/872 2773/2176/872 2731/2178/872
f 2722/2146/872 2727/2179/872 2726/2183/872
f 2722/2146/872 2726/2183/872 2725/2184/872
f 2722/2146/872 2725/2184/872 2724/2185/872
f 2722/2146/872 2724/2185/872 2723/2186/872
f 2814/2051/872 2813/2053/872 2812/2052/872
f 2814/2051/872 2812/2052/872 2811/1939/872
f 2815/2054/872 2814/2051/872 2811/1939/872
f 2815/2054/872 2811/1939/872 2810/2055/872
f 2816/2056/872 2815/2054/872 2810/2055/872
f 2816/2056/872 2810/2055/872 2809/2057/872
f 2817/2058/872 2816/2056/872 2809/2057/872
f 2817/2058/872 2809/2057/872 2808/2059/872
f 2818/1945/872 2817/2058/872 2808/2059/872
f 2818/1945/872 2808/2059/872 2807/2060/872
f 2819/2061/872 2818/1945/872 2807/2060/872
f 2819/2061/872 2807/2060/872 2806/2062/872
f 2820/2063/872 2819/2061/872 2862/2064/872
f 2862/2064/872 2819/2061/872 2806/2062/872
f 2820/2063/872 2862/2064/872 2861/2065/872
f 2863/2066/872 2862/2064/872 2806/2062/872
f 2820/2063/872 2861/2065/872 2860/1910/872
f 2864/2067/872 2863/2066/872 2806/2062/872
f 2820/2063/872 2860/1910/872 2859/2068/872
f 2865/2069/872 2864/2067/872 2806/2062/872
f 2865/2069/872 2806/2062/872 2805/2070/872
f 2820/2063/872 2859/2068/872 2858/2071/872
f 2821/2072/872 2820/2063/872 2858/2071/872
f 2866/2073/872 2865/2069/872 2805/2070/872
f 2821/2072/872 2858/2071/872 2857/2074/872
f 2867/1916/872 2866/2073/872 2805/2070/872
f 2821/2072/872 2857/2074/872 2856/2075/872
f 2868/2076/872 2867/1916/872 2805/2070/872
f 2821/2072/872 2856/2075/872 2855/2077/872
f 2869/2078/872 2868/2076/872 2805/2070/872
f 2822/2079/872 2821/2072/872 2855/2077/872
f 2869/2078/872 2805/2070/872 2804/1922/872
f 2822/2079/872 2855/2077/872 2854/2080/872
f 2870/2081/872 2869/2078/872 2804/1922/872
f 2822/2079/872 2854/2080/872 2853/1902/872
f 2871/2082/872 2870/2081/872 2804/1922/872
f 2823/2083/872 2822/2079/872 2853/1902/872
f 2871/2082/872 2804/1922/872 2803/2084/872
f 2823/2083/872 2853/1902/872 2852/2085/872
f 2872/2086/872 2871/2082/872 2803/2084/872
f 2823/2083/872 2852/2085/872 2851/2087/872
f 2873/2088/872 2872/2086/872 2803/2084/872
f 2824/2089/872 2823/2083/872 2851/2087/872
f 2824/2089/872 2851/2087/872 2850/2090/872
f 2873/2088/872 2803/2084/872 2802/2091/872
f 2874/1901/872 2873/2088/872 2802/2091/872
f 2824/2089/872 2850/2090/872 2874/1901/872
f 2824/2089/872 2874/1901/872 2802/2091/872
f 2825/1952/872 2824/2089/872 2802/2091/872
f 2825/1952/872 2802/2091/872 2801/2092/872
f 2826/2093/872 2825/1952/872 2800/2094/872
f 2800/2094/872 2825/1952/872 2801/2092/872
f 2826/2093/872 2800/2094/872 2799/2095/872
f 2827/2096/872 2826/2093/872 2799/2095/872
f 2827/2096/872 2799/2095/872 2798/2097/872
f 2827/2096/872 2798/2097/872 2797/1932/872
f 2828/2098/872 2827/2096/872 2797/1932/872
f 2828/2098/872 2797/1932/872 2796/2099/872
f 2829/2100/872 2828/2098/872 2796/2099/872
f 2829/2100/872 2796/2099/872 2795/2101/872
f 2777/2102/872 2776/1899/872 2849/2103/872
f 2829/2100/872 2795/2101/872 2794/2104/872
f 2778/2105/872 2777/2102/872 2849/2103/872
f 2779/2106/872 2778/2105/872 2849/2103/872
f 2830/2107/872 2829/2100/872 2794/2104/872
f 2830/2107/872 2794/2104/872 2793/2108/872
f 2780/2109/872 2779/2106/872 2849/2103/872
f 2781/2110/872 2780/2109/872 2849/2103/872
f 2830/2107/872 2793/2108/872 2792/2111/872
f 2782/2112/872 2781/2110/872 2849/2103/872
f 2830/2107/872 2792/2111/872 2791/2113/872
f 2783/1924/872 2782/2112/872 2849/2103/872
f 2831/2114/872 2830/2107/872 2791/2113/872
f 2784/2115/872 2783/1924/872 2849/2103/872
f 2831/2114/872 2791/2113/872 2790/1928/872
f 2785/2116/872 2784/2115/872 2849/2103/872
f 2831/2114/872 2790/1928/872 2789/2117/872
f 2786/2118/872 2785/2116/872 2849/2103/872
f 2787/2119/872 2786/2118/872 2849/2103/872
f 2831/2114/872 2789/2117/872 2788/2120/872
f 2788/2120/872 2787/2119/872 2849/2103/872
f 2831/2114/872 2788/2120/872 2849/2103/872
f 2832/1947/872 2831/2114/872 2849/2103/872
f 2832/1947/872 2849/2103/872 2848/2121/872
f 2833/2122/872 2832/1947/872 2848/2121/872
f 2833/2122/872 2848/2121/872 2847/2123/872
f 2833/2122/872 2847/2123/872 2846/1909/872
f 2834/2124/872 2833/2122/872 2846/1909/872
f 2834/2124/872 2846/1909/872 2845/2125/872
f 2834/2124/872 2845/2125/872 2844/2126/872
f 2835/2127/872 2834/2124/872 2844/2126/872
f 2835/2127/872 2844/2126/872 2843/2128/872
f 2835/2127/872 2843/2128/872 2842/2129/872
f 2836/2130/872 2835/2127/872 2842/2129/872
f 2836/2130/872 2842/2129/872 2841/2131/872
f 2836/2130/872 2841/2131/872 2840/2132/872
f 2836/2130/872 2840/2132/872 2839/1919/872
f 2837/2133/872 2836/2130/872 2839/1919/872
f 2837/2133/872 2839/1919/872 2838/2134/872
f 2919/1902/872 2918/1904/872 2917/1903/872
f 2920/1905/872 2919/1902/872 2917/1903/872
f 2920/1905/872 2917/1903/872 2916/1906/872
f 2921/1907/872 2920/1905/872 2916/1906/872
f 2922/1908/872 2921/1907/872 2916/1906/872
f 2922/1908/872 2916/1906/872 2915/1909/872
f 2923/1910/872 2922/1908/872 2915/1909/872
f 2877/1898/872 2876/1900/872 2875/1899/872
f 2877/1898/872 2875/1899/872 2931/1901/872
f 2923/1910/872 2915/1909/872 2914/1911/872
f 2924/1912/872 2923/1910/872 2914/1911/872
f 2925/1913/872 2924/1912/872 2914/1911/872
f 2925/1913/872 2914/1911/872 2913/1914/872
f 2926/1915/872 2925/1913/872 2913/1914/872
f 2926/1915/872 2913/1914/872 2912/1917/872
f 2927/1916/872 2926/1915/872 2912/1917/872
f 2928/1918/872 2927/1916/872 2912/1917/872
f 2928/1918/872 2912/1917/872 2911/1919/872
f 2929/1920/872 2928/1918/872 2911/1919/872
f 2930/1921/872 2929/1920/872 2911/1919/872
f 2930/1921/872 2911/1919/872 2891/1922/872
f 2891/1922/872 2911/1919/872 2910/1923/872
f 2877/1898/872 2931/1901/872 2930/1921/872
f 2877/1898/872 2930/1921/872 2879/1924/872
f 2879/1924/872 2930/1921/872 2880/1925/872
f 2880/1925/872 2930/1921/872 2881/1926/872
f 2881/1926/872 2930/1921/872 2882/1927/872
f 2882/1927/872 2930/1921/872 2883/1928/872
f 2883/1928/872 2930/1921/872 2884/1929/872
f 2884/1929/872 2930/1921/872 2885/1930/872
f 2885/1930/872 2930/1921/872 2886/1931/872
f 2886/1931/872 2930/1921/872 2887/1932/872
f 2887/1932/872 2930/1921/872 2888/1933/872
f 2888/1933/872 2930/1921/872 2889/1934/872
f 2889/1934/872 2930/1921/872 2890/1935/872
f 2890/1935/872 2930/1921/872 2891/1922/872
f 2892/1936/872 2891/1922/872 2910/1923/872
f 2893/1937/872 2892/1936/872 2910/1923/872
f 2894/1938/872 2893/1937/872 2910/1923/872
f 2895/1939/872 2894/1938/872 2910/1923/872
f 2895/1939/872 2910/1923/872 2909/1940/872
f 2896/1941/872 2895/1939/872 2909/1940/872
f 2897/1942/872 2896/1941/872 2909/1940/872
f 2898/1943/872 2897/1942/872 2909/1940/872
f 2898/1943/872 2909/1940/872 2908/1944/872
f 2899/1945/872 2898/1943/872 2908/1944/872
f 2900/1946/872 2899/1945/872 2908/1944/872
f 2900/1946/872 2908/1944/872 2907/1947/872
f 2901/1948/872 2900/1946/872 2907/1947/872
f 2877/1898/872 2879/1924/872 2878/1949/872
f 2902/1950/872 2901/1948/872 2907/1947/872
f 2902/1950/872 2907/1947/872 2906/1951/872
f 2903/1952/872 2902/1950/872 2906/1951/872
f 2904/1953/872 2903/1952/872 2906/1951/872
f 2904/1953/872 2906/1951/872 2905/1954/872
f 2976/1902/872 2975/1904/872 2974/1903/872
f 2977/1905/872 2976/1902/872 2974/1903/872
f 2977/1905/872 2974/1903/872 2973/1906/872
f 2978/1907/872 2977/1905/872 2973/1906/872
f 2979/1908/872 2978/1907/872 2973/1906/872
f 2979/1908/872 2973/1906/872 2972/1909/872
f 2980/1910/872 2979/1908/872 2972/1909/872
f 2934/1898/872 2933/1900/872 2932/1899/872
f 2934/1898/872 2932/1899/872 2988/1901/872
f 2980/1910/872 2972/1909/872 2971/1911/872
f 2981/1912/872 2980/1910/872 2971/1911/872
f 2982/1913/872 2981/1912/872 2971/1911/872
f 2982/1913/872 2971/1911/872 2970/1914/872
f 2983/1915/872 2982/1913/872 2970/1914/872
f 2983/1915/872 2970/1914/872 2969/1917/872
f 2984/1916/872 2983/1915/872 2969/1917/872
f 2985/1918/872 2984/1916/872 2969/1917/872
f 2985/1918/872 2969/1917/872 2968/1919/872
f 2986/1920/872 2985/1918/872 2968/1919/872
f 2987/1921/872 2986/1920/872 2968/1919/872
f 2987/1921/872 2968/1919/872 2948/1922/872
f 2948/1922/872 2968/1919/872 2967/1923/872
f 2934/1898/872 2988/1901/872 2987/1921/872
f 2934/1898/872 2987/1921/872 2936/1924/872
f 2936/1924/872 2987/1921/872 2937/1925/872
f 2937/1925/872 2987/1921/872 2938/1926/872
f 2938/1926/872 2987/1921/872 2939/1927/872
f 2939/1927/872 2987/1921/872 2940/1928/872
f 2940/1928/872 2987/1921/872 2941/1929/872
f 2941/1929/872 2987/1921/872 2942/1930/872
f 2942/1930/872 2987/1921/872 2943/1931/872
f 2943/1931/872 2987/1921/872 2944/1932/872
f 2944/1932/872 2987/1921/872 2945/1933/872
f 2945/1933/872 2987/1921/872 2946/1934/872
f 2946/1934/872 2987/1921/872 2947/1935/872
f 2947/1935/872 2987/1921/872 2948/1922/872
f 2949/1936/872 2948/1922/872 2967/1923/872
f 2950/1937/872 2949/1936/872 2967/1923/872
f 2951/1938/872 2950/1937/872 2967/1923/872
f 2952/1939/872 2951/1938/872 2967/1923/872
f 2952/1939/872 2967/1923/872 2966/1940/872
f 2953/1941/872 2952/1939/872 2966/1940/872
f 2954/1942/872 2953/1941/872 2966/1940/872
f 2955/1943/872 2954/1942/872 2966/1940/872
f 2955/1943/872 2966/1940/872 2965/1944/872
f 2956/1945/872 2955/1943/872 2965/1944/872
f 2957/1946/872 2956/1945/872 2965/1944/872
f 2957/1946/872 2965/1944/872 2964/1947/872
f 2958/1948/872 2957/1946/872 2964/1947/872
f 2934/1898/872 2936/1924/872 2935/1949/872
f 2959/1950/872 2958/1948/872 2964/1947/872
f 2959/1950/872 2964/1947/872 2963/1951/872
f 2960/1952/872 2959/1950/872 2963/1951/872
f 2961/1953/872 2960/1952/872 2963/1951/872
f 2961/1953/872 2963/1951/872 2962/1954/872
f 2990/2187/872 2989/1899/872 3036/2188/872
f 2990/2187/872 3036/2188/872 3035/2189/872
f 2991/2190/872 2990/2187/872 3035/2189/872
f 2991/2190/872 3035/2189/872 3034/2191/872
f 2992/2192/872 2991/2190/872 3034/2191/872
f 2992/2192/872 3034/2191/872 3033/2193/872
f 2993/2194/872 2992/2192/872 3033/2193/872
f 2993/2194/872 3033/2193/872 3032/2195/872
f 2994/2196/872 2993/2194/872 3032/2195/872
f 2994/2196/872 3032/2195/872 3031/2197/872
f 2995/2198/872 2994/2196/872 3031/2197/872
f 2995/2198/872 3031/2197/872 3030/2199/872
f 2996/2200/872 2995/2198/872 3037/2201/872
f 3037/2201/872 2995/2198/872 3030/2199/872
f 2996/2200/872 3037/2201/872 3084/1901/872
f 3038/2202/872 3037/2201/872 3030/2199/872
f 2996/2200/872 3084/1901/872 3083/2203/872
f 3039/2204/872 3038/2202/872 3030/2199/872
f 2996/2200/872 3083/2203/872 3082/2205/872
f 3040/2206/872 3039/2204/872 3030/2199/872
f 3040/2206/872 3030/2199/872 3029/2207/872
f 2997/2208/872 2996/2200/872 3082/2205/872
f 2997/2208/872 3082/2205/872 3081/2209/872
f 3041/2210/872 3040/2206/872 3029/2207/872
f 2997/2208/872 3081/2209/872 3080/2211/872
f 3042/2212/872 3041/2210/872 3029/2207/872
f 2997/2208/872 3080/2211/872 3079/2213/872
f 3043/2214/872 3042/2212/872 3029/2207/872
f 3043/2214/872 3029/2207/872 3028/2215/872
f 2998/2216/872 2997/2208/872 3079/2213/872
f 2998/2216/872 3079/2213/872 3078/2217/872
f 3044/2218/872 3043/2214/872 3028/2215/872
f 2998/2216/872 3078/2217/872 3077/2219/872
f 3045/2220/872 3044/2218/872 3028/2215/872
f 3045/2220/872 3028/2215/872 3027/2221/872
f 2999/2222/872 2998/2216/872 3077/2219/872
f 2999/2222/872 3077/2219/872 3076/2223/872
f 3046/2224/872 3045/2220/872 3027/2221/872
f 3046/2224/872 3027/2221/872 3026/2225/872
f 3000/2226/872 2999/2222/872 3076/2223/872
f 3000/2226/872 3076/2223/872 3075/2227/872
f 3047/2228/872 3046/2224/872 3026/2225/872
f 3000/2226/872 3075/2227/872 3074/2229/872
f 3048/2230/872 3047/2228/872 3026/2225/872
f 3048/2230/872 3026/2225/872 3025/2231/872
f 3001/2232/872 3000/2226/872 3074/2229/872
f 3001/2232/872 3074/2229/872 3073/2233/872
f 3049/2234/872 3048/2230/872 3025/2231/872
f 3002/2235/872 3001/2232/872 3073/2233/872
f 3002/2235/872 3073/2233/872 3072/2236/872
f 3049/2234/872 3025/2231/872 3024/2237/872
f 3050/2238/872 3049/2234/872 3024/2237/872
f 3002/2235/872 3072/2236/872 3071/2239/872
f 3051/2240/872 3050/2238/872 3024/2237/872
f 3003/2241/872 3002/2235/872 3071/2239/872
f 3051/2240/872 3024/2237/872 3023/2242/872
f 3003/2241/872 3071/2239/872 3070/2243/872
f 3052/2244/872 3051/2240/872 3023/2242/872
f 3003/2241/872 3070/2243/872 3069/2245/872
f 3004/2246/872 3003/2241/872 3069/2245/872
f 3053/2247/872 3052/2244/872 3023/2242/872
f 3053/2247/872 3023/2242/872 3022/2248/872
f 3004/2246/872 3069/2245/872 3068/2249/872
f 3054/2250/872 3053/2247/872 3022/2248/872
f 3005/2251/872 3004/2246/872 3068/2249/872
f 3054/2250/872 3022/2248/872 3021/2252/872
f 3005/2251/872 3068/2249/872 3067/2253/872
f 3055/2254/872 3054/2250/872 3021/2252/872
f 3005/2251/872 3067/2253/872 3066/2255/872
f 3056/2256/872 3055/2254/872 3021/2252/872
f 3006/2257/872 3005/2251/872 3066/2255/872
f 3056/2256/872 3021/2252/872 3020/2258/872
f 3006/2257/872 3066/2255/872 3065/2259/872
f 3057/2260/872 3056/2256/872 3020/2258/872
f 3006/2257/872 3065/2259/872 3064/2261/872
f 3058/2262/872 3057/2260/872 3020/2258/872
f 3006/2257/872 3064/2261/872 3063/2263/872
f 3059/2264/872 3058/2262/872 3020/2258/872
f 3007/2265/872 3006/2257/872 3063/2263/872
f 3059/2264/872 3020/2258/872 3019/2266/872
f 3007/2265/872 3063/2263/872 3062/2267/872
f 3060/2268/872 3059/2264/872 3019/2266/872
f 3007/2265/872 3062/2267/872 3061/2269/872
f 3061/2269/872 3060/2268/872 3019/2266/872
f 3007/2265/872 3061/2269/872 3019/2266/872
f 3008/2270/872 3007/2265/872 3019/2266/872
f 3008/2270/872 3019/2266/872 3018/2271/872
f 3009/2272/872 3008/2270/872 3018/2271/872
f 3009/2272/872 3018/2271/872 3017/2273/872
f 3010/2274/872 3009/2272/872 3017/2273/872
f 3010/2274/872 3017/2273/872 3016/2275/872
f 3011/2276/872 3010/2274/872 3016/2275/872
f 3011/2276/872 3016/2275/872 3015/2277/872
f 3012/2278/872 3011/2276/872 3015/2277/872
f 3012/2278/872 3015/2277/872 3014/2279/872
f 3013/2280/872 3012/2278/872 3014/2279/872
f 3085/1899/872 3111/2282/872 3112/2281/872
f 3112/2281/872 3111/2282/872 3110/2283/872
f 3112/2281/872 3110/2283/872 3109/2284/872
f 3112/2281/872 3109/2284/872 3108/2285/872
f 3112/2281/872 3108/2285/872 3107/2286/872
f 3112/2281/872 3107/2286/872 3106/2287/872
f 3112/2281/872 3106/2287/872 3105/2288/872
f 3112/2281/872 3105/2288/872 3113/2289/872
f 3113/2289/872 3105/2288/872 3114/2290/872
f 3114/2290/872 3105/2288/872 3104/2291/872
f 3085/1899/872 3112/2281/872 3138/1901/872
f 3115/2292/872 3114/2290/872 3104/2291/872
f 3116/2293/872 3115/2292/872 3104/2291/872
f 3117/2294/872 3116/2293/872 3104/2291/872
f 3117/2294/872 3104/2291/872 3103/2295/872
f 3118/2296/872 3117/2294/872 3103/2295/872
f 3119/2297/872 3118/2296/872 3103/2295/872
f 3119/2297/872 3103/2295/872 3102/2298/872
f 3120/2299/872 3119/2297/872 3102/2298/872
f 3120/2299/872 3102/2298/872 3101/2300/872
f 3121/2301/872 3120/2299/872 3101/2300/872
f 3122/2302/872 3121/2301/872 3101/2300/872
f 3122/2302/872 3101/2300/872 3100/2303/872
f 3123/2304/872 3122/2302/872 3100/2303/872
f 3123/2304/872 3100/2303/872 3099/2305/872
f 3124/2306/872 3123/2304/872 3099/2305/872
f 3124/2306/872 3099/2305/872 3098/2307/872
f 3125/2308/872 3124/2306/872 3098/2307/872
f 3126/2309/872 3125/2308/872 3098/2307/872
f 3126/2309/872 3098/2307/872 3097/2310/872
f 3127/2311/872 3126/2309/872 3097/2310/872
f 3127/2311/872 3097/2310/872 3096/2312/872
f 3128/2313/872 3127/2311/872 3096/2312/872
f 3129/2314/872 3128/2313/872 3096/2312/872
f 3129/2314/872 3096/2312/872 3095/2315/872
f 3130/2316/872 3129/2314/872 3095/2315/872
f 3130/2316/872 3095/2315/872 3094/2317/872
f 3131/2318/872 3130/2316/872 3094/2317/872
f 3132/2319/872 3131/2318/872 3094/2317/872
f 3132/2319/872 3094/2317/872 3093/2320/872
f 3133/2321/872 3132/2319/872 3093/2320/872
f 3133/2321/872 3093/2320/872 3092/2322/872
f 3134/2323/872 3133/2321/872 3092/2322/872
f 3135/2324/872 3134/2323/872 3092/2322/872
f 3135/2324/872 3092/2322/872 3091/2325/872
f 3136/2326/872 3135/2324/872 3091/2325/872
f 3137/2327/872 3136/2326/872 3091/2325/872
f 3085/1899/872 3138/1901/872 3137/2327/872
f 3085/1899/872 3137/2327/872 3091/2325/872
f 3085/1899/872 3091/2325/872 3090/2328/872
f 3085/1899/872 3090/2328/872 3089/2329/872
f 3085/1899/872 3089/2329/872 3088/2330/872
f 3085/1899/872 3088/2330/872 3087/2331/872
f 3085/1899/872 3087/2331/872 3086/2332/872
f 1781/1898/873 1780/1900/873 2460/1900/873 2461/1898/873
f 1780/1900/874 1779/1899/874 2459/1899/874 2460/1900/874
f 1779/1899/875 1835/1901/875 2515/1901/875 2459/1899/875
f 1823/1902/876 1822/1904/876 2502/1904/876 2503/1902/876
f 1822/1904/877 1821/1903/877 2501/1903/877 2502/1904/877
f 1824/1905/878 1823/1902/878 2503/1902/878 2504/1905/878
f 1821/1903/879 1820/1906/879 2500/1906/879 2501/1903/879
f 1825/1907/880 1824/1905/880 2504/1905/880 2505/1907/880
f 1826/1908/881 1825/1907/881 2505/1907/881 2506/1908/881
f 1820/1906/882 1819/1909/882 2499/1909/882 2500/1906/882
f 1827/1910/883 1826/1908/883 2506/1908/883 2507/1910/883
f 1819/1909/884 1818/1911/884 2498/1911/884 2499/1909/884
f 1828/1912/885 1827/1910/885 2507/1910/885 2508/1912/885
f 1829/1913/886 1828/1912/886 2508/1912/886 2509/1913/886
f 1818/1911/887 1817/1914/887 2497/1914/887 2498/1911/887
f 1830/1915/888 1829/1913/888 2509/1913/888 2510/1915/888
f 1831/1916/889 1830/1915/889 2510/1915/889 2511/1916/889
f 1817/1914/890 1816/1917/890 2496/1917/890 2497/1914/890
f 1832/1918/891 1831/1916/891 2511/1916/891 2512/1918/891
f 1816/1917/892 1815/1919/892 2495/1919/892 2496/1917/892
f 1833/1920/893 1832/1918/893 2512/1918/893 2513/1920/893
f 1834/1921/894 1833/1920/894 2513/1920/894 2514/1921/894
f 1815/1919/895 1814/1923/895 2494/1923/895 2495/1919/895
f 1835/1901/874 1834/1921/874 2514/1921/874 2515/1901/874
f 1784/1925/896 1783/1924/896 2463/1924/896 2464/1925/896
f 1785/1926/897 1784/1925/897 2464/1925/897 2465/1926/897
f 1786/1927/898 1785/1926/898 2465/1926/898 2466/1927/898
f 1787/1928/899 1786/1927/899 2466/1927/899 2467/1928/899
f 1788/1929/900 1787/1928/900 2467/1928/900 2468/1929/900
f 1789/1930/901 1788/1929/901 2468/1929/901 2469/1930/901
f 1790/1931/902 1789/1930/902 2469/1930/902 2470/1931/902
f 1791/1932/903 1790/1931/903 2470/1931/903 2471/1932/903
f 1792/1933/904 1791/1932/904 2471/1932/904 2472/1933/904
f 1793/1934/905 1792/1933/905 2472/1933/905 2473/1934/905
f 1794/1935/906 1793/1934/906 2473/1934/906 2474/1935/906
f 1795/1922/907 1794/1935/907 2474/1935/907 2475/1922/907
f 1796/1936/908 1795/1922/908 2475/1922/908 2476/1936/908
f 1797/1937/909 1796/1936/909 2476/1936/909 2477/1937/909
f 1798/1938/910 1797/1937/910 2477/1937/910 2478/1938/910
f 1799/1939/911 1798/1938/911 2478/1938/911 2479/1939/911
f 1814/1923/912 1813/1940/912 2493/1940/912 2494/1923/912
f 1800/1941/913 1799/1939/913 2479/1939/913 2480/1941/913
f 1801/1942/914 1800/1941/914 2480/1941/914 2481/1942/914
f 1802/1943/915 1801/1942/915 2481/1942/915 2482/1943/915
f 1813/1940/916 1812/1944/916 2492/1944/916 2493/1940/916
f 1803/1945/917 1802/1943/917 2482/1943/917 2483/1945/917
f 1804/1946/918 1803/1945/918 2483/1945/918 2484/1946/918
f 1812/1944/919 1811/1947/919 2491/1947/919 2492/1944/919
f 1805/1948/920 1804/1946/920 2484/1946/920 2485/1948/920
f 1782/1949/921 1781/1898/921 2461/1898/921 2462/1949/921
f 1783/1924/875 1782/1949/875 2462/1949/875 2463/1924/875
f 1806/1950/922 1805/1948/922 2485/1948/922 2486/1950/922
f 1811/1947/923 1810/1951/923 2490/1951/923 2491/1947/923
f 1807/1952/924 1806/1950/924 2486/1950/924 2487/1952/924
f 1808/1953/873 1807/1952/873 2487/1952/873 2488/1953/873
f 1809/1954/921 1808/1953/921 2488/1953/921 2489/1954/921
f 1810/1951/875 1809/1954/875 2489/1954/875 2490/1951/875
f 1849/1955/925 1848/1957/925 2528/1957/925 2529/1955/925
f 1848/1957/926 1847/1956/926 2527/1956/926 2528/1957/926
f 1847/1956/927 1846/1958/927 2526/1958/927 2527/1956/927
f 1846/1958/928 1845/1959/928 2525/1959/928 2526/1958/928
f 1850/1960/929 1849/1955/929 2529/1955/929 2530/1960/929
f 1845/1959/930 1844/1961/930 2524/1961/930 2525/1959/930
f 1844/1961/931 1843/1962/931 2523/1962/931 2524/1961/931
f 1843/1962/932 1842/1963/932 2522/1963/932 2523/1962/932
f 1851/1964/933 1850/1960/933 2530/1960/933 2531/1964/933
f 1842/1963/934 1841/1965/934 2521/1965/934 2522/1963/934
f 1841/1965/935 1840/1966/935 2520/1966/935 2521/1965/935
f 1840/1966/936 1839/1967/936 2519/1967/936 2520/1966/936
f 1852/1968/937 1851/1964/937 2531/1964/937 2532/1968/937
f 1839/1967/938 1838/1969/938 2518/1969/938 2519/1967/938
f 1838/1969/939 1837/1970/939 2517/1970/939 2518/1969/939
f 1837/1970/940 1836/1899/940 2516/1899/940 2517/1970/940
f 1853/1971/941 1852/1968/941 2532/1968/941 2533/1971/941
f 1926/1973/942 1925/1972/942 2605/1972/942 2606/1973/942
f 1927/1974/943 1926/1973/943 2606/1973/943 2607/1974/943
f 1928/1975/944 1927/1974/944 2607/1974/944 2608/1975/944
f 1929/1976/945 1928/1975/945 2608/1975/945 2609/1976/945
f 1930/1977/946 1929/1976/946 2609/1976/946 2610/1977/946
f 1931/1978/947 1930/1977/947 2610/1977/947 2611/1978/947
f 1932/1979/948 1931/1978/948 2611/1978/948 2612/1979/948
f 1933/1901/949 1932/1979/949 2612/1979/949 2613/1901/949
f 1836/1899/875 1933/1901/875 2613/1901/875 2516/1899/875
f 1854/1980/950 1853/1971/950 2533/1971/950 2534/1980/950
f 1924/1982/951 1923/1981/951 2603/1981/951 2604/1982/951
f 1925/1972/952 1924/1982/952 2604/1982/952 2605/1972/952
f 1855/1983/953 1854/1980/953 2534/1980/953 2535/1983/953
f 1922/1985/954 1921/1984/954 2601/1984/954 2602/1985/954
f 1923/1981/955 1922/1985/955 2602/1985/955 2603/1981/955
f 1921/1984/956 1920/1986/956 2600/1986/956 2601/1984/956
f 1920/1986/957 1919/1987/957 2599/1987/957 2600/1986/957
f 1919/1987/958 1918/1988/958 2598/1988/958 2599/1987/958
f 1856/1989/959 1855/1983/959 2535/1983/959 2536/1989/959
f 1918/1988/960 1917/1990/960 2597/1990/960 2598/1988/960
f 1917/1990/961 1916/1991/961 2596/1991/961 2597/1990/961
f 1916/1991/962 1915/1992/962 2595/1992/962 2596/1991/962
f 1857/1993/963 1856/1989/963 2536/1989/963 2537/1993/963
f 1915/1992/964 1914/1994/964 2594/1994/964 2595/1992/964
f 1914/1994/965 1913/1995/965 2593/1995/965 2594/1994/965
f 1858/1996/966 1857/1993/966 2537/1993/966 2538/1996/966
f 1913/1995/967 1912/1997/967 2592/1997/967 2593/1995/967
f 1912/1997/968 1911/1998/968 2591/1998/968 2592/1997/968
f 1859/1999/969 1858/1996/969 2538/1996/969 2539/1999/969
f 1911/1998/970 1910/2000/970 2590/2000/970 2591/1998/970
f 1860/2001/971 1859/1999/971 2539/1999/971 2540/2001/971
f 1910/2000/972 1909/2002/972 2589/2002/972 2590/2000/972
f 1909/2002/973 1908/2003/973 2588/2003/973 2589/2002/973
f 1861/2004/974 1860/2001/974 2540/2001/974 2541/2004/974
f 1908/2003/975 1907/2005/975 2587/2005/975 2588/2003/975
f 1862/2006/976 1861/2004/976 2541/2004/976 2542/2006/976
f 1907/2005/977 1906/2007/977 2586/2007/977 2587/2005/977
f 1906/2007/978 1905/2008/978 2585/2008/978 2586/2007/978
f 1863/2009/979 1862/2006/979 2542/2006/979 2543/2009/979
f 1905/2008/980 1904/2010/980 2584/2010/980 2585/2008/980
f 1904/2010/981 1903/2011/981 2583/2011/981 2584/2010/981
f 1864/2012/982 1863/2009/982 2543/2009/982 2544/2012/982
f 1903/2011/983 1902/2013/983 2582/2013/983 2583/2011/983
f 1886/2014/984 1885/2016/984 2565/2016/984 2566/2014/984
f 1885/2016/875 1884/2015/875 2564/2015/875 2565/2016/875
f 1902/2013/985 1901/2017/985 2581/2017/985 2582/2013/985
f 1887/2018/986 1886/2014/986 2566/2014/986 2567/2018/986
f 1865/2019/987 1864/2012/987 2544/2012/987 2545/2019/987
f 1888/2020/988 1887/2018/988 2567/2018/988 2568/2020/988
f 1901/2017/989 1900/2021/989 2580/2021/989 2581/2017/989
f 1889/2022/990 1888/2020/990 2568/2020/990 2569/2022/990
f 1890/2023/991 1889/2022/991 2569/2022/991 2570/2023/991
f 1891/2024/992 1890/2023/992 2570/2023/992 2571/2024/992
f 1900/2021/993 1899/2025/993 2579/2025/993 2580/2021/993
f 1892/2026/994 1891/2024/994 2571/2024/994 2572/2026/994
f 1893/2027/995 1892/2026/995 2572/2026/995 2573/2027/995
f 1899/2025/996 1898/2028/996 2578/2028/996 2579/2025/996
f 1894/2029/997 1893/2027/997 2573/2027/997 2574/2029/997
f 1895/2030/998 1894/2029/998 2574/2029/998 2575/2030/998
f 1898/2028/999 1897/2031/999 2577/2031/999 2578/2028/999
f 1896/2032/1000 1895/2030/1000 2575/2030/1000 2576/2032/1000
f 1866/2033/1001 1865/2019/1001 2545/2019/1001 2546/2033/1001
f 1897/2031/1002 1896/2032/1002 2576/2032/1002 2577/2031/1002
f 1867/2034/1003 1866/2033/1003 2546/2033/1003 2547/2034/1003
f 1868/2035/1004 1867/2034/1004 2547/2034/1004 2548/2035/1004
f 1869/2036/1005 1868/2035/1005 2548/2035/1005 2549/2036/1005
f 1884/2015/1006 1883/2037/1006 2563/2037/1006 2564/2015/1006
f 1883/2037/1007 1882/2038/1007 2562/2038/1007 2563/2037/1007
f 1882/2038/1008 1881/2039/1008 2561/2039/1008 2562/2038/1008
f 1870/2040/1009 1869/2036/1009 2549/2036/1009 2550/2040/1009
f 1881/2039/1010 1880/2041/1010 2560/2041/1010 2561/2039/1010
f 1880/2041/1011 1879/2042/1011 2559/2042/1011 2560/2041/1011
f 1879/2042/1012 1878/2043/1012 2558/2043/1012 2559/2042/1012
f 1878/2043/1013 1877/2044/1013 2557/2044/1013 2558/2043/1013
f 1871/2045/1014 1870/2040/1014 2550/2040/1014 2551/2045/1014
f 1877/2044/1015 1876/2046/1015 2556/2046/1015 2557/2044/1015
f 1876/2046/1016 1875/2047/1016 2555/2047/1016 2556/2046/1016
f 1875/2047/1017 1874/2048/1017 2554/2048/1017 2555/2047/1017
f 1872/2049/1018 1871/2045/1018 2551/2045/1018 2552/2049/1018
f 1873/2050/1019 1872/2049/1019 2552/2049/1019 2553/2050/1019
f 1874/2048/1020 1873/2050/1020 2553/2050/1020 2554/2048/1020
f 1972/2051/1021 1971/2053/1021 2651/2053/1021 2652/2051/1021
f 1971/2053/1022 1970/2052/1022 2650/2052/1022 2651/2053/1022
f 1970/2052/1023 1969/1939/1023 2649/1939/1023 2650/2052/1023
f 1973/2054/1024 1972/2051/1024 2652/2051/1024 2653/2054/1024
f 1969/1939/1025 1968/2055/1025 2648/2055/1025 2649/1939/1025
f 1974/2056/1026 1973/2054/1026 2653/2054/1026 2654/2056/1026
f 1968/2055/1027 1967/2057/1027 2647/2057/1027 2648/2055/1027
f 1975/2058/1028 1974/2056/1028 2654/2056/1028 2655/2058/1028
f 1967/2057/1029 1966/2059/1029 2646/2059/1029 2647/2057/1029
f 1976/1945/1030 1975/2058/1030 2655/2058/1030 2656/1945/1030
f 1966/2059/1031 1965/2060/1031 2645/2060/1031 2646/2059/1031
f 1977/2061/1032 1976/1945/1032 2656/1945/1032 2657/2061/1032
f 1965/2060/1033 1964/2062/1033 2644/2062/1033 2645/2060/1033
f 1978/2063/1034 1977/2061/1034 2657/2061/1034 2658/2063/1034
f 2020/2064/1035 2019/2065/1035 2699/2065/1035 2700/2064/1035
f 2021/2066/1036 2020/2064/1036 2700/2064/1036 2701/2066/1036
f 2019/2065/1037 2018/1910/1037 2698/1910/1037 2699/2065/1037
f 2022/2067/1038 2021/2066/1038 2701/2066/1038 2702/2067/1038
f 2018/1910/1039 2017/2068/1039 2697/2068/1039 2698/1910/1039
f 2023/2069/1040 2022/2067/1040 2702/2067/1040 2703/2069/1040
f 1964/2062/1041 1963/2070/1041 2643/2070/1041 2644/2062/1041
f 2017/2068/1042 2016/2071/1042 2696/2071/1042 2697/2068/1042
f 1979/2072/1043 1978/2063/1043 2658/2063/1043 2659/2072/1043
f 2024/2073/1044 2023/2069/1044 2703/2069/1044 2704/2073/1044
f 2016/2071/1045 2015/2074/1045 2695/2074/1045 2696/2071/1045
f 2025/1916/1046 2024/2073/1046 2704/2073/1046 2705/1916/1046
f 2015/2074/1047 2014/2075/1047 2694/2075/1047 2695/2074/1047
f 2026/2076/1048 2025/1916/1048 2705/1916/1048 2706/2076/1048
f 2014/2075/1049 2013/2077/1049 2693/2077/1049 2694/2075/1049
f 2027/2078/1050 2026/2076/1050 2706/2076/1050 2707/2078/1050
f 1980/2079/1051 1979/2072/1051 2659/2072/1051 2660/2079/1051
f 1963/2070/1052 1962/1922/1052 2642/1922/1052 2643/2070/1052
f 2013/2077/1053 2012/2080/1053 2692/2080/1053 2693/2077/1053
f 2028/2081/1054 2027/2078/1054 2707/2078/1054 2708/2081/1054
f 2012/2080/1055 2011/1902/1055 2691/1902/1055 2692/2080/1055
f 2029/2082/1056 2028/2081/1056 2708/2081/1056 2709/2082/1056
f 1981/2083/1057 1980/2079/1057 2660/2079/1057 2661/2083/1057
f 1962/1922/1058 1961/2084/1058 2641/2084/1058 2642/1922/1058
f 2011/1902/1059 2010/2085/1059 2690/2085/1059 2691/1902/1059
f 2030/2086/1060 2029/2082/1060 2709/2082/1060 2710/2086/1060
f 2010/2085/1061 2009/2087/1061 2689/2087/1061 2690/2085/1061
f 2031/2088/1062 2030/2086/1062 2710/2086/1062 2711/2088/1062
f 1982/2089/1063 1981/2083/1063 2661/2083/1063 2662/2089/1063
f 2009/2087/1064 2008/2090/1064 2688/2090/1064 2689/2087/1064
f 1961/2084/1065 1960/2091/1065 2640/2091/1065 2641/2084/1065
f 2032/1901/1066 2031/2088/1066 2711/2088/1066 2712/1901/1066
f 2008/2090/874 2032/1901/874 2712/1901/874 2688/2090/874
f 1983/1952/1067 1982/2089/1067 2662/2089/1067 2663/1952/1067
f 1960/2091/1068 1959/2092/1068 2639/2092/1068 2640/2091/1068
f 1984/2093/1069 1983/1952/1069 2663/1952/1069 2664/2093/1069
f 1959/2092/921 1958/2094/921 2638/2094/921 2639/2092/921
f 1958/2094/1070 1957/2095/1070 2637/2095/1070 2638/2094/1070
f 1985/2096/1071 1984/2093/1071 2664/2093/1071 2665/2096/1071
f 1957/2095/1072 1956/2097/1072 2636/2097/1072 2637/2095/1072
f 1956/2097/1073 1955/1932/1073 2635/1932/1073 2636/2097/1073
f 1986/2098/1074 1985/2096/1074 2665/2096/1074 2666/2098/1074
f 1955/1932/1075 1954/2099/1075 2634/2099/1075 2635/1932/1075
f 1987/2100/1076 1986/2098/1076 2666/2098/1076 2667/2100/1076
f 1954/2099/1077 1953/2101/1077 2633/2101/1077 2634/2099/1077
f 1935/2102/1078 1934/1899/1078 2614/1899/1078 2615/2102/1078
f 1934/1899/875 2007/2103/875 2687/2103/875 2614/1899/875
f 1953/2101/1079 1952/2104/1079 2632/2104/1079 2633/2101/1079
f 1936/2105/1080 1935/2102/1080 2615/2102/1080 2616/2105/1080
f 1937/2106/1081 1936/2105/1081 2616/2105/1081 2617/2106/1081
f 1988/2107/1082 1987/2100/1082 2667/2100/1082 2668/2107/1082
f 1952/2104/1083 1951/2108/1083 2631/2108/1083 2632/2104/1083
f 1938/2109/1084 1937/2106/1084 2617/2106/1084 2618/2109/1084
f 1939/2110/1085 1938/2109/1085 2618/2109/1085 2619/2110/1085
f 1951/2108/1086 1950/2111/1086 2630/2111/1086 2631/2108/1086
f 1940/2112/1087 1939/2110/1087 2619/2110/1087 2620/2112/1087
f 1950/2111/1088 1949/2113/1088 2629/2113/1088 2630/2111/1088
f 1941/1924/1089 1940/2112/1089 2620/2112/1089 2621/1924/1089
f 1989/2114/1090 1988/2107/1090 2668/2107/1090 2669/2114/1090
f 1942/2115/1091 1941/1924/1091 2621/1924/1091 2622/2115/1091
f 1949/2113/1092 1948/1928/1092 2628/1928/1092 2629/2113/1092
f 1943/2116/1093 1942/2115/1093 2622/2115/1093 2623/2116/1093
f 1948/1928/1094 1947/2117/1094 2627/2117/1094 2628/1928/1094
f 1944/2118/1095 1943/2116/1095 2623/2116/1095 2624/2118/1095
f 1945/2119/1096 1944/2118/1096 2624/2118/1096 2625/2119/1096
f 1947/2117/1097 1946/2120/1097 2626/2120/1097 2627/2117/1097
f 1946/2120/1098 1945/2119/1098 2625/2119/1098 2626/2120/1098
f 1990/1947/1099 1989/2114/1099 2669/2114/1099 2670/1947/1099
f 2007/2103/1100 2006/2121/1100 2686/2121/1100 2687/2103/1100
f 1991/2122/1101 1990/1947/1101 2670/1947/1101 2671/2122/1101
f 2006/2121/1102 2005/2123/1102 2685/2123/1102 2686/2121/1102
f 2005/2123/1103 2004/1909/1103 2684/1909/1103 2685/2123/1103
f 1992/2124/1104 1991/2122/1104 2671/2122/1104 2672/2124/1104
f 2004/1909/1105 2003/2125/1105 2683/2125/1105 2684/1909/1105
f 2003/2125/1106 2002/2126/1106 2682/2126/1106 2683/2125/1106
f 1993/2127/1107 1992/2124/1107 2672/2124/1107 2673/2127/1107
f 2002/2126/1108 2001/2128/1108 2681/2128/1108 2682/2126/1108
f 2001/2128/1109 2000/2129/1109 2680/2129/1109 2681/2128/1109
f 1994/2130/1110 1993/2127/1110 2673/2127/1110 2674/2130/1110
f 2000/2129/1111 1999/2131/1111 2679/2131/1111 2680/2129/1111
f 1999/2131/1112 1998/2132/1112 2678/2132/1112 2679/2131/1112
f 1998/2132/1113 1997/1919/1113 2677/1919/1113 2678/2132/1113
f 1995/2133/1114 1994/2130/1114 2674/2130/1114 2675/2133/1114
f 1996/2134/1115 1995/2133/1115 2675/2133/1115 2676/2134/1115
f 1997/1919/1116 1996/2134/1116 2676/2134/1116 2677/1919/1116
f 2035/1922/873 2034/1928/873 2714/1928/873 2715/1922/873
f 2034/1928/874 2033/1899/874 2713/1899/874 2714/1928/874
f 2033/1899/875 2040/1901/875 2720/1901/875 2713/1899/875
f 2036/1945/921 2035/1922/921 2715/1922/921 2716/1945/921
f 2037/1947/873 2036/1945/873 2716/1945/873 2717/1947/873
f 2040/1901/921 2039/1910/921 2719/1910/921 2720/1901/921
f 2038/1909/921 2037/1947/921 2717/1947/921 2718/1909/921
f 2039/1910/875 2038/1909/875 2718/1909/875 2719/1910/875
f 2082/2135/1117 2081/2137/1117 2761/2137/1117 2762/2135/1117
f 2081/2137/1118 2080/2136/1118 2760/2136/1118 2761/2137/1118
f 2080/2136/1119 2079/2138/1119 2759/2138/1119 2760/2136/1119
f 2083/2139/1120 2082/2135/1120 2762/2135/1120 2763/2139/1120
f 2079/2138/1121 2078/2140/1121 2758/2140/1121 2759/2138/1121
f 2084/2141/1122 2083/2139/1122 2763/2139/1122 2764/2141/1122
f 2078/2140/1123 2077/2142/1123 2757/2142/1123 2758/2140/1123
f 2077/2142/1124 2076/2143/1124 2756/2143/1124 2757/2142/1124
f 2085/2144/1125 2084/2141/1125 2764/2141/1125 2765/2144/1125
f 2076/2143/1126 2075/2145/1126 2755/2145/1126 2756/2143/1126
f 2042/2146/873 2041/1899/873 2721/1899/873 2722/2146/873
f 2041/1899/874 2095/1901/874 2775/1901/874 2721/1899/874
f 2095/1901/875 2094/2147/875 2774/2147/875 2775/1901/875
f 2086/2148/1127 2085/2144/1127 2765/2144/1127 2766/2148/1127
f 2075/2145/1128 2074/2149/1128 2754/2149/1128 2755/2145/1128
f 2074/2149/1129 2073/2150/1129 2753/2150/1129 2754/2149/1129
f 2087/2151/1130 2086/2148/1130 2766/2148/1130 2767/2151/1130
f 2073/2150/1131 2072/2152/1131 2752/2152/1131 2753/2150/1131
f 2088/2153/1132 2087/2151/1132 2767/2151/1132 2768/2153/1132
f 2072/2152/1133 2071/2154/1133 2751/2154/1133 2752/2152/1133
f 2071/2154/1134 2070/2155/1134 2750/2155/1134 2751/2154/1134
f 2089/2156/1135 2088/2153/1135 2768/2153/1135 2769/2156/1135
f 2070/2155/1136 2069/2157/1136 2749/2157/1136 2750/2155/1136
f 2090/2158/1137 2089/2156/1137 2769/2156/1137 2770/2158/1137
f 2060/2160/1138 2059/2159/1138 2739/2159/1138 2740/2160/1138
f 2061/2161/1139 2060/2160/1139 2740/2160/1139 2741/2161/1139
f 2062/2162/1140 2061/2161/1140 2741/2161/1140 2742/2162/1140
f 2063/2163/1141 2062/2162/1141 2742/2162/1141 2743/2163/1141
f 2064/2164/1142 2063/2163/1142 2743/2163/1142 2744/2164/1142
f 2065/2165/1143 2064/2164/1143 2744/2164/1143 2745/2165/1143
f 2066/2166/1144 2065/2165/1144 2745/2165/1144 2746/2166/1144
f 2067/2167/1145 2066/2166/1145 2746/2166/1145 2747/2167/1145
f 2068/1952/1146 2067/2167/1146 2747/2167/1146 2748/1952/1146
f 2069/2157/1147 2068/1952/1147 2748/1952/1147 2749/2157/1147
f 2091/2168/1148 2090/2158/1148 2770/2158/1148 2771/2168/1148
f 2058/2170/1149 2057/2169/1149 2737/2169/1149 2738/2170/1149
f 2059/2159/1150 2058/2170/1150 2738/2170/1150 2739/2159/1150
f 2092/2171/1151 2091/2168/1151 2771/2168/1151 2772/2171/1151
f 2056/2173/1152 2055/2172/1152 2735/2172/1152 2736/2173/1152
f 2057/2169/1153 2056/2173/1153 2736/2173/1153 2737/2169/1153
f 2055/2172/1154 2054/2174/1154 2734/2174/1154 2735/2172/1154
f 2054/2174/1155 2053/2175/1155 2733/2175/1155 2734/2174/1155
f 2093/2176/1156 2092/2171/1156 2772/2171/1156 2773/2176/1156
f 2053/2175/1157 2052/2177/1157 2732/2177/1157 2733/2175/1157
f 2052/2177/1158 2051/2178/1158 2731/2178/1158 2732/2177/1158
f 2094/2147/874 2093/2176/874 2773/2176/874 2774/2147/874
f 2048/2180/1159 2047/2179/1159 2727/2179/1159 2728/2180/1159
f 2049/2181/1160 2048/2180/1160 2728/2180/1160 2729/2181/1160
f 2050/2182/1161 2049/2181/1161 2729/2181/1161 2730/2182/1161
f 2051/2178/1162 2050/2182/1162 2730/2182/1162 2731/2178/1162
f 2047/2179/1163 2046/2183/1163 2726/2183/1163 2727/2179/1163
f 2046/2183/1164 2045/2184/1164 2725/2184/1164 2726/2183/1164
f 2045/2184/1165 2044/2185/1165 2724/2185/1165 2725/2184/1165
f 2043/2186/921 2042/2146/921 2722/2146/921 2723/2186/921
f 2044/2185/875 2043/2186/875 2723/2186/875 2724/2185/875
f 2134/2051/1021 2133/2053/1021 2813/2053/1021 2814/2051/1021
f 2133/2053/1022 2132/2052/1022 2812/2052/1022 2813/2053/1022
f 2132/2052/1023 2131/1939/1023 2811/1939/1023 2812/2052/1023
f 2135/2054/1024 2134/2051/1024 2814/2051/1024 2815/2054/1024
f 2131/1939/1025 2130/2055/1025 2810/2055/1025 2811/1939/1025
f 2136/2056/1026 2135/2054/1026 2815/2054/1026 2816/2056/1026
f 2130/2055/1027 2129/2057/1027 2809/2057/1027 2810/2055/1027
f 2137/2058/1028 2136/2056/1028 2816/2056/1028 2817/2058/1028
f 2129/2057/1029 2128/2059/1029 2808/2059/1029 2809/2057/1029
f 2138/1945/1030 2137/2058/1030 2817/2058/1030 2818/1945/1030
f 2128/2059/1031 2127/2060/1031 2807/2060/1031 2808/2059/1031
f 2139/2061/1032 2138/1945/1032 2818/1945/1032 2819/2061/1032
f 2127/2060/1033 2126/2062/1033 2806/2062/1033 2807/2060/1033
f 2140/2063/1034 2139/2061/1034 2819/2061/1034 2820/2063/1034
f 2182/2064/1035 2181/2065/1035 2861/2065/1035 2862/2064/1035
f 2183/2066/1036 2182/2064/1036 2862/2064/1036 2863/2066/1036
f 2181/2065/1037 2180/1910/1037 2860/1910/1037 2861/2065/1037
f 2184/2067/1038 2183/2066/1038 2863/2066/1038 2864/2067/1038
f 2180/1910/1039 2179/2068/1039 2859/2068/1039 2860/1910/1039
f 2185/2069/1040 2184/2067/1040 2864/2067/1040 2865/2069/1040
f 2126/2062/1041 2125/2070/1041 2805/2070/1041 2806/2062/1041
f 2179/2068/1042 2178/2071/1042 2858/2071/1042 2859/2068/1042
f 2141/2072/1043 2140/2063/1043 2820/2063/1043 2821/2072/1043
f 2186/2073/1044 2185/2069/1044 2865/2069/1044 2866/2073/1044
f 2178/2071/1045 2177/2074/1045 2857/2074/1045 2858/2071/1045
f 2187/1916/1046 2186/2073/1046 2866/2073/1046 2867/1916/1046
f 2177/2074/1047 2176/2075/1047 2856/2075/1047 2857/2074/1047
f 2188/2076/1048 2187/1916/1048 2867/1916/1048 2868/2076/1048
f 2176/2075/1049 2175/2077/1049 2855/2077/1049 2856/2075/1049
f 2189/2078/1050 2188/2076/1050 2868/2076/1050 2869/2078/1050
f 2142/2079/1051 2141/2072/1051 2821/2072/1051 2822/2079/1051
f 2125/2070/1052 2124/1922/1052 2804/1922/1052 2805/2070/1052
f 2175/2077/1053 2174/2080/1053 2854/2080/1053 2855/2077/1053
f 2190/2081/1054 2189/2078/1054 2869/2078/1054 2870/2081/1054
f 2174/2080/1055 2173/1902/1055 2853/1902/1055 2854/2080/1055
f 2191/2082/1056 2190/2081/1056 2870/2081/1056 2871/2082/1056
f 2143/2083/1057 2142/2079/1057 2822/2079/1057 2823/2083/1057
f 2124/1922/1058 2123/2084/1058 2803/2084/1058 2804/1922/1058
f 2173/1902/1059 2172/2085/1059 2852/2085/1059 2853/1902/1059
f 2192/2086/1060 2191/2082/1060 2871/2082/1060 2872/2086/1060
f 2172/2085/1061 2171/2087/1061 2851/2087/1061 2852/2085/1061
f 2193/2088/1062 2192/2086/1062 2872/2086/1062 2873/2088/1062
f 2144/2089/1063 2143/2083/1063 2823/2083/1063 2824/2089/1063
f 2171/2087/1064 2170/2090/1064 2850/2090/1064 2851/2087/1064
f 2123/2084/1065 2122/2091/1065 2802/2091/1065 2803/2084/1065
f 2194/1901/1066 2193/2088/1066 2873/2088/1066 2874/1901/1066
f 2170/2090/874 2194/1901/874 2874/1901/874 2850/2090/874
f 2145/1952/1067 2144/2089/1067 2824/2089/1067 2825/1952/1067
f 2122/2091/1068 2121/2092/1068 2801/2092/1068 2802/2091/1068
f 2146/2093/1069 2145/1952/1069 2825/1952/1069 2826/2093/1069
f 2121/2092/921 2120/2094/921 2800/2094/921 2801/2092/921
f 2120/2094/1070 2119/2095/1070 2799/2095/1070 2800/2094/1070
f 2147/2096/1071 2146/2093/1071 2826/2093/1071 2827/2096/1071
f 2119/2095/1072 2118/2097/1072 2798/2097/1072 2799/2095/1072
f 2118/2097/1073 2117/1932/1073 2797/1932/1073 2798/2097/1073
f 2148/2098/1074 2147/2096/1074 2827/2096/1074 2828/2098/1074
f 2117/1932/1075 2116/2099/1075 2796/2099/1075 2797/1932/1075
f 2149/2100/1076 2148/2098/1076 2828/2098/1076 2829/2100/1076
f 2116/2099/1077 2115/2101/1077 2795/2101/1077 2796/2099/1077
f 2097/2102/1078 2096/1899/1078 2776/1899/1078 2777/2102/1078
f 2096/1899/875 2169/2103/875 2849/2103/875 2776/1899/875
f 2115/2101/1079 2114/2104/1079 2794/2104/1079 2795/2101/1079
f 2098/2105/1080 2097/2102/1080 2777/2102/1080 2778/2105/1080
f 2099/2106/1081 2098/2105/1081 2778/2105/1081 2779/2106/1081
f 2150/2107/1082 2149/2100/1082 2829/2100/1082 2830/2107/1082
f 2114/2104/1083 2113/2108/1083 2793/2108/1083 2794/2104/1083
f 2100/2109/1084 2099/2106/1084 2779/2106/1084 2780/2109/1084
f 2101/2110/1085 2100/2109/1085 2780/2109/1085 2781/2110/1085
f 2113/2108/1086 2112/2111/1086 2792/2111/1086 2793/2108/1086
f 2102/2112/1087 2101/2110/1087 2781/2110/1087 2782/2112/1087
f 2112/2111/1088 2111/2113/1088 2791/2113/1088 2792/2111/1088
f 2103/1924/1089 2102/2112/1089 2782/2112/1089 2783/1924/1089
f 2151/2114/1090 2150/2107/1090 2830/2107/1090 2831/2114/1090
f 2104/2115/1091 2103/1924/1091 2783/1924/1091 2784/2115/1091
f 2111/2113/1092 2110/1928/1092 2790/1928/1092 2791/2113/1092
f 2105/2116/1093 2104/2115/1093 2784/2115/1093 2785/2116/1093
f 2110/1928/1094 2109/2117/1094 2789/2117/1094 2790/1928/1094
f 2106/2118/1095 2105/2116/1095 2785/2116/1095 2786/2118/1095
f 2107/2119/1096 2106/2118/1096 2786/2118/1096 2787/2119/1096
f 2109/2117/1097 2108/2120/1097 2788/2120/1097 2789/2117/1097
f 2108/2120/1098 2107/2119/1098 2787/2119/1098 2788/2120/1098
f 2152/1947/1099 2151/2114/1099 2831/2114/1099 2832/1947/1099
f 2169/2103/1166 2168/2121/1166 2848/2121/1166 2849/2103/1166
f 2153/2122/1101 2152/1947/1101 2832/1947/1101 2833/2122/1101
f 2168/2121/1102 2167/2123/1102 2847/2123/1102 2848/2121/1102
f 2167/2123/1103 2166/1909/1103 2846/1909/1103 2847/2123/1103
f 2154/2124/1104 2153/2122/1104 2833/2122/1104 2834/2124/1104
f 2166/1909/1105 2165/2125/1105 2845/2125/1105 2846/1909/1105
f 2165/2125/1106 2164/2126/1106 2844/2126/1106 2845/2125/1106
f 2155/2127/1107 2154/2124/1107 2834/2124/1107 2835/2127/1107
f 2164/2126/1108 2163/2128/1108 2843/2128/1108 2844/2126/1108
f 2163/2128/1109 2162/2129/1109 2842/2129/1109 2843/2128/1109
f 2156/2130/1110 2155/2127/1110 2835/2127/1110 2836/2130/1110
f 2162/2129/1111 2161/2131/1111 2841/2131/1111 2842/2129/1111
f 2161/2131/1112 2160/2132/1112 2840/2132/1112 2841/2131/1112
f 2160/2132/1113 2159/1919/1113 2839/1919/1113 2840/2132/1113
f 2157/2133/1114 2156/2130/1114 2836/2130/1114 2837/2133/1114
f 2158/2134/1115 2157/2133/1115 2837/2133/1115 2838/2134/1115
f 2159/1919/1116 2158/2134/1116 2838/2134/1116 2839/1919/1116
f 2239/1902/876 2238/1904/876 2918/1904/876 2919/1902/876
f 2238/1904/1167 2237/1903/1167 2917/1903/1167 2918/1904/1167
f 2240/1905/878 2239/1902/878 2919/1902/878 2920/1905/878
f 2237/1903/1168 2236/1906/1168 2916/1906/1168 2917/1903/1168
f 2241/1907/880 2240/1905/880 2920/1905/880 2921/1907/880
f 2242/1908/881 2241/1907/881 2921/1907/881 2922/1908/881
f 2236/1906/1169 2235/1909/1169 2915/1909/1169 2916/1906/1169
f 2243/1910/883 2242/1908/883 2922/1908/883 2923/1910/883
f 2197/1898/873 2196/1900/873 2876/1900/873 2877/1898/873
f 2196/1900/874 2195/1899/874 2875/1899/874 2876/1900/874
f 2195/1899/875 2251/1901/875 2931/1901/875 2875/1899/875
f 2235/1909/1170 2234/1911/1170 2914/1911/1170 2915/1909/1170
f 2244/1912/885 2243/1910/885 2923/1910/885 2924/1912/885
f 2245/1913/886 2244/1912/886 2924/1912/886 2925/1913/886
f 2234/1911/1171 2233/1914/1171 2913/1914/1171 2914/1911/1171
f 2246/1915/888 2245/1913/888 2925/1913/888 2926/1915/888
f 2233/1914/1172 2232/1917/1172 2912/1917/1172 2913/1914/1172
f 2247/1916/889 2246/1915/889 2926/1915/889 2927/1916/889
f 2248/1918/891 2247/1916/891 2927/1916/891 2928/1918/891
f 2232/1917/1173 2231/1919/1173 2911/1919/1173 2912/1917/1173
f 2249/1920/893 2248/1918/893 2928/1918/893 2929/1920/893
f 2250/1921/894 2249/1920/894 2929/1920/894 2930/1921/894
f 2231/1919/1174 2230/1923/1174 2910/1923/1174 2911/1919/1174
f 2251/1901/874 2250/1921/874 2930/1921/874 2931/1901/874
f 2200/1925/896 2199/1924/896 2879/1924/896 2880/1925/896
f 2201/1926/897 2200/1925/897 2880/1925/897 2881/1926/897
f 2202/1927/898 2201/1926/898 2881/1926/898 2882/1927/898
f 2203/1928/899 2202/1927/899 2882/1927/899 2883/1928/899
f 2204/1929/900 2203/1928/900 2883/1928/900 2884/1929/900
f 2205/1930/901 2204/1929/901 2884/1929/901 2885/1930/901
f 2206/1931/902 2205/1930/902 2885/1930/902 2886/1931/902
f 2207/1932/903 2206/1931/903 2886/1931/903 2887/1932/903
f 2208/1933/904 2207/1932/904 2887/1932/904 2888/1933/904
f 2209/1934/905 2208/1933/905 2888/1933/905 2889/1934/905
f 2210/1935/906 2209/1934/906 2889/1934/906 2890/1935/906
f 2211/1922/907 2210/1935/907 2890/1935/907 2891/1922/907
f 2212/1936/908 2211/1922/908 2891/1922/908 2892/1936/908
f 2213/1937/909 2212/1936/909 2892/1936/909 2893/1937/909
f 2214/1938/910 2213/1937/910 2893/1937/910 2894/1938/910
f 2215/1939/911 2214/1938/911 2894/1938/911 2895/1939/911
f 2230/1923/1175 2229/1940/1175 2909/1940/1175 2910/1923/1175
f 2216/1941/913 2215/1939/913 2895/1939/913 2896/1941/913
f 2217/1942/914 2216/1941/914 2896/1941/914 2897/1942/914
f 2218/1943/915 2217/1942/915 2897/1942/915 2898/1943/915
f 2229/1940/1176 2228/1944/1176 2908/1944/1176 2909/1940/1176
f 2219/1945/917 2218/1943/917 2898/1943/917 2899/1945/917
f 2220/1946/918 2219/1945/918 2899/1945/918 2900/1946/918
f 2228/1944/1177 2227/1947/1177 2907/1947/1177 2908/1944/1177
f 2221/1948/920 2220/1946/920 2900/1946/920 2901/1948/920
f 2198/1949/921 2197/1898/921 2877/1898/921 2878/1949/921
f 2199/1924/875 2198/1949/875 2878/1949/875 2879/1924/875
f 2222/1950/922 2221/1948/922 2901/1948/922 2902/1950/922
f 2227/1947/1178 2226/1951/1178 2906/1951/1178 2907/1947/1178
f 2223/1952/924 2222/1950/924 2902/1950/924 2903/1952/924
f 2224/1953/873 2223/1952/873 2903/1952/873 2904/1953/873
f 2225/1954/921 2224/1953/921 2904/1953/921 2905/1954/921
f 2226/1951/875 2225/1954/875 2905/1954/875 2906/1951/875
f 2296/1902/876 2295/1904/876 2975/1904/876 2976/1902/876
f 2295/1904/1167 2294/1903/1167 2974/1903/1167 2975/1904/1167
f 2297/1905/878 2296/1902/878 2976/1902/878 2977/1905/878
f 2294/1903/1168 2293/1906/1168 2973/1906/1168 2974/1903/1168
f 2298/1907/880 2297/1905/880 2977/1905/880 2978/1907/880
f 2299/1908/881 2298/1907/881 2978/1907/881 2979/1908/881
f 2293/1906/1169 2292/1909/1169 2972/1909/1169 2973/1906/1169
f 2300/1910/883 2299/1908/883 2979/1908/883 2980/1910/883
f 2254/1898/873 2253/1900/873 2933/1900/873 2934/1898/873
f 2253/1900/874 2252/1899/874 2932/1899/874 2933/1900/874
f 2252/1899/875 2308/1901/875 2988/1901/875 2932/1899/875
f 2292/1909/1170 2291/1911/1170 2971/1911/1170 2972/1909/1170
f 2301/1912/885 2300/1910/885 2980/1910/885 2981/1912/885
f 2302/1913/886 2301/1912/886 2981/1912/886 2982/1913/886
f 2291/1911/1171 2290/1914/1171 2970/1914/1171 2971/1911/1171
f 2303/1915/888 2302/1913/888 2982/1913/888 2983/1915/888
f 2290/1914/1172 2289/1917/1172 2969/1917/1172 2970/1914/1172
f 2304/1916/889 2303/1915/889 2983/1915/889 2984/1916/889
f 2305/1918/891 2304/1916/891 2984/1916/891 2985/1918/891
f 2289/1917/1173 2288/1919/1173 2968/1919/1173 2969/1917/1173
f 2306/1920/893 2305/1918/893 2985/1918/893 2986/1920/893
f 2307/1921/894 2306/1920/894 2986/1920/894 2987/1921/894
f 2288/1919/1174 2287/1923/1174 2967/1923/1174 2968/1919/1174
f 2308/1901/874 2307/1921/874 2987/1921/874 2988/1901/874
f 2257/1925/896 2256/1924/896 2936/1924/896 2937/1925/896
f 2258/1926/897 2257/1925/897 2937/1925/897 2938/1926/897
f 2259/1927/898 2258/1926/898 2938/1926/898 2939/1927/898
f 2260/1928/899 2259/1927/899 2939/1927/899 2940/1928/899
f 2261/1929/900 2260/1928/900 2940/1928/900 2941/1929/900
f 2262/1930/901 2261/1929/901 2941/1929/901 2942/1930/901
f 2263/1931/902 2262/1930/902 2942/1930/902 2943/1931/902
f 2264/1932/903 2263/1931/903 2943/1931/903 2944/1932/903
f 2265/1933/904 2264/1932/904 2944/1932/904 2945/1933/904
f 2266/1934/905 2265/1933/905 2945/1933/905 2946/1934/905
f 2267/1935/906 2266/1934/906 2946/1934/906 2947/1935/906
f 2268/1922/907 2267/1935/907 2947/1935/907 2948/1922/907
f 2269/1936/908 2268/1922/908 2948/1922/908 2949/1936/908
f 2270/1937/909 2269/1936/909 2949/1936/909 2950/1937/909
f 2271/1938/910 2270/1937/910 2950/1937/910 2951/1938/910
f 2272/1939/911 2271/1938/911 2951/1938/911 2952/1939/911
f 2287/1923/1175 2286/1940/1175 2966/1940/1175 2967/1923/1175
f 2273/1941/913 2272/1939/913 2952/1939/913 2953/1941/913
f 2274/1942/914 2273/1941/914 2953/1941/914 2954/1942/914
f 2275/1943/915 2274/1942/915 2954/1942/915 2955/1943/915
f 2286/1940/1176 2285/1944/1176 2965/1944/1176 2966/1940/1176
f 2276/1945/917 2275/1943/917 2955/1943/917 2956/1945/917
f 2277/1946/918 2276/1945/918 2956/1945/918 2957/1946/918
f 2285/1944/1177 2284/1947/1177 2964/1947/1177 2965/1944/1177
f 2278/1948/920 2277/1946/920 2957/1946/920 2958/1948/920
f 2255/1949/921 2254/1898/921 2934/1898/921 2935/1949/921
f 2256/1924/875 2255/1949/875 2935/1949/875 2936/1924/875
f 2279/1950/922 2278/1948/922 2958/1948/922 2959/1950/922
f 2284/1947/1178 2283/1951/1178 2963/1951/1178 2964/1947/1178
f 2280/1952/924 2279/1950/924 2959/1950/924 2960/1952/924
f 2281/1953/873 2280/1952/873 2960/1952/873 2961/1953/873
f 2282/1954/921 2281/1953/921 2961/1953/921 2962/1954/921
f 2283/1951/875 2282/1954/875 2962/1954/875 2963/1951/875
f 2310/2187/1179 2309/1899/1179 2989/1899/1179 2990/2187/1179
f 2309/1899/1180 2356/2188/1180 3036/2188/1180 2989/1899/1180
f 2356/2188/1181 2355/2189/1181 3035/2189/1181 3036/2188/1181
f 2311/2190/1182 2310/2187/1182 2990/2187/1182 2991/2190/1182
f 2355/2189/1183 2354/2191/1183 3034/2191/1183 3035/2189/1183
f 2312/2192/1184 2311/2190/1184 2991/2190/1184 2992/2192/1184
f 2354/2191/1185 2353/2193/1185 3033/2193/1185 3034/2191/1185
f 2313/2194/1186 2312/2192/1186 2992/2192/1186 2993/2194/1186
f 2353/2193/1187 2352/2195/1187 3032/2195/1187 3033/2193/1187
f 2314/2196/1188 2313/2194/1188 2993/2194/1188 2994/2196/1188
f 2352/2195/1189 2351/2197/1189 3031/2197/1189 3032/2195/1189
f 2315/2198/1190 2314/2196/1190 2994/2196/1190 2995/2198/1190
f 2351/2197/1191 2350/2199/1191 3030/2199/1191 3031/2197/1191
f 2316/2200/1192 2315/2198/1192 2995/2198/1192 2996/2200/1192
f 2357/2201/1193 2404/1901/1193 3084/1901/1193 3037/2201/1193
f 2358/2202/1194 2357/2201/1194 3037/2201/1194 3038/2202/1194
f 2404/1901/1195 2403/2203/1195 3083/2203/1195 3084/1901/1195
f 2359/2204/1038 2358/2202/1038 3038/2202/1038 3039/2204/1038
f 2403/2203/1196 2402/2205/1196 3082/2205/1196 3083/2203/1196
f 2360/2206/1197 2359/2204/1197 3039/2204/1197 3040/2206/1197
f 2350/2199/1198 2349/2207/1198 3029/2207/1198 3030/2199/1198
f 2317/2208/1199 2316/2200/1199 2996/2200/1199 2997/2208/1199
f 2402/2205/1200 2401/2209/1200 3081/2209/1200 3082/2205/1200
f 2361/2210/1201 2360/2206/1201 3040/2206/1201 3041/2210/1201
f 2401/2209/1202 2400/2211/1202 3080/2211/1202 3081/2209/1202
f 2362/2212/1203 2361/2210/1203 3041/2210/1203 3042/2212/1203
f 2400/2211/1204 2399/2213/1204 3079/2213/1204 3080/2211/1204
f 2363/2214/1205 2362/2212/1205 3042/2212/1205 3043/2214/1205
f 2349/2207/1206 2348/2215/1206 3028/2215/1206 3029/2207/1206
f 2318/2216/1207 2317/2208/1207 2997/2208/1207 2998/2216/1207
f 2399/2213/1208 2398/2217/1208 3078/2217/1208 3079/2213/1208
f 2364/2218/1209 2363/2214/1209 3043/2214/1209 3044/2218/1209
f 2398/2217/1210 2397/2219/1210 3077/2219/1210 3078/2217/1210
f 2365/2220/1211 2364/2218/1211 3044/2218/1211 3045/2220/1211
f 2348/2215/1212 2347/2221/1212 3027/2221/1212 3028/2215/1212
f 2319/2222/1213 2318/2216/1213 2998/2216/1213 2999/2222/1213
f 2397/2219/1214 2396/2223/1214 3076/2223/1214 3077/2219/1214
f 2366/2224/1215 2365/2220/1215 3045/2220/1215 3046/2224/1215
f 2347/2221/1216 2346/2225/1216 3026/2225/1216 3027/2221/1216
f 2320/2226/1217 2319/2222/1217 2999/2222/1217 3000/2226/1217
f 2396/2223/1218 2395/2227/1218 3075/2227/1218 3076/2223/1218
f 2367/2228/1219 2366/2224/1219 3046/2224/1219 3047/2228/1219
f 2395/2227/1220 2394/2229/1220 3074/2229/1220 3075/2227/1220
f 2368/2230/1221 2367/2228/1221 3047/2228/1221 3048/2230/1221
f 2346/2225/1222 2345/2231/1222 3025/2231/1222 3026/2225/1222
f 2321/2232/1223 2320/2226/1223 3000/2226/1223 3001/2232/1223
f 2394/2229/1224 2393/2233/1224 3073/2233/1224 3074/2229/1224
f 2369/2234/1225 2368/2230/1225 3048/2230/1225 3049/2234/1225
f 2322/2235/1226 2321/2232/1226 3001/2232/1226 3002/2235/1226
f 2393/2233/1227 2392/2236/1227 3072/2236/1227 3073/2233/1227
f 2345/2231/1228 2344/2237/1228 3024/2237/1228 3025/2231/1228
f 2370/2238/1229 2369/2234/1229 3049/2234/1229 3050/2238/1229
f 2392/2236/1230 2391/2239/1230 3071/2239/1230 3072/2236/1230
f 2371/2240/1231 2370/2238/1231 3050/2238/1231 3051/2240/1231
f 2323/2241/1232 2322/2235/1232 3002/2235/1232 3003/2241/1232
f 2344/2237/1233 2343/2242/1233 3023/2242/1233 3024/2237/1233
f 2391/2239/1234 2390/2243/1234 3070/2243/1234 3071/2239/1234
f 2372/2244/1235 2371/2240/1235 3051/2240/1235 3052/2244/1235
f 2390/2243/1236 2389/2245/1236 3069/2245/1236 3070/2243/1236
f 2324/2246/1237 2323/2241/1237 3003/2241/1237 3004/2246/1237
f 2373/2247/1238 2372/2244/1238 3052/2244/1238 3053/2247/1238
f 2343/2242/1239 2342/2248/1239 3022/2248/1239 3023/2242/1239
f 2389/2245/1240 2388/2249/1240 3068/2249/1240 3069/2245/1240
f 2374/2250/1241 2373/2247/1241 3053/2247/1241 3054/2250/1241
f 2325/2251/1242 2324/2246/1242 3004/2246/1242 3005/2251/1242
f 2342/2248/1243 2341/2252/1243 3021/2252/1243 3022/2248/1243
f 2388/2249/1244 2387/2253/1244 3067/2253/1244 3068/2249/1244
f 2375/2254/1245 2374/2250/1245 3054/2250/1245 3055/2254/1245
f 2387/2253/1246 2386/2255/1246 3066/2255/1246 3067/2253/1246
f 2376/2256/1247 2375/2254/1247 3055/2254/1247 3056/2256/1247
f 2326/2257/1248 2325/2251/1248 3005/2251/1248 3006/2257/1248
f 2341/2252/1249 2340/2258/1249 3020/2258/1249 3021/2252/1249
f 2386/2255/1250 2385/2259/1250 3065/2259/1250 3066/2255/1250
f 2377/2260/1251 2376/2256/1251 3056/2256/1251 3057/2260/1251
f 2385/2259/1252 2384/2261/1252 3064/2261/1252 3065/2259/1252
f 2378/2262/1253 2377/2260/1253 3057/2260/1253 3058/2262/1253
f 2384/2261/1254 2383/2263/1254 3063/2263/1254 3064/2261/1254
f 2379/2264/1255 2378/2262/1255 3058/2262/1255 3059/2264/1255
f 2327/2265/1256 2326/2257/1256 3006/2257/1256 3007/2265/1256
f 2340/2258/1257 2339/2266/1257 3019/2266/1257 3020/2258/1257
f 2383/2263/1258 2382/2267/1258 3062/2267/1258 3063/2263/1258
f 2380/2268/1259 2379/2264/1259 3059/2264/1259 3060/2268/1259
f 2382/2267/1260 2381/2269/1260 3061/2269/1260 3062/2267/1260
f 2381/2269/1261 2380/2268/1261 3060/2268/1261 3061/2269/1261
f 2328/2270/1262 2327/2265/1262 3007/2265/1262 3008/2270/1262
f 2339/2266/1263 2338/2271/1263 3018/2271/1263 3019/2266/1263
f 2329/2272/1264 2328/2270/1264 3008/2270/1264 3009/2272/1264
f 2338/2271/1265 2337/2273/1265 3017/2273/1265 3018/2271/1265
f 2330/2274/1266 2329/2272/1266 3009/2272/1266 3010/2274/1266
f 2337/2273/1267 2336/2275/1267 3016/2275/1267 3017/2273/1267
f 2331/2276/1268 2330/2274/1268 3010/2274/1268 3011/2276/1268
f 2336/2275/1269 2335/2277/1269 3015/2277/1269 3016/2275/1269
f 2332/2278/1270 2331/2276/1270 3011/2276/1270 3012/2278/1270
f 2335/2277/1271 2334/2279/1271 3014/2279/1271 3015/2277/1271
f 2333/2280/1272 2332/2278/1272 3012/2278/1272 3013/2280/1272
f 2334/2279/1273 2333/2280/1273 3013/2280/1273 3014/2279/1273
f 2405/1899/873 2431/2282/873 3111/2282/873 3085/1899/873
f 2431/2282/874 2430/2283/874 3110/2283/874 3111/2282/874
f 2430/2283/1274 2429/2284/1274 3109/2284/1274 3110/2283/1274
f 2429/2284/1275 2428/2285/1275 3108/2285/1275 3109/2284/1275
f 2428/2285/1025 2427/2286/1025 3107/2286/1025 3108/2285/1025
f 2427/2286/1276 2426/2287/1276 3106/2287/1276 3107/2286/1276
f 2426/2287/1277 2425/2288/1277 3105/2288/1277 3106/2287/1277
f 2433/2289/921 2432/2281/921 3112/2281/921 3113/2289/921
f 2434/2290/1278 2433/2289/1278 3113/2289/1278 3114/2290/1278
f 2425/2288/1279 2424/2291/1279 3104/2291/1279 3105/2288/1279
f 2432/2281/875 2458/1901/875 3138/1901/875 3112/2281/875
f 2435/2292/1280 2434/2290/1280 3114/2290/1280 3115/2292/1280
f 2436/2293/1281 2435/2292/1281 3115/2292/1281 3116/2293/1281
f 2437/2294/1282 2436/2293/1282 3116/2293/1282 3117/2294/1282
f 2424/2291/1283 2423/2295/1283 3103/2295/1283 3104/2291/1283
f 2438/2296/1284 2437/2294/1284 3117/2294/1284 3118/2296/1284
f 2439/2297/1285 2438/2296/1285 3118/2296/1285 3119/2297/1285
f 2423/2295/1286 2422/2298/1286 3102/2298/1286 3103/2295/1286
f 2440/2299/1287 2439/2297/1287 3119/2297/1287 3120/2299/1287
f 2422/2298/1288 2421/2300/1288 3101/2300/1288 3102/2298/1288
f 2441/2301/1289 2440/2299/1289 3120/2299/1289 3121/2301/1289
f 2442/2302/1290 2441/2301/1290 3121/2301/1290 3122/2302/1290
f 2421/2300/1291 2420/2303/1291 3100/2303/1291 3101/2300/1291
f 2443/2304/1292 2442/2302/1292 3122/2302/1292 3123/2304/1292
f 2420/2303/1293 2419/2305/1293 3099/2305/1293 3100/2303/1293
f 2444/2306/1294 2443/2304/1294 3123/2304/1294 3124/2306/1294
f 2419/2305/1295 2418/2307/1295 3098/2307/1295 3099/2305/1295
f 2445/2308/1296 2444/2306/1296 3124/2306/1296 3125/2308/1296
f 2446/2309/1297 2445/2308/1297 3125/2308/1297 3126/2309/1297
f 2418/2307/1298 2417/2310/1298 3097/2310/1298 3098/2307/1298
f 2447/2311/1299 2446/2309/1299 3126/2309/1299 3127/2311/1299
f 2417/2310/1300 2416/2312/1300 3096/2312/1300 3097/2310/1300
f 2448/2313/1301 2447/2311/1301 3127/2311/1301 3128/2313/1301
f 2449/2314/1302 2448/2313/1302 3128/2313/1302 3129/2314/1302
f 2416/2312/1303 2415/2315/1303 3095/2315/1303 3096/2312/1303
f 2450/2316/1304 2449/2314/1304 3129/2314/1304 3130/2316/1304
f 2415/2315/1305 2414/2317/1305 3094/2317/1305 3095/2315/1305
f 2451/2318/1306 2450/2316/1306 3130/2316/1306 3131/2318/1306
f 2452/2319/1307 2451/2318/1307 3131/2318/1307 3132/2319/1307
f 2414/2317/1308 2413/2320/1308 3093/2320/1308 3094/2317/1308
f 2453/2321/1309 2452/2319/1309 3132/2319/1309 3133/2321/1309
f 2413/2320/1310 2412/2322/1310 3092/2322/1310 3093/2320/1310
f 2454/2323/1311 2453/2321/1311 3133/2321/1311 3134/2323/1311
f 2455/2324/1312 2454/2323/1312 3134/2323/1312 3135/2324/1312
f 2412/2322/1313 2411/2325/1313 3091/2325/1313 3092/2322/1313
f 2456/2326/1314 2455/2324/1314 3135/2324/1314 3136/2326/1314
f 2457/2327/1315 2456/2326/1315 3136/2326/1315 3137/2327/1315
f 2458/1901/874 2457/2327/874 3137/2327/874 3138/1901/874
f 2411/2325/1316 2410/2328/1316 3090/2328/1316 3091/2325/1316
f 2410/2328/1317 2409/2329/1317 3089/2329/1317 3090/2328/1317
f 2409/2329/1318 2408/2330/1318 3088/2330/1318 3089/2329/1318
f 2408/2330/1319 2407/2331/1319 3087/2331/1319 3088/2330/1319
f 2406/2332/921 2405/1899/921 3085/1899/921 3086/2332/921
f 2407/2331/1320 2406/2332/1320 3086/2332/1320 3087/2331/1320
o Cylinder.001
v -0.105483 -0.003403 -0.001784
v -0.105134 -0.003403 -0.001749
v -0.104800 -0.003403 -0.001648
v -0.104491 -0.003403 -0.001483
v -0.104220 -0.003403 -0.001261
v -0.103998 -0.003403 -0.000990
v -0.103834 -0.003403 -0.000682
v -0.103732 -0.003403 -0.000347
v -0.103698 -0.003403 0.000001
v -0.103732 -0.003403 0.000350
v -0.103834 -0.003403 0.000684
v -0.103998 -0.003403 0.000993
v -0.104220 -0.003403 0.001263
v -0.104491 -0.003403 0.001485
v -0.104800 -0.003403 0.001650
v -0.105134 -0.003403 0.001752
v -0.105483 -0.003403 0.001786
v -0.105831 -0.003403 0.001752
v -0.106166 -0.003403 0.001650
v -0.106474 -0.003403 0.001485
v -0.106745 -0.003403 0.001263
v -0.106967 -0.003403 0.000993
v -0.107132 -0.003403 0.000684
v -0.107233 -0.003403 0.000350
v -0.107268 -0.003403 0.000001
v -0.107233 -0.003403 -0.000347
v -0.107132 -0.003403 -0.000682
v -0.106967 -0.003403 -0.000990
v -0.106745 -0.003403 -0.001261
v -0.106474 -0.003403 -0.001483
v -0.106166 -0.003403 -0.001648
v -0.105831 -0.003403 -0.001749
v -0.105483 -0.013027 -0.000879
v -0.105483 -0.011947 -0.001784
v -0.105483 -0.012945 -0.001224
v -0.105483 -0.012711 -0.001517
v -0.105483 -0.012361 -0.001714
v -0.105311 -0.013027 -0.000862
v -0.105134 -0.011947 -0.001749
v -0.105244 -0.012945 -0.001201
v -0.105186 -0.012711 -0.001488
v -0.105148 -0.012361 -0.001681
v -0.105146 -0.013027 -0.000812
v -0.104800 -0.011947 -0.001648
v -0.105014 -0.012945 -0.001131
v -0.104902 -0.012711 -0.001401
v -0.104826 -0.012361 -0.001583
v -0.104993 -0.013027 -0.000731
v -0.104491 -0.011947 -0.001483
v -0.104802 -0.012945 -0.001018
v -0.104639 -0.012711 -0.001261
v -0.104530 -0.012361 -0.001425
v -0.104860 -0.013027 -0.000621
v -0.104220 -0.011947 -0.001261
v -0.104616 -0.012945 -0.000865
v -0.104409 -0.012711 -0.001072
v -0.104270 -0.012361 -0.001211
v -0.104750 -0.013027 -0.000488
v -0.103998 -0.011947 -0.000990
v -0.104464 -0.012945 -0.000679
v -0.104220 -0.012711 -0.000842
v -0.104057 -0.012361 -0.000951
v -0.104669 -0.013027 -0.000336
v -0.103834 -0.011947 -0.000682
v -0.104351 -0.012945 -0.000468
v -0.104080 -0.012711 -0.000580
v -0.103898 -0.012361 -0.000655
v -0.104619 -0.013027 -0.000171
v -0.103732 -0.011947 -0.000347
v -0.104281 -0.012945 -0.000238
v -0.103993 -0.012711 -0.000295
v -0.103801 -0.012361 -0.000333
v -0.104602 -0.013027 0.000001
v -0.103698 -0.011947 0.000001
v -0.104257 -0.012945 0.000001
v -0.103964 -0.012711 0.000001
v -0.103768 -0.012361 0.000001
v -0.104619 -0.013027 0.000173
v -0.103732 -0.011947 0.000350
v -0.104281 -0.012945 0.000240
v -0.103993 -0.012711 0.000298
v -0.103801 -0.012361 0.000336
v -0.104669 -0.013027 0.000338
v -0.103834 -0.011947 0.000684
v -0.104351 -0.012945 0.000470
v -0.104080 -0.012711 0.000582
v -0.103898 -0.012361 0.000658
v -0.104750 -0.013027 0.000491
v -0.103998 -0.011947 0.000993
v -0.104464 -0.012945 0.000682
v -0.104220 -0.012711 0.000845
v -0.104057 -0.012361 0.000954
v -0.104860 -0.013027 0.000624
v -0.104220 -0.011947 0.001263
v -0.104616 -0.012945 0.000868
v -0.104409 -0.012711 0.001075
v -0.104270 -0.012361 0.001214
v -0.104993 -0.013027 0.000734
v -0.104491 -0.011947 0.001485
v -0.104802 -0.012945 0.001020
v -0.104639 -0.012711 0.001264
v -0.104530 -0.012361 0.001427
v -0.105146 -0.013027 0.000815
v -0.104800 -0.011947 0.001650
v -0.105014 -0.012945 0.001133
v -0.104902 -0.012711 0.001404
v -0.104826 -0.012361 0.001586
v -0.105311 -0.013027 0.000865
v -0.105134 -0.011947 0.001752
v -0.105244 -0.012945 0.001203
v -0.105186 -0.012711 0.001490
v -0.105148 -0.012361 0.001683
v -0.105483 -0.013027 0.000882
v -0.105483 -0.011947 0.001786
v -0.105483 -0.012945 0.001227
v -0.105483 -0.012711 0.001520
v -0.105483 -0.012361 0.001716
v -0.105654 -0.013027 0.000865
v -0.105831 -0.011947 0.001752
v -0.105722 -0.012945 0.001203
v -0.105779 -0.012711 0.001490
v -0.105817 -0.012361 0.001683
v -0.105820 -0.013027 0.000815
v -0.106166 -0.011947 0.001650
v -0.105952 -0.012945 0.001133
v -0.106064 -0.012711 0.001404
v -0.106139 -0.012361 0.001586
v -0.105972 -0.013027 0.000734
v -0.106474 -0.011947 0.001485
v -0.106163 -0.012945 0.001020
v -0.106326 -0.012711 0.001264
v -0.106435 -0.012361 0.001427
v -0.106105 -0.013027 0.000624
v -0.106745 -0.011947 0.001263
v -0.106349 -0.012945 0.000868
v -0.106556 -0.012711 0.001075
v -0.106695 -0.012361 0.001214
v -0.106215 -0.013027 0.000491
v -0.106967 -0.011947 0.000993
v -0.106502 -0.012945 0.000682
v -0.106745 -0.012711 0.000845
v -0.106908 -0.012361 0.000954
v -0.106296 -0.013027 0.000338
v -0.107132 -0.011947 0.000684
v -0.106615 -0.012945 0.000470
v -0.106885 -0.012711 0.000582
v -0.107067 -0.012361 0.000658
v -0.106346 -0.013027 0.000173
v -0.107233 -0.011947 0.000350
v -0.106684 -0.012945 0.000240
v -0.106972 -0.012711 0.000298
v -0.107165 -0.012361 0.000336
v -0.106363 -0.013027 0.000001
v -0.107268 -0.011947 0.000001
v -0.106708 -0.012945 0.000001
v -0.107001 -0.012711 0.000001
v -0.107197 -0.012361 0.000001
v -0.106346 -0.013027 -0.000171
v -0.107233 -0.011947 -0.000347
v -0.106684 -0.012945 -0.000238
v -0.106972 -0.012711 -0.000295
v -0.107165 -0.012361 -0.000333
v -0.106296 -0.013027 -0.000336
v -0.107132 -0.011947 -0.000682
v -0.106615 -0.012945 -0.000468
v -0.106885 -0.012711 -0.000580
v -0.107067 -0.012361 -0.000655
v -0.106215 -0.013027 -0.000488
v -0.106967 -0.011947 -0.000990
v -0.106502 -0.012945 -0.000679
v -0.106745 -0.012711 -0.000842
v -0.106908 -0.012361 -0.000951
v -0.106105 -0.013027 -0.000621
v -0.106745 -0.011947 -0.001261
v -0.106349 -0.012945 -0.000865
v -0.106556 -0.012711 -0.001072
v -0.106695 -0.012361 -0.001211
v -0.105972 -0.013027 -0.000731
v -0.106474 -0.011947 -0.001483
v -0.106163 -0.012945 -0.001018
v -0.106326 -0.012711 -0.001261
v -0.106435 -0.012361 -0.001425
v -0.105820 -0.013027 -0.000812
v -0.106166 -0.011947 -0.001648
v -0.105952 -0.012945 -0.001131
v -0.106064 -0.012711 -0.001401
v -0.106139 -0.012361 -0.001583
v -0.105654 -0.013027 -0.000862
v -0.105831 -0.011947 -0.001749
v -0.105722 -0.012945 -0.001201
v -0.105779 -0.012711 -0.001488
v -0.105817 -0.012361 -0.001681
vn -0.0980 -0.0000 -0.9952
vn 0.4714 -0.0000 -0.8819
vn 0.6344 -0.0000 -0.7730
vn 0.7730 -0.0000 -0.6344
vn 0.8819 -0.0000 -0.4714
vn 0.9569 -0.0000 -0.2903
vn 0.9952 -0.0000 -0.0980
vn 0.9952 -0.0000 0.0980
vn 0.9569 -0.0000 0.2903
vn 0.8819 -0.0000 0.4714
vn 0.7730 -0.0000 0.6344
vn 0.6344 -0.0000 0.7730
vn 0.4714 -0.0000 0.8819
vn 0.2903 -0.0000 0.9569
vn 0.0980 -0.0000 0.9952
vn -0.0980 -0.0000 0.9952
vn -0.2903 -0.0000 0.9569
vn -0.4714 -0.0000 0.8819
vn -0.6344 -0.0000 0.7730
vn -0.7730 -0.0000 0.6344
vn -0.8819 -0.0000 0.4714
vn -0.9569 -0.0000 0.2903
vn -0.9952 -0.0000 0.0980
vn -0.9952 -0.0000 -0.0980
vn -0.9569 -0.0000 -0.2903
vn -0.8819 -0.0000 -0.4714
vn -0.7730 -0.0000 -0.6344
vn -0.6344 -0.0000 -0.7730
vn -0.4714 -0.0000 -0.8819
vn -0.2903 -0.0000 -0.9569
vn -0.0000 1.0000 -0.0000
vn 0.2903 -0.0000 -0.9569
vn 0.0980 -0.0000 -0.9952
vn 0.0966 -0.1666 -0.9813
vn 0.0856 -0.4874 -0.8690
vn 0.0614 -0.7797 -0.6231
vn 0.0228 -0.9725 -0.2319
vn 0.2862 -0.1666 -0.9436
vn 0.2535 -0.4874 -0.8356
vn 0.1818 -0.7797 -0.5992
vn 0.0676 -0.9725 -0.2230
vn 0.4648 -0.1666 -0.8696
vn 0.4116 -0.4874 -0.7701
vn 0.2952 -0.7797 -0.5522
vn 0.1098 -0.9725 -0.2055
vn 0.6255 -0.1666 -0.7622
vn 0.5540 -0.4874 -0.6750
vn 0.3972 -0.7797 -0.4840
vn 0.1478 -0.9725 -0.1801
vn 0.7622 -0.1666 -0.6255
vn 0.6750 -0.4874 -0.5540
vn 0.4840 -0.7797 -0.3972
vn 0.1801 -0.9725 -0.1478
vn 0.8696 -0.1666 -0.4648
vn 0.7701 -0.4874 -0.4116
vn 0.5522 -0.7797 -0.2952
vn 0.2055 -0.9725 -0.1099
vn 0.9436 -0.1666 -0.2862
vn 0.8356 -0.4874 -0.2535
vn 0.5992 -0.7797 -0.1818
vn 0.2230 -0.9725 -0.0676
vn 0.9813 -0.1666 -0.0966
vn 0.8690 -0.4874 -0.0856
vn 0.6232 -0.7797 -0.0614
vn 0.2319 -0.9725 -0.0228
vn 0.9813 -0.1666 0.0966
vn 0.8690 -0.4874 0.0856
vn 0.6232 -0.7797 0.0614
vn 0.2319 -0.9725 0.0228
vn 0.9436 -0.1666 0.2862
vn 0.8356 -0.4874 0.2535
vn 0.5992 -0.7797 0.1818
vn 0.2230 -0.9725 0.0676
vn 0.8696 -0.1666 0.4648
vn 0.7701 -0.4874 0.4116
vn 0.5522 -0.7797 0.2952
vn 0.2055 -0.9725 0.1099
vn 0.7622 -0.1666 0.6255
vn 0.6750 -0.4874 0.5539
vn 0.4840 -0.7797 0.3972
vn 0.1801 -0.9725 0.1478
vn 0.6255 -0.1666 0.7622
vn 0.5540 -0.4874 0.6750
vn 0.3972 -0.7797 0.4840
vn 0.1478 -0.9725 0.1801
vn 0.4648 -0.1666 0.8696
vn 0.4116 -0.4874 0.7701
vn 0.2952 -0.7797 0.5522
vn 0.1098 -0.9725 0.2055
vn 0.2862 -0.1666 0.9436
vn 0.2535 -0.4874 0.8356
vn 0.1818 -0.7797 0.5992
vn 0.0676 -0.9725 0.2230
vn 0.0966 -0.1666 0.9813
vn 0.0856 -0.4874 0.8690
vn 0.0614 -0.7797 0.6231
vn 0.0228 -0.9725 0.2319
vn -0.0966 -0.1666 0.9813
vn -0.0856 -0.4874 0.8690
vn -0.0614 -0.7797 0.6231
vn -0.0228 -0.9725 0.2319
vn -0.2862 -0.1666 0.9436
vn -0.2535 -0.4874 0.8356
vn -0.1818 -0.7797 0.5992
vn -0.0676 -0.9725 0.2230
vn -0.4649 -0.1666 0.8696
vn -0.4117 -0.4874 0.7701
vn -0.2952 -0.7797 0.5522
vn -0.1099 -0.9725 0.2055
vn -0.6255 -0.1666 0.7623
vn -0.5539 -0.4874 0.6750
vn -0.3972 -0.7797 0.4841
vn -0.1478 -0.9725 0.1801
vn -0.7622 -0.1666 0.6255
vn -0.6750 -0.4874 0.5539
vn -0.4840 -0.7797 0.3972
vn -0.1801 -0.9725 0.1478
vn -0.8696 -0.1666 0.4648
vn -0.7701 -0.4874 0.4117
vn -0.5522 -0.7797 0.2952
vn -0.2055 -0.9725 0.1099
vn -0.9436 -0.1666 0.2862
vn -0.8356 -0.4874 0.2534
vn -0.5992 -0.7797 0.1817
vn -0.2230 -0.9725 0.0676
vn -0.9813 -0.1666 0.0966
vn -0.8690 -0.4874 0.0856
vn -0.6231 -0.7797 0.0613
vn -0.2319 -0.9725 0.0229
vn -0.9813 -0.1666 -0.0966
vn -0.8690 -0.4874 -0.0856
vn -0.6231 -0.7797 -0.0613
vn -0.2319 -0.9725 -0.0229
vn -0.9436 -0.1666 -0.2862
vn -0.8356 -0.4874 -0.2534
vn -0.5992 -0.7797 -0.1817
vn -0.2230 -0.9725 -0.0676
vn -0.8696 -0.1666 -0.4648
vn -0.7701 -0.4874 -0.4117
vn -0.5522 -0.7797 -0.2952
vn -0.2055 -0.9725 -0.1099
vn -0.7622 -0.1666 -0.6255
vn -0.6750 -0.4874 -0.5539
vn -0.4840 -0.7797 -0.3972
vn -0.1801 -0.9725 -0.1478
vn -0.6255 -0.1666 -0.7622
vn -0.5539 -0.4874 -0.6750
vn -0.3972 -0.7797 -0.4840
vn -0.1478 -0.9725 -0.1801
vn -0.4648 -0.1666 -0.8696
vn -0.4116 -0.4874 -0.7701
vn -0.2952 -0.7797 -0.5523
vn -0.1098 -0.9725 -0.2055
vn -0.2862 -0.1666 -0.9436
vn -0.2535 -0.4874 -0.8356
vn -0.1818 -0.7797 -0.5992
vn -0.0676 -0.9725 -0.2230
vn -0.0966 -0.1666 -0.9813
vn -0.0856 -0.4874 -0.8690
vn -0.0614 -0.7797 -0.6232
vn -0.0228 -0.9725 -0.2319
vn -0.0000 -1.0000 -0.0000
vt 0.031250 0.556109
vt 0.031250 1.000000
vt 0.000000 1.000000
vt 0.000000 0.556109
vt 0.937500 0.556109
vt 0.937500 1.000000
vt 0.906250 1.000000
vt 0.906250 0.556109
vt 0.875000 1.000000
vt 0.875000 0.556109
vt 0.843750 1.000000
vt 0.843750 0.556109
vt 0.812500 1.000000
vt 0.812500 0.556109
vt 0.781250 1.000000
vt 0.781250 0.556109
vt 0.750000 1.000000
vt 0.750000 0.556109
vt 0.718750 1.000000
vt 0.718750 0.556109
vt 0.687500 1.000000
vt 0.687500 0.556109
vt 0.656250 1.000000
vt 0.656250 0.556109
vt 0.625000 1.000000
vt 0.625000 0.556109
vt 0.593750 1.000000
vt 0.593750 0.556109
vt 0.562500 1.000000
vt 0.562500 0.556109
vt 0.531250 1.000000
vt 0.531250 0.556109
vt 0.500000 1.000000
vt 0.500000 0.556109
vt 0.468750 1.000000
vt 0.468750 0.556109
vt 0.437500 1.000000
vt 0.437500 0.556109
vt 0.406250 1.000000
vt 0.406250 0.556109
vt 0.375000 1.000000
vt 0.375000 0.556109
vt 0.343750 1.000000
vt 0.343750 0.556109
vt 0.312500 1.000000
vt 0.312500 0.556109
vt 0.281250 1.000000
vt 0.281250 0.556109
vt 0.250000 1.000000
vt 0.250000 0.556109
vt 0.218750 1.000000
vt 0.218750 0.556109
vt 0.187500 1.000000
vt 0.187500 0.556109
vt 0.156250 1.000000
vt 0.156250 0.556109
vt 0.125000 1.000000
vt 0.125000 0.556109
vt 0.093750 1.000000
vt 0.093750 0.556109
vt 0.062500 1.000000
vt 0.062500 0.556109
vt 0.296822 0.485388
vt 0.250000 0.490000
vt 0.203179 0.485389
vt 0.158156 0.471731
vt 0.116663 0.449553
vt 0.080295 0.419706
vt 0.050447 0.383337
vt 0.028269 0.341844
vt 0.014612 0.296822
vt 0.010000 0.250000
vt 0.014611 0.203179
vt 0.028269 0.158156
vt 0.050447 0.116663
vt 0.080294 0.080294
vt 0.116663 0.050447
vt 0.158156 0.028269
vt 0.203178 0.014612
vt 0.250000 0.010000
vt 0.296822 0.014612
vt 0.341844 0.028269
vt 0.383337 0.050447
vt 0.419706 0.080294
vt 0.449553 0.116663
vt 0.471731 0.158156
vt 0.485388 0.203178
vt 0.490000 0.250000
vt 0.485388 0.296822
vt 0.471731 0.341844
vt 0.449553 0.383337
vt 0.419706 0.419706
vt 0.383337 0.449553
vt 0.341844 0.471731
vt 0.968750 0.556109
vt 0.968750 1.000000
vt 1.000000 0.556109
vt 1.000000 1.000000
vt 0.969364 0.534637
vt 0.999385 0.534637
vt 0.971083 0.500000
vt 0.997665 0.500000
vt 0.753498 0.489655
vt 0.793325 0.485733
vt 0.782143 0.411593
vt 0.749999 0.414759
vt 0.773099 0.366131
vt 0.749999 0.368406
vt 0.938114 0.534637
vt 0.968137 0.534637
vt 0.939834 0.500000
vt 0.966416 0.500000
vt 0.800185 0.484368
vt 0.838481 0.472751
vt 0.813052 0.402217
vt 0.795313 0.359393
vt 0.906863 0.534637
vt 0.936886 0.534637
vt 0.908584 0.500000
vt 0.935165 0.500000
vt 0.844944 0.470074
vt 0.880238 0.451209
vt 0.841536 0.386992
vt 0.815784 0.348451
vt 0.875615 0.534637
vt 0.905636 0.534637
vt 0.877334 0.500000
vt 0.903914 0.500000
vt 0.886055 0.447322
vt 0.916989 0.421935
vt 0.866501 0.366503
vt 0.833724 0.333727
vt 0.844364 0.534637
vt 0.874387 0.534637
vt 0.846084 0.500000
vt 0.872667 0.500000
vt 0.921934 0.416990
vt 0.947323 0.386053
vt 0.886994 0.341532
vt 0.848454 0.315779
vt 0.813115 0.534637
vt 0.843136 0.534637
vt 0.814835 0.500000
vt 0.841415 0.500000
vt 0.951210 0.380236
vt 0.970074 0.344945
vt 0.902217 0.313051
vt 0.859393 0.295313
vt 0.781864 0.534637
vt 0.811886 0.534637
vt 0.783584 0.500000
vt 0.810166 0.500000
vt 0.972751 0.338482
vt 0.984368 0.300185
vt 0.911593 0.282143
vt 0.866131 0.273101
vt 0.750614 0.534637
vt 0.780635 0.534637
vt 0.752334 0.500000
vt 0.778915 0.500000
vt 0.985733 0.293323
vt 0.989656 0.253497
vt 0.914759 0.250000
vt 0.868406 0.250000
vt 0.719364 0.534637
vt 0.749386 0.534637
vt 0.721085 0.500000
vt 0.747666 0.500000
vt 0.989656 0.246504
vt 0.985733 0.206677
vt 0.911593 0.217857
vt 0.866131 0.226900
vt 0.688114 0.534637
vt 0.718136 0.534637
vt 0.689834 0.500000
vt 0.716416 0.500000
vt 0.984368 0.199815
vt 0.972751 0.161518
vt 0.902217 0.186949
vt 0.859393 0.204687
vt 0.656865 0.534637
vt 0.686886 0.534637
vt 0.658585 0.500000
vt 0.685165 0.500000
vt 0.970074 0.155055
vt 0.951210 0.119764
vt 0.886994 0.158468
vt 0.848454 0.184221
vt 0.625613 0.534637
vt 0.655636 0.534637
vt 0.627333 0.500000
vt 0.653916 0.500000
vt 0.947323 0.113947
vt 0.921934 0.083010
vt 0.866501 0.133497
vt 0.833724 0.166273
vt 0.594365 0.534637
vt 0.624385 0.534637
vt 0.596086 0.500000
vt 0.622666 0.500000
vt 0.916989 0.078065
vt 0.886055 0.052678
vt 0.841536 0.113008
vt 0.815784 0.151549
vt 0.563114 0.534637
vt 0.593136 0.534637
vt 0.564835 0.500000
vt 0.591416 0.500000
vt 0.880238 0.048791
vt 0.844944 0.029926
vt 0.813052 0.097783
vt 0.795313 0.140607
vt 0.531863 0.534637
vt 0.561886 0.534637
vt 0.533584 0.500000
vt 0.560166 0.500000
vt 0.838481 0.027249
vt 0.800185 0.015632
vt 0.782143 0.088407
vt 0.773100 0.133869
vt 0.500614 0.534637
vt 0.530636 0.534637
vt 0.502335 0.500000
vt 0.528917 0.500000
vt 0.793325 0.014267
vt 0.753500 0.010345
vt 0.750001 0.085241
vt 0.750001 0.131594
vt 0.469364 0.534637
vt 0.499386 0.534637
vt 0.471085 0.500000
vt 0.497667 0.500000
vt 0.746503 0.010344
vt 0.706675 0.014267
vt 0.717856 0.088407
vt 0.726899 0.133869
vt 0.438115 0.534637
vt 0.468134 0.534637
vt 0.439834 0.500000
vt 0.466416 0.500000
vt 0.699815 0.015632
vt 0.661519 0.027249
vt 0.686949 0.097782
vt 0.704688 0.140607
vt 0.406865 0.534637
vt 0.436886 0.534637
vt 0.408585 0.500000
vt 0.435165 0.500000
vt 0.655056 0.029926
vt 0.619762 0.048791
vt 0.658466 0.113008
vt 0.684218 0.151548
vt 0.375614 0.534637
vt 0.405636 0.534637
vt 0.377334 0.500000
vt 0.403916 0.500000
vt 0.613946 0.052677
vt 0.583011 0.078065
vt 0.633497 0.133497
vt 0.666274 0.166275
vt 0.344364 0.534637
vt 0.374386 0.534637
vt 0.346084 0.500000
vt 0.372666 0.500000
vt 0.578065 0.083011
vt 0.552676 0.113948
vt 0.613007 0.158465
vt 0.651548 0.184218
vt 0.313115 0.534637
vt 0.343136 0.534637
vt 0.314835 0.500000
vt 0.341415 0.500000
vt 0.548790 0.119763
vt 0.529926 0.155056
vt 0.597781 0.186948
vt 0.640607 0.204687
vt 0.281864 0.534637
vt 0.311886 0.534637
vt 0.283585 0.500000
vt 0.310166 0.500000
vt 0.527249 0.161518
vt 0.515632 0.199815
vt 0.588407 0.217857
vt 0.633870 0.226900
vt 0.250614 0.534637
vt 0.280636 0.534637
vt 0.252334 0.500000
vt 0.278916 0.500000
vt 0.514267 0.206676
vt 0.510344 0.246503
vt 0.585241 0.250000
vt 0.631593 0.250000
vt 0.219364 0.534637
vt 0.249386 0.534637
vt 0.221084 0.500000
vt 0.247666 0.500000
vt 0.510345 0.253498
vt 0.514267 0.293325
vt 0.588407 0.282144
vt 0.633869 0.273101
vt 0.188114 0.534637
vt 0.218135 0.534637
vt 0.189833 0.500000
vt 0.216415 0.500000
vt 0.515632 0.300186
vt 0.527249 0.338482
vt 0.597781 0.313053
vt 0.640607 0.295314
vt 0.156864 0.534637
vt 0.186885 0.534637
vt 0.158584 0.500000
vt 0.185165 0.500000
vt 0.529926 0.344945
vt 0.548790 0.380237
vt 0.613007 0.341535
vt 0.651548 0.315782
vt 0.125614 0.534637
vt 0.155636 0.534637
vt 0.127334 0.500000
vt 0.153916 0.500000
vt 0.552676 0.386053
vt 0.578065 0.416989
vt 0.633497 0.366503
vt 0.666274 0.333725
vt 0.094364 0.534637
vt 0.124386 0.534637
vt 0.096084 0.500000
vt 0.122666 0.500000
vt 0.583012 0.421936
vt 0.613947 0.447324
vt 0.658464 0.386992
vt 0.684217 0.348451
vt 0.063115 0.534637
vt 0.093136 0.534637
vt 0.064835 0.500000
vt 0.091416 0.500000
vt 0.619763 0.451210
vt 0.655056 0.470074
vt 0.686950 0.402217
vt 0.704689 0.359393
vt 0.031863 0.534637
vt 0.061886 0.534637
vt 0.033584 0.500000
vt 0.060166 0.500000
vt 0.661519 0.472751
vt 0.699816 0.484368
vt 0.717858 0.411593
vt 0.726901 0.366131
vt 0.000615 0.534637
vt 0.030636 0.534637
vt 0.002336 0.500000
vt 0.028915 0.500000
vt 0.706677 0.485733
vt 0.746502 0.489655
s 0
usemtl Black-Material
f 3327/2333/1321 3170/2334/1321 3139/2335/1321 3172/2336/1321
f 3182/2337/1322 3141/2338/1322 3142/2339/1322 3187/2340/1322
f 3187/2340/1323 3142/2339/1323 3143/2341/1323 3192/2342/1323
f 3192/2342/1324 3143/2341/1324 3144/2343/1324 3197/2344/1324
f 3197/2344/1325 3144/2343/1325 3145/2345/1325 3202/2346/1325
f 3202/2346/1326 3145/2345/1326 3146/2347/1326 3207/2348/1326
f 3207/2348/1327 3146/2347/1327 3147/2349/1327 3212/2350/1327
f 3212/2350/1328 3147/2349/1328 3148/2351/1328 3217/2352/1328
f 3217/2352/1329 3148/2351/1329 3149/2353/1329 3222/2354/1329
f 3222/2354/1330 3149/2353/1330 3150/2355/1330 3227/2356/1330
f 3227/2356/1331 3150/2355/1331 3151/2357/1331 3232/2358/1331
f 3232/2358/1332 3151/2357/1332 3152/2359/1332 3237/2360/1332
f 3237/2360/1333 3152/2359/1333 3153/2361/1333 3242/2362/1333
f 3242/2362/1334 3153/2361/1334 3154/2363/1334 3247/2364/1334
f 3247/2364/1335 3154/2363/1335 3155/2365/1335 3252/2366/1335
f 3252/2366/1336 3155/2365/1336 3156/2367/1336 3257/2368/1336
f 3257/2368/1337 3156/2367/1337 3157/2369/1337 3262/2370/1337
f 3262/2370/1338 3157/2369/1338 3158/2371/1338 3267/2372/1338
f 3267/2372/1339 3158/2371/1339 3159/2373/1339 3272/2374/1339
f 3272/2374/1340 3159/2373/1340 3160/2375/1340 3277/2376/1340
f 3277/2376/1341 3160/2375/1341 3161/2377/1341 3282/2378/1341
f 3282/2378/1342 3161/2377/1342 3162/2379/1342 3287/2380/1342
f 3287/2380/1343 3162/2379/1343 3163/2381/1343 3292/2382/1343
f 3292/2382/1344 3163/2381/1344 3164/2383/1344 3297/2384/1344
f 3297/2384/1345 3164/2383/1345 3165/2385/1345 3302/2386/1345
f 3302/2386/1346 3165/2385/1346 3166/2387/1346 3307/2388/1346
f 3307/2388/1347 3166/2387/1347 3167/2389/1347 3312/2390/1347
f 3312/2390/1348 3167/2389/1348 3168/2391/1348 3317/2392/1348
f 3317/2392/1349 3168/2391/1349 3169/2393/1349 3322/2394/1349
f 3322/2394/1350 3169/2393/1350 3170/2334/1350 3327/2333/1350
f 3140/2395/1351 3139/2396/1351 3170/2397/1351 3169/2398/1351 3168/2399/1351 3167/2400/1351 3166/2401/1351 3165/2402/1351 3164/2403/1351 3163/2404/1351 3162/2405/1351 3161/2406/1351 3160/2407/1351 3159/2408/1351 3158/2409/1351 3157/2410/1351 3156/2411/1351 3155/2412/1351 3154/2413/1351 3153/2414/1351 3152/2415/1351 3151/2416/1351 3150/2417/1351 3149/2418/1351 3148/2419/1351 3147/2420/1351 3146/2421/1351 3145/2422/1351 3144/2423/1351 3143/2424/1351 3142/2425/1351 3141/2426/1351
f 3177/2427/1352 3140/2428/1352 3141/2338/1352 3182/2337/1352
f 3172/2429/1353 3139/2430/1353 3140/2428/1353 3177/2427/1353
f 3172/2429/1354 3177/2427/1354 3180/2431/1354 3175/2432/1354
f 3175/2432/1355 3180/2431/1355 3179/2433/1355 3174/2434/1355
f 3174/2435/1356 3179/2436/1356 3178/2437/1356 3173/2438/1356
f 3173/2438/1357 3178/2437/1357 3176/2439/1357 3171/2440/1357
f 3177/2427/1358 3182/2337/1358 3185/2441/1358 3180/2442/1358
f 3180/2442/1359 3185/2441/1359 3184/2443/1359 3179/2444/1359
f 3179/2445/1360 3184/2446/1360 3183/2447/1360 3178/2437/1360
f 3178/2437/1361 3183/2447/1361 3181/2448/1361 3176/2439/1361
f 3182/2337/1362 3187/2340/1362 3190/2449/1362 3185/2450/1362
f 3185/2450/1363 3190/2449/1363 3189/2451/1363 3184/2452/1363
f 3184/2453/1364 3189/2454/1364 3188/2455/1364 3183/2447/1364
f 3183/2447/1365 3188/2455/1365 3186/2456/1365 3181/2448/1365
f 3187/2340/1366 3192/2342/1366 3195/2457/1366 3190/2458/1366
f 3190/2458/1367 3195/2457/1367 3194/2459/1367 3189/2460/1367
f 3189/2461/1368 3194/2462/1368 3193/2463/1368 3188/2455/1368
f 3188/2455/1369 3193/2463/1369 3191/2464/1369 3186/2456/1369
f 3192/2342/1370 3197/2344/1370 3200/2465/1370 3195/2466/1370
f 3195/2466/1371 3200/2465/1371 3199/2467/1371 3194/2468/1371
f 3194/2469/1372 3199/2470/1372 3198/2471/1372 3193/2463/1372
f 3193/2463/1373 3198/2471/1373 3196/2472/1373 3191/2464/1373
f 3197/2344/1374 3202/2346/1374 3205/2473/1374 3200/2474/1374
f 3200/2474/1375 3205/2473/1375 3204/2475/1375 3199/2476/1375
f 3199/2477/1376 3204/2478/1376 3203/2479/1376 3198/2471/1376
f 3198/2471/1377 3203/2479/1377 3201/2480/1377 3196/2472/1377
f 3202/2346/1378 3207/2348/1378 3210/2481/1378 3205/2482/1378
f 3205/2482/1379 3210/2481/1379 3209/2483/1379 3204/2484/1379
f 3204/2485/1380 3209/2486/1380 3208/2487/1380 3203/2479/1380
f 3203/2479/1381 3208/2487/1381 3206/2488/1381 3201/2480/1381
f 3207/2348/1382 3212/2350/1382 3215/2489/1382 3210/2490/1382
f 3210/2490/1383 3215/2489/1383 3214/2491/1383 3209/2492/1383
f 3209/2493/1384 3214/2494/1384 3213/2495/1384 3208/2487/1384
f 3208/2487/1385 3213/2495/1385 3211/2496/1385 3206/2488/1385
f 3212/2350/1386 3217/2352/1386 3220/2497/1386 3215/2498/1386
f 3215/2498/1387 3220/2497/1387 3219/2499/1387 3214/2500/1387
f 3214/2501/1388 3219/2502/1388 3218/2503/1388 3213/2495/1388
f 3213/2495/1389 3218/2503/1389 3216/2504/1389 3211/2496/1389
f 3217/2352/1390 3222/2354/1390 3225/2505/1390 3220/2506/1390
f 3220/2506/1391 3225/2505/1391 3224/2507/1391 3219/2508/1391
f 3219/2509/1392 3224/2510/1392 3223/2511/1392 3218/2503/1392
f 3218/2503/1393 3223/2511/1393 3221/2512/1393 3216/2504/1393
f 3222/2354/1394 3227/2356/1394 3230/2513/1394 3225/2514/1394
f 3225/2514/1395 3230/2513/1395 3229/2515/1395 3224/2516/1395
f 3224/2517/1396 3229/2518/1396 3228/2519/1396 3223/2511/1396
f 3223/2511/1397 3228/2519/1397 3226/2520/1397 3221/2512/1397
f 3227/2356/1398 3232/2358/1398 3235/2521/1398 3230/2522/1398
f 3230/2522/1399 3235/2521/1399 3234/2523/1399 3229/2524/1399
f 3229/2525/1400 3234/2526/1400 3233/2527/1400 3228/2519/1400
f 3228/2519/1401 3233/2527/1401 3231/2528/1401 3226/2520/1401
f 3232/2358/1402 3237/2360/1402 3240/2529/1402 3235/2530/1402
f 3235/2530/1403 3240/2529/1403 3239/2531/1403 3234/2532/1403
f 3234/2533/1404 3239/2534/1404 3238/2535/1404 3233/2527/1404
f 3233/2527/1405 3238/2535/1405 3236/2536/1405 3231/2528/1405
f 3237/2360/1406 3242/2362/1406 3245/2537/1406 3240/2538/1406
f 3240/2538/1407 3245/2537/1407 3244/2539/1407 3239/2540/1407
f 3239/2541/1408 3244/2542/1408 3243/2543/1408 3238/2535/1408
f 3238/2535/1409 3243/2543/1409 3241/2544/1409 3236/2536/1409
f 3242/2362/1410 3247/2364/1410 3250/2545/1410 3245/2546/1410
f 3245/2546/1411 3250/2545/1411 3249/2547/1411 3244/2548/1411
f 3244/2549/1412 3249/2550/1412 3248/2551/1412 3243/2543/1412
f 3243/2543/1413 3248/2551/1413 3246/2552/1413 3241/2544/1413
f 3247/2364/1414 3252/2366/1414 3255/2553/1414 3250/2554/1414
f 3250/2554/1415 3255/2553/1415 3254/2555/1415 3249/2556/1415
f 3249/2557/1416 3254/2558/1416 3253/2559/1416 3248/2551/1416
f 3248/2551/1417 3253/2559/1417 3251/2560/1417 3246/2552/1417
f 3252/2366/1418 3257/2368/1418 3260/2561/1418 3255/2562/1418
f 3255/2562/1419 3260/2561/1419 3259/2563/1419 3254/2564/1419
f 3254/2565/1420 3259/2566/1420 3258/2567/1420 3253/2559/1420
f 3253/2559/1421 3258/2567/1421 3256/2568/1421 3251/2560/1421
f 3257/2368/1422 3262/2370/1422 3265/2569/1422 3260/2570/1422
f 3260/2570/1423 3265/2569/1423 3264/2571/1423 3259/2572/1423
f 3259/2573/1424 3264/2574/1424 3263/2575/1424 3258/2567/1424
f 3258/2567/1425 3263/2575/1425 3261/2576/1425 3256/2568/1425
f 3262/2370/1426 3267/2372/1426 3270/2577/1426 3265/2578/1426
f 3265/2578/1427 3270/2577/1427 3269/2579/1427 3264/2580/1427
f 3264/2581/1428 3269/2582/1428 3268/2583/1428 3263/2575/1428
f 3263/2575/1429 3268/2583/1429 3266/2584/1429 3261/2576/1429
f 3267/2372/1430 3272/2374/1430 3275/2585/1430 3270/2586/1430
f 3270/2586/1431 3275/2585/1431 3274/2587/1431 3269/2588/1431
f 3269/2589/1432 3274/2590/1432 3273/2591/1432 3268/2583/1432
f 3268/2583/1433 3273/2591/1433 3271/2592/1433 3266/2584/1433
f 3272/2374/1434 3277/2376/1434 3280/2593/1434 3275/2594/1434
f 3275/2594/1435 3280/2593/1435 3279/2595/1435 3274/2596/1435
f 3274/2597/1436 3279/2598/1436 3278/2599/1436 3273/2591/1436
f 3273/2591/1437 3278/2599/1437 3276/2600/1437 3271/2592/1437
f 3277/2376/1438 3282/2378/1438 3285/2601/1438 3280/2602/1438
f 3280/2602/1439 3285/2601/1439 3284/2603/1439 3279/2604/1439
f 3279/2605/1440 3284/2606/1440 3283/2607/1440 3278/2599/1440
f 3278/2599/1441 3283/2607/1441 3281/2608/1441 3276/2600/1441
f 3282/2378/1442 3287/2380/1442 3290/2609/1442 3285/2610/1442
f 3285/2610/1443 3290/2609/1443 3289/2611/1443 3284/2612/1443
f 3284/2613/1444 3289/2614/1444 3288/2615/1444 3283/2607/1444
f 3283/2607/1445 3288/2615/1445 3286/2616/1445 3281/2608/1445
f 3287/2380/1446 3292/2382/1446 3295/2617/1446 3290/2618/1446
f 3290/2618/1447 3295/2617/1447 3294/2619/1447 3289/2620/1447
f 3289/2621/1448 3294/2622/1448 3293/2623/1448 3288/2615/1448
f 3288/2615/1449 3293/2623/1449 3291/2624/1449 3286/2616/1449
f 3292/2382/1450 3297/2384/1450 3300/2625/1450 3295/2626/1450
f 3295/2626/1451 3300/2625/1451 3299/2627/1451 3294/2628/1451
f 3294/2629/1452 3299/2630/1452 3298/2631/1452 3293/2623/1452
f 3293/2623/1453 3298/2631/1453 3296/2632/1453 3291/2624/1453
f 3297/2384/1454 3302/2386/1454 3305/2633/1454 3300/2634/1454
f 3300/2634/1455 3305/2633/1455 3304/2635/1455 3299/2636/1455
f 3299/2637/1456 3304/2638/1456 3303/2639/1456 3298/2631/1456
f 3298/2631/1457 3303/2639/1457 3301/2640/1457 3296/2632/1457
f 3302/2386/1458 3307/2388/1458 3310/2641/1458 3305/2642/1458
f 3305/2642/1459 3310/2641/1459 3309/2643/1459 3304/2644/1459
f 3304/2645/1460 3309/2646/1460 3308/2647/1460 3303/2639/1460
f 3303/2639/1461 3308/2647/1461 3306/2648/1461 3301/2640/1461
f 3307/2388/1462 3312/2390/1462 3315/2649/1462 3310/2650/1462
f 3310/2650/1463 3315/2649/1463 3314/2651/1463 3309/2652/1463
f 3309/2653/1464 3314/2654/1464 3313/2655/1464 3308/2647/1464
f 3308/2647/1465 3313/2655/1465 3311/2656/1465 3306/2648/1465
f 3312/2390/1466 3317/2392/1466 3320/2657/1466 3315/2658/1466
f 3315/2658/1467 3320/2657/1467 3319/2659/1467 3314/2660/1467
f 3314/2661/1468 3319/2662/1468 3318/2663/1468 3313/2655/1468
f 3313/2655/1469 3318/2663/1469 3316/2664/1469 3311/2656/1469
f 3317/2392/1470 3322/2394/1470 3325/2665/1470 3320/2666/1470
f 3320/2666/1471 3325/2665/1471 3324/2667/1471 3319/2668/1471
f 3319/2669/1472 3324/2670/1472 3323/2671/1472 3318/2663/1472
f 3318/2663/1473 3323/2671/1473 3321/2672/1473 3316/2664/1473
f 3322/2394/1474 3327/2333/1474 3330/2673/1474 3325/2674/1474
f 3325/2674/1475 3330/2673/1475 3329/2675/1475 3324/2676/1475
f 3324/2677/1476 3329/2678/1476 3328/2679/1476 3323/2671/1476
f 3323/2671/1477 3328/2679/1477 3326/2680/1477 3321/2672/1477
f 3327/2333/1478 3172/2336/1478 3175/2681/1478 3330/2682/1478
f 3330/2682/1479 3175/2681/1479 3174/2683/1479 3329/2684/1479
f 3329/2685/1480 3174/2686/1480 3173/2438/1480 3328/2679/1480
f 3328/2679/1481 3173/2438/1481 3171/2440/1481 3326/2680/1481
f 3171/2440/1482 3176/2439/1482 3181/2448/1482 3186/2456/1482 3191/2464/1482 3196/2472/1482 3201/2480/1482 3206/2488/1482 3211/2496/1482 3216/2504/1482 3221/2512/1482 3226/2520/1482 3231/2528/1482 3236/2536/1482 3241/2544/1482 3246/2552/1482 3251/2560/1482 3256/2568/1482 3261/2576/1482 3266/2584/1482 3271/2592/1482 3276/2600/1482 3281/2608/1482 3286/2616/1482 3291/2624/1482 3296/2632/1482 3301/2640/1482 3306/2648/1482 3311/2656/1482 3316/2664/1482 3321/2672/1482 3326/2680/1482
o Cylinder.002
v -0.067473 -0.003403 -0.001784
v -0.067124 -0.003403 -0.001749
v -0.066790 -0.003403 -0.001648
v -0.066481 -0.003403 -0.001483
v -0.066210 -0.003403 -0.001261
v -0.065988 -0.003403 -0.000990
v -0.065824 -0.003403 -0.000682
v -0.065722 -0.003403 -0.000347
v -0.065688 -0.003403 0.000001
v -0.065722 -0.003403 0.000349
v -0.065824 -0.003403 0.000684
v -0.065988 -0.003403 0.000993
v -0.066210 -0.003403 0.001263
v -0.066481 -0.003403 0.001485
v -0.066790 -0.003403 0.001650
v -0.067124 -0.003403 0.001752
v -0.067473 -0.003403 0.001786
v -0.067821 -0.003403 0.001752
v -0.068156 -0.003403 0.001650
v -0.068464 -0.003403 0.001485
v -0.068735 -0.003403 0.001263
v -0.068957 -0.003403 0.000993
v -0.069122 -0.003403 0.000684
v -0.069223 -0.003403 0.000349
v -0.069258 -0.003403 0.000001
v -0.069223 -0.003403 -0.000347
v -0.069122 -0.003403 -0.000682
v -0.068957 -0.003403 -0.000990
v -0.068735 -0.003403 -0.001261
v -0.068464 -0.003403 -0.001483
v -0.068156 -0.003403 -0.001648
v -0.067821 -0.003403 -0.001749
v -0.067473 -0.013027 -0.000879
v -0.067473 -0.011947 -0.001784
v -0.067473 -0.012945 -0.001224
v -0.067473 -0.012711 -0.001517
v -0.067473 -0.012361 -0.001714
v -0.067301 -0.013027 -0.000863
v -0.067124 -0.011947 -0.001749
v -0.067234 -0.012945 -0.001201
v -0.067176 -0.012711 -0.001488
v -0.067138 -0.012361 -0.001681
v -0.067136 -0.013027 -0.000812
v -0.066790 -0.011947 -0.001648
v -0.067004 -0.012945 -0.001131
v -0.066892 -0.012711 -0.001402
v -0.066816 -0.012361 -0.001583
v -0.066983 -0.013027 -0.000731
v -0.066481 -0.011947 -0.001483
v -0.066792 -0.012945 -0.001018
v -0.066629 -0.012711 -0.001261
v -0.066520 -0.012361 -0.001425
v -0.066850 -0.013027 -0.000621
v -0.066210 -0.011947 -0.001261
v -0.066606 -0.012945 -0.000865
v -0.066399 -0.012711 -0.001072
v -0.066260 -0.012361 -0.001211
v -0.066740 -0.013027 -0.000488
v -0.065988 -0.011947 -0.000990
v -0.066454 -0.012945 -0.000680
v -0.066210 -0.012711 -0.000842
v -0.066047 -0.012361 -0.000952
v -0.066659 -0.013027 -0.000336
v -0.065824 -0.011947 -0.000682
v -0.066340 -0.012945 -0.000468
v -0.066070 -0.012711 -0.000580
v -0.065888 -0.012361 -0.000655
v -0.066609 -0.013027 -0.000171
v -0.065722 -0.011947 -0.000347
v -0.066271 -0.012945 -0.000238
v -0.065983 -0.012711 -0.000295
v -0.065791 -0.012361 -0.000333
v -0.066592 -0.013027 0.000001
v -0.065688 -0.011947 0.000001
v -0.066247 -0.012945 0.000001
v -0.065954 -0.012711 0.000001
v -0.065758 -0.012361 0.000001
v -0.066609 -0.013027 0.000173
v -0.065722 -0.011947 0.000349
v -0.066271 -0.012945 0.000240
v -0.065983 -0.012711 0.000297
v -0.065791 -0.012361 0.000336
v -0.066659 -0.013027 0.000338
v -0.065824 -0.011947 0.000684
v -0.066340 -0.012945 0.000470
v -0.066070 -0.012711 0.000582
v -0.065888 -0.012361 0.000657
v -0.066740 -0.013027 0.000490
v -0.065988 -0.011947 0.000993
v -0.066454 -0.012945 0.000682
v -0.066210 -0.012711 0.000845
v -0.066047 -0.012361 0.000954
v -0.066850 -0.013027 0.000624
v -0.066210 -0.011947 0.001263
v -0.066606 -0.012945 0.000868
v -0.066399 -0.012711 0.001075
v -0.066260 -0.012361 0.001214
v -0.066983 -0.013027 0.000733
v -0.066481 -0.011947 0.001485
v -0.066792 -0.012945 0.001020
v -0.066629 -0.012711 0.001264
v -0.066520 -0.012361 0.001427
v -0.067136 -0.013027 0.000815
v -0.066790 -0.011947 0.001650
v -0.067004 -0.012945 0.001133
v -0.066892 -0.012711 0.001404
v -0.066816 -0.012361 0.001586
v -0.067301 -0.013027 0.000865
v -0.067124 -0.011947 0.001752
v -0.067234 -0.012945 0.001203
v -0.067176 -0.012711 0.001490
v -0.067138 -0.012361 0.001683
v -0.067473 -0.013027 0.000882
v -0.067473 -0.011947 0.001786
v -0.067473 -0.012945 0.001227
v -0.067473 -0.012711 0.001520
v -0.067473 -0.012361 0.001716
v -0.067644 -0.013027 0.000865
v -0.067821 -0.011947 0.001752
v -0.067712 -0.012945 0.001203
v -0.067769 -0.012711 0.001490
v -0.067807 -0.012361 0.001683
v -0.067810 -0.013027 0.000815
v -0.068156 -0.011947 0.001650
v -0.067942 -0.012945 0.001133
v -0.068054 -0.012711 0.001404
v -0.068129 -0.012361 0.001586
v -0.067962 -0.013027 0.000733
v -0.068464 -0.011947 0.001485
v -0.068153 -0.012945 0.001020
v -0.068316 -0.012711 0.001264
v -0.068425 -0.012361 0.001427
v -0.068095 -0.013027 0.000624
v -0.068735 -0.011947 0.001263
v -0.068339 -0.012945 0.000868
v -0.068546 -0.012711 0.001075
v -0.068685 -0.012361 0.001214
v -0.068205 -0.013027 0.000490
v -0.068957 -0.011947 0.000993
v -0.068491 -0.012945 0.000682
v -0.068735 -0.012711 0.000845
v -0.068898 -0.012361 0.000954
v -0.068286 -0.013027 0.000338
v -0.069122 -0.011947 0.000684
v -0.068605 -0.012945 0.000470
v -0.068875 -0.012711 0.000582
v -0.069057 -0.012361 0.000657
v -0.068336 -0.013027 0.000173
v -0.069223 -0.011947 0.000349
v -0.068674 -0.012945 0.000240
v -0.068962 -0.012711 0.000297
v -0.069155 -0.012361 0.000336
v -0.068353 -0.013027 0.000001
v -0.069258 -0.011947 0.000001
v -0.068698 -0.012945 0.000001
v -0.068991 -0.012711 0.000001
v -0.069187 -0.012361 0.000001
v -0.068336 -0.013027 -0.000171
v -0.069223 -0.011947 -0.000347
v -0.068674 -0.012945 -0.000238
v -0.068962 -0.012711 -0.000295
v -0.069155 -0.012361 -0.000333
v -0.068286 -0.013027 -0.000336
v -0.069122 -0.011947 -0.000682
v -0.068605 -0.012945 -0.000468
v -0.068875 -0.012711 -0.000580
v -0.069057 -0.012361 -0.000655
v -0.068205 -0.013027 -0.000488
v -0.068957 -0.011947 -0.000990
v -0.068492 -0.012945 -0.000680
v -0.068735 -0.012711 -0.000842
v -0.068898 -0.012361 -0.000952
v -0.068095 -0.013027 -0.000621
v -0.068735 -0.011947 -0.001261
v -0.068339 -0.012945 -0.000865
v -0.068546 -0.012711 -0.001072
v -0.068685 -0.012361 -0.001211
v -0.067962 -0.013027 -0.000731
v -0.068464 -0.011947 -0.001483
v -0.068153 -0.012945 -0.001018
v -0.068316 -0.012711 -0.001261
v -0.068425 -0.012361 -0.001425
v -0.067810 -0.013027 -0.000812
v -0.068156 -0.011947 -0.001648
v -0.067942 -0.012945 -0.001131
v -0.068054 -0.012711 -0.001402
v -0.068129 -0.012361 -0.001583
v -0.067644 -0.013027 -0.000863
v -0.067821 -0.011947 -0.001749
v -0.067712 -0.012945 -0.001201
v -0.067769 -0.012711 -0.001488
v -0.067807 -0.012361 -0.001681
vn -0.0980 -0.0000 -0.9952
vn 0.4714 -0.0000 -0.8819
vn 0.6344 -0.0000 -0.7730
vn 0.7730 -0.0000 -0.6344
vn 0.8819 -0.0000 -0.4714
vn 0.9569 -0.0000 -0.2903
vn 0.9952 -0.0000 -0.0980
vn 0.9952 -0.0000 0.0980
vn 0.9569 -0.0000 0.2903
vn 0.8819 -0.0000 0.4714
vn 0.7730 -0.0000 0.6344
vn 0.6344 -0.0000 0.7730
vn 0.4714 -0.0000 0.8819
vn 0.2903 -0.0000 0.9569
vn 0.0980 -0.0000 0.9952
vn -0.0980 -0.0000 0.9952
vn -0.2903 -0.0000 0.9569
vn -0.4714 -0.0000 0.8819
vn -0.6344 -0.0000 0.7730
vn -0.7730 -0.0000 0.6344
vn -0.8819 -0.0000 0.4714
vn -0.9569 -0.0000 0.2903
vn -0.9952 -0.0000 0.0980
vn -0.9952 -0.0000 -0.0980
vn -0.9569 -0.0000 -0.2903
vn -0.8819 -0.0000 -0.4714
vn -0.7730 -0.0000 -0.6344
vn -0.6344 -0.0000 -0.7730
vn -0.4714 -0.0000 -0.8819
vn -0.2903 -0.0000 -0.9569
vn -0.0000 1.0000 -0.0000
vn 0.2903 -0.0000 -0.9569
vn 0.0980 -0.0000 -0.9952
vn 0.0966 -0.1666 -0.9813
vn 0.0856 -0.4874 -0.8690
vn 0.0614 -0.7797 -0.6231
vn 0.0228 -0.9725 -0.2319
vn 0.2862 -0.1666 -0.9436
vn 0.2535 -0.4874 -0.8356
vn 0.1818 -0.7797 -0.5992
vn 0.0676 -0.9725 -0.2230
vn 0.4648 -0.1666 -0.8696
vn 0.4116 -0.4874 -0.7701
vn 0.2952 -0.7797 -0.5522
vn 0.1098 -0.9725 -0.2055
vn 0.6255 -0.1666 -0.7622
vn 0.5539 -0.4874 -0.6750
vn 0.3972 -0.7797 -0.4840
vn 0.1478 -0.9725 -0.1801
vn 0.7622 -0.1666 -0.6255
vn 0.6750 -0.4874 -0.5539
vn 0.4840 -0.7797 -0.3972
vn 0.1801 -0.9725 -0.1478
vn 0.8696 -0.1666 -0.4648
vn 0.7701 -0.4874 -0.4116
vn 0.5522 -0.7797 -0.2952
vn 0.2055 -0.9725 -0.1098
vn 0.9436 -0.1666 -0.2862
vn 0.8356 -0.4874 -0.2534
vn 0.5992 -0.7797 -0.1817
vn 0.2230 -0.9725 -0.0676
vn 0.9813 -0.1666 -0.0967
vn 0.8690 -0.4874 -0.0856
vn 0.6231 -0.7797 -0.0614
vn 0.2319 -0.9725 -0.0228
vn 0.9813 -0.1666 0.0967
vn 0.8690 -0.4874 0.0856
vn 0.6231 -0.7797 0.0614
vn 0.2319 -0.9725 0.0228
vn 0.9436 -0.1666 0.2862
vn 0.8356 -0.4874 0.2534
vn 0.5992 -0.7797 0.1817
vn 0.2230 -0.9725 0.0676
vn 0.8696 -0.1666 0.4648
vn 0.7701 -0.4874 0.4116
vn 0.5522 -0.7797 0.2952
vn 0.2055 -0.9725 0.1098
vn 0.7622 -0.1666 0.6255
vn 0.6750 -0.4874 0.5539
vn 0.4840 -0.7797 0.3972
vn 0.1801 -0.9725 0.1478
vn 0.6255 -0.1666 0.7622
vn 0.5540 -0.4874 0.6750
vn 0.3972 -0.7797 0.4840
vn 0.1478 -0.9725 0.1801
vn 0.4648 -0.1666 0.8696
vn 0.4116 -0.4874 0.7701
vn 0.2952 -0.7797 0.5522
vn 0.1098 -0.9725 0.2055
vn 0.2862 -0.1666 0.9436
vn 0.2535 -0.4874 0.8356
vn 0.1818 -0.7797 0.5992
vn 0.0676 -0.9725 0.2230
vn 0.0966 -0.1666 0.9813
vn 0.0856 -0.4874 0.8690
vn 0.0614 -0.7797 0.6231
vn 0.0228 -0.9725 0.2319
vn -0.0966 -0.1666 0.9813
vn -0.0856 -0.4874 0.8690
vn -0.0614 -0.7797 0.6232
vn -0.0228 -0.9725 0.2319
vn -0.2862 -0.1666 0.9436
vn -0.2535 -0.4874 0.8356
vn -0.1818 -0.7797 0.5992
vn -0.0676 -0.9725 0.2230
vn -0.4648 -0.1666 0.8696
vn -0.4116 -0.4874 0.7701
vn -0.2952 -0.7797 0.5522
vn -0.1098 -0.9725 0.2055
vn -0.6255 -0.1666 0.7622
vn -0.5539 -0.4874 0.6750
vn -0.3972 -0.7797 0.4840
vn -0.1478 -0.9725 0.1801
vn -0.7622 -0.1666 0.6255
vn -0.6750 -0.4874 0.5539
vn -0.4840 -0.7797 0.3972
vn -0.1801 -0.9725 0.1478
vn -0.8696 -0.1666 0.4648
vn -0.7701 -0.4874 0.4116
vn -0.5522 -0.7797 0.2952
vn -0.2055 -0.9725 0.1098
vn -0.9436 -0.1666 0.2863
vn -0.8356 -0.4874 0.2535
vn -0.5992 -0.7797 0.1818
vn -0.2230 -0.9725 0.0677
vn -0.9813 -0.1666 0.0966
vn -0.8690 -0.4874 0.0856
vn -0.6232 -0.7797 0.0614
vn -0.2319 -0.9725 0.0228
vn -0.9813 -0.1666 -0.0966
vn -0.8690 -0.4874 -0.0856
vn -0.6232 -0.7797 -0.0614
vn -0.2319 -0.9725 -0.0228
vn -0.9436 -0.1666 -0.2863
vn -0.8356 -0.4874 -0.2535
vn -0.5992 -0.7797 -0.1818
vn -0.2230 -0.9725 -0.0676
vn -0.8696 -0.1666 -0.4648
vn -0.7701 -0.4874 -0.4116
vn -0.5522 -0.7797 -0.2952
vn -0.2055 -0.9725 -0.1099
vn -0.7622 -0.1666 -0.6255
vn -0.6750 -0.4874 -0.5540
vn -0.4840 -0.7797 -0.3972
vn -0.1801 -0.9725 -0.1478
vn -0.6255 -0.1666 -0.7622
vn -0.5539 -0.4874 -0.6750
vn -0.3972 -0.7797 -0.4840
vn -0.1478 -0.9725 -0.1801
vn -0.4648 -0.1666 -0.8696
vn -0.4116 -0.4874 -0.7701
vn -0.2952 -0.7797 -0.5522
vn -0.1098 -0.9725 -0.2055
vn -0.2862 -0.1666 -0.9436
vn -0.2535 -0.4874 -0.8356
vn -0.1818 -0.7797 -0.5992
vn -0.0676 -0.9725 -0.2230
vn -0.0966 -0.1666 -0.9813
vn -0.0856 -0.4874 -0.8690
vn -0.0614 -0.7797 -0.6231
vn -0.0228 -0.9725 -0.2319
vn -0.0000 -1.0000 -0.0000
vt 0.031250 0.556109
vt 0.031250 1.000000
vt 0.000000 1.000000
vt 0.000000 0.556109
vt 0.937500 0.556109
vt 0.937500 1.000000
vt 0.906250 1.000000
vt 0.906250 0.556109
vt 0.875000 1.000000
vt 0.875000 0.556109
vt 0.843750 1.000000
vt 0.843750 0.556109
vt 0.812500 1.000000
vt 0.812500 0.556109
vt 0.781250 1.000000
vt 0.781250 0.556109
vt 0.750000 1.000000
vt 0.750000 0.556109
vt 0.718750 1.000000
vt 0.718750 0.556109
vt 0.687500 1.000000
vt 0.687500 0.556109
vt 0.656250 1.000000
vt 0.656250 0.556109
vt 0.625000 1.000000
vt 0.625000 0.556109
vt 0.593750 1.000000
vt 0.593750 0.556109
vt 0.562500 1.000000
vt 0.562500 0.556109
vt 0.531250 1.000000
vt 0.531250 0.556109
vt 0.500000 1.000000
vt 0.500000 0.556109
vt 0.468750 1.000000
vt 0.468750 0.556109
vt 0.437500 1.000000
vt 0.437500 0.556109
vt 0.406250 1.000000
vt 0.406250 0.556109
vt 0.375000 1.000000
vt 0.375000 0.556109
vt 0.343750 1.000000
vt 0.343750 0.556109
vt 0.312500 1.000000
vt 0.312500 0.556109
vt 0.281250 1.000000
vt 0.281250 0.556109
vt 0.250000 1.000000
vt 0.250000 0.556109
vt 0.218750 1.000000
vt 0.218750 0.556109
vt 0.187500 1.000000
vt 0.187500 0.556109
vt 0.156250 1.000000
vt 0.156250 0.556109
vt 0.125000 1.000000
vt 0.125000 0.556109
vt 0.093750 1.000000
vt 0.093750 0.556109
vt 0.062500 1.000000
vt 0.062500 0.556109
vt 0.296822 0.485388
vt 0.250000 0.490000
vt 0.203179 0.485389
vt 0.158156 0.471731
vt 0.116663 0.449553
vt 0.080295 0.419706
vt 0.050447 0.383337
vt 0.028269 0.341844
vt 0.014612 0.296822
vt 0.010000 0.250000
vt 0.014611 0.203179
vt 0.028269 0.158156
vt 0.050447 0.116663
vt 0.080294 0.080294
vt 0.116663 0.050447
vt 0.158156 0.028269
vt 0.203178 0.014612
vt 0.250000 0.010000
vt 0.296822 0.014612
vt 0.341844 0.028269
vt 0.383337 0.050447
vt 0.419706 0.080294
vt 0.449553 0.116663
vt 0.471731 0.158156
vt 0.485388 0.203178
vt 0.490000 0.250000
vt 0.485388 0.296822
vt 0.471731 0.341844
vt 0.449553 0.383337
vt 0.419706 0.419706
vt 0.383337 0.449553
vt 0.341844 0.471731
vt 0.968750 0.556109
vt 0.968750 1.000000
vt 1.000000 0.556109
vt 1.000000 1.000000
vt 0.969364 0.534637
vt 0.999386 0.534637
vt 0.971085 0.500000
vt 0.997666 0.500000
vt 0.753497 0.489656
vt 0.793324 0.485733
vt 0.782143 0.411593
vt 0.750000 0.414759
vt 0.773100 0.366131
vt 0.750000 0.368406
vt 0.938114 0.534637
vt 0.968136 0.534637
vt 0.939834 0.500000
vt 0.966416 0.500000
vt 0.800185 0.484368
vt 0.838481 0.472751
vt 0.813051 0.402217
vt 0.795313 0.359393
vt 0.906865 0.534637
vt 0.936886 0.534637
vt 0.908585 0.500000
vt 0.935166 0.500000
vt 0.844943 0.470075
vt 0.880236 0.451210
vt 0.841536 0.386992
vt 0.815783 0.348451
vt 0.875614 0.534637
vt 0.905636 0.534637
vt 0.877334 0.500000
vt 0.903916 0.500000
vt 0.886054 0.447323
vt 0.916990 0.421935
vt 0.866503 0.366502
vt 0.833726 0.333725
vt 0.844364 0.534637
vt 0.874385 0.534637
vt 0.846085 0.500000
vt 0.872665 0.500000
vt 0.921936 0.416988
vt 0.947322 0.386055
vt 0.886991 0.341537
vt 0.848449 0.315785
vt 0.813114 0.534637
vt 0.843136 0.534637
vt 0.814834 0.500000
vt 0.841416 0.500000
vt 0.951209 0.380239
vt 0.970075 0.344943
vt 0.902219 0.313050
vt 0.859393 0.295311
vt 0.781865 0.534637
vt 0.811886 0.534637
vt 0.783585 0.500000
vt 0.810166 0.500000
vt 0.972751 0.338480
vt 0.984368 0.300185
vt 0.911592 0.282143
vt 0.866131 0.273101
vt 0.750614 0.534637
vt 0.780636 0.534637
vt 0.752334 0.500000
vt 0.778916 0.500000
vt 0.985733 0.293325
vt 0.989656 0.253498
vt 0.914760 0.250000
vt 0.868406 0.250000
vt 0.719364 0.534637
vt 0.749386 0.534637
vt 0.721084 0.500000
vt 0.747666 0.500000
vt 0.989656 0.246502
vt 0.985733 0.206675
vt 0.911592 0.217857
vt 0.866131 0.226899
vt 0.688114 0.534637
vt 0.718135 0.534637
vt 0.689835 0.500000
vt 0.716415 0.500000
vt 0.984368 0.199815
vt 0.972751 0.161520
vt 0.902218 0.186950
vt 0.859393 0.204689
vt 0.656864 0.534637
vt 0.686886 0.534637
vt 0.658583 0.500000
vt 0.685166 0.500000
vt 0.970075 0.155057
vt 0.951209 0.119761
vt 0.886991 0.158463
vt 0.848449 0.184215
vt 0.625615 0.534637
vt 0.655636 0.534637
vt 0.627335 0.500000
vt 0.653915 0.500000
vt 0.947322 0.113945
vt 0.921936 0.083012
vt 0.866503 0.133498
vt 0.833726 0.166275
vt 0.594364 0.534637
vt 0.624386 0.534637
vt 0.596084 0.500000
vt 0.622666 0.500000
vt 0.916990 0.078065
vt 0.886054 0.052677
vt 0.841536 0.113008
vt 0.815784 0.151549
vt 0.563114 0.534637
vt 0.593136 0.534637
vt 0.564834 0.500000
vt 0.591415 0.500000
vt 0.880236 0.048790
vt 0.844943 0.029925
vt 0.813051 0.097783
vt 0.795313 0.140607
vt 0.531864 0.534637
vt 0.561886 0.534637
vt 0.533584 0.500000
vt 0.560166 0.500000
vt 0.838481 0.027249
vt 0.800184 0.015632
vt 0.782143 0.088407
vt 0.773099 0.133869
vt 0.500614 0.534637
vt 0.530636 0.534637
vt 0.502334 0.500000
vt 0.528915 0.500000
vt 0.793323 0.014267
vt 0.753497 0.010344
vt 0.750000 0.085241
vt 0.750000 0.131594
vt 0.469364 0.534637
vt 0.499386 0.534637
vt 0.471084 0.500000
vt 0.497666 0.500000
vt 0.746503 0.010344
vt 0.706676 0.014267
vt 0.717857 0.088407
vt 0.726900 0.133869
vt 0.438114 0.534637
vt 0.468135 0.534637
vt 0.439834 0.500000
vt 0.466416 0.500000
vt 0.699815 0.015632
vt 0.661518 0.027249
vt 0.686950 0.097782
vt 0.704687 0.140607
vt 0.406864 0.534637
vt 0.436886 0.534637
vt 0.408585 0.500000
vt 0.435165 0.500000
vt 0.655056 0.029926
vt 0.619764 0.048790
vt 0.658466 0.113007
vt 0.684218 0.151548
vt 0.375614 0.534637
vt 0.405636 0.534637
vt 0.377333 0.500000
vt 0.403917 0.500000
vt 0.613947 0.052676
vt 0.583010 0.078066
vt 0.633497 0.133499
vt 0.666273 0.166276
vt 0.344365 0.534637
vt 0.374385 0.534637
vt 0.346085 0.500000
vt 0.372665 0.500000
vt 0.578064 0.083012
vt 0.552677 0.113946
vt 0.613009 0.158463
vt 0.651550 0.184215
vt 0.313114 0.534637
vt 0.343136 0.534637
vt 0.314834 0.500000
vt 0.341417 0.500000
vt 0.548791 0.119762
vt 0.529925 0.155057
vt 0.597783 0.186950
vt 0.640607 0.204689
vt 0.281864 0.534637
vt 0.311886 0.534637
vt 0.283584 0.500000
vt 0.310165 0.500000
vt 0.527249 0.161520
vt 0.515632 0.199815
vt 0.588406 0.217857
vt 0.633869 0.226900
vt 0.250614 0.534637
vt 0.280636 0.534637
vt 0.252334 0.500000
vt 0.278915 0.500000
vt 0.514267 0.206676
vt 0.510344 0.246503
vt 0.585241 0.250000
vt 0.631594 0.250000
vt 0.219364 0.534637
vt 0.249386 0.534637
vt 0.221084 0.500000
vt 0.247666 0.500000
vt 0.510344 0.253497
vt 0.514267 0.293324
vt 0.588406 0.282144
vt 0.633869 0.273101
vt 0.188114 0.534637
vt 0.218136 0.534637
vt 0.189835 0.500000
vt 0.216415 0.500000
vt 0.515632 0.300185
vt 0.527249 0.338480
vt 0.597781 0.313049
vt 0.640606 0.295310
vt 0.156864 0.534637
vt 0.186886 0.534637
vt 0.158584 0.500000
vt 0.185166 0.500000
vt 0.529926 0.344943
vt 0.548791 0.380238
vt 0.613008 0.341536
vt 0.651550 0.315783
vt 0.125615 0.534637
vt 0.155635 0.534637
vt 0.127334 0.500000
vt 0.153915 0.500000
vt 0.552677 0.386054
vt 0.578065 0.416989
vt 0.633498 0.366502
vt 0.666275 0.333725
vt 0.094364 0.534637
vt 0.124386 0.534637
vt 0.096084 0.500000
vt 0.122666 0.500000
vt 0.583011 0.421935
vt 0.613947 0.447324
vt 0.658466 0.386993
vt 0.684219 0.348452
vt 0.063114 0.534637
vt 0.093136 0.534637
vt 0.064835 0.500000
vt 0.091415 0.500000
vt 0.619763 0.451210
vt 0.655056 0.470074
vt 0.686949 0.402217
vt 0.704687 0.359393
vt 0.031864 0.534637
vt 0.061886 0.534637
vt 0.033584 0.500000
vt 0.060166 0.500000
vt 0.661519 0.472751
vt 0.699816 0.484368
vt 0.717857 0.411593
vt 0.726900 0.366131
vt 0.000614 0.534637
vt 0.030636 0.534637
vt 0.002334 0.500000
vt 0.028916 0.500000
vt 0.706677 0.485733
vt 0.746503 0.489656
s 0
usemtl Black-Material
f 3519/2687/1483 3362/2688/1483 3331/2689/1483 3364/2690/1483
f 3374/2691/1484 3333/2692/1484 3334/2693/1484 3379/2694/1484
f 3379/2694/1485 3334/2693/1485 3335/2695/1485 3384/2696/1485
f 3384/2696/1486 3335/2695/1486 3336/2697/1486 3389/2698/1486
f 3389/2698/1487 3336/2697/1487 3337/2699/1487 3394/2700/1487
f 3394/2700/1488 3337/2699/1488 3338/2701/1488 3399/2702/1488
f 3399/2702/1489 3338/2701/1489 3339/2703/1489 3404/2704/1489
f 3404/2704/1490 3339/2703/1490 3340/2705/1490 3409/2706/1490
f 3409/2706/1491 3340/2705/1491 3341/2707/1491 3414/2708/1491
f 3414/2708/1492 3341/2707/1492 3342/2709/1492 3419/2710/1492
f 3419/2710/1493 3342/2709/1493 3343/2711/1493 3424/2712/1493
f 3424/2712/1494 3343/2711/1494 3344/2713/1494 3429/2714/1494
f 3429/2714/1495 3344/2713/1495 3345/2715/1495 3434/2716/1495
f 3434/2716/1496 3345/2715/1496 3346/2717/1496 3439/2718/1496
f 3439/2718/1497 3346/2717/1497 3347/2719/1497 3444/2720/1497
f 3444/2720/1498 3347/2719/1498 3348/2721/1498 3449/2722/1498
f 3449/2722/1499 3348/2721/1499 3349/2723/1499 3454/2724/1499
f 3454/2724/1500 3349/2723/1500 3350/2725/1500 3459/2726/1500
f 3459/2726/1501 3350/2725/1501 3351/2727/1501 3464/2728/1501
f 3464/2728/1502 3351/2727/1502 3352/2729/1502 3469/2730/1502
f 3469/2730/1503 3352/2729/1503 3353/2731/1503 3474/2732/1503
f 3474/2732/1504 3353/2731/1504 3354/2733/1504 3479/2734/1504
f 3479/2734/1505 3354/2733/1505 3355/2735/1505 3484/2736/1505
f 3484/2736/1506 3355/2735/1506 3356/2737/1506 3489/2738/1506
f 3489/2738/1507 3356/2737/1507 3357/2739/1507 3494/2740/1507
f 3494/2740/1508 3357/2739/1508 3358/2741/1508 3499/2742/1508
f 3499/2742/1509 3358/2741/1509 3359/2743/1509 3504/2744/1509
f 3504/2744/1510 3359/2743/1510 3360/2745/1510 3509/2746/1510
f 3509/2746/1511 3360/2745/1511 3361/2747/1511 3514/2748/1511
f 3514/2748/1512 3361/2747/1512 3362/2688/1512 3519/2687/1512
f 3332/2749/1513 3331/2750/1513 3362/2751/1513 3361/2752/1513 3360/2753/1513 3359/2754/1513 3358/2755/1513 3357/2756/1513 3356/2757/1513 3355/2758/1513 3354/2759/1513 3353/2760/1513 3352/2761/1513 3351/2762/1513 3350/2763/1513 3349/2764/1513 3348/2765/1513 3347/2766/1513 3346/2767/1513 3345/2768/1513 3344/2769/1513 3343/2770/1513 3342/2771/1513 3341/2772/1513 3340/2773/1513 3339/2774/1513 3338/2775/1513 3337/2776/1513 3336/2777/1513 3335/2778/1513 3334/2779/1513 3333/2780/1513
f 3369/2781/1514 3332/2782/1514 3333/2692/1514 3374/2691/1514
f 3364/2783/1515 3331/2784/1515 3332/2782/1515 3369/2781/1515
f 3364/2783/1516 3369/2781/1516 3372/2785/1516 3367/2786/1516
f 3367/2786/1517 3372/2785/1517 3371/2787/1517 3366/2788/1517
f 3366/2789/1518 3371/2790/1518 3370/2791/1518 3365/2792/1518
f 3365/2792/1519 3370/2791/1519 3368/2793/1519 3363/2794/1519
f 3369/2781/1520 3374/2691/1520 3377/2795/1520 3372/2796/1520
f 3372/2796/1521 3377/2795/1521 3376/2797/1521 3371/2798/1521
f 3371/2799/1522 3376/2800/1522 3375/2801/1522 3370/2791/1522
f 3370/2791/1523 3375/2801/1523 3373/2802/1523 3368/2793/1523
f 3374/2691/1524 3379/2694/1524 3382/2803/1524 3377/2804/1524
f 3377/2804/1525 3382/2803/1525 3381/2805/1525 3376/2806/1525
f 3376/2807/1526 3381/2808/1526 3380/2809/1526 3375/2801/1526
f 3375/2801/1527 3380/2809/1527 3378/2810/1527 3373/2802/1527
f 3379/2694/1528 3384/2696/1528 3387/2811/1528 3382/2812/1528
f 3382/2812/1529 3387/2811/1529 3386/2813/1529 3381/2814/1529
f 3381/2815/1530 3386/2816/1530 3385/2817/1530 3380/2809/1530
f 3380/2809/1531 3385/2817/1531 3383/2818/1531 3378/2810/1531
f 3384/2696/1532 3389/2698/1532 3392/2819/1532 3387/2820/1532
f 3387/2820/1533 3392/2819/1533 3391/2821/1533 3386/2822/1533
f 3386/2823/1534 3391/2824/1534 3390/2825/1534 3385/2817/1534
f 3385/2817/1535 3390/2825/1535 3388/2826/1535 3383/2818/1535
f 3389/2698/1536 3394/2700/1536 3397/2827/1536 3392/2828/1536
f 3392/2828/1537 3397/2827/1537 3396/2829/1537 3391/2830/1537
f 3391/2831/1538 3396/2832/1538 3395/2833/1538 3390/2825/1538
f 3390/2825/1539 3395/2833/1539 3393/2834/1539 3388/2826/1539
f 3394/2700/1540 3399/2702/1540 3402/2835/1540 3397/2836/1540
f 3397/2836/1541 3402/2835/1541 3401/2837/1541 3396/2838/1541
f 3396/2839/1542 3401/2840/1542 3400/2841/1542 3395/2833/1542
f 3395/2833/1543 3400/2841/1543 3398/2842/1543 3393/2834/1543
f 3399/2702/1544 3404/2704/1544 3407/2843/1544 3402/2844/1544
f 3402/2844/1545 3407/2843/1545 3406/2845/1545 3401/2846/1545
f 3401/2847/1546 3406/2848/1546 3405/2849/1546 3400/2841/1546
f 3400/2841/1547 3405/2849/1547 3403/2850/1547 3398/2842/1547
f 3404/2704/1548 3409/2706/1548 3412/2851/1548 3407/2852/1548
f 3407/2852/1549 3412/2851/1549 3411/2853/1549 3406/2854/1549
f 3406/2855/1550 3411/2856/1550 3410/2857/1550 3405/2849/1550
f 3405/2849/1551 3410/2857/1551 3408/2858/1551 3403/2850/1551
f 3409/2706/1552 3414/2708/1552 3417/2859/1552 3412/2860/1552
f 3412/2860/1553 3417/2859/1553 3416/2861/1553 3411/2862/1553
f 3411/2863/1554 3416/2864/1554 3415/2865/1554 3410/2857/1554
f 3410/2857/1555 3415/2865/1555 3413/2866/1555 3408/2858/1555
f 3414/2708/1556 3419/2710/1556 3422/2867/1556 3417/2868/1556
f 3417/2868/1557 3422/2867/1557 3421/2869/1557 3416/2870/1557
f 3416/2871/1558 3421/2872/1558 3420/2873/1558 3415/2865/1558
f 3415/2865/1559 3420/2873/1559 3418/2874/1559 3413/2866/1559
f 3419/2710/1560 3424/2712/1560 3427/2875/1560 3422/2876/1560
f 3422/2876/1561 3427/2875/1561 3426/2877/1561 3421/2878/1561
f 3421/2879/1562 3426/2880/1562 3425/2881/1562 3420/2873/1562
f 3420/2873/1563 3425/2881/1563 3423/2882/1563 3418/2874/1563
f 3424/2712/1564 3429/2714/1564 3432/2883/1564 3427/2884/1564
f 3427/2884/1565 3432/2883/1565 3431/2885/1565 3426/2886/1565
f 3426/2887/1566 3431/2888/1566 3430/2889/1566 3425/2881/1566
f 3425/2881/1567 3430/2889/1567 3428/2890/1567 3423/2882/1567
f 3429/2714/1568 3434/2716/1568 3437/2891/1568 3432/2892/1568
f 3432/2892/1569 3437/2891/1569 3436/2893/1569 3431/2894/1569
f 3431/2895/1570 3436/2896/1570 3435/2897/1570 3430/2889/1570
f 3430/2889/1571 3435/2897/1571 3433/2898/1571 3428/2890/1571
f 3434/2716/1572 3439/2718/1572 3442/2899/1572 3437/2900/1572
f 3437/2900/1573 3442/2899/1573 3441/2901/1573 3436/2902/1573
f 3436/2903/1574 3441/2904/1574 3440/2905/1574 3435/2897/1574
f 3435/2897/1575 3440/2905/1575 3438/2906/1575 3433/2898/1575
f 3439/2718/1576 3444/2720/1576 3447/2907/1576 3442/2908/1576
f 3442/2908/1577 3447/2907/1577 3446/2909/1577 3441/2910/1577
f 3441/2911/1578 3446/2912/1578 3445/2913/1578 3440/2905/1578
f 3440/2905/1579 3445/2913/1579 3443/2914/1579 3438/2906/1579
f 3444/2720/1580 3449/2722/1580 3452/2915/1580 3447/2916/1580
f 3447/2916/1581 3452/2915/1581 3451/2917/1581 3446/2918/1581
f 3446/2919/1582 3451/2920/1582 3450/2921/1582 3445/2913/1582
f 3445/2913/1583 3450/2921/1583 3448/2922/1583 3443/2914/1583
f 3449/2722/1584 3454/2724/1584 3457/2923/1584 3452/2924/1584
f 3452/2924/1585 3457/2923/1585 3456/2925/1585 3451/2926/1585
f 3451/2927/1586 3456/2928/1586 3455/2929/1586 3450/2921/1586
f 3450/2921/1587 3455/2929/1587 3453/2930/1587 3448/2922/1587
f 3454/2724/1588 3459/2726/1588 3462/2931/1588 3457/2932/1588
f 3457/2932/1589 3462/2931/1589 3461/2933/1589 3456/2934/1589
f 3456/2935/1590 3461/2936/1590 3460/2937/1590 3455/2929/1590
f 3455/2929/1591 3460/2937/1591 3458/2938/1591 3453/2930/1591
f 3459/2726/1592 3464/2728/1592 3467/2939/1592 3462/2940/1592
f 3462/2940/1593 3467/2939/1593 3466/2941/1593 3461/2942/1593
f 3461/2943/1594 3466/2944/1594 3465/2945/1594 3460/2937/1594
f 3460/2937/1595 3465/2945/1595 3463/2946/1595 3458/2938/1595
f 3464/2728/1596 3469/2730/1596 3472/2947/1596 3467/2948/1596
f 3467/2948/1597 3472/2947/1597 3471/2949/1597 3466/2950/1597
f 3466/2951/1598 3471/2952/1598 3470/2953/1598 3465/2945/1598
f 3465/2945/1599 3470/2953/1599 3468/2954/1599 3463/2946/1599
f 3469/2730/1600 3474/2732/1600 3477/2955/1600 3472/2956/1600
f 3472/2956/1601 3477/2955/1601 3476/2957/1601 3471/2958/1601
f 3471/2959/1602 3476/2960/1602 3475/2961/1602 3470/2953/1602
f 3470/2953/1603 3475/2961/1603 3473/2962/1603 3468/2954/1603
f 3474/2732/1604 3479/2734/1604 3482/2963/1604 3477/2964/1604
f 3477/2964/1605 3482/2963/1605 3481/2965/1605 3476/2966/1605
f 3476/2967/1606 3481/2968/1606 3480/2969/1606 3475/2961/1606
f 3475/2961/1607 3480/2969/1607 3478/2970/1607 3473/2962/1607
f 3479/2734/1608 3484/2736/1608 3487/2971/1608 3482/2972/1608
f 3482/2972/1609 3487/2971/1609 3486/2973/1609 3481/2974/1609
f 3481/2975/1610 3486/2976/1610 3485/2977/1610 3480/2969/1610
f 3480/2969/1611 3485/2977/1611 3483/2978/1611 3478/2970/1611
f 3484/2736/1612 3489/2738/1612 3492/2979/1612 3487/2980/1612
f 3487/2980/1613 3492/2979/1613 3491/2981/1613 3486/2982/1613
f 3486/2983/1614 3491/2984/1614 3490/2985/1614 3485/2977/1614
f 3485/2977/1615 3490/2985/1615 3488/2986/1615 3483/2978/1615
f 3489/2738/1616 3494/2740/1616 3497/2987/1616 3492/2988/1616
f 3492/2988/1617 3497/2987/1617 3496/2989/1617 3491/2990/1617
f 3491/2991/1618 3496/2992/1618 3495/2993/1618 3490/2985/1618
f 3490/2985/1619 3495/2993/1619 3493/2994/1619 3488/2986/1619
f 3494/2740/1620 3499/2742/1620 3502/2995/1620 3497/2996/1620
f 3497/2996/1621 3502/2995/1621 3501/2997/1621 3496/2998/1621
f 3496/2999/1622 3501/3000/1622 3500/3001/1622 3495/2993/1622
f 3495/2993/1623 3500/3001/1623 3498/3002/1623 3493/2994/1623
f 3499/2742/1624 3504/2744/1624 3507/3003/1624 3502/3004/1624
f 3502/3004/1625 3507/3003/1625 3506/3005/1625 3501/3006/1625
f 3501/3007/1626 3506/3008/1626 3505/3009/1626 3500/3001/1626
f 3500/3001/1627 3505/3009/1627 3503/3010/1627 3498/3002/1627
f 3504/2744/1628 3509/2746/1628 3512/3011/1628 3507/3012/1628
f 3507/3012/1629 3512/3011/1629 3511/3013/1629 3506/3014/1629
f 3506/3015/1630 3511/3016/1630 3510/3017/1630 3505/3009/1630
f 3505/3009/1631 3510/3017/1631 3508/3018/1631 3503/3010/1631
f 3509/2746/1632 3514/2748/1632 3517/3019/1632 3512/3020/1632
f 3512/3020/1633 3517/3019/1633 3516/3021/1633 3511/3022/1633
f 3511/3023/1634 3516/3024/1634 3515/3025/1634 3510/3017/1634
f 3510/3017/1635 3515/3025/1635 3513/3026/1635 3508/3018/1635
f 3514/2748/1636 3519/2687/1636 3522/3027/1636 3517/3028/1636
f 3517/3028/1637 3522/3027/1637 3521/3029/1637 3516/3030/1637
f 3516/3031/1638 3521/3032/1638 3520/3033/1638 3515/3025/1638
f 3515/3025/1639 3520/3033/1639 3518/3034/1639 3513/3026/1639
f 3519/2687/1640 3364/2690/1640 3367/3035/1640 3522/3036/1640
f 3522/3036/1641 3367/3035/1641 3366/3037/1641 3521/3038/1641
f 3521/3039/1642 3366/3040/1642 3365/2792/1642 3520/3033/1642
f 3520/3033/1643 3365/2792/1643 3363/2794/1643 3518/3034/1643
f 3363/2794/1644 3368/2793/1644 3373/2802/1644 3378/2810/1644 3383/2818/1644 3388/2826/1644 3393/2834/1644 3398/2842/1644 3403/2850/1644 3408/2858/1644 3413/2866/1644 3418/2874/1644 3423/2882/1644 3428/2890/1644 3433/2898/1644 3438/2906/1644 3443/2914/1644 3448/2922/1644 3453/2930/1644 3458/2938/1644 3463/2946/1644 3468/2954/1644 3473/2962/1644 3478/2970/1644 3483/2978/1644 3488/2986/1644 3493/2994/1644 3498/3002/1644 3503/3010/1644 3508/3018/1644 3513/3026/1644 3518/3034/1644
o Cylinder.003
v 0.067437 -0.003404 -0.001784
v 0.067786 -0.003404 -0.001750
v 0.068120 -0.003404 -0.001648
v 0.068429 -0.003404 -0.001483
v 0.068699 -0.003404 -0.001261
v 0.068921 -0.003404 -0.000991
v 0.069086 -0.003404 -0.000682
v 0.069188 -0.003404 -0.000347
v 0.069222 -0.003404 0.000001
v 0.069188 -0.003404 0.000349
v 0.069086 -0.003404 0.000684
v 0.068921 -0.003404 0.000993
v 0.068699 -0.003404 0.001263
v 0.068429 -0.003404 0.001485
v 0.068120 -0.003404 0.001650
v 0.067786 -0.003404 0.001752
v 0.067437 -0.003404 0.001786
v 0.067089 -0.003404 0.001752
v 0.066754 -0.003404 0.001650
v 0.066446 -0.003404 0.001485
v 0.066175 -0.003404 0.001263
v 0.065953 -0.003404 0.000993
v 0.065788 -0.003404 0.000684
v 0.065687 -0.003404 0.000349
v 0.065652 -0.003404 0.000001
v 0.065687 -0.003404 -0.000347
v 0.065788 -0.003404 -0.000682
v 0.065953 -0.003404 -0.000991
v 0.066175 -0.003404 -0.001261
v 0.066446 -0.003404 -0.001483
v 0.066754 -0.003404 -0.001648
v 0.067089 -0.003404 -0.001750
v 0.067437 -0.013028 -0.000879
v 0.067437 -0.011948 -0.001784
v 0.067437 -0.012945 -0.001224
v 0.067437 -0.012711 -0.001517
v 0.067437 -0.012361 -0.001714
v 0.067609 -0.013028 -0.000863
v 0.067786 -0.011948 -0.001750
v 0.067676 -0.012945 -0.001201
v 0.067733 -0.012711 -0.001488
v 0.067772 -0.012361 -0.001681
v 0.067774 -0.013028 -0.000812
v 0.068120 -0.011948 -0.001648
v 0.067906 -0.012945 -0.001131
v 0.068018 -0.012711 -0.001402
v 0.068093 -0.012361 -0.001583
v 0.067927 -0.013028 -0.000731
v 0.068429 -0.011948 -0.001483
v 0.068118 -0.012945 -0.001018
v 0.068281 -0.012711 -0.001261
v 0.068390 -0.012361 -0.001425
v 0.068060 -0.013028 -0.000622
v 0.068699 -0.011948 -0.001261
v 0.068304 -0.012945 -0.000865
v 0.068511 -0.012711 -0.001072
v 0.068650 -0.012361 -0.001211
v 0.068169 -0.013028 -0.000488
v 0.068921 -0.011948 -0.000991
v 0.068456 -0.012945 -0.000680
v 0.068700 -0.012711 -0.000842
v 0.068863 -0.012361 -0.000952
v 0.068251 -0.013028 -0.000336
v 0.069086 -0.011948 -0.000682
v 0.068569 -0.012945 -0.000468
v 0.068840 -0.012711 -0.000580
v 0.069022 -0.012361 -0.000655
v 0.068301 -0.013028 -0.000171
v 0.069188 -0.011948 -0.000347
v 0.068639 -0.012945 -0.000238
v 0.068926 -0.012711 -0.000295
v 0.069119 -0.012361 -0.000333
v 0.068318 -0.013028 0.000001
v 0.069222 -0.011948 0.000001
v 0.068663 -0.012945 0.000001
v 0.068956 -0.012711 0.000001
v 0.069152 -0.012361 0.000001
v 0.068301 -0.013028 0.000173
v 0.069188 -0.011948 0.000349
v 0.068639 -0.012945 0.000240
v 0.068926 -0.012711 0.000297
v 0.069119 -0.012361 0.000336
v 0.068251 -0.013028 0.000338
v 0.069086 -0.011948 0.000684
v 0.068569 -0.012945 0.000470
v 0.068840 -0.012711 0.000582
v 0.069022 -0.012361 0.000657
v 0.068169 -0.013028 0.000490
v 0.068921 -0.011948 0.000993
v 0.068456 -0.012945 0.000682
v 0.068700 -0.012711 0.000845
v 0.068863 -0.012361 0.000954
v 0.068060 -0.013028 0.000624
v 0.068699 -0.011948 0.001263
v 0.068304 -0.012945 0.000868
v 0.068511 -0.012711 0.001075
v 0.068650 -0.012361 0.001214
v 0.067927 -0.013028 0.000733
v 0.068429 -0.011948 0.001485
v 0.068118 -0.012945 0.001020
v 0.068281 -0.012711 0.001264
v 0.068390 -0.012361 0.001427
v 0.067774 -0.013028 0.000815
v 0.068120 -0.011948 0.001650
v 0.067906 -0.012945 0.001133
v 0.068018 -0.012711 0.001404
v 0.068093 -0.012361 0.001585
v 0.067609 -0.013028 0.000865
v 0.067786 -0.011948 0.001752
v 0.067676 -0.012945 0.001203
v 0.067733 -0.012711 0.001490
v 0.067772 -0.012361 0.001683
v 0.067437 -0.013028 0.000882
v 0.067437 -0.011948 0.001786
v 0.067437 -0.012945 0.001227
v 0.067437 -0.012711 0.001520
v 0.067437 -0.012361 0.001716
v 0.067265 -0.013028 0.000865
v 0.067089 -0.011948 0.001752
v 0.067198 -0.012945 0.001203
v 0.067141 -0.012711 0.001490
v 0.067103 -0.012361 0.001683
v 0.067100 -0.013028 0.000815
v 0.066754 -0.011948 0.001650
v 0.066968 -0.012945 0.001133
v 0.066856 -0.012711 0.001404
v 0.066781 -0.012361 0.001585
v 0.066948 -0.013028 0.000733
v 0.066446 -0.011948 0.001485
v 0.066756 -0.012945 0.001020
v 0.066594 -0.012711 0.001264
v 0.066485 -0.012361 0.001427
v 0.066815 -0.013028 0.000624
v 0.066175 -0.011948 0.001263
v 0.066571 -0.012945 0.000868
v 0.066364 -0.012711 0.001075
v 0.066225 -0.012361 0.001214
v 0.066705 -0.013028 0.000490
v 0.065953 -0.011948 0.000993
v 0.066418 -0.012945 0.000682
v 0.066175 -0.012711 0.000845
v 0.066011 -0.012361 0.000954
v 0.066624 -0.013028 0.000338
v 0.065788 -0.011948 0.000684
v 0.066305 -0.012945 0.000470
v 0.066035 -0.012711 0.000582
v 0.065853 -0.012361 0.000657
v 0.066574 -0.013028 0.000173
v 0.065687 -0.011948 0.000349
v 0.066235 -0.012945 0.000240
v 0.065948 -0.012711 0.000297
v 0.065755 -0.012361 0.000336
v 0.066557 -0.013028 0.000001
v 0.065652 -0.011948 0.000001
v 0.066212 -0.012945 0.000001
v 0.065919 -0.012711 0.000001
v 0.065722 -0.012361 0.000001
v 0.066574 -0.013028 -0.000171
v 0.065687 -0.011948 -0.000347
v 0.066235 -0.012945 -0.000238
v 0.065948 -0.012711 -0.000295
v 0.065755 -0.012361 -0.000333
v 0.066624 -0.013028 -0.000336
v 0.065788 -0.011948 -0.000682
v 0.066305 -0.012945 -0.000468
v 0.066035 -0.012711 -0.000580
v 0.065853 -0.012361 -0.000655
v 0.066705 -0.013028 -0.000488
v 0.065953 -0.011948 -0.000991
v 0.066418 -0.012945 -0.000680
v 0.066175 -0.012711 -0.000842
v 0.066011 -0.012361 -0.000952
v 0.066815 -0.013028 -0.000622
v 0.066175 -0.011948 -0.001261
v 0.066571 -0.012945 -0.000865
v 0.066364 -0.012711 -0.001072
v 0.066225 -0.012361 -0.001211
v 0.066948 -0.013028 -0.000731
v 0.066446 -0.011948 -0.001483
v 0.066756 -0.012945 -0.001018
v 0.066594 -0.012711 -0.001261
v 0.066485 -0.012361 -0.001425
v 0.067100 -0.013028 -0.000812
v 0.066754 -0.011948 -0.001648
v 0.066968 -0.012945 -0.001131
v 0.066856 -0.012711 -0.001402
v 0.066781 -0.012361 -0.001583
v 0.067265 -0.013028 -0.000863
v 0.067089 -0.011948 -0.001750
v 0.067198 -0.012945 -0.001201
v 0.067141 -0.012711 -0.001488
v 0.067103 -0.012361 -0.001681
vn -0.0980 -0.0000 -0.9952
vn 0.4714 -0.0000 -0.8819
vn 0.6344 -0.0000 -0.7730
vn 0.7730 -0.0000 -0.6344
vn 0.8819 -0.0000 -0.4714
vn 0.9569 -0.0000 -0.2903
vn 0.9952 -0.0000 -0.0980
vn 0.9952 -0.0000 0.0980
vn 0.9569 -0.0000 0.2903
vn 0.8819 -0.0000 0.4714
vn 0.7730 -0.0000 0.6344
vn 0.6344 -0.0000 0.7730
vn 0.4714 -0.0000 0.8819
vn 0.2903 -0.0000 0.9569
vn 0.0980 -0.0000 0.9952
vn -0.0980 -0.0000 0.9952
vn -0.2903 -0.0000 0.9569
vn -0.4714 -0.0000 0.8819
vn -0.6344 -0.0000 0.7730
vn -0.7730 -0.0000 0.6344
vn -0.8819 -0.0000 0.4714
vn -0.9569 -0.0000 0.2903
vn -0.9952 -0.0000 0.0980
vn -0.9952 -0.0000 -0.0980
vn -0.9569 -0.0000 -0.2903
vn -0.8819 -0.0000 -0.4714
vn -0.7730 -0.0000 -0.6344
vn -0.6344 -0.0000 -0.7730
vn -0.4714 -0.0000 -0.8819
vn -0.2903 -0.0000 -0.9569
vn -0.0000 1.0000 -0.0000
vn 0.2903 -0.0000 -0.9569
vn 0.0980 -0.0000 -0.9952
vn 0.0966 -0.1666 -0.9813
vn 0.0856 -0.4874 -0.8690
vn 0.0614 -0.7797 -0.6232
vn 0.0228 -0.9725 -0.2319
vn 0.2862 -0.1666 -0.9436
vn 0.2535 -0.4874 -0.8356
vn 0.1818 -0.7797 -0.5992
vn 0.0676 -0.9725 -0.2230
vn 0.4648 -0.1666 -0.8696
vn 0.4116 -0.4874 -0.7701
vn 0.2952 -0.7797 -0.5522
vn 0.1098 -0.9725 -0.2055
vn 0.6255 -0.1666 -0.7622
vn 0.5539 -0.4874 -0.6750
vn 0.3972 -0.7797 -0.4840
vn 0.1478 -0.9725 -0.1801
vn 0.7622 -0.1666 -0.6255
vn 0.6750 -0.4874 -0.5539
vn 0.4840 -0.7797 -0.3972
vn 0.1801 -0.9725 -0.1478
vn 0.8696 -0.1666 -0.4648
vn 0.7701 -0.4874 -0.4116
vn 0.5522 -0.7797 -0.2952
vn 0.2055 -0.9725 -0.1098
vn 0.9436 -0.1666 -0.2862
vn 0.8356 -0.4874 -0.2534
vn 0.5992 -0.7797 -0.1818
vn 0.2230 -0.9725 -0.0676
vn 0.9813 -0.1666 -0.0967
vn 0.8690 -0.4874 -0.0856
vn 0.6231 -0.7797 -0.0614
vn 0.2319 -0.9725 -0.0228
vn 0.9813 -0.1666 0.0967
vn 0.8690 -0.4874 0.0856
vn 0.6231 -0.7797 0.0614
vn 0.2319 -0.9725 0.0228
vn 0.9436 -0.1666 0.2862
vn 0.8356 -0.4874 0.2534
vn 0.5992 -0.7797 0.1818
vn 0.2230 -0.9725 0.0676
vn 0.8696 -0.1666 0.4648
vn 0.7701 -0.4874 0.4116
vn 0.5522 -0.7797 0.2952
vn 0.2055 -0.9725 0.1098
vn 0.7622 -0.1666 0.6255
vn 0.6750 -0.4874 0.5539
vn 0.4840 -0.7797 0.3972
vn 0.1801 -0.9725 0.1478
vn 0.6255 -0.1666 0.7622
vn 0.5539 -0.4874 0.6750
vn 0.3972 -0.7797 0.4840
vn 0.1478 -0.9725 0.1801
vn 0.4648 -0.1666 0.8696
vn 0.4116 -0.4874 0.7701
vn 0.2952 -0.7797 0.5522
vn 0.1099 -0.9725 0.2055
vn 0.2862 -0.1666 0.9436
vn 0.2535 -0.4874 0.8356
vn 0.1818 -0.7797 0.5992
vn 0.0676 -0.9725 0.2230
vn 0.0966 -0.1666 0.9813
vn 0.0856 -0.4874 0.8690
vn 0.0614 -0.7797 0.6232
vn 0.0228 -0.9725 0.2319
vn -0.0966 -0.1666 0.9813
vn -0.0856 -0.4874 0.8690
vn -0.0614 -0.7797 0.6232
vn -0.0228 -0.9725 0.2319
vn -0.2862 -0.1666 0.9436
vn -0.2535 -0.4874 0.8356
vn -0.1818 -0.7797 0.5992
vn -0.0676 -0.9725 0.2230
vn -0.4648 -0.1666 0.8696
vn -0.4116 -0.4874 0.7701
vn -0.2952 -0.7797 0.5522
vn -0.1098 -0.9725 0.2055
vn -0.6255 -0.1666 0.7622
vn -0.5539 -0.4874 0.6750
vn -0.3972 -0.7797 0.4840
vn -0.1478 -0.9725 0.1801
vn -0.7622 -0.1666 0.6255
vn -0.6750 -0.4874 0.5539
vn -0.4840 -0.7797 0.3972
vn -0.1801 -0.9725 0.1478
vn -0.8696 -0.1666 0.4648
vn -0.7701 -0.4874 0.4116
vn -0.5522 -0.7797 0.2952
vn -0.2055 -0.9725 0.1098
vn -0.9436 -0.1666 0.2862
vn -0.8356 -0.4874 0.2535
vn -0.5992 -0.7797 0.1818
vn -0.2230 -0.9725 0.0677
vn -0.9813 -0.1666 0.0966
vn -0.8690 -0.4874 0.0855
vn -0.6232 -0.7797 0.0614
vn -0.2319 -0.9725 0.0228
vn -0.9813 -0.1666 -0.0966
vn -0.8690 -0.4874 -0.0855
vn -0.6232 -0.7797 -0.0614
vn -0.2319 -0.9725 -0.0228
vn -0.9436 -0.1666 -0.2862
vn -0.8356 -0.4874 -0.2535
vn -0.5992 -0.7797 -0.1818
vn -0.2230 -0.9725 -0.0677
vn -0.8696 -0.1666 -0.4648
vn -0.7701 -0.4874 -0.4116
vn -0.5522 -0.7797 -0.2952
vn -0.2055 -0.9725 -0.1098
vn -0.7622 -0.1666 -0.6255
vn -0.6750 -0.4874 -0.5540
vn -0.4840 -0.7797 -0.3973
vn -0.1801 -0.9725 -0.1478
vn -0.6255 -0.1666 -0.7622
vn -0.5540 -0.4874 -0.6750
vn -0.3972 -0.7797 -0.4840
vn -0.1478 -0.9725 -0.1801
vn -0.4648 -0.1666 -0.8696
vn -0.4116 -0.4874 -0.7701
vn -0.2952 -0.7797 -0.5522
vn -0.1098 -0.9725 -0.2055
vn -0.2862 -0.1666 -0.9436
vn -0.2535 -0.4874 -0.8356
vn -0.1818 -0.7797 -0.5992
vn -0.0676 -0.9725 -0.2230
vn -0.0966 -0.1666 -0.9813
vn -0.0856 -0.4874 -0.8690
vn -0.0614 -0.7797 -0.6231
vn -0.0228 -0.9725 -0.2319
vn -0.0000 -1.0000 -0.0000
vt 0.031250 0.556109
vt 0.031250 1.000000
vt 0.000000 1.000000
vt 0.000000 0.556109
vt 0.937500 0.556109
vt 0.937500 1.000000
vt 0.906250 1.000000
vt 0.906250 0.556109
vt 0.875000 1.000000
vt 0.875000 0.556109
vt 0.843750 1.000000
vt 0.843750 0.556109
vt 0.812500 1.000000
vt 0.812500 0.556109
vt 0.781250 1.000000
vt 0.781250 0.556109
vt 0.750000 1.000000
vt 0.750000 0.556109
vt 0.718750 1.000000
vt 0.718750 0.556109
vt 0.687500 1.000000
vt 0.687500 0.556109
vt 0.656250 1.000000
vt 0.656250 0.556109
vt 0.625000 1.000000
vt 0.625000 0.556109
vt 0.593750 1.000000
vt 0.593750 0.556109
vt 0.562500 1.000000
vt 0.562500 0.556109
vt 0.531250 1.000000
vt 0.531250 0.556109
vt 0.500000 1.000000
vt 0.500000 0.556109
vt 0.468750 1.000000
vt 0.468750 0.556109
vt 0.437500 1.000000
vt 0.437500 0.556109
vt 0.406250 1.000000
vt 0.406250 0.556109
vt 0.375000 1.000000
vt 0.375000 0.556109
vt 0.343750 1.000000
vt 0.343750 0.556109
vt 0.312500 1.000000
vt 0.312500 0.556109
vt 0.281250 1.000000
vt 0.281250 0.556109
vt 0.250000 1.000000
vt 0.250000 0.556109
vt 0.218750 1.000000
vt 0.218750 0.556109
vt 0.187500 1.000000
vt 0.187500 0.556109
vt 0.156250 1.000000
vt 0.156250 0.556109
vt 0.125000 1.000000
vt 0.125000 0.556109
vt 0.093750 1.000000
vt 0.093750 0.556109
vt 0.062500 1.000000
vt 0.062500 0.556109
vt 0.296822 0.485388
vt 0.250000 0.490000
vt 0.203179 0.485389
vt 0.158156 0.471731
vt 0.116663 0.449553
vt 0.080295 0.419706
vt 0.050447 0.383337
vt 0.028269 0.341844
vt 0.014612 0.296822
vt 0.010000 0.250000
vt 0.014611 0.203179
vt 0.028269 0.158156
vt 0.050447 0.116663
vt 0.080294 0.080294
vt 0.116663 0.050447
vt 0.158156 0.028269
vt 0.203178 0.014612
vt 0.250000 0.010000
vt 0.296822 0.014612
vt 0.341844 0.028269
vt 0.383337 0.050447
vt 0.419706 0.080294
vt 0.449553 0.116663
vt 0.471731 0.158156
vt 0.485388 0.203178
vt 0.490000 0.250000
vt 0.485388 0.296822
vt 0.471731 0.341844
vt 0.449553 0.383337
vt 0.419706 0.419706
vt 0.383337 0.449553
vt 0.341844 0.471731
vt 0.968750 0.556109
vt 0.968750 1.000000
vt 1.000000 0.556109
vt 1.000000 1.000000
vt 0.969365 0.534637
vt 0.999386 0.534637
vt 0.971085 0.500000
vt 0.997666 0.500000
vt 0.753497 0.489656
vt 0.793324 0.485733
vt 0.782143 0.411593
vt 0.750000 0.414759
vt 0.773099 0.366131
vt 0.750000 0.368406
vt 0.938114 0.534637
vt 0.968136 0.534637
vt 0.939834 0.500000
vt 0.966416 0.500000
vt 0.800185 0.484368
vt 0.838481 0.472751
vt 0.813051 0.402217
vt 0.795313 0.359392
vt 0.906864 0.534637
vt 0.936885 0.534637
vt 0.908585 0.500000
vt 0.935166 0.500000
vt 0.844943 0.470075
vt 0.880236 0.451210
vt 0.841535 0.386993
vt 0.815783 0.348451
vt 0.875613 0.534637
vt 0.905636 0.534637
vt 0.877334 0.500000
vt 0.903916 0.500000
vt 0.886053 0.447324
vt 0.916990 0.421935
vt 0.866502 0.366502
vt 0.833726 0.333725
vt 0.844365 0.534637
vt 0.874385 0.534637
vt 0.846085 0.500000
vt 0.872665 0.500000
vt 0.921936 0.416988
vt 0.947322 0.386055
vt 0.886991 0.341537
vt 0.848449 0.315785
vt 0.813114 0.534637
vt 0.843136 0.534637
vt 0.814834 0.500000
vt 0.841417 0.500000
vt 0.951209 0.380239
vt 0.970075 0.344943
vt 0.902219 0.313050
vt 0.859393 0.295311
vt 0.781865 0.534637
vt 0.811886 0.534637
vt 0.783585 0.500000
vt 0.810165 0.500000
vt 0.972751 0.338480
vt 0.984368 0.300185
vt 0.911592 0.282143
vt 0.866131 0.273101
vt 0.750614 0.534637
vt 0.780636 0.534637
vt 0.752334 0.500000
vt 0.778916 0.500000
vt 0.985733 0.293325
vt 0.989656 0.253498
vt 0.914760 0.250000
vt 0.868406 0.250000
vt 0.719364 0.534637
vt 0.749386 0.534637
vt 0.721084 0.500000
vt 0.747666 0.500000
vt 0.989656 0.246502
vt 0.985733 0.206675
vt 0.911592 0.217857
vt 0.866131 0.226899
vt 0.688114 0.534637
vt 0.718135 0.534637
vt 0.689835 0.500000
vt 0.716415 0.500000
vt 0.984368 0.199815
vt 0.972751 0.161520
vt 0.902219 0.186950
vt 0.859393 0.204689
vt 0.656864 0.534637
vt 0.686886 0.534637
vt 0.658583 0.500000
vt 0.685166 0.500000
vt 0.970075 0.155057
vt 0.951209 0.119761
vt 0.886991 0.158463
vt 0.848449 0.184215
vt 0.625615 0.534637
vt 0.655636 0.534637
vt 0.627335 0.500000
vt 0.653915 0.500000
vt 0.947322 0.113945
vt 0.921936 0.083012
vt 0.866503 0.133498
vt 0.833726 0.166275
vt 0.594364 0.534637
vt 0.624386 0.534637
vt 0.596084 0.500000
vt 0.622666 0.500000
vt 0.916990 0.078065
vt 0.886053 0.052676
vt 0.841535 0.113007
vt 0.815783 0.151549
vt 0.563115 0.534637
vt 0.593135 0.534637
vt 0.564834 0.500000
vt 0.591415 0.500000
vt 0.880236 0.048790
vt 0.844943 0.029925
vt 0.813051 0.097783
vt 0.795313 0.140608
vt 0.531864 0.534637
vt 0.561886 0.534637
vt 0.533584 0.500000
vt 0.560166 0.500000
vt 0.838481 0.027249
vt 0.800184 0.015632
vt 0.782143 0.088407
vt 0.773099 0.133869
vt 0.500614 0.534637
vt 0.530636 0.534637
vt 0.502334 0.500000
vt 0.528916 0.500000
vt 0.793323 0.014267
vt 0.753497 0.010344
vt 0.750000 0.085241
vt 0.750000 0.131594
vt 0.469364 0.534637
vt 0.499386 0.534637
vt 0.471085 0.500000
vt 0.497666 0.500000
vt 0.746503 0.010344
vt 0.706676 0.014267
vt 0.717857 0.088407
vt 0.726900 0.133869
vt 0.438114 0.534637
vt 0.468136 0.534637
vt 0.439834 0.500000
vt 0.466416 0.500000
vt 0.699815 0.015632
vt 0.661518 0.027249
vt 0.686949 0.097782
vt 0.704687 0.140607
vt 0.406864 0.534637
vt 0.436886 0.534637
vt 0.408585 0.500000
vt 0.435165 0.500000
vt 0.655056 0.029926
vt 0.619764 0.048790
vt 0.658466 0.113007
vt 0.684218 0.151548
vt 0.375614 0.534637
vt 0.405636 0.534637
vt 0.377334 0.500000
vt 0.403916 0.500000
vt 0.613947 0.052676
vt 0.583010 0.078066
vt 0.633496 0.133499
vt 0.666273 0.166276
vt 0.344365 0.534637
vt 0.374385 0.534637
vt 0.346085 0.500000
vt 0.372665 0.500000
vt 0.578064 0.083012
vt 0.552677 0.113946
vt 0.613009 0.158463
vt 0.651551 0.184215
vt 0.313114 0.534637
vt 0.343136 0.534637
vt 0.314834 0.500000
vt 0.341417 0.500000
vt 0.548791 0.119762
vt 0.529925 0.155057
vt 0.597783 0.186951
vt 0.640607 0.204689
vt 0.281864 0.534637
vt 0.311886 0.534637
vt 0.283585 0.500000
vt 0.310165 0.500000
vt 0.527249 0.161520
vt 0.515632 0.199815
vt 0.588406 0.217857
vt 0.633869 0.226900
vt 0.250614 0.534637
vt 0.280636 0.534637
vt 0.252334 0.500000
vt 0.278916 0.500000
vt 0.514267 0.206676
vt 0.510344 0.246503
vt 0.585241 0.250000
vt 0.631594 0.250000
vt 0.219364 0.534637
vt 0.249386 0.534637
vt 0.221084 0.500000
vt 0.247666 0.500000
vt 0.510344 0.253497
vt 0.514267 0.293324
vt 0.588406 0.282144
vt 0.633869 0.273101
vt 0.188114 0.534637
vt 0.218136 0.534637
vt 0.189835 0.500000
vt 0.216415 0.500000
vt 0.515632 0.300185
vt 0.527249 0.338480
vt 0.597781 0.313050
vt 0.640606 0.295310
vt 0.156864 0.534637
vt 0.186886 0.534637
vt 0.158584 0.500000
vt 0.185166 0.500000
vt 0.529926 0.344943
vt 0.548791 0.380238
vt 0.613008 0.341536
vt 0.651550 0.315783
vt 0.125614 0.534637
vt 0.155636 0.534637
vt 0.127334 0.500000
vt 0.153915 0.500000
vt 0.552677 0.386054
vt 0.578065 0.416989
vt 0.633498 0.366502
vt 0.666275 0.333726
vt 0.094364 0.534637
vt 0.124386 0.534637
vt 0.096085 0.500000
vt 0.122666 0.500000
vt 0.583011 0.421935
vt 0.613946 0.447323
vt 0.658466 0.386993
vt 0.684218 0.348452
vt 0.063114 0.534637
vt 0.093136 0.534637
vt 0.064835 0.500000
vt 0.091416 0.500000
vt 0.619763 0.451209
vt 0.655056 0.470074
vt 0.686949 0.402217
vt 0.704687 0.359393
vt 0.031864 0.534637
vt 0.061886 0.534637
vt 0.033584 0.500000
vt 0.060166 0.500000
vt 0.661519 0.472751
vt 0.699816 0.484368
vt 0.717857 0.411593
vt 0.726900 0.366131
vt 0.000614 0.534637
vt 0.030636 0.534637
vt 0.002335 0.500000
vt 0.028916 0.500000
vt 0.706677 0.485733
vt 0.746503 0.489656
s 0
usemtl Black-Material
f 3711/3041/1645 3554/3042/1645 3523/3043/1645 3556/3044/1645
f 3566/3045/1646 3525/3046/1646 3526/3047/1646 3571/3048/1646
f 3571/3048/1647 3526/3047/1647 3527/3049/1647 3576/3050/1647
f 3576/3050/1648 3527/3049/1648 3528/3051/1648 3581/3052/1648
f 3581/3052/1649 3528/3051/1649 3529/3053/1649 3586/3054/1649
f 3586/3054/1650 3529/3053/1650 3530/3055/1650 3591/3056/1650
f 3591/3056/1651 3530/3055/1651 3531/3057/1651 3596/3058/1651
f 3596/3058/1652 3531/3057/1652 3532/3059/1652 3601/3060/1652
f 3601/3060/1653 3532/3059/1653 3533/3061/1653 3606/3062/1653
f 3606/3062/1654 3533/3061/1654 3534/3063/1654 3611/3064/1654
f 3611/3064/1655 3534/3063/1655 3535/3065/1655 3616/3066/1655
f 3616/3066/1656 3535/3065/1656 3536/3067/1656 3621/3068/1656
f 3621/3068/1657 3536/3067/1657 3537/3069/1657 3626/3070/1657
f 3626/3070/1658 3537/3069/1658 3538/3071/1658 3631/3072/1658
f 3631/3072/1659 3538/3071/1659 3539/3073/1659 3636/3074/1659
f 3636/3074/1660 3539/3073/1660 3540/3075/1660 3641/3076/1660
f 3641/3076/1661 3540/3075/1661 3541/3077/1661 3646/3078/1661
f 3646/3078/1662 3541/3077/1662 3542/3079/1662 3651/3080/1662
f 3651/3080/1663 3542/3079/1663 3543/3081/1663 3656/3082/1663
f 3656/3082/1664 3543/3081/1664 3544/3083/1664 3661/3084/1664
f 3661/3084/1665 3544/3083/1665 3545/3085/1665 3666/3086/1665
f 3666/3086/1666 3545/3085/1666 3546/3087/1666 3671/3088/1666
f 3671/3088/1667 3546/3087/1667 3547/3089/1667 3676/3090/1667
f 3676/3090/1668 3547/3089/1668 3548/3091/1668 3681/3092/1668
f 3681/3092/1669 3548/3091/1669 3549/3093/1669 3686/3094/1669
f 3686/3094/1670 3549/3093/1670 3550/3095/1670 3691/3096/1670
f 3691/3096/1671 3550/3095/1671 3551/3097/1671 3696/3098/1671
f 3696/3098/1672 3551/3097/1672 3552/3099/1672 3701/3100/1672
f 3701/3100/1673 3552/3099/1673 3553/3101/1673 3706/3102/1673
f 3706/3102/1674 3553/3101/1674 3554/3042/1674 3711/3041/1674
f 3524/3103/1675 3523/3104/1675 3554/3105/1675 3553/3106/1675 3552/3107/1675 3551/3108/1675 3550/3109/1675 3549/3110/1675 3548/3111/1675 3547/3112/1675 3546/3113/1675 3545/3114/1675 3544/3115/1675 3543/3116/1675 3542/3117/1675 3541/3118/1675 3540/3119/1675 3539/3120/1675 3538/3121/1675 3537/3122/1675 3536/3123/1675 3535/3124/1675 3534/3125/1675 3533/3126/1675 3532/3127/1675 3531/3128/1675 3530/3129/1675 3529/3130/1675 3528/3131/1675 3527/3132/1675 3526/3133/1675 3525/3134/1675
f 3561/3135/1676 3524/3136/1676 3525/3046/1676 3566/3045/1676
f 3556/3137/1677 3523/3138/1677 3524/3136/1677 3561/3135/1677
f 3556/3137/1678 3561/3135/1678 3564/3139/1678 3559/3140/1678
f 3559/3140/1679 3564/3139/1679 3563/3141/1679 3558/3142/1679
f 3558/3143/1680 3563/3144/1680 3562/3145/1680 3557/3146/1680
f 3557/3146/1681 3562/3145/1681 3560/3147/1681 3555/3148/1681
f 3561/3135/1682 3566/3045/1682 3569/3149/1682 3564/3150/1682
f 3564/3150/1683 3569/3149/1683 3568/3151/1683 3563/3152/1683
f 3563/3153/1684 3568/3154/1684 3567/3155/1684 3562/3145/1684
f 3562/3145/1685 3567/3155/1685 3565/3156/1685 3560/3147/1685
f 3566/3045/1686 3571/3048/1686 3574/3157/1686 3569/3158/1686
f 3569/3158/1687 3574/3157/1687 3573/3159/1687 3568/3160/1687
f 3568/3161/1688 3573/3162/1688 3572/3163/1688 3567/3155/1688
f 3567/3155/1689 3572/3163/1689 3570/3164/1689 3565/3156/1689
f 3571/3048/1690 3576/3050/1690 3579/3165/1690 3574/3166/1690
f 3574/3166/1691 3579/3165/1691 3578/3167/1691 3573/3168/1691
f 3573/3169/1692 3578/3170/1692 3577/3171/1692 3572/3163/1692
f 3572/3163/1693 3577/3171/1693 3575/3172/1693 3570/3164/1693
f 3576/3050/1694 3581/3052/1694 3584/3173/1694 3579/3174/1694
f 3579/3174/1695 3584/3173/1695 3583/3175/1695 3578/3176/1695
f 3578/3177/1696 3583/3178/1696 3582/3179/1696 3577/3171/1696
f 3577/3171/1697 3582/3179/1697 3580/3180/1697 3575/3172/1697
f 3581/3052/1698 3586/3054/1698 3589/3181/1698 3584/3182/1698
f 3584/3182/1699 3589/3181/1699 3588/3183/1699 3583/3184/1699
f 3583/3185/1700 3588/3186/1700 3587/3187/1700 3582/3179/1700
f 3582/3179/1701 3587/3187/1701 3585/3188/1701 3580/3180/1701
f 3586/3054/1702 3591/3056/1702 3594/3189/1702 3589/3190/1702
f 3589/3190/1703 3594/3189/1703 3593/3191/1703 3588/3192/1703
f 3588/3193/1704 3593/3194/1704 3592/3195/1704 3587/3187/1704
f 3587/3187/1705 3592/3195/1705 3590/3196/1705 3585/3188/1705
f 3591/3056/1706 3596/3058/1706 3599/3197/1706 3594/3198/1706
f 3594/3198/1707 3599/3197/1707 3598/3199/1707 3593/3200/1707
f 3593/3201/1708 3598/3202/1708 3597/3203/1708 3592/3195/1708
f 3592/3195/1709 3597/3203/1709 3595/3204/1709 3590/3196/1709
f 3596/3058/1710 3601/3060/1710 3604/3205/1710 3599/3206/1710
f 3599/3206/1711 3604/3205/1711 3603/3207/1711 3598/3208/1711
f 3598/3209/1712 3603/3210/1712 3602/3211/1712 3597/3203/1712
f 3597/3203/1713 3602/3211/1713 3600/3212/1713 3595/3204/1713
f 3601/3060/1714 3606/3062/1714 3609/3213/1714 3604/3214/1714
f 3604/3214/1715 3609/3213/1715 3608/3215/1715 3603/3216/1715
f 3603/3217/1716 3608/3218/1716 3607/3219/1716 3602/3211/1716
f 3602/3211/1717 3607/3219/1717 3605/3220/1717 3600/3212/1717
f 3606/3062/1718 3611/3064/1718 3614/3221/1718 3609/3222/1718
f 3609/3222/1719 3614/3221/1719 3613/3223/1719 3608/3224/1719
f 3608/3225/1720 3613/3226/1720 3612/3227/1720 3607/3219/1720
f 3607/3219/1721 3612/3227/1721 3610/3228/1721 3605/3220/1721
f 3611/3064/1722 3616/3066/1722 3619/3229/1722 3614/3230/1722
f 3614/3230/1723 3619/3229/1723 3618/3231/1723 3613/3232/1723
f 3613/3233/1724 3618/3234/1724 3617/3235/1724 3612/3227/1724
f 3612/3227/1725 3617/3235/1725 3615/3236/1725 3610/3228/1725
f 3616/3066/1726 3621/3068/1726 3624/3237/1726 3619/3238/1726
f 3619/3238/1727 3624/3237/1727 3623/3239/1727 3618/3240/1727
f 3618/3241/1728 3623/3242/1728 3622/3243/1728 3617/3235/1728
f 3617/3235/1729 3622/3243/1729 3620/3244/1729 3615/3236/1729
f 3621/3068/1730 3626/3070/1730 3629/3245/1730 3624/3246/1730
f 3624/3246/1731 3629/3245/1731 3628/3247/1731 3623/3248/1731
f 3623/3249/1732 3628/3250/1732 3627/3251/1732 3622/3243/1732
f 3622/3243/1733 3627/3251/1733 3625/3252/1733 3620/3244/1733
f 3626/3070/1734 3631/3072/1734 3634/3253/1734 3629/3254/1734
f 3629/3254/1735 3634/3253/1735 3633/3255/1735 3628/3256/1735
f 3628/3257/1736 3633/3258/1736 3632/3259/1736 3627/3251/1736
f 3627/3251/1737 3632/3259/1737 3630/3260/1737 3625/3252/1737
f 3631/3072/1738 3636/3074/1738 3639/3261/1738 3634/3262/1738
f 3634/3262/1739 3639/3261/1739 3638/3263/1739 3633/3264/1739
f 3633/3265/1740 3638/3266/1740 3637/3267/1740 3632/3259/1740
f 3632/3259/1741 3637/3267/1741 3635/3268/1741 3630/3260/1741
f 3636/3074/1742 3641/3076/1742 3644/3269/1742 3639/3270/1742
f 3639/3270/1743 3644/3269/1743 3643/3271/1743 3638/3272/1743
f 3638/3273/1744 3643/3274/1744 3642/3275/1744 3637/3267/1744
f 3637/3267/1745 3642/3275/1745 3640/3276/1745 3635/3268/1745
f 3641/3076/1746 3646/3078/1746 3649/3277/1746 3644/3278/1746
f 3644/3278/1747 3649/3277/1747 3648/3279/1747 3643/3280/1747
f 3643/3281/1748 3648/3282/1748 3647/3283/1748 3642/3275/1748
f 3642/3275/1749 3647/3283/1749 3645/3284/1749 3640/3276/1749
f 3646/3078/1750 3651/3080/1750 3654/3285/1750 3649/3286/1750
f 3649/3286/1751 3654/3285/1751 3653/3287/1751 3648/3288/1751
f 3648/3289/1752 3653/3290/1752 3652/3291/1752 3647/3283/1752
f 3647/3283/1753 3652/3291/1753 3650/3292/1753 3645/3284/1753
f 3651/3080/1754 3656/3082/1754 3659/3293/1754 3654/3294/1754
f 3654/3294/1755 3659/3293/1755 3658/3295/1755 3653/3296/1755
f 3653/3297/1756 3658/3298/1756 3657/3299/1756 3652/3291/1756
f 3652/3291/1757 3657/3299/1757 3655/3300/1757 3650/3292/1757
f 3656/3082/1758 3661/3084/1758 3664/3301/1758 3659/3302/1758
f 3659/3302/1759 3664/3301/1759 3663/3303/1759 3658/3304/1759
f 3658/3305/1760 3663/3306/1760 3662/3307/1760 3657/3299/1760
f 3657/3299/1761 3662/3307/1761 3660/3308/1761 3655/3300/1761
f 3661/3084/1762 3666/3086/1762 3669/3309/1762 3664/3310/1762
f 3664/3310/1763 3669/3309/1763 3668/3311/1763 3663/3312/1763
f 3663/3313/1764 3668/3314/1764 3667/3315/1764 3662/3307/1764
f 3662/3307/1765 3667/3315/1765 3665/3316/1765 3660/3308/1765
f 3666/3086/1766 3671/3088/1766 3674/3317/1766 3669/3318/1766
f 3669/3318/1767 3674/3317/1767 3673/3319/1767 3668/3320/1767
f 3668/3321/1768 3673/3322/1768 3672/3323/1768 3667/3315/1768
f 3667/3315/1769 3672/3323/1769 3670/3324/1769 3665/3316/1769
f 3671/3088/1770 3676/3090/1770 3679/3325/1770 3674/3326/1770
f 3674/3326/1771 3679/3325/1771 3678/3327/1771 3673/3328/1771
f 3673/3329/1772 3678/3330/1772 3677/3331/1772 3672/3323/1772
f 3672/3323/1773 3677/3331/1773 3675/3332/1773 3670/3324/1773
f 3676/3090/1774 3681/3092/1774 3684/3333/1774 3679/3334/1774
f 3679/3334/1775 3684/3333/1775 3683/3335/1775 3678/3336/1775
f 3678/3337/1776 3683/3338/1776 3682/3339/1776 3677/3331/1776
f 3677/3331/1777 3682/3339/1777 3680/3340/1777 3675/3332/1777
f 3681/3092/1778 3686/3094/1778 3689/3341/1778 3684/3342/1778
f 3684/3342/1779 3689/3341/1779 3688/3343/1779 3683/3344/1779
f 3683/3345/1780 3688/3346/1780 3687/3347/1780 3682/3339/1780
f 3682/3339/1781 3687/3347/1781 3685/3348/1781 3680/3340/1781
f 3686/3094/1782 3691/3096/1782 3694/3349/1782 3689/3350/1782
f 3689/3350/1783 3694/3349/1783 3693/3351/1783 3688/3352/1783
f 3688/3353/1784 3693/3354/1784 3692/3355/1784 3687/3347/1784
f 3687/3347/1785 3692/3355/1785 3690/3356/1785 3685/3348/1785
f 3691/3096/1786 3696/3098/1786 3699/3357/1786 3694/3358/1786
f 3694/3358/1787 3699/3357/1787 3698/3359/1787 3693/3360/1787
f 3693/3361/1788 3698/3362/1788 3697/3363/1788 3692/3355/1788
f 3692/3355/1789 3697/3363/1789 3695/3364/1789 3690/3356/1789
f 3696/3098/1790 3701/3100/1790 3704/3365/1790 3699/3366/1790
f 3699/3366/1791 3704/3365/1791 3703/3367/1791 3698/3368/1791
f 3698/3369/1792 3703/3370/1792 3702/3371/1792 3697/3363/1792
f 3697/3363/1793 3702/3371/1793 3700/3372/1793 3695/3364/1793
f 3701/3100/1794 3706/3102/1794 3709/3373/1794 3704/3374/1794
f 3704/3374/1795 3709/3373/1795 3708/3375/1795 3703/3376/1795
f 3703/3377/1796 3708/3378/1796 3707/3379/1796 3702/3371/1796
f 3702/3371/1797 3707/3379/1797 3705/3380/1797 3700/3372/1797
f 3706/3102/1798 3711/3041/1798 3714/3381/1798 3709/3382/1798
f 3709/3382/1799 3714/3381/1799 3713/3383/1799 3708/3384/1799
f 3708/3385/1800 3713/3386/1800 3712/3387/1800 3707/3379/1800
f 3707/3379/1801 3712/3387/1801 3710/3388/1801 3705/3380/1801
f 3711/3041/1802 3556/3044/1802 3559/3389/1802 3714/3390/1802
f 3714/3390/1803 3559/3389/1803 3558/3391/1803 3713/3392/1803
f 3713/3393/1804 3558/3394/1804 3557/3146/1804 3712/3387/1804
f 3712/3387/1805 3557/3146/1805 3555/3148/1805 3710/3388/1805
f 3555/3148/1806 3560/3147/1806 3565/3156/1806 3570/3164/1806 3575/3172/1806 3580/3180/1806 3585/3188/1806 3590/3196/1806 3595/3204/1806 3600/3212/1806 3605/3220/1806 3610/3228/1806 3615/3236/1806 3620/3244/1806 3625/3252/1806 3630/3260/1806 3635/3268/1806 3640/3276/1806 3645/3284/1806 3650/3292/1806 3655/3300/1806 3660/3308/1806 3665/3316/1806 3670/3324/1806 3675/3332/1806 3680/3340/1806 3685/3348/1806 3690/3356/1806 3695/3364/1806 3700/3372/1806 3705/3380/1806 3710/3388/1806
o Cylinder.004
v 0.105518 -0.003403 -0.001784
v 0.105866 -0.003403 -0.001750
v 0.106201 -0.003403 -0.001648
v 0.106510 -0.003403 -0.001483
v 0.106780 -0.003403 -0.001261
v 0.107002 -0.003403 -0.000991
v 0.107167 -0.003403 -0.000682
v 0.107269 -0.003403 -0.000347
v 0.107303 -0.003403 0.000001
v 0.107269 -0.003403 0.000349
v 0.107167 -0.003403 0.000684
v 0.107002 -0.003403 0.000993
v 0.106780 -0.003403 0.001263
v 0.106510 -0.003403 0.001485
v 0.106201 -0.003403 0.001650
v 0.105866 -0.003403 0.001752
v 0.105518 -0.003403 0.001786
v 0.105170 -0.003403 0.001752
v 0.104835 -0.003403 0.001650
v 0.104526 -0.003403 0.001485
v 0.104256 -0.003403 0.001263
v 0.104034 -0.003403 0.000993
v 0.103869 -0.003403 0.000684
v 0.103767 -0.003403 0.000349
v 0.103733 -0.003403 0.000001
v 0.103767 -0.003403 -0.000347
v 0.103869 -0.003403 -0.000682
v 0.104034 -0.003403 -0.000991
v 0.104256 -0.003403 -0.001261
v 0.104526 -0.003403 -0.001483
v 0.104835 -0.003403 -0.001648
v 0.105170 -0.003403 -0.001750
v 0.105518 -0.013027 -0.000880
v 0.105518 -0.011947 -0.001784
v 0.105518 -0.012945 -0.001224
v 0.105518 -0.012711 -0.001517
v 0.105518 -0.012361 -0.001714
v 0.105690 -0.013027 -0.000863
v 0.105866 -0.011947 -0.001750
v 0.105757 -0.012945 -0.001201
v 0.105814 -0.012711 -0.001488
v 0.105853 -0.012361 -0.001681
v 0.105855 -0.013027 -0.000813
v 0.106201 -0.011947 -0.001648
v 0.105987 -0.012945 -0.001131
v 0.106099 -0.012711 -0.001402
v 0.106174 -0.012361 -0.001583
v 0.106007 -0.013027 -0.000731
v 0.106510 -0.011947 -0.001483
v 0.106199 -0.012945 -0.001018
v 0.106362 -0.012711 -0.001261
v 0.106471 -0.012361 -0.001425
v 0.106141 -0.013027 -0.000622
v 0.106780 -0.011947 -0.001261
v 0.106385 -0.012945 -0.000865
v 0.106592 -0.012711 -0.001073
v 0.106731 -0.012361 -0.001211
v 0.106250 -0.013027 -0.000488
v 0.107002 -0.011947 -0.000991
v 0.106537 -0.012945 -0.000680
v 0.106780 -0.012711 -0.000842
v 0.106944 -0.012361 -0.000952
v 0.106332 -0.013027 -0.000336
v 0.107167 -0.011947 -0.000682
v 0.106650 -0.012945 -0.000468
v 0.106921 -0.012711 -0.000580
v 0.107102 -0.012361 -0.000655
v 0.106382 -0.013027 -0.000171
v 0.107269 -0.011947 -0.000347
v 0.106720 -0.012945 -0.000238
v 0.107007 -0.012711 -0.000295
v 0.107200 -0.012361 -0.000333
v 0.106399 -0.013027 0.000001
v 0.107303 -0.011947 0.000001
v 0.106743 -0.012945 0.000001
v 0.107036 -0.012711 0.000001
v 0.107233 -0.012361 0.000001
v 0.106382 -0.013027 0.000173
v 0.107269 -0.011947 0.000349
v 0.106720 -0.012945 0.000240
v 0.107007 -0.012711 0.000297
v 0.107200 -0.012361 0.000336
v 0.106332 -0.013027 0.000338
v 0.107167 -0.011947 0.000684
v 0.106650 -0.012945 0.000470
v 0.106921 -0.012711 0.000582
v 0.107102 -0.012361 0.000657
v 0.106250 -0.013027 0.000490
v 0.107002 -0.011947 0.000993
v 0.106537 -0.012945 0.000682
v 0.106780 -0.012711 0.000845
v 0.106944 -0.012361 0.000954
v 0.106141 -0.013027 0.000624
v 0.106780 -0.011947 0.001263
v 0.106385 -0.012945 0.000868
v 0.106592 -0.012711 0.001075
v 0.106731 -0.012361 0.001214
v 0.106007 -0.013027 0.000733
v 0.106510 -0.011947 0.001485
v 0.106199 -0.012945 0.001020
v 0.106362 -0.012711 0.001264
v 0.106471 -0.012361 0.001427
v 0.105855 -0.013027 0.000815
v 0.106201 -0.011947 0.001650
v 0.105987 -0.012945 0.001133
v 0.106099 -0.012711 0.001404
v 0.106174 -0.012361 0.001585
v 0.105690 -0.013027 0.000865
v 0.105866 -0.011947 0.001752
v 0.105757 -0.012945 0.001203
v 0.105814 -0.012711 0.001490
v 0.105853 -0.012361 0.001683
v 0.105518 -0.013027 0.000882
v 0.105518 -0.011947 0.001786
v 0.105518 -0.012945 0.001226
v 0.105518 -0.012711 0.001519
v 0.105518 -0.012361 0.001716
v 0.105346 -0.013027 0.000865
v 0.105170 -0.011947 0.001752
v 0.105279 -0.012945 0.001203
v 0.105222 -0.012711 0.001490
v 0.105184 -0.012361 0.001683
v 0.105181 -0.013027 0.000815
v 0.104835 -0.011947 0.001650
v 0.105049 -0.012945 0.001133
v 0.104937 -0.012711 0.001404
v 0.104862 -0.012361 0.001585
v 0.105029 -0.013027 0.000733
v 0.104526 -0.011947 0.001485
v 0.104837 -0.012945 0.001020
v 0.104675 -0.012711 0.001264
v 0.104565 -0.012361 0.001427
v 0.104895 -0.013027 0.000624
v 0.104256 -0.011947 0.001263
v 0.104652 -0.012945 0.000868
v 0.104444 -0.012711 0.001075
v 0.104306 -0.012361 0.001214
v 0.104786 -0.013027 0.000490
v 0.104034 -0.011947 0.000993
v 0.104499 -0.012945 0.000682
v 0.104256 -0.012711 0.000845
v 0.104092 -0.012361 0.000954
v 0.104704 -0.013027 0.000338
v 0.103869 -0.011947 0.000684
v 0.104386 -0.012945 0.000470
v 0.104115 -0.012711 0.000582
v 0.103934 -0.012361 0.000657
v 0.104654 -0.013027 0.000173
v 0.103767 -0.011947 0.000349
v 0.104316 -0.012945 0.000240
v 0.104029 -0.012711 0.000297
v 0.103836 -0.012361 0.000336
v 0.104637 -0.013027 0.000001
v 0.103733 -0.011947 0.000001
v 0.104293 -0.012945 0.000001
v 0.104000 -0.012711 0.000001
v 0.103803 -0.012361 0.000001
v 0.104654 -0.013027 -0.000171
v 0.103767 -0.011947 -0.000347
v 0.104316 -0.012945 -0.000238
v 0.104029 -0.012711 -0.000295
v 0.103836 -0.012361 -0.000333
v 0.104704 -0.013027 -0.000336
v 0.103869 -0.011947 -0.000682
v 0.104386 -0.012945 -0.000468
v 0.104115 -0.012711 -0.000580
v 0.103934 -0.012361 -0.000655
v 0.104786 -0.013027 -0.000488
v 0.104034 -0.011947 -0.000991
v 0.104499 -0.012945 -0.000680
v 0.104256 -0.012711 -0.000842
v 0.104092 -0.012361 -0.000952
v 0.104895 -0.013027 -0.000622
v 0.104256 -0.011947 -0.001261
v 0.104652 -0.012945 -0.000865
v 0.104444 -0.012711 -0.001073
v 0.104306 -0.012361 -0.001211
v 0.105029 -0.013027 -0.000731
v 0.104526 -0.011947 -0.001483
v 0.104837 -0.012945 -0.001018
v 0.104675 -0.012711 -0.001261
v 0.104565 -0.012361 -0.001425
v 0.105181 -0.013027 -0.000813
v 0.104835 -0.011947 -0.001648
v 0.105049 -0.012945 -0.001131
v 0.104937 -0.012711 -0.001402
v 0.104862 -0.012361 -0.001583
v 0.105346 -0.013027 -0.000863
v 0.105170 -0.011947 -0.001750
v 0.105279 -0.012945 -0.001201
v 0.105222 -0.012711 -0.001488
v 0.105184 -0.012361 -0.001681
vn -0.0980 -0.0000 -0.9952
vn 0.4714 -0.0000 -0.8819
vn 0.6344 -0.0000 -0.7730
vn 0.7730 -0.0000 -0.6344
vn 0.8819 -0.0000 -0.4714
vn 0.9569 -0.0000 -0.2903
vn 0.9952 -0.0000 -0.0980
vn 0.9952 -0.0000 0.0980
vn 0.9569 -0.0000 0.2903
vn 0.8819 -0.0000 0.4714
vn 0.7730 -0.0000 0.6344
vn 0.6344 -0.0000 0.7730
vn 0.4714 -0.0000 0.8819
vn 0.2903 -0.0000 0.9569
vn 0.0980 -0.0000 0.9952
vn -0.0980 -0.0000 0.9952
vn -0.2903 -0.0000 0.9569
vn -0.4714 -0.0000 0.8819
vn -0.6344 -0.0000 0.7730
vn -0.7730 -0.0000 0.6344
vn -0.8819 -0.0000 0.4714
vn -0.9570 -0.0000 0.2902
vn -0.9952 -0.0000 0.0980
vn -0.9952 -0.0000 -0.0980
vn -0.9570 -0.0000 -0.2902
vn -0.8819 -0.0000 -0.4714
vn -0.7730 -0.0000 -0.6344
vn -0.6344 -0.0000 -0.7730
vn -0.4714 -0.0000 -0.8819
vn -0.2903 -0.0000 -0.9569
vn -0.0000 1.0000 -0.0000
vn 0.2903 -0.0000 -0.9569
vn 0.0980 -0.0000 -0.9952
vn 0.0966 -0.1666 -0.9813
vn 0.0856 -0.4874 -0.8690
vn 0.0614 -0.7797 -0.6232
vn 0.0228 -0.9725 -0.2319
vn 0.2862 -0.1666 -0.9436
vn 0.2535 -0.4874 -0.8356
vn 0.1818 -0.7797 -0.5992
vn 0.0676 -0.9725 -0.2230
vn 0.4648 -0.1666 -0.8696
vn 0.4116 -0.4874 -0.7701
vn 0.2952 -0.7797 -0.5522
vn 0.1098 -0.9725 -0.2055
vn 0.6255 -0.1666 -0.7622
vn 0.5540 -0.4874 -0.6750
vn 0.3972 -0.7797 -0.4840
vn 0.1478 -0.9725 -0.1801
vn 0.7622 -0.1666 -0.6255
vn 0.6750 -0.4874 -0.5540
vn 0.4840 -0.7797 -0.3973
vn 0.1801 -0.9725 -0.1478
vn 0.8696 -0.1666 -0.4648
vn 0.7701 -0.4874 -0.4117
vn 0.5522 -0.7797 -0.2952
vn 0.2055 -0.9725 -0.1099
vn 0.9436 -0.1666 -0.2862
vn 0.8356 -0.4874 -0.2534
vn 0.5992 -0.7797 -0.1817
vn 0.2230 -0.9725 -0.0676
vn 0.9813 -0.1666 -0.0966
vn 0.8690 -0.4874 -0.0856
vn 0.6231 -0.7797 -0.0614
vn 0.2319 -0.9725 -0.0229
vn 0.9813 -0.1666 0.0966
vn 0.8690 -0.4874 0.0856
vn 0.6231 -0.7797 0.0614
vn 0.2319 -0.9725 0.0229
vn 0.9436 -0.1666 0.2862
vn 0.8356 -0.4874 0.2534
vn 0.5992 -0.7797 0.1817
vn 0.2230 -0.9725 0.0676
vn 0.8696 -0.1666 0.4648
vn 0.7701 -0.4874 0.4117
vn 0.5522 -0.7797 0.2952
vn 0.2055 -0.9725 0.1099
vn 0.7622 -0.1666 0.6255
vn 0.6750 -0.4874 0.5540
vn 0.4840 -0.7797 0.3973
vn 0.1801 -0.9725 0.1478
vn 0.6255 -0.1666 0.7622
vn 0.5540 -0.4874 0.6750
vn 0.3972 -0.7797 0.4840
vn 0.1478 -0.9725 0.1801
vn 0.4648 -0.1666 0.8696
vn 0.4116 -0.4874 0.7701
vn 0.2952 -0.7797 0.5522
vn 0.1098 -0.9725 0.2055
vn 0.2862 -0.1666 0.9436
vn 0.2535 -0.4874 0.8356
vn 0.1818 -0.7797 0.5992
vn 0.0676 -0.9725 0.2230
vn 0.0966 -0.1666 0.9813
vn 0.0856 -0.4874 0.8690
vn 0.0614 -0.7797 0.6232
vn 0.0228 -0.9725 0.2319
vn -0.0966 -0.1666 0.9813
vn -0.0856 -0.4874 0.8690
vn -0.0614 -0.7797 0.6231
vn -0.0228 -0.9725 0.2319
vn -0.2862 -0.1666 0.9436
vn -0.2535 -0.4874 0.8356
vn -0.1818 -0.7797 0.5992
vn -0.0676 -0.9725 0.2230
vn -0.4648 -0.1666 0.8696
vn -0.4116 -0.4874 0.7701
vn -0.2952 -0.7797 0.5522
vn -0.1098 -0.9725 0.2055
vn -0.6255 -0.1666 0.7622
vn -0.5540 -0.4874 0.6750
vn -0.3973 -0.7797 0.4840
vn -0.1478 -0.9725 0.1801
vn -0.7622 -0.1666 0.6255
vn -0.6750 -0.4874 0.5540
vn -0.4840 -0.7797 0.3973
vn -0.1801 -0.9725 0.1478
vn -0.8696 -0.1666 0.4648
vn -0.7701 -0.4874 0.4116
vn -0.5522 -0.7797 0.2952
vn -0.2055 -0.9725 0.1099
vn -0.9436 -0.1666 0.2862
vn -0.8356 -0.4874 0.2535
vn -0.5992 -0.7797 0.1818
vn -0.2230 -0.9725 0.0676
vn -0.9813 -0.1666 0.0966
vn -0.8690 -0.4874 0.0856
vn -0.6231 -0.7797 0.0614
vn -0.2319 -0.9725 0.0229
vn -0.9813 -0.1666 -0.0966
vn -0.8690 -0.4874 -0.0856
vn -0.6231 -0.7797 -0.0614
vn -0.2319 -0.9725 -0.0229
vn -0.9436 -0.1666 -0.2862
vn -0.8356 -0.4874 -0.2535
vn -0.5992 -0.7797 -0.1818
vn -0.2230 -0.9725 -0.0676
vn -0.8696 -0.1666 -0.4648
vn -0.7701 -0.4874 -0.4116
vn -0.5522 -0.7797 -0.2952
vn -0.2055 -0.9725 -0.1098
vn -0.7622 -0.1666 -0.6255
vn -0.6750 -0.4874 -0.5540
vn -0.4840 -0.7797 -0.3972
vn -0.1801 -0.9725 -0.1478
vn -0.6255 -0.1666 -0.7622
vn -0.5540 -0.4874 -0.6750
vn -0.3972 -0.7797 -0.4840
vn -0.1478 -0.9725 -0.1801
vn -0.4648 -0.1666 -0.8696
vn -0.4116 -0.4874 -0.7701
vn -0.2952 -0.7797 -0.5522
vn -0.1098 -0.9725 -0.2055
vn -0.2862 -0.1666 -0.9436
vn -0.2535 -0.4874 -0.8356
vn -0.1818 -0.7797 -0.5992
vn -0.0676 -0.9725 -0.2230
vn -0.0966 -0.1666 -0.9813
vn -0.0856 -0.4874 -0.8690
vn -0.0614 -0.7797 -0.6231
vn -0.0228 -0.9725 -0.2319
vn -0.0000 -1.0000 -0.0000
vt 0.031250 0.556109
vt 0.031250 1.000000
vt 0.000000 1.000000
vt 0.000000 0.556109
vt 0.937500 0.556109
vt 0.937500 1.000000
vt 0.906250 1.000000
vt 0.906250 0.556109
vt 0.875000 1.000000
vt 0.875000 0.556109
vt 0.843750 1.000000
vt 0.843750 0.556109
vt 0.812500 1.000000
vt 0.812500 0.556109
vt 0.781250 1.000000
vt 0.781250 0.556109
vt 0.750000 1.000000
vt 0.750000 0.556109
vt 0.718750 1.000000
vt 0.718750 0.556109
vt 0.687500 1.000000
vt 0.687500 0.556109
vt 0.656250 1.000000
vt 0.656250 0.556109
vt 0.625000 1.000000
vt 0.625000 0.556109
vt 0.593750 1.000000
vt 0.593750 0.556109
vt 0.562500 1.000000
vt 0.562500 0.556109
vt 0.531250 1.000000
vt 0.531250 0.556109
vt 0.500000 1.000000
vt 0.500000 0.556109
vt 0.468750 1.000000
vt 0.468750 0.556109
vt 0.437500 1.000000
vt 0.437500 0.556109
vt 0.406250 1.000000
vt 0.406250 0.556109
vt 0.375000 1.000000
vt 0.375000 0.556109
vt 0.343750 1.000000
vt 0.343750 0.556109
vt 0.312500 1.000000
vt 0.312500 0.556109
vt 0.281250 1.000000
vt 0.281250 0.556109
vt 0.250000 1.000000
vt 0.250000 0.556109
vt 0.218750 1.000000
vt 0.218750 0.556109
vt 0.187500 1.000000
vt 0.187500 0.556109
vt 0.156250 1.000000
vt 0.156250 0.556109
vt 0.125000 1.000000
vt 0.125000 0.556109
vt 0.093750 1.000000
vt 0.093750 0.556109
vt 0.062500 1.000000
vt 0.062500 0.556109
vt 0.296822 0.485388
vt 0.250000 0.490000
vt 0.203179 0.485389
vt 0.158156 0.471731
vt 0.116663 0.449553
vt 0.080295 0.419706
vt 0.050447 0.383337
vt 0.028269 0.341844
vt 0.014612 0.296822
vt 0.010000 0.250000
vt 0.014611 0.203179
vt 0.028269 0.158156
vt 0.050447 0.116663
vt 0.080294 0.080294
vt 0.116663 0.050447
vt 0.158156 0.028269
vt 0.203178 0.014612
vt 0.250000 0.010000
vt 0.296822 0.014612
vt 0.341844 0.028269
vt 0.383337 0.050447
vt 0.419706 0.080294
vt 0.449553 0.116663
vt 0.471731 0.158156
vt 0.485388 0.203178
vt 0.490000 0.250000
vt 0.485388 0.296822
vt 0.471731 0.341844
vt 0.449553 0.383337
vt 0.419706 0.419706
vt 0.383337 0.449553
vt 0.341844 0.471731
vt 0.968750 0.556109
vt 0.968750 1.000000
vt 1.000000 0.556109
vt 1.000000 1.000000
vt 0.969364 0.534637
vt 0.999385 0.534637
vt 0.971083 0.500000
vt 0.997665 0.500000
vt 0.753498 0.489655
vt 0.793325 0.485733
vt 0.782143 0.411593
vt 0.750000 0.414759
vt 0.773099 0.366131
vt 0.750000 0.368406
vt 0.938114 0.534637
vt 0.968136 0.534637
vt 0.939834 0.500000
vt 0.966416 0.500000
vt 0.800186 0.484368
vt 0.838482 0.472751
vt 0.813051 0.402217
vt 0.795312 0.359393
vt 0.906864 0.534637
vt 0.936885 0.534637
vt 0.908583 0.500000
vt 0.935165 0.500000
vt 0.844944 0.470074
vt 0.880238 0.451209
vt 0.841537 0.386992
vt 0.815784 0.348450
vt 0.875614 0.534637
vt 0.905635 0.534637
vt 0.877334 0.500000
vt 0.903914 0.500000
vt 0.886055 0.447322
vt 0.916989 0.421935
vt 0.866501 0.366503
vt 0.833725 0.333727
vt 0.844364 0.534637
vt 0.874386 0.534637
vt 0.846084 0.500000
vt 0.872666 0.500000
vt 0.921935 0.416989
vt 0.947324 0.386053
vt 0.886993 0.341535
vt 0.848451 0.315782
vt 0.813114 0.534637
vt 0.843135 0.534637
vt 0.814835 0.500000
vt 0.841415 0.500000
vt 0.951210 0.380237
vt 0.970074 0.344945
vt 0.902219 0.313052
vt 0.859392 0.295313
vt 0.781864 0.534637
vt 0.811886 0.534637
vt 0.783584 0.500000
vt 0.810166 0.500000
vt 0.972751 0.338482
vt 0.984368 0.300185
vt 0.911593 0.282143
vt 0.866130 0.273101
vt 0.750614 0.534637
vt 0.780636 0.534637
vt 0.752334 0.500000
vt 0.778916 0.500000
vt 0.985733 0.293325
vt 0.989656 0.253498
vt 0.914758 0.250000
vt 0.868407 0.250000
vt 0.719364 0.534637
vt 0.749386 0.534637
vt 0.721084 0.500000
vt 0.747666 0.500000
vt 0.989656 0.246502
vt 0.985733 0.206675
vt 0.911592 0.217857
vt 0.866130 0.226899
vt 0.688114 0.534637
vt 0.718136 0.534637
vt 0.689834 0.500000
vt 0.716415 0.500000
vt 0.984368 0.199815
vt 0.972751 0.161518
vt 0.902219 0.186948
vt 0.859392 0.204686
vt 0.656864 0.534637
vt 0.686885 0.534637
vt 0.658584 0.500000
vt 0.685165 0.500000
vt 0.970074 0.155056
vt 0.951210 0.119763
vt 0.886993 0.158465
vt 0.848451 0.184218
vt 0.625614 0.534637
vt 0.655636 0.534637
vt 0.627335 0.500000
vt 0.653916 0.500000
vt 0.947324 0.113947
vt 0.921935 0.083011
vt 0.866502 0.133497
vt 0.833724 0.166273
vt 0.594365 0.534637
vt 0.624386 0.534637
vt 0.596086 0.500000
vt 0.622666 0.500000
vt 0.916989 0.078065
vt 0.886055 0.052678
vt 0.841537 0.113008
vt 0.815784 0.151550
vt 0.563115 0.534637
vt 0.593136 0.534637
vt 0.564835 0.500000
vt 0.591416 0.500000
vt 0.880238 0.048791
vt 0.844944 0.029926
vt 0.813051 0.097783
vt 0.795312 0.140607
vt 0.531865 0.534637
vt 0.561887 0.534637
vt 0.533586 0.500000
vt 0.560167 0.500000
vt 0.838482 0.027249
vt 0.800186 0.015632
vt 0.782143 0.088407
vt 0.773099 0.133869
vt 0.500614 0.534637
vt 0.530636 0.534637
vt 0.502334 0.500000
vt 0.528916 0.500000
vt 0.793325 0.014267
vt 0.753498 0.010345
vt 0.750000 0.085241
vt 0.750000 0.131594
vt 0.469364 0.534637
vt 0.499385 0.534637
vt 0.471083 0.500000
vt 0.497665 0.500000
vt 0.746502 0.010345
vt 0.706675 0.014267
vt 0.717857 0.088407
vt 0.726899 0.133869
vt 0.438114 0.534637
vt 0.468137 0.534637
vt 0.439835 0.500000
vt 0.466416 0.500000
vt 0.699815 0.015632
vt 0.661520 0.027248
vt 0.686948 0.097783
vt 0.704687 0.140607
vt 0.406864 0.534637
vt 0.436886 0.534637
vt 0.408584 0.500000
vt 0.435166 0.500000
vt 0.655056 0.029926
vt 0.619761 0.048791
vt 0.658464 0.113007
vt 0.684218 0.151548
vt 0.375614 0.534637
vt 0.405636 0.534637
vt 0.377334 0.500000
vt 0.403916 0.500000
vt 0.613946 0.052677
vt 0.583011 0.078065
vt 0.633499 0.133497
vt 0.666276 0.166273
vt 0.344364 0.534637
vt 0.374386 0.534637
vt 0.346084 0.500000
vt 0.372666 0.500000
vt 0.578065 0.083011
vt 0.552676 0.113948
vt 0.613008 0.158466
vt 0.651549 0.184219
vt 0.313115 0.534637
vt 0.343136 0.534637
vt 0.314837 0.500000
vt 0.341417 0.500000
vt 0.548791 0.119762
vt 0.529927 0.155053
vt 0.597783 0.186947
vt 0.640608 0.204685
vt 0.281864 0.534637
vt 0.311886 0.534637
vt 0.283584 0.500000
vt 0.310166 0.500000
vt 0.527249 0.161519
vt 0.515631 0.199816
vt 0.588408 0.217857
vt 0.633870 0.226900
vt 0.250614 0.534637
vt 0.280636 0.534637
vt 0.252334 0.500000
vt 0.278916 0.500000
vt 0.514267 0.206676
vt 0.510344 0.246503
vt 0.585242 0.250000
vt 0.631594 0.250000
vt 0.219364 0.534637
vt 0.249386 0.534637
vt 0.221084 0.500000
vt 0.247666 0.500000
vt 0.510345 0.253498
vt 0.514267 0.293324
vt 0.588408 0.282143
vt 0.633870 0.273101
vt 0.188114 0.534637
vt 0.218136 0.534637
vt 0.189834 0.500000
vt 0.216416 0.500000
vt 0.515632 0.300184
vt 0.527249 0.338482
vt 0.597783 0.313053
vt 0.640608 0.295315
vt 0.156864 0.534637
vt 0.186885 0.534637
vt 0.158584 0.500000
vt 0.185163 0.500000
vt 0.529928 0.344947
vt 0.548791 0.380238
vt 0.613006 0.341535
vt 0.651547 0.315781
vt 0.125614 0.534637
vt 0.155635 0.534637
vt 0.127334 0.500000
vt 0.153917 0.500000
vt 0.552676 0.386053
vt 0.578065 0.416989
vt 0.633499 0.366503
vt 0.666276 0.333728
vt 0.094365 0.534637
vt 0.124385 0.534637
vt 0.096086 0.500000
vt 0.122665 0.500000
vt 0.583011 0.421936
vt 0.613945 0.447322
vt 0.658464 0.386992
vt 0.684216 0.348450
vt 0.063115 0.534637
vt 0.093136 0.534637
vt 0.064834 0.500000
vt 0.091416 0.500000
vt 0.619762 0.451209
vt 0.655056 0.470074
vt 0.686949 0.402217
vt 0.704688 0.359392
vt 0.031864 0.534637
vt 0.061887 0.534637
vt 0.033586 0.500000
vt 0.060167 0.500000
vt 0.661518 0.472751
vt 0.699814 0.484368
vt 0.717857 0.411593
vt 0.726902 0.366131
vt 0.000614 0.534637
vt 0.030636 0.534637
vt 0.002335 0.500000
vt 0.028916 0.500000
vt 0.706675 0.485733
vt 0.746502 0.489655
s 0
usemtl Black-Material
f 3903/3395/1807 3746/3396/1807 3715/3397/1807 3748/3398/1807
f 3758/3399/1808 3717/3400/1808 3718/3401/1808 3763/3402/1808
f 3763/3402/1809 3718/3401/1809 3719/3403/1809 3768/3404/1809
f 3768/3404/1810 3719/3403/1810 3720/3405/1810 3773/3406/1810
f 3773/3406/1811 3720/3405/1811 3721/3407/1811 3778/3408/1811
f 3778/3408/1812 3721/3407/1812 3722/3409/1812 3783/3410/1812
f 3783/3410/1813 3722/3409/1813 3723/3411/1813 3788/3412/1813
f 3788/3412/1814 3723/3411/1814 3724/3413/1814 3793/3414/1814
f 3793/3414/1815 3724/3413/1815 3725/3415/1815 3798/3416/1815
f 3798/3416/1816 3725/3415/1816 3726/3417/1816 3803/3418/1816
f 3803/3418/1817 3726/3417/1817 3727/3419/1817 3808/3420/1817
f 3808/3420/1818 3727/3419/1818 3728/3421/1818 3813/3422/1818
f 3813/3422/1819 3728/3421/1819 3729/3423/1819 3818/3424/1819
f 3818/3424/1820 3729/3423/1820 3730/3425/1820 3823/3426/1820
f 3823/3426/1821 3730/3425/1821 3731/3427/1821 3828/3428/1821
f 3828/3428/1822 3731/3427/1822 3732/3429/1822 3833/3430/1822
f 3833/3430/1823 3732/3429/1823 3733/3431/1823 3838/3432/1823
f 3838/3432/1824 3733/3431/1824 3734/3433/1824 3843/3434/1824
f 3843/3434/1825 3734/3433/1825 3735/3435/1825 3848/3436/1825
f 3848/3436/1826 3735/3435/1826 3736/3437/1826 3853/3438/1826
f 3853/3438/1827 3736/3437/1827 3737/3439/1827 3858/3440/1827
f 3858/3440/1828 3737/3439/1828 3738/3441/1828 3863/3442/1828
f 3863/3442/1829 3738/3441/1829 3739/3443/1829 3868/3444/1829
f 3868/3444/1830 3739/3443/1830 3740/3445/1830 3873/3446/1830
f 3873/3446/1831 3740/3445/1831 3741/3447/1831 3878/3448/1831
f 3878/3448/1832 3741/3447/1832 3742/3449/1832 3883/3450/1832
f 3883/3450/1833 3742/3449/1833 3743/3451/1833 3888/3452/1833
f 3888/3452/1834 3743/3451/1834 3744/3453/1834 3893/3454/1834
f 3893/3454/1835 3744/3453/1835 3745/3455/1835 3898/3456/1835
f 3898/3456/1836 3745/3455/1836 3746/3396/1836 3903/3395/1836
f 3716/3457/1837 3715/3458/1837 3746/3459/1837 3745/3460/1837 3744/3461/1837 3743/3462/1837 3742/3463/1837 3741/3464/1837 3740/3465/1837 3739/3466/1837 3738/3467/1837 3737/3468/1837 3736/3469/1837 3735/3470/1837 3734/3471/1837 3733/3472/1837 3732/3473/1837 3731/3474/1837 3730/3475/1837 3729/3476/1837 3728/3477/1837 3727/3478/1837 3726/3479/1837 3725/3480/1837 3724/3481/1837 3723/3482/1837 3722/3483/1837 3721/3484/1837 3720/3485/1837 3719/3486/1837 3718/3487/1837 3717/3488/1837
f 3753/3489/1838 3716/3490/1838 3717/3400/1838 3758/3399/1838
f 3748/3491/1839 3715/3492/1839 3716/3490/1839 3753/3489/1839
f 3748/3491/1840 3753/3489/1840 3756/3493/1840 3751/3494/1840
f 3751/3494/1841 3756/3493/1841 3755/3495/1841 3750/3496/1841
f 3750/3497/1842 3755/3498/1842 3754/3499/1842 3749/3500/1842
f 3749/3500/1843 3754/3499/1843 3752/3501/1843 3747/3502/1843
f 3753/3489/1844 3758/3399/1844 3761/3503/1844 3756/3504/1844
f 3756/3504/1845 3761/3503/1845 3760/3505/1845 3755/3506/1845
f 3755/3507/1846 3760/3508/1846 3759/3509/1846 3754/3499/1846
f 3754/3499/1847 3759/3509/1847 3757/3510/1847 3752/3501/1847
f 3758/3399/1848 3763/3402/1848 3766/3511/1848 3761/3512/1848
f 3761/3512/1849 3766/3511/1849 3765/3513/1849 3760/3514/1849
f 3760/3515/1850 3765/3516/1850 3764/3517/1850 3759/3509/1850
f 3759/3509/1851 3764/3517/1851 3762/3518/1851 3757/3510/1851
f 3763/3402/1852 3768/3404/1852 3771/3519/1852 3766/3520/1852
f 3766/3520/1853 3771/3519/1853 3770/3521/1853 3765/3522/1853
f 3765/3523/1854 3770/3524/1854 3769/3525/1854 3764/3517/1854
f 3764/3517/1855 3769/3525/1855 3767/3526/1855 3762/3518/1855
f 3768/3404/1856 3773/3406/1856 3776/3527/1856 3771/3528/1856
f 3771/3528/1857 3776/3527/1857 3775/3529/1857 3770/3530/1857
f 3770/3531/1858 3775/3532/1858 3774/3533/1858 3769/3525/1858
f 3769/3525/1859 3774/3533/1859 3772/3534/1859 3767/3526/1859
f 3773/3406/1860 3778/3408/1860 3781/3535/1860 3776/3536/1860
f 3776/3536/1861 3781/3535/1861 3780/3537/1861 3775/3538/1861
f 3775/3539/1862 3780/3540/1862 3779/3541/1862 3774/3533/1862
f 3774/3533/1863 3779/3541/1863 3777/3542/1863 3772/3534/1863
f 3778/3408/1864 3783/3410/1864 3786/3543/1864 3781/3544/1864
f 3781/3544/1865 3786/3543/1865 3785/3545/1865 3780/3546/1865
f 3780/3547/1866 3785/3548/1866 3784/3549/1866 3779/3541/1866
f 3779/3541/1867 3784/3549/1867 3782/3550/1867 3777/3542/1867
f 3783/3410/1868 3788/3412/1868 3791/3551/1868 3786/3552/1868
f 3786/3552/1869 3791/3551/1869 3790/3553/1869 3785/3554/1869
f 3785/3555/1870 3790/3556/1870 3789/3557/1870 3784/3549/1870
f 3784/3549/1871 3789/3557/1871 3787/3558/1871 3782/3550/1871
f 3788/3412/1872 3793/3414/1872 3796/3559/1872 3791/3560/1872
f 3791/3560/1873 3796/3559/1873 3795/3561/1873 3790/3562/1873
f 3790/3563/1874 3795/3564/1874 3794/3565/1874 3789/3557/1874
f 3789/3557/1875 3794/3565/1875 3792/3566/1875 3787/3558/1875
f 3793/3414/1876 3798/3416/1876 3801/3567/1876 3796/3568/1876
f 3796/3568/1877 3801/3567/1877 3800/3569/1877 3795/3570/1877
f 3795/3571/1878 3800/3572/1878 3799/3573/1878 3794/3565/1878
f 3794/3565/1879 3799/3573/1879 3797/3574/1879 3792/3566/1879
f 3798/3416/1880 3803/3418/1880 3806/3575/1880 3801/3576/1880
f 3801/3576/1881 3806/3575/1881 3805/3577/1881 3800/3578/1881
f 3800/3579/1882 3805/3580/1882 3804/3581/1882 3799/3573/1882
f 3799/3573/1883 3804/3581/1883 3802/3582/1883 3797/3574/1883
f 3803/3418/1884 3808/3420/1884 3811/3583/1884 3806/3584/1884
f 3806/3584/1885 3811/3583/1885 3810/3585/1885 3805/3586/1885
f 3805/3587/1886 3810/3588/1886 3809/3589/1886 3804/3581/1886
f 3804/3581/1887 3809/3589/1887 3807/3590/1887 3802/3582/1887
f 3808/3420/1888 3813/3422/1888 3816/3591/1888 3811/3592/1888
f 3811/3592/1889 3816/3591/1889 3815/3593/1889 3810/3594/1889
f 3810/3595/1890 3815/3596/1890 3814/3597/1890 3809/3589/1890
f 3809/3589/1891 3814/3597/1891 3812/3598/1891 3807/3590/1891
f 3813/3422/1892 3818/3424/1892 3821/3599/1892 3816/3600/1892
f 3816/3600/1893 3821/3599/1893 3820/3601/1893 3815/3602/1893
f 3815/3603/1894 3820/3604/1894 3819/3605/1894 3814/3597/1894
f 3814/3597/1895 3819/3605/1895 3817/3606/1895 3812/3598/1895
f 3818/3424/1896 3823/3426/1896 3826/3607/1896 3821/3608/1896
f 3821/3608/1897 3826/3607/1897 3825/3609/1897 3820/3610/1897
f 3820/3611/1898 3825/3612/1898 3824/3613/1898 3819/3605/1898
f 3819/3605/1899 3824/3613/1899 3822/3614/1899 3817/3606/1899
f 3823/3426/1900 3828/3428/1900 3831/3615/1900 3826/3616/1900
f 3826/3616/1901 3831/3615/1901 3830/3617/1901 3825/3618/1901
f 3825/3619/1902 3830/3620/1902 3829/3621/1902 3824/3613/1902
f 3824/3613/1903 3829/3621/1903 3827/3622/1903 3822/3614/1903
f 3828/3428/1904 3833/3430/1904 3836/3623/1904 3831/3624/1904
f 3831/3624/1905 3836/3623/1905 3835/3625/1905 3830/3626/1905
f 3830/3627/1906 3835/3628/1906 3834/3629/1906 3829/3621/1906
f 3829/3621/1907 3834/3629/1907 3832/3630/1907 3827/3622/1907
f 3833/3430/1908 3838/3432/1908 3841/3631/1908 3836/3632/1908
f 3836/3632/1909 3841/3631/1909 3840/3633/1909 3835/3634/1909
f 3835/3635/1910 3840/3636/1910 3839/3637/1910 3834/3629/1910
f 3834/3629/1911 3839/3637/1911 3837/3638/1911 3832/3630/1911
f 3838/3432/1912 3843/3434/1912 3846/3639/1912 3841/3640/1912
f 3841/3640/1913 3846/3639/1913 3845/3641/1913 3840/3642/1913
f 3840/3643/1914 3845/3644/1914 3844/3645/1914 3839/3637/1914
f 3839/3637/1915 3844/3645/1915 3842/3646/1915 3837/3638/1915
f 3843/3434/1916 3848/3436/1916 3851/3647/1916 3846/3648/1916
f 3846/3648/1917 3851/3647/1917 3850/3649/1917 3845/3650/1917
f 3845/3651/1918 3850/3652/1918 3849/3653/1918 3844/3645/1918
f 3844/3645/1919 3849/3653/1919 3847/3654/1919 3842/3646/1919
f 3848/3436/1920 3853/3438/1920 3856/3655/1920 3851/3656/1920
f 3851/3656/1921 3856/3655/1921 3855/3657/1921 3850/3658/1921
f 3850/3659/1922 3855/3660/1922 3854/3661/1922 3849/3653/1922
f 3849/3653/1923 3854/3661/1923 3852/3662/1923 3847/3654/1923
f 3853/3438/1924 3858/3440/1924 3861/3663/1924 3856/3664/1924
f 3856/3664/1925 3861/3663/1925 3860/3665/1925 3855/3666/1925
f 3855/3667/1926 3860/3668/1926 3859/3669/1926 3854/3661/1926
f 3854/3661/1927 3859/3669/1927 3857/3670/1927 3852/3662/1927
f 3858/3440/1928 3863/3442/1928 3866/3671/1928 3861/3672/1928
f 3861/3672/1929 3866/3671/1929 3865/3673/1929 3860/3674/1929
f 3860/3675/1930 3865/3676/1930 3864/3677/1930 3859/3669/1930
f 3859/3669/1931 3864/3677/1931 3862/3678/1931 3857/3670/1931
f 3863/3442/1932 3868/3444/1932 3871/3679/1932 3866/3680/1932
f 3866/3680/1933 3871/3679/1933 3870/3681/1933 3865/3682/1933
f 3865/3683/1934 3870/3684/1934 3869/3685/1934 3864/3677/1934
f 3864/3677/1935 3869/3685/1935 3867/3686/1935 3862/3678/1935
f 3868/3444/1936 3873/3446/1936 3876/3687/1936 3871/3688/1936
f 3871/3688/1937 3876/3687/1937 3875/3689/1937 3870/3690/1937
f 3870/3691/1938 3875/3692/1938 3874/3693/1938 3869/3685/1938
f 3869/3685/1939 3874/3693/1939 3872/3694/1939 3867/3686/1939
f 3873/3446/1940 3878/3448/1940 3881/3695/1940 3876/3696/1940
f 3876/3696/1941 3881/3695/1941 3880/3697/1941 3875/3698/1941
f 3875/3699/1942 3880/3700/1942 3879/3701/1942 3874/3693/1942
f 3874/3693/1943 3879/3701/1943 3877/3702/1943 3872/3694/1943
f 3878/3448/1944 3883/3450/1944 3886/3703/1944 3881/3704/1944
f 3881/3704/1945 3886/3703/1945 3885/3705/1945 3880/3706/1945
f 3880/3707/1946 3885/3708/1946 3884/3709/1946 3879/3701/1946
f 3879/3701/1947 3884/3709/1947 3882/3710/1947 3877/3702/1947
f 3883/3450/1948 3888/3452/1948 3891/3711/1948 3886/3712/1948
f 3886/3712/1949 3891/3711/1949 3890/3713/1949 3885/3714/1949
f 3885/3715/1950 3890/3716/1950 3889/3717/1950 3884/3709/1950
f 3884/3709/1951 3889/3717/1951 3887/3718/1951 3882/3710/1951
f 3888/3452/1952 3893/3454/1952 3896/3719/1952 3891/3720/1952
f 3891/3720/1953 3896/3719/1953 3895/3721/1953 3890/3722/1953
f 3890/3723/1954 3895/3724/1954 3894/3725/1954 3889/3717/1954
f 3889/3717/1955 3894/3725/1955 3892/3726/1955 3887/3718/1955
f 3893/3454/1956 3898/3456/1956 3901/3727/1956 3896/3728/1956
f 3896/3728/1957 3901/3727/1957 3900/3729/1957 3895/3730/1957
f 3895/3731/1958 3900/3732/1958 3899/3733/1958 3894/3725/1958
f 3894/3725/1959 3899/3733/1959 3897/3734/1959 3892/3726/1959
f 3898/3456/1960 3903/3395/1960 3906/3735/1960 3901/3736/1960
f 3901/3736/1961 3906/3735/1961 3905/3737/1961 3900/3738/1961
f 3900/3739/1962 3905/3740/1962 3904/3741/1962 3899/3733/1962
f 3899/3733/1963 3904/3741/1963 3902/3742/1963 3897/3734/1963
f 3903/3395/1964 3748/3398/1964 3751/3743/1964 3906/3744/1964
f 3906/3744/1965 3751/3743/1965 3750/3745/1965 3905/3746/1965
f 3905/3747/1966 3750/3748/1966 3749/3500/1966 3904/3741/1966
f 3904/3741/1967 3749/3500/1967 3747/3502/1967 3902/3742/1967
f 3747/3502/1968 3752/3501/1968 3757/3510/1968 3762/3518/1968 3767/3526/1968 3772/3534/1968 3777/3542/1968 3782/3550/1968 3787/3558/1968 3792/3566/1968 3797/3574/1968 3802/3582/1968 3807/3590/1968 3812/3598/1968 3817/3606/1968 3822/3614/1968 3827/3622/1968 3832/3630/1968 3837/3638/1968 3842/3646/1968 3847/3654/1968 3852/3662/1968 3857/3670/1968 3862/3678/1968 3867/3686/1968 3872/3694/1968 3877/3702/1968 3882/3710/1968 3887/3718/1968 3892/3726/1968 3897/3734/1968 3902/3742/1968
o Input
v -0.101673 0.000248 -0.002910
v -0.101673 -0.000287 -0.002527
v -0.101673 -0.000738 -0.002046
v -0.101673 -0.001086 -0.001487
v -0.101673 -0.001318 -0.000870
v -0.101673 -0.001425 -0.000220
v -0.101673 -0.001403 0.000438
v -0.101673 -0.001254 0.001079
v -0.101673 -0.000982 0.001679
v -0.101673 -0.000598 0.002215
v -0.101673 -0.000118 0.002665
v -0.101673 0.000442 0.003013
v -0.101673 0.001058 0.003245
v -0.101673 0.001708 0.003352
v -0.101673 0.002366 0.003331
v -0.101673 0.003008 0.003181
v -0.101673 0.003608 0.002909
v -0.101673 0.004143 0.002526
v -0.101673 0.004594 0.002045
v -0.101673 0.004941 0.001486
v -0.101673 0.005173 0.000869
v -0.101673 0.005281 0.000219
v -0.101673 0.005259 -0.000439
v -0.101673 0.005110 -0.001081
v -0.101673 0.004838 -0.001681
v -0.101673 0.004454 -0.002216
v -0.101673 0.003973 -0.002666
v -0.101673 0.003414 -0.003014
v -0.101673 0.002798 -0.003246
v -0.101673 0.002148 -0.003353
v -0.101673 0.001489 -0.003332
v -0.101673 0.000848 -0.003182
v -0.101673 0.000668 -0.002183
v -0.101673 0.000266 -0.001895
v -0.101673 -0.000071 -0.001535
v -0.101673 -0.000332 -0.001115
v -0.101673 -0.000506 -0.000653
v -0.101673 -0.000587 -0.000165
v -0.101673 -0.000571 0.000328
v -0.101673 -0.000458 0.000809
v -0.101673 -0.000254 0.001259
v -0.101673 0.000033 0.001661
v -0.101673 0.000394 0.001999
v -0.101673 0.000813 0.002260
v -0.101673 0.001276 0.002434
v -0.101673 0.001763 0.002514
v -0.101673 0.002257 0.002498
v -0.101673 0.002738 0.002386
v -0.101673 0.003188 0.002182
v -0.101673 0.003589 0.001894
v -0.101673 0.003927 0.001534
v -0.101673 0.004188 0.001114
v -0.101673 0.004362 0.000652
v -0.101673 0.004443 0.000164
v -0.101673 0.004426 -0.000329
v -0.101673 0.004314 -0.000811
v -0.101673 0.004110 -0.001261
v -0.101673 0.003823 -0.001662
v -0.101673 0.003462 -0.002000
v -0.101673 0.003042 -0.002261
v -0.101673 0.002580 -0.002435
v -0.101673 0.002093 -0.002515
v -0.101673 0.001599 -0.002499
v -0.101673 0.001118 -0.002387
v -0.121673 0.000197 -0.002673
v -0.121673 0.000479 -0.002836
v -0.121576 0.000248 -0.002910
v -0.121673 0.000230 -0.002696
v -0.121673 0.000269 -0.002721
v -0.121673 0.000312 -0.002747
v -0.121671 0.000194 -0.002715
v -0.121669 0.000228 -0.002737
v -0.121669 0.000262 -0.002759
v -0.121669 0.000298 -0.002781
v -0.121664 0.000195 -0.002758
v -0.121663 0.000226 -0.002777
v -0.121664 0.000256 -0.002795
v -0.121664 0.000286 -0.002811
v -0.121652 0.000199 -0.002799
v -0.121654 0.000227 -0.002814
v -0.121657 0.000253 -0.002826
v -0.121659 0.000278 -0.002835
v -0.121671 0.000444 -0.002860
v -0.121664 0.000406 -0.002880
v -0.121652 0.000368 -0.002897
v -0.121673 0.000443 -0.002819
v -0.121669 0.000407 -0.002841
v -0.121664 0.000375 -0.002863
v -0.121655 0.000343 -0.002881
v -0.121673 0.000401 -0.002797
v -0.121669 0.000371 -0.002822
v -0.121664 0.000344 -0.002846
v -0.121657 0.000319 -0.002864
v -0.121673 0.000357 -0.002773
v -0.121669 0.000335 -0.002802
v -0.121664 0.000315 -0.002828
v -0.121659 0.000298 -0.002847
v -0.121598 0.000232 -0.002894
v -0.121618 0.000219 -0.002869
v -0.121637 0.000207 -0.002837
v -0.121598 0.000270 -0.002916
v -0.121614 0.000257 -0.002895
v -0.121629 0.000243 -0.002873
v -0.121643 0.000232 -0.002846
v -0.121618 0.000299 -0.002915
v -0.121629 0.000284 -0.002895
v -0.121640 0.000269 -0.002875
v -0.121649 0.000257 -0.002852
v -0.121637 0.000332 -0.002909
v -0.121643 0.000312 -0.002891
v -0.121649 0.000294 -0.002873
v -0.121654 0.000280 -0.002854
v -0.121673 -0.000046 -0.002499
v -0.121576 -0.000287 -0.002527
v -0.121673 -0.000291 -0.002284
v -0.121671 -0.000086 -0.002515
v -0.121664 -0.000126 -0.002528
v -0.121652 -0.000167 -0.002537
v -0.121673 -0.000079 -0.002475
v -0.121669 -0.000118 -0.002490
v -0.121664 -0.000154 -0.002505
v -0.121655 -0.000189 -0.002516
v -0.121673 -0.000115 -0.002446
v -0.121669 -0.000149 -0.002465
v -0.121664 -0.000181 -0.002482
v -0.121657 -0.000209 -0.002495
v -0.121673 -0.000154 -0.002413
v -0.121669 -0.000181 -0.002438
v -0.121664 -0.000206 -0.002459
v -0.121659 -0.000226 -0.002474
v -0.121598 -0.000300 -0.002507
v -0.121618 -0.000308 -0.002480
v -0.121637 -0.000313 -0.002447
v -0.121598 -0.000267 -0.002536
v -0.121614 -0.000275 -0.002513
v -0.121629 -0.000285 -0.002489
v -0.121643 -0.000290 -0.002460
v -0.121618 -0.000239 -0.002541
v -0.121629 -0.000249 -0.002518
v -0.121640 -0.000260 -0.002496
v -0.121649 -0.000267 -0.002471
v -0.121637 -0.000205 -0.002541
v -0.121643 -0.000221 -0.002520
v -0.121649 -0.000235 -0.002499
v -0.121654 -0.000245 -0.002478
v -0.121673 -0.000263 -0.002313
v -0.121673 -0.000230 -0.002345
v -0.121673 -0.000193 -0.002379
v -0.121671 -0.000303 -0.002325
v -0.121669 -0.000274 -0.002353
v -0.121669 -0.000244 -0.002381
v -0.121669 -0.000213 -0.002410
v -0.121664 -0.000310 -0.002367
v -0.121663 -0.000283 -0.002392
v -0.121664 -0.000257 -0.002415
v -0.121664 -0.000231 -0.002437
v -0.121652 -0.000314 -0.002408
v -0.121654 -0.000290 -0.002428
v -0.121657 -0.000266 -0.002445
v -0.121659 -0.000244 -0.002459
v -0.121673 -0.000496 -0.002066
v -0.121576 -0.000738 -0.002046
v -0.121673 -0.000694 -0.001807
v -0.121671 -0.000537 -0.002074
v -0.121664 -0.000580 -0.002079
v -0.121652 -0.000621 -0.002080
v -0.121673 -0.000523 -0.002036
v -0.121669 -0.000564 -0.002043
v -0.121664 -0.000603 -0.002051
v -0.121655 -0.000639 -0.002055
v -0.121673 -0.000553 -0.002000
v -0.121669 -0.000590 -0.002012
v -0.121664 -0.000624 -0.002023
v -0.121657 -0.000654 -0.002030
v -0.121673 -0.000584 -0.001961
v -0.121669 -0.000616 -0.001979
v -0.121664 -0.000644 -0.001996
v -0.121659 -0.000667 -0.002007
v -0.121598 -0.000746 -0.002025
v -0.121618 -0.000749 -0.001996
v -0.121637 -0.000747 -0.001963
v -0.121598 -0.000719 -0.002059
v -0.121614 -0.000723 -0.002035
v -0.121629 -0.000728 -0.002009
v -0.121643 -0.000727 -0.001980
v -0.121618 -0.000693 -0.002070
v -0.121629 -0.000699 -0.002045
v -0.121640 -0.000705 -0.002021
v -0.121649 -0.000707 -0.001996
v -0.121637 -0.000660 -0.002077
v -0.121643 -0.000671 -0.002053
v -0.121649 -0.000681 -0.002029
v -0.121654 -0.000686 -0.002007
v -0.121673 -0.000672 -0.001841
v -0.121673 -0.000646 -0.001879
v -0.121673 -0.000616 -0.001920
v -0.121671 -0.000713 -0.001845
v -0.121669 -0.000690 -0.001878
v -0.121669 -0.000667 -0.001912
v -0.121669 -0.000642 -0.001946
v -0.121664 -0.000729 -0.001885
v -0.121663 -0.000707 -0.001914
v -0.121664 -0.000686 -0.001942
v -0.121664 -0.000665 -0.001969
v -0.121652 -0.000740 -0.001925
v -0.121654 -0.000720 -0.001948
v -0.121657 -0.000701 -0.001970
v -0.121659 -0.000681 -0.001988
v -0.121673 -0.000852 -0.001553
v -0.121576 -0.001086 -0.001487
v -0.121673 -0.000996 -0.001261
v -0.121671 -0.000895 -0.001553
v -0.121664 -0.000937 -0.001550
v -0.121652 -0.000978 -0.001542
v -0.121673 -0.000873 -0.001518
v -0.121669 -0.000915 -0.001518
v -0.121664 -0.000954 -0.001518
v -0.121655 -0.000990 -0.001515
v -0.121673 -0.000895 -0.001478
v -0.121669 -0.000934 -0.001482
v -0.121664 -0.000970 -0.001486
v -0.121657 -0.001001 -0.001487
v -0.121673 -0.000919 -0.001433
v -0.121669 -0.000953 -0.001445
v -0.121664 -0.000984 -0.001455
v -0.121659 -0.001008 -0.001462
v -0.121598 -0.001089 -0.001464
v -0.121618 -0.001087 -0.001436
v -0.121637 -0.001078 -0.001403
v -0.121598 -0.001070 -0.001503
v -0.121614 -0.001069 -0.001479
v -0.121629 -0.001068 -0.001453
v -0.121643 -0.001063 -0.001424
v -0.121618 -0.001046 -0.001519
v -0.121629 -0.001047 -0.001493
v -0.121640 -0.001049 -0.001468
v -0.121649 -0.001045 -0.001443
v -0.121637 -0.001015 -0.001532
v -0.121643 -0.001022 -0.001506
v -0.121649 -0.001027 -0.001481
v -0.121654 -0.001027 -0.001458
v -0.121673 -0.000981 -0.001298
v -0.121673 -0.000963 -0.001341
v -0.121673 -0.000941 -0.001387
v -0.121671 -0.001022 -0.001295
v -0.121669 -0.001006 -0.001332
v -0.121669 -0.000990 -0.001369
v -0.121669 -0.000972 -0.001407
v -0.121664 -0.001045 -0.001331
v -0.121663 -0.001030 -0.001363
v -0.121664 -0.001015 -0.001395
v -0.121664 -0.000999 -0.001425
v -0.121652 -0.001064 -0.001367
v -0.121654 -0.001050 -0.001394
v -0.121657 -0.001034 -0.001419
v -0.121659 -0.001019 -0.001440
v -0.121673 -0.001102 -0.000981
v -0.121576 -0.001318 -0.000870
v -0.121673 -0.001186 -0.000666
v -0.121671 -0.001143 -0.000973
v -0.121664 -0.001184 -0.000961
v -0.121652 -0.001223 -0.000946
v -0.121673 -0.001115 -0.000943
v -0.121669 -0.001156 -0.000934
v -0.121664 -0.001195 -0.000927
v -0.121655 -0.001230 -0.000916
v -0.121673 -0.001129 -0.000899
v -0.121669 -0.001168 -0.000895
v -0.121664 -0.001204 -0.000893
v -0.121657 -0.001234 -0.000887
v -0.121673 -0.001143 -0.000850
v -0.121669 -0.001180 -0.000855
v -0.121664 -0.001212 -0.000859
v -0.121659 -0.001237 -0.000861
v -0.121598 -0.001317 -0.000847
v -0.121618 -0.001309 -0.000820
v -0.121637 -0.001294 -0.000790
v -0.121598 -0.001306 -0.000890
v -0.121614 -0.001300 -0.000866
v -0.121629 -0.001294 -0.000840
v -0.121643 -0.001283 -0.000814
v -0.121618 -0.001285 -0.000909
v -0.121629 -0.001281 -0.000884
v -0.121640 -0.001278 -0.000860
v -0.121649 -0.001270 -0.000836
v -0.121637 -0.001257 -0.000928
v -0.121643 -0.001259 -0.000902
v -0.121649 -0.001259 -0.000876
v -0.121654 -0.001255 -0.000853
v -0.121673 -0.001179 -0.000706
v -0.121673 -0.001169 -0.000751
v -0.121673 -0.001157 -0.000800
v -0.121671 -0.001218 -0.000694
v -0.121669 -0.001210 -0.000734
v -0.121669 -0.001201 -0.000773
v -0.121669 -0.001191 -0.000814
v -0.121664 -0.001248 -0.000725
v -0.121663 -0.001239 -0.000760
v -0.121664 -0.001230 -0.000794
v -0.121664 -0.001221 -0.000827
v -0.121652 -0.001273 -0.000757
v -0.121654 -0.001264 -0.000787
v -0.121657 -0.001254 -0.000814
v -0.121659 -0.001243 -0.000838
v -0.121673 -0.001235 -0.000371
v -0.121576 -0.001425 -0.000220
v -0.121673 -0.001256 -0.000046
v -0.121671 -0.001274 -0.000355
v -0.121664 -0.001312 -0.000335
v -0.121652 -0.001347 -0.000313
v -0.121673 -0.001240 -0.000331
v -0.121669 -0.001279 -0.000315
v -0.121664 -0.001315 -0.000300
v -0.121655 -0.001348 -0.000283
v -0.121673 -0.001246 -0.000285
v -0.121669 -0.001283 -0.000274
v -0.121664 -0.001318 -0.000264
v -0.121657 -0.001347 -0.000253
v -0.121673 -0.001250 -0.000235
v -0.121669 -0.001287 -0.000232
v -0.121664 -0.001319 -0.000230
v -0.121659 -0.001344 -0.000227
v -0.121598 -0.001420 -0.000198
v -0.121618 -0.001407 -0.000173
v -0.121637 -0.001386 -0.000146
v -0.121598 -0.001417 -0.000242
v -0.121614 -0.001407 -0.000219
v -0.121629 -0.001396 -0.000196
v -0.121643 -0.001380 -0.000172
v -0.121618 -0.001401 -0.000265
v -0.121629 -0.001392 -0.000241
v -0.121640 -0.001384 -0.000218
v -0.121649 -0.001371 -0.000196
v -0.121637 -0.001377 -0.000289
v -0.121643 -0.001373 -0.000263
v -0.121649 -0.001368 -0.000238
v -0.121654 -0.001360 -0.000216
v -0.121673 -0.001257 -0.000086
v -0.121673 -0.001256 -0.000133
v -0.121673 -0.001253 -0.000183
v -0.121671 -0.001293 -0.000067
v -0.121669 -0.001292 -0.000107
v -0.121669 -0.001292 -0.000148
v -0.121669 -0.001290 -0.000190
v -0.121664 -0.001328 -0.000092
v -0.121663 -0.001326 -0.000128
v -0.121664 -0.001324 -0.000163
v -0.121664 -0.001322 -0.000197
v -0.121652 -0.001360 -0.000118
v -0.121654 -0.001356 -0.000149
v -0.121657 -0.001352 -0.000177
v -0.121659 -0.001346 -0.000203
v -0.121673 -0.001246 0.000253
v -0.121576 -0.001403 0.000438
v -0.121673 -0.001204 0.000576
v -0.121671 -0.001282 0.000276
v -0.121664 -0.001315 0.000303
v -0.121652 -0.001345 0.000332
v -0.121673 -0.001244 0.000293
v -0.121669 -0.001279 0.000317
v -0.121664 -0.001311 0.000339
v -0.121655 -0.001340 0.000362
v -0.121673 -0.001240 0.000340
v -0.121669 -0.001275 0.000358
v -0.121664 -0.001307 0.000374
v -0.121657 -0.001333 0.000390
v -0.121673 -0.001235 0.000390
v -0.121669 -0.001270 0.000399
v -0.121664 -0.001302 0.000408
v -0.121659 -0.001325 0.000416
v -0.121598 -0.001394 0.000459
v -0.121618 -0.001376 0.000481
v -0.121637 -0.001351 0.000504
v -0.121598 -0.001400 0.000415
v -0.121614 -0.001385 0.000435
v -0.121629 -0.001370 0.000457
v -0.121643 -0.001350 0.000477
v -0.121618 -0.001388 0.000389
v -0.121629 -0.001375 0.000411
v -0.121640 -0.001363 0.000433
v -0.121649 -0.001346 0.000452
v -0.121637 -0.001370 0.000361
v -0.121643 -0.001361 0.000386
v -0.121649 -0.001351 0.000410
v -0.121654 -0.001339 0.000430
v -0.121673 -0.001212 0.000537
v -0.121673 -0.001220 0.000491
v -0.121673 -0.001228 0.000441
v -0.121671 -0.001244 0.000563
v -0.121669 -0.001251 0.000523
v -0.121669 -0.001258 0.000483
v -0.121669 -0.001265 0.000441
v -0.121664 -0.001283 0.000545
v -0.121663 -0.001289 0.000510
v -0.121664 -0.001293 0.000475
v -0.121664 -0.001297 0.000441
v -0.121652 -0.001319 0.000525
v -0.121654 -0.001322 0.000495
v -0.121657 -0.001323 0.000466
v -0.121659 -0.001322 0.000439
v -0.121673 -0.001136 0.000867
v -0.121576 -0.001254 0.001079
v -0.121673 -0.001031 0.001176
v -0.121671 -0.001166 0.000897
v -0.121664 -0.001193 0.000930
v -0.121652 -0.001217 0.000964
v -0.121673 -0.001126 0.000906
v -0.121669 -0.001155 0.000936
v -0.121664 -0.001183 0.000964
v -0.121655 -0.001206 0.000992
v -0.121673 -0.001113 0.000951
v -0.121669 -0.001143 0.000976
v -0.121664 -0.001172 0.000998
v -0.121657 -0.001194 0.001019
v -0.121673 -0.001098 0.000999
v -0.121669 -0.001131 0.001016
v -0.121664 -0.001160 0.001030
v -0.121659 -0.001182 0.001042
v -0.121598 -0.001241 0.001098
v -0.121618 -0.001219 0.001116
v -0.121637 -0.001190 0.001134
v -0.121598 -0.001255 0.001057
v -0.121614 -0.001236 0.001073
v -0.121629 -0.001218 0.001091
v -0.121643 -0.001193 0.001107
v -0.121618 -0.001248 0.001029
v -0.121629 -0.001231 0.001048
v -0.121640 -0.001215 0.001066
v -0.121649 -0.001195 0.001082
v -0.121637 -0.001236 0.000997
v -0.121643 -0.001222 0.001020
v -0.121649 -0.001208 0.001042
v -0.121654 -0.001192 0.001059
v -0.121673 -0.001047 0.001139
v -0.121673 -0.001064 0.001095
v -0.121673 -0.001081 0.001048
v -0.121671 -0.001073 0.001171
v -0.121669 -0.001088 0.001133
v -0.121669 -0.001103 0.001095
v -0.121669 -0.001117 0.001056
v -0.121664 -0.001115 0.001161
v -0.121663 -0.001127 0.001127
v -0.121664 -0.001139 0.001094
v -0.121664 -0.001149 0.001062
v -0.121652 -0.001154 0.001149
v -0.121654 -0.001163 0.001119
v -0.121657 -0.001170 0.001091
v -0.121659 -0.001174 0.001065
v -0.121673 -0.000908 0.001448
v -0.121576 -0.000982 0.001679
v -0.121673 -0.000745 0.001731
v -0.121671 -0.000931 0.001484
v -0.121664 -0.000952 0.001521
v -0.121652 -0.000969 0.001559
v -0.121673 -0.000890 0.001485
v -0.121669 -0.000913 0.001520
v -0.121664 -0.000935 0.001553
v -0.121655 -0.000952 0.001585
v -0.121673 -0.000869 0.001526
v -0.121669 -0.000894 0.001556
v -0.121664 -0.000917 0.001583
v -0.121657 -0.000935 0.001609
v -0.121673 -0.000845 0.001570
v -0.121669 -0.000874 0.001593
v -0.121664 -0.000900 0.001612
v -0.121659 -0.000918 0.001629
v -0.121598 -0.000965 0.001695
v -0.121618 -0.000940 0.001709
v -0.121637 -0.000908 0.001720
v -0.121598 -0.000987 0.001657
v -0.121614 -0.000966 0.001670
v -0.121629 -0.000944 0.001684
v -0.121643 -0.000917 0.001695
v -0.121618 -0.000987 0.001629
v -0.121629 -0.000966 0.001644
v -0.121640 -0.000946 0.001659
v -0.121649 -0.000924 0.001670
v -0.121637 -0.000980 0.001596
v -0.121643 -0.000963 0.001615
v -0.121649 -0.000945 0.001634
v -0.121654 -0.000926 0.001647
v -0.121673 -0.000767 0.001697
v -0.121673 -0.000793 0.001658
v -0.121673 -0.000819 0.001615
v -0.121671 -0.000787 0.001734
v -0.121669 -0.000809 0.001700
v -0.121669 -0.000831 0.001666
v -0.121669 -0.000853 0.001630
v -0.121664 -0.000830 0.001733
v -0.121663 -0.000848 0.001702
v -0.121664 -0.000866 0.001672
v -0.121664 -0.000883 0.001642
v -0.121652 -0.000871 0.001728
v -0.121654 -0.000885 0.001701
v -0.121657 -0.000897 0.001674
v -0.121659 -0.000906 0.001650
v -0.121673 -0.000571 0.001974
v -0.121576 -0.000598 0.002215
v -0.121673 -0.000356 0.002219
v -0.121671 -0.000587 0.002013
v -0.121664 -0.000600 0.002054
v -0.121652 -0.000609 0.002094
v -0.121673 -0.000546 0.002006
v -0.121669 -0.000562 0.002045
v -0.121664 -0.000577 0.002081
v -0.121655 -0.000588 0.002116
v -0.121673 -0.000517 0.002042
v -0.121669 -0.000536 0.002077
v -0.121664 -0.000554 0.002108
v -0.121657 -0.000566 0.002136
v -0.121673 -0.000485 0.002081
v -0.121669 -0.000509 0.002109
v -0.121664 -0.000531 0.002133
v -0.121659 -0.000546 0.002153
v -0.121598 -0.000579 0.002227
v -0.121618 -0.000552 0.002235
v -0.121637 -0.000518 0.002240
v -0.121598 -0.000608 0.002194
v -0.121614 -0.000585 0.002203
v -0.121629 -0.000560 0.002212
v -0.121643 -0.000532 0.002217
v -0.121618 -0.000613 0.002166
v -0.121629 -0.000590 0.002177
v -0.121640 -0.000567 0.002188
v -0.121649 -0.000543 0.002194
v -0.121637 -0.000613 0.002132
v -0.121643 -0.000592 0.002148
v -0.121649 -0.000571 0.002163
v -0.121654 -0.000550 0.002172
v -0.121673 -0.000384 0.002191
v -0.121673 -0.000417 0.002157
v -0.121673 -0.000451 0.002120
v -0.121671 -0.000397 0.002230
v -0.121669 -0.000425 0.002201
v -0.121669 -0.000453 0.002172
v -0.121669 -0.000481 0.002141
v -0.121664 -0.000439 0.002237
v -0.121663 -0.000463 0.002211
v -0.121664 -0.000486 0.002185
v -0.121664 -0.000508 0.002159
v -0.121652 -0.000480 0.002241
v -0.121654 -0.000499 0.002217
v -0.121657 -0.000516 0.002193
v -0.121659 -0.000530 0.002171
v -0.121673 -0.000137 0.002423
v -0.121576 -0.000118 0.002665
v -0.121673 0.000121 0.002622
v -0.121671 -0.000146 0.002465
v -0.121664 -0.000150 0.002507
v -0.121652 -0.000151 0.002549
v -0.121673 -0.000107 0.002450
v -0.121669 -0.000115 0.002491
v -0.121664 -0.000123 0.002530
v -0.121655 -0.000126 0.002566
v -0.121673 -0.000072 0.002480
v -0.121669 -0.000083 0.002517
v -0.121664 -0.000095 0.002552
v -0.121657 -0.000101 0.002582
v -0.121673 -0.000032 0.002512
v -0.121669 -0.000051 0.002544
v -0.121664 -0.000067 0.002572
v -0.121659 -0.000078 0.002594
v -0.121598 -0.000096 0.002673
v -0.121618 -0.000068 0.002676
v -0.121637 -0.000034 0.002674
v -0.121598 -0.000131 0.002647
v -0.121614 -0.000107 0.002650
v -0.121629 -0.000081 0.002655
v -0.121643 -0.000052 0.002655
v -0.121618 -0.000141 0.002620
v -0.121629 -0.000117 0.002626
v -0.121640 -0.000092 0.002632
v -0.121649 -0.000067 0.002634
v -0.121637 -0.000148 0.002587
v -0.121643 -0.000124 0.002598
v -0.121649 -0.000101 0.002608
v -0.121654 -0.000078 0.002614
v -0.121673 0.000087 0.002600
v -0.121673 0.000049 0.002573
v -0.121673 0.000009 0.002543
v -0.121671 0.000083 0.002640
v -0.121669 0.000050 0.002618
v -0.121669 0.000017 0.002594
v -0.121669 -0.000017 0.002570
v -0.121664 0.000043 0.002656
v -0.121663 0.000014 0.002635
v -0.121664 -0.000014 0.002614
v -0.121664 -0.000040 0.002592
v -0.121652 0.000004 0.002668
v -0.121654 -0.000020 0.002648
v -0.121657 -0.000041 0.002628
v -0.121659 -0.000059 0.002609
v -0.121673 0.000375 0.002779
v -0.121576 0.000442 0.003013
v -0.121673 0.000668 0.002924
v -0.121671 0.000375 0.002822
v -0.121664 0.000379 0.002865
v -0.121652 0.000386 0.002905
v -0.121673 0.000410 0.002800
v -0.121669 0.000410 0.002842
v -0.121664 0.000410 0.002881
v -0.121655 0.000414 0.002918
v -0.121673 0.000451 0.002823
v -0.121669 0.000446 0.002861
v -0.121664 0.000442 0.002897
v -0.121657 0.000441 0.002928
v -0.121673 0.000495 0.002846
v -0.121669 0.000484 0.002881
v -0.121664 0.000473 0.002912
v -0.121659 0.000467 0.002936
v -0.121598 0.000464 0.003017
v -0.121618 0.000493 0.003014
v -0.121637 0.000525 0.003006
v -0.121598 0.000425 0.002997
v -0.121614 0.000450 0.002996
v -0.121629 0.000476 0.002996
v -0.121643 0.000504 0.002990
v -0.121618 0.000410 0.002973
v -0.121629 0.000435 0.002975
v -0.121640 0.000460 0.002976
v -0.121649 0.000485 0.002973
v -0.121637 0.000397 0.002942
v -0.121643 0.000422 0.002949
v -0.121649 0.000447 0.002954
v -0.121654 0.000470 0.002955
v -0.121673 0.000630 0.002909
v -0.121673 0.000587 0.002890
v -0.121673 0.000542 0.002869
v -0.121671 0.000634 0.002950
v -0.121669 0.000597 0.002934
v -0.121669 0.000560 0.002917
v -0.121669 0.000522 0.002900
v -0.121664 0.000598 0.002973
v -0.121663 0.000565 0.002957
v -0.121664 0.000534 0.002942
v -0.121664 0.000503 0.002927
v -0.121652 0.000561 0.002992
v -0.121654 0.000534 0.002977
v -0.121657 0.000509 0.002962
v -0.121659 0.000488 0.002946
v -0.121673 0.000947 0.003029
v -0.121576 0.001058 0.003245
v -0.121673 0.001262 0.003113
v -0.121671 0.000956 0.003071
v -0.121664 0.000967 0.003112
v -0.121652 0.000983 0.003150
v -0.121673 0.000986 0.003042
v -0.121669 0.000994 0.003083
v -0.121664 0.001002 0.003122
v -0.121655 0.001012 0.003157
v -0.121673 0.001030 0.003057
v -0.121669 0.001033 0.003095
v -0.121664 0.001036 0.003131
v -0.121657 0.001041 0.003162
v -0.121673 0.001078 0.003071
v -0.121669 0.001073 0.003107
v -0.121664 0.001069 0.003139
v -0.121659 0.001067 0.003164
v -0.121598 0.001081 0.003244
v -0.121618 0.001108 0.003236
v -0.121637 0.001139 0.003222
v -0.121598 0.001039 0.003233
v -0.121614 0.001063 0.003227
v -0.121629 0.001088 0.003222
v -0.121643 0.001115 0.003210
v -0.121618 0.001019 0.003212
v -0.121629 0.001044 0.003209
v -0.121640 0.001069 0.003205
v -0.121649 0.001093 0.003197
v -0.121637 0.001000 0.003184
v -0.121643 0.001027 0.003186
v -0.121649 0.001052 0.003186
v -0.121654 0.001075 0.003182
v -0.121673 0.001223 0.003106
v -0.121673 0.001177 0.003096
v -0.121673 0.001128 0.003084
v -0.121671 0.001234 0.003145
v -0.121669 0.001195 0.003137
v -0.121669 0.001155 0.003128
v -0.121669 0.001114 0.003118
v -0.121664 0.001203 0.003175
v -0.121663 0.001168 0.003166
v -0.121664 0.001134 0.003158
v -0.121664 0.001102 0.003148
v -0.121652 0.001171 0.003201
v -0.121654 0.001142 0.003192
v -0.121657 0.001115 0.003181
v -0.121659 0.001091 0.003171
v -0.121673 0.001557 0.003162
v -0.121576 0.001708 0.003352
v -0.121673 0.001883 0.003183
v -0.121671 0.001573 0.003201
v -0.121664 0.001593 0.003239
v -0.121652 0.001615 0.003274
v -0.121673 0.001597 0.003168
v -0.121669 0.001614 0.003206
v -0.121664 0.001629 0.003243
v -0.121655 0.001646 0.003275
v -0.121673 0.001644 0.003173
v -0.121669 0.001654 0.003211
v -0.121664 0.001664 0.003245
v -0.121657 0.001675 0.003274
v -0.121673 0.001694 0.003177
v -0.121669 0.001696 0.003214
v -0.121664 0.001698 0.003247
v -0.121659 0.001701 0.003271
v -0.121598 0.001730 0.003347
v -0.121618 0.001756 0.003334
v -0.121637 0.001783 0.003314
v -0.121598 0.001687 0.003344
v -0.121614 0.001709 0.003334
v -0.121629 0.001733 0.003323
v -0.121643 0.001757 0.003307
v -0.121618 0.001663 0.003328
v -0.121629 0.001687 0.003319
v -0.121640 0.001711 0.003311
v -0.121649 0.001733 0.003299
v -0.121637 0.001639 0.003304
v -0.121643 0.001666 0.003301
v -0.121649 0.001691 0.003296
v -0.121654 0.001712 0.003288
v -0.121673 0.001842 0.003184
v -0.121673 0.001796 0.003183
v -0.121673 0.001745 0.003181
v -0.121671 0.001861 0.003220
v -0.121669 0.001821 0.003220
v -0.121669 0.001781 0.003219
v -0.121669 0.001738 0.003217
v -0.121664 0.001837 0.003255
v -0.121663 0.001801 0.003254
v -0.121664 0.001766 0.003252
v -0.121664 0.001732 0.003249
v -0.121652 0.001810 0.003287
v -0.121654 0.001780 0.003284
v -0.121657 0.001751 0.003279
v -0.121659 0.001725 0.003273
v -0.121673 0.002181 0.003174
v -0.121576 0.002366 0.003331
v -0.121673 0.002505 0.003131
v -0.121671 0.002205 0.003209
v -0.121664 0.002232 0.003242
v -0.121652 0.002260 0.003272
v -0.121673 0.002222 0.003171
v -0.121669 0.002245 0.003206
v -0.121664 0.002267 0.003239
v -0.121655 0.002290 0.003267
v -0.121673 0.002268 0.003167
v -0.121669 0.002286 0.003202
v -0.121664 0.002302 0.003234
v -0.121657 0.002319 0.003260
v -0.121673 0.002318 0.003162
v -0.121669 0.002328 0.003198
v -0.121664 0.002336 0.003229
v -0.121659 0.002344 0.003253
v -0.121598 0.002387 0.003321
v -0.121618 0.002409 0.003304
v -0.121637 0.002432 0.003278
v -0.121598 0.002344 0.003327
v -0.121614 0.002364 0.003313
v -0.121629 0.002385 0.003298
v -0.121643 0.002405 0.003277
v -0.121618 0.002318 0.003316
v -0.121629 0.002340 0.003303
v -0.121640 0.002361 0.003290
v -0.121649 0.002380 0.003273
v -0.121637 0.002290 0.003297
v -0.121643 0.002315 0.003288
v -0.121649 0.002338 0.003279
v -0.121654 0.002358 0.003266
v -0.121673 0.002465 0.003139
v -0.121673 0.002419 0.003148
v -0.121673 0.002369 0.003155
v -0.121671 0.002491 0.003171
v -0.121669 0.002451 0.003179
v -0.121669 0.002411 0.003186
v -0.121669 0.002370 0.003192
v -0.121664 0.002474 0.003210
v -0.121663 0.002438 0.003216
v -0.121664 0.002403 0.003221
v -0.121664 0.002370 0.003225
v -0.121652 0.002454 0.003247
v -0.121654 0.002423 0.003249
v -0.121657 0.002394 0.003250
v -0.121659 0.002368 0.003250
v -0.121673 0.002796 0.003063
v -0.121576 0.003008 0.003181
v -0.121673 0.003105 0.002958
v -0.121671 0.002826 0.003093
v -0.121664 0.002858 0.003121
v -0.121652 0.002892 0.003144
v -0.121673 0.002835 0.003053
v -0.121669 0.002865 0.003082
v -0.121664 0.002893 0.003110
v -0.121655 0.002921 0.003134
v -0.121673 0.002880 0.003040
v -0.121669 0.002904 0.003071
v -0.121664 0.002926 0.003099
v -0.121657 0.002948 0.003121
v -0.121673 0.002928 0.003025
v -0.121669 0.002944 0.003058
v -0.121664 0.002958 0.003087
v -0.121659 0.002971 0.003109
v -0.121598 0.003026 0.003168
v -0.121618 0.003045 0.003146
v -0.121637 0.003062 0.003117
v -0.121598 0.002985 0.003182
v -0.121614 0.003002 0.003164
v -0.121629 0.003020 0.003145
v -0.121643 0.003036 0.003121
v -0.121618 0.002957 0.003176
v -0.121629 0.002976 0.003159
v -0.121640 0.002995 0.003142
v -0.121649 0.003010 0.003122
v -0.121637 0.002926 0.003163
v -0.121643 0.002949 0.003150
v -0.121649 0.002970 0.003136
v -0.121654 0.002987 0.003120
v -0.121673 0.003067 0.002974
v -0.121673 0.003024 0.002991
v -0.121673 0.002977 0.003009
v -0.121671 0.003099 0.003000
v -0.121669 0.003061 0.003015
v -0.121669 0.003024 0.003030
v -0.121669 0.002984 0.003045
v -0.121664 0.003090 0.003042
v -0.121663 0.003056 0.003055
v -0.121664 0.003023 0.003066
v -0.121664 0.002990 0.003077
v -0.121652 0.003077 0.003082
v -0.121654 0.003048 0.003090
v -0.121657 0.003019 0.003097
v -0.121659 0.002993 0.003101
v -0.121673 0.003377 0.002835
v -0.121576 0.003608 0.002909
v -0.121673 0.003659 0.002672
v -0.121671 0.003412 0.002859
v -0.121664 0.003450 0.002879
v -0.121652 0.003487 0.002896
v -0.121673 0.003413 0.002818
v -0.121669 0.003448 0.002840
v -0.121664 0.003481 0.002862
v -0.121655 0.003513 0.002880
v -0.121673 0.003455 0.002796
v -0.121669 0.003484 0.002821
v -0.121664 0.003512 0.002845
v -0.121657 0.003537 0.002863
v -0.121673 0.003499 0.002772
v -0.121669 0.003521 0.002801
v -0.121664 0.003541 0.002827
v -0.121659 0.003557 0.002846
v -0.121598 0.003623 0.002893
v -0.121618 0.003637 0.002868
v -0.121637 0.003648 0.002836
v -0.121598 0.003586 0.002914
v -0.121614 0.003599 0.002893
v -0.121629 0.003612 0.002872
v -0.121643 0.003623 0.002845
v -0.121618 0.003557 0.002914
v -0.121629 0.003572 0.002894
v -0.121640 0.003587 0.002874
v -0.121649 0.003599 0.002851
v -0.121637 0.003524 0.002908
v -0.121643 0.003544 0.002890
v -0.121649 0.003562 0.002872
v -0.121654 0.003575 0.002853
v -0.121673 0.003626 0.002695
v -0.121673 0.003587 0.002720
v -0.121673 0.003544 0.002746
v -0.121671 0.003662 0.002714
v -0.121669 0.003628 0.002736
v -0.121669 0.003594 0.002758
v -0.121669 0.003558 0.002780
v -0.121664 0.003661 0.002757
v -0.121663 0.003630 0.002776
v -0.121664 0.003600 0.002794
v -0.121664 0.003570 0.002810
v -0.121652 0.003657 0.002798
v -0.121654 0.003629 0.002812
v -0.121657 0.003603 0.002825
v -0.121659 0.003578 0.002834
v -0.121673 0.003902 0.002498
v -0.121576 0.004143 0.002526
v -0.121673 0.004147 0.002283
v -0.121671 0.003941 0.002514
v -0.121664 0.003982 0.002527
v -0.121652 0.004023 0.002536
v -0.121673 0.003934 0.002474
v -0.121669 0.003973 0.002489
v -0.121664 0.004010 0.002504
v -0.121655 0.004045 0.002515
v -0.121673 0.003971 0.002445
v -0.121669 0.004005 0.002463
v -0.121664 0.004036 0.002481
v -0.121657 0.004065 0.002494
v -0.121673 0.004009 0.002412
v -0.121669 0.004037 0.002436
v -0.121664 0.004062 0.002458
v -0.121659 0.004081 0.002473
v -0.121598 0.004155 0.002506
v -0.121618 0.004164 0.002479
v -0.121637 0.004169 0.002446
v -0.121598 0.004123 0.002535
v -0.121614 0.004131 0.002512
v -0.121629 0.004140 0.002488
v -0.121643 0.004146 0.002459
v -0.121618 0.004095 0.002540
v -0.121629 0.004105 0.002517
v -0.121640 0.004116 0.002495
v -0.121649 0.004123 0.002470
v -0.121637 0.004061 0.002540
v -0.121643 0.004077 0.002519
v -0.121649 0.004091 0.002498
v -0.121654 0.004101 0.002477
v -0.121673 0.004119 0.002312
v -0.121673 0.004085 0.002344
v -0.121673 0.004048 0.002378
v -0.121671 0.004158 0.002324
v -0.121669 0.004129 0.002352
v -0.121669 0.004100 0.002380
v -0.121669 0.004069 0.002409
v -0.121664 0.004166 0.002366
v -0.121663 0.004139 0.002390
v -0.121664 0.004113 0.002414
v -0.121664 0.004087 0.002436
v -0.121652 0.004169 0.002407
v -0.121654 0.004145 0.002427
v -0.121657 0.004122 0.002443
v -0.121659 0.004099 0.002457
v -0.121673 0.004352 0.002065
v -0.121576 0.004594 0.002045
v -0.121673 0.004550 0.001806
v -0.121671 0.004393 0.002073
v -0.121664 0.004436 0.002078
v -0.121652 0.004477 0.002079
v -0.121673 0.004379 0.002035
v -0.121669 0.004420 0.002042
v -0.121664 0.004458 0.002050
v -0.121655 0.004495 0.002054
v -0.121673 0.004409 0.001999
v -0.121669 0.004446 0.002011
v -0.121664 0.004480 0.002022
v -0.121657 0.004510 0.002029
v -0.121673 0.004440 0.001960
v -0.121669 0.004472 0.001978
v -0.121664 0.004500 0.001994
v -0.121659 0.004523 0.002005
v -0.121598 0.004602 0.002024
v -0.121618 0.004605 0.001995
v -0.121637 0.004603 0.001961
v -0.121598 0.004575 0.002058
v -0.121614 0.004579 0.002034
v -0.121629 0.004583 0.002008
v -0.121643 0.004583 0.001979
v -0.121618 0.004549 0.002069
v -0.121629 0.004555 0.002044
v -0.121640 0.004561 0.002020
v -0.121649 0.004563 0.001995
v -0.121637 0.004515 0.002075
v -0.121643 0.004527 0.002052
v -0.121649 0.004537 0.002028
v -0.121654 0.004542 0.002005
v -0.121673 0.004528 0.001840
v -0.121673 0.004501 0.001878
v -0.121673 0.004472 0.001919
v -0.121671 0.004569 0.001844
v -0.121669 0.004546 0.001877
v -0.121669 0.004523 0.001911
v -0.121669 0.004498 0.001945
v -0.121664 0.004585 0.001884
v -0.121663 0.004563 0.001913
v -0.121664 0.004542 0.001941
v -0.121664 0.004521 0.001968
v -0.121652 0.004596 0.001924
v -0.121654 0.004576 0.001947
v -0.121657 0.004556 0.001969
v -0.121659 0.004537 0.001987
v -0.121673 0.004708 0.001552
v -0.121576 0.004941 0.001486
v -0.121673 0.004852 0.001260
v -0.121671 0.004750 0.001552
v -0.121664 0.004793 0.001549
v -0.121652 0.004834 0.001541
v -0.121673 0.004729 0.001517
v -0.121669 0.004770 0.001517
v -0.121664 0.004810 0.001517
v -0.121655 0.004846 0.001513
v -0.121673 0.004751 0.001477
v -0.121669 0.004790 0.001481
v -0.121664 0.004826 0.001485
v -0.121657 0.004856 0.001486
v -0.121673 0.004774 0.001432
v -0.121669 0.004809 0.001444
v -0.121664 0.004840 0.001454
v -0.121659 0.004864 0.001461
v -0.121598 0.004945 0.001463
v -0.121618 0.004943 0.001435
v -0.121637 0.004934 0.001402
v -0.121598 0.004926 0.001502
v -0.121614 0.004925 0.001478
v -0.121629 0.004924 0.001452
v -0.121643 0.004918 0.001423
v -0.121618 0.004902 0.001517
v -0.121629 0.004903 0.001492
v -0.121640 0.004904 0.001467
v -0.121649 0.004901 0.001442
v -0.121637 0.004871 0.001531
v -0.121643 0.004877 0.001505
v -0.121649 0.004883 0.001480
v -0.121654 0.004883 0.001457
v -0.121673 0.004837 0.001297
v -0.121673 0.004818 0.001340
v -0.121673 0.004797 0.001386
v -0.121671 0.004878 0.001293
v -0.121669 0.004862 0.001330
v -0.121669 0.004846 0.001368
v -0.121669 0.004828 0.001406
v -0.121664 0.004901 0.001329
v -0.121663 0.004886 0.001362
v -0.121664 0.004871 0.001394
v -0.121664 0.004855 0.001424
v -0.121652 0.004920 0.001366
v -0.121654 0.004905 0.001393
v -0.121657 0.004890 0.001418
v -0.121659 0.004875 0.001439
v -0.121673 0.004957 0.000980
v -0.121576 0.005173 0.000869
v -0.121673 0.005042 0.000665
v -0.121671 0.004999 0.000972
v -0.121664 0.005040 0.000960
v -0.121652 0.005079 0.000945
v -0.121673 0.004971 0.000942
v -0.121669 0.005012 0.000933
v -0.121664 0.005051 0.000925
v -0.121655 0.005086 0.000915
v -0.121673 0.004985 0.000897
v -0.121669 0.005024 0.000894
v -0.121664 0.005060 0.000891
v -0.121657 0.005090 0.000886
v -0.121673 0.004999 0.000849
v -0.121669 0.005036 0.000854
v -0.121664 0.005068 0.000858
v -0.121659 0.005093 0.000860
v -0.121598 0.005173 0.000846
v -0.121618 0.005165 0.000819
v -0.121637 0.005150 0.000788
v -0.121598 0.005161 0.000888
v -0.121614 0.005156 0.000865
v -0.121629 0.005150 0.000839
v -0.121643 0.005139 0.000812
v -0.121618 0.005141 0.000908
v -0.121629 0.005137 0.000883
v -0.121640 0.005134 0.000858
v -0.121649 0.005126 0.000834
v -0.121637 0.005113 0.000927
v -0.121643 0.005114 0.000901
v -0.121649 0.005115 0.000875
v -0.121654 0.005111 0.000852
v -0.121673 0.005034 0.000705
v -0.121673 0.005024 0.000750
v -0.121673 0.005013 0.000799
v -0.121671 0.005074 0.000693
v -0.121669 0.005065 0.000732
v -0.121669 0.005057 0.000772
v -0.121669 0.005047 0.000813
v -0.121664 0.005103 0.000724
v -0.121663 0.005095 0.000759
v -0.121664 0.005086 0.000793
v -0.121664 0.005077 0.000826
v -0.121652 0.005129 0.000756
v -0.121654 0.005120 0.000785
v -0.121657 0.005110 0.000813
v -0.121659 0.005099 0.000837
v -0.121673 0.005091 0.000370
v -0.121576 0.005281 0.000219
v -0.121673 0.005112 0.000045
v -0.121671 0.005130 0.000354
v -0.121664 0.005168 0.000334
v -0.121652 0.005203 0.000312
v -0.121673 0.005096 0.000330
v -0.121669 0.005135 0.000314
v -0.121664 0.005171 0.000298
v -0.121655 0.005203 0.000281
v -0.121673 0.005101 0.000284
v -0.121669 0.005139 0.000273
v -0.121664 0.005174 0.000263
v -0.121657 0.005202 0.000252
v -0.121673 0.005106 0.000234
v -0.121669 0.005143 0.000231
v -0.121664 0.005175 0.000229
v -0.121659 0.005200 0.000226
v -0.121598 0.005276 0.000197
v -0.121618 0.005262 0.000172
v -0.121637 0.005242 0.000145
v -0.121598 0.005273 0.000241
v -0.121614 0.005262 0.000218
v -0.121629 0.005252 0.000194
v -0.121643 0.005236 0.000170
v -0.121618 0.005256 0.000264
v -0.121629 0.005248 0.000240
v -0.121640 0.005240 0.000217
v -0.121649 0.005227 0.000195
v -0.121637 0.005233 0.000288
v -0.121643 0.005229 0.000262
v -0.121649 0.005224 0.000237
v -0.121654 0.005216 0.000215
v -0.121673 0.005112 0.000085
v -0.121673 0.005111 0.000132
v -0.121673 0.005109 0.000182
v -0.121671 0.005149 0.000066
v -0.121669 0.005148 0.000106
v -0.121669 0.005147 0.000147
v -0.121669 0.005145 0.000189
v -0.121664 0.005184 0.000090
v -0.121663 0.005182 0.000127
v -0.121664 0.005180 0.000161
v -0.121664 0.005177 0.000195
v -0.121652 0.005215 0.000117
v -0.121654 0.005212 0.000148
v -0.121657 0.005207 0.000176
v -0.121659 0.005201 0.000202
v -0.121673 0.005102 -0.000254
v -0.121576 0.005259 -0.000439
v -0.121673 0.005060 -0.000577
v -0.121671 0.005137 -0.000278
v -0.121664 0.005171 -0.000304
v -0.121652 0.005201 -0.000333
v -0.121673 0.005100 -0.000294
v -0.121669 0.005134 -0.000318
v -0.121664 0.005167 -0.000340
v -0.121655 0.005196 -0.000363
v -0.121673 0.005096 -0.000341
v -0.121669 0.005131 -0.000359
v -0.121664 0.005163 -0.000375
v -0.121657 0.005189 -0.000392
v -0.121673 0.005091 -0.000391
v -0.121669 0.005126 -0.000400
v -0.121664 0.005158 -0.000409
v -0.121659 0.005181 -0.000417
v -0.121598 0.005250 -0.000460
v -0.121618 0.005232 -0.000482
v -0.121637 0.005207 -0.000505
v -0.121598 0.005255 -0.000417
v -0.121614 0.005241 -0.000437
v -0.121629 0.005226 -0.000458
v -0.121643 0.005205 -0.000478
v -0.121618 0.005244 -0.000391
v -0.121629 0.005231 -0.000412
v -0.121640 0.005218 -0.000434
v -0.121649 0.005202 -0.000453
v -0.121637 0.005225 -0.000362
v -0.121643 0.005217 -0.000387
v -0.121649 0.005207 -0.000411
v -0.121654 0.005195 -0.000431
v -0.121673 0.005068 -0.000538
v -0.121673 0.005076 -0.000492
v -0.121673 0.005084 -0.000442
v -0.121671 0.005100 -0.000564
v -0.121669 0.005107 -0.000524
v -0.121669 0.005114 -0.000484
v -0.121669 0.005121 -0.000442
v -0.121664 0.005139 -0.000547
v -0.121663 0.005144 -0.000511
v -0.121664 0.005149 -0.000476
v -0.121664 0.005153 -0.000442
v -0.121652 0.005175 -0.000527
v -0.121654 0.005178 -0.000496
v -0.121657 0.005179 -0.000467
v -0.121659 0.005178 -0.000441
v -0.121673 0.004992 -0.000868
v -0.121576 0.005110 -0.001081
v -0.121673 0.004887 -0.001177
v -0.121671 0.005022 -0.000898
v -0.121664 0.005049 -0.000931
v -0.121652 0.005073 -0.000965
v -0.121673 0.004982 -0.000908
v -0.121669 0.005011 -0.000938
v -0.121664 0.005039 -0.000965
v -0.121655 0.005062 -0.000994
v -0.121673 0.004969 -0.000952
v -0.121669 0.004999 -0.000977
v -0.121664 0.005027 -0.000999
v -0.121657 0.005050 -0.001020
v -0.121673 0.004954 -0.001000
v -0.121669 0.004987 -0.001017
v -0.121664 0.005016 -0.001031
v -0.121659 0.005037 -0.001043
v -0.121598 0.005096 -0.001099
v -0.121618 0.005075 -0.001117
v -0.121637 0.005045 -0.001135
v -0.121598 0.005110 -0.001058
v -0.121614 0.005092 -0.001075
v -0.121629 0.005074 -0.001092
v -0.121643 0.005049 -0.001108
v -0.121618 0.005104 -0.001030
v -0.121629 0.005087 -0.001049
v -0.121640 0.005071 -0.001067
v -0.121649 0.005051 -0.001083
v -0.121637 0.005092 -0.000999
v -0.121643 0.005078 -0.001022
v -0.121649 0.005064 -0.001043
v -0.121654 0.005048 -0.001060
v -0.121673 0.004903 -0.001140
v -0.121673 0.004920 -0.001097
v -0.121673 0.004937 -0.001049
v -0.121671 0.004929 -0.001172
v -0.121669 0.004944 -0.001134
v -0.121669 0.004959 -0.001096
v -0.121669 0.004973 -0.001057
v -0.121664 0.004971 -0.001162
v -0.121663 0.004983 -0.001128
v -0.121664 0.004995 -0.001095
v -0.121664 0.005005 -0.001063
v -0.121652 0.005010 -0.001150
v -0.121654 0.005019 -0.001120
v -0.121657 0.005025 -0.001092
v -0.121659 0.005030 -0.001066
v -0.121673 0.004763 -0.001449
v -0.121576 0.004838 -0.001681
v -0.121673 0.004600 -0.001732
v -0.121671 0.004787 -0.001485
v -0.121664 0.004808 -0.001522
v -0.121652 0.004824 -0.001560
v -0.121673 0.004746 -0.001486
v -0.121669 0.004769 -0.001521
v -0.121664 0.004791 -0.001554
v -0.121655 0.004808 -0.001586
v -0.121673 0.004725 -0.001527
v -0.121669 0.004750 -0.001557
v -0.121664 0.004773 -0.001584
v -0.121657 0.004791 -0.001610
v -0.121673 0.004700 -0.001571
v -0.121669 0.004730 -0.001594
v -0.121664 0.004755 -0.001614
v -0.121659 0.004774 -0.001630
v -0.121598 0.004821 -0.001696
v -0.121618 0.004796 -0.001710
v -0.121637 0.004764 -0.001721
v -0.121598 0.004843 -0.001658
v -0.121614 0.004822 -0.001671
v -0.121629 0.004800 -0.001685
v -0.121643 0.004773 -0.001696
v -0.121618 0.004842 -0.001630
v -0.121629 0.004822 -0.001645
v -0.121640 0.004802 -0.001660
v -0.121649 0.004779 -0.001671
v -0.121637 0.004836 -0.001597
v -0.121643 0.004818 -0.001616
v -0.121649 0.004800 -0.001635
v -0.121654 0.004782 -0.001648
v -0.121673 0.004623 -0.001698
v -0.121673 0.004648 -0.001659
v -0.121673 0.004675 -0.001616
v -0.121671 0.004643 -0.001735
v -0.121669 0.004665 -0.001701
v -0.121669 0.004687 -0.001667
v -0.121669 0.004708 -0.001631
v -0.121664 0.004686 -0.001734
v -0.121663 0.004704 -0.001703
v -0.121664 0.004722 -0.001673
v -0.121664 0.004739 -0.001643
v -0.121652 0.004727 -0.001729
v -0.121654 0.004741 -0.001702
v -0.121657 0.004753 -0.001675
v -0.121659 0.004762 -0.001651
v -0.121673 0.004426 -0.001975
v -0.121576 0.004454 -0.002216
v -0.121673 0.004211 -0.002220
v -0.121671 0.004443 -0.002014
v -0.121664 0.004456 -0.002055
v -0.121652 0.004464 -0.002095
v -0.121673 0.004402 -0.002007
v -0.121669 0.004418 -0.002046
v -0.121664 0.004433 -0.002083
v -0.121655 0.004443 -0.002117
v -0.121673 0.004373 -0.002044
v -0.121669 0.004392 -0.002078
v -0.121664 0.004409 -0.002109
v -0.121657 0.004422 -0.002137
v -0.121673 0.004341 -0.002082
v -0.121669 0.004365 -0.002110
v -0.121664 0.004386 -0.002134
v -0.121659 0.004402 -0.002154
v -0.121598 0.004435 -0.002228
v -0.121618 0.004408 -0.002237
v -0.121637 0.004374 -0.002241
v -0.121598 0.004463 -0.002195
v -0.121614 0.004440 -0.002204
v -0.121629 0.004416 -0.002213
v -0.121643 0.004388 -0.002219
v -0.121618 0.004468 -0.002167
v -0.121629 0.004446 -0.002178
v -0.121640 0.004423 -0.002189
v -0.121649 0.004399 -0.002195
v -0.121637 0.004469 -0.002133
v -0.121643 0.004448 -0.002149
v -0.121649 0.004426 -0.002164
v -0.121654 0.004405 -0.002173
v -0.121673 0.004240 -0.002192
v -0.121673 0.004273 -0.002158
v -0.121673 0.004307 -0.002121
v -0.121671 0.004252 -0.002231
v -0.121669 0.004280 -0.002202
v -0.121669 0.004309 -0.002173
v -0.121669 0.004337 -0.002142
v -0.121664 0.004294 -0.002238
v -0.121663 0.004319 -0.002212
v -0.121664 0.004342 -0.002186
v -0.121664 0.004364 -0.002160
v -0.121652 0.004336 -0.002242
v -0.121654 0.004355 -0.002218
v -0.121657 0.004372 -0.002194
v -0.121659 0.004386 -0.002172
v -0.121673 0.003993 -0.002424
v -0.121576 0.003973 -0.002666
v -0.121673 0.003734 -0.002623
v -0.121671 0.004002 -0.002466
v -0.121664 0.004006 -0.002508
v -0.121652 0.004007 -0.002550
v -0.121673 0.003963 -0.002451
v -0.121669 0.003971 -0.002492
v -0.121664 0.003978 -0.002531
v -0.121655 0.003982 -0.002567
v -0.121673 0.003927 -0.002481
v -0.121669 0.003939 -0.002519
v -0.121664 0.003950 -0.002553
v -0.121657 0.003957 -0.002583
v -0.121673 0.003888 -0.002513
v -0.121669 0.003907 -0.002545
v -0.121664 0.003923 -0.002573
v -0.121659 0.003934 -0.002595
v -0.121598 0.003952 -0.002674
v -0.121618 0.003924 -0.002677
v -0.121637 0.003890 -0.002676
v -0.121598 0.003987 -0.002648
v -0.121614 0.003962 -0.002652
v -0.121629 0.003937 -0.002656
v -0.121643 0.003908 -0.002656
v -0.121618 0.003997 -0.002621
v -0.121629 0.003973 -0.002627
v -0.121640 0.003948 -0.002634
v -0.121649 0.003923 -0.002635
v -0.121637 0.004004 -0.002588
v -0.121643 0.003980 -0.002600
v -0.121649 0.003956 -0.002610
v -0.121654 0.003934 -0.002615
v -0.121673 0.003768 -0.002601
v -0.121673 0.003807 -0.002574
v -0.121673 0.003847 -0.002544
v -0.121671 0.003773 -0.002642
v -0.121669 0.003806 -0.002619
v -0.121669 0.003839 -0.002596
v -0.121669 0.003873 -0.002571
v -0.121664 0.003812 -0.002657
v -0.121663 0.003842 -0.002636
v -0.121664 0.003869 -0.002615
v -0.121664 0.003896 -0.002593
v -0.121652 0.003852 -0.002669
v -0.121654 0.003876 -0.002649
v -0.121657 0.003897 -0.002629
v -0.121659 0.003915 -0.002610
v -0.121673 0.003481 -0.002781
v -0.121576 0.003414 -0.003014
v -0.121673 0.003188 -0.002925
v -0.121671 0.003481 -0.002823
v -0.121664 0.003477 -0.002866
v -0.121652 0.003470 -0.002906
v -0.121673 0.003446 -0.002801
v -0.121669 0.003445 -0.002843
v -0.121664 0.003445 -0.002883
v -0.121655 0.003442 -0.002919
v -0.121673 0.003405 -0.002824
v -0.121669 0.003409 -0.002863
v -0.121664 0.003414 -0.002898
v -0.121657 0.003415 -0.002929
v -0.121673 0.003360 -0.002847
v -0.121669 0.003372 -0.002882
v -0.121664 0.003383 -0.002913
v -0.121659 0.003389 -0.002937
v -0.121598 0.003391 -0.003018
v -0.121618 0.003363 -0.003015
v -0.121637 0.003330 -0.003007
v -0.121598 0.003431 -0.002998
v -0.121614 0.003406 -0.002998
v -0.121629 0.003380 -0.002997
v -0.121643 0.003352 -0.002991
v -0.121618 0.003446 -0.002975
v -0.121629 0.003421 -0.002976
v -0.121640 0.003396 -0.002977
v -0.121649 0.003371 -0.002974
v -0.121637 0.003459 -0.002943
v -0.121643 0.003434 -0.002950
v -0.121649 0.003408 -0.002955
v -0.121654 0.003385 -0.002956
v -0.121673 0.003226 -0.002910
v -0.121673 0.003268 -0.002891
v -0.121673 0.003314 -0.002870
v -0.121671 0.003222 -0.002951
v -0.121669 0.003259 -0.002935
v -0.121669 0.003296 -0.002919
v -0.121669 0.003334 -0.002901
v -0.121664 0.003258 -0.002974
v -0.121663 0.003291 -0.002958
v -0.121664 0.003322 -0.002943
v -0.121664 0.003352 -0.002928
v -0.121652 0.003295 -0.002993
v -0.121654 0.003322 -0.002978
v -0.121657 0.003346 -0.002963
v -0.121659 0.003368 -0.002947
v -0.121673 0.002908 -0.003030
v -0.121576 0.002798 -0.003246
v -0.121673 0.002593 -0.003115
v -0.121671 0.002900 -0.003072
v -0.121664 0.002888 -0.003113
v -0.121652 0.002873 -0.003151
v -0.121673 0.002870 -0.003044
v -0.121669 0.002862 -0.003084
v -0.121664 0.002854 -0.003123
v -0.121655 0.002844 -0.003158
v -0.121673 0.002826 -0.003058
v -0.121669 0.002823 -0.003097
v -0.121664 0.002820 -0.003132
v -0.121657 0.002815 -0.003163
v -0.121673 0.002778 -0.003072
v -0.121669 0.002782 -0.003108
v -0.121664 0.002787 -0.003141
v -0.121659 0.002788 -0.003165
v -0.121598 0.002775 -0.003245
v -0.121618 0.002747 -0.003237
v -0.121637 0.002717 -0.003223
v -0.121598 0.002817 -0.003234
v -0.121614 0.002793 -0.003228
v -0.121629 0.002768 -0.003223
v -0.121643 0.002741 -0.003211
v -0.121618 0.002837 -0.003214
v -0.121629 0.002812 -0.003210
v -0.121640 0.002787 -0.003206
v -0.121649 0.002763 -0.003198
v -0.121637 0.002856 -0.003186
v -0.121643 0.002829 -0.003187
v -0.121649 0.002804 -0.003187
v -0.121654 0.002781 -0.003183
v -0.121673 0.002633 -0.003107
v -0.121673 0.002679 -0.003097
v -0.121673 0.002728 -0.003085
v -0.121671 0.002621 -0.003146
v -0.121669 0.002661 -0.003138
v -0.121669 0.002701 -0.003129
v -0.121669 0.002741 -0.003119
v -0.121664 0.002652 -0.003176
v -0.121663 0.002687 -0.003167
v -0.121664 0.002721 -0.003159
v -0.121664 0.002754 -0.003149
v -0.121652 0.002685 -0.003202
v -0.121654 0.002714 -0.003193
v -0.121657 0.002741 -0.003183
v -0.121659 0.002765 -0.003172
v -0.121673 0.002299 -0.003163
v -0.121576 0.002148 -0.003353
v -0.121673 0.001973 -0.003185
v -0.121671 0.002282 -0.003202
v -0.121664 0.002263 -0.003240
v -0.121652 0.002240 -0.003275
v -0.121673 0.002259 -0.003169
v -0.121669 0.002242 -0.003207
v -0.121664 0.002227 -0.003244
v -0.121655 0.002210 -0.003276
v -0.121673 0.002212 -0.003174
v -0.121669 0.002201 -0.003212
v -0.121664 0.002192 -0.003246
v -0.121657 0.002181 -0.003275
v -0.121673 0.002162 -0.003179
v -0.121669 0.002160 -0.003215
v -0.121664 0.002158 -0.003248
v -0.121659 0.002154 -0.003273
v -0.121598 0.002125 -0.003348
v -0.121618 0.002100 -0.003335
v -0.121637 0.002073 -0.003315
v -0.121598 0.002169 -0.003345
v -0.121614 0.002147 -0.003335
v -0.121629 0.002123 -0.003325
v -0.121643 0.002099 -0.003308
v -0.121618 0.002192 -0.003329
v -0.121629 0.002169 -0.003321
v -0.121640 0.002145 -0.003312
v -0.121649 0.002123 -0.003300
v -0.121637 0.002216 -0.003305
v -0.121643 0.002190 -0.003302
v -0.121649 0.002165 -0.003297
v -0.121654 0.002143 -0.003289
v -0.121673 0.002014 -0.003185
v -0.121673 0.002060 -0.003184
v -0.121673 0.002111 -0.003182
v -0.121671 0.001994 -0.003221
v -0.121669 0.002035 -0.003221
v -0.121669 0.002075 -0.003220
v -0.121669 0.002117 -0.003218
v -0.121664 0.002019 -0.003256
v -0.121663 0.002055 -0.003255
v -0.121664 0.002090 -0.003253
v -0.121664 0.002124 -0.003250
v -0.121652 0.002046 -0.003288
v -0.121654 0.002076 -0.003285
v -0.121657 0.002105 -0.003280
v -0.121659 0.002130 -0.003274
v -0.121673 0.001674 -0.003175
v -0.121576 0.001489 -0.003332
v -0.121673 0.001351 -0.003132
v -0.121671 0.001651 -0.003210
v -0.121664 0.001624 -0.003244
v -0.121652 0.001595 -0.003273
v -0.121673 0.001634 -0.003173
v -0.121669 0.001610 -0.003207
v -0.121664 0.001588 -0.003240
v -0.121655 0.001565 -0.003268
v -0.121673 0.001588 -0.003169
v -0.121669 0.001570 -0.003203
v -0.121664 0.001553 -0.003235
v -0.121657 0.001537 -0.003262
v -0.121673 0.001538 -0.003163
v -0.121669 0.001528 -0.003199
v -0.121664 0.001520 -0.003230
v -0.121659 0.001512 -0.003254
v -0.121598 0.001469 -0.003322
v -0.121618 0.001446 -0.003305
v -0.121637 0.001424 -0.003279
v -0.121598 0.001512 -0.003328
v -0.121614 0.001492 -0.003314
v -0.121629 0.001471 -0.003299
v -0.121643 0.001450 -0.003278
v -0.121618 0.001538 -0.003317
v -0.121629 0.001516 -0.003304
v -0.121640 0.001495 -0.003291
v -0.121649 0.001476 -0.003274
v -0.121637 0.001566 -0.003298
v -0.121643 0.001541 -0.003289
v -0.121649 0.001517 -0.003280
v -0.121654 0.001498 -0.003268
v -0.121673 0.001391 -0.003141
v -0.121673 0.001437 -0.003149
v -0.121673 0.001486 -0.003156
v -0.121671 0.001365 -0.003172
v -0.121669 0.001405 -0.003180
v -0.121669 0.001444 -0.003187
v -0.121669 0.001486 -0.003193
v -0.121664 0.001382 -0.003212
v -0.121663 0.001418 -0.003217
v -0.121664 0.001452 -0.003222
v -0.121664 0.001486 -0.003226
v -0.121652 0.001402 -0.003248
v -0.121654 0.001433 -0.003251
v -0.121657 0.001462 -0.003252
v -0.121659 0.001488 -0.003251
v -0.121673 0.001060 -0.003064
v -0.121576 0.000848 -0.003182
v -0.121673 0.000751 -0.002959
v -0.121671 0.001030 -0.003094
v -0.121664 0.000997 -0.003122
v -0.121652 0.000963 -0.003146
v -0.121673 0.001021 -0.003054
v -0.121669 0.000991 -0.003083
v -0.121664 0.000963 -0.003111
v -0.121655 0.000935 -0.003135
v -0.121673 0.000976 -0.003041
v -0.121669 0.000952 -0.003072
v -0.121664 0.000930 -0.003100
v -0.121657 0.000908 -0.003123
v -0.121673 0.000928 -0.003026
v -0.121669 0.000912 -0.003059
v -0.121664 0.000897 -0.003089
v -0.121659 0.000885 -0.003110
v -0.121598 0.000829 -0.003169
v -0.121618 0.000811 -0.003147
v -0.121637 0.000794 -0.003118
v -0.121598 0.000871 -0.003183
v -0.121614 0.000854 -0.003165
v -0.121629 0.000836 -0.003146
v -0.121643 0.000820 -0.003122
v -0.121618 0.000898 -0.003177
v -0.121629 0.000880 -0.003160
v -0.121640 0.000861 -0.003143
v -0.121649 0.000846 -0.003123
v -0.121637 0.000930 -0.003164
v -0.121643 0.000907 -0.003151
v -0.121649 0.000886 -0.003137
v -0.121654 0.000869 -0.003121
v -0.121673 0.000789 -0.002975
v -0.121673 0.000832 -0.002992
v -0.121673 0.000879 -0.003010
v -0.121671 0.000757 -0.003002
v -0.121669 0.000794 -0.003017
v -0.121669 0.000832 -0.003031
v -0.121669 0.000872 -0.003046
v -0.121664 0.000766 -0.003043
v -0.121663 0.000800 -0.003056
v -0.121664 0.000833 -0.003067
v -0.121664 0.000865 -0.003078
v -0.121652 0.000779 -0.003083
v -0.121654 0.000808 -0.003091
v -0.121657 0.000836 -0.003098
v -0.121659 0.000862 -0.003102
v -0.121673 0.000453 -0.002229
v -0.121576 0.000668 -0.002183
v -0.121673 0.000735 -0.002392
v -0.121671 0.000489 -0.002211
v -0.121664 0.000526 -0.002195
v -0.121652 0.000562 -0.002183
v -0.121673 0.000486 -0.002252
v -0.121669 0.000522 -0.002233
v -0.121664 0.000554 -0.002215
v -0.121655 0.000585 -0.002201
v -0.121673 0.000525 -0.002277
v -0.121669 0.000555 -0.002255
v -0.121664 0.000582 -0.002234
v -0.121657 0.000606 -0.002218
v -0.121673 0.000568 -0.002304
v -0.121669 0.000590 -0.002276
v -0.121664 0.000609 -0.002252
v -0.121659 0.000625 -0.002235
v -0.121598 0.000683 -0.002195
v -0.121618 0.000697 -0.002214
v -0.121637 0.000710 -0.002242
v -0.121598 0.000650 -0.002176
v -0.121614 0.000662 -0.002193
v -0.121629 0.000675 -0.002211
v -0.121643 0.000686 -0.002235
v -0.121618 0.000626 -0.002174
v -0.121629 0.000639 -0.002191
v -0.121640 0.000653 -0.002209
v -0.121649 0.000663 -0.002230
v -0.121637 0.000596 -0.002176
v -0.121643 0.000613 -0.002193
v -0.121649 0.000630 -0.002210
v -0.121654 0.000642 -0.002228
v -0.121673 0.000699 -0.002375
v -0.121673 0.000657 -0.002354
v -0.121673 0.000613 -0.002329
v -0.121671 0.000733 -0.002352
v -0.121669 0.000698 -0.002335
v -0.121669 0.000663 -0.002317
v -0.121669 0.000626 -0.002297
v -0.121664 0.000728 -0.002312
v -0.121663 0.000697 -0.002298
v -0.121664 0.000667 -0.002283
v -0.121664 0.000637 -0.002269
v -0.121652 0.000720 -0.002275
v -0.121654 0.000694 -0.002264
v -0.121657 0.000668 -0.002254
v -0.121659 0.000644 -0.002246
v -0.121673 0.000291 -0.002114
v -0.121673 0.000046 -0.001899
v -0.121576 0.000266 -0.001895
v -0.121673 0.000259 -0.002090
v -0.121673 0.000223 -0.002060
v -0.121673 0.000184 -0.002028
v -0.121671 0.000298 -0.002074
v -0.121669 0.000266 -0.002050
v -0.121669 0.000235 -0.002026
v -0.121669 0.000203 -0.001999
v -0.121664 0.000300 -0.002034
v -0.121663 0.000273 -0.002013
v -0.121664 0.000246 -0.001993
v -0.121664 0.000220 -0.001973
v -0.121652 0.000300 -0.001995
v -0.121654 0.000276 -0.001979
v -0.121657 0.000253 -0.001965
v -0.121659 0.000231 -0.001953
v -0.121671 0.000085 -0.001888
v -0.121664 0.000125 -0.001879
v -0.121652 0.000163 -0.001875
v -0.121673 0.000075 -0.001928
v -0.121669 0.000113 -0.001916
v -0.121664 0.000149 -0.001904
v -0.121655 0.000182 -0.001896
v -0.121673 0.000108 -0.001960
v -0.121669 0.000142 -0.001944
v -0.121664 0.000172 -0.001928
v -0.121657 0.000199 -0.001918
v -0.121673 0.000145 -0.001994
v -0.121669 0.000172 -0.001972
v -0.121664 0.000195 -0.001952
v -0.121659 0.000214 -0.001938
v -0.121598 0.000279 -0.001910
v -0.121618 0.000289 -0.001932
v -0.121637 0.000296 -0.001961
v -0.121598 0.000251 -0.001885
v -0.121614 0.000258 -0.001904
v -0.121629 0.000268 -0.001924
v -0.121643 0.000274 -0.001949
v -0.121618 0.000227 -0.001878
v -0.121629 0.000236 -0.001898
v -0.121640 0.000246 -0.001918
v -0.121649 0.000253 -0.001940
v -0.121637 0.000197 -0.001875
v -0.121643 0.000211 -0.001895
v -0.121649 0.000223 -0.001915
v -0.121654 0.000232 -0.001934
v -0.121673 -0.000089 -0.001754
v -0.121673 -0.000288 -0.001495
v -0.121576 -0.000071 -0.001535
v -0.121673 -0.000116 -0.001724
v -0.121673 -0.000146 -0.001688
v -0.121673 -0.000178 -0.001649
v -0.121671 -0.000076 -0.001716
v -0.121669 -0.000102 -0.001687
v -0.121669 -0.000128 -0.001656
v -0.121669 -0.000154 -0.001624
v -0.121664 -0.000065 -0.001677
v -0.121663 -0.000088 -0.001652
v -0.121664 -0.000111 -0.001627
v -0.121664 -0.000132 -0.001602
v -0.121652 -0.000058 -0.001639
v -0.121654 -0.000078 -0.001619
v -0.121657 -0.000098 -0.001601
v -0.121659 -0.000117 -0.001584
v -0.121671 -0.000247 -0.001492
v -0.121664 -0.000207 -0.001492
v -0.121652 -0.000169 -0.001495
v -0.121673 -0.000266 -0.001529
v -0.121669 -0.000225 -0.001525
v -0.121664 -0.000189 -0.001520
v -0.121655 -0.000155 -0.001519
v -0.121673 -0.000239 -0.001567
v -0.121669 -0.000203 -0.001558
v -0.121664 -0.000170 -0.001549
v -0.121657 -0.000142 -0.001544
v -0.121673 -0.000209 -0.001608
v -0.121669 -0.000179 -0.001591
v -0.121664 -0.000152 -0.001576
v -0.121659 -0.000131 -0.001566
v -0.121598 -0.000062 -0.001551
v -0.121618 -0.000057 -0.001575
v -0.121637 -0.000055 -0.001605
v -0.121598 -0.000085 -0.001521
v -0.121614 -0.000081 -0.001541
v -0.121629 -0.000075 -0.001563
v -0.121643 -0.000074 -0.001589
v -0.121618 -0.000106 -0.001510
v -0.121629 -0.000101 -0.001531
v -0.121640 -0.000096 -0.001553
v -0.121649 -0.000093 -0.001576
v -0.121637 -0.000135 -0.001501
v -0.121643 -0.000126 -0.001523
v -0.121649 -0.000117 -0.001545
v -0.121654 -0.000113 -0.001566
v -0.121673 -0.000393 -0.001327
v -0.121673 -0.000537 -0.001034
v -0.121576 -0.000332 -0.001115
v -0.121673 -0.000413 -0.001292
v -0.121673 -0.000436 -0.001251
v -0.121673 -0.000459 -0.001206
v -0.121671 -0.000372 -0.001292
v -0.121669 -0.000392 -0.001258
v -0.121669 -0.000411 -0.001224
v -0.121669 -0.000430 -0.001187
v -0.121664 -0.000354 -0.001256
v -0.121663 -0.000372 -0.001227
v -0.121664 -0.000389 -0.001198
v -0.121664 -0.000405 -0.001169
v -0.121652 -0.000340 -0.001220
v -0.121654 -0.000356 -0.001197
v -0.121657 -0.000372 -0.001174
v -0.121659 -0.000387 -0.001155
v -0.121671 -0.000497 -0.001039
v -0.121664 -0.000457 -0.001046
v -0.121652 -0.000420 -0.001057
v -0.121673 -0.000522 -0.001072
v -0.121669 -0.000481 -0.001075
v -0.121664 -0.000444 -0.001078
v -0.121655 -0.000411 -0.001084
v -0.121673 -0.000503 -0.001115
v -0.121669 -0.000466 -0.001112
v -0.121664 -0.000432 -0.001110
v -0.121657 -0.000403 -0.001110
v -0.121673 -0.000482 -0.001160
v -0.121669 -0.000449 -0.001150
v -0.121664 -0.000420 -0.001140
v -0.121659 -0.000397 -0.001134
v -0.121598 -0.000326 -0.001133
v -0.121618 -0.000326 -0.001157
v -0.121637 -0.000330 -0.001187
v -0.121598 -0.000343 -0.001100
v -0.121614 -0.000343 -0.001120
v -0.121629 -0.000342 -0.001143
v -0.121643 -0.000346 -0.001168
v -0.121618 -0.000362 -0.001084
v -0.121629 -0.000361 -0.001106
v -0.121640 -0.000360 -0.001129
v -0.121649 -0.000362 -0.001152
v -0.121637 -0.000388 -0.001070
v -0.121643 -0.000383 -0.001093
v -0.121649 -0.000379 -0.001117
v -0.121654 -0.000379 -0.001138
v -0.121673 -0.000607 -0.000849
v -0.121673 -0.000691 -0.000534
v -0.121576 -0.000506 -0.000653
v -0.121673 -0.000620 -0.000810
v -0.121673 -0.000634 -0.000766
v -0.121673 -0.000649 -0.000718
v -0.121671 -0.000579 -0.000819
v -0.121669 -0.000593 -0.000782
v -0.121669 -0.000605 -0.000744
v -0.121669 -0.000617 -0.000704
v -0.121664 -0.000555 -0.000787
v -0.121663 -0.000567 -0.000754
v -0.121664 -0.000578 -0.000723
v -0.121664 -0.000588 -0.000692
v -0.121652 -0.000534 -0.000755
v -0.121654 -0.000545 -0.000728
v -0.121657 -0.000556 -0.000703
v -0.121659 -0.000568 -0.000681
v -0.121671 -0.000653 -0.000546
v -0.121664 -0.000615 -0.000561
v -0.121652 -0.000581 -0.000578
v -0.121673 -0.000684 -0.000573
v -0.121669 -0.000645 -0.000585
v -0.121664 -0.000609 -0.000595
v -0.121655 -0.000577 -0.000607
v -0.121673 -0.000674 -0.000619
v -0.121669 -0.000637 -0.000624
v -0.121664 -0.000603 -0.000628
v -0.121657 -0.000575 -0.000634
v -0.121673 -0.000662 -0.000668
v -0.121669 -0.000627 -0.000664
v -0.121664 -0.000597 -0.000660
v -0.121659 -0.000573 -0.000659
v -0.121598 -0.000504 -0.000672
v -0.121618 -0.000508 -0.000696
v -0.121637 -0.000518 -0.000724
v -0.121598 -0.000514 -0.000635
v -0.121614 -0.000518 -0.000655
v -0.121629 -0.000521 -0.000678
v -0.121643 -0.000530 -0.000702
v -0.121618 -0.000529 -0.000617
v -0.121629 -0.000533 -0.000638
v -0.121640 -0.000536 -0.000661
v -0.121649 -0.000543 -0.000683
v -0.121637 -0.000552 -0.000597
v -0.121643 -0.000552 -0.000621
v -0.121649 -0.000553 -0.000645
v -0.121654 -0.000557 -0.000666
v -0.121673 -0.000724 -0.000338
v -0.121673 -0.000745 -0.000012
v -0.121576 -0.000587 -0.000165
v -0.121673 -0.000729 -0.000298
v -0.121673 -0.000734 -0.000251
v -0.121673 -0.000739 -0.000201
v -0.121671 -0.000691 -0.000314
v -0.121669 -0.000697 -0.000275
v -0.121669 -0.000701 -0.000235
v -0.121669 -0.000705 -0.000194
v -0.121664 -0.000660 -0.000287
v -0.121663 -0.000666 -0.000253
v -0.121664 -0.000671 -0.000220
v -0.121664 -0.000675 -0.000188
v -0.121652 -0.000634 -0.000260
v -0.121654 -0.000639 -0.000232
v -0.121657 -0.000646 -0.000205
v -0.121659 -0.000652 -0.000181
v -0.121671 -0.000709 -0.000032
v -0.121664 -0.000676 -0.000054
v -0.121652 -0.000646 -0.000078
v -0.121673 -0.000745 -0.000053
v -0.121669 -0.000709 -0.000071
v -0.121664 -0.000676 -0.000088
v -0.121655 -0.000648 -0.000106
v -0.121673 -0.000744 -0.000099
v -0.121669 -0.000709 -0.000111
v -0.121664 -0.000677 -0.000122
v -0.121657 -0.000650 -0.000134
v -0.121673 -0.000742 -0.000150
v -0.121669 -0.000708 -0.000153
v -0.121664 -0.000677 -0.000155
v -0.121659 -0.000654 -0.000158
v -0.121598 -0.000588 -0.000184
v -0.121618 -0.000597 -0.000207
v -0.121637 -0.000612 -0.000233
v -0.121598 -0.000591 -0.000147
v -0.121614 -0.000598 -0.000166
v -0.121629 -0.000606 -0.000187
v -0.121643 -0.000619 -0.000209
v -0.121618 -0.000602 -0.000125
v -0.121629 -0.000610 -0.000146
v -0.121640 -0.000617 -0.000167
v -0.121649 -0.000628 -0.000188
v -0.121637 -0.000621 -0.000102
v -0.121643 -0.000625 -0.000126
v -0.121649 -0.000631 -0.000149
v -0.121654 -0.000639 -0.000169
v -0.121673 -0.000738 0.000186
v -0.121673 -0.000696 0.000509
v -0.121576 -0.000571 0.000328
v -0.121673 -0.000736 0.000226
v -0.121673 -0.000732 0.000273
v -0.121673 -0.000727 0.000323
v -0.121671 -0.000702 0.000203
v -0.121669 -0.000700 0.000242
v -0.121669 -0.000696 0.000282
v -0.121669 -0.000692 0.000323
v -0.121664 -0.000667 0.000223
v -0.121663 -0.000665 0.000258
v -0.121664 -0.000664 0.000291
v -0.121664 -0.000661 0.000324
v -0.121652 -0.000635 0.000245
v -0.121654 -0.000635 0.000274
v -0.121657 -0.000636 0.000301
v -0.121659 -0.000638 0.000326
v -0.121671 -0.000665 0.000483
v -0.121664 -0.000636 0.000455
v -0.121652 -0.000611 0.000426
v -0.121673 -0.000704 0.000470
v -0.121669 -0.000672 0.000444
v -0.121664 -0.000643 0.000421
v -0.121655 -0.000619 0.000398
v -0.121673 -0.000712 0.000424
v -0.121669 -0.000680 0.000405
v -0.121664 -0.000651 0.000388
v -0.121657 -0.000627 0.000372
v -0.121673 -0.000720 0.000374
v -0.121669 -0.000687 0.000364
v -0.121664 -0.000657 0.000356
v -0.121659 -0.000635 0.000348
v -0.121598 -0.000576 0.000310
v -0.121618 -0.000589 0.000289
v -0.121637 -0.000609 0.000267
v -0.121598 -0.000571 0.000347
v -0.121614 -0.000582 0.000330
v -0.121629 -0.000594 0.000311
v -0.121643 -0.000611 0.000292
v -0.121618 -0.000578 0.000371
v -0.121629 -0.000589 0.000352
v -0.121640 -0.000601 0.000332
v -0.121649 -0.000616 0.000315
v -0.121637 -0.000592 0.000397
v -0.121643 -0.000601 0.000375
v -0.121649 -0.000611 0.000353
v -0.121654 -0.000622 0.000335
v -0.121673 -0.000651 0.000703
v -0.121673 -0.000546 0.001011
v -0.121576 -0.000458 0.000809
v -0.121673 -0.000641 0.000742
v -0.121673 -0.000628 0.000787
v -0.121673 -0.000613 0.000835
v -0.121671 -0.000611 0.000712
v -0.121669 -0.000602 0.000750
v -0.121669 -0.000591 0.000788
v -0.121669 -0.000579 0.000828
v -0.121664 -0.000573 0.000725
v -0.121663 -0.000565 0.000759
v -0.121664 -0.000557 0.000791
v -0.121664 -0.000548 0.000823
v -0.121652 -0.000538 0.000740
v -0.121654 -0.000533 0.000768
v -0.121657 -0.000528 0.000795
v -0.121659 -0.000525 0.000820
v -0.121671 -0.000521 0.000980
v -0.121664 -0.000498 0.000946
v -0.121652 -0.000479 0.000913
v -0.121673 -0.000562 0.000974
v -0.121669 -0.000536 0.000943
v -0.121664 -0.000512 0.000915
v -0.121655 -0.000492 0.000887
v -0.121673 -0.000579 0.000931
v -0.121669 -0.000551 0.000906
v -0.121664 -0.000525 0.000884
v -0.121657 -0.000505 0.000863
v -0.121673 -0.000596 0.000883
v -0.121669 -0.000565 0.000868
v -0.121664 -0.000538 0.000854
v -0.121659 -0.000518 0.000842
v -0.121598 -0.000467 0.000793
v -0.121618 -0.000484 0.000775
v -0.121637 -0.000508 0.000757
v -0.121598 -0.000455 0.000828
v -0.121614 -0.000469 0.000813
v -0.121629 -0.000485 0.000797
v -0.121643 -0.000505 0.000781
v -0.121618 -0.000457 0.000852
v -0.121629 -0.000472 0.000836
v -0.121640 -0.000487 0.000819
v -0.121649 -0.000505 0.000805
v -0.121637 -0.000466 0.000881
v -0.121643 -0.000479 0.000861
v -0.121649 -0.000493 0.000842
v -0.121654 -0.000508 0.000826
v -0.121673 -0.000464 0.001192
v -0.121673 -0.000301 0.001475
v -0.121576 -0.000254 0.001259
v -0.121673 -0.000446 0.001229
v -0.121673 -0.000425 0.001270
v -0.121673 -0.000401 0.001314
v -0.121671 -0.000423 0.001194
v -0.121669 -0.000407 0.001229
v -0.121669 -0.000388 0.001265
v -0.121669 -0.000369 0.001301
v -0.121664 -0.000384 0.001199
v -0.121663 -0.000369 0.001230
v -0.121664 -0.000355 0.001261
v -0.121664 -0.000340 0.001290
v -0.121652 -0.000346 0.001207
v -0.121654 -0.000335 0.001234
v -0.121657 -0.000326 0.001259
v -0.121659 -0.000318 0.001283
v -0.121671 -0.000282 0.001439
v -0.121664 -0.000267 0.001401
v -0.121652 -0.000255 0.001365
v -0.121673 -0.000324 0.001441
v -0.121669 -0.000304 0.001406
v -0.121664 -0.000286 0.001373
v -0.121655 -0.000272 0.001342
v -0.121673 -0.000349 0.001402
v -0.121669 -0.000326 0.001372
v -0.121664 -0.000305 0.001345
v -0.121657 -0.000290 0.001321
v -0.121673 -0.000375 0.001359
v -0.121669 -0.000348 0.001337
v -0.121664 -0.000324 0.001318
v -0.121659 -0.000306 0.001302
v -0.121598 -0.000266 0.001245
v -0.121618 -0.000286 0.001230
v -0.121637 -0.000313 0.001218
v -0.121598 -0.000247 0.001277
v -0.121614 -0.000264 0.001265
v -0.121629 -0.000283 0.001252
v -0.121643 -0.000306 0.001241
v -0.121618 -0.000245 0.001301
v -0.121629 -0.000263 0.001288
v -0.121640 -0.000281 0.001275
v -0.121649 -0.000301 0.001264
v -0.121637 -0.000248 0.001331
v -0.121643 -0.000265 0.001314
v -0.121649 -0.000282 0.001298
v -0.121654 -0.000300 0.001285
v -0.121673 -0.000185 0.001636
v -0.121673 0.000030 0.001881
v -0.121576 0.000033 0.001661
v -0.121673 -0.000161 0.001668
v -0.121673 -0.000132 0.001705
v -0.121673 -0.000100 0.001743
v -0.121671 -0.000145 0.001630
v -0.121669 -0.000122 0.001661
v -0.121669 -0.000097 0.001692
v -0.121669 -0.000071 0.001724
v -0.121664 -0.000105 0.001627
v -0.121663 -0.000085 0.001655
v -0.121664 -0.000065 0.001682
v -0.121664 -0.000045 0.001708
v -0.121652 -0.000067 0.001628
v -0.121654 -0.000051 0.001651
v -0.121657 -0.000037 0.001675
v -0.121659 -0.000024 0.001696
v -0.121671 0.000041 0.001842
v -0.121664 0.000049 0.001803
v -0.121652 0.000053 0.001765
v -0.121673 0.000001 0.001853
v -0.121669 0.000013 0.001814
v -0.121664 0.000024 0.001779
v -0.121655 0.000032 0.001746
v -0.121673 -0.000032 0.001819
v -0.121669 -0.000015 0.001786
v -0.121664 0.000000 0.001755
v -0.121657 0.000011 0.001728
v -0.121673 -0.000066 0.001782
v -0.121669 -0.000043 0.001755
v -0.121664 -0.000023 0.001732
v -0.121659 -0.000009 0.001713
v -0.121598 0.000019 0.001649
v -0.121618 -0.000003 0.001639
v -0.121637 -0.000032 0.001631
v -0.121598 0.000044 0.001677
v -0.121614 0.000025 0.001669
v -0.121629 0.000004 0.001659
v -0.121643 -0.000021 0.001653
v -0.121618 0.000051 0.001700
v -0.121629 0.000031 0.001691
v -0.121640 0.000010 0.001681
v -0.121649 -0.000012 0.001675
v -0.121637 0.000054 0.001730
v -0.121643 0.000034 0.001716
v -0.121649 0.000014 0.001704
v -0.121654 -0.000006 0.001695
v -0.121673 0.000174 0.002017
v -0.121673 0.000433 0.002215
v -0.121576 0.000394 0.001999
v -0.121673 0.000205 0.002044
v -0.121673 0.000240 0.002074
v -0.121673 0.000279 0.002105
v -0.121671 0.000213 0.002003
v -0.121669 0.000242 0.002029
v -0.121669 0.000272 0.002055
v -0.121669 0.000304 0.002081
v -0.121664 0.000251 0.001992
v -0.121663 0.000277 0.002016
v -0.121664 0.000302 0.002038
v -0.121664 0.000326 0.002060
v -0.121652 0.000289 0.001985
v -0.121654 0.000309 0.002006
v -0.121657 0.000328 0.002026
v -0.121659 0.000344 0.002045
v -0.121671 0.000437 0.002175
v -0.121664 0.000437 0.002135
v -0.121652 0.000434 0.002096
v -0.121673 0.000399 0.002193
v -0.121669 0.000404 0.002153
v -0.121664 0.000408 0.002116
v -0.121655 0.000409 0.002082
v -0.121673 0.000361 0.002166
v -0.121669 0.000371 0.002130
v -0.121664 0.000380 0.002098
v -0.121657 0.000385 0.002069
v -0.121673 0.000320 0.002137
v -0.121669 0.000337 0.002106
v -0.121664 0.000352 0.002080
v -0.121659 0.000362 0.002058
v -0.121598 0.000377 0.001989
v -0.121618 0.000354 0.001984
v -0.121637 0.000324 0.001983
v -0.121598 0.000407 0.002012
v -0.121614 0.000387 0.002008
v -0.121629 0.000365 0.002003
v -0.121643 0.000339 0.002001
v -0.121618 0.000419 0.002034
v -0.121629 0.000397 0.002029
v -0.121640 0.000375 0.002023
v -0.121649 0.000352 0.002021
v -0.121637 0.000428 0.002062
v -0.121643 0.000405 0.002053
v -0.121649 0.000383 0.002045
v -0.121654 0.000362 0.002040
v -0.121673 0.000602 0.002320
v -0.121673 0.000894 0.002464
v -0.121576 0.000813 0.002260
v -0.121673 0.000637 0.002341
v -0.121673 0.000677 0.002363
v -0.121673 0.000722 0.002386
v -0.121671 0.000636 0.002299
v -0.121669 0.000670 0.002319
v -0.121669 0.000705 0.002338
v -0.121669 0.000741 0.002358
v -0.121664 0.000672 0.002281
v -0.121663 0.000702 0.002299
v -0.121664 0.000731 0.002316
v -0.121664 0.000759 0.002333
v -0.121652 0.000708 0.002267
v -0.121654 0.000732 0.002283
v -0.121657 0.000754 0.002299
v -0.121659 0.000774 0.002314
v -0.121671 0.000890 0.002424
v -0.121664 0.000882 0.002384
v -0.121652 0.000872 0.002348
v -0.121673 0.000857 0.002449
v -0.121669 0.000853 0.002409
v -0.121664 0.000850 0.002372
v -0.121655 0.000845 0.002338
v -0.121673 0.000814 0.002431
v -0.121669 0.000816 0.002393
v -0.121664 0.000819 0.002359
v -0.121657 0.000818 0.002331
v -0.121673 0.000768 0.002409
v -0.121669 0.000779 0.002376
v -0.121664 0.000788 0.002347
v -0.121659 0.000794 0.002324
v -0.121598 0.000795 0.002254
v -0.121618 0.000771 0.002253
v -0.121637 0.000741 0.002257
v -0.121598 0.000829 0.002270
v -0.121614 0.000809 0.002270
v -0.121629 0.000786 0.002269
v -0.121643 0.000760 0.002273
v -0.121618 0.000844 0.002289
v -0.121629 0.000822 0.002288
v -0.121640 0.000800 0.002287
v -0.121649 0.000777 0.002289
v -0.121637 0.000859 0.002315
v -0.121643 0.000835 0.002310
v -0.121649 0.000812 0.002307
v -0.121654 0.000790 0.002306
v -0.121673 0.001080 0.002534
v -0.121673 0.001395 0.002619
v -0.121576 0.001276 0.002434
v -0.121673 0.001118 0.002548
v -0.121673 0.001162 0.002562
v -0.121673 0.001211 0.002576
v -0.121671 0.001110 0.002507
v -0.121669 0.001147 0.002520
v -0.121669 0.001185 0.002532
v -0.121669 0.001224 0.002544
v -0.121664 0.001142 0.002482
v -0.121663 0.001174 0.002494
v -0.121664 0.001206 0.002505
v -0.121664 0.001237 0.002516
v -0.121652 0.001174 0.002461
v -0.121654 0.001200 0.002472
v -0.121657 0.001225 0.002484
v -0.121659 0.001248 0.002495
v -0.121671 0.001383 0.002580
v -0.121664 0.001367 0.002543
v -0.121652 0.001350 0.002509
v -0.121673 0.001355 0.002611
v -0.121669 0.001344 0.002572
v -0.121664 0.001334 0.002536
v -0.121655 0.001322 0.002505
v -0.121673 0.001310 0.002601
v -0.121669 0.001305 0.002564
v -0.121664 0.001300 0.002530
v -0.121657 0.001294 0.002502
v -0.121673 0.001261 0.002589
v -0.121669 0.001265 0.002555
v -0.121664 0.001268 0.002524
v -0.121659 0.001269 0.002501
v -0.121598 0.001257 0.002431
v -0.121618 0.001233 0.002435
v -0.121637 0.001205 0.002446
v -0.121598 0.001293 0.002441
v -0.121614 0.001273 0.002445
v -0.121629 0.001251 0.002448
v -0.121643 0.001226 0.002457
v -0.121618 0.001312 0.002456
v -0.121629 0.001290 0.002460
v -0.121640 0.001268 0.002463
v -0.121649 0.001246 0.002470
v -0.121637 0.001331 0.002479
v -0.121643 0.001307 0.002479
v -0.121649 0.001283 0.002480
v -0.121654 0.001262 0.002484
v -0.121673 0.001591 0.002651
v -0.121673 0.001916 0.002672
v -0.121576 0.001763 0.002514
v -0.121673 0.001631 0.002657
v -0.121673 0.001677 0.002662
v -0.121673 0.001727 0.002666
v -0.121671 0.001615 0.002618
v -0.121669 0.001654 0.002624
v -0.121669 0.001693 0.002628
v -0.121669 0.001734 0.002632
v -0.121664 0.001641 0.002588
v -0.121663 0.001675 0.002593
v -0.121664 0.001708 0.002598
v -0.121664 0.001741 0.002602
v -0.121652 0.001669 0.002561
v -0.121654 0.001697 0.002567
v -0.121657 0.001723 0.002573
v -0.121659 0.001747 0.002580
v -0.121671 0.001897 0.002637
v -0.121664 0.001874 0.002603
v -0.121652 0.001851 0.002573
v -0.121673 0.001876 0.002673
v -0.121669 0.001857 0.002637
v -0.121664 0.001840 0.002604
v -0.121655 0.001822 0.002575
v -0.121673 0.001829 0.002672
v -0.121669 0.001817 0.002636
v -0.121664 0.001806 0.002604
v -0.121657 0.001795 0.002578
v -0.121673 0.001779 0.002670
v -0.121669 0.001776 0.002635
v -0.121664 0.001773 0.002604
v -0.121659 0.001770 0.002581
v -0.121598 0.001744 0.002515
v -0.121618 0.001721 0.002524
v -0.121637 0.001696 0.002540
v -0.121598 0.001782 0.002518
v -0.121614 0.001763 0.002526
v -0.121629 0.001741 0.002533
v -0.121643 0.001719 0.002547
v -0.121618 0.001803 0.002529
v -0.121629 0.001782 0.002537
v -0.121640 0.001761 0.002544
v -0.121649 0.001741 0.002555
v -0.121637 0.001826 0.002548
v -0.121643 0.001803 0.002553
v -0.121649 0.001780 0.002558
v -0.121654 0.001760 0.002566
v -0.121673 0.002114 0.002666
v -0.121673 0.002438 0.002623
v -0.121576 0.002257 0.002498
v -0.121673 0.002155 0.002664
v -0.121673 0.002201 0.002660
v -0.121673 0.002251 0.002654
v -0.121671 0.002132 0.002629
v -0.121669 0.002171 0.002627
v -0.121669 0.002210 0.002624
v -0.121669 0.002252 0.002619
v -0.121664 0.002152 0.002594
v -0.121663 0.002186 0.002593
v -0.121664 0.002220 0.002591
v -0.121664 0.002252 0.002589
v -0.121652 0.002173 0.002563
v -0.121654 0.002202 0.002563
v -0.121657 0.002229 0.002564
v -0.121659 0.002254 0.002565
v -0.121671 0.002412 0.002592
v -0.121664 0.002383 0.002564
v -0.121652 0.002354 0.002539
v -0.121673 0.002398 0.002631
v -0.121669 0.002373 0.002600
v -0.121664 0.002350 0.002571
v -0.121655 0.002327 0.002546
v -0.121673 0.002352 0.002640
v -0.121669 0.002334 0.002607
v -0.121664 0.002317 0.002578
v -0.121657 0.002300 0.002554
v -0.121673 0.002303 0.002647
v -0.121669 0.002293 0.002614
v -0.121664 0.002285 0.002584
v -0.121659 0.002277 0.002562
v -0.121598 0.002239 0.002503
v -0.121618 0.002218 0.002516
v -0.121637 0.002196 0.002536
v -0.121598 0.002276 0.002498
v -0.121614 0.002259 0.002509
v -0.121629 0.002239 0.002521
v -0.121643 0.002220 0.002539
v -0.121618 0.002299 0.002505
v -0.121629 0.002280 0.002517
v -0.121640 0.002261 0.002528
v -0.121649 0.002243 0.002543
v -0.121637 0.002326 0.002519
v -0.121643 0.002303 0.002528
v -0.121649 0.002282 0.002538
v -0.121654 0.002264 0.002550
v -0.121673 0.002631 0.002578
v -0.121673 0.002940 0.002473
v -0.121576 0.002738 0.002386
v -0.121673 0.002670 0.002568
v -0.121673 0.002715 0.002555
v -0.121673 0.002763 0.002540
v -0.121671 0.002641 0.002539
v -0.121669 0.002679 0.002529
v -0.121669 0.002717 0.002518
v -0.121669 0.002756 0.002506
v -0.121664 0.002653 0.002501
v -0.121663 0.002687 0.002493
v -0.121664 0.002719 0.002484
v -0.121664 0.002751 0.002476
v -0.121652 0.002669 0.002465
v -0.121654 0.002697 0.002460
v -0.121657 0.002724 0.002455
v -0.121659 0.002749 0.002452
v -0.121671 0.002908 0.002448
v -0.121664 0.002875 0.002425
v -0.121652 0.002841 0.002407
v -0.121673 0.002903 0.002489
v -0.121669 0.002872 0.002463
v -0.121664 0.002843 0.002439
v -0.121655 0.002816 0.002419
v -0.121673 0.002859 0.002506
v -0.121669 0.002834 0.002478
v -0.121664 0.002812 0.002452
v -0.121657 0.002792 0.002432
v -0.121673 0.002812 0.002523
v -0.121669 0.002796 0.002492
v -0.121664 0.002782 0.002465
v -0.121659 0.002770 0.002445
v -0.121598 0.002721 0.002394
v -0.121618 0.002703 0.002411
v -0.121637 0.002686 0.002435
v -0.121598 0.002757 0.002382
v -0.121614 0.002742 0.002397
v -0.121629 0.002725 0.002412
v -0.121643 0.002710 0.002433
v -0.121618 0.002781 0.002385
v -0.121629 0.002765 0.002400
v -0.121640 0.002748 0.002414
v -0.121649 0.002733 0.002432
v -0.121637 0.002810 0.002393
v -0.121643 0.002789 0.002406
v -0.121649 0.002770 0.002420
v -0.121654 0.002755 0.002435
v -0.121673 0.003121 0.002391
v -0.121673 0.003403 0.002228
v -0.121576 0.003188 0.002182
v -0.121673 0.003157 0.002374
v -0.121673 0.003198 0.002352
v -0.121673 0.003243 0.002328
v -0.121671 0.003122 0.002351
v -0.121669 0.003158 0.002334
v -0.121669 0.003193 0.002316
v -0.121669 0.003230 0.002296
v -0.121664 0.003127 0.002311
v -0.121663 0.003159 0.002297
v -0.121664 0.003189 0.002282
v -0.121664 0.003219 0.002267
v -0.121652 0.003136 0.002274
v -0.121654 0.003162 0.002263
v -0.121657 0.003188 0.002253
v -0.121659 0.003211 0.002245
v -0.121671 0.003367 0.002210
v -0.121664 0.003330 0.002194
v -0.121652 0.003293 0.002182
v -0.121673 0.003370 0.002251
v -0.121669 0.003334 0.002232
v -0.121664 0.003302 0.002213
v -0.121655 0.003271 0.002200
v -0.121673 0.003330 0.002276
v -0.121669 0.003301 0.002253
v -0.121664 0.003274 0.002233
v -0.121657 0.003250 0.002217
v -0.121673 0.003287 0.002302
v -0.121669 0.003266 0.002275
v -0.121664 0.003247 0.002251
v -0.121659 0.003231 0.002234
v -0.121598 0.003173 0.002193
v -0.121618 0.003159 0.002213
v -0.121637 0.003146 0.002240
v -0.121598 0.003205 0.002175
v -0.121614 0.003194 0.002192
v -0.121629 0.003181 0.002210
v -0.121643 0.003169 0.002233
v -0.121618 0.003230 0.002172
v -0.121629 0.003217 0.002190
v -0.121640 0.003203 0.002208
v -0.121649 0.003192 0.002229
v -0.121637 0.003260 0.002175
v -0.121643 0.003242 0.002192
v -0.121649 0.003226 0.002209
v -0.121654 0.003214 0.002227
v -0.121673 0.003564 0.002113
v -0.121673 0.003809 0.001898
v -0.121576 0.003589 0.001894
v -0.121673 0.003597 0.002088
v -0.121673 0.003633 0.002059
v -0.121673 0.003672 0.002027
v -0.121671 0.003558 0.002073
v -0.121669 0.003590 0.002049
v -0.121669 0.003621 0.002024
v -0.121669 0.003653 0.001998
v -0.121664 0.003555 0.002032
v -0.121663 0.003583 0.002012
v -0.121664 0.003610 0.001992
v -0.121664 0.003636 0.001972
v -0.121652 0.003556 0.001994
v -0.121654 0.003580 0.001978
v -0.121657 0.003603 0.001964
v -0.121659 0.003625 0.001952
v -0.121671 0.003771 0.001886
v -0.121664 0.003731 0.001878
v -0.121652 0.003693 0.001874
v -0.121673 0.003781 0.001927
v -0.121669 0.003743 0.001914
v -0.121664 0.003707 0.001903
v -0.121655 0.003674 0.001895
v -0.121673 0.003748 0.001959
v -0.121669 0.003714 0.001942
v -0.121664 0.003684 0.001927
v -0.121657 0.003657 0.001917
v -0.121673 0.003711 0.001993
v -0.121669 0.003684 0.001970
v -0.121664 0.003661 0.001951
v -0.121659 0.003642 0.001937
v -0.121598 0.003577 0.001908
v -0.121618 0.003567 0.001931
v -0.121637 0.003560 0.001960
v -0.121598 0.003605 0.001884
v -0.121614 0.003597 0.001903
v -0.121629 0.003588 0.001923
v -0.121643 0.003581 0.001948
v -0.121618 0.003629 0.001877
v -0.121629 0.003619 0.001897
v -0.121640 0.003610 0.001917
v -0.121649 0.003603 0.001939
v -0.121637 0.003658 0.001873
v -0.121643 0.003645 0.001893
v -0.121649 0.003632 0.001913
v -0.121654 0.003624 0.001933
v -0.121673 0.003945 0.001753
v -0.121673 0.004144 0.001494
v -0.121576 0.003927 0.001534
v -0.121673 0.003972 0.001723
v -0.121673 0.004002 0.001687
v -0.121673 0.004034 0.001648
v -0.121671 0.003931 0.001715
v -0.121669 0.003958 0.001686
v -0.121669 0.003983 0.001655
v -0.121669 0.004009 0.001623
v -0.121664 0.003921 0.001676
v -0.121663 0.003944 0.001651
v -0.121664 0.003967 0.001626
v -0.121664 0.003988 0.001601
v -0.121652 0.003914 0.001638
v -0.121654 0.003934 0.001618
v -0.121657 0.003954 0.001599
v -0.121659 0.003973 0.001583
v -0.121671 0.004103 0.001491
v -0.121664 0.004063 0.001490
v -0.121652 0.004025 0.001494
v -0.121673 0.004122 0.001528
v -0.121669 0.004081 0.001524
v -0.121664 0.004044 0.001519
v -0.121655 0.004011 0.001518
v -0.121673 0.004095 0.001566
v -0.121669 0.004059 0.001557
v -0.121664 0.004026 0.001548
v -0.121657 0.003998 0.001543
v -0.121673 0.004065 0.001607
v -0.121669 0.004035 0.001590
v -0.121664 0.004008 0.001575
v -0.121659 0.003987 0.001565
v -0.121598 0.003918 0.001550
v -0.121618 0.003912 0.001574
v -0.121637 0.003911 0.001604
v -0.121598 0.003941 0.001520
v -0.121614 0.003937 0.001540
v -0.121629 0.003931 0.001562
v -0.121643 0.003930 0.001588
v -0.121618 0.003962 0.001509
v -0.121629 0.003957 0.001530
v -0.121640 0.003951 0.001552
v -0.121649 0.003949 0.001575
v -0.121637 0.003991 0.001500
v -0.121643 0.003981 0.001522
v -0.121649 0.003973 0.001544
v -0.121654 0.003968 0.001565
v -0.121673 0.004248 0.001326
v -0.121673 0.004393 0.001033
v -0.121576 0.004188 0.001114
v -0.121673 0.004269 0.001291
v -0.121673 0.004292 0.001250
v -0.121673 0.004315 0.001205
v -0.121671 0.004227 0.001291
v -0.121669 0.004248 0.001257
v -0.121669 0.004267 0.001222
v -0.121669 0.004286 0.001186
v -0.121664 0.004210 0.001255
v -0.121663 0.004228 0.001226
v -0.121664 0.004245 0.001197
v -0.121664 0.004261 0.001168
v -0.121652 0.004195 0.001219
v -0.121654 0.004211 0.001196
v -0.121657 0.004227 0.001173
v -0.121659 0.004243 0.001154
v -0.121671 0.004352 0.001038
v -0.121664 0.004313 0.001045
v -0.121652 0.004276 0.001056
v -0.121673 0.004378 0.001071
v -0.121669 0.004337 0.001074
v -0.121664 0.004300 0.001077
v -0.121655 0.004267 0.001083
v -0.121673 0.004359 0.001113
v -0.121669 0.004322 0.001111
v -0.121664 0.004288 0.001109
v -0.121657 0.004259 0.001109
v -0.121673 0.004338 0.001159
v -0.121669 0.004305 0.001148
v -0.121664 0.004275 0.001139
v -0.121659 0.004253 0.001133
v -0.121598 0.004182 0.001132
v -0.121618 0.004181 0.001156
v -0.121637 0.004186 0.001186
v -0.121598 0.004199 0.001098
v -0.121614 0.004199 0.001119
v -0.121629 0.004198 0.001141
v -0.121643 0.004201 0.001167
v -0.121618 0.004218 0.001083
v -0.121629 0.004217 0.001105
v -0.121640 0.004215 0.001127
v -0.121649 0.004218 0.001150
v -0.121637 0.004244 0.001069
v -0.121643 0.004239 0.001092
v -0.121649 0.004235 0.001115
v -0.121654 0.004235 0.001137
v -0.121673 0.004463 0.000847
v -0.121673 0.004547 0.000532
v -0.121576 0.004362 0.000652
v -0.121673 0.004476 0.000809
v -0.121673 0.004490 0.000765
v -0.121673 0.004504 0.000717
v -0.121671 0.004435 0.000817
v -0.121669 0.004448 0.000780
v -0.121669 0.004461 0.000743
v -0.121669 0.004472 0.000703
v -0.121664 0.004411 0.000786
v -0.121663 0.004423 0.000753
v -0.121664 0.004434 0.000722
v -0.121664 0.004444 0.000691
v -0.121652 0.004390 0.000754
v -0.121654 0.004401 0.000727
v -0.121657 0.004412 0.000702
v -0.121659 0.004423 0.000680
v -0.121671 0.004508 0.000545
v -0.121664 0.004471 0.000560
v -0.121652 0.004437 0.000577
v -0.121673 0.004540 0.000572
v -0.121669 0.004501 0.000583
v -0.121664 0.004465 0.000594
v -0.121655 0.004433 0.000606
v -0.121673 0.004530 0.000618
v -0.121669 0.004492 0.000623
v -0.121664 0.004459 0.000627
v -0.121657 0.004431 0.000633
v -0.121673 0.004518 0.000667
v -0.121669 0.004483 0.000663
v -0.121664 0.004453 0.000659
v -0.121659 0.004429 0.000658
v -0.121598 0.004360 0.000670
v -0.121618 0.004364 0.000694
v -0.121637 0.004374 0.000723
v -0.121598 0.004369 0.000634
v -0.121614 0.004373 0.000654
v -0.121629 0.004377 0.000677
v -0.121643 0.004386 0.000701
v -0.121618 0.004385 0.000615
v -0.121629 0.004388 0.000637
v -0.121640 0.004391 0.000659
v -0.121649 0.004398 0.000682
v -0.121637 0.004408 0.000596
v -0.121643 0.004408 0.000620
v -0.121649 0.004409 0.000644
v -0.121654 0.004412 0.000665
v -0.121673 0.004579 0.000337
v -0.121673 0.004601 0.000011
v -0.121576 0.004443 0.000164
v -0.121673 0.004585 0.000297
v -0.121673 0.004590 0.000250
v -0.121673 0.004595 0.000200
v -0.121671 0.004547 0.000313
v -0.121669 0.004552 0.000274
v -0.121669 0.004557 0.000234
v -0.121669 0.004561 0.000193
v -0.121664 0.004516 0.000286
v -0.121663 0.004522 0.000252
v -0.121664 0.004526 0.000219
v -0.121664 0.004531 0.000186
v -0.121652 0.004490 0.000259
v -0.121654 0.004495 0.000231
v -0.121657 0.004502 0.000204
v -0.121659 0.004508 0.000180
v -0.121671 0.004565 0.000031
v -0.121664 0.004532 0.000053
v -0.121652 0.004502 0.000077
v -0.121673 0.004601 0.000052
v -0.121669 0.004565 0.000070
v -0.121664 0.004532 0.000087
v -0.121655 0.004503 0.000105
v -0.121673 0.004600 0.000098
v -0.121669 0.004565 0.000110
v -0.121664 0.004533 0.000121
v -0.121657 0.004506 0.000133
v -0.121673 0.004598 0.000149
v -0.121669 0.004563 0.000151
v -0.121664 0.004533 0.000154
v -0.121659 0.004510 0.000157
v -0.121598 0.004444 0.000183
v -0.121618 0.004453 0.000206
v -0.121637 0.004468 0.000232
v -0.121598 0.004446 0.000146
v -0.121614 0.004454 0.000165
v -0.121629 0.004462 0.000186
v -0.121643 0.004475 0.000208
v -0.121618 0.004458 0.000124
v -0.121629 0.004466 0.000145
v -0.121640 0.004473 0.000166
v -0.121649 0.004484 0.000186
v -0.121637 0.004477 0.000101
v -0.121643 0.004481 0.000125
v -0.121649 0.004487 0.000148
v -0.121654 0.004494 0.000168
v -0.121673 0.004594 -0.000187
v -0.121673 0.004552 -0.000510
v -0.121576 0.004426 -0.000329
v -0.121673 0.004592 -0.000228
v -0.121673 0.004588 -0.000274
v -0.121673 0.004583 -0.000324
v -0.121671 0.004557 -0.000204
v -0.121669 0.004555 -0.000244
v -0.121669 0.004552 -0.000283
v -0.121669 0.004548 -0.000324
v -0.121664 0.004523 -0.000224
v -0.121663 0.004521 -0.000259
v -0.121664 0.004519 -0.000292
v -0.121664 0.004517 -0.000325
v -0.121652 0.004491 -0.000246
v -0.121654 0.004491 -0.000275
v -0.121657 0.004492 -0.000302
v -0.121659 0.004494 -0.000327
v -0.121671 0.004521 -0.000484
v -0.121664 0.004492 -0.000456
v -0.121652 0.004467 -0.000427
v -0.121673 0.004560 -0.000471
v -0.121669 0.004528 -0.000446
v -0.121664 0.004499 -0.000422
v -0.121655 0.004474 -0.000399
v -0.121673 0.004568 -0.000425
v -0.121669 0.004536 -0.000406
v -0.121664 0.004506 -0.000389
v -0.121657 0.004483 -0.000373
v -0.121673 0.004576 -0.000375
v -0.121669 0.004542 -0.000366
v -0.121664 0.004513 -0.000357
v -0.121659 0.004491 -0.000349
v -0.121598 0.004431 -0.000311
v -0.121618 0.004444 -0.000291
v -0.121637 0.004465 -0.000268
v -0.121598 0.004427 -0.000348
v -0.121614 0.004438 -0.000331
v -0.121629 0.004450 -0.000312
v -0.121643 0.004467 -0.000293
v -0.121618 0.004434 -0.000372
v -0.121629 0.004445 -0.000353
v -0.121640 0.004456 -0.000334
v -0.121649 0.004471 -0.000316
v -0.121637 0.004447 -0.000398
v -0.121643 0.004457 -0.000376
v -0.121649 0.004466 -0.000354
v -0.121654 0.004478 -0.000336
v -0.121673 0.004507 -0.000704
v -0.121673 0.004402 -0.001012
v -0.121576 0.004314 -0.000811
v -0.121673 0.004496 -0.000743
v -0.121673 0.004484 -0.000788
v -0.121673 0.004468 -0.000836
v -0.121671 0.004467 -0.000713
v -0.121669 0.004458 -0.000751
v -0.121669 0.004447 -0.000790
v -0.121669 0.004434 -0.000829
v -0.121664 0.004429 -0.000726
v -0.121663 0.004421 -0.000760
v -0.121664 0.004413 -0.000792
v -0.121664 0.004404 -0.000824
v -0.121652 0.004394 -0.000741
v -0.121654 0.004388 -0.000769
v -0.121657 0.004384 -0.000796
v -0.121659 0.004381 -0.000821
v -0.121671 0.004376 -0.000981
v -0.121664 0.004354 -0.000947
v -0.121652 0.004335 -0.000914
v -0.121673 0.004418 -0.000975
v -0.121669 0.004392 -0.000944
v -0.121664 0.004367 -0.000916
v -0.121655 0.004348 -0.000888
v -0.121673 0.004435 -0.000932
v -0.121669 0.004406 -0.000907
v -0.121664 0.004381 -0.000885
v -0.121657 0.004361 -0.000864
v -0.121673 0.004452 -0.000885
v -0.121669 0.004421 -0.000869
v -0.121664 0.004394 -0.000855
v -0.121659 0.004374 -0.000843
v -0.121598 0.004323 -0.000794
v -0.121618 0.004339 -0.000776
v -0.121637 0.004364 -0.000758
v -0.121598 0.004311 -0.000829
v -0.121614 0.004325 -0.000815
v -0.121629 0.004340 -0.000798
v -0.121643 0.004361 -0.000782
v -0.121618 0.004313 -0.000853
v -0.121629 0.004328 -0.000837
v -0.121640 0.004343 -0.000820
v -0.121649 0.004361 -0.000806
v -0.121637 0.004321 -0.000882
v -0.121643 0.004335 -0.000862
v -0.121649 0.004349 -0.000843
v -0.121654 0.004363 -0.000827
v -0.121673 0.004320 -0.001193
v -0.121673 0.004157 -0.001476
v -0.121576 0.004110 -0.001261
v -0.121673 0.004302 -0.001230
v -0.121673 0.004281 -0.001271
v -0.121673 0.004257 -0.001315
v -0.121671 0.004279 -0.001195
v -0.121669 0.004262 -0.001231
v -0.121669 0.004244 -0.001266
v -0.121669 0.004225 -0.001302
v -0.121664 0.004239 -0.001200
v -0.121663 0.004225 -0.001231
v -0.121664 0.004210 -0.001262
v -0.121664 0.004196 -0.001291
v -0.121652 0.004202 -0.001208
v -0.121654 0.004191 -0.001235
v -0.121657 0.004181 -0.001260
v -0.121659 0.004174 -0.001284
v -0.121671 0.004138 -0.001440
v -0.121664 0.004123 -0.001403
v -0.121652 0.004111 -0.001366
v -0.121673 0.004180 -0.001442
v -0.121669 0.004160 -0.001407
v -0.121664 0.004142 -0.001374
v -0.121655 0.004128 -0.001343
v -0.121673 0.004205 -0.001403
v -0.121669 0.004182 -0.001373
v -0.121664 0.004161 -0.001347
v -0.121657 0.004146 -0.001322
v -0.121673 0.004231 -0.001360
v -0.121669 0.004204 -0.001338
v -0.121664 0.004180 -0.001319
v -0.121659 0.004162 -0.001304
v -0.121598 0.004122 -0.001246
v -0.121618 0.004142 -0.001232
v -0.121637 0.004169 -0.001219
v -0.121598 0.004103 -0.001278
v -0.121614 0.004120 -0.001267
v -0.121629 0.004138 -0.001253
v -0.121643 0.004162 -0.001242
v -0.121618 0.004101 -0.001302
v -0.121629 0.004119 -0.001289
v -0.121640 0.004137 -0.001276
v -0.121649 0.004157 -0.001265
v -0.121637 0.004103 -0.001332
v -0.121643 0.004120 -0.001315
v -0.121649 0.004138 -0.001299
v -0.121654 0.004155 -0.001287
v -0.121673 0.004041 -0.001637
v -0.121673 0.003826 -0.001882
v -0.121576 0.003823 -0.001662
v -0.121673 0.004017 -0.001669
v -0.121673 0.003988 -0.001706
v -0.121673 0.003955 -0.001744
v -0.121671 0.004001 -0.001631
v -0.121669 0.003978 -0.001662
v -0.121669 0.003953 -0.001693
v -0.121669 0.003926 -0.001725
v -0.121664 0.003961 -0.001628
v -0.121663 0.003941 -0.001656
v -0.121664 0.003921 -0.001683
v -0.121664 0.003901 -0.001709
v -0.121652 0.003923 -0.001629
v -0.121654 0.003907 -0.001652
v -0.121657 0.003892 -0.001676
v -0.121659 0.003880 -0.001698
v -0.121671 0.003815 -0.001843
v -0.121664 0.003807 -0.001804
v -0.121652 0.003802 -0.001766
v -0.121673 0.003855 -0.001854
v -0.121669 0.003843 -0.001815
v -0.121664 0.003831 -0.001780
v -0.121655 0.003824 -0.001747
v -0.121673 0.003887 -0.001820
v -0.121669 0.003871 -0.001787
v -0.121664 0.003856 -0.001756
v -0.121657 0.003845 -0.001730
v -0.121673 0.003921 -0.001783
v -0.121669 0.003899 -0.001757
v -0.121664 0.003879 -0.001733
v -0.121659 0.003865 -0.001715
v -0.121598 0.003837 -0.001650
v -0.121618 0.003859 -0.001640
v -0.121637 0.003888 -0.001633
v -0.121598 0.003812 -0.001678
v -0.121614 0.003831 -0.001670
v -0.121629 0.003852 -0.001661
v -0.121643 0.003877 -0.001654
v -0.121618 0.003805 -0.001701
v -0.121629 0.003825 -0.001692
v -0.121640 0.003845 -0.001682
v -0.121649 0.003868 -0.001676
v -0.121637 0.003802 -0.001731
v -0.121643 0.003822 -0.001718
v -0.121649 0.003842 -0.001705
v -0.121654 0.003862 -0.001696
v -0.121673 0.003681 -0.002018
v -0.121673 0.003423 -0.002216
v -0.121576 0.003462 -0.002000
v -0.121673 0.003651 -0.002045
v -0.121673 0.003616 -0.002075
v -0.121673 0.003576 -0.002106
v -0.121671 0.003643 -0.002004
v -0.121669 0.003614 -0.002030
v -0.121669 0.003584 -0.002056
v -0.121669 0.003552 -0.002082
v -0.121664 0.003604 -0.001993
v -0.121663 0.003579 -0.002017
v -0.121664 0.003554 -0.002039
v -0.121664 0.003529 -0.002061
v -0.121652 0.003567 -0.001987
v -0.121654 0.003546 -0.002007
v -0.121657 0.003528 -0.002027
v -0.121659 0.003511 -0.002046
v -0.121671 0.003419 -0.002176
v -0.121664 0.003419 -0.002136
v -0.121652 0.003422 -0.002098
v -0.121673 0.003457 -0.002194
v -0.121669 0.003452 -0.002154
v -0.121664 0.003448 -0.002117
v -0.121655 0.003447 -0.002083
v -0.121673 0.003495 -0.002168
v -0.121669 0.003485 -0.002131
v -0.121664 0.003476 -0.002099
v -0.121657 0.003471 -0.002070
v -0.121673 0.003535 -0.002138
v -0.121669 0.003518 -0.002107
v -0.121664 0.003504 -0.002081
v -0.121659 0.003494 -0.002060
v -0.121598 0.003478 -0.001991
v -0.121618 0.003502 -0.001985
v -0.121637 0.003532 -0.001984
v -0.121598 0.003449 -0.002013
v -0.121614 0.003469 -0.002009
v -0.121629 0.003491 -0.002004
v -0.121643 0.003517 -0.002003
v -0.121618 0.003437 -0.002035
v -0.121629 0.003459 -0.002030
v -0.121640 0.003480 -0.002024
v -0.121649 0.003503 -0.002022
v -0.121637 0.003428 -0.002063
v -0.121643 0.003451 -0.002054
v -0.121649 0.003473 -0.002046
v -0.121654 0.003494 -0.002041
v -0.121673 0.003254 -0.002321
v -0.121673 0.002962 -0.002465
v -0.121576 0.003042 -0.002261
v -0.121673 0.003219 -0.002342
v -0.121673 0.003178 -0.002364
v -0.121673 0.003134 -0.002388
v -0.121671 0.003219 -0.002300
v -0.121669 0.003186 -0.002320
v -0.121669 0.003151 -0.002340
v -0.121669 0.003114 -0.002359
v -0.121664 0.003183 -0.002282
v -0.121663 0.003154 -0.002300
v -0.121664 0.003125 -0.002317
v -0.121664 0.003097 -0.002334
v -0.121652 0.003148 -0.002268
v -0.121654 0.003124 -0.002284
v -0.121657 0.003102 -0.002300
v -0.121659 0.003082 -0.002315
v -0.121671 0.002966 -0.002425
v -0.121664 0.002974 -0.002386
v -0.121652 0.002984 -0.002349
v -0.121673 0.002999 -0.002450
v -0.121669 0.003003 -0.002410
v -0.121664 0.003006 -0.002373
v -0.121655 0.003011 -0.002339
v -0.121673 0.003042 -0.002432
v -0.121669 0.003039 -0.002394
v -0.121664 0.003037 -0.002361
v -0.121657 0.003038 -0.002332
v -0.121673 0.003088 -0.002410
v -0.121669 0.003077 -0.002377
v -0.121664 0.003067 -0.002348
v -0.121659 0.003062 -0.002325
v -0.121598 0.003060 -0.002255
v -0.121618 0.003085 -0.002254
v -0.121637 0.003114 -0.002259
v -0.121598 0.003027 -0.002271
v -0.121614 0.003047 -0.002271
v -0.121629 0.003070 -0.002270
v -0.121643 0.003096 -0.002274
v -0.121618 0.003011 -0.002290
v -0.121629 0.003033 -0.002289
v -0.121640 0.003056 -0.002288
v -0.121649 0.003079 -0.002290
v -0.121637 0.002997 -0.002316
v -0.121643 0.003021 -0.002312
v -0.121649 0.003044 -0.002308
v -0.121654 0.003066 -0.002307
v -0.121673 0.002776 -0.002535
v -0.121673 0.002461 -0.002620
v -0.121576 0.002580 -0.002435
v -0.121673 0.002738 -0.002549
v -0.121673 0.002693 -0.002563
v -0.121673 0.002645 -0.002577
v -0.121671 0.002746 -0.002508
v -0.121669 0.002709 -0.002521
v -0.121669 0.002671 -0.002533
v -0.121669 0.002631 -0.002545
v -0.121664 0.002714 -0.002483
v -0.121663 0.002682 -0.002495
v -0.121664 0.002650 -0.002506
v -0.121664 0.002619 -0.002517
v -0.121652 0.002682 -0.002463
v -0.121654 0.002656 -0.002474
v -0.121657 0.002631 -0.002485
v -0.121659 0.002608 -0.002496
v -0.121671 0.002473 -0.002581
v -0.121664 0.002488 -0.002544
v -0.121652 0.002506 -0.002510
v -0.121673 0.002501 -0.002612
v -0.121669 0.002512 -0.002573
v -0.121664 0.002522 -0.002537
v -0.121655 0.002534 -0.002506
v -0.121673 0.002546 -0.002602
v -0.121669 0.002551 -0.002565
v -0.121664 0.002555 -0.002532
v -0.121657 0.002561 -0.002503
v -0.121673 0.002595 -0.002590
v -0.121669 0.002591 -0.002556
v -0.121664 0.002588 -0.002525
v -0.121659 0.002586 -0.002502
v -0.121598 0.002599 -0.002432
v -0.121618 0.002623 -0.002436
v -0.121637 0.002651 -0.002447
v -0.121598 0.002563 -0.002442
v -0.121614 0.002583 -0.002446
v -0.121629 0.002605 -0.002450
v -0.121643 0.002630 -0.002458
v -0.121618 0.002544 -0.002458
v -0.121629 0.002566 -0.002461
v -0.121640 0.002588 -0.002464
v -0.121649 0.002610 -0.002471
v -0.121637 0.002525 -0.002481
v -0.121643 0.002549 -0.002480
v -0.121649 0.002572 -0.002481
v -0.121654 0.002594 -0.002485
v -0.121673 0.002265 -0.002652
v -0.121673 0.001940 -0.002673
v -0.121576 0.002093 -0.002515
v -0.121673 0.002225 -0.002658
v -0.121673 0.002179 -0.002663
v -0.121673 0.002129 -0.002667
v -0.121671 0.002241 -0.002619
v -0.121669 0.002202 -0.002625
v -0.121669 0.002163 -0.002630
v -0.121669 0.002122 -0.002633
v -0.121664 0.002215 -0.002589
v -0.121663 0.002181 -0.002594
v -0.121664 0.002147 -0.002599
v -0.121664 0.002115 -0.002603
v -0.121652 0.002187 -0.002562
v -0.121654 0.002159 -0.002568
v -0.121657 0.002132 -0.002574
v -0.121659 0.002108 -0.002581
v -0.121671 0.001959 -0.002638
v -0.121664 0.001981 -0.002604
v -0.121652 0.002005 -0.002574
v -0.121673 0.001980 -0.002674
v -0.121669 0.001999 -0.002638
v -0.121664 0.002016 -0.002605
v -0.121655 0.002034 -0.002576
v -0.121673 0.002027 -0.002673
v -0.121669 0.002039 -0.002637
v -0.121664 0.002049 -0.002605
v -0.121657 0.002061 -0.002579
v -0.121673 0.002077 -0.002671
v -0.121669 0.002080 -0.002636
v -0.121664 0.002082 -0.002606
v -0.121659 0.002086 -0.002582
v -0.121598 0.002112 -0.002517
v -0.121618 0.002134 -0.002525
v -0.121637 0.002160 -0.002541
v -0.121598 0.002074 -0.002519
v -0.121614 0.002093 -0.002527
v -0.121629 0.002114 -0.002535
v -0.121643 0.002137 -0.002548
v -0.121618 0.002053 -0.002531
v -0.121629 0.002073 -0.002538
v -0.121640 0.002095 -0.002546
v -0.121649 0.002115 -0.002557
v -0.121637 0.002029 -0.002549
v -0.121643 0.002053 -0.002554
v -0.121649 0.002076 -0.002559
v -0.121654 0.002096 -0.002567
v -0.121673 0.001741 -0.002667
v -0.121673 0.001418 -0.002624
v -0.121576 0.001599 -0.002499
v -0.121673 0.001701 -0.002665
v -0.121673 0.001654 -0.002661
v -0.121673 0.001604 -0.002655
v -0.121671 0.001724 -0.002630
v -0.121669 0.001685 -0.002628
v -0.121669 0.001645 -0.002625
v -0.121669 0.001604 -0.002621
v -0.121664 0.001704 -0.002595
v -0.121663 0.001670 -0.002594
v -0.121664 0.001636 -0.002592
v -0.121664 0.001603 -0.002590
v -0.121652 0.001682 -0.002564
v -0.121654 0.001654 -0.002564
v -0.121657 0.001626 -0.002565
v -0.121659 0.001601 -0.002566
v -0.121671 0.001444 -0.002593
v -0.121664 0.001472 -0.002565
v -0.121652 0.001502 -0.002540
v -0.121673 0.001458 -0.002633
v -0.121669 0.001483 -0.002601
v -0.121664 0.001506 -0.002572
v -0.121655 0.001529 -0.002547
v -0.121673 0.001503 -0.002641
v -0.121669 0.001522 -0.002608
v -0.121664 0.001539 -0.002579
v -0.121657 0.001555 -0.002555
v -0.121673 0.001553 -0.002649
v -0.121669 0.001563 -0.002615
v -0.121664 0.001571 -0.002586
v -0.121659 0.001579 -0.002564
v -0.121598 0.001617 -0.002504
v -0.121618 0.001638 -0.002517
v -0.121637 0.001660 -0.002537
v -0.121598 0.001580 -0.002499
v -0.121614 0.001597 -0.002510
v -0.121629 0.001616 -0.002522
v -0.121643 0.001636 -0.002540
v -0.121618 0.001557 -0.002506
v -0.121629 0.001576 -0.002518
v -0.121640 0.001595 -0.002529
v -0.121649 0.001613 -0.002544
v -0.121637 0.001530 -0.002520
v -0.121643 0.001553 -0.002529
v -0.121649 0.001574 -0.002539
v -0.121654 0.001592 -0.002551
v -0.121673 0.001225 -0.002579
v -0.121673 0.000916 -0.002474
v -0.121576 0.001118 -0.002387
v -0.121673 0.001186 -0.002569
v -0.121673 0.001141 -0.002556
v -0.121673 0.001093 -0.002541
v -0.121671 0.001215 -0.002540
v -0.121669 0.001177 -0.002530
v -0.121669 0.001139 -0.002519
v -0.121669 0.001099 -0.002507
v -0.121664 0.001202 -0.002502
v -0.121663 0.001169 -0.002494
v -0.121664 0.001136 -0.002485
v -0.121664 0.001105 -0.002477
v -0.121652 0.001187 -0.002467
v -0.121654 0.001159 -0.002461
v -0.121657 0.001132 -0.002457
v -0.121659 0.001107 -0.002453
v -0.121671 0.000948 -0.002449
v -0.121664 0.000981 -0.002427
v -0.121652 0.001014 -0.002408
v -0.121673 0.000953 -0.002490
v -0.121669 0.000984 -0.002464
v -0.121664 0.001012 -0.002440
v -0.121655 0.001040 -0.002420
v -0.121673 0.000997 -0.002507
v -0.121669 0.001021 -0.002479
v -0.121664 0.001043 -0.002454
v -0.121657 0.001064 -0.002434
v -0.121673 0.001044 -0.002525
v -0.121669 0.001060 -0.002494
v -0.121664 0.001074 -0.002466
v -0.121659 0.001086 -0.002446
v -0.121598 0.001135 -0.002395
v -0.121618 0.001153 -0.002412
v -0.121637 0.001170 -0.002436
v -0.121598 0.001099 -0.002383
v -0.121614 0.001114 -0.002398
v -0.121629 0.001130 -0.002413
v -0.121643 0.001146 -0.002434
v -0.121618 0.001075 -0.002386
v -0.121629 0.001091 -0.002401
v -0.121640 0.001108 -0.002416
v -0.121649 0.001123 -0.002434
v -0.121637 0.001046 -0.002394
v -0.121643 0.001066 -0.002407
v -0.121649 0.001086 -0.002421
v -0.121654 0.001101 -0.002436
vn -0.0000 -0.4127 -0.9109
vn -1.0000 -0.0000 -0.0000
vn -0.0000 0.4127 0.9109
vn -0.0000 0.8492 0.5281
vn -0.0000 0.9359 0.3523
vn -0.0000 0.9866 0.1629
vn -0.0000 0.9995 -0.0327
vn -0.0000 0.9739 -0.2271
vn -0.0000 0.9109 -0.4127
vn -0.0000 0.8129 -0.5825
vn -0.0000 0.6836 -0.7299
vn -0.0000 0.5281 -0.8492
vn -0.0000 0.3523 -0.9359
vn -0.0000 0.1629 -0.9866
vn -0.0000 -0.0327 -0.9995
vn -0.0000 -0.2271 -0.9739
vn -0.0000 -0.5825 -0.8129
vn -0.0000 -0.7299 -0.6836
vn -0.0000 -0.8492 -0.5281
vn -0.0000 -0.9359 -0.3523
vn -0.0000 -0.9866 -0.1629
vn -0.0000 -0.9995 0.0327
vn -0.0000 -0.9739 0.2271
vn -0.0000 -0.9109 0.4127
vn -0.0000 -0.8129 0.5825
vn -0.0000 -0.6836 0.7299
vn -0.0000 -0.5281 0.8492
vn -0.0000 -0.3523 0.9359
vn -0.0000 -0.1629 0.9866
vn -0.0000 0.0327 0.9995
vn -0.0000 0.2271 0.9739
vn -0.0000 0.7299 0.6836
vn -0.0000 -0.5825 -0.8128
vn 1.0000 -0.0000 -0.0000
vn -0.0000 -0.9359 -0.3522
vn -0.0000 -0.8128 0.5825
vn -0.0000 -0.3522 0.9359
vn -0.0000 0.5825 0.8128
vn -0.0000 0.9359 0.3522
vn -0.0000 0.8128 -0.5825
vn -0.0000 0.3522 -0.9359
vn -0.0000 0.5825 0.8129
vn -0.9961 -0.0271 -0.0844
vn -0.9920 -0.0687 -0.1059
vn -0.9926 -0.0654 -0.1026
vn -0.9931 -0.0587 -0.1017
vn -0.9856 -0.0586 -0.1583
vn -0.9856 -0.0978 -0.1380
vn -0.9880 -0.0892 -0.1259
vn -0.9895 -0.0721 -0.1252
vn -0.9508 -0.1735 -0.2567
vn -0.9635 -0.1688 -0.2076
vn -0.9736 -0.1388 -0.1814
vn -0.9783 -0.1035 -0.1798
vn -0.9965 -0.0515 -0.0655
vn -0.9847 -0.0961 -0.1452
vn -0.9447 -0.1292 -0.3014
vn -0.8558 -0.1851 -0.4830
vn -0.9934 -0.0571 -0.0994
vn -0.9873 -0.0787 -0.1380
vn -0.9638 -0.1084 -0.2436
vn -0.8936 -0.1677 -0.4163
vn -0.9927 -0.0564 -0.1063
vn -0.9884 -0.0662 -0.1369
vn -0.9737 -0.0911 -0.2090
vn -0.9311 -0.1498 -0.3326
vn -0.4397 -0.4491 -0.7778
vn -0.6019 -0.3938 -0.6947
vn -0.7326 -0.4011 -0.5500
vn -0.8611 -0.3226 -0.3930
vn -0.6207 -0.3999 -0.6744
vn -0.6622 -0.3574 -0.6587
vn -0.7829 -0.3422 -0.5195
vn -0.8994 -0.2736 -0.3410
vn -0.7413 -0.2895 -0.6055
vn -0.7685 -0.2763 -0.5771
vn -0.8511 -0.2609 -0.4555
vn -0.9319 -0.2128 -0.2936
vn -0.9528 -0.1526 -0.2623
vn -0.9965 -0.0636 -0.0540
vn -0.9847 -0.1227 -0.1236
vn -0.9447 -0.1854 -0.2705
vn -0.8558 -0.2757 -0.4377
vn -0.9934 -0.0753 -0.0864
vn -0.9873 -0.1042 -0.1199
vn -0.9638 -0.1540 -0.2177
vn -0.8936 -0.2458 -0.3756
vn -0.9927 -0.0758 -0.0934
vn -0.9884 -0.0914 -0.1216
vn -0.9736 -0.1299 -0.1875
vn -0.9311 -0.2118 -0.2969
vn -0.4397 -0.5921 -0.6753
vn -0.6019 -0.5218 -0.6045
vn -0.7325 -0.5009 -0.4610
vn -0.8611 -0.3931 -0.3224
vn -0.6207 -0.5237 -0.5835
vn -0.6621 -0.4792 -0.5762
vn -0.7830 -0.4367 -0.4430
vn -0.8994 -0.3349 -0.2810
vn -0.7413 -0.4019 -0.5376
vn -0.7685 -0.3836 -0.5121
vn -0.8512 -0.3448 -0.3958
vn -0.9319 -0.2661 -0.2463
vn -0.9961 -0.0429 -0.0776
vn -0.9920 -0.0881 -0.0905
vn -0.9926 -0.0841 -0.0879
vn -0.9931 -0.0773 -0.0884
vn -0.9856 -0.0883 -0.1439
vn -0.9856 -0.1225 -0.1165
vn -0.9880 -0.1123 -0.1058
vn -0.9895 -0.0954 -0.1086
vn -0.9508 -0.2202 -0.2179
vn -0.9636 -0.2057 -0.1710
vn -0.9736 -0.1718 -0.1506
vn -0.9783 -0.1367 -0.1560
vn -0.9528 -0.2001 -0.2282
vn -0.9965 -0.0727 -0.0407
vn -0.9847 -0.1444 -0.0972
vn -0.9447 -0.2347 -0.2290
vn -0.8558 -0.3557 -0.3756
vn -0.9934 -0.0907 -0.0701
vn -0.9873 -0.1256 -0.0975
vn -0.9638 -0.1934 -0.1835
vn -0.8936 -0.3142 -0.3204
vn -0.9928 -0.0927 -0.0765
vn -0.9884 -0.1134 -0.1014
vn -0.9736 -0.1639 -0.1586
vn -0.9311 -0.2657 -0.2499
vn -0.4396 -0.7128 -0.5465
vn -0.6019 -0.6297 -0.4911
vn -0.7326 -0.5809 -0.3547
vn -0.8610 -0.4487 -0.2394
vn -0.6207 -0.6274 -0.4702
vn -0.6621 -0.5824 -0.4717
vn -0.7830 -0.5147 -0.3494
vn -0.8993 -0.3833 -0.2104
vn -0.7413 -0.4992 -0.4487
vn -0.7685 -0.4761 -0.4275
vn -0.8511 -0.4157 -0.3206
vn -0.9320 -0.3088 -0.1900
vn -0.9961 -0.0571 -0.0678
vn -0.9920 -0.1041 -0.0716
vn -0.9926 -0.0998 -0.0697
vn -0.9931 -0.0931 -0.0716
vn -0.9856 -0.1147 -0.1239
vn -0.9856 -0.1430 -0.0902
vn -0.9880 -0.1308 -0.0819
vn -0.9895 -0.1147 -0.0880
vn -0.9508 -0.2588 -0.1706
vn -0.9636 -0.2350 -0.1275
vn -0.9736 -0.1977 -0.1141
vn -0.9782 -0.1645 -0.1263
vn -0.9528 -0.2410 -0.1846
vn -0.9965 -0.0792 -0.0258
vn -0.9847 -0.1607 -0.0672
vn -0.9447 -0.2748 -0.1790
vn -0.8558 -0.4223 -0.2989
vn -0.9934 -0.1027 -0.0510
vn -0.9873 -0.1421 -0.0709
vn -0.9638 -0.2256 -0.1420
vn -0.8937 -0.3706 -0.2531
vn -0.9927 -0.1059 -0.0570
vn -0.9884 -0.1310 -0.0774
vn -0.9736 -0.1918 -0.1235
vn -0.9311 -0.3093 -0.1933
vn -0.4396 -0.8057 -0.3970
vn -0.6019 -0.7134 -0.3589
vn -0.7327 -0.6388 -0.2347
vn -0.8612 -0.4864 -0.1475
vn -0.6208 -0.7070 -0.3388
vn -0.6621 -0.6631 -0.3491
vn -0.7829 -0.5730 -0.2421
vn -0.8994 -0.4169 -0.1316
vn -0.7413 -0.5771 -0.3428
vn -0.7685 -0.5505 -0.3262
vn -0.8511 -0.4701 -0.2336
vn -0.9318 -0.3405 -0.1255
vn -0.9961 -0.0694 -0.0552
vn -0.9920 -0.1159 -0.0500
vn -0.9926 -0.1114 -0.0489
vn -0.9931 -0.1050 -0.0522
vn -0.9856 -0.1368 -0.0991
vn -0.9856 -0.1579 -0.0604
vn -0.9881 -0.1440 -0.0548
vn -0.9895 -0.1294 -0.0641
vn -0.9508 -0.2867 -0.1171
vn -0.9634 -0.2561 -0.0790
vn -0.9735 -0.2163 -0.0736
vn -0.9782 -0.1861 -0.0918
vn -0.9527 -0.2731 -0.1337
vn -0.9965 -0.0828 -0.0097
vn -0.9847 -0.1706 -0.0346
vn -0.9447 -0.3046 -0.1218
vn -0.8558 -0.4723 -0.2109
vn -0.9934 -0.1107 -0.0300
vn -0.9873 -0.1533 -0.0418
vn -0.9638 -0.2489 -0.0953
vn -0.8937 -0.4129 -0.1758
vn -0.9927 -0.1150 -0.0352
vn -0.9884 -0.1434 -0.0504
vn -0.9736 -0.2124 -0.0837
vn -0.9311 -0.3410 -0.1292
vn -0.4396 -0.8677 -0.2322
vn -0.6019 -0.7698 -0.2126
vn -0.7326 -0.6725 -0.1052
vn -0.8612 -0.5059 -0.0497
vn -0.6208 -0.7595 -0.1943
vn -0.6620 -0.7186 -0.2129
vn -0.7829 -0.6092 -0.1257
vn -0.8995 -0.4344 -0.0478
vn -0.7413 -0.6328 -0.2236
vn -0.7685 -0.6035 -0.2126
vn -0.8511 -0.5066 -0.1374
vn -0.9318 -0.3585 -0.0567
vn -0.9961 -0.0788 -0.0407
vn -0.9920 -0.1235 -0.0265
vn -0.9926 -0.1187 -0.0263
vn -0.9931 -0.1134 -0.0305
vn -0.9856 -0.1536 -0.0705
vn -0.9856 -0.1668 -0.0285
vn -0.9880 -0.1523 -0.0255
vn -0.9895 -0.1395 -0.0376
vn -0.9509 -0.3040 -0.0589
vn -0.9635 -0.2664 -0.0277
vn -0.9736 -0.2262 -0.0300
vn -0.9783 -0.2002 -0.0538
vn -0.9527 -0.2935 -0.0783
vn -0.9965 -0.0832 0.0067
vn -0.9847 -0.1742 -0.0005
vn -0.9447 -0.3223 -0.0602
vn -0.8558 -0.5044 -0.1147
vn -0.9934 -0.1144 -0.0078
vn -0.9873 -0.1588 -0.0110
vn -0.9638 -0.2629 -0.0448
vn -0.8937 -0.4392 -0.0918
vn -0.9927 -0.1196 -0.0122
vn -0.9883 -0.1508 -0.0212
vn -0.9736 -0.2247 -0.0406
vn -0.9311 -0.3597 -0.0602
vn -0.4395 -0.8963 -0.0584
vn -0.6019 -0.7964 -0.0585
vn -0.7325 -0.6802 0.0281
vn -0.8610 -0.5062 0.0503
vn -0.6208 -0.7829 -0.0423
vn -0.6620 -0.7463 -0.0686
vn -0.7829 -0.6221 -0.0044
vn -0.8996 -0.4351 0.0377
vn -0.7413 -0.6643 -0.0959
vn -0.7685 -0.6334 -0.0908
vn -0.8512 -0.5236 -0.0361
vn -0.9317 -0.3629 0.0144
vn -0.9961 -0.0848 -0.0247
vn -0.9920 -0.1264 -0.0018
vn -0.9926 -0.1217 -0.0026
vn -0.9931 -0.1171 -0.0078
vn -0.9856 -0.1644 -0.0393
vn -0.9856 -0.1691 0.0045
vn -0.9880 -0.1541 0.0045
vn -0.9895 -0.1441 -0.0096
vn -0.9508 -0.3098 0.0018
vn -0.9635 -0.2664 0.0246
vn -0.9736 -0.2279 0.0150
vn -0.9783 -0.2068 -0.0137
vn -0.9528 -0.3030 -0.0198
vn -0.9965 -0.0803 0.0228
vn -0.9847 -0.1708 0.0333
vn -0.9447 -0.3278 0.0038
vn -0.8558 -0.5171 -0.0141
vn -0.9934 -0.1136 0.0146
vn -0.9873 -0.1578 0.0201
vn -0.9639 -0.2663 0.0071
vn -0.8936 -0.4488 -0.0043
vn -0.9927 -0.1198 0.0115
vn -0.9884 -0.1519 0.0085
vn -0.9736 -0.2281 0.0038
vn -0.9311 -0.3647 0.0113
vn -0.4396 -0.8905 0.1173
vn -0.6020 -0.7925 0.0980
vn -0.7328 -0.6614 0.1600
vn -0.8612 -0.4863 0.1478
vn -0.6209 -0.7760 0.1111
vn -0.6619 -0.7455 0.0783
vn -0.7828 -0.6112 0.1171
vn -0.8993 -0.4198 0.1224
vn -0.7413 -0.6702 0.0355
vn -0.7684 -0.6390 0.0346
vn -0.8512 -0.5206 0.0668
vn -0.9317 -0.3531 0.0847
vn -0.9961 -0.0883 -0.0074
vn -0.9920 -0.1242 0.0228
vn -0.9926 -0.1197 0.0211
vn -0.9931 -0.1162 0.0151
vn -0.9856 -0.1690 -0.0064
vn -0.9856 -0.1647 0.0374
vn -0.9880 -0.1505 0.0347
vn -0.9895 -0.1431 0.0186
vn -0.9508 -0.3034 0.0622
vn -0.9635 -0.2568 0.0763
vn -0.9736 -0.2205 0.0589
vn -0.9783 -0.2056 0.0270
vn -0.9529 -0.3007 0.0395
vn -0.9965 -0.0745 0.0380
vn -0.9847 -0.1610 0.0661
vn -0.9447 -0.3209 0.0677
vn -0.8559 -0.5098 0.0870
vn -0.9934 -0.1086 0.0365
vn -0.9873 -0.1508 0.0504
vn -0.9638 -0.2599 0.0591
vn -0.8937 -0.4409 0.0833
vn -0.9927 -0.1152 0.0346
vn -0.9884 -0.1472 0.0378
vn -0.9737 -0.2229 0.0481
vn -0.9311 -0.3555 0.0821
vn -0.4395 -0.8506 0.2888
vn -0.6020 -0.7581 0.2508
vn -0.7326 -0.6176 0.2862
vn -0.8610 -0.4484 0.2401
vn -0.6210 -0.7393 0.2603
vn -0.6619 -0.7159 0.2221
vn -0.7830 -0.5763 0.2338
vn -0.8994 -0.3878 0.2018
vn -0.7414 -0.6503 0.1656
vn -0.7684 -0.6200 0.1585
vn -0.8511 -0.4976 0.1671
vn -0.9322 -0.3290 0.1512
vn -0.9961 -0.0881 0.0100
vn -0.9920 -0.1174 0.0466
vn -0.9926 -0.1134 0.0441
vn -0.9931 -0.1113 0.0377
vn -0.9856 -0.1670 0.0266
vn -0.9856 -0.1545 0.0690
vn -0.9880 -0.1407 0.0632
vn -0.9895 -0.1370 0.0464
vn -0.9508 -0.2856 0.1203
vn -0.9634 -0.2371 0.1251
vn -0.9736 -0.2048 0.1008
vn -0.9782 -0.1965 0.0666
vn -0.9528 -0.2876 0.0977
vn -0.9965 -0.0655 0.0517
vn -0.9848 -0.1448 0.0961
vn -0.9446 -0.3018 0.1292
vn -0.8559 -0.4829 0.1847
vn -0.9934 -0.0993 0.0570
vn -0.9873 -0.1380 0.0787
vn -0.9638 -0.2434 0.1087
vn -0.8936 -0.4164 0.1679
vn -0.9928 -0.1061 0.0563
vn -0.9884 -0.1370 0.0659
vn -0.9736 -0.2096 0.0909
vn -0.9310 -0.3327 0.1500
vn -0.4395 -0.7779 0.4491
vn -0.6020 -0.6946 0.3939
vn -0.7326 -0.5499 0.4012
vn -0.8610 -0.3930 0.3229
vn -0.6209 -0.6744 0.3997
vn -0.6620 -0.6588 0.3574
vn -0.7833 -0.5194 0.3417
vn -0.8992 -0.3413 0.2739
vn -0.7412 -0.6057 0.2895
vn -0.7687 -0.5769 0.2763
vn -0.8512 -0.4553 0.2609
vn -0.9317 -0.2942 0.2132
vn -0.9961 -0.0845 0.0270
vn -0.9920 -0.1057 0.0684
vn -0.9926 -0.1026 0.0654
vn -0.9931 -0.1017 0.0586
vn -0.9856 -0.1585 0.0585
vn -0.9856 -0.1380 0.0978
vn -0.9880 -0.1258 0.0895
vn -0.9895 -0.1253 0.0722
vn -0.9509 -0.2562 0.1734
vn -0.9635 -0.2080 0.1687
vn -0.9736 -0.1811 0.1387
vn -0.9783 -0.1795 0.1036
vn -0.9527 -0.2631 0.1519
vn -0.9965 -0.0543 0.0636
vn -0.9848 -0.1233 0.1225
vn -0.9446 -0.2707 0.1854
vn -0.8559 -0.4376 0.2755
vn -0.9934 -0.0863 0.0753
vn -0.9873 -0.1197 0.1041
vn -0.9637 -0.2177 0.1543
vn -0.8935 -0.3758 0.2459
vn -0.9927 -0.0931 0.0760
vn -0.9884 -0.1216 0.0914
vn -0.9736 -0.1877 0.1299
vn -0.9311 -0.2970 0.2119
vn -0.4395 -0.6754 0.5922
vn -0.6020 -0.6043 0.5219
vn -0.7326 -0.4611 0.5007
vn -0.8611 -0.3223 0.3932
vn -0.6208 -0.5834 0.5236
vn -0.6619 -0.5765 0.4791
vn -0.7830 -0.4429 0.4367
vn -0.8994 -0.2810 0.3348
vn -0.7413 -0.5375 0.4020
vn -0.7684 -0.5122 0.3837
vn -0.8514 -0.3954 0.3446
vn -0.9319 -0.2465 0.2662
vn -0.9961 -0.0774 0.0429
vn -0.9920 -0.0903 0.0878
vn -0.9926 -0.0879 0.0842
vn -0.9931 -0.0882 0.0773
vn -0.9856 -0.1442 0.0884
vn -0.9856 -0.1161 0.1227
vn -0.9880 -0.1061 0.1124
vn -0.9895 -0.1085 0.0950
vn -0.9508 -0.2178 0.2204
vn -0.9634 -0.1714 0.2061
vn -0.9737 -0.1503 0.1715
vn -0.9782 -0.1560 0.1367
vn -0.9530 -0.2276 0.1998
vn -0.9965 -0.0410 0.0730
vn -0.9847 -0.0971 0.1444
vn -0.9447 -0.2293 0.2346
vn -0.8559 -0.3755 0.3556
vn -0.9934 -0.0699 0.0907
vn -0.9873 -0.0974 0.1256
vn -0.9637 -0.1836 0.1938
vn -0.8937 -0.3203 0.3143
vn -0.9927 -0.0765 0.0927
vn -0.9884 -0.1013 0.1133
vn -0.9736 -0.1588 0.1640
vn -0.9311 -0.2499 0.2657
vn -0.4396 -0.5469 0.7125
vn -0.6020 -0.4909 0.6298
vn -0.7328 -0.3542 0.5810
vn -0.8610 -0.2395 0.4486
vn -0.6208 -0.4701 0.6274
vn -0.6619 -0.4720 0.5823
vn -0.7830 -0.3493 0.5147
vn -0.8993 -0.2104 0.3833
vn -0.7412 -0.4489 0.4992
vn -0.7685 -0.4274 0.4762
vn -0.8511 -0.3210 0.4155
vn -0.9319 -0.1898 0.3092
vn -0.9961 -0.0677 0.0573
vn -0.9920 -0.0718 0.1040
vn -0.9925 -0.0700 0.0999
vn -0.9931 -0.0718 0.0932
vn -0.9857 -0.1239 0.1146
vn -0.9856 -0.0901 0.1431
vn -0.9880 -0.0819 0.1307
vn -0.9896 -0.0878 0.1144
vn -0.9509 -0.1704 0.2585
vn -0.9634 -0.1278 0.2354
vn -0.9737 -0.1138 0.1976
vn -0.9782 -0.1264 0.1646
vn -0.9527 -0.1852 0.2410
vn -0.9965 -0.0259 0.0794
vn -0.9847 -0.0671 0.1606
vn -0.9448 -0.1789 0.2747
vn -0.8559 -0.2989 0.4221
vn -0.9935 -0.0506 0.1025
vn -0.9873 -0.0712 0.1422
vn -0.9637 -0.1423 0.2258
vn -0.8937 -0.2527 0.3707
vn -0.9927 -0.0571 0.1060
vn -0.9884 -0.0770 0.1307
vn -0.9736 -0.1238 0.1918
vn -0.9310 -0.1934 0.3094
vn -0.4395 -0.3975 0.8055
vn -0.6018 -0.3588 0.7135
vn -0.7326 -0.2342 0.6391
vn -0.8611 -0.1473 0.4867
vn -0.6207 -0.3387 0.7071
vn -0.6620 -0.3493 0.6631
vn -0.7830 -0.2422 0.5730
vn -0.8993 -0.1317 0.4170
vn -0.7412 -0.3428 0.5771
vn -0.7686 -0.3260 0.5504
vn -0.8513 -0.2335 0.4699
vn -0.9318 -0.1260 0.3403
vn -0.9961 -0.0553 0.0694
vn -0.9920 -0.0497 0.1157
vn -0.9925 -0.0492 0.1116
vn -0.9931 -0.0519 0.1052
vn -0.9856 -0.0993 0.1366
vn -0.9856 -0.0605 0.1580
vn -0.9880 -0.0550 0.1442
vn -0.9895 -0.0641 0.1296
vn -0.9508 -0.1168 0.2869
vn -0.9635 -0.0792 0.2556
vn -0.9735 -0.0736 0.2164
vn -0.9783 -0.0915 0.1859
vn -0.9529 -0.1340 0.2721
vn -0.9965 -0.0101 0.0830
vn -0.9847 -0.0345 0.1707
vn -0.9447 -0.1220 0.3044
vn -0.8558 -0.2109 0.4723
vn -0.9934 -0.0298 0.1106
vn -0.9873 -0.0421 0.1533
vn -0.9638 -0.0952 0.2490
vn -0.8937 -0.1756 0.4130
vn -0.9927 -0.0353 0.1151
vn -0.9884 -0.0501 0.1434
vn -0.9736 -0.0838 0.2121
vn -0.9310 -0.1294 0.3412
vn -0.4396 -0.2326 0.8675
vn -0.6019 -0.2127 0.7698
vn -0.7325 -0.1053 0.6725
vn -0.8611 -0.0494 0.5060
vn -0.6207 -0.1943 0.7596
vn -0.6621 -0.2131 0.7184
vn -0.7830 -0.1255 0.6092
vn -0.8994 -0.0477 0.4346
vn -0.7414 -0.2234 0.6328
vn -0.7686 -0.2123 0.6034
vn -0.8512 -0.1375 0.5066
vn -0.9319 -0.0572 0.3583
vn -0.9960 -0.0408 0.0789
vn -0.9920 -0.0264 0.1234
vn -0.9926 -0.0263 0.1189
vn -0.9931 -0.0302 0.1132
vn -0.9857 -0.0706 0.1533
vn -0.9856 -0.0286 0.1667
vn -0.9880 -0.0257 0.1523
vn -0.9895 -0.0377 0.1396
vn -0.9508 -0.0587 0.3043
vn -0.9636 -0.0275 0.2658
vn -0.9736 -0.0298 0.2265
vn -0.9782 -0.0538 0.2004
vn -0.9529 -0.0783 0.2930
vn -0.9965 0.0064 0.0833
vn -0.9847 -0.0003 0.1740
vn -0.9447 -0.0602 0.3223
vn -0.8559 -0.1146 0.5044
vn -0.9934 -0.0078 0.1144
vn -0.9873 -0.0114 0.1586
vn -0.9637 -0.0453 0.2631
vn -0.8936 -0.0917 0.4393
vn -0.9927 -0.0122 0.1198
vn -0.9884 -0.0211 0.1505
vn -0.9737 -0.0405 0.2242
vn -0.9311 -0.0601 0.3597
vn -0.4397 -0.0588 0.8962
vn -0.6019 -0.0584 0.7964
vn -0.7326 0.0280 0.6801
vn -0.8610 0.0501 0.5061
vn -0.6208 -0.0422 0.7829
vn -0.6621 -0.0690 0.7463
vn -0.7830 -0.0044 0.6220
vn -0.8994 0.0381 0.4355
vn -0.7412 -0.0959 0.6643
vn -0.7685 -0.0908 0.6334
vn -0.8512 -0.0359 0.5236
vn -0.9319 0.0140 0.3624
vn -0.9961 -0.0245 0.0852
vn -0.9920 -0.0019 0.1263
vn -0.9926 -0.0028 0.1218
vn -0.9931 -0.0078 0.1172
vn -0.9856 -0.0395 0.1642
vn -0.9856 0.0045 0.1691
vn -0.9880 0.0046 0.1543
vn -0.9895 -0.0095 0.1441
vn -0.9508 0.0019 0.3098
vn -0.9636 0.0245 0.2664
vn -0.9736 0.0149 0.2280
vn -0.9783 -0.0135 0.2069
vn -0.9528 -0.0199 0.3029
vn -0.9965 0.0225 0.0803
vn -0.9847 0.0335 0.1709
vn -0.9447 0.0035 0.3280
vn -0.8560 -0.0135 0.5168
vn -0.9934 0.0146 0.1138
vn -0.9873 0.0197 0.1577
vn -0.9638 0.0072 0.2666
vn -0.8936 -0.0044 0.4489
vn -0.9927 0.0115 0.1198
vn -0.9884 0.0085 0.1518
vn -0.9737 0.0039 0.2279
vn -0.9311 0.0113 0.3645
vn -0.4396 0.1171 0.8905
vn -0.6019 0.0983 0.7925
vn -0.7325 0.1601 0.6616
vn -0.8610 0.1477 0.4866
vn -0.6207 0.1112 0.7761
vn -0.6621 0.0779 0.7454
vn -0.7830 0.1171 0.6109
vn -0.8994 0.1220 0.4198
vn -0.7413 0.0356 0.6703
vn -0.7685 0.0345 0.6390
vn -0.8512 0.0669 0.5206
vn -0.9319 0.0845 0.3526
vn -0.9961 -0.0074 0.0884
vn -0.9920 0.0230 0.1241
vn -0.9926 0.0212 0.1198
vn -0.9931 0.0154 0.1163
vn -0.9856 -0.0066 0.1687
vn -0.9856 0.0375 0.1649
vn -0.9880 0.0342 0.1504
vn -0.9895 0.0188 0.1432
vn -0.9508 0.0621 0.3036
vn -0.9635 0.0763 0.2566
vn -0.9736 0.0593 0.2206
vn -0.9782 0.0269 0.2058
vn -0.9528 0.0394 0.3010
vn -0.9965 0.0378 0.0743
vn -0.9847 0.0662 0.1611
vn -0.9447 0.0676 0.3209
vn -0.8558 0.0871 0.5099
vn -0.9934 0.0367 0.1085
vn -0.9873 0.0501 0.1509
vn -0.9638 0.0588 0.2602
vn -0.8936 0.0831 0.4412
vn -0.9927 0.0344 0.1152
vn -0.9884 0.0381 0.1473
vn -0.9737 0.0484 0.2228
vn -0.9311 0.0819 0.3555
vn -0.4397 0.2888 0.8505
vn -0.6019 0.2508 0.7582
vn -0.7326 0.2863 0.6176
vn -0.8611 0.2397 0.4485
vn -0.6207 0.2605 0.7395
vn -0.6621 0.2219 0.7158
vn -0.7830 0.2340 0.5764
vn -0.8994 0.2017 0.3879
vn -0.7413 0.1656 0.6504
vn -0.7685 0.1585 0.6199
vn -0.8511 0.1671 0.4976
vn -0.9319 0.1519 0.3293
vn -0.9961 0.0100 0.0881
vn -0.9920 0.0467 0.1173
vn -0.9926 0.0440 0.1135
vn -0.9931 0.0377 0.1112
vn -0.9857 0.0267 0.1666
vn -0.9856 0.0691 0.1543
vn -0.9880 0.0631 0.1407
vn -0.9895 0.0463 0.1369
vn -0.9508 0.1203 0.2855
vn -0.9635 0.1248 0.2368
vn -0.9735 0.1008 0.2051
vn -0.9783 0.0668 0.1963
vn -0.9529 0.0980 0.2871
vn -0.9965 0.0515 0.0655
vn -0.9847 0.0966 0.1449
vn -0.9447 0.1292 0.3014
vn -0.8558 0.1851 0.4830
vn -0.9934 0.0571 0.0994
vn -0.9873 0.0784 0.1381
vn -0.9638 0.1084 0.2436
vn -0.8936 0.1677 0.4163
vn -0.9927 0.0564 0.1063
vn -0.9884 0.0659 0.1371
vn -0.9737 0.0911 0.2090
vn -0.9311 0.1498 0.3326
vn -0.4397 0.4491 0.7778
vn -0.6019 0.3939 0.6947
vn -0.7326 0.4011 0.5500
vn -0.8611 0.3228 0.3929
vn -0.6207 0.3998 0.6745
vn -0.6621 0.3574 0.6587
vn -0.7830 0.3419 0.5197
vn -0.8994 0.2736 0.3410
vn -0.7413 0.2895 0.6056
vn -0.7685 0.2764 0.5771
vn -0.8512 0.2610 0.4554
vn -0.9319 0.2131 0.2935
vn -0.9961 0.0271 0.0844
vn -0.9920 0.0684 0.1061
vn -0.9926 0.0655 0.1026
vn -0.9931 0.0586 0.1018
vn -0.9856 0.0586 0.1583
vn -0.9856 0.0977 0.1380
vn -0.9880 0.0892 0.1258
vn -0.9895 0.0724 0.1250
vn -0.9508 0.1735 0.2567
vn -0.9635 0.1686 0.2079
vn -0.9735 0.1390 0.1814
vn -0.9783 0.1039 0.1795
vn -0.9528 0.1509 0.2633
vn -0.9965 0.0636 0.0540
vn -0.9847 0.1227 0.1236
vn -0.9447 0.1854 0.2705
vn -0.8558 0.2759 0.4376
vn -0.9934 0.0753 0.0864
vn -0.9873 0.1042 0.1199
vn -0.9638 0.1541 0.2176
vn -0.8936 0.2458 0.3756
vn -0.9927 0.0762 0.0931
vn -0.9884 0.0914 0.1216
vn -0.9736 0.1301 0.1874
vn -0.9311 0.2117 0.2970
vn -0.4397 0.5923 0.6752
vn -0.6019 0.5218 0.6045
vn -0.7325 0.5009 0.4610
vn -0.8612 0.3928 0.3227
vn -0.6207 0.5236 0.5836
vn -0.6621 0.4790 0.5763
vn -0.7829 0.4367 0.4430
vn -0.8994 0.3349 0.2810
vn -0.7413 0.4021 0.5375
vn -0.7685 0.3837 0.5121
vn -0.8512 0.3448 0.3958
vn -0.9319 0.2661 0.2463
vn -0.9961 0.0427 0.0778
vn -0.9920 0.0882 0.0905
vn -0.9926 0.0841 0.0879
vn -0.9931 0.0773 0.0884
vn -0.9856 0.0886 0.1438
vn -0.9856 0.1227 0.1164
vn -0.9880 0.1124 0.1058
vn -0.9895 0.0952 0.1087
vn -0.9508 0.2204 0.2178
vn -0.9635 0.2061 0.1707
vn -0.9736 0.1715 0.1508
vn -0.9782 0.1368 0.1560
vn -0.9528 0.2001 0.2282
vn -0.9965 0.0727 0.0407
vn -0.9847 0.1443 0.0973
vn -0.9447 0.2349 0.2290
vn -0.8558 0.3557 0.3756
vn -0.9934 0.0908 0.0701
vn -0.9873 0.1255 0.0973
vn -0.9638 0.1934 0.1835
vn -0.8936 0.3144 0.3204
vn -0.9927 0.0929 0.0765
vn -0.9884 0.1131 0.1015
vn -0.9736 0.1638 0.1586
vn -0.9311 0.2657 0.2499
vn -0.4397 0.7126 0.5467
vn -0.6019 0.6297 0.4911
vn -0.7326 0.5810 0.3546
vn -0.8611 0.4487 0.2394
vn -0.6207 0.6274 0.4702
vn -0.6621 0.5823 0.4717
vn -0.7829 0.5149 0.3492
vn -0.8994 0.3831 0.2104
vn -0.7413 0.4991 0.4488
vn -0.7685 0.4760 0.4275
vn -0.8512 0.4152 0.3210
vn -0.9319 0.3093 0.1895
vn -0.9961 0.0575 0.0675
vn -0.9920 0.1037 0.0717
vn -0.9926 0.0997 0.0698
vn -0.9931 0.0931 0.0716
vn -0.9856 0.1148 0.1240
vn -0.9856 0.1431 0.0903
vn -0.9880 0.1309 0.0818
vn -0.9895 0.1146 0.0881
vn -0.9508 0.2586 0.1706
vn -0.9635 0.2354 0.1274
vn -0.9736 0.1976 0.1143
vn -0.9783 0.1644 0.1264
vn -0.9528 0.2410 0.1846
vn -0.9965 0.0793 0.0257
vn -0.9847 0.1605 0.0672
vn -0.9447 0.2748 0.1790
vn -0.8558 0.4222 0.2989
vn -0.9934 0.1028 0.0509
vn -0.9873 0.1421 0.0709
vn -0.9638 0.2256 0.1420
vn -0.8936 0.3710 0.2528
vn -0.9927 0.1059 0.0570
vn -0.9884 0.1311 0.0773
vn -0.9736 0.1918 0.1235
vn -0.9311 0.3093 0.1933
vn -0.4397 0.8056 0.3972
vn -0.6019 0.7134 0.3589
vn -0.7325 0.6393 0.2342
vn -0.8611 0.4867 0.1473
vn -0.6208 0.7070 0.3388
vn -0.6621 0.6633 0.3490
vn -0.7830 0.5729 0.2423
vn -0.8994 0.4169 0.1316
vn -0.7413 0.5771 0.3428
vn -0.7685 0.5503 0.3264
vn -0.8512 0.4698 0.2338
vn -0.9318 0.3405 0.1255
vn -0.9961 0.0694 0.0552
vn -0.9920 0.1159 0.0500
vn -0.9926 0.1114 0.0489
vn -0.9931 0.1054 0.0519
vn -0.9856 0.1367 0.0992
vn -0.9856 0.1579 0.0605
vn -0.9880 0.1445 0.0547
vn -0.9895 0.1294 0.0641
vn -0.9508 0.2870 0.1169
vn -0.9635 0.2558 0.0791
vn -0.9736 0.2161 0.0735
vn -0.9782 0.1861 0.0918
vn -0.9527 0.2731 0.1337
vn -0.9965 0.0829 0.0096
vn -0.9847 0.1705 0.0346
vn -0.9447 0.3046 0.1218
vn -0.8558 0.4723 0.2109
vn -0.9934 0.1106 0.0300
vn -0.9873 0.1532 0.0420
vn -0.9638 0.2492 0.0952
vn -0.8937 0.4129 0.1758
vn -0.9927 0.1150 0.0351
vn -0.9884 0.1435 0.0503
vn -0.9736 0.2122 0.0838
vn -0.9312 0.3409 0.1293
vn -0.4396 0.8676 0.2323
vn -0.6018 0.7699 0.2125
vn -0.7327 0.6723 0.1054
vn -0.8610 0.5061 0.0495
vn -0.6208 0.7595 0.1943
vn -0.6620 0.7186 0.2129
vn -0.7829 0.6093 0.1257
vn -0.8994 0.4345 0.0477
vn -0.7413 0.6328 0.2236
vn -0.7685 0.6035 0.2126
vn -0.8512 0.5064 0.1376
vn -0.9319 0.3582 0.0569
vn -0.9961 0.0785 0.0408
vn -0.9920 0.1235 0.0265
vn -0.9926 0.1189 0.0262
vn -0.9931 0.1134 0.0305
vn -0.9856 0.1537 0.0704
vn -0.9856 0.1666 0.0286
vn -0.9880 0.1522 0.0256
vn -0.9895 0.1395 0.0376
vn -0.9509 0.3040 0.0589
vn -0.9635 0.2664 0.0277
vn -0.9736 0.2262 0.0300
vn -0.9783 0.2002 0.0538
vn -0.9527 0.2935 0.0783
vn -0.9965 0.0831 -0.0066
vn -0.9847 0.1743 0.0005
vn -0.9447 0.3222 0.0603
vn -0.8558 0.5044 0.1147
vn -0.9934 0.1144 0.0078
vn -0.9873 0.1584 0.0112
vn -0.9638 0.2628 0.0449
vn -0.8937 0.4392 0.0918
vn -0.9927 0.1198 0.0121
vn -0.9884 0.1504 0.0214
vn -0.9736 0.2246 0.0407
vn -0.9311 0.3598 0.0602
vn -0.4396 0.8963 0.0585
vn -0.6018 0.7965 0.0583
vn -0.7325 0.6802 -0.0281
vn -0.8608 0.5064 -0.0505
vn -0.6208 0.7828 0.0425
vn -0.6621 0.7463 0.0688
vn -0.7830 0.6220 0.0046
vn -0.8993 0.4356 -0.0381
vn -0.7413 0.6643 0.0959
vn -0.7685 0.6334 0.0908
vn -0.8514 0.5232 0.0364
vn -0.9318 0.3627 -0.0142
vn -0.9961 0.0850 0.0246
vn -0.9920 0.1262 0.0019
vn -0.9926 0.1217 0.0026
vn -0.9931 0.1171 0.0078
vn -0.9856 0.1644 0.0393
vn -0.9856 0.1688 -0.0045
vn -0.9880 0.1543 -0.0047
vn -0.9895 0.1444 0.0095
vn -0.9509 0.3096 -0.0017
vn -0.9634 0.2669 -0.0249
vn -0.9736 0.2278 -0.0147
vn -0.9782 0.2070 0.0136
vn -0.9528 0.3030 0.0198
vn -0.9965 0.0802 -0.0227
vn -0.9847 0.1708 -0.0334
vn -0.9447 0.3278 -0.0038
vn -0.8559 0.5170 0.0142
vn -0.9934 0.1138 -0.0147
vn -0.9873 0.1574 -0.0199
vn -0.9638 0.2667 -0.0073
vn -0.8938 0.4485 0.0045
vn -0.9927 0.1198 -0.0115
vn -0.9884 0.1517 -0.0083
vn -0.9735 0.2285 -0.0040
vn -0.9311 0.3645 -0.0112
vn -0.4397 0.8905 -0.1172
vn -0.6019 0.7925 -0.0981
vn -0.7328 0.6614 -0.1600
vn -0.8612 0.4863 -0.1478
vn -0.6207 0.7761 -0.1113
vn -0.6618 0.7455 -0.0784
vn -0.7830 0.6109 -0.1169
vn -0.8993 0.4198 -0.1223
vn -0.7412 0.6704 -0.0358
vn -0.7684 0.6390 -0.0346
vn -0.8511 0.5208 -0.0669
vn -0.9320 0.3526 -0.0844
vn -0.9961 0.0883 0.0074
vn -0.9920 0.1240 -0.0227
vn -0.9926 0.1198 -0.0212
vn -0.9931 0.1165 -0.0153
vn -0.9856 0.1690 0.0064
vn -0.9856 0.1650 -0.0374
vn -0.9880 0.1503 -0.0346
vn -0.9895 0.1433 -0.0187
vn -0.9509 0.3032 -0.0620
vn -0.9635 0.2568 -0.0762
vn -0.9736 0.2207 -0.0592
vn -0.9783 0.2054 -0.0269
vn -0.9526 0.3015 -0.0400
vn -0.9965 0.0743 -0.0379
vn -0.9848 0.1609 -0.0660
vn -0.9447 0.3209 -0.0677
vn -0.8559 0.5098 -0.0870
vn -0.9934 0.1086 -0.0366
vn -0.9873 0.1507 -0.0503
vn -0.9638 0.2599 -0.0591
vn -0.8937 0.4409 -0.0833
vn -0.9927 0.1153 -0.0346
vn -0.9884 0.1471 -0.0378
vn -0.9737 0.2228 -0.0481
vn -0.9311 0.3555 -0.0821
vn -0.4395 0.8506 -0.2888
vn -0.6022 0.7580 -0.2506
vn -0.7326 0.6176 -0.2861
vn -0.8613 0.4480 -0.2398
vn -0.6207 0.7395 -0.2605
vn -0.6618 0.7160 -0.2222
vn -0.7832 0.5762 -0.2338
vn -0.8992 0.3881 -0.2020
vn -0.7413 0.6504 -0.1657
vn -0.7685 0.6200 -0.1585
vn -0.8511 0.4977 -0.1672
vn -0.9317 0.3300 -0.1518
vn -0.9961 0.0879 -0.0099
vn -0.9920 0.1174 -0.0466
vn -0.9926 0.1134 -0.0441
vn -0.9931 0.1113 -0.0377
vn -0.9856 0.1670 -0.0266
vn -0.9856 0.1543 -0.0689
vn -0.9880 0.1409 -0.0633
vn -0.9895 0.1367 -0.0462
vn -0.9508 0.2856 -0.1203
vn -0.9635 0.2368 -0.1249
vn -0.9737 0.2046 -0.1007
vn -0.9782 0.1965 -0.0666
vn -0.9530 0.2868 -0.0972
vn -0.9965 0.0655 -0.0517
vn -0.9848 0.1450 -0.0962
vn -0.9447 0.3015 -0.1290
vn -0.8559 0.4829 -0.1847
vn -0.9934 0.0994 -0.0571
vn -0.9873 0.1380 -0.0788
vn -0.9638 0.2434 -0.1087
vn -0.8935 0.4165 -0.1680
vn -0.9927 0.1062 -0.0564
vn -0.9884 0.1371 -0.0659
vn -0.9736 0.2095 -0.0908
vn -0.9312 0.3323 -0.1497
vn -0.4395 0.7779 -0.4491
vn -0.6020 0.6946 -0.3939
vn -0.7326 0.5499 -0.4012
vn -0.8610 0.3930 -0.3229
vn -0.6209 0.6744 -0.3997
vn -0.6620 0.6588 -0.3574
vn -0.7833 0.5194 -0.3417
vn -0.8994 0.3410 -0.2736
vn -0.7412 0.6057 -0.2895
vn -0.7687 0.5769 -0.2763
vn -0.8511 0.4555 -0.2610
vn -0.9319 0.2936 -0.2130
vn -0.9961 0.0845 -0.0270
vn -0.9920 0.1061 -0.0686
vn -0.9926 0.1026 -0.0654
vn -0.9931 0.1017 -0.0586
vn -0.9856 0.1585 -0.0585
vn -0.9856 0.1380 -0.0978
vn -0.9880 0.1258 -0.0895
vn -0.9895 0.1253 -0.0722
vn -0.9509 0.2562 -0.1734
vn -0.9634 0.2083 -0.1688
vn -0.9736 0.1810 -0.1388
vn -0.9782 0.1797 -0.1037
vn -0.9526 0.2635 -0.1521
vn -0.9965 0.0542 -0.0635
vn -0.9847 0.1234 -0.1227
vn -0.9447 0.2704 -0.1853
vn -0.8557 0.4379 -0.2756
vn -0.9934 0.0863 -0.0753
vn -0.9873 0.1201 -0.1042
vn -0.9637 0.2178 -0.1542
vn -0.8937 0.3754 -0.2457
vn -0.9927 0.0933 -0.0761
vn -0.9884 0.1214 -0.0913
vn -0.9736 0.1877 -0.1299
vn -0.9312 0.2967 -0.2117
vn -0.4395 0.6754 -0.5922
vn -0.6019 0.6044 -0.5219
vn -0.7327 0.4609 -0.5007
vn -0.8610 0.3224 -0.3933
vn -0.6208 0.5834 -0.5236
vn -0.6619 0.5765 -0.4791
vn -0.7830 0.4429 -0.4367
vn -0.8994 0.2810 -0.3348
vn -0.7413 0.5375 -0.4020
vn -0.7684 0.5122 -0.3837
vn -0.8510 0.3960 -0.3449
vn -0.9319 0.2464 -0.2662
vn -0.9961 0.0774 -0.0429
vn -0.9920 0.0907 -0.0880
vn -0.9926 0.0879 -0.0842
vn -0.9931 0.0884 -0.0774
vn -0.9856 0.1442 -0.0884
vn -0.9856 0.1163 -0.1228
vn -0.9880 0.1058 -0.1122
vn -0.9895 0.1085 -0.0950
vn -0.9509 0.2176 -0.2202
vn -0.9635 0.1711 -0.2059
vn -0.9736 0.1507 -0.1717
vn -0.9783 0.1558 -0.1366
vn -0.9528 0.2284 -0.2002
vn -0.9965 0.0410 -0.0730
vn -0.9847 0.0971 -0.1444
vn -0.9448 0.2290 -0.2344
vn -0.8559 0.3755 -0.3556
vn -0.9934 0.0699 -0.0907
vn -0.9873 0.0974 -0.1256
vn -0.9638 0.1835 -0.1937
vn -0.8937 0.3203 -0.3143
vn -0.9927 0.0767 -0.0929
vn -0.9884 0.1013 -0.1133
vn -0.9736 0.1586 -0.1639
vn -0.9311 0.2499 -0.2657
vn -0.4396 0.5468 -0.7125
vn -0.6019 0.4910 -0.6298
vn -0.7325 0.3546 -0.5811
vn -0.8611 0.2394 -0.4486
vn -0.6209 0.4700 -0.6274
vn -0.6620 0.4719 -0.5822
vn -0.7829 0.3494 -0.5148
vn -0.8993 0.2104 -0.3833
vn -0.7413 0.4487 -0.4991
vn -0.7683 0.4276 -0.4763
vn -0.8511 0.3210 -0.4155
vn -0.9320 0.1895 -0.3090
vn -0.9961 0.0677 -0.0573
vn -0.9920 0.0716 -0.1038
vn -0.9926 0.0698 -0.0998
vn -0.9931 0.0714 -0.0930
vn -0.9857 0.1239 -0.1146
vn -0.9856 0.0903 -0.1433
vn -0.9881 0.0817 -0.1306
vn -0.9895 0.0883 -0.1147
vn -0.9508 0.1707 -0.2587
vn -0.9634 0.1278 -0.2354
vn -0.9736 0.1142 -0.1978
vn -0.9783 0.1262 -0.1645
vn -0.9530 0.1843 -0.2406
vn -0.9965 0.0257 -0.0793
vn -0.9848 0.0668 -0.1605
vn -0.9447 0.1792 -0.2748
vn -0.8560 0.2986 -0.4220
vn -0.9934 0.0508 -0.1026
vn -0.9872 0.0714 -0.1423
vn -0.9638 0.1421 -0.2257
vn -0.8936 0.2529 -0.3708
vn -0.9927 0.0570 -0.1060
vn -0.9884 0.0772 -0.1309
vn -0.9736 0.1238 -0.1918
vn -0.9310 0.1934 -0.3094
vn -0.4396 0.3974 -0.8055
vn -0.6019 0.3587 -0.7135
vn -0.7326 0.2342 -0.6391
vn -0.8610 0.1475 -0.4868
vn -0.6207 0.3387 -0.7071
vn -0.6621 0.3492 -0.6631
vn -0.7830 0.2421 -0.5730
vn -0.8993 0.1317 -0.4170
vn -0.7412 0.3428 -0.5771
vn -0.7685 0.3262 -0.5504
vn -0.8513 0.2335 -0.4699
vn -0.9319 0.1259 -0.3403
vn -0.9961 0.0550 -0.0693
vn -0.9920 0.0499 -0.1158
vn -0.9926 0.0490 -0.1115
vn -0.9931 0.0519 -0.1052
vn -0.9856 0.0992 -0.1366
vn -0.9856 0.0605 -0.1580
vn -0.9880 0.0552 -0.1444
vn -0.9895 0.0638 -0.1294
vn -0.9509 0.1166 -0.2868
vn -0.9635 0.0792 -0.2556
vn -0.9736 0.0732 -0.2162
vn -0.9782 0.0920 -0.1861
vn -0.9529 0.1341 -0.2721
vn -0.9965 0.0099 -0.0829
vn -0.9848 0.0342 -0.1705
vn -0.9446 0.1223 -0.3045
vn -0.8558 0.2109 -0.4723
vn -0.9934 0.0300 -0.1107
vn -0.9873 0.0421 -0.1533
vn -0.9638 0.0952 -0.2490
vn -0.8937 0.1756 -0.4130
vn -0.9927 0.0351 -0.1150
vn -0.9884 0.0502 -0.1435
vn -0.9736 0.0838 -0.2121
vn -0.9310 0.1297 -0.3413
vn -0.4396 0.2327 -0.8675
vn -0.6020 0.2125 -0.7697
vn -0.7325 0.1053 -0.6726
vn -0.8611 0.0495 -0.5061
vn -0.6208 0.1941 -0.7596
vn -0.6620 0.2135 -0.7185
vn -0.7830 0.1255 -0.6092
vn -0.8993 0.0478 -0.4346
vn -0.7415 0.2232 -0.6328
vn -0.7684 0.2129 -0.6036
vn -0.8512 0.1374 -0.5065
vn -0.9318 0.0574 -0.3584
vn -0.9960 0.0408 -0.0789
vn -0.9920 0.0264 -0.1234
vn -0.9926 0.0263 -0.1189
vn -0.9931 0.0306 -0.1135
vn -0.9857 0.0705 -0.1533
vn -0.9856 0.0286 -0.1668
vn -0.9880 0.0256 -0.1521
vn -0.9895 0.0377 -0.1396
vn -0.9507 0.0588 -0.3043
vn -0.9635 0.0277 -0.2662
vn -0.9736 0.0296 -0.2263
vn -0.9782 0.0538 -0.2004
vn -0.9528 0.0786 -0.2932
vn -0.9965 -0.0066 -0.0831
vn -0.9847 0.0005 -0.1741
vn -0.9447 0.0605 -0.3224
vn -0.8559 0.1146 -0.5043
vn -0.9934 0.0078 -0.1143
vn -0.9873 0.0114 -0.1586
vn -0.9637 0.0453 -0.2630
vn -0.8936 0.0917 -0.4393
vn -0.9927 0.0123 -0.1197
vn -0.9884 0.0211 -0.1506
vn -0.9737 0.0406 -0.2243
vn -0.9312 0.0598 -0.3596
vn -0.4396 0.0590 -0.8962
vn -0.6019 0.0582 -0.7964
vn -0.7325 -0.0280 -0.6802
vn -0.8611 -0.0501 -0.5060
vn -0.6207 0.0423 -0.7829
vn -0.6621 0.0690 -0.7463
vn -0.7830 0.0042 -0.6220
vn -0.8993 -0.0378 -0.4356
vn -0.7414 0.0956 -0.6643
vn -0.7685 0.0908 -0.6334
vn -0.8512 0.0359 -0.5236
vn -0.9319 -0.0140 -0.3624
vn -0.9961 0.0243 -0.0852
vn -0.9920 0.0017 -0.1261
vn -0.9926 0.0026 -0.1216
vn -0.9931 0.0078 -0.1172
vn -0.9856 0.0394 -0.1642
vn -0.9856 -0.0044 -0.1692
vn -0.9880 -0.0048 -0.1542
vn -0.9895 0.0098 -0.1443
vn -0.9507 -0.0016 -0.3100
vn -0.9636 -0.0245 -0.2664
vn -0.9736 -0.0151 -0.2279
vn -0.9783 0.0136 -0.2070
vn -0.9527 0.0203 -0.3031
vn -0.9965 -0.0225 -0.0803
vn -0.9847 -0.0335 -0.1709
vn -0.9447 -0.0038 -0.3279
vn -0.8559 0.0138 -0.5170
vn -0.9934 -0.0148 -0.1137
vn -0.9873 -0.0197 -0.1577
vn -0.9637 -0.0069 -0.2667
vn -0.8936 0.0044 -0.4489
vn -0.9927 -0.0115 -0.1198
vn -0.9884 -0.0085 -0.1518
vn -0.9737 -0.0041 -0.2278
vn -0.9311 -0.0110 -0.3647
vn -0.4396 -0.1170 -0.8905
vn -0.6019 -0.0982 -0.7925
vn -0.7325 -0.1601 -0.6616
vn -0.8610 -0.1477 -0.4866
vn -0.6207 -0.1113 -0.7761
vn -0.6621 -0.0780 -0.7453
vn -0.7830 -0.1172 -0.6109
vn -0.8994 -0.1221 -0.4198
vn -0.7413 -0.0357 -0.6702
vn -0.7685 -0.0348 -0.6389
vn -0.8511 -0.0666 -0.5207
vn -0.9319 -0.0845 -0.3526
vn -0.9961 0.0075 -0.0885
vn -0.9920 -0.0230 -0.1241
vn -0.9926 -0.0213 -0.1198
vn -0.9931 -0.0154 -0.1163
vn -0.9857 0.0065 -0.1687
vn -0.9856 -0.0375 -0.1649
vn -0.9880 -0.0345 -0.1503
vn -0.9895 -0.0186 -0.1433
vn -0.9508 -0.0619 -0.3037
vn -0.9635 -0.0764 -0.2565
vn -0.9735 -0.0591 -0.2207
vn -0.9782 -0.0269 -0.2058
vn -0.9529 -0.0398 -0.3008
vn -0.9965 -0.0378 -0.0743
vn -0.9847 -0.0664 -0.1609
vn -0.9447 -0.0676 -0.3209
vn -0.8558 -0.0871 -0.5099
vn -0.9934 -0.0369 -0.1085
vn -0.9873 -0.0501 -0.1508
vn -0.9638 -0.0591 -0.2600
vn -0.8936 -0.0835 -0.4410
vn -0.9927 -0.0347 -0.1152
vn -0.9884 -0.0381 -0.1472
vn -0.9737 -0.0482 -0.2229
vn -0.9311 -0.0819 -0.3555
vn -0.4397 -0.2887 -0.8505
vn -0.6019 -0.2507 -0.7582
vn -0.7326 -0.2863 -0.6176
vn -0.8611 -0.2399 -0.4484
vn -0.6207 -0.2606 -0.7395
vn -0.6621 -0.2219 -0.7158
vn -0.7830 -0.2340 -0.5764
vn -0.8994 -0.2017 -0.3879
vn -0.7413 -0.1655 -0.6505
vn -0.7685 -0.1588 -0.6198
vn -0.8511 -0.1669 -0.4977
vn -0.9319 -0.1518 -0.3293
vn -0.9961 -0.0100 -0.0882
vn -0.9920 -0.0465 -0.1174
vn -0.9926 -0.0443 -0.1133
vn -0.9931 -0.0376 -0.1113
vn -0.9857 -0.0267 -0.1666
vn -0.9856 -0.0688 -0.1545
vn -0.9880 -0.0630 -0.1408
vn -0.9895 -0.0462 -0.1369
vn -0.9508 -0.1204 -0.2855
vn -0.9635 -0.1249 -0.2368
vn -0.9735 -0.1010 -0.2049
vn -0.9783 -0.0667 -0.1964
vn -0.9529 -0.0980 -0.2871
vn -0.9963 0.0617 0.0596
vn -0.9831 0.1181 0.1402
vn -0.9374 0.1681 0.3049
vn -0.8309 0.2385 0.5027
vn -0.9931 0.0677 0.0960
vn -0.9860 0.0953 0.1369
vn -0.9595 0.1352 0.2472
vn -0.8791 0.2036 0.4309
vn -0.9921 0.0643 0.1081
vn -0.9870 0.0776 0.1409
vn -0.9704 0.1063 0.2166
vn -0.9228 0.1677 0.3469
vn -0.2943 0.4778 0.8277
vn -0.4997 0.4084 0.7639
vn -0.6732 0.4056 0.6183
vn -0.8373 0.3134 0.4481
vn -0.5222 0.4534 0.7223
vn -0.5890 0.3847 0.7107
vn -0.7449 0.3507 0.5676
vn -0.8857 0.2697 0.3779
vn -0.6836 0.3477 0.6417
vn -0.7283 0.3132 0.6095
vn -0.8306 0.2767 0.4833
vn -0.9238 0.2162 0.3160
vn -0.9958 0.0159 0.0903
vn -0.9915 0.0598 0.1155
vn -0.9917 0.0639 0.1112
vn -0.9922 0.0623 0.1079
vn -0.9841 0.0417 0.1724
vn -0.9844 0.0879 0.1521
vn -0.9867 0.0872 0.1368
vn -0.9881 0.0771 0.1329
vn -0.9444 0.1556 0.2896
vn -0.9595 0.1596 0.2322
vn -0.9705 0.1379 0.1979
vn -0.9754 0.1102 0.1909
vn -0.9467 0.1610 0.2789
vn -0.9958 0.0333 0.0856
vn -0.9915 0.0814 0.1016
vn -0.9917 0.0844 0.0967
vn -0.9922 0.0823 0.0936
vn -0.9841 0.0746 0.1609
vn -0.9845 0.1153 0.1322
vn -0.9868 0.1124 0.1170
vn -0.9881 0.1014 0.1155
vn -0.9444 0.2091 0.2536
vn -0.9595 0.2017 0.1967
vn -0.9705 0.1737 0.1674
vn -0.9754 0.1453 0.1657
vn -0.9963 0.0720 0.0463
vn -0.9831 0.1430 0.1146
vn -0.9374 0.2242 0.2664
vn -0.8309 0.3319 0.4466
vn -0.9931 0.0852 0.0809
vn -0.9860 0.1199 0.1158
vn -0.9595 0.1807 0.2161
vn -0.8791 0.2835 0.3830
vn -0.9921 0.0842 0.0935
vn -0.9870 0.1035 0.1231
vn -0.9705 0.1463 0.1919
vn -0.9228 0.2323 0.3074
vn -0.2943 0.6301 0.7185
vn -0.4997 0.5496 0.6696
vn -0.6732 0.5183 0.5275
vn -0.8372 0.3951 0.3781
vn -0.5222 0.5855 0.6200
vn -0.5889 0.5160 0.6220
vn -0.7448 0.4551 0.4880
vn -0.8857 0.3382 0.3181
vn -0.6836 0.4663 0.5615
vn -0.7283 0.4259 0.5369
vn -0.8306 0.3655 0.4202
vn -0.9238 0.2736 0.2678
vn -0.9467 0.2126 0.2420
vn -0.9958 0.0494 0.0774
vn -0.9915 0.0996 0.0837
vn -0.9917 0.1015 0.0784
vn -0.9922 0.0989 0.0758
vn -0.9841 0.1049 0.1431
vn -0.9845 0.1392 0.1071
vn -0.9867 0.1331 0.0929
vn -0.9881 0.1220 0.0935
vn -0.9445 0.2543 0.2081
vn -0.9595 0.2364 0.1535
vn -0.9705 0.2030 0.1302
vn -0.9754 0.1750 0.1341
vn -0.9963 0.0797 0.0315
vn -0.9831 0.1625 0.0846
vn -0.9374 0.2719 0.2175
vn -0.8309 0.4127 0.3732
vn -0.9931 0.0991 0.0628
vn -0.9860 0.1404 0.0899
vn -0.9595 0.2194 0.1766
vn -0.8791 0.3529 0.3203
vn -0.9921 0.1009 0.0752
vn -0.9870 0.1255 0.1006
vn -0.9705 0.1810 0.1595
vn -0.9228 0.2880 0.2560
vn -0.2943 0.7582 0.5819
vn -0.4997 0.6696 0.5496
vn -0.6731 0.6115 0.4160
vn -0.8372 0.4613 0.2938
vn -0.5222 0.6952 0.4939
vn -0.5889 0.6276 0.5093
vn -0.7448 0.5416 0.3898
vn -0.8857 0.3936 0.2462
vn -0.6836 0.5669 0.4597
vn -0.7283 0.5222 0.4437
vn -0.8306 0.4404 0.3408
vn -0.9238 0.3206 0.2092
vn -0.9467 0.2557 0.1959
vn -0.9958 0.0633 0.0664
vn -0.9915 0.1141 0.0626
vn -0.9917 0.1150 0.0569
vn -0.9922 0.1116 0.0552
vn -0.9841 0.1306 0.1202
vn -0.9845 0.1574 0.0778
vn -0.9867 0.1486 0.0652
vn -0.9881 0.1379 0.0678
vn -0.9445 0.2901 0.1543
vn -0.9594 0.2620 0.1044
vn -0.9705 0.2244 0.0881
vn -0.9754 0.1979 0.0973
vn -0.9963 0.0842 0.0152
vn -0.9831 0.1759 0.0513
vn -0.9375 0.3090 0.1604
vn -0.8309 0.4775 0.2856
vn -0.9931 0.1096 0.0422
vn -0.9860 0.1552 0.0608
vn -0.9595 0.2498 0.1302
vn -0.8791 0.4086 0.2453
vn -0.9921 0.1136 0.0541
vn -0.9870 0.1427 0.0741
vn -0.9705 0.2086 0.1211
vn -0.9228 0.3322 0.1951
vn -0.2944 0.8571 0.4228
vn -0.4997 0.7639 0.4083
vn -0.6732 0.6806 0.2891
vn -0.8373 0.5094 0.1986
vn -0.5223 0.7782 0.3488
vn -0.5890 0.7147 0.3772
vn -0.7448 0.6071 0.2768
vn -0.8856 0.4343 0.1645
vn -0.6836 0.6456 0.3404
vn -0.7282 0.5991 0.3329
vn -0.8306 0.4984 0.2483
vn -0.9239 0.3552 0.1427
vn -0.9466 0.2892 0.1422
vn -0.9958 0.0749 0.0528
vn -0.9915 0.1241 0.0392
vn -0.9917 0.1238 0.0335
vn -0.9922 0.1205 0.0321
vn -0.9841 0.1515 0.0925
vn -0.9844 0.1698 0.0455
vn -0.9867 0.1585 0.0349
vn -0.9881 0.1485 0.0396
vn -0.9444 0.3149 0.0945
vn -0.9595 0.2771 0.0515
vn -0.9705 0.2373 0.0426
vn -0.9754 0.2128 0.0571
vn -0.9963 0.0858 -0.0015
vn -0.9831 0.1825 0.0160
vn -0.9375 0.3343 0.0970
vn -0.8309 0.5241 0.1869
vn -0.9931 0.1157 0.0200
vn -0.9860 0.1641 0.0293
vn -0.9595 0.2702 0.0791
vn -0.8790 0.4489 0.1606
vn -0.9920 0.1221 0.0308
vn -0.9870 0.1542 0.0450
vn -0.9704 0.2285 0.0778
vn -0.9228 0.3641 0.1263
vn -0.2943 0.9231 0.2474
vn -0.4997 0.8289 0.2515
vn -0.6731 0.7241 0.1505
vn -0.8373 0.5383 0.0954
vn -0.5222 0.8313 0.1902
vn -0.5889 0.7746 0.2304
vn -0.7449 0.6494 0.1531
vn -0.8857 0.4578 0.0768
vn -0.6836 0.6997 0.2078
vn -0.7282 0.6524 0.2097
vn -0.8305 0.5376 0.1459
vn -0.9238 0.3763 0.0705
vn -0.9468 0.3108 0.0835
vn -0.9958 0.0837 0.0371
vn -0.9915 0.1292 0.0143
vn -0.9917 0.1280 0.0087
vn -0.9922 0.1245 0.0080
vn -0.9841 0.1670 0.0610
vn -0.9844 0.1754 0.0115
vn -0.9867 0.1623 0.0034
vn -0.9881 0.1532 0.0100
vn -0.9445 0.3269 0.0315
vn -0.9594 0.2820 -0.0036
vn -0.9705 0.2411 -0.0046
vn -0.9754 0.2198 0.0144
vn -0.9963 0.0837 -0.0183
vn -0.9830 0.1823 -0.0201
vn -0.9375 0.3468 0.0298
vn -0.8309 0.5504 0.0811
vn -0.9931 0.1173 -0.0028
vn -0.9860 0.1667 -0.0033
vn -0.9594 0.2808 0.0246
vn -0.8791 0.4714 0.0702
vn -0.9921 0.1256 0.0065
vn -0.9870 0.1603 0.0138
vn -0.9704 0.2393 0.0318
vn -0.9228 0.3817 0.0529
vn -0.2943 0.9537 0.0625
vn -0.4998 0.8620 0.0849
vn -0.6731 0.7395 0.0064
vn -0.8376 0.5462 -0.0113
vn -0.5222 0.8525 0.0243
vn -0.5887 0.8049 0.0746
vn -0.7449 0.6668 0.0235
vn -0.8857 0.4641 -0.0141
vn -0.6837 0.7267 0.0674
vn -0.7283 0.6807 0.0785
vn -0.8305 0.5557 0.0383
vn -0.9238 0.3828 -0.0042
vn -0.9467 0.3214 0.0210
vn -0.9958 0.0897 0.0198
vn -0.9915 0.1298 -0.0112
vn -0.9917 0.1275 -0.0165
vn -0.9922 0.1235 -0.0164
vn -0.9841 0.1755 0.0274
vn -0.9845 0.1739 -0.0227
vn -0.9868 0.1594 -0.0283
vn -0.9881 0.1524 -0.0203
vn -0.9444 0.3272 -0.0333
vn -0.9595 0.2756 -0.0583
vn -0.9705 0.2354 -0.0514
vn -0.9754 0.2184 -0.0287
vn -0.9963 0.0786 -0.0341
vn -0.9831 0.1747 -0.0551
vn -0.9374 0.3461 -0.0385
vn -0.8310 0.5556 -0.0278
vn -0.9931 0.1145 -0.0257
vn -0.9860 0.1630 -0.0359
vn -0.9595 0.2800 -0.0305
vn -0.8791 0.4761 -0.0232
vn -0.9921 0.1245 -0.0181
vn -0.9870 0.1599 -0.0177
vn -0.9704 0.2408 -0.0154
vn -0.9227 0.3848 -0.0226
vn -0.2944 0.9475 -0.1246
vn -0.4998 0.8620 -0.0850
vn -0.6732 0.7265 -0.1379
vn -0.8372 0.5339 -0.1181
vn -0.5222 0.8408 -0.1425
vn -0.5890 0.8038 -0.0835
vn -0.7448 0.6586 -0.1072
vn -0.8858 0.4522 -0.1042
vn -0.6835 0.7260 -0.0758
vn -0.7280 0.6833 -0.0562
vn -0.8305 0.5525 -0.0708
vn -0.9238 0.3748 -0.0789
vn -0.9467 0.3193 -0.0421
vn -0.9958 0.0913 0.0023
vn -0.9915 0.1249 -0.0363
vn -0.9918 0.1213 -0.0407
vn -0.9922 0.1180 -0.0401
vn -0.9841 0.1775 -0.0072
vn -0.9845 0.1662 -0.0563
vn -0.9868 0.1511 -0.0589
vn -0.9881 0.1456 -0.0496
vn -0.9446 0.3137 -0.0961
vn -0.9595 0.2590 -0.1109
vn -0.9704 0.2212 -0.0967
vn -0.9754 0.2087 -0.0709
vn -0.9963 0.0706 -0.0489
vn -0.9831 0.1605 -0.0880
vn -0.9374 0.3320 -0.1053
vn -0.8310 0.5395 -0.1357
vn -0.9931 0.1073 -0.0476
vn -0.9860 0.1527 -0.0669
vn -0.9595 0.2689 -0.0847
vn -0.8790 0.4626 -0.1157
vn -0.9921 0.1185 -0.0420
vn -0.9870 0.1534 -0.0485
vn -0.9704 0.2333 -0.0622
vn -0.9229 0.3727 -0.0970
vn -0.2944 0.9050 -0.3072
vn -0.4997 0.8289 -0.2516
vn -0.6731 0.6857 -0.2769
vn -0.8371 0.5008 -0.2201
vn -0.5222 0.7969 -0.3038
vn -0.5889 0.7721 -0.2388
vn -0.7445 0.6253 -0.2337
vn -0.8859 0.4231 -0.1903
vn -0.6838 0.6970 -0.2158
vn -0.7284 0.6589 -0.1880
vn -0.8306 0.5280 -0.1771
vn -0.9237 0.3523 -0.1505
vn -0.9466 0.3052 -0.1037
vn -0.9958 0.0904 -0.0160
vn -0.9915 0.1153 -0.0599
vn -0.9918 0.1110 -0.0636
vn -0.9922 0.1081 -0.0625
vn -0.9841 0.1725 -0.0417
vn -0.9844 0.1526 -0.0880
vn -0.9868 0.1367 -0.0872
vn -0.9882 0.1326 -0.0768
vn -0.9444 0.2896 -0.1559
vn -0.9596 0.2322 -0.1592
vn -0.9704 0.1980 -0.1379
vn -0.9754 0.1910 -0.1103
vn -0.9963 0.0592 -0.0615
vn -0.9831 0.1404 -0.1179
vn -0.9375 0.3049 -0.1679
vn -0.8309 0.5027 -0.2384
vn -0.9931 0.0960 -0.0677
vn -0.9860 0.1369 -0.0955
vn -0.9595 0.2472 -0.1354
vn -0.8792 0.4307 -0.2034
vn -0.9921 0.1081 -0.0644
vn -0.9870 0.1409 -0.0775
vn -0.9704 0.2166 -0.1064
vn -0.9228 0.3468 -0.1680
vn -0.2943 0.8277 -0.4779
vn -0.4999 0.7638 -0.4084
vn -0.6731 0.6185 -0.4055
vn -0.8373 0.4480 -0.3134
vn -0.5223 0.7223 -0.4534
vn -0.5887 0.7109 -0.3849
vn -0.7451 0.5672 -0.3508
vn -0.8856 0.3781 -0.2695
vn -0.6838 0.6416 -0.3477
vn -0.7285 0.6094 -0.3129
vn -0.8305 0.4834 -0.2768
vn -0.9239 0.3158 -0.2161
vn -0.9465 0.2795 -0.1614
vn -0.9958 0.0856 -0.0333
vn -0.9915 0.1015 -0.0812
vn -0.9917 0.0970 -0.0846
vn -0.9922 0.0935 -0.0821
vn -0.9841 0.1612 -0.0746
vn -0.9845 0.1320 -0.1156
vn -0.9868 0.1167 -0.1121
vn -0.9881 0.1156 -0.1015
vn -0.9445 0.2532 -0.2092
vn -0.9596 0.1966 -0.2014
vn -0.9704 0.1675 -0.1740
vn -0.9754 0.1657 -0.1454
vn -0.9963 0.0463 -0.0720
vn -0.9830 0.1148 -0.1429
vn -0.9375 0.2661 -0.2241
vn -0.8310 0.4464 -0.3318
vn -0.9931 0.0810 -0.0851
vn -0.9860 0.1156 -0.1203
vn -0.9595 0.2160 -0.1810
vn -0.8791 0.3830 -0.2837
vn -0.9921 0.0933 -0.0842
vn -0.9870 0.1231 -0.1035
vn -0.9704 0.1917 -0.1466
vn -0.9228 0.3072 -0.2324
vn -0.2942 0.7186 -0.6301
vn -0.4997 0.6695 -0.5496
vn -0.6732 0.5276 -0.5182
vn -0.8373 0.3782 -0.3949
vn -0.5222 0.6200 -0.5856
vn -0.5890 0.6219 -0.5161
vn -0.7449 0.4880 -0.4550
vn -0.8857 0.3183 -0.3379
vn -0.6836 0.5615 -0.4663
vn -0.7283 0.5369 -0.4259
vn -0.8306 0.4200 -0.3657
vn -0.9238 0.2678 -0.2737
vn -0.9468 0.2419 -0.2122
vn -0.9958 0.0776 -0.0493
vn -0.9915 0.0837 -0.0996
vn -0.9917 0.0786 -0.1016
vn -0.9922 0.0756 -0.0988
vn -0.9842 0.1434 -0.1043
vn -0.9844 0.1072 -0.1395
vn -0.9868 0.0927 -0.1328
vn -0.9881 0.0933 -0.1220
vn -0.9444 0.2078 -0.2547
vn -0.9595 0.1537 -0.2361
vn -0.9705 0.1300 -0.2030
vn -0.9754 0.1340 -0.1748
vn -0.9963 0.0314 -0.0798
vn -0.9831 0.0845 -0.1624
vn -0.9375 0.2174 -0.2719
vn -0.8308 0.3733 -0.4127
vn -0.9931 0.0627 -0.0992
vn -0.9860 0.0897 -0.1405
vn -0.9594 0.1768 -0.2197
vn -0.8792 0.3201 -0.3529
vn -0.9920 0.0754 -0.1009
vn -0.9870 0.1007 -0.1256
vn -0.9705 0.1593 -0.1811
vn -0.9229 0.2559 -0.2878
vn -0.2943 0.5818 -0.7582
vn -0.4997 0.5494 -0.6697
vn -0.6731 0.4164 -0.6113
vn -0.8372 0.2942 -0.4611
vn -0.5223 0.4938 -0.6953
vn -0.5887 0.5096 -0.6275
vn -0.7447 0.3902 -0.5415
vn -0.8858 0.2459 -0.3936
vn -0.6837 0.4597 -0.5668
vn -0.7283 0.4434 -0.5225
vn -0.8305 0.3407 -0.4407
vn -0.9239 0.2090 -0.3206
vn -0.9466 0.1963 -0.2556
vn -0.9958 0.0664 -0.0634
vn -0.9915 0.0624 -0.1139
vn -0.9917 0.0572 -0.1149
vn -0.9922 0.0549 -0.1117
vn -0.9841 0.1206 -0.1305
vn -0.9844 0.0778 -0.1576
vn -0.9868 0.0652 -0.1486
vn -0.9882 0.0676 -0.1378
vn -0.9444 0.1540 -0.2904
vn -0.9596 0.1045 -0.2613
vn -0.9704 0.0882 -0.2247
vn -0.9754 0.0974 -0.1977
vn -0.9963 0.0153 -0.0844
vn -0.9830 0.0513 -0.1760
vn -0.9375 0.1600 -0.3090
vn -0.8311 0.2852 -0.4774
vn -0.9931 0.0422 -0.1095
vn -0.9860 0.0606 -0.1553
vn -0.9594 0.1304 -0.2499
vn -0.8791 0.2452 -0.4087
vn -0.9920 0.0542 -0.1136
vn -0.9870 0.0743 -0.1428
vn -0.9705 0.1209 -0.2087
vn -0.9227 0.1953 -0.3324
vn -0.2943 0.4227 -0.8571
vn -0.4998 0.4081 -0.7640
vn -0.6730 0.2894 -0.6807
vn -0.8371 0.1985 -0.5097
vn -0.5222 0.3488 -0.7783
vn -0.5889 0.3772 -0.7148
vn -0.7450 0.2766 -0.6070
vn -0.8858 0.1645 -0.4340
vn -0.6835 0.3405 -0.6457
vn -0.7284 0.3328 -0.5989
vn -0.8307 0.2478 -0.4985
vn -0.9238 0.1427 -0.3554
vn -0.9467 0.1426 -0.2889
vn -0.9958 0.0526 -0.0750
vn -0.9915 0.0392 -0.1240
vn -0.9917 0.0336 -0.1237
vn -0.9922 0.0319 -0.1203
vn -0.9841 0.0926 -0.1514
vn -0.9844 0.0457 -0.1698
vn -0.9868 0.0348 -0.1583
vn -0.9881 0.0394 -0.1484
vn -0.9445 0.0944 -0.3148
vn -0.9595 0.0516 -0.2769
vn -0.9705 0.0425 -0.2374
vn -0.9754 0.0572 -0.2130
vn -0.9963 -0.0015 -0.0858
vn -0.9831 0.0160 -0.1825
vn -0.9376 0.0964 -0.3342
vn -0.8308 0.1871 -0.5242
vn -0.9931 0.0199 -0.1156
vn -0.9860 0.0294 -0.1643
vn -0.9594 0.0795 -0.2707
vn -0.8792 0.1605 -0.4485
vn -0.9920 0.0310 -0.1220
vn -0.9870 0.0449 -0.1545
vn -0.9705 0.0776 -0.2282
vn -0.9228 0.1265 -0.3640
vn -0.2943 0.2473 -0.9232
vn -0.4998 0.2511 -0.8290
vn -0.6731 0.1508 -0.7240
vn -0.8373 0.0952 -0.5385
vn -0.5222 0.1902 -0.8313
vn -0.5889 0.2307 -0.7746
vn -0.7448 0.1531 -0.6495
vn -0.8858 0.0764 -0.4577
vn -0.6838 0.2074 -0.6996
vn -0.7281 0.2101 -0.6525
vn -0.8306 0.1459 -0.5374
vn -0.9238 0.0707 -0.3764
vn -0.9469 0.0827 -0.3108
vn -0.9958 0.0370 -0.0839
vn -0.9915 0.0143 -0.1293
vn -0.9917 0.0088 -0.1279
vn -0.9922 0.0080 -0.1243
vn -0.9841 0.0614 -0.1666
vn -0.9844 0.0116 -0.1753
vn -0.9867 0.0034 -0.1622
vn -0.9882 0.0095 -0.1532
vn -0.9444 0.0312 -0.3272
vn -0.9595 -0.0037 -0.2815
vn -0.9705 -0.0048 -0.2411
vn -0.9754 0.0143 -0.2199
vn -0.9963 -0.0183 -0.0837
vn -0.9831 -0.0202 -0.1821
vn -0.9375 0.0294 -0.3467
vn -0.8310 0.0809 -0.5504
vn -0.9931 -0.0030 -0.1173
vn -0.9860 -0.0032 -0.1669
vn -0.9594 0.0251 -0.2808
vn -0.8791 0.0703 -0.4714
vn -0.9920 0.0066 -0.1257
vn -0.9870 0.0140 -0.1603
vn -0.9705 0.0317 -0.2391
vn -0.9227 0.0533 -0.3818
vn -0.2944 0.0624 -0.9537
vn -0.4997 0.0847 -0.8621
vn -0.6732 0.0064 -0.7395
vn -0.8373 -0.0117 -0.5467
vn -0.5222 0.0243 -0.8525
vn -0.5889 0.0752 -0.8047
vn -0.7448 0.0234 -0.6668
vn -0.8858 -0.0143 -0.4639
vn -0.6837 0.0672 -0.7267
vn -0.7282 0.0787 -0.6809
vn -0.8305 0.0385 -0.5556
vn -0.9238 -0.0041 -0.3829
vn -0.9468 0.0205 -0.3211
vn -0.9958 0.0199 -0.0895
vn -0.9915 -0.0113 -0.1296
vn -0.9918 -0.0166 -0.1270
vn -0.9922 -0.0164 -0.1235
vn -0.9841 0.0276 -0.1753
vn -0.9845 -0.0230 -0.1741
vn -0.9867 -0.0282 -0.1598
vn -0.9881 -0.0201 -0.1524
vn -0.9444 -0.0331 -0.3271
vn -0.9595 -0.0583 -0.2756
vn -0.9705 -0.0517 -0.2356
vn -0.9754 -0.0285 -0.2187
vn -0.9963 -0.0345 -0.0784
vn -0.9831 -0.0555 -0.1746
vn -0.9375 -0.0386 -0.3459
vn -0.8309 -0.0279 -0.5557
vn -0.9931 -0.0257 -0.1146
vn -0.9860 -0.0356 -0.1630
vn -0.9595 -0.0308 -0.2799
vn -0.8792 -0.0233 -0.4760
vn -0.9921 -0.0182 -0.1244
vn -0.9870 -0.0178 -0.1598
vn -0.9704 -0.0151 -0.2410
vn -0.9228 -0.0223 -0.3847
vn -0.2943 -0.1247 -0.9475
vn -0.4997 -0.0851 -0.8620
vn -0.6732 -0.1380 -0.7265
vn -0.8373 -0.1181 -0.5339
vn -0.5222 -0.1422 -0.8409
vn -0.5890 -0.0837 -0.8038
vn -0.7448 -0.1069 -0.6587
vn -0.8857 -0.1044 -0.4524
vn -0.6836 -0.0757 -0.7259
vn -0.7283 -0.0559 -0.6830
vn -0.8305 -0.0706 -0.5525
vn -0.9238 -0.0788 -0.3747
vn -0.9469 -0.0433 -0.3186
vn -0.9958 0.0019 -0.0916
vn -0.9915 -0.0365 -0.1248
vn -0.9917 -0.0408 -0.1215
vn -0.9922 -0.0401 -0.1180
vn -0.9841 -0.0072 -0.1772
vn -0.9844 -0.0565 -0.1663
vn -0.9867 -0.0589 -0.1512
vn -0.9881 -0.0496 -0.1455
vn -0.9444 -0.0963 -0.3144
vn -0.9595 -0.1111 -0.2589
vn -0.9705 -0.0967 -0.2210
vn -0.9754 -0.0709 -0.2087
vn -0.9963 -0.0486 -0.0705
vn -0.9831 -0.0885 -0.1605
vn -0.9375 -0.1055 -0.3317
vn -0.8309 -0.1356 -0.5397
vn -0.9931 -0.0477 -0.1073
vn -0.9860 -0.0666 -0.1529
vn -0.9595 -0.0846 -0.2687
vn -0.8791 -0.1155 -0.4624
vn -0.9921 -0.0421 -0.1186
vn -0.9870 -0.0485 -0.1533
vn -0.9704 -0.0619 -0.2333
vn -0.9228 -0.0973 -0.3728
vn -0.2943 -0.3073 -0.9050
vn -0.4997 -0.2516 -0.8289
vn -0.6732 -0.2770 -0.6856
vn -0.8373 -0.2202 -0.5005
vn -0.5222 -0.3037 -0.7969
vn -0.5889 -0.2385 -0.7722
vn -0.7448 -0.2336 -0.6250
vn -0.8857 -0.1906 -0.4233
vn -0.6836 -0.2157 -0.6973
vn -0.7283 -0.1884 -0.6588
vn -0.8305 -0.1769 -0.5282
vn -0.9238 -0.1504 -0.3521
vn -0.9467 -0.1033 -0.3051
vn -0.9958 -0.0159 -0.0903
vn -0.9915 -0.0601 -0.1154
vn -0.9917 -0.0638 -0.1112
vn -0.9922 -0.0625 -0.1078
vn -0.9841 -0.0416 -0.1725
vn -0.9844 -0.0877 -0.1522
vn -0.9867 -0.0873 -0.1367
vn -0.9881 -0.0770 -0.1330
vn -0.9444 -0.1556 -0.2896
vn -0.9595 -0.1594 -0.2321
vn -0.9705 -0.1382 -0.1978
vn -0.9754 -0.1102 -0.1909
vn -0.9963 -0.0616 -0.0595
vn -0.9831 -0.1179 -0.1404
vn -0.9374 -0.1681 -0.3049
vn -0.8309 -0.2385 -0.5027
vn -0.9931 -0.0674 -0.0961
vn -0.9860 -0.0950 -0.1370
vn -0.9595 -0.1352 -0.2472
vn -0.8791 -0.2036 -0.4309
vn -0.9921 -0.0643 -0.1081
vn -0.9870 -0.0776 -0.1409
vn -0.9704 -0.1063 -0.2166
vn -0.9228 -0.1677 -0.3469
vn -0.2944 -0.4778 -0.8277
vn -0.4997 -0.4084 -0.7639
vn -0.6732 -0.4056 -0.6183
vn -0.8371 -0.3135 -0.4483
vn -0.5222 -0.4534 -0.7223
vn -0.5890 -0.3848 -0.7107
vn -0.7448 -0.3509 -0.5675
vn -0.8857 -0.2697 -0.3779
vn -0.6836 -0.3477 -0.6417
vn -0.7283 -0.3131 -0.6096
vn -0.8306 -0.2767 -0.4833
vn -0.9238 -0.2162 -0.3160
vn -0.9467 -0.1610 -0.2789
vn -0.9958 -0.0332 -0.0855
vn -0.9915 -0.0813 -0.1016
vn -0.9917 -0.0842 -0.0967
vn -0.9922 -0.0824 -0.0935
vn -0.9841 -0.0744 -0.1611
vn -0.9844 -0.1158 -0.1321
vn -0.9867 -0.1126 -0.1170
vn -0.9881 -0.1011 -0.1156
vn -0.9444 -0.2091 -0.2537
vn -0.9595 -0.2017 -0.1967
vn -0.9705 -0.1738 -0.1673
vn -0.9754 -0.1452 -0.1657
vn -0.9963 -0.0719 -0.0466
vn -0.9831 -0.1430 -0.1146
vn -0.9374 -0.2244 -0.2663
vn -0.8309 -0.3319 -0.4466
vn -0.9931 -0.0852 -0.0809
vn -0.9860 -0.1202 -0.1156
vn -0.9595 -0.1807 -0.2161
vn -0.8791 -0.2835 -0.3830
vn -0.9921 -0.0840 -0.0936
vn -0.9870 -0.1038 -0.1229
vn -0.9704 -0.1469 -0.1915
vn -0.9228 -0.2323 -0.3074
vn -0.2943 -0.6301 -0.7185
vn -0.4997 -0.5496 -0.6696
vn -0.6732 -0.5183 -0.5275
vn -0.8373 -0.3947 -0.3784
vn -0.5222 -0.5855 -0.6200
vn -0.5889 -0.5160 -0.6220
vn -0.7449 -0.4548 -0.4882
vn -0.8857 -0.3380 -0.3183
vn -0.6836 -0.4663 -0.5615
vn -0.7283 -0.4258 -0.5369
vn -0.8305 -0.3659 -0.4199
vn -0.9238 -0.2739 -0.2676
vn -0.9467 -0.2126 -0.2420
vn -0.9958 -0.0493 -0.0775
vn -0.9915 -0.0997 -0.0837
vn -0.9917 -0.1015 -0.0784
vn -0.9922 -0.0987 -0.0759
vn -0.9841 -0.1044 -0.1434
vn -0.9845 -0.1392 -0.1071
vn -0.9867 -0.1331 -0.0929
vn -0.9881 -0.1219 -0.0935
vn -0.9444 -0.2548 -0.2078
vn -0.9595 -0.2364 -0.1535
vn -0.9705 -0.2029 -0.1303
vn -0.9754 -0.1748 -0.1342
vn -0.9963 -0.0797 -0.0313
vn -0.9831 -0.1625 -0.0846
vn -0.9374 -0.2719 -0.2175
vn -0.8309 -0.4127 -0.3732
vn -0.9931 -0.0992 -0.0628
vn -0.9860 -0.1404 -0.0899
vn -0.9595 -0.2194 -0.1766
vn -0.8791 -0.3529 -0.3203
vn -0.9921 -0.1009 -0.0752
vn -0.9870 -0.1258 -0.1004
vn -0.9704 -0.1812 -0.1594
vn -0.9228 -0.2880 -0.2560
vn -0.2943 -0.7582 -0.5819
vn -0.4997 -0.6697 -0.5494
vn -0.6732 -0.6113 -0.4162
vn -0.8374 -0.4606 -0.2943
vn -0.5222 -0.6952 -0.4939
vn -0.5890 -0.6274 -0.5094
vn -0.7449 -0.5413 -0.3900
vn -0.8856 -0.3940 -0.2459
vn -0.6836 -0.5668 -0.4598
vn -0.7283 -0.5225 -0.4435
vn -0.8306 -0.4407 -0.3406
vn -0.9239 -0.3203 -0.2094
vn -0.9467 -0.2557 -0.1959
vn -0.9958 -0.0633 -0.0664
vn -0.9915 -0.1141 -0.0626
vn -0.9917 -0.1149 -0.0570
vn -0.9922 -0.1116 -0.0552
vn -0.9841 -0.1303 -0.1203
vn -0.9845 -0.1575 -0.0778
vn -0.9867 -0.1488 -0.0651
vn -0.9881 -0.1379 -0.0678
vn -0.9445 -0.2902 -0.1542
vn -0.9595 -0.2616 -0.1045
vn -0.9705 -0.2244 -0.0881
vn -0.9754 -0.1979 -0.0973
vn -0.9963 -0.0843 -0.0153
vn -0.9831 -0.1759 -0.0513
vn -0.9375 -0.3090 -0.1604
vn -0.8309 -0.4775 -0.2855
vn -0.9931 -0.1096 -0.0422
vn -0.9860 -0.1552 -0.0608
vn -0.9595 -0.2499 -0.1301
vn -0.8792 -0.4084 -0.2454
vn -0.9921 -0.1135 -0.0541
vn -0.9870 -0.1426 -0.0742
vn -0.9704 -0.2088 -0.1210
vn -0.9227 -0.3325 -0.1949
vn -0.2944 -0.8571 -0.4228
vn -0.4996 -0.7641 -0.4081
vn -0.6731 -0.6808 -0.2889
vn -0.8370 -0.5100 -0.1982
vn -0.5222 -0.7783 -0.3486
vn -0.5890 -0.7147 -0.3772
vn -0.7449 -0.6071 -0.2768
vn -0.8858 -0.4339 -0.1649
vn -0.6836 -0.6457 -0.3403
vn -0.7283 -0.5989 -0.3331
vn -0.8306 -0.4984 -0.2483
vn -0.9237 -0.3557 -0.1423
vn -0.9468 -0.2883 -0.1428
vn -0.9958 -0.0751 -0.0526
vn -0.9915 -0.1238 -0.0394
vn -0.9917 -0.1238 -0.0335
vn -0.9922 -0.1203 -0.0322
vn -0.9841 -0.1517 -0.0924
vn -0.9844 -0.1698 -0.0455
vn -0.9867 -0.1586 -0.0349
vn -0.9881 -0.1485 -0.0396
vn -0.9445 -0.3146 -0.0947
vn -0.9594 -0.2774 -0.0513
vn -0.9705 -0.2373 -0.0426
vn -0.9754 -0.2128 -0.0571
vn -0.9963 -0.0857 0.0016
vn -0.9831 -0.1826 -0.0161
vn -0.9374 -0.3346 -0.0968
vn -0.8309 -0.5241 -0.1869
vn -0.9931 -0.1154 -0.0200
vn -0.9860 -0.1644 -0.0291
vn -0.9596 -0.2700 -0.0792
vn -0.8790 -0.4489 -0.1606
vn -0.9920 -0.1221 -0.0308
vn -0.9870 -0.1542 -0.0450
vn -0.9704 -0.2285 -0.0778
vn -0.9228 -0.3638 -0.1265
vn -0.2944 -0.9231 -0.2476
vn -0.4996 -0.8290 -0.2512
vn -0.6732 -0.7239 -0.1507
vn -0.8373 -0.5383 -0.0954
vn -0.5222 -0.8313 -0.1902
vn -0.5888 -0.7748 -0.2303
vn -0.7447 -0.6496 -0.1529
vn -0.8857 -0.4578 -0.0768
vn -0.6836 -0.6997 -0.2078
vn -0.7285 -0.6521 -0.2101
vn -0.8305 -0.5376 -0.1459
vn -0.9237 -0.3766 -0.0704
vn -0.9468 -0.3107 -0.0836
vn -0.9958 -0.0839 -0.0370
vn -0.9915 -0.1292 -0.0143
vn -0.9917 -0.1280 -0.0087
vn -0.9922 -0.1245 -0.0080
vn -0.9841 -0.1667 -0.0612
vn -0.9844 -0.1753 -0.0115
vn -0.9867 -0.1623 -0.0034
vn -0.9882 -0.1530 -0.0101
vn -0.9445 -0.3270 -0.0313
vn -0.9595 -0.2817 0.0034
vn -0.9704 -0.2415 0.0048
vn -0.9754 -0.2200 -0.0143
vn -0.9963 -0.0838 0.0183
vn -0.9831 -0.1821 0.0198
vn -0.9374 -0.3469 -0.0298
vn -0.8309 -0.5505 -0.0810
vn -0.9931 -0.1173 0.0031
vn -0.9860 -0.1666 0.0034
vn -0.9594 -0.2809 -0.0245
vn -0.8792 -0.4713 -0.0702
vn -0.9921 -0.1256 -0.0065
vn -0.9870 -0.1600 -0.0140
vn -0.9705 -0.2390 -0.0320
vn -0.9228 -0.3817 -0.0529
vn -0.2943 -0.9537 -0.0624
vn -0.4997 -0.8621 -0.0847
vn -0.6730 -0.7396 -0.0063
vn -0.8372 -0.5468 0.0117
vn -0.5223 -0.8524 -0.0245
vn -0.5890 -0.8047 -0.0749
vn -0.7449 -0.6668 -0.0235
vn -0.8857 -0.4640 0.0139
vn -0.6836 -0.7268 -0.0673
vn -0.7284 -0.6806 -0.0787
vn -0.8307 -0.5554 -0.0385
vn -0.9237 -0.3831 0.0044
vn -0.9467 -0.3214 -0.0210
vn -0.9958 -0.0893 -0.0201
vn -0.9915 -0.1297 0.0113
vn -0.9917 -0.1273 0.0164
vn -0.9922 -0.1233 0.0162
vn -0.9841 -0.1755 -0.0275
vn -0.9844 -0.1744 0.0230
vn -0.9867 -0.1598 0.0283
vn -0.9881 -0.1524 0.0203
vn -0.9445 -0.3269 0.0331
vn -0.9595 -0.2756 0.0583
vn -0.9705 -0.2356 0.0516
vn -0.9754 -0.2184 0.0287
vn -0.9963 -0.0785 0.0342
vn -0.9831 -0.1747 0.0551
vn -0.9375 -0.3459 0.0384
vn -0.8308 -0.5559 0.0281
vn -0.9931 -0.1145 0.0257
vn -0.9860 -0.1630 0.0359
vn -0.9595 -0.2799 0.0304
vn -0.8791 -0.4760 0.0231
vn -0.9921 -0.1245 0.0181
vn -0.9870 -0.1599 0.0177
vn -0.9704 -0.2410 0.0155
vn -0.9228 -0.3845 0.0224
vn -0.2943 -0.9475 0.1247
vn -0.4998 -0.8620 0.0850
vn -0.6732 -0.7265 0.1379
vn -0.8370 -0.5342 0.1183
vn -0.5222 -0.8408 0.1425
vn -0.5888 -0.8039 0.0836
vn -0.7448 -0.6586 0.1072
vn -0.8858 -0.4522 0.1042
vn -0.6836 -0.7259 0.0757
vn -0.7280 -0.6833 0.0562
vn -0.8305 -0.5525 0.0708
vn -0.9238 -0.3748 0.0789
vn -0.9467 -0.3193 0.0421
vn -0.9958 -0.0915 -0.0021
vn -0.9915 -0.1251 0.0363
vn -0.9917 -0.1216 0.0410
vn -0.9922 -0.1180 0.0401
vn -0.9841 -0.1774 0.0073
vn -0.9844 -0.1665 0.0564
vn -0.9868 -0.1508 0.0589
vn -0.9881 -0.1456 0.0496
vn -0.9445 -0.3141 0.0962
vn -0.9595 -0.2590 0.1110
vn -0.9704 -0.2212 0.0967
vn -0.9754 -0.2089 0.0710
vn -0.9963 -0.0705 0.0489
vn -0.9831 -0.1607 0.0881
vn -0.9374 -0.3319 0.1052
vn -0.8309 -0.5396 0.1358
vn -0.9931 -0.1075 0.0477
vn -0.9859 -0.1530 0.0671
vn -0.9596 -0.2685 0.0845
vn -0.8790 -0.4626 0.1157
vn -0.9921 -0.1185 0.0420
vn -0.9870 -0.1533 0.0485
vn -0.9704 -0.2332 0.0621
vn -0.9228 -0.3728 0.0971
vn -0.2943 -0.9050 0.3072
vn -0.4998 -0.8288 0.2515
vn -0.6730 -0.6858 0.2771
vn -0.8372 -0.5007 0.2200
vn -0.5221 -0.7969 0.3039
vn -0.5889 -0.7721 0.2388
vn -0.7450 -0.6249 0.2335
vn -0.8858 -0.4232 0.1905
vn -0.6836 -0.6972 0.2159
vn -0.7284 -0.6589 0.1880
vn -0.8306 -0.5280 0.1771
vn -0.9237 -0.3523 0.1505
vn -0.9468 -0.3047 0.1034
vn -0.9958 -0.0900 0.0156
vn -0.9915 -0.1155 0.0600
vn -0.9917 -0.1112 0.0638
vn -0.9922 -0.1079 0.0624
vn -0.9841 -0.1728 0.0418
vn -0.9844 -0.1523 0.0879
vn -0.9867 -0.1369 0.0874
vn -0.9881 -0.1329 0.0769
vn -0.9445 -0.2892 0.1558
vn -0.9596 -0.2322 0.1592
vn -0.9706 -0.1976 0.1377
vn -0.9754 -0.1907 0.1102
vn -0.9963 -0.0594 0.0617
vn -0.9831 -0.1402 0.1178
vn -0.9374 -0.3050 0.1680
vn -0.8310 -0.5026 0.2383
vn -0.9931 -0.0960 0.0677
vn -0.9860 -0.1367 0.0954
vn -0.9595 -0.2472 0.1354
vn -0.8791 -0.4309 0.2035
vn -0.9920 -0.1082 0.0645
vn -0.9870 -0.1409 0.0775
vn -0.9704 -0.2167 0.1064
vn -0.9228 -0.3467 0.1679
vn -0.2944 -0.8276 0.4779
vn -0.4998 -0.7638 0.4084
vn -0.6731 -0.6185 0.4055
vn -0.8370 -0.4483 0.3136
vn -0.5221 -0.7224 0.4534
vn -0.5887 -0.7109 0.3849
vn -0.7448 -0.5675 0.3510
vn -0.8860 -0.3776 0.2691
vn -0.6836 -0.6416 0.3477
vn -0.7282 -0.6097 0.3131
vn -0.8305 -0.4834 0.2768
vn -0.9237 -0.3162 0.2164
vn -0.9465 -0.2795 0.1614
vn -0.9958 -0.0856 0.0332
vn -0.9915 -0.1015 0.0813
vn -0.9918 -0.0965 0.0841
vn -0.9922 -0.0939 0.0824
vn -0.9841 -0.1613 0.0745
vn -0.9844 -0.1322 0.1158
vn -0.9868 -0.1170 0.1122
vn -0.9881 -0.1156 0.1015
vn -0.9445 -0.2532 0.2091
vn -0.9595 -0.1969 0.2017
vn -0.9705 -0.1671 0.1737
vn -0.9754 -0.1657 0.1454
vn -0.9963 -0.0460 0.0719
vn -0.9830 -0.1149 0.1431
vn -0.9375 -0.2663 0.2242
vn -0.8310 -0.4464 0.3319
vn -0.9931 -0.0811 0.0851
vn -0.9860 -0.1157 0.1204
vn -0.9594 -0.2161 0.1811
vn -0.8792 -0.3828 0.2836
vn -0.9921 -0.0932 0.0841
vn -0.9870 -0.1231 0.1035
vn -0.9704 -0.1917 0.1466
vn -0.9230 -0.3070 0.2322
vn -0.2944 -0.7185 0.6301
vn -0.4998 -0.6694 0.5496
vn -0.6730 -0.5276 0.5183
vn -0.8373 -0.3783 0.3948
vn -0.5222 -0.6200 0.5856
vn -0.5887 -0.6222 0.5160
vn -0.7449 -0.4880 0.4549
vn -0.8858 -0.3181 0.3380
vn -0.6835 -0.5616 0.4663
vn -0.7281 -0.5370 0.4260
vn -0.8306 -0.4200 0.3657
vn -0.9238 -0.2676 0.2737
vn -0.9468 -0.2419 0.2122
vn -0.9958 -0.0773 0.0493
vn -0.9915 -0.0839 0.0997
vn -0.9918 -0.0782 0.1014
vn -0.9922 -0.0758 0.0990
vn -0.9841 -0.1436 0.1046
vn -0.9845 -0.1070 0.1393
vn -0.9867 -0.0930 0.1330
vn -0.9882 -0.0930 0.1218
vn -0.9445 -0.2074 0.2546
vn -0.9595 -0.1537 0.2360
vn -0.9705 -0.1302 0.2031
vn -0.9754 -0.1340 0.1748
vn -0.9963 -0.0314 0.0798
vn -0.9830 -0.0847 0.1627
vn -0.9375 -0.2174 0.2719
vn -0.8308 -0.3733 0.4127
vn -0.9931 -0.0629 0.0993
vn -0.9860 -0.0898 0.1405
vn -0.9595 -0.1766 0.2196
vn -0.8791 -0.3203 0.3530
vn -0.9921 -0.0752 0.1008
vn -0.9870 -0.1005 0.1255
vn -0.9704 -0.1596 0.1813
vn -0.9229 -0.2559 0.2878
vn -0.2943 -0.5818 0.7582
vn -0.4996 -0.5495 0.6697
vn -0.6732 -0.4162 0.6112
vn -0.8371 -0.2942 0.4613
vn -0.5222 -0.4939 0.6953
vn -0.5890 -0.5093 0.6274
vn -0.7451 -0.3896 0.5414
vn -0.8857 -0.2463 0.3936
vn -0.6836 -0.4598 0.5669
vn -0.7286 -0.4431 0.5224
vn -0.8304 -0.3409 0.4408
vn -0.9238 -0.2093 0.3207
vn -0.9466 -0.1963 0.2556
vn -0.9958 -0.0664 0.0634
vn -0.9915 -0.0627 0.1140
vn -0.9917 -0.0573 0.1151
vn -0.9922 -0.0551 0.1118
vn -0.9841 -0.1203 0.1304
vn -0.9844 -0.0779 0.1575
vn -0.9868 -0.0649 0.1484
vn -0.9881 -0.0679 0.1379
vn -0.9444 -0.1540 0.2903
vn -0.9595 -0.1046 0.2615
vn -0.9705 -0.0880 0.2246
vn -0.9754 -0.0976 0.1978
vn -0.9963 -0.0150 0.0842
vn -0.9830 -0.0513 0.1760
vn -0.9375 -0.1600 0.3090
vn -0.8307 -0.2858 0.4777
vn -0.9931 -0.0424 0.1097
vn -0.9860 -0.0608 0.1554
vn -0.9594 -0.1304 0.2499
vn -0.8791 -0.2452 0.4087
vn -0.9921 -0.0540 0.1135
vn -0.9870 -0.0742 0.1427
vn -0.9705 -0.1209 0.2087
vn -0.9228 -0.1950 0.3323
vn -0.2943 -0.4227 0.8572
vn -0.4998 -0.4081 0.7640
vn -0.6730 -0.2892 0.6807
vn -0.8372 -0.1985 0.5096
vn -0.5221 -0.3488 0.7783
vn -0.5887 -0.3775 0.7148
vn -0.7450 -0.2766 0.6070
vn -0.8858 -0.1643 0.4340
vn -0.6835 -0.3405 0.6457
vn -0.7284 -0.3328 0.5989
vn -0.8305 -0.2482 0.4987
vn -0.9238 -0.1428 0.3554
vn -0.9467 -0.1426 0.2889
vn -0.9958 -0.0526 0.0750
vn -0.9915 -0.0394 0.1242
vn -0.9917 -0.0338 0.1239
vn -0.9922 -0.0317 0.1201
vn -0.9841 -0.0926 0.1514
vn -0.9844 -0.0457 0.1698
vn -0.9868 -0.0346 0.1582
vn -0.9881 -0.0395 0.1485
vn -0.9445 -0.0942 0.3148
vn -0.9596 -0.0515 0.2767
vn -0.9705 -0.0425 0.2374
vn -0.9754 -0.0569 0.2129
vn -0.9963 0.0015 0.0858
vn -0.9831 -0.0160 0.1825
vn -0.9375 -0.0967 0.3343
vn -0.8308 -0.1871 0.5242
vn -0.9931 -0.0201 0.1157
vn -0.9860 -0.0294 0.1643
vn -0.9595 -0.0792 0.2705
vn -0.8792 -0.1605 0.4485
vn -0.9920 -0.0310 0.1220
vn -0.9870 -0.0448 0.1544
vn -0.9705 -0.0779 0.2283
vn -0.9227 -0.1268 0.3642
vn -0.2943 -0.2473 0.9232
vn -0.4997 -0.2513 0.8290
vn -0.6731 -0.1508 0.7240
vn -0.8371 -0.0953 0.5387
vn -0.5222 -0.1902 0.8314
vn -0.5888 -0.2309 0.7746
vn -0.7448 -0.1532 0.6495
vn -0.8857 -0.0767 0.4578
vn -0.6836 -0.2077 0.6996
vn -0.7283 -0.2097 0.6524
vn -0.8305 -0.1461 0.5375
vn -0.9238 -0.0707 0.3764
vn -0.9469 -0.0827 0.3108
vn -0.9958 -0.0369 0.0838
vn -0.9915 -0.0143 0.1293
vn -0.9917 -0.0088 0.1279
vn -0.9922 -0.0080 0.1243
vn -0.9841 -0.0613 0.1665
vn -0.9844 -0.0117 0.1754
vn -0.9868 -0.0033 0.1621
vn -0.9881 -0.0097 0.1532
vn -0.9444 -0.0314 0.3273
vn -0.9595 0.0037 0.2815
vn -0.9704 0.0043 0.2414
vn -0.9754 -0.0143 0.2199
vn -0.9963 0.0181 0.0838
vn -0.9831 0.0199 0.1822
vn -0.9375 -0.0294 0.3467
vn -0.8310 -0.0809 0.5504
vn -0.9931 0.0030 0.1173
vn -0.9860 0.0032 0.1669
vn -0.9595 -0.0247 0.2806
vn -0.8791 -0.0703 0.4714
vn -0.9921 -0.0064 0.1256
vn -0.9870 -0.0140 0.1603
vn -0.9705 -0.0317 0.2391
vn -0.9228 -0.0529 0.3816
vn -0.2943 -0.0625 0.9537
vn -0.4997 -0.0848 0.8621
vn -0.6731 -0.0066 0.7395
vn -0.8373 0.0118 0.5466
vn -0.5222 -0.0243 0.8525
vn -0.5889 -0.0749 0.8047
vn -0.7448 -0.0234 0.6668
vn -0.8857 0.0142 0.4640
vn -0.6836 -0.0673 0.7267
vn -0.7283 -0.0784 0.6808
vn -0.8305 -0.0387 0.5557
vn -0.9238 0.0041 0.3829
vn -0.9466 -0.0215 0.3216
vn -0.9958 -0.0198 0.0896
vn -0.9915 0.0111 0.1297
vn -0.9917 0.0165 0.1272
vn -0.9922 0.0164 0.1235
vn -0.9841 -0.0275 0.1752
vn -0.9845 0.0227 0.1741
vn -0.9868 0.0286 0.1595
vn -0.9881 0.0201 0.1524
vn -0.9444 0.0331 0.3271
vn -0.9595 0.0586 0.2754
vn -0.9705 0.0515 0.2357
vn -0.9754 0.0288 0.2185
vn -0.9963 0.0341 0.0786
vn -0.9831 0.0553 0.1747
vn -0.9375 0.0386 0.3459
vn -0.8309 0.0279 0.5557
vn -0.9931 0.0257 0.1146
vn -0.9860 0.0356 0.1630
vn -0.9594 0.0301 0.2803
vn -0.8791 0.0231 0.4761
vn -0.9921 0.0182 0.1244
vn -0.9870 0.0175 0.1599
vn -0.9705 0.0155 0.2407
vn -0.9228 0.0223 0.3847
vn -0.2943 0.1247 0.9475
vn -0.4997 0.0850 0.8620
vn -0.6732 0.1380 0.7265
vn -0.8373 0.1181 0.5339
vn -0.5222 0.1423 0.8409
vn -0.5889 0.0834 0.8039
vn -0.7449 0.1072 0.6585
vn -0.8857 0.1044 0.4524
vn -0.6836 0.0759 0.7259
vn -0.7283 0.0559 0.6830
vn -0.8305 0.0706 0.5525
vn -0.9238 0.0788 0.3747
vn -0.9468 0.0423 0.3192
vn -0.9958 -0.0019 0.0918
vn -0.9915 0.0365 0.1248
vn -0.9918 0.0409 0.1215
vn -0.9922 0.0399 0.1181
vn -0.9841 0.0071 0.1773
vn -0.9844 0.0563 0.1664
vn -0.9868 0.0590 0.1511
vn -0.9881 0.0495 0.1455
vn -0.9444 0.0963 0.3143
vn -0.9595 0.1109 0.2590
vn -0.9705 0.0964 0.2212
vn -0.9754 0.0709 0.2087
vn -0.9963 0.0491 0.0702
vn -0.9831 0.0882 0.1607
vn -0.9375 0.1055 0.3317
vn -0.8309 0.1356 0.5397
vn -0.9931 0.0475 0.1074
vn -0.9860 0.0669 0.1528
vn -0.9595 0.0842 0.2689
vn -0.8792 0.1158 0.4623
vn -0.9921 0.0423 0.1184
vn -0.9870 0.0485 0.1533
vn -0.9705 0.0622 0.2331
vn -0.9228 0.0973 0.3728
vn -0.2943 0.3072 0.9050
vn -0.4997 0.2516 0.8289
vn -0.6732 0.2769 0.6857
vn -0.8373 0.2202 0.5005
vn -0.5222 0.3040 0.7968
vn -0.5889 0.2385 0.7722
vn -0.7449 0.2336 0.6250
vn -0.8857 0.1906 0.4233
vn -0.6836 0.2160 0.6972
vn -0.7283 0.1881 0.6590
vn -0.8305 0.1770 0.5281
vn -0.9238 0.1504 0.3521
vn -0.9467 0.1033 0.3051
vn -0.9973 -0.0424 -0.0592
vn -0.9781 -0.1211 -0.1690
vn -0.9358 -0.2054 -0.2866
vn -0.8593 -0.2979 -0.4157
vn -0.7284 -0.3991 -0.5569
vn -0.5146 -0.4995 -0.6970
vn -0.2022 -0.5705 -0.7960
vn -0.9973 -0.0531 -0.0498
vn -0.9781 -0.1519 -0.1421
vn -0.9358 -0.2574 -0.2410
vn -0.8593 -0.3733 -0.3496
vn -0.7284 -0.5001 -0.4684
vn -0.5146 -0.6258 -0.5861
vn -0.2022 -0.7148 -0.6695
vn -0.9973 -0.0619 -0.0384
vn -0.9781 -0.1767 -0.1098
vn -0.9358 -0.2995 -0.1862
vn -0.8593 -0.4343 -0.2701
vn -0.7285 -0.5817 -0.3619
vn -0.5146 -0.7281 -0.4528
vn -0.2022 -0.8317 -0.5171
vn -0.9973 -0.0682 -0.0256
vn -0.9782 -0.1945 -0.0733
vn -0.9358 -0.3300 -0.1242
vn -0.8593 -0.4786 -0.1802
vn -0.7284 -0.6412 -0.2414
vn -0.5145 -0.8026 -0.3019
vn -0.2022 -0.9166 -0.3450
vn -0.9973 -0.0720 -0.0118
vn -0.9782 -0.2051 -0.0340
vn -0.9357 -0.3480 -0.0574
vn -0.8592 -0.5047 -0.0832
vn -0.7286 -0.6758 -0.1118
vn -0.5146 -0.8460 -0.1396
vn -0.2023 -0.9662 -0.1598
vn -0.9973 -0.0729 0.0024
vn -0.9781 -0.2079 0.0069
vn -0.9358 -0.3522 0.0114
vn -0.8593 -0.5112 0.0168
vn -0.7283 -0.6849 0.0225
vn -0.5145 -0.8570 0.0281
vn -0.2022 -0.9788 0.0321
vn -0.9973 -0.0709 0.0165
vn -0.9782 -0.2024 0.0472
vn -0.9358 -0.3433 0.0800
vn -0.8593 -0.4981 0.1162
vn -0.7285 -0.6671 0.1555
vn -0.5146 -0.8350 0.1947
vn -0.2022 -0.9538 0.2225
vn -0.9973 -0.0664 0.0301
vn -0.9782 -0.1894 0.0858
vn -0.9359 -0.3209 0.1454
vn -0.8593 -0.4659 0.2111
vn -0.7282 -0.6243 0.2829
vn -0.5146 -0.7810 0.3539
vn -0.2022 -0.8920 0.4042
vn -0.9973 -0.0592 0.0424
vn -0.9782 -0.1690 0.1211
vn -0.9356 -0.2870 0.2056
vn -0.8595 -0.4155 0.2978
vn -0.7282 -0.5571 0.3992
vn -0.5146 -0.6970 0.4994
vn -0.2022 -0.7960 0.5704
vn -0.9973 -0.0499 0.0533
vn -0.9782 -0.1420 0.1517
vn -0.9357 -0.2413 0.2575
vn -0.8593 -0.3497 0.3733
vn -0.7283 -0.4684 0.5001
vn -0.5148 -0.5860 0.6258
vn -0.2022 -0.6695 0.7147
vn -0.9973 -0.0386 0.0619
vn -0.9782 -0.1097 0.1765
vn -0.9358 -0.1862 0.2994
vn -0.8593 -0.2701 0.4344
vn -0.7283 -0.3619 0.5819
vn -0.5145 -0.4529 0.7281
vn -0.2022 -0.5172 0.8316
vn -0.9973 -0.0256 0.0681
vn -0.9782 -0.0731 0.1946
vn -0.9358 -0.1241 0.3300
vn -0.8592 -0.1803 0.4787
vn -0.7282 -0.2417 0.6413
vn -0.5147 -0.3018 0.8025
vn -0.2023 -0.3447 0.9166
vn -0.9974 -0.0117 0.0718
vn -0.9781 -0.0342 0.2053
vn -0.9358 -0.0574 0.3479
vn -0.8593 -0.0833 0.5046
vn -0.7284 -0.1115 0.6760
vn -0.5145 -0.1398 0.8460
vn -0.2022 -0.1596 0.9662
vn -0.9973 0.0023 0.0728
vn -0.9781 0.0068 0.2078
vn -0.9358 0.0115 0.3524
vn -0.8593 0.0167 0.5112
vn -0.7283 0.0222 0.6848
vn -0.5146 0.0281 0.8570
vn -0.2022 0.0320 0.9788
vn -0.9973 0.0165 0.0709
vn -0.9781 0.0472 0.2025
vn -0.9358 0.0801 0.3434
vn -0.8593 0.1161 0.4981
vn -0.7284 0.1556 0.6673
vn -0.5146 0.1947 0.8350
vn -0.2022 0.2225 0.9537
vn -0.9973 0.0301 0.0663
vn -0.9781 0.0859 0.1894
vn -0.9358 0.1455 0.3212
vn -0.8593 0.2111 0.4658
vn -0.7284 0.2828 0.6241
vn -0.5146 0.3539 0.7810
vn -0.2022 0.4041 0.8921
vn -0.9973 0.0424 0.0592
vn -0.9781 0.1211 0.1690
vn -0.9358 0.2054 0.2866
vn -0.8593 0.2979 0.4157
vn -0.7284 0.3991 0.5569
vn -0.5146 0.4994 0.6970
vn -0.2022 0.5705 0.7960
vn -0.9973 0.0532 0.0498
vn -0.9781 0.1518 0.1422
vn -0.9358 0.2574 0.2410
vn -0.8593 0.3733 0.3496
vn -0.7284 0.5001 0.4683
vn -0.5146 0.6257 0.5862
vn -0.2022 0.7148 0.6695
vn -0.9973 0.0618 0.0385
vn -0.9781 0.1766 0.1098
vn -0.9358 0.2995 0.1862
vn -0.8593 0.4343 0.2701
vn -0.7284 0.5818 0.3618
vn -0.5146 0.7281 0.4528
vn -0.2022 0.8317 0.5171
vn -0.9973 0.0682 0.0256
vn -0.9781 0.1947 0.0732
vn -0.9358 0.3300 0.1242
vn -0.8593 0.4786 0.1802
vn -0.7284 0.6413 0.2413
vn -0.5146 0.8025 0.3021
vn -0.2022 0.9166 0.3450
vn -0.9974 0.0716 0.0120
vn -0.9781 0.2052 0.0338
vn -0.9357 0.3480 0.0574
vn -0.8593 0.5046 0.0833
vn -0.7284 0.6760 0.1116
vn -0.5147 0.8459 0.1399
vn -0.2022 0.9663 0.1595
vn -0.9974 0.0727 -0.0023
vn -0.9781 0.2079 -0.0069
vn -0.9358 0.3524 -0.0115
vn -0.8593 0.5112 -0.0168
vn -0.7285 0.6847 -0.0223
vn -0.5147 0.8569 -0.0279
vn -0.2021 0.9788 -0.0323
vn -0.9973 0.0713 -0.0168
vn -0.9782 0.2024 -0.0472
vn -0.9357 0.3437 -0.0802
vn -0.8595 0.4979 -0.1160
vn -0.7283 0.6673 -0.1556
vn -0.5146 0.8350 -0.1947
vn -0.2023 0.9538 -0.2223
vn -0.9973 0.0664 -0.0301
vn -0.9782 0.1894 -0.0858
vn -0.9358 0.3212 -0.1455
vn -0.8593 0.4659 -0.2111
vn -0.7284 0.6241 -0.2828
vn -0.5146 0.7810 -0.3539
vn -0.2022 0.8920 -0.4042
vn -0.9973 0.0595 -0.0426
vn -0.9782 0.1690 -0.1211
vn -0.9358 0.2867 -0.2054
vn -0.8593 0.4158 -0.2979
vn -0.7286 0.5567 -0.3990
vn -0.5146 0.6970 -0.4994
vn -0.2022 0.7961 -0.5704
vn -0.9973 0.0499 -0.0533
vn -0.9781 0.1422 -0.1518
vn -0.9358 0.2410 -0.2573
vn -0.8593 0.3497 -0.3733
vn -0.7283 0.4684 -0.5001
vn -0.5148 0.5860 -0.6258
vn -0.2022 0.6695 -0.7147
vn -0.9973 0.0386 -0.0619
vn -0.9782 0.1097 -0.1765
vn -0.9358 0.1862 -0.2994
vn -0.8593 0.2701 -0.4344
vn -0.7283 0.3619 -0.5819
vn -0.5145 0.4529 -0.7281
vn -0.2022 0.5172 -0.8316
vn -0.9973 0.0258 -0.0683
vn -0.9781 0.0733 -0.1947
vn -0.9358 0.1241 -0.3300
vn -0.8593 0.1801 -0.4787
vn -0.7284 0.2414 -0.6412
vn -0.5146 0.3021 -0.8025
vn -0.2022 0.3450 -0.9166
vn -0.9974 0.0117 -0.0718
vn -0.9781 0.0340 -0.2052
vn -0.9358 0.0574 -0.3479
vn -0.8593 0.0833 -0.5046
vn -0.7284 0.1117 -0.6760
vn -0.5146 0.1396 -0.8460
vn -0.2022 0.1595 -0.9663
vn -0.9973 -0.0025 -0.0727
vn -0.9781 -0.0068 -0.2078
vn -0.9358 -0.0115 -0.3524
vn -0.8594 -0.0169 -0.5111
vn -0.7284 -0.0224 -0.6848
vn -0.5146 -0.0281 -0.8570
vn -0.2022 -0.0320 -0.9788
vn -0.9973 -0.0165 -0.0709
vn -0.9781 -0.0471 -0.2026
vn -0.9358 -0.0801 -0.3434
vn -0.8593 -0.1160 -0.4981
vn -0.7284 -0.1556 -0.6673
vn -0.5146 -0.1948 -0.8350
vn -0.2022 -0.2223 -0.9538
vn -0.9973 -0.0300 -0.0664
vn -0.9781 -0.0858 -0.1894
vn -0.9358 -0.1455 -0.3212
vn -0.8593 -0.2111 -0.4659
vn -0.7284 -0.2828 -0.6241
vn -0.5146 -0.3539 -0.7810
vn -0.2022 -0.4042 -0.8920
vn -0.2024 0.5704 0.7960
vn -0.5147 0.4994 0.6969
vn -0.7283 0.3991 0.5570
vn -0.9358 0.2053 0.2865
vn -0.9781 0.1211 0.1691
vn -0.9973 0.0425 0.0594
vn -0.2024 0.7147 0.6695
vn -0.5147 0.6257 0.5861
vn -0.7284 0.5000 0.4685
vn -0.9358 0.2573 0.2410
vn -0.9781 0.1519 0.1422
vn -0.9973 0.0531 0.0499
vn -0.2024 0.8317 0.5171
vn -0.5147 0.7281 0.4527
vn -0.7283 0.5818 0.3619
vn -0.8593 0.4344 0.2700
vn -0.9358 0.2994 0.1861
vn -0.9973 0.0621 0.0385
vn -0.2024 0.9165 0.3450
vn -0.5147 0.8024 0.3020
vn -0.7283 0.6414 0.2413
vn -0.8593 0.4786 0.1801
vn -0.9358 0.3299 0.1241
vn -0.9781 0.1948 0.0733
vn -0.9973 0.0681 0.0257
vn -0.2024 0.9662 0.1597
vn -0.5147 0.8460 0.1396
vn -0.7284 0.6760 0.1117
vn -0.8593 0.5047 0.0832
vn -0.9358 0.3479 0.0574
vn -0.9781 0.2052 0.0339
vn -0.9973 0.0720 0.0118
vn -0.2024 0.9788 -0.0320
vn -0.5147 0.8569 -0.0281
vn -0.7284 0.6848 -0.0224
vn -0.9359 0.3522 -0.0115
vn -0.9781 0.2080 -0.0068
vn -0.9973 0.0728 -0.0023
vn -0.2024 0.9537 -0.2224
vn -0.5147 0.8350 -0.1947
vn -0.8593 0.4981 -0.1162
vn -0.9358 0.3433 -0.0801
vn -0.9781 0.2029 -0.0474
vn -0.9973 0.0709 -0.0165
vn -0.2024 0.8920 -0.4042
vn -0.5148 0.7809 -0.3538
vn -0.7285 0.6240 -0.2827
vn -0.8592 0.4660 -0.2112
vn -0.9359 0.3210 -0.1454
vn -0.2024 0.7960 -0.5704
vn -0.7285 0.5569 -0.3991
vn -0.8592 0.4159 -0.2980
vn -0.9359 0.2864 -0.2053
vn -0.9973 0.0593 -0.0425
vn -0.2024 0.6694 -0.7148
vn -0.5147 0.5861 -0.6258
vn -0.7283 0.4685 -0.5001
vn -0.8593 0.3496 -0.3733
vn -0.9357 0.2412 -0.2574
vn -0.9782 0.1419 -0.1517
vn -0.9973 0.0501 -0.0534
vn -0.2023 0.5173 -0.8315
vn -0.5148 0.4526 -0.7281
vn -0.7283 0.3620 -0.5819
vn -0.8593 0.2702 -0.4343
vn -0.9358 0.1863 -0.2994
vn -0.9781 0.1098 -0.1767
vn -0.9973 0.0384 -0.0619
vn -0.2024 0.3448 -0.9166
vn -0.5147 0.3021 -0.8024
vn -0.7283 0.2415 -0.6413
vn -0.8593 0.1802 -0.4787
vn -0.9359 0.1240 -0.3298
vn -0.9781 0.0732 -0.1948
vn -0.9973 0.0256 -0.0681
vn -0.2024 0.1595 -0.9662
vn -0.5147 0.1396 -0.8459
vn -0.7283 0.1117 -0.6761
vn -0.9358 0.0573 -0.3477
vn -0.9781 0.0339 -0.2053
vn -0.9973 0.0117 -0.0719
vn -0.2023 -0.0319 -0.9788
vn -0.5147 -0.0280 -0.8569
vn -0.7283 -0.0224 -0.6849
vn -0.8593 -0.0168 -0.5111
vn -0.9358 -0.0115 -0.3523
vn -0.9781 -0.0068 -0.2081
vn -0.9973 -0.0024 -0.0728
vn -0.2024 -0.2224 -0.9537
vn -0.5147 -0.1947 -0.8350
vn -0.7283 -0.1556 -0.6673
vn -0.8593 -0.1161 -0.4981
vn -0.9358 -0.0800 -0.3433
vn -0.9781 -0.0472 -0.2028
vn -0.9973 -0.0166 -0.0709
vn -0.2024 -0.4042 -0.8920
vn -0.5147 -0.3539 -0.7809
vn -0.7283 -0.2828 -0.6242
vn -0.8593 -0.2111 -0.4658
vn -0.9358 -0.1455 -0.3211
vn -0.9781 -0.0860 -0.1896
vn -0.9973 -0.0300 -0.0663
vn -0.2024 -0.5704 -0.7960
vn -0.5147 -0.4994 -0.6969
vn -0.7283 -0.3991 -0.5570
vn -0.9358 -0.2053 -0.2865
vn -0.9781 -0.1212 -0.1692
vn -0.2023 -0.7148 -0.6694
vn -0.5147 -0.6258 -0.5860
vn -0.7283 -0.5001 -0.4684
vn -0.9358 -0.2573 -0.2410
vn -0.9781 -0.1517 -0.1422
vn -0.9973 -0.0533 -0.0499
vn -0.2023 -0.8317 -0.5171
vn -0.5147 -0.7281 -0.4527
vn -0.7283 -0.5819 -0.3618
vn -0.9358 -0.2992 -0.1862
vn -0.9781 -0.1768 -0.1098
vn -0.9973 -0.0617 -0.0386
vn -0.2023 -0.9166 -0.3448
vn -0.5148 -0.8023 -0.3022
vn -0.7282 -0.6416 -0.2411
vn -0.9358 -0.3299 -0.1241
vn -0.9781 -0.1948 -0.0733
vn -0.9973 -0.0683 -0.0257
vn -0.2024 -0.9662 -0.1597
vn -0.5147 -0.8460 -0.1396
vn -0.7284 -0.6760 -0.1117
vn -0.8593 -0.5047 -0.0832
vn -0.9358 -0.3479 -0.0574
vn -0.9781 -0.2054 -0.0339
vn -0.9973 -0.0718 -0.0119
vn -0.2023 -0.9788 0.0321
vn -0.5147 -0.8569 0.0281
vn -0.8594 -0.5110 0.0166
vn -0.9358 -0.3524 0.0116
vn -0.9781 -0.2082 0.0069
vn -0.9974 -0.0726 0.0023
vn -0.2023 -0.9537 0.2225
vn -0.5150 -0.8349 0.1945
vn -0.7283 -0.6673 0.1556
vn -0.8594 -0.4979 0.1160
vn -0.9357 -0.3436 0.0802
vn -0.9782 -0.2023 0.0471
vn -0.9973 -0.0711 0.0166
vn -0.2024 -0.8920 0.4042
vn -0.7285 -0.6240 0.2827
vn -0.8592 -0.4660 0.2112
vn -0.9358 -0.3212 0.1456
vn -0.2024 -0.7960 0.5704
vn -0.5145 -0.6970 0.4994
vn -0.7284 -0.5569 0.3991
vn -0.8592 -0.4159 0.2980
vn -0.9359 -0.2864 0.2053
vn -0.9781 -0.1693 0.1213
vn -0.9974 -0.0589 0.0423
vn -0.2024 -0.6694 0.7148
vn -0.7283 -0.4685 0.5001
vn -0.9358 -0.2410 0.2573
vn -0.9781 -0.1422 0.1518
vn -0.9973 -0.0497 0.0531
vn -0.2024 -0.5171 0.8317
vn -0.5147 -0.4528 0.7281
vn -0.7284 -0.3618 0.5819
vn -0.8593 -0.2702 0.4343
vn -0.9359 -0.1860 0.2993
vn -0.9780 -0.1102 0.1769
vn -0.9973 -0.0384 0.0618
vn -0.2024 -0.3448 0.9166
vn -0.5147 -0.3021 0.8024
vn -0.7285 -0.2411 0.6412
vn -0.8593 -0.1802 0.4787
vn -0.9358 -0.1243 0.3300
vn -0.9781 -0.0732 0.1948
vn -0.2023 -0.1597 0.9662
vn -0.5148 -0.1394 0.8459
vn -0.7283 -0.1117 0.6761
vn -0.8593 -0.0834 0.5046
vn -0.9358 -0.0573 0.3477
vn -0.9781 -0.0339 0.2053
vn -0.9973 -0.0117 0.0719
vn -0.2024 0.0319 0.9788
vn -0.5147 0.0280 0.8569
vn -0.7283 0.0224 0.6849
vn -0.8593 0.0168 0.5111
vn -0.9358 0.0116 0.3523
vn -0.9781 0.0066 0.2081
vn -0.9973 0.0026 0.0728
vn -0.2024 0.2224 0.9537
vn -0.5147 0.1947 0.8350
vn -0.7283 0.1556 0.6673
vn -0.8593 0.1161 0.4980
vn -0.9358 0.0801 0.3433
vn -0.9781 0.0472 0.2027
vn -0.9973 0.0165 0.0710
vn -0.2024 0.4042 0.8920
vn -0.5147 0.3539 0.7809
vn -0.7283 0.2828 0.6241
vn -0.9358 0.1456 0.3210
vn -0.9781 0.0859 0.1896
vn -0.9973 0.0300 0.0663
vn -1.0000 -0.0003 0.0001
vn -1.0000 0.0002 -0.0001
vn -1.0000 -0.0002 0.0001
vn -1.0000 -0.0001 0.0001
vn -1.0000 0.0001 -0.0001
vn -1.0000 0.0001 -0.0000
vn -1.0000 -0.0001 -0.0000
vn -1.0000 0.0003 -0.0001
vt 0.031250 0.004853
vt 0.031250 1.000000
vt 0.000000 1.000000
vt 0.000000 0.004853
vt 0.960500 0.000000
vt 0.945750 0.000000
vt 0.947137 0.000000
vt 0.959113 0.000000
vt 0.929250 0.000000
vt 0.914500 0.000000
vt 0.915887 0.000000
vt 0.927863 0.000000
vt 0.898000 0.000000
vt 0.883250 0.000000
vt 0.884637 0.000000
vt 0.896613 0.000000
vt 0.866750 0.000000
vt 0.852000 0.000000
vt 0.853387 0.000000
vt 0.865363 0.000000
vt 0.835500 0.000000
vt 0.820750 0.000000
vt 0.822137 0.000000
vt 0.834113 0.000000
vt 0.804250 0.000000
vt 0.789500 0.000000
vt 0.790887 0.000000
vt 0.802863 0.000000
vt 0.773000 0.000000
vt 0.758250 0.000000
vt 0.759637 0.000000
vt 0.771613 0.000000
vt 0.741750 0.000000
vt 0.727000 0.000000
vt 0.728387 0.000000
vt 0.740363 0.000000
vt 0.710500 0.000000
vt 0.695750 0.000000
vt 0.697137 0.000000
vt 0.709113 0.000000
vt 0.679250 0.000000
vt 0.664500 0.000000
vt 0.665887 0.000000
vt 0.677863 0.000000
vt 0.648000 0.000000
vt 0.633250 0.000000
vt 0.634637 0.000000
vt 0.646613 0.000000
vt 0.616750 0.000000
vt 0.602000 0.000000
vt 0.603387 0.000000
vt 0.615363 0.000000
vt 0.585500 0.000000
vt 0.570750 0.000000
vt 0.572137 0.000000
vt 0.584113 0.000000
vt 0.554250 0.000000
vt 0.539500 0.000000
vt 0.540887 0.000000
vt 0.552863 0.000000
vt 0.523000 0.000000
vt 0.508250 0.000000
vt 0.509637 0.000000
vt 0.521613 0.000000
vt 0.491750 0.000000
vt 0.477000 0.000000
vt 0.478387 0.000000
vt 0.490363 0.000000
vt 0.460500 0.000000
vt 0.445750 0.000000
vt 0.447137 0.000000
vt 0.459113 0.000000
vt 0.429250 0.000000
vt 0.414500 0.000000
vt 0.415887 0.000000
vt 0.427863 0.000000
vt 0.398000 0.000000
vt 0.383250 0.000000
vt 0.384637 0.000000
vt 0.396613 0.000000
vt 0.366750 0.000000
vt 0.352000 0.000000
vt 0.353387 0.000000
vt 0.365363 0.000000
vt 0.335500 0.000000
vt 0.320750 0.000000
vt 0.322137 0.000000
vt 0.334113 0.000000
vt 0.304250 0.000000
vt 0.289500 0.000000
vt 0.290887 0.000000
vt 0.302863 0.000000
vt 0.273000 0.000000
vt 0.258250 0.000000
vt 0.259637 0.000000
vt 0.271613 0.000000
vt 0.241750 0.000000
vt 0.227000 0.000000
vt 0.228387 0.000000
vt 0.240363 0.000000
vt 0.210500 0.000000
vt 0.195750 0.000000
vt 0.197137 0.000000
vt 0.209113 0.000000
vt 0.179250 0.000000
vt 0.164500 0.000000
vt 0.165887 0.000000
vt 0.177863 0.000000
vt 0.148000 0.000000
vt 0.133250 0.000000
vt 0.134637 0.000000
vt 0.146613 0.000000
vt 0.116750 0.000000
vt 0.102000 0.000000
vt 0.103387 0.000000
vt 0.115363 0.000000
vt 0.085500 0.000000
vt 0.070750 0.000000
vt 0.072137 0.000000
vt 0.084113 0.000000
vt 0.054250 0.000000
vt 0.039500 0.000000
vt 0.040887 0.000000
vt 0.052863 0.000000
vt 0.023000 0.000000
vt 0.008250 0.000000
vt 0.009637 0.000000
vt 0.021613 0.000000
vt 0.031250 0.004853
vt 0.000000 0.004853
vt 0.937500 0.004853
vt 0.906250 0.004853
vt 0.906250 1.000000
vt 0.937500 1.000000
vt 0.906250 0.004853
vt 0.875000 0.004853
vt 0.875000 1.000000
vt 0.875000 0.004853
vt 0.843750 0.004853
vt 0.843750 1.000000
vt 0.843750 0.004853
vt 0.812500 0.004853
vt 0.812500 1.000000
vt 0.812500 0.004853
vt 0.781250 0.004853
vt 0.781250 1.000000
vt 0.781250 0.004853
vt 0.750000 0.004853
vt 0.750000 1.000000
vt 0.750000 0.004853
vt 0.718750 0.004853
vt 0.718750 1.000000
vt 0.718750 0.004853
vt 0.687500 0.004853
vt 0.687500 1.000000
vt 0.687500 0.004853
vt 0.656250 0.004853
vt 0.656250 1.000000
vt 0.656250 0.004853
vt 0.625000 0.004853
vt 0.625000 1.000000
vt 0.625000 0.004853
vt 0.593750 0.004853
vt 0.593750 1.000000
vt 0.593750 0.004853
vt 0.562500 0.004853
vt 0.562500 1.000000
vt 0.562500 0.004853
vt 0.531250 0.004853
vt 0.531250 1.000000
vt 0.531250 0.004853
vt 0.500000 0.004853
vt 0.500000 1.000000
vt 0.500000 0.004853
vt 0.468750 0.004853
vt 0.468750 1.000000
vt 0.468750 0.004853
vt 0.437500 0.004853
vt 0.437500 1.000000
vt 0.437500 0.004853
vt 0.406250 0.004853
vt 0.406250 1.000000
vt 0.406250 0.004853
vt 0.375000 0.004853
vt 0.375000 1.000000
vt 0.375000 0.004853
vt 0.343750 0.004853
vt 0.343750 1.000000
vt 0.343750 0.004853
vt 0.312500 0.004853
vt 0.312500 1.000000
vt 0.312500 0.004853
vt 0.281250 0.004853
vt 0.281250 1.000000
vt 0.281250 0.004853
vt 0.250000 0.004853
vt 0.250000 1.000000
vt 0.250000 0.004853
vt 0.218750 0.004853
vt 0.218750 1.000000
vt 0.218750 0.004853
vt 0.187500 0.004853
vt 0.187500 1.000000
vt 0.187500 0.004853
vt 0.156250 0.004853
vt 0.156250 1.000000
vt 0.156250 0.004853
vt 0.125000 0.004853
vt 0.125000 1.000000
vt 0.125000 0.004853
vt 0.093750 0.004853
vt 0.093750 1.000000
vt 0.093750 0.004853
vt 0.062500 0.004853
vt 0.062500 1.000000
vt 0.062500 0.004853
vt 0.031250 0.004853
vt 0.968750 0.004853
vt 0.937500 0.004853
vt 0.968750 1.000000
vt 1.000000 0.004853
vt 1.000000 1.000000
vt 0.968750 0.004853
vt 0.937500 0.004853
vt 0.781250 0.004853
vt 0.750000 0.004853
vt 0.750000 0.004853
vt 0.718750 0.004853
vt 0.718750 0.004853
vt 0.687500 0.004853
vt 0.687500 0.004853
vt 0.593750 0.004853
vt 0.531250 0.004853
vt 0.531250 0.004853
vt 0.500000 0.004853
vt 0.500000 0.004853
vt 0.468750 0.004853
vt 0.406250 0.004853
vt 0.406250 0.004853
vt 0.375000 0.004853
vt 0.281250 0.004853
vt 0.218750 0.004853
vt 0.187500 0.004853
vt 0.125000 0.004853
vt 0.125000 0.004853
vt 0.093750 0.004853
vt 0.093750 0.004853
vt 0.062500 0.004853
vt 0.062500 0.004853
vt 0.031250 0.004853
vt 1.000000 0.004853
vt 0.968750 0.004853
vt 0.968750 0.004853
vt 0.937500 0.004853
vt 0.991750 0.000000
vt 0.993764 0.000000
vt 0.994756 0.000000
vt 0.992761 0.000000
vt 0.996102 0.000000
vt 0.996771 0.000000
vt 0.998666 0.000000
vt 0.998900 0.000000
vt -0.001348 0.000000
vt 0.000000 0.000000
vt -0.001112 0.000000
vt 0.995695 0.000000
vt 0.993924 0.000000
vt 0.997421 0.000000
vt 0.999135 0.000000
vt -0.000875 0.000000
vt 0.996668 0.000000
vt 0.995183 0.000000
vt 0.998088 0.000000
vt 0.999391 0.000000
vt -0.000615 0.000000
vt 0.007239 0.000000
vt 0.005234 0.000000
vt 0.006236 0.000000
vt 0.006076 0.000000
vt 0.004320 0.000000
vt 0.004817 0.000000
vt 0.003343 0.000000
vt 1.003525 0.000000
vt 1.002346 0.000000
vt 0.003198 0.000000
vt 0.003898 0.000000
vt 0.002576 0.000000
vt 0.001914 0.000000
vt 1.001228 0.000000
vt 0.001079 0.000000
vt 0.001334 0.000000
vt 0.000861 0.000000
vt 0.000609 0.000000
vt 1.000296 0.000000
vt 0.998939 0.003778
vt 0.999924 0.002977
vt 1.001000 0.003778
vt 0.997721 0.002758
vt 0.998785 0.002202
vt 0.996406 0.001842
vt 0.997619 0.001513
vt 0.995058 0.000000
vt 0.996500 0.000000
vt 1.000942 0.002214
vt 1.002081 0.002758
vt 0.999811 0.001684
vt 0.998750 0.001215
vt 0.997854 0.000000
vt 1.001938 0.001517
vt 1.003190 0.001842
vt 1.000738 0.001216
vt 0.999699 0.000957
vt 0.999063 0.000000
vt 0.977000 0.000000
vt 0.975989 0.000000
vt 0.973984 0.000000
vt 0.974986 0.000000
vt 0.974826 0.000000
vt 0.973070 0.000000
vt 0.973567 0.000000
vt 0.972093 0.000000
vt 0.972275 0.000000
vt 0.971095 0.000000
vt 0.971948 0.000000
vt 0.972648 0.000000
vt 0.971326 0.000000
vt 0.970664 0.000000
vt 0.969978 0.000000
vt 0.969830 0.000000
vt 0.970084 0.000000
vt 0.969611 0.000000
vt 0.969359 0.000000
vt 0.969046 0.000000
vt 0.967689 0.003778
vt 0.968674 0.002977
vt 0.969750 0.003778
vt 0.966471 0.002758
vt 0.967535 0.002202
vt 0.965156 0.001842
vt 0.966369 0.001513
vt 0.963808 0.000000
vt 0.965250 0.000000
vt 0.969692 0.002214
vt 0.970831 0.002758
vt 0.968561 0.001684
vt 0.967500 0.001215
vt 0.966604 0.000000
vt 0.970688 0.001517
vt 0.971940 0.001842
vt 0.969488 0.001216
vt 0.968448 0.000957
vt 0.967812 0.000000
vt 0.962514 0.000000
vt 0.963506 0.000000
vt 0.961511 0.000000
vt 0.964852 0.000000
vt 0.965521 0.000000
vt 0.967416 0.000000
vt 0.967650 0.000000
vt 0.968750 0.000000
vt 0.968750 0.000000
vt 0.964445 0.000000
vt 0.962674 0.000000
vt 0.966171 0.000000
vt 0.967885 0.000000
vt 0.965418 0.000000
vt 0.963933 0.000000
vt 0.966838 0.000000
vt 0.968141 0.000000
vt 0.944739 0.000000
vt 0.942734 0.000000
vt 0.943736 0.000000
vt 0.943576 0.000000
vt 0.941820 0.000000
vt 0.942317 0.000000
vt 0.940843 0.000000
vt 0.941025 0.000000
vt 0.939846 0.000000
vt 0.940698 0.000000
vt 0.941398 0.000000
vt 0.940076 0.000000
vt 0.939414 0.000000
vt 0.938728 0.000000
vt 0.938580 0.000000
vt 0.938834 0.000000
vt 0.938361 0.000000
vt 0.938109 0.000000
vt 0.937796 0.000000
vt 0.936439 0.003778
vt 0.937424 0.002977
vt 0.938500 0.003778
vt 0.935221 0.002758
vt 0.936285 0.002202
vt 0.933906 0.001842
vt 0.935119 0.001513
vt 0.932558 0.000000
vt 0.934000 0.000000
vt 0.938442 0.002214
vt 0.939581 0.002758
vt 0.937311 0.001685
vt 0.936250 0.001215
vt 0.935354 0.000000
vt 0.939438 0.001517
vt 0.940690 0.001842
vt 0.938238 0.001216
vt 0.937199 0.000957
vt 0.936563 0.000000
vt 0.931264 0.000000
vt 0.932256 0.000000
vt 0.930261 0.000000
vt 0.933602 0.000000
vt 0.934271 0.000000
vt 0.936166 0.000000
vt 0.936400 0.000000
vt 0.937500 0.000000
vt 0.933195 0.000000
vt 0.931424 0.000000
vt 0.934921 0.000000
vt 0.936635 0.000000
vt 0.934168 0.000000
vt 0.932683 0.000000
vt 0.935588 0.000000
vt 0.936891 0.000000
vt 0.913489 0.000000
vt 0.911484 0.000000
vt 0.912486 0.000000
vt 0.912326 0.000000
vt 0.910570 0.000000
vt 0.911067 0.000000
vt 0.909593 0.000000
vt 0.909775 0.000000
vt 0.908596 0.000000
vt 0.909448 0.000000
vt 0.910148 0.000000
vt 0.908826 0.000000
vt 0.908164 0.000000
vt 0.907478 0.000000
vt 0.907329 0.000000
vt 0.907584 0.000000
vt 0.907111 0.000000
vt 0.906859 0.000000
vt 0.906546 0.000000
vt 0.905189 0.003778
vt 0.906174 0.002977
vt 0.907250 0.003778
vt 0.903971 0.002758
vt 0.905035 0.002202
vt 0.902656 0.001842
vt 0.903869 0.001513
vt 0.901308 0.000000
vt 0.902750 0.000000
vt 0.907193 0.002214
vt 0.908331 0.002758
vt 0.906061 0.001684
vt 0.905000 0.001215
vt 0.904104 0.000000
vt 0.908188 0.001517
vt 0.909440 0.001842
vt 0.906988 0.001216
vt 0.905949 0.000957
vt 0.905313 0.000000
vt 0.900014 0.000000
vt 0.901006 0.000000
vt 0.899011 0.000000
vt 0.902352 0.000000
vt 0.903021 0.000000
vt 0.904916 0.000000
vt 0.905150 0.000000
vt 0.906250 0.000000
vt 0.901945 0.000000
vt 0.900174 0.000000
vt 0.903671 0.000000
vt 0.905385 0.000000
vt 0.902918 0.000000
vt 0.901433 0.000000
vt 0.904338 0.000000
vt 0.905641 0.000000
vt 0.906250 0.000000
vt 0.882239 0.000000
vt 0.880234 0.000000
vt 0.881236 0.000000
vt 0.881076 0.000000
vt 0.879320 0.000000
vt 0.879817 0.000000
vt 0.878343 0.000000
vt 0.878525 0.000000
vt 0.877346 0.000000
vt 0.878198 0.000000
vt 0.878898 0.000000
vt 0.877576 0.000000
vt 0.876914 0.000000
vt 0.876228 0.000000
vt 0.876079 0.000000
vt 0.876334 0.000000
vt 0.875861 0.000000
vt 0.875609 0.000000
vt 0.875296 0.000000
vt 0.873939 0.003778
vt 0.874924 0.002977
vt 0.876000 0.003778
vt 0.872721 0.002758
vt 0.873785 0.002202
vt 0.871406 0.001842
vt 0.872619 0.001513
vt 0.870058 0.000000
vt 0.871500 0.000000
vt 0.875942 0.002214
vt 0.877081 0.002758
vt 0.874811 0.001685
vt 0.873750 0.001215
vt 0.872854 0.000000
vt 0.876938 0.001517
vt 0.878190 0.001842
vt 0.875738 0.001216
vt 0.874699 0.000957
vt 0.874062 0.000000
vt 0.868764 0.000000
vt 0.869756 0.000000
vt 0.867761 0.000000
vt 0.871102 0.000000
vt 0.871771 0.000000
vt 0.873666 0.000000
vt 0.873900 0.000000
vt 0.875000 0.000000
vt 0.870695 0.000000
vt 0.868924 0.000000
vt 0.872421 0.000000
vt 0.874135 0.000000
vt 0.871668 0.000000
vt 0.870183 0.000000
vt 0.873088 0.000000
vt 0.874391 0.000000
vt 0.850989 0.000000
vt 0.848984 0.000000
vt 0.849986 0.000000
vt 0.849826 0.000000
vt 0.848070 0.000000
vt 0.848567 0.000000
vt 0.847093 0.000000
vt 0.847275 0.000000
vt 0.846096 0.000000
vt 0.846948 0.000000
vt 0.847648 0.000000
vt 0.846326 0.000000
vt 0.845664 0.000000
vt 0.844978 0.000000
vt 0.844829 0.000000
vt 0.845084 0.000000
vt 0.844611 0.000000
vt 0.844359 0.000000
vt 0.844046 0.000000
vt 0.842689 0.003778
vt 0.843674 0.002977
vt 0.844750 0.003778
vt 0.841471 0.002758
vt 0.842535 0.002202
vt 0.840156 0.001842
vt 0.841369 0.001513
vt 0.838808 0.000000
vt 0.840250 0.000000
vt 0.844692 0.002214
vt 0.845831 0.002758
vt 0.843561 0.001684
vt 0.842500 0.001215
vt 0.841604 0.000000
vt 0.845688 0.001517
vt 0.846940 0.001842
vt 0.844488 0.001216
vt 0.843449 0.000957
vt 0.842813 0.000000
vt 0.837514 0.000000
vt 0.838506 0.000000
vt 0.836511 0.000000
vt 0.839852 0.000000
vt 0.840521 0.000000
vt 0.842416 0.000000
vt 0.842650 0.000000
vt 0.843750 0.000000
vt 0.839445 0.000000
vt 0.837674 0.000000
vt 0.841171 0.000000
vt 0.842885 0.000000
vt 0.840418 0.000000
vt 0.838933 0.000000
vt 0.841838 0.000000
vt 0.843141 0.000000
vt 0.843750 0.000000
vt 0.819739 0.000000
vt 0.817734 0.000000
vt 0.818736 0.000000
vt 0.818576 0.000000
vt 0.816820 0.000000
vt 0.817317 0.000000
vt 0.815843 0.000000
vt 0.816025 0.000000
vt 0.814846 0.000000
vt 0.815698 0.000000
vt 0.816398 0.000000
vt 0.815076 0.000000
vt 0.814414 0.000000
vt 0.813728 0.000000
vt 0.813579 0.000000
vt 0.813834 0.000000
vt 0.813361 0.000000
vt 0.813109 0.000000
vt 0.812796 0.000000
vt 0.811439 0.003778
vt 0.812424 0.002977
vt 0.813500 0.003778
vt 0.810221 0.002758
vt 0.811285 0.002202
vt 0.808906 0.001842
vt 0.810119 0.001513
vt 0.807558 0.000000
vt 0.809000 0.000000
vt 0.813442 0.002214
vt 0.814581 0.002758
vt 0.812311 0.001684
vt 0.811250 0.001215
vt 0.810354 0.000000
vt 0.814438 0.001517
vt 0.815690 0.001842
vt 0.813239 0.001216
vt 0.812199 0.000957
vt 0.811563 0.000000
vt 0.806264 0.000000
vt 0.807256 0.000000
vt 0.805261 0.000000
vt 0.808602 0.000000
vt 0.809271 0.000000
vt 0.811166 0.000000
vt 0.811400 0.000000
vt 0.812500 0.000000
vt 0.812500 0.000000
vt 0.808195 0.000000
vt 0.806424 0.000000
vt 0.809921 0.000000
vt 0.811635 0.000000
vt 0.809168 0.000000
vt 0.807683 0.000000
vt 0.810588 0.000000
vt 0.811891 0.000000
vt 0.788489 0.000000
vt 0.786484 0.000000
vt 0.787486 0.000000
vt 0.787326 0.000000
vt 0.785570 0.000000
vt 0.786067 0.000000
vt 0.784593 0.000000
vt 0.784775 0.000000
vt 0.783596 0.000000
vt 0.784448 0.000000
vt 0.785148 0.000000
vt 0.783826 0.000000
vt 0.783164 0.000000
vt 0.782478 0.000000
vt 0.782329 0.000000
vt 0.782584 0.000000
vt 0.782111 0.000000
vt 0.781859 0.000000
vt 0.781546 0.000000
vt 0.780189 0.003778
vt 0.781174 0.002977
vt 0.782250 0.003778
vt 0.778971 0.002758
vt 0.780035 0.002202
vt 0.777656 0.001842
vt 0.778869 0.001513
vt 0.776308 0.000000
vt 0.777750 0.000000
vt 0.782192 0.002214
vt 0.783331 0.002758
vt 0.781061 0.001684
vt 0.780000 0.001215
vt 0.779104 0.000000
vt 0.783188 0.001517
vt 0.784440 0.001842
vt 0.781989 0.001216
vt 0.780949 0.000957
vt 0.780313 0.000000
vt 0.775014 0.000000
vt 0.776006 0.000000
vt 0.774012 0.000000
vt 0.777352 0.000000
vt 0.778021 0.000000
vt 0.779916 0.000000
vt 0.780150 0.000000
vt 0.781250 0.000000
vt 0.776945 0.000000
vt 0.775174 0.000000
vt 0.778671 0.000000
vt 0.780385 0.000000
vt 0.777918 0.000000
vt 0.776433 0.000000
vt 0.779338 0.000000
vt 0.780641 0.000000
vt 0.757239 0.000000
vt 0.755234 0.000000
vt 0.756236 0.000000
vt 0.756076 0.000000
vt 0.754320 0.000000
vt 0.754817 0.000000
vt 0.753343 0.000000
vt 0.753525 0.000000
vt 0.752346 0.000000
vt 0.753198 0.000000
vt 0.753898 0.000000
vt 0.752576 0.000000
vt 0.751914 0.000000
vt 0.751228 0.000000
vt 0.751080 0.000000
vt 0.751334 0.000000
vt 0.750861 0.000000
vt 0.750609 0.000000
vt 0.750296 0.000000
vt 0.748939 0.003778
vt 0.749924 0.002977
vt 0.751000 0.003778
vt 0.747721 0.002758
vt 0.748785 0.002202
vt 0.746406 0.001842
vt 0.747619 0.001513
vt 0.745058 0.000000
vt 0.746500 0.000000
vt 0.750942 0.002214
vt 0.752081 0.002758
vt 0.749811 0.001685
vt 0.748750 0.001215
vt 0.747854 0.000000
vt 0.751938 0.001517
vt 0.753190 0.001842
vt 0.750738 0.001216
vt 0.749699 0.000957
vt 0.749063 0.000000
vt 0.743764 0.000000
vt 0.744756 0.000000
vt 0.742762 0.000000
vt 0.746102 0.000000
vt 0.746771 0.000000
vt 0.748666 0.000000
vt 0.748900 0.000000
vt 0.750000 0.000000
vt 0.745695 0.000000
vt 0.743924 0.000000
vt 0.747421 0.000000
vt 0.749135 0.000000
vt 0.746668 0.000000
vt 0.745183 0.000000
vt 0.748088 0.000000
vt 0.749391 0.000000
vt 0.750000 0.000000
vt 0.725988 0.000000
vt 0.723984 0.000000
vt 0.724986 0.000000
vt 0.724826 0.000000
vt 0.723070 0.000000
vt 0.723567 0.000000
vt 0.722093 0.000000
vt 0.722275 0.000000
vt 0.721095 0.000000
vt 0.721948 0.000000
vt 0.722648 0.000000
vt 0.721326 0.000000
vt 0.720664 0.000000
vt 0.719978 0.000000
vt 0.719829 0.000000
vt 0.720084 0.000000
vt 0.719611 0.000000
vt 0.719359 0.000000
vt 0.719046 0.000000
vt 0.717689 0.003778
vt 0.718674 0.002977
vt 0.719750 0.003778
vt 0.716471 0.002758
vt 0.717535 0.002202
vt 0.715156 0.001842
vt 0.716369 0.001513
vt 0.713808 0.000000
vt 0.715250 0.000000
vt 0.719692 0.002214
vt 0.720831 0.002758
vt 0.718561 0.001685
vt 0.717500 0.001215
vt 0.716604 0.000000
vt 0.720688 0.001517
vt 0.721940 0.001842
vt 0.719488 0.001216
vt 0.718449 0.000957
vt 0.717812 0.000000
vt 0.712514 0.000000
vt 0.713506 0.000000
vt 0.711511 0.000000
vt 0.714852 0.000000
vt 0.715521 0.000000
vt 0.717416 0.000000
vt 0.717650 0.000000
vt 0.718750 0.000000
vt 0.714445 0.000000
vt 0.712674 0.000000
vt 0.716171 0.000000
vt 0.717885 0.000000
vt 0.715418 0.000000
vt 0.713933 0.000000
vt 0.716838 0.000000
vt 0.718141 0.000000
vt 0.694739 0.000000
vt 0.692734 0.000000
vt 0.693736 0.000000
vt 0.693576 0.000000
vt 0.691820 0.000000
vt 0.692317 0.000000
vt 0.690843 0.000000
vt 0.691025 0.000000
vt 0.689846 0.000000
vt 0.690698 0.000000
vt 0.691398 0.000000
vt 0.690076 0.000000
vt 0.689414 0.000000
vt 0.688728 0.000000
vt 0.688579 0.000000
vt 0.688834 0.000000
vt 0.688361 0.000000
vt 0.688109 0.000000
vt 0.687796 0.000000
vt 0.686439 0.003778
vt 0.687424 0.002977
vt 0.688500 0.003778
vt 0.685221 0.002758
vt 0.686285 0.002202
vt 0.683906 0.001842
vt 0.685119 0.001513
vt 0.682558 0.000000
vt 0.684000 0.000000
vt 0.688442 0.002214
vt 0.689581 0.002758
vt 0.687311 0.001684
vt 0.686250 0.001215
vt 0.685354 0.000000
vt 0.689438 0.001517
vt 0.690690 0.001842
vt 0.688238 0.001216
vt 0.687199 0.000957
vt 0.686563 0.000000
vt 0.681264 0.000000
vt 0.682256 0.000000
vt 0.680261 0.000000
vt 0.683602 0.000000
vt 0.684271 0.000000
vt 0.686166 0.000000
vt 0.686400 0.000000
vt 0.687500 0.000000
vt 0.683195 0.000000
vt 0.681424 0.000000
vt 0.684921 0.000000
vt 0.686635 0.000000
vt 0.684168 0.000000
vt 0.682683 0.000000
vt 0.685588 0.000000
vt 0.686891 0.000000
vt 0.687500 0.000000
vt 0.663489 0.000000
vt 0.661484 0.000000
vt 0.662486 0.000000
vt 0.662326 0.000000
vt 0.660570 0.000000
vt 0.661067 0.000000
vt 0.659593 0.000000
vt 0.659775 0.000000
vt 0.658596 0.000000
vt 0.659448 0.000000
vt 0.660148 0.000000
vt 0.658826 0.000000
vt 0.658164 0.000000
vt 0.657478 0.000000
vt 0.657329 0.000000
vt 0.657584 0.000000
vt 0.657111 0.000000
vt 0.656859 0.000000
vt 0.656546 0.000000
vt 0.655189 0.003778
vt 0.656174 0.002977
vt 0.657250 0.003778
vt 0.653971 0.002758
vt 0.655035 0.002202
vt 0.652656 0.001842
vt 0.653869 0.001513
vt 0.651308 0.000000
vt 0.652750 0.000000
vt 0.657193 0.002214
vt 0.658331 0.002758
vt 0.656061 0.001685
vt 0.655000 0.001215
vt 0.654104 0.000000
vt 0.658188 0.001517
vt 0.659440 0.001842
vt 0.656988 0.001216
vt 0.655949 0.000957
vt 0.655313 0.000000
vt 0.650014 0.000000
vt 0.651006 0.000000
vt 0.649011 0.000000
vt 0.652352 0.000000
vt 0.653021 0.000000
vt 0.654916 0.000000
vt 0.655150 0.000000
vt 0.656250 0.000000
vt 0.651945 0.000000
vt 0.650174 0.000000
vt 0.653671 0.000000
vt 0.655385 0.000000
vt 0.652918 0.000000
vt 0.651433 0.000000
vt 0.654338 0.000000
vt 0.655641 0.000000
vt 0.632239 0.000000
vt 0.630234 0.000000
vt 0.631236 0.000000
vt 0.631076 0.000000
vt 0.629320 0.000000
vt 0.629817 0.000000
vt 0.628343 0.000000
vt 0.628525 0.000000
vt 0.627346 0.000000
vt 0.628198 0.000000
vt 0.628898 0.000000
vt 0.627576 0.000000
vt 0.626914 0.000000
vt 0.626228 0.000000
vt 0.626079 0.000000
vt 0.626334 0.000000
vt 0.625861 0.000000
vt 0.625609 0.000000
vt 0.625296 0.000000
vt 0.623939 0.003778
vt 0.624924 0.002977
vt 0.626000 0.003778
vt 0.622721 0.002758
vt 0.623785 0.002202
vt 0.621406 0.001842
vt 0.622619 0.001513
vt 0.620058 0.000000
vt 0.621500 0.000000
vt 0.625943 0.002214
vt 0.627081 0.002758
vt 0.624811 0.001685
vt 0.623750 0.001215
vt 0.622854 0.000000
vt 0.626938 0.001517
vt 0.628190 0.001842
vt 0.625738 0.001216
vt 0.624699 0.000957
vt 0.624063 0.000000
vt 0.618764 0.000000
vt 0.619756 0.000000
vt 0.617761 0.000000
vt 0.621102 0.000000
vt 0.621771 0.000000
vt 0.623666 0.000000
vt 0.623900 0.000000
vt 0.625000 0.000000
vt 0.620695 0.000000
vt 0.618924 0.000000
vt 0.622421 0.000000
vt 0.624135 0.000000
vt 0.621668 0.000000
vt 0.620183 0.000000
vt 0.623088 0.000000
vt 0.624391 0.000000
vt 0.600989 0.000000
vt 0.598984 0.000000
vt 0.599986 0.000000
vt 0.599826 0.000000
vt 0.598070 0.000000
vt 0.598567 0.000000
vt 0.597093 0.000000
vt 0.597275 0.000000
vt 0.596096 0.000000
vt 0.596948 0.000000
vt 0.597648 0.000000
vt 0.596326 0.000000
vt 0.595664 0.000000
vt 0.594978 0.000000
vt 0.594829 0.000000
vt 0.595084 0.000000
vt 0.594611 0.000000
vt 0.594359 0.000000
vt 0.594046 0.000000
vt 0.592689 0.003778
vt 0.593674 0.002977
vt 0.594750 0.003778
vt 0.591471 0.002758
vt 0.592535 0.002202
vt 0.590156 0.001842
vt 0.591369 0.001513
vt 0.588808 0.000000
vt 0.590250 0.000000
vt 0.594692 0.002214
vt 0.595831 0.002758
vt 0.593561 0.001684
vt 0.592500 0.001215
vt 0.591604 0.000000
vt 0.595688 0.001517
vt 0.596940 0.001842
vt 0.594488 0.001216
vt 0.593448 0.000957
vt 0.592813 0.000000
vt 0.587514 0.000000
vt 0.588506 0.000000
vt 0.586511 0.000000
vt 0.589852 0.000000
vt 0.590521 0.000000
vt 0.592416 0.000000
vt 0.592650 0.000000
vt 0.593750 0.000000
vt 0.589445 0.000000
vt 0.587674 0.000000
vt 0.591171 0.000000
vt 0.592885 0.000000
vt 0.590418 0.000000
vt 0.588933 0.000000
vt 0.591838 0.000000
vt 0.593141 0.000000
vt 0.569739 0.000000
vt 0.567734 0.000000
vt 0.568736 0.000000
vt 0.568576 0.000000
vt 0.566820 0.000000
vt 0.567317 0.000000
vt 0.565843 0.000000
vt 0.566025 0.000000
vt 0.564846 0.000000
vt 0.565698 0.000000
vt 0.566398 0.000000
vt 0.565076 0.000000
vt 0.564414 0.000000
vt 0.563728 0.000000
vt 0.563579 0.000000
vt 0.563834 0.000000
vt 0.563361 0.000000
vt 0.563109 0.000000
vt 0.562796 0.000000
vt 0.561439 0.003778
vt 0.562424 0.002977
vt 0.563500 0.003778
vt 0.560221 0.002758
vt 0.561285 0.002202
vt 0.558906 0.001842
vt 0.560119 0.001513
vt 0.557558 0.000000
vt 0.559000 0.000000
vt 0.563442 0.002214
vt 0.564581 0.002758
vt 0.562311 0.001684
vt 0.561250 0.001215
vt 0.560354 0.000000
vt 0.564438 0.001517
vt 0.565690 0.001842
vt 0.563238 0.001216
vt 0.562199 0.000957
vt 0.561563 0.000000
vt 0.556264 0.000000
vt 0.557256 0.000000
vt 0.555261 0.000000
vt 0.558602 0.000000
vt 0.559271 0.000000
vt 0.561166 0.000000
vt 0.561400 0.000000
vt 0.562500 0.000000
vt 0.558195 0.000000
vt 0.556424 0.000000
vt 0.559921 0.000000
vt 0.561635 0.000000
vt 0.559168 0.000000
vt 0.557683 0.000000
vt 0.560588 0.000000
vt 0.561891 0.000000
vt 0.538489 0.000000
vt 0.536484 0.000000
vt 0.537486 0.000000
vt 0.537326 0.000000
vt 0.535570 0.000000
vt 0.536067 0.000000
vt 0.534593 0.000000
vt 0.534775 0.000000
vt 0.533596 0.000000
vt 0.534448 0.000000
vt 0.535148 0.000000
vt 0.533826 0.000000
vt 0.533164 0.000000
vt 0.532478 0.000000
vt 0.532329 0.000000
vt 0.532584 0.000000
vt 0.532111 0.000000
vt 0.531859 0.000000
vt 0.531546 0.000000
vt 0.530189 0.003778
vt 0.531174 0.002977
vt 0.532250 0.003778
vt 0.528971 0.002758
vt 0.530035 0.002202
vt 0.527656 0.001842
vt 0.528869 0.001513
vt 0.526308 0.000000
vt 0.527750 0.000000
vt 0.532192 0.002214
vt 0.533331 0.002758
vt 0.531061 0.001684
vt 0.530000 0.001215
vt 0.529104 0.000000
vt 0.533188 0.001517
vt 0.534440 0.001842
vt 0.531989 0.001216
vt 0.530949 0.000957
vt 0.530313 0.000000
vt 0.525014 0.000000
vt 0.526006 0.000000
vt 0.524011 0.000000
vt 0.527352 0.000000
vt 0.528021 0.000000
vt 0.529916 0.000000
vt 0.530150 0.000000
vt 0.531250 0.000000
vt 0.526945 0.000000
vt 0.525174 0.000000
vt 0.528671 0.000000
vt 0.530385 0.000000
vt 0.527918 0.000000
vt 0.526433 0.000000
vt 0.529338 0.000000
vt 0.530641 0.000000
vt 0.507238 0.000000
vt 0.505234 0.000000
vt 0.506236 0.000000
vt 0.506076 0.000000
vt 0.504320 0.000000
vt 0.504817 0.000000
vt 0.503343 0.000000
vt 0.503525 0.000000
vt 0.502346 0.000000
vt 0.503198 0.000000
vt 0.503898 0.000000
vt 0.502576 0.000000
vt 0.501914 0.000000
vt 0.501228 0.000000
vt 0.501079 0.000000
vt 0.501334 0.000000
vt 0.500861 0.000000
vt 0.500609 0.000000
vt 0.500296 0.000000
vt 0.498939 0.003778
vt 0.499924 0.002977
vt 0.501000 0.003778
vt 0.497721 0.002758
vt 0.498785 0.002202
vt 0.496406 0.001842
vt 0.497619 0.001513
vt 0.495058 0.000000
vt 0.496500 0.000000
vt 0.500942 0.002214
vt 0.502081 0.002758
vt 0.499811 0.001684
vt 0.498750 0.001215
vt 0.497854 0.000000
vt 0.501938 0.001517
vt 0.503190 0.001842
vt 0.500738 0.001216
vt 0.499699 0.000957
vt 0.499063 0.000000
vt 0.493764 0.000000
vt 0.494756 0.000000
vt 0.492762 0.000000
vt 0.496102 0.000000
vt 0.496771 0.000000
vt 0.498666 0.000000
vt 0.498900 0.000000
vt 0.500000 0.000000
vt 0.495695 0.000000
vt 0.493924 0.000000
vt 0.497421 0.000000
vt 0.499135 0.000000
vt 0.496668 0.000000
vt 0.495183 0.000000
vt 0.498088 0.000000
vt 0.499391 0.000000
vt 0.475989 0.000000
vt 0.473984 0.000000
vt 0.474986 0.000000
vt 0.474826 0.000000
vt 0.473070 0.000000
vt 0.473567 0.000000
vt 0.472093 0.000000
vt 0.472275 0.000000
vt 0.471096 0.000000
vt 0.471948 0.000000
vt 0.472648 0.000000
vt 0.471326 0.000000
vt 0.470664 0.000000
vt 0.469978 0.000000
vt 0.469829 0.000000
vt 0.470084 0.000000
vt 0.469611 0.000000
vt 0.469359 0.000000
vt 0.469046 0.000000
vt 0.467689 0.003778
vt 0.468674 0.002977
vt 0.469750 0.003778
vt 0.466471 0.002758
vt 0.467535 0.002202
vt 0.465156 0.001842
vt 0.466369 0.001513
vt 0.463808 0.000000
vt 0.465250 0.000000
vt 0.469692 0.002214
vt 0.470831 0.002758
vt 0.468561 0.001684
vt 0.467500 0.001215
vt 0.466604 0.000000
vt 0.470688 0.001517
vt 0.471940 0.001842
vt 0.469488 0.001216
vt 0.468449 0.000957
vt 0.467813 0.000000
vt 0.462514 0.000000
vt 0.463506 0.000000
vt 0.461511 0.000000
vt 0.464852 0.000000
vt 0.465521 0.000000
vt 0.467416 0.000000
vt 0.467650 0.000000
vt 0.468750 0.000000
vt 0.464445 0.000000
vt 0.462674 0.000000
vt 0.466171 0.000000
vt 0.467885 0.000000
vt 0.465418 0.000000
vt 0.463933 0.000000
vt 0.466838 0.000000
vt 0.468141 0.000000
vt 0.444739 0.000000
vt 0.442734 0.000000
vt 0.443736 0.000000
vt 0.443576 0.000000
vt 0.441820 0.000000
vt 0.442317 0.000000
vt 0.440843 0.000000
vt 0.441025 0.000000
vt 0.439846 0.000000
vt 0.440698 0.000000
vt 0.441398 0.000000
vt 0.440076 0.000000
vt 0.439414 0.000000
vt 0.438728 0.000000
vt 0.438579 0.000000
vt 0.438834 0.000000
vt 0.438361 0.000000
vt 0.438109 0.000000
vt 0.437796 0.000000
vt 0.436439 0.003778
vt 0.437424 0.002977
vt 0.438500 0.003778
vt 0.435221 0.002758
vt 0.436285 0.002202
vt 0.433906 0.001842
vt 0.435119 0.001513
vt 0.432558 0.000000
vt 0.434000 0.000000
vt 0.438442 0.002214
vt 0.439581 0.002758
vt 0.437311 0.001684
vt 0.436250 0.001215
vt 0.435354 0.000000
vt 0.439438 0.001517
vt 0.440690 0.001842
vt 0.438238 0.001216
vt 0.437199 0.000957
vt 0.436563 0.000000
vt 0.431264 0.000000
vt 0.432256 0.000000
vt 0.430261 0.000000
vt 0.433602 0.000000
vt 0.434271 0.000000
vt 0.436166 0.000000
vt 0.436400 0.000000
vt 0.437500 0.000000
vt 0.433195 0.000000
vt 0.431424 0.000000
vt 0.434921 0.000000
vt 0.436635 0.000000
vt 0.434168 0.000000
vt 0.432683 0.000000
vt 0.435588 0.000000
vt 0.436891 0.000000
vt 0.413489 0.000000
vt 0.411484 0.000000
vt 0.412486 0.000000
vt 0.412326 0.000000
vt 0.410570 0.000000
vt 0.411067 0.000000
vt 0.409593 0.000000
vt 0.409775 0.000000
vt 0.408596 0.000000
vt 0.409448 0.000000
vt 0.410148 0.000000
vt 0.408826 0.000000
vt 0.408164 0.000000
vt 0.407478 0.000000
vt 0.407329 0.000000
vt 0.407584 0.000000
vt 0.407111 0.000000
vt 0.406859 0.000000
vt 0.406546 0.000000
vt 0.405189 0.003778
vt 0.406174 0.002977
vt 0.407250 0.003778
vt 0.403971 0.002758
vt 0.405035 0.002202
vt 0.402656 0.001842
vt 0.403869 0.001513
vt 0.401308 0.000000
vt 0.402750 0.000000
vt 0.407192 0.002214
vt 0.408331 0.002758
vt 0.406061 0.001684
vt 0.405000 0.001215
vt 0.404104 0.000000
vt 0.408188 0.001517
vt 0.409440 0.001842
vt 0.406988 0.001216
vt 0.405949 0.000957
vt 0.405313 0.000000
vt 0.400014 0.000000
vt 0.401006 0.000000
vt 0.399011 0.000000
vt 0.402352 0.000000
vt 0.403021 0.000000
vt 0.404916 0.000000
vt 0.405150 0.000000
vt 0.406250 0.000000
vt 0.401945 0.000000
vt 0.400174 0.000000
vt 0.403671 0.000000
vt 0.405385 0.000000
vt 0.402918 0.000000
vt 0.401433 0.000000
vt 0.404338 0.000000
vt 0.405641 0.000000
vt 0.382239 0.000000
vt 0.380234 0.000000
vt 0.381236 0.000000
vt 0.381076 0.000000
vt 0.379320 0.000000
vt 0.379817 0.000000
vt 0.378343 0.000000
vt 0.378525 0.000000
vt 0.377346 0.000000
vt 0.378198 0.000000
vt 0.378898 0.000000
vt 0.377576 0.000000
vt 0.376914 0.000000
vt 0.376228 0.000000
vt 0.376079 0.000000
vt 0.376334 0.000000
vt 0.375861 0.000000
vt 0.375609 0.000000
vt 0.375296 0.000000
vt 0.373939 0.003778
vt 0.374924 0.002977
vt 0.376000 0.003778
vt 0.372721 0.002758
vt 0.373785 0.002202
vt 0.371406 0.001842
vt 0.372619 0.001513
vt 0.370058 0.000000
vt 0.371500 0.000000
vt 0.375942 0.002214
vt 0.377081 0.002758
vt 0.374811 0.001684
vt 0.373750 0.001215
vt 0.372854 0.000000
vt 0.376938 0.001517
vt 0.378190 0.001842
vt 0.375738 0.001216
vt 0.374699 0.000957
vt 0.374063 0.000000
vt 0.368764 0.000000
vt 0.369756 0.000000
vt 0.367761 0.000000
vt 0.371102 0.000000
vt 0.371771 0.000000
vt 0.373666 0.000000
vt 0.373900 0.000000
vt 0.375000 0.000000
vt 0.370695 0.000000
vt 0.368924 0.000000
vt 0.372421 0.000000
vt 0.374135 0.000000
vt 0.371668 0.000000
vt 0.370183 0.000000
vt 0.373088 0.000000
vt 0.374391 0.000000
vt 0.350989 0.000000
vt 0.348984 0.000000
vt 0.349986 0.000000
vt 0.349826 0.000000
vt 0.348070 0.000000
vt 0.348567 0.000000
vt 0.347093 0.000000
vt 0.347275 0.000000
vt 0.346096 0.000000
vt 0.346948 0.000000
vt 0.347648 0.000000
vt 0.346326 0.000000
vt 0.345664 0.000000
vt 0.344978 0.000000
vt 0.344830 0.000000
vt 0.345084 0.000000
vt 0.344611 0.000000
vt 0.344359 0.000000
vt 0.344046 0.000000
vt 0.342689 0.003778
vt 0.343674 0.002977
vt 0.344750 0.003778
vt 0.341471 0.002758
vt 0.342535 0.002202
vt 0.340156 0.001842
vt 0.341369 0.001513
vt 0.338808 0.000000
vt 0.340250 0.000000
vt 0.344692 0.002214
vt 0.345831 0.002758
vt 0.343561 0.001685
vt 0.342500 0.001215
vt 0.341604 0.000000
vt 0.345688 0.001517
vt 0.346940 0.001842
vt 0.344488 0.001216
vt 0.343449 0.000957
vt 0.342813 0.000000
vt 0.337514 0.000000
vt 0.338506 0.000000
vt 0.336511 0.000000
vt 0.339852 0.000000
vt 0.340521 0.000000
vt 0.342416 0.000000
vt 0.342650 0.000000
vt 0.343750 0.000000
vt 0.339445 0.000000
vt 0.337674 0.000000
vt 0.341171 0.000000
vt 0.342885 0.000000
vt 0.343750 0.000000
vt 0.340418 0.000000
vt 0.338933 0.000000
vt 0.341838 0.000000
vt 0.343141 0.000000
vt 0.319739 0.000000
vt 0.317734 0.000000
vt 0.318736 0.000000
vt 0.318576 0.000000
vt 0.316820 0.000000
vt 0.317317 0.000000
vt 0.315843 0.000000
vt 0.316025 0.000000
vt 0.314846 0.000000
vt 0.315698 0.000000
vt 0.316398 0.000000
vt 0.315076 0.000000
vt 0.314414 0.000000
vt 0.313728 0.000000
vt 0.313579 0.000000
vt 0.313834 0.000000
vt 0.313361 0.000000
vt 0.313109 0.000000
vt 0.312796 0.000000
vt 0.311439 0.003778
vt 0.312424 0.002977
vt 0.313500 0.003778
vt 0.310221 0.002758
vt 0.311285 0.002202
vt 0.308906 0.001842
vt 0.310119 0.001513
vt 0.307558 0.000000
vt 0.309000 0.000000
vt 0.313442 0.002214
vt 0.314581 0.002758
vt 0.312311 0.001684
vt 0.311250 0.001215
vt 0.310354 0.000000
vt 0.314438 0.001517
vt 0.315690 0.001842
vt 0.313238 0.001216
vt 0.312199 0.000957
vt 0.311563 0.000000
vt 0.306264 0.000000
vt 0.307256 0.000000
vt 0.305261 0.000000
vt 0.308602 0.000000
vt 0.309271 0.000000
vt 0.311166 0.000000
vt 0.311400 0.000000
vt 0.312500 0.000000
vt 0.308195 0.000000
vt 0.306424 0.000000
vt 0.309921 0.000000
vt 0.311635 0.000000
vt 0.309168 0.000000
vt 0.307683 0.000000
vt 0.310588 0.000000
vt 0.311891 0.000000
vt 0.288489 0.000000
vt 0.286484 0.000000
vt 0.287486 0.000000
vt 0.287326 0.000000
vt 0.285570 0.000000
vt 0.286067 0.000000
vt 0.284593 0.000000
vt 0.284775 0.000000
vt 0.283596 0.000000
vt 0.284448 0.000000
vt 0.285148 0.000000
vt 0.283826 0.000000
vt 0.283164 0.000000
vt 0.282478 0.000000
vt 0.282329 0.000000
vt 0.282584 0.000000
vt 0.282111 0.000000
vt 0.281859 0.000000
vt 0.281546 0.000000
vt 0.280189 0.003778
vt 0.281174 0.002977
vt 0.282250 0.003778
vt 0.278971 0.002758
vt 0.280035 0.002202
vt 0.277656 0.001842
vt 0.278869 0.001513
vt 0.276308 0.000000
vt 0.277750 0.000000
vt 0.282193 0.002214
vt 0.283331 0.002758
vt 0.281061 0.001684
vt 0.280000 0.001215
vt 0.279104 0.000000
vt 0.283188 0.001517
vt 0.284440 0.001842
vt 0.281988 0.001216
vt 0.280949 0.000957
vt 0.280313 0.000000
vt 0.275014 0.000000
vt 0.276006 0.000000
vt 0.274012 0.000000
vt 0.277352 0.000000
vt 0.278021 0.000000
vt 0.279916 0.000000
vt 0.280150 0.000000
vt 0.281250 0.000000
vt 0.276945 0.000000
vt 0.275174 0.000000
vt 0.278671 0.000000
vt 0.280385 0.000000
vt 0.277918 0.000000
vt 0.276433 0.000000
vt 0.279338 0.000000
vt 0.280641 0.000000
vt 0.257238 0.000000
vt 0.255234 0.000000
vt 0.256236 0.000000
vt 0.256076 0.000000
vt 0.254320 0.000000
vt 0.254817 0.000000
vt 0.253343 0.000000
vt 0.253525 0.000000
vt 0.252346 0.000000
vt 0.253198 0.000000
vt 0.253898 0.000000
vt 0.252576 0.000000
vt 0.251914 0.000000
vt 0.251228 0.000000
vt 0.251079 0.000000
vt 0.251334 0.000000
vt 0.250861 0.000000
vt 0.250609 0.000000
vt 0.250296 0.000000
vt 0.248939 0.003778
vt 0.249924 0.002977
vt 0.251000 0.003778
vt 0.247721 0.002758
vt 0.248785 0.002202
vt 0.246406 0.001842
vt 0.247619 0.001513
vt 0.245058 0.000000
vt 0.246500 0.000000
vt 0.250942 0.002214
vt 0.252081 0.002758
vt 0.249811 0.001684
vt 0.248750 0.001215
vt 0.247854 0.000000
vt 0.251938 0.001517
vt 0.253190 0.001842
vt 0.250738 0.001216
vt 0.249699 0.000957
vt 0.249063 0.000000
vt 0.243764 0.000000
vt 0.244756 0.000000
vt 0.242762 0.000000
vt 0.246102 0.000000
vt 0.246771 0.000000
vt 0.248666 0.000000
vt 0.248900 0.000000
vt 0.250000 0.000000
vt 0.245695 0.000000
vt 0.243924 0.000000
vt 0.247421 0.000000
vt 0.249135 0.000000
vt 0.246668 0.000000
vt 0.245183 0.000000
vt 0.248088 0.000000
vt 0.249391 0.000000
vt 0.225988 0.000000
vt 0.223984 0.000000
vt 0.224986 0.000000
vt 0.224826 0.000000
vt 0.223070 0.000000
vt 0.223567 0.000000
vt 0.222093 0.000000
vt 0.222275 0.000000
vt 0.221096 0.000000
vt 0.221948 0.000000
vt 0.222648 0.000000
vt 0.221326 0.000000
vt 0.220664 0.000000
vt 0.219978 0.000000
vt 0.219830 0.000000
vt 0.220084 0.000000
vt 0.219611 0.000000
vt 0.219359 0.000000
vt 0.219046 0.000000
vt 0.217689 0.003778
vt 0.218674 0.002977
vt 0.219750 0.003778
vt 0.216471 0.002758
vt 0.217535 0.002202
vt 0.215156 0.001842
vt 0.216369 0.001513
vt 0.213808 0.000000
vt 0.215250 0.000000
vt 0.219692 0.002214
vt 0.220831 0.002758
vt 0.218561 0.001684
vt 0.217500 0.001215
vt 0.216604 0.000000
vt 0.220688 0.001517
vt 0.221940 0.001842
vt 0.219488 0.001216
vt 0.218449 0.000957
vt 0.217813 0.000000
vt 0.212514 0.000000
vt 0.213506 0.000000
vt 0.211511 0.000000
vt 0.214852 0.000000
vt 0.215521 0.000000
vt 0.217416 0.000000
vt 0.217650 0.000000
vt 0.218750 0.000000
vt 0.214445 0.000000
vt 0.212674 0.000000
vt 0.216171 0.000000
vt 0.217885 0.000000
vt 0.215418 0.000000
vt 0.213933 0.000000
vt 0.216838 0.000000
vt 0.218141 0.000000
vt 0.194739 0.000000
vt 0.192734 0.000000
vt 0.193736 0.000000
vt 0.193576 0.000000
vt 0.191820 0.000000
vt 0.192317 0.000000
vt 0.190843 0.000000
vt 0.191025 0.000000
vt 0.189846 0.000000
vt 0.190698 0.000000
vt 0.191398 0.000000
vt 0.190076 0.000000
vt 0.189414 0.000000
vt 0.188728 0.000000
vt 0.188579 0.000000
vt 0.188834 0.000000
vt 0.188361 0.000000
vt 0.188109 0.000000
vt 0.187796 0.000000
vt 0.186439 0.003778
vt 0.187424 0.002977
vt 0.188500 0.003778
vt 0.185221 0.002758
vt 0.186285 0.002202
vt 0.183906 0.001842
vt 0.185119 0.001513
vt 0.182558 0.000000
vt 0.184000 0.000000
vt 0.188442 0.002214
vt 0.189581 0.002758
vt 0.187311 0.001684
vt 0.186250 0.001215
vt 0.185354 0.000000
vt 0.189438 0.001517
vt 0.190690 0.001842
vt 0.188238 0.001216
vt 0.187199 0.000957
vt 0.186563 0.000000
vt 0.181264 0.000000
vt 0.182256 0.000000
vt 0.180261 0.000000
vt 0.183602 0.000000
vt 0.184271 0.000000
vt 0.186166 0.000000
vt 0.186400 0.000000
vt 0.187500 0.000000
vt 0.183195 0.000000
vt 0.181424 0.000000
vt 0.184921 0.000000
vt 0.186635 0.000000
vt 0.184168 0.000000
vt 0.182683 0.000000
vt 0.185588 0.000000
vt 0.186891 0.000000
vt 0.163489 0.000000
vt 0.161484 0.000000
vt 0.162486 0.000000
vt 0.162326 0.000000
vt 0.160570 0.000000
vt 0.161067 0.000000
vt 0.159593 0.000000
vt 0.159775 0.000000
vt 0.158596 0.000000
vt 0.159448 0.000000
vt 0.160148 0.000000
vt 0.158826 0.000000
vt 0.158164 0.000000
vt 0.157478 0.000000
vt 0.157329 0.000000
vt 0.157584 0.000000
vt 0.157111 0.000000
vt 0.156859 0.000000
vt 0.156546 0.000000
vt 0.155189 0.003778
vt 0.156174 0.002977
vt 0.157250 0.003778
vt 0.153971 0.002758
vt 0.155035 0.002202
vt 0.152656 0.001842
vt 0.153869 0.001513
vt 0.151308 0.000000
vt 0.152750 0.000000
vt 0.157192 0.002214
vt 0.158331 0.002758
vt 0.156061 0.001684
vt 0.155000 0.001215
vt 0.154104 0.000000
vt 0.158188 0.001517
vt 0.159440 0.001842
vt 0.156988 0.001216
vt 0.155949 0.000957
vt 0.155313 0.000000
vt 0.150014 0.000000
vt 0.151006 0.000000
vt 0.149011 0.000000
vt 0.152352 0.000000
vt 0.153021 0.000000
vt 0.154916 0.000000
vt 0.155150 0.000000
vt 0.156250 0.000000
vt 0.151945 0.000000
vt 0.150174 0.000000
vt 0.153671 0.000000
vt 0.155385 0.000000
vt 0.152918 0.000000
vt 0.151433 0.000000
vt 0.154338 0.000000
vt 0.155641 0.000000
vt 0.132239 0.000000
vt 0.130234 0.000000
vt 0.131236 0.000000
vt 0.131076 0.000000
vt 0.129320 0.000000
vt 0.129817 0.000000
vt 0.128343 0.000000
vt 0.128525 0.000000
vt 0.127346 0.000000
vt 0.128198 0.000000
vt 0.128898 0.000000
vt 0.127576 0.000000
vt 0.126914 0.000000
vt 0.126228 0.000000
vt 0.126079 0.000000
vt 0.126334 0.000000
vt 0.125861 0.000000
vt 0.125609 0.000000
vt 0.125296 0.000000
vt 0.123939 0.003778
vt 0.124924 0.002977
vt 0.126000 0.003778
vt 0.122721 0.002758
vt 0.123785 0.002202
vt 0.121406 0.001842
vt 0.122619 0.001513
vt 0.120058 0.000000
vt 0.121500 0.000000
vt 0.125942 0.002214
vt 0.127081 0.002758
vt 0.124811 0.001684
vt 0.123750 0.001215
vt 0.122854 0.000000
vt 0.126938 0.001517
vt 0.128190 0.001842
vt 0.125738 0.001216
vt 0.124699 0.000957
vt 0.124063 0.000000
vt 0.118764 0.000000
vt 0.119756 0.000000
vt 0.117761 0.000000
vt 0.121102 0.000000
vt 0.121771 0.000000
vt 0.123666 0.000000
vt 0.123900 0.000000
vt 0.125000 0.000000
vt 0.120695 0.000000
vt 0.118924 0.000000
vt 0.122421 0.000000
vt 0.124135 0.000000
vt 0.121668 0.000000
vt 0.120183 0.000000
vt 0.123088 0.000000
vt 0.124391 0.000000
vt 0.100988 0.000000
vt 0.098984 0.000000
vt 0.099986 0.000000
vt 0.099826 0.000000
vt 0.098070 0.000000
vt 0.098567 0.000000
vt 0.097093 0.000000
vt 0.097275 0.000000
vt 0.096096 0.000000
vt 0.096948 0.000000
vt 0.097648 0.000000
vt 0.096326 0.000000
vt 0.095664 0.000000
vt 0.094978 0.000000
vt 0.094829 0.000000
vt 0.095084 0.000000
vt 0.094611 0.000000
vt 0.094359 0.000000
vt 0.094046 0.000000
vt 0.092689 0.003778
vt 0.093674 0.002977
vt 0.094750 0.003778
vt 0.091471 0.002758
vt 0.092535 0.002202
vt 0.090156 0.001842
vt 0.091369 0.001513
vt 0.088808 0.000000
vt 0.090250 0.000000
vt 0.094692 0.002214
vt 0.095831 0.002758
vt 0.093561 0.001685
vt 0.092500 0.001215
vt 0.091604 0.000000
vt 0.095688 0.001517
vt 0.096940 0.001842
vt 0.094488 0.001216
vt 0.093449 0.000957
vt 0.092813 0.000000
vt 0.087514 0.000000
vt 0.088506 0.000000
vt 0.086511 0.000000
vt 0.089852 0.000000
vt 0.090521 0.000000
vt 0.092416 0.000000
vt 0.092650 0.000000
vt 0.093750 0.000000
vt 0.089445 0.000000
vt 0.087674 0.000000
vt 0.091171 0.000000
vt 0.092885 0.000000
vt 0.090418 0.000000
vt 0.088933 0.000000
vt 0.091838 0.000000
vt 0.093141 0.000000
vt 0.069739 0.000000
vt 0.067734 0.000000
vt 0.068736 0.000000
vt 0.068576 0.000000
vt 0.066820 0.000000
vt 0.067317 0.000000
vt 0.065843 0.000000
vt 0.066025 0.000000
vt 0.064846 0.000000
vt 0.065698 0.000000
vt 0.066398 0.000000
vt 0.065076 0.000000
vt 0.064414 0.000000
vt 0.063728 0.000000
vt 0.063579 0.000000
vt 0.063834 0.000000
vt 0.063361 0.000000
vt 0.063109 0.000000
vt 0.062796 0.000000
vt 0.061439 0.003778
vt 0.062424 0.002977
vt 0.063500 0.003778
vt 0.060221 0.002758
vt 0.061285 0.002202
vt 0.058906 0.001842
vt 0.060119 0.001513
vt 0.057558 0.000000
vt 0.059000 0.000000
vt 0.063442 0.002214
vt 0.064581 0.002758
vt 0.062311 0.001684
vt 0.061250 0.001215
vt 0.060354 0.000000
vt 0.064438 0.001517
vt 0.065690 0.001842
vt 0.063238 0.001216
vt 0.062199 0.000957
vt 0.061563 0.000000
vt 0.056264 0.000000
vt 0.057256 0.000000
vt 0.055261 0.000000
vt 0.058602 0.000000
vt 0.059271 0.000000
vt 0.061166 0.000000
vt 0.061400 0.000000
vt 0.062500 0.000000
vt 0.058195 0.000000
vt 0.056424 0.000000
vt 0.059921 0.000000
vt 0.061635 0.000000
vt 0.059168 0.000000
vt 0.057683 0.000000
vt 0.060588 0.000000
vt 0.061891 0.000000
vt 0.038489 0.000000
vt 0.036484 0.000000
vt 0.037486 0.000000
vt 0.037326 0.000000
vt 0.035570 0.000000
vt 0.036067 0.000000
vt 0.034593 0.000000
vt 0.034775 0.000000
vt 0.033596 0.000000
vt 0.034448 0.000000
vt 0.035148 0.000000
vt 0.033826 0.000000
vt 0.033164 0.000000
vt 0.032478 0.000000
vt 0.032329 0.000000
vt 0.032584 0.000000
vt 0.032111 0.000000
vt 0.031859 0.000000
vt 0.031546 0.000000
vt 0.030189 0.003778
vt 0.031174 0.002977
vt 0.032250 0.003778
vt 0.028971 0.002758
vt 0.030035 0.002202
vt 0.027656 0.001842
vt 0.028869 0.001513
vt 0.026308 0.000000
vt 0.027750 0.000000
vt 0.032193 0.002214
vt 0.033331 0.002758
vt 0.031061 0.001684
vt 0.030000 0.001215
vt 0.029104 0.000000
vt 0.033188 0.001517
vt 0.034440 0.001842
vt 0.031988 0.001216
vt 0.030949 0.000957
vt 0.030313 0.000000
vt 0.025014 0.000000
vt 0.026006 0.000000
vt 0.024011 0.000000
vt 0.027352 0.000000
vt 0.028021 0.000000
vt 0.029916 0.000000
vt 0.030150 0.000000
vt 0.031250 0.000000
vt 0.026945 0.000000
vt 0.025174 0.000000
vt 0.028671 0.000000
vt 0.030385 0.000000
vt 0.027918 0.000000
vt 0.026433 0.000000
vt 0.029338 0.000000
vt 0.030641 0.000000
vt 0.990363 0.000000
vt 0.991566 0.000000
vt 0.993968 0.000000
vt 0.992791 0.000000
vt 0.992952 0.000000
vt 0.995052 0.000000
vt 0.994450 0.000000
vt 0.996204 0.000000
vt -0.003861 0.000000
vt -0.002379 0.000000
vt 0.996370 0.000000
vt 0.995560 0.000000
vt 0.997097 0.000000
vt 0.997868 0.000000
vt -0.000944 0.000000
vt 0.998799 0.000000
vt 0.998511 0.000000
vt 0.999051 0.000000
vt 0.999337 0.000000
vt 0.001163 0.003777
vt -0.000092 0.002977
vt -0.001196 0.003777
vt 0.002497 0.002757
vt 0.001149 0.002201
vt 0.003936 0.001842
vt 0.002414 0.001513
vt 0.005412 0.000000
vt 0.003600 0.000000
vt -0.001443 0.002214
vt -0.002655 0.002757
vt -0.000194 0.001684
vt 0.000960 0.001215
vt 0.001872 0.000000
vt -0.002872 0.001517
vt -0.004307 0.001842
vt -0.001494 0.001216
vt -0.000323 0.000957
vt 0.000299 0.000000
vt 0.007209 0.000000
vt 0.006051 0.000000
vt 0.008434 0.000000
vt 0.004440 0.000000
vt 0.003668 0.000000
vt 0.001489 0.000000
vt 0.001223 0.000000
vt 0.004938 0.000000
vt 0.007048 0.000000
vt 0.002908 0.000000
vt 0.000953 0.000000
vt 0.003785 0.000000
vt 0.005550 0.000000
vt 0.002130 0.000000
vt 0.000663 0.000000
vt 1.000000 0.000000
vt 0.978387 0.000000
vt 0.975959 0.000000
vt 0.974801 0.000000
vt 0.977184 0.000000
vt 0.973190 0.000000
vt 0.972418 0.000000
vt 0.970239 0.000000
vt 0.969973 0.000000
vt 0.973687 0.000000
vt 0.975798 0.000000
vt 0.971658 0.000000
vt 0.969703 0.000000
vt 0.972535 0.000000
vt 0.974300 0.000000
vt 0.970880 0.000000
vt 0.969413 0.000000
vt 0.960316 0.000000
vt 0.962718 0.000000
vt 0.961541 0.000000
vt 0.961702 0.000000
vt 0.963802 0.000000
vt 0.963200 0.000000
vt 0.964954 0.000000
vt 0.964889 0.000000
vt 0.966371 0.000000
vt 0.965119 0.000000
vt 0.964310 0.000000
vt 0.965847 0.000000
vt 0.966618 0.000000
vt 0.967806 0.000000
vt 0.967549 0.000000
vt 0.967261 0.000000
vt 0.967801 0.000000
vt 0.968087 0.000000
vt 0.969913 0.003777
vt 0.968657 0.002977
vt 0.967554 0.003777
vt 0.971247 0.002757
vt 0.969899 0.002202
vt 0.972686 0.001842
vt 0.971164 0.001513
vt 0.974162 0.000000
vt 0.972350 0.000000
vt 0.967307 0.002214
vt 0.966095 0.002757
vt 0.968556 0.001684
vt 0.969710 0.001215
vt 0.970622 0.000000
vt 0.965878 0.001517
vt 0.964443 0.001842
vt 0.967256 0.001216
vt 0.968427 0.000957
vt 0.969049 0.000000
vt 0.944709 0.000000
vt 0.943551 0.000000
vt 0.945934 0.000000
vt 0.941940 0.000000
vt 0.941168 0.000000
vt 0.938989 0.000000
vt 0.938723 0.000000
vt 0.942438 0.000000
vt 0.944548 0.000000
vt 0.940408 0.000000
vt 0.938453 0.000000
vt 0.937500 0.000000
vt 0.941285 0.000000
vt 0.943050 0.000000
vt 0.939630 0.000000
vt 0.938163 0.000000
vt 0.929066 0.000000
vt 0.931468 0.000000
vt 0.930291 0.000000
vt 0.930452 0.000000
vt 0.932552 0.000000
vt 0.931950 0.000000
vt 0.933704 0.000000
vt 0.933639 0.000000
vt 0.935121 0.000000
vt 0.933869 0.000000
vt 0.933060 0.000000
vt 0.934597 0.000000
vt 0.935368 0.000000
vt 0.936556 0.000000
vt 0.936300 0.000000
vt 0.936011 0.000000
vt 0.936551 0.000000
vt 0.936837 0.000000
vt 0.938663 0.003777
vt 0.937408 0.002977
vt 0.936304 0.003777
vt 0.939997 0.002757
vt 0.938649 0.002201
vt 0.941436 0.001842
vt 0.939914 0.001513
vt 0.942912 0.000000
vt 0.941100 0.000000
vt 0.936057 0.002213
vt 0.934845 0.002757
vt 0.937306 0.001684
vt 0.938460 0.001215
vt 0.939372 0.000000
vt 0.934628 0.001517
vt 0.933193 0.001842
vt 0.936006 0.001216
vt 0.937177 0.000957
vt 0.937799 0.000000
vt 0.913459 0.000000
vt 0.912301 0.000000
vt 0.914684 0.000000
vt 0.910690 0.000000
vt 0.909918 0.000000
vt 0.907739 0.000000
vt 0.907474 0.000000
vt 0.911188 0.000000
vt 0.913298 0.000000
vt 0.909157 0.000000
vt 0.907204 0.000000
vt 0.910035 0.000000
vt 0.911800 0.000000
vt 0.908380 0.000000
vt 0.906913 0.000000
vt 0.897816 0.000000
vt 0.900218 0.000000
vt 0.899041 0.000000
vt 0.899202 0.000000
vt 0.901302 0.000000
vt 0.900700 0.000000
vt 0.902454 0.000000
vt 0.902389 0.000000
vt 0.903871 0.000000
vt 0.902619 0.000000
vt 0.901810 0.000000
vt 0.903347 0.000000
vt 0.904118 0.000000
vt 0.905306 0.000000
vt 0.905050 0.000000
vt 0.904761 0.000000
vt 0.905301 0.000000
vt 0.905587 0.000000
vt 0.907413 0.003777
vt 0.906158 0.002977
vt 0.905054 0.003777
vt 0.908747 0.002757
vt 0.907399 0.002201
vt 0.910186 0.001842
vt 0.908664 0.001513
vt 0.911662 0.000000
vt 0.909850 0.000000
vt 0.904807 0.002213
vt 0.903595 0.002757
vt 0.906056 0.001684
vt 0.907210 0.001215
vt 0.908122 0.000000
vt 0.903378 0.001517
vt 0.901943 0.001842
vt 0.904756 0.001216
vt 0.905927 0.000957
vt 0.906549 0.000000
vt 0.882209 0.000000
vt 0.881051 0.000000
vt 0.883434 0.000000
vt 0.879440 0.000000
vt 0.878668 0.000000
vt 0.876489 0.000000
vt 0.876224 0.000000
vt 0.879938 0.000000
vt 0.882048 0.000000
vt 0.877907 0.000000
vt 0.875953 0.000000
vt 0.878785 0.000000
vt 0.880550 0.000000
vt 0.877130 0.000000
vt 0.875663 0.000000
vt 0.866566 0.000000
vt 0.868968 0.000000
vt 0.867791 0.000000
vt 0.867952 0.000000
vt 0.870052 0.000000
vt 0.869450 0.000000
vt 0.871205 0.000000
vt 0.871139 0.000000
vt 0.872621 0.000000
vt 0.871369 0.000000
vt 0.870560 0.000000
vt 0.872097 0.000000
vt 0.872868 0.000000
vt 0.874056 0.000000
vt 0.873800 0.000000
vt 0.873511 0.000000
vt 0.874051 0.000000
vt 0.874337 0.000000
vt 0.876163 0.003777
vt 0.874908 0.002977
vt 0.873804 0.003777
vt 0.877497 0.002757
vt 0.876149 0.002201
vt 0.878936 0.001842
vt 0.877414 0.001513
vt 0.880412 0.000000
vt 0.878600 0.000000
vt 0.873557 0.002214
vt 0.872345 0.002757
vt 0.874806 0.001684
vt 0.875960 0.001215
vt 0.876872 0.000000
vt 0.872128 0.001517
vt 0.870693 0.001842
vt 0.873506 0.001216
vt 0.874677 0.000957
vt 0.875299 0.000000
vt 0.850959 0.000000
vt 0.849801 0.000000
vt 0.852184 0.000000
vt 0.848190 0.000000
vt 0.847418 0.000000
vt 0.845239 0.000000
vt 0.844973 0.000000
vt 0.848688 0.000000
vt 0.850798 0.000000
vt 0.846658 0.000000
vt 0.844703 0.000000
vt 0.843750 0.000000
vt 0.847535 0.000000
vt 0.849300 0.000000
vt 0.845880 0.000000
vt 0.844413 0.000000
vt 0.835316 0.000000
vt 0.837718 0.000000
vt 0.836541 0.000000
vt 0.836702 0.000000
vt 0.838802 0.000000
vt 0.838200 0.000000
vt 0.839954 0.000000
vt 0.839889 0.000000
vt 0.841371 0.000000
vt 0.840119 0.000000
vt 0.839310 0.000000
vt 0.840847 0.000000
vt 0.841618 0.000000
vt 0.842806 0.000000
vt 0.842550 0.000000
vt 0.842261 0.000000
vt 0.842801 0.000000
vt 0.843087 0.000000
vt 0.844913 0.003777
vt 0.843658 0.002977
vt 0.842554 0.003777
vt 0.846247 0.002757
vt 0.844899 0.002201
vt 0.847686 0.001842
vt 0.846164 0.001513
vt 0.849162 0.000000
vt 0.847350 0.000000
vt 0.842307 0.002213
vt 0.841095 0.002757
vt 0.843556 0.001684
vt 0.844710 0.001215
vt 0.845622 0.000000
vt 0.840878 0.001517
vt 0.839443 0.001842
vt 0.842256 0.001216
vt 0.843427 0.000957
vt 0.844049 0.000000
vt 0.819709 0.000000
vt 0.818551 0.000000
vt 0.820934 0.000000
vt 0.816940 0.000000
vt 0.816168 0.000000
vt 0.813989 0.000000
vt 0.813724 0.000000
vt 0.812500 0.000000
vt 0.817438 0.000000
vt 0.819548 0.000000
vt 0.815407 0.000000
vt 0.813454 0.000000
vt 0.816285 0.000000
vt 0.818050 0.000000
vt 0.814630 0.000000
vt 0.813163 0.000000
vt 0.804066 0.000000
vt 0.806468 0.000000
vt 0.805291 0.000000
vt 0.805452 0.000000
vt 0.807552 0.000000
vt 0.806950 0.000000
vt 0.808704 0.000000
vt 0.808639 0.000000
vt 0.810121 0.000000
vt 0.808869 0.000000
vt 0.808060 0.000000
vt 0.809597 0.000000
vt 0.810368 0.000000
vt 0.811556 0.000000
vt 0.811299 0.000000
vt 0.811011 0.000000
vt 0.811551 0.000000
vt 0.811837 0.000000
vt 0.813663 0.003777
vt 0.812408 0.002977
vt 0.811304 0.003777
vt 0.814997 0.002757
vt 0.813649 0.002201
vt 0.816436 0.001842
vt 0.814914 0.001513
vt 0.817912 0.000000
vt 0.816100 0.000000
vt 0.811057 0.002214
vt 0.809845 0.002757
vt 0.812306 0.001684
vt 0.813460 0.001215
vt 0.814372 0.000000
vt 0.809628 0.001517
vt 0.808193 0.001842
vt 0.811006 0.001216
vt 0.812177 0.000957
vt 0.812799 0.000000
vt 0.788459 0.000000
vt 0.787301 0.000000
vt 0.789684 0.000000
vt 0.785690 0.000000
vt 0.784918 0.000000
vt 0.782739 0.000000
vt 0.782473 0.000000
vt 0.781250 0.000000
vt 0.786188 0.000000
vt 0.788298 0.000000
vt 0.784158 0.000000
vt 0.782203 0.000000
vt 0.785035 0.000000
vt 0.786800 0.000000
vt 0.783380 0.000000
vt 0.781913 0.000000
vt 0.772816 0.000000
vt 0.775218 0.000000
vt 0.774041 0.000000
vt 0.774202 0.000000
vt 0.776302 0.000000
vt 0.775700 0.000000
vt 0.777454 0.000000
vt 0.777389 0.000000
vt 0.778871 0.000000
vt 0.777619 0.000000
vt 0.776810 0.000000
vt 0.778347 0.000000
vt 0.779118 0.000000
vt 0.780306 0.000000
vt 0.780050 0.000000
vt 0.779761 0.000000
vt 0.780301 0.000000
vt 0.780587 0.000000
vt 0.782413 0.003777
vt 0.781158 0.002977
vt 0.780054 0.003777
vt 0.783747 0.002757
vt 0.782399 0.002202
vt 0.785186 0.001842
vt 0.783664 0.001513
vt 0.786662 0.000000
vt 0.784850 0.000000
vt 0.779807 0.002213
vt 0.778595 0.002757
vt 0.781056 0.001684
vt 0.782210 0.001215
vt 0.783122 0.000000
vt 0.778378 0.001517
vt 0.776943 0.001842
vt 0.779756 0.001216
vt 0.780927 0.000957
vt 0.781549 0.000000
vt 0.757209 0.000000
vt 0.756051 0.000000
vt 0.758434 0.000000
vt 0.754440 0.000000
vt 0.753668 0.000000
vt 0.751489 0.000000
vt 0.751224 0.000000
vt 0.754937 0.000000
vt 0.757048 0.000000
vt 0.752908 0.000000
vt 0.750953 0.000000
vt 0.753785 0.000000
vt 0.755550 0.000000
vt 0.752130 0.000000
vt 0.750663 0.000000
vt 0.741566 0.000000
vt 0.743968 0.000000
vt 0.742791 0.000000
vt 0.742952 0.000000
vt 0.745052 0.000000
vt 0.744450 0.000000
vt 0.746204 0.000000
vt 0.746139 0.000000
vt 0.747621 0.000000
vt 0.746369 0.000000
vt 0.745560 0.000000
vt 0.747097 0.000000
vt 0.747868 0.000000
vt 0.749056 0.000000
vt 0.748800 0.000000
vt 0.748511 0.000000
vt 0.749051 0.000000
vt 0.749337 0.000000
vt 0.751163 0.003777
vt 0.749907 0.002977
vt 0.748804 0.003777
vt 0.752497 0.002757
vt 0.751149 0.002202
vt 0.753936 0.001842
vt 0.752414 0.001513
vt 0.755412 0.000000
vt 0.753600 0.000000
vt 0.748557 0.002213
vt 0.747345 0.002757
vt 0.749806 0.001684
vt 0.750960 0.001215
vt 0.751872 0.000000
vt 0.747128 0.001517
vt 0.745693 0.001842
vt 0.748506 0.001216
vt 0.749677 0.000957
vt 0.750299 0.000000
vt 0.725959 0.000000
vt 0.724801 0.000000
vt 0.727184 0.000000
vt 0.723190 0.000000
vt 0.722418 0.000000
vt 0.720239 0.000000
vt 0.719974 0.000000
vt 0.723687 0.000000
vt 0.725798 0.000000
vt 0.721658 0.000000
vt 0.719703 0.000000
vt 0.722535 0.000000
vt 0.724300 0.000000
vt 0.720880 0.000000
vt 0.719413 0.000000
vt 0.710316 0.000000
vt 0.712718 0.000000
vt 0.711541 0.000000
vt 0.711702 0.000000
vt 0.713802 0.000000
vt 0.713200 0.000000
vt 0.714954 0.000000
vt 0.714889 0.000000
vt 0.716371 0.000000
vt 0.715119 0.000000
vt 0.714310 0.000000
vt 0.715847 0.000000
vt 0.716618 0.000000
vt 0.717806 0.000000
vt 0.717549 0.000000
vt 0.717261 0.000000
vt 0.717801 0.000000
vt 0.718087 0.000000
vt 0.719913 0.003777
vt 0.718657 0.002977
vt 0.717554 0.003777
vt 0.721247 0.002757
vt 0.719899 0.002202
vt 0.722686 0.001842
vt 0.721164 0.001513
vt 0.724162 0.000000
vt 0.722350 0.000000
vt 0.717307 0.002213
vt 0.716095 0.002757
vt 0.718556 0.001684
vt 0.719710 0.001215
vt 0.720622 0.000000
vt 0.715878 0.001517
vt 0.714443 0.001842
vt 0.717256 0.001216
vt 0.718427 0.000957
vt 0.719049 0.000000
vt 0.694709 0.000000
vt 0.693551 0.000000
vt 0.695934 0.000000
vt 0.691940 0.000000
vt 0.691168 0.000000
vt 0.688989 0.000000
vt 0.688724 0.000000
vt 0.692438 0.000000
vt 0.694548 0.000000
vt 0.690408 0.000000
vt 0.688453 0.000000
vt 0.691285 0.000000
vt 0.693050 0.000000
vt 0.689630 0.000000
vt 0.688163 0.000000
vt 0.679066 0.000000
vt 0.681468 0.000000
vt 0.680291 0.000000
vt 0.680452 0.000000
vt 0.682552 0.000000
vt 0.681950 0.000000
vt 0.683704 0.000000
vt 0.683639 0.000000
vt 0.685121 0.000000
vt 0.683869 0.000000
vt 0.683060 0.000000
vt 0.684597 0.000000
vt 0.685368 0.000000
vt 0.686556 0.000000
vt 0.686300 0.000000
vt 0.686011 0.000000
vt 0.686551 0.000000
vt 0.686837 0.000000
vt 0.688663 0.003777
vt 0.687407 0.002977
vt 0.686304 0.003777
vt 0.689997 0.002757
vt 0.688649 0.002201
vt 0.691436 0.001842
vt 0.689914 0.001513
vt 0.692912 0.000000
vt 0.691100 0.000000
vt 0.686057 0.002213
vt 0.684845 0.002757
vt 0.687306 0.001684
vt 0.688460 0.001215
vt 0.689372 0.000000
vt 0.684628 0.001517
vt 0.683193 0.001842
vt 0.686006 0.001216
vt 0.687177 0.000957
vt 0.687799 0.000000
vt 0.663459 0.000000
vt 0.662301 0.000000
vt 0.664684 0.000000
vt 0.660690 0.000000
vt 0.659918 0.000000
vt 0.657739 0.000000
vt 0.657473 0.000000
vt 0.661188 0.000000
vt 0.663298 0.000000
vt 0.659158 0.000000
vt 0.657203 0.000000
vt 0.660035 0.000000
vt 0.661800 0.000000
vt 0.658380 0.000000
vt 0.656913 0.000000
vt 0.647816 0.000000
vt 0.650218 0.000000
vt 0.649041 0.000000
vt 0.649202 0.000000
vt 0.651302 0.000000
vt 0.650700 0.000000
vt 0.652454 0.000000
vt 0.652389 0.000000
vt 0.653871 0.000000
vt 0.652619 0.000000
vt 0.651810 0.000000
vt 0.653347 0.000000
vt 0.654118 0.000000
vt 0.655306 0.000000
vt 0.655050 0.000000
vt 0.654761 0.000000
vt 0.655301 0.000000
vt 0.655587 0.000000
vt 0.657413 0.003777
vt 0.656157 0.002977
vt 0.655054 0.003777
vt 0.658747 0.002757
vt 0.657399 0.002201
vt 0.660186 0.001842
vt 0.658664 0.001513
vt 0.661662 0.000000
vt 0.659850 0.000000
vt 0.654807 0.002213
vt 0.653595 0.002757
vt 0.656056 0.001684
vt 0.657210 0.001215
vt 0.658122 0.000000
vt 0.653378 0.001517
vt 0.651943 0.001842
vt 0.654756 0.001216
vt 0.655927 0.000957
vt 0.656549 0.000000
vt 0.632209 0.000000
vt 0.631051 0.000000
vt 0.633434 0.000000
vt 0.629440 0.000000
vt 0.628668 0.000000
vt 0.626489 0.000000
vt 0.626224 0.000000
vt 0.629938 0.000000
vt 0.632048 0.000000
vt 0.627907 0.000000
vt 0.625953 0.000000
vt 0.628785 0.000000
vt 0.630550 0.000000
vt 0.627130 0.000000
vt 0.625663 0.000000
vt 0.616566 0.000000
vt 0.618968 0.000000
vt 0.617791 0.000000
vt 0.617952 0.000000
vt 0.620052 0.000000
vt 0.619450 0.000000
vt 0.621205 0.000000
vt 0.621139 0.000000
vt 0.622621 0.000000
vt 0.621369 0.000000
vt 0.620560 0.000000
vt 0.622097 0.000000
vt 0.622868 0.000000
vt 0.624056 0.000000
vt 0.623800 0.000000
vt 0.623511 0.000000
vt 0.624051 0.000000
vt 0.624337 0.000000
vt 0.626163 0.003777
vt 0.624907 0.002977
vt 0.623804 0.003777
vt 0.627497 0.002757
vt 0.626149 0.002201
vt 0.628936 0.001842
vt 0.627414 0.001513
vt 0.630412 0.000000
vt 0.628600 0.000000
vt 0.623557 0.002214
vt 0.622345 0.002757
vt 0.624806 0.001684
vt 0.625960 0.001215
vt 0.626872 0.000000
vt 0.622128 0.001517
vt 0.620693 0.001842
vt 0.623506 0.001216
vt 0.624677 0.000957
vt 0.625298 0.000000
vt 0.600959 0.000000
vt 0.599801 0.000000
vt 0.602184 0.000000
vt 0.598190 0.000000
vt 0.597418 0.000000
vt 0.595239 0.000000
vt 0.594974 0.000000
vt 0.593750 0.000000
vt 0.598687 0.000000
vt 0.600798 0.000000
vt 0.596658 0.000000
vt 0.594703 0.000000
vt 0.597535 0.000000
vt 0.599300 0.000000
vt 0.595880 0.000000
vt 0.594413 0.000000
vt 0.585316 0.000000
vt 0.587718 0.000000
vt 0.586541 0.000000
vt 0.586702 0.000000
vt 0.588802 0.000000
vt 0.588200 0.000000
vt 0.589954 0.000000
vt 0.589889 0.000000
vt 0.591371 0.000000
vt 0.590119 0.000000
vt 0.589310 0.000000
vt 0.590847 0.000000
vt 0.591618 0.000000
vt 0.592806 0.000000
vt 0.592550 0.000000
vt 0.592261 0.000000
vt 0.592801 0.000000
vt 0.593087 0.000000
vt 0.594913 0.003777
vt 0.593657 0.002977
vt 0.592554 0.003777
vt 0.596247 0.002757
vt 0.594899 0.002202
vt 0.597686 0.001842
vt 0.596164 0.001513
vt 0.599162 0.000000
vt 0.597350 0.000000
vt 0.592307 0.002214
vt 0.591095 0.002757
vt 0.593556 0.001684
vt 0.594710 0.001215
vt 0.595622 0.000000
vt 0.590878 0.001517
vt 0.589443 0.001842
vt 0.592256 0.001216
vt 0.593427 0.000957
vt 0.594049 0.000000
vt 0.569709 0.000000
vt 0.568551 0.000000
vt 0.570934 0.000000
vt 0.566940 0.000000
vt 0.566168 0.000000
vt 0.563989 0.000000
vt 0.563723 0.000000
vt 0.567438 0.000000
vt 0.569548 0.000000
vt 0.565408 0.000000
vt 0.563453 0.000000
vt 0.566285 0.000000
vt 0.568050 0.000000
vt 0.564630 0.000000
vt 0.563163 0.000000
vt 0.554066 0.000000
vt 0.556468 0.000000
vt 0.555291 0.000000
vt 0.555452 0.000000
vt 0.557552 0.000000
vt 0.556950 0.000000
vt 0.558704 0.000000
vt 0.558639 0.000000
vt 0.560121 0.000000
vt 0.558869 0.000000
vt 0.558060 0.000000
vt 0.559597 0.000000
vt 0.560368 0.000000
vt 0.561556 0.000000
vt 0.561300 0.000000
vt 0.561011 0.000000
vt 0.561551 0.000000
vt 0.561837 0.000000
vt 0.563663 0.003777
vt 0.562407 0.002977
vt 0.561304 0.003777
vt 0.564997 0.002757
vt 0.563649 0.002201
vt 0.566436 0.001842
vt 0.564914 0.001513
vt 0.567912 0.000000
vt 0.566100 0.000000
vt 0.561057 0.002214
vt 0.559845 0.002757
vt 0.562306 0.001684
vt 0.563460 0.001215
vt 0.564372 0.000000
vt 0.559628 0.001517
vt 0.558193 0.001842
vt 0.561006 0.001216
vt 0.562177 0.000957
vt 0.562799 0.000000
vt 0.538459 0.000000
vt 0.537301 0.000000
vt 0.539684 0.000000
vt 0.535690 0.000000
vt 0.534918 0.000000
vt 0.532739 0.000000
vt 0.532474 0.000000
vt 0.536188 0.000000
vt 0.538298 0.000000
vt 0.534158 0.000000
vt 0.532203 0.000000
vt 0.535035 0.000000
vt 0.536800 0.000000
vt 0.533380 0.000000
vt 0.531913 0.000000
vt 0.522816 0.000000
vt 0.525218 0.000000
vt 0.524041 0.000000
vt 0.524202 0.000000
vt 0.526302 0.000000
vt 0.525700 0.000000
vt 0.527455 0.000000
vt 0.527389 0.000000
vt 0.528871 0.000000
vt 0.527619 0.000000
vt 0.526810 0.000000
vt 0.528347 0.000000
vt 0.529118 0.000000
vt 0.530306 0.000000
vt 0.530050 0.000000
vt 0.529761 0.000000
vt 0.530301 0.000000
vt 0.530587 0.000000
vt 0.532413 0.003777
vt 0.531157 0.002977
vt 0.530054 0.003777
vt 0.533747 0.002757
vt 0.532399 0.002202
vt 0.535186 0.001842
vt 0.533664 0.001513
vt 0.536662 0.000000
vt 0.534850 0.000000
vt 0.529807 0.002213
vt 0.528595 0.002757
vt 0.531056 0.001684
vt 0.532210 0.001215
vt 0.533122 0.000000
vt 0.528378 0.001517
vt 0.526943 0.001842
vt 0.529756 0.001216
vt 0.530927 0.000957
vt 0.531549 0.000000
vt 0.507209 0.000000
vt 0.506051 0.000000
vt 0.508434 0.000000
vt 0.504440 0.000000
vt 0.503668 0.000000
vt 0.501489 0.000000
vt 0.501223 0.000000
vt 0.504938 0.000000
vt 0.507048 0.000000
vt 0.502908 0.000000
vt 0.500953 0.000000
vt 0.503785 0.000000
vt 0.505550 0.000000
vt 0.502130 0.000000
vt 0.500663 0.000000
vt 0.491566 0.000000
vt 0.493968 0.000000
vt 0.492791 0.000000
vt 0.492952 0.000000
vt 0.495052 0.000000
vt 0.494450 0.000000
vt 0.496205 0.000000
vt 0.496139 0.000000
vt 0.497621 0.000000
vt 0.496370 0.000000
vt 0.495560 0.000000
vt 0.497097 0.000000
vt 0.497868 0.000000
vt 0.499056 0.000000
vt 0.498800 0.000000
vt 0.498511 0.000000
vt 0.499051 0.000000
vt 0.499337 0.000000
vt 0.501163 0.003777
vt 0.499907 0.002977
vt 0.498804 0.003777
vt 0.502497 0.002757
vt 0.501149 0.002201
vt 0.503936 0.001842
vt 0.502414 0.001513
vt 0.505412 0.000000
vt 0.503600 0.000000
vt 0.498557 0.002214
vt 0.497345 0.002757
vt 0.499806 0.001684
vt 0.500960 0.001215
vt 0.501872 0.000000
vt 0.497128 0.001517
vt 0.495693 0.001842
vt 0.498506 0.001216
vt 0.499677 0.000957
vt 0.500299 0.000000
vt 0.475959 0.000000
vt 0.474801 0.000000
vt 0.477184 0.000000
vt 0.473190 0.000000
vt 0.472418 0.000000
vt 0.470239 0.000000
vt 0.469973 0.000000
vt 0.473687 0.000000
vt 0.475798 0.000000
vt 0.471657 0.000000
vt 0.469703 0.000000
vt 0.472535 0.000000
vt 0.474300 0.000000
vt 0.470880 0.000000
vt 0.469413 0.000000
vt 0.468750 0.000000
vt 0.460316 0.000000
vt 0.462718 0.000000
vt 0.461541 0.000000
vt 0.461702 0.000000
vt 0.463802 0.000000
vt 0.463200 0.000000
vt 0.464954 0.000000
vt 0.464889 0.000000
vt 0.466371 0.000000
vt 0.465119 0.000000
vt 0.464310 0.000000
vt 0.465847 0.000000
vt 0.466618 0.000000
vt 0.467806 0.000000
vt 0.467550 0.000000
vt 0.467261 0.000000
vt 0.467801 0.000000
vt 0.468087 0.000000
vt 0.469913 0.003777
vt 0.468658 0.002977
vt 0.467554 0.003777
vt 0.471247 0.002757
vt 0.469899 0.002201
vt 0.472686 0.001842
vt 0.471164 0.001513
vt 0.474162 0.000000
vt 0.472350 0.000000
vt 0.467307 0.002214
vt 0.466095 0.002757
vt 0.468556 0.001684
vt 0.469710 0.001215
vt 0.470622 0.000000
vt 0.465878 0.001517
vt 0.464443 0.001842
vt 0.467256 0.001216
vt 0.468427 0.000957
vt 0.469049 0.000000
vt 0.444709 0.000000
vt 0.443551 0.000000
vt 0.445934 0.000000
vt 0.441940 0.000000
vt 0.441168 0.000000
vt 0.438989 0.000000
vt 0.438724 0.000000
vt 0.437500 0.000000
vt 0.442438 0.000000
vt 0.444548 0.000000
vt 0.440408 0.000000
vt 0.438453 0.000000
vt 0.441285 0.000000
vt 0.443050 0.000000
vt 0.439630 0.000000
vt 0.438163 0.000000
vt 0.429066 0.000000
vt 0.431468 0.000000
vt 0.430291 0.000000
vt 0.430452 0.000000
vt 0.432552 0.000000
vt 0.431950 0.000000
vt 0.433704 0.000000
vt 0.433639 0.000000
vt 0.435121 0.000000
vt 0.433869 0.000000
vt 0.433060 0.000000
vt 0.434597 0.000000
vt 0.435368 0.000000
vt 0.436556 0.000000
vt 0.436300 0.000000
vt 0.436011 0.000000
vt 0.436551 0.000000
vt 0.436837 0.000000
vt 0.438663 0.003777
vt 0.437407 0.002977
vt 0.436304 0.003777
vt 0.439997 0.002757
vt 0.438649 0.002201
vt 0.441436 0.001842
vt 0.439914 0.001513
vt 0.442912 0.000000
vt 0.441100 0.000000
vt 0.436057 0.002214
vt 0.434845 0.002757
vt 0.437306 0.001684
vt 0.438460 0.001215
vt 0.439372 0.000000
vt 0.434628 0.001517
vt 0.433193 0.001842
vt 0.436006 0.001216
vt 0.437177 0.000957
vt 0.437799 0.000000
vt 0.413459 0.000000
vt 0.412301 0.000000
vt 0.414684 0.000000
vt 0.410690 0.000000
vt 0.409918 0.000000
vt 0.407739 0.000000
vt 0.407474 0.000000
vt 0.411188 0.000000
vt 0.413298 0.000000
vt 0.409158 0.000000
vt 0.407203 0.000000
vt 0.410035 0.000000
vt 0.411800 0.000000
vt 0.408380 0.000000
vt 0.406913 0.000000
vt 0.397816 0.000000
vt 0.400218 0.000000
vt 0.399041 0.000000
vt 0.399202 0.000000
vt 0.401302 0.000000
vt 0.400700 0.000000
vt 0.402455 0.000000
vt 0.402389 0.000000
vt 0.403871 0.000000
vt 0.402619 0.000000
vt 0.401810 0.000000
vt 0.403347 0.000000
vt 0.404118 0.000000
vt 0.405306 0.000000
vt 0.405050 0.000000
vt 0.404761 0.000000
vt 0.405301 0.000000
vt 0.405587 0.000000
vt 0.407413 0.003777
vt 0.406157 0.002977
vt 0.405054 0.003777
vt 0.408747 0.002757
vt 0.407399 0.002201
vt 0.410186 0.001842
vt 0.408664 0.001513
vt 0.411662 0.000000
vt 0.409850 0.000000
vt 0.404807 0.002213
vt 0.403595 0.002757
vt 0.406056 0.001684
vt 0.407210 0.001215
vt 0.408122 0.000000
vt 0.403378 0.001517
vt 0.401943 0.001842
vt 0.404756 0.001216
vt 0.405927 0.000957
vt 0.406549 0.000000
vt 0.382209 0.000000
vt 0.381051 0.000000
vt 0.383434 0.000000
vt 0.379440 0.000000
vt 0.378668 0.000000
vt 0.376489 0.000000
vt 0.376223 0.000000
vt 0.375000 0.000000
vt 0.379937 0.000000
vt 0.382048 0.000000
vt 0.377907 0.000000
vt 0.375953 0.000000
vt 0.378785 0.000000
vt 0.380550 0.000000
vt 0.377130 0.000000
vt 0.375663 0.000000
vt 0.366566 0.000000
vt 0.368968 0.000000
vt 0.367791 0.000000
vt 0.367952 0.000000
vt 0.370052 0.000000
vt 0.369450 0.000000
vt 0.371205 0.000000
vt 0.371139 0.000000
vt 0.372621 0.000000
vt 0.371369 0.000000
vt 0.370560 0.000000
vt 0.372097 0.000000
vt 0.372868 0.000000
vt 0.374056 0.000000
vt 0.373800 0.000000
vt 0.373511 0.000000
vt 0.374051 0.000000
vt 0.374337 0.000000
vt 0.376163 0.003777
vt 0.374907 0.002977
vt 0.373804 0.003777
vt 0.377497 0.002757
vt 0.376149 0.002201
vt 0.378936 0.001842
vt 0.377414 0.001513
vt 0.380412 0.000000
vt 0.378600 0.000000
vt 0.373557 0.002213
vt 0.372345 0.002757
vt 0.374806 0.001684
vt 0.375960 0.001215
vt 0.376872 0.000000
vt 0.372128 0.001517
vt 0.370693 0.001842
vt 0.373506 0.001216
vt 0.374677 0.000957
vt 0.375299 0.000000
vt 0.350959 0.000000
vt 0.349801 0.000000
vt 0.352184 0.000000
vt 0.348190 0.000000
vt 0.347418 0.000000
vt 0.345239 0.000000
vt 0.344973 0.000000
vt 0.348687 0.000000
vt 0.350798 0.000000
vt 0.346657 0.000000
vt 0.344703 0.000000
vt 0.347535 0.000000
vt 0.349300 0.000000
vt 0.345880 0.000000
vt 0.344413 0.000000
vt 0.335316 0.000000
vt 0.337718 0.000000
vt 0.336541 0.000000
vt 0.336702 0.000000
vt 0.338802 0.000000
vt 0.338200 0.000000
vt 0.339954 0.000000
vt 0.339889 0.000000
vt 0.341371 0.000000
vt 0.340119 0.000000
vt 0.339310 0.000000
vt 0.340847 0.000000
vt 0.341618 0.000000
vt 0.342806 0.000000
vt 0.342549 0.000000
vt 0.342261 0.000000
vt 0.342801 0.000000
vt 0.343087 0.000000
vt 0.344913 0.003777
vt 0.343658 0.002977
vt 0.342554 0.003777
vt 0.346247 0.002757
vt 0.344899 0.002201
vt 0.347686 0.001842
vt 0.346164 0.001513
vt 0.349162 0.000000
vt 0.347350 0.000000
vt 0.342307 0.002213
vt 0.341095 0.002757
vt 0.343556 0.001684
vt 0.344710 0.001215
vt 0.345622 0.000000
vt 0.340878 0.001517
vt 0.339443 0.001842
vt 0.342256 0.001216
vt 0.343427 0.000957
vt 0.344049 0.000000
vt 0.319709 0.000000
vt 0.318551 0.000000
vt 0.320934 0.000000
vt 0.316940 0.000000
vt 0.316168 0.000000
vt 0.313989 0.000000
vt 0.313723 0.000000
vt 0.312500 0.000000
vt 0.317438 0.000000
vt 0.319548 0.000000
vt 0.315408 0.000000
vt 0.313453 0.000000
vt 0.316285 0.000000
vt 0.318050 0.000000
vt 0.314630 0.000000
vt 0.313163 0.000000
vt 0.304066 0.000000
vt 0.306468 0.000000
vt 0.305291 0.000000
vt 0.305452 0.000000
vt 0.307552 0.000000
vt 0.306950 0.000000
vt 0.308704 0.000000
vt 0.308639 0.000000
vt 0.310121 0.000000
vt 0.308869 0.000000
vt 0.308060 0.000000
vt 0.309597 0.000000
vt 0.310368 0.000000
vt 0.311556 0.000000
vt 0.311300 0.000000
vt 0.311011 0.000000
vt 0.311551 0.000000
vt 0.311837 0.000000
vt 0.313663 0.003777
vt 0.312408 0.002977
vt 0.311304 0.003777
vt 0.314997 0.002757
vt 0.313649 0.002202
vt 0.316436 0.001842
vt 0.314914 0.001513
vt 0.317912 0.000000
vt 0.316100 0.000000
vt 0.311057 0.002213
vt 0.309845 0.002757
vt 0.312306 0.001684
vt 0.313460 0.001215
vt 0.314372 0.000000
vt 0.309628 0.001517
vt 0.308193 0.001842
vt 0.311006 0.001216
vt 0.312177 0.000957
vt 0.312799 0.000000
vt 0.288459 0.000000
vt 0.287301 0.000000
vt 0.289684 0.000000
vt 0.285690 0.000000
vt 0.284918 0.000000
vt 0.282739 0.000000
vt 0.282474 0.000000
vt 0.286188 0.000000
vt 0.288298 0.000000
vt 0.284158 0.000000
vt 0.282203 0.000000
vt 0.285035 0.000000
vt 0.286800 0.000000
vt 0.283380 0.000000
vt 0.281913 0.000000
vt 0.272816 0.000000
vt 0.275218 0.000000
vt 0.274041 0.000000
vt 0.274202 0.000000
vt 0.276302 0.000000
vt 0.275700 0.000000
vt 0.277455 0.000000
vt 0.277389 0.000000
vt 0.278871 0.000000
vt 0.277620 0.000000
vt 0.276810 0.000000
vt 0.278347 0.000000
vt 0.279118 0.000000
vt 0.280306 0.000000
vt 0.280050 0.000000
vt 0.279761 0.000000
vt 0.280301 0.000000
vt 0.280587 0.000000
vt 0.282413 0.003777
vt 0.281158 0.002977
vt 0.280054 0.003777
vt 0.283747 0.002757
vt 0.282399 0.002202
vt 0.285186 0.001842
vt 0.283664 0.001513
vt 0.286662 0.000000
vt 0.284850 0.000000
vt 0.279807 0.002214
vt 0.278595 0.002757
vt 0.281056 0.001684
vt 0.282210 0.001215
vt 0.283122 0.000000
vt 0.278378 0.001517
vt 0.276943 0.001842
vt 0.279756 0.001216
vt 0.280927 0.000957
vt 0.281549 0.000000
vt 0.257209 0.000000
vt 0.256051 0.000000
vt 0.258434 0.000000
vt 0.254440 0.000000
vt 0.253668 0.000000
vt 0.251489 0.000000
vt 0.251224 0.000000
vt 0.254937 0.000000
vt 0.257048 0.000000
vt 0.252907 0.000000
vt 0.250953 0.000000
vt 0.253785 0.000000
vt 0.255550 0.000000
vt 0.252130 0.000000
vt 0.250663 0.000000
vt 0.241566 0.000000
vt 0.243968 0.000000
vt 0.242791 0.000000
vt 0.242952 0.000000
vt 0.245052 0.000000
vt 0.244450 0.000000
vt 0.246205 0.000000
vt 0.246139 0.000000
vt 0.247621 0.000000
vt 0.246370 0.000000
vt 0.245560 0.000000
vt 0.247097 0.000000
vt 0.247868 0.000000
vt 0.249056 0.000000
vt 0.248800 0.000000
vt 0.248511 0.000000
vt 0.249051 0.000000
vt 0.249337 0.000000
vt 0.251163 0.003777
vt 0.249908 0.002977
vt 0.248804 0.003777
vt 0.252497 0.002757
vt 0.251149 0.002201
vt 0.253936 0.001842
vt 0.252414 0.001513
vt 0.255412 0.000000
vt 0.253600 0.000000
vt 0.248557 0.002214
vt 0.247345 0.002757
vt 0.249806 0.001684
vt 0.250960 0.001215
vt 0.251872 0.000000
vt 0.247128 0.001517
vt 0.245693 0.001842
vt 0.248506 0.001216
vt 0.249677 0.000957
vt 0.250299 0.000000
vt 0.225959 0.000000
vt 0.224801 0.000000
vt 0.227184 0.000000
vt 0.223190 0.000000
vt 0.222418 0.000000
vt 0.220239 0.000000
vt 0.219973 0.000000
vt 0.223687 0.000000
vt 0.225798 0.000000
vt 0.221657 0.000000
vt 0.219703 0.000000
vt 0.222535 0.000000
vt 0.224300 0.000000
vt 0.220880 0.000000
vt 0.219413 0.000000
vt 0.218750 0.000000
vt 0.210316 0.000000
vt 0.212718 0.000000
vt 0.211541 0.000000
vt 0.211702 0.000000
vt 0.213802 0.000000
vt 0.213200 0.000000
vt 0.214954 0.000000
vt 0.214889 0.000000
vt 0.216371 0.000000
vt 0.215119 0.000000
vt 0.214310 0.000000
vt 0.215847 0.000000
vt 0.216618 0.000000
vt 0.217806 0.000000
vt 0.217550 0.000000
vt 0.217261 0.000000
vt 0.217801 0.000000
vt 0.218087 0.000000
vt 0.219913 0.003777
vt 0.218657 0.002977
vt 0.217554 0.003777
vt 0.221247 0.002757
vt 0.219899 0.002201
vt 0.222686 0.001842
vt 0.221164 0.001513
vt 0.224162 0.000000
vt 0.222350 0.000000
vt 0.217307 0.002213
vt 0.216095 0.002757
vt 0.218556 0.001684
vt 0.219710 0.001215
vt 0.220622 0.000000
vt 0.215878 0.001517
vt 0.214443 0.001842
vt 0.217256 0.001216
vt 0.218427 0.000957
vt 0.219049 0.000000
vt 0.194709 0.000000
vt 0.193551 0.000000
vt 0.195934 0.000000
vt 0.191940 0.000000
vt 0.191168 0.000000
vt 0.188989 0.000000
vt 0.188724 0.000000
vt 0.192438 0.000000
vt 0.194548 0.000000
vt 0.190408 0.000000
vt 0.188454 0.000000
vt 0.191285 0.000000
vt 0.193050 0.000000
vt 0.189630 0.000000
vt 0.188163 0.000000
vt 0.179066 0.000000
vt 0.181468 0.000000
vt 0.180291 0.000000
vt 0.180452 0.000000
vt 0.182552 0.000000
vt 0.181950 0.000000
vt 0.183704 0.000000
vt 0.183639 0.000000
vt 0.185121 0.000000
vt 0.183869 0.000000
vt 0.183060 0.000000
vt 0.184597 0.000000
vt 0.185368 0.000000
vt 0.186556 0.000000
vt 0.186300 0.000000
vt 0.186011 0.000000
vt 0.186551 0.000000
vt 0.186837 0.000000
vt 0.188663 0.003777
vt 0.187407 0.002977
vt 0.186304 0.003777
vt 0.189997 0.002757
vt 0.188649 0.002201
vt 0.191436 0.001842
vt 0.189914 0.001513
vt 0.192912 0.000000
vt 0.191100 0.000000
vt 0.186057 0.002214
vt 0.184845 0.002757
vt 0.187306 0.001684
vt 0.188460 0.001215
vt 0.189372 0.000000
vt 0.184628 0.001517
vt 0.183193 0.001842
vt 0.186006 0.001216
vt 0.187177 0.000957
vt 0.187799 0.000000
vt 0.163459 0.000000
vt 0.162301 0.000000
vt 0.164684 0.000000
vt 0.160690 0.000000
vt 0.159918 0.000000
vt 0.157739 0.000000
vt 0.157474 0.000000
vt 0.161188 0.000000
vt 0.163298 0.000000
vt 0.159158 0.000000
vt 0.157204 0.000000
vt 0.160035 0.000000
vt 0.161800 0.000000
vt 0.158380 0.000000
vt 0.156913 0.000000
vt 0.147816 0.000000
vt 0.150218 0.000000
vt 0.149041 0.000000
vt 0.149202 0.000000
vt 0.151302 0.000000
vt 0.150700 0.000000
vt 0.152455 0.000000
vt 0.152389 0.000000
vt 0.153871 0.000000
vt 0.152620 0.000000
vt 0.151810 0.000000
vt 0.153347 0.000000
vt 0.154118 0.000000
vt 0.155306 0.000000
vt 0.155050 0.000000
vt 0.154761 0.000000
vt 0.155301 0.000000
vt 0.155587 0.000000
vt 0.157413 0.003777
vt 0.156157 0.002977
vt 0.155054 0.003777
vt 0.158747 0.002757
vt 0.157399 0.002201
vt 0.160186 0.001842
vt 0.158664 0.001513
vt 0.161662 0.000000
vt 0.159850 0.000000
vt 0.154807 0.002213
vt 0.153595 0.002757
vt 0.156056 0.001684
vt 0.157210 0.001215
vt 0.158122 0.000000
vt 0.153378 0.001517
vt 0.151943 0.001842
vt 0.154756 0.001216
vt 0.155927 0.000957
vt 0.156549 0.000000
vt 0.132209 0.000000
vt 0.131051 0.000000
vt 0.133434 0.000000
vt 0.129440 0.000000
vt 0.128668 0.000000
vt 0.126489 0.000000
vt 0.126223 0.000000
vt 0.129937 0.000000
vt 0.132048 0.000000
vt 0.127907 0.000000
vt 0.125953 0.000000
vt 0.128785 0.000000
vt 0.130550 0.000000
vt 0.127130 0.000000
vt 0.125663 0.000000
vt 0.116566 0.000000
vt 0.118968 0.000000
vt 0.117791 0.000000
vt 0.117952 0.000000
vt 0.120052 0.000000
vt 0.119450 0.000000
vt 0.121205 0.000000
vt 0.121139 0.000000
vt 0.122621 0.000000
vt 0.121370 0.000000
vt 0.120560 0.000000
vt 0.122097 0.000000
vt 0.122868 0.000000
vt 0.124056 0.000000
vt 0.123800 0.000000
vt 0.123511 0.000000
vt 0.124051 0.000000
vt 0.124337 0.000000
vt 0.126163 0.003777
vt 0.124907 0.002977
vt 0.123804 0.003777
vt 0.127497 0.002757
vt 0.126149 0.002201
vt 0.128936 0.001842
vt 0.127414 0.001513
vt 0.130412 0.000000
vt 0.128600 0.000000
vt 0.123557 0.002213
vt 0.122345 0.002757
vt 0.124806 0.001684
vt 0.125960 0.001215
vt 0.126872 0.000000
vt 0.122128 0.001517
vt 0.120693 0.001842
vt 0.123506 0.001216
vt 0.124677 0.000957
vt 0.125299 0.000000
vt 0.100959 0.000000
vt 0.099801 0.000000
vt 0.102184 0.000000
vt 0.098190 0.000000
vt 0.097418 0.000000
vt 0.095239 0.000000
vt 0.094973 0.000000
vt 0.098687 0.000000
vt 0.100798 0.000000
vt 0.096657 0.000000
vt 0.094703 0.000000
vt 0.097535 0.000000
vt 0.099300 0.000000
vt 0.095880 0.000000
vt 0.094413 0.000000
vt 0.085316 0.000000
vt 0.087718 0.000000
vt 0.086541 0.000000
vt 0.086702 0.000000
vt 0.088802 0.000000
vt 0.088200 0.000000
vt 0.089954 0.000000
vt 0.089889 0.000000
vt 0.091371 0.000000
vt 0.090119 0.000000
vt 0.089310 0.000000
vt 0.090847 0.000000
vt 0.091618 0.000000
vt 0.092806 0.000000
vt 0.092550 0.000000
vt 0.092261 0.000000
vt 0.092801 0.000000
vt 0.093087 0.000000
vt 0.094913 0.003777
vt 0.093658 0.002977
vt 0.092554 0.003777
vt 0.096247 0.002757
vt 0.094899 0.002201
vt 0.097686 0.001842
vt 0.096164 0.001513
vt 0.099162 0.000000
vt 0.097350 0.000000
vt 0.092307 0.002213
vt 0.091095 0.002757
vt 0.093556 0.001684
vt 0.094710 0.001215
vt 0.095622 0.000000
vt 0.090878 0.001517
vt 0.089443 0.001842
vt 0.092256 0.001216
vt 0.093427 0.000957
vt 0.094049 0.000000
vt 0.069709 0.000000
vt 0.068551 0.000000
vt 0.070934 0.000000
vt 0.066940 0.000000
vt 0.066168 0.000000
vt 0.063989 0.000000
vt 0.063723 0.000000
vt 0.067438 0.000000
vt 0.069548 0.000000
vt 0.065408 0.000000
vt 0.063453 0.000000
vt 0.066285 0.000000
vt 0.068050 0.000000
vt 0.064630 0.000000
vt 0.063163 0.000000
vt 0.054066 0.000000
vt 0.056468 0.000000
vt 0.055291 0.000000
vt 0.055452 0.000000
vt 0.057552 0.000000
vt 0.056950 0.000000
vt 0.058704 0.000000
vt 0.058639 0.000000
vt 0.060121 0.000000
vt 0.058869 0.000000
vt 0.058060 0.000000
vt 0.059597 0.000000
vt 0.060368 0.000000
vt 0.061556 0.000000
vt 0.061299 0.000000
vt 0.061011 0.000000
vt 0.061551 0.000000
vt 0.061837 0.000000
vt 0.063663 0.003777
vt 0.062408 0.002977
vt 0.061304 0.003777
vt 0.064997 0.002757
vt 0.063649 0.002201
vt 0.066436 0.001842
vt 0.064914 0.001513
vt 0.067912 0.000000
vt 0.066100 0.000000
vt 0.061057 0.002213
vt 0.059845 0.002757
vt 0.062306 0.001684
vt 0.063460 0.001215
vt 0.064372 0.000000
vt 0.059628 0.001517
vt 0.058193 0.001842
vt 0.061006 0.001216
vt 0.062177 0.000957
vt 0.062799 0.000000
vt 0.038459 0.000000
vt 0.037301 0.000000
vt 0.039684 0.000000
vt 0.035690 0.000000
vt 0.034918 0.000000
vt 0.032739 0.000000
vt 0.032473 0.000000
vt 0.036188 0.000000
vt 0.038298 0.000000
vt 0.034158 0.000000
vt 0.032203 0.000000
vt 0.035035 0.000000
vt 0.036800 0.000000
vt 0.033380 0.000000
vt 0.031913 0.000000
vt 0.022816 0.000000
vt 0.025218 0.000000
vt 0.024041 0.000000
vt 0.024202 0.000000
vt 0.026302 0.000000
vt 0.025700 0.000000
vt 0.027455 0.000000
vt 0.027389 0.000000
vt 0.028871 0.000000
vt 0.027619 0.000000
vt 0.026810 0.000000
vt 0.028347 0.000000
vt 0.029118 0.000000
vt 0.030306 0.000000
vt 0.030049 0.000000
vt 0.029761 0.000000
vt 0.030301 0.000000
vt 0.030587 0.000000
vt 0.032413 0.003777
vt 0.031158 0.002977
vt 0.030054 0.003777
vt 0.033747 0.002757
vt 0.032399 0.002201
vt 0.035187 0.001842
vt 0.033664 0.001513
vt 0.036662 0.000000
vt 0.034850 0.000000
vt 0.029807 0.002214
vt 0.028595 0.002757
vt 0.031056 0.001684
vt 0.032210 0.001215
vt 0.033122 0.000000
vt 0.028378 0.001517
vt 0.026943 0.001842
vt 0.029756 0.001216
vt 0.030927 0.000957
vt 0.031549 0.000000
vt 0.972344 0.001842
vt 0.971029 0.002758
vt 0.969811 0.003778
vt 0.941094 0.001842
vt 0.939779 0.002758
vt 0.938561 0.003778
vt 0.909844 0.001842
vt 0.908529 0.002758
vt 0.907311 0.003778
vt 0.878594 0.001842
vt 0.877279 0.002758
vt 0.876061 0.003778
vt 0.847344 0.001842
vt 0.846029 0.002758
vt 0.844811 0.003778
vt 0.816094 0.001842
vt 0.814779 0.002758
vt 0.813561 0.003778
vt 0.784844 0.001842
vt 0.783529 0.002758
vt 0.782311 0.003778
vt 0.753594 0.001842
vt 0.752279 0.002758
vt 0.751061 0.003778
vt 0.722344 0.001842
vt 0.721029 0.002758
vt 0.719811 0.003778
vt 0.691094 0.001842
vt 0.689779 0.002758
vt 0.688561 0.003778
vt 0.659844 0.001842
vt 0.658529 0.002758
vt 0.657311 0.003778
vt 0.628594 0.001842
vt 0.627279 0.002758
vt 0.626061 0.003778
vt 0.597344 0.001842
vt 0.596029 0.002758
vt 0.594811 0.003778
vt 0.566094 0.001842
vt 0.564779 0.002758
vt 0.563561 0.003778
vt 0.534844 0.001842
vt 0.533529 0.002758
vt 0.532311 0.003778
vt 0.503594 0.001842
vt 0.502279 0.002758
vt 0.501061 0.003778
vt 0.472344 0.001842
vt 0.471029 0.002758
vt 0.469811 0.003778
vt 0.441094 0.001842
vt 0.439779 0.002758
vt 0.438561 0.003778
vt 0.409844 0.001842
vt 0.408529 0.002758
vt 0.407311 0.003778
vt 0.378594 0.001842
vt 0.377279 0.002758
vt 0.376061 0.003778
vt 0.347344 0.001842
vt 0.346029 0.002758
vt 0.344811 0.003778
vt 0.316094 0.001842
vt 0.314779 0.002758
vt 0.313561 0.003778
vt 0.284844 0.001842
vt 0.283529 0.002758
vt 0.282311 0.003778
vt 0.253594 0.001842
vt 0.252279 0.002758
vt 0.251061 0.003778
vt 0.222344 0.001842
vt 0.221029 0.002758
vt 0.219811 0.003778
vt 0.191094 0.001842
vt 0.189779 0.002758
vt 0.188561 0.003778
vt 0.159844 0.001842
vt 0.158529 0.002758
vt 0.157311 0.003778
vt 0.128594 0.001842
vt 0.127279 0.002758
vt 0.126061 0.003778
vt 0.097344 0.001842
vt 0.096029 0.002758
vt 0.094811 0.003778
vt 0.066094 0.001842
vt 0.064779 0.002758
vt 0.063561 0.003778
vt 0.034844 0.001842
vt 0.033529 0.002758
vt 0.032311 0.003778
vt 0.003594 0.001842
vt 0.002279 0.002758
vt 0.001061 0.003778
vt 0.998837 0.003777
vt 0.997503 0.002757
vt 0.996064 0.001842
vt 0.967587 0.003777
vt 0.966253 0.002757
vt 0.964813 0.001842
vt 0.936337 0.003777
vt 0.935003 0.002757
vt 0.933564 0.001842
vt 0.905087 0.003777
vt 0.903753 0.002757
vt 0.902314 0.001842
vt 0.873837 0.003777
vt 0.872503 0.002757
vt 0.871064 0.001842
vt 0.842587 0.003777
vt 0.841253 0.002757
vt 0.839813 0.001842
vt 0.811337 0.003777
vt 0.810003 0.002757
vt 0.808564 0.001842
vt 0.780087 0.003777
vt 0.778753 0.002757
vt 0.777314 0.001842
vt 0.748837 0.003777
vt 0.747503 0.002757
vt 0.746064 0.001842
vt 0.717587 0.003777
vt 0.716253 0.002757
vt 0.714813 0.001842
vt 0.686337 0.003777
vt 0.685003 0.002757
vt 0.683563 0.001842
vt 0.655087 0.003777
vt 0.653753 0.002757
vt 0.652314 0.001842
vt 0.623837 0.003777
vt 0.622503 0.002757
vt 0.621064 0.001842
vt 0.592587 0.003777
vt 0.591253 0.002757
vt 0.589814 0.001842
vt 0.561337 0.003777
vt 0.560003 0.002757
vt 0.558564 0.001842
vt 0.530087 0.003777
vt 0.528753 0.002757
vt 0.527314 0.001842
vt 0.498837 0.003777
vt 0.497503 0.002757
vt 0.496064 0.001842
vt 0.467587 0.003777
vt 0.466253 0.002757
vt 0.464813 0.001842
vt 0.436337 0.003777
vt 0.435003 0.002757
vt 0.433564 0.001842
vt 0.405087 0.003777
vt 0.403753 0.002757
vt 0.402314 0.001842
vt 0.373837 0.003777
vt 0.372503 0.002757
vt 0.371064 0.001842
vt 0.342587 0.003777
vt 0.341253 0.002757
vt 0.339814 0.001842
vt 0.311337 0.003777
vt 0.310003 0.002757
vt 0.308564 0.001842
vt 0.280087 0.003777
vt 0.278753 0.002757
vt 0.277314 0.001842
vt 0.248837 0.003777
vt 0.247503 0.002757
vt 0.246064 0.001842
vt 0.217587 0.003777
vt 0.216253 0.002757
vt 0.214814 0.001842
vt 0.186337 0.003777
vt 0.185003 0.002757
vt 0.183564 0.001842
vt 0.155087 0.003777
vt 0.153753 0.002757
vt 0.152314 0.001842
vt 0.123837 0.003777
vt 0.122503 0.002757
vt 0.121064 0.001842
vt 0.092587 0.003777
vt 0.091253 0.002757
vt 0.089814 0.001842
vt 0.061337 0.003777
vt 0.060003 0.002757
vt 0.058564 0.001842
vt 0.030087 0.003777
vt 0.028753 0.002757
vt 0.027314 0.001842
s 0
usemtl Black-Material
f 5460/3749/1969 3938/3750/1969 3907/3751/1969 3973/3752/1969
f 4021/3753/1970 4067/3754/1970 5603/3755/1970 5556/3756/1970
f 4069/3757/1970 4115/3758/1970 5651/3759/1970 5604/3760/1970
f 4117/3761/1970 4163/3762/1970 5699/3763/1970 5652/3764/1970
f 4165/3765/1970 4211/3766/1970 5747/3767/1970 5700/3768/1970
f 4213/3769/1970 4259/3770/1970 5795/3771/1970 5748/3772/1970
f 4261/3773/1970 4307/3774/1970 5843/3775/1970 5796/3776/1970
f 4309/3777/1970 4355/3778/1970 5891/3779/1970 5844/3780/1970
f 4357/3781/1970 4403/3782/1970 5939/3783/1970 5892/3784/1970
f 4405/3785/1970 4451/3786/1970 5987/3787/1970 5940/3788/1970
f 4453/3789/1970 4499/3790/1970 6035/3791/1970 5988/3792/1970
f 4501/3793/1970 4547/3794/1970 6083/3795/1970 6036/3796/1970
f 4549/3797/1970 4595/3798/1970 6131/3799/1970 6084/3800/1970
f 4597/3801/1970 4643/3802/1970 6179/3803/1970 6132/3804/1970
f 4645/3805/1970 4691/3806/1970 6227/3807/1970 6180/3808/1970
f 4693/3809/1970 4739/3810/1970 6275/3811/1970 6228/3812/1970
f 4741/3813/1970 4787/3814/1970 6323/3815/1970 6276/3816/1970
f 4789/3817/1970 4835/3818/1970 6371/3819/1970 6324/3820/1970
f 4837/3821/1970 4883/3822/1970 6419/3823/1970 6372/3824/1970
f 4885/3825/1970 4931/3826/1970 6467/3827/1970 6420/3828/1970
f 4933/3829/1970 4979/3830/1970 6515/3831/1970 6468/3832/1970
f 4981/3833/1970 5027/3834/1970 6563/3835/1970 6516/3836/1970
f 5029/3837/1970 5075/3838/1970 6611/3839/1970 6564/3840/1970
f 5077/3841/1970 5123/3842/1970 6659/3843/1970 6612/3844/1970
f 5125/3845/1970 5171/3846/1970 6707/3847/1970 6660/3848/1970
f 5173/3849/1970 5219/3850/1970 6755/3851/1970 6708/3852/1970
f 5221/3853/1970 5267/3854/1970 6803/3855/1970 6756/3856/1970
f 5269/3857/1970 5315/3858/1970 6851/3859/1970 6804/3860/1970
f 5317/3861/1970 5363/3862/1970 6899/3863/1970 6852/3864/1970
f 5365/3865/1970 5411/3866/1970 6947/3867/1970 6900/3868/1970
f 5413/3869/1970 5459/3870/1970 6995/3871/1970 6948/3872/1970
f 5461/3873/1970 3972/3874/1970 5509/3875/1970 6996/3876/1970
f 6997/3877/1971 5508/3878/1971 3939/3751/1971 3970/3750/1971
f 5605/3879/1972 5653/3880/1972 3942/3881/1972 3941/3882/1972
f 5653/3883/1973 5701/3884/1973 3943/3885/1973 3942/3881/1973
f 5701/3886/1974 5749/3887/1974 3944/3888/1974 3943/3885/1974
f 5749/3889/1975 5797/3890/1975 3945/3891/1975 3944/3888/1975
f 5797/3892/1976 5845/3893/1976 3946/3894/1976 3945/3891/1976
f 5845/3895/1977 5893/3896/1977 3947/3897/1977 3946/3894/1977
f 5893/3898/1978 5941/3899/1978 3948/3900/1978 3947/3897/1978
f 5941/3901/1979 5989/3902/1979 3949/3903/1979 3948/3900/1979
f 5989/3904/1980 6037/3905/1980 3950/3906/1980 3949/3903/1980
f 6037/3907/1981 6085/3908/1981 3951/3909/1981 3950/3906/1981
f 6085/3910/1982 6133/3911/1982 3952/3912/1982 3951/3909/1982
f 6133/3913/1983 6181/3914/1983 3953/3915/1983 3952/3912/1983
f 6181/3916/1984 6229/3917/1984 3954/3918/1984 3953/3915/1984
f 6229/3919/1969 6277/3920/1969 3955/3921/1969 3954/3918/1969
f 6277/3922/1985 6325/3923/1985 3956/3924/1985 3955/3921/1985
f 6325/3925/1986 6373/3926/1986 3957/3927/1986 3956/3924/1986
f 6373/3928/1987 6421/3929/1987 3958/3930/1987 3957/3927/1987
f 6421/3931/1988 6469/3932/1988 3959/3933/1988 3958/3930/1988
f 6469/3934/1989 6517/3935/1989 3960/3936/1989 3959/3933/1989
f 6517/3937/1990 6565/3938/1990 3961/3939/1990 3960/3936/1990
f 6565/3940/1991 6613/3941/1991 3962/3942/1991 3961/3939/1991
f 6613/3943/1992 6661/3944/1992 3963/3945/1992 3962/3942/1992
f 6661/3946/1993 6709/3947/1993 3964/3948/1993 3963/3945/1993
f 6709/3949/1994 6757/3950/1994 3965/3951/1994 3964/3948/1994
f 6757/3952/1995 6805/3953/1995 3966/3954/1995 3965/3951/1995
f 6805/3955/1996 6853/3956/1996 3967/3957/1996 3966/3954/1996
f 6853/3958/1997 6901/3959/1997 3968/3960/1997 3967/3957/1997
f 6901/3961/1998 6949/3962/1998 3969/3963/1998 3968/3960/1998
f 6949/3964/1999 6997/3965/1999 3970/3750/1999 3969/3963/1999
f 5557/3966/2000 5605/3967/2000 3941/3882/2000 3940/3968/2000
f 3973/3969/2001 3907/3970/2001 3908/3968/2001 4020/3971/2001
f 3908/3968/2002 3907/3970/2002 3939/3970/2002 3940/3968/2002
f 4068/3972/1987 3909/3882/1987 3910/3881/1987 4116/3883/1987
f 3909/3882/2002 3908/3968/2002 3940/3968/2002 3941/3882/2002
f 4116/3880/2003 3910/3881/2003 3911/3885/2003 4164/3886/2003
f 3910/3881/2002 3909/3882/2002 3941/3882/2002 3942/3881/2002
f 4164/3884/1989 3911/3885/1989 3912/3888/1989 4212/3889/1989
f 3911/3885/2002 3910/3881/2002 3942/3881/2002 3943/3885/2002
f 4212/3887/1990 3912/3888/1990 3913/3891/1990 4260/3892/1990
f 3912/3888/2002 3911/3885/2002 3943/3885/2002 3944/3888/2002
f 4260/3890/1991 3913/3891/1991 3914/3894/1991 4308/3973/1991
f 3913/3891/2002 3912/3888/2002 3944/3888/2002 3945/3891/2002
f 4308/3893/1992 3914/3894/1992 3915/3897/1992 4356/3974/1992
f 3914/3894/2002 3913/3891/2002 3945/3891/2002 3946/3894/2002
f 4356/3975/2004 3915/3897/2004 3916/3900/2004 4404/3976/2004
f 3915/3897/2002 3914/3894/2002 3946/3894/2002 3947/3897/2002
f 4404/3977/1994 3916/3900/1994 3917/3903/1994 4452/3978/1994
f 3916/3900/2002 3915/3897/2002 3947/3897/2002 3948/3900/2002
f 4452/3979/1995 3917/3903/1995 3918/3906/1995 4500/3907/1995
f 3917/3903/2002 3916/3900/2002 3948/3900/2002 3949/3903/2002
f 4500/3905/2005 3918/3906/2005 3919/3909/2005 4548/3910/2005
f 3918/3906/2002 3917/3903/2002 3949/3903/2002 3950/3906/2002
f 4548/3908/1997 3919/3909/1997 3920/3912/1997 4596/3913/1997
f 3919/3909/2002 3918/3906/2002 3950/3906/2002 3951/3909/2002
f 4596/3980/1998 3920/3912/1998 3921/3915/1998 4644/3916/1998
f 3920/3912/2002 3919/3909/2002 3951/3909/2002 3952/3912/2002
f 4644/3914/1999 3921/3915/1999 3922/3918/1999 4692/3981/1999
f 3921/3915/2002 3920/3912/2002 3952/3912/2002 3953/3915/2002
f 4692/3982/1971 3922/3918/1971 3923/3921/1971 4740/3983/1971
f 3922/3918/2002 3921/3915/2002 3953/3915/2002 3954/3918/2002
f 4740/3984/2006 3923/3921/2006 3924/3924/2006 4788/3925/2006
f 3923/3921/2002 3922/3918/2002 3954/3918/2002 3955/3921/2002
f 4788/3985/2000 3924/3924/2000 3925/3927/2000 4836/3928/2000
f 3924/3924/2002 3923/3921/2002 3955/3921/2002 3956/3924/2002
f 4836/3926/1972 3925/3927/1972 3926/3930/1972 4884/3986/1972
f 3925/3927/2002 3924/3924/2002 3956/3924/2002 3957/3927/2002
f 4884/3987/2007 3926/3930/2007 3927/3933/2007 4932/3988/2007
f 3926/3930/2002 3925/3927/2002 3957/3927/2002 3958/3930/2002
f 4932/3932/1974 3927/3933/1974 3928/3936/1974 4980/3937/1974
f 3927/3933/2002 3926/3930/2002 3958/3930/2002 3959/3933/2002
f 4980/3935/1975 3928/3936/1975 3929/3939/1975 5028/3940/1975
f 3928/3936/2002 3927/3933/2002 3959/3933/2002 3960/3936/2002
f 5028/3938/1976 3929/3939/1976 3930/3942/1976 5076/3943/1976
f 3929/3939/2002 3928/3936/2002 3960/3936/2002 3961/3939/2002
f 5076/3989/1977 3930/3942/1977 3931/3945/1977 5124/3946/1977
f 3930/3942/2002 3929/3939/2002 3961/3939/2002 3962/3942/2002
f 5124/3944/2008 3931/3945/2008 3932/3948/2008 5172/3949/2008
f 3931/3945/2002 3930/3942/2002 3962/3942/2002 3963/3945/2002
f 5172/3990/1979 3932/3948/1979 3933/3951/1979 5220/3952/1979
f 3932/3948/2002 3931/3945/2002 3963/3945/2002 3964/3948/2002
f 5220/3991/1980 3933/3951/1980 3934/3954/1980 5268/3955/1980
f 3933/3951/2002 3932/3948/2002 3964/3948/2002 3965/3951/2002
f 5268/3953/2009 3934/3954/2009 3935/3957/2009 5316/3992/2009
f 3934/3954/2002 3933/3951/2002 3965/3951/2002 3966/3954/2002
f 5316/3993/1982 3935/3957/1982 3936/3960/1982 5364/3994/1982
f 3935/3957/2002 3934/3954/2002 3966/3954/2002 3967/3957/2002
f 5364/3995/1983 3936/3960/1983 3937/3963/1983 5412/3996/1983
f 3936/3960/2002 3935/3957/2002 3967/3957/2002 3968/3960/2002
f 5412/3997/1984 3937/3963/1984 3938/3750/1984 5460/3998/1984
f 3937/3963/2002 3936/3960/2002 3968/3960/2002 3969/3963/2002
f 5508/3999/2010 5557/4000/2010 3940/3968/2010 3939/3970/2010
f 3938/3750/2002 3937/3963/2002 3969/3963/2002 3970/3750/2002
f 4020/4001/1986 3908/3968/1986 3909/3882/1986 4068/4002/1986
f 3907/3751/2002 3938/3750/2002 3970/3750/2002 3939/3751/2002
f 3971/4003/2011 3974/4004/2011 3978/4005/2011 3977/4006/2011
f 3974/4004/2012 3975/4007/2012 3979/4008/2012 3978/4005/2012
f 3975/4007/2013 3976/4009/2013 3980/4010/2013 3979/4008/2013
f 3976/4011/2014 4000/4012/2014 4001/4012/2014 3980/4013/2014
f 3977/4006/2015 3978/4005/2015 3982/4014/2015 3981/4015/2015
f 3978/4005/2016 3979/4008/2016 3983/4016/2016 3982/4014/2016
f 3979/4008/2017 3980/4010/2017 3984/4017/2017 3983/4016/2017
f 3980/4013/2018 4001/4012/2018 4002/4012/2018 3984/4018/2018
f 3981/4015/2019 3982/4014/2019 3986/4019/2019 3985/4020/2019
f 3982/4014/2020 3983/4016/2020 3987/4021/2020 3986/4019/2020
f 3983/4016/2021 3984/4017/2021 3988/4022/2021 3987/4021/2021
f 3984/4018/2022 4002/4012/2022 4003/4012/2022 3988/4023/2022
f 3972/3874/2023 3989/4024/2023 3993/4025/2023 3992/4026/2023
f 3989/4024/2024 3990/4027/2024 3994/4028/2024 3993/4025/2024
f 3990/4027/2025 3991/4029/2025 3995/4030/2025 3994/4028/2025
f 3991/4029/2026 4015/4031/2026 4016/4032/2026 3995/4030/2026
f 3992/4026/2027 3993/4025/2027 3997/4033/2027 3996/4034/2027
f 3993/4025/2028 3994/4028/2028 3998/4035/2028 3997/4033/2028
f 3994/4028/2029 3995/4030/2029 3999/4036/2029 3998/4035/2029
f 3995/4030/2030 4016/4032/2030 4017/4037/2030 3999/4036/2030
f 3996/4034/2031 3997/4033/2031 4001/4038/2031 4000/4039/2031
f 3997/4033/2032 3998/4035/2032 4002/4040/2032 4001/4038/2032
f 3998/4035/2033 3999/4036/2033 4003/4041/2033 4002/4040/2033
f 3999/4036/2034 4017/4037/2034 4018/4042/2034 4003/4041/2034
f 3973/3969/2035 4004/4043/2035 4008/4044/2035 4007/4045/2035
f 4004/4043/2036 4005/4046/2036 4009/4047/2036 4008/4044/2036
f 4005/4046/2037 4006/4048/2037 4010/4049/2037 4009/4047/2037
f 4006/4048/2038 3985/4050/2038 3986/4051/2038 4010/4049/2038
f 4007/4045/2039 4008/4044/2039 4012/4052/2039 4011/4053/2039
f 4008/4044/2040 4009/4047/2040 4013/4054/2040 4012/4052/2040
f 4009/4047/2041 4010/4049/2041 4014/4055/2041 4013/4054/2041
f 4010/4049/2042 3986/4051/2042 3987/4056/2042 4014/4055/2042
f 4011/4053/2043 4012/4052/2043 4016/4057/2043 4015/4058/2043
f 4012/4052/2044 4013/4054/2044 4017/4059/2044 4016/4057/2044
f 4013/4054/2045 4014/4055/2045 4018/4060/2045 4017/4059/2045
f 4014/4055/2046 3987/4056/2046 3988/4061/2046 4018/4060/2046
f 3988/4023/2047 4003/4012/2047 4018/4012/2047
f 4019/4062/2048 4022/4063/2048 4026/4064/2048 4025/4065/2048
f 4022/4063/2049 4023/4066/2049 4027/4067/2049 4026/4064/2049
f 4023/4066/2050 4024/4068/2050 4028/4069/2050 4027/4067/2050
f 4024/4068/2051 4048/4070/2051 4049/4071/2051 4028/4069/2051
f 4025/4065/2052 4026/4064/2052 4030/4072/2052 4029/4073/2052
f 4026/4064/2053 4027/4067/2053 4031/4074/2053 4030/4072/2053
f 4027/4067/2054 4028/4069/2054 4032/4075/2054 4031/4074/2054
f 4028/4069/2055 4049/4071/2055 4050/4076/2055 4032/4075/2055
f 4029/4073/2056 4030/4072/2056 4034/4077/2056 4033/4078/2056
f 4030/4072/2057 4031/4074/2057 4035/4079/2057 4034/4077/2057
f 4031/4074/2058 4032/4075/2058 4036/4080/2058 4035/4079/2058
f 4032/4075/2059 4050/4076/2059 4051/4081/2059 4036/4080/2059
f 4020/4001/2060 4037/4082/2060 4041/4083/2060 4040/4084/2060
f 4037/4082/2061 4038/4085/2061 4042/4086/2061 4041/4083/2061
f 4038/4085/2062 4039/4087/2062 4043/4088/2062 4042/4086/2062
f 4039/4087/2063 4063/4089/2063 4064/4090/2063 4043/4088/2063
f 4040/4084/2064 4041/4083/2064 4045/4091/2064 4044/4092/2064
f 4041/4083/2065 4042/4086/2065 4046/4093/2065 4045/4091/2065
f 4042/4086/2066 4043/4088/2066 4047/4094/2066 4046/4093/2066
f 4043/4088/2067 4064/4090/2067 4065/4095/2067 4047/4094/2067
f 4044/4092/2068 4045/4091/2068 4049/4096/2068 4048/4097/2068
f 4045/4091/2069 4046/4093/2069 4050/4098/2069 4049/4096/2069
f 4046/4093/2070 4047/4094/2070 4051/4099/2070 4050/4098/2070
f 4047/4094/2071 4065/4095/2071 4066/4100/2071 4051/4099/2071
f 4021/3753/2072 4052/4101/2072 4056/4102/2072 4055/4103/2072
f 4052/4101/2073 4053/4104/2073 4057/4105/2073 4056/4102/2073
f 4053/4104/2074 4054/4106/2074 4058/4107/2074 4057/4105/2074
f 4054/4106/2075 4033/4108/2075 4034/4109/2075 4058/4107/2075
f 4055/4103/2076 4056/4102/2076 4060/4110/2076 4059/4111/2076
f 4056/4102/2077 4057/4105/2077 4061/4112/2077 4060/4110/2077
f 4057/4105/2078 4058/4107/2078 4062/4113/2078 4061/4112/2078
f 4058/4107/2079 4034/4109/2079 4035/4108/2079 4062/4113/2079
f 4059/4111/2080 4060/4110/2080 4064/4114/2080 4063/4115/2080
f 4060/4110/2081 4061/4112/2081 4065/4116/2081 4064/4114/2081
f 4061/4112/2082 4062/4113/2082 4066/4117/2082 4065/4116/2082
f 4062/4113/2083 4035/4108/2083 4036/4109/2083 4066/4117/2083
f 4036/4080/2084 4051/4099/2084 4066/4117/2084
f 4067/3754/2085 4070/4118/2085 4074/4119/2085 4073/4120/2085
f 4070/4118/2086 4071/4121/2086 4075/4122/2086 4074/4119/2086
f 4071/4121/2087 4072/4123/2087 4076/4124/2087 4075/4122/2087
f 4072/4123/2088 4096/4125/2088 4097/4126/2088 4076/4124/2088
f 4073/4120/2089 4074/4119/2089 4078/4127/2089 4077/4128/2089
f 4074/4119/2090 4075/4122/2090 4079/4129/2090 4078/4127/2090
f 4075/4122/2091 4076/4124/2091 4080/4130/2091 4079/4129/2091
f 4076/4124/2092 4097/4126/2092 4098/4131/2092 4080/4130/2092
f 4077/4128/2093 4078/4127/2093 4082/4132/2093 4081/4133/2093
f 4078/4127/2094 4079/4129/2094 4083/4134/2094 4082/4132/2094
f 4079/4129/2095 4080/4130/2095 4084/4135/2095 4083/4134/2095
f 4080/4130/2096 4098/4131/2096 4099/4136/2096 4084/4135/2096
f 4068/3972/2097 4085/4137/2097 4089/4138/2097 4088/4139/2097
f 4085/4137/2098 4086/4140/2098 4090/4141/2098 4089/4138/2098
f 4086/4140/2099 4087/4142/2099 4091/4143/2099 4090/4141/2099
f 4087/4142/2100 4111/4144/2100 4112/4145/2100 4091/4143/2100
f 4088/4139/2101 4089/4138/2101 4093/4146/2101 4092/4147/2101
f 4089/4138/2102 4090/4141/2102 4094/4148/2102 4093/4146/2102
f 4090/4141/2103 4091/4143/2103 4095/4149/2103 4094/4148/2103
f 4091/4143/2104 4112/4145/2104 4113/4150/2104 4095/4149/2104
f 4092/4147/2105 4093/4146/2105 4097/4151/2105 4096/4152/2105
f 4093/4146/2106 4094/4148/2106 4098/4153/2106 4097/4151/2106
f 4094/4148/2107 4095/4149/2107 4099/4154/2107 4098/4153/2107
f 4095/4149/2108 4113/4150/2108 4114/4155/2108 4099/4154/2108
f 4069/3757/2109 4100/4156/2109 4104/4157/2109 4103/4158/2109
f 4100/4156/2110 4101/4159/2110 4105/4160/2110 4104/4157/2110
f 4101/4159/2111 4102/4161/2111 4106/4162/2111 4105/4160/2111
f 4102/4161/2112 4081/4163/2112 4082/4163/2112 4106/4162/2112
f 4103/4158/2113 4104/4157/2113 4108/4164/2113 4107/4165/2113
f 4104/4157/2114 4105/4160/2114 4109/4166/2114 4108/4164/2114
f 4105/4160/2115 4106/4162/2115 4110/4167/2115 4109/4166/2115
f 4106/4162/2116 4082/4163/2116 4083/4163/2116 4110/4167/2116
f 4107/4165/2117 4108/4164/2117 4112/4168/2117 4111/4169/2117
f 4108/4164/2118 4109/4166/2118 4113/4170/2118 4112/4168/2118
f 4109/4166/2119 4110/4167/2119 4114/4171/2119 4113/4170/2119
f 4110/4167/2120 4083/4163/2120 4084/4163/2120 4114/4171/2120
f 4084/4135/2121 4099/4154/2121 4114/4171/2121
f 4115/3758/2122 4118/4172/2122 4122/4173/2122 4121/4174/2122
f 4118/4172/2123 4119/4175/2123 4123/4176/2123 4122/4173/2123
f 4119/4175/2124 4120/4177/2124 4124/4178/2124 4123/4176/2124
f 4120/4177/2125 4144/4179/2125 4145/4180/2125 4124/4178/2125
f 4121/4174/2126 4122/4173/2126 4126/4181/2126 4125/4182/2126
f 4122/4173/2127 4123/4176/2127 4127/4183/2127 4126/4181/2127
f 4123/4176/2128 4124/4178/2128 4128/4184/2128 4127/4183/2128
f 4124/4178/2129 4145/4180/2129 4146/4185/2129 4128/4184/2129
f 4125/4182/2130 4126/4181/2130 4130/4186/2130 4129/4187/2130
f 4126/4181/2131 4127/4183/2131 4131/4188/2131 4130/4186/2131
f 4127/4183/2132 4128/4184/2132 4132/4189/2132 4131/4188/2132
f 4128/4184/2133 4146/4185/2133 4147/4190/2133 4132/4189/2133
f 4116/3880/2134 4133/4191/2134 4137/4192/2134 4136/4193/2134
f 4133/4191/2135 4134/4194/2135 4138/4195/2135 4137/4192/2135
f 4134/4194/2136 4135/4196/2136 4139/4197/2136 4138/4195/2136
f 4135/4196/2137 4159/4198/2137 4160/4199/2137 4139/4197/2137
f 4136/4193/2138 4137/4192/2138 4141/4200/2138 4140/4201/2138
f 4137/4192/2139 4138/4195/2139 4142/4202/2139 4141/4200/2139
f 4138/4195/2140 4139/4197/2140 4143/4203/2140 4142/4202/2140
f 4139/4197/2141 4160/4199/2141 4161/4204/2141 4143/4203/2141
f 4140/4201/2142 4141/4200/2142 4145/4205/2142 4144/4206/2142
f 4141/4200/2143 4142/4202/2143 4146/4207/2143 4145/4205/2143
f 4142/4202/2144 4143/4203/2144 4147/4208/2144 4146/4207/2144
f 4143/4203/2145 4161/4204/2145 4162/4209/2145 4147/4208/2145
f 4117/3761/2146 4148/4210/2146 4152/4211/2146 4151/4212/2146
f 4148/4210/2147 4149/4213/2147 4153/4214/2147 4152/4211/2147
f 4149/4213/2148 4150/4215/2148 4154/4216/2148 4153/4214/2148
f 4150/4215/2149 4129/4217/2149 4130/4217/2149 4154/4216/2149
f 4151/4212/2150 4152/4211/2150 4156/4218/2150 4155/4219/2150
f 4152/4211/2151 4153/4214/2151 4157/4220/2151 4156/4218/2151
f 4153/4214/2152 4154/4216/2152 4158/4221/2152 4157/4220/2152
f 4154/4216/2153 4130/4217/2153 4131/4217/2153 4158/4221/2153
f 4155/4219/2154 4156/4218/2154 4160/4222/2154 4159/4223/2154
f 4156/4218/2155 4157/4220/2155 4161/4224/2155 4160/4222/2155
f 4157/4220/2156 4158/4221/2156 4162/4225/2156 4161/4224/2156
f 4158/4221/2157 4131/4217/2157 4132/4226/2157 4162/4225/2157
f 4132/4189/2158 4147/4208/2158 4162/4225/2158
f 4163/3762/2159 4166/4227/2159 4170/4228/2159 4169/4229/2159
f 4166/4227/2160 4167/4230/2160 4171/4231/2160 4170/4228/2160
f 4167/4230/2161 4168/4232/2161 4172/4233/2161 4171/4231/2161
f 4168/4232/2162 4192/4234/2162 4193/4235/2162 4172/4233/2162
f 4169/4229/2163 4170/4228/2163 4174/4236/2163 4173/4237/2163
f 4170/4228/2164 4171/4231/2164 4175/4238/2164 4174/4236/2164
f 4171/4231/2165 4172/4233/2165 4176/4239/2165 4175/4238/2165
f 4172/4233/2166 4193/4235/2166 4194/4240/2166 4176/4239/2166
f 4173/4237/2167 4174/4236/2167 4178/4241/2167 4177/4242/2167
f 4174/4236/2168 4175/4238/2168 4179/4243/2168 4178/4241/2168
f 4175/4238/2169 4176/4239/2169 4180/4244/2169 4179/4243/2169
f 4176/4239/2170 4194/4240/2170 4195/4245/2170 4180/4244/2170
f 4164/3884/2171 4181/4246/2171 4185/4247/2171 4184/4248/2171
f 4181/4246/2172 4182/4249/2172 4186/4250/2172 4185/4247/2172
f 4182/4249/2173 4183/4251/2173 4187/4252/2173 4186/4250/2173
f 4183/4251/2174 4207/4253/2174 4208/4254/2174 4187/4252/2174
f 4184/4248/2175 4185/4247/2175 4189/4255/2175 4188/4256/2175
f 4185/4247/2176 4186/4250/2176 4190/4257/2176 4189/4255/2176
f 4186/4250/2177 4187/4252/2177 4191/4258/2177 4190/4257/2177
f 4187/4252/2178 4208/4254/2178 4209/4259/2178 4191/4258/2178
f 4188/4256/2179 4189/4255/2179 4193/4260/2179 4192/4261/2179
f 4189/4255/2180 4190/4257/2180 4194/4262/2180 4193/4260/2180
f 4190/4257/2181 4191/4258/2181 4195/4263/2181 4194/4262/2181
f 4191/4258/2182 4209/4259/2182 4210/4264/2182 4195/4263/2182
f 4165/3765/2183 4196/4265/2183 4200/4266/2183 4199/4267/2183
f 4196/4265/2184 4197/4268/2184 4201/4269/2184 4200/4266/2184
f 4197/4268/2185 4198/4270/2185 4202/4271/2185 4201/4269/2185
f 4198/4270/2186 4177/4272/2186 4178/4272/2186 4202/4271/2186
f 4199/4267/2187 4200/4266/2187 4204/4273/2187 4203/4274/2187
f 4200/4266/2188 4201/4269/2188 4205/4275/2188 4204/4273/2188
f 4201/4269/2189 4202/4271/2189 4206/4276/2189 4205/4275/2189
f 4202/4271/2190 4178/4272/2190 4179/4272/2190 4206/4276/2190
f 4203/4274/2191 4204/4273/2191 4208/4277/2191 4207/4278/2191
f 4204/4273/2192 4205/4275/2192 4209/4279/2192 4208/4277/2192
f 4205/4275/2193 4206/4276/2193 4210/4280/2193 4209/4279/2193
f 4206/4276/2194 4179/4272/2194 4180/4272/2194 4210/4280/2194
f 4180/4244/2195 4195/4263/2195 4210/4280/2195
f 4211/3766/2196 4214/4281/2196 4218/4282/2196 4217/4283/2196
f 4214/4281/2197 4215/4284/2197 4219/4285/2197 4218/4282/2197
f 4215/4284/2198 4216/4286/2198 4220/4287/2198 4219/4285/2198
f 4216/4286/2199 4240/4288/2199 4241/4289/2199 4220/4287/2199
f 4217/4283/2200 4218/4282/2200 4222/4290/2200 4221/4291/2200
f 4218/4282/2201 4219/4285/2201 4223/4292/2201 4222/4290/2201
f 4219/4285/2202 4220/4287/2202 4224/4293/2202 4223/4292/2202
f 4220/4287/2203 4241/4289/2203 4242/4294/2203 4224/4293/2203
f 4221/4291/2204 4222/4290/2204 4226/4295/2204 4225/4296/2204
f 4222/4290/2205 4223/4292/2205 4227/4297/2205 4226/4295/2205
f 4223/4292/2206 4224/4293/2206 4228/4298/2206 4227/4297/2206
f 4224/4293/2207 4242/4294/2207 4243/4299/2207 4228/4298/2207
f 4212/3887/2208 4229/4300/2208 4233/4301/2208 4232/4302/2208
f 4229/4300/2209 4230/4303/2209 4234/4304/2209 4233/4301/2209
f 4230/4303/2210 4231/4305/2210 4235/4306/2210 4234/4304/2210
f 4231/4305/2211 4255/4307/2211 4256/4308/2211 4235/4306/2211
f 4232/4302/2212 4233/4301/2212 4237/4309/2212 4236/4310/2212
f 4233/4301/2213 4234/4304/2213 4238/4311/2213 4237/4309/2213
f 4234/4304/2214 4235/4306/2214 4239/4312/2214 4238/4311/2214
f 4235/4306/2215 4256/4308/2215 4257/4313/2215 4239/4312/2215
f 4236/4310/2216 4237/4309/2216 4241/4314/2216 4240/4315/2216
f 4237/4309/2217 4238/4311/2217 4242/4316/2217 4241/4314/2217
f 4238/4311/2218 4239/4312/2218 4243/4317/2218 4242/4316/2218
f 4239/4312/2219 4257/4313/2219 4258/4318/2219 4243/4317/2219
f 4213/3769/2220 4244/4319/2220 4248/4320/2220 4247/4321/2220
f 4244/4319/2221 4245/4322/2221 4249/4323/2221 4248/4320/2221
f 4245/4322/2222 4246/4324/2222 4250/4325/2222 4249/4323/2222
f 4246/4324/2223 4225/4326/2223 4226/4326/2223 4250/4325/2223
f 4247/4321/2224 4248/4320/2224 4252/4327/2224 4251/4328/2224
f 4248/4320/2225 4249/4323/2225 4253/4329/2225 4252/4327/2225
f 4249/4323/2226 4250/4325/2226 4254/4330/2226 4253/4329/2226
f 4250/4325/2227 4226/4326/2227 4227/4326/2227 4254/4330/2227
f 4251/4328/2228 4252/4327/2228 4256/4331/2228 4255/4332/2228
f 4252/4327/2229 4253/4329/2229 4257/4333/2229 4256/4331/2229
f 4253/4329/2230 4254/4330/2230 4258/4334/2230 4257/4333/2230
f 4254/4330/2231 4227/4326/2231 4228/4335/2231 4258/4334/2231
f 4228/4298/2232 4243/4317/2232 4258/4334/2232
f 4259/3770/2233 4262/4336/2233 4266/4337/2233 4265/4338/2233
f 4262/4336/2234 4263/4339/2234 4267/4340/2234 4266/4337/2234
f 4263/4339/2235 4264/4341/2235 4268/4342/2235 4267/4340/2235
f 4264/4341/2236 4288/4343/2236 4289/4344/2236 4268/4342/2236
f 4265/4338/2237 4266/4337/2237 4270/4345/2237 4269/4346/2237
f 4266/4337/2238 4267/4340/2238 4271/4347/2238 4270/4345/2238
f 4267/4340/2239 4268/4342/2239 4272/4348/2239 4271/4347/2239
f 4268/4342/2240 4289/4344/2240 4290/4349/2240 4272/4348/2240
f 4269/4346/2241 4270/4345/2241 4274/4350/2241 4273/4351/2241
f 4270/4345/2242 4271/4347/2242 4275/4352/2242 4274/4350/2242
f 4271/4347/2243 4272/4348/2243 4276/4353/2243 4275/4352/2243
f 4272/4348/2244 4290/4349/2244 4291/4354/2244 4276/4353/2244
f 4260/3890/2245 4277/4355/2245 4281/4356/2245 4280/4357/2245
f 4277/4355/2246 4278/4358/2246 4282/4359/2246 4281/4356/2246
f 4278/4358/2247 4279/4360/2247 4283/4361/2247 4282/4359/2247
f 4279/4360/2248 4303/4362/2248 4304/4363/2248 4283/4361/2248
f 4280/4357/2249 4281/4356/2249 4285/4364/2249 4284/4365/2249
f 4281/4356/2250 4282/4359/2250 4286/4366/2250 4285/4364/2250
f 4282/4359/2251 4283/4361/2251 4287/4367/2251 4286/4366/2251
f 4283/4361/2252 4304/4363/2252 4305/4368/2252 4287/4367/2252
f 4284/4365/2253 4285/4364/2253 4289/4369/2253 4288/4370/2253
f 4285/4364/2254 4286/4366/2254 4290/4371/2254 4289/4369/2254
f 4286/4366/2255 4287/4367/2255 4291/4372/2255 4290/4371/2255
f 4287/4367/2256 4305/4368/2256 4306/4373/2256 4291/4372/2256
f 4261/3773/2257 4292/4374/2257 4296/4375/2257 4295/4376/2257
f 4292/4374/2258 4293/4377/2258 4297/4378/2258 4296/4375/2258
f 4293/4377/2259 4294/4379/2259 4298/4380/2259 4297/4378/2259
f 4294/4379/2260 4273/4381/2260 4274/4382/2260 4298/4380/2260
f 4295/4376/2261 4296/4375/2261 4300/4383/2261 4299/4384/2261
f 4296/4375/2262 4297/4378/2262 4301/4385/2262 4300/4383/2262
f 4297/4378/2263 4298/4380/2263 4302/4386/2263 4301/4385/2263
f 4298/4380/2264 4274/4382/2264 4275/4382/2264 4302/4386/2264
f 4299/4384/2265 4300/4383/2265 4304/4387/2265 4303/4388/2265
f 4300/4383/2266 4301/4385/2266 4305/4389/2266 4304/4387/2266
f 4301/4385/2267 4302/4386/2267 4306/4390/2267 4305/4389/2267
f 4302/4386/2268 4275/4382/2268 4276/4382/2268 4306/4390/2268
f 4276/4353/2269 4291/4372/2269 4306/4390/2269
f 4307/3774/2270 4310/4391/2270 4314/4392/2270 4313/4393/2270
f 4310/4391/2271 4311/4394/2271 4315/4395/2271 4314/4392/2271
f 4311/4394/2272 4312/4396/2272 4316/4397/2272 4315/4395/2272
f 4312/4396/2273 4336/4398/2273 4337/4399/2273 4316/4397/2273
f 4313/4393/2274 4314/4392/2274 4318/4400/2274 4317/4401/2274
f 4314/4392/2275 4315/4395/2275 4319/4402/2275 4318/4400/2275
f 4315/4395/2276 4316/4397/2276 4320/4403/2276 4319/4402/2276
f 4316/4397/2277 4337/4399/2277 4338/4404/2277 4320/4403/2277
f 4317/4401/2278 4318/4400/2278 4322/4405/2278 4321/4406/2278
f 4318/4400/2279 4319/4402/2279 4323/4407/2279 4322/4405/2279
f 4319/4402/2280 4320/4403/2280 4324/4408/2280 4323/4407/2280
f 4320/4403/2281 4338/4404/2281 4339/4409/2281 4324/4408/2281
f 4308/3893/2282 4325/4410/2282 4329/4411/2282 4328/4412/2282
f 4325/4410/2283 4326/4413/2283 4330/4414/2283 4329/4411/2283
f 4326/4413/2284 4327/4415/2284 4331/4416/2284 4330/4414/2284
f 4327/4415/2285 4351/4417/2285 4352/4418/2285 4331/4416/2285
f 4328/4412/2286 4329/4411/2286 4333/4419/2286 4332/4420/2286
f 4329/4411/2287 4330/4414/2287 4334/4421/2287 4333/4419/2287
f 4330/4414/2288 4331/4416/2288 4335/4422/2288 4334/4421/2288
f 4331/4416/2289 4352/4418/2289 4353/4423/2289 4335/4422/2289
f 4332/4420/2290 4333/4419/2290 4337/4424/2290 4336/4425/2290
f 4333/4419/2291 4334/4421/2291 4338/4426/2291 4337/4424/2291
f 4334/4421/2292 4335/4422/2292 4339/4427/2292 4338/4426/2292
f 4335/4422/2293 4353/4423/2293 4354/4428/2293 4339/4427/2293
f 4309/3777/2294 4340/4429/2294 4344/4430/2294 4343/4431/2294
f 4340/4429/2295 4341/4432/2295 4345/4433/2295 4344/4430/2295
f 4341/4432/2296 4342/4434/2296 4346/4435/2296 4345/4433/2296
f 4342/4434/2297 4321/4436/2297 4322/4436/2297 4346/4435/2297
f 4343/4431/2298 4344/4430/2298 4348/4437/2298 4347/4438/2298
f 4344/4430/2299 4345/4433/2299 4349/4439/2299 4348/4437/2299
f 4345/4433/2300 4346/4435/2300 4350/4440/2300 4349/4439/2300
f 4346/4435/2301 4322/4436/2301 4323/4436/2301 4350/4440/2301
f 4347/4438/2302 4348/4437/2302 4352/4441/2302 4351/4442/2302
f 4348/4437/2303 4349/4439/2303 4353/4443/2303 4352/4441/2303
f 4349/4439/2304 4350/4440/2304 4354/4444/2304 4353/4443/2304
f 4350/4440/2305 4323/4436/2305 4324/4436/2305 4354/4444/2305
f 4324/4408/2306 4339/4427/2306 4354/4444/2306
f 4355/3778/2307 4358/4445/2307 4362/4446/2307 4361/4447/2307
f 4358/4445/2308 4359/4448/2308 4363/4449/2308 4362/4446/2308
f 4359/4448/2309 4360/4450/2309 4364/4451/2309 4363/4449/2309
f 4360/4450/2310 4384/4452/2310 4385/4453/2310 4364/4451/2310
f 4361/4447/2311 4362/4446/2311 4366/4454/2311 4365/4455/2311
f 4362/4446/2312 4363/4449/2312 4367/4456/2312 4366/4454/2312
f 4363/4449/2313 4364/4451/2313 4368/4457/2313 4367/4456/2313
f 4364/4451/2314 4385/4453/2314 4386/4458/2314 4368/4457/2314
f 4365/4455/2315 4366/4454/2315 4370/4459/2315 4369/4460/2315
f 4366/4454/2316 4367/4456/2316 4371/4461/2316 4370/4459/2316
f 4367/4456/2317 4368/4457/2317 4372/4462/2317 4371/4461/2317
f 4368/4457/2318 4386/4458/2318 4387/4463/2318 4372/4462/2318
f 4356/3975/2319 4373/4464/2319 4377/4465/2319 4376/4466/2319
f 4373/4464/2320 4374/4467/2320 4378/4468/2320 4377/4465/2320
f 4374/4467/2321 4375/4469/2321 4379/4470/2321 4378/4468/2321
f 4375/4469/2322 4399/4471/2322 4400/4472/2322 4379/4470/2322
f 4376/4466/2323 4377/4465/2323 4381/4473/2323 4380/4474/2323
f 4377/4465/2324 4378/4468/2324 4382/4475/2324 4381/4473/2324
f 4378/4468/2325 4379/4470/2325 4383/4476/2325 4382/4475/2325
f 4379/4470/2326 4400/4472/2326 4401/4477/2326 4383/4476/2326
f 4380/4474/2327 4381/4473/2327 4385/4478/2327 4384/4479/2327
f 4381/4473/2328 4382/4475/2328 4386/4480/2328 4385/4478/2328
f 4382/4475/2329 4383/4476/2329 4387/4481/2329 4386/4480/2329
f 4383/4476/2330 4401/4477/2330 4402/4482/2330 4387/4481/2330
f 4357/3781/2331 4388/4483/2331 4392/4484/2331 4391/4485/2331
f 4388/4483/2332 4389/4486/2332 4393/4487/2332 4392/4484/2332
f 4389/4486/2333 4390/4488/2333 4394/4489/2333 4393/4487/2333
f 4390/4488/2334 4369/4490/2334 4370/4490/2334 4394/4489/2334
f 4391/4485/2335 4392/4484/2335 4396/4491/2335 4395/4492/2335
f 4392/4484/2336 4393/4487/2336 4397/4493/2336 4396/4491/2336
f 4393/4487/2337 4394/4489/2337 4398/4494/2337 4397/4493/2337
f 4394/4489/2338 4370/4490/2338 4371/4490/2338 4398/4494/2338
f 4395/4492/2339 4396/4491/2339 4400/4495/2339 4399/4496/2339
f 4396/4491/2340 4397/4493/2340 4401/4497/2340 4400/4495/2340
f 4397/4493/2341 4398/4494/2341 4402/4498/2341 4401/4497/2341
f 4398/4494/2342 4371/4490/2342 4372/4499/2342 4402/4498/2342
f 4372/4462/2343 4387/4481/2343 4402/4498/2343
f 4403/3782/2344 4406/4500/2344 4410/4501/2344 4409/4502/2344
f 4406/4500/2345 4407/4503/2345 4411/4504/2345 4410/4501/2345
f 4407/4503/2346 4408/4505/2346 4412/4506/2346 4411/4504/2346
f 4408/4505/2347 4432/4507/2347 4433/4508/2347 4412/4506/2347
f 4409/4502/2348 4410/4501/2348 4414/4509/2348 4413/4510/2348
f 4410/4501/2349 4411/4504/2349 4415/4511/2349 4414/4509/2349
f 4411/4504/2350 4412/4506/2350 4416/4512/2350 4415/4511/2350
f 4412/4506/2351 4433/4508/2351 4434/4513/2351 4416/4512/2351
f 4413/4510/2352 4414/4509/2352 4418/4514/2352 4417/4515/2352
f 4414/4509/2353 4415/4511/2353 4419/4516/2353 4418/4514/2353
f 4415/4511/2354 4416/4512/2354 4420/4517/2354 4419/4516/2354
f 4416/4512/2355 4434/4513/2355 4435/4518/2355 4420/4517/2355
f 4404/3977/2356 4421/4519/2356 4425/4520/2356 4424/4521/2356
f 4421/4519/2357 4422/4522/2357 4426/4523/2357 4425/4520/2357
f 4422/4522/2358 4423/4524/2358 4427/4525/2358 4426/4523/2358
f 4423/4524/2359 4447/4526/2359 4448/4527/2359 4427/4525/2359
f 4424/4521/2360 4425/4520/2360 4429/4528/2360 4428/4529/2360
f 4425/4520/2361 4426/4523/2361 4430/4530/2361 4429/4528/2361
f 4426/4523/2362 4427/4525/2362 4431/4531/2362 4430/4530/2362
f 4427/4525/2363 4448/4527/2363 4449/4532/2363 4431/4531/2363
f 4428/4529/2364 4429/4528/2364 4433/4533/2364 4432/4534/2364
f 4429/4528/2365 4430/4530/2365 4434/4535/2365 4433/4533/2365
f 4430/4530/2366 4431/4531/2366 4435/4536/2366 4434/4535/2366
f 4431/4531/2367 4449/4532/2367 4450/4537/2367 4435/4536/2367
f 4405/3785/2368 4436/4538/2368 4440/4539/2368 4439/4540/2368
f 4436/4538/2369 4437/4541/2369 4441/4542/2369 4440/4539/2369
f 4437/4541/2370 4438/4543/2370 4442/4544/2370 4441/4542/2370
f 4438/4543/2371 4417/4545/2371 4418/4545/2371 4442/4544/2371
f 4439/4540/2372 4440/4539/2372 4444/4546/2372 4443/4547/2372
f 4440/4539/2373 4441/4542/2373 4445/4548/2373 4444/4546/2373
f 4441/4542/2374 4442/4544/2374 4446/4549/2374 4445/4548/2374
f 4442/4544/2375 4418/4545/2375 4419/4545/2375 4446/4549/2375
f 4443/4547/2376 4444/4546/2376 4448/4550/2376 4447/4551/2376
f 4444/4546/2377 4445/4548/2377 4449/4552/2377 4448/4550/2377
f 4445/4548/2378 4446/4549/2378 4450/4553/2378 4449/4552/2378
f 4446/4549/2379 4419/4545/2379 4420/4545/2379 4450/4553/2379
f 4420/4517/2380 4435/4536/2380 4450/4553/2380
f 4451/3786/2381 4454/4554/2381 4458/4555/2381 4457/4556/2381
f 4454/4554/2382 4455/4557/2382 4459/4558/2382 4458/4555/2382
f 4455/4557/2383 4456/4559/2383 4460/4560/2383 4459/4558/2383
f 4456/4559/2384 4480/4561/2384 4481/4562/2384 4460/4560/2384
f 4457/4556/2385 4458/4555/2385 4462/4563/2385 4461/4564/2385
f 4458/4555/2386 4459/4558/2386 4463/4565/2386 4462/4563/2386
f 4459/4558/2387 4460/4560/2387 4464/4566/2387 4463/4565/2387
f 4460/4560/2388 4481/4562/2388 4482/4567/2388 4464/4566/2388
f 4461/4564/2389 4462/4563/2389 4466/4568/2389 4465/4569/2389
f 4462/4563/2390 4463/4565/2390 4467/4570/2390 4466/4568/2390
f 4463/4565/2391 4464/4566/2391 4468/4571/2391 4467/4570/2391
f 4464/4566/2392 4482/4567/2392 4483/4572/2392 4468/4571/2392
f 4452/3979/2393 4469/4573/2393 4473/4574/2393 4472/4575/2393
f 4469/4573/2394 4470/4576/2394 4474/4577/2394 4473/4574/2394
f 4470/4576/2395 4471/4578/2395 4475/4579/2395 4474/4577/2395
f 4471/4578/2396 4495/4580/2396 4496/4581/2396 4475/4579/2396
f 4472/4575/2397 4473/4574/2397 4477/4582/2397 4476/4583/2397
f 4473/4574/2398 4474/4577/2398 4478/4584/2398 4477/4582/2398
f 4474/4577/2399 4475/4579/2399 4479/4585/2399 4478/4584/2399
f 4475/4579/2400 4496/4581/2400 4497/4586/2400 4479/4585/2400
f 4476/4583/2401 4477/4582/2401 4481/4587/2401 4480/4588/2401
f 4477/4582/2402 4478/4584/2402 4482/4589/2402 4481/4587/2402
f 4478/4584/2403 4479/4585/2403 4483/4590/2403 4482/4589/2403
f 4479/4585/2404 4497/4586/2404 4498/4591/2404 4483/4590/2404
f 4453/3789/2405 4484/4592/2405 4488/4593/2405 4487/4594/2405
f 4484/4592/2406 4485/4595/2406 4489/4596/2406 4488/4593/2406
f 4485/4595/2407 4486/4597/2407 4490/4598/2407 4489/4596/2407
f 4486/4597/2408 4465/4599/2408 4466/4599/2408 4490/4598/2408
f 4487/4594/2409 4488/4593/2409 4492/4600/2409 4491/4601/2409
f 4488/4593/2410 4489/4596/2410 4493/4602/2410 4492/4600/2410
f 4489/4596/2411 4490/4598/2411 4494/4603/2411 4493/4602/2411
f 4490/4598/2412 4466/4599/2412 4467/4599/2412 4494/4603/2412
f 4491/4601/2413 4492/4600/2413 4496/4604/2413 4495/4605/2413
f 4492/4600/2414 4493/4602/2414 4497/4606/2414 4496/4604/2414
f 4493/4602/2415 4494/4603/2415 4498/4607/2415 4497/4606/2415
f 4494/4603/2416 4467/4599/2416 4468/4608/2416 4498/4607/2416
f 4468/4571/2417 4483/4590/2417 4498/4607/2417
f 4499/3790/2418 4502/4609/2418 4506/4610/2418 4505/4611/2418
f 4502/4609/2419 4503/4612/2419 4507/4613/2419 4506/4610/2419
f 4503/4612/2420 4504/4614/2420 4508/4615/2420 4507/4613/2420
f 4504/4614/2421 4528/4616/2421 4529/4617/2421 4508/4615/2421
f 4505/4611/2422 4506/4610/2422 4510/4618/2422 4509/4619/2422
f 4506/4610/2423 4507/4613/2423 4511/4620/2423 4510/4618/2423
f 4507/4613/2424 4508/4615/2424 4512/4621/2424 4511/4620/2424
f 4508/4615/2425 4529/4617/2425 4530/4622/2425 4512/4621/2425
f 4509/4619/2426 4510/4618/2426 4514/4623/2426 4513/4624/2426
f 4510/4618/2427 4511/4620/2427 4515/4625/2427 4514/4623/2427
f 4511/4620/2428 4512/4621/2428 4516/4626/2428 4515/4625/2428
f 4512/4621/2429 4530/4622/2429 4531/4627/2429 4516/4626/2429
f 4500/3905/2430 4517/4628/2430 4521/4629/2430 4520/4630/2430
f 4517/4628/2431 4518/4631/2431 4522/4632/2431 4521/4629/2431
f 4518/4631/2432 4519/4633/2432 4523/4634/2432 4522/4632/2432
f 4519/4633/2433 4543/4635/2433 4544/4636/2433 4523/4634/2433
f 4520/4630/2434 4521/4629/2434 4525/4637/2434 4524/4638/2434
f 4521/4629/2435 4522/4632/2435 4526/4639/2435 4525/4637/2435
f 4522/4632/2436 4523/4634/2436 4527/4640/2436 4526/4639/2436
f 4523/4634/2437 4544/4636/2437 4545/4641/2437 4527/4640/2437
f 4524/4638/2438 4525/4637/2438 4529/4642/2438 4528/4643/2438
f 4525/4637/2439 4526/4639/2439 4530/4644/2439 4529/4642/2439
f 4526/4639/2440 4527/4640/2440 4531/4645/2440 4530/4644/2440
f 4527/4640/2441 4545/4641/2441 4546/4646/2441 4531/4645/2441
f 4501/3793/2442 4532/4647/2442 4536/4648/2442 4535/4649/2442
f 4532/4647/2443 4533/4650/2443 4537/4651/2443 4536/4648/2443
f 4533/4650/2444 4534/4652/2444 4538/4653/2444 4537/4651/2444
f 4534/4652/2445 4513/4654/2445 4514/4654/2445 4538/4653/2445
f 4535/4649/2446 4536/4648/2446 4540/4655/2446 4539/4656/2446
f 4536/4648/2447 4537/4651/2447 4541/4657/2447 4540/4655/2447
f 4537/4651/2448 4538/4653/2448 4542/4658/2448 4541/4657/2448
f 4538/4653/2449 4514/4654/2449 4515/4654/2449 4542/4658/2449
f 4539/4656/2450 4540/4655/2450 4544/4659/2450 4543/4660/2450
f 4540/4655/2451 4541/4657/2451 4545/4661/2451 4544/4659/2451
f 4541/4657/2452 4542/4658/2452 4546/4662/2452 4545/4661/2452
f 4542/4658/2453 4515/4654/2453 4516/4654/2453 4546/4662/2453
f 4516/4626/2454 4531/4645/2454 4546/4662/2454
f 4547/3794/2455 4550/4663/2455 4554/4664/2455 4553/4665/2455
f 4550/4663/2456 4551/4666/2456 4555/4667/2456 4554/4664/2456
f 4551/4666/2457 4552/4668/2457 4556/4669/2457 4555/4667/2457
f 4552/4668/2458 4576/4670/2458 4577/4671/2458 4556/4669/2458
f 4553/4665/2459 4554/4664/2459 4558/4672/2459 4557/4673/2459
f 4554/4664/2460 4555/4667/2460 4559/4674/2460 4558/4672/2460
f 4555/4667/2461 4556/4669/2461 4560/4675/2461 4559/4674/2461
f 4556/4669/2462 4577/4671/2462 4578/4676/2462 4560/4675/2462
f 4557/4673/2463 4558/4672/2463 4562/4677/2463 4561/4678/2463
f 4558/4672/2464 4559/4674/2464 4563/4679/2464 4562/4677/2464
f 4559/4674/2465 4560/4675/2465 4564/4680/2465 4563/4679/2465
f 4560/4675/2466 4578/4676/2466 4579/4681/2466 4564/4680/2466
f 4548/3908/2467 4565/4682/2467 4569/4683/2467 4568/4684/2467
f 4565/4682/2468 4566/4685/2468 4570/4686/2468 4569/4683/2468
f 4566/4685/2469 4567/4687/2469 4571/4688/2469 4570/4686/2469
f 4567/4687/2470 4591/4689/2470 4592/4690/2470 4571/4688/2470
f 4568/4684/2471 4569/4683/2471 4573/4691/2471 4572/4692/2471
f 4569/4683/2472 4570/4686/2472 4574/4693/2472 4573/4691/2472
f 4570/4686/2473 4571/4688/2473 4575/4694/2473 4574/4693/2473
f 4571/4688/2474 4592/4690/2474 4593/4695/2474 4575/4694/2474
f 4572/4692/2475 4573/4691/2475 4577/4696/2475 4576/4697/2475
f 4573/4691/2476 4574/4693/2476 4578/4698/2476 4577/4696/2476
f 4574/4693/2477 4575/4694/2477 4579/4699/2477 4578/4698/2477
f 4575/4694/2478 4593/4695/2478 4594/4700/2478 4579/4699/2478
f 4549/3797/2479 4580/4701/2479 4584/4702/2479 4583/4703/2479
f 4580/4701/2480 4581/4704/2480 4585/4705/2480 4584/4702/2480
f 4581/4704/2481 4582/4706/2481 4586/4707/2481 4585/4705/2481
f 4582/4706/2482 4561/4708/2482 4562/4708/2482 4586/4707/2482
f 4583/4703/2483 4584/4702/2483 4588/4709/2483 4587/4710/2483
f 4584/4702/2484 4585/4705/2484 4589/4711/2484 4588/4709/2484
f 4585/4705/2485 4586/4707/2485 4590/4712/2485 4589/4711/2485
f 4586/4707/2486 4562/4708/2486 4563/4708/2486 4590/4712/2486
f 4587/4710/2487 4588/4709/2487 4592/4713/2487 4591/4714/2487
f 4588/4709/2488 4589/4711/2488 4593/4715/2488 4592/4713/2488
f 4589/4711/2489 4590/4712/2489 4594/4716/2489 4593/4715/2489
f 4590/4712/2490 4563/4708/2490 4564/4708/2490 4594/4716/2490
f 4564/4680/2491 4579/4699/2491 4594/4716/2491
f 4595/3798/2492 4598/4717/2492 4602/4718/2492 4601/4719/2492
f 4598/4717/2493 4599/4720/2493 4603/4721/2493 4602/4718/2493
f 4599/4720/2494 4600/4722/2494 4604/4723/2494 4603/4721/2494
f 4600/4722/2495 4624/4724/2495 4625/4725/2495 4604/4723/2495
f 4601/4719/2496 4602/4718/2496 4606/4726/2496 4605/4727/2496
f 4602/4718/2497 4603/4721/2497 4607/4728/2497 4606/4726/2497
f 4603/4721/2498 4604/4723/2498 4608/4729/2498 4607/4728/2498
f 4604/4723/2499 4625/4725/2499 4626/4730/2499 4608/4729/2499
f 4605/4727/2500 4606/4726/2500 4610/4731/2500 4609/4732/2500
f 4606/4726/2501 4607/4728/2501 4611/4733/2501 4610/4731/2501
f 4607/4728/2502 4608/4729/2502 4612/4734/2502 4611/4733/2502
f 4608/4729/2503 4626/4730/2503 4627/4735/2503 4612/4734/2503
f 4596/3980/2504 4613/4736/2504 4617/4737/2504 4616/4738/2504
f 4613/4736/2505 4614/4739/2505 4618/4740/2505 4617/4737/2505
f 4614/4739/2506 4615/4741/2506 4619/4742/2506 4618/4740/2506
f 4615/4741/2507 4639/4743/2507 4640/4744/2507 4619/4742/2507
f 4616/4738/2508 4617/4737/2508 4621/4745/2508 4620/4746/2508
f 4617/4737/2509 4618/4740/2509 4622/4747/2509 4621/4745/2509
f 4618/4740/2510 4619/4742/2510 4623/4748/2510 4622/4747/2510
f 4619/4742/2511 4640/4744/2511 4641/4749/2511 4623/4748/2511
f 4620/4746/2512 4621/4745/2512 4625/4750/2512 4624/4751/2512
f 4621/4745/2513 4622/4747/2513 4626/4752/2513 4625/4750/2513
f 4622/4747/2514 4623/4748/2514 4627/4753/2514 4626/4752/2514
f 4623/4748/2515 4641/4749/2515 4642/4754/2515 4627/4753/2515
f 4597/3801/2516 4628/4755/2516 4632/4756/2516 4631/4757/2516
f 4628/4755/2517 4629/4758/2517 4633/4759/2517 4632/4756/2517
f 4629/4758/2518 4630/4760/2518 4634/4761/2518 4633/4759/2518
f 4630/4760/2519 4609/4762/2519 4610/4762/2519 4634/4761/2519
f 4631/4757/2520 4632/4756/2520 4636/4763/2520 4635/4764/2520
f 4632/4756/2521 4633/4759/2521 4637/4765/2521 4636/4763/2521
f 4633/4759/2522 4634/4761/2522 4638/4766/2522 4637/4765/2522
f 4634/4761/2523 4610/4762/2523 4611/4762/2523 4638/4766/2523
f 4635/4764/2524 4636/4763/2524 4640/4767/2524 4639/4768/2524
f 4636/4763/2525 4637/4765/2525 4641/4769/2525 4640/4767/2525
f 4637/4765/2526 4638/4766/2526 4642/4770/2526 4641/4769/2526
f 4638/4766/2527 4611/4762/2527 4612/4762/2527 4642/4770/2527
f 4612/4734/2528 4627/4753/2528 4642/4770/2528
f 4643/3802/2529 4646/4771/2529 4650/4772/2529 4649/4773/2529
f 4646/4771/2530 4647/4774/2530 4651/4775/2530 4650/4772/2530
f 4647/4774/2531 4648/4776/2531 4652/4777/2531 4651/4775/2531
f 4648/4776/2532 4672/4778/2532 4673/4779/2532 4652/4777/2532
f 4649/4773/2533 4650/4772/2533 4654/4780/2533 4653/4781/2533
f 4650/4772/2534 4651/4775/2534 4655/4782/2534 4654/4780/2534
f 4651/4775/2535 4652/4777/2535 4656/4783/2535 4655/4782/2535
f 4652/4777/2536 4673/4779/2536 4674/4784/2536 4656/4783/2536
f 4653/4781/2537 4654/4780/2537 4658/4785/2537 4657/4786/2537
f 4654/4780/2538 4655/4782/2538 4659/4787/2538 4658/4785/2538
f 4655/4782/2539 4656/4783/2539 4660/4788/2539 4659/4787/2539
f 4656/4783/2540 4674/4784/2540 4675/4789/2540 4660/4788/2540
f 4644/3914/2541 4661/4790/2541 4665/4791/2541 4664/4792/2541
f 4661/4790/2542 4662/4793/2542 4666/4794/2542 4665/4791/2542
f 4662/4793/2543 4663/4795/2543 4667/4796/2543 4666/4794/2543
f 4663/4795/2544 4687/4797/2544 4688/4798/2544 4667/4796/2544
f 4664/4792/2545 4665/4791/2545 4669/4799/2545 4668/4800/2545
f 4665/4791/2546 4666/4794/2546 4670/4801/2546 4669/4799/2546
f 4666/4794/2547 4667/4796/2547 4671/4802/2547 4670/4801/2547
f 4667/4796/2548 4688/4798/2548 4689/4803/2548 4671/4802/2548
f 4668/4800/2549 4669/4799/2549 4673/4804/2549 4672/4805/2549
f 4669/4799/2550 4670/4801/2550 4674/4806/2550 4673/4804/2550
f 4670/4801/2551 4671/4802/2551 4675/4807/2551 4674/4806/2551
f 4671/4802/2552 4689/4803/2552 4690/4808/2552 4675/4807/2552
f 4645/3805/2553 4676/4809/2553 4680/4810/2553 4679/4811/2553
f 4676/4809/2554 4677/4812/2554 4681/4813/2554 4680/4810/2554
f 4677/4812/2555 4678/4814/2555 4682/4815/2555 4681/4813/2555
f 4678/4814/2556 4657/4816/2556 4658/4816/2556 4682/4815/2556
f 4679/4811/2557 4680/4810/2557 4684/4817/2557 4683/4818/2557
f 4680/4810/2558 4681/4813/2558 4685/4819/2558 4684/4817/2558
f 4681/4813/2559 4682/4815/2559 4686/4820/2559 4685/4819/2559
f 4682/4815/2560 4658/4816/2560 4659/4816/2560 4686/4820/2560
f 4683/4818/2561 4684/4817/2561 4688/4821/2561 4687/4822/2561
f 4684/4817/2562 4685/4819/2562 4689/4823/2562 4688/4821/2562
f 4685/4819/2563 4686/4820/2563 4690/4824/2563 4689/4823/2563
f 4686/4820/2564 4659/4816/2564 4660/4816/2564 4690/4824/2564
f 4660/4788/2565 4675/4807/2565 4690/4824/2565
f 4691/3806/2566 4694/4825/2566 4698/4826/2566 4697/4827/2566
f 4694/4825/2567 4695/4828/2567 4699/4829/2567 4698/4826/2567
f 4695/4828/2568 4696/4830/2568 4700/4831/2568 4699/4829/2568
f 4696/4830/2569 4720/4832/2569 4721/4833/2569 4700/4831/2569
f 4697/4827/2570 4698/4826/2570 4702/4834/2570 4701/4835/2570
f 4698/4826/2571 4699/4829/2571 4703/4836/2571 4702/4834/2571
f 4699/4829/2572 4700/4831/2572 4704/4837/2572 4703/4836/2572
f 4700/4831/2573 4721/4833/2573 4722/4838/2573 4704/4837/2573
f 4701/4835/2574 4702/4834/2574 4706/4839/2574 4705/4840/2574
f 4702/4834/2575 4703/4836/2575 4707/4841/2575 4706/4839/2575
f 4703/4836/2576 4704/4837/2576 4708/4842/2576 4707/4841/2576
f 4704/4837/2577 4722/4838/2577 4723/4843/2577 4708/4842/2577
f 4692/3982/2578 4709/4844/2578 4713/4845/2578 4712/4846/2578
f 4709/4844/2579 4710/4847/2579 4714/4848/2579 4713/4845/2579
f 4710/4847/2580 4711/4849/2580 4715/4850/2580 4714/4848/2580
f 4711/4849/2581 4735/4851/2581 4736/4852/2581 4715/4850/2581
f 4712/4846/2582 4713/4845/2582 4717/4853/2582 4716/4854/2582
f 4713/4845/2583 4714/4848/2583 4718/4855/2583 4717/4853/2583
f 4714/4848/2584 4715/4850/2584 4719/4856/2584 4718/4855/2584
f 4715/4850/2585 4736/4852/2585 4737/4857/2585 4719/4856/2585
f 4716/4854/2586 4717/4853/2586 4721/4858/2586 4720/4859/2586
f 4717/4853/2587 4718/4855/2587 4722/4860/2587 4721/4858/2587
f 4718/4855/2588 4719/4856/2588 4723/4861/2588 4722/4860/2588
f 4719/4856/2589 4737/4857/2589 4738/4862/2589 4723/4861/2589
f 4693/3809/2590 4724/4863/2590 4728/4864/2590 4727/4865/2590
f 4724/4863/2591 4725/4866/2591 4729/4867/2591 4728/4864/2591
f 4725/4866/2592 4726/4868/2592 4730/4869/2592 4729/4867/2592
f 4726/4868/2593 4705/4870/2593 4706/4870/2593 4730/4869/2593
f 4727/4865/2594 4728/4864/2594 4732/4871/2594 4731/4872/2594
f 4728/4864/2595 4729/4867/2595 4733/4873/2595 4732/4871/2595
f 4729/4867/2596 4730/4869/2596 4734/4874/2596 4733/4873/2596
f 4730/4869/2597 4706/4870/2597 4707/4870/2597 4734/4874/2597
f 4731/4872/2598 4732/4871/2598 4736/4875/2598 4735/4876/2598
f 4732/4871/2599 4733/4873/2599 4737/4877/2599 4736/4875/2599
f 4733/4873/2600 4734/4874/2600 4738/4878/2600 4737/4877/2600
f 4734/4874/2601 4707/4870/2601 4708/4870/2601 4738/4878/2601
f 4708/4842/2602 4723/4861/2602 4738/4878/2602
f 4739/3810/2603 4742/4879/2603 4746/4880/2603 4745/4881/2603
f 4742/4879/2604 4743/4882/2604 4747/4883/2604 4746/4880/2604
f 4743/4882/2605 4744/4884/2605 4748/4885/2605 4747/4883/2605
f 4744/4884/2606 4768/4886/2606 4769/4887/2606 4748/4885/2606
f 4745/4881/2607 4746/4880/2607 4750/4888/2607 4749/4889/2607
f 4746/4880/2608 4747/4883/2608 4751/4890/2608 4750/4888/2608
f 4747/4883/2609 4748/4885/2609 4752/4891/2609 4751/4890/2609
f 4748/4885/2610 4769/4887/2610 4770/4892/2610 4752/4891/2610
f 4749/4889/2611 4750/4888/2611 4754/4893/2611 4753/4894/2611
f 4750/4888/2612 4751/4890/2612 4755/4895/2612 4754/4893/2612
f 4751/4890/2613 4752/4891/2613 4756/4896/2613 4755/4895/2613
f 4752/4891/2614 4770/4892/2614 4771/4897/2614 4756/4896/2614
f 4740/3984/2615 4757/4898/2615 4761/4899/2615 4760/4900/2615
f 4757/4898/2616 4758/4901/2616 4762/4902/2616 4761/4899/2616
f 4758/4901/2617 4759/4903/2617 4763/4904/2617 4762/4902/2617
f 4759/4903/2618 4783/4905/2618 4784/4906/2618 4763/4904/2618
f 4760/4900/2619 4761/4899/2619 4765/4907/2619 4764/4908/2619
f 4761/4899/2620 4762/4902/2620 4766/4909/2620 4765/4907/2620
f 4762/4902/2621 4763/4904/2621 4767/4910/2621 4766/4909/2621
f 4763/4904/2622 4784/4906/2622 4785/4911/2622 4767/4910/2622
f 4764/4908/2623 4765/4907/2623 4769/4912/2623 4768/4913/2623
f 4765/4907/2624 4766/4909/2624 4770/4914/2624 4769/4912/2624
f 4766/4909/2625 4767/4910/2625 4771/4915/2625 4770/4914/2625
f 4767/4910/2626 4785/4911/2626 4786/4916/2626 4771/4915/2626
f 4741/3813/2627 4772/4917/2627 4776/4918/2627 4775/4919/2627
f 4772/4917/2628 4773/4920/2628 4777/4921/2628 4776/4918/2628
f 4773/4920/2629 4774/4922/2629 4778/4923/2629 4777/4921/2629
f 4774/4922/2630 4753/4924/2630 4754/4924/2630 4778/4923/2630
f 4775/4919/2631 4776/4918/2631 4780/4925/2631 4779/4926/2631
f 4776/4918/2632 4777/4921/2632 4781/4927/2632 4780/4925/2632
f 4777/4921/2633 4778/4923/2633 4782/4928/2633 4781/4927/2633
f 4778/4923/2634 4754/4924/2634 4755/4924/2634 4782/4928/2634
f 4779/4926/2635 4780/4925/2635 4784/4929/2635 4783/4930/2635
f 4780/4925/2636 4781/4927/2636 4785/4931/2636 4784/4929/2636
f 4781/4927/2637 4782/4928/2637 4786/4932/2637 4785/4931/2637
f 4782/4928/2638 4755/4924/2638 4756/4924/2638 4786/4932/2638
f 4756/4896/2639 4771/4915/2639 4786/4932/2639
f 4787/3814/2640 4790/4933/2640 4794/4934/2640 4793/4935/2640
f 4790/4933/2641 4791/4936/2641 4795/4937/2641 4794/4934/2641
f 4791/4936/2642 4792/4938/2642 4796/4939/2642 4795/4937/2642
f 4792/4938/2643 4816/4940/2643 4817/4941/2643 4796/4939/2643
f 4793/4935/2644 4794/4934/2644 4798/4942/2644 4797/4943/2644
f 4794/4934/2645 4795/4937/2645 4799/4944/2645 4798/4942/2645
f 4795/4937/2646 4796/4939/2646 4800/4945/2646 4799/4944/2646
f 4796/4939/2647 4817/4941/2647 4818/4946/2647 4800/4945/2647
f 4797/4943/2648 4798/4942/2648 4802/4947/2648 4801/4948/2648
f 4798/4942/2649 4799/4944/2649 4803/4949/2649 4802/4947/2649
f 4799/4944/2650 4800/4945/2650 4804/4950/2650 4803/4949/2650
f 4800/4945/2651 4818/4946/2651 4819/4951/2651 4804/4950/2651
f 4788/3985/2652 4805/4952/2652 4809/4953/2652 4808/4954/2652
f 4805/4952/2653 4806/4955/2653 4810/4956/2653 4809/4953/2653
f 4806/4955/2654 4807/4957/2654 4811/4958/2654 4810/4956/2654
f 4807/4957/2655 4831/4959/2655 4832/4960/2655 4811/4958/2655
f 4808/4954/2656 4809/4953/2656 4813/4961/2656 4812/4962/2656
f 4809/4953/2657 4810/4956/2657 4814/4963/2657 4813/4961/2657
f 4810/4956/2658 4811/4958/2658 4815/4964/2658 4814/4963/2658
f 4811/4958/2659 4832/4960/2659 4833/4965/2659 4815/4964/2659
f 4812/4962/2660 4813/4961/2660 4817/4966/2660 4816/4967/2660
f 4813/4961/2661 4814/4963/2661 4818/4968/2661 4817/4966/2661
f 4814/4963/2662 4815/4964/2662 4819/4969/2662 4818/4968/2662
f 4815/4964/2663 4833/4965/2663 4834/4970/2663 4819/4969/2663
f 4789/3817/2664 4820/4971/2664 4824/4972/2664 4823/4973/2664
f 4820/4971/2665 4821/4974/2665 4825/4975/2665 4824/4972/2665
f 4821/4974/2666 4822/4976/2666 4826/4977/2666 4825/4975/2666
f 4822/4976/2667 4801/4978/2667 4802/4978/2667 4826/4977/2667
f 4823/4973/2668 4824/4972/2668 4828/4979/2668 4827/4980/2668
f 4824/4972/2669 4825/4975/2669 4829/4981/2669 4828/4979/2669
f 4825/4975/2670 4826/4977/2670 4830/4982/2670 4829/4981/2670
f 4826/4977/2671 4802/4978/2671 4803/4978/2671 4830/4982/2671
f 4827/4980/2672 4828/4979/2672 4832/4983/2672 4831/4984/2672
f 4828/4979/2673 4829/4981/2673 4833/4985/2673 4832/4983/2673
f 4829/4981/2674 4830/4982/2674 4834/4986/2674 4833/4985/2674
f 4830/4982/2675 4803/4978/2675 4804/4978/2675 4834/4986/2675
f 4804/4950/2676 4819/4969/2676 4834/4986/2676
f 4835/3818/2677 4838/4987/2677 4842/4988/2677 4841/4989/2677
f 4838/4987/2678 4839/4990/2678 4843/4991/2678 4842/4988/2678
f 4839/4990/2679 4840/4992/2679 4844/4993/2679 4843/4991/2679
f 4840/4992/2680 4864/4994/2680 4865/4995/2680 4844/4993/2680
f 4841/4989/2681 4842/4988/2681 4846/4996/2681 4845/4997/2681
f 4842/4988/2682 4843/4991/2682 4847/4998/2682 4846/4996/2682
f 4843/4991/2683 4844/4993/2683 4848/4999/2683 4847/4998/2683
f 4844/4993/2684 4865/4995/2684 4866/5000/2684 4848/4999/2684
f 4845/4997/2685 4846/4996/2685 4850/5001/2685 4849/5002/2685
f 4846/4996/2686 4847/4998/2686 4851/5003/2686 4850/5001/2686
f 4847/4998/2687 4848/4999/2687 4852/5004/2687 4851/5003/2687
f 4848/4999/2688 4866/5000/2688 4867/5005/2688 4852/5004/2688
f 4836/3926/2689 4853/5006/2689 4857/5007/2689 4856/5008/2689
f 4853/5006/2690 4854/5009/2690 4858/5010/2690 4857/5007/2690
f 4854/5009/2691 4855/5011/2691 4859/5012/2691 4858/5010/2691
f 4855/5011/2692 4879/5013/2692 4880/5014/2692 4859/5012/2692
f 4856/5008/2693 4857/5007/2693 4861/5015/2693 4860/5016/2693
f 4857/5007/2694 4858/5010/2694 4862/5017/2694 4861/5015/2694
f 4858/5010/2695 4859/5012/2695 4863/5018/2695 4862/5017/2695
f 4859/5012/2696 4880/5014/2696 4881/5019/2696 4863/5018/2696
f 4860/5016/2697 4861/5015/2697 4865/5020/2697 4864/5021/2697
f 4861/5015/2698 4862/5017/2698 4866/5022/2698 4865/5020/2698
f 4862/5017/2699 4863/5018/2699 4867/5023/2699 4866/5022/2699
f 4863/5018/2700 4881/5019/2700 4882/5024/2700 4867/5023/2700
f 4837/3821/2701 4868/5025/2701 4872/5026/2701 4871/5027/2701
f 4868/5025/2702 4869/5028/2702 4873/5029/2702 4872/5026/2702
f 4869/5028/2703 4870/5030/2703 4874/5031/2703 4873/5029/2703
f 4870/5030/2704 4849/5032/2704 4850/5032/2704 4874/5031/2704
f 4871/5027/2705 4872/5026/2705 4876/5033/2705 4875/5034/2705
f 4872/5026/2706 4873/5029/2706 4877/5035/2706 4876/5033/2706
f 4873/5029/2707 4874/5031/2707 4878/5036/2707 4877/5035/2707
f 4874/5031/2708 4850/5032/2708 4851/5032/2708 4878/5036/2708
f 4875/5034/2709 4876/5033/2709 4880/5037/2709 4879/5038/2709
f 4876/5033/2710 4877/5035/2710 4881/5039/2710 4880/5037/2710
f 4877/5035/2711 4878/5036/2711 4882/5040/2711 4881/5039/2711
f 4878/5036/2712 4851/5032/2712 4852/5032/2712 4882/5040/2712
f 4852/5004/2713 4867/5023/2713 4882/5040/2713
f 4883/3822/2714 4886/5041/2714 4890/5042/2714 4889/5043/2714
f 4886/5041/2715 4887/5044/2715 4891/5045/2715 4890/5042/2715
f 4887/5044/2716 4888/5046/2716 4892/5047/2716 4891/5045/2716
f 4888/5046/2717 4912/5048/2717 4913/5049/2717 4892/5047/2717
f 4889/5043/2718 4890/5042/2718 4894/5050/2718 4893/5051/2718
f 4890/5042/2719 4891/5045/2719 4895/5052/2719 4894/5050/2719
f 4891/5045/2720 4892/5047/2720 4896/5053/2720 4895/5052/2720
f 4892/5047/2721 4913/5049/2721 4914/5054/2721 4896/5053/2721
f 4893/5051/2722 4894/5050/2722 4898/5055/2722 4897/5056/2722
f 4894/5050/2723 4895/5052/2723 4899/5057/2723 4898/5055/2723
f 4895/5052/2724 4896/5053/2724 4900/5058/2724 4899/5057/2724
f 4896/5053/2725 4914/5054/2725 4915/5059/2725 4900/5058/2725
f 4884/3987/2726 4901/5060/2726 4905/5061/2726 4904/5062/2726
f 4901/5060/2727 4902/5063/2727 4906/5064/2727 4905/5061/2727
f 4902/5063/2728 4903/5065/2728 4907/5066/2728 4906/5064/2728
f 4903/5065/2729 4927/5067/2729 4928/5068/2729 4907/5066/2729
f 4904/5062/2730 4905/5061/2730 4909/5069/2730 4908/5070/2730
f 4905/5061/2731 4906/5064/2731 4910/5071/2731 4909/5069/2731
f 4906/5064/2732 4907/5066/2732 4911/5072/2732 4910/5071/2732
f 4907/5066/2733 4928/5068/2733 4929/5073/2733 4911/5072/2733
f 4908/5070/2734 4909/5069/2734 4913/5074/2734 4912/5075/2734
f 4909/5069/2735 4910/5071/2735 4914/5076/2735 4913/5074/2735
f 4910/5071/2736 4911/5072/2736 4915/5077/2736 4914/5076/2736
f 4911/5072/2737 4929/5073/2737 4930/5078/2737 4915/5077/2737
f 4885/3825/2738 4916/5079/2738 4920/5080/2738 4919/5081/2738
f 4916/5079/2739 4917/5082/2739 4921/5083/2739 4920/5080/2739
f 4917/5082/2740 4918/5084/2740 4922/5085/2740 4921/5083/2740
f 4918/5084/2741 4897/5086/2741 4898/5086/2741 4922/5085/2741
f 4919/5081/2742 4920/5080/2742 4924/5087/2742 4923/5088/2742
f 4920/5080/2743 4921/5083/2743 4925/5089/2743 4924/5087/2743
f 4921/5083/2744 4922/5085/2744 4926/5090/2744 4925/5089/2744
f 4922/5085/2745 4898/5086/2745 4899/5086/2745 4926/5090/2745
f 4923/5088/2746 4924/5087/2746 4928/5091/2746 4927/5092/2746
f 4924/5087/2747 4925/5089/2747 4929/5093/2747 4928/5091/2747
f 4925/5089/2748 4926/5090/2748 4930/5094/2748 4929/5093/2748
f 4926/5090/2749 4899/5086/2749 4900/5086/2749 4930/5094/2749
f 4900/5058/2750 4915/5077/2750 4930/5094/2750
f 4931/3826/2751 4934/5095/2751 4938/5096/2751 4937/5097/2751
f 4934/5095/2752 4935/5098/2752 4939/5099/2752 4938/5096/2752
f 4935/5098/2753 4936/5100/2753 4940/5101/2753 4939/5099/2753
f 4936/5100/2754 4960/5102/2754 4961/5103/2754 4940/5101/2754
f 4937/5097/2755 4938/5096/2755 4942/5104/2755 4941/5105/2755
f 4938/5096/2756 4939/5099/2756 4943/5106/2756 4942/5104/2756
f 4939/5099/2757 4940/5101/2757 4944/5107/2757 4943/5106/2757
f 4940/5101/2758 4961/5103/2758 4962/5108/2758 4944/5107/2758
f 4941/5105/2759 4942/5104/2759 4946/5109/2759 4945/5110/2759
f 4942/5104/2760 4943/5106/2760 4947/5111/2760 4946/5109/2760
f 4943/5106/2761 4944/5107/2761 4948/5112/2761 4947/5111/2761
f 4944/5107/2762 4962/5108/2762 4963/5113/2762 4948/5112/2762
f 4932/3932/2763 4949/5114/2763 4953/5115/2763 4952/5116/2763
f 4949/5114/2764 4950/5117/2764 4954/5118/2764 4953/5115/2764
f 4950/5117/2765 4951/5119/2765 4955/5120/2765 4954/5118/2765
f 4951/5119/2766 4975/5121/2766 4976/5122/2766 4955/5120/2766
f 4952/5116/2767 4953/5115/2767 4957/5123/2767 4956/5124/2767
f 4953/5115/2768 4954/5118/2768 4958/5125/2768 4957/5123/2768
f 4954/5118/2769 4955/5120/2769 4959/5126/2769 4958/5125/2769
f 4955/5120/2770 4976/5122/2770 4977/5127/2770 4959/5126/2770
f 4956/5124/2771 4957/5123/2771 4961/5128/2771 4960/5129/2771
f 4957/5123/2772 4958/5125/2772 4962/5130/2772 4961/5128/2772
f 4958/5125/2773 4959/5126/2773 4963/5131/2773 4962/5130/2773
f 4959/5126/2774 4977/5127/2774 4978/5132/2774 4963/5131/2774
f 4933/3829/2775 4964/5133/2775 4968/5134/2775 4967/5135/2775
f 4964/5133/2776 4965/5136/2776 4969/5137/2776 4968/5134/2776
f 4965/5136/2777 4966/5138/2777 4970/5139/2777 4969/5137/2777
f 4966/5138/2778 4945/5140/2778 4946/5140/2778 4970/5139/2778
f 4967/5135/2779 4968/5134/2779 4972/5141/2779 4971/5142/2779
f 4968/5134/2780 4969/5137/2780 4973/5143/2780 4972/5141/2780
f 4969/5137/2781 4970/5139/2781 4974/5144/2781 4973/5143/2781
f 4970/5139/2782 4946/5140/2782 4947/5140/2782 4974/5144/2782
f 4971/5142/2783 4972/5141/2783 4976/5145/2783 4975/5146/2783
f 4972/5141/2784 4973/5143/2784 4977/5147/2784 4976/5145/2784
f 4973/5143/2785 4974/5144/2785 4978/5148/2785 4977/5147/2785
f 4974/5144/2786 4947/5140/2786 4948/5140/2786 4978/5148/2786
f 4948/5112/2787 4963/5131/2787 4978/5148/2787
f 4979/3830/2788 4982/5149/2788 4986/5150/2788 4985/5151/2788
f 4982/5149/2789 4983/5152/2789 4987/5153/2789 4986/5150/2789
f 4983/5152/2790 4984/5154/2790 4988/5155/2790 4987/5153/2790
f 4984/5154/2791 5008/5156/2791 5009/5157/2791 4988/5155/2791
f 4985/5151/2792 4986/5150/2792 4990/5158/2792 4989/5159/2792
f 4986/5150/2793 4987/5153/2793 4991/5160/2793 4990/5158/2793
f 4987/5153/2794 4988/5155/2794 4992/5161/2794 4991/5160/2794
f 4988/5155/2795 5009/5157/2795 5010/5162/2795 4992/5161/2795
f 4989/5159/2796 4990/5158/2796 4994/5163/2796 4993/5164/2796
f 4990/5158/2797 4991/5160/2797 4995/5165/2797 4994/5163/2797
f 4991/5160/2798 4992/5161/2798 4996/5166/2798 4995/5165/2798
f 4992/5161/2799 5010/5162/2799 5011/5167/2799 4996/5166/2799
f 4980/3935/2800 4997/5168/2800 5001/5169/2800 5000/5170/2800
f 4997/5168/2801 4998/5171/2801 5002/5172/2801 5001/5169/2801
f 4998/5171/2802 4999/5173/2802 5003/5174/2802 5002/5172/2802
f 4999/5173/2803 5023/5175/2803 5024/5176/2803 5003/5174/2803
f 5000/5170/2804 5001/5169/2804 5005/5177/2804 5004/5178/2804
f 5001/5169/2805 5002/5172/2805 5006/5179/2805 5005/5177/2805
f 5002/5172/2806 5003/5174/2806 5007/5180/2806 5006/5179/2806
f 5003/5174/2807 5024/5176/2807 5025/5181/2807 5007/5180/2807
f 5004/5178/2808 5005/5177/2808 5009/5182/2808 5008/5183/2808
f 5005/5177/2809 5006/5179/2809 5010/5184/2809 5009/5182/2809
f 5006/5179/2810 5007/5180/2810 5011/5185/2810 5010/5184/2810
f 5007/5180/2811 5025/5181/2811 5026/5186/2811 5011/5185/2811
f 4981/3833/2812 5012/5187/2812 5016/5188/2812 5015/5189/2812
f 5012/5187/2813 5013/5190/2813 5017/5191/2813 5016/5188/2813
f 5013/5190/2814 5014/5192/2814 5018/5193/2814 5017/5191/2814
f 5014/5192/2815 4993/5194/2815 4994/5194/2815 5018/5193/2815
f 5015/5189/2816 5016/5188/2816 5020/5195/2816 5019/5196/2816
f 5016/5188/2817 5017/5191/2817 5021/5197/2817 5020/5195/2817
f 5017/5191/2818 5018/5193/2818 5022/5198/2818 5021/5197/2818
f 5018/5193/2819 4994/5194/2819 4995/5199/2819 5022/5198/2819
f 5019/5196/2820 5020/5195/2820 5024/5200/2820 5023/5201/2820
f 5020/5195/2821 5021/5197/2821 5025/5202/2821 5024/5200/2821
f 5021/5197/2822 5022/5198/2822 5026/5203/2822 5025/5202/2822
f 5022/5198/2823 4995/5199/2823 4996/5194/2823 5026/5203/2823
f 4996/5166/2824 5011/5185/2824 5026/5203/2824
f 5027/3834/2825 5030/5204/2825 5034/5205/2825 5033/5206/2825
f 5030/5204/2826 5031/5207/2826 5035/5208/2826 5034/5205/2826
f 5031/5207/2827 5032/5209/2827 5036/5210/2827 5035/5208/2827
f 5032/5209/2828 5056/5211/2828 5057/5212/2828 5036/5210/2828
f 5033/5206/2829 5034/5205/2829 5038/5213/2829 5037/5214/2829
f 5034/5205/2830 5035/5208/2830 5039/5215/2830 5038/5213/2830
f 5035/5208/2831 5036/5210/2831 5040/5216/2831 5039/5215/2831
f 5036/5210/2832 5057/5212/2832 5058/5217/2832 5040/5216/2832
f 5037/5214/2833 5038/5213/2833 5042/5218/2833 5041/5219/2833
f 5038/5213/2834 5039/5215/2834 5043/5220/2834 5042/5218/2834
f 5039/5215/2835 5040/5216/2835 5044/5221/2835 5043/5220/2835
f 5040/5216/2836 5058/5217/2836 5059/5222/2836 5044/5221/2836
f 5028/3938/2837 5045/5223/2837 5049/5224/2837 5048/5225/2837
f 5045/5223/2838 5046/5226/2838 5050/5227/2838 5049/5224/2838
f 5046/5226/2839 5047/5228/2839 5051/5229/2839 5050/5227/2839
f 5047/5228/2840 5071/5230/2840 5072/5231/2840 5051/5229/2840
f 5048/5225/2841 5049/5224/2841 5053/5232/2841 5052/5233/2841
f 5049/5224/2842 5050/5227/2842 5054/5234/2842 5053/5232/2842
f 5050/5227/2843 5051/5229/2843 5055/5235/2843 5054/5234/2843
f 5051/5229/2844 5072/5231/2844 5073/5236/2844 5055/5235/2844
f 5052/5233/2845 5053/5232/2845 5057/5237/2845 5056/5238/2845
f 5053/5232/2846 5054/5234/2846 5058/5239/2846 5057/5237/2846
f 5054/5234/2847 5055/5235/2847 5059/5240/2847 5058/5239/2847
f 5055/5235/2848 5073/5236/2848 5074/5241/2848 5059/5240/2848
f 5029/3837/2849 5060/5242/2849 5064/5243/2849 5063/5244/2849
f 5060/5242/2850 5061/5245/2850 5065/5246/2850 5064/5243/2850
f 5061/5245/2851 5062/5247/2851 5066/5248/2851 5065/5246/2851
f 5062/5247/2852 5041/5249/2852 5042/5249/2852 5066/5248/2852
f 5063/5244/2853 5064/5243/2853 5068/5250/2853 5067/5251/2853
f 5064/5243/2854 5065/5246/2854 5069/5252/2854 5068/5250/2854
f 5065/5246/2855 5066/5248/2855 5070/5253/2855 5069/5252/2855
f 5066/5248/2856 5042/5249/2856 5043/5249/2856 5070/5253/2856
f 5067/5251/2857 5068/5250/2857 5072/5254/2857 5071/5255/2857
f 5068/5250/2858 5069/5252/2858 5073/5256/2858 5072/5254/2858
f 5069/5252/2859 5070/5253/2859 5074/5257/2859 5073/5256/2859
f 5070/5253/2860 5043/5249/2860 5044/5249/2860 5074/5257/2860
f 5044/5221/2861 5059/5240/2861 5074/5257/2861
f 5075/3838/2862 5078/5258/2862 5082/5259/2862 5081/5260/2862
f 5078/5258/2863 5079/5261/2863 5083/5262/2863 5082/5259/2863
f 5079/5261/2864 5080/5263/2864 5084/5264/2864 5083/5262/2864
f 5080/5263/2865 5104/5265/2865 5105/5266/2865 5084/5264/2865
f 5081/5260/2866 5082/5259/2866 5086/5267/2866 5085/5268/2866
f 5082/5259/2867 5083/5262/2867 5087/5269/2867 5086/5267/2867
f 5083/5262/2868 5084/5264/2868 5088/5270/2868 5087/5269/2868
f 5084/5264/2869 5105/5266/2869 5106/5271/2869 5088/5270/2869
f 5085/5268/2870 5086/5267/2870 5090/5272/2870 5089/5273/2870
f 5086/5267/2871 5087/5269/2871 5091/5274/2871 5090/5272/2871
f 5087/5269/2872 5088/5270/2872 5092/5275/2872 5091/5274/2872
f 5088/5270/2873 5106/5271/2873 5107/5276/2873 5092/5275/2873
f 5076/3989/2874 5093/5277/2874 5097/5278/2874 5096/5279/2874
f 5093/5277/2875 5094/5280/2875 5098/5281/2875 5097/5278/2875
f 5094/5280/2876 5095/5282/2876 5099/5283/2876 5098/5281/2876
f 5095/5282/2877 5119/5284/2877 5120/5285/2877 5099/5283/2877
f 5096/5279/2878 5097/5278/2878 5101/5286/2878 5100/5287/2878
f 5097/5278/2879 5098/5281/2879 5102/5288/2879 5101/5286/2879
f 5098/5281/2880 5099/5283/2880 5103/5289/2880 5102/5288/2880
f 5099/5283/2881 5120/5285/2881 5121/5290/2881 5103/5289/2881
f 5100/5287/2882 5101/5286/2882 5105/5291/2882 5104/5292/2882
f 5101/5286/2883 5102/5288/2883 5106/5293/2883 5105/5291/2883
f 5102/5288/2884 5103/5289/2884 5107/5294/2884 5106/5293/2884
f 5103/5289/2885 5121/5290/2885 5122/5295/2885 5107/5294/2885
f 5077/3841/2886 5108/5296/2886 5112/5297/2886 5111/5298/2886
f 5108/5296/2887 5109/5299/2887 5113/5300/2887 5112/5297/2887
f 5109/5299/2888 5110/5301/2888 5114/5302/2888 5113/5300/2888
f 5110/5301/2889 5089/5303/2889 5090/5303/2889 5114/5302/2889
f 5111/5298/2890 5112/5297/2890 5116/5304/2890 5115/5305/2890
f 5112/5297/2891 5113/5300/2891 5117/5306/2891 5116/5304/2891
f 5113/5300/2892 5114/5302/2892 5118/5307/2892 5117/5306/2892
f 5114/5302/2893 5090/5303/2893 5091/5303/2893 5118/5307/2893
f 5115/5305/2894 5116/5304/2894 5120/5308/2894 5119/5309/2894
f 5116/5304/2895 5117/5306/2895 5121/5310/2895 5120/5308/2895
f 5117/5306/2896 5118/5307/2896 5122/5311/2896 5121/5310/2896
f 5118/5307/2897 5091/5303/2897 5092/5303/2897 5122/5311/2897
f 5092/5275/2898 5107/5294/2898 5122/5311/2898
f 5123/3842/2899 5126/5312/2899 5130/5313/2899 5129/5314/2899
f 5126/5312/2900 5127/5315/2900 5131/5316/2900 5130/5313/2900
f 5127/5315/2901 5128/5317/2901 5132/5318/2901 5131/5316/2901
f 5128/5317/2902 5152/5319/2902 5153/5320/2902 5132/5318/2902
f 5129/5314/2903 5130/5313/2903 5134/5321/2903 5133/5322/2903
f 5130/5313/2904 5131/5316/2904 5135/5323/2904 5134/5321/2904
f 5131/5316/2905 5132/5318/2905 5136/5324/2905 5135/5323/2905
f 5132/5318/2906 5153/5320/2906 5154/5325/2906 5136/5324/2906
f 5133/5322/2907 5134/5321/2907 5138/5326/2907 5137/5327/2907
f 5134/5321/2908 5135/5323/2908 5139/5328/2908 5138/5326/2908
f 5135/5323/2909 5136/5324/2909 5140/5329/2909 5139/5328/2909
f 5136/5324/2910 5154/5325/2910 5155/5330/2910 5140/5329/2910
f 5124/3944/2911 5141/5331/2911 5145/5332/2911 5144/5333/2911
f 5141/5331/2912 5142/5334/2912 5146/5335/2912 5145/5332/2912
f 5142/5334/2913 5143/5336/2913 5147/5337/2913 5146/5335/2913
f 5143/5336/2914 5167/5338/2914 5168/5339/2914 5147/5337/2914
f 5144/5333/2915 5145/5332/2915 5149/5340/2915 5148/5341/2915
f 5145/5332/2916 5146/5335/2916 5150/5342/2916 5149/5340/2916
f 5146/5335/2917 5147/5337/2917 5151/5343/2917 5150/5342/2917
f 5147/5337/2918 5168/5339/2918 5169/5344/2918 5151/5343/2918
f 5148/5341/2919 5149/5340/2919 5153/5345/2919 5152/5346/2919
f 5149/5340/2920 5150/5342/2920 5154/5347/2920 5153/5345/2920
f 5150/5342/2921 5151/5343/2921 5155/5348/2921 5154/5347/2921
f 5151/5343/2922 5169/5344/2922 5170/5349/2922 5155/5348/2922
f 5125/3845/2923 5156/5350/2923 5160/5351/2923 5159/5352/2923
f 5156/5350/2924 5157/5353/2924 5161/5354/2924 5160/5351/2924
f 5157/5353/2925 5158/5355/2925 5162/5356/2925 5161/5354/2925
f 5158/5355/2926 5137/5357/2926 5138/5357/2926 5162/5356/2926
f 5159/5352/2927 5160/5351/2927 5164/5358/2927 5163/5359/2927
f 5160/5351/2928 5161/5354/2928 5165/5360/2928 5164/5358/2928
f 5161/5354/2929 5162/5356/2929 5166/5361/2929 5165/5360/2929
f 5162/5356/2930 5138/5357/2930 5139/5357/2930 5166/5361/2930
f 5163/5359/2931 5164/5358/2931 5168/5362/2931 5167/5363/2931
f 5164/5358/2932 5165/5360/2932 5169/5364/2932 5168/5362/2932
f 5165/5360/2933 5166/5361/2933 5170/5365/2933 5169/5364/2933
f 5166/5361/2934 5139/5357/2934 5140/5357/2934 5170/5365/2934
f 5140/5329/2935 5155/5348/2935 5170/5365/2935
f 5171/3846/2936 5174/5366/2936 5178/5367/2936 5177/5368/2936
f 5174/5366/2937 5175/5369/2937 5179/5370/2937 5178/5367/2937
f 5175/5369/2938 5176/5371/2938 5180/5372/2938 5179/5370/2938
f 5176/5371/2939 5200/5373/2939 5201/5374/2939 5180/5372/2939
f 5177/5368/2940 5178/5367/2940 5182/5375/2940 5181/5376/2940
f 5178/5367/2941 5179/5370/2941 5183/5377/2941 5182/5375/2941
f 5179/5370/2942 5180/5372/2942 5184/5378/2942 5183/5377/2942
f 5180/5372/2943 5201/5374/2943 5202/5379/2943 5184/5378/2943
f 5181/5376/2944 5182/5375/2944 5186/5380/2944 5185/5381/2944
f 5182/5375/2945 5183/5377/2945 5187/5382/2945 5186/5380/2945
f 5183/5377/2946 5184/5378/2946 5188/5383/2946 5187/5382/2946
f 5184/5378/2947 5202/5379/2947 5203/5384/2947 5188/5383/2947
f 5172/3990/2948 5189/5385/2948 5193/5386/2948 5192/5387/2948
f 5189/5385/2949 5190/5388/2949 5194/5389/2949 5193/5386/2949
f 5190/5388/2950 5191/5390/2950 5195/5391/2950 5194/5389/2950
f 5191/5390/2951 5215/5392/2951 5216/5393/2951 5195/5391/2951
f 5192/5387/2952 5193/5386/2952 5197/5394/2952 5196/5395/2952
f 5193/5386/2953 5194/5389/2953 5198/5396/2953 5197/5394/2953
f 5194/5389/2954 5195/5391/2954 5199/5397/2954 5198/5396/2954
f 5195/5391/2955 5216/5393/2955 5217/5398/2955 5199/5397/2955
f 5196/5395/2956 5197/5394/2956 5201/5399/2956 5200/5400/2956
f 5197/5394/2957 5198/5396/2957 5202/5401/2957 5201/5399/2957
f 5198/5396/2958 5199/5397/2958 5203/5402/2958 5202/5401/2958
f 5199/5397/2959 5217/5398/2959 5218/5403/2959 5203/5402/2959
f 5173/3849/2960 5204/5404/2960 5208/5405/2960 5207/5406/2960
f 5204/5404/2961 5205/5407/2961 5209/5408/2961 5208/5405/2961
f 5205/5407/2962 5206/5409/2962 5210/5410/2962 5209/5408/2962
f 5206/5409/2963 5185/5411/2963 5186/5411/2963 5210/5410/2963
f 5207/5406/2964 5208/5405/2964 5212/5412/2964 5211/5413/2964
f 5208/5405/2965 5209/5408/2965 5213/5414/2965 5212/5412/2965
f 5209/5408/2966 5210/5410/2966 5214/5415/2966 5213/5414/2966
f 5210/5410/2967 5186/5411/2967 5187/5411/2967 5214/5415/2967
f 5211/5413/2968 5212/5412/2968 5216/5416/2968 5215/5417/2968
f 5212/5412/2969 5213/5414/2969 5217/5418/2969 5216/5416/2969
f 5213/5414/2970 5214/5415/2970 5218/5419/2970 5217/5418/2970
f 5214/5415/2971 5187/5411/2971 5188/5411/2971 5218/5419/2971
f 5188/5383/2972 5203/5402/2972 5218/5419/2972
f 5219/3850/2973 5222/5420/2973 5226/5421/2973 5225/5422/2973
f 5222/5420/2974 5223/5423/2974 5227/5424/2974 5226/5421/2974
f 5223/5423/2975 5224/5425/2975 5228/5426/2975 5227/5424/2975
f 5224/5425/2976 5248/5427/2976 5249/5428/2976 5228/5426/2976
f 5225/5422/2977 5226/5421/2977 5230/5429/2977 5229/5430/2977
f 5226/5421/2978 5227/5424/2978 5231/5431/2978 5230/5429/2978
f 5227/5424/2979 5228/5426/2979 5232/5432/2979 5231/5431/2979
f 5228/5426/2980 5249/5428/2980 5250/5433/2980 5232/5432/2980
f 5229/5430/2981 5230/5429/2981 5234/5434/2981 5233/5435/2981
f 5230/5429/2982 5231/5431/2982 5235/5436/2982 5234/5434/2982
f 5231/5431/2983 5232/5432/2983 5236/5437/2983 5235/5436/2983
f 5232/5432/2984 5250/5433/2984 5251/5438/2984 5236/5437/2984
f 5220/3991/2985 5237/5439/2985 5241/5440/2985 5240/5441/2985
f 5237/5439/2986 5238/5442/2986 5242/5443/2986 5241/5440/2986
f 5238/5442/2987 5239/5444/2987 5243/5445/2987 5242/5443/2987
f 5239/5444/2988 5263/5446/2988 5264/5447/2988 5243/5445/2988
f 5240/5441/2989 5241/5440/2989 5245/5448/2989 5244/5449/2989
f 5241/5440/2990 5242/5443/2990 5246/5450/2990 5245/5448/2990
f 5242/5443/2991 5243/5445/2991 5247/5451/2991 5246/5450/2991
f 5243/5445/2992 5264/5447/2992 5265/5452/2992 5247/5451/2992
f 5244/5449/2993 5245/5448/2993 5249/5453/2993 5248/5454/2993
f 5245/5448/2994 5246/5450/2994 5250/5455/2994 5249/5453/2994
f 5246/5450/2995 5247/5451/2995 5251/5456/2995 5250/5455/2995
f 5247/5451/2996 5265/5452/2996 5266/5457/2996 5251/5456/2996
f 5221/3853/2997 5252/5458/2997 5256/5459/2997 5255/5460/2997
f 5252/5458/2998 5253/5461/2998 5257/5462/2998 5256/5459/2998
f 5253/5461/2999 5254/5463/2999 5258/5464/2999 5257/5462/2999
f 5254/5463/3000 5233/5465/3000 5234/5465/3000 5258/5464/3000
f 5255/5460/3001 5256/5459/3001 5260/5466/3001 5259/5467/3001
f 5256/5459/3002 5257/5462/3002 5261/5468/3002 5260/5466/3002
f 5257/5462/3003 5258/5464/3003 5262/5469/3003 5261/5468/3003
f 5258/5464/3004 5234/5465/3004 5235/5465/3004 5262/5469/3004
f 5259/5467/3005 5260/5466/3005 5264/5470/3005 5263/5471/3005
f 5260/5466/3006 5261/5468/3006 5265/5472/3006 5264/5470/3006
f 5261/5468/3007 5262/5469/3007 5266/5473/3007 5265/5472/3007
f 5262/5469/3008 5235/5465/3008 5236/5465/3008 5266/5473/3008
f 5236/5437/3009 5251/5456/3009 5266/5473/3009
f 5267/3854/3010 5270/5474/3010 5274/5475/3010 5273/5476/3010
f 5270/5474/3011 5271/5477/3011 5275/5478/3011 5274/5475/3011
f 5271/5477/3012 5272/5479/3012 5276/5480/3012 5275/5478/3012
f 5272/5479/3013 5296/5481/3013 5297/5482/3013 5276/5480/3013
f 5273/5476/3014 5274/5475/3014 5278/5483/3014 5277/5484/3014
f 5274/5475/3015 5275/5478/3015 5279/5485/3015 5278/5483/3015
f 5275/5478/3016 5276/5480/3016 5280/5486/3016 5279/5485/3016
f 5276/5480/3017 5297/5482/3017 5298/5487/3017 5280/5486/3017
f 5277/5484/3018 5278/5483/3018 5282/5488/3018 5281/5489/3018
f 5278/5483/3019 5279/5485/3019 5283/5490/3019 5282/5488/3019
f 5279/5485/3020 5280/5486/3020 5284/5491/3020 5283/5490/3020
f 5280/5486/3021 5298/5487/3021 5299/5492/3021 5284/5491/3021
f 5268/3953/3022 5285/5493/3022 5289/5494/3022 5288/5495/3022
f 5285/5493/3023 5286/5496/3023 5290/5497/3023 5289/5494/3023
f 5286/5496/3024 5287/5498/3024 5291/5499/3024 5290/5497/3024
f 5287/5498/3025 5311/5500/3025 5312/5501/3025 5291/5499/3025
f 5288/5495/3026 5289/5494/3026 5293/5502/3026 5292/5503/3026
f 5289/5494/3027 5290/5497/3027 5294/5504/3027 5293/5502/3027
f 5290/5497/3028 5291/5499/3028 5295/5505/3028 5294/5504/3028
f 5291/5499/3029 5312/5501/3029 5313/5506/3029 5295/5505/3029
f 5292/5503/3030 5293/5502/3030 5297/5507/3030 5296/5508/3030
f 5293/5502/3031 5294/5504/3031 5298/5509/3031 5297/5507/3031
f 5294/5504/3032 5295/5505/3032 5299/5510/3032 5298/5509/3032
f 5295/5505/3033 5313/5506/3033 5314/5511/3033 5299/5510/3033
f 5269/3857/3034 5300/5512/3034 5304/5513/3034 5303/5514/3034
f 5300/5512/3035 5301/5515/3035 5305/5516/3035 5304/5513/3035
f 5301/5515/3036 5302/5517/3036 5306/5518/3036 5305/5516/3036
f 5302/5517/3037 5281/5519/3037 5282/5519/3037 5306/5518/3037
f 5303/5514/3038 5304/5513/3038 5308/5520/3038 5307/5521/3038
f 5304/5513/3039 5305/5516/3039 5309/5522/3039 5308/5520/3039
f 5305/5516/3040 5306/5518/3040 5310/5523/3040 5309/5522/3040
f 5306/5518/3041 5282/5519/3041 5283/5519/3041 5310/5523/3041
f 5307/5521/3042 5308/5520/3042 5312/5524/3042 5311/5525/3042
f 5308/5520/3043 5309/5522/3043 5313/5526/3043 5312/5524/3043
f 5309/5522/3044 5310/5523/3044 5314/5527/3044 5313/5526/3044
f 5310/5523/3045 5283/5519/3045 5284/5519/3045 5314/5527/3045
f 5284/5491/3046 5299/5510/3046 5314/5527/3046
f 5315/3858/3047 5318/5528/3047 5322/5529/3047 5321/5530/3047
f 5318/5528/3048 5319/5531/3048 5323/5532/3048 5322/5529/3048
f 5319/5531/3049 5320/5533/3049 5324/5534/3049 5323/5532/3049
f 5320/5533/3050 5344/5535/3050 5345/5536/3050 5324/5534/3050
f 5321/5530/3051 5322/5529/3051 5326/5537/3051 5325/5538/3051
f 5322/5529/3052 5323/5532/3052 5327/5539/3052 5326/5537/3052
f 5323/5532/3053 5324/5534/3053 5328/5540/3053 5327/5539/3053
f 5324/5534/3054 5345/5536/3054 5346/5541/3054 5328/5540/3054
f 5325/5538/3055 5326/5537/3055 5330/5542/3055 5329/5543/3055
f 5326/5537/3056 5327/5539/3056 5331/5544/3056 5330/5542/3056
f 5327/5539/3057 5328/5540/3057 5332/5545/3057 5331/5544/3057
f 5328/5540/3058 5346/5541/3058 5347/5546/3058 5332/5545/3058
f 5316/3993/3059 5333/5547/3059 5337/5548/3059 5336/5549/3059
f 5333/5547/3060 5334/5550/3060 5338/5551/3060 5337/5548/3060
f 5334/5550/3061 5335/5552/3061 5339/5553/3061 5338/5551/3061
f 5335/5552/3062 5359/5554/3062 5360/5555/3062 5339/5553/3062
f 5336/5549/3063 5337/5548/3063 5341/5556/3063 5340/5557/3063
f 5337/5548/3064 5338/5551/3064 5342/5558/3064 5341/5556/3064
f 5338/5551/3065 5339/5553/3065 5343/5559/3065 5342/5558/3065
f 5339/5553/3066 5360/5555/3066 5361/5560/3066 5343/5559/3066
f 5340/5557/3067 5341/5556/3067 5345/5561/3067 5344/5562/3067
f 5341/5556/3068 5342/5558/3068 5346/5563/3068 5345/5561/3068
f 5342/5558/3069 5343/5559/3069 5347/5564/3069 5346/5563/3069
f 5343/5559/3070 5361/5560/3070 5362/5565/3070 5347/5564/3070
f 5317/3861/3071 5348/5566/3071 5352/5567/3071 5351/5568/3071
f 5348/5566/3072 5349/5569/3072 5353/5570/3072 5352/5567/3072
f 5349/5569/3073 5350/5571/3073 5354/5572/3073 5353/5570/3073
f 5350/5571/3074 5329/5573/3074 5330/5573/3074 5354/5572/3074
f 5351/5568/3075 5352/5567/3075 5356/5574/3075 5355/5575/3075
f 5352/5567/3076 5353/5570/3076 5357/5576/3076 5356/5574/3076
f 5353/5570/3077 5354/5572/3077 5358/5577/3077 5357/5576/3077
f 5354/5572/3078 5330/5573/3078 5331/5573/3078 5358/5577/3078
f 5355/5575/3079 5356/5574/3079 5360/5578/3079 5359/5579/3079
f 5356/5574/3080 5357/5576/3080 5361/5580/3080 5360/5578/3080
f 5357/5576/3081 5358/5577/3081 5362/5581/3081 5361/5580/3081
f 5358/5577/3082 5331/5573/3082 5332/5573/3082 5362/5581/3082
f 5332/5545/3083 5347/5564/3083 5362/5581/3083
f 5363/3862/3084 5366/5582/3084 5370/5583/3084 5369/5584/3084
f 5366/5582/3085 5367/5585/3085 5371/5586/3085 5370/5583/3085
f 5367/5585/3086 5368/5587/3086 5372/5588/3086 5371/5586/3086
f 5368/5587/3087 5392/5589/3087 5393/5590/3087 5372/5588/3087
f 5369/5584/3088 5370/5583/3088 5374/5591/3088 5373/5592/3088
f 5370/5583/3089 5371/5586/3089 5375/5593/3089 5374/5591/3089
f 5371/5586/3090 5372/5588/3090 5376/5594/3090 5375/5593/3090
f 5372/5588/3091 5393/5590/3091 5394/5595/3091 5376/5594/3091
f 5373/5592/3092 5374/5591/3092 5378/5596/3092 5377/5597/3092
f 5374/5591/3093 5375/5593/3093 5379/5598/3093 5378/5596/3093
f 5375/5593/3094 5376/5594/3094 5380/5599/3094 5379/5598/3094
f 5376/5594/3095 5394/5595/3095 5395/5600/3095 5380/5599/3095
f 5364/3995/3096 5381/5601/3096 5385/5602/3096 5384/5603/3096
f 5381/5601/3097 5382/5604/3097 5386/5605/3097 5385/5602/3097
f 5382/5604/3098 5383/5606/3098 5387/5607/3098 5386/5605/3098
f 5383/5606/3099 5407/5608/3099 5408/5609/3099 5387/5607/3099
f 5384/5603/3100 5385/5602/3100 5389/5610/3100 5388/5611/3100
f 5385/5602/3101 5386/5605/3101 5390/5612/3101 5389/5610/3101
f 5386/5605/3102 5387/5607/3102 5391/5613/3102 5390/5612/3102
f 5387/5607/3103 5408/5609/3103 5409/5614/3103 5391/5613/3103
f 5388/5611/3104 5389/5610/3104 5393/5615/3104 5392/5616/3104
f 5389/5610/3105 5390/5612/3105 5394/5617/3105 5393/5615/3105
f 5390/5612/3106 5391/5613/3106 5395/5618/3106 5394/5617/3106
f 5391/5613/3107 5409/5614/3107 5410/5619/3107 5395/5618/3107
f 5365/3865/3108 5396/5620/3108 5400/5621/3108 5399/5622/3108
f 5396/5620/3109 5397/5623/3109 5401/5624/3109 5400/5621/3109
f 5397/5623/3110 5398/5625/3110 5402/5626/3110 5401/5624/3110
f 5398/5625/3111 5377/5627/3111 5378/5627/3111 5402/5626/3111
f 5399/5622/3112 5400/5621/3112 5404/5628/3112 5403/5629/3112
f 5400/5621/3113 5401/5624/3113 5405/5630/3113 5404/5628/3113
f 5401/5624/3114 5402/5626/3114 5406/5631/3114 5405/5630/3114
f 5402/5626/3115 5378/5627/3115 5379/5627/3115 5406/5631/3115
f 5403/5629/3116 5404/5628/3116 5408/5632/3116 5407/5633/3116
f 5404/5628/3117 5405/5630/3117 5409/5634/3117 5408/5632/3117
f 5405/5630/3118 5406/5631/3118 5410/5635/3118 5409/5634/3118
f 5406/5631/3119 5379/5627/3119 5380/5627/3119 5410/5635/3119
f 5380/5599/3120 5395/5618/3120 5410/5635/3120
f 5411/3866/3121 5414/5636/3121 5418/5637/3121 5417/5638/3121
f 5414/5636/3122 5415/5639/3122 5419/5640/3122 5418/5637/3122
f 5415/5639/3123 5416/5641/3123 5420/5642/3123 5419/5640/3123
f 5416/5641/3124 5440/5643/3124 5441/5644/3124 5420/5642/3124
f 5417/5638/3125 5418/5637/3125 5422/5645/3125 5421/5646/3125
f 5418/5637/3126 5419/5640/3126 5423/5647/3126 5422/5645/3126
f 5419/5640/3127 5420/5642/3127 5424/5648/3127 5423/5647/3127
f 5420/5642/3128 5441/5644/3128 5442/5649/3128 5424/5648/3128
f 5421/5646/3129 5422/5645/3129 5426/5650/3129 5425/5651/3129
f 5422/5645/3130 5423/5647/3130 5427/5652/3130 5426/5650/3130
f 5423/5647/3131 5424/5648/3131 5428/5653/3131 5427/5652/3131
f 5424/5648/3132 5442/5649/3132 5443/5654/3132 5428/5653/3132
f 5412/3997/3133 5429/5655/3133 5433/5656/3133 5432/5657/3133
f 5429/5655/3134 5430/5658/3134 5434/5659/3134 5433/5656/3134
f 5430/5658/3135 5431/5660/3135 5435/5661/3135 5434/5659/3135
f 5431/5660/3136 5455/5662/3136 5456/5663/3136 5435/5661/3136
f 5432/5657/3137 5433/5656/3137 5437/5664/3137 5436/5665/3137
f 5433/5656/3138 5434/5659/3138 5438/5666/3138 5437/5664/3138
f 5434/5659/3139 5435/5661/3139 5439/5667/3139 5438/5666/3139
f 5435/5661/3140 5456/5663/3140 5457/5668/3140 5439/5667/3140
f 5436/5665/3141 5437/5664/3141 5441/5669/3141 5440/5670/3141
f 5437/5664/3142 5438/5666/3142 5442/5671/3142 5441/5669/3142
f 5438/5666/3143 5439/5667/3143 5443/5672/3143 5442/5671/3143
f 5439/5667/3144 5457/5668/3144 5458/5673/3144 5443/5672/3144
f 5413/3869/3145 5444/5674/3145 5448/5675/3145 5447/5676/3145
f 5444/5674/3146 5445/5677/3146 5449/5678/3146 5448/5675/3146
f 5445/5677/3147 5446/5679/3147 5450/5680/3147 5449/5678/3147
f 5446/5679/3148 5425/5681/3148 5426/5681/3148 5450/5680/3148
f 5447/5676/3149 5448/5675/3149 5452/5682/3149 5451/5683/3149
f 5448/5675/3150 5449/5678/3150 5453/5684/3150 5452/5682/3150
f 5449/5678/3151 5450/5680/3151 5454/5685/3151 5453/5684/3151
f 5450/5680/3152 5426/5681/3152 5427/5681/3152 5454/5685/3152
f 5451/5683/3153 5452/5682/3153 5456/5686/3153 5455/5687/3153
f 5452/5682/3154 5453/5684/3154 5457/5688/3154 5456/5686/3154
f 5453/5684/3155 5454/5685/3155 5458/5689/3155 5457/5688/3155
f 5454/5685/3156 5427/5681/3156 5428/5681/3156 5458/5689/3156
f 5428/5653/3157 5443/5672/3157 5458/5689/3157
f 5459/3870/3158 5462/5690/3158 5466/5691/3158 5465/5692/3158
f 5462/5690/3159 5463/5693/3159 5467/5694/3159 5466/5691/3159
f 5463/5693/3160 5464/5695/3160 5468/5696/3160 5467/5694/3160
f 5464/5695/3161 5488/5697/3161 5489/5698/3161 5468/5696/3161
f 5465/5692/3162 5466/5691/3162 5470/5699/3162 5469/5700/3162
f 5466/5691/3163 5467/5694/3163 5471/5701/3163 5470/5699/3163
f 5467/5694/3164 5468/5696/3164 5472/5702/3164 5471/5701/3164
f 5468/5696/3165 5489/5698/3165 5490/5703/3165 5472/5702/3165
f 5469/5700/3166 5470/5699/3166 5474/5704/3166 5473/5705/3166
f 5470/5699/3167 5471/5701/3167 5475/5706/3167 5474/5704/3167
f 5471/5701/3168 5472/5702/3168 5476/5707/3168 5475/5706/3168
f 5472/5702/3169 5490/5703/3169 5491/5708/3169 5476/5707/3169
f 5460/3749/3170 5477/5709/3170 5481/5710/3170 5480/5711/3170
f 5477/5709/3171 5478/5712/3171 5482/5713/3171 5481/5710/3171
f 5478/5712/3172 5479/5714/3172 5483/5715/3172 5482/5713/3172
f 5479/5714/3173 5503/5716/3173 5504/5717/3173 5483/5715/3173
f 5480/5711/3174 5481/5710/3174 5485/5718/3174 5484/5719/3174
f 5481/5710/3175 5482/5713/3175 5486/5720/3175 5485/5718/3175
f 5482/5713/3176 5483/5715/3176 5487/5721/3176 5486/5720/3176
f 5483/5715/3177 5504/5717/3177 5505/5722/3177 5487/5721/3177
f 5484/5719/3178 5485/5718/3178 5489/5723/3178 5488/5724/3178
f 5485/5718/3179 5486/5720/3179 5490/5725/3179 5489/5723/3179
f 5486/5720/3180 5487/5721/3180 5491/5726/3180 5490/5725/3180
f 5487/5721/3181 5505/5722/3181 5506/5727/3181 5491/5726/3181
f 5461/3873/3182 5492/5728/3182 5496/5729/3182 5495/5730/3182
f 5492/5728/3183 5493/5731/3183 5497/5732/3183 5496/5729/3183
f 5493/5731/3184 5494/5733/3184 5498/5734/3184 5497/5732/3184
f 5494/5733/3185 5473/5735/3185 5474/5735/3185 5498/5734/3185
f 5495/5730/3186 5496/5729/3186 5500/5736/3186 5499/5737/3186
f 5496/5729/3187 5497/5732/3187 5501/5738/3187 5500/5736/3187
f 5497/5732/3188 5498/5734/3188 5502/5739/3188 5501/5738/3188
f 5498/5734/3189 5474/5735/3189 5475/5735/3189 5502/5739/3189
f 5499/5737/3190 5500/5736/3190 5504/5740/3190 5503/5741/3190
f 5500/5736/3191 5501/5738/3191 5505/5742/3191 5504/5740/3191
f 5501/5738/3192 5502/5739/3192 5506/5743/3192 5505/5742/3192
f 5502/5739/3193 5475/5735/3193 5476/5735/3193 5506/5743/3193
f 5476/5707/3194 5491/5726/3194 5506/5743/3194
f 5507/5744/3195 5510/5745/3195 5514/5746/3195 5513/5747/3195
f 5510/5745/3196 5511/5748/3196 5515/5749/3196 5514/5746/3196
f 5511/5748/3197 5512/5750/3197 5516/5751/3197 5515/5749/3197
f 5512/5750/3198 5536/5752/3198 5537/5753/3198 5516/5751/3198
f 5513/5747/3199 5514/5746/3199 5518/5754/3199 5517/5755/3199
f 5514/5746/3200 5515/5749/3200 5519/5756/3200 5518/5754/3200
f 5515/5749/3201 5516/5751/3201 5520/5757/3201 5519/5756/3201
f 5516/5751/3202 5537/5753/3202 5538/5758/3202 5520/5757/3202
f 5517/5755/3203 5518/5754/3203 5522/5759/3203 5521/5760/3203
f 5518/5754/3204 5519/5756/3204 5523/5761/3204 5522/5759/3204
f 5519/5756/3205 5520/5757/3205 5524/5762/3205 5523/5761/3205
f 5520/5757/3206 5538/5758/3206 5539/4012/3206 5524/5762/3206
f 5508/3878/3207 5525/5763/3207 5529/5764/3207 5528/5765/3207
f 5525/5763/3208 5526/5766/3208 5530/5767/3208 5529/5764/3208
f 5526/5766/3209 5527/5768/3209 5531/5769/3209 5530/5767/3209
f 5527/5768/3210 5551/5770/3210 5552/5771/3210 5531/5769/3210
f 5528/5765/3211 5529/5764/3211 5533/5772/3211 5532/5773/3211
f 5529/5764/3212 5530/5767/3212 5534/5774/3212 5533/5772/3212
f 5530/5767/3213 5531/5769/3213 5535/5775/3213 5534/5774/3213
f 5531/5769/3214 5552/5771/3214 5553/5776/3214 5535/5775/3214
f 5532/5773/3215 5533/5772/3215 5537/5777/3215 5536/5778/3215
f 5533/5772/3216 5534/5774/3216 5538/5779/3216 5537/5777/3216
f 5534/5774/3217 5535/5775/3217 5539/5780/3217 5538/5779/3217
f 5535/5775/3218 5553/5776/3218 5554/5781/3218 5539/5780/3218
f 5509/3875/3219 5540/5782/3219 5544/5783/3219 5543/5784/3219
f 5540/5782/3220 5541/5785/3220 5545/5786/3220 5544/5783/3220
f 5541/5785/3221 5542/5787/3221 5546/5788/3221 5545/5786/3221
f 5542/5787/3222 5521/4012/3222 5522/4012/3222 5546/5788/3222
f 5543/5784/3223 5544/5783/3223 5548/5789/3223 5547/5790/3223
f 5544/5783/3224 5545/5786/3224 5549/5791/3224 5548/5789/3224
f 5545/5786/3225 5546/5788/3225 5550/5792/3225 5549/5791/3225
f 5546/5788/3226 5522/4012/3226 5523/4012/3226 5550/5792/3226
f 5547/5790/3227 5548/5789/3227 5552/5793/3227 5551/5794/3227
f 5548/5789/3228 5549/5791/3228 5553/5795/3228 5552/5793/3228
f 5549/5791/3229 5550/5792/3229 5554/5796/3229 5553/5795/3229
f 5550/5792/3230 5523/4012/3230 5524/4012/3230 5554/5796/3230
f 5524/5762/3231 5539/5797/3231 5554/5797/3231
f 5555/5798/3232 5558/5799/3232 5562/5800/3232 5561/5801/3232
f 5558/5799/3233 5559/5802/3233 5563/5803/3233 5562/5800/3233
f 5559/5802/3234 5560/5804/3234 5564/5805/3234 5563/5803/3234
f 5560/5804/3235 5584/4109/3235 5585/4109/3235 5564/5805/3235
f 5561/5801/3236 5562/5800/3236 5566/5806/3236 5565/5807/3236
f 5562/5800/3237 5563/5803/3237 5567/5808/3237 5566/5806/3237
f 5563/5803/3238 5564/5805/3238 5568/5809/3238 5567/5808/3238
f 5564/5805/3239 5585/4109/3239 5586/4109/3239 5568/5809/3239
f 5565/5807/3240 5566/5806/3240 5570/5810/3240 5569/5811/3240
f 5566/5806/3241 5567/5808/3241 5571/5812/3241 5570/5810/3241
f 5567/5808/3242 5568/5809/3242 5572/5813/3242 5571/5812/3242
f 5568/5809/3243 5586/4109/3243 5587/4109/3243 5572/5813/3243
f 5556/3756/3244 5573/5814/3244 5577/5815/3244 5576/5816/3244
f 5573/5814/3245 5574/5817/3245 5578/5818/3245 5577/5815/3245
f 5574/5817/3246 5575/5819/3246 5579/5820/3246 5578/5818/3246
f 5575/5819/3247 5599/5821/3247 5600/5822/3247 5579/5820/3247
f 5576/5816/3248 5577/5815/3248 5581/5823/3248 5580/5824/3248
f 5577/5815/3249 5578/5818/3249 5582/5825/3249 5581/5823/3249
f 5578/5818/3250 5579/5820/3250 5583/5826/3250 5582/5825/3250
f 5579/5820/3251 5600/5822/3251 5601/5827/3251 5583/5826/3251
f 5580/5824/3252 5581/5823/3252 5585/5828/3252 5584/5829/3252
f 5581/5823/3253 5582/5825/3253 5586/5830/3253 5585/5828/3253
f 5582/5825/3254 5583/5826/3254 5587/5831/3254 5586/5830/3254
f 5583/5826/3255 5601/5827/3255 5602/4109/3255 5587/5831/3255
f 5557/4000/3256 5588/5832/3256 5592/5833/3256 5591/5834/3256
f 5588/5832/3257 5589/5835/3257 5593/5836/3257 5592/5833/3257
f 5589/5835/3258 5590/5837/3258 5594/5838/3258 5593/5836/3258
f 5590/5837/3259 5569/5839/3259 5570/5840/3259 5594/5838/3259
f 5591/5834/3260 5592/5833/3260 5596/5841/3260 5595/5842/3260
f 5592/5833/3261 5593/5836/3261 5597/5843/3261 5596/5841/3261
f 5593/5836/3262 5594/5838/3262 5598/5844/3262 5597/5843/3262
f 5594/5838/3263 5570/5840/3263 5571/5845/3263 5598/5844/3263
f 5595/5842/3264 5596/5841/3264 5600/5846/3264 5599/5847/3264
f 5596/5841/3265 5597/5843/3265 5601/5848/3265 5600/5846/3265
f 5597/5843/3266 5598/5844/3266 5602/5849/3266 5601/5848/3266
f 5598/5844/3267 5571/5845/3267 5572/5850/3267 5602/5849/3267
f 5572/5813/3268 5587/5831/3268 5602/5849/3268
f 5603/3755/3269 5606/5851/3269 5610/5852/3269 5609/5853/3269
f 5606/5851/3270 5607/5854/3270 5611/5855/3270 5610/5852/3270
f 5607/5854/3271 5608/5856/3271 5612/5857/3271 5611/5855/3271
f 5608/5856/3272 5632/4163/3272 5633/4163/3272 5612/5857/3272
f 5609/5853/3273 5610/5852/3273 5614/5858/3273 5613/5859/3273
f 5610/5852/3274 5611/5855/3274 5615/5860/3274 5614/5858/3274
f 5611/5855/3275 5612/5857/3275 5616/5861/3275 5615/5860/3275
f 5612/5857/3276 5633/4163/3276 5634/5862/3276 5616/5861/3276
f 5613/5859/3277 5614/5858/3277 5618/5863/3277 5617/5864/3277
f 5614/5858/3278 5615/5860/3278 5619/5865/3278 5618/5863/3278
f 5615/5860/3279 5616/5861/3279 5620/5866/3279 5619/5865/3279
f 5616/5861/3280 5634/5862/3280 5635/5862/3280 5620/5866/3280
f 5604/3760/3281 5621/5867/3281 5625/5868/3281 5624/5869/3281
f 5621/5867/3282 5622/5870/3282 5626/5871/3282 5625/5868/3282
f 5622/5870/3283 5623/5872/3283 5627/5873/3283 5626/5871/3283
f 5623/5872/3284 5647/5874/3284 5648/5875/3284 5627/5873/3284
f 5624/5869/3285 5625/5868/3285 5629/5876/3285 5628/5877/3285
f 5625/5868/3286 5626/5871/3286 5630/5878/3286 5629/5876/3286
f 5626/5871/3287 5627/5873/3287 5631/5879/3287 5630/5878/3287
f 5627/5873/3288 5648/5875/3288 5649/5880/3288 5631/5879/3288
f 5628/5877/3289 5629/5876/3289 5633/5881/3289 5632/5882/3289
f 5629/5876/3290 5630/5878/3290 5634/5883/3290 5633/5881/3290
f 5630/5878/3291 5631/5879/3291 5635/5884/3291 5634/5883/3291
f 5631/5879/3292 5649/5880/3292 5650/4163/3292 5635/5884/3292
f 5605/3967/3293 5636/5885/3293 5640/5886/3293 5639/5887/3293
f 5636/5885/3294 5637/5888/3294 5641/5889/3294 5640/5886/3294
f 5637/5888/3295 5638/5890/3295 5642/5891/3295 5641/5889/3295
f 5638/5890/3296 5617/5892/3296 5618/5893/3296 5642/5891/3296
f 5639/5887/3297 5640/5886/3297 5644/5894/3297 5643/5895/3297
f 5640/5886/3298 5641/5889/3298 5645/5896/3298 5644/5894/3298
f 5641/5889/3299 5642/5891/3299 5646/5897/3299 5645/5896/3299
f 5642/5891/3300 5618/5893/3300 5619/5898/3300 5646/5897/3300
f 5643/5895/3301 5644/5894/3301 5648/5899/3301 5647/5900/3301
f 5644/5894/3302 5645/5896/3302 5649/5901/3302 5648/5899/3302
f 5645/5896/3303 5646/5897/3303 5650/5902/3303 5649/5901/3303
f 5646/5897/3304 5619/5898/3304 5620/5903/3304 5650/5902/3304
f 5620/5866/3305 5635/5884/3305 5650/5902/3305
f 5651/3759/3306 5654/5904/3306 5658/5905/3306 5657/5906/3306
f 5654/5904/3307 5655/5907/3307 5659/5908/3307 5658/5905/3307
f 5655/5907/3308 5656/5909/3308 5660/5910/3308 5659/5908/3308
f 5656/5909/3309 5680/4217/3309 5681/4217/3309 5660/5910/3309
f 5657/5906/3310 5658/5905/3310 5662/5911/3310 5661/5912/3310
f 5658/5905/3311 5659/5908/3311 5663/5913/3311 5662/5911/3311
f 5659/5908/3312 5660/5910/3312 5664/5914/3312 5663/5913/3312
f 5660/5910/3313 5681/4217/3313 5682/4217/3313 5664/5914/3313
f 5661/5912/3314 5662/5911/3314 5666/5915/3314 5665/5916/3314
f 5662/5911/3315 5663/5913/3315 5667/5917/3315 5666/5915/3315
f 5663/5913/3316 5664/5914/3316 5668/5918/3316 5667/5917/3316
f 5664/5914/3317 5682/4217/3317 5683/4217/3317 5668/5918/3317
f 5652/3764/3318 5669/5919/3318 5673/5920/3318 5672/5921/3318
f 5669/5919/3319 5670/5922/3319 5674/5923/3319 5673/5920/3319
f 5670/5922/3320 5671/5924/3320 5675/5925/3320 5674/5923/3320
f 5671/5924/3321 5695/5926/3321 5696/5927/3321 5675/5925/3321
f 5672/5921/3322 5673/5920/3322 5677/5928/3322 5676/5929/3322
f 5673/5920/3323 5674/5923/3323 5678/5930/3323 5677/5928/3323
f 5674/5923/3324 5675/5925/3324 5679/5931/3324 5678/5930/3324
f 5675/5925/3325 5696/5927/3325 5697/5932/3325 5679/5931/3325
f 5676/5929/3326 5677/5928/3326 5681/5933/3326 5680/5934/3326
f 5677/5928/3327 5678/5930/3327 5682/5935/3327 5681/5933/3327
f 5678/5930/3328 5679/5931/3328 5683/5936/3328 5682/5935/3328
f 5679/5931/3329 5697/5932/3329 5698/4217/3329 5683/5936/3329
f 5653/3880/3330 5684/5937/3330 5688/5938/3330 5687/5939/3330
f 5684/5937/3331 5685/5940/3331 5689/5941/3331 5688/5938/3331
f 5685/5940/3332 5686/5942/3332 5690/5943/3332 5689/5941/3332
f 5686/5942/3333 5665/5944/3333 5666/5945/3333 5690/5943/3333
f 5687/5939/3334 5688/5938/3334 5692/5946/3334 5691/5947/3334
f 5688/5938/3335 5689/5941/3335 5693/5948/3335 5692/5946/3335
f 5689/5941/3336 5690/5943/3336 5694/5949/3336 5693/5948/3336
f 5690/5943/3337 5666/5945/3337 5667/5950/3337 5694/5949/3337
f 5691/5947/3338 5692/5946/3338 5696/5951/3338 5695/5952/3338
f 5692/5946/3339 5693/5948/3339 5697/5953/3339 5696/5951/3339
f 5693/5948/3340 5694/5949/3340 5698/5954/3340 5697/5953/3340
f 5694/5949/3341 5667/5950/3341 5668/5955/3341 5698/5954/3341
f 5668/5918/3342 5683/5936/3342 5698/5954/3342
f 5699/3763/3343 5702/5956/3343 5706/5957/3343 5705/5958/3343
f 5702/5956/3344 5703/5959/3344 5707/5960/3344 5706/5957/3344
f 5703/5959/3345 5704/5961/3345 5708/5962/3345 5707/5960/3345
f 5704/5961/3346 5728/4272/3346 5729/4272/3346 5708/5962/3346
f 5705/5958/3347 5706/5957/3347 5710/5963/3347 5709/5964/3347
f 5706/5957/3348 5707/5960/3348 5711/5965/3348 5710/5963/3348
f 5707/5960/3349 5708/5962/3349 5712/5966/3349 5711/5965/3349
f 5708/5962/3350 5729/4272/3350 5730/4272/3350 5712/5966/3350
f 5709/5964/3351 5710/5963/3351 5714/5967/3351 5713/5968/3351
f 5710/5963/3352 5711/5965/3352 5715/5969/3352 5714/5967/3352
f 5711/5965/3353 5712/5966/3353 5716/5970/3353 5715/5969/3353
f 5712/5966/3354 5730/4272/3354 5731/4272/3354 5716/5970/3354
f 5700/3768/3355 5717/5971/3355 5721/5972/3355 5720/5973/3355
f 5717/5971/3356 5718/5974/3356 5722/5975/3356 5721/5972/3356
f 5718/5974/3357 5719/5976/3357 5723/5977/3357 5722/5975/3357
f 5719/5976/3358 5743/5978/3358 5744/5979/3358 5723/5977/3358
f 5720/5973/3359 5721/5972/3359 5725/5980/3359 5724/5981/3359
f 5721/5972/3360 5722/5975/3360 5726/5982/3360 5725/5980/3360
f 5722/5975/3361 5723/5977/3361 5727/5983/3361 5726/5982/3361
f 5723/5977/3362 5744/5979/3362 5745/5984/3362 5727/5983/3362
f 5724/5981/3363 5725/5980/3363 5729/5985/3363 5728/5986/3363
f 5725/5980/3364 5726/5982/3364 5730/5987/3364 5729/5985/3364
f 5726/5982/3365 5727/5983/3365 5731/5988/3365 5730/5987/3365
f 5727/5983/3366 5745/5984/3366 5746/4272/3366 5731/5988/3366
f 5701/3884/3367 5732/5989/3367 5736/5990/3367 5735/5991/3367
f 5732/5989/3368 5733/5992/3368 5737/5993/3368 5736/5990/3368
f 5733/5992/3369 5734/5994/3369 5738/5995/3369 5737/5993/3369
f 5734/5994/3370 5713/5996/3370 5714/5997/3370 5738/5995/3370
f 5735/5991/3371 5736/5990/3371 5740/5998/3371 5739/5999/3371
f 5736/5990/3372 5737/5993/3372 5741/6000/3372 5740/5998/3372
f 5737/5993/3373 5738/5995/3373 5742/6001/3373 5741/6000/3373
f 5738/5995/3374 5714/5997/3374 5715/6002/3374 5742/6001/3374
f 5739/5999/3375 5740/5998/3375 5744/6003/3375 5743/6004/3375
f 5740/5998/3376 5741/6000/3376 5745/6005/3376 5744/6003/3376
f 5741/6000/3377 5742/6001/3377 5746/6006/3377 5745/6005/3377
f 5742/6001/3378 5715/6002/3378 5716/6007/3378 5746/6006/3378
f 5716/5970/3379 5731/5988/3379 5746/6006/3379
f 5747/3767/3380 5750/6008/3380 5754/6009/3380 5753/6010/3380
f 5750/6008/3381 5751/6011/3381 5755/6012/3381 5754/6009/3381
f 5751/6011/3382 5752/6013/3382 5756/6014/3382 5755/6012/3382
f 5752/6013/3383 5776/4326/3383 5777/4326/3383 5756/6014/3383
f 5753/6010/3384 5754/6009/3384 5758/6015/3384 5757/6016/3384
f 5754/6009/3385 5755/6012/3385 5759/6017/3385 5758/6015/3385
f 5755/6012/3386 5756/6014/3386 5760/6018/3386 5759/6017/3386
f 5756/6014/3387 5777/4326/3387 5778/6019/3387 5760/6018/3387
f 5757/6016/3388 5758/6015/3388 5762/6020/3388 5761/6021/3388
f 5758/6015/3389 5759/6017/3389 5763/6022/3389 5762/6020/3389
f 5759/6017/3390 5760/6018/3390 5764/6023/3390 5763/6022/3390
f 5760/6018/3391 5778/6019/3391 5779/4326/3391 5764/6023/3391
f 5748/3772/3392 5765/6024/3392 5769/6025/3392 5768/6026/3392
f 5765/6024/3393 5766/6027/3393 5770/6028/3393 5769/6025/3393
f 5766/6027/3394 5767/6029/3394 5771/6030/3394 5770/6028/3394
f 5767/6029/3395 5791/6031/3395 5792/6032/3395 5771/6030/3395
f 5768/6026/3396 5769/6025/3396 5773/6033/3396 5772/6034/3396
f 5769/6025/3397 5770/6028/3397 5774/6035/3397 5773/6033/3397
f 5770/6028/3398 5771/6030/3398 5775/6036/3398 5774/6035/3398
f 5771/6030/3399 5792/6032/3399 5793/6037/3399 5775/6036/3399
f 5772/6034/3400 5773/6033/3400 5777/6038/3400 5776/6039/3400
f 5773/6033/3401 5774/6035/3401 5778/6040/3401 5777/6038/3401
f 5774/6035/3402 5775/6036/3402 5779/6041/3402 5778/6040/3402
f 5775/6036/3403 5793/6037/3403 5794/4326/3403 5779/6041/3403
f 5749/3887/3404 5780/6042/3404 5784/6043/3404 5783/6044/3404
f 5780/6042/3405 5781/6045/3405 5785/6046/3405 5784/6043/3405
f 5781/6045/3406 5782/6047/3406 5786/6048/3406 5785/6046/3406
f 5782/6047/3407 5761/6049/3407 5762/6050/3407 5786/6048/3407
f 5783/6044/3408 5784/6043/3408 5788/6051/3408 5787/6052/3408
f 5784/6043/3409 5785/6046/3409 5789/6053/3409 5788/6051/3409
f 5785/6046/3410 5786/6048/3410 5790/6054/3410 5789/6053/3410
f 5786/6048/3411 5762/6050/3411 5763/6055/3411 5790/6054/3411
f 5787/6052/3412 5788/6051/3412 5792/6056/3412 5791/6057/3412
f 5788/6051/3413 5789/6053/3413 5793/6058/3413 5792/6056/3413
f 5789/6053/3414 5790/6054/3414 5794/6059/3414 5793/6058/3414
f 5790/6054/3415 5763/6055/3415 5764/6060/3415 5794/6059/3415
f 5764/6023/3416 5779/6041/3416 5794/6059/3416
f 5795/3771/3417 5798/6061/3417 5802/6062/3417 5801/6063/3417
f 5798/6061/3418 5799/6064/3418 5803/6065/3418 5802/6062/3418
f 5799/6064/3419 5800/6066/3419 5804/6067/3419 5803/6065/3419
f 5800/6066/3420 5824/4382/3420 5825/6068/3420 5804/6067/3420
f 5801/6063/3421 5802/6062/3421 5806/6069/3421 5805/6070/3421
f 5802/6062/3422 5803/6065/3422 5807/6071/3422 5806/6069/3422
f 5803/6065/3423 5804/6067/3423 5808/6072/3423 5807/6071/3423
f 5804/6067/3424 5825/6068/3424 5826/4382/3424 5808/6072/3424
f 5805/6070/3425 5806/6069/3425 5810/6073/3425 5809/6074/3425
f 5806/6069/3426 5807/6071/3426 5811/6075/3426 5810/6073/3426
f 5807/6071/3427 5808/6072/3427 5812/6076/3427 5811/6075/3427
f 5808/6072/3428 5826/4382/3428 5827/4382/3428 5812/6076/3428
f 5796/3776/3429 5813/6077/3429 5817/6078/3429 5816/6079/3429
f 5813/6077/3430 5814/6080/3430 5818/6081/3430 5817/6078/3430
f 5814/6080/3431 5815/6082/3431 5819/6083/3431 5818/6081/3431
f 5815/6082/3432 5839/6084/3432 5840/6085/3432 5819/6083/3432
f 5816/6079/3433 5817/6078/3433 5821/6086/3433 5820/6087/3433
f 5817/6078/3434 5818/6081/3434 5822/6088/3434 5821/6086/3434
f 5818/6081/3435 5819/6083/3435 5823/6089/3435 5822/6088/3435
f 5819/6083/3436 5840/6085/3436 5841/6090/3436 5823/6089/3436
f 5820/6087/3437 5821/6086/3437 5825/6091/3437 5824/6092/3437
f 5821/6086/3438 5822/6088/3438 5826/6093/3438 5825/6091/3438
f 5822/6088/3439 5823/6089/3439 5827/6094/3439 5826/6093/3439
f 5823/6089/3440 5841/6090/3440 5842/4382/3440 5827/6094/3440
f 5797/3890/3441 5828/6095/3441 5832/6096/3441 5831/6097/3441
f 5828/6095/3442 5829/6098/3442 5833/6099/3442 5832/6096/3442
f 5829/6098/3443 5830/6100/3443 5834/6101/3443 5833/6099/3443
f 5830/6100/3444 5809/6102/3444 5810/6103/3444 5834/6101/3444
f 5831/6097/3445 5832/6096/3445 5836/6104/3445 5835/6105/3445
f 5832/6096/3446 5833/6099/3446 5837/6106/3446 5836/6104/3446
f 5833/6099/3447 5834/6101/3447 5838/6107/3447 5837/6106/3447
f 5834/6101/3448 5810/6103/3448 5811/6108/3448 5838/6107/3448
f 5835/6105/3449 5836/6104/3449 5840/6109/3449 5839/6110/3449
f 5836/6104/3450 5837/6106/3450 5841/6111/3450 5840/6109/3450
f 5837/6106/3451 5838/6107/3451 5842/6112/3451 5841/6111/3451
f 5838/6107/3452 5811/6108/3452 5812/6113/3452 5842/6112/3452
f 5812/6076/3453 5827/6094/3453 5842/6112/3453
f 5843/3775/3454 5846/6114/3454 5850/6115/3454 5849/6116/3454
f 5846/6114/3455 5847/6117/3455 5851/6118/3455 5850/6115/3455
f 5847/6117/3456 5848/6119/3456 5852/6120/3456 5851/6118/3456
f 5848/6119/3457 5872/4436/3457 5873/6121/3457 5852/6120/3457
f 5849/6116/3458 5850/6115/3458 5854/6122/3458 5853/6123/3458
f 5850/6115/3459 5851/6118/3459 5855/6124/3459 5854/6122/3459
f 5851/6118/3460 5852/6120/3460 5856/6125/3460 5855/6124/3460
f 5852/6120/3461 5873/6121/3461 5874/4436/3461 5856/6125/3461
f 5853/6123/3462 5854/6122/3462 5858/6126/3462 5857/6127/3462
f 5854/6122/3463 5855/6124/3463 5859/6128/3463 5858/6126/3463
f 5855/6124/3464 5856/6125/3464 5860/6129/3464 5859/6128/3464
f 5856/6125/3465 5874/4436/3465 5875/4436/3465 5860/6129/3465
f 5844/3780/3466 5861/6130/3466 5865/6131/3466 5864/6132/3466
f 5861/6130/3467 5862/6133/3467 5866/6134/3467 5865/6131/3467
f 5862/6133/3468 5863/6135/3468 5867/6136/3468 5866/6134/3468
f 5863/6135/3469 5887/6137/3469 5888/6138/3469 5867/6136/3469
f 5864/6132/3470 5865/6131/3470 5869/6139/3470 5868/6140/3470
f 5865/6131/3471 5866/6134/3471 5870/6141/3471 5869/6139/3471
f 5866/6134/3472 5867/6136/3472 5871/6142/3472 5870/6141/3472
f 5867/6136/3473 5888/6138/3473 5889/6143/3473 5871/6142/3473
f 5868/6140/3474 5869/6139/3474 5873/6144/3474 5872/6145/3474
f 5869/6139/3475 5870/6141/3475 5874/6146/3475 5873/6144/3475
f 5870/6141/3476 5871/6142/3476 5875/6147/3476 5874/6146/3476
f 5871/6142/3477 5889/6143/3477 5890/4436/3477 5875/6147/3477
f 5845/3893/3478 5876/6148/3478 5880/6149/3478 5879/6150/3478
f 5876/6148/3479 5877/6151/3479 5881/6152/3479 5880/6149/3479
f 5877/6151/3480 5878/6153/3480 5882/6154/3480 5881/6152/3480
f 5878/6153/3481 5857/6155/3481 5858/6156/3481 5882/6154/3481
f 5879/6150/3482 5880/6149/3482 5884/6157/3482 5883/6158/3482
f 5880/6149/3483 5881/6152/3483 5885/6159/3483 5884/6157/3483
f 5881/6152/3484 5882/6154/3484 5886/6160/3484 5885/6159/3484
f 5882/6154/3485 5858/6156/3485 5859/6161/3485 5886/6160/3485
f 5883/6158/3486 5884/6157/3486 5888/6162/3486 5887/6163/3486
f 5884/6157/3487 5885/6159/3487 5889/6164/3487 5888/6162/3487
f 5885/6159/3488 5886/6160/3488 5890/6165/3488 5889/6164/3488
f 5886/6160/3489 5859/6161/3489 5860/6166/3489 5890/6165/3489
f 5860/6129/3490 5875/6147/3490 5890/6165/3490
f 5891/3779/3491 5894/6167/3491 5898/6168/3491 5897/6169/3491
f 5894/6167/3492 5895/6170/3492 5899/6171/3492 5898/6168/3492
f 5895/6170/3493 5896/6172/3493 5900/6173/3493 5899/6171/3493
f 5896/6172/3494 5920/4490/3494 5921/4490/3494 5900/6173/3494
f 5897/6169/3495 5898/6168/3495 5902/6174/3495 5901/6175/3495
f 5898/6168/3496 5899/6171/3496 5903/6176/3496 5902/6174/3496
f 5899/6171/3497 5900/6173/3497 5904/6177/3497 5903/6176/3497
f 5900/6173/3498 5921/4490/3498 5922/4490/3498 5904/6177/3498
f 5901/6175/3499 5902/6174/3499 5906/6178/3499 5905/6179/3499
f 5902/6174/3500 5903/6176/3500 5907/6180/3500 5906/6178/3500
f 5903/6176/3501 5904/6177/3501 5908/6181/3501 5907/6180/3501
f 5904/6177/3502 5922/4490/3502 5923/4490/3502 5908/6181/3502
f 5892/3784/3503 5909/6182/3503 5913/6183/3503 5912/6184/3503
f 5909/6182/3504 5910/6185/3504 5914/6186/3504 5913/6183/3504
f 5910/6185/3505 5911/6187/3505 5915/6188/3505 5914/6186/3505
f 5911/6187/3506 5935/6189/3506 5936/6190/3506 5915/6188/3506
f 5912/6184/3507 5913/6183/3507 5917/6191/3507 5916/6192/3507
f 5913/6183/3508 5914/6186/3508 5918/6193/3508 5917/6191/3508
f 5914/6186/3509 5915/6188/3509 5919/6194/3509 5918/6193/3509
f 5915/6188/3510 5936/6190/3510 5937/6195/3510 5919/6194/3510
f 5916/6192/3511 5917/6191/3511 5921/6196/3511 5920/6197/3511
f 5917/6191/3512 5918/6193/3512 5922/6198/3512 5921/6196/3512
f 5918/6193/3513 5919/6194/3513 5923/6199/3513 5922/6198/3513
f 5919/6194/3514 5937/6195/3514 5938/4490/3514 5923/6199/3514
f 5893/3896/3515 5924/6200/3515 5928/6201/3515 5927/6202/3515
f 5924/6200/3516 5925/6203/3516 5929/6204/3516 5928/6201/3516
f 5925/6203/3517 5926/6205/3517 5930/6206/3517 5929/6204/3517
f 5926/6205/3518 5905/6207/3518 5906/6208/3518 5930/6206/3518
f 5927/6202/3519 5928/6201/3519 5932/6209/3519 5931/6210/3519
f 5928/6201/3520 5929/6204/3520 5933/6211/3520 5932/6209/3520
f 5929/6204/3521 5930/6206/3521 5934/6212/3521 5933/6211/3521
f 5930/6206/3522 5906/6208/3522 5907/6213/3522 5934/6212/3522
f 5931/6210/3523 5932/6209/3523 5936/6214/3523 5935/6215/3523
f 5932/6209/3524 5933/6211/3524 5937/6216/3524 5936/6214/3524
f 5933/6211/3525 5934/6212/3525 5938/6217/3525 5937/6216/3525
f 5934/6212/3526 5907/6213/3526 5908/6218/3526 5938/6217/3526
f 5908/6181/3527 5923/6199/3527 5938/6217/3527
f 5939/3783/3528 5942/6219/3528 5946/6220/3528 5945/6221/3528
f 5942/6219/3529 5943/6222/3529 5947/6223/3529 5946/6220/3529
f 5943/6222/3530 5944/6224/3530 5948/6225/3530 5947/6223/3530
f 5944/6224/3531 5968/4545/3531 5969/4545/3531 5948/6225/3531
f 5945/6221/3532 5946/6220/3532 5950/6226/3532 5949/6227/3532
f 5946/6220/3533 5947/6223/3533 5951/6228/3533 5950/6226/3533
f 5947/6223/3534 5948/6225/3534 5952/6229/3534 5951/6228/3534
f 5948/6225/3535 5969/4545/3535 5970/4545/3535 5952/6229/3535
f 5949/6227/3536 5950/6226/3536 5954/6230/3536 5953/6231/3536
f 5950/6226/3537 5951/6228/3537 5955/6232/3537 5954/6230/3537
f 5951/6228/3538 5952/6229/3538 5956/6233/3538 5955/6232/3538
f 5952/6229/3539 5970/4545/3539 5971/4545/3539 5956/6233/3539
f 5940/3788/3540 5957/6234/3540 5961/6235/3540 5960/6236/3540
f 5957/6234/3541 5958/6237/3541 5962/6238/3541 5961/6235/3541
f 5958/6237/3542 5959/6239/3542 5963/6240/3542 5962/6238/3542
f 5959/6239/3543 5983/6241/3543 5984/6242/3543 5963/6240/3543
f 5960/6236/3544 5961/6235/3544 5965/6243/3544 5964/6244/3544
f 5961/6235/3545 5962/6238/3545 5966/6245/3545 5965/6243/3545
f 5962/6238/3546 5963/6240/3546 5967/6246/3546 5966/6245/3546
f 5963/6240/3547 5984/6242/3547 5985/6247/3547 5967/6246/3547
f 5964/6244/3548 5965/6243/3548 5969/6248/3548 5968/6249/3548
f 5965/6243/3549 5966/6245/3549 5970/6250/3549 5969/6248/3549
f 5966/6245/3550 5967/6246/3550 5971/6251/3550 5970/6250/3550
f 5967/6246/3551 5985/6247/3551 5986/4545/3551 5971/6251/3551
f 5941/3899/3552 5972/6252/3552 5976/6253/3552 5975/6254/3552
f 5972/6252/3553 5973/6255/3553 5977/6256/3553 5976/6253/3553
f 5973/6255/3554 5974/6257/3554 5978/6258/3554 5977/6256/3554
f 5974/6257/3555 5953/6259/3555 5954/6260/3555 5978/6258/3555
f 5975/6254/3556 5976/6253/3556 5980/6261/3556 5979/6262/3556
f 5976/6253/3557 5977/6256/3557 5981/6263/3557 5980/6261/3557
f 5977/6256/3558 5978/6258/3558 5982/6264/3558 5981/6263/3558
f 5978/6258/3559 5954/6260/3559 5955/6265/3559 5982/6264/3559
f 5979/6262/3560 5980/6261/3560 5984/6266/3560 5983/6267/3560
f 5980/6261/3561 5981/6263/3561 5985/6268/3561 5984/6266/3561
f 5981/6263/3562 5982/6264/3562 5986/6269/3562 5985/6268/3562
f 5982/6264/3563 5955/6265/3563 5956/6270/3563 5986/6269/3563
f 5956/6233/3564 5971/6251/3564 5986/6269/3564
f 5987/3787/3565 5990/6271/3565 5994/6272/3565 5993/6273/3565
f 5990/6271/3566 5991/6274/3566 5995/6275/3566 5994/6272/3566
f 5991/6274/3567 5992/6276/3567 5996/6277/3567 5995/6275/3567
f 5992/6276/3568 6016/4599/3568 6017/4599/3568 5996/6277/3568
f 5993/6273/3569 5994/6272/3569 5998/6278/3569 5997/6279/3569
f 5994/6272/3570 5995/6275/3570 5999/6280/3570 5998/6278/3570
f 5995/6275/3571 5996/6277/3571 6000/6281/3571 5999/6280/3571
f 5996/6277/3572 6017/4599/3572 6018/4599/3572 6000/6281/3572
f 5997/6279/3573 5998/6278/3573 6002/6282/3573 6001/6283/3573
f 5998/6278/3574 5999/6280/3574 6003/6284/3574 6002/6282/3574
f 5999/6280/3575 6000/6281/3575 6004/6285/3575 6003/6284/3575
f 6000/6281/3576 6018/4599/3576 6019/4599/3576 6004/6285/3576
f 5988/3792/3577 6005/6286/3577 6009/6287/3577 6008/6288/3577
f 6005/6286/3578 6006/6289/3578 6010/6290/3578 6009/6287/3578
f 6006/6289/3579 6007/6291/3579 6011/6292/3579 6010/6290/3579
f 6007/6291/3580 6031/6293/3580 6032/6294/3580 6011/6292/3580
f 6008/6288/3581 6009/6287/3581 6013/6295/3581 6012/6296/3581
f 6009/6287/3582 6010/6290/3582 6014/6297/3582 6013/6295/3582
f 6010/6290/3583 6011/6292/3583 6015/6298/3583 6014/6297/3583
f 6011/6292/3584 6032/6294/3584 6033/6299/3584 6015/6298/3584
f 6012/6296/3585 6013/6295/3585 6017/6300/3585 6016/6301/3585
f 6013/6295/3586 6014/6297/3586 6018/6302/3586 6017/6300/3586
f 6014/6297/3587 6015/6298/3587 6019/6303/3587 6018/6302/3587
f 6015/6298/3588 6033/6299/3588 6034/4599/3588 6019/6303/3588
f 5989/3902/3589 6020/6304/3589 6024/6305/3589 6023/6306/3589
f 6020/6304/3590 6021/6307/3590 6025/6308/3590 6024/6305/3590
f 6021/6307/3591 6022/6309/3591 6026/6310/3591 6025/6308/3591
f 6022/6309/3592 6001/6311/3592 6002/6312/3592 6026/6310/3592
f 6023/6306/3593 6024/6305/3593 6028/6313/3593 6027/6314/3593
f 6024/6305/3594 6025/6308/3594 6029/6315/3594 6028/6313/3594
f 6025/6308/3595 6026/6310/3595 6030/6316/3595 6029/6315/3595
f 6026/6310/3596 6002/6312/3596 6003/6317/3596 6030/6316/3596
f 6027/6314/3597 6028/6313/3597 6032/6318/3597 6031/6319/3597
f 6028/6313/3598 6029/6315/3598 6033/6320/3598 6032/6318/3598
f 6029/6315/3599 6030/6316/3599 6034/6321/3599 6033/6320/3599
f 6030/6316/3600 6003/6317/3600 6004/6322/3600 6034/6321/3600
f 6004/6285/3601 6019/6303/3601 6034/6321/3601
f 6035/3791/3602 6038/6323/3602 6042/6324/3602 6041/6325/3602
f 6038/6323/3603 6039/6326/3603 6043/6327/3603 6042/6324/3603
f 6039/6326/3604 6040/6328/3604 6044/6329/3604 6043/6327/3604
f 6040/6328/3605 6064/4654/3605 6065/4654/3605 6044/6329/3605
f 6041/6325/3606 6042/6324/3606 6046/6330/3606 6045/6331/3606
f 6042/6324/3607 6043/6327/3607 6047/6332/3607 6046/6330/3607
f 6043/6327/3608 6044/6329/3608 6048/6333/3608 6047/6332/3608
f 6044/6329/3609 6065/4654/3609 6066/4654/3609 6048/6333/3609
f 6045/6331/3610 6046/6330/3610 6050/6334/3610 6049/6335/3610
f 6046/6330/3611 6047/6332/3611 6051/6336/3611 6050/6334/3611
f 6047/6332/3612 6048/6333/3612 6052/6337/3612 6051/6336/3612
f 6048/6333/3613 6066/4654/3613 6067/4654/3613 6052/6337/3613
f 6036/3796/3614 6053/6338/3614 6057/6339/3614 6056/6340/3614
f 6053/6338/3615 6054/6341/3615 6058/6342/3615 6057/6339/3615
f 6054/6341/3616 6055/6343/3616 6059/6344/3616 6058/6342/3616
f 6055/6343/3617 6079/6345/3617 6080/6346/3617 6059/6344/3617
f 6056/6340/3618 6057/6339/3618 6061/6347/3618 6060/6348/3618
f 6057/6339/3619 6058/6342/3619 6062/6349/3619 6061/6347/3619
f 6058/6342/3620 6059/6344/3620 6063/6350/3620 6062/6349/3620
f 6059/6344/3621 6080/6346/3621 6081/6351/3621 6063/6350/3621
f 6060/6348/3622 6061/6347/3622 6065/6352/3622 6064/6353/3622
f 6061/6347/3623 6062/6349/3623 6066/6354/3623 6065/6352/3623
f 6062/6349/3624 6063/6350/3624 6067/6355/3624 6066/6354/3624
f 6063/6350/3625 6081/6351/3625 6082/4654/3625 6067/6355/3625
f 6037/3905/3626 6068/6356/3626 6072/6357/3626 6071/6358/3626
f 6068/6356/3627 6069/6359/3627 6073/6360/3627 6072/6357/3627
f 6069/6359/3628 6070/6361/3628 6074/6362/3628 6073/6360/3628
f 6070/6361/3629 6049/6363/3629 6050/6364/3629 6074/6362/3629
f 6071/6358/3630 6072/6357/3630 6076/6365/3630 6075/6366/3630
f 6072/6357/3631 6073/6360/3631 6077/6367/3631 6076/6365/3631
f 6073/6360/3632 6074/6362/3632 6078/6368/3632 6077/6367/3632
f 6074/6362/3633 6050/6364/3633 6051/6369/3633 6078/6368/3633
f 6075/6366/3634 6076/6365/3634 6080/6370/3634 6079/6371/3634
f 6076/6365/3635 6077/6367/3635 6081/6372/3635 6080/6370/3635
f 6077/6367/3636 6078/6368/3636 6082/6373/3636 6081/6372/3636
f 6078/6368/3637 6051/6369/3637 6052/6374/3637 6082/6373/3637
f 6052/6337/3638 6067/6355/3638 6082/6373/3638
f 6083/3795/3639 6086/6375/3639 6090/6376/3639 6089/6377/3639
f 6086/6375/3640 6087/6378/3640 6091/6379/3640 6090/6376/3640
f 6087/6378/3641 6088/6380/3641 6092/6381/3641 6091/6379/3641
f 6088/6380/3642 6112/4708/3642 6113/4708/3642 6092/6381/3642
f 6089/6377/3643 6090/6376/3643 6094/6382/3643 6093/6383/3643
f 6090/6376/3644 6091/6379/3644 6095/6384/3644 6094/6382/3644
f 6091/6379/3645 6092/6381/3645 6096/6385/3645 6095/6384/3645
f 6092/6381/3646 6113/4708/3646 6114/4708/3646 6096/6385/3646
f 6093/6383/3647 6094/6382/3647 6098/6386/3647 6097/6387/3647
f 6094/6382/3648 6095/6384/3648 6099/6388/3648 6098/6386/3648
f 6095/6384/3649 6096/6385/3649 6100/6389/3649 6099/6388/3649
f 6096/6385/3650 6114/4708/3650 6115/4708/3650 6100/6389/3650
f 6084/3800/3651 6101/6390/3651 6105/6391/3651 6104/6392/3651
f 6101/6390/3652 6102/6393/3652 6106/6394/3652 6105/6391/3652
f 6102/6393/3653 6103/6395/3653 6107/6396/3653 6106/6394/3653
f 6103/6395/3654 6127/6397/3654 6128/6398/3654 6107/6396/3654
f 6104/6392/3655 6105/6391/3655 6109/6399/3655 6108/6400/3655
f 6105/6391/3656 6106/6394/3656 6110/6401/3656 6109/6399/3656
f 6106/6394/3657 6107/6396/3657 6111/6402/3657 6110/6401/3657
f 6107/6396/3658 6128/6398/3658 6129/6403/3658 6111/6402/3658
f 6108/6400/3659 6109/6399/3659 6113/6404/3659 6112/6405/3659
f 6109/6399/3660 6110/6401/3660 6114/6406/3660 6113/6404/3660
f 6110/6401/3661 6111/6402/3661 6115/6407/3661 6114/6406/3661
f 6111/6402/3662 6129/6403/3662 6130/4708/3662 6115/6407/3662
f 6085/3908/3663 6116/6408/3663 6120/6409/3663 6119/6410/3663
f 6116/6408/3664 6117/6411/3664 6121/6412/3664 6120/6409/3664
f 6117/6411/3665 6118/6413/3665 6122/6414/3665 6121/6412/3665
f 6118/6413/3666 6097/6415/3666 6098/6416/3666 6122/6414/3666
f 6119/6410/3667 6120/6409/3667 6124/6417/3667 6123/6418/3667
f 6120/6409/3668 6121/6412/3668 6125/6419/3668 6124/6417/3668
f 6121/6412/3669 6122/6414/3669 6126/6420/3669 6125/6419/3669
f 6122/6414/3670 6098/6416/3670 6099/6421/3670 6126/6420/3670
f 6123/6418/3671 6124/6417/3671 6128/6422/3671 6127/6423/3671
f 6124/6417/3672 6125/6419/3672 6129/6424/3672 6128/6422/3672
f 6125/6419/3673 6126/6420/3673 6130/6425/3673 6129/6424/3673
f 6126/6420/3674 6099/6421/3674 6100/6426/3674 6130/6425/3674
f 6100/6389/3675 6115/6407/3675 6130/6425/3675
f 6131/3799/3676 6134/6427/3676 6138/6428/3676 6137/6429/3676
f 6134/6427/3677 6135/6430/3677 6139/6431/3677 6138/6428/3677
f 6135/6430/3678 6136/6432/3678 6140/6433/3678 6139/6431/3678
f 6136/6432/3679 6160/4762/3679 6161/6434/3679 6140/6433/3679
f 6137/6429/3680 6138/6428/3680 6142/6435/3680 6141/6436/3680
f 6138/6428/3681 6139/6431/3681 6143/6437/3681 6142/6435/3681
f 6139/6431/3682 6140/6433/3682 6144/6438/3682 6143/6437/3682
f 6140/6433/3683 6161/6434/3683 6162/4762/3683 6144/6438/3683
f 6141/6436/3684 6142/6435/3684 6146/6439/3684 6145/6440/3684
f 6142/6435/3685 6143/6437/3685 6147/6441/3685 6146/6439/3685
f 6143/6437/3686 6144/6438/3686 6148/6442/3686 6147/6441/3686
f 6144/6438/3687 6162/4762/3687 6163/4762/3687 6148/6442/3687
f 6132/3804/3688 6149/6443/3688 6153/6444/3688 6152/6445/3688
f 6149/6443/3689 6150/6446/3689 6154/6447/3689 6153/6444/3689
f 6150/6446/3690 6151/6448/3690 6155/6449/3690 6154/6447/3690
f 6151/6448/3691 6175/6450/3691 6176/6451/3691 6155/6449/3691
f 6152/6445/3692 6153/6444/3692 6157/6452/3692 6156/6453/3692
f 6153/6444/3693 6154/6447/3693 6158/6454/3693 6157/6452/3693
f 6154/6447/3694 6155/6449/3694 6159/6455/3694 6158/6454/3694
f 6155/6449/3695 6176/6451/3695 6177/6456/3695 6159/6455/3695
f 6156/6453/3696 6157/6452/3696 6161/6457/3696 6160/6458/3696
f 6157/6452/3697 6158/6454/3697 6162/6459/3697 6161/6457/3697
f 6158/6454/3698 6159/6455/3698 6163/6460/3698 6162/6459/3698
f 6159/6455/3699 6177/6456/3699 6178/4762/3699 6163/6460/3699
f 6133/3911/3700 6164/6461/3700 6168/6462/3700 6167/6463/3700
f 6164/6461/3701 6165/6464/3701 6169/6465/3701 6168/6462/3701
f 6165/6464/3702 6166/6466/3702 6170/6467/3702 6169/6465/3702
f 6166/6466/3703 6145/6468/3703 6146/6469/3703 6170/6467/3703
f 6167/6463/3704 6168/6462/3704 6172/6470/3704 6171/6471/3704
f 6168/6462/3705 6169/6465/3705 6173/6472/3705 6172/6470/3705
f 6169/6465/3706 6170/6467/3706 6174/6473/3706 6173/6472/3706
f 6170/6467/3707 6146/6469/3707 6147/6474/3707 6174/6473/3707
f 6171/6471/3708 6172/6470/3708 6176/6475/3708 6175/6476/3708
f 6172/6470/3709 6173/6472/3709 6177/6477/3709 6176/6475/3709
f 6173/6472/3710 6174/6473/3710 6178/6478/3710 6177/6477/3710
f 6174/6473/3711 6147/6474/3711 6148/6479/3711 6178/6478/3711
f 6148/6442/3712 6163/6460/3712 6178/6478/3712
f 6179/3803/3713 6182/6480/3713 6186/6481/3713 6185/6482/3713
f 6182/6480/3714 6183/6483/3714 6187/6484/3714 6186/6481/3714
f 6183/6483/3715 6184/6485/3715 6188/6486/3715 6187/6484/3715
f 6184/6485/3716 6208/4816/3716 6209/4816/3716 6188/6486/3716
f 6185/6482/3717 6186/6481/3717 6190/6487/3717 6189/6488/3717
f 6186/6481/3718 6187/6484/3718 6191/6489/3718 6190/6487/3718
f 6187/6484/3719 6188/6486/3719 6192/6490/3719 6191/6489/3719
f 6188/6486/3720 6209/4816/3720 6210/4816/3720 6192/6490/3720
f 6189/6488/3721 6190/6487/3721 6194/6491/3721 6193/6492/3721
f 6190/6487/3722 6191/6489/3722 6195/6493/3722 6194/6491/3722
f 6191/6489/3723 6192/6490/3723 6196/6494/3723 6195/6493/3723
f 6192/6490/3724 6210/4816/3724 6211/4816/3724 6196/6494/3724
f 6180/3808/3725 6197/6495/3725 6201/6496/3725 6200/6497/3725
f 6197/6495/3726 6198/6498/3726 6202/6499/3726 6201/6496/3726
f 6198/6498/3727 6199/6500/3727 6203/6501/3727 6202/6499/3727
f 6199/6500/3728 6223/6502/3728 6224/6503/3728 6203/6501/3728
f 6200/6497/3729 6201/6496/3729 6205/6504/3729 6204/6505/3729
f 6201/6496/3730 6202/6499/3730 6206/6506/3730 6205/6504/3730
f 6202/6499/3731 6203/6501/3731 6207/6507/3731 6206/6506/3731
f 6203/6501/3732 6224/6503/3732 6225/6508/3732 6207/6507/3732
f 6204/6505/3733 6205/6504/3733 6209/6509/3733 6208/6510/3733
f 6205/6504/3734 6206/6506/3734 6210/6511/3734 6209/6509/3734
f 6206/6506/3735 6207/6507/3735 6211/6512/3735 6210/6511/3735
f 6207/6507/3736 6225/6508/3736 6226/4816/3736 6211/6512/3736
f 6181/3914/3737 6212/6513/3737 6216/6514/3737 6215/6515/3737
f 6212/6513/3738 6213/6516/3738 6217/6517/3738 6216/6514/3738
f 6213/6516/3739 6214/6518/3739 6218/6519/3739 6217/6517/3739
f 6214/6518/3740 6193/6520/3740 6194/6521/3740 6218/6519/3740
f 6215/6515/3741 6216/6514/3741 6220/6522/3741 6219/6523/3741
f 6216/6514/3742 6217/6517/3742 6221/6524/3742 6220/6522/3742
f 6217/6517/3743 6218/6519/3743 6222/6525/3743 6221/6524/3743
f 6218/6519/3744 6194/6521/3744 6195/6526/3744 6222/6525/3744
f 6219/6523/3745 6220/6522/3745 6224/6527/3745 6223/6528/3745
f 6220/6522/3746 6221/6524/3746 6225/6529/3746 6224/6527/3746
f 6221/6524/3747 6222/6525/3747 6226/6530/3747 6225/6529/3747
f 6222/6525/3748 6195/6526/3748 6196/6531/3748 6226/6530/3748
f 6196/6494/3749 6211/6512/3749 6226/6530/3749
f 6227/3807/3750 6230/6532/3750 6234/6533/3750 6233/6534/3750
f 6230/6532/3751 6231/6535/3751 6235/6536/3751 6234/6533/3751
f 6231/6535/3752 6232/6537/3752 6236/6538/3752 6235/6536/3752
f 6232/6537/3753 6256/4870/3753 6257/4870/3753 6236/6538/3753
f 6233/6534/3754 6234/6533/3754 6238/6539/3754 6237/6540/3754
f 6234/6533/3755 6235/6536/3755 6239/6541/3755 6238/6539/3755
f 6235/6536/3756 6236/6538/3756 6240/6542/3756 6239/6541/3756
f 6236/6538/3757 6257/4870/3757 6258/4870/3757 6240/6542/3757
f 6237/6540/3758 6238/6539/3758 6242/6543/3758 6241/6544/3758
f 6238/6539/3759 6239/6541/3759 6243/6545/3759 6242/6543/3759
f 6239/6541/3760 6240/6542/3760 6244/6546/3760 6243/6545/3760
f 6240/6542/3761 6258/4870/3761 6259/4870/3761 6244/6546/3761
f 6228/3812/3762 6245/6547/3762 6249/6548/3762 6248/6549/3762
f 6245/6547/3763 6246/6550/3763 6250/6551/3763 6249/6548/3763
f 6246/6550/3764 6247/6552/3764 6251/6553/3764 6250/6551/3764
f 6247/6552/3765 6271/6554/3765 6272/6555/3765 6251/6553/3765
f 6248/6549/3766 6249/6548/3766 6253/6556/3766 6252/6557/3766
f 6249/6548/3767 6250/6551/3767 6254/6558/3767 6253/6556/3767
f 6250/6551/3768 6251/6553/3768 6255/6559/3768 6254/6558/3768
f 6251/6553/3769 6272/6555/3769 6273/6560/3769 6255/6559/3769
f 6252/6557/3770 6253/6556/3770 6257/6561/3770 6256/6562/3770
f 6253/6556/3771 6254/6558/3771 6258/6563/3771 6257/6561/3771
f 6254/6558/3772 6255/6559/3772 6259/6564/3772 6258/6563/3772
f 6255/6559/3773 6273/6560/3773 6274/4870/3773 6259/6564/3773
f 6229/3917/3774 6260/6565/3774 6264/6566/3774 6263/6567/3774
f 6260/6565/3775 6261/6568/3775 6265/6569/3775 6264/6566/3775
f 6261/6568/3776 6262/6570/3776 6266/6571/3776 6265/6569/3776
f 6262/6570/3777 6241/6572/3777 6242/6573/3777 6266/6571/3777
f 6263/6567/3778 6264/6566/3778 6268/6574/3778 6267/6575/3778
f 6264/6566/3779 6265/6569/3779 6269/6576/3779 6268/6574/3779
f 6265/6569/3780 6266/6571/3780 6270/6577/3780 6269/6576/3780
f 6266/6571/3781 6242/6573/3781 6243/6578/3781 6270/6577/3781
f 6267/6575/3782 6268/6574/3782 6272/6579/3782 6271/6580/3782
f 6268/6574/3783 6269/6576/3783 6273/6581/3783 6272/6579/3783
f 6269/6576/3784 6270/6577/3784 6274/6582/3784 6273/6581/3784
f 6270/6577/3785 6243/6578/3785 6244/6583/3785 6274/6582/3785
f 6244/6546/3786 6259/6564/3786 6274/6582/3786
f 6275/3811/3787 6278/6584/3787 6282/6585/3787 6281/6586/3787
f 6278/6584/3788 6279/6587/3788 6283/6588/3788 6282/6585/3788
f 6279/6587/3789 6280/6589/3789 6284/6590/3789 6283/6588/3789
f 6280/6589/3790 6304/4924/3790 6305/4924/3790 6284/6590/3790
f 6281/6586/3791 6282/6585/3791 6286/6591/3791 6285/6592/3791
f 6282/6585/3792 6283/6588/3792 6287/6593/3792 6286/6591/3792
f 6283/6588/3793 6284/6590/3793 6288/6594/3793 6287/6593/3793
f 6284/6590/3794 6305/4924/3794 6306/4924/3794 6288/6594/3794
f 6285/6592/3795 6286/6591/3795 6290/6595/3795 6289/6596/3795
f 6286/6591/3796 6287/6593/3796 6291/6597/3796 6290/6595/3796
f 6287/6593/3797 6288/6594/3797 6292/6598/3797 6291/6597/3797
f 6288/6594/3798 6306/4924/3798 6307/4924/3798 6292/6598/3798
f 6276/3816/3799 6293/6599/3799 6297/6600/3799 6296/6601/3799
f 6293/6599/3800 6294/6602/3800 6298/6603/3800 6297/6600/3800
f 6294/6602/3801 6295/6604/3801 6299/6605/3801 6298/6603/3801
f 6295/6604/3802 6319/6606/3802 6320/6607/3802 6299/6605/3802
f 6296/6601/3803 6297/6600/3803 6301/6608/3803 6300/6609/3803
f 6297/6600/3804 6298/6603/3804 6302/6610/3804 6301/6608/3804
f 6298/6603/3805 6299/6605/3805 6303/6611/3805 6302/6610/3805
f 6299/6605/3806 6320/6607/3806 6321/6612/3806 6303/6611/3806
f 6300/6609/3807 6301/6608/3807 6305/6613/3807 6304/6614/3807
f 6301/6608/3808 6302/6610/3808 6306/6615/3808 6305/6613/3808
f 6302/6610/3809 6303/6611/3809 6307/6616/3809 6306/6615/3809
f 6303/6611/3810 6321/6612/3810 6322/4924/3810 6307/6616/3810
f 6277/3920/3811 6308/6617/3811 6312/6618/3811 6311/6619/3811
f 6308/6617/3812 6309/6620/3812 6313/6621/3812 6312/6618/3812
f 6309/6620/3813 6310/6622/3813 6314/6623/3813 6313/6621/3813
f 6310/6622/3814 6289/6624/3814 6290/6625/3814 6314/6623/3814
f 6311/6619/3815 6312/6618/3815 6316/6626/3815 6315/6627/3815
f 6312/6618/3816 6313/6621/3816 6317/6628/3816 6316/6626/3816
f 6313/6621/3817 6314/6623/3817 6318/6629/3817 6317/6628/3817
f 6314/6623/3818 6290/6625/3818 6291/6630/3818 6318/6629/3818
f 6315/6627/3819 6316/6626/3819 6320/6631/3819 6319/6632/3819
f 6316/6626/3820 6317/6628/3820 6321/6633/3820 6320/6631/3820
f 6317/6628/3821 6318/6629/3821 6322/6634/3821 6321/6633/3821
f 6318/6629/3822 6291/6630/3822 6292/6635/3822 6322/6634/3822
f 6292/6598/3823 6307/6616/3823 6322/6634/3823
f 6323/3815/3824 6326/6636/3824 6330/6637/3824 6329/6638/3824
f 6326/6636/3825 6327/6639/3825 6331/6640/3825 6330/6637/3825
f 6327/6639/3826 6328/6641/3826 6332/6642/3826 6331/6640/3826
f 6328/6641/3827 6352/4978/3827 6353/4978/3827 6332/6642/3827
f 6329/6638/3828 6330/6637/3828 6334/6643/3828 6333/6644/3828
f 6330/6637/3829 6331/6640/3829 6335/6645/3829 6334/6643/3829
f 6331/6640/3830 6332/6642/3830 6336/6646/3830 6335/6645/3830
f 6332/6642/3831 6353/4978/3831 6354/4978/3831 6336/6646/3831
f 6333/6644/3832 6334/6643/3832 6338/6647/3832 6337/6648/3832
f 6334/6643/3833 6335/6645/3833 6339/6649/3833 6338/6647/3833
f 6335/6645/3834 6336/6646/3834 6340/6650/3834 6339/6649/3834
f 6336/6646/3835 6354/4978/3835 6355/6651/3835 6340/6650/3835
f 6324/3820/3836 6341/6652/3836 6345/6653/3836 6344/6654/3836
f 6341/6652/3837 6342/6655/3837 6346/6656/3837 6345/6653/3837
f 6342/6655/3838 6343/6657/3838 6347/6658/3838 6346/6656/3838
f 6343/6657/3839 6367/6659/3839 6368/6660/3839 6347/6658/3839
f 6344/6654/3840 6345/6653/3840 6349/6661/3840 6348/6662/3840
f 6345/6653/3841 6346/6656/3841 6350/6663/3841 6349/6661/3841
f 6346/6656/3842 6347/6658/3842 6351/6664/3842 6350/6663/3842
f 6347/6658/3843 6368/6660/3843 6369/6665/3843 6351/6664/3843
f 6348/6662/3844 6349/6661/3844 6353/6666/3844 6352/6667/3844
f 6349/6661/3845 6350/6663/3845 6354/6668/3845 6353/6666/3845
f 6350/6663/3846 6351/6664/3846 6355/6669/3846 6354/6668/3846
f 6351/6664/3847 6369/6665/3847 6370/4978/3847 6355/6669/3847
f 6325/3923/3848 6356/6670/3848 6360/6671/3848 6359/6672/3848
f 6356/6670/3849 6357/6673/3849 6361/6674/3849 6360/6671/3849
f 6357/6673/3850 6358/6675/3850 6362/6676/3850 6361/6674/3850
f 6358/6675/3851 6337/6677/3851 6338/6678/3851 6362/6676/3851
f 6359/6672/3852 6360/6671/3852 6364/6679/3852 6363/6680/3852
f 6360/6671/3853 6361/6674/3853 6365/6681/3853 6364/6679/3853
f 6361/6674/3854 6362/6676/3854 6366/6682/3854 6365/6681/3854
f 6362/6676/3855 6338/6678/3855 6339/6683/3855 6366/6682/3855
f 6363/6680/3856 6364/6679/3856 6368/6684/3856 6367/6685/3856
f 6364/6679/3857 6365/6681/3857 6369/6686/3857 6368/6684/3857
f 6365/6681/3858 6366/6682/3858 6370/6687/3858 6369/6686/3858
f 6366/6682/3859 6339/6683/3859 6340/6688/3859 6370/6687/3859
f 6340/6650/3860 6355/6669/3860 6370/6687/3860
f 6371/3819/3861 6374/6689/3861 6378/6690/3861 6377/6691/3861
f 6374/6689/3862 6375/6692/3862 6379/6693/3862 6378/6690/3862
f 6375/6692/3863 6376/6694/3863 6380/6695/3863 6379/6693/3863
f 6376/6694/3864 6400/5032/3864 6401/6696/3864 6380/6695/3864
f 6377/6691/3865 6378/6690/3865 6382/6697/3865 6381/6698/3865
f 6378/6690/3866 6379/6693/3866 6383/6699/3866 6382/6697/3866
f 6379/6693/3867 6380/6695/3867 6384/6700/3867 6383/6699/3867
f 6380/6695/3868 6401/6696/3868 6402/5032/3868 6384/6700/3868
f 6381/6698/3869 6382/6697/3869 6386/6701/3869 6385/6702/3869
f 6382/6697/3870 6383/6699/3870 6387/6703/3870 6386/6701/3870
f 6383/6699/3871 6384/6700/3871 6388/6704/3871 6387/6703/3871
f 6384/6700/3872 6402/5032/3872 6403/5032/3872 6388/6704/3872
f 6372/3824/3873 6389/6705/3873 6393/6706/3873 6392/6707/3873
f 6389/6705/3874 6390/6708/3874 6394/6709/3874 6393/6706/3874
f 6390/6708/3875 6391/6710/3875 6395/6711/3875 6394/6709/3875
f 6391/6710/3876 6415/6712/3876 6416/6713/3876 6395/6711/3876
f 6392/6707/3877 6393/6706/3877 6397/6714/3877 6396/6715/3877
f 6393/6706/3878 6394/6709/3878 6398/6716/3878 6397/6714/3878
f 6394/6709/3879 6395/6711/3879 6399/6717/3879 6398/6716/3879
f 6395/6711/3880 6416/6713/3880 6417/6718/3880 6399/6717/3880
f 6396/6715/3881 6397/6714/3881 6401/6719/3881 6400/6720/3881
f 6397/6714/3882 6398/6716/3882 6402/6721/3882 6401/6719/3882
f 6398/6716/3883 6399/6717/3883 6403/6722/3883 6402/6721/3883
f 6399/6717/3884 6417/6718/3884 6418/5032/3884 6403/6722/3884
f 6373/3926/3885 6404/6723/3885 6408/6724/3885 6407/6725/3885
f 6404/6723/3886 6405/6726/3886 6409/6727/3886 6408/6724/3886
f 6405/6726/3887 6406/6728/3887 6410/6729/3887 6409/6727/3887
f 6406/6728/3888 6385/6730/3888 6386/6731/3888 6410/6729/3888
f 6407/6725/3889 6408/6724/3889 6412/6732/3889 6411/6733/3889
f 6408/6724/3890 6409/6727/3890 6413/6734/3890 6412/6732/3890
f 6409/6727/3891 6410/6729/3891 6414/6735/3891 6413/6734/3891
f 6410/6729/3892 6386/6731/3892 6387/6736/3892 6414/6735/3892
f 6411/6733/3893 6412/6732/3893 6416/6737/3893 6415/6738/3893
f 6412/6732/3894 6413/6734/3894 6417/6739/3894 6416/6737/3894
f 6413/6734/3895 6414/6735/3895 6418/6740/3895 6417/6739/3895
f 6414/6735/3896 6387/6736/3896 6388/6741/3896 6418/6740/3896
f 6388/6704/3897 6403/6722/3897 6418/6740/3897
f 6419/3823/3898 6422/6742/3898 6426/6743/3898 6425/6744/3898
f 6422/6742/3899 6423/6745/3899 6427/6746/3899 6426/6743/3899
f 6423/6745/3900 6424/6747/3900 6428/6748/3900 6427/6746/3900
f 6424/6747/3901 6448/5086/3901 6449/5086/3901 6428/6748/3901
f 6425/6744/3902 6426/6743/3902 6430/6749/3902 6429/6750/3902
f 6426/6743/3903 6427/6746/3903 6431/6751/3903 6430/6749/3903
f 6427/6746/3904 6428/6748/3904 6432/6752/3904 6431/6751/3904
f 6428/6748/3905 6449/5086/3905 6450/5086/3905 6432/6752/3905
f 6429/6750/3906 6430/6749/3906 6434/6753/3906 6433/6754/3906
f 6430/6749/3907 6431/6751/3907 6435/6755/3907 6434/6753/3907
f 6431/6751/3908 6432/6752/3908 6436/6756/3908 6435/6755/3908
f 6432/6752/3909 6450/5086/3909 6451/5086/3909 6436/6756/3909
f 6420/3828/3910 6437/6757/3910 6441/6758/3910 6440/6759/3910
f 6437/6757/3911 6438/6760/3911 6442/6761/3911 6441/6758/3911
f 6438/6760/3912 6439/6762/3912 6443/6763/3912 6442/6761/3912
f 6439/6762/3913 6463/6764/3913 6464/6765/3913 6443/6763/3913
f 6440/6759/3914 6441/6758/3914 6445/6766/3914 6444/6767/3914
f 6441/6758/3915 6442/6761/3915 6446/6768/3915 6445/6766/3915
f 6442/6761/3916 6443/6763/3916 6447/6769/3916 6446/6768/3916
f 6443/6763/3917 6464/6765/3917 6465/6770/3917 6447/6769/3917
f 6444/6767/3918 6445/6766/3918 6449/6771/3918 6448/6772/3918
f 6445/6766/3919 6446/6768/3919 6450/6773/3919 6449/6771/3919
f 6446/6768/3920 6447/6769/3920 6451/6774/3920 6450/6773/3920
f 6447/6769/3921 6465/6770/3921 6466/5086/3921 6451/6774/3921
f 6421/3929/3922 6452/6775/3922 6456/6776/3922 6455/6777/3922
f 6452/6775/3923 6453/6778/3923 6457/6779/3923 6456/6776/3923
f 6453/6778/3924 6454/6780/3924 6458/6781/3924 6457/6779/3924
f 6454/6780/3925 6433/6782/3925 6434/6783/3925 6458/6781/3925
f 6455/6777/3926 6456/6776/3926 6460/6784/3926 6459/6785/3926
f 6456/6776/3927 6457/6779/3927 6461/6786/3927 6460/6784/3927
f 6457/6779/3928 6458/6781/3928 6462/6787/3928 6461/6786/3928
f 6458/6781/3929 6434/6783/3929 6435/6788/3929 6462/6787/3929
f 6459/6785/3930 6460/6784/3930 6464/6789/3930 6463/6790/3930
f 6460/6784/3931 6461/6786/3931 6465/6791/3931 6464/6789/3931
f 6461/6786/3932 6462/6787/3932 6466/6792/3932 6465/6791/3932
f 6462/6787/3933 6435/6788/3933 6436/6793/3933 6466/6792/3933
f 6436/6756/3934 6451/6774/3934 6466/6792/3934
f 6467/3827/3935 6470/6794/3935 6474/6795/3935 6473/6796/3935
f 6470/6794/3936 6471/6797/3936 6475/6798/3936 6474/6795/3936
f 6471/6797/3937 6472/6799/3937 6476/6800/3937 6475/6798/3937
f 6472/6799/3938 6496/6801/3938 6497/5140/3938 6476/6800/3938
f 6473/6796/3939 6474/6795/3939 6478/6802/3939 6477/6803/3939
f 6474/6795/3940 6475/6798/3940 6479/6804/3940 6478/6802/3940
f 6475/6798/3941 6476/6800/3941 6480/6805/3941 6479/6804/3941
f 6476/6800/3942 6497/5140/3942 6498/5140/3942 6480/6805/3942
f 6477/6803/3943 6478/6802/3943 6482/6806/3943 6481/6807/3943
f 6478/6802/3944 6479/6804/3944 6483/6808/3944 6482/6806/3944
f 6479/6804/3945 6480/6805/3945 6484/6809/3945 6483/6808/3945
f 6480/6805/3946 6498/5140/3946 6499/5140/3946 6484/6809/3946
f 6468/3832/3947 6485/6810/3947 6489/6811/3947 6488/6812/3947
f 6485/6810/3948 6486/6813/3948 6490/6814/3948 6489/6811/3948
f 6486/6813/3949 6487/6815/3949 6491/6816/3949 6490/6814/3949
f 6487/6815/3950 6511/6817/3950 6512/6818/3950 6491/6816/3950
f 6488/6812/3951 6489/6811/3951 6493/6819/3951 6492/6820/3951
f 6489/6811/3952 6490/6814/3952 6494/6821/3952 6493/6819/3952
f 6490/6814/3953 6491/6816/3953 6495/6822/3953 6494/6821/3953
f 6491/6816/3954 6512/6818/3954 6513/6823/3954 6495/6822/3954
f 6492/6820/3955 6493/6819/3955 6497/6824/3955 6496/6825/3955
f 6493/6819/3956 6494/6821/3956 6498/6826/3956 6497/6824/3956
f 6494/6821/3957 6495/6822/3957 6499/6827/3957 6498/6826/3957
f 6495/6822/3958 6513/6823/3958 6514/5140/3958 6499/6827/3958
f 6469/3932/3959 6500/6828/3959 6504/6829/3959 6503/6830/3959
f 6500/6828/3960 6501/6831/3960 6505/6832/3960 6504/6829/3960
f 6501/6831/3961 6502/6833/3961 6506/6834/3961 6505/6832/3961
f 6502/6833/3962 6481/6835/3962 6482/6836/3962 6506/6834/3962
f 6503/6830/3963 6504/6829/3963 6508/6837/3963 6507/6838/3963
f 6504/6829/3964 6505/6832/3964 6509/6839/3964 6508/6837/3964
f 6505/6832/3965 6506/6834/3965 6510/6840/3965 6509/6839/3965
f 6506/6834/3966 6482/6836/3966 6483/6841/3966 6510/6840/3966
f 6507/6838/3967 6508/6837/3967 6512/6842/3967 6511/6843/3967
f 6508/6837/3968 6509/6839/3968 6513/6844/3968 6512/6842/3968
f 6509/6839/3969 6510/6840/3969 6514/6845/3969 6513/6844/3969
f 6510/6840/3970 6483/6841/3970 6484/6846/3970 6514/6845/3970
f 6484/6809/3971 6499/6827/3971 6514/6845/3971
f 6515/3831/3972 6518/6847/3972 6522/6848/3972 6521/6849/3972
f 6518/6847/3973 6519/6850/3973 6523/6851/3973 6522/6848/3973
f 6519/6850/3974 6520/6852/3974 6524/6853/3974 6523/6851/3974
f 6520/6852/3975 6544/5194/3975 6545/5194/3975 6524/6853/3975
f 6521/6849/3976 6522/6848/3976 6526/6854/3976 6525/6855/3976
f 6522/6848/3977 6523/6851/3977 6527/6856/3977 6526/6854/3977
f 6523/6851/3978 6524/6853/3978 6528/6857/3978 6527/6856/3978
f 6524/6853/3979 6545/5194/3979 6546/5194/3979 6528/6857/3979
f 6525/6855/3980 6526/6854/3980 6530/6858/3980 6529/6859/3980
f 6526/6854/3981 6527/6856/3981 6531/6860/3981 6530/6858/3981
f 6527/6856/3982 6528/6857/3982 6532/6861/3982 6531/6860/3982
f 6528/6857/3983 6546/5194/3983 6547/5199/3983 6532/6861/3983
f 6516/3836/3984 6533/6862/3984 6537/6863/3984 6536/6864/3984
f 6533/6862/3985 6534/6865/3985 6538/6866/3985 6537/6863/3985
f 6534/6865/3986 6535/6867/3986 6539/6868/3986 6538/6866/3986
f 6535/6867/3987 6559/6869/3987 6560/6870/3987 6539/6868/3987
f 6536/6864/3988 6537/6863/3988 6541/6871/3988 6540/6872/3988
f 6537/6863/3989 6538/6866/3989 6542/6873/3989 6541/6871/3989
f 6538/6866/3990 6539/6868/3990 6543/6874/3990 6542/6873/3990
f 6539/6868/3991 6560/6870/3991 6561/6875/3991 6543/6874/3991
f 6540/6872/3992 6541/6871/3992 6545/6876/3992 6544/6877/3992
f 6541/6871/3993 6542/6873/3993 6546/6878/3993 6545/6876/3993
f 6542/6873/3994 6543/6874/3994 6547/6879/3994 6546/6878/3994
f 6543/6874/3995 6561/6875/3995 6562/5194/3995 6547/6879/3995
f 6517/3935/3996 6548/6880/3996 6552/6881/3996 6551/6882/3996
f 6548/6880/3997 6549/6883/3997 6553/6884/3997 6552/6881/3997
f 6549/6883/3998 6550/6885/3998 6554/6886/3998 6553/6884/3998
f 6550/6885/3999 6529/6887/3999 6530/6888/3999 6554/6886/3999
f 6551/6882/4000 6552/6881/4000 6556/6889/4000 6555/6890/4000
f 6552/6881/4001 6553/6884/4001 6557/6891/4001 6556/6889/4001
f 6553/6884/4002 6554/6886/4002 6558/6892/4002 6557/6891/4002
f 6554/6886/4003 6530/6888/4003 6531/6893/4003 6558/6892/4003
f 6555/6890/4004 6556/6889/4004 6560/6894/4004 6559/6895/4004
f 6556/6889/4005 6557/6891/4005 6561/6896/4005 6560/6894/4005
f 6557/6891/4006 6558/6892/4006 6562/6897/4006 6561/6896/4006
f 6558/6892/4007 6531/6893/4007 6532/6898/4007 6562/6897/4007
f 6532/6861/4008 6547/6879/4008 6562/6897/4008
f 6563/3835/4009 6566/6899/4009 6570/6900/4009 6569/6901/4009
f 6566/6899/4010 6567/6902/4010 6571/6903/4010 6570/6900/4010
f 6567/6902/4011 6568/6904/4011 6572/6905/4011 6571/6903/4011
f 6568/6904/4012 6592/6906/4012 6593/5249/4012 6572/6905/4012
f 6569/6901/4013 6570/6900/4013 6574/6907/4013 6573/6908/4013
f 6570/6900/4014 6571/6903/4014 6575/6909/4014 6574/6907/4014
f 6571/6903/4015 6572/6905/4015 6576/6910/4015 6575/6909/4015
f 6572/6905/4016 6593/5249/4016 6594/6906/4016 6576/6910/4016
f 6573/6908/4017 6574/6907/4017 6578/6911/4017 6577/6912/4017
f 6574/6907/4018 6575/6909/4018 6579/6913/4018 6578/6911/4018
f 6575/6909/4019 6576/6910/4019 6580/6914/4019 6579/6913/4019
f 6576/6910/4020 6594/6906/4020 6595/5249/4020 6580/6914/4020
f 6564/3840/4021 6581/6915/4021 6585/6916/4021 6584/6917/4021
f 6581/6915/4022 6582/6918/4022 6586/6919/4022 6585/6916/4022
f 6582/6918/4023 6583/6920/4023 6587/6921/4023 6586/6919/4023
f 6583/6920/4024 6607/6922/4024 6608/6923/4024 6587/6921/4024
f 6584/6917/4025 6585/6916/4025 6589/6924/4025 6588/6925/4025
f 6585/6916/4026 6586/6919/4026 6590/6926/4026 6589/6924/4026
f 6586/6919/4027 6587/6921/4027 6591/6927/4027 6590/6926/4027
f 6587/6921/4028 6608/6923/4028 6609/6928/4028 6591/6927/4028
f 6588/6925/4029 6589/6924/4029 6593/6929/4029 6592/6930/4029
f 6589/6924/4030 6590/6926/4030 6594/6931/4030 6593/6929/4030
f 6590/6926/4031 6591/6927/4031 6595/6932/4031 6594/6931/4031
f 6591/6927/4032 6609/6928/4032 6610/5249/4032 6595/6932/4032
f 6565/3938/4033 6596/6933/4033 6600/6934/4033 6599/6935/4033
f 6596/6933/4034 6597/6936/4034 6601/6937/4034 6600/6934/4034
f 6597/6936/4035 6598/6938/4035 6602/6939/4035 6601/6937/4035
f 6598/6938/4036 6577/6940/4036 6578/6941/4036 6602/6939/4036
f 6599/6935/4037 6600/6934/4037 6604/6942/4037 6603/6943/4037
f 6600/6934/4038 6601/6937/4038 6605/6944/4038 6604/6942/4038
f 6601/6937/4039 6602/6939/4039 6606/6945/4039 6605/6944/4039
f 6602/6939/4040 6578/6941/4040 6579/6946/4040 6606/6945/4040
f 6603/6943/4041 6604/6942/4041 6608/6947/4041 6607/6948/4041
f 6604/6942/4042 6605/6944/4042 6609/6949/4042 6608/6947/4042
f 6605/6944/4043 6606/6945/4043 6610/6950/4043 6609/6949/4043
f 6606/6945/4044 6579/6946/4044 6580/6951/4044 6610/6950/4044
f 6580/6914/4045 6595/6932/4045 6610/6950/4045
f 6611/3839/4046 6614/6952/4046 6618/6953/4046 6617/6954/4046
f 6614/6952/4047 6615/6955/4047 6619/6956/4047 6618/6953/4047
f 6615/6955/4048 6616/6957/4048 6620/6958/4048 6619/6956/4048
f 6616/6957/4049 6640/5303/4049 6641/5303/4049 6620/6958/4049
f 6617/6954/4050 6618/6953/4050 6622/6959/4050 6621/6960/4050
f 6618/6953/4051 6619/6956/4051 6623/6961/4051 6622/6959/4051
f 6619/6956/4052 6620/6958/4052 6624/6962/4052 6623/6961/4052
f 6620/6958/4053 6641/5303/4053 6642/5303/4053 6624/6962/4053
f 6621/6960/4054 6622/6959/4054 6626/6963/4054 6625/6964/4054
f 6622/6959/4055 6623/6961/4055 6627/6965/4055 6626/6963/4055
f 6623/6961/4056 6624/6962/4056 6628/6966/4056 6627/6965/4056
f 6624/6962/4057 6642/5303/4057 6643/5303/4057 6628/6966/4057
f 6612/3844/4058 6629/6967/4058 6633/6968/4058 6632/6969/4058
f 6629/6967/4059 6630/6970/4059 6634/6971/4059 6633/6968/4059
f 6630/6970/4060 6631/6972/4060 6635/6973/4060 6634/6971/4060
f 6631/6972/4061 6655/6974/4061 6656/6975/4061 6635/6973/4061
f 6632/6969/4062 6633/6968/4062 6637/6976/4062 6636/6977/4062
f 6633/6968/4063 6634/6971/4063 6638/6978/4063 6637/6976/4063
f 6634/6971/4064 6635/6973/4064 6639/6979/4064 6638/6978/4064
f 6635/6973/4065 6656/6975/4065 6657/6980/4065 6639/6979/4065
f 6636/6977/4066 6637/6976/4066 6641/6981/4066 6640/6982/4066
f 6637/6976/4067 6638/6978/4067 6642/6983/4067 6641/6981/4067
f 6638/6978/4068 6639/6979/4068 6643/6984/4068 6642/6983/4068
f 6639/6979/4069 6657/6980/4069 6658/5303/4069 6643/6984/4069
f 6613/3941/4070 6644/6985/4070 6648/6986/4070 6647/6987/4070
f 6644/6985/4071 6645/6988/4071 6649/6989/4071 6648/6986/4071
f 6645/6988/4072 6646/6990/4072 6650/6991/4072 6649/6989/4072
f 6646/6990/4073 6625/6992/4073 6626/6993/4073 6650/6991/4073
f 6647/6987/4074 6648/6986/4074 6652/6994/4074 6651/6995/4074
f 6648/6986/4075 6649/6989/4075 6653/6996/4075 6652/6994/4075
f 6649/6989/4076 6650/6991/4076 6654/6997/4076 6653/6996/4076
f 6650/6991/4077 6626/6993/4077 6627/6998/4077 6654/6997/4077
f 6651/6995/4078 6652/6994/4078 6656/6999/4078 6655/7000/4078
f 6652/6994/4079 6653/6996/4079 6657/7001/4079 6656/6999/4079
f 6653/6996/4080 6654/6997/4080 6658/7002/4080 6657/7001/4080
f 6654/6997/4081 6627/6998/4081 6628/7003/4081 6658/7002/4081
f 6628/6966/4082 6643/6984/4082 6658/7002/4082
f 6659/3843/4083 6662/7004/4083 6666/7005/4083 6665/7006/4083
f 6662/7004/4084 6663/7007/4084 6667/7008/4084 6666/7005/4084
f 6663/7007/4085 6664/7009/4085 6668/7010/4085 6667/7008/4085
f 6664/7009/4086 6688/5357/4086 6689/5357/4086 6668/7010/4086
f 6665/7006/4087 6666/7005/4087 6670/7011/4087 6669/7012/4087
f 6666/7005/4088 6667/7008/4088 6671/7013/4088 6670/7011/4088
f 6667/7008/4089 6668/7010/4089 6672/7014/4089 6671/7013/4089
f 6668/7010/4090 6689/5357/4090 6690/5357/4090 6672/7014/4090
f 6669/7012/4091 6670/7011/4091 6674/7015/4091 6673/7016/4091
f 6670/7011/4092 6671/7013/4092 6675/7017/4092 6674/7015/4092
f 6671/7013/4093 6672/7014/4093 6676/7018/4093 6675/7017/4093
f 6672/7014/4094 6690/5357/4094 6691/5357/4094 6676/7018/4094
f 6660/3848/4095 6677/7019/4095 6681/7020/4095 6680/7021/4095
f 6677/7019/4096 6678/7022/4096 6682/7023/4096 6681/7020/4096
f 6678/7022/4097 6679/7024/4097 6683/7025/4097 6682/7023/4097
f 6679/7024/4098 6703/7026/4098 6704/7027/4098 6683/7025/4098
f 6680/7021/4099 6681/7020/4099 6685/7028/4099 6684/7029/4099
f 6681/7020/4100 6682/7023/4100 6686/7030/4100 6685/7028/4100
f 6682/7023/4101 6683/7025/4101 6687/7031/4101 6686/7030/4101
f 6683/7025/4102 6704/7027/4102 6705/7032/4102 6687/7031/4102
f 6684/7029/4103 6685/7028/4103 6689/7033/4103 6688/7034/4103
f 6685/7028/4104 6686/7030/4104 6690/7035/4104 6689/7033/4104
f 6686/7030/4105 6687/7031/4105 6691/7036/4105 6690/7035/4105
f 6687/7031/4106 6705/7032/4106 6706/5357/4106 6691/7036/4106
f 6661/3944/4107 6692/7037/4107 6696/7038/4107 6695/7039/4107
f 6692/7037/4108 6693/7040/4108 6697/7041/4108 6696/7038/4108
f 6693/7040/4109 6694/7042/4109 6698/7043/4109 6697/7041/4109
f 6694/7042/4110 6673/7044/4110 6674/7045/4110 6698/7043/4110
f 6695/7039/4111 6696/7038/4111 6700/7046/4111 6699/7047/4111
f 6696/7038/4112 6697/7041/4112 6701/7048/4112 6700/7046/4112
f 6697/7041/4113 6698/7043/4113 6702/7049/4113 6701/7048/4113
f 6698/7043/4114 6674/7045/4114 6675/7050/4114 6702/7049/4114
f 6699/7047/4115 6700/7046/4115 6704/7051/4115 6703/7052/4115
f 6700/7046/4116 6701/7048/4116 6705/7053/4116 6704/7051/4116
f 6701/7048/4117 6702/7049/4117 6706/7054/4117 6705/7053/4117
f 6702/7049/4118 6675/7050/4118 6676/7055/4118 6706/7054/4118
f 6676/7018/4119 6691/7036/4119 6706/7054/4119
f 6707/3847/4120 6710/7056/4120 6714/7057/4120 6713/7058/4120
f 6710/7056/4121 6711/7059/4121 6715/7060/4121 6714/7057/4121
f 6711/7059/4122 6712/7061/4122 6716/7062/4122 6715/7060/4122
f 6712/7061/4123 6736/5411/4123 6737/5411/4123 6716/7062/4123
f 6713/7058/4124 6714/7057/4124 6718/7063/4124 6717/7064/4124
f 6714/7057/4125 6715/7060/4125 6719/7065/4125 6718/7063/4125
f 6715/7060/4126 6716/7062/4126 6720/7066/4126 6719/7065/4126
f 6716/7062/4127 6737/5411/4127 6738/5411/4127 6720/7066/4127
f 6717/7064/4128 6718/7063/4128 6722/7067/4128 6721/7068/4128
f 6718/7063/4129 6719/7065/4129 6723/7069/4129 6722/7067/4129
f 6719/7065/4130 6720/7066/4130 6724/7070/4130 6723/7069/4130
f 6720/7066/4131 6738/5411/4131 6739/7071/4131 6724/7070/4131
f 6708/3852/4132 6725/7072/4132 6729/7073/4132 6728/7074/4132
f 6725/7072/4133 6726/7075/4133 6730/7076/4133 6729/7073/4133
f 6726/7075/4134 6727/7077/4134 6731/7078/4134 6730/7076/4134
f 6727/7077/4135 6751/7079/4135 6752/7080/4135 6731/7078/4135
f 6728/7074/4136 6729/7073/4136 6733/7081/4136 6732/7082/4136
f 6729/7073/4137 6730/7076/4137 6734/7083/4137 6733/7081/4137
f 6730/7076/4138 6731/7078/4138 6735/7084/4138 6734/7083/4138
f 6731/7078/4139 6752/7080/4139 6753/7085/4139 6735/7084/4139
f 6732/7082/4140 6733/7081/4140 6737/7086/4140 6736/7087/4140
f 6733/7081/4141 6734/7083/4141 6738/7088/4141 6737/7086/4141
f 6734/7083/4142 6735/7084/4142 6739/7089/4142 6738/7088/4142
f 6735/7084/4143 6753/7085/4143 6754/5411/4143 6739/7089/4143
f 6709/3947/4144 6740/7090/4144 6744/7091/4144 6743/7092/4144
f 6740/7090/4145 6741/7093/4145 6745/7094/4145 6744/7091/4145
f 6741/7093/4146 6742/7095/4146 6746/7096/4146 6745/7094/4146
f 6742/7095/4147 6721/7097/4147 6722/7098/4147 6746/7096/4147
f 6743/7092/4148 6744/7091/4148 6748/7099/4148 6747/7100/4148
f 6744/7091/4149 6745/7094/4149 6749/7101/4149 6748/7099/4149
f 6745/7094/4150 6746/7096/4150 6750/7102/4150 6749/7101/4150
f 6746/7096/4151 6722/7098/4151 6723/7103/4151 6750/7102/4151
f 6747/7100/4152 6748/7099/4152 6752/7104/4152 6751/7105/4152
f 6748/7099/4153 6749/7101/4153 6753/7106/4153 6752/7104/4153
f 6749/7101/4154 6750/7102/4154 6754/7107/4154 6753/7106/4154
f 6750/7102/4155 6723/7103/4155 6724/7108/4155 6754/7107/4155
f 6724/7070/4156 6739/7089/4156 6754/7107/4156
f 6755/3851/4157 6758/7109/4157 6762/7110/4157 6761/7111/4157
f 6758/7109/4158 6759/7112/4158 6763/7113/4158 6762/7110/4158
f 6759/7112/4159 6760/7114/4159 6764/7115/4159 6763/7113/4159
f 6760/7114/4160 6784/5465/4160 6785/5465/4160 6764/7115/4160
f 6761/7111/4161 6762/7110/4161 6766/7116/4161 6765/7117/4161
f 6762/7110/4162 6763/7113/4162 6767/7118/4162 6766/7116/4162
f 6763/7113/4163 6764/7115/4163 6768/7119/4163 6767/7118/4163
f 6764/7115/4164 6785/5465/4164 6786/5465/4164 6768/7119/4164
f 6765/7117/4165 6766/7116/4165 6770/7120/4165 6769/7121/4165
f 6766/7116/4166 6767/7118/4166 6771/7122/4166 6770/7120/4166
f 6767/7118/4167 6768/7119/4167 6772/7123/4167 6771/7122/4167
f 6768/7119/4168 6786/5465/4168 6787/5465/4168 6772/7123/4168
f 6756/3856/4169 6773/7124/4169 6777/7125/4169 6776/7126/4169
f 6773/7124/4170 6774/7127/4170 6778/7128/4170 6777/7125/4170
f 6774/7127/4171 6775/7129/4171 6779/7130/4171 6778/7128/4171
f 6775/7129/4172 6799/7131/4172 6800/7132/4172 6779/7130/4172
f 6776/7126/4173 6777/7125/4173 6781/7133/4173 6780/7134/4173
f 6777/7125/4174 6778/7128/4174 6782/7135/4174 6781/7133/4174
f 6778/7128/4175 6779/7130/4175 6783/7136/4175 6782/7135/4175
f 6779/7130/4176 6800/7132/4176 6801/7137/4176 6783/7136/4176
f 6780/7134/4177 6781/7133/4177 6785/7138/4177 6784/7139/4177
f 6781/7133/4178 6782/7135/4178 6786/7140/4178 6785/7138/4178
f 6782/7135/4179 6783/7136/4179 6787/7141/4179 6786/7140/4179
f 6783/7136/4180 6801/7137/4180 6802/5465/4180 6787/7141/4180
f 6757/3950/4181 6788/7142/4181 6792/7143/4181 6791/7144/4181
f 6788/7142/4182 6789/7145/4182 6793/7146/4182 6792/7143/4182
f 6789/7145/4183 6790/7147/4183 6794/7148/4183 6793/7146/4183
f 6790/7147/4184 6769/7149/4184 6770/7150/4184 6794/7148/4184
f 6791/7144/4185 6792/7143/4185 6796/7151/4185 6795/7152/4185
f 6792/7143/4186 6793/7146/4186 6797/7153/4186 6796/7151/4186
f 6793/7146/4187 6794/7148/4187 6798/7154/4187 6797/7153/4187
f 6794/7148/4188 6770/7150/4188 6771/7155/4188 6798/7154/4188
f 6795/7152/4189 6796/7151/4189 6800/7156/4189 6799/7157/4189
f 6796/7151/4190 6797/7153/4190 6801/7158/4190 6800/7156/4190
f 6797/7153/4191 6798/7154/4191 6802/7159/4191 6801/7158/4191
f 6798/7154/4192 6771/7155/4192 6772/7160/4192 6802/7159/4192
f 6772/7123/4193 6787/7141/4193 6802/7159/4193
f 6803/3855/4194 6806/7161/4194 6810/7162/4194 6809/7163/4194
f 6806/7161/4195 6807/7164/4195 6811/7165/4195 6810/7162/4195
f 6807/7164/4196 6808/7166/4196 6812/7167/4196 6811/7165/4196
f 6808/7166/4197 6832/5519/4197 6833/5519/4197 6812/7167/4197
f 6809/7163/4198 6810/7162/4198 6814/7168/4198 6813/7169/4198
f 6810/7162/4199 6811/7165/4199 6815/7170/4199 6814/7168/4199
f 6811/7165/4200 6812/7167/4200 6816/7171/4200 6815/7170/4200
f 6812/7167/4201 6833/5519/4201 6834/5519/4201 6816/7171/4201
f 6813/7169/4202 6814/7168/4202 6818/7172/4202 6817/7173/4202
f 6814/7168/4203 6815/7170/4203 6819/7174/4203 6818/7172/4203
f 6815/7170/4204 6816/7171/4204 6820/7175/4204 6819/7174/4204
f 6816/7171/4205 6834/5519/4205 6835/5519/4205 6820/7175/4205
f 6804/3860/4206 6821/7176/4206 6825/7177/4206 6824/7178/4206
f 6821/7176/4207 6822/7179/4207 6826/7180/4207 6825/7177/4207
f 6822/7179/4208 6823/7181/4208 6827/7182/4208 6826/7180/4208
f 6823/7181/4209 6847/7183/4209 6848/7184/4209 6827/7182/4209
f 6824/7178/4210 6825/7177/4210 6829/7185/4210 6828/7186/4210
f 6825/7177/4211 6826/7180/4211 6830/7187/4211 6829/7185/4211
f 6826/7180/4212 6827/7182/4212 6831/7188/4212 6830/7187/4212
f 6827/7182/4213 6848/7184/4213 6849/7189/4213 6831/7188/4213
f 6828/7186/4214 6829/7185/4214 6833/7190/4214 6832/7191/4214
f 6829/7185/4215 6830/7187/4215 6834/7192/4215 6833/7190/4215
f 6830/7187/4216 6831/7188/4216 6835/7193/4216 6834/7192/4216
f 6831/7188/4217 6849/7189/4217 6850/5519/4217 6835/7193/4217
f 6805/3953/4218 6836/7194/4218 6840/7195/4218 6839/7196/4218
f 6836/7194/4219 6837/7197/4219 6841/7198/4219 6840/7195/4219
f 6837/7197/4220 6838/7199/4220 6842/7200/4220 6841/7198/4220
f 6838/7199/4221 6817/7201/4221 6818/7202/4221 6842/7200/4221
f 6839/7196/4222 6840/7195/4222 6844/7203/4222 6843/7204/4222
f 6840/7195/4223 6841/7198/4223 6845/7205/4223 6844/7203/4223
f 6841/7198/4224 6842/7200/4224 6846/7206/4224 6845/7205/4224
f 6842/7200/4225 6818/7202/4225 6819/7207/4225 6846/7206/4225
f 6843/7204/4226 6844/7203/4226 6848/7208/4226 6847/7209/4226
f 6844/7203/4227 6845/7205/4227 6849/7210/4227 6848/7208/4227
f 6845/7205/4228 6846/7206/4228 6850/7211/4228 6849/7210/4228
f 6846/7206/4229 6819/7207/4229 6820/7212/4229 6850/7211/4229
f 6820/7175/4230 6835/7193/4230 6850/7211/4230
f 6851/3859/4231 6854/7213/4231 6858/7214/4231 6857/7215/4231
f 6854/7213/4232 6855/7216/4232 6859/7217/4232 6858/7214/4232
f 6855/7216/4233 6856/7218/4233 6860/7219/4233 6859/7217/4233
f 6856/7218/4234 6880/5573/4234 6881/5573/4234 6860/7219/4234
f 6857/7215/4235 6858/7214/4235 6862/7220/4235 6861/7221/4235
f 6858/7214/4236 6859/7217/4236 6863/7222/4236 6862/7220/4236
f 6859/7217/4237 6860/7219/4237 6864/7223/4237 6863/7222/4237
f 6860/7219/4238 6881/5573/4238 6882/5573/4238 6864/7223/4238
f 6861/7221/4239 6862/7220/4239 6866/7224/4239 6865/7225/4239
f 6862/7220/4240 6863/7222/4240 6867/7226/4240 6866/7224/4240
f 6863/7222/4241 6864/7223/4241 6868/7227/4241 6867/7226/4241
f 6864/7223/4242 6882/5573/4242 6883/5573/4242 6868/7227/4242
f 6852/3864/4243 6869/7228/4243 6873/7229/4243 6872/7230/4243
f 6869/7228/4244 6870/7231/4244 6874/7232/4244 6873/7229/4244
f 6870/7231/4245 6871/7233/4245 6875/7234/4245 6874/7232/4245
f 6871/7233/4246 6895/7235/4246 6896/7236/4246 6875/7234/4246
f 6872/7230/4247 6873/7229/4247 6877/7237/4247 6876/7238/4247
f 6873/7229/4248 6874/7232/4248 6878/7239/4248 6877/7237/4248
f 6874/7232/4249 6875/7234/4249 6879/7240/4249 6878/7239/4249
f 6875/7234/4250 6896/7236/4250 6897/7241/4250 6879/7240/4250
f 6876/7238/4251 6877/7237/4251 6881/7242/4251 6880/7243/4251
f 6877/7237/4252 6878/7239/4252 6882/7244/4252 6881/7242/4252
f 6878/7239/4253 6879/7240/4253 6883/7245/4253 6882/7244/4253
f 6879/7240/4254 6897/7241/4254 6898/5573/4254 6883/7245/4254
f 6853/3956/4255 6884/7246/4255 6888/7247/4255 6887/7248/4255
f 6884/7246/4256 6885/7249/4256 6889/7250/4256 6888/7247/4256
f 6885/7249/4257 6886/7251/4257 6890/7252/4257 6889/7250/4257
f 6886/7251/4258 6865/7253/4258 6866/7254/4258 6890/7252/4258
f 6887/7248/4259 6888/7247/4259 6892/7255/4259 6891/7256/4259
f 6888/7247/4260 6889/7250/4260 6893/7257/4260 6892/7255/4260
f 6889/7250/4261 6890/7252/4261 6894/7258/4261 6893/7257/4261
f 6890/7252/4262 6866/7254/4262 6867/7259/4262 6894/7258/4262
f 6891/7256/4263 6892/7255/4263 6896/7260/4263 6895/7261/4263
f 6892/7255/4264 6893/7257/4264 6897/7262/4264 6896/7260/4264
f 6893/7257/4265 6894/7258/4265 6898/7263/4265 6897/7262/4265
f 6894/7258/4266 6867/7259/4266 6868/7264/4266 6898/7263/4266
f 6868/7227/4267 6883/7245/4267 6898/7263/4267
f 6899/3863/4268 6902/7265/4268 6906/7266/4268 6905/7267/4268
f 6902/7265/4269 6903/7268/4269 6907/7269/4269 6906/7266/4269
f 6903/7268/4270 6904/7270/4270 6908/7271/4270 6907/7269/4270
f 6904/7270/4271 6928/5627/4271 6929/5627/4271 6908/7271/4271
f 6905/7267/4272 6906/7266/4272 6910/7272/4272 6909/7273/4272
f 6906/7266/4273 6907/7269/4273 6911/7274/4273 6910/7272/4273
f 6907/7269/4274 6908/7271/4274 6912/7275/4274 6911/7274/4274
f 6908/7271/4275 6929/5627/4275 6930/5627/4275 6912/7275/4275
f 6909/7273/4276 6910/7272/4276 6914/7276/4276 6913/7277/4276
f 6910/7272/4277 6911/7274/4277 6915/7278/4277 6914/7276/4277
f 6911/7274/4278 6912/7275/4278 6916/7279/4278 6915/7278/4278
f 6912/7275/4279 6930/5627/4279 6931/5627/4279 6916/7279/4279
f 6900/3868/4280 6917/7280/4280 6921/7281/4280 6920/7282/4280
f 6917/7280/4281 6918/7283/4281 6922/7284/4281 6921/7281/4281
f 6918/7283/4282 6919/7285/4282 6923/7286/4282 6922/7284/4282
f 6919/7285/4283 6943/7287/4283 6944/7288/4283 6923/7286/4283
f 6920/7282/4284 6921/7281/4284 6925/7289/4284 6924/7290/4284
f 6921/7281/4285 6922/7284/4285 6926/7291/4285 6925/7289/4285
f 6922/7284/4286 6923/7286/4286 6927/7292/4286 6926/7291/4286
f 6923/7286/4287 6944/7288/4287 6945/7293/4287 6927/7292/4287
f 6924/7290/4288 6925/7289/4288 6929/7294/4288 6928/7295/4288
f 6925/7289/4289 6926/7291/4289 6930/7296/4289 6929/7294/4289
f 6926/7291/4290 6927/7292/4290 6931/7297/4290 6930/7296/4290
f 6927/7292/4291 6945/7293/4291 6946/5627/4291 6931/7297/4291
f 6901/3959/4292 6932/7298/4292 6936/7299/4292 6935/7300/4292
f 6932/7298/4293 6933/7301/4293 6937/7302/4293 6936/7299/4293
f 6933/7301/4294 6934/7303/4294 6938/7304/4294 6937/7302/4294
f 6934/7303/4295 6913/7305/4295 6914/7306/4295 6938/7304/4295
f 6935/7300/4296 6936/7299/4296 6940/7307/4296 6939/7308/4296
f 6936/7299/4297 6937/7302/4297 6941/7309/4297 6940/7307/4297
f 6937/7302/4298 6938/7304/4298 6942/7310/4298 6941/7309/4298
f 6938/7304/4299 6914/7306/4299 6915/7311/4299 6942/7310/4299
f 6939/7308/4300 6940/7307/4300 6944/7312/4300 6943/7313/4300
f 6940/7307/4301 6941/7309/4301 6945/7314/4301 6944/7312/4301
f 6941/7309/4302 6942/7310/4302 6946/7315/4302 6945/7314/4302
f 6942/7310/4303 6915/7311/4303 6916/7316/4303 6946/7315/4303
f 6916/7279/4304 6931/7297/4304 6946/7315/4304
f 6947/3867/4305 6950/7317/4305 6954/7318/4305 6953/7319/4305
f 6950/7317/4306 6951/7320/4306 6955/7321/4306 6954/7318/4306
f 6951/7320/4307 6952/7322/4307 6956/7323/4307 6955/7321/4307
f 6952/7322/4308 6976/5681/4308 6977/5681/4308 6956/7323/4308
f 6953/7319/4309 6954/7318/4309 6958/7324/4309 6957/7325/4309
f 6954/7318/4310 6955/7321/4310 6959/7326/4310 6958/7324/4310
f 6955/7321/4311 6956/7323/4311 6960/7327/4311 6959/7326/4311
f 6956/7323/4312 6977/5681/4312 6978/5681/4312 6960/7327/4312
f 6957/7325/4313 6958/7324/4313 6962/7328/4313 6961/7329/4313
f 6958/7324/4314 6959/7326/4314 6963/7330/4314 6962/7328/4314
f 6959/7326/4315 6960/7327/4315 6964/7331/4315 6963/7330/4315
f 6960/7327/4316 6978/5681/4316 6979/5681/4316 6964/7331/4316
f 6948/3872/4317 6965/7332/4317 6969/7333/4317 6968/7334/4317
f 6965/7332/4318 6966/7335/4318 6970/7336/4318 6969/7333/4318
f 6966/7335/4319 6967/7337/4319 6971/7338/4319 6970/7336/4319
f 6967/7337/4320 6991/7339/4320 6992/7340/4320 6971/7338/4320
f 6968/7334/4321 6969/7333/4321 6973/7341/4321 6972/7342/4321
f 6969/7333/4322 6970/7336/4322 6974/7343/4322 6973/7341/4322
f 6970/7336/4323 6971/7338/4323 6975/7344/4323 6974/7343/4323
f 6971/7338/4324 6992/7340/4324 6993/7345/4324 6975/7344/4324
f 6972/7342/4325 6973/7341/4325 6977/7346/4325 6976/7347/4325
f 6973/7341/4326 6974/7343/4326 6978/7348/4326 6977/7346/4326
f 6974/7343/4327 6975/7344/4327 6979/7349/4327 6978/7348/4327
f 6975/7344/4328 6993/7345/4328 6994/5681/4328 6979/7349/4328
f 6949/3962/4329 6980/7350/4329 6984/7351/4329 6983/7352/4329
f 6980/7350/4330 6981/7353/4330 6985/7354/4330 6984/7351/4330
f 6981/7353/4331 6982/7355/4331 6986/7356/4331 6985/7354/4331
f 6982/7355/4332 6961/7357/4332 6962/7358/4332 6986/7356/4332
f 6983/7352/4333 6984/7351/4333 6988/7359/4333 6987/7360/4333
f 6984/7351/4334 6985/7354/4334 6989/7361/4334 6988/7359/4334
f 6985/7354/4335 6986/7356/4335 6990/7362/4335 6989/7361/4335
f 6986/7356/4336 6962/7358/4336 6963/7363/4336 6990/7362/4336
f 6987/7360/4337 6988/7359/4337 6992/7364/4337 6991/7365/4337
f 6988/7359/4338 6989/7361/4338 6993/7366/4338 6992/7364/4338
f 6989/7361/4339 6990/7362/4339 6994/7367/4339 6993/7366/4339
f 6990/7362/4340 6963/7363/4340 6964/7368/4340 6994/7367/4340
f 6964/7331/4341 6979/7349/4341 6994/7367/4341
f 6995/3871/4342 6998/7369/4342 7002/7370/4342 7001/7371/4342
f 6998/7369/4343 6999/7372/4343 7003/7373/4343 7002/7370/4343
f 6999/7372/4344 7000/7374/4344 7004/7375/4344 7003/7373/4344
f 7000/7374/4345 7024/5735/4345 7025/5735/4345 7004/7375/4345
f 7001/7371/4346 7002/7370/4346 7006/7376/4346 7005/7377/4346
f 7002/7370/4347 7003/7373/4347 7007/7378/4347 7006/7376/4347
f 7003/7373/4348 7004/7375/4348 7008/7379/4348 7007/7378/4348
f 7004/7375/4349 7025/5735/4349 7026/5735/4349 7008/7379/4349
f 7005/7377/4350 7006/7376/4350 7010/7380/4350 7009/7381/4350
f 7006/7376/4351 7007/7378/4351 7011/7382/4351 7010/7380/4351
f 7007/7378/4352 7008/7379/4352 7012/7383/4352 7011/7382/4352
f 7008/7379/4353 7026/5735/4353 7027/5735/4353 7012/7383/4353
f 6996/3876/4354 7013/7384/4354 7017/7385/4354 7016/7386/4354
f 7013/7384/4355 7014/7387/4355 7018/7388/4355 7017/7385/4355
f 7014/7387/4356 7015/7389/4356 7019/7390/4356 7018/7388/4356
f 7015/7389/4357 7039/7391/4357 7040/7392/4357 7019/7390/4357
f 7016/7386/4358 7017/7385/4358 7021/7393/4358 7020/7394/4358
f 7017/7385/4359 7018/7388/4359 7022/7395/4359 7021/7393/4359
f 7018/7388/4360 7019/7390/4360 7023/7396/4360 7022/7395/4360
f 7019/7390/4361 7040/7392/4361 7041/7397/4361 7023/7396/4361
f 7020/7394/4362 7021/7393/4362 7025/7398/4362 7024/7399/4362
f 7021/7393/4363 7022/7395/4363 7026/7400/4363 7025/7398/4363
f 7022/7395/4364 7023/7396/4364 7027/7401/4364 7026/7400/4364
f 7023/7396/4365 7041/7397/4365 7042/5735/4365 7027/7401/4365
f 6997/3965/4366 7028/7402/4366 7032/7403/4366 7031/7404/4366
f 7028/7402/4367 7029/7405/4367 7033/7406/4367 7032/7403/4367
f 7029/7405/4368 7030/7407/4368 7034/7408/4368 7033/7406/4368
f 7030/7407/4369 7009/7409/4369 7010/7410/4369 7034/7408/4369
f 7031/7404/4370 7032/7403/4370 7036/7411/4370 7035/7412/4370
f 7032/7403/4371 7033/7406/4371 7037/7413/4371 7036/7411/4371
f 7033/7406/4372 7034/7408/4372 7038/7414/4372 7037/7413/4372
f 7034/7408/4373 7010/7410/4373 7011/7415/4373 7038/7414/4373
f 7035/7412/4374 7036/7411/4374 7040/7416/4374 7039/7417/4374
f 7036/7411/4375 7037/7413/4375 7041/7418/4375 7040/7416/4375
f 7037/7413/4376 7038/7414/4376 7042/7419/4376 7041/7418/4376
f 7038/7414/4377 7011/7415/4377 7012/7420/4377 7042/7419/4377
f 7012/7383/4378 7027/7401/4378 7042/7419/4378
f 4019/4062/4379 3971/4003/4379 3977/4006/4379 4022/4063/4379
f 4022/4063/4380 3977/4006/4380 3981/4015/4380 4023/4066/4380
f 4023/4066/4381 3981/4015/4381 3985/4020/4381 4024/4068/4381
f 4024/4068/4382 3985/4020/4382 4006/4048/4382 4048/7421/4382
f 4048/7421/4383 4006/4048/4383 4005/4046/4383 4044/7422/4383
f 4044/7422/4384 4005/4046/4384 4004/4043/4384 4040/7423/4384
f 4040/7423/4385 4004/4043/4385 3973/3969/4385 4020/3971/4385
f 4067/3754/4386 4021/3753/4386 4055/4103/4386 4070/4118/4386
f 4070/4118/4387 4055/4103/4387 4059/4111/4387 4071/4121/4387
f 4071/4121/4388 4059/4111/4388 4063/4115/4388 4072/4123/4388
f 4072/4123/4389 4063/4115/4389 4039/4087/4389 4096/7424/4389
f 4096/7424/4390 4039/4087/4390 4038/4085/4390 4092/7425/4390
f 4092/7425/4391 4038/4085/4391 4037/4082/4391 4088/7426/4391
f 4088/7426/4392 4037/4082/4392 4020/4001/4392 4068/4002/4392
f 4115/3758/4393 4069/3757/4393 4103/4158/4393 4118/4172/4393
f 4118/4172/4394 4103/4158/4394 4107/4165/4394 4119/4175/4394
f 4119/4175/4395 4107/4165/4395 4111/4169/4395 4120/4177/4395
f 4120/4177/4396 4111/4169/4396 4087/4142/4396 4144/7427/4396
f 4144/7427/4397 4087/4142/4397 4086/4140/4397 4140/7428/4397
f 4140/7428/4398 4086/4140/4398 4085/4137/4398 4136/7429/4398
f 4136/7429/4399 4085/4137/4399 4068/3972/4399 4116/3883/4399
f 4163/3762/4400 4117/3761/4400 4151/4212/4400 4166/4227/4400
f 4166/4227/4401 4151/4212/4401 4155/4219/4401 4167/4230/4401
f 4167/4230/4402 4155/4219/4402 4159/4223/4402 4168/4232/4402
f 4168/4232/4403 4159/4223/4403 4135/4196/4403 4192/7430/4403
f 4192/7430/4404 4135/4196/4404 4134/4194/4404 4188/7431/4404
f 4188/7431/4405 4134/4194/4405 4133/4191/4405 4184/7432/4405
f 4184/7432/4406 4133/4191/4406 4116/3880/4406 4164/3886/4406
f 4211/3766/4407 4165/3765/4407 4199/4267/4407 4214/4281/4407
f 4214/4281/4408 4199/4267/4408 4203/4274/4408 4215/4284/4408
f 4215/4284/4409 4203/4274/4409 4207/4278/4409 4216/4286/4409
f 4216/4286/4410 4207/4278/4410 4183/4251/4410 4240/7433/4410
f 4240/7433/4411 4183/4251/4411 4182/4249/4411 4236/7434/4411
f 4236/7434/4412 4182/4249/4412 4181/4246/4412 4232/7435/4412
f 4232/7435/4413 4181/4246/4413 4164/3884/4413 4212/3889/4413
f 4259/3770/4414 4213/3769/4414 4247/4321/4414 4262/4336/4414
f 4262/4336/4415 4247/4321/4415 4251/4328/4415 4263/4339/4415
f 4263/4339/4416 4251/4328/4416 4255/4332/4416 4264/4341/4416
f 4264/4341/4417 4255/4332/4417 4231/4305/4417 4288/7436/4417
f 4288/7436/4418 4231/4305/4418 4230/4303/4418 4284/7437/4418
f 4284/7437/4419 4230/4303/4419 4229/4300/4419 4280/7438/4419
f 4280/7438/4420 4229/4300/4420 4212/3887/4420 4260/3892/4420
f 4307/3774/4421 4261/3773/4421 4295/4376/4421 4310/4391/4421
f 4310/4391/4422 4295/4376/4422 4299/4384/4422 4311/4394/4422
f 4311/4394/4423 4299/4384/4423 4303/4388/4423 4312/4396/4423
f 4312/4396/4424 4303/4388/4424 4279/4360/4424 4336/7439/4424
f 4336/7439/4425 4279/4360/4425 4278/4358/4425 4332/7440/4425
f 4332/7440/4426 4278/4358/4426 4277/4355/4426 4328/7441/4426
f 4328/7441/4427 4277/4355/4427 4260/3890/4427 4308/3973/4427
f 4355/3778/4428 4309/3777/4428 4343/4431/4428 4358/4445/4428
f 4358/4445/4429 4343/4431/4429 4347/4438/4429 4359/4448/4429
f 4359/4448/4430 4347/4438/4430 4351/4442/4430 4360/4450/4430
f 4360/4450/4431 4351/4442/4431 4327/4415/4431 4384/7442/4431
f 4384/7442/4432 4327/4415/4432 4326/4413/4432 4380/7443/4432
f 4380/7443/4433 4326/4413/4433 4325/4410/4433 4376/7444/4433
f 4376/7444/4434 4325/4410/4434 4308/3893/4434 4356/3974/4434
f 4403/3782/4435 4357/3781/4435 4391/4485/4435 4406/4500/4435
f 4406/4500/4436 4391/4485/4436 4395/4492/4436 4407/4503/4436
f 4407/4503/4437 4395/4492/4437 4399/4496/4437 4408/4505/4437
f 4408/4505/4438 4399/4496/4438 4375/4469/4438 4432/7445/4438
f 4432/7445/4439 4375/4469/4439 4374/4467/4439 4428/7446/4439
f 4428/7446/4440 4374/4467/4440 4373/4464/4440 4424/7447/4440
f 4424/7447/4441 4373/4464/4441 4356/3975/4441 4404/3976/4441
f 4451/3786/4442 4405/3785/4442 4439/4540/4442 4454/4554/4442
f 4454/4554/4443 4439/4540/4443 4443/4547/4443 4455/4557/4443
f 4455/4557/4444 4443/4547/4444 4447/4551/4444 4456/4559/4444
f 4456/4559/4445 4447/4551/4445 4423/4524/4445 4480/7448/4445
f 4480/7448/4446 4423/4524/4446 4422/4522/4446 4476/7449/4446
f 4476/7449/4447 4422/4522/4447 4421/4519/4447 4472/7450/4447
f 4472/7450/4448 4421/4519/4448 4404/3977/4448 4452/3978/4448
f 4499/3790/4449 4453/3789/4449 4487/4594/4449 4502/4609/4449
f 4502/4609/4450 4487/4594/4450 4491/4601/4450 4503/4612/4450
f 4503/4612/4451 4491/4601/4451 4495/4605/4451 4504/4614/4451
f 4504/4614/4452 4495/4605/4452 4471/4578/4452 4528/7451/4452
f 4528/7451/4453 4471/4578/4453 4470/4576/4453 4524/7452/4453
f 4524/7452/4454 4470/4576/4454 4469/4573/4454 4520/7453/4454
f 4520/7453/4455 4469/4573/4455 4452/3979/4455 4500/3907/4455
f 4547/3794/4456 4501/3793/4456 4535/4649/4456 4550/4663/4456
f 4550/4663/4457 4535/4649/4457 4539/4656/4457 4551/4666/4457
f 4551/4666/4458 4539/4656/4458 4543/4660/4458 4552/4668/4458
f 4552/4668/4459 4543/4660/4459 4519/4633/4459 4576/7454/4459
f 4576/7454/4460 4519/4633/4460 4518/4631/4460 4572/7455/4460
f 4572/7455/4461 4518/4631/4461 4517/4628/4461 4568/7456/4461
f 4568/7456/4462 4517/4628/4462 4500/3905/4462 4548/3910/4462
f 4595/3798/4463 4549/3797/4463 4583/4703/4463 4598/4717/4463
f 4598/4717/4464 4583/4703/4464 4587/4710/4464 4599/4720/4464
f 4599/4720/4465 4587/4710/4465 4591/4714/4465 4600/4722/4465
f 4600/4722/4466 4591/4714/4466 4567/4687/4466 4624/7457/4466
f 4624/7457/4467 4567/4687/4467 4566/4685/4467 4620/7458/4467
f 4620/7458/4468 4566/4685/4468 4565/4682/4468 4616/7459/4468
f 4616/7459/4469 4565/4682/4469 4548/3908/4469 4596/3913/4469
f 4643/3802/4470 4597/3801/4470 4631/4757/4470 4646/4771/4470
f 4646/4771/4471 4631/4757/4471 4635/4764/4471 4647/4774/4471
f 4647/4774/4472 4635/4764/4472 4639/4768/4472 4648/4776/4472
f 4648/4776/4473 4639/4768/4473 4615/4741/4473 4672/7460/4473
f 4672/7460/4474 4615/4741/4474 4614/4739/4474 4668/7461/4474
f 4668/7461/4475 4614/4739/4475 4613/4736/4475 4664/7462/4475
f 4664/7462/4476 4613/4736/4476 4596/3980/4476 4644/3916/4476
f 4691/3806/4477 4645/3805/4477 4679/4811/4477 4694/4825/4477
f 4694/4825/4478 4679/4811/4478 4683/4818/4478 4695/4828/4478
f 4695/4828/4479 4683/4818/4479 4687/4822/4479 4696/4830/4479
f 4696/4830/4480 4687/4822/4480 4663/4795/4480 4720/7463/4480
f 4720/7463/4481 4663/4795/4481 4662/4793/4481 4716/7464/4481
f 4716/7464/4482 4662/4793/4482 4661/4790/4482 4712/7465/4482
f 4712/7465/4483 4661/4790/4483 4644/3914/4483 4692/3981/4483
f 4739/3810/4484 4693/3809/4484 4727/4865/4484 4742/4879/4484
f 4742/4879/4485 4727/4865/4485 4731/4872/4485 4743/4882/4485
f 4743/4882/4486 4731/4872/4486 4735/4876/4486 4744/4884/4486
f 4744/4884/4487 4735/4876/4487 4711/4849/4487 4768/7466/4487
f 4768/7466/4488 4711/4849/4488 4710/4847/4488 4764/7467/4488
f 4764/7467/4489 4710/4847/4489 4709/4844/4489 4760/7468/4489
f 4760/7468/4490 4709/4844/4490 4692/3982/4490 4740/3983/4490
f 4787/3814/4491 4741/3813/4491 4775/4919/4491 4790/4933/4491
f 4790/4933/4492 4775/4919/4492 4779/4926/4492 4791/4936/4492
f 4791/4936/4493 4779/4926/4493 4783/4930/4493 4792/4938/4493
f 4792/4938/4494 4783/4930/4494 4759/4903/4494 4816/7469/4494
f 4816/7469/4495 4759/4903/4495 4758/4901/4495 4812/7470/4495
f 4812/7470/4496 4758/4901/4496 4757/4898/4496 4808/7471/4496
f 4808/7471/4497 4757/4898/4497 4740/3984/4497 4788/3925/4497
f 4835/3818/4498 4789/3817/4498 4823/4973/4498 4838/4987/4498
f 4838/4987/4499 4823/4973/4499 4827/4980/4499 4839/4990/4499
f 4839/4990/4500 4827/4980/4500 4831/4984/4500 4840/4992/4500
f 4840/4992/4501 4831/4984/4501 4807/4957/4501 4864/7472/4501
f 4864/7472/4502 4807/4957/4502 4806/4955/4502 4860/7473/4502
f 4860/7473/4503 4806/4955/4503 4805/4952/4503 4856/7474/4503
f 4856/7474/4504 4805/4952/4504 4788/3985/4504 4836/3928/4504
f 4883/3822/4505 4837/3821/4505 4871/5027/4505 4886/5041/4505
f 4886/5041/4506 4871/5027/4506 4875/5034/4506 4887/5044/4506
f 4887/5044/4507 4875/5034/4507 4879/5038/4507 4888/5046/4507
f 4888/5046/4508 4879/5038/4508 4855/5011/4508 4912/7475/4508
f 4912/7475/4509 4855/5011/4509 4854/5009/4509 4908/7476/4509
f 4908/7476/4510 4854/5009/4510 4853/5006/4510 4904/7477/4510
f 4904/7477/4511 4853/5006/4511 4836/3926/4511 4884/3986/4511
f 4931/3826/4512 4885/3825/4512 4919/5081/4512 4934/5095/4512
f 4934/5095/4513 4919/5081/4513 4923/5088/4513 4935/5098/4513
f 4935/5098/4514 4923/5088/4514 4927/5092/4514 4936/5100/4514
f 4936/5100/4515 4927/5092/4515 4903/5065/4515 4960/7478/4515
f 4960/7478/4516 4903/5065/4516 4902/5063/4516 4956/7479/4516
f 4956/7479/4517 4902/5063/4517 4901/5060/4517 4952/7480/4517
f 4952/7480/4518 4901/5060/4518 4884/3987/4518 4932/3988/4518
f 4979/3830/4519 4933/3829/4519 4967/5135/4519 4982/5149/4519
f 4982/5149/4520 4967/5135/4520 4971/5142/4520 4983/5152/4520
f 4983/5152/4521 4971/5142/4521 4975/5146/4521 4984/5154/4521
f 4984/5154/4522 4975/5146/4522 4951/5119/4522 5008/7481/4522
f 5008/7481/4523 4951/5119/4523 4950/5117/4523 5004/7482/4523
f 5004/7482/4524 4950/5117/4524 4949/5114/4524 5000/7483/4524
f 5000/7483/4525 4949/5114/4525 4932/3932/4525 4980/3937/4525
f 5027/3834/4526 4981/3833/4526 5015/5189/4526 5030/5204/4526
f 5030/5204/4527 5015/5189/4527 5019/5196/4527 5031/5207/4527
f 5031/5207/4528 5019/5196/4528 5023/5201/4528 5032/5209/4528
f 5032/5209/4529 5023/5201/4529 4999/5173/4529 5056/7484/4529
f 5056/7484/4530 4999/5173/4530 4998/5171/4530 5052/7485/4530
f 5052/7485/4531 4998/5171/4531 4997/5168/4531 5048/7486/4531
f 5048/7486/4532 4997/5168/4532 4980/3935/4532 5028/3940/4532
f 5075/3838/4533 5029/3837/4533 5063/5244/4533 5078/5258/4533
f 5078/5258/4534 5063/5244/4534 5067/5251/4534 5079/5261/4534
f 5079/5261/4535 5067/5251/4535 5071/5255/4535 5080/5263/4535
f 5080/5263/4536 5071/5255/4536 5047/5228/4536 5104/7487/4536
f 5104/7487/4537 5047/5228/4537 5046/5226/4537 5100/7488/4537
f 5100/7488/4538 5046/5226/4538 5045/5223/4538 5096/7489/4538
f 5096/7489/4539 5045/5223/4539 5028/3938/4539 5076/3943/4539
f 5123/3842/4540 5077/3841/4540 5111/5298/4540 5126/5312/4540
f 5126/5312/4541 5111/5298/4541 5115/5305/4541 5127/5315/4541
f 5127/5315/4542 5115/5305/4542 5119/5309/4542 5128/5317/4542
f 5128/5317/4543 5119/5309/4543 5095/5282/4543 5152/7490/4543
f 5152/7490/4544 5095/5282/4544 5094/5280/4544 5148/7491/4544
f 5148/7491/4545 5094/5280/4545 5093/5277/4545 5144/7492/4545
f 5144/7492/4546 5093/5277/4546 5076/3989/4546 5124/3946/4546
f 5171/3846/4547 5125/3845/4547 5159/5352/4547 5174/5366/4547
f 5174/5366/4548 5159/5352/4548 5163/5359/4548 5175/5369/4548
f 5175/5369/4549 5163/5359/4549 5167/5363/4549 5176/5371/4549
f 5176/5371/4550 5167/5363/4550 5143/5336/4550 5200/7493/4550
f 5200/7493/4551 5143/5336/4551 5142/5334/4551 5196/7494/4551
f 5196/7494/4552 5142/5334/4552 5141/5331/4552 5192/7495/4552
f 5192/7495/4553 5141/5331/4553 5124/3944/4553 5172/3949/4553
f 5219/3850/4554 5173/3849/4554 5207/5406/4554 5222/5420/4554
f 5222/5420/4555 5207/5406/4555 5211/5413/4555 5223/5423/4555
f 5223/5423/4556 5211/5413/4556 5215/5417/4556 5224/5425/4556
f 5224/5425/4557 5215/5417/4557 5191/5390/4557 5248/7496/4557
f 5248/7496/4558 5191/5390/4558 5190/5388/4558 5244/7497/4558
f 5244/7497/4559 5190/5388/4559 5189/5385/4559 5240/7498/4559
f 5240/7498/4560 5189/5385/4560 5172/3990/4560 5220/3952/4560
f 5267/3854/4561 5221/3853/4561 5255/5460/4561 5270/5474/4561
f 5270/5474/4562 5255/5460/4562 5259/5467/4562 5271/5477/4562
f 5271/5477/4563 5259/5467/4563 5263/5471/4563 5272/5479/4563
f 5272/5479/4564 5263/5471/4564 5239/5444/4564 5296/7499/4564
f 5296/7499/4565 5239/5444/4565 5238/5442/4565 5292/7500/4565
f 5292/7500/4566 5238/5442/4566 5237/5439/4566 5288/7501/4566
f 5288/7501/4567 5237/5439/4567 5220/3991/4567 5268/3955/4567
f 5315/3858/4568 5269/3857/4568 5303/5514/4568 5318/5528/4568
f 5318/5528/4569 5303/5514/4569 5307/5521/4569 5319/5531/4569
f 5319/5531/4570 5307/5521/4570 5311/5525/4570 5320/5533/4570
f 5320/5533/4571 5311/5525/4571 5287/5498/4571 5344/7502/4571
f 5344/7502/4572 5287/5498/4572 5286/5496/4572 5340/7503/4572
f 5340/7503/4573 5286/5496/4573 5285/5493/4573 5336/7504/4573
f 5336/7504/4574 5285/5493/4574 5268/3953/4574 5316/3992/4574
f 5363/3862/4575 5317/3861/4575 5351/5568/4575 5366/5582/4575
f 5366/5582/4576 5351/5568/4576 5355/5575/4576 5367/5585/4576
f 5367/5585/4577 5355/5575/4577 5359/5579/4577 5368/5587/4577
f 5368/5587/4578 5359/5579/4578 5335/5552/4578 5392/7505/4578
f 5392/7505/4579 5335/5552/4579 5334/5550/4579 5388/7506/4579
f 5388/7506/4580 5334/5550/4580 5333/5547/4580 5384/7507/4580
f 5384/7507/4581 5333/5547/4581 5316/3993/4581 5364/3994/4581
f 5411/3866/4582 5365/3865/4582 5399/5622/4582 5414/5636/4582
f 5414/5636/4583 5399/5622/4583 5403/5629/4583 5415/5639/4583
f 5415/5639/4584 5403/5629/4584 5407/5633/4584 5416/5641/4584
f 5416/5641/4585 5407/5633/4585 5383/5606/4585 5440/7508/4585
f 5440/7508/4586 5383/5606/4586 5382/5604/4586 5436/7509/4586
f 5436/7509/4587 5382/5604/4587 5381/5601/4587 5432/7510/4587
f 5432/7510/4588 5381/5601/4588 5364/3995/4588 5412/3996/4588
f 5459/3870/4589 5413/3869/4589 5447/5676/4589 5462/5690/4589
f 5462/5690/4590 5447/5676/4590 5451/5683/4590 5463/5693/4590
f 5463/5693/4591 5451/5683/4591 5455/5687/4591 5464/5695/4591
f 5464/5695/4592 5455/5687/4592 5431/5660/4592 5488/7511/4592
f 5488/7511/4593 5431/5660/4593 5430/5658/4593 5484/7512/4593
f 5484/7512/4594 5430/5658/4594 5429/5655/4594 5480/7513/4594
f 5480/7513/4595 5429/5655/4595 5412/3997/4595 5460/3998/4595
f 3972/3874/4596 5461/3873/4596 5495/5730/4596 3989/4024/4596
f 3989/4024/4597 5495/5730/4597 5499/5737/4597 3990/4027/4597
f 3990/4027/4598 5499/5737/4598 5503/5741/4598 3991/4029/4598
f 3991/4029/4599 5503/5741/4599 5479/5714/4599 4015/7514/4599
f 4015/7514/4600 5479/5714/4600 5478/5712/4600 4011/7515/4600
f 4011/7515/4601 5478/5712/4601 5477/5709/4601 4007/7516/4601
f 4007/7516/4602 5477/5709/4602 5460/3749/4602 3973/3752/4602
f 5557/4000/4603 5508/3999/4603 5528/7517/4603 5588/5832/4603
f 5588/5832/4604 5528/7517/4604 5532/7518/4604 5589/5835/4604
f 5589/5835/4605 5532/7518/4605 5536/7519/4605 5590/5837/4605
f 5590/5837/4494 5536/7519/4494 5512/5750/4494 5569/5811/4494
f 5569/5811/4606 5512/5750/4606 5511/5748/4606 5565/5807/4606
f 5565/5807/4607 5511/5748/4607 5510/5745/4607 5561/5801/4607
f 5561/5801/4608 5510/5745/4608 5507/5744/4608 5555/5798/4608
f 5605/3967/4609 5557/3966/4609 5591/7520/4609 5636/5885/4609
f 5636/5885/4610 5591/7520/4610 5595/7521/4610 5637/5888/4610
f 5637/5888/4611 5595/7521/4611 5599/7522/4611 5638/5890/4611
f 5638/5890/4501 5599/7522/4501 5575/5819/4501 5617/5864/4501
f 5617/5864/4612 5575/5819/4612 5574/5817/4612 5613/5859/4612
f 5613/5859/4613 5574/5817/4613 5573/5814/4613 5609/5853/4613
f 5609/5853/4614 5573/5814/4614 5556/3756/4614 5603/3755/4614
f 5653/3880/4615 5605/3879/4615 5639/7523/4615 5684/5937/4615
f 5684/5937/4616 5639/7523/4616 5643/7524/4616 5685/5940/4616
f 5685/5940/4617 5643/7524/4617 5647/7525/4617 5686/5942/4617
f 5686/5942/4618 5647/7525/4618 5623/5872/4618 5665/5916/4618
f 5665/5916/4619 5623/5872/4619 5622/5870/4619 5661/5912/4619
f 5661/5912/4506 5622/5870/4506 5621/5867/4506 5657/5906/4506
f 5657/5906/4620 5621/5867/4620 5604/3760/4620 5651/3759/4620
f 5701/3884/4621 5653/3883/4621 5687/7526/4621 5732/5989/4621
f 5732/5989/4622 5687/7526/4622 5691/7527/4622 5733/5992/4622
f 5733/5992/4623 5691/7527/4623 5695/7528/4623 5734/5994/4623
f 5734/5994/4624 5695/7528/4624 5671/5924/4624 5713/5968/4624
f 5713/5968/4625 5671/5924/4625 5670/5922/4625 5709/5964/4625
f 5709/5964/4626 5670/5922/4626 5669/5919/4626 5705/5958/4626
f 5705/5958/4627 5669/5919/4627 5652/3764/4627 5699/3763/4627
f 5749/3887/4628 5701/3886/4628 5735/7529/4628 5780/6042/4628
f 5780/6042/4629 5735/7529/4629 5739/7530/4629 5781/6045/4629
f 5781/6045/4630 5739/7530/4630 5743/7531/4630 5782/6047/4630
f 5782/6047/4631 5743/7531/4631 5719/5976/4631 5761/6021/4631
f 5761/6021/4632 5719/5976/4632 5718/5974/4632 5757/6016/4632
f 5757/6016/4633 5718/5974/4633 5717/5971/4633 5753/6010/4633
f 5753/6010/4634 5717/5971/4634 5700/3768/4634 5747/3767/4634
f 5797/3890/4635 5749/3889/4635 5783/7532/4635 5828/6095/4635
f 5828/6095/4636 5783/7532/4636 5787/7533/4636 5829/6098/4636
f 5829/6098/4637 5787/7533/4637 5791/7534/4637 5830/6100/4637
f 5830/6100/4529 5791/7534/4529 5767/6029/4529 5809/6074/4529
f 5809/6074/4638 5767/6029/4638 5766/6027/4638 5805/6070/4638
f 5805/6070/4639 5766/6027/4639 5765/6024/4639 5801/6063/4639
f 5801/6063/4640 5765/6024/4640 5748/3772/4640 5795/3771/4640
f 5845/3893/4641 5797/3892/4641 5831/7535/4641 5876/6148/4641
f 5876/6148/4642 5831/7535/4642 5835/7536/4642 5877/6151/4642
f 5877/6151/4537 5835/7536/4537 5839/7537/4537 5878/6153/4537
f 5878/6153/4643 5839/7537/4643 5815/6082/4643 5857/6127/4643
f 5857/6127/4644 5815/6082/4644 5814/6080/4644 5853/6123/4644
f 5853/6123/4645 5814/6080/4645 5813/6077/4645 5849/6116/4645
f 5849/6116/4646 5813/6077/4646 5796/3776/4646 5843/3775/4646
f 5893/3896/4647 5845/3895/4647 5879/7538/4647 5924/6200/4647
f 5924/6200/4648 5879/7538/4648 5883/7539/4648 5925/6203/4648
f 5925/6203/4649 5883/7539/4649 5887/7540/4649 5926/6205/4649
f 5926/6205/4650 5887/7540/4650 5863/6135/4650 5905/6179/4650
f 5905/6179/4651 5863/6135/4651 5862/6133/4651 5901/6175/4651
f 5901/6175/4541 5862/6133/4541 5861/6130/4541 5897/6169/4541
f 5897/6169/4540 5861/6130/4540 5844/3780/4540 5891/3779/4540
f 5941/3899/4652 5893/3898/4652 5927/7541/4652 5972/6252/4652
f 5972/6252/4552 5927/7541/4552 5931/7542/4552 5973/6255/4552
f 5973/6255/4653 5931/7542/4653 5935/7543/4653 5974/6257/4653
f 5974/6257/4654 5935/7543/4654 5911/6187/4654 5953/6231/4654
f 5953/6231/4655 5911/6187/4655 5910/6185/4655 5949/6227/4655
f 5949/6227/4548 5910/6185/4548 5909/6182/4548 5945/6221/4548
f 5945/6221/4656 5909/6182/4656 5892/3784/4656 5939/3783/4656
f 5989/3902/4657 5941/3901/4657 5975/7544/4657 6020/6304/4657
f 6020/6304/4658 5975/7544/4658 5979/7545/4658 6021/6307/4658
f 6021/6307/4659 5979/7545/4659 5983/7546/4659 6022/6309/4659
f 6022/6309/4660 5983/7546/4660 5959/6239/4660 6001/6283/4660
f 6001/6283/4661 5959/6239/4661 5958/6237/4661 5997/6279/4661
f 5997/6279/4662 5958/6237/4662 5957/6234/4662 5993/6273/4662
f 5993/6273/4663 5957/6234/4663 5940/3788/4663 5987/3787/4663
f 6037/3905/4664 5989/3904/4664 6023/7547/4664 6068/6356/4664
f 6068/6356/4665 6023/7547/4665 6027/7548/4665 6069/6359/4665
f 6069/6359/4666 6027/7548/4666 6031/7549/4666 6070/6361/4666
f 6070/6361/4667 6031/7549/4667 6007/6291/4667 6049/6335/4667
f 6049/6335/4668 6007/6291/4668 6006/6289/4668 6045/6331/4668
f 6045/6331/4669 6006/6289/4669 6005/6286/4669 6041/6325/4669
f 6041/6325/4670 6005/6286/4670 5988/3792/4670 6035/3791/4670
f 6085/3908/4671 6037/3907/4671 6071/7550/4671 6116/6408/4671
f 6116/6408/4672 6071/7550/4672 6075/7551/4672 6117/6411/4672
f 6117/6411/4673 6075/7551/4673 6079/7552/4673 6118/6413/4673
f 6118/6413/4674 6079/7552/4674 6055/6343/4674 6097/6387/4674
f 6097/6387/4675 6055/6343/4675 6054/6341/4675 6093/6383/4675
f 6093/6383/4676 6054/6341/4676 6053/6338/4676 6089/6377/4676
f 6089/6377/4677 6053/6338/4677 6036/3796/4677 6083/3795/4677
f 6133/3911/4678 6085/3910/4678 6119/7553/4678 6164/6461/4678
f 6164/6461/4679 6119/7553/4679 6123/7554/4679 6165/6464/4679
f 6165/6464/4680 6123/7554/4680 6127/7555/4680 6166/6466/4680
f 6166/6466/4578 6127/7555/4578 6103/6395/4578 6145/6440/4578
f 6145/6440/4681 6103/6395/4681 6102/6393/4681 6141/6436/4681
f 6141/6436/4682 6102/6393/4682 6101/6390/4682 6137/6429/4682
f 6137/6429/4683 6101/6390/4683 6084/3800/4683 6131/3799/4683
f 6181/3914/4684 6133/3913/4684 6167/7556/4684 6212/6513/4684
f 6212/6513/4685 6167/7556/4685 6171/7557/4685 6213/6516/4685
f 6213/6516/4686 6171/7557/4686 6175/7558/4686 6214/6518/4686
f 6214/6518/4687 6175/7558/4687 6151/6448/4687 6193/6492/4687
f 6193/6492/4688 6151/6448/4688 6150/6446/4688 6189/6488/4688
f 6189/6488/4689 6150/6446/4689 6149/6443/4689 6185/6482/4689
f 6185/6482/4690 6149/6443/4690 6132/3804/4690 6179/3803/4690
f 6229/3917/4691 6181/3916/4691 6215/7559/4691 6260/6565/4691
f 6260/6565/4692 6215/7559/4692 6219/7560/4692 6261/6568/4692
f 6261/6568/4693 6219/7560/4693 6223/7561/4693 6262/6570/4693
f 6262/6570/4694 6223/7561/4694 6199/6500/4694 6241/6544/4694
f 6241/6544/4695 6199/6500/4695 6198/6498/4695 6237/6540/4695
f 6237/6540/4696 6198/6498/4696 6197/6495/4696 6233/6534/4696
f 6233/6534/4697 6197/6495/4697 6180/3808/4697 6227/3807/4697
f 6277/3920/4698 6229/3919/4698 6263/7562/4698 6308/6617/4698
f 6308/6617/4699 6263/7562/4699 6267/7563/4699 6309/6620/4699
f 6309/6620/4700 6267/7563/4700 6271/7564/4700 6310/6622/4700
f 6310/6622/4701 6271/7564/4701 6247/6552/4701 6289/6596/4701
f 6289/6596/4702 6247/6552/4702 6246/6550/4702 6285/6592/4702
f 6285/6592/4703 6246/6550/4703 6245/6547/4703 6281/6586/4703
f 6281/6586/4704 6245/6547/4704 6228/3812/4704 6275/3811/4704
f 6325/3923/4705 6277/3922/4705 6311/7565/4705 6356/6670/4705
f 6356/6670/4706 6311/7565/4706 6315/7566/4706 6357/6673/4706
f 6357/6673/4707 6315/7566/4707 6319/7567/4707 6358/6675/4707
f 6358/6675/4382 6319/7567/4382 6295/6604/4382 6337/6648/4382
f 6337/6648/4708 6295/6604/4708 6294/6602/4708 6333/6644/4708
f 6333/6644/4709 6294/6602/4709 6293/6599/4709 6329/6638/4709
f 6329/6638/4379 6293/6599/4379 6276/3816/4379 6323/3815/4379
f 6373/3926/4710 6325/3925/4710 6359/7568/4710 6404/6723/4710
f 6404/6723/4711 6359/7568/4711 6363/7569/4711 6405/6726/4711
f 6405/6726/4712 6363/7569/4712 6367/7570/4712 6406/6728/4712
f 6406/6728/4389 6367/7570/4389 6343/6657/4389 6385/6702/4389
f 6385/6702/4713 6343/6657/4713 6342/6655/4713 6381/6698/4713
f 6381/6698/4714 6342/6655/4714 6341/6652/4714 6377/6691/4714
f 6377/6691/4715 6341/6652/4715 6324/3820/4715 6371/3819/4715
f 6421/3929/4716 6373/3928/4716 6407/7571/4716 6452/6775/4716
f 6452/6775/4717 6407/7571/4717 6411/7572/4717 6453/6778/4717
f 6453/6778/4718 6411/7572/4718 6415/7573/4718 6454/6780/4718
f 6454/6780/4396 6415/7573/4396 6391/6710/4396 6433/6754/4396
f 6433/6754/4719 6391/6710/4719 6390/6708/4719 6429/6750/4719
f 6429/6750/4720 6390/6708/4720 6389/6705/4720 6425/6744/4720
f 6425/6744/4721 6389/6705/4721 6372/3824/4721 6419/3823/4721
f 6469/3932/4722 6421/3931/4722 6455/7574/4722 6500/6828/4722
f 6500/6828/4723 6455/7574/4723 6459/7575/4723 6501/6831/4723
f 6501/6831/4724 6459/7575/4724 6463/7576/4724 6502/6833/4724
f 6502/6833/4403 6463/7576/4403 6439/6762/4403 6481/6807/4403
f 6481/6807/4725 6439/6762/4725 6438/6760/4725 6477/6803/4725
f 6477/6803/4726 6438/6760/4726 6437/6757/4726 6473/6796/4726
f 6473/6796/4727 6437/6757/4727 6420/3828/4727 6467/3827/4727
f 6517/3935/4728 6469/3934/4728 6503/7577/4728 6548/6880/4728
f 6548/6880/4729 6503/7577/4729 6507/7578/4729 6549/6883/4729
f 6549/6883/4730 6507/7578/4730 6511/7579/4730 6550/6885/4730
f 6550/6885/4731 6511/7579/4731 6487/6815/4731 6529/6859/4731
f 6529/6859/4732 6487/6815/4732 6486/6813/4732 6525/6855/4732
f 6525/6855/4733 6486/6813/4733 6485/6810/4733 6521/6849/4733
f 6521/6849/4734 6485/6810/4734 6468/3832/4734 6515/3831/4734
f 6565/3938/4735 6517/3937/4735 6551/7580/4735 6596/6933/4735
f 6596/6933/4736 6551/7580/4736 6555/7581/4736 6597/6936/4736
f 6597/6936/4418 6555/7581/4418 6559/7582/4418 6598/6938/4418
f 6598/6938/4737 6559/7582/4737 6535/6867/4737 6577/6912/4737
f 6577/6912/4738 6535/6867/4738 6534/6865/4738 6573/6908/4738
f 6573/6908/4739 6534/6865/4739 6533/6862/4739 6569/6901/4739
f 6569/6901/4740 6533/6862/4740 6516/3836/4740 6563/3835/4740
f 6613/3941/4741 6565/3940/4741 6599/7583/4741 6644/6985/4741
f 6644/6985/4742 6599/7583/4742 6603/7584/4742 6645/6988/4742
f 6645/6988/4743 6603/7584/4743 6607/7585/4743 6646/6990/4743
f 6646/6990/4744 6607/7585/4744 6583/6920/4744 6625/6964/4744
f 6625/6964/4745 6583/6920/4745 6582/6918/4745 6621/6960/4745
f 6621/6960/4746 6582/6918/4746 6581/6915/4746 6617/6954/4746
f 6617/6954/4747 6581/6915/4747 6564/3840/4747 6611/3839/4747
f 6661/3944/4748 6613/3943/4748 6647/7586/4748 6692/7037/4748
f 6692/7037/4433 6647/7586/4433 6651/7587/4433 6693/7040/4433
f 6693/7040/4749 6651/7587/4749 6655/7588/4749 6694/7042/4749
f 6694/7042/4750 6655/7588/4750 6631/6972/4750 6673/7016/4750
f 6673/7016/4751 6631/6972/4751 6630/6970/4751 6669/7012/4751
f 6669/7012/4429 6630/6970/4429 6629/6967/4429 6665/7006/4429
f 6665/7006/4428 6629/6967/4428 6612/3844/4428 6659/3843/4428
f 6709/3947/4752 6661/3946/4752 6695/7589/4752 6740/7090/4752
f 6740/7090/4753 6695/7589/4753 6699/7590/4753 6741/7093/4753
f 6741/7093/4754 6699/7590/4754 6703/7591/4754 6742/7095/4754
f 6742/7095/4755 6703/7591/4755 6679/7024/4755 6721/7068/4755
f 6721/7068/4756 6679/7024/4756 6678/7022/4756 6717/7064/4756
f 6717/7064/4757 6678/7022/4757 6677/7019/4757 6713/7058/4757
f 6713/7058/4758 6677/7019/4758 6660/3848/4758 6707/3847/4758
f 6757/3950/4759 6709/3949/4759 6743/7592/4759 6788/7142/4759
f 6788/7142/4447 6743/7592/4447 6747/7593/4447 6789/7145/4447
f 6789/7145/4760 6747/7593/4760 6751/7594/4760 6790/7147/4760
f 6790/7147/4445 6751/7594/4445 6727/7077/4445 6769/7121/4445
f 6769/7121/4761 6727/7077/4761 6726/7075/4761 6765/7117/4761
f 6765/7117/4762 6726/7075/4762 6725/7072/4762 6761/7111/4762
f 6761/7111/4763 6725/7072/4763 6708/3852/4763 6755/3851/4763
f 6805/3953/4764 6757/3952/4764 6791/7595/4764 6836/7194/4764
f 6836/7194/4765 6791/7595/4765 6795/7596/4765 6837/7197/4765
f 6837/7197/4766 6795/7596/4766 6799/7597/4766 6838/7199/4766
f 6838/7199/4767 6799/7597/4767 6775/7129/4767 6817/7173/4767
f 6817/7173/4768 6775/7129/4768 6774/7127/4768 6813/7169/4768
f 6813/7169/4769 6774/7127/4769 6773/7124/4769 6809/7163/4769
f 6809/7163/4770 6773/7124/4770 6756/3856/4770 6803/3855/4770
f 6853/3956/4771 6805/3955/4771 6839/7598/4771 6884/7246/4771
f 6884/7246/4772 6839/7598/4772 6843/7599/4772 6885/7249/4772
f 6885/7249/4773 6843/7599/4773 6847/7600/4773 6886/7251/4773
f 6886/7251/4774 6847/7600/4774 6823/7181/4774 6865/7225/4774
f 6865/7225/4775 6823/7181/4775 6822/7179/4775 6861/7221/4775
f 6861/7221/4776 6822/7179/4776 6821/7176/4776 6857/7215/4776
f 6857/7215/4456 6821/7176/4456 6804/3860/4456 6851/3859/4456
f 6901/3959/4777 6853/3958/4777 6887/7601/4777 6932/7298/4777
f 6932/7298/4778 6887/7601/4778 6891/7602/4778 6933/7301/4778
f 6933/7301/4779 6891/7602/4779 6895/7603/4779 6934/7303/4779
f 6934/7303/4780 6895/7603/4780 6871/7233/4780 6913/7277/4780
f 6913/7277/4781 6871/7233/4781 6870/7231/4781 6909/7273/4781
f 6909/7273/4782 6870/7231/4782 6869/7228/4782 6905/7267/4782
f 6905/7267/4783 6869/7228/4783 6852/3864/4783 6899/3863/4783
f 6949/3962/4784 6901/3961/4784 6935/7604/4784 6980/7350/4784
f 6980/7350/4785 6935/7604/4785 6939/7605/4785 6981/7353/4785
f 6981/7353/4786 6939/7605/4786 6943/7606/4786 6982/7355/4786
f 6982/7355/4787 6943/7606/4787 6919/7285/4787 6961/7329/4787
f 6961/7329/4788 6919/7285/4788 6918/7283/4788 6957/7325/4788
f 6957/7325/4789 6918/7283/4789 6917/7280/4789 6953/7319/4789
f 6953/7319/4790 6917/7280/4790 6900/3868/4790 6947/3867/4790
f 6997/3965/4791 6949/3964/4791 6983/7607/4791 7028/7402/4791
f 7028/7402/4792 6983/7607/4792 6987/7608/4792 7029/7405/4792
f 7029/7405/4793 6987/7608/4793 6991/7609/4793 7030/7407/4793
f 7030/7407/4794 6991/7609/4794 6967/7337/4794 7009/7381/4794
f 7009/7381/4795 6967/7337/4795 6966/7335/4795 7005/7377/4795
f 7005/7377/4796 6966/7335/4796 6965/7332/4796 7001/7371/4796
f 7001/7371/4797 6965/7332/4797 6948/3872/4797 6995/3871/4797
f 5508/3878/4798 6997/3877/4798 7031/7610/4798 5525/5763/4798
f 5525/5763/4799 7031/7610/4799 7035/7611/4799 5526/5766/4799
f 5526/5766/4800 7035/7611/4800 7039/7612/4800 5527/5768/4800
f 5527/5768/4487 7039/7612/4487 7015/7389/4487 5551/5794/4487
f 5551/5794/4801 7015/7389/4801 7014/7387/4801 5547/5790/4801
f 5547/5790/4802 7014/7387/4802 7013/7384/4802 5543/5784/4802
f 5543/5784/4803 7013/7384/4803 6996/3876/4803 5509/3875/4803
f 3971/4003/1970 5507/5744/1970 5513/5747/1970 3974/4004/1970
f 3974/4004/1970 5513/5747/1970 5517/5755/1970 3975/4007/1970
f 3975/4007/1970 5517/5755/1970 5521/5760/1970 3976/4009/1970
f 3976/4012/1970 5521/4012/1970 5542/5787/1970 4000/4039/1970
f 4000/4039/1970 5542/5787/1970 5541/5785/1970 3996/4034/1970
f 3996/4034/1970 5541/5785/1970 5540/5782/1970 3992/4026/1970
f 3992/4026/1970 5540/5782/1970 5509/3875/1970 3972/3874/1970
f 4021/3753/4804 5556/3756/4804 5576/5816/4804 4052/4101/4804
f 4052/4101/4805 5576/5816/4805 5580/5824/4805 4053/4104/4805
f 4053/4104/1970 5580/5824/1970 5584/5829/1970 4054/4106/1970
f 4054/4106/1970 5584/5829/1970 5560/5804/1970 4033/4078/1970
f 4033/4078/1970 5560/5804/1970 5559/5802/1970 4029/4073/1970
f 4029/4073/4806 5559/5802/4806 5558/5799/4806 4025/4065/4806
f 4025/4065/1970 5558/5799/1970 5555/5798/1970 4019/4062/1970
f 4069/3757/4804 5604/3760/4804 5624/5869/4804 4100/4156/4804
f 4100/4156/4805 5624/5869/4805 5628/5877/4805 4101/4159/4805
f 4101/4159/1970 5628/5877/1970 5632/5882/1970 4102/4161/1970
f 4102/4161/1970 5632/5882/1970 5608/5856/1970 4081/4133/1970
f 4081/4133/1970 5608/5856/1970 5607/5854/1970 4077/4128/1970
f 4077/4128/1970 5607/5854/1970 5606/5851/1970 4073/4120/1970
f 4073/4120/4804 5606/5851/4804 5603/3755/4804 4067/3754/4804
f 4117/3761/1970 5652/3764/1970 5672/5921/1970 4148/4210/1970
f 4148/4210/4807 5672/5921/4807 5676/5929/4807 4149/4213/4807
f 4149/4213/4808 5676/5929/4808 5680/5934/4808 4150/4215/4808
f 4150/4215/1970 5680/5934/1970 5656/5909/1970 4129/4187/1970
f 4129/4187/4807 5656/5909/4807 5655/5907/4807 4125/4182/4807
f 4125/4182/4808 5655/5907/4808 5654/5904/4808 4121/4174/4808
f 4121/4174/1970 5654/5904/1970 5651/3759/1970 4115/3758/1970
f 4165/3765/1970 5700/3768/1970 5720/5973/1970 4196/4265/1970
f 4196/4265/1970 5720/5973/1970 5724/5981/1970 4197/4268/1970
f 4197/4268/4808 5724/5981/4808 5728/5986/4808 4198/4270/4808
f 4198/4270/4808 5728/5986/4808 5704/5961/4808 4177/4242/4808
f 4177/4242/1970 5704/5961/1970 5703/5959/1970 4173/4237/1970
f 4173/4237/4808 5703/5959/4808 5702/5956/4808 4169/4229/4808
f 4169/4229/1970 5702/5956/1970 5699/3763/1970 4163/3762/1970
f 4213/3769/1970 5748/3772/1970 5768/6026/1970 4244/4319/1970
f 4244/4319/1970 5768/6026/1970 5772/6034/1970 4245/4322/1970
f 4245/4322/1970 5772/6034/1970 5776/6039/1970 4246/4324/1970
f 4246/4324/4807 5776/6039/4807 5752/6013/4807 4225/4296/4807
f 4225/4296/1970 5752/6013/1970 5751/6011/1970 4221/4291/1970
f 4221/4291/1970 5751/6011/1970 5750/6008/1970 4217/4283/1970
f 4217/4283/1970 5750/6008/1970 5747/3767/1970 4211/3766/1970
f 4261/3773/4809 5796/3776/4809 5816/6079/4809 4292/4374/4809
f 4292/4374/4809 5816/6079/4809 5820/6087/4809 4293/4377/4809
f 4293/4377/1970 5820/6087/1970 5824/6092/1970 4294/4379/1970
f 4294/4379/1970 5824/6092/1970 5800/6066/1970 4273/4351/1970
f 4273/4351/4810 5800/6066/4810 5799/6064/4810 4269/4346/4810
f 4269/4346/1970 5799/6064/1970 5798/6061/1970 4265/4338/1970
f 4265/4338/1970 5798/6061/1970 5795/3771/1970 4259/3770/1970
f 4309/3777/1970 5844/3780/1970 5864/6132/1970 4340/4429/1970
f 4340/4429/1970 5864/6132/1970 5868/6140/1970 4341/4432/1970
f 4341/4432/1970 5868/6140/1970 5872/6145/1970 4342/4434/1970
f 4342/4434/1970 5872/6145/1970 5848/6119/1970 4321/4406/1970
f 4321/4406/1970 5848/6119/1970 5847/6117/1970 4317/4401/1970
f 4317/4401/1970 5847/6117/1970 5846/6114/1970 4313/4393/1970
f 4313/4393/1970 5846/6114/1970 5843/3775/1970 4307/3774/1970
f 4357/3781/1970 5892/3784/1970 5912/6184/1970 4388/4483/1970
f 4388/4483/1970 5912/6184/1970 5916/6192/1970 4389/4486/1970
f 4389/4486/1970 5916/6192/1970 5920/6197/1970 4390/4488/1970
f 4390/4488/1970 5920/6197/1970 5896/6172/1970 4369/4460/1970
f 4369/4460/1970 5896/6172/1970 5895/6170/1970 4365/4455/1970
f 4365/4455/1970 5895/6170/1970 5894/6167/1970 4361/4447/1970
f 4361/4447/1970 5894/6167/1970 5891/3779/1970 4355/3778/1970
f 4405/3785/1970 5940/3788/1970 5960/6236/1970 4436/4538/1970
f 4436/4538/1970 5960/6236/1970 5964/6244/1970 4437/4541/1970
f 4437/4541/1970 5964/6244/1970 5968/6249/1970 4438/4543/1970
f 4438/4543/1970 5968/6249/1970 5944/6224/1970 4417/4515/1970
f 4417/4515/1970 5944/6224/1970 5943/6222/1970 4413/4510/1970
f 4413/4510/1970 5943/6222/1970 5942/6219/1970 4409/4502/1970
f 4409/4502/1970 5942/6219/1970 5939/3783/1970 4403/3782/1970
f 4453/3789/1970 5988/3792/1970 6008/6288/1970 4484/4592/1970
f 4484/4592/1970 6008/6288/1970 6012/6296/1970 4485/4595/1970
f 4485/4595/1970 6012/6296/1970 6016/6301/1970 4486/4597/1970
f 4486/4597/1970 6016/6301/1970 5992/6276/1970 4465/4569/1970
f 4465/4569/1970 5992/6276/1970 5991/6274/1970 4461/4564/1970
f 4461/4564/4809 5991/6274/4809 5990/6271/4809 4457/4556/4809
f 4457/4556/4810 5990/6271/4810 5987/3787/4810 4451/3786/4810
f 4501/3793/4808 6036/3796/4808 6056/6340/4808 4532/4647/4808
f 4532/4647/1970 6056/6340/1970 6060/6348/1970 4533/4650/1970
f 4533/4650/1970 6060/6348/1970 6064/6353/1970 4534/4652/1970
f 4534/4652/4807 6064/6353/4807 6040/6328/4807 4513/4624/4807
f 4513/4624/1970 6040/6328/1970 6039/6326/1970 4509/4619/1970
f 4509/4619/1970 6039/6326/1970 6038/6323/1970 4505/4611/1970
f 4505/4611/1970 6038/6323/1970 6035/3791/1970 4499/3790/1970
f 4549/3797/1970 6084/3800/1970 6104/6392/1970 4580/4701/1970
f 4580/4701/1970 6104/6392/1970 6108/6400/1970 4581/4704/1970
f 4581/4704/4807 6108/6400/4807 6112/6405/4807 4582/4706/4807
f 4582/4706/1970 6112/6405/1970 6088/6380/1970 4561/4678/1970
f 4561/4678/1970 6088/6380/1970 6087/6378/1970 4557/4673/1970
f 4557/4673/4808 6087/6378/4808 6086/6375/4808 4553/4665/4808
f 4553/4665/4807 6086/6375/4807 6083/3795/4807 4547/3794/4807
f 4597/3801/4807 6132/3804/4807 6152/6445/4807 4628/4755/4807
f 4628/4755/1970 6152/6445/1970 6156/6453/1970 4629/4758/1970
f 4629/4758/4807 6156/6453/4807 6160/6458/4807 4630/4760/4807
f 4630/4760/1970 6160/6458/1970 6136/6432/1970 4609/4732/1970
f 4609/4732/1970 6136/6432/1970 6135/6430/1970 4605/4727/1970
f 4605/4727/1970 6135/6430/1970 6134/6427/1970 4601/4719/1970
f 4601/4719/1970 6134/6427/1970 6131/3799/1970 4595/3798/1970
f 4645/3805/1970 6180/3808/1970 6200/6497/1970 4676/4809/1970
f 4676/4809/1970 6200/6497/1970 6204/6505/1970 4677/4812/1970
f 4677/4812/4806 6204/6505/4806 6208/6510/4806 4678/4814/4806
f 4678/4814/1970 6208/6510/1970 6184/6485/1970 4657/4786/1970
f 4657/4786/4806 6184/6485/4806 6183/6483/4806 4653/4781/4806
f 4653/4781/4805 6183/6483/4805 6182/6480/4805 4649/4773/4805
f 4649/4773/4804 6182/6480/4804 6179/3803/4804 4643/3802/4804
f 4693/3809/1970 6228/3812/1970 6248/6549/1970 4724/4863/1970
f 4724/4863/1970 6248/6549/1970 6252/6557/1970 4725/4866/1970
f 4725/4866/1970 6252/6557/1970 6256/6562/1970 4726/4868/1970
f 4726/4868/1970 6256/6562/1970 6232/6537/1970 4705/4840/1970
f 4705/4840/1970 6232/6537/1970 6231/6535/1970 4701/4835/1970
f 4701/4835/1970 6231/6535/1970 6230/6532/1970 4697/4827/1970
f 4697/4827/4811 6230/6532/4811 6227/3807/4811 4691/3806/4811
f 4741/3813/4811 6276/3816/4811 6296/6601/4811 4772/4917/4811
f 4772/4917/1970 6296/6601/1970 6300/6609/1970 4773/4920/1970
f 4773/4920/1970 6300/6609/1970 6304/6614/1970 4774/4922/1970
f 4774/4922/1970 6304/6614/1970 6280/6589/1970 4753/4894/1970
f 4753/4894/1970 6280/6589/1970 6279/6587/1970 4749/4889/1970
f 4749/4889/4806 6279/6587/4806 6278/6584/4806 4745/4881/4806
f 4745/4881/4811 6278/6584/4811 6275/3811/4811 4739/3810/4811
f 4789/3817/1970 6324/3820/1970 6344/6654/1970 4820/4971/1970
f 4820/4971/1970 6344/6654/1970 6348/6662/1970 4821/4974/1970
f 4821/4974/4805 6348/6662/4805 6352/6667/4805 4822/4976/4805
f 4822/4976/4806 6352/6667/4806 6328/6641/4806 4801/4948/4806
f 4801/4948/4805 6328/6641/4805 6327/6639/4805 4797/4943/4805
f 4797/4943/1970 6327/6639/1970 6326/6636/1970 4793/4935/1970
f 4793/4935/1970 6326/6636/1970 6323/3815/1970 4787/3814/1970
f 4837/3821/4811 6372/3824/4811 6392/6707/4811 4868/5025/4811
f 4868/5025/4806 6392/6707/4806 6396/6715/4806 4869/5028/4806
f 4869/5028/1970 6396/6715/1970 6400/6720/1970 4870/5030/1970
f 4870/5030/1970 6400/6720/1970 6376/6694/1970 4849/5002/1970
f 4849/5002/1970 6376/6694/1970 6375/6692/1970 4845/4997/1970
f 4845/4997/1970 6375/6692/1970 6374/6689/1970 4841/4989/1970
f 4841/4989/1970 6374/6689/1970 6371/3819/1970 4835/3818/1970
f 4885/3825/1970 6420/3828/1970 6440/6759/1970 4916/5079/1970
f 4916/5079/1970 6440/6759/1970 6444/6767/1970 4917/5082/1970
f 4917/5082/1970 6444/6767/1970 6448/6772/1970 4918/5084/1970
f 4918/5084/1970 6448/6772/1970 6424/6747/1970 4897/5056/1970
f 4897/5056/4808 6424/6747/4808 6423/6745/4808 4893/5051/4808
f 4893/5051/4808 6423/6745/4808 6422/6742/4808 4889/5043/4808
f 4889/5043/1970 6422/6742/1970 6419/3823/1970 4883/3822/1970
f 4933/3829/4807 6468/3832/4807 6488/6812/4807 4964/5133/4807
f 4964/5133/1970 6488/6812/1970 6492/6820/1970 4965/5136/1970
f 4965/5136/1970 6492/6820/1970 6496/6825/1970 4966/5138/1970
f 4966/5138/1970 6496/6825/1970 6472/6799/1970 4945/5110/1970
f 4945/5110/4808 6472/6799/4808 6471/6797/4808 4941/5105/4808
f 4941/5105/1970 6471/6797/1970 6470/6794/1970 4937/5097/1970
f 4937/5097/1970 6470/6794/1970 6467/3827/1970 4931/3826/1970
f 4981/3833/4807 6516/3836/4807 6536/6864/4807 5012/5187/4807
f 5012/5187/4808 6536/6864/4808 6540/6872/4808 5013/5190/4808
f 5013/5190/4807 6540/6872/4807 6544/6877/4807 5014/5192/4807
f 5014/5192/4808 6544/6877/4808 6520/6852/4808 4993/5164/4808
f 4993/5164/4807 6520/6852/4807 6519/6850/4807 4989/5159/4807
f 4989/5159/4808 6519/6850/4808 6518/6847/4808 4985/5151/4808
f 4985/5151/4807 6518/6847/4807 6515/3831/4807 4979/3830/4807
f 5029/3837/1970 6564/3840/1970 6584/6917/1970 5060/5242/1970
f 5060/5242/4810 6584/6917/4810 6588/6925/4810 5061/5245/4810
f 5061/5245/4809 6588/6925/4809 6592/6930/4809 5062/5247/4809
f 5062/5247/1970 6592/6930/1970 6568/6904/1970 5041/5219/1970
f 5041/5219/4809 6568/6904/4809 6567/6902/4809 5037/5214/4809
f 5037/5214/4809 6567/6902/4809 6566/6899/4809 5033/5206/4809
f 5033/5206/4810 6566/6899/4810 6563/3835/4810 5027/3834/4810
f 5077/3841/1970 6612/3844/1970 6632/6969/1970 5108/5296/1970
f 5108/5296/1970 6632/6969/1970 6636/6977/1970 5109/5299/1970
f 5109/5299/1970 6636/6977/1970 6640/6982/1970 5110/5301/1970
f 5110/5301/1970 6640/6982/1970 6616/6957/1970 5089/5273/1970
f 5089/5273/1970 6616/6957/1970 6615/6955/1970 5085/5268/1970
f 5085/5268/1970 6615/6955/1970 6614/6952/1970 5081/5260/1970
f 5081/5260/4810 6614/6952/4810 6611/3839/4810 5075/3838/4810
f 5125/3845/1970 6660/3848/1970 6680/7021/1970 5156/5350/1970
f 5156/5350/1970 6680/7021/1970 6684/7029/1970 5157/5353/1970
f 5157/5353/1970 6684/7029/1970 6688/7034/1970 5158/5355/1970
f 5158/5355/1970 6688/7034/1970 6664/7009/1970 5137/5327/1970
f 5137/5327/1970 6664/7009/1970 6663/7007/1970 5133/5322/1970
f 5133/5322/1970 6663/7007/1970 6662/7004/1970 5129/5314/1970
f 5129/5314/1970 6662/7004/1970 6659/3843/1970 5123/3842/1970
f 5173/3849/1970 6708/3852/1970 6728/7074/1970 5204/5404/1970
f 5204/5404/1970 6728/7074/1970 6732/7082/1970 5205/5407/1970
f 5205/5407/1970 6732/7082/1970 6736/7087/1970 5206/5409/1970
f 5206/5409/1970 6736/7087/1970 6712/7061/1970 5185/5381/1970
f 5185/5381/1970 6712/7061/1970 6711/7059/1970 5181/5376/1970
f 5181/5376/1970 6711/7059/1970 6710/7056/1970 5177/5368/1970
f 5177/5368/1970 6710/7056/1970 6707/3847/1970 5171/3846/1970
f 5221/3853/1970 6756/3856/1970 6776/7126/1970 5252/5458/1970
f 5252/5458/4810 6776/7126/4810 6780/7134/4810 5253/5461/4810
f 5253/5461/1970 6780/7134/1970 6784/7139/1970 5254/5463/1970
f 5254/5463/1970 6784/7139/1970 6760/7114/1970 5233/5435/1970
f 5233/5435/4809 6760/7114/4809 6759/7112/4809 5229/5430/4809
f 5229/5430/1970 6759/7112/1970 6758/7109/1970 5225/5422/1970
f 5225/5422/1970 6758/7109/1970 6755/3851/1970 5219/3850/1970
f 5269/3857/1970 6804/3860/1970 6824/7178/1970 5300/5512/1970
f 5300/5512/4807 6824/7178/4807 6828/7186/4807 5301/5515/4807
f 5301/5515/1970 6828/7186/1970 6832/7191/1970 5302/5517/1970
f 5302/5517/4808 6832/7191/4808 6808/7166/4808 5281/5489/4808
f 5281/5489/1970 6808/7166/1970 6807/7164/1970 5277/5484/1970
f 5277/5484/1970 6807/7164/1970 6806/7161/1970 5273/5476/1970
f 5273/5476/4808 6806/7161/4808 6803/3855/4808 5267/3854/4808
f 5317/3861/1970 6852/3864/1970 6872/7230/1970 5348/5566/1970
f 5348/5566/1970 6872/7230/1970 6876/7238/1970 5349/5569/1970
f 5349/5569/1970 6876/7238/1970 6880/7243/1970 5350/5571/1970
f 5350/5571/1970 6880/7243/1970 6856/7218/1970 5329/5543/1970
f 5329/5543/1970 6856/7218/1970 6855/7216/1970 5325/5538/1970
f 5325/5538/1970 6855/7216/1970 6854/7213/1970 5321/5530/1970
f 5321/5530/1970 6854/7213/1970 6851/3859/1970 5315/3858/1970
f 5365/3865/1970 6900/3868/1970 6920/7282/1970 5396/5620/1970
f 5396/5620/4808 6920/7282/4808 6924/7290/4808 5397/5623/4808
f 5397/5623/4807 6924/7290/4807 6928/7295/4807 5398/5625/4807
f 5398/5625/1970 6928/7295/1970 6904/7270/1970 5377/5597/1970
f 5377/5597/1970 6904/7270/1970 6903/7268/1970 5373/5592/1970
f 5373/5592/4808 6903/7268/4808 6902/7265/4808 5369/5584/4808
f 5369/5584/4808 6902/7265/4808 6899/3863/4808 5363/3862/4808
f 5413/3869/1970 6948/3872/1970 6968/7334/1970 5444/5674/1970
f 5444/5674/4805 6968/7334/4805 6972/7342/4805 5445/5677/4805
f 5445/5677/4806 6972/7342/4806 6976/7347/4806 5446/5679/4806
f 5446/5679/1970 6976/7347/1970 6952/7322/1970 5425/5651/1970
f 5425/5651/1970 6952/7322/1970 6951/7320/1970 5421/5646/1970
f 5421/5646/1970 6951/7320/1970 6950/7317/1970 5417/5638/1970
f 5417/5638/4804 6950/7317/4804 6947/3867/4804 5411/3866/4804
f 5461/3873/1970 6996/3876/1970 7016/7386/1970 5492/5728/1970
f 5492/5728/4806 7016/7386/4806 7020/7394/4806 5493/5731/4806
f 5493/5731/1970 7020/7394/1970 7024/7399/1970 5494/5733/1970
f 5494/5733/4805 7024/7399/4805 7000/7374/4805 5473/5705/4805
f 5473/5705/1970 7000/7374/1970 6999/7372/1970 5469/5700/1970
f 5469/5700/4806 6999/7372/4806 6998/7369/4806 5465/5692/4806
f 5465/5692/1970 6998/7369/1970 6995/3871/1970 5459/3870/1970
f 3971/4003/1970 4019/4062/1970 5555/5798/1970 5507/5744/1970
