# Blender 3.6.1
# www.blender.org
mtllib fuel_injector.mtl
o Injector-1
v -0.000029 -0.011570 -0.001809
v 0.000949 -0.011570 -0.001512
v 0.001597 -0.011570 -0.000722
v 0.001698 -0.011570 0.000294
v 0.001216 -0.011570 0.001196
v 0.000645 -0.011570 0.001577
v -0.000029 -0.011570 0.001711
v -0.000702 -0.011570 0.001577
v -0.001273 -0.011570 0.001196
v -0.001655 -0.011570 0.000625
v -0.001755 -0.011570 -0.000392
v -0.001492 -0.011570 -0.001027
v -0.001006 -0.011570 -0.001512
v -0.000028 -0.009263 -0.003446
v -0.000028 -0.007391 -0.005327
v -0.000028 -0.009012 -0.004383
v -0.000028 -0.008327 -0.005071
v 0.001002 -0.007391 -0.005225
v 0.000818 -0.009012 -0.004300
v 0.000952 -0.008327 -0.004975
v 0.001992 -0.007391 -0.004925
v 0.001631 -0.009012 -0.004053
v 0.001894 -0.008327 -0.004689
v 0.001860 -0.009263 -0.002873
v 0.002905 -0.007391 -0.004437
v 0.002381 -0.009012 -0.003652
v 0.002763 -0.008327 -0.004224
v 0.003705 -0.007391 -0.003780
v 0.003038 -0.009012 -0.003113
v 0.003525 -0.008327 -0.003600
v 0.004362 -0.007391 -0.002980
v 0.003577 -0.009012 -0.002456
v 0.004150 -0.008327 -0.002838
v 0.004850 -0.007391 -0.002067
v 0.003978 -0.009012 -0.001706
v 0.004614 -0.008327 -0.001969
v 0.003306 -0.009263 -0.000710
v 0.005150 -0.007391 -0.001077
v 0.004225 -0.009012 -0.000893
v 0.004900 -0.008327 -0.001027
v 0.003371 -0.009263 -0.000047
v 0.005252 -0.007391 -0.000047
v 0.004308 -0.009012 -0.000047
v 0.004996 -0.008327 -0.000047
v 0.003306 -0.009263 0.000617
v 0.005150 -0.007391 0.000984
v 0.004225 -0.009012 0.000799
v 0.004900 -0.008327 0.000934
v 0.004850 -0.007391 0.001974
v 0.003978 -0.009012 0.001613
v 0.004614 -0.008327 0.001876
v 0.004362 -0.007391 0.002887
v 0.003577 -0.009012 0.002363
v 0.004150 -0.008327 0.002745
v 0.002375 -0.009263 0.002357
v 0.003705 -0.007391 0.003687
v 0.003038 -0.009012 0.003020
v 0.003525 -0.008327 0.003507
v 0.002905 -0.007391 0.004344
v 0.002381 -0.009012 0.003559
v 0.002763 -0.008327 0.004131
v 0.001992 -0.007391 0.004832
v 0.001631 -0.009012 0.003960
v 0.001894 -0.008327 0.004596
v 0.001002 -0.007391 0.005132
v 0.000818 -0.009012 0.004207
v 0.000952 -0.008327 0.004882
v -0.000028 -0.009263 0.003353
v -0.000028 -0.007391 0.005233
v -0.000028 -0.009012 0.004290
v -0.000028 -0.008327 0.004978
v -0.001058 -0.007391 0.005132
v -0.000874 -0.009012 0.004207
v -0.001009 -0.008327 0.004882
v -0.002049 -0.007391 0.004832
v -0.001688 -0.009012 0.003960
v -0.001951 -0.008327 0.004596
v -0.002962 -0.007391 0.004344
v -0.002438 -0.009012 0.003559
v -0.002820 -0.008327 0.004131
v -0.002432 -0.009263 0.002357
v -0.003762 -0.007391 0.003687
v -0.003095 -0.009012 0.003020
v -0.003581 -0.008327 0.003507
v -0.004419 -0.007391 0.002887
v -0.003634 -0.009012 0.002363
v -0.004206 -0.008327 0.002745
v -0.004907 -0.007391 0.001974
v -0.004035 -0.009012 0.001613
v -0.004671 -0.008327 0.001876
v -0.003363 -0.009263 0.000617
v -0.005207 -0.007391 0.000984
v -0.004282 -0.009012 0.000799
v -0.004957 -0.008327 0.000934
v -0.003428 -0.009263 -0.000047
v -0.005308 -0.007391 -0.000047
v -0.004365 -0.009012 -0.000047
v -0.005053 -0.008327 -0.000047
v -0.003363 -0.009263 -0.000710
v -0.005207 -0.007391 -0.001077
v -0.004282 -0.009012 -0.000893
v -0.004957 -0.008327 -0.001027
v -0.004906 -0.007391 -0.002067
v -0.004035 -0.009012 -0.001706
v -0.004671 -0.008327 -0.001969
v -0.004419 -0.007391 -0.002980
v -0.003634 -0.009012 -0.002456
v -0.004206 -0.008327 -0.002838
v -0.002432 -0.009263 -0.002450
v -0.003762 -0.007391 -0.003780
v -0.003095 -0.009012 -0.003113
v -0.003581 -0.008327 -0.003600
v -0.002962 -0.007391 -0.004437
v -0.002438 -0.009012 -0.003652
v -0.002820 -0.008327 -0.004224
v -0.002049 -0.007391 -0.004925
v -0.001688 -0.009012 -0.004053
v -0.001951 -0.008327 -0.004689
v -0.001058 -0.007391 -0.005225
v -0.000874 -0.009012 -0.004300
v -0.001009 -0.008327 -0.004975
v -0.000028 -0.008311 -0.004446
v 0.000830 -0.008311 -0.004362
v 0.001655 -0.008311 -0.004111
v 0.002416 -0.008311 -0.003705
v 0.003083 -0.008311 -0.003158
v 0.003630 -0.008311 -0.002491
v 0.004037 -0.008311 -0.001730
v 0.004287 -0.008311 -0.000905
v 0.004372 -0.008311 -0.000046
v 0.004287 -0.008311 0.000812
v 0.004037 -0.008311 0.001637
v 0.003630 -0.008311 0.002398
v 0.003083 -0.008311 0.003065
v 0.002416 -0.008311 0.003612
v 0.001655 -0.008311 0.004019
v 0.000830 -0.008311 0.004269
v -0.000028 -0.008311 0.004354
v -0.000887 -0.008311 0.004269
v -0.001712 -0.008311 0.004019
v -0.002473 -0.008311 0.003612
v -0.003140 -0.008311 0.003065
v -0.003687 -0.008311 0.002398
v -0.004094 -0.008311 0.001637
v -0.004344 -0.008311 0.000812
v -0.004428 -0.008311 -0.000046
v -0.004344 -0.008311 -0.000905
v -0.004093 -0.008311 -0.001730
v -0.003687 -0.008311 -0.002491
v -0.003140 -0.008311 -0.003158
v -0.002473 -0.008311 -0.003705
v -0.001712 -0.008311 -0.004111
v -0.000887 -0.008311 -0.004362
v -0.000028 0.017717 -0.002949
v -0.000028 0.016227 -0.004446
v -0.000028 0.017517 -0.003695
v -0.000028 0.016972 -0.004243
v 0.000830 0.016227 -0.004362
v 0.000683 0.017517 -0.003625
v 0.000790 0.016972 -0.004163
v 0.001082 0.017717 -0.002728
v 0.001655 0.016227 -0.004111
v 0.001368 0.017517 -0.003417
v 0.001578 0.016972 -0.003924
v 0.002416 0.016227 -0.003705
v 0.001999 0.017517 -0.003080
v 0.002303 0.016972 -0.003536
v 0.003083 0.016227 -0.003158
v 0.002552 0.017517 -0.002626
v 0.002939 0.016972 -0.003014
v 0.002385 0.017717 -0.001659
v 0.003630 0.016227 -0.002491
v 0.003005 0.017517 -0.002074
v 0.003461 0.016972 -0.002378
v 0.004037 0.016227 -0.001730
v 0.003343 0.017517 -0.001443
v 0.003849 0.016972 -0.001652
v 0.002819 0.017717 -0.000613
v 0.004287 0.016227 -0.000905
v 0.003550 0.017517 -0.000758
v 0.004088 0.016972 -0.000865
v 0.002874 0.017717 -0.000046
v 0.004372 0.016227 -0.000046
v 0.003620 0.017517 -0.000046
v 0.004168 0.016972 -0.000046
v 0.004287 0.016227 0.000812
v 0.003550 0.017517 0.000665
v 0.004088 0.016972 0.000772
v 0.002654 0.017717 0.001065
v 0.004037 0.016227 0.001637
v 0.003343 0.017517 0.001350
v 0.003849 0.016972 0.001560
v 0.003630 0.016227 0.002398
v 0.003005 0.017517 0.001981
v 0.003461 0.016972 0.002285
v 0.002024 0.017717 0.002006
v 0.003083 0.016227 0.003065
v 0.002552 0.017517 0.002534
v 0.002939 0.016972 0.002921
v 0.002416 0.016227 0.003612
v 0.001999 0.017517 0.002988
v 0.002303 0.016972 0.003443
v 0.001655 0.016227 0.004019
v 0.001368 0.017517 0.003325
v 0.001578 0.016972 0.003831
v 0.000538 0.017717 0.002801
v 0.000830 0.016227 0.004269
v 0.000683 0.017517 0.003532
v 0.000790 0.016972 0.004070
v -0.000028 0.016227 0.004354
v -0.000028 0.017517 0.003602
v -0.000028 0.016972 0.004150
v -0.000595 0.017717 0.002801
v -0.000887 0.016227 0.004269
v -0.000740 0.017517 0.003532
v -0.000847 0.016972 0.004070
v -0.001712 0.016227 0.004019
v -0.001425 0.017517 0.003325
v -0.001634 0.016972 0.003831
v -0.002473 0.016227 0.003612
v -0.002056 0.017517 0.002988
v -0.002360 0.016972 0.003443
v -0.003140 0.016227 0.003065
v -0.002609 0.017517 0.002534
v -0.002996 0.016972 0.002921
v -0.002442 0.017717 0.001566
v -0.003687 0.016227 0.002398
v -0.003062 0.017517 0.001981
v -0.003518 0.016972 0.002285
v -0.004094 0.016227 0.001637
v -0.003400 0.017517 0.001350
v -0.003906 0.016972 0.001560
v -0.002876 0.017717 0.000520
v -0.004344 0.016227 0.000812
v -0.003607 0.017517 0.000665
v -0.004145 0.016972 0.000772
v -0.002931 0.017717 -0.000046
v -0.004428 0.016227 -0.000046
v -0.003677 0.017517 -0.000046
v -0.004225 0.016972 -0.000046
v -0.004344 0.016227 -0.000905
v -0.003607 0.017517 -0.000758
v -0.004145 0.016972 -0.000865
v -0.004093 0.016227 -0.001730
v -0.003399 0.017517 -0.001443
v -0.003906 0.016972 -0.001652
v -0.002442 0.017717 -0.001659
v -0.003687 0.016227 -0.002491
v -0.003062 0.017517 -0.002074
v -0.003518 0.016972 -0.002378
v -0.003140 0.016227 -0.003158
v -0.002609 0.017517 -0.002626
v -0.002996 0.016972 -0.003014
v -0.001641 0.017717 -0.002460
v -0.002473 0.016227 -0.003705
v -0.002056 0.017517 -0.003080
v -0.002360 0.016972 -0.003536
v -0.001712 0.016227 -0.004111
v -0.001425 0.017517 -0.003417
v -0.001634 0.016972 -0.003924
v -0.000887 0.016227 -0.004362
v -0.000740 0.017517 -0.003625
v -0.000847 0.016972 -0.004163
v -0.000028 -0.012391 -0.002247
v 0.001194 -0.012391 -0.001876
v 0.002004 -0.012391 -0.000889
v 0.002172 -0.012391 -0.000047
v 0.002004 -0.012391 0.000795
v 0.001527 -0.012391 0.001509
v 0.000813 -0.012391 0.001986
v -0.000028 -0.012391 0.002153
v -0.001251 -0.012391 0.001783
v -0.002061 -0.012391 0.000795
v -0.002186 -0.012391 -0.000476
v -0.001858 -0.012391 -0.001269
v -0.001251 -0.012391 -0.001876
v 0.001435 -0.002614 0.000931
v -0.001655 -0.002614 0.000627
v 0.001435 -0.002614 -0.001024
v 0.000645 -0.002614 -0.001673
v -0.000028 -0.007805 -0.004997
v 0.000937 -0.007805 -0.004901
v 0.001866 -0.007805 -0.004620
v 0.002722 -0.007805 -0.004162
v 0.003472 -0.007805 -0.003547
v 0.004087 -0.007805 -0.002797
v 0.004545 -0.007805 -0.001941
v 0.004827 -0.007805 -0.001012
v 0.004922 -0.007805 -0.000047
v 0.004827 -0.007805 0.000919
v 0.004545 -0.007805 0.001848
v 0.004087 -0.007805 0.002704
v 0.003472 -0.007805 0.003454
v 0.002722 -0.007805 0.004069
v 0.001866 -0.007805 0.004527
v 0.000937 -0.007805 0.004808
v -0.000028 -0.007805 0.004903
v -0.000994 -0.007805 0.004808
v -0.001923 -0.007805 0.004527
v -0.002778 -0.007805 0.004069
v -0.003529 -0.007805 0.003454
v -0.004144 -0.007805 0.002704
v -0.004602 -0.007805 0.001848
v -0.004883 -0.007805 0.000919
v -0.004978 -0.007805 -0.000047
v -0.004883 -0.007805 -0.001012
v -0.004602 -0.007805 -0.001941
v -0.004144 -0.007805 -0.002797
v -0.003529 -0.007805 -0.003547
v -0.002778 -0.007805 -0.004162
v -0.001923 -0.007805 -0.004620
v -0.000994 -0.007805 -0.004901
v -0.000028 -0.019576 -0.003347
v 0.000615 -0.019576 -0.003283
v 0.001234 -0.019576 -0.003095
v 0.001805 -0.019576 -0.002790
v 0.002305 -0.019576 -0.002380
v 0.002715 -0.019576 -0.001880
v 0.003020 -0.019576 -0.001309
v 0.003208 -0.019576 -0.000690
v 0.003272 -0.019576 -0.000047
v 0.003208 -0.019576 0.000597
v 0.003020 -0.019576 0.001216
v 0.002715 -0.019576 0.001787
v 0.002305 -0.019576 0.002287
v 0.001805 -0.019576 0.002697
v 0.001234 -0.019576 0.003002
v 0.000615 -0.019576 0.003190
v -0.000028 -0.019576 0.003253
v -0.000672 -0.019576 0.003190
v -0.001291 -0.019576 0.003002
v -0.001862 -0.019576 0.002697
v -0.002362 -0.019576 0.002287
v -0.002772 -0.019576 0.001787
v -0.003077 -0.019576 0.001216
v -0.003265 -0.019576 0.000597
v -0.003328 -0.019576 -0.000047
v -0.003265 -0.019576 -0.000690
v -0.003077 -0.019576 -0.001309
v -0.002772 -0.019576 -0.001880
v -0.002362 -0.019576 -0.002380
v -0.001862 -0.019576 -0.002790
v -0.001291 -0.019576 -0.003095
v -0.000672 -0.019576 -0.003283
v -0.000028 -0.023198 -0.003347
v -0.000028 -0.025088 -0.002075
v -0.000028 -0.024644 -0.002740
v -0.000028 -0.023981 -0.003187
v 0.000615 -0.023198 -0.003283
v 0.000584 -0.023981 -0.003127
v 0.000497 -0.024644 -0.002689
v 0.001234 -0.023198 -0.003095
v 0.000448 -0.025243 -0.001197
v 0.001173 -0.023981 -0.002948
v 0.001003 -0.024644 -0.002535
v 0.001805 -0.023198 -0.002790
v 0.001716 -0.023981 -0.002658
v 0.001468 -0.024644 -0.002286
v 0.001098 -0.025088 -0.001733
v 0.002305 -0.023198 -0.002380
v 0.002192 -0.023981 -0.002267
v 0.001877 -0.024644 -0.001951
v 0.002715 -0.023198 -0.001880
v 0.002583 -0.023981 -0.001791
v 0.002212 -0.024644 -0.001543
v 0.001658 -0.025088 -0.001173
v 0.003020 -0.023198 -0.001309
v 0.001122 -0.025243 -0.000523
v 0.002873 -0.023981 -0.001248
v 0.002461 -0.024644 -0.001077
v 0.003208 -0.023198 -0.000690
v 0.003052 -0.023981 -0.000659
v 0.002614 -0.024644 -0.000572
v 0.001961 -0.025088 -0.000442
v 0.003272 -0.023198 -0.000047
v 0.003112 -0.023981 -0.000046
v 0.002666 -0.024644 -0.000046
v 0.003208 -0.023198 0.000597
v 0.001193 -0.025243 0.000196
v 0.003052 -0.023981 0.000566
v 0.002614 -0.024644 0.000479
v 0.001961 -0.025088 0.000349
v 0.003020 -0.023198 0.001216
v 0.002873 -0.023981 0.001155
v 0.002461 -0.024644 0.000984
v 0.002715 -0.023198 0.001787
v 0.002583 -0.023981 0.001698
v 0.002212 -0.024644 0.001450
v 0.001658 -0.025088 0.001080
v 0.002305 -0.023198 0.002287
v 0.002192 -0.023981 0.002174
v 0.001877 -0.024644 0.001858
v 0.001805 -0.023198 0.002697
v 0.001716 -0.023981 0.002565
v 0.001468 -0.024644 0.002193
v 0.001234 -0.023198 0.003002
v 0.000448 -0.025243 0.001104
v 0.001173 -0.023981 0.002855
v 0.001003 -0.024644 0.002442
v 0.000748 -0.025088 0.001827
v 0.000615 -0.023198 0.003190
v 0.000584 -0.023981 0.003034
v 0.000497 -0.024644 0.002596
v -0.000028 -0.023198 0.003254
v -0.000028 -0.023981 0.003094
v -0.000028 -0.024644 0.002647
v -0.000028 -0.025088 0.001982
v -0.000672 -0.023198 0.003190
v -0.000641 -0.023981 0.003034
v -0.000554 -0.024644 0.002596
v -0.001291 -0.023198 0.003002
v -0.001230 -0.023981 0.002855
v -0.001059 -0.024644 0.002442
v -0.000805 -0.025088 0.001827
v -0.001862 -0.023198 0.002697
v -0.001773 -0.023981 0.002565
v -0.001525 -0.024644 0.002193
v -0.002362 -0.023198 0.002287
v -0.000909 -0.025243 0.000834
v -0.002249 -0.023981 0.002174
v -0.001933 -0.024644 0.001858
v -0.002772 -0.023198 0.001787
v -0.002640 -0.023981 0.001698
v -0.002268 -0.024644 0.001450
v -0.001715 -0.025088 0.001080
v -0.003077 -0.023198 0.001216
v -0.002930 -0.023981 0.001155
v -0.002517 -0.024644 0.000984
v -0.003265 -0.023198 0.000597
v -0.003109 -0.023981 0.000566
v -0.002671 -0.024644 0.000479
v -0.002018 -0.025088 0.000349
v -0.003328 -0.023198 -0.000047
v -0.003169 -0.023981 -0.000047
v -0.002722 -0.024644 -0.000046
v -0.003265 -0.023198 -0.000690
v -0.003109 -0.023981 -0.000659
v -0.002671 -0.024644 -0.000572
v -0.003077 -0.023198 -0.001309
v -0.001178 -0.025243 -0.000523
v -0.002930 -0.023981 -0.001248
v -0.002517 -0.024644 -0.001077
v -0.001902 -0.025088 -0.000823
v -0.002772 -0.023198 -0.001880
v -0.002640 -0.023981 -0.001791
v -0.002268 -0.024644 -0.001543
v -0.002362 -0.023198 -0.002380
v -0.002249 -0.023981 -0.002267
v -0.001933 -0.024644 -0.001951
v -0.001463 -0.025088 -0.001481
v -0.001862 -0.023198 -0.002790
v -0.001773 -0.023981 -0.002658
v -0.001525 -0.024644 -0.002286
v -0.001291 -0.023198 -0.003095
v -0.000505 -0.025243 -0.001197
v -0.001230 -0.023981 -0.002948
v -0.001059 -0.024644 -0.002535
v -0.000805 -0.025088 -0.001920
v -0.000672 -0.023198 -0.003283
v -0.000641 -0.023981 -0.003127
v -0.000554 -0.024644 -0.002689
v -0.000028 -0.020187 -0.004206
v -0.000028 -0.019400 -0.004997
v 0.000937 -0.019400 -0.004901
v 0.000783 -0.020187 -0.004126
v 0.001866 -0.019400 -0.004620
v 0.001563 -0.020187 -0.003889
v 0.002722 -0.019400 -0.004162
v 0.002282 -0.020187 -0.003505
v 0.003472 -0.019400 -0.003547
v 0.002913 -0.020187 -0.002987
v 0.004087 -0.019400 -0.002797
v 0.003430 -0.020187 -0.002357
v 0.004545 -0.019400 -0.001941
v 0.003814 -0.020187 -0.001638
v 0.004827 -0.019400 -0.001012
v 0.004051 -0.020187 -0.000858
v 0.004922 -0.019400 -0.000047
v 0.004131 -0.020187 -0.000047
v 0.004827 -0.019400 0.000919
v 0.004051 -0.020187 0.000765
v 0.004545 -0.019400 0.001848
v 0.003814 -0.020187 0.001545
v 0.004087 -0.019400 0.002704
v 0.003430 -0.020187 0.002264
v 0.003472 -0.019400 0.003454
v 0.002913 -0.020187 0.002894
v 0.002722 -0.019400 0.004069
v 0.002282 -0.020187 0.003412
v 0.001866 -0.019400 0.004527
v 0.001563 -0.020187 0.003796
v 0.000937 -0.019400 0.004808
v 0.000783 -0.020187 0.004033
v -0.000028 -0.019400 0.004903
v -0.000028 -0.020187 0.004112
v -0.000994 -0.019400 0.004808
v -0.000840 -0.020187 0.004033
v -0.001923 -0.019400 0.004527
v -0.001620 -0.020187 0.003796
v -0.002778 -0.019400 0.004069
v -0.002339 -0.020187 0.003412
v -0.003529 -0.019400 0.003454
v -0.002969 -0.020187 0.002894
v -0.004144 -0.019400 0.002704
v -0.003486 -0.020187 0.002264
v -0.004602 -0.019400 0.001848
v -0.003871 -0.020187 0.001545
v -0.004883 -0.019400 0.000919
v -0.004107 -0.020187 0.000765
v -0.004978 -0.019400 -0.000047
v -0.004187 -0.020187 -0.000047
v -0.004883 -0.019400 -0.001012
v -0.004107 -0.020187 -0.000858
v -0.004602 -0.019400 -0.001941
v -0.003871 -0.020187 -0.001638
v -0.004144 -0.019400 -0.002797
v -0.003486 -0.020187 -0.002357
v -0.003529 -0.019400 -0.003547
v -0.002969 -0.020187 -0.002987
v -0.002778 -0.019400 -0.004162
v -0.002339 -0.020187 -0.003505
v -0.001923 -0.019400 -0.004620
v -0.001620 -0.020187 -0.003889
v -0.000994 -0.019400 -0.004901
v -0.000840 -0.020187 -0.004126
v 0.002172 -0.002839 0.002164
v 0.001072 -0.003470 0.003065
v 0.002024 -0.003155 0.002614
v 0.001622 -0.003386 0.002944
v 0.002172 -0.001577 0.000362
v 0.002024 -0.001262 -0.000089
v -0.001128 -0.003470 0.003065
v -0.002228 -0.002839 0.002164
v -0.001678 -0.003386 0.002944
v -0.002081 -0.003155 0.002614
v -0.001655 -0.008311 -0.000722
v -0.001655 -0.009263 -0.000722
v -0.001492 -0.004417 -0.001027
v -0.001492 -0.007805 -0.001027
v 0.000645 -0.008311 -0.001675
v -0.001675 -0.002614 -0.000655
v 0.000315 -0.007805 -0.001775
v -0.001755 -0.004417 -0.000392
v -0.001755 -0.007805 -0.000392
v 0.001216 -0.008311 -0.001293
v 0.000949 -0.007805 0.001414
v 0.000645 -0.004417 0.001577
v 0.000645 -0.008311 0.001577
v 0.000645 -0.009263 0.001577
v 0.001435 -0.004417 -0.001027
v 0.001435 -0.007805 -0.001027
v -0.000702 -0.004417 0.001577
v -0.000702 -0.007805 0.001577
v -0.000702 -0.008311 0.001577
v -0.001782 -0.002614 0.000021
v -0.001789 -0.008311 -0.000049
v -0.001789 -0.009263 -0.000049
v -0.000764 -0.002614 -0.001642
v -0.000702 -0.008311 -0.001675
v -0.000702 -0.009263 -0.001675
v 0.001665 -0.002614 0.000288
v 0.001698 -0.007805 0.000294
v 0.001698 -0.008311 0.000294
v 0.001698 -0.009263 0.000294
v 0.001216 -0.004417 0.001196
v 0.001216 -0.009263 0.001196
v 0.001597 0.000459 0.000625
v 0.001597 -0.004417 0.000625
v -0.001273 -0.002614 -0.001293
v -0.001273 -0.008311 -0.001293
v -0.001273 -0.009263 -0.001293
v -0.001006 -0.004417 -0.001512
v -0.001006 -0.007805 -0.001512
v -0.000029 -0.004417 0.001711
v -0.000029 -0.007805 0.001711
v -0.000029 -0.008311 0.001711
v -0.000029 -0.004417 -0.001809
v -0.000029 -0.008311 -0.001809
v -0.000029 -0.009263 -0.001809
v 0.001698 -0.001064 -0.000392
v 0.001664 -0.002614 -0.000386
v 0.001698 -0.004417 -0.000392
v 0.001698 -0.007805 -0.000392
v 0.000949 -0.004417 -0.001512
v 0.000949 -0.007805 -0.001512
v 0.000949 -0.009263 -0.001512
v 0.001597 -0.008311 -0.000722
v 0.001597 -0.009263 -0.000722
v -0.001655 -0.008311 0.000625
v -0.001655 -0.009263 0.000625
v -0.001492 0.008481 0.000929
v -0.001492 -0.004417 0.000929
v -0.001492 -0.007805 0.000929
v -0.001755 -0.004417 0.000294
v -0.001755 -0.007805 0.000294
v -0.001273 -0.008311 0.001196
v -0.001273 -0.009263 0.001196
v -0.000372 0.009719 0.001677
v -0.000372 -0.009263 0.001677
v 0.001435 -0.007805 0.000929
v 0.001435 -0.008311 0.000929
v -0.000372 -0.007805 -0.001775
v -0.000029 -0.002614 0.001713
v -0.001273 -0.002614 0.001196
v 0.000645 -0.002614 0.001577
v -0.001492 0.017222 -0.001027
v -0.001905 0.017717 -0.001303
v 0.000701 0.017572 -0.001810
v 0.000412 0.017717 -0.002263
v -0.001755 0.017222 -0.000392
v -0.002056 0.017679 -0.000453
v 0.001320 0.017572 -0.001397
v 0.000949 0.017222 0.001414
v 0.000701 0.017572 0.001712
v 0.001435 0.017222 -0.001027
v 0.001848 0.017717 -0.001303
v -0.000820 0.017679 0.001861
v -0.000820 0.017679 -0.001959
v -0.001006 0.017222 0.001414
v -0.001283 0.017717 0.001828
v 0.002185 0.017717 0.000391
v 0.001320 0.017572 0.001299
v 0.001633 0.017412 0.000639
v 0.001878 0.017572 -0.000048
v -0.001377 0.017572 -0.001397
v -0.001283 0.017717 -0.001926
v -0.001006 0.017222 -0.001512
v -0.000029 0.017222 0.001711
v -0.000029 0.017679 0.002019
v -0.000029 0.017222 -0.001809
v 0.001698 0.017222 -0.000392
v 0.002185 0.017717 -0.000490
v 0.001225 0.017717 -0.001926
v 0.000949 0.017222 -0.001512
v 0.001733 0.017572 -0.000779
v -0.001939 0.017679 0.000742
v -0.001905 0.017717 0.001205
v -0.001524 0.017412 0.000950
v -0.001755 0.017222 0.000294
v -0.001625 0.017717 0.001547
v -0.000469 0.017717 0.002165
v -0.000469 0.017717 -0.002263
v -0.000028 -0.005654 -0.005327
v -0.000028 -0.005035 -0.005158
v -0.000028 -0.004583 -0.004703
v 0.000759 -0.004417 -0.004006
v 0.001002 -0.005654 -0.005225
v 0.000880 -0.004583 -0.004613
v 0.000969 -0.005035 -0.005060
v 0.001992 -0.005654 -0.004925
v 0.001754 -0.004583 -0.004348
v 0.001928 -0.005035 -0.004769
v 0.002905 -0.005654 -0.004437
v 0.002559 -0.004583 -0.003918
v 0.002811 -0.005035 -0.004296
v 0.002826 -0.004417 -0.002901
v 0.003705 -0.005654 -0.003780
v 0.003264 -0.004583 -0.003339
v 0.003586 -0.005035 -0.003661
v 0.004362 -0.005654 -0.002980
v 0.003843 -0.004583 -0.002633
v 0.004221 -0.005035 -0.002886
v 0.004850 -0.005654 -0.002067
v 0.004274 -0.004583 -0.001828
v 0.004694 -0.005035 -0.002003
v 0.005150 -0.005654 -0.001077
v 0.004539 -0.004583 -0.000955
v 0.004985 -0.005035 -0.001044
v 0.004009 -0.004417 -0.000047
v 0.005252 -0.005654 -0.000047
v 0.004628 -0.004583 -0.000047
v 0.005083 -0.005035 -0.000047
v 0.005150 -0.005654 0.000984
v 0.004538 -0.004583 0.000862
v 0.004985 -0.005035 0.000951
v 0.004850 -0.005654 0.001974
v 0.004274 -0.004583 0.001735
v 0.004694 -0.005035 0.001910
v 0.003328 -0.004417 0.002196
v 0.004362 -0.005654 0.002887
v 0.003843 -0.004583 0.002540
v 0.004221 -0.005035 0.002793
v 0.003705 -0.005654 0.003687
v 0.003264 -0.004583 0.003246
v 0.003586 -0.005035 0.003568
v 0.002215 -0.004417 0.003310
v 0.002905 -0.005654 0.004344
v 0.002559 -0.004583 0.003825
v 0.002811 -0.005035 0.004203
v 0.001992 -0.005654 0.004832
v 0.001754 -0.004583 0.004255
v 0.001928 -0.005035 0.004676
v 0.001002 -0.005654 0.005132
v 0.000880 -0.004583 0.004520
v 0.000969 -0.005035 0.004967
v -0.000028 -0.004417 0.003991
v -0.000028 -0.005654 0.005233
v -0.000028 -0.004583 0.004610
v -0.000028 -0.005035 0.005065
v -0.001058 -0.005654 0.005132
v -0.000937 -0.004583 0.004520
v -0.001026 -0.005035 0.004967
v -0.002049 -0.005654 0.004832
v -0.001810 -0.004583 0.004255
v -0.001984 -0.005035 0.004676
v -0.002962 -0.005654 0.004344
v -0.002615 -0.004583 0.003825
v -0.002868 -0.005035 0.004203
v -0.002883 -0.004417 0.002808
v -0.003762 -0.005654 0.003687
v -0.003321 -0.004583 0.003246
v -0.003643 -0.005035 0.003568
v -0.004419 -0.005654 0.002887
v -0.003900 -0.004583 0.002540
v -0.004278 -0.005035 0.002793
v -0.004907 -0.005654 0.001974
v -0.004330 -0.004583 0.001735
v -0.004751 -0.005035 0.001910
v -0.005207 -0.005654 0.000984
v -0.004595 -0.004583 0.000862
v -0.005041 -0.005035 0.000951
v -0.004066 -0.004417 -0.000047
v -0.005308 -0.005654 -0.000047
v -0.004685 -0.004583 -0.000047
v -0.005140 -0.005035 -0.000047
v -0.005207 -0.005654 -0.001077
v -0.004595 -0.004583 -0.000955
v -0.005042 -0.005035 -0.001044
v -0.004906 -0.005654 -0.002067
v -0.004330 -0.004583 -0.001828
v -0.004751 -0.005035 -0.002003
v -0.003385 -0.004417 -0.002289
v -0.004419 -0.005654 -0.002980
v -0.003900 -0.004583 -0.002633
v -0.004278 -0.005035 -0.002886
v -0.003762 -0.005654 -0.003780
v -0.003321 -0.004583 -0.003339
v -0.003643 -0.005035 -0.003661
v -0.002962 -0.005654 -0.004437
v -0.002615 -0.004583 -0.003918
v -0.002868 -0.005035 -0.004296
v -0.002049 -0.005654 -0.004925
v -0.001810 -0.004583 -0.004348
v -0.001984 -0.005035 -0.004769
v -0.000816 -0.004417 -0.004006
v -0.001058 -0.005654 -0.005225
v -0.000937 -0.004583 -0.004613
v -0.001026 -0.005035 -0.005060
vn -0.2903 -0.0000 0.9569
vn -0.1270 0.0024 -0.9919
vn -0.0408 0.9971 -0.0646
vn 0.2215 -0.0000 0.9752
vn -0.8755 0.0072 -0.4831
vn -0.9522 0.0029 -0.3056
vn 0.8256 0.0007 -0.5642
vn -0.1983 -0.0000 0.9801
vn 0.2821 -0.0016 -0.9594
vn 0.9807 -0.0147 0.1951
vn 0.8819 -0.0000 0.4714
vn -0.2901 0.0361 0.9563
vn 0.2902 -0.0027 0.9570
vn 0.6285 0.4584 0.6284
vn 0.1951 -0.0000 0.9808
vn -0.0000 1.0000 -0.0000
vn 0.2903 -0.0000 -0.9569
vn 0.6344 -0.0000 -0.7730
vn 0.7730 -0.0000 -0.6344
vn 0.8819 -0.0000 -0.4714
vn 0.9569 -0.0000 -0.2903
vn 0.9952 -0.0000 -0.0980
vn 0.9569 -0.0000 0.2903
vn 0.7730 -0.0000 0.6344
vn 0.6344 -0.0000 0.7730
vn 0.4714 -0.0000 0.8819
vn 0.2903 -0.0000 0.9569
vn 0.0980 -0.0000 0.9952
vn -0.0980 -0.0000 0.9952
vn -0.4714 -0.0000 0.8819
vn -0.6344 -0.0000 0.7730
vn -0.7730 -0.0000 0.6344
vn -0.8819 -0.0000 0.4714
vn -0.9569 -0.0000 0.2903
vn -0.9952 -0.0000 0.0980
vn -0.9952 -0.0000 -0.0980
vn -0.9569 -0.0000 -0.2903
vn -0.8819 -0.0000 -0.4714
vn -0.7730 -0.0000 -0.6344
vn -0.6344 -0.0000 -0.7730
vn -0.4714 -0.0000 -0.8819
vn -0.2903 -0.0000 -0.9569
vn -0.0980 -0.0000 -0.9952
vn 0.4714 -0.0000 -0.8819
vn 0.0946 -0.2620 -0.9604
vn 0.0693 -0.7071 -0.7037
vn 0.1504 0.9715 -0.1833
vn 0.2801 -0.2620 -0.9235
vn 0.2053 -0.7071 -0.6767
vn -0.1112 0.9797 -0.1665
vn 0.4549 -0.2620 -0.8511
vn 0.3333 -0.7071 -0.6236
vn 0.6122 -0.2620 -0.7460
vn 0.4486 -0.7071 -0.5466
vn 0.7460 -0.2620 -0.6122
vn 0.5466 -0.7071 -0.4486
vn 0.8511 -0.2620 -0.4549
vn 0.6236 -0.7071 -0.3333
vn -0.0000 0.9681 0.2507
vn 0.9235 -0.2620 -0.2801
vn 0.6767 -0.7071 -0.2053
vn 0.9604 -0.2620 -0.0946
vn 0.7037 -0.7071 -0.0693
vn -0.0852 -0.9749 0.2056
vn 0.9604 -0.2620 0.0946
vn 0.7037 -0.7071 0.0693
vn 0.9235 -0.2620 0.2801
vn 0.6767 -0.7071 0.2053
vn 0.0692 -0.9711 -0.2282
vn 0.8511 -0.2620 0.4549
vn 0.6236 -0.7071 0.3333
vn 0.1851 -0.9749 -0.1236
vn 0.7460 -0.2620 0.6122
vn 0.5466 -0.7071 0.4486
vn 0.6122 -0.2620 0.7460
vn 0.4486 -0.7071 0.5466
vn 0.2317 0.9681 -0.0960
vn 0.4549 -0.2620 0.8511
vn 0.3333 -0.7071 0.6236
vn 0.2801 -0.2620 0.9235
vn 0.2053 -0.7071 0.6767
vn -0.0852 -0.9749 -0.2056
vn 0.0946 -0.2620 0.9604
vn 0.0693 -0.7071 0.7037
vn -0.0946 -0.2620 0.9604
vn -0.0693 -0.7071 0.7037
vn -0.2801 -0.2620 0.9235
vn -0.2053 -0.7071 0.6767
vn -0.4549 -0.2620 0.8511
vn -0.3333 -0.7071 0.6236
vn -0.6122 -0.2620 0.7460
vn -0.4486 -0.7071 0.5466
vn -0.7460 -0.2620 0.6122
vn -0.5466 -0.7071 0.4486
vn 0.0852 -0.9749 0.2056
vn -0.8511 -0.2620 0.4549
vn -0.6236 -0.7071 0.3333
vn -0.9235 -0.2620 0.2801
vn -0.6767 -0.7071 0.2053
vn -0.2103 -0.9711 -0.1124
vn -0.9604 -0.2620 0.0946
vn -0.7037 -0.7071 0.0693
vn -0.0766 0.9797 0.1850
vn -0.9604 -0.2620 -0.0946
vn -0.7037 -0.7071 -0.0693
vn -0.9235 -0.2620 -0.2801
vn -0.6767 -0.7071 -0.2053
vn -0.8511 -0.2620 -0.4549
vn -0.6236 -0.7071 -0.3333
vn -0.7460 -0.2620 -0.6122
vn -0.5466 -0.7071 -0.4486
vn 0.2103 -0.9711 0.1124
vn -0.6122 -0.2620 -0.7460
vn -0.4486 -0.7071 -0.5466
vn -0.1224 0.9754 0.1832
vn -0.4549 -0.2620 -0.8511
vn -0.3333 -0.7071 -0.6236
vn -0.2801 -0.2620 -0.9235
vn -0.2053 -0.7071 -0.6767
vn 0.1734 0.9695 0.1734
vn -0.0946 -0.2620 -0.9604
vn -0.0693 -0.7071 -0.7037
vn -0.0000 -1.0000 -0.0000
vn 0.9952 -0.0000 0.0980
vn 0.0980 -0.0000 -0.9952
vn 0.0946 0.2620 -0.9604
vn 0.0693 0.7071 -0.7037
vn 0.2801 0.2620 -0.9235
vn 0.2053 0.7071 -0.6767
vn 0.4549 0.2620 -0.8511
vn 0.3333 0.7071 -0.6236
vn 0.2502 0.9679 0.0246
vn 0.6122 0.2620 -0.7460
vn 0.4486 0.7071 -0.5466
vn 0.1063 -0.8386 0.5343
vn 0.7460 0.2620 -0.6122
vn 0.5466 0.7071 -0.4486
vn 0.8511 0.2620 -0.4549
vn 0.6236 0.7071 -0.3333
vn -0.0000 0.9695 -0.2452
vn 0.9235 0.2620 -0.2801
vn 0.6767 0.7071 -0.2053
vn 0.9604 0.2620 -0.0946
vn 0.7037 0.7071 -0.0693
vn -0.0688 0.9715 -0.2269
vn 0.9604 0.2620 0.0946
vn 0.7037 0.7071 0.0693
vn 0.9235 0.2620 0.2801
vn 0.6767 0.7071 0.2053
vn 0.8511 0.2620 0.4549
vn 0.6236 0.7071 0.3333
vn -0.2317 0.9681 0.0960
vn 0.7460 0.2620 0.6122
vn 0.5466 0.7071 0.4486
vn 0.6122 0.2620 0.7460
vn 0.4486 0.7071 0.5466
vn 0.4549 0.2620 0.8511
vn 0.3333 0.7071 0.6236
vn 0.2801 0.2620 0.9235
vn 0.2053 0.7071 0.6767
vn 0.0126 -0.9813 -0.1921
vn 0.0946 0.2620 0.9604
vn 0.0693 0.7071 0.7037
vn -0.1773 0.9681 -0.1773
vn -0.0946 0.2620 0.9604
vn -0.0693 0.7071 0.7037
vn -0.2801 0.2620 0.9235
vn -0.2053 0.7071 0.6767
vn -0.4549 0.2620 0.8511
vn -0.3333 0.7071 0.6236
vn -0.6122 0.2620 0.7460
vn -0.4486 0.7071 0.5466
vn -0.7460 0.2620 0.6122
vn -0.5466 0.7071 0.4486
vn -0.8511 0.2620 0.4549
vn -0.6236 0.7071 0.3333
vn -0.9235 0.2620 0.2801
vn -0.6767 0.7071 0.2053
vn -0.9604 0.2620 0.0946
vn -0.7037 0.7071 0.0693
vn 0.2585 -0.9660 -0.0000
vn -0.9604 0.2620 -0.0946
vn -0.7037 0.7071 -0.0693
vn -0.9235 0.2620 -0.2801
vn -0.6767 0.7071 -0.2053
vn -0.8511 0.2620 -0.4549
vn -0.6236 0.7071 -0.3333
vn -0.7460 0.2620 -0.6122
vn -0.5466 0.7071 -0.4486
vn -0.6122 0.2620 -0.7460
vn -0.4486 0.7071 -0.5466
vn -0.4549 0.2620 -0.8511
vn -0.3333 0.7071 -0.6236
vn 0.0651 0.9745 0.2146
vn -0.2801 0.2620 -0.9235
vn -0.2053 0.7071 -0.6767
vn 0.0489 0.9681 -0.2459
vn -0.0946 0.2620 -0.9604
vn -0.0693 0.7071 -0.7037
vn 0.0961 -0.1987 -0.9753
vn 0.0814 -0.5565 -0.8269
vn 0.3852 -0.8386 -0.3852
vn 0.2146 0.9745 0.0651
vn 0.2845 -0.1987 -0.9379
vn 0.2412 -0.5565 -0.7951
vn 0.4620 -0.1987 -0.8643
vn 0.3917 -0.5565 -0.7327
vn 0.2622 -0.8311 -0.4905
vn 0.6217 -0.1987 -0.7576
vn 0.5271 -0.5565 -0.6423
vn 0.3496 -0.8529 0.3878
vn 0.7576 -0.1987 -0.6217
vn 0.6423 -0.5565 -0.5271
vn 0.8643 -0.1987 -0.4620
vn 0.7328 -0.5565 -0.3917
vn 0.5448 -0.8386 -0.0000
vn 0.9379 -0.1987 -0.2845
vn 0.7951 -0.5565 -0.2412
vn 0.9753 -0.1987 -0.0961
vn 0.8269 -0.5565 -0.0814
vn -0.1063 -0.8386 0.5343
vn 0.9753 -0.1987 0.0961
vn 0.8269 -0.5565 0.0814
vn -0.2571 0.5396 -0.8017
vn 0.9379 -0.1987 0.2845
vn 0.7951 -0.5565 0.2412
vn -0.3122 -0.8529 0.4185
vn 0.8643 -0.1987 0.4620
vn 0.7328 -0.5565 0.3917
vn 0.7576 -0.1987 0.6217
vn 0.6423 -0.5565 0.5271
vn -0.4530 -0.8386 -0.3027
vn 0.6217 -0.1987 0.7576
vn 0.5271 -0.5565 0.6423
vn 0.4620 -0.1987 0.8643
vn 0.3917 -0.5565 0.7328
vn 0.2622 -0.8311 0.4905
vn 0.1907 -0.9811 -0.0318
vn 0.2845 -0.1987 0.9379
vn 0.2412 -0.5565 0.7951
vn 0.1283 -0.8529 -0.5061
vn 0.0961 -0.1987 0.9753
vn 0.0814 -0.5565 0.8269
vn -0.0961 -0.1987 0.9753
vn -0.0814 -0.5565 0.8269
vn -0.5033 -0.8386 0.2085
vn -0.2845 -0.1987 0.9379
vn -0.2412 -0.5565 0.7951
vn -0.4620 -0.1987 0.8643
vn -0.3917 -0.5565 0.7328
vn -0.5167 -0.8529 -0.0752
vn -0.0444 -0.9850 0.1669
vn -0.6217 -0.1987 0.7576
vn -0.5271 -0.5565 0.6423
vn -0.7576 -0.1987 0.6217
vn -0.6423 -0.5565 0.5271
vn -0.4299 -0.8311 0.3528
vn -0.6664 -0.0000 0.7456
vn -0.8643 -0.1987 0.4620
vn -0.7328 -0.5565 0.3917
vn -0.1063 -0.8386 -0.5343
vn -0.9379 -0.1987 0.2845
vn -0.7951 -0.5565 0.2412
vn 0.1290 -0.9832 -0.1290
vn -0.9753 -0.1987 0.0961
vn -0.8269 -0.5565 0.0814
vn -0.5535 -0.8311 0.0545
vn -0.9753 -0.1987 -0.0961
vn -0.8269 -0.5565 -0.0814
vn -0.3027 -0.8386 -0.4530
vn -0.9379 -0.1987 -0.2845
vn -0.7951 -0.5565 -0.2412
vn -0.8643 -0.1987 -0.4620
vn -0.7327 -0.5565 -0.3917
vn 0.5033 -0.8386 -0.2085
vn -0.7576 -0.1987 -0.6217
vn -0.6423 -0.5565 -0.5271
vn -0.6217 -0.1987 -0.7576
vn -0.5271 -0.5565 -0.6423
vn -0.1711 -0.9850 0.0240
vn -0.4620 -0.1987 -0.8643
vn -0.3917 -0.5565 -0.7328
vn -0.2845 -0.1987 -0.9379
vn -0.2412 -0.5565 -0.7951
vn 0.5033 -0.8386 0.2085
vn 0.1850 0.9797 -0.0767
vn -0.0961 -0.1987 -0.9753
vn -0.0814 -0.5565 -0.8269
vn -0.9870 -0.0064 -0.1609
vn -0.1320 -0.9824 -0.1320
vn 0.7763 -0.0000 -0.6304
vn -1.0000 0.0017 -0.0044
vn 0.6425 -0.0000 0.7663
vn 0.1947 0.0667 0.9786
vn -0.9256 -0.0007 0.3785
vn 0.8315 -0.0000 0.5556
vn 0.9218 -0.0667 0.3818
vn 0.9239 -0.0000 0.3827
vn -0.0004 0.9999 0.0170
vn -0.7730 0.0074 0.6344
vn 0.1005 -0.0001 -0.9949
vn 0.1420 -0.9830 0.1165
vn 0.9808 -0.0000 0.1951
vn 0.9786 0.0667 0.1947
vn 0.8315 -0.0000 -0.5556
vn 0.9239 -0.0000 -0.3827
vn 0.9999 0.0056 0.0162
vn -0.0000 -0.0667 0.9978
vn -0.0000 0.0100 1.0000
vn 1.0000 -0.0014 -0.0000
vn -0.6200 -0.0000 -0.7846
vn 0.9963 0.0083 -0.0856
vn -0.2521 0.0423 0.9668
vn -0.3278 -0.0119 0.9447
vn 0.7401 0.6346 0.2224
vn 0.3017 0.9044 0.3017
vn -0.2478 0.5205 0.8171
vn -0.3108 0.8003 0.5128
vn -0.5924 0.7673 0.2454
vn -0.6285 0.4584 0.6284
vn -0.0189 0.7754 0.6312
vn 0.0980 0.9552 0.2793
vn 0.6047 0.4167 0.6787
vn 0.8347 0.5507 -0.0000
vn -0.2146 0.9745 -0.0651
vn -0.8077 0.5689 -0.1549
vn -0.5300 0.2998 -0.7932
vn -0.7106 0.6444 -0.2826
vn 0.6015 0.0004 -0.7989
vn -0.1795 0.9222 0.3426
vn -0.8211 0.4584 0.3401
vn -0.5300 0.2998 0.7932
vn 0.5767 0.8098 -0.1077
vn 0.4299 0.8311 -0.3528
vn 0.1864 0.9108 -0.3683
vn 0.6938 0.3383 -0.6358
vn 0.8913 0.4448 -0.0877
vn -0.2219 0.5444 -0.8089
vn 0.3561 0.7837 -0.5089
vn 0.2248 0.6327 -0.7410
vn 0.3019 0.6444 0.7025
vn 0.2247 0.6328 0.7410
vn 0.8864 -0.0000 0.4630
vn 0.1118 0.9715 0.2091
vn 0.9604 0.2619 -0.0946
vn -0.2585 -0.9660 -0.0000
vn -0.2346 0.9710 -0.0467
vn 0.1057 0.9745 -0.1978
vn -0.1850 0.9798 0.0766
vn 0.2085 0.9681 0.1393
vn -0.3105 0.0156 -0.9505
vn -0.2103 -0.9711 0.1124
vn 0.9878 -0.0000 0.1559
vn 0.8057 0.0126 0.5922
vn -0.0090 0.0195 -0.9998
vn -0.2753 0.0108 -0.9613
vn 0.9757 0.0040 0.2191
vn -0.7861 -0.0143 -0.6179
vn 0.4549 -0.0026 0.8905
vn -0.0000 -1.0000 -0.0001
vn -0.9001 0.0026 -0.4356
vn -0.7647 0.0064 -0.6444
vn -0.2902 -0.0033 0.9570
vn 0.3090 0.0032 0.9511
vn -0.9981 -0.0005 -0.0623
vn 0.1124 -0.0000 -0.9937
vn 0.9997 -0.0000 0.0248
vn 0.5516 0.0099 -0.8340
vn -0.4703 0.8817 0.0382
vn 0.7609 -0.0000 0.6489
vt 0.968750 0.500000
vt 0.937500 0.500000
vt 0.937500 0.526221
vt 0.968750 0.526221
vt 0.531250 0.601775
vt 0.531250 0.741959
vt 0.562500 0.741959
vt 0.562500 0.601774
vt 0.562500 0.500000
vt 0.531250 0.500000
vt 0.408340 0.250000
vt 0.373099 0.250081
vt 0.370742 0.226154
vt 0.363728 0.203031
vt 0.337041 0.163092
vt 0.297101 0.136405
vt 0.249989 0.127034
vt 0.225972 0.129399
vt 0.202877 0.136405
vt 0.181593 0.147781
vt 0.162938 0.163092
vt 0.147627 0.181747
vt 0.129237 0.226154
vt 0.126880 0.250081
vt 0.091660 0.250000
vt 0.094702 0.219110
vt 0.118345 0.162031
vt 0.219109 0.094702
vt 0.280891 0.094702
vt 0.361963 0.138037
vt 0.396287 0.189406
vt 0.000000 0.581285
vt 0.031250 0.741959
vt 0.031250 0.601774
vt 0.687500 0.500000
vt 0.656250 0.500000
vt 0.656250 0.526221
vt 0.656250 0.537034
vt 0.656250 0.542782
vt 0.656250 0.581285
vt 0.687500 0.601774
vt 0.687500 0.636692
vt 0.718750 0.741959
vt 0.718750 0.601774
vt 0.718750 0.581284
vt 0.718750 0.542782
vt 0.718750 0.537034
vt 0.718750 0.526221
vt 0.343750 0.642619
vt 0.375000 0.741959
vt 0.375000 0.601774
vt 0.375000 0.500000
vt 0.343750 0.500000
vt 0.343750 0.526221
vt 0.343750 0.537034
vt 0.343750 0.542782
vt 0.343750 0.581285
vt 0.343750 0.601775
vt 0.968750 0.581285
vt 0.968750 0.601774
vt 1.000000 0.741959
vt 0.468750 0.500000
vt 0.437500 0.500000
vt 0.437500 0.741959
vt 0.468750 0.741959
vt 0.468750 0.656695
vt 0.468750 0.601774
vt 0.468750 0.581285
vt 0.468750 0.542782
vt 0.468750 0.537034
vt 0.468750 0.526221
vt 0.187500 0.500000
vt 0.187500 0.526221
vt 0.218750 0.526221
vt 0.156250 0.500000
vt 0.156250 0.526221
vt 0.937500 0.581285
vt 0.062500 0.741959
vt 0.125342 0.744110
vt 0.125000 0.741959
vt 0.093408 0.744110
vt 0.000000 0.500000
vt 0.000000 0.526221
vt 0.031250 0.526221
vt 0.703179 0.485389
vt 0.616663 0.449553
vt 0.550447 0.383337
vt 0.510000 0.250000
vt 0.550447 0.116663
vt 0.580294 0.080294
vt 0.658156 0.028269
vt 0.796822 0.014612
vt 0.883337 0.050447
vt 0.949553 0.116663
vt 0.990000 0.250000
vt 0.949553 0.383337
vt 0.841844 0.471731
vt 0.968750 0.693099
vt 0.968750 0.872375
vt 0.937500 0.872375
vt 0.937500 0.693099
vt 0.906250 0.693099
vt 0.906250 0.872375
vt 0.875000 0.872375
vt 0.875000 0.693099
vt 0.875000 0.693099
vt 0.843750 0.872375
vt 0.843750 0.693099
vt 0.812500 0.872375
vt 0.812500 0.693099
vt 0.781250 0.872375
vt 0.781250 0.693099
vt 0.750000 0.872375
vt 0.750000 0.693099
vt 0.433508 0.250040
vt 0.329990 0.250112
vt 0.323901 0.219497
vt 0.306559 0.193544
vt 0.280605 0.176202
vt 0.234383 0.171649
vt 0.205545 0.183595
vt 0.176080 0.219497
vt 0.169990 0.250112
vt 0.066492 0.250040
vt 0.120240 0.120240
vt 0.250000 0.066492
vt 0.351951 0.097419
vt 0.402581 0.148049
vt 0.718750 0.693099
vt 0.718750 0.872375
vt 0.687500 0.872375
vt 0.687500 0.693099
vt 0.656250 0.872375
vt 0.656250 0.693099
vt 0.625000 0.872375
vt 0.625000 0.693099
vt 0.593750 0.872375
vt 0.593750 0.693099
vt 0.562500 0.872375
vt 0.562500 0.693099
vt 0.531250 0.872375
vt 0.531250 0.693099
vt 0.500000 0.872375
vt 0.500000 0.693099
vt 0.468750 0.872375
vt 0.468750 0.693099
vt 0.437500 0.872375
vt 0.437500 0.693099
vt 0.437500 0.693099
vt 0.406250 0.872375
vt 0.406250 0.693099
vt 0.375000 0.872375
vt 0.375000 0.693099
vt 0.343750 0.872375
vt 0.343750 0.693099
vt 0.312500 0.872375
vt 0.312500 0.693099
vt 0.281250 0.872375
vt 0.281250 0.693099
vt 0.250000 0.872375
vt 0.250000 0.693099
vt 0.218750 0.872375
vt 0.218750 0.693099
vt 0.218750 0.693099
vt 0.187500 0.872375
vt 0.187500 0.693099
vt 0.156250 0.872375
vt 0.156250 0.693099
vt 0.125000 0.872375
vt 0.125000 0.693099
vt 0.093750 0.872375
vt 0.093750 0.693099
vt 0.062500 0.872375
vt 0.062500 0.693099
vt 0.031250 0.872375
vt 0.031250 0.693099
vt 0.000000 0.872375
vt 0.000000 0.693099
vt 0.285801 0.429982
vt 0.214200 0.429982
vt 0.097419 0.351952
vt 0.176080 0.280727
vt 0.193422 0.306681
vt 0.219376 0.324022
vt 0.265597 0.328575
vt 0.294436 0.316630
vt 0.323901 0.280727
vt 0.379760 0.379760
vt 1.000000 0.693099
vt 0.969505 0.596550
vt 0.999245 0.596550
vt 0.971542 0.500000
vt 0.997208 0.500000
vt 0.415484 0.360573
vt 0.390733 0.390733
vt 0.360573 0.415484
vt 0.326164 0.433877
vt 0.310594 0.396287
vt 0.381655 0.337969
vt 0.938255 0.596550
vt 0.967995 0.596549
vt 0.940292 0.500000
vt 0.965958 0.500000
vt 0.208708 0.457587
vt 0.169004 0.445544
vt 0.132411 0.425985
vt 0.100338 0.399663
vt 0.074016 0.367589
vt 0.907005 0.596550
vt 0.936745 0.596549
vt 0.909042 0.500000
vt 0.934708 0.500000
vt 0.875755 0.596549
vt 0.905495 0.596549
vt 0.877792 0.500000
vt 0.903458 0.500000
vt 0.844505 0.596550
vt 0.874245 0.596549
vt 0.846542 0.500000
vt 0.872208 0.500000
vt 0.813255 0.596550
vt 0.842995 0.596550
vt 0.815292 0.500000
vt 0.840958 0.500000
vt 0.211172 0.054798
vt 0.250000 0.050974
vt 0.288828 0.054798
vt 0.782005 0.596550
vt 0.811745 0.596549
vt 0.784042 0.500000
vt 0.809708 0.500000
vt 0.750755 0.596550
vt 0.780495 0.596550
vt 0.752792 0.500000
vt 0.778458 0.500000
vt 0.640490 0.086107
vt 0.610620 0.110620
vt 0.640734 0.140734
vt 0.750000 0.095474
vt 0.750000 0.052887
vt 0.711545 0.056675
vt 0.674568 0.067892
vt 0.719505 0.596550
vt 0.749245 0.596550
vt 0.721542 0.500000
vt 0.747208 0.500000
vt 0.688255 0.596550
vt 0.717995 0.596549
vt 0.690292 0.500000
vt 0.715958 0.500000
vt 0.825432 0.432108
vt 0.859510 0.413893
vt 0.835850 0.378483
vt 0.750000 0.404526
vt 0.750000 0.447113
vt 0.788455 0.443325
vt 0.657005 0.596550
vt 0.686745 0.596550
vt 0.659042 0.500000
vt 0.684708 0.500000
vt 0.932108 0.325432
vt 0.943325 0.288455
vt 0.901557 0.280147
vt 0.889380 0.389380
vt 0.913893 0.359510
vt 0.625755 0.596550
vt 0.655495 0.596549
vt 0.627792 0.500000
vt 0.653458 0.500000
vt 0.594505 0.596549
vt 0.624245 0.596549
vt 0.596542 0.500000
vt 0.622208 0.500000
vt 0.445202 0.288828
vt 0.433876 0.326164
vt 0.405298 0.280891
vt 0.563255 0.596550
vt 0.592995 0.596549
vt 0.565292 0.500000
vt 0.590958 0.500000
vt 0.532005 0.596550
vt 0.561745 0.596549
vt 0.534042 0.500000
vt 0.559708 0.500000
vt 0.711546 0.443325
vt 0.640734 0.359266
vt 0.610621 0.389380
vt 0.640490 0.413893
vt 0.674569 0.432108
vt 0.500755 0.596550
vt 0.530495 0.596549
vt 0.502792 0.500000
vt 0.528458 0.500000
vt 0.469505 0.596549
vt 0.499245 0.596550
vt 0.471542 0.500000
vt 0.497208 0.500000
vt 0.438255 0.596550
vt 0.467995 0.596550
vt 0.440292 0.500000
vt 0.465958 0.500000
vt 0.407005 0.596550
vt 0.436745 0.596549
vt 0.409042 0.500000
vt 0.434708 0.500000
vt 0.375755 0.596550
vt 0.405495 0.596550
vt 0.377792 0.500000
vt 0.403458 0.500000
vt 0.344505 0.596550
vt 0.374245 0.596550
vt 0.346542 0.500000
vt 0.372208 0.500000
vt 0.859510 0.086107
vt 0.825432 0.067892
vt 0.788455 0.056675
vt 0.859266 0.140734
vt 0.889380 0.110620
vt 0.313255 0.596550
vt 0.342995 0.596550
vt 0.315292 0.500000
vt 0.340958 0.500000
vt 0.282005 0.596550
vt 0.311745 0.596550
vt 0.284042 0.500000
vt 0.309708 0.500000
vt 0.567892 0.325432
vt 0.586107 0.359510
vt 0.598443 0.280147
vt 0.556675 0.288455
vt 0.250755 0.596549
vt 0.280495 0.596550
vt 0.252792 0.500000
vt 0.278458 0.500000
vt 0.100337 0.100338
vt 0.132411 0.074016
vt 0.169003 0.054457
vt 0.208708 0.042412
vt 0.250000 0.038345
vt 0.219505 0.596550
vt 0.249245 0.596550
vt 0.221542 0.500000
vt 0.247208 0.500000
vt 0.188255 0.596549
vt 0.217995 0.596550
vt 0.190292 0.500000
vt 0.215958 0.500000
vt 0.157005 0.596550
vt 0.186745 0.596550
vt 0.159042 0.500000
vt 0.184708 0.500000
vt 0.125755 0.596550
vt 0.155495 0.596550
vt 0.127792 0.500000
vt 0.153458 0.500000
vt 0.913893 0.140490
vt 0.901556 0.219854
vt 0.943325 0.211545
vt 0.932108 0.174568
vt 0.094505 0.596550
vt 0.124245 0.596550
vt 0.096542 0.500000
vt 0.122208 0.500000
vt 0.084515 0.139427
vt 0.109267 0.109267
vt 0.139427 0.084516
vt 0.173836 0.066124
vt 0.063255 0.596550
vt 0.092995 0.596549
vt 0.065292 0.500000
vt 0.090958 0.500000
vt 0.032005 0.596550
vt 0.061745 0.596550
vt 0.034042 0.500000
vt 0.059708 0.500000
vt 0.367589 0.074016
vt 0.399662 0.100338
vt 0.425984 0.132411
vt 0.000755 0.596550
vt 0.030495 0.596550
vt 0.002792 0.500000
vt 0.028458 0.500000
vt 0.904526 0.250000
vt 0.829991 0.250112
vt 0.816508 0.294558
vt 0.780605 0.324022
vt 0.749991 0.330112
vt 0.719376 0.324022
vt 0.683473 0.294558
vt 0.676080 0.280727
vt 0.669991 0.250112
vt 0.595474 0.250000
vt 0.031250 0.500000
vt 0.031250 0.959794
vt 0.000000 0.959794
vt 0.937500 0.959794
vt 0.906250 0.959794
vt 0.906250 0.500000
vt 0.875000 0.959794
vt 0.875000 0.500000
vt 0.875000 0.959793
vt 0.843750 0.959794
vt 0.843750 0.500000
vt 0.843750 0.959794
vt 0.812500 0.959794
vt 0.812500 0.500000
vt 0.781250 0.959794
vt 0.781250 0.500000
vt 0.781250 0.959793
vt 0.750000 0.959794
vt 0.750000 0.500000
vt 0.750000 0.959793
vt 0.718750 0.959794
vt 0.718750 0.500000
vt 0.718750 0.959794
vt 0.687500 0.959794
vt 0.656250 0.959794
vt 0.656250 0.959793
vt 0.625000 0.959794
vt 0.625000 0.500000
vt 0.625000 0.959793
vt 0.593750 0.959794
vt 0.593750 0.500000
vt 0.593750 0.959794
vt 0.562500 0.959794
vt 0.562500 0.959793
vt 0.531250 0.959794
vt 0.531250 0.959793
vt 0.500000 0.959794
vt 0.500000 0.500000
vt 0.500000 0.959793
vt 0.468750 0.959794
vt 0.468750 0.959794
vt 0.437500 0.959794
vt 0.437500 0.959793
vt 0.406250 0.959794
vt 0.406250 0.500000
vt 0.406250 0.959793
vt 0.375000 0.959794
vt 0.375000 0.959794
vt 0.343750 0.959794
vt 0.312500 0.959794
vt 0.312500 0.500000
vt 0.281250 0.959794
vt 0.281250 0.500000
vt 0.281250 0.959793
vt 0.250000 0.959794
vt 0.250000 0.500000
vt 0.250000 0.959793
vt 0.218750 0.959794
vt 0.218750 0.500000
vt 0.218750 0.959794
vt 0.187500 0.959794
vt 0.156250 0.959794
vt 0.156250 0.959793
vt 0.125000 0.959794
vt 0.125000 0.500000
vt 0.125000 0.959793
vt 0.093750 0.959794
vt 0.093750 0.500000
vt 0.093750 0.959794
vt 0.062500 0.959794
vt 0.062500 0.500000
vt 1.000000 0.500000
vt 1.000000 0.959793
vt 0.968750 0.959794
vt 0.968750 0.959794
vt 0.750000 0.490000
vt 0.796822 0.485388
vt 0.883337 0.449553
vt 0.919706 0.419706
vt 0.971731 0.341844
vt 0.985388 0.296822
vt 0.845989 0.250143
vt 0.838682 0.286881
vt 0.817871 0.318025
vt 0.786727 0.338835
vt 0.749989 0.346143
vt 0.713252 0.338836
vt 0.682107 0.318025
vt 0.661297 0.286881
vt 0.653989 0.250143
vt 0.514612 0.296822
vt 0.528269 0.341844
vt 0.580295 0.419706
vt 0.658156 0.471731
vt 0.999278 0.979897
vt 0.969472 0.979897
vt 0.997333 1.000000
vt 0.971418 1.000000
vt 0.968028 0.979897
vt 0.938222 0.979897
vt 0.966082 1.000000
vt 0.940168 1.000000
vt 0.936778 0.979897
vt 0.906972 0.979897
vt 0.934832 1.000000
vt 0.908918 1.000000
vt 0.433876 0.173836
vt 0.445202 0.211172
vt 0.449026 0.250000
vt 0.905528 0.979897
vt 0.875722 0.979897
vt 0.903582 1.000000
vt 0.877668 1.000000
vt 0.531250 0.615691
vt 0.500000 0.615691
vt 0.495864 0.615691
vt 0.541553 0.615691
vt 0.562500 0.615691
vt 0.874278 0.979897
vt 0.844472 0.979897
vt 0.872333 1.000000
vt 0.846418 1.000000
vt 0.843028 0.979897
vt 0.813222 0.979897
vt 0.841082 1.000000
vt 0.815168 1.000000
vt 0.250000 0.461654
vt 0.291292 0.457588
vt 0.811778 0.979897
vt 0.781972 0.979897
vt 0.809832 1.000000
vt 0.783918 1.000000
vt 0.780528 0.979897
vt 0.750722 0.979897
vt 0.778582 1.000000
vt 0.752668 1.000000
vt 0.250000 0.449027
vt 0.211172 0.445202
vt 0.173836 0.433877
vt 0.139427 0.415485
vt 0.162031 0.381655
vt 0.250000 0.408340
vt 0.749278 0.979897
vt 0.719472 0.979897
vt 0.747333 1.000000
vt 0.721418 1.000000
vt 0.718028 0.979897
vt 0.688222 0.979897
vt 0.716082 1.000000
vt 0.690168 1.000000
vt 0.686778 0.979897
vt 0.656972 0.979897
vt 0.684833 1.000000
vt 0.658918 1.000000
vt 0.054798 0.211172
vt 0.066123 0.173836
vt 0.655528 0.979897
vt 0.625722 0.979897
vt 0.653582 1.000000
vt 0.627668 1.000000
vt 0.624278 0.979897
vt 0.594472 0.979897
vt 0.622333 1.000000
vt 0.596418 1.000000
vt 0.593028 0.979897
vt 0.563222 0.979897
vt 0.591082 1.000000
vt 0.565168 1.000000
vt 0.561778 0.979897
vt 0.531972 0.979897
vt 0.559832 1.000000
vt 0.533918 1.000000
vt 0.428933 0.615691
vt 0.628366 0.615691
vt 0.541689 0.615691
vt 0.397325 0.615691
vt 0.291741 0.615690
vt 0.530528 0.979897
vt 0.500722 0.979897
vt 0.528582 1.000000
vt 0.502668 1.000000
vt 0.109267 0.390733
vt 0.084516 0.360574
vt 0.118345 0.337969
vt 0.499278 0.979897
vt 0.469472 0.979897
vt 0.497332 1.000000
vt 0.471418 1.000000
vt 0.468028 0.979897
vt 0.438222 0.979897
vt 0.466082 1.000000
vt 0.440168 1.000000
vt 0.436778 0.979897
vt 0.406972 0.979897
vt 0.434832 1.000000
vt 0.408918 1.000000
vt 0.405528 0.979897
vt 0.375722 0.979897
vt 0.403582 1.000000
vt 0.377668 1.000000
vt 0.374278 0.979897
vt 0.344472 0.979897
vt 0.372332 1.000000
vt 0.346418 1.000000
vt 0.343028 0.979897
vt 0.313222 0.979897
vt 0.341082 1.000000
vt 0.315168 1.000000
vt 0.311778 0.979897
vt 0.281972 0.979897
vt 0.309832 1.000000
vt 0.283918 1.000000
vt 0.280528 0.979897
vt 0.250722 0.979897
vt 0.278582 1.000000
vt 0.252668 1.000000
vt 0.947113 0.250000
vt 0.249278 0.979897
vt 0.219472 0.979897
vt 0.247332 1.000000
vt 0.221418 1.000000
vt 0.218028 0.979897
vt 0.188222 0.979897
vt 0.216082 1.000000
vt 0.190168 1.000000
vt 0.186778 0.979897
vt 0.156972 0.979897
vt 0.184832 1.000000
vt 0.158918 1.000000
vt 0.155528 0.979897
vt 0.125722 0.979897
vt 0.153582 1.000000
vt 0.127668 1.000000
vt 0.124278 0.979897
vt 0.094472 0.979897
vt 0.122332 1.000000
vt 0.096418 1.000000
vt 0.093028 0.979897
vt 0.063222 0.979897
vt 0.091082 1.000000
vt 0.065168 1.000000
vt 0.291292 0.042412
vt 0.330997 0.054457
vt 0.061778 0.979897
vt 0.031972 0.979897
vt 0.059832 1.000000
vt 0.033918 1.000000
vt 0.288828 0.445202
vt 0.030528 0.979897
vt 0.000722 0.979897
vt 0.028582 1.000000
vt 0.002668 1.000000
vt 0.971731 0.158156
vt 0.919706 0.080294
vt 0.841844 0.028269
vt 0.703178 0.014612
vt 0.580294 0.080294
vt 0.514611 0.203179
vt 1.000000 0.701209
vt 1.000000 1.000000
vt 0.968750 1.000000
vt 0.968750 0.701209
vt 0.906250 0.701209
vt 0.906250 1.000000
vt 0.875000 1.000000
vt 0.875000 0.701209
vt 0.843750 1.000000
vt 0.843750 0.701209
vt 0.843750 0.701209
vt 0.812500 1.000000
vt 0.812500 0.701209
vt 0.781250 1.000000
vt 0.781250 0.701209
vt 0.750000 1.000000
vt 0.750000 0.701209
vt 0.718750 1.000000
vt 0.718750 0.701209
vt 0.687500 1.000000
vt 0.687500 0.701209
vt 0.687500 0.701209
vt 0.656250 1.000000
vt 0.656250 0.701209
vt 0.625000 1.000000
vt 0.625000 0.701209
vt 0.625000 0.701209
vt 0.593750 1.000000
vt 0.593750 0.701209
vt 0.562500 1.000000
vt 0.562500 0.701209
vt 0.562500 0.701209
vt 0.531250 1.000000
vt 0.531250 0.701209
vt 0.531250 0.701209
vt 0.500000 1.000000
vt 0.500000 0.701209
vt 0.500000 0.701209
vt 0.468750 1.000000
vt 0.468750 0.701209
vt 0.468750 0.701209
vt 0.437500 1.000000
vt 0.437500 0.701209
vt 0.406250 1.000000
vt 0.406250 0.701209
vt 0.375000 1.000000
vt 0.375000 0.701209
vt 0.343750 1.000000
vt 0.343750 0.701209
vt 0.312500 1.000000
vt 0.312500 0.701209
vt 0.312500 0.701209
vt 0.281250 1.000000
vt 0.281250 0.701209
vt 0.250000 1.000000
vt 0.250000 0.701209
vt 0.218750 1.000000
vt 0.218750 0.701209
vt 0.218750 0.701209
vt 0.187500 1.000000
vt 0.187500 0.701209
vt 0.187500 0.701209
vt 0.156250 1.000000
vt 0.156250 0.701209
vt 0.156250 0.701209
vt 0.125000 1.000000
vt 0.125000 0.701209
vt 0.093750 1.000000
vt 0.093750 0.701209
vt 0.062500 1.000000
vt 0.062500 0.701209
vt 0.031250 1.000000
vt 0.031250 0.701209
vt 0.296822 0.485388
vt 0.250000 0.490000
vt 0.203179 0.485389
vt 0.158156 0.471731
vt 0.116663 0.449553
vt 0.080295 0.419706
vt 0.050447 0.383337
vt 0.028269 0.341844
vt 0.014612 0.296822
vt 0.010000 0.250000
vt 0.164655 0.250119
vt 0.171151 0.282775
vt 0.189648 0.310459
vt 0.202580 0.321071
vt 0.249988 0.335452
vt 0.266636 0.333813
vt 0.297397 0.321071
vt 0.328826 0.282775
vt 0.333682 0.266767
vt 0.335322 0.250119
vt 0.490000 0.250000
vt 0.485388 0.296822
vt 0.471731 0.341844
vt 0.449553 0.383337
vt 0.419706 0.419706
vt 0.383337 0.449553
vt 0.341844 0.471731
vt 0.937500 0.701209
vt 0.937500 1.000000
vt 0.968750 0.701209
vt 0.031250 0.701209
vt 0.000000 1.000000
vt 0.000000 0.701209
vt 1.000000 0.754390
vt 0.968750 0.754390
vt 0.906250 0.754390
vt 0.875000 0.754390
vt 0.875000 0.754390
vt 0.843750 0.754390
vt 0.843750 0.754390
vt 0.812500 0.754390
vt 0.812500 0.754390
vt 0.781250 0.754390
vt 0.781250 0.754390
vt 0.750000 0.754390
vt 0.718750 0.754390
vt 0.718750 0.754390
vt 0.687500 0.754390
vt 0.687500 0.754390
vt 0.656250 0.754390
vt 0.656250 0.754390
vt 0.625000 0.754390
vt 0.625000 0.754390
vt 0.593750 0.754390
vt 0.562500 0.754390
vt 0.562500 0.754390
vt 0.531250 0.754390
vt 0.500000 0.754390
vt 0.500000 0.754390
vt 0.468750 0.754390
vt 0.468750 0.754390
vt 0.437500 0.754390
vt 0.406250 0.754390
vt 0.406250 0.754390
vt 0.375000 0.754390
vt 0.375000 0.754390
vt 0.343750 0.754390
vt 0.343750 0.754390
vt 0.312500 0.754390
vt 0.312500 0.754390
vt 0.281250 0.754390
vt 0.281250 0.754390
vt 0.250000 0.754390
vt 0.250000 0.754390
vt 0.218750 0.754390
vt 0.218750 0.754390
vt 0.187500 0.754390
vt 0.187500 0.754390
vt 0.156250 0.754390
vt 0.156250 0.754390
vt 0.125000 0.754390
vt 0.093750 0.754390
vt 0.093750 0.754390
vt 0.062500 0.754390
vt 0.062500 0.754390
vt 0.031250 0.754390
vt 0.203179 0.485389
vt 0.080295 0.419706
vt 0.014612 0.296822
vt 0.010000 0.250000
vt 0.014611 0.203179
vt 0.028269 0.158156
vt 0.050447 0.116663
vt 0.080294 0.080294
vt 0.116663 0.050447
vt 0.158156 0.028269
vt 0.203178 0.014612
vt 0.250000 0.010000
vt 0.296822 0.014612
vt 0.341844 0.028269
vt 0.383337 0.050447
vt 0.419706 0.080294
vt 0.449553 0.116663
vt 0.471731 0.158156
vt 0.485388 0.203178
vt 0.937500 0.754390
vt 0.968750 0.754390
vt 0.937500 0.754390
vt 0.031250 0.754390
vt 0.000000 0.754390
vt 0.969505 0.701312
vt 0.999245 0.701312
vt 0.971619 0.615691
vt 0.997131 0.615691
vt 0.875000 0.615691
vt 0.843750 0.615691
vt 0.699564 0.615691
vt 0.677010 0.615691
vt 0.906250 0.615691
vt 0.445543 0.169003
vt 0.457584 0.208696
vt 0.461655 0.250027
vt 0.937500 0.701312
vt 0.967995 0.701312
vt 0.937500 0.615691
vt 0.965881 0.615691
vt 0.906250 0.701312
vt 0.875000 0.701312
vt 0.625000 0.615691
vt 0.593750 0.615691
vt 0.564035 0.615691
vt 0.607558 0.615691
vt 0.656250 0.615691
vt 0.843750 0.701312
vt 0.812500 0.701312
vt 0.812500 0.615691
vt 0.750000 0.615691
vt 0.718750 0.615691
vt 0.647679 0.615691
vt 0.681092 0.615691
vt 0.781250 0.615691
vt 0.781250 0.701312
vt 0.750000 0.701312
vt 0.468750 0.615691
vt 0.437500 0.615691
vt 0.449961 0.615691
vt 0.718750 0.701312
vt 0.531250 0.747580
vt 0.562842 0.744110
vt 0.530908 0.744110
vt 0.687500 0.701312
vt 0.687500 0.615691
vt 0.406250 0.615691
vt 0.375000 0.615691
vt 0.404715 0.615691
vt 0.656250 0.701312
vt 0.625000 0.701312
vt 0.156250 0.615691
vt 0.125000 0.615691
vt 0.269186 0.615691
vt 0.287658 0.615691
vt 0.187500 0.615691
vt 0.593750 0.701312
vt 0.562500 0.701312
vt 0.593714 0.615691
vt 0.608393 0.615691
vt 0.693116 0.615691
vt 0.531250 0.701312
vt 0.088953 0.615691
vt 0.500000 0.701312
vt 0.468750 0.701312
vt 0.312500 0.615691
vt 0.281250 0.615691
vt 0.340558 0.615691
vt 0.382654 0.615691
vt 0.343750 0.615691
vt 0.437500 0.701312
vt 0.406250 0.701312
vt 0.218750 0.615691
vt 0.321071 0.615691
vt 0.250000 0.615691
vt 0.427582 0.615691
vt 0.525423 0.615691
vt 0.375000 0.701312
vt 0.343750 0.701312
vt 0.875000 0.601774
vt 0.875000 0.741959
vt 0.937500 0.741959
vt 0.937500 0.601774
vt 0.937500 0.542782
vt 0.937500 0.537034
vt 0.312500 0.701312
vt 0.031250 0.615691
vt 0.002869 0.615691
vt 0.062500 0.615691
vt 0.281250 0.701312
vt 0.250000 0.701312
vt 0.218750 0.701312
vt 0.093750 0.615691
vt 0.187500 0.701312
vt 0.156250 0.701312
vt 0.125000 0.701312
vt 0.093750 0.701312
vt 0.361349 0.615691
vt 0.062500 0.701312
vt 0.031250 0.701312
vt 0.461654 0.250027
vt 0.457591 0.291279
vt 0.445543 0.330997
vt 0.425984 0.367589
vt 0.399662 0.399662
vt 0.000755 0.701312
vt 0.000000 0.698280
vt 0.968750 0.698280
vt 0.655867 0.698280
vt 0.312883 0.698280
vt 0.799349 0.698280
vt 0.816326 0.698280
vt 0.806242 0.698280
vt 0.787766 0.698280
vt 0.765626 0.698280
vt 0.741523 0.698280
vt 0.716224 0.698280
vt 0.690135 0.698280
vt 0.663497 0.698280
vt 0.636464 0.698280
vt 0.609143 0.698280
vt 0.581611 0.698280
vt 0.553928 0.698280
vt 0.526146 0.698280
vt 0.498305 0.698280
vt 0.470445 0.698280
vt 0.442604 0.698280
vt 0.414822 0.698280
vt 0.387139 0.698280
vt 0.359607 0.698280
vt 0.332286 0.698280
vt 0.305253 0.698280
vt 0.278615 0.698280
vt 0.252526 0.698280
vt 0.227227 0.698280
vt 0.203124 0.698280
vt 0.180984 0.698280
vt 0.162508 0.698280
vt 0.152424 0.698280
vt 0.169401 0.698280
vt 0.750000 0.601774
vt 0.406250 0.526221
vt 0.406250 0.537034
vt 0.406250 0.542782
vt 0.406250 0.581285
vt 0.437500 0.741959
vt 0.781250 0.741959
vt 0.781250 0.619381
vt 0.781250 0.601774
vt 0.781250 0.581284
vt 0.781250 0.542782
vt 0.781250 0.537034
vt 0.781250 0.526221
vt 0.093750 0.601774
vt 0.093750 0.741959
vt 0.125000 0.601774
vt 0.000000 0.537034
vt 0.031250 0.537034
vt 0.031250 0.542782
vt 0.812500 0.741959
vt 0.812500 0.601774
vt 0.187500 0.537034
vt 0.156250 0.537034
vt 0.156250 0.542782
vt 0.187500 0.542782
vt 0.156250 0.581285
vt 0.187500 0.581285
vt 0.136251 0.297255
vt 0.147628 0.318539
vt 0.181593 0.352505
vt 0.202878 0.363881
vt 0.225972 0.370887
vt 0.274007 0.370887
vt 0.318385 0.352505
vt 0.352351 0.318539
vt 0.370725 0.274189
vt 0.373099 0.250081
vt 0.661297 0.213406
vt 0.696654 0.170322
vt 0.713252 0.161451
vt 0.768718 0.155988
vt 0.803324 0.170322
vt 0.838682 0.213405
vt 0.985388 0.203178
vt 0.796822 0.014612
vt 0.750000 0.010000
vt 0.658156 0.028269
vt 0.616663 0.050447
vt 0.528269 0.158156
vt 0.500000 0.741959
vt 0.218750 0.537034
vt 0.218750 0.542782
vt 0.312500 0.526221
vt 0.312500 0.537034
vt 0.312500 0.542782
vt 0.281250 0.581285
vt 0.281250 0.601774
vt 0.281250 0.741959
vt 0.312500 0.741959
vt 0.312500 0.601774
vt 0.312500 0.581285
vt 0.968750 0.537034
vt 0.968750 0.542782
vt 1.000000 0.542782
vt 1.000000 0.581285
vt 0.218750 0.601774
vt 0.218750 0.741959
vt 0.250000 0.741959
vt 0.683473 0.205667
vt 0.705545 0.183594
vt 0.749990 0.170112
vt 0.794436 0.183594
vt 0.816508 0.205666
vt 0.598443 0.219854
vt 0.625000 0.741959
vt 0.625000 0.601774
vt 0.593750 0.601774
vt 0.281250 0.542782
vt 0.281250 0.537034
vt 0.281250 0.526221
vt 0.333682 0.233471
vt 0.320940 0.202710
vt 0.282644 0.171281
vt 0.233341 0.166425
vt 0.202580 0.179167
vt 0.179036 0.202710
vt 0.014611 0.203179
vt 0.028269 0.158156
vt 0.050447 0.116663
vt 0.116663 0.050447
vt 0.158156 0.028269
vt 0.250000 0.010000
vt 0.296822 0.014612
vt 0.449553 0.116663
vt 0.485388 0.203178
vt 0.156250 0.747580
vt 0.187500 0.747580
vt 0.187842 0.744110
vt 0.155908 0.744110
vt 0.170168 0.303478
vt 0.187335 0.343912
vt 0.968750 0.747580
vt 0.969092 0.744110
vt 0.937158 0.744110
vt 0.329734 0.329886
vt 0.343759 0.312797
vt 0.354180 0.293299
vt 0.360591 0.272167
vt 0.906250 0.747580
vt 0.906601 0.744110
vt 0.874665 0.744110
vt 0.227988 0.360751
vt 0.231261 0.344298
vt 0.249989 0.362918
vt 0.271991 0.360751
vt 0.062500 0.747580
vt 0.093750 0.747580
vt 0.062158 0.744110
vt 0.250000 0.747580
vt 0.250365 0.744110
vt 0.218396 0.744110
vt 0.054457 0.330997
vt 0.042409 0.291279
vt 0.038345 0.250027
vt 0.718750 0.747580
vt 0.750000 0.747580
vt 0.750319 0.744110
vt 0.593750 0.747580
vt 0.625000 0.747580
vt 0.593408 0.744110
vt 0.406250 0.741959
vt 0.293146 0.354334
vt 0.312644 0.343912
vt 0.781250 0.747580
vt 0.812500 0.747580
vt 0.812854 0.744110
vt 0.937500 0.747580
vt 0.905908 0.744110
vt 0.145799 0.206986
vt 0.156220 0.187489
vt 0.170168 0.196808
vt 0.170245 0.170399
vt 0.187335 0.156374
vt 0.196654 0.170322
vt 0.182107 0.182261
vt 0.374658 0.744110
vt 0.406592 0.744110
vt 0.249681 0.744110
vt 0.281250 0.747580
vt 0.227988 0.139535
vt 0.249989 0.154143
vt 0.231261 0.155988
vt 0.206832 0.145953
vt 0.437500 0.747580
vt 0.469092 0.744110
vt 0.437158 0.744110
vt 0.125000 0.747580
vt 0.062839 0.744110
vt 0.030904 0.744110
vt 0.156250 0.601774
vt 0.156250 0.741959
vt 0.187500 0.741959
vt 0.187500 0.601774
vt 1.000000 0.872375
vt 0.999501 0.936188
vt 0.969249 0.936188
vt 0.998155 1.000000
vt 0.970595 1.000000
vt 0.968251 0.936188
vt 0.937999 0.936188
vt 0.966905 1.000000
vt 0.939345 1.000000
vt 0.937001 0.936188
vt 0.906749 0.936188
vt 0.935655 1.000000
vt 0.908095 1.000000
vt 0.905751 0.936188
vt 0.875499 0.936188
vt 0.904405 1.000000
vt 0.876845 1.000000
vt 0.326164 0.066124
vt 0.360573 0.084516
vt 0.390733 0.109267
vt 0.874501 0.936188
vt 0.844249 0.936188
vt 0.873155 1.000000
vt 0.845595 1.000000
vt 0.843251 0.936188
vt 0.812999 0.936188
vt 0.841905 1.000000
vt 0.814345 1.000000
vt 0.812001 0.936188
vt 0.781745 0.936188
vt 0.810655 1.000000
vt 0.783087 1.000000
vt 0.780747 0.936188
vt 0.750508 0.936188
vt 0.779396 1.000000
vt 0.751863 1.000000
vt 0.749509 0.936188
vt 0.719245 0.936188
vt 0.748172 1.000000
vt 0.720587 1.000000
vt 0.718247 0.936188
vt 0.687999 0.936188
vt 0.716896 1.000000
vt 0.689345 1.000000
vt 0.552887 0.250000
vt 0.556675 0.211545
vt 0.687001 0.936188
vt 0.656749 0.936188
vt 0.685655 1.000000
vt 0.658095 1.000000
vt 0.655751 0.936188
vt 0.625499 0.936188
vt 0.654405 1.000000
vt 0.626845 1.000000
vt 0.066124 0.326164
vt 0.054798 0.288828
vt 0.050974 0.250000
vt 0.624501 0.936188
vt 0.594249 0.936188
vt 0.623155 1.000000
vt 0.595595 1.000000
vt 0.593251 0.936188
vt 0.562999 0.936188
vt 0.591905 1.000000
vt 0.564345 1.000000
vt 0.367589 0.425984
vt 0.330997 0.445543
vt 0.562001 0.936188
vt 0.531749 0.936188
vt 0.560655 1.000000
vt 0.533095 1.000000
vt 0.530751 0.936188
vt 0.500499 0.936188
vt 0.529405 1.000000
vt 0.501845 1.000000
vt 0.499501 0.936188
vt 0.469249 0.936188
vt 0.498155 1.000000
vt 0.470595 1.000000
vt 0.038345 0.250027
vt 0.042416 0.208696
vt 0.054457 0.169003
vt 0.074016 0.132411
vt 0.468251 0.936188
vt 0.437999 0.936188
vt 0.466905 1.000000
vt 0.439345 1.000000
vt 0.437001 0.936188
vt 0.406749 0.936188
vt 0.435655 1.000000
vt 0.408095 1.000000
vt 0.415484 0.139427
vt 0.405751 0.936188
vt 0.375499 0.936188
vt 0.404405 1.000000
vt 0.376845 1.000000
vt 0.374501 0.936188
vt 0.344249 0.936188
vt 0.373155 1.000000
vt 0.345595 1.000000
vt 0.343251 0.936188
vt 0.312999 0.936188
vt 0.341905 1.000000
vt 0.314345 1.000000
vt 0.312001 0.936188
vt 0.281753 0.936188
vt 0.310655 1.000000
vt 0.283104 1.000000
vt 0.656250 0.741959
vt 0.280755 0.936188
vt 0.250491 0.936188
vt 0.279413 1.000000
vt 0.251828 1.000000
vt 0.249493 0.936188
vt 0.219253 0.936188
vt 0.248137 1.000000
vt 0.220604 1.000000
vt 0.218255 0.936188
vt 0.187999 0.936188
vt 0.216913 1.000000
vt 0.189345 1.000000
vt 0.187001 0.936188
vt 0.156749 0.936188
vt 0.185655 1.000000
vt 0.158095 1.000000
vt 0.586107 0.140490
vt 0.567892 0.174568
vt 0.155751 0.936188
vt 0.125499 0.936188
vt 0.154405 1.000000
vt 0.126845 1.000000
vt 0.124501 0.936188
vt 0.094249 0.936188
vt 0.123155 1.000000
vt 0.095595 1.000000
vt 0.093251 0.936188
vt 0.062999 0.936188
vt 0.091905 1.000000
vt 0.064345 1.000000
vt 0.062001 0.936188
vt 0.031749 0.936188
vt 0.060655 1.000000
vt 0.033095 1.000000
vt 0.030751 0.936188
vt 0.000499 0.936188
vt 0.029405 1.000000
vt 0.001845 1.000000
vt 0.765598 0.171649
vt 0.000000 0.000000
vt 0.249988 0.164786
vt 0.265597 0.171649
vt 0.294436 0.183595
vt 0.328826 0.217463
vt 0.320940 0.297528
vt 0.310328 0.189779
vt 0.696655 0.329964
vt 0.705545 0.316630
vt 0.205545 0.316630
vt 0.656250 0.601774
vt 0.656250 0.741959
vt 0.687500 0.741959
vt 0.593750 0.741959
vt 0.968750 0.741959
vt 0.031250 0.581285
vt 0.062500 0.601774
vt 0.718750 0.741959
vt 0.750000 0.741959
vt 0.500000 0.601775
vt 0.218750 0.581285
vt 0.250000 0.601774
vt 0.343750 0.741959
vt 0.362764 0.250095
vt 0.360604 0.228164
s 0
usemtl Grey-Material
f 1/1/1 2/2/1 586/3/1 579/4/1
f 603/5/2 628/6/2 614/7/2 605/8/2 6/9/2 7/10/2
f 182/11/3 624/12/3 621/13/3 623/14/3 622/15/3 614/16/3 629/17/3 641/18/3 617/19/3 620/20/3 640/21/3 637/22/3 636/23/3 611/24/3 237/25/3 233/26/3 226/27/3 213/28/3 206/29/3 196/30/3 189/31/3
f 577/32/4 630/33/4 558/34/4
f 4/35/5 5/36/5 566/37/5 601/38/5 600/39/5 565/40/5 277/41/5
f 4/35/6 277/41/6 567/42/6 623/43/6 561/44/6 568/45/6 562/46/6 563/47/6 564/48/6
f 591/49/7 638/50/7 604/51/7 9/52/7 10/53/7 590/54/7 596/55/7 593/56/7 592/57/7 278/58/7
f 577/59/8 280/60/8 630/61/8
f 7/62/9 8/63/9 619/64/9 628/65/9 598/66/9 603/67/9 574/68/9 575/69/9 576/70/9 599/71/9
f 11/72/10 537/73/10 557/74/10
f 11/72/11 12/75/11 571/76/11 537/73/11
f 584/77/12 280/60/12 577/59/12
f 558/34/13 630/33/13 627/78/13
f 625/79/14 606/80/14 627/81/14
f 1/82/15 579/83/15 560/84/15
f 1/85/16 13/86/16 12/87/16 11/88/16 10/89/16 9/90/16 8/91/16 7/92/16 6/93/16 5/94/16 4/95/16 3/96/16 2/97/16
f 18/98/17 647/99/17 650/100/17 21/101/17
f 25/102/18 653/103/18 657/104/18 28/105/18
f 28/106/19 657/104/19 660/107/19 31/108/19
f 31/108/20 660/107/20 663/109/20 34/110/20
f 34/110/21 663/109/21 666/111/21 38/112/21
f 38/112/22 666/111/22 670/113/22 42/114/22
f 669/115/16 582/116/16 568/117/16 565/118/16 547/119/16 574/120/16 552/121/16 592/122/16 594/123/16 722/124/16 709/125/16 696/126/16 686/127/16 679/128/16
f 46/129/23 673/130/23 676/131/23 49/132/23
f 49/132/11 676/131/11 680/133/11 52/134/11
f 52/134/24 680/133/24 683/135/24 56/136/24
f 56/136/25 683/135/25 687/137/25 59/138/25
f 59/138/26 687/137/26 690/139/26 62/140/26
f 62/140/27 690/139/27 693/141/27 65/142/27
f 65/142/28 693/141/28 697/143/28 69/144/28
f 69/144/29 697/143/29 700/145/29 72/146/29
f 72/146/1 700/145/1 703/147/1 75/148/1
f 75/149/30 703/147/30 706/150/30 78/151/30
f 78/151/31 706/150/31 710/152/31 82/153/31
f 82/153/32 710/152/32 713/154/32 85/155/32
f 85/155/33 713/154/33 716/156/33 88/157/33
f 88/157/34 716/156/34 719/158/34 92/159/34
f 92/159/35 719/158/35 723/160/35 96/161/35
f 96/161/36 723/160/36 726/162/36 100/163/36
f 100/164/37 726/162/37 729/165/37 103/166/37
f 103/166/38 729/165/38 733/167/38 106/168/38
f 106/168/39 733/167/39 736/169/39 110/170/39
f 110/170/40 736/169/40 739/171/40 113/172/40
f 113/172/41 739/171/41 742/173/41 116/174/41
f 116/174/42 742/173/42 746/175/42 119/176/42
f 119/176/43 746/175/43 643/177/43 15/178/43
f 21/101/44 650/100/44 653/103/44 25/102/44
f 646/179/16 745/180/16 732/181/16 722/124/16 594/123/16 543/182/16 538/183/16 572/184/16 577/185/16 584/186/16 550/187/16 582/116/16 669/115/16 656/188/16
f 15/189/45 18/98/45 20/190/45 17/191/45
f 17/191/46 20/190/46 19/192/46 16/193/46
f 173/194/47 169/195/47 166/196/47 163/197/47 161/198/47 171/199/47
f 18/98/48 21/101/48 23/200/48 20/201/48
f 20/201/49 23/200/49 22/202/49 19/203/49
f 747/204/50 743/205/50 740/206/50 737/207/50 734/208/50 732/181/50 745/180/50
f 21/101/51 25/102/51 27/209/51 23/210/51
f 23/210/52 27/209/52 26/211/52 22/212/52
f 25/102/53 28/105/53 30/213/53 27/214/53
f 27/214/54 30/213/54 29/215/54 26/216/54
f 28/106/55 31/108/55 33/217/55 30/218/55
f 30/218/56 33/217/56 32/219/56 29/220/56
f 31/108/57 34/110/57 36/221/57 33/222/57
f 33/222/58 36/221/58 35/223/58 32/224/58
f 215/225/59 211/226/59 208/227/59 206/29/59 213/28/59
f 34/110/60 38/112/60 40/228/60 36/229/60
f 36/229/61 40/228/61 39/230/61 35/231/61
f 38/112/62 42/114/62 44/232/62 40/233/62
f 40/233/63 44/232/63 43/234/63 39/235/63
f 79/236/64 83/237/64 81/238/64 68/239/64 70/240/64 73/241/64 76/242/64
f 42/114/65 46/129/65 48/243/65 44/244/65
f 44/244/66 48/243/66 47/245/66 43/246/66
f 46/129/67 49/132/67 51/247/67 48/248/67
f 48/248/68 51/247/68 50/249/68 47/250/68
f 22/251/69 26/252/69 24/253/69 14/254/69 16/255/69 19/256/69
f 49/132/70 52/134/70 54/257/70 51/258/70
f 51/258/71 54/257/71 53/259/71 50/260/71
f 35/261/72 39/262/72 37/263/72 24/253/72 26/252/72 29/264/72 32/265/72
f 52/134/73 56/136/73 58/266/73 54/267/73
f 54/267/74 58/266/74 57/268/74 53/269/74
f 56/136/75 59/138/75 61/270/75 58/271/75
f 58/271/76 61/270/76 60/272/76 57/273/76
f 180/274/77 176/275/77 173/194/77 171/199/77 178/276/77
f 59/138/78 62/140/78 64/277/78 61/278/78
f 61/278/79 64/277/79 63/279/79 60/280/79
f 62/140/80 65/142/80 67/281/80 64/282/80
f 64/282/81 67/281/81 66/283/81 63/284/81
f 120/285/82 16/255/82 14/254/82 109/286/82 111/287/82 114/288/82 117/289/82
f 65/142/83 69/144/83 71/290/83 67/291/83
f 67/291/84 71/290/84 70/292/84 66/293/84
f 69/144/85 72/146/85 74/294/85 71/295/85
f 71/295/86 74/294/86 73/296/86 70/297/86
f 72/146/87 75/148/87 77/298/87 74/299/87
f 74/299/88 77/298/88 76/300/88 73/301/88
f 75/149/89 78/151/89 80/302/89 77/303/89
f 77/303/90 80/302/90 79/304/90 76/305/90
f 78/151/91 82/153/91 84/306/91 80/307/91
f 80/307/92 84/306/92 83/308/92 79/309/92
f 82/153/93 85/155/93 87/310/93 84/311/93
f 84/311/94 87/310/94 86/312/94 83/313/94
f 60/314/95 63/315/95 66/316/95 70/240/95 68/239/95 55/317/95 57/318/95
f 85/155/96 88/157/96 90/319/96 87/320/96
f 87/320/97 90/319/97 89/321/97 86/322/97
f 88/157/98 92/159/98 94/323/98 90/324/98
f 90/324/99 94/323/99 93/325/99 89/326/99
f 104/327/100 107/328/100 111/287/100 109/286/100 99/329/100 101/330/100
f 92/159/101 96/161/101 98/331/101 94/332/101
f 94/332/102 98/331/102 97/333/102 93/334/102
f 711/335/103 707/336/103 704/337/103 701/338/103 698/339/103 696/126/103 709/125/103
f 96/161/104 100/163/104 102/340/104 98/341/104
f 98/341/105 102/340/105 101/342/105 97/343/105
f 100/164/106 103/166/106 105/344/106 102/345/106
f 102/345/107 105/344/107 104/346/107 101/347/107
f 103/166/108 106/168/108 108/348/108 105/349/108
f 105/349/109 108/348/109 107/350/109 104/351/109
f 106/168/110 110/170/110 112/352/110 108/353/110
f 108/353/111 112/352/111 111/354/111 107/355/111
f 53/356/112 57/318/112 55/317/112 45/357/112 47/358/112 50/359/112
f 110/170/113 113/172/113 115/360/113 112/361/113
f 112/361/114 115/360/114 114/362/114 111/363/114
f 228/364/115 224/365/115 221/366/115 218/367/115 215/225/115 213/28/115 226/27/115
f 113/172/116 116/174/116 118/368/116 115/369/116
f 115/369/117 118/368/117 117/370/117 114/371/117
f 116/174/118 119/176/118 121/372/118 118/373/118
f 118/373/119 121/372/119 120/374/119 117/375/119
f 688/376/120 684/377/120 681/378/120 679/128/120 686/127/120
f 119/176/121 15/178/121 17/379/121 121/380/121
f 121/380/122 17/379/122 16/381/122 120/382/122
f 14/254/123 24/253/123 37/263/123 41/383/123 564/384/123 588/385/123 586/386/123 579/387/123 560/388/123 571/389/123 537/390/123 557/391/123 95/392/123 99/329/123 109/286/123
f 153/393/43 261/394/43 155/395/43 122/82/43
f 124/2/44 162/396/44 165/397/44 125/398/44
f 125/398/18 165/397/18 168/399/18 126/400/18
f 126/400/19 168/401/19 172/402/19 127/403/19
f 127/403/20 172/404/20 175/405/20 128/406/20
f 128/406/21 175/405/21 179/407/21 129/408/21
f 129/408/22 179/409/22 183/410/22 130/411/22
f 130/411/124 183/412/124 186/413/124 131/414/124
f 131/414/23 186/415/23 190/416/23 132/35/23
f 132/35/11 190/416/11 193/417/11 133/36/11
f 133/36/24 193/418/24 197/419/24 134/420/24
f 134/420/25 197/421/25 200/422/25 135/423/25
f 135/423/26 200/424/26 203/425/26 136/9/26
f 136/9/27 203/426/27 207/427/27 137/10/27
f 137/10/28 207/428/28 210/429/28 138/430/28
f 138/430/29 210/431/29 214/432/29 139/62/29
f 139/62/1 214/433/1 217/434/1 140/63/1
f 140/63/30 217/435/30 220/436/30 141/437/30
f 141/437/31 220/438/31 223/439/31 142/52/31
f 142/52/32 223/440/32 227/441/32 143/53/32
f 143/53/33 227/441/33 230/442/33 144/443/33
f 144/443/34 230/442/34 234/444/34 145/445/34
f 145/445/35 234/446/35 238/447/35 146/448/35
f 146/448/36 238/449/36 241/450/36 147/451/36
f 147/451/37 241/452/37 244/453/37 148/72/37
f 148/72/38 244/453/38 248/454/38 149/75/38
f 149/75/39 248/455/39 251/456/39 150/457/39
f 150/457/40 251/458/40 255/459/40 151/460/40
f 151/460/41 255/461/41 258/462/41 152/463/41
f 152/463/42 258/462/42 261/394/42 153/393/42
f 122/464/125 155/465/125 158/466/125 123/1/125
f 123/1/17 158/467/17 162/396/17 124/2/17
f 122/468/123 123/469/123 124/97/123 125/470/123 126/471/123 127/96/123 128/472/123 129/473/123 130/95/123 563/474/123 587/475/123 545/476/123 540/477/123 578/478/123 559/479/123 570/480/123 536/481/123 556/482/123 146/88/123 147/483/123 148/484/123 149/87/123 150/485/123 151/86/123 152/486/123 153/85/123
f 158/466/126 155/465/126 157/487/126 160/488/126
f 160/488/127 157/487/127 156/489/127 159/490/127
f 162/396/128 158/467/128 160/491/128 164/492/128
f 164/492/129 160/491/129 159/493/129 163/494/129
f 165/397/130 162/396/130 164/495/130 167/496/130
f 167/496/131 164/495/131 163/497/131 166/498/131
f 191/499/132 187/500/132 184/501/132 180/274/132 178/276/132 182/11/132 189/31/132
f 168/399/133 165/397/133 167/502/133 170/503/133
f 170/503/134 167/502/134 166/504/134 169/505/134
f 403/506/135 406/507/135 407/508/135 400/509/135 399/510/135
f 172/402/136 168/401/136 170/511/136 174/512/136
f 174/512/137 170/511/137 169/513/137 173/514/137
f 175/405/138 172/404/138 174/515/138 177/516/138
f 177/516/139 174/515/139 173/517/139 176/518/139
f 645/519/140 747/204/140 745/180/140 646/179/140 648/520/140
f 179/407/141 175/405/141 177/521/141 181/522/141
f 181/522/142 177/521/142 176/523/142 180/524/142
f 183/410/143 179/409/143 181/525/143 185/526/143
f 185/526/144 181/525/144 180/527/144 184/528/144
f 156/529/145 262/530/145 259/531/145 256/532/145 254/533/145 154/534/145
f 186/413/146 183/412/146 185/535/146 188/536/146
f 188/536/147 185/535/147 184/537/147 187/538/147
f 190/416/148 186/415/148 188/539/148 192/540/148
f 192/540/149 188/539/149 187/541/149 191/542/149
f 193/417/150 190/416/150 192/543/150 195/544/150
f 195/544/151 192/543/151 191/545/151 194/546/151
f 235/547/152 231/548/152 228/364/152 226/27/152 233/26/152
f 197/419/153 193/418/153 195/549/153 199/550/153
f 199/550/154 195/549/154 194/551/154 198/552/154
f 200/422/155 197/421/155 199/553/155 202/554/155
f 202/554/156 199/553/156 198/555/156 201/556/156
f 203/425/157 200/424/157 202/557/157 205/558/157
f 205/558/158 202/557/158 201/559/158 204/560/158
f 207/427/159 203/426/159 205/561/159 209/562/159
f 209/562/160 205/561/160 204/563/160 208/564/160
f 346/565/161 359/566/161 353/567/161 455/568/161 458/569/161
f 210/429/162 207/428/162 209/570/162 212/571/162
f 212/571/163 209/570/163 208/572/163 211/573/163
f 256/532/164 252/574/164 249/575/164 247/576/164 254/533/164
f 214/432/165 210/431/165 212/577/165 216/578/165
f 216/578/166 212/577/166 211/579/166 215/580/166
f 217/434/167 214/433/167 216/581/167 219/582/167
f 219/582/168 216/581/168 215/583/168 218/584/168
f 220/436/169 217/435/169 219/585/169 222/586/169
f 222/586/170 219/585/170 218/587/170 221/588/170
f 223/439/171 220/438/171 222/589/171 225/590/171
f 225/590/172 222/589/172 221/591/172 224/592/172
f 227/441/173 223/440/173 225/593/173 229/594/173
f 229/594/174 225/593/174 224/595/174 228/596/174
f 230/442/175 227/441/175 229/597/175 232/598/175
f 232/598/176 229/597/176 228/599/176 231/600/176
f 234/444/177 230/442/177 232/601/177 236/602/177
f 236/602/178 232/601/178 231/603/178 235/604/178
f 238/447/179 234/446/179 236/605/179 240/606/179
f 240/606/180 236/605/180 235/607/180 239/608/180
f 43/609/181 47/358/181 45/357/181 41/383/181 37/263/181 39/262/181
f 241/450/182 238/449/182 240/610/182 243/611/182
f 243/611/183 240/610/183 239/612/183 242/613/183
f 244/453/184 241/452/184 243/614/184 246/615/184
f 246/615/185 243/614/185 242/616/185 245/617/185
f 248/454/186 244/453/186 246/618/186 250/619/186
f 250/619/187 246/618/187 245/620/187 249/621/187
f 251/456/188 248/455/188 250/622/188 253/623/188
f 253/623/189 250/622/189 249/624/189 252/625/189
f 255/459/190 251/458/190 253/626/190 257/627/190
f 257/627/191 253/626/191 252/628/191 256/629/191
f 258/462/192 255/461/192 257/630/192 260/631/192
f 260/631/193 257/630/193 256/632/193 259/633/193
f 698/339/194 694/634/194 691/635/194 688/376/194 686/127/194 696/126/194
f 261/394/195 258/462/195 260/636/195 263/637/195
f 263/637/196 260/636/196 259/638/196 262/639/196
f 163/197/197 159/640/197 156/529/197 154/534/197 161/198/197
f 155/395/198 261/394/198 263/641/198 157/642/198
f 157/642/199 263/641/199 262/643/199 156/644/199
f 264/469/123 265/471/123 266/472/123 267/95/123 268/645/123 269/646/123 270/647/123 271/648/123 272/649/123 273/650/123 274/484/123 275/485/123 276/486/123
f 463/651/125 281/652/125 282/653/125 464/654/125
f 468/655/18 284/656/18 285/657/18 470/658/18
f 470/658/19 285/657/19 286/659/19 472/660/19
f 472/661/20 286/659/20 287/662/20 474/663/20
f 474/663/21 287/662/21 288/664/21 476/665/21
f 476/665/22 288/664/22 289/666/22 478/667/22
f 478/667/124 289/666/124 290/668/124 480/669/124
f 480/669/23 290/668/23 291/670/23 482/671/23
f 482/672/11 291/670/11 292/673/11 484/674/11
f 484/674/24 292/673/24 293/675/24 486/676/24
f 486/677/25 293/675/25 294/678/25 488/679/25
f 488/679/26 294/678/26 295/680/26 490/681/26
f 490/682/27 295/680/27 296/683/27 492/684/27
f 492/685/28 296/683/28 297/686/28 494/687/28
f 494/688/29 297/686/29 298/689/29 496/690/29
f 496/691/1 298/689/1 299/692/1 498/693/1
f 498/693/30 299/692/30 300/694/30 500/695/30
f 500/695/31 300/694/31 301/696/31 502/697/31
f 502/697/32 301/696/32 302/698/32 504/699/32
f 504/699/33 302/698/33 303/700/33 506/701/33
f 506/702/34 303/700/34 304/703/34 508/704/34
f 508/704/35 304/703/35 305/705/35 510/706/35
f 510/706/36 305/705/36 306/707/36 512/708/36
f 512/709/37 306/707/37 307/710/37 514/711/37
f 514/712/38 307/710/38 308/713/38 516/714/38
f 516/715/39 308/713/39 309/716/39 518/717/39
f 518/717/40 309/716/40 310/718/40 520/719/40
f 520/719/41 310/718/41 311/720/41 522/721/41
f 522/721/42 311/720/42 312/722/42 524/723/42
f 282/724/16 281/725/16 312/726/16 311/727/16 310/728/16 309/729/16 308/730/16 307/731/16 306/732/16 305/733/16 595/734/16 544/735/16 539/736/16 573/737/16 602/738/16 542/739/16 585/740/16 551/741/16 583/742/16 562/743/16 289/744/16 288/745/16 287/746/16 286/747/16 285/748/16 284/749/16 283/750/16
f 466/751/44 283/752/44 284/656/44 468/655/44
f 464/753/17 282/653/17 283/752/17 466/751/17
f 524/754/43 312/722/43 281/755/43 463/756/43
f 345/757/125 313/652/125 314/653/125 349/758/125
f 356/759/18 316/656/18 317/657/18 360/760/18
f 360/761/19 317/657/19 318/659/19 363/762/19
f 363/763/20 318/659/20 319/662/20 367/764/20
f 367/765/21 319/662/21 320/664/21 371/766/21
f 371/767/22 320/664/22 321/666/22 375/768/22
f 375/768/124 321/666/124 322/668/124 378/769/124
f 378/770/23 322/668/23 323/670/23 383/771/23
f 383/772/11 323/670/11 324/673/11 386/773/11
f 386/774/24 324/673/24 325/675/24 390/775/24
f 390/776/25 325/675/25 326/678/25 393/777/25
f 393/777/26 326/678/26 327/680/26 396/778/26
f 396/779/27 327/680/27 328/683/27 401/780/27
f 401/780/28 328/683/28 329/686/28 404/781/28
f 404/782/29 329/686/29 330/689/29 408/783/29
f 408/784/1 330/689/1 331/692/1 411/785/1
f 411/785/30 331/692/30 332/694/30 415/786/30
f 415/787/31 332/694/31 333/696/31 418/788/31
f 418/789/32 333/696/32 334/698/32 422/790/32
f 422/791/33 334/698/33 335/700/33 426/792/33
f 426/793/34 335/700/34 336/703/34 429/794/34
f 429/795/35 336/703/35 337/705/35 433/796/35
f 433/797/36 337/705/36 338/707/36 436/798/36
f 436/799/37 338/707/37 339/710/37 439/800/37
f 439/801/38 339/710/38 340/713/38 444/802/38
f 444/803/39 340/713/39 341/716/39 447/804/39
f 447/804/40 341/716/40 342/718/40 451/805/40
f 451/806/41 342/718/41 343/720/41 454/807/41
f 454/808/42 343/720/42 344/722/42 459/809/42
f 314/724/16 313/725/16 344/810/16 343/727/16 342/728/16 341/811/16 340/730/16 339/731/16 338/812/16 337/813/16 336/814/16 335/815/16 334/816/16 333/817/16 332/818/16 331/819/16 330/820/16 329/821/16 328/822/16 327/823/16 326/824/16 325/825/16 324/826/16 323/827/16 322/828/16 321/744/16 320/745/16 319/746/16 318/747/16 317/748/16 316/749/16 315/750/16
f 352/829/44 315/752/44 316/656/44 356/759/44
f 349/830/17 314/653/17 315/752/17 352/831/17
f 459/832/43 344/722/43 313/755/43 345/833/43
f 345/757/200 349/758/200 350/834/200 348/835/200
f 348/835/201 350/834/201 351/836/201 347/837/201
f 362/838/202 365/839/202 366/840/202 359/841/202 358/842/202
f 681/378/203 677/843/203 674/844/203 671/845/203 669/115/203 679/128/203
f 349/830/204 352/831/204 354/846/204 350/847/204
f 350/847/205 354/846/205 355/848/205 351/849/205
f 352/829/206 356/759/206 357/850/206 354/846/206
f 354/846/207 357/850/207 358/842/207 355/848/207
f 355/848/208 358/842/208 359/566/208
f 356/759/209 360/760/209 361/851/209 357/850/209
f 357/850/210 361/851/210 362/838/210 358/842/210
f 392/852/211 395/853/211 400/854/211 389/855/211 388/856/211
f 360/761/212 363/762/212 364/857/212 361/851/212
f 361/851/213 364/857/213 365/839/213 362/838/213
f 363/763/214 367/764/214 369/858/214 364/857/214
f 364/857/215 369/858/215 370/859/215 365/839/215
f 377/860/216 381/861/216 382/862/216 374/863/216 373/864/216
f 367/765/217 371/766/217 372/865/217 369/858/217
f 369/858/218 372/865/218 373/864/218 370/859/218
f 371/767/219 375/768/219 376/866/219 372/865/219
f 372/865/220 376/866/220 377/860/220 373/864/220
f 410/867/221 413/868/221 414/869/221 407/508/221 406/507/221
f 375/768/222 378/769/222 380/870/222 376/866/222
f 376/866/223 380/870/223 381/861/223 377/860/223
f 629/871/224 614/872/224 628/873/224
f 378/770/225 383/771/225 384/874/225 380/870/225
f 380/870/226 384/874/226 385/875/226 381/861/226
f 417/876/227 421/877/227 425/878/227 414/869/227 413/868/227
f 383/772/228 386/773/228 387/879/228 384/874/228
f 384/874/229 387/879/229 388/856/229 385/875/229
f 386/774/230 390/775/230 391/880/230 387/879/230
f 387/879/231 391/880/231 392/852/231 388/856/231
f 446/881/232 449/882/232 450/883/232 443/884/232 442/885/232
f 390/776/233 393/777/233 394/886/233 391/880/233
f 391/880/234 394/886/234 395/853/234 392/852/234
f 393/777/235 396/778/235 398/887/235 394/886/235
f 394/886/236 398/887/236 399/510/236 395/853/236
f 395/853/237 399/510/237 400/854/237
f 374/863/238 382/862/238 379/888/238 368/889/238 366/890/238
f 396/779/239 401/780/239 402/891/239 398/887/239
f 398/887/240 402/891/240 403/506/240 399/510/240
f 351/849/241 355/848/241 359/566/241 346/565/241 347/892/241
f 401/780/242 404/781/242 405/893/242 402/891/242
f 402/891/243 405/893/243 406/507/243 403/506/243
f 404/782/244 408/783/244 409/894/244 405/893/244
f 405/893/245 409/894/245 410/867/245 406/507/245
f 428/895/246 431/896/246 432/897/246 425/898/246 424/899/246
f 408/784/247 411/785/247 412/900/247 409/894/247
f 409/894/248 412/900/248 413/868/248 410/867/248
f 411/785/249 415/786/249 416/901/249 412/900/249
f 412/900/250 416/901/250 417/876/250 413/868/250
f 438/902/251 442/885/251 443/884/251 432/903/251 435/904/251
f 414/869/252 425/878/252 419/905/252 397/906/252 400/509/252 407/508/252
f 415/787/253 418/788/253 420/907/253 416/901/253
f 416/901/254 420/907/254 421/877/254 417/876/254
f 418/789/255 422/790/255 423/908/255 420/907/255
f 420/907/256 423/908/256 424/899/256 421/877/256
f 421/877/257 424/899/257 425/878/257
f 2/400/258 279/909/258 615/910/258 634/911/258 280/912/258 584/77/258 585/913/258 540/914/258 586/3/258
f 422/791/259 426/792/259 427/915/259 423/908/259
f 423/908/260 427/915/260 428/895/260 424/899/260
f 461/916/261 347/917/261 346/565/261 458/569/261 457/918/261
f 426/793/262 429/794/262 430/919/262 427/915/262
f 427/915/263 430/919/263 431/896/263 428/895/263
f 359/841/264 366/890/264 368/889/264 353/567/264
f 429/795/265 433/796/265 434/920/265 430/919/265
f 430/919/266 434/920/266 435/904/266 431/896/266
f 431/896/267 435/904/267 432/897/267
f 433/797/268 436/798/268 437/921/268 434/920/268
f 434/920/269 437/921/269 438/902/269 435/904/269
f 453/922/270 457/918/270 458/569/270 450/883/270 449/882/270
f 436/799/271 439/800/271 441/923/271 437/921/271
f 437/921/272 441/923/272 442/885/272 438/902/272
f 439/801/273 444/802/273 445/924/273 441/923/273
f 441/923/274 445/924/274 446/881/274 442/885/274
f 370/859/275 373/864/275 374/863/275 366/840/275 365/839/275
f 444/803/276 447/804/276 448/925/276 445/924/276
f 445/924/277 448/925/277 449/882/277 446/881/277
f 447/804/278 451/805/278 452/926/278 448/925/278
f 448/925/279 452/926/279 453/922/279 449/882/279
f 425/898/280 432/903/280 443/884/280 440/927/280 419/905/280
f 451/806/281 454/807/281 456/928/281 452/926/281
f 452/926/282 456/928/282 457/918/282 453/922/282
f 454/808/283 459/809/283 460/929/283 456/928/283
f 456/928/284 460/929/284 461/916/284 457/918/284
f 385/875/285 388/856/285 389/855/285 382/862/285 381/861/285
f 671/930/286 667/931/286 664/932/286 661/933/286 658/934/286 656/188/286 669/115/286
f 459/832/287 345/833/287 348/935/287 460/929/287
f 460/929/288 348/935/288 347/917/288 461/916/288
f 455/568/123 353/567/123 368/889/123 379/888/123 397/906/123 419/905/123 440/927/123
f 463/936/46 464/937/46 465/938/46 462/939/46
f 464/753/49 466/751/49 467/940/49 465/938/49
f 466/751/52 468/655/52 469/941/52 467/940/52
f 468/655/54 470/658/54 471/942/54 469/941/54
f 470/658/56 472/660/56 473/943/56 471/942/56
f 472/661/58 474/663/58 475/944/58 473/943/58
f 474/663/61 476/665/61 477/945/61 475/944/61
f 476/665/63 478/667/63 479/946/63 477/945/63
f 478/667/66 480/669/66 481/947/66 479/946/66
f 480/669/68 482/671/68 483/948/68 481/947/68
f 482/672/71 484/674/71 485/949/71 483/948/71
f 484/674/74 486/676/74 487/950/74 485/949/74
f 486/677/76 488/679/76 489/951/76 487/950/76
f 488/679/79 490/681/79 491/952/79 489/951/79
f 490/682/81 492/684/81 493/953/81 491/952/81
f 492/685/84 494/687/84 495/954/84 493/953/84
f 494/688/86 496/690/86 497/955/86 495/954/86
f 496/691/88 498/693/88 499/956/88 497/955/88
f 498/693/90 500/695/90 501/957/90 499/956/90
f 500/695/92 502/697/92 503/958/92 501/957/92
f 502/697/94 504/699/94 505/959/94 503/958/94
f 504/699/97 506/701/97 507/960/97 505/959/97
f 506/702/99 508/704/99 509/961/99 507/960/99
f 508/704/102 510/706/102 511/962/102 509/961/102
f 510/706/105 512/708/105 513/963/105 511/962/105
f 512/709/107 514/711/107 515/964/107 513/963/107
f 514/712/109 516/714/109 517/965/109 515/964/109
f 516/715/111 518/717/111 519/966/111 517/965/111
f 518/717/114 520/719/114 521/967/114 519/966/114
f 520/719/117 522/721/117 523/968/117 521/967/117
f 522/721/119 524/723/119 525/969/119 523/968/119
f 524/754/122 463/756/122 462/939/122 525/969/122
f 462/939/123 465/938/123 467/940/123 469/941/123 471/942/123 473/943/123 475/944/123 477/945/123 479/946/123 481/947/123 483/948/123 485/949/123 487/950/123 489/951/123 491/952/123 493/953/123 495/954/123 497/955/123 499/956/123 501/957/123 503/958/123 505/959/123 507/960/123 509/961/123 511/962/123 513/963/123 515/964/123 517/965/123 519/966/123 521/967/123 523/968/123 525/969/123
f 561/970/289 4/414/289 564/48/289 563/47/289 562/46/289 568/45/289
f 450/883/290 458/569/290 455/568/290 440/927/290 443/884/290
f 8/437/291 597/971/291 596/972/291 553/973/291 552/974/291 619/975/291
f 3/408/292 4/411/292 561/970/292 631/976/292 580/977/292 581/978/292 582/979/292 583/980/292 587/981/292 588/982/292
f 12/457/293 13/460/293 558/983/293 627/984/293 606/80/293 569/985/293
f 579/83/15 578/986/15 559/987/15 560/84/15
f 578/986/294 602/988/294 559/987/294
f 3/408/295 588/982/295 587/981/295 583/980/295 582/979/295 581/978/295 580/977/295 631/976/295 615/989/295 279/990/295
f 571/76/296 536/991/296 537/73/296
f 536/992/297 539/993/297 544/994/297
f 539/993/298 538/995/298 543/996/298 544/994/298
f 154/534/299 254/533/299 247/576/299 237/25/299 611/997/299 607/998/299 626/999/299 618/1000/299 642/1001/299 609/1002/299 633/1003/299 616/1004/299 632/1005/299 624/1006/299 182/11/299 178/276/299 171/199/299 161/198/299
f 2/400/300 3/403/300 279/909/300
f 146/88/123 556/482/123 589/1007/123 596/1008/123 554/1009/123 576/1010/123 548/1011/123 601/1012/123 563/474/123 130/95/123 131/1013/123 132/645/123 133/94/123 134/646/123 135/93/123 136/647/123 137/1014/123 138/1015/123 139/648/123 140/1016/123 141/1017/123 142/649/123 143/89/123 144/1018/123 145/650/123
f 603/67/301 598/66/301 628/1019/301
f 42/114/124 670/113/124 673/130/124 46/129/124
f 389/855/302 400/509/302 397/906/302 379/888/302 382/862/302
f 537/73/303 536/991/303 556/1020/303 557/74/303
f 536/991/304 544/1021/304 556/1020/304
f 590/1022/305 589/1023/305 596/55/305
f 589/1023/20 595/1024/20 593/56/20 596/55/20
f 595/1024/306 592/57/306 593/56/306
f 594/1025/307 555/1026/307 639/1027/307 636/1028/307 278/1029/307 592/1030/307
f 578/1031/308 542/1032/308 602/1033/308
f 542/1032/309 577/1034/309 602/1033/309
f 555/1035/310 610/1036/310 639/1037/310
f 95/392/123 557/391/123 590/1038/123 597/1039/123 599/1040/123 549/1041/123 566/1042/123 564/384/123 41/383/123 45/357/123 55/317/123 68/239/123 81/238/123 91/1043/123
f 613/1044/311 277/1045/311 5/420/311 6/423/311 605/1046/311
f 10/445/312 11/448/312 555/1026/312 594/1025/312 595/1047/312 589/1048/312 590/1049/312
f 595/1047/306 594/1025/306 592/1030/306
f 586/3/313 540/914/313 578/1031/313 579/4/313
f 540/914/1 585/913/1 542/1032/1 578/1031/1
f 585/913/314 584/77/314 577/59/314 542/1032/314
f 289/744/16 562/1050/16 600/1051/16 546/1052/16 575/1053/16 553/1054/16 593/1055/16 595/734/16 305/733/16 304/1056/16 303/1057/16 302/1058/16 301/817/16 300/1059/16 299/1060/16 298/820/16 297/1061/16 296/1062/16 295/823/16 294/824/16 293/825/16 292/1063/16 291/827/16 290/1064/16
f 607/1065/315 611/1066/315 610/1067/315 606/1068/315
f 607/1069/316 625/1070/316 626/999/316
f 608/1071/317 630/1072/317 634/1073/317
f 616/1004/318 633/1003/318 612/1074/318 615/1075/318
f 632/1005/319 616/1004/319 615/1075/319 635/1076/319 631/1077/319
f 612/1078/320 634/1079/320 615/1080/320
f 642/1081/321 618/1082/321 630/1083/321 608/1084/321 609/1002/321
f 618/1000/322 626/999/322 625/1070/322
f 618/1085/323 625/1086/323 627/1087/323
f 611/1088/324 639/1089/324 610/1090/324
f 730/1091/325 727/1092/325 724/1093/325 722/124/325 732/181/325 734/208/325
f 623/1094/326 624/1095/326 631/1096/326
f 614/1097/327 622/1098/327 613/1099/327
f 624/1006/328 632/1005/328 631/1077/328
f 604/51/329 638/50/329 619/1100/329 552/974/329 553/973/329 596/972/329 597/971/329 8/437/329 9/52/329
f 633/1003/330 609/1002/330 608/1101/330 612/1102/330
f 631/1103/331 635/1104/331 615/1105/331
f 612/1078/332 608/1106/332 634/1107/332
f 636/1108/333 637/1109/333 638/1110/333
f 637/1109/334 640/1111/334 638/1110/334
f 640/1111/335 620/1112/335 617/1113/335 638/1114/335
f 638/1115/336 617/1116/336 619/1100/336
f 639/1117/337 611/1088/337 636/1118/337
f 641/1119/338 629/1120/338 628/1121/338
f 617/1122/339 641/1119/339 628/1121/339
f 617/1123/340 628/1124/340 619/1125/340
f 606/80/341 625/1126/341 607/1065/341
f 618/1085/342 627/1127/342 630/1128/342
f 538/995/343 569/1129/343 606/1130/343 610/1131/343 541/1132/343 543/996/343
f 647/99/126 643/1133/126 644/1134/126 649/1135/126
f 649/1135/127 644/1134/127 645/1136/127 648/1137/127
f 650/100/128 647/99/128 649/1138/128 652/1139/128
f 652/1139/129 649/1138/129 648/1140/129 651/1141/129
f 653/103/130 650/100/130 652/1142/130 655/1143/130
f 655/1143/131 652/1142/131 651/1144/131 654/1145/131
f 657/104/133 653/103/133 655/1146/133 659/1147/133
f 659/1147/134 655/1146/134 654/1148/134 658/1149/134
f 204/1150/344 201/1151/344 198/1152/344 196/30/344 206/29/344 208/227/344
f 660/107/136 657/104/136 659/1153/136 662/1154/136
f 662/1154/137 659/1153/137 658/1155/137 661/1156/137
f 663/109/138 660/107/138 662/1157/138 665/1158/138
f 665/1158/139 662/1157/139 661/1159/139 664/1160/139
f 666/111/141 663/109/141 665/1161/141 668/1162/141
f 668/1162/142 665/1161/142 664/1163/142 667/1164/142
f 670/113/345 666/111/345 668/1165/345 672/1166/345
f 672/1166/144 668/1165/144 667/1167/144 671/1168/144
f 673/130/146 670/113/146 672/1169/146 675/1170/146
f 675/1170/147 672/1169/147 671/1171/147 674/1172/147
f 676/131/148 673/130/148 675/1173/148 678/1174/148
f 678/1174/149 675/1173/149 674/1175/149 677/1176/149
f 97/1177/346 101/330/346 99/329/346 95/392/346 91/1043/346 93/1178/346
f 680/133/150 676/131/150 678/1179/150 682/1180/150
f 682/1180/151 678/1179/151 677/1181/151 681/1182/151
f 683/135/153 680/133/153 682/1183/153 685/1184/153
f 685/1184/154 682/1183/154 681/1185/154 684/1186/154
f 249/575/347 245/1187/347 242/1188/347 239/1189/347 235/547/347 233/26/347 237/25/347 247/576/347
f 687/137/155 683/135/155 685/1190/155 689/1191/155
f 689/1191/156 685/1190/156 684/1192/156 688/1193/156
f 690/139/157 687/137/157 689/1194/157 692/1195/157
f 692/1195/158 689/1194/158 688/1196/158 691/1197/158
f 654/1198/348 651/1199/348 648/520/348 646/179/348 656/188/348 658/934/348
f 693/141/159 690/139/159 692/1200/159 695/1201/159
f 695/1201/160 692/1200/160 691/1202/160 694/1203/160
f 697/143/162 693/141/162 695/1204/162 699/1205/162
f 699/1205/163 695/1204/163 694/1206/163 698/1207/163
f 700/145/165 697/143/165 699/1208/165 702/1209/165
f 702/1209/166 699/1208/166 698/1210/166 701/1211/166
f 724/1212/349 720/1213/349 717/1214/349 714/1215/349 711/335/349 709/125/349 722/124/349
f 703/147/167 700/145/167 702/1216/167 705/1217/167
f 705/1217/168 702/1216/168 701/1218/168 704/1219/168
f 706/150/169 703/147/169 705/1220/169 708/1221/169
f 708/1221/170 705/1220/170 704/1222/170 707/1223/170
f 198/1152/350 194/1224/350 191/499/350 189/31/350 196/30/350
f 710/152/171 706/150/171 708/1225/171 712/1226/171
f 712/1226/172 708/1225/172 707/1227/172 711/1228/172
f 713/154/173 710/152/173 712/1229/173 715/1230/173
f 715/1230/174 712/1229/174 711/1231/174 714/1232/174
f 716/156/175 713/154/175 715/1233/175 718/1234/175
f 718/1234/176 715/1233/176 714/1235/176 717/1236/176
f 719/158/177 716/156/177 718/1237/177 721/1238/177
f 721/1238/178 718/1237/178 717/1239/178 720/1240/178
f 613/1044/351 622/1241/351 277/1045/351
f 723/160/179 719/158/179 721/1242/179 725/1243/179
f 725/1243/180 721/1242/180 720/1244/180 724/1245/180
f 726/162/182 723/160/182 725/1246/182 728/1247/182
f 728/1247/183 725/1246/183 724/1248/183 727/1249/183
f 729/165/184 726/162/184 728/1250/184 731/1251/184
f 731/1251/185 728/1250/185 727/1252/185 730/1253/185
f 733/167/186 729/165/186 731/1254/186 735/1255/186
f 735/1255/187 731/1254/187 730/1256/187 734/1257/187
f 86/1258/352 89/1259/352 93/1178/352 91/1043/352 81/238/352 83/237/352
f 736/169/188 733/167/188 735/1260/188 738/1261/188
f 738/1261/189 735/1260/189 734/1262/189 737/1263/189
f 739/171/190 736/169/190 738/1264/190 741/1265/190
f 741/1265/191 738/1264/191 737/1266/191 740/1267/191
f 742/173/192 739/171/192 741/1268/192 744/1269/192
f 744/1269/193 741/1268/193 740/1270/193 743/1271/193
f 746/175/195 742/173/195 744/1272/195 748/1273/195
f 748/1273/196 744/1272/196 743/1274/196 747/1275/196
f 643/177/198 746/175/198 748/1276/198 644/1277/198
f 644/1277/199 748/1276/199 747/1278/199 645/1279/199
f 15/189/125 643/1133/125 647/99/125 18/98/125
f 543/996/353 541/1132/353 610/1036/353 555/1035/353
f 12/457/354 569/1129/354 538/995/354 539/993/354 536/992/354 571/76/354
f 548/1011/355 549/1280/355 599/1040/355 603/1281/355 576/1010/355
f 546/1052/356 575/1282/356 603/1281/356 574/1283/356 547/1284/356 605/1281/356
f 600/1285/357 562/743/357 583/742/357 551/1286/357 550/187/357 582/116/357 568/117/357 565/118/357 547/1284/357 605/1281/357 546/1287/357
f 570/1288/358 573/737/358 539/736/358 569/1281/358
f 571/1289/359 558/1281/359 572/1290/359 538/183/359 569/1281/359
f 581/1281/360 555/1281/360 541/1281/360 569/1281/360 279/1281/360
f 277/1291/361 622/1292/361 623/1293/361 567/42/361
f 605/8/362 614/7/362 613/1294/362
f 280/912/363 634/911/363 630/1295/363
f 13/463/364 1/393/364 560/84/364 559/987/364 602/988/364 577/1296/364 558/1297/364
f 623/1298/365 631/1299/365 561/44/365
f 7/62/366 599/71/366 576/70/366 575/69/366 574/68/366 603/1300/366
f 11/451/367 557/74/367 556/1020/367 544/1021/367 543/1301/367 555/1302/367
f 278/1029/368 636/1028/368 638/1303/368 591/49/368
f 621/13/369 624/1304/369 623/1305/369
f 277/1291/370 565/40/370 600/39/370 601/38/370 566/37/370 5/420/370
l 230 238
l 527 529
l 529 528
l 528 526
l 530 531
l 530 526
l 534 532
l 535 534
l 533 535
l 527 532
l 531 580
l 581 561
l 545 551
l 549 605
l 570 558
l 605 277
l 277 561
l 278 555
l 604 278
l 603 605
l 277 278
o Plug.004
v 0.001429 0.009217 -0.010894
v 0.001455 0.009180 -0.011171
v 0.001832 0.009418 -0.010545
v 0.002199 0.009718 -0.010759
v 0.002091 0.009498 -0.010621
v 0.001657 0.009193 -0.010990
v 0.001734 0.009271 -0.011252
v 0.001819 0.009247 -0.010897
v 0.001962 0.009348 -0.011120
v 0.001798 0.009331 -0.010695
v 0.002143 0.009577 -0.011003
v 0.002039 0.009374 -0.010836
v 0.001832 0.010849 -0.008067
v 0.002199 0.011184 -0.008219
v 0.002091 0.010954 -0.008099
v 0.001443 0.011144 -0.007611
v 0.001463 0.011415 -0.007539
v 0.001798 0.010936 -0.007917
v 0.002143 0.011325 -0.007976
v 0.002039 0.011079 -0.007884
v 0.001819 0.011068 -0.007743
v 0.001962 0.011311 -0.007719
v 0.001657 0.011122 -0.007649
v 0.001734 0.011387 -0.007587
v -0.001834 0.009418 -0.010545
v -0.002201 0.009718 -0.010759
v -0.002093 0.009498 -0.010621
v -0.001432 0.009217 -0.010894
v -0.001465 0.009244 -0.011300
v -0.001930 0.009329 -0.010756
v -0.002117 0.009462 -0.010922
v -0.001822 0.009247 -0.010897
v -0.001965 0.009348 -0.011120
v -0.001659 0.009193 -0.010990
v -0.001737 0.009271 -0.011252
v -0.001445 0.011144 -0.007611
v -0.001465 0.011415 -0.007539
v -0.001974 0.010880 -0.008069
v -0.002173 0.011061 -0.008151
v -0.001659 0.011122 -0.007649
v -0.001737 0.011387 -0.007587
v -0.001822 0.011068 -0.007743
v -0.001965 0.011311 -0.007719
v -0.001800 0.010936 -0.007917
v -0.002145 0.011325 -0.007976
v -0.002041 0.011079 -0.007884
v -0.000001 0.007369 0.002145
v -0.000001 0.010317 -0.006287
v -0.000001 0.012136 -0.007337
v -0.001468 0.013788 -0.008876
v 0.001466 0.013788 -0.008876
v 0.001746 0.013760 -0.008924
v -0.001748 0.013760 -0.008924
v 0.002143 0.013562 -0.009268
v 0.001984 0.013681 -0.009062
v -0.001986 0.013681 -0.009062
v -0.002145 0.013562 -0.009268
v -0.002201 0.013421 -0.009511
v 0.002199 0.013421 -0.009511
v -0.002201 0.011955 -0.012051
v 0.002199 0.011955 -0.012051
v 0.002143 0.011814 -0.012294
v 0.001984 0.011695 -0.012500
v 0.001746 0.011616 -0.012638
v 0.001466 0.011588 -0.012686
v -0.001468 0.011588 -0.012686
v -0.001748 0.011616 -0.012638
v -0.001986 0.011695 -0.012500
v -0.002145 0.011814 -0.012294
v -0.002201 0.007369 0.002145
v -0.002934 0.006688 0.001828
v -0.002482 0.007317 0.002121
v -0.002720 0.007169 0.002052
v -0.002879 0.006948 0.001949
v -0.002934 0.009887 -0.007321
v -0.002201 0.010317 -0.006287
v -0.002879 0.010030 -0.006977
v -0.002720 0.010162 -0.006660
v -0.002482 0.010263 -0.006418
v -0.002934 0.013486 -0.009399
v -0.002201 0.013565 -0.008162
v -0.002201 0.014041 -0.008437
v -0.002879 0.013662 -0.009010
v -0.002720 0.013739 -0.008638
v -0.002482 0.013705 -0.008341
v -0.002934 0.002716 -0.000024
v -0.002201 0.002052 -0.000334
v -0.002879 0.002462 -0.000143
v -0.002720 0.002246 -0.000243
v -0.002482 0.002102 -0.000310
v -0.002201 0.011335 -0.013125
v -0.002934 0.011890 -0.012163
v -0.002519 0.011686 -0.012516
v -0.002482 0.011377 -0.013052
v -0.002720 0.011497 -0.012843
v -0.002879 0.011678 -0.012531
v -0.002934 0.006409 -0.007756
v -0.002201 0.005811 -0.008204
v -0.002879 0.006181 -0.007927
v -0.002720 0.005987 -0.008072
v -0.002482 0.005857 -0.008170
v -0.002934 0.008638 -0.010285
v -0.002201 0.008832 -0.011679
v -0.002879 0.008712 -0.010819
v -0.002720 0.008775 -0.011271
v -0.002482 0.008817 -0.011573
v -0.002934 0.007986 -0.009861
v -0.002201 0.008035 -0.011160
v -0.002879 0.008004 -0.010355
v -0.002720 0.008020 -0.010776
v -0.002482 0.008031 -0.011058
v -0.002934 0.007407 -0.009291
v -0.002201 0.007213 -0.010352
v -0.002879 0.007333 -0.009694
v -0.002720 0.007270 -0.010038
v -0.002482 0.007228 -0.010269
v -0.002934 0.006879 -0.008589
v -0.002201 0.006446 -0.009334
v -0.002879 0.006715 -0.008872
v -0.002720 0.006575 -0.009113
v -0.002482 0.006481 -0.009275
v 0.002199 0.002052 -0.000334
v 0.002932 0.002716 -0.000024
v 0.002480 0.002102 -0.000310
v 0.002717 0.002246 -0.000243
v 0.002876 0.002462 -0.000143
v 0.002932 0.006409 -0.007756
v 0.002199 0.005811 -0.008204
v 0.002876 0.006181 -0.007927
v 0.002717 0.005987 -0.008072
v 0.002480 0.005857 -0.008170
v 0.002932 0.011890 -0.012163
v 0.002199 0.011335 -0.013125
v 0.002876 0.011678 -0.012531
v 0.002717 0.011497 -0.012843
v 0.002480 0.011377 -0.013051
v 0.002199 0.006446 -0.009334
v 0.002932 0.006879 -0.008589
v 0.002480 0.006481 -0.009275
v 0.002717 0.006575 -0.009113
v 0.002876 0.006715 -0.008872
v 0.002199 0.007213 -0.010352
v 0.002932 0.007407 -0.009291
v 0.002480 0.007228 -0.010269
v 0.002717 0.007270 -0.010038
v 0.002876 0.007333 -0.009695
v 0.002199 0.008035 -0.011160
v 0.002932 0.007986 -0.009861
v 0.002480 0.008031 -0.011058
v 0.002717 0.008020 -0.010776
v 0.002876 0.008004 -0.010355
v 0.002199 0.008832 -0.011679
v 0.002932 0.008638 -0.010285
v 0.002480 0.008817 -0.011573
v 0.002717 0.008775 -0.011271
v 0.002876 0.008712 -0.010819
v 0.002932 0.006688 0.001828
v 0.002199 0.007369 0.002145
v 0.002876 0.006948 0.001949
v 0.002717 0.007169 0.002052
v 0.002480 0.007317 0.002121
v 0.002932 0.009887 -0.007321
v 0.002199 0.010317 -0.006287
v 0.002876 0.010030 -0.006977
v 0.002717 0.010162 -0.006660
v 0.002480 0.010263 -0.006418
v 0.002199 0.013565 -0.008162
v 0.002932 0.013486 -0.009399
v 0.002516 0.013690 -0.009046
v 0.002199 0.014041 -0.008437
v 0.002480 0.013705 -0.008341
v 0.002717 0.013739 -0.008638
v 0.002876 0.013662 -0.009010
vn -1.0000 -0.0000 -0.0000
vn -0.0131 0.5211 0.8534
vn -0.0000 -0.4909 -0.8712
vn 0.1979 -0.4808 -0.8542
vn 1.0000 0.0023 -0.0068
vn 0.9891 -0.0689 -0.1302
vn 0.8017 -0.2939 -0.5205
vn 0.5555 -0.4062 -0.7255
vn -0.3771 0.8378 -0.3948
vn -0.9031 0.4279 -0.0353
vn -0.3767 0.8398 -0.3910
vn -0.5112 0.8575 0.0578
vn -0.8146 0.5551 0.1681
vn -0.3928 0.9063 0.1556
vn 0.0498 0.9909 -0.1249
vn -0.2475 0.9457 0.2106
vn -0.1424 0.2662 -0.9533
vn -0.0800 0.7972 -0.5985
vn -0.3928 0.3184 -0.8627
vn -0.3767 0.7585 -0.5318
vn -0.5112 0.3787 -0.7715
vn -0.8146 0.1319 -0.5647
vn -0.3771 0.7608 -0.5281
vn -0.9031 0.2445 -0.3530
vn -0.9230 0.3333 -0.1925
vn -0.3836 0.7998 -0.4617
vn -0.1351 0.9879 0.0766
vn 0.1419 0.9589 0.2458
vn 0.3928 0.9063 0.1556
vn 0.5879 0.8088 -0.0133
vn 0.3873 0.7724 -0.5034
vn 0.6552 0.7419 -0.1426
vn 0.9183 0.3775 -0.1191
vn 0.0112 0.9998 -0.0138
vn 0.1424 0.2662 -0.9533
vn 0.0800 0.7972 -0.5985
vn 0.3928 0.3184 -0.8627
vn 0.4640 0.5637 -0.6834
vn 0.8146 0.1319 -0.5647
vn 0.3289 0.7011 -0.6327
vn 0.7050 0.5963 -0.3840
vn 0.8739 0.2032 -0.4416
vn -0.0000 0.2588 -0.9659
vn 0.9228 0.3383 -0.1844
vn 0.7066 0.6080 -0.3620
vn 0.3828 0.8048 -0.4535
vn 0.0033 0.8632 -0.5049
vn -0.0000 0.9440 0.3301
vn -0.0000 0.5000 0.8660
vn -0.0000 -0.4226 0.9063
vn -0.0000 -0.9024 -0.4310
vn -0.0000 -0.7012 -0.7130
vn -0.0000 -0.5457 -0.8380
vn -0.0000 -0.5000 -0.8660
vn -0.0000 -0.8714 -0.4906
vn -0.0000 0.8660 -0.5000
vn -0.9808 0.0975 0.1690
vn -0.5555 0.4253 0.7145
vn -0.8017 -0.2939 -0.5205
vn -0.9808 -0.0975 -0.1690
vn -0.1979 -0.4808 -0.8542
vn 0.9694 0.1277 0.2097
vn -0.5555 -0.4062 -0.7255
vn 0.5555 0.4253 0.7145
vn -0.0619 0.5203 0.8517
vn 0.1979 0.4994 0.8435
vn 0.8314 0.2873 0.4756
vn -0.8017 0.3038 0.5148
vn -0.1818 0.9053 -0.3840
vn -0.5155 0.8558 0.0435
vn -0.5710 0.6282 0.5285
vn -0.2884 0.4788 0.8292
vn -0.2599 0.9122 0.3168
vn -0.5771 0.7722 0.2658
vn -0.8286 0.5294 0.1823
vn -0.9788 0.1933 0.0672
vn -0.3741 0.4579 0.8065
vn -0.7274 0.3334 0.5998
vn -0.9112 0.2003 0.3599
vn -0.9903 0.0688 0.1209
vn -0.0000 -0.7991 -0.6012
vn -0.9810 -0.1688 -0.0952
vn -0.8340 -0.4804 -0.2714
vn -0.5612 -0.7206 -0.4070
vn -0.2018 -0.8532 -0.4810
vn -0.9833 -0.1456 -0.1095
vn -0.8499 -0.4212 -0.3167
vn -0.5871 -0.6470 -0.4865
vn -0.2171 -0.7801 -0.5868
vn -0.9867 -0.1138 -0.1157
vn -0.8760 -0.3382 -0.3439
vn -0.6324 -0.5432 -0.5523
vn -0.2423 -0.6803 -0.6917
vn -0.9906 -0.0747 -0.1144
vn -0.9074 -0.2305 -0.3514
vn -0.6953 -0.3941 -0.6010
vn -0.2809 -0.5248 -0.8035
vn -0.9915 -0.0651 -0.1128
vn -0.9149 -0.2019 -0.3497
vn -0.7112 -0.3515 -0.6088
vn -0.2886 -0.4787 -0.8292
vn -0.9808 -0.1762 -0.0842
vn -0.8314 -0.5014 -0.2395
vn -0.5559 -0.7501 -0.3583
vn -0.1962 -0.8848 -0.4226
vn 0.9810 -0.1688 -0.0952
vn 0.8340 -0.4804 -0.2714
vn 0.5612 -0.7206 -0.4070
vn 0.2018 -0.8532 -0.4810
vn 0.9833 -0.1456 -0.1095
vn 0.8499 -0.4212 -0.3167
vn 0.5871 -0.6470 -0.4865
vn 0.2171 -0.7801 -0.5868
vn 0.9867 -0.1138 -0.1157
vn 0.8760 -0.3382 -0.3439
vn 0.6323 -0.5432 -0.5523
vn 0.2423 -0.6803 -0.6917
vn 0.9906 -0.0747 -0.1144
vn 0.9074 -0.2305 -0.3514
vn 0.6954 -0.3941 -0.6010
vn 0.2809 -0.5248 -0.8036
vn 0.9915 -0.0651 -0.1128
vn 0.9149 -0.2019 -0.3497
vn 0.7112 -0.3515 -0.6088
vn 0.2886 -0.4788 -0.8292
vn 0.9808 -0.1762 -0.0842
vn 0.8314 -0.5014 -0.2395
vn 0.5559 -0.7501 -0.3583
vn 0.1962 -0.8848 -0.4226
vn 0.3702 0.9266 0.0667
vn 0.2599 0.9122 0.3168
vn 0.5771 0.7722 0.2658
vn 0.8286 0.5294 0.1823
vn 0.9788 0.1933 0.0672
vn 0.9903 0.0688 0.1209
vn 0.9112 0.2003 0.3599
vn 0.7274 0.3334 0.5998
vn 0.3741 0.4579 0.8065
vn 1.0000 -0.0000 -0.0000
vt 0.395833 0.541667
vt 0.395833 0.708333
vt 0.542603 0.708333
vt 0.542603 0.541667
vt 0.395833 0.291667
vt 0.395833 0.458333
vt 0.542603 0.458333
vt 0.542604 0.291667
vt 0.395833 0.791667
vt 0.395833 0.958333
vt 0.542603 0.958333
vt 0.542603 0.791667
vt 0.395833 0.958333
vt 0.395833 0.974278
vt 0.542603 0.974278
vt 0.542603 0.958333
vt 0.395833 0.041667
vt 0.395833 0.208333
vt 0.542604 0.208333
vt 0.542603 0.041667
vt 0.395833 0.025722
vt 0.395833 0.041667
vt 0.542603 0.025722
vt 0.395833 0.000000
vt 0.395833 0.025722
vt 0.542603 0.000000
vt 0.395833 0.974278
vt 0.395833 1.000000
vt 0.542603 1.000000
vt 0.542603 0.974278
vt 0.364262 0.541125
vt 0.374980 0.541672
vt 0.373868 0.525503
vt 0.363712 0.527332
vt 0.387856 0.541668
vt 0.395833 0.541667
vt 0.394952 0.525722
vt 0.386895 0.525662
vt 0.360720 0.514280
vt 0.384198 0.504084
vt 0.370875 0.504125
vt 0.394952 0.525722
vt 0.380251 0.484331
vt 0.366772 0.485455
vt 0.363889 0.485143
vt 0.334565 0.499401
vt 0.336628 0.507986
vt 0.367084 0.481949
vt 0.380325 0.483375
vt 0.374681 0.459285
vt 0.374681 0.790715
vt 0.387788 0.791416
vt 0.380328 0.766622
vt 0.367086 0.768048
vt 0.352815 0.743013
vt 0.360569 0.734748
vt 0.353654 0.727399
vt 0.366775 0.764541
vt 0.380254 0.765666
vt 0.384205 0.745908
vt 0.370882 0.745867
vt 0.373871 0.724494
vt 0.363573 0.721689
vt 0.392450 0.745924
vt 0.394955 0.724275
vt 0.386898 0.724334
vt 0.374980 0.708328
vt 0.364119 0.707797
vt 0.394955 0.724275
vt 0.395833 0.708333
vt 0.387856 0.708332
vt 0.212831 0.465254
vt 0.171638 0.494474
vt 0.254619 0.410124
vt 0.387225 0.292253
vt 0.322155 0.350287
vt 0.305976 0.346948
vt 0.299900 0.350454
vt 0.295802 0.337458
vt 0.266140 0.388548
vt 0.320715 0.351243
vt 0.243862 0.410314
vt 0.316774 0.337416
vt 0.314109 0.325023
vt 0.292960 0.325729
vt 0.185094 0.487716
vt 0.199705 0.481811
vt 0.299036 0.315833
vt 0.315548 0.322327
vt 0.371938 0.212667
vt 0.327274 0.324759
vt 0.395833 0.208333
vt 0.387161 0.209474
vt 0.167272 0.500000
vt 0.332728 0.500000
vt 0.375000 0.973056
vt 0.387861 0.973945
vt 0.387861 0.958490
vt 0.375000 0.958927
vt 0.153226 0.721774
vt 0.147311 0.727689
vt 0.159834 0.726224
vt 0.138600 0.738129
vt 0.156477 0.733912
vt 0.387861 0.999463
vt 0.387861 0.974816
vt 0.375000 0.976250
vt 0.141134 0.718476
vt 0.129049 0.725129
vt 0.136872 0.736399
vt 0.387861 0.025184
vt 0.387861 0.000537
vt 0.125124 0.708920
vt 0.128085 0.722899
vt 0.375000 0.041073
vt 0.387861 0.041511
vt 0.375000 0.026944
vt 0.387861 0.026055
vt 0.375000 0.957728
vt 0.387861 0.958174
vt 0.387861 0.791826
vt 0.375000 0.792272
vt 0.387861 0.041826
vt 0.387861 0.208174
vt 0.375000 0.042272
vt 0.146981 0.705122
vt 0.169735 0.728162
vt 0.335893 0.732593
vt 0.347467 0.732510
vt 0.356582 0.718961
vt 0.357097 0.707527
vt 0.357341 0.540803
vt 0.356821 0.529515
vt 0.353908 0.521092
vt 0.347761 0.515903
vt 0.336279 0.515577
vt 0.220904 0.464475
vt 0.239854 0.434606
vt 0.244385 0.424565
vt 0.230741 0.439285
vt 0.750000 0.625000
vt 0.843750 0.625000
vt 0.843750 0.750000
vt 0.750000 0.750000
vt 0.000000 0.000000
vt 0.375000 0.781250
vt 0.362925 0.756349
vt 0.378036 0.752813
vt 0.394289 0.750747
vt 0.406257 0.750000
vt 0.592985 0.750000
vt 0.605242 0.750745
vt 0.621889 0.751964
vt 0.637056 0.756127
vt 0.625000 0.781250
vt 0.625000 0.875000
vt 0.625000 0.968750
vt 0.777994 0.826651
vt 0.788541 0.829311
vt 0.745552 0.832540
vt 0.592985 1.000000
vt 0.406257 1.000000
vt 0.253383 0.832513
vt 0.211447 0.830092
vt 0.222013 0.826844
vt 0.375000 0.968750
vt 0.156250 0.579262
vt 0.343750 0.579262
vt 0.343750 0.750000
vt 0.156250 0.750000
vt 0.343750 0.529258
vt 0.156250 0.529258
vt 0.156250 0.500000
vt 0.343750 0.500000
vt 0.409188 0.468750
vt 0.409187 0.281250
vt 0.437974 0.281250
vt 0.437976 0.468750
vt 0.467618 0.281250
vt 0.467619 0.468750
vt 0.778954 0.750000
vt 0.525023 0.444191
vt 0.095924 0.051283
vt 0.371693 0.198717
vt 0.381684 0.333980
vt 0.328656 0.382373
vt 0.257826 0.456636
vt 0.217242 0.510675
vt 0.206061 0.543551
vt 0.218770 0.750000
vt 0.343750 0.579262
vt 0.156250 0.579262
vt 0.156250 0.553893
vt 0.343750 0.553893
vt 0.406869 0.229576
vt 0.360512 0.213990
vt 0.384757 0.230282
vt 0.405311 0.248741
vt 0.419045 0.266846
vt 0.423867 0.281255
vt 0.423868 0.398575
vt 0.419046 0.405249
vt 0.405312 0.401327
vt 0.384758 0.386820
vt 0.360513 0.364226
vt 0.107091 0.104509
vt 0.060746 0.059281
vt 0.095925 0.102567
vt 0.371696 0.397434
vt 0.408405 0.436025
vt 0.458255 0.487230
vt 0.465651 0.478251
vt 0.542964 0.525722
vt 0.545526 0.483910
vt 0.388689 0.483910
vt 0.392443 0.504068
vt 0.543990 0.504068
vt 0.542962 0.724275
vt 0.543987 0.745924
vt 0.542963 0.724275
vt 0.545525 0.766087
vt 0.388691 0.766087
vt 0.395833 0.791667
vt 0.060746 0.059281
vt 0.082846 0.079537
vt 0.062292 0.058256
vt 0.048558 0.044196
vt 0.043736 0.038912
vt 0.043736 0.031235
vt 0.048558 0.033685
vt 0.062292 0.041653
vt 0.082846 0.053338
vt 0.107091 0.067251
vt 0.371693 0.198717
vt 0.542604 0.208333
vt 0.570644 0.324759
vt 0.392450 0.745924
vt 0.388691 0.766087
vt 0.569616 0.337401
vt 0.329788 0.337401
vt 0.333538 0.351538
vt 0.568082 0.351538
vt 0.395833 0.458333
vt 0.388689 0.483910
vt 0.545526 0.483910
vt 0.395833 0.291667
vt 0.327274 0.324759
vt 0.329788 0.337401
vt 0.064488 0.036230
vt 0.051675 0.034188
vt 0.070074 0.050355
vt 0.111918 0.079942
vt 0.867184 0.632720
vt 0.875000 0.625000
vt 0.589030 0.476556
vt 0.015004 0.011037
vt 0.086061 0.061472
vt 0.156250 0.553893
vt 0.156250 0.529258
vt 0.468315 0.269291
vt 0.470303 0.259153
vt 0.473277 0.252379
vt 0.476785 0.250000
vt 0.179997 0.528540
vt 0.173420 0.558534
vt 0.125000 0.553942
vt 0.125000 0.579266
vt 0.144291 0.553906
vt 0.144291 0.579263
vt 0.225514 0.467072
vt 0.125000 0.530353
vt 0.144291 0.529548
vt 0.341785 0.350001
vt 0.396780 0.262192
vt 0.137412 0.517061
vt 0.125000 0.527980
vt 0.125000 0.501277
vt 0.144291 0.500339
vt 0.144291 0.528919
vt 0.401765 0.301325
vt 0.437883 0.250000
vt 0.410467 0.250000
vt 0.437951 0.269291
vt 0.409527 0.269291
vt 0.408402 0.218342
vt 0.467617 0.250000
vt 0.656250 0.625000
vt 0.656250 0.750000
vt 0.390725 0.557360
vt 0.391241 0.576429
vt 0.384808 0.577440
vt 0.384267 0.555936
vt 0.375000 0.579266
vt 0.375000 0.553942
vt 0.355709 0.579263
vt 0.355709 0.553906
vt 0.393073 0.539614
vt 0.385695 0.534952
vt 0.375000 0.529166
vt 0.355709 0.529233
vt 0.401671 0.524378
vt 0.395374 0.516506
vt 0.375000 0.501278
vt 0.355709 0.500339
vt 0.418384 0.513987
vt 0.422120 0.508391
vt 0.377800 0.500000
vt 0.437384 0.500000
vt 0.437705 0.500000
vt 0.410468 0.500000
vt 0.409527 0.480709
vt 0.437905 0.480709
vt 0.438064 0.500000
vt 0.437999 0.480709
vt 0.011485 0.011037
vt 0.041734 0.040701
vt 0.082056 0.081538
vt 0.129939 0.129939
vt 0.653707 0.632720
vt 0.625000 0.625000
vt 0.469674 0.519425
vt 0.440283 0.502716
vt 0.095925 0.102567
vt 0.063413 0.067903
vt 0.061473 0.061473
s 0
usemtl Connector-Material
f 752/1306/371 762/1307/371 807/1308/371 809/1309/371
f 777/1310/372 750/1311/372 813/1312/372 814/1313/372
f 765/1314/373 785/1315/373 798/1316/373 799/1317/373
f 785/1318/374 789/1319/374 801/1320/374 798/1321/374
f 787/1322/375 774/1323/375 808/1324/375 806/1325/375
f 793/1326/376 787/1327/376 806/1325/376 805/1328/376
f 791/1329/377 793/1330/377 805/1328/377 804/1331/377
f 789/1332/378 791/1333/378 804/1334/378 801/1335/378
f 751/1336/379 753/1337/379 760/1338/379 758/1339/379
f 753/1340/380 752/1341/380 759/1342/380 760/1343/380
f 758/1339/381 760/1338/381 756/1344/381
f 760/1343/382 757/1345/382 756/1346/382
f 760/1343/383 759/1347/383 757/1345/383
f 756/1346/384 757/1345/384 755/1348/384 754/1349/384
f 754/1350/385 750/1351/385 749/1352/385
f 754/1353/386 755/1354/386 750/1355/386
f 764/1356/387 765/1357/387 772/1358/387 771/1359/387
f 771/1360/388 769/1361/388 766/1362/388
f 771/1363/389 772/1364/389 770/1365/389 769/1366/389
f 769/1366/390 768/1367/390 766/1368/390
f 769/1366/391 770/1365/391 768/1367/391
f 770/1369/392 767/1370/392 768/1371/392
f 766/1368/393 768/1367/393 763/1372/393 761/1373/393
f 768/1371/394 767/1374/394 762/1375/394 763/1376/394
f 752/1306/395 753/1340/395 763/1376/395 762/1307/395
f 753/1337/396 751/1336/396 761/1373/396 763/1372/396
f 776/1377/397 777/1378/397 782/1379/397
f 777/1380/398 783/1381/398 782/1382/398
f 782/1383/399 781/1384/399 780/1385/399
f 782/1383/399 783/1386/399 781/1384/399
f 780/1385/400 781/1384/400 778/1387/400
f 781/1388/400 779/1389/400 778/1390/400
f 778/1387/401 775/1391/401 773/1392/401
f 778/1393/402 779/1394/402 775/1395/402
f 779/1396/403 774/1397/403 775/1398/403
f 777/1399/404 776/1377/404 749/1352/404 750/1400/404
f 788/1401/405 789/1402/405 785/1403/405 784/1404/405
f 792/1405/406 790/1406/406 788/1407/406
f 790/1406/407 791/1408/407 788/1409/407
f 791/1410/407 789/1411/407 788/1412/407
f 792/1413/408 794/1414/408 791/1415/408 790/1406/408
f 794/1416/409 793/1330/409 791/1417/409
f 786/1418/410 794/1419/410 792/1413/410
f 786/1420/411 787/1421/411 794/1422/411
f 787/1327/412 793/1326/412 794/1423/412
f 784/1424/413 785/1425/413 765/1426/413 764/1427/413
f 787/1428/414 775/1429/414 774/1323/414
f 787/1428/415 786/1430/415 775/1429/415
f 786/1431/416 773/1392/416 775/1391/416
f 773/1392/417 786/1431/417 792/1405/417 788/1407/417 784/1432/417 764/1433/417 771/1434/417 766/1435/417 761/1436/417 751/1437/417 758/1438/417 756/1439/417 754/1440/417 749/1441/417 776/1442/417 782/1443/417 780/1444/417 778/1445/417
f 796/1446/418 824/1447/418 818/1448/418 795/1449/418
f 797/1450/419 829/1450/419 824/1447/419 796/1446/419
f 870/1451/420 872/1452/420 873/1453/420 874/1454/420 871/1455/420 905/1456/420 907/1457/420 908/1458/420 909/1459/420 906/1460/420 795/1461/420 818/1462/420 820/1463/420 821/1464/420 822/1465/420 819/1466/420 834/1467/420 836/1468/420 837/1469/420 838/1470/420 835/1471/420
f 846/1472/421 876/1473/421 870/1474/421 835/1475/421
f 890/1476/422 861/1477/422 856/1478/422 895/1479/422
f 895/1480/423 856/1481/423 851/1482/423 900/1483/423
f 900/1483/424 851/1482/424 839/1484/424 881/1485/424
f 819/1486/371 823/1487/371 828/1488/371 840/1489/371 850/1490/371 855/1491/371 860/1492/371 865/1493/371 845/1494/371 834/1495/371
f 876/1496/425 846/1497/425 866/1498/425 885/1499/425
f 839/1484/426 841/1500/426 808/1501/426 817/1502/426 816/1503/426 815/1504/426 814/1505/426 813/1506/426 812/1507/426 811/1508/426 810/1509/426 809/1510/426 807/1511/426 917/1512/426 916/1513/426 880/1514/426 882/1515/426 883/1516/426 884/1517/426 881/1485/426
f 797/1450/419 915/1450/419 918/1450/419 830/1450/419 829/1450/419
f 810/1518/427 759/1342/427 752/1341/427 809/1309/427
f 812/1519/428 755/1520/428 757/1521/428 811/1522/428
f 802/1523/429 767/1370/429 770/1369/429 803/1524/429
f 807/1308/430 762/1375/430 767/1374/430 802/1525/430
f 800/1526/431 772/1527/431 765/1528/431 799/1317/431
f 918/1450/426 917/1529/426 807/1511/426 802/1530/426 803/1531/426 800/1532/426 799/1533/426 798/1534/426 801/1535/426 804/1536/426 805/1537/426 806/1538/426 808/1501/426 841/1500/426 840/1539/426 828/1488/426 830/1450/426
f 808/1540/432 774/1397/432 779/1396/432 817/1541/432
f 803/1524/433 770/1542/433 772/1543/433 800/1526/433
f 816/1544/434 781/1545/434 783/1546/434 815/1547/434
f 813/1312/435 750/1548/435 755/1549/435 812/1550/435
f 815/1547/436 783/1546/436 777/1551/436 814/1313/436
f 817/1541/437 779/1552/437 781/1553/437 816/1544/437
f 811/1522/438 757/1521/438 759/1347/438 810/1518/438
f 828/1488/439 831/1554/439 830/1450/439
f 831/1554/440 832/1555/440 830/1450/440
f 832/1555/441 833/1556/441 830/1450/441
f 833/1556/442 829/1557/442 830/1450/442
f 818/1448/443 824/1447/443 827/1558/443 820/1463/443
f 820/1463/444 827/1558/444 826/1559/444 821/1464/444
f 821/1464/445 826/1559/445 825/1560/445 822/1465/445
f 822/1465/446 825/1560/446 823/1487/446 819/1486/446
f 824/1447/447 829/1450/447 833/1561/447 827/1558/447
f 827/1558/448 833/1561/448 832/1562/448 826/1559/448
f 826/1559/449 832/1562/449 831/1554/449 825/1560/449
f 825/1560/450 831/1554/450 828/1488/450 823/1487/450
f 885/1499/451 866/1563/451 861/1564/451 890/1476/451
f 839/1484/426 842/1565/426 841/1500/426
f 842/1565/426 843/1566/426 841/1500/426
f 843/1566/426 844/1567/426 841/1500/426
f 844/1567/426 840/1568/426 841/1500/426
f 845/1494/452 865/1493/452 867/1569/452 847/1570/452
f 847/1570/453 867/1569/453 868/1571/453 848/1572/453
f 848/1572/454 868/1571/454 869/1573/454 849/1574/454
f 849/1574/455 869/1573/455 866/1498/455 846/1497/455
f 865/1493/456 860/1492/456 862/1575/456 867/1569/456
f 867/1569/457 862/1575/457 863/1576/457 868/1571/457
f 868/1571/458 863/1576/458 864/1577/458 869/1573/458
f 869/1573/459 864/1577/459 861/1564/459 866/1563/459
f 860/1492/460 855/1491/460 857/1578/460 862/1575/460
f 862/1575/461 857/1578/461 858/1579/461 863/1580/461
f 863/1581/462 858/1582/462 859/1583/462 864/1584/462
f 864/1584/463 859/1583/463 856/1478/463 861/1477/463
f 855/1491/464 850/1490/464 852/1585/464 857/1578/464
f 857/1578/465 852/1585/465 853/1586/465 858/1587/465
f 858/1587/466 853/1586/466 854/1588/466 859/1589/466
f 859/1589/467 854/1588/467 851/1482/467 856/1481/467
f 850/1490/468 840/1489/468 844/1590/468 852/1585/468
f 852/1585/469 844/1590/469 843/1591/469 853/1586/469
f 853/1586/470 843/1591/470 842/1565/470 854/1588/470
f 854/1588/471 842/1565/471 839/1484/471 851/1482/471
f 834/1495/472 845/1494/472 847/1570/472 836/1468/472
f 836/1468/473 847/1570/473 848/1572/473 837/1469/473
f 837/1469/474 848/1572/474 849/1574/474 838/1470/474
f 838/1470/475 849/1574/475 846/1472/475 835/1475/475
f 911/1592/418 796/1446/418 795/1449/418 906/1593/418
f 886/1594/476 875/1595/476 877/1596/476 889/1597/476
f 889/1597/477 877/1596/477 878/1598/477 888/1599/477
f 888/1599/478 878/1598/478 879/1600/478 887/1601/478
f 887/1601/479 879/1600/479 876/1496/479 885/1499/479
f 891/1602/480 886/1594/480 889/1597/480 894/1603/480
f 894/1603/481 889/1597/481 888/1599/481 893/1604/481
f 893/1604/482 888/1599/482 887/1601/482 892/1605/482
f 892/1605/483 887/1601/483 885/1499/483 890/1476/483
f 896/1606/484 891/1602/484 894/1603/484 899/1607/484
f 899/1607/485 894/1603/485 893/1604/485 898/1608/485
f 898/1608/486 893/1604/486 892/1605/486 897/1609/486
f 897/1609/487 892/1605/487 890/1476/487 895/1479/487
f 901/1610/488 896/1606/488 899/1607/488 904/1611/488
f 904/1611/489 899/1607/489 898/1612/489 903/1613/489
f 903/1614/490 898/1615/490 897/1616/490 902/1617/490
f 902/1617/491 897/1616/491 895/1480/491 900/1483/491
f 880/1514/492 901/1610/492 904/1611/492 882/1515/492
f 882/1515/493 904/1611/493 903/1618/493 883/1516/493
f 883/1516/494 903/1618/494 902/1619/494 884/1517/494
f 884/1517/495 902/1619/495 900/1483/495 881/1485/495
f 875/1595/496 871/1455/496 874/1454/496 877/1596/496
f 877/1596/497 874/1454/497 873/1453/497 878/1598/497
f 878/1598/498 873/1453/498 872/1452/498 879/1600/498
f 879/1600/499 872/1452/499 870/1474/499 876/1473/499
f 796/1446/419 911/1592/419 915/1450/419 797/1450/419
f 915/1450/500 919/1620/500 920/1621/500 921/1622/500 916/1623/500 917/1512/500 918/1450/500
f 911/1592/501 906/1593/501 909/1459/501 914/1624/501
f 914/1624/502 909/1459/502 908/1458/502 913/1625/502
f 913/1625/503 908/1458/503 907/1457/503 912/1626/503
f 912/1626/504 907/1457/504 905/1456/504 910/1627/504
f 910/1627/505 916/1628/505 921/1629/505 912/1626/505
f 912/1626/506 921/1629/506 920/1630/506 913/1625/506
f 913/1625/507 920/1630/507 919/1620/507 914/1624/507
f 914/1624/508 919/1620/508 915/1450/508 911/1592/508
f 905/1456/509 871/1455/509 875/1595/509 886/1594/509 891/1602/509 896/1606/509 901/1610/509 880/1514/509 916/1628/509 910/1627/509
