# Blender 3.6.1
# www.blender.org
mtllib throttle_body.mtl
g Butterfly-Valve_Cylinder.003
v 0.000000 0.014625 -0.000187
v 0.000000 0.014625 0.000188
v 0.002853 0.014344 -0.000187
v 0.002853 0.014344 0.000188
v 0.005597 0.013512 -0.000187
v 0.005597 0.013512 0.000188
v 0.008125 0.012160 -0.000187
v 0.008125 0.012160 0.000188
v 0.010341 0.010341 -0.000187
v 0.010341 0.010341 0.000188
v 0.012160 0.008125 -0.000187
v 0.012160 0.008125 0.000188
v 0.013512 0.005597 -0.000187
v 0.013512 0.005597 0.000188
v 0.014344 0.002853 -0.000187
v 0.014344 0.002853 0.000188
v 0.014625 0.000000 -0.000188
v 0.014625 0.000000 0.000188
v 0.014344 -0.002853 -0.000188
v 0.014344 -0.002853 0.000187
v 0.013512 -0.005597 -0.000188
v 0.013512 -0.005597 0.000187
v 0.012160 -0.008125 -0.000188
v 0.012160 -0.008125 0.000187
v 0.010341 -0.010341 -0.000188
v 0.010341 -0.010341 0.000187
v 0.008125 -0.012160 -0.000188
v 0.008125 -0.012160 0.000187
v 0.005597 -0.013512 -0.000188
v 0.005597 -0.013512 0.000187
v 0.002853 -0.014344 -0.000188
v 0.002853 -0.014344 0.000187
v -0.000000 -0.014625 -0.000188
v -0.000000 -0.014625 0.000187
v -0.002853 -0.014344 -0.000188
v -0.002853 -0.014344 0.000187
v -0.005597 -0.013512 -0.000188
v -0.005597 -0.013512 0.000187
v -0.008125 -0.012160 -0.000188
v -0.008125 -0.012160 0.000187
v -0.010341 -0.010341 -0.000188
v -0.010341 -0.010341 0.000187
v -0.012160 -0.008125 -0.000188
v -0.012160 -0.008125 0.000187
v -0.013512 -0.005597 -0.000188
v -0.013512 -0.005597 0.000187
v -0.014344 -0.002853 -0.000188
v -0.014344 -0.002853 0.000187
v -0.014625 0.000000 -0.000188
v -0.014625 0.000000 0.000188
v -0.014344 0.002853 -0.000187
v -0.014344 0.002853 0.000188
v -0.013512 0.005597 -0.000187
v -0.013512 0.005597 0.000188
v -0.012160 0.008125 -0.000187
v -0.012160 0.008125 0.000188
v -0.010341 0.010341 -0.000187
v -0.010341 0.010341 0.000188
v -0.008125 0.012160 -0.000187
v -0.008125 0.012160 0.000188
v -0.005597 0.013512 -0.000187
v -0.005597 0.013512 0.000188
v -0.002853 0.014344 -0.000187
v -0.002853 0.014344 0.000188
v -0.015750 -0.000412 -0.001449
v 0.015750 -0.000038 -0.001518
v -0.015750 -0.000935 -0.001181
v 0.015750 -0.000733 -0.001316
v -0.015750 -0.001247 -0.000833
v 0.015750 -0.001181 -0.000935
v -0.015750 -0.001434 -0.000463
v 0.015750 -0.001449 -0.000412
v -0.015750 -0.001500 -0.000000
v 0.015750 -0.001485 0.000295
v -0.015750 -0.001444 0.000438
v -0.015750 -0.001071 0.001071
v 0.015750 -0.001247 0.000833
v 0.015750 -0.000935 0.001181
v -0.015750 -0.000463 0.001434
v 0.015750 -0.000574 0.001386
v -0.015750 0.000121 0.001502
v 0.015750 -0.000121 0.001502
v -0.015750 0.000574 0.001386
v 0.015750 0.000463 0.001434
v -0.015750 0.000935 0.001181
v 0.015750 0.000976 0.001148
v -0.015750 0.001316 0.000733
v 0.015750 0.001341 0.000687
v -0.015750 0.001496 0.000174
v -0.015750 0.001471 -0.000293
v 0.015750 0.001518 -0.000038
v -0.015750 0.001341 -0.000687
v 0.015750 0.001316 -0.000733
v -0.015750 0.000976 -0.001148
v 0.015750 0.000935 -0.001181
v -0.015750 0.000333 -0.001481
v 0.015750 0.000574 -0.001386
vn 0.0980 0.9952 -0.0000
vn 0.2903 0.9569 -0.0000
vn 0.4714 0.8819 -0.0000
vn 0.6344 0.7730 -0.0000
vn 0.7730 0.6344 -0.0000
vn 0.8819 0.4714 -0.0000
vn 0.9569 0.2903 -0.0000
vn 0.9952 0.0980 -0.0000
vn 0.9952 -0.0980 -0.0000
vn 0.9569 -0.2903 -0.0000
vn 0.8819 -0.4714 -0.0000
vn 0.7730 -0.6344 -0.0000
vn 0.6344 -0.7730 -0.0000
vn 0.4714 -0.8819 -0.0000
vn 0.2903 -0.9569 -0.0000
vn 0.0980 -0.9952 -0.0000
vn -0.0980 -0.9952 -0.0000
vn -0.2903 -0.9569 -0.0000
vn -0.4714 -0.8819 -0.0000
vn -0.6344 -0.7730 -0.0000
vn -0.7730 -0.6344 -0.0000
vn -0.8819 -0.4714 -0.0000
vn -0.9569 -0.2903 -0.0000
vn -0.9952 -0.0980 -0.0000
vn -0.9952 0.0980 -0.0000
vn -0.9569 0.2903 -0.0000
vn -0.8819 0.4714 -0.0000
vn -0.7730 0.6344 -0.0000
vn -0.6344 0.7730 -0.0000
vn -0.4714 0.8819 -0.0000
vn -0.2903 0.9569 -0.0000
vn -0.0980 0.9952 -0.0000
vn -0.0017 -0.0431 -0.9991
vn -0.0009 -0.4559 -0.8901
vn -0.0006 -0.7443 -0.6679
vn 0.0004 -0.8934 -0.4494
vn -0.0003 -0.9899 -0.1418
vn -0.0007 -0.9920 0.1263
vn -0.0010 -0.8610 0.5085
vn -0.0008 -0.5126 0.8586
vn -0.0009 -0.1155 0.9933
vn -0.0006 0.2478 0.9688
vn 0.0004 0.4932 0.8699
vn -0.0003 0.7618 0.6479
vn -0.0003 0.9517 0.3070
vn -0.0010 0.9985 -0.0540
vn 0.0011 0.9494 -0.3140
vn -0.0003 0.7840 -0.6207
vn -0.0003 0.4606 -0.8876
vn -0.0000 -0.0000 1.0000
vn -0.0000 -0.0000 -1.0000
vn 0.0012 -0.2786 -0.9604
vn 0.0009 -0.6479 -0.7618
vn 0.0003 -0.8901 -0.4559
vn 0.0010 -0.9987 -0.0508
vn 0.0006 -0.9146 0.4043
vn 0.0009 -0.7443 0.6679
vn -0.0004 -0.4932 0.8699
vn 0.0006 -0.2478 0.9688
vn 0.0009 0.1155 0.9933
vn 0.0003 0.4868 0.8735
vn 0.0003 0.7840 0.6207
vn 0.0009 0.9715 0.2372
vn 0.0003 0.9604 -0.2786
vn 0.0003 0.7618 -0.6479
vn -0.0011 0.4932 -0.8699
vn 1.0000 -0.0000 -0.0000
vn 0.0013 0.2108 -0.9775
vn -1.0000 -0.0000 -0.0000
vt 1.000000 1.000000
vt 0.968750 0.500000
vt 1.000000 0.500000
vt 0.968750 1.000000
vt 0.937500 0.500000
vt 0.937500 1.000000
vt 0.906250 0.500000
vt 0.906250 1.000000
vt 0.875000 0.500000
vt 0.875000 1.000000
vt 0.843750 0.500000
vt 0.843750 1.000000
vt 0.812500 0.500000
vt 0.812500 1.000000
vt 0.781250 0.500000
vt 0.781250 1.000000
vt 0.750000 0.500000
vt 0.750000 1.000000
vt 0.718750 0.500000
vt 0.718750 1.000000
vt 0.687500 0.500000
vt 0.687500 1.000000
vt 0.656250 0.500000
vt 0.656250 1.000000
vt 0.625000 0.500000
vt 0.625000 1.000000
vt 0.593750 0.500000
vt 0.593750 1.000000
vt 0.562500 0.500000
vt 0.562500 1.000000
vt 0.531250 0.500000
vt 0.531250 1.000000
vt 0.500000 0.500000
vt 0.500000 1.000000
vt 0.468750 0.500000
vt 0.468750 1.000000
vt 0.437500 0.500000
vt 0.437500 1.000000
vt 0.406250 0.500000
vt 0.406250 1.000000
vt 0.375000 0.500000
vt 0.375000 1.000000
vt 0.343750 0.500000
vt 0.343750 1.000000
vt 0.312500 0.500000
vt 0.312500 1.000000
vt 0.281250 0.500000
vt 0.281250 1.000000
vt 0.250000 0.500000
vt 0.250000 1.000000
vt 0.218750 0.500000
vt 0.218750 1.000000
vt 0.187500 0.500000
vt 0.187500 1.000000
vt 0.156250 0.500000
vt 0.156250 1.000000
vt 0.125000 0.500000
vt 0.125000 1.000000
vt 0.093750 0.500000
vt 0.093750 1.000000
vt 0.062500 0.500000
vt 0.062500 1.000000
vt 0.031250 0.500000
vt 0.031250 1.000000
vt 0.000000 0.500000
vt 0.988143 1.000000
vt 0.955933 0.500000
vt 0.919067 1.000000
vt 0.893433 0.500000
vt 0.856567 1.000000
vt 0.799683 0.500000
vt 0.794067 1.000000
vt 0.718669 1.000000
vt 0.703125 0.500000
vt 0.625081 0.500000
vt 0.606567 1.000000
vt 0.549683 0.500000
vt 0.512817 1.000000
vt 0.487183 0.500000
vt 0.450317 1.000000
vt 0.393433 0.500000
vt 0.387817 1.000000
vt 0.330933 0.500000
vt 0.325317 1.000000
vt 0.268433 0.500000
vt 0.246097 1.000000
vt 0.174683 0.500000
vt 0.169067 1.000000
vt 0.112183 0.500000
vt 0.106567 1.000000
vt 0.035153 0.500000
vt 0.471731 0.158156
vt 0.485388 0.203178
vt 0.490000 0.250000
vt 0.485388 0.296822
vt 0.471731 0.341844
vt 0.449553 0.383337
vt 0.419706 0.419706
vt 0.383337 0.449553
vt 0.341844 0.471731
vt 0.296822 0.485388
vt 0.250000 0.490000
vt 0.203179 0.485389
vt 0.158156 0.471731
vt 0.116663 0.449553
vt 0.080295 0.419706
vt 0.050447 0.383337
vt 0.028269 0.341844
vt 0.014612 0.296822
vt 0.010000 0.250000
vt 0.014612 0.203179
vt 0.028269 0.158156
vt 0.050447 0.116663
vt 0.080294 0.080294
vt 0.116663 0.050447
vt 0.158156 0.028269
vt 0.203178 0.014612
vt 0.250000 0.010000
vt 0.296822 0.014612
vt 0.341844 0.028269
vt 0.383337 0.050447
vt 0.419706 0.080294
vt 0.449553 0.116663
vt 0.000000 1.000000
vt 0.514611 0.203179
vt 0.510000 0.250000
vt 0.514612 0.296822
vt 0.528269 0.341844
vt 0.550447 0.383337
vt 0.580295 0.419706
vt 0.616663 0.449553
vt 0.658156 0.471731
vt 0.703179 0.485389
vt 0.750000 0.490000
vt 0.796822 0.485388
vt 0.841844 0.471731
vt 0.883337 0.449553
vt 0.919706 0.419706
vt 0.949553 0.383337
vt 0.971731 0.341844
vt 0.985388 0.296822
vt 0.990000 0.250000
vt 0.985388 0.203178
vt 0.971731 0.158156
vt 0.949553 0.116663
vt 0.919706 0.080294
vt 0.883337 0.050447
vt 0.841844 0.028269
vt 0.796822 0.014612
vt 0.750000 0.010000
vt 0.703178 0.014612
vt 0.658156 0.028269
vt 0.616663 0.050447
vt 0.580294 0.080294
vt 0.550447 0.116663
vt 0.528269 0.158156
vt 0.176622 0.022667
vt 0.269204 0.011891
vt 0.341844 0.028269
vt 0.398254 0.062689
vt 0.482353 0.203658
vt 0.479787 0.315288
vt 0.437311 0.398254
vt 0.366318 0.458649
vt 0.255848 0.487076
vt 0.101747 0.437311
vt 0.041351 0.366319
vt 0.012924 0.255848
vt 0.037365 0.141138
vt 0.095211 0.068053
vt 0.012817 1.000000
vt 0.978560 0.180667
vt 0.917620 0.082551
vt 0.823378 0.022667
vt 0.730796 0.011891
vt 0.601746 0.062689
vt 0.541351 0.133682
vt 0.512720 0.222383
vt 0.537366 0.358863
vt 0.595211 0.431948
vt 0.698013 0.481380
vt 0.815288 0.479787
vt 0.898254 0.437311
vt 0.977333 0.323378
s 0
usemtl Bronze-Material
f 2/1/1 3/2/1 1/3/1
f 4/4/2 5/5/2 3/2/2
f 6/6/3 7/7/3 5/5/3
f 8/8/4 9/9/4 7/7/4
f 10/10/5 11/11/5 9/9/5
f 12/12/6 13/13/6 11/11/6
f 14/14/7 15/15/7 13/13/7
f 16/16/8 17/17/8 15/15/8
f 18/18/9 19/19/9 17/17/9
f 20/20/10 21/21/10 19/19/10
f 22/22/11 23/23/11 21/21/11
f 24/24/12 25/25/12 23/23/12
f 26/26/13 27/27/13 25/25/13
f 28/28/14 29/29/14 27/27/14
f 30/30/15 31/31/15 29/29/15
f 32/32/16 33/33/16 31/31/16
f 34/34/17 35/35/17 33/33/17
f 36/36/18 37/37/18 35/35/18
f 38/38/19 39/39/19 37/37/19
f 40/40/20 41/41/20 39/39/20
f 42/42/21 43/43/21 41/41/21
f 44/44/22 45/45/22 43/43/22
f 46/46/23 47/47/23 45/45/23
f 48/48/24 49/49/24 47/47/24
f 50/50/25 51/51/25 49/49/25
f 52/52/26 53/53/26 51/51/26
f 54/54/27 55/55/27 53/53/27
f 56/56/28 57/57/28 55/55/28
f 58/58/29 59/59/29 57/57/29
f 60/60/30 61/61/30 59/59/30
f 62/62/31 63/63/31 61/61/31
f 64/64/32 1/65/32 63/63/32
f 66/66/33 65/67/33 96/3/33
f 68/68/34 67/69/34 65/67/34
f 70/70/35 69/11/35 67/69/35
f 70/70/36 71/71/36 69/11/36
f 72/72/37 73/17/37 71/71/37
f 74/73/38 75/74/38 73/17/38
f 75/74/39 77/24/39 76/75/39
f 78/76/40 79/77/40 76/75/40
f 82/78/41 81/79/41 79/77/41
f 84/80/42 83/37/42 81/79/42
f 84/80/43 85/81/43 83/37/43
f 86/82/44 87/83/44 85/81/44
f 88/84/45 89/85/45 87/83/45
f 91/86/46 90/51/46 89/85/46
f 91/86/47 92/87/47 90/51/47
f 93/88/48 94/89/48 92/87/48
f 95/90/49 96/91/49 94/89/49
f 2/1/1 4/4/1 3/2/1
f 4/4/2 6/6/2 5/5/2
f 6/6/3 8/8/3 7/7/3
f 8/8/4 10/10/4 9/9/4
f 10/10/5 12/12/5 11/11/5
f 12/12/6 14/14/6 13/13/6
f 14/14/7 16/16/7 15/15/7
f 16/16/8 18/18/8 17/17/8
f 18/18/9 20/20/9 19/19/9
f 20/20/10 22/22/10 21/21/10
f 22/22/11 24/24/11 23/23/11
f 24/24/12 26/26/12 25/25/12
f 26/26/13 28/28/13 27/27/13
f 28/28/14 30/30/14 29/29/14
f 30/30/15 32/32/15 31/31/15
f 32/32/16 34/34/16 33/33/16
f 34/34/17 36/36/17 35/35/17
f 36/36/18 38/38/18 37/37/18
f 38/38/19 40/40/19 39/39/19
f 40/40/20 42/42/20 41/41/20
f 42/42/21 44/44/21 43/43/21
f 44/44/22 46/46/22 45/45/22
f 46/46/23 48/48/23 47/47/23
f 48/48/24 50/50/24 49/49/24
f 50/50/25 52/52/25 51/51/25
f 52/52/26 54/54/26 53/53/26
f 54/54/27 56/56/27 55/55/27
f 56/56/28 58/58/28 57/57/28
f 58/58/29 60/60/29 59/59/29
f 60/60/30 62/62/30 61/61/30
f 22/92/50 20/93/50 18/94/50 16/95/50 14/96/50 12/97/50 10/98/50 8/99/50 6/100/50 4/101/50 2/102/50 64/103/50 62/104/50 60/105/50 58/106/50 56/107/50 54/108/50 52/109/50 50/110/50 48/111/50 46/112/50 44/113/50 42/114/50 40/115/50 38/116/50 36/117/50 34/118/50 32/119/50 30/120/50 28/121/50 26/122/50 24/123/50
f 62/62/31 64/64/31 63/63/31
f 64/64/32 2/124/32 1/65/32
f 47/125/51 49/126/51 51/127/51 53/128/51 55/129/51 57/130/51 59/131/51 61/132/51 63/133/51 1/134/51 3/135/51 5/136/51 7/137/51 9/138/51 11/139/51 13/140/51 15/141/51 17/142/51 19/143/51 21/144/51 23/145/51 25/146/51 27/147/51 29/148/51 31/149/51 33/150/51 35/151/51 37/152/51 39/153/51 41/154/51 43/155/51 45/156/51
f 66/66/52 68/68/52 65/67/52
f 68/68/53 70/70/53 67/69/53
f 70/70/54 72/72/54 71/71/54
f 72/72/55 74/73/55 73/17/55
f 75/74/56 74/73/56 77/24/56
f 77/24/57 78/76/57 76/75/57
f 78/76/58 80/30/58 79/77/58
f 80/30/59 82/78/59 79/77/59
f 82/78/60 84/80/60 81/79/60
f 84/80/61 86/82/61 85/81/61
f 86/82/62 88/84/62 87/83/62
f 88/84/63 91/86/63 89/85/63
f 91/86/64 93/88/64 92/87/64
f 93/88/65 95/90/65 94/89/65
f 95/90/66 97/62/66 96/91/66
f 84/157/67 82/158/67 80/159/67 78/160/67 77/123/67 74/161/67 72/162/67 70/163/67 68/164/67 66/165/67 97/104/67 95/166/67 93/167/67 91/168/67 88/169/67 86/170/67
f 97/62/68 66/171/68 96/91/68
f 75/172/69 76/173/69 79/174/69 81/175/69 83/152/69 85/176/69 87/177/69 89/178/69 90/127/69 92/179/69 94/180/69 96/181/69 65/182/69 67/183/69 69/139/69 71/184/69 73/142/69
g Control-Motor_Cube
v -0.017575 0.001210 0.006500
v -0.017575 0.001210 -0.006501
v -0.017172 0.019741 -0.004500
v 0.006311 0.015003 -0.006501
v 0.005275 0.018108 -0.000000
v 0.006311 0.015003 -0.000000
v -0.015236 0.001210 0.006500
v 0.006311 0.014734 0.006500
v -0.011938 0.009601 0.006500
v 0.000677 0.015235 0.006500
v -0.015236 0.001210 -0.006501
v 0.000677 0.015235 -0.006501
v -0.003428 0.014804 -0.006501
v -0.011938 0.009601 -0.006501
v -0.014237 0.005130 -0.006501
v -0.014237 0.005130 0.006500
v -0.007683 0.013362 -0.006501
v -0.003476 0.014792 0.006526
v -0.007683 0.013362 0.006500
v -0.007683 0.013362 -0.000438
v -0.017172 0.018863 -0.004414
v 0.005328 0.018863 -0.004414
v -0.017172 0.018019 -0.004158
v 0.005328 0.018019 -0.004158
v -0.017172 0.017241 -0.003742
v 0.005328 0.017241 -0.003742
v -0.017172 0.016559 -0.003182
v 0.005328 0.016559 -0.003182
v -0.017172 0.015999 -0.002500
v 0.005328 0.015999 -0.002500
v -0.017172 0.015583 -0.001722
v 0.005328 0.015583 -0.001722
v -0.017175 0.015252 -0.000533
v 0.005331 0.015236 -0.000373
v -0.017172 0.015327 0.000878
v -0.017172 0.015583 0.001722
v 0.005328 0.015446 0.001408
v -0.017172 0.015999 0.002500
v 0.005328 0.015999 0.002500
v -0.017172 0.016559 0.003182
v 0.005328 0.016559 0.003182
v -0.017172 0.017241 0.003741
v 0.005328 0.017241 0.003741
v -0.017172 0.018019 0.004157
v 0.005328 0.018019 0.004157
v -0.017172 0.018863 0.004413
v 0.005328 0.018863 0.004413
v -0.017172 0.019741 0.004500
v -0.016123 0.020536 0.004085
v -0.016061 0.021324 0.003898
v -0.016064 0.022055 0.003510
v -0.016066 0.022697 0.002987
v -0.016067 0.023224 0.002348
v -0.016069 0.023616 0.001618
v -0.016068 0.023930 0.000426
v -0.016065 0.023787 -0.001194
v -0.016067 0.023224 -0.002348
v -0.016066 0.022697 -0.002988
v -0.016064 0.022055 -0.003511
v -0.016061 0.021324 -0.003899
v -0.016123 0.020536 -0.004085
v 0.001578 0.020619 0.004413
v 0.005234 0.019936 0.004480
v 0.004509 0.020288 0.004446
v 0.003916 0.020427 0.004432
v 0.002987 0.020534 0.004418
v 0.005300 0.020227 0.001226
v 0.001578 0.021463 0.004157
v 0.004956 0.020647 0.002186
v 0.004509 0.020920 0.002846
v 0.003916 0.021148 0.003398
v 0.003205 0.021320 0.003812
v 0.002412 0.021427 0.004070
v 0.001578 0.022241 0.003741
v 0.005235 0.021004 0.000985
v 0.004959 0.021260 0.001823
v 0.004516 0.021708 0.002380
v 0.003926 0.022077 0.002852
v 0.003205 0.022034 0.003431
v 0.002412 0.022188 0.003663
v 0.001578 0.022923 0.003182
v 0.003205 0.022659 0.002918
v 0.002412 0.022856 0.003115
v 0.005336 0.020383 -0.000085
v 0.001578 0.023482 0.002500
v 0.004959 0.021842 0.001103
v 0.004516 0.022470 0.001445
v 0.003926 0.022993 0.001737
v 0.003205 0.023172 0.002292
v 0.002412 0.023404 0.002447
v 0.001578 0.023898 0.001722
v 0.003205 0.023553 0.001579
v 0.002412 0.023811 0.001686
v 0.001578 0.024154 0.000878
v 0.005235 0.021328 -0.000158
v 0.004963 0.022091 0.000232
v 0.004530 0.022794 0.000302
v 0.003955 0.023385 0.000362
v 0.003205 0.023788 0.000805
v 0.002412 0.024062 0.000859
v 0.001578 0.024241 -0.000000
v 0.003205 0.023868 -0.000000
v 0.002412 0.024146 -0.000000
v 0.001578 0.024154 -0.000878
v 0.004959 0.022017 -0.000671
v 0.004516 0.022700 -0.000884
v 0.003926 0.023271 -0.001064
v 0.003205 0.023788 -0.000805
v 0.002412 0.024062 -0.000860
v 0.001578 0.023898 -0.001722
v 0.003205 0.023553 -0.001580
v 0.002412 0.023811 -0.001686
v 0.001578 0.023482 -0.002500
v 0.005233 0.020891 -0.001100
v 0.004959 0.021586 -0.001492
v 0.004516 0.022134 -0.001952
v 0.003926 0.022589 -0.002341
v 0.003205 0.023172 -0.002293
v 0.002412 0.023404 -0.002448
v 0.001578 0.022923 -0.003182
v 0.003205 0.022659 -0.002918
v 0.002412 0.022856 -0.003115
v 0.001578 0.022241 -0.003742
v 0.004951 0.020658 -0.002224
v 0.004509 0.021453 -0.002562
v 0.003916 0.021784 -0.003058
v 0.003205 0.022034 -0.003432
v 0.002412 0.022188 -0.003663
v 0.001578 0.021463 -0.004158
v 0.005234 0.020342 -0.001451
v 0.004509 0.020920 -0.002847
v 0.003916 0.021148 -0.003398
v 0.003205 0.021320 -0.003813
v 0.002412 0.021427 -0.004070
v 0.001578 0.020619 -0.004414
v 0.002412 0.020597 -0.004416
v 0.003205 0.020532 -0.004422
v 0.003916 0.020427 -0.004433
v 0.004509 0.020288 -0.004446
v 0.005234 0.019936 -0.004481
vn -0.9998 0.0217 -0.0000
vn 0.9785 0.2060 0.0085
vn -0.0700 0.2383 0.9687
vn 0.9770 0.2134 -0.0000
vn 0.9690 -0.2470 -0.0000
vn 0.3217 -0.9469 -0.0000
vn 0.1061 -0.9944 -0.0000
vn -0.0885 -0.9952 -0.0412
vn 0.6623 -0.7493 -0.0000
vn 0.0017 -0.0981 -0.9952
vn -0.0000 -0.2903 -0.9569
vn -0.0000 -0.4714 -0.8819
vn -0.0000 -0.6344 -0.7730
vn -0.0000 -0.7730 -0.6344
vn -0.0000 -0.8819 -0.4714
vn -0.0000 -0.9634 -0.2681
vn -0.0011 -0.9986 0.0531
vn -0.0018 -0.9569 0.2903
vn 0.0012 -0.8819 0.4714
vn -0.0000 -0.7730 0.6344
vn -0.0000 -0.6344 0.7730
vn -0.0000 -0.4714 0.8819
vn -0.0000 -0.2903 0.9569
vn 0.0017 -0.0980 0.9952
vn -0.0191 0.2316 0.9726
vn -0.0165 0.4683 0.8834
vn -0.0166 0.6320 0.7748
vn -0.0168 0.7713 0.6362
vn -0.0169 0.8809 0.4729
vn -0.0188 0.9668 0.2547
vn -0.0197 0.9959 -0.0882
vn -0.0188 0.8988 -0.4380
vn -0.0168 0.7713 -0.6362
vn -0.0166 0.6320 -0.7748
vn -0.0165 0.4683 -0.8834
vn -0.0191 0.2316 -0.9726
vn 0.1124 0.4226 0.8993
vn 0.3265 0.5180 0.7906
vn 0.4695 0.7243 0.5049
vn 0.5728 0.7624 0.3012
vn 0.6647 0.7326 0.1465
vn 0.8395 0.5393 0.0655
vn 0.1120 0.4684 0.8764
vn 0.3303 0.4449 0.8324
vn 0.5533 0.4172 0.7210
vn 0.7096 0.3546 0.6089
vn 0.8476 0.2680 0.4580
vn 0.9508 0.1621 0.2641
vn 0.1120 0.6304 0.7682
vn 0.3303 0.5988 0.7296
vn 0.9947 0.0957 0.0382
vn 0.1120 0.7682 0.6304
vn 0.3303 0.7296 0.5988
vn 0.5626 0.6388 0.5248
vn 0.7073 0.5480 0.4466
vn 0.8463 0.4143 0.3349
vn 0.1120 0.8764 0.4684
vn 0.3303 0.8324 0.4449
vn 0.1120 0.9509 0.2885
vn 0.3303 0.9032 0.2740
vn 0.5647 0.7905 0.2371
vn 0.7124 0.6727 0.1998
vn 0.8485 0.5076 0.1497
vn 0.9515 0.2960 0.0842
vn 0.9937 0.1082 0.0309
vn 0.1120 0.9889 0.0974
vn 0.3303 0.9393 0.0925
vn 0.1120 0.9889 -0.0974
vn 0.3303 0.9393 -0.0925
vn 0.5611 0.8237 -0.0811
vn 0.7052 0.7055 -0.0707
vn 0.8452 0.5318 -0.0525
vn 0.9359 0.3507 -0.0336
vn 0.1120 0.9509 -0.2885
vn 0.3303 0.9032 -0.2740
vn 0.5027 0.8272 -0.2509
vn 0.1120 0.8764 -0.4684
vn 0.3303 0.8324 -0.4449
vn 0.5627 0.7291 -0.3897
vn 0.7044 0.6262 -0.3343
vn 0.8448 0.4728 -0.2504
vn 0.9457 0.2877 -0.1510
vn 0.9935 0.1019 -0.0499
vn 0.1120 0.7681 -0.6304
vn 0.3303 0.7296 -0.5988
vn 0.5029 0.6682 -0.5483
vn 0.1120 0.6304 -0.7682
vn 0.3303 0.5988 -0.7296
vn 0.5320 0.5372 -0.6545
vn 0.7059 0.4659 -0.5336
vn 0.8694 0.3253 -0.3721
vn 0.9367 0.2123 -0.2785
vn 0.1120 0.4684 -0.8764
vn 0.3303 0.4449 -0.8324
vn 0.5320 0.3991 -0.7467
vn 0.7071 0.3333 -0.6236
vn 0.8357 0.2589 -0.4843
vn 0.9958 0.0500 -0.0761
vn 0.0052 0.2903 -0.9569
vn 0.0240 0.3842 -0.9229
vn 0.0783 0.6097 -0.7887
vn 0.1761 0.8075 -0.5629
vn 0.3985 0.8530 -0.3370
vn 0.8275 0.5565 -0.0745
vn 0.8078 0.5843 -0.0782
vn 0.9417 0.3144 -0.1196
vn -0.0000 -1.0000 -0.0000
vn -0.0715 0.2385 -0.9685
vn 0.0319 0.9995 -0.0000
vn 0.9417 0.3144 0.1196
vn 0.8894 -0.4572 -0.0000
vn 0.3208 -0.9471 0.0003
vn 0.1044 -0.9945 -0.0005
vn -0.0411 -0.9992 -0.0000
vn -0.0000 -0.0626 -0.9980
vn 0.0011 -0.9684 -0.2494
vn 0.0025 -0.9931 0.1171
vn -0.0000 -0.8921 0.4519
vn -0.0000 -0.0625 0.9980
vn -0.0163 0.2902 0.9568
vn -0.0167 0.4713 0.8818
vn -0.0168 0.6343 0.7729
vn -0.0169 0.7729 0.6343
vn -0.0170 0.8818 0.4713
vn -0.0170 0.9568 0.2902
vn -0.0151 0.9951 0.0980
vn -0.0190 0.9950 -0.0980
vn -0.0147 0.9568 -0.2903
vn -0.0170 0.8818 -0.4713
vn -0.0169 0.7729 -0.6343
vn -0.0168 0.6343 -0.7729
vn -0.0167 0.4713 -0.8818
vn -0.0163 0.2902 -0.9568
vn -0.0091 0.2885 -0.9574
vn -0.9875 0.1578 -0.0000
vn 0.0145 0.2903 0.9568
vn 0.0563 0.5991 0.7987
vn 0.1761 0.8075 0.5629
vn 0.3986 0.8530 0.3370
vn 0.5320 0.3991 0.7467
vn 0.7059 0.3527 0.6143
vn 0.8458 0.2666 0.4621
vn 0.9495 0.1572 0.2717
vn 0.1120 0.6304 0.7681
vn 0.5030 0.5483 0.6681
vn 0.5630 0.6389 0.5243
vn 0.7043 0.5486 0.4506
vn 0.8449 0.4147 0.3379
vn 0.9346 0.2767 0.2236
vn 0.5028 0.7623 0.4075
vn 0.5620 0.7915 0.2401
vn 0.7050 0.6780 0.2081
vn 0.8452 0.5113 0.1558
vn 0.9495 0.3003 0.0911
vn 0.5098 0.8561 0.0843
vn 0.5652 0.8213 -0.0770
vn 0.7121 0.6992 -0.0641
vn 0.8484 0.5273 -0.0475
vn 0.5631 0.7290 -0.3892
vn 0.7070 0.6250 -0.3310
vn 0.8462 0.4719 -0.2477
vn 0.9501 0.2821 -0.1335
vn 0.5533 0.5499 -0.6257
vn 0.7094 0.4666 -0.5282
vn 0.8446 0.3275 -0.4236
vn 0.9457 0.1759 -0.2732
vn 0.1125 0.3819 -0.9173
vn 0.3213 0.5792 -0.7492
vn 0.4695 0.7243 -0.5049
vn 0.5728 0.7624 -0.3012
vn 0.6558 0.7390 -0.1543
vn 0.9999 0.0113 -0.0000
vn -0.0091 0.2890 0.9573
vt 0.513342 0.485592
vt 0.267043 0.074725
vt 0.513342 0.000000
vt 0.935966 0.728388
vt 1.000000 0.896465
vt 0.935966 0.971184
vt 0.378408 0.596796
vt 0.380916 0.550151
vt 0.377416 0.485725
vt 0.474952 0.494711
vt 0.481129 0.751546
vt 0.267685 0.751546
vt 0.267043 0.724844
vt 0.299820 0.715382
vt 0.336886 0.691362
vt 0.367424 0.644654
vt 1.000000 0.560317
vt 0.935966 0.485592
vt 0.725400 0.000000
vt 0.774424 0.485592
vt 0.725400 0.485592
vt 0.673155 0.485592
vt 0.623443 -0.000946
vt 0.673155 0.259140
vt 0.576532 0.485592
vt 0.576532 0.000000
vt 0.513342 0.242796
vt 0.513342 0.000000
vt 0.673155 0.000000
vt 0.725400 0.485592
vt 0.725400 0.000000
vt 0.648165 0.742503
vt 0.660000 1.000000
vt 0.648165 1.000000
vt 0.660000 0.742503
vt 0.674362 1.000000
vt 0.674362 0.742503
vt 0.690702 1.000000
vt 0.010316 0.757102
vt 0.265603 0.736200
vt 0.264859 0.757102
vt 0.011672 0.710731
vt 0.266214 0.710731
vt 0.012126 0.681673
vt 0.266669 0.681673
vt 0.266985 0.637231
vt 0.012460 0.631267
vt 0.266948 0.584566
vt 0.012231 0.564834
vt 0.266669 0.553037
vt 0.266214 0.523979
vt 0.011672 0.523979
vt 0.265603 0.498510
vt 0.011061 0.498510
vt 0.264859 0.477608
vt 0.690702 0.742503
vt 0.707039 1.000000
vt 0.690702 1.000000
vt 0.707039 0.742503
vt 0.721401 1.000000
vt 0.733233 0.742503
vt 0.733232 1.000000
vt 0.805324 0.699206
vt 0.784601 0.498130
vt 0.796588 0.497683
vt 0.772386 0.699139
vt 0.767319 0.498206
vt 0.750585 0.699552
vt 0.746894 0.498565
vt 0.726303 0.700246
vt 0.724113 0.499194
vt 0.700474 0.701194
vt 0.699857 0.500068
vt 0.674090 0.702359
vt 0.663278 0.501759
vt 0.481129 0.524398
vt 0.519514 0.727445
vt 0.483666 0.725689
vt 0.533440 0.526901
vt 0.557080 0.728901
vt 0.559270 0.527849
vt 0.579861 0.729530
vt 0.583552 0.528543
vt 0.600286 0.729889
vt 0.605354 0.528956
vt 0.617568 0.729964
vt 0.638291 0.528888
vt 0.629556 0.730411
vt 0.790869 0.699022
vt 0.806102 0.715350
vt 0.788669 0.708714
vt 0.782176 0.718250
vt 0.807477 0.726007
vt 0.771718 0.727149
vt 0.809040 0.732863
vt 0.757819 0.734968
vt 0.894778 0.759225
vt 0.885459 0.819935
vt 0.889384 0.734745
vt 0.882454 0.820722
vt 0.882736 0.698288
vt 0.770573 0.708829
vt 0.765226 0.718357
vt 0.912918 0.780438
vt 0.899765 0.779651
vt 0.910718 0.758669
vt 0.904087 0.741304
vt 0.896615 0.720772
vt 0.890814 0.689472
vt 0.749230 0.709233
vt 0.745232 0.718736
vt 0.883168 0.652450
vt 0.725458 0.709913
vt 0.722964 0.719372
vt 0.926318 0.737418
vt 0.921326 0.716745
vt 0.912895 0.706170
vt 0.903343 0.693712
vt 0.700171 0.710840
vt 0.699277 0.720241
vt 0.674341 0.711981
vt 0.675081 0.721310
vt 0.932449 0.681607
vt 0.925035 0.665313
vt 0.915949 0.663398
vt 0.905646 0.661131
vt 0.893880 0.646985
vt 0.648165 0.703697
vt 0.648960 0.713291
vt 0.651306 0.722537
vt 0.507306 0.516114
vt 0.507055 0.525736
vt 0.481925 0.514804
vt 0.508046 0.506785
vt 0.932449 0.651519
vt 0.921379 0.612186
vt 0.930379 0.621503
vt 0.912928 0.619227
vt 0.903364 0.627482
vt 0.533137 0.517255
vt 0.532242 0.507854
vt 0.926318 0.592713
vt 0.558424 0.518182
vt 0.555930 0.508723
vt 0.910786 0.564918
vt 0.920422 0.566256
vt 0.904129 0.579691
vt 0.896649 0.597095
vt 0.887092 0.612237
vt 0.881083 0.637263
vt 0.582197 0.518862
vt 0.578199 0.509359
vt 0.912918 0.543147
vt 0.603541 0.519266
vt 0.598193 0.509738
vt 0.899765 0.538377
vt 0.904095 0.524276
vt 0.894778 0.557092
vt 0.883144 0.570630
vt 0.621636 0.519380
vt 0.623837 0.529073
vt 0.615143 0.509845
vt 0.891027 0.525981
vt 0.894290 0.510367
vt 0.887458 0.546707
vt 0.880122 0.599131
vt 0.876724 0.628201
vt 0.638539 0.519348
vt 0.639269 0.510263
vt 0.640445 0.502087
vt 0.604685 0.500945
vt 0.642009 0.495232
vt 0.873983 0.486792
vt 0.877154 0.487294
vt 0.870931 0.486215
vt 0.267043 0.410873
vt 0.978794 0.728388
vt 0.970605 0.000000
vt 0.970605 0.485592
vt 0.944142 0.000000
vt 0.944141 0.485592
vt 0.006820 0.477608
vt 0.000000 0.262525
vt 0.254814 0.260544
vt 0.267043 0.360831
vt 0.202857 0.357079
vt 0.156695 0.361096
vt 0.109602 0.373693
vt 0.064273 0.405957
vt 0.041645 0.444073
vt 0.033312 0.477402
vt 0.012229 0.001981
vt 0.267043 0.000000
vt 0.261569 0.144120
vt 0.774424 0.000000
vt 0.827804 0.000000
vt 0.623443 0.485592
vt 0.513342 0.485592
vt 0.827805 0.485592
vt 0.690702 0.742503
vt 0.011061 0.736200
vt 0.010316 0.477608
vt 0.721400 0.742503
vt 0.648165 0.485592
vt 0.648165 0.742503
vt 0.901864 0.153300
vt 0.912726 0.163257
vt 0.922502 0.179146
vt 0.930816 0.200357
vt 0.937348 0.226074
vt 0.941848 0.255310
vt 0.944141 0.299862
vt 0.941848 0.352478
vt 0.937348 0.383867
vt 0.930816 0.412710
vt 0.922502 0.437899
vt 0.912726 0.458466
vt 0.901864 0.473621
vt 0.890332 0.482781
vt 0.878576 0.485592
vt 0.867657 0.469692
vt 0.857392 0.462357
vt 0.848200 0.447541
vt 0.840374 0.427700
vt 0.834219 0.403594
vt 0.829975 0.376154
vt 0.827807 0.331526
vt 0.831927 0.271201
vt 0.840354 0.228303
vt 0.848180 0.204694
vt 0.857373 0.185458
vt 0.867578 0.171333
vt 0.878331 0.164745
vt 0.890333 0.149654
vt 0.888587 0.819213
vt 0.904095 0.795000
vt 0.920422 0.760996
vt 0.930379 0.710612
vt 0.484270 0.505558
vt 0.590784 0.493127
vt 0.879723 0.821536
vt 0.868152 0.818712
vt 0.856802 0.809540
vt 0.846112 0.794373
vt 0.836490 0.773795
vt 0.828308 0.748597
vt 0.820222 0.708001
vt 0.815193 0.641704
vt 0.817451 0.591188
vt 0.821879 0.561958
vt 0.828308 0.536249
vt 0.836490 0.515047
vt 0.846112 0.499170
vt 0.856802 0.489225
vt 0.868151 0.485592
vt 0.815193 0.485592
vt 0.810911 0.738055
s 0
usemtl Steel-Material
f 98/185/70 100/186/70 99/187/70
f 103/188/71 160/189/71 105/190/71
f 115/191/72 107/192/72 105/193/72 160/194/72 145/195/72 98/196/72 104/197/72 113/198/72 106/199/72 116/200/72
f 237/201/73 103/188/73 101/202/73
f 108/203/74 113/204/74 104/205/74
f 114/206/75 115/207/75 117/208/75
f 115/207/76 109/209/76 107/210/76
f 107/210/77 103/211/77 105/212/77
f 117/208/75 115/207/75 116/213/75
f 111/214/78 116/213/78 106/215/78
f 237/216/79 118/217/79 100/218/79
f 119/219/80 120/220/80 118/217/80
f 121/221/81 122/222/81 120/220/81
f 123/223/82 124/224/82 122/225/82
f 124/224/83 127/226/83 126/227/83
f 126/227/84 129/228/84 128/229/84
f 129/228/85 130/230/85 128/229/85
f 131/231/86 132/232/86 130/230/86
f 134/233/87 133/234/87 132/232/87
f 134/233/88 135/235/88 133/234/88
f 136/236/89 137/237/89 135/235/89
f 138/238/90 139/239/90 137/237/90
f 140/240/91 141/241/91 139/242/91
f 142/243/92 143/244/92 141/241/92
f 143/244/93 160/245/93 145/246/93
f 159/247/94 147/248/94 146/249/94
f 147/248/95 171/250/95 148/251/95
f 148/251/96 178/252/96 149/253/96
f 149/253/97 182/254/97 150/255/97
f 150/255/98 188/256/98 151/257/98
f 151/257/99 191/258/99 152/259/99
f 198/260/100 153/261/100 152/262/100
f 207/263/101 154/264/101 153/261/101
f 210/265/102 155/266/102 154/264/102
f 217/267/103 156/268/103 155/266/103
f 220/269/104 157/270/104 156/268/104
f 157/270/105 232/271/105 158/272/105
f 165/273/106 163/274/106 170/275/106
f 170/275/107 163/274/107 169/276/107
f 169/276/108 162/277/108 168/278/108
f 168/278/109 161/279/109 167/280/109
f 167/281/110 160/282/110 166/283/110
f 166/283/111 160/284/111 164/285/111
f 171/250/112 170/275/112 177/286/112
f 177/286/113 169/276/113 176/287/113
f 176/288/114 168/289/114 175/290/114
f 175/290/115 167/281/115 174/291/115
f 174/291/116 166/283/116 173/292/116
f 173/292/117 164/285/117 172/293/117
f 178/252/118 177/286/118 180/294/118
f 180/294/119 176/287/119 179/295/119
f 172/293/120 164/285/120 181/296/120
f 182/254/121 180/294/121 187/297/121
f 187/297/122 179/295/122 186/298/122
f 186/299/123 175/290/123 185/300/123
f 185/300/124 174/291/124 184/301/124
f 184/301/125 173/292/125 183/302/125
f 188/256/126 187/297/126 190/303/126
f 190/303/127 186/298/127 189/304/127
f 191/258/128 190/303/128 197/305/128
f 197/305/129 189/304/129 196/306/129
f 196/307/130 185/300/130 195/308/130
f 195/308/131 184/301/131 194/309/131
f 194/309/132 183/302/132 193/310/132
f 193/310/133 172/293/133 192/311/133
f 192/311/134 172/293/134 181/296/134
f 198/312/135 197/305/135 200/313/135
f 200/313/136 196/306/136 199/314/136
f 198/260/137 206/315/137 201/316/137
f 200/317/138 205/318/138 206/315/138
f 199/319/139 204/320/139 205/321/139
f 195/308/140 203/322/140 204/320/140
f 194/309/141 202/323/141 203/322/141
f 193/310/142 192/311/142 202/323/142
f 201/316/143 209/324/143 207/263/143
f 206/315/144 208/325/144 209/324/144
f 205/321/145 204/320/145 208/326/145
f 207/263/146 216/327/146 210/265/146
f 209/324/147 215/328/147 216/327/147
f 208/326/148 214/329/148 215/330/148
f 204/320/149 213/331/149 214/329/149
f 203/322/150 212/332/150 213/331/150
f 202/323/151 211/333/151 212/332/151
f 211/333/152 192/311/152 181/334/152
f 210/265/153 219/335/153 217/267/153
f 216/327/154 218/336/154 219/335/154
f 215/330/155 214/329/155 218/337/155
f 217/267/156 225/338/156 220/269/156
f 219/335/157 224/339/157 225/338/157
f 218/337/158 223/340/158 224/341/158
f 214/329/159 222/342/159 223/340/159
f 213/331/160 221/343/160 222/342/160
f 212/332/161 211/333/161 221/343/161
f 220/269/162 231/344/162 226/345/162
f 225/338/163 230/346/163 231/344/163
f 224/341/164 229/347/164 230/348/164
f 223/340/165 228/349/165 229/347/165
f 222/342/166 221/343/166 228/349/166
f 227/350/167 211/333/167 181/351/167
f 226/345/168 233/352/168 232/271/168
f 231/344/169 234/353/169 233/352/169
f 230/346/170 235/354/170 234/353/170
f 229/355/171 236/356/171 235/354/171
f 228/349/172 237/357/172 236/358/172
f 237/357/173 221/343/173 227/350/173
f 237/359/174 227/350/174 181/351/174
f 98/185/70 145/360/70 100/186/70
f 103/188/175 102/361/175 160/189/175
f 98/362/176 99/363/176 104/364/176
f 99/363/176 108/365/176 104/364/176
f 99/366/177 100/367/177 237/368/177 101/369/177 109/370/177 110/371/177 114/372/177 111/373/177 112/374/177 108/375/177
f 100/367/178 145/376/178 160/377/178 102/378/178 237/368/178
f 237/201/179 102/361/179 103/188/179
f 108/203/74 112/379/74 113/204/74
f 113/204/180 112/379/180 111/380/180
f 114/206/181 110/381/181 115/207/181
f 115/207/182 110/381/182 109/209/182
f 109/209/183 101/382/183 103/211/183
f 106/383/180 113/204/180 111/380/180
f 107/210/183 109/209/183 103/211/183
f 111/214/78 117/208/78 116/213/78
f 111/214/78 114/206/78 117/208/78
f 237/216/184 119/219/184 118/217/184
f 119/219/80 121/221/80 120/220/80
f 121/221/81 123/384/81 122/222/81
f 123/223/82 125/385/82 124/224/82
f 124/224/83 125/385/83 127/226/83
f 126/227/84 127/226/84 129/228/84
f 129/228/185 131/231/185 130/230/185
f 131/231/186 134/233/186 132/232/186
f 134/233/187 136/236/187 135/235/187
f 136/236/89 138/238/89 137/237/89
f 138/238/90 140/386/90 139/239/90
f 140/240/91 142/243/91 141/241/91
f 142/243/92 144/387/92 143/244/92
f 143/244/188 144/387/188 160/245/188
f 159/247/189 165/273/189 147/248/189
f 147/248/190 165/273/190 171/250/190
f 148/251/191 171/250/191 178/252/191
f 149/253/192 178/252/192 182/254/192
f 150/255/193 182/254/193 188/256/193
f 151/257/194 188/256/194 191/258/194
f 152/259/195 191/258/195 198/312/195
f 198/260/196 201/316/196 153/261/196
f 201/316/197 207/263/197 153/261/197
f 207/263/198 210/265/198 154/264/198
f 210/265/199 217/267/199 155/266/199
f 217/267/200 220/269/200 156/268/200
f 220/269/201 226/345/201 157/270/201
f 157/270/202 226/345/202 232/271/202
f 237/388/203 100/389/203 158/272/203 232/271/203 233/352/203 234/353/203 235/354/203 236/356/203
f 118/390/204 120/391/204 122/392/204 124/393/204 126/394/204 128/395/204 130/396/204 132/397/204 133/398/204 135/399/204 137/400/204 139/401/204 141/402/204 143/403/204 145/404/204 146/405/204 147/406/204 148/407/204 149/408/204 150/409/204 151/410/204 152/411/204 153/412/204 154/413/204 155/414/204 156/415/204 157/416/204 158/417/204 100/418/204
f 165/273/205 159/247/205 163/274/205
f 169/276/206 163/274/206 162/277/206
f 168/278/207 162/277/207 161/279/207
f 167/281/208 161/419/208 160/282/208
f 171/250/112 165/273/112 170/275/112
f 177/286/113 170/275/113 169/276/113
f 176/288/209 169/420/209 168/289/209
f 175/290/210 168/289/210 167/281/210
f 174/291/211 167/281/211 166/283/211
f 173/292/212 166/283/212 164/285/212
f 178/252/213 171/250/213 177/286/213
f 180/294/119 177/286/119 176/287/119
f 179/421/214 176/288/214 175/290/214
f 182/254/121 178/252/121 180/294/121
f 187/297/122 180/294/122 179/295/122
f 186/299/215 179/421/215 175/290/215
f 185/300/216 175/290/216 174/291/216
f 184/301/217 174/291/217 173/292/217
f 183/302/218 173/292/218 172/293/218
f 188/256/126 182/254/126 187/297/126
f 190/303/127 187/297/127 186/298/127
f 189/422/219 186/299/219 185/300/219
f 191/258/128 188/256/128 190/303/128
f 197/305/129 190/303/129 189/304/129
f 196/307/220 189/422/220 185/300/220
f 195/308/221 185/300/221 184/301/221
f 194/309/222 184/301/222 183/302/222
f 193/310/223 183/302/223 172/293/223
f 198/312/135 191/258/135 197/305/135
f 200/313/136 197/305/136 196/306/136
f 199/319/224 196/307/224 195/308/224
f 198/260/137 200/317/137 206/315/137
f 200/317/138 199/423/138 205/318/138
f 199/319/225 195/308/225 204/320/225
f 195/308/226 194/309/226 203/322/226
f 194/309/227 193/310/227 202/323/227
f 201/316/143 206/315/143 209/324/143
f 206/315/144 205/318/144 208/325/144
f 207/263/146 209/324/146 216/327/146
f 209/324/147 208/325/147 215/328/147
f 208/326/228 204/320/228 214/329/228
f 204/320/229 203/322/229 213/331/229
f 203/322/230 202/323/230 212/332/230
f 202/323/231 192/311/231 211/333/231
f 210/265/153 216/327/153 219/335/153
f 216/327/154 215/328/154 218/336/154
f 217/267/156 219/335/156 225/338/156
f 219/335/157 218/336/157 224/339/157
f 218/337/232 214/329/232 223/340/232
f 214/329/233 213/331/233 222/342/233
f 213/331/234 212/332/234 221/343/234
f 220/269/162 225/338/162 231/344/162
f 225/338/163 224/339/163 230/346/163
f 224/341/164 223/340/164 229/347/164
f 223/340/165 222/342/165 228/349/165
f 221/343/235 211/333/235 227/350/235
f 226/345/236 231/344/236 233/352/236
f 231/344/237 230/346/237 234/353/237
f 230/346/238 229/355/238 235/354/238
f 229/355/239 228/424/239 236/356/239
f 228/349/240 221/343/240 237/357/240
f 160/425/241 144/426/241 142/427/241 140/428/241 138/429/241 136/430/241 134/431/241 131/432/241 129/433/241 127/434/241 125/435/241 123/436/241 121/437/241 119/438/241 237/439/241 181/296/241 164/285/241
f 162/277/242 163/274/242 159/247/242 146/249/242 145/440/242 160/441/242 161/279/242
g Flange_Plane.002
v -0.021996 -0.001351 -0.016500
v 0.001351 0.021996 -0.016500
v -0.020639 0.004130 -0.016500
v -0.017954 0.009409 -0.016500
v -0.014124 0.014124 -0.016500
v -0.009409 0.017954 -0.016500
v -0.004131 0.020639 -0.016500
v -0.001351 -0.021996 -0.016500
v 0.021996 0.001351 -0.016500
v 0.004131 -0.020640 -0.016500
v 0.009409 -0.017955 -0.016500
v 0.014124 -0.014124 -0.016500
v 0.017954 -0.009409 -0.016500
v 0.020639 -0.004131 -0.016500
v 0.023377 0.012888 -0.016500
v 0.012888 0.023377 -0.016500
v 0.023340 0.015923 -0.016500
v 0.022494 0.018655 -0.016500
v 0.020896 0.020896 -0.016500
v 0.018655 0.022494 -0.016500
v 0.015924 0.023340 -0.016500
v -0.012888 -0.023377 -0.016500
v -0.023377 -0.012889 -0.016500
v -0.015924 -0.023340 -0.016500
v -0.018655 -0.022494 -0.016500
v -0.020896 -0.020896 -0.016500
v -0.022494 -0.018655 -0.016500
v -0.023340 -0.015924 -0.016500
v 0.011667 0.011667 -0.016500
v 0.011667 0.011667 -0.013250
v 0.013719 0.009167 -0.016500
v 0.013719 0.009167 -0.013250
v -0.000000 0.016500 -0.013250
v -0.000000 0.016500 -0.016500
v 0.009167 0.013719 -0.016500
v 0.009167 0.013719 -0.013250
v -0.003219 0.016183 -0.013250
v -0.003219 0.016183 -0.016500
v 0.016500 -0.000000 -0.013250
v 0.016500 -0.000000 -0.016500
v 0.016183 0.003219 -0.016500
v 0.016183 0.003219 -0.013250
v 0.015244 0.006314 -0.016500
v 0.015244 0.006314 -0.013250
v 0.006314 0.015244 -0.016500
v 0.006314 0.015244 -0.013250
v 0.003219 0.016183 -0.016500
v 0.003219 0.016183 -0.013250
v 0.011667 -0.011667 -0.013250
v 0.011667 -0.011667 -0.016500
v 0.009167 -0.013719 -0.013250
v 0.009167 -0.013719 -0.016500
v 0.006314 -0.015244 -0.013250
v 0.006314 -0.015244 -0.016500
v -0.011667 0.011667 -0.013250
v -0.011667 0.011667 -0.016500
v 0.003219 -0.016183 -0.016500
v 0.003219 -0.016183 -0.013250
v 0.015244 -0.006315 -0.016500
v 0.015244 -0.006315 -0.013250
v 0.016183 -0.003219 -0.016500
v 0.016183 -0.003219 -0.013250
v -0.015244 0.006314 -0.013250
v -0.015244 0.006314 -0.016500
v -0.016183 0.003219 -0.016500
v -0.016183 0.003219 -0.013250
v -0.013719 0.009167 -0.013250
v -0.013719 0.009167 -0.016500
v 0.013719 -0.009167 -0.013250
v 0.013719 -0.009167 -0.016500
v -0.016500 -0.000000 -0.016500
v -0.016500 -0.000000 -0.013250
v -0.009167 0.013719 -0.016500
v -0.009167 0.013719 -0.013250
v -0.006314 0.015244 -0.016500
v -0.006314 0.015244 -0.013250
v -0.013719 -0.009167 -0.013250
v -0.013719 -0.009167 -0.016500
v -0.006314 -0.015244 -0.013250
v -0.006314 -0.015244 -0.016500
v -0.015244 -0.006315 -0.013250
v -0.015244 -0.006315 -0.016500
v -0.009167 -0.013719 -0.013250
v -0.009167 -0.013719 -0.016500
v -0.016183 -0.003219 -0.016500
v -0.016183 -0.003219 -0.013250
v -0.003219 -0.016183 -0.013250
v -0.003219 -0.016183 -0.016500
v -0.011667 -0.011668 -0.013250
v -0.011667 -0.011668 -0.016500
v 0.000000 -0.016500 -0.016500
v 0.000000 -0.016500 -0.013250
v -0.021966 -0.001396 -0.015244
v -0.020818 -0.001568 -0.014139
v -0.021329 -0.001534 -0.014401
v 0.001043 0.020740 -0.014021
v 0.000982 0.021228 -0.014328
v 0.001339 0.021958 -0.015246
v -0.019876 0.003747 -0.014376
v -0.020639 0.004130 -0.015450
v -0.020422 0.004051 -0.014917
v -0.017316 0.008937 -0.014414
v -0.017954 0.009409 -0.015450
v -0.017741 0.009273 -0.014886
v -0.013647 0.013646 -0.014477
v -0.014122 0.014073 -0.015251
v -0.008943 0.017310 -0.014413
v -0.009409 0.017954 -0.015450
v -0.009283 0.017759 -0.014916
v -0.003551 0.019938 -0.014363
v -0.004131 0.020639 -0.015450
v -0.004018 0.020412 -0.014886
v -0.001043 -0.020741 -0.014021
v -0.000982 -0.021228 -0.014328
v -0.001339 -0.021958 -0.015246
v 0.021966 0.001396 -0.015244
v 0.020818 0.001568 -0.014139
v 0.021329 0.001534 -0.014401
v 0.003551 -0.019939 -0.014363
v 0.004131 -0.020640 -0.015450
v 0.004018 -0.020412 -0.014886
v 0.008943 -0.017310 -0.014413
v 0.009409 -0.017955 -0.015450
v 0.009283 -0.017759 -0.014916
v 0.013647 -0.013647 -0.014477
v 0.014122 -0.014073 -0.015251
v 0.017316 -0.008937 -0.014414
v 0.017954 -0.009409 -0.015450
v 0.017741 -0.009274 -0.014886
v 0.019876 -0.003748 -0.014376
v 0.020639 -0.004131 -0.015450
v 0.020422 -0.004051 -0.014917
v 0.022346 0.012921 -0.014180
v 0.023377 0.012888 -0.015450
v 0.023126 0.012923 -0.014857
v 0.013474 0.022457 -0.014335
v 0.012888 0.023377 -0.015450
v 0.012968 0.023149 -0.014923
v 0.022396 0.015677 -0.014315
v 0.023340 0.015923 -0.015450
v 0.023092 0.015905 -0.014900
v 0.021405 0.018115 -0.014250
v 0.021921 0.018344 -0.014497
v 0.022443 0.018678 -0.015271
v 0.020218 0.020217 -0.014319
v 0.020896 0.020896 -0.015450
v 0.020729 0.020728 -0.014916
v 0.018115 0.021405 -0.014250
v 0.018344 0.021921 -0.014497
v 0.018640 0.022463 -0.015272
v 0.015735 0.022142 -0.014250
v 0.015817 0.022670 -0.014477
v 0.015893 0.023307 -0.015253
v -0.013474 -0.022458 -0.014335
v -0.012888 -0.023377 -0.015450
v -0.012968 -0.023149 -0.014923
v -0.022346 -0.012922 -0.014180
v -0.023377 -0.012889 -0.015450
v -0.023126 -0.012923 -0.014857
v -0.015735 -0.022143 -0.014250
v -0.015817 -0.022670 -0.014477
v -0.015893 -0.023307 -0.015253
v -0.018115 -0.021405 -0.014250
v -0.018344 -0.021921 -0.014497
v -0.018640 -0.022464 -0.015272
v -0.020218 -0.020218 -0.014319
v -0.020896 -0.020896 -0.015450
v -0.020729 -0.020729 -0.014916
v -0.021405 -0.018115 -0.014250
v -0.021921 -0.018345 -0.014497
v -0.022443 -0.018678 -0.015271
v -0.022396 -0.015677 -0.014315
v -0.023340 -0.015924 -0.015450
v -0.023092 -0.015905 -0.014900
vn -0.1189 0.9929 -0.0000
vn -0.2401 0.9704 0.0272
vn -0.7759 0.6303 0.0271
vn -0.6306 0.7761 -0.0000
vn -0.4534 0.8913 -0.0000
vn 0.2401 -0.9704 0.0272
vn 0.9925 -0.1188 0.0278
vn 0.9999 0.0121 -0.0000
vn 0.8913 -0.4534 -0.0000
vn 0.7759 -0.6303 0.0271
vn 0.6306 -0.7761 -0.0000
vn 0.1189 -0.9929 -0.0000
vn -0.8913 0.4534 -0.0000
vn 0.9552 0.2960 -0.0000
vn -0.0121 -0.9996 0.0270
vn 0.2959 0.9548 0.0270
vn 0.5806 0.8142 -0.0000
vn 0.8140 0.5805 0.0225
vn 0.0121 0.9996 0.0270
vn 0.4534 -0.8913 -0.0000
vn 0.9707 -0.2402 -0.0000
vn -0.9999 -0.0121 -0.0000
vn -0.5806 -0.8142 -0.0000
vn -0.8140 -0.5805 0.0225
vn -0.9552 -0.2960 -0.0000
vn -0.2959 -0.9548 0.0270
vn -0.9707 0.2402 -0.0000
vn 0.9952 0.0980 -0.0000
vn 0.7730 0.6344 -0.0000
vn 0.8819 0.4714 -0.0000
vn -0.9952 -0.0980 -0.0000
vn 0.9569 -0.2903 -0.0000
vn 0.9952 -0.0980 -0.0000
vn 0.7730 -0.6344 -0.0000
vn -0.0980 -0.9952 -0.0000
vn -0.0980 0.9952 -0.0000
vn -0.8819 -0.4714 -0.0000
vn 0.0980 0.9952 -0.0000
vn -0.2903 -0.9569 -0.0000
vn 0.6344 -0.7730 -0.0000
vn -0.4714 0.8819 -0.0000
vn 0.4714 -0.8819 -0.0000
vn 0.6344 0.7730 -0.0000
vn -0.6344 -0.7730 -0.0000
vn -0.9569 -0.2903 -0.0000
vn -0.9925 0.1188 0.0278
vn 0.4714 0.8819 -0.0000
vn -0.6344 0.7730 -0.0000
vn -0.8819 0.4714 -0.0000
vn 0.0980 -0.9952 -0.0000
vn 0.8819 -0.4714 -0.0000
vn -0.9952 0.0980 -0.0000
vn 0.9569 0.2903 -0.0000
vn -0.2903 0.9569 -0.0000
vn -0.4714 -0.8819 -0.0000
vn 0.2903 0.9569 -0.0000
vn 0.2903 -0.9569 -0.0000
vn -0.9569 0.2903 -0.0000
vn -0.7730 -0.6344 -0.0000
vn -0.7730 0.6344 -0.0000
vn -0.4464 0.1187 0.8869
vn -0.7697 0.1816 0.6121
vn -0.5845 0.2955 0.7557
vn -0.8182 0.4162 0.3967
vn -0.5131 0.4098 0.7541
vn -0.7141 0.5695 0.4072
vn -0.4969 0.5948 0.6319
vn -0.3054 0.5979 0.7411
vn -0.4161 0.8179 0.3973
vn -0.1876 0.6389 0.7460
vn -0.2286 0.8861 0.4033
vn 0.4464 -0.1187 0.8869
vn 0.7697 -0.1816 0.6121
vn 0.5845 -0.2955 0.7557
vn 0.8182 -0.4162 0.3967
vn 0.5131 -0.4098 0.7541
vn 0.7141 -0.5695 0.4072
vn 0.4969 -0.5948 0.6319
vn 0.3054 -0.5979 0.7411
vn 0.4161 -0.8179 0.3973
vn 0.1876 -0.6389 0.7460
vn 0.2286 -0.8861 0.4033
vn -0.0513 0.5267 0.8485
vn -0.0982 0.7973 0.5955
vn -0.0118 0.6424 0.7663
vn -0.0046 0.9176 0.3975
vn 0.1171 0.3777 0.9185
vn 0.2249 0.7421 0.6315
vn 0.2219 0.3397 0.9140
vn 0.4349 0.6510 0.6222
vn 0.5086 0.3893 0.7680
vn 0.7356 0.5457 0.4014
vn 0.3810 0.1304 0.9153
vn 0.7460 0.2569 0.6143
vn 0.6396 0.0181 0.7685
vn 0.9115 0.0111 0.4111
vn 0.6540 -0.0730 0.7530
vn 0.9135 -0.1051 0.3931
vn 0.0513 -0.5267 0.8485
vn 0.0982 -0.7973 0.5955
vn 0.0118 -0.6424 0.7663
vn 0.0046 -0.9176 0.3975
vn -0.1171 -0.3777 0.9185
vn -0.2249 -0.7421 0.6315
vn -0.2219 -0.3397 0.9140
vn -0.4349 -0.6510 0.6222
vn -0.5086 -0.3893 0.7680
vn -0.7356 -0.5457 0.4013
vn -0.3810 -0.1304 0.9153
vn -0.7460 -0.2569 0.6143
vn -0.6395 -0.0181 0.7685
vn -0.9115 -0.0111 0.4111
vn -0.6540 0.0730 0.7530
vn -0.9135 0.1051 0.3931
vn -0.0000 -0.0000 -1.0000
vn -0.1214 0.9922 0.0290
vn -0.2343 0.9722 -0.0000
vn -0.7726 0.6349 -0.0000
vn -0.6346 0.7722 0.0326
vn 0.2343 -0.9722 -0.0000
vn 0.1167 -0.0124 0.9931
vn 0.9925 -0.1218 -0.0000
vn 0.7726 -0.6349 -0.0000
vn 0.6346 -0.7722 0.0326
vn 0.1214 -0.9922 0.0290
vn 0.9510 0.3075 0.0334
vn -0.0233 -0.9997 -0.0000
vn 0.2934 0.9554 0.0328
vn 0.5720 0.8198 0.0270
vn 0.8201 0.5723 -0.0000
vn 0.0233 0.9997 -0.0000
vn 0.9716 -0.2344 0.0314
vn -0.5720 -0.8198 0.0270
vn -0.8201 -0.5723 -0.0000
vn -0.9510 -0.3075 0.0334
vn -0.2934 -0.9554 0.0328
vn -0.9716 0.2344 0.0314
vn -0.9925 0.1218 -0.0000
vn -0.6429 0.1734 0.7461
vn -0.8887 0.2282 0.3976
vn -0.5938 0.2983 0.7473
vn -0.8133 0.4151 0.4077
vn -0.5924 0.4951 0.6356
vn -0.4153 0.5204 0.7461
vn -0.5734 0.7165 0.3972
vn -0.2851 0.5701 0.7706
vn -0.4121 0.8133 0.4107
vn -0.1524 0.5122 0.8453
vn -0.1940 0.8034 0.5630
vn 0.6429 -0.1734 0.7461
vn 0.8887 -0.2282 0.3976
vn 0.5938 -0.2983 0.7473
vn 0.8133 -0.4151 0.4077
vn 0.5924 -0.4951 0.6356
vn 0.4153 -0.5204 0.7461
vn 0.5734 -0.7165 0.3972
vn 0.2851 -0.5701 0.7706
vn 0.4121 -0.8133 0.4107
vn 0.1524 -0.5122 0.8453
vn 0.1940 -0.8034 0.5630
vn -0.0606 0.6202 0.7821
vn -0.1043 0.9070 0.4079
vn 0.0201 0.3932 0.9192
vn 0.0302 0.7709 0.6362
vn 0.1213 0.3849 0.9149
vn 0.2350 0.7516 0.6164
vn 0.3893 0.5086 0.7680
vn 0.5439 0.7370 0.4012
vn 0.3397 0.2219 0.9140
vn 0.6486 0.4342 0.6251
vn 0.6033 0.1609 0.7811
vn 0.8772 0.2595 0.4040
vn 0.6554 0.0250 0.7548
vn 0.9210 0.0160 0.3892
vn 0.4521 -0.0576 0.8901
vn 0.7856 -0.0995 0.6106
vn 0.0606 -0.6202 0.7821
vn 0.1043 -0.9070 0.4079
vn -0.0201 -0.3932 0.9192
vn -0.0302 -0.7709 0.6362
vn -0.1213 -0.3849 0.9149
vn -0.2350 -0.7516 0.6163
vn -0.3893 -0.5086 0.7680
vn -0.5439 -0.7370 0.4012
vn -0.3397 -0.2219 0.9140
vn -0.6486 -0.4342 0.6251
vn -0.6033 -0.1609 0.7811
vn -0.8772 -0.2595 0.4040
vn -0.6554 -0.0250 0.7548
vn -0.9210 -0.0160 0.3892
vn -0.4521 0.0576 0.8901
vn -0.7856 0.0995 0.6106
vn -0.1167 0.0124 0.9931
vt 0.733345 0.769391
vt 0.746568 0.906305
vt 0.734399 0.906503
vt 0.733674 0.703906
vt 0.747712 0.768655
vt 0.708483 0.942181
vt 0.726307 0.999431
vt 0.711933 0.999790
vt 0.739066 0.582567
vt 0.747794 0.639986
vt 0.735626 0.640184
vt 0.745843 0.703708
vt 0.760813 0.698335
vt 0.774843 0.761857
vt 0.760477 0.762645
vt 0.680104 0.675872
vt 0.693534 0.813093
vt 0.679047 0.812981
vt 0.680858 0.639994
vt 0.692273 0.676070
vt 0.679377 0.878464
vt 0.693502 0.942380
vt 0.681334 0.942182
vt 0.699158 0.999432
vt 0.684784 0.999791
vt 0.766310 0.582667
vt 0.774968 0.636650
vt 0.762802 0.636948
vt 0.773718 0.898273
vt 0.761552 0.898570
vt 0.706526 0.878464
vt 0.720651 0.942380
vt 0.682503 0.608102
vt 0.693027 0.640192
vt 0.776681 0.934028
vt 0.762318 0.934485
vt 0.735151 0.942381
vt 0.750925 0.973660
vt 0.736792 0.974271
vt 0.751377 0.999802
vt 0.739209 1.000000
vt 0.684927 0.582369
vt 0.696651 0.608716
vt 0.749515 0.941977
vt 0.772979 0.698037
vt 0.691545 0.878663
vt 0.708007 0.639994
vt 0.719422 0.676070
vt 0.707253 0.675872
vt 0.763991 0.967118
vt 0.778621 0.993949
vt 0.766455 0.994246
vt 0.712076 0.582369
vt 0.723800 0.608716
vt 0.709652 0.608102
vt 0.720176 0.640192
vt 0.778123 0.966445
vt 0.706196 0.812981
vt 0.718694 0.878663
vt 0.549067 0.680389
vt 0.586356 0.718167
vt 0.548687 0.718321
vt 0.592145 0.582369
vt 0.552019 0.611160
vt 0.554477 0.582523
vt 0.587860 0.644051
vt 0.550192 0.644205
vt 0.630194 0.680235
vt 0.592146 0.718320
vt 0.592525 0.680389
vt 0.549067 0.756542
vt 0.587860 0.793432
vt 0.550192 0.793586
vt 0.589687 0.827873
vt 0.554477 0.858542
vt 0.552019 0.828027
vt 0.505218 0.718538
vt 0.543266 0.756612
vt 0.505599 0.756751
vt 0.673652 0.684532
vt 0.635604 0.722601
vt 0.635982 0.684378
vt 0.633145 0.611006
vt 0.593650 0.644205
vt 0.595477 0.611160
vt 0.673273 0.722755
vt 0.635982 0.760531
vt 0.506726 0.793758
vt 0.511020 0.582508
vt 0.546224 0.611101
vt 0.508556 0.611240
vt 0.638926 0.612889
vt 0.674774 0.647487
vt 0.637104 0.647333
vt 0.544394 0.644218
vt 0.506726 0.644357
vt 0.676595 0.829909
vt 0.641377 0.858387
vt 0.638926 0.829755
vt 0.546224 0.827998
vt 0.511020 0.858566
vt 0.508556 0.828137
vt 0.720683 0.813093
vt 0.637104 0.796713
vt 0.641378 0.582369
vt 0.676595 0.613043
vt 0.593650 0.793586
vt 0.633145 0.827873
vt 0.595477 0.828027
vt 0.543266 0.680448
vt 0.505599 0.680587
vt 0.629814 0.718167
vt 0.592525 0.756542
vt 0.586735 0.680235
vt 0.673652 0.760685
vt 0.630194 0.756389
vt 0.597935 0.582523
vt 0.597935 0.858542
vt 0.824339 0.518951
vt 0.764915 0.543617
vt 0.763236 0.538157
vt 0.724987 0.877839
vt 0.731202 0.812202
vt 0.882909 0.484811
vt 0.826490 0.523111
vt 0.880349 0.481791
vt 0.929206 0.432293
vt 0.727298 0.940827
vt 0.754083 0.641405
vt 0.753440 0.582927
vt 0.760477 0.585796
vt 0.965041 0.372465
vt 0.992307 0.308695
vt 0.968661 0.374160
vt 0.759540 0.765699
vt 0.752490 0.705136
vt 0.758768 0.707584
vt 0.680937 0.063694
vt 0.740356 0.039005
vt 0.742087 0.044718
vt 0.697838 0.877839
vt 0.701015 0.812594
vt 0.622311 0.097559
vt 0.678730 0.059258
vt 0.624922 0.100833
vt 0.576051 0.150257
vt 0.700149 0.940827
vt 0.781261 0.638205
vt 0.780682 0.582955
vt 0.787725 0.585999
vt 0.540231 0.210159
vt 0.512912 0.273674
vt 0.536559 0.208209
vt 0.508717 0.334128
vt 0.517789 0.275544
vt 0.779631 0.699621
vt 0.993563 0.105568
vt 0.996573 0.248586
vt 0.991196 0.250129
vt 0.752805 0.907097
vt 0.992921 0.073711
vt 1.000000 0.105992
vt 0.975311 0.048569
vt 0.987129 0.075491
vt 0.758188 0.971367
vt 0.756625 0.940998
vt 0.958588 0.025599
vt 0.980625 0.044903
vt 0.757552 0.997483
vt 0.934824 0.008325
vt 0.962292 0.020621
vt 0.703270 0.584887
vt 0.697096 0.582568
vt 0.932714 0.014550
vt 0.904250 0.006449
vt 0.703900 0.611006
vt 0.699525 0.640912
vt 0.870365 0.003676
vt 0.904451 0.000000
vt 0.871618 0.010948
vt 0.699277 0.676137
vt 0.511721 0.477114
vt 0.514148 0.332854
vt 0.779960 0.899230
vt 0.782940 0.760137
vt 0.512335 0.508837
vt 0.505218 0.476371
vt 0.529990 0.534205
vt 0.518173 0.507282
vt 0.785391 0.964396
vt 0.783798 0.933318
vt 0.546695 0.557085
vt 0.524626 0.537624
vt 0.784797 0.991738
vt 0.570428 0.574202
vt 0.542928 0.561748
vt 0.730419 0.584887
vt 0.724245 0.582568
vt 0.572587 0.568224
vt 0.601035 0.576241
vt 0.731049 0.611006
vt 0.726674 0.640912
vt 0.634862 0.578730
vt 0.600769 0.582369
vt 0.733218 0.676160
vt 0.726426 0.676137
vt 0.000000 0.112362
vt 0.004630 0.076739
vt 0.018204 0.045828
vt 0.039796 0.021736
vt 0.067937 0.006105
vt 0.100707 0.000000
vt 0.135874 0.003837
vt 0.267440 0.036303
vt 0.328981 0.059959
vt 0.386329 0.098945
vt 0.435575 0.150603
vt 0.473362 0.211413
vt 0.497116 0.277230
vt 0.505218 0.343570
vt 0.443505 0.319956
vt 0.444295 0.281675
vt 0.437718 0.243972
vt 0.424028 0.208297
vt 0.403751 0.176021
vt 0.377665 0.148385
vt 0.346773 0.126449
vt 0.312263 0.111058
vt 0.275460 0.102803
vt 0.237779 0.102000
vt 0.200668 0.108681
vt 0.165553 0.122590
vt 0.133784 0.143190
vt 0.106581 0.169692
vt 0.084990 0.201076
vt 0.069840 0.236137
vt 0.061714 0.273526
vt 0.000000 0.249912
vt 0.804772 0.103936
vt 0.767666 0.097253
vt 0.729986 0.098048
vt 0.693180 0.106291
vt 0.658664 0.121665
vt 0.627763 0.143579
vt 0.601665 0.171190
vt 0.581372 0.203438
vt 0.567666 0.239084
vt 0.561072 0.276757
vt 0.561844 0.315010
vt 0.943644 0.268681
vt 0.935536 0.231318
vt 0.920404 0.196281
vt 0.898828 0.164917
vt 0.871638 0.138430
vt 0.839880 0.117840
vt 0.420229 0.392406
vt 0.435379 0.357346
vt 0.505218 0.481120
vt 0.500589 0.516743
vt 0.487015 0.547654
vt 0.465422 0.571746
vt 0.437282 0.587377
vt 0.404512 0.593482
vt 0.369345 0.589644
vt 0.237779 0.557179
vt 0.176237 0.533522
vt 0.118889 0.494537
vt 0.069644 0.442879
vt 0.031856 0.382069
vt 0.008102 0.316252
vt 0.060924 0.311807
vt 0.067500 0.349510
vt 0.081190 0.385184
vt 0.101468 0.417460
vt 0.127554 0.445097
vt 0.158445 0.467032
vt 0.192956 0.482424
vt 0.229758 0.490679
vt 0.267439 0.491482
vt 0.304550 0.484801
vt 0.339665 0.470892
vt 0.371434 0.450292
vt 0.398638 0.423790
vt 0.589687 0.611006
vt 0.586735 0.756389
vt 0.592145 0.858389
vt 0.542886 0.718399
vt 0.631319 0.644051
vt 0.544394 0.793619
vt 0.548687 0.582369
vt 0.679047 0.858541
vt 0.548687 0.858427
vt 0.674774 0.796867
vt 0.679047 0.582523
vt 0.631319 0.793432
vt 0.635604 0.582369
vt 0.635604 0.858389
vt 0.733345 0.996562
vt 0.987490 0.307114
vt 0.706196 0.996563
vt 0.633691 0.571860
vt 0.633850 0.445260
vt 0.665609 0.465851
vt 0.700716 0.479755
vt 0.737822 0.486437
vt 0.775503 0.485642
vt 0.812308 0.477399
vt 0.846824 0.462025
vt 0.877725 0.440112
vt 0.903823 0.412500
vt 0.924116 0.380252
vt 0.937822 0.344607
vt 0.944416 0.306933
vt 0.569952 0.352373
vt 0.585085 0.387410
vt 0.606660 0.418774
s 0
usemtl Steel-Material
f 239/442/243 374/443/243 253/444/243
f 244/445/244 335/446/244 239/442/244
f 241/447/245 343/448/245 242/449/245
f 242/450/246 345/451/246 243/452/246
f 243/452/247 348/453/247 244/445/247
f 247/454/248 352/455/248 245/456/248
f 252/457/249 353/458/249 246/459/249
f 254/460/250 371/461/250 252/457/250
f 251/462/251 365/463/251 250/464/251
f 250/464/252 363/465/252 249/466/252
f 249/467/253 360/468/253 248/469/253
f 245/456/254 392/470/254 259/471/254
f 240/472/255 340/473/255 241/447/255
f 255/474/256 377/475/256 254/460/256
f 259/471/257 399/476/257 261/477/257
f 258/478/258 387/479/258 257/480/258
f 257/480/259 383/481/259 256/482/259
f 256/483/260 381/484/260 255/474/260
f 253/444/261 390/485/261 258/478/261
f 248/469/262 357/486/262 247/454/262
f 246/459/263 368/487/263 251/462/263
f 265/488/264 395/489/264 260/490/264
f 262/491/265 404/492/265 263/493/265
f 263/494/266 408/495/266 264/496/266
f 264/496/267 410/497/267 265/488/267
f 261/477/268 402/498/268 262/491/268
f 238/499/269 337/500/269 240/472/269
f 323/501/270 308/502/270 309/503/270
f 327/504/271 314/505/271 326/506/271
f 314/505/272 319/507/272 318/508/272
f 278/509/273 276/510/273 279/511/273
f 303/512/274 301/513/274 300/514/274
f 308/502/275 303/512/275 309/503/275
f 305/515/276 292/516/276 304/517/276
f 270/518/277 284/519/277 285/520/277
f 294/521/278 329/522/278 295/523/278
f 268/524/279 281/525/279 269/526/279
f 328/527/280 324/528/280 329/522/280
f 284/519/281 283/529/281 285/520/281
f 292/530/282 310/531/282 311/532/282
f 288/533/283 291/534/283 290/535/283
f 311/532/284 312/536/284 313/537/284
f 321/538/285 326/539/285 320/540/285
f 272/541/286 267/542/286 273/543/286
f 281/525/287 278/509/287 279/511/287
f 260/490/288 330/544/288 238/499/288
f 316/545/289 321/538/289 320/540/289
f 286/546/290 289/547/290 288/533/290
f 297/548/291 307/549/291 306/550/291
f 275/551/292 270/518/292 274/552/292
f 301/513/293 304/517/293 300/514/293
f 277/553/294 299/554/294 276/510/294
f 318/508/295 322/555/295 323/501/295
f 291/534/296 295/523/296 290/535/296
f 283/529/297 272/541/297 273/543/297
f 325/556/298 316/545/298 324/528/298
f 312/536/299 274/552/299 313/537/299
f 298/557/300 297/548/300 299/554/300
f 267/558/301 268/524/301 269/526/301
f 307/549/302 286/559/302 306/550/302
f 336/560/303 332/561/303 331/562/303
f 338/563/304 330/544/304 332/564/304
f 336/560/305 341/565/305 338/566/305
f 338/563/306 340/473/306 337/500/306
f 339/567/307 342/568/307 341/565/307
f 341/569/308 343/448/308 340/473/308
f 346/570/309 343/571/309 342/572/309
f 344/573/310 349/574/310 346/575/310
f 346/570/311 348/453/311 345/451/311
f 334/576/312 349/577/312 347/578/312
f 335/446/313 348/453/313 349/577/313
f 367/579/314 355/580/314 354/581/314
f 369/582/315 353/458/315 355/583/315
f 367/579/316 366/584/316 369/585/316
f 369/582/317 365/463/317 368/487/317
f 364/586/318 362/587/318 366/584/318
f 366/588/319 363/465/319 365/463/319
f 361/589/320 363/590/320 362/591/320
f 359/592/321 358/593/321 361/594/321
f 361/589/322 357/486/322 360/468/322
f 351/595/323 358/593/323 356/596/323
f 352/455/324 357/486/324 358/597/324
f 373/598/325 334/599/325 333/600/325
f 375/601/326 335/446/326 334/576/326
f 373/598/327 389/602/327 375/603/327
f 375/601/328 390/485/328 374/443/328
f 385/604/329 389/602/329 388/605/329
f 386/606/330 390/485/330 389/607/330
f 382/608/331 386/609/331 385/604/331
f 384/610/332 387/479/332 386/606/332
f 382/608/333 380/611/333 384/612/333
f 384/613/334 381/484/334 383/614/334
f 379/615/335 376/616/335 380/611/335
f 380/617/336 378/618/336 381/484/336
f 376/616/337 372/619/337 378/620/337
f 378/618/338 371/461/338 377/475/338
f 370/621/339 355/580/339 372/619/339
f 372/622/340 353/458/340 371/461/340
f 391/623/341 351/595/341 350/624/341
f 393/625/342 352/455/342 351/626/342
f 391/623/343 398/627/343 393/628/343
f 393/625/344 399/476/344 392/470/344
f 400/629/345 398/627/345 397/630/345
f 401/631/346 399/476/346 398/632/346
f 403/633/347 401/634/347 400/629/347
f 405/635/348 402/498/348 401/631/348
f 403/633/349 407/636/349 405/637/349
f 405/638/350 408/495/350 404/639/350
f 406/640/351 409/641/351 407/636/351
f 407/642/352 411/643/352 408/495/352
f 409/641/353 396/644/353 411/645/353
f 411/643/354 395/489/354 410/497/354
f 394/646/355 332/564/355 396/647/355
f 396/647/356 330/544/356 395/489/356
f 253/648/357 258/649/357 257/650/357 256/651/357 255/652/357 254/653/357 252/654/357 246/655/357 251/656/357 250/657/357 249/658/357 248/659/357 247/660/357 245/661/357 328/662/357 294/663/357 291/664/357 289/665/357 287/666/357 307/667/357 296/668/357 298/669/357 277/670/357 278/671/357 280/672/357 268/673/357 266/674/357 272/675/357 282/676/357 284/677/357 271/678/357 239/679/357
f 239/442/358 335/446/358 374/443/358
f 244/445/359 348/453/359 335/446/359
f 241/447/360 340/473/360 343/448/360
f 242/450/361 343/571/361 345/451/361
f 243/452/247 345/451/247 348/453/247
f 247/454/362 357/486/362 352/455/362
f 281/680/363 279/681/363 276/682/363 299/683/363 297/684/363 306/685/363 286/686/363 288/687/363 290/688/363 295/689/363 329/690/363 350/624/363 356/596/363 359/592/363 362/587/363 364/586/363 367/579/363 354/581/363 370/621/363 376/616/363 379/615/363 382/608/363 385/604/363 388/605/363 373/598/363 333/600/363 270/691/363 285/692/363 283/693/363 273/694/363 267/695/363 269/696/363
f 252/457/364 371/461/364 353/458/364
f 254/460/250 377/475/250 371/461/250
f 251/462/251 368/487/251 365/463/251
f 250/464/365 365/463/365 363/465/365
f 249/467/366 363/590/366 360/468/366
f 245/456/367 352/455/367 392/470/367
f 240/472/255 337/500/255 340/473/255
f 255/474/368 381/484/368 377/475/368
f 259/471/369 392/470/369 399/476/369
f 258/478/370 390/485/370 387/479/370
f 257/480/371 387/479/371 383/481/371
f 256/483/372 383/614/372 381/484/372
f 253/444/373 374/443/373 390/485/373
f 248/469/262 360/468/262 357/486/262
f 246/459/374 353/458/374 368/487/374
f 265/488/264 410/497/264 395/489/264
f 262/491/375 402/498/375 404/492/375
f 263/494/376 404/639/376 408/495/376
f 264/496/377 408/495/377 410/497/377
f 261/477/378 399/476/378 402/498/378
f 238/499/379 330/544/379 337/500/379
f 323/501/270 322/555/270 308/502/270
f 317/697/357 325/698/357 328/662/357 245/661/357 259/699/357 261/700/357 262/701/357 263/702/357 264/703/357 265/704/357 260/705/357 238/706/357 240/707/357 241/708/357 242/709/357 243/710/357 244/711/357 239/679/357 271/678/357 275/712/357 312/713/357 310/714/357 293/715/357 305/716/357 301/717/357 302/718/357 308/719/357 322/720/357 319/721/357 315/722/357 327/723/357 321/724/357
f 327/504/271 315/725/271 314/505/271
f 314/505/272 315/725/272 319/507/272
f 278/509/273 277/553/273 276/510/273
f 303/512/274 302/726/274 301/513/274
f 308/502/275 302/726/275 303/512/275
f 305/515/276 293/727/276 292/516/276
f 270/518/277 271/728/277 284/519/277
f 294/521/278 328/527/278 329/522/278
f 268/524/279 280/729/279 281/525/279
f 328/527/280 325/556/280 324/528/280
f 284/519/281 282/730/281 283/529/281
f 292/530/282 293/731/282 310/531/282
f 288/533/283 289/547/283 291/534/283
f 311/532/284 310/531/284 312/536/284
f 321/538/285 327/732/285 326/539/285
f 272/541/286 266/733/286 267/542/286
f 281/525/287 280/729/287 278/509/287
f 260/490/380 395/489/380 330/544/380
f 316/545/289 317/734/289 321/538/289
f 286/546/290 287/735/290 289/547/290
f 297/548/291 296/736/291 307/549/291
f 275/551/292 271/728/292 270/518/292
f 301/513/293 305/515/293 304/517/293
f 277/553/294 298/557/294 299/554/294
f 318/508/295 319/507/295 322/555/295
f 291/534/296 294/521/296 295/523/296
f 283/529/297 282/730/297 272/541/297
f 325/556/298 317/734/298 316/545/298
f 312/536/299 275/551/299 274/552/299
f 298/557/300 296/736/300 297/548/300
f 267/558/301 266/737/301 268/524/301
f 307/549/302 287/738/302 286/559/302
f 336/560/381 338/566/381 332/561/381
f 338/563/382 337/500/382 330/544/382
f 336/560/383 339/567/383 341/565/383
f 338/563/384 341/569/384 340/473/384
f 341/569/385 342/739/385 343/448/385
f 344/573/386 346/575/386 342/568/386
f 346/570/387 345/451/387 343/571/387
f 344/573/388 347/740/388 349/574/388
f 346/570/389 349/577/389 348/453/389
f 333/600/390 334/599/390 347/740/390
f 334/576/391 335/446/391 349/577/391
f 367/579/392 369/585/392 355/580/392
f 369/582/393 368/487/393 353/458/393
f 367/579/394 364/586/394 366/584/394
f 369/582/395 366/588/395 365/463/395
f 366/588/396 362/741/396 363/465/396
f 359/592/397 361/594/397 362/587/397
f 361/589/398 360/468/398 363/590/398
f 359/592/399 356/596/399 358/593/399
f 361/589/400 358/597/400 357/486/400
f 350/624/401 351/595/401 356/596/401
f 351/626/402 352/455/402 358/597/402
f 373/598/403 375/603/403 334/599/403
f 375/601/404 374/443/404 335/446/404
f 373/598/405 388/605/405 389/602/405
f 375/601/406 389/607/406 390/485/406
f 385/604/407 386/609/407 389/602/407
f 386/606/408 387/479/408 390/485/408
f 382/608/409 384/612/409 386/609/409
f 384/610/410 383/481/410 387/479/410
f 382/608/411 379/615/411 380/611/411
f 384/613/412 380/617/412 381/484/412
f 380/611/413 376/616/413 378/620/413
f 381/484/414 378/618/414 377/475/414
f 376/616/415 370/621/415 372/619/415
f 378/618/416 372/622/416 371/461/416
f 370/621/417 354/581/417 355/580/417
f 372/622/418 355/583/418 353/458/418
f 391/623/419 393/628/419 351/595/419
f 393/625/420 392/470/420 352/455/420
f 391/623/421 397/630/421 398/627/421
f 393/625/422 398/632/422 399/476/422
f 400/629/423 401/634/423 398/627/423
f 401/631/424 402/498/424 399/476/424
f 403/633/425 405/637/425 401/634/425
f 405/635/426 404/492/426 402/498/426
f 403/633/427 406/640/427 407/636/427
f 405/638/428 407/642/428 408/495/428
f 407/636/429 409/641/429 411/645/429
f 408/495/430 411/643/430 410/497/430
f 409/641/431 394/742/431 396/644/431
f 411/643/432 396/647/432 395/489/432
f 394/742/433 331/562/433 332/561/433
f 396/647/434 332/564/434 330/544/434
f 326/743/435 314/744/435 318/745/435 323/746/435 309/747/435 303/748/435 300/749/435 304/750/435 292/751/435 311/752/435 313/753/435 274/754/435 270/691/435 333/600/435 347/740/435 344/573/435 342/568/435 339/567/435 336/560/435 331/562/435 394/742/435 409/641/435 406/640/435 403/633/435 400/629/435 397/630/435 391/623/435 350/624/435 329/690/435 324/755/435 316/756/435 320/757/435
g Main-Cylinder_Cylinder
v 0.000000 0.016500 -0.016500
v 0.003219 0.016183 -0.016500
v 0.006314 0.015244 -0.016500
v 0.009167 0.013719 -0.016500
v 0.011667 0.011667 -0.016500
v 0.013719 0.009167 -0.016500
v 0.015244 0.006314 -0.016500
v 0.016183 0.003219 -0.016500
v 0.016500 -0.000000 -0.016500
v 0.016183 -0.003219 -0.016500
v 0.015244 -0.006314 -0.016500
v 0.013719 -0.009167 -0.016500
v 0.011667 -0.011667 -0.016500
v 0.009167 -0.013719 -0.016500
v 0.006314 -0.015244 -0.016500
v 0.003219 -0.016183 -0.016500
v -0.000000 -0.016500 -0.016500
v -0.003219 -0.016183 -0.016500
v -0.006314 -0.015244 -0.016500
v -0.009167 -0.013719 -0.016500
v -0.011667 -0.011667 -0.016500
v -0.013719 -0.009167 -0.016500
v -0.015244 -0.006314 -0.016500
v -0.016183 -0.003219 -0.016500
v -0.016500 -0.000000 -0.016500
v -0.016183 0.003219 -0.016500
v -0.015244 0.006314 -0.016500
v -0.013719 0.009167 -0.016500
v -0.011667 0.011667 -0.016500
v -0.009167 0.013719 -0.016500
v -0.006314 0.015244 -0.016500
v -0.003219 0.016183 -0.016500
v 0.000000 0.015000 -0.016500
v 0.002926 0.014712 -0.016500
v 0.005740 0.013858 -0.016500
v 0.008334 0.012472 -0.016500
v 0.010607 0.010606 -0.016500
v 0.012472 0.008333 -0.016500
v 0.013858 0.005740 -0.016500
v 0.014712 0.002926 -0.016500
v 0.015000 -0.000000 -0.016500
v 0.014712 -0.002927 -0.016500
v 0.013858 -0.005740 -0.016500
v 0.012472 -0.008334 -0.016500
v 0.010607 -0.010607 -0.016500
v 0.008334 -0.012472 -0.016500
v 0.005740 -0.013858 -0.016500
v 0.002926 -0.014712 -0.016500
v -0.000000 -0.015000 -0.016500
v -0.002926 -0.014712 -0.016500
v -0.005740 -0.013858 -0.016500
v -0.008334 -0.012472 -0.016500
v -0.010607 -0.010607 -0.016500
v -0.012472 -0.008334 -0.016500
v -0.013858 -0.005740 -0.016500
v -0.014712 -0.002927 -0.016500
v -0.015000 -0.000000 -0.016500
v -0.014712 0.002926 -0.016500
v -0.013858 0.005740 -0.016500
v -0.012472 0.008333 -0.016500
v -0.010607 0.010606 -0.016500
v -0.008334 0.012472 -0.016500
v -0.005740 0.013858 -0.016500
v -0.002926 0.014712 -0.016500
v 0.003123 0.015789 0.022499
v -0.000000 0.016500 0.022110
v -0.000015 0.016094 0.022499
v 0.000200 0.016336 0.022356
v 0.000000 0.016279 0.022411
v -0.000200 0.016336 0.022356
v 0.006144 0.014876 0.022499
v 0.003219 0.016183 0.022110
v 0.003176 0.015967 0.022411
v 0.003383 0.015983 0.022356
v 0.002991 0.016061 0.022356
v 0.008928 0.013391 0.022499
v 0.006314 0.015244 0.022110
v 0.006230 0.015040 0.022411
v 0.006436 0.015016 0.022356
v 0.006067 0.015169 0.022356
v 0.011383 0.011383 0.022499
v 0.009167 0.013719 0.022110
v 0.009045 0.013536 0.022411
v 0.009242 0.013472 0.022356
v 0.008910 0.013694 0.022356
v 0.011667 0.011667 0.022110
v 0.011511 0.011511 0.022411
v 0.011693 0.011410 0.022356
v 0.011410 0.011693 0.022356
v 0.013719 0.009167 0.022110
v 0.013392 0.008928 0.022499
v 0.013536 0.009044 0.022411
v 0.013694 0.008909 0.022356
v 0.013472 0.009242 0.022356
v 0.015244 0.006314 0.022110
v 0.014876 0.006144 0.022499
v 0.015040 0.006230 0.022411
v 0.015169 0.006067 0.022356
v 0.015016 0.006436 0.022356
v 0.016183 0.003219 0.022110
v 0.015784 0.003130 0.022499
v 0.015967 0.003176 0.022411
v 0.016061 0.002991 0.022356
v 0.015983 0.003383 0.022356
v 0.016094 0.000014 0.022499
v 0.015789 -0.003124 0.022499
v 0.016500 -0.000000 0.022110
v 0.016280 -0.000000 0.022411
v 0.016336 -0.000200 0.022356
v 0.016336 0.000200 0.022356
v 0.014876 -0.006144 0.022499
v 0.016183 -0.003219 0.022110
v 0.015967 -0.003176 0.022411
v 0.015983 -0.003383 0.022356
v 0.016061 -0.002991 0.022356
v 0.013389 -0.008936 0.022499
v 0.015244 -0.006314 0.022110
v 0.015040 -0.006230 0.022411
v 0.015016 -0.006437 0.022356
v 0.015169 -0.006067 0.022356
v 0.013719 -0.009167 0.022110
v 0.013536 -0.009045 0.022411
v 0.013472 -0.009242 0.022356
v 0.013694 -0.008910 0.022356
v 0.011381 -0.011385 0.022499
v 0.011667 -0.011667 0.022110
v 0.011511 -0.011512 0.022411
v 0.011410 -0.011693 0.022356
v 0.011693 -0.011410 0.022356
v 0.009167 -0.013719 0.022110
v 0.008928 -0.013392 0.022499
v 0.009045 -0.013536 0.022411
v 0.008910 -0.013694 0.022356
v 0.009242 -0.013472 0.022356
v 0.006314 -0.015244 0.022110
v 0.006144 -0.014876 0.022499
v 0.006230 -0.015041 0.022411
v 0.006067 -0.015170 0.022356
v 0.006436 -0.015016 0.022356
v 0.003219 -0.016183 0.022110
v 0.003123 -0.015789 0.022499
v 0.003176 -0.015967 0.022411
v 0.002991 -0.016062 0.022356
v 0.003383 -0.015984 0.022356
v -0.000000 -0.016500 0.022110
v -0.000015 -0.016094 0.022499
v -0.000000 -0.016280 0.022411
v -0.000200 -0.016337 0.022356
v 0.000200 -0.016337 0.022356
v -0.003130 -0.015784 0.022499
v -0.006144 -0.014876 0.022499
v -0.003219 -0.016183 0.022110
v -0.003176 -0.015967 0.022411
v -0.003383 -0.015984 0.022356
v -0.002991 -0.016062 0.022356
v -0.008935 -0.013389 0.022499
v -0.006314 -0.015244 0.022110
v -0.006230 -0.015041 0.022411
v -0.006436 -0.015016 0.022356
v -0.006067 -0.015170 0.022356
v -0.009167 -0.013719 0.022110
v -0.009045 -0.013536 0.022411
v -0.009242 -0.013472 0.022356
v -0.008910 -0.013694 0.022356
v -0.011384 -0.011382 0.022499
v -0.011667 -0.011667 0.022110
v -0.011511 -0.011512 0.022411
v -0.011693 -0.011410 0.022356
v -0.011410 -0.011693 0.022356
v -0.013719 -0.009167 0.022110
v -0.013392 -0.008928 0.022499
v -0.013536 -0.009045 0.022411
v -0.013694 -0.008910 0.022356
v -0.013472 -0.009242 0.022356
v -0.015244 -0.006314 0.022110
v -0.014876 -0.006144 0.022499
v -0.015040 -0.006230 0.022411
v -0.015169 -0.006067 0.022356
v -0.015016 -0.006437 0.022356
v -0.016183 -0.003219 0.022110
v -0.015784 -0.003130 0.022499
v -0.015967 -0.003176 0.022411
v -0.016061 -0.002991 0.022356
v -0.015983 -0.003383 0.022356
v -0.016094 -0.000015 0.022499
v -0.015789 0.003123 0.022499
v -0.016500 -0.000000 0.022110
v -0.016280 -0.000000 0.022411
v -0.016336 0.000200 0.022356
v -0.016336 -0.000200 0.022356
v -0.014876 0.006144 0.022499
v -0.016183 0.003219 0.022110
v -0.015967 0.003176 0.022411
v -0.015983 0.003383 0.022356
v -0.016061 0.002991 0.022356
v -0.013392 0.008928 0.022499
v -0.015244 0.006314 0.022110
v -0.015040 0.006230 0.022411
v -0.015016 0.006436 0.022356
v -0.015169 0.006067 0.022356
v -0.011393 0.011369 0.022499
v -0.013719 0.009167 0.022110
v -0.013536 0.009044 0.022411
v -0.013472 0.009242 0.022356
v -0.013694 0.008909 0.022356
v -0.008944 0.013385 0.022499
v -0.011667 0.011667 0.022110
v -0.011511 0.011511 0.022411
v -0.011410 0.011693 0.022356
v -0.011693 0.011410 0.022356
v -0.009167 0.013719 0.022110
v -0.009044 0.013536 0.022411
v -0.008910 0.013694 0.022356
v -0.009242 0.013472 0.022356
v -0.006314 0.015244 0.022110
v -0.006144 0.014876 0.022499
v -0.006230 0.015040 0.022411
v -0.006067 0.015169 0.022356
v -0.006436 0.015016 0.022356
v -0.003219 0.016183 0.022110
v -0.003130 0.015784 0.022499
v -0.003176 0.015967 0.022411
v -0.002991 0.016061 0.022356
v -0.003383 0.015983 0.022356
v 0.000013 0.015369 0.022500
v -0.000000 0.015000 0.022110
v 0.000039 0.015164 0.022393
v -0.000190 0.015125 0.022356
v 0.002926 0.014712 0.022110
v 0.002998 0.015071 0.022500
v 0.002765 0.014872 0.022356
v 0.002962 0.014889 0.022411
v 0.003137 0.014797 0.022356
v 0.005515 0.014334 0.022500
v 0.005740 0.013858 0.022110
v 0.005900 0.014185 0.022500
v 0.005613 0.014046 0.022356
v 0.005810 0.014025 0.022411
v 0.005964 0.013901 0.022356
v 0.008206 0.012982 0.022500
v 0.008334 0.012472 0.022110
v 0.008567 0.012757 0.022500
v 0.008245 0.012682 0.022356
v 0.008457 0.012587 0.022393
v 0.010607 0.010606 0.022110
v 0.010865 0.010865 0.022500
v 0.010561 0.010829 0.022356
v 0.010735 0.010734 0.022411
v 0.010829 0.010561 0.022356
v 0.012549 0.008854 0.022500
v 0.012472 0.008333 0.022110
v 0.012797 0.008508 0.022500
v 0.012471 0.008561 0.022356
v 0.012630 0.008392 0.022393
v 0.013858 0.005740 0.022110
v 0.014334 0.005515 0.022500
v 0.013901 0.005963 0.022356
v 0.014024 0.005767 0.022393
v 0.014185 0.005900 0.022500
v 0.014712 0.002926 0.022110
v 0.015134 0.002613 0.022500
v 0.014798 0.003137 0.022356
v 0.014880 0.002920 0.022393
v 0.015064 0.003019 0.022500
v 0.015000 -0.000000 0.022110
v 0.015369 -0.000014 0.022500
v 0.015125 0.000190 0.022356
v 0.015164 -0.000039 0.022393
v 0.014712 -0.002927 0.022110
v 0.014982 -0.003378 0.022500
v 0.014872 -0.002765 0.022356
v 0.014866 -0.002997 0.022393
v 0.015072 -0.002976 0.022500
v 0.013858 -0.005740 0.022110
v 0.014035 -0.006236 0.022500
v 0.014047 -0.005613 0.022356
v 0.013996 -0.005840 0.022393
v 0.014202 -0.005859 0.022500
v 0.012472 -0.008334 0.022110
v 0.012771 -0.008550 0.022500
v 0.012682 -0.008246 0.022356
v 0.012587 -0.008457 0.022393
v 0.010607 -0.010607 0.022110
v 0.010865 -0.010866 0.022500
v 0.010829 -0.010561 0.022356
v 0.010735 -0.010735 0.022411
v 0.010561 -0.010830 0.022356
v 0.008334 -0.012472 0.022110
v 0.008550 -0.012772 0.022500
v 0.008561 -0.012471 0.022356
v 0.008434 -0.012623 0.022411
v 0.008245 -0.012682 0.022356
v 0.006236 -0.014036 0.022500
v 0.005740 -0.013858 0.022110
v 0.005859 -0.014203 0.022500
v 0.005964 -0.013902 0.022356
v 0.005810 -0.014026 0.022411
v 0.005613 -0.014047 0.022356
v 0.003378 -0.014983 0.022500
v 0.002926 -0.014712 0.022110
v 0.002975 -0.015073 0.022500
v 0.003137 -0.014798 0.022356
v 0.002962 -0.014890 0.022411
v 0.002765 -0.014872 0.022356
v -0.000000 -0.015000 0.022110
v 0.000013 -0.015369 0.022500
v 0.000190 -0.015126 0.022356
v -0.000000 -0.015181 0.022411
v -0.000190 -0.015126 0.022356
v -0.002613 -0.015135 0.022500
v -0.002926 -0.014712 0.022110
v -0.003019 -0.015064 0.022500
v -0.002765 -0.014872 0.022356
v -0.002962 -0.014890 0.022411
v -0.003137 -0.014798 0.022356
v -0.005740 -0.013858 0.022110
v -0.006236 -0.014036 0.022500
v -0.005613 -0.014047 0.022356
v -0.005839 -0.013996 0.022393
v -0.005848 -0.014211 0.022500
v -0.008334 -0.012472 0.022110
v -0.008550 -0.012772 0.022500
v -0.008245 -0.012682 0.022356
v -0.008457 -0.012587 0.022393
v -0.010607 -0.010607 0.022110
v -0.010865 -0.010866 0.022500
v -0.010561 -0.010830 0.022356
v -0.010735 -0.010735 0.022411
v -0.010830 -0.010561 0.022356
v -0.012472 -0.008334 0.022110
v -0.012983 -0.008206 0.022500
v -0.012471 -0.008561 0.022356
v -0.012631 -0.008393 0.022393
v -0.012758 -0.008567 0.022500
v -0.013858 -0.005740 0.022110
v -0.014196 -0.005881 0.022500
v -0.013901 -0.005964 0.022356
v -0.014025 -0.005810 0.022411
v -0.014047 -0.005613 0.022356
v -0.014982 -0.003378 0.022500
v -0.014712 -0.002927 0.022110
v -0.015079 -0.002963 0.022500
v -0.014798 -0.003137 0.022356
v -0.014880 -0.002921 0.022393
v -0.015000 -0.000000 0.022110
v -0.015366 -0.000000 0.022500
v -0.015125 -0.000190 0.022356
v -0.015181 -0.000000 0.022411
v -0.015125 0.000190 0.022356
v -0.015134 0.002613 0.022500
v -0.014712 0.002926 0.022110
v -0.015064 0.003019 0.022500
v -0.014872 0.002764 0.022356
v -0.014889 0.002961 0.022411
v -0.014798 0.003137 0.022356
v -0.014334 0.005515 0.022500
v -0.013858 0.005740 0.022110
v -0.014184 0.005913 0.022500
v -0.014047 0.005613 0.022356
v -0.013996 0.005839 0.022393
v -0.012472 0.008333 0.022110
v -0.012771 0.008550 0.022500
v -0.012682 0.008245 0.022356
v -0.012587 0.008457 0.022393
v -0.010607 0.010606 0.022110
v -0.010865 0.010865 0.022500
v -0.010829 0.010561 0.022356
v -0.010735 0.010734 0.022411
v -0.010561 0.010829 0.022356
v -0.008854 0.012549 0.022500
v -0.008334 0.012472 0.022110
v -0.008508 0.012797 0.022500
v -0.008561 0.012471 0.022356
v -0.008393 0.012630 0.022393
v -0.005740 0.013858 0.022110
v -0.005880 0.014196 0.022500
v -0.005964 0.013901 0.022356
v -0.005810 0.014025 0.022411
v -0.005613 0.014046 0.022356
v -0.003378 0.014982 0.022500
v -0.002926 0.014712 0.022110
v -0.002963 0.015079 0.022500
v -0.003137 0.014797 0.022356
v -0.002920 0.014881 0.022393
vn -0.0000 0.0008 1.0000
vn 0.0002 0.0005 1.0000
vn 0.0004 0.0003 1.0000
vn 0.0005 0.0003 1.0000
vn 0.0008 -0.0000 1.0000
vn 0.0005 -0.0001 1.0000
vn 0.0004 -0.0004 1.0000
vn 0.0003 -0.0005 1.0000
vn -0.0001 -0.0004 1.0000
vn -0.0001 -0.0006 1.0000
vn -0.0004 -0.0004 1.0000
vn -0.0005 -0.0002 1.0000
vn -0.0008 -0.0000 1.0000
vn -0.0005 0.0001 1.0000
vn -0.0005 0.0003 1.0000
vn -0.0003 0.0003 1.0000
vn -0.0002 0.0005 1.0000
vn 0.0980 0.9952 -0.0000
vn -0.2903 -0.9569 -0.0000
vn -0.4714 -0.8819 -0.0000
vn -0.6344 -0.7730 -0.0000
vn -0.7730 -0.6344 -0.0000
vn -0.8819 -0.4714 -0.0000
vn -0.9569 -0.2903 -0.0000
vn -0.9952 -0.0980 -0.0000
vn -0.9952 0.0980 -0.0000
vn -0.9569 0.2903 -0.0000
vn -0.8819 0.4714 -0.0000
vn -0.7730 0.6344 -0.0000
vn -0.6344 0.7730 -0.0000
vn -0.4714 0.8819 -0.0000
vn -0.2903 0.9569 -0.0000
vn -0.0980 0.9952 -0.0000
vn 0.2903 0.9569 -0.0000
vn 0.4714 0.8819 -0.0000
vn 0.6344 0.7730 -0.0000
vn 0.7730 0.6344 -0.0000
vn 0.8819 0.4714 -0.0000
vn 0.9569 0.2903 -0.0000
vn 0.9952 0.0980 -0.0000
vn 0.9952 -0.0980 -0.0000
vn 0.9569 -0.2903 -0.0000
vn 0.8819 -0.4714 -0.0000
vn 0.7730 -0.6344 -0.0000
vn 0.6344 -0.7730 -0.0000
vn 0.4714 -0.8819 -0.0000
vn 0.2903 -0.9569 -0.0000
vn -0.0980 -0.9952 -0.0000
vn -0.0000 -0.0000 -1.0000
vn 0.0980 -0.9952 -0.0000
vn 0.0001 0.0005 1.0000
vn 0.0463 0.4765 0.8780
vn -0.0679 0.8049 0.5895
vn 0.1388 0.4593 0.8774
vn 0.0904 0.8027 0.5895
vn 0.2258 0.4234 0.8774
vn 0.2453 0.7697 0.5895
vn 0.3039 0.3715 0.8773
vn 0.3907 0.7070 0.5895
vn 0.5212 0.6172 0.5895
vn 0.3715 0.3039 0.8773
vn 0.6315 0.5037 0.5895
vn 0.4234 0.2258 0.8773
vn 0.7177 0.3708 0.5895
vn 0.4556 0.1372 0.8795
vn 0.7762 0.2237 0.5895
vn 0.4765 -0.0463 0.8780
vn 0.8049 0.0679 0.5894
vn 0.4593 -0.1388 0.8773
vn 0.8027 -0.0904 0.5895
vn 0.4235 -0.2257 0.8773
vn 0.7697 -0.2453 0.5895
vn 0.7070 -0.3907 0.5895
vn 0.6172 -0.5211 0.5895
vn 0.3039 -0.3715 0.8773
vn 0.5037 -0.6315 0.5895
vn 0.2258 -0.4234 0.8774
vn 0.3708 -0.7177 0.5895
vn 0.1388 -0.4593 0.8774
vn 0.2237 -0.7762 0.5895
vn 0.0463 -0.4764 0.8780
vn 0.0679 -0.8049 0.5895
vn -0.1372 -0.4556 0.8795
vn -0.0904 -0.8027 0.5895
vn -0.2257 -0.4235 0.8773
vn -0.2453 -0.7697 0.5895
vn -0.3907 -0.7070 0.5895
vn -0.5211 -0.6172 0.5895
vn -0.3715 -0.3039 0.8773
vn -0.6315 -0.5037 0.5895
vn -0.4234 -0.2258 0.8773
vn -0.7177 -0.3708 0.5895
vn -0.4556 -0.1372 0.8795
vn -0.7762 -0.2237 0.5895
vn -0.4765 0.0463 0.8780
vn -0.8049 -0.0679 0.5895
vn -0.4593 0.1388 0.8774
vn -0.8027 0.0904 0.5895
vn -0.4234 0.2258 0.8773
vn -0.7697 0.2453 0.5895
vn -0.3712 0.3040 0.8774
vn -0.7070 0.3907 0.5895
vn -0.3051 0.3706 0.8773
vn -0.6172 0.5211 0.5895
vn -0.5037 0.6315 0.5895
vn -0.2256 0.4237 0.8773
vn -0.3708 0.7177 0.5895
vn -0.1372 0.4556 0.8795
vn -0.2237 0.7762 0.5895
vn 0.0683 -0.8672 0.4933
vn -0.0647 -0.8561 0.5128
vn -0.1890 -0.4890 0.8516
vn -0.2305 -0.8270 0.5128
vn -0.2758 -0.4428 0.8531
vn -0.4250 -0.7590 0.4932
vn -0.5294 -0.6759 0.5128
vn -0.4243 -0.3035 0.8531
vn -0.6831 -0.5386 0.4932
vn -0.7751 -0.3950 0.4932
vn -0.4438 -0.1715 0.8796
vn -0.8372 -0.2362 0.4932
vn -0.4687 -0.0817 0.8796
vn -0.8672 -0.0683 0.4932
vn -0.8635 0.1001 0.4944
vn -0.4644 0.1039 0.8795
vn -0.8274 0.2666 0.4944
vn -0.4352 0.1925 0.8795
vn -0.7590 0.4250 0.4933
vn -0.6759 0.5294 0.5128
vn -0.5596 0.6511 0.5128
vn -0.2121 0.4794 0.8516
vn -0.4218 0.7477 0.5128
vn -0.1145 0.5116 0.8516
vn -0.2678 0.8157 0.5128
vn -0.1036 0.8522 0.5128
vn 0.0900 0.5164 0.8516
vn 0.0647 0.8561 0.5128
vn 0.2666 0.8274 0.4944
vn 0.1939 0.4289 0.8823
vn 0.4250 0.7590 0.4933
vn 0.5294 0.6759 0.5128
vn 0.6813 0.5398 0.4944
vn 0.3995 0.2489 0.8823
vn 0.7477 0.4218 0.5128
vn 0.5082 0.1181 0.8531
vn 0.8372 0.2362 0.4933
vn 0.8523 0.1036 0.5128
vn 0.5164 -0.0900 0.8516
vn 0.8561 -0.0647 0.5128
vn 0.4881 -0.1842 0.8531
vn 0.8274 -0.2666 0.4944
vn 0.7590 -0.4250 0.4933
vn 0.6759 -0.5294 0.5128
vn 0.3035 -0.4243 0.8531
vn 0.5386 -0.6831 0.4933
vn 0.4218 -0.7477 0.5128
vn 0.1181 -0.5081 0.8531
vn 0.2380 -0.8360 0.4944
vn 0.0475 0.4819 0.8749
vn 0.0847 0.8604 0.5024
vn 0.1406 0.4634 0.8749
vn 0.2510 0.8274 0.5025
vn 0.2283 0.4271 0.8749
vn 0.4076 0.7625 0.5024
vn 0.5485 0.6684 0.5025
vn 0.3762 0.3088 0.8736
vn 0.6684 0.5485 0.5024
vn 0.7625 0.4076 0.5025
vn 0.8274 0.2510 0.5025
vn 0.4758 0.0473 0.8783
vn 0.8604 0.0847 0.5024
vn 0.4819 -0.0475 0.8749
vn 0.8604 -0.0847 0.5025
vn 0.4634 -0.1406 0.8749
vn 0.8274 -0.2510 0.5025
vn 0.7625 -0.4076 0.5024
vn 0.3736 -0.3062 0.8756
vn 0.6684 -0.5485 0.5024
vn 0.3086 -0.3760 0.8737
vn 0.5485 -0.6683 0.5025
vn 0.4076 -0.7625 0.5024
vn 0.2510 -0.8274 0.5025
vn 0.0847 -0.8604 0.5025
vn -0.0473 -0.4801 0.8759
vn -0.0847 -0.8604 0.5025
vn -0.1406 -0.4634 0.8749
vn -0.2510 -0.8274 0.5024
vn -0.4076 -0.7625 0.5024
vn -0.3062 -0.3736 0.8756
vn -0.5485 -0.6683 0.5024
vn -0.3760 -0.3086 0.8737
vn -0.6683 -0.5485 0.5025
vn -0.7625 -0.4076 0.5025
vn -0.8274 -0.2510 0.5025
vn -0.4759 -0.0473 0.8783
vn -0.8604 -0.0847 0.5024
vn -0.4819 0.0475 0.8749
vn -0.8604 0.0847 0.5025
vn -0.4634 0.1406 0.8749
vn -0.8274 0.2510 0.5025
vn -0.4271 0.2283 0.8749
vn -0.7625 0.4076 0.5025
vn -0.3743 0.3072 0.8749
vn -0.6684 0.5485 0.5025
vn -0.3088 0.3762 0.8736
vn -0.5485 0.6683 0.5025
vn -0.2294 0.4292 0.8736
vn -0.4076 0.7625 0.5025
vn -0.2510 0.8274 0.5025
vn -0.0473 0.4759 0.8782
vn -0.0847 0.8604 0.5025
vn -0.0844 -0.8571 0.5082
vn -0.0382 -0.4663 0.8838
vn -0.2510 -0.8274 0.5025
vn -0.1519 -0.5190 0.8412
vn -0.4076 -0.7625 0.5025
vn -0.2506 -0.4805 0.8404
vn -0.5464 -0.6657 0.5082
vn -0.2908 -0.3665 0.8838
vn -0.6684 -0.5485 0.5025
vn -0.4146 -0.3471 0.8412
vn -0.7595 -0.4060 0.5082
vn -0.4090 -0.2273 0.8838
vn -0.8241 -0.2500 0.5082
vn -0.4209 -0.1361 0.8968
vn -0.8571 -0.0844 0.5082
vn -0.4394 -0.0514 0.8968
vn -0.8571 0.0844 0.5082
vn -0.4662 0.0382 0.8838
vn -0.8230 0.2506 0.5097
vn -0.4256 0.1206 0.8969
vn -0.7583 0.4063 0.5097
vn -0.3938 0.2013 0.8969
vn -0.6657 0.5464 0.5082
vn -0.3664 0.2908 0.8838
vn -0.5485 0.6684 0.5025
vn -0.3456 0.4199 0.8392
vn -0.2580 0.4722 0.8429
vn -0.1625 0.5169 0.8404
vn -0.0542 0.5420 0.8386
vn 0.0847 0.8604 0.5025
vn 0.0478 0.5360 0.8429
vn 0.1572 0.5215 0.8387
vn 0.4063 0.7583 0.5097
vn 0.2014 0.3938 0.8969
vn 0.5464 0.6657 0.5082
vn 0.2908 0.3664 0.8838
vn 0.4198 0.3456 0.8392
vn 0.7592 0.4048 0.5097
vn 0.3862 0.2156 0.8969
vn 0.5159 0.1620 0.8412
vn 0.8571 0.0844 0.5082
vn 0.4648 0.0535 0.8838
vn 0.8604 -0.0848 0.5025
vn 0.5386 -0.0477 0.8412
vn 0.5201 -0.1521 0.8404
vn 0.7583 -0.4063 0.5097
vn 0.4162 -0.2138 0.8838
vn 0.6657 -0.5464 0.5082
vn 0.3664 -0.2908 0.8838
vn 0.5485 -0.6684 0.5025
vn 0.3471 -0.4146 0.8412
vn 0.4060 -0.7595 0.5082
vn 0.2273 -0.4090 0.8838
vn 0.2510 -0.8274 0.5024
vn 0.1620 -0.5159 0.8412
vn 0.0835 -0.8563 0.5097
vn 0.0535 -0.4649 0.8838
vn 0.0002 0.0004 1.0000
vn 0.0004 0.0005 1.0000
vn 0.0004 0.0004 1.0000
vn 0.0004 0.0002 1.0000
vn 0.0004 0.0001 1.0000
vn 0.0004 -0.0002 1.0000
vn 0.0004 -0.0005 1.0000
vn 0.0002 -0.0004 1.0000
vn 0.0001 -0.0005 1.0000
vn -0.0000 -0.0008 1.0000
vn -0.0003 -0.0005 1.0000
vn -0.0005 -0.0004 1.0000
vn -0.0005 -0.0003 1.0000
vn -0.0005 0.0004 1.0000
vn -0.0003 0.0004 1.0000
vn -0.0000 0.0005 1.0000
vn 0.0003 0.0003 1.0000
vn 0.0005 0.0001 1.0000
vn 0.0005 -0.0002 1.0000
vn 0.0004 -0.0003 1.0000
vn -0.0002 -0.0005 1.0000
vn -0.0003 -0.0004 1.0000
vn -0.0005 -0.0000 1.0000
vn -0.0004 0.0004 1.0000
vn 0.1254 0.4189 0.8993
vn 0.0679 0.8049 0.5895
vn -0.1190 0.4349 0.8926
vn -0.0301 0.4527 0.8911
vn 0.2046 0.3874 0.8989
vn 0.2237 0.7762 0.5895
vn 0.0588 0.4499 0.8911
vn 0.2762 0.3400 0.8989
vn 0.3708 0.7177 0.5895
vn 0.1455 0.4298 0.8911
vn 0.3373 0.2796 0.8989
vn 0.5037 0.6315 0.5895
vn 0.2244 0.3922 0.8921
vn 0.3921 0.2243 0.8921
vn 0.6172 0.5211 0.5895
vn 0.2796 0.3373 0.8989
vn 0.4298 0.1455 0.8911
vn 0.7070 0.3907 0.5895
vn 0.3400 0.2762 0.8989
vn 0.4499 0.0589 0.8912
vn 0.7697 0.2453 0.5895
vn 0.3842 0.2051 0.9002
vn 0.4431 -0.0363 0.8958
vn 0.8027 0.0904 0.5895
vn 0.4349 0.1191 0.8926
vn 0.4189 -0.1254 0.8993
vn 0.8049 -0.0679 0.5895
vn 0.4527 0.0300 0.8912
vn 0.3874 -0.2046 0.8989
vn 0.7762 -0.2237 0.5894
vn 0.4499 -0.0589 0.8911
vn 0.3400 -0.2762 0.8989
vn 0.7177 -0.3708 0.5895
vn 0.4291 -0.1446 0.8916
vn 0.2877 -0.3390 0.8957
vn 0.6315 -0.5037 0.5895
vn 0.3914 -0.2225 0.8929
vn 0.2246 -0.3923 0.8920
vn 0.5212 -0.6172 0.5895
vn 0.3373 -0.2796 0.8989
vn 0.1455 -0.4298 0.8911
vn 0.3907 -0.7070 0.5895
vn 0.2762 -0.3400 0.8989
vn 0.0588 -0.4499 0.8912
vn 0.2453 -0.7697 0.5895
vn 0.2046 -0.3874 0.8989
vn -0.0300 -0.4527 0.8911
vn 0.0904 -0.8027 0.5895
vn 0.1254 -0.4189 0.8993
vn -0.1190 -0.4349 0.8926
vn -0.0679 -0.8049 0.5895
vn 0.0363 -0.4430 0.8958
vn -0.2051 -0.3842 0.9002
vn -0.2237 -0.7762 0.5895
vn -0.0589 -0.4499 0.8911
vn -0.2762 -0.3401 0.8989
vn -0.3708 -0.7177 0.5895
vn -0.1446 -0.4291 0.8916
vn -0.3390 -0.2877 0.8957
vn -0.5037 -0.6315 0.5895
vn -0.2225 -0.3914 0.8929
vn -0.3923 -0.2246 0.8920
vn -0.6172 -0.5211 0.5895
vn -0.2796 -0.3373 0.8989
vn -0.4298 -0.1455 0.8911
vn -0.7070 -0.3907 0.5895
vn -0.3400 -0.2762 0.8989
vn -0.4499 -0.0589 0.8912
vn -0.7697 -0.2453 0.5895
vn -0.3842 -0.2052 0.9002
vn -0.4431 0.0363 0.8958
vn -0.8027 -0.0904 0.5895
vn -0.4349 -0.1191 0.8926
vn -0.4189 0.1254 0.8993
vn -0.8049 0.0679 0.5895
vn -0.4527 -0.0300 0.8912
vn -0.3874 0.2046 0.8989
vn -0.7762 0.2237 0.5894
vn -0.4499 0.0589 0.8912
vn -0.3400 0.2762 0.8989
vn -0.7177 0.3708 0.5895
vn -0.4298 0.1455 0.8911
vn -0.2796 0.3372 0.8989
vn -0.6315 0.5037 0.5895
vn -0.3931 0.2266 0.8912
vn -0.2085 0.3853 0.8989
vn -0.5211 0.6172 0.5894
vn -0.3408 0.2965 0.8921
vn -0.1435 0.4284 0.8921
vn -0.3907 0.7070 0.5895
vn -0.2762 0.3400 0.8989
vn -0.0588 0.4499 0.8911
vn -0.2453 0.7697 0.5895
vn -0.2052 0.3842 0.9002
vn 0.0363 0.4430 0.8958
vn -0.0904 0.8027 0.5895
vn -0.0610 -0.4679 0.8817
vn -0.2106 -0.3968 0.8934
vn -0.2678 -0.8157 0.5128
vn 0.0428 -0.4471 0.8934
vn -0.2839 -0.3392 0.8969
vn -0.4218 -0.7477 0.5128
vn -0.0589 -0.4603 0.8858
vn -0.3101 -0.3534 0.8826
vn -0.3955 -0.2129 0.8934
vn -0.6759 -0.5294 0.5128
vn -0.2129 -0.3955 0.8934
vn -0.4217 -0.2078 0.8826
vn -0.4703 -0.1336 0.8723
vn -0.4873 -0.0393 0.8723
vn -0.4679 0.0610 0.8817
vn -0.4654 0.1500 0.8723
vn -0.4272 0.2379 0.8723
vn -0.3551 0.3107 0.8817
vn -0.2129 0.3955 0.8934
vn -0.5294 0.6759 0.5128
vn -0.3955 0.2129 0.8934
vn -0.1336 0.4308 0.8925
vn -0.3874 0.7661 0.5128
vn -0.3435 0.2716 0.8990
vn -0.0391 0.4406 0.8969
vn -0.2305 0.8270 0.5128
vn -0.2838 0.3671 0.8858
vn 0.0476 0.4398 0.8969
vn -0.0647 0.8561 0.5128
vn -0.2068 0.4154 0.8858
vn 0.1282 0.4324 0.8925
vn 0.1036 0.8522 0.5128
vn -0.1347 0.4166 0.8990
vn 0.2123 0.3881 0.8968
vn 0.2678 0.8157 0.5128
vn -0.0321 0.4629 0.8858
vn 0.2373 0.4232 0.8744
vn 0.3107 0.3551 0.8817
vn 0.3955 0.2129 0.8934
vn 0.6759 0.5294 0.5128
vn 0.2129 0.3955 0.8934
vn 0.4325 0.2200 0.8744
vn 0.4469 0.0454 0.8934
vn 0.8270 0.2304 0.5128
vn 0.3481 0.2839 0.8934
vn 0.4691 0.0306 0.8826
vn 0.4302 -0.1291 0.8935
vn 0.8522 -0.1036 0.5128
vn 0.4302 0.1291 0.8934
vn 0.3880 -0.2123 0.8969
vn 0.8157 -0.2678 0.5128
vn 0.4629 0.0321 0.8858
vn 0.4072 -0.2351 0.8826
vn 0.3551 -0.3107 0.8817
vn 0.2129 -0.3955 0.8934
vn 0.5294 -0.6759 0.5128
vn 0.3955 -0.2129 0.8934
vn 0.2078 -0.4217 0.8826
vn 0.0454 -0.4469 0.8934
vn 0.2304 -0.8270 0.5128
vn 0.2839 -0.3481 0.8934
vn 0.0307 -0.4692 0.8826
vn 0.3088 0.3762 0.8736
vn 0.5485 0.6683 0.5025
vn 0.6683 0.5485 0.5025
vn 0.4271 0.2283 0.8749
vn 0.7625 0.4076 0.5024
vn 0.4634 0.1406 0.8749
vn 0.4801 0.0473 0.8759
vn 0.8604 0.0847 0.5025
vn 0.4281 -0.2288 0.8743
vn 0.7625 -0.4076 0.5025
vn 0.3756 -0.3082 0.8740
vn 0.6683 -0.5485 0.5025
vn 0.5485 -0.6683 0.5024
vn 0.2283 -0.4271 0.8749
vn 0.4076 -0.7625 0.5025
vn 0.1406 -0.4634 0.8749
vn 0.0475 -0.4819 0.8749
vn 0.0847 -0.8604 0.5024
vn -0.0473 -0.4759 0.8782
vn -0.0847 -0.8604 0.5024
vn -0.2288 -0.4281 0.8743
vn -0.3082 -0.3756 0.8740
vn -0.5485 -0.6684 0.5025
vn -0.6684 -0.5485 0.5024
vn -0.4271 -0.2283 0.8749
vn -0.7625 -0.4076 0.5024
vn -0.4634 -0.1406 0.8749
vn -0.4801 -0.0473 0.8759
vn -0.8604 -0.0847 0.5025
vn -0.7625 0.4076 0.5024
vn -0.6683 0.5485 0.5025
vn -0.1406 0.4634 0.8749
vn -0.2510 0.8274 0.5024
vn -0.0473 0.4801 0.8759
vn -0.0856 -0.8606 0.5020
vn -0.0541 -0.5411 0.8392
vn -0.1459 -0.4808 0.8646
vn -0.2369 -0.4431 0.8646
vn -0.5493 -0.6680 0.5020
vn -0.3456 -0.4198 0.8392
vn -0.3884 -0.3187 0.8646
vn -0.7631 -0.4070 0.5020
vn -0.4808 -0.2559 0.8387
vn -0.8278 -0.2503 0.5020
vn -0.5201 -0.1521 0.8405
vn -0.8608 -0.0840 0.5020
vn -0.5360 -0.0478 0.8429
vn -0.8606 0.0856 0.5020
vn -0.5420 0.0542 0.8386
vn -0.5169 0.1625 0.8405
vn -0.4722 0.2580 0.8429
vn -0.6680 0.5493 0.5020
vn -0.4199 0.3456 0.8392
vn -0.3407 0.4152 0.8435
vn -0.4076 0.7625 0.5024
vn -0.2369 0.4431 0.8646
vn -0.1458 0.4808 0.8646
vn -0.0526 0.5345 0.8435
vn 0.0492 0.5000 0.8646
vn 0.1558 0.5135 0.8439
vn 0.4076 0.7625 0.5025
vn 0.2580 0.4722 0.8429
vn 0.5493 0.6680 0.5020
vn 0.3456 0.4199 0.8392
vn 0.4148 0.3404 0.8438
vn 0.4794 0.2502 0.8412
vn 0.4808 0.1459 0.8646
vn 0.8608 0.0840 0.5020
vn 0.5412 0.0525 0.8392
vn 0.5000 -0.0493 0.8646
vn 0.4808 -0.1459 0.8646
vn 0.4771 -0.2556 0.8409
vn 0.6680 -0.5493 0.5020
vn 0.4199 -0.3456 0.8392
vn 0.3188 -0.3884 0.8646
vn 0.4070 -0.7631 0.5020
vn 0.2556 -0.4799 0.8393
vn 0.1459 -0.4808 0.8646
vn 0.0525 -0.5387 0.8409
vn 0.0002 0.0006 1.0000
vn -0.0001 0.0001 1.0000
vn 0.0009 -0.0002 1.0000
vn 0.0007 -0.0003 1.0000
vn 0.0003 -0.0008 1.0000
vn 0.0002 -0.0009 1.0000
vn -0.0001 0.0002 1.0000
vn -0.0006 -0.0002 1.0000
vn 0.0001 -0.0001 1.0000
vn -0.0006 0.0001 1.0000
vn -0.0004 0.0003 1.0000
vn -0.0001 -0.0001 1.0000
vt 0.031377 0.358143
vt 0.034441 0.454555
vt 0.012781 0.451577
vt 0.031335 0.641657
vt 0.034471 0.545849
vt 0.049178 0.624349
vt 0.121587 0.810589
vt 0.138398 0.796756
vt 0.194240 0.853856
vt 0.189776 0.878780
vt 0.204070 0.862287
vt 0.278882 0.912241
vt 0.358143 0.968623
vt 0.454555 0.965559
vt 0.451577 0.987219
vt 0.547503 0.987295
vt 0.545176 0.965612
vt 0.641657 0.968665
vt 0.557639 0.964091
vt 0.635144 0.947852
vt 0.730557 0.931893
vt 0.796756 0.861602
vt 0.810631 0.878414
vt 0.861336 0.797066
vt 0.878780 0.810224
vt 0.906707 0.730851
vt 0.987293 0.452292
vt 0.965479 0.546254
vt 0.966418 0.465991
vt 0.968665 0.358343
vt 0.965478 0.453471
vt 0.947957 0.365237
vt 0.931893 0.269443
vt 0.861602 0.203243
vt 0.878414 0.189369
vt 0.797592 0.139077
vt 0.810223 0.121220
vt 0.787405 0.131081
vt 0.720509 0.087452
vt 0.641857 0.031377
vt 0.545852 0.034470
vt 0.548423 0.012781
vt 0.452497 0.012705
vt 0.465990 0.033582
vt 0.358343 0.031335
vt 0.453471 0.034522
vt 0.375650 0.049179
vt 0.269633 0.067977
vt 0.363179 0.052667
vt 0.279135 0.087653
vt 0.121555 0.189430
vt 0.203240 0.138401
vt 0.146144 0.194241
vt 0.137713 0.204070
vt 0.087451 0.279491
vt 1.000000 0.988185
vt 0.968750 0.000000
vt 1.000000 0.000000
vt 0.937500 0.000000
vt 0.968750 0.988185
vt 0.906250 0.000000
vt 0.937500 0.988185
vt 0.875000 0.000000
vt 0.906250 0.988185
vt 0.843750 0.000000
vt 0.875000 0.988185
vt 0.812500 0.000000
vt 0.843750 0.988185
vt 0.781250 0.988185
vt 0.812500 0.988185
vt 0.750000 0.000000
vt 0.781250 0.988185
vt 0.781250 0.000000
vt 0.718750 0.000000
vt 0.750000 0.988185
vt 0.687500 0.988185
vt 0.718750 0.988185
vt 0.656250 0.000000
vt 0.687500 0.988185
vt 0.687500 0.000000
vt 0.625000 0.000000
vt 0.656250 0.988185
vt 0.593750 0.000000
vt 0.625000 0.988185
vt 0.562500 0.000000
vt 0.593750 0.988185
vt 0.531250 0.000000
vt 0.562500 0.988185
vt 0.500000 0.000000
vt 0.531250 0.988185
vt 0.468750 0.000000
vt 0.500000 0.988185
vt 0.437500 0.000000
vt 0.468750 0.988185
vt 0.406250 0.000000
vt 0.437500 0.988185
vt 0.375000 0.000000
vt 0.406250 0.988185
vt 0.343750 0.000000
vt 0.375000 0.988185
vt 0.312500 0.000000
vt 0.343750 0.988185
vt 0.281250 0.988185
vt 0.312500 0.988185
vt 0.250000 0.000000
vt 0.281250 0.000000
vt 0.218750 0.988185
vt 0.250000 0.988185
vt 0.218750 0.000000
vt 0.187500 0.988185
vt 0.218750 0.988185
vt 0.187500 0.000000
vt 0.156250 0.988185
vt 0.125000 0.000000
vt 0.156250 0.000000
vt 0.093750 0.000000
vt 0.125000 0.988185
vt 0.062500 0.000000
vt 0.093750 0.988185
vt 0.031250 0.000000
vt 0.062500 0.988185
vt 0.968750 0.988185
vt 0.875000 0.988185
vt 0.593750 0.988185
vt 0.437500 0.988185
vt 0.343750 0.988185
vt 0.000000 0.000000
vt 0.031250 0.988185
vt 0.012705 0.547503
vt 0.004364 0.457304
vt 0.000000 0.450754
vt 0.006676 0.451412
vt 0.005557 0.554818
vt 0.000000 0.549246
vt 0.006676 0.548588
vt 0.025752 0.650226
vt 0.067976 0.730366
vt 0.019215 0.645845
vt 0.025635 0.643897
vt 0.064172 0.739860
vt 0.056906 0.736839
vt 0.062822 0.733676
vt 0.111625 0.818731
vt 0.116811 0.814475
vt 0.119341 0.820277
vt 0.179723 0.880659
vt 0.181269 0.888375
vt 0.185525 0.883189
vt 0.189138 0.888386
vt 0.269633 0.932023
vt 0.260140 0.935828
vt 0.263161 0.943094
vt 0.266324 0.937178
vt 0.270882 0.941569
vt 0.349774 0.974248
vt 0.354155 0.980785
vt 0.356103 0.974365
vt 0.361430 0.977783
vt 0.457304 0.995636
vt 0.450754 1.000000
vt 0.451412 0.993324
vt 0.554818 0.994443
vt 0.549246 1.000000
vt 0.548588 0.993324
vt 0.650225 0.974248
vt 0.645845 0.980785
vt 0.643897 0.974365
vt 0.736839 0.943094
vt 0.733676 0.937178
vt 0.739860 0.935828
vt 0.818731 0.888375
vt 0.814475 0.883189
vt 0.820277 0.880659
vt 0.880659 0.820277
vt 0.888375 0.818731
vt 0.883189 0.814475
vt 0.888386 0.810862
vt 0.932024 0.730367
vt 0.935828 0.739860
vt 0.943094 0.736839
vt 0.937178 0.733676
vt 0.941569 0.729118
vt 0.968665 0.641657
vt 0.974248 0.650226
vt 0.980785 0.645845
vt 0.974365 0.643897
vt 0.977783 0.638570
vt 0.987304 0.547559
vt 0.994443 0.554818
vt 1.000000 0.549246
vt 0.993324 0.548588
vt 0.995637 0.542696
vt 0.994443 0.445182
vt 1.000000 0.450754
vt 0.993324 0.451412
vt 0.974248 0.349774
vt 0.980785 0.354155
vt 0.974365 0.356103
vt 0.943094 0.263161
vt 0.937178 0.266324
vt 0.935828 0.260140
vt 0.888375 0.181268
vt 0.883189 0.185524
vt 0.880659 0.179723
vt 0.820277 0.119341
vt 0.818731 0.111625
vt 0.814475 0.116810
vt 0.810862 0.111614
vt 0.730367 0.067976
vt 0.739860 0.064172
vt 0.736839 0.056906
vt 0.733676 0.062822
vt 0.729118 0.058431
vt 0.650225 0.025752
vt 0.645844 0.019215
vt 0.643897 0.025635
vt 0.638570 0.022217
vt 0.542696 0.004364
vt 0.549245 0.000000
vt 0.548588 0.006676
vt 0.445182 0.005557
vt 0.450754 0.000000
vt 0.451411 0.006677
vt 0.349774 0.025753
vt 0.354155 0.019215
vt 0.356102 0.025635
vt 0.260139 0.064173
vt 0.189776 0.121220
vt 0.263161 0.056906
vt 0.266323 0.062823
vt 0.179723 0.119342
vt 0.181268 0.111625
vt 0.185524 0.116811
vt 0.111624 0.181269
vt 0.116810 0.185525
vt 0.111614 0.189139
vt 0.067976 0.269634
vt 0.064172 0.260140
vt 0.056905 0.263162
vt 0.062822 0.266324
vt 0.058430 0.270882
vt 0.025752 0.349775
vt 0.019215 0.354156
vt 0.025634 0.356103
vt 0.022216 0.361431
vt 0.045455 0.455231
vt 0.040215 0.455992
vt 0.042225 0.449103
vt 0.045454 0.544769
vt 0.039968 0.545310
vt 0.041090 0.539389
vt 0.057592 0.628161
vt 0.052542 0.636445
vt 0.062921 0.632586
vt 0.057647 0.634186
vt 0.091096 0.712008
vt 0.087955 0.721462
vt 0.082100 0.709911
vt 0.097186 0.715308
vt 0.093252 0.718852
vt 0.146930 0.789757
vt 0.142669 0.793254
vt 0.140313 0.787708
vt 0.203354 0.852351
vt 0.210244 0.853069
vt 0.207965 0.857848
vt 0.284691 0.902814
vt 0.283389 0.907945
vt 0.277794 0.903453
vt 0.290089 0.917900
vt 0.367413 0.937078
vt 0.367137 0.942365
vt 0.360773 0.939050
vt 0.363555 0.947457
vt 0.375651 0.950821
vt 0.455231 0.954545
vt 0.455992 0.959785
vt 0.449103 0.957775
vt 0.544769 0.954546
vt 0.546536 0.959537
vt 0.539389 0.958909
vt 0.632586 0.937079
vt 0.635293 0.941629
vt 0.628161 0.942408
vt 0.647071 0.943929
vt 0.715308 0.902814
vt 0.718851 0.906748
vt 0.712008 0.908904
vt 0.789757 0.853070
vt 0.793254 0.857331
vt 0.787708 0.859687
vt 0.853069 0.789756
vt 0.857331 0.793253
vt 0.852351 0.796646
vt 0.903453 0.722206
vt 0.912882 0.719919
vt 0.902814 0.715309
vt 0.907675 0.717907
vt 0.939051 0.639227
vt 0.947852 0.635145
vt 0.943929 0.647071
vt 0.937078 0.632587
vt 0.942353 0.634187
vt 0.954545 0.544769
vt 0.960031 0.545309
vt 0.957776 0.550897
vt 0.958910 0.460611
vt 0.954546 0.455230
vt 0.960032 0.454690
vt 0.937079 0.367413
vt 0.941629 0.364707
vt 0.942408 0.371839
vt 0.943929 0.352929
vt 0.902814 0.284691
vt 0.906748 0.281148
vt 0.908904 0.287992
vt 0.853070 0.210243
vt 0.857331 0.206746
vt 0.859687 0.212292
vt 0.789756 0.146930
vt 0.792036 0.142152
vt 0.796646 0.147649
vt 0.715308 0.097186
vt 0.717907 0.092325
vt 0.722206 0.096547
vt 0.639227 0.060949
vt 0.634763 0.052044
vt 0.647071 0.056071
vt 0.632587 0.062922
vt 0.632863 0.057635
vt 0.544769 0.045453
vt 0.545309 0.039968
vt 0.550897 0.042223
vt 0.460610 0.041091
vt 0.455230 0.045454
vt 0.454690 0.039968
vt 0.371839 0.057592
vt 0.367413 0.062922
vt 0.364707 0.058372
vt 0.284691 0.097186
vt 0.281148 0.093253
vt 0.287992 0.091096
vt 0.210243 0.146931
vt 0.206746 0.142670
vt 0.212292 0.140314
vt 0.147649 0.203354
vt 0.146930 0.210244
vt 0.142151 0.207966
vt 0.097186 0.284692
vt 0.092324 0.282094
vt 0.096547 0.277794
vt 0.060949 0.360774
vt 0.052043 0.365237
vt 0.056071 0.352930
vt 0.062922 0.367414
vt 0.057635 0.367136
vt 0.004363 0.542696
vt 0.022217 0.638570
vt 0.058431 0.729118
vt 0.111614 0.810862
vt 0.445182 0.994443
vt 0.542696 0.995637
vt 0.638570 0.977783
vt 0.729118 0.941569
vt 0.810862 0.888386
vt 0.995637 0.457303
vt 0.977783 0.361430
vt 0.888386 0.189138
vt 0.554818 0.005557
vt 0.457303 0.004364
vt 0.361430 0.022217
vt 0.270881 0.058431
vt 0.189138 0.111615
vt 0.119341 0.179723
vt 0.005557 0.445182
vt 0.042224 0.550897
vt 0.060949 0.639227
vt 0.147649 0.796646
vt 0.720865 0.912347
vt 0.796646 0.852351
vt 0.859687 0.787707
vt 0.908904 0.712008
vt 0.942407 0.628161
vt 0.958909 0.539389
vt 0.957776 0.449103
vt 0.912347 0.279135
vt 0.852351 0.203353
vt 0.712008 0.091096
vt 0.539389 0.041090
vt 0.449102 0.042224
vt 0.203353 0.147650
vt 0.091096 0.287993
vt 0.718750 0.988185
vt 0.500000 0.988185
vt 0.000000 0.988185
vt 0.941569 0.270882
s 0
usemtl Steel-Material
f 632/758/436 636/759/436 478/760/436
f 482/761/437 641/762/437 645/763/437
f 492/764/438 657/765/438 661/766/438
f 502/767/439 663/768/439 670/769/439
f 512/770/440 677/771/440 516/772/440
f 517/773/441 677/771/441 684/774/441
f 522/775/441 681/776/441 689/777/441
f 527/778/442 695/779/442 536/780/442
f 536/780/442 695/779/442 700/781/442
f 542/782/443 700/781/443 704/783/443
f 561/784/444 717/785/444 721/786/444
f 562/787/445 723/788/445 731/789/445
f 567/790/446 737/791/446 576/792/446
f 576/792/446 737/791/446 745/793/446
f 582/794/447 742/795/447 747/796/447
f 592/797/448 757/798/448 596/799/448
f 597/800/449 757/798/449 761/801/449
f 602/802/449 763/803/449 767/804/449
f 607/805/450 769/806/450 773/807/450
f 617/808/451 777/809/451 781/810/451
f 617/808/452 783/811/452 787/812/452
f 477/813/453 413/814/453 412/815/453
f 446/816/454 640/817/454 445/814/454
f 447/818/455 646/819/455 446/816/455
f 448/820/456 652/821/456 447/818/456
f 449/822/457 656/823/457 448/820/457
f 450/824/458 662/825/458 449/822/458
f 450/824/459 671/826/459 666/827/459
f 452/828/460 671/829/460 451/830/460
f 453/831/461 676/832/461 452/828/461
f 453/831/462 685/833/462 680/834/462
f 455/835/463 685/836/463 454/837/463
f 456/838/464 690/839/464 455/835/464
f 457/840/465 694/841/465 456/838/465
f 458/842/466 699/843/466 457/840/466
f 459/844/467 705/845/467 458/842/467
f 460/846/468 711/847/468 459/844/468
f 461/848/453 716/849/453 460/846/453
f 462/850/469 722/851/469 461/848/469
f 463/852/470 727/853/470 462/850/470
f 464/854/471 732/855/471 463/852/471
f 465/856/472 736/857/472 464/854/472
f 466/858/473 741/859/473 465/856/473
f 466/858/474 752/860/474 746/861/474
f 468/862/475 752/860/475 467/863/475
f 468/862/476 762/864/476 756/865/476
f 469/866/477 768/867/477 762/868/477
f 470/869/478 772/870/478 768/867/478
f 472/871/479 772/870/479 471/872/479
f 473/873/480 776/874/480 472/871/480
f 474/875/481 782/876/481 473/873/481
f 475/877/482 786/878/482 474/875/482
f 445/814/483 637/813/483 444/815/483
f 413/814/484 444/815/484 412/815/484
f 483/879/469 414/816/469 413/814/469
f 414/816/484 445/814/484 413/814/484
f 488/819/470 415/818/470 414/816/470
f 414/816/484 447/818/484 446/816/484
f 493/821/471 416/820/471 415/818/471
f 415/818/484 448/820/484 447/818/484
f 497/880/472 417/822/472 416/820/472
f 417/822/484 448/820/484 416/820/484
f 501/825/473 418/824/473 417/822/473
f 418/824/484 449/822/484 417/822/484
f 506/827/474 419/830/474 418/824/474
f 418/824/484 451/830/484 450/824/484
f 511/826/475 420/828/475 419/830/475
f 419/830/484 452/828/484 451/830/484
f 518/832/476 421/831/476 420/828/476
f 421/831/484 452/828/484 420/828/484
f 523/834/477 422/837/477 421/831/477
f 422/837/484 453/831/484 421/831/484
f 528/833/478 423/835/478 422/837/478
f 422/837/484 455/835/484 454/837/484
f 532/839/479 424/838/479 423/835/479
f 423/835/484 456/838/484 455/835/484
f 537/841/480 425/840/480 424/838/480
f 425/840/484 456/838/484 424/838/484
f 541/881/481 426/842/481 425/840/481
f 426/842/484 457/840/484 425/840/484
f 546/845/482 427/844/482 426/842/482
f 426/842/484 459/844/484 458/842/484
f 551/847/485 428/846/485 427/844/485
f 427/844/484 460/846/484 459/844/484
f 556/849/483 429/848/483 428/846/483
f 429/848/484 460/846/484 428/846/484
f 563/851/454 430/850/454 429/848/454
f 430/850/484 461/848/484 429/848/484
f 568/882/455 431/852/455 430/850/455
f 431/852/484 462/850/484 430/850/484
f 572/855/456 432/854/456 431/852/456
f 431/852/484 464/854/484 463/852/484
f 577/857/457 433/856/457 432/854/457
f 433/856/484 464/854/484 432/854/484
f 581/883/458 434/858/458 433/856/458
f 434/858/484 465/856/484 433/856/484
f 586/861/459 435/863/459 434/858/459
f 434/858/484 467/863/484 466/858/484
f 591/860/460 436/862/460 435/863/460
f 435/863/484 468/862/484 467/863/484
f 598/865/461 437/866/461 436/862/461
f 437/866/484 468/862/484 436/862/484
f 603/864/462 438/869/462 437/866/462
f 438/869/484 469/866/484 437/866/484
f 608/867/463 439/872/463 438/869/463
f 439/872/484 470/869/484 438/869/484
f 613/870/464 440/871/464 439/872/464
f 439/872/484 472/871/484 471/872/484
f 618/874/465 441/873/465 440/871/465
f 441/873/484 472/871/484 440/871/484
f 622/876/466 442/875/466 441/873/466
f 442/875/484 473/873/484 441/873/484
f 626/878/467 443/877/467 442/875/467
f 442/875/484 475/877/484 474/875/484
f 444/884/485 792/885/485 475/877/485
f 443/877/484 444/884/484 475/877/484
f 476/886/486 636/759/486 641/762/486
f 479/887/487 478/760/487 476/886/487
f 477/888/488 480/889/488 479/887/488
f 485/890/489 476/886/489 482/761/489
f 483/891/490 484/892/490 485/890/490
f 490/893/491 482/761/491 487/894/491
f 488/895/492 489/896/492 490/893/492
f 495/897/493 487/894/493 492/764/493
f 493/898/494 494/899/494 495/897/494
f 497/900/495 498/901/495 499/902/495
f 502/767/496 505/903/496 492/764/496
f 501/904/497 503/905/497 504/906/497
f 507/907/498 510/908/498 502/767/498
f 506/909/499 508/910/499 509/911/499
f 512/770/500 515/912/500 507/907/500
f 511/913/501 513/914/501 514/915/501
f 520/916/502 516/772/502 517/773/502
f 518/917/503 519/918/503 520/916/503
f 525/919/504 517/773/504 522/775/504
f 523/920/505 524/921/505 525/919/505
f 530/922/506 522/775/506 527/778/506
f 528/923/507 529/924/507 530/922/507
f 532/925/508 533/926/508 534/927/508
f 537/928/509 538/929/509 539/930/509
f 542/782/510 545/931/510 536/780/510
f 541/932/511 543/933/511 544/934/511
f 547/935/512 550/936/512 542/782/512
f 546/937/513 548/938/513 549/939/513
f 552/940/514 555/941/514 547/935/514
f 551/942/515 553/943/515 554/944/515
f 557/945/516 560/946/516 552/940/516
f 556/947/517 558/948/517 559/949/517
f 565/950/518 561/784/518 562/787/518
f 563/951/519 564/952/519 565/950/519
f 570/953/520 562/787/520 567/790/520
f 568/954/521 569/955/521 570/953/521
f 572/956/522 573/957/522 574/958/522
f 577/959/523 578/960/523 579/961/523
f 582/794/524 585/962/524 576/792/524
f 581/963/525 583/964/525 584/965/525
f 587/966/526 590/967/526 582/794/526
f 586/968/527 588/969/527 589/970/527
f 592/797/528 595/971/528 587/966/528
f 591/972/529 593/973/529 594/974/529
f 600/975/530 596/799/530 597/800/530
f 598/976/531 599/977/531 600/975/531
f 605/978/532 597/800/532 602/802/532
f 603/979/533 604/980/533 605/978/533
f 610/981/534 602/802/534 607/805/534
f 608/982/535 609/983/535 610/981/535
f 615/984/536 607/805/536 612/985/536
f 613/986/537 614/987/537 615/984/537
f 620/988/538 612/985/538 617/808/538
f 618/989/539 619/990/539 620/988/539
f 622/991/540 623/992/540 624/993/540
f 627/994/541 630/995/541 617/808/541
f 626/996/542 628/997/542 629/998/542
f 632/758/543 635/999/543 627/994/543
f 631/1000/544 633/1001/544 634/1002/544
f 637/1003/545 638/1004/545 639/1005/545
f 640/1006/546 643/1007/546 642/1008/546
f 648/1009/547 647/1010/547 645/763/547
f 646/1011/548 649/1012/548 648/1009/548
f 654/1013/549 653/1014/549 651/1015/549
f 652/1016/550 655/1017/550 654/1013/550
f 656/1018/551 659/1019/551 658/1020/551
f 664/1021/552 663/768/552 661/766/552
f 662/1022/553 665/1023/553 664/1021/553
f 666/1024/554 669/1025/554 668/1026/554
f 670/769/555 669/1025/555 667/1027/555
f 671/1028/556 674/1029/556 673/1030/556
f 675/1031/557 674/1029/557 672/1032/557
f 676/1033/558 679/1034/558 678/1035/558
f 680/1036/559 683/1037/559 682/1038/559
f 684/774/560 683/1037/560 681/776/560
f 685/1039/561 688/1040/561 687/1041/561
f 689/777/562 688/1040/562 686/1042/562
f 690/1043/563 693/1044/563 692/1045/563
f 694/1046/564 697/1047/564 696/1048/564
f 699/1049/565 702/1050/565 701/1051/565
f 707/1052/566 706/1053/566 704/783/566
f 705/1054/567 708/1055/567 707/1052/567
f 713/1056/568 712/1057/568 710/1058/568
f 711/1059/569 714/1060/569 713/1056/569
f 716/1061/570 719/1062/570 718/1063/570
f 724/1064/571 723/788/571 721/786/571
f 722/1065/572 725/1066/572 724/1064/572
f 727/1067/573 730/1068/573 729/1069/573
f 731/789/574 730/1068/574 728/1070/574
f 732/1071/575 735/1072/575 734/1073/575
f 736/1074/576 739/1075/576 738/1076/576
f 741/1077/577 744/1078/577 743/1079/577
f 745/793/578 744/1078/578 742/795/578
f 746/1080/579 749/1081/579 748/1082/579
f 754/1083/580 753/1084/580 751/1085/580
f 752/1086/581 755/1087/581 754/1083/581
f 756/1088/582 759/1089/582 758/1090/582
f 764/1091/583 763/803/583 761/801/583
f 762/1092/584 765/1093/584 764/1091/584
f 770/1094/585 769/806/585 767/804/585
f 768/1095/586 771/1096/586 770/1094/586
f 772/1097/587 775/1098/587 774/1099/587
f 776/1100/588 779/1101/588 778/1102/588
f 784/1103/589 783/811/589 781/810/589
f 782/1104/590 785/1105/590 784/1103/590
f 786/1106/591 789/1107/591 788/1108/591
f 794/1109/592 793/1110/592 791/1111/592
f 792/1112/593 795/1113/593 794/1109/593
f 476/886/594 486/1114/594 479/887/594
f 479/887/595 483/891/595 477/888/595
f 482/761/596 491/1115/596 485/890/596
f 485/890/597 488/895/597 483/891/597
f 487/894/598 496/1116/598 490/893/598
f 496/1116/599 488/895/599 490/893/599
f 500/1117/600 493/898/600 495/897/600
f 492/764/601 505/903/601 499/902/601
f 505/903/602 497/900/602 499/902/602
f 510/908/603 501/904/603 504/906/603
f 515/912/604 506/909/604 509/911/604
f 516/772/605 514/915/605 512/770/605
f 521/1118/606 511/913/606 514/915/606
f 517/773/607 526/1119/607 520/916/607
f 520/916/608 523/920/608 518/917/608
f 522/775/609 531/1120/609 525/919/609
f 525/919/610 528/923/610 523/920/610
f 535/1121/611 528/923/611 530/922/611
f 536/780/612 534/927/612 527/778/612
f 540/1122/613 532/925/613 534/927/613
f 536/780/614 545/931/614 539/930/614
f 539/930/615 541/932/615 537/928/615
f 550/936/616 541/932/616 544/934/616
f 555/941/617 546/937/617 549/939/617
f 560/946/618 551/942/618 554/944/618
f 557/945/619 566/1123/619 559/949/619
f 559/949/620 563/951/620 556/947/620
f 562/787/621 571/1124/621 565/950/621
f 565/950/622 568/954/622 563/951/622
f 570/953/623 572/956/623 568/954/623
f 576/792/624 574/958/624 567/790/624
f 580/1125/625 572/956/625 574/958/625
f 576/792/626 585/962/626 579/961/626
f 579/961/627 581/963/627 577/959/627
f 584/965/628 586/968/628 581/963/628
f 595/971/629 586/968/629 589/970/629
f 596/799/630 594/974/630 592/797/630
f 601/1126/631 591/972/631 594/974/631
f 597/800/632 606/1127/632 600/975/632
f 600/975/633 603/979/633 598/976/633
f 602/802/634 611/1128/634 605/978/634
f 605/978/635 608/982/635 603/979/635
f 607/805/636 616/1129/636 610/981/636
f 616/1129/637 608/982/637 610/981/637
f 612/985/638 621/1130/638 615/984/638
f 621/1130/639 613/986/639 615/984/639
f 617/808/640 625/1131/640 620/988/640
f 625/1131/641 618/989/641 620/988/641
f 617/808/642 630/995/642 624/993/642
f 624/993/643 626/996/643 622/991/643
f 635/999/644 626/996/644 629/998/644
f 478/760/645 634/1002/645 632/758/645
f 481/1132/646 631/1000/646 634/1002/646
f 640/1006/647 638/1004/647 637/1003/647
f 642/1008/648 636/759/648 638/1004/648
f 640/1006/649 648/1009/649 644/1133/649
f 644/1133/650 645/763/650 641/762/650
f 646/1011/651 654/1013/651 650/1134/651
f 650/1134/652 651/1015/652 647/1010/652
f 656/1018/653 655/1017/653 652/1016/653
f 658/1020/654 653/1014/654 655/1017/654
f 656/1018/655 664/1021/655 660/1135/655
f 660/1135/656 661/766/656 657/765/656
f 666/1024/657 665/1023/657 662/1022/657
f 668/1026/658 663/768/658 665/1023/658
f 671/1028/659 669/1025/659 666/1024/659
f 673/1030/660 667/1027/660 669/1025/660
f 676/1033/661 674/1029/661 671/1028/661
f 678/1035/662 672/1032/662 674/1029/662
f 680/1036/663 679/1034/663 676/1033/663
f 682/1038/664 677/771/664 679/1034/664
f 680/1036/665 687/1041/665 683/1037/665
f 687/1041/666 681/776/666 683/1037/666
f 685/1039/667 692/1045/667 688/1040/667
f 692/1045/668 686/1042/668 688/1040/668
f 694/1046/669 693/1044/669 690/1043/669
f 696/1048/670 691/1136/670 693/1044/670
f 694/1046/671 701/1051/671 698/1137/671
f 698/1137/672 700/781/672 695/779/672
f 699/1049/643 707/1052/643 703/1138/643
f 703/1138/673 704/783/673 700/781/673
f 711/1059/644 709/1139/644 705/1054/644
f 709/1139/674 710/1058/674 706/1053/674
f 716/1061/646 715/1140/646 711/1059/646
f 715/1140/675 717/785/675 712/1057/675
f 716/1061/676 724/1064/676 720/1141/676
f 720/1141/677 721/786/677 717/785/677
f 722/1065/597 729/1069/597 726/1142/597
f 726/1142/678 731/789/678 723/788/678
f 727/1067/679 734/1073/679 730/1068/679
f 734/1073/680 728/1070/680 730/1068/680
f 736/1074/681 735/1072/681 732/1071/681
f 738/1076/682 733/1143/682 735/1072/682
f 736/1074/602 743/1079/602 740/1144/602
f 740/1144/683 745/793/683 737/791/683
f 741/1077/684 748/1082/684 744/1078/684
f 748/1082/685 742/795/685 744/1078/685
f 752/1086/604 750/1145/604 746/1080/604
f 750/1145/686 751/1085/686 747/796/686
f 756/1088/687 755/1087/687 752/1086/687
f 758/1090/688 753/1084/688 755/1087/688
f 756/1088/689 764/1091/689 760/1146/689
f 760/1146/690 761/801/690 757/798/690
f 762/1092/610 770/1094/610 766/1147/610
f 766/1147/691 767/804/691 763/803/691
f 768/1095/692 774/1099/692 771/1096/692
f 774/1099/693 769/806/693 771/1096/693
f 776/1100/694 775/1098/694 772/1097/694
f 778/1102/695 773/807/695 775/1098/695
f 776/1100/696 784/1103/696 780/1148/696
f 780/1148/697 781/810/697 777/809/697
f 786/1106/698 785/1105/698 782/1104/698
f 788/1108/699 783/811/699 785/1105/699
f 792/1112/700 790/1149/700 786/1106/700
f 790/1149/701 791/1111/701 787/812/701
f 792/1112/702 639/1005/702 795/1113/702
f 639/1005/703 793/1110/703 795/1113/703
f 636/759/436 476/886/436 478/760/436
f 641/762/437 482/761/437 476/886/437
f 647/1010/704 487/894/704 482/761/704
f 653/1014/705 492/764/705 487/894/705
f 492/764/706 663/768/706 502/767/706
f 502/767/707 670/769/707 507/907/707
f 507/907/708 675/1031/708 512/770/708
f 677/771/440 517/773/440 516/772/440
f 684/774/441 522/775/441 517/773/441
f 689/777/709 527/778/709 522/775/709
f 536/780/710 700/781/710 542/782/710
f 542/782/711 706/1053/711 547/935/711
f 547/935/712 712/1057/712 552/940/712
f 552/940/713 717/785/713 557/945/713
f 723/788/444 562/787/444 561/784/444
f 731/789/714 567/790/714 562/787/714
f 576/792/715 745/793/715 582/794/715
f 582/794/716 747/796/716 587/966/716
f 587/966/447 753/1084/447 592/797/447
f 757/798/448 597/800/448 596/799/448
f 763/803/449 602/802/449 597/800/449
f 769/806/450 607/805/450 602/802/450
f 773/807/717 612/985/717 607/805/717
f 777/809/718 617/808/718 612/985/718
f 617/808/452 787/812/452 627/994/452
f 627/994/452 793/1110/452 632/758/452
f 631/885/468 412/884/468 443/877/468
f 632/758/719 793/1110/719 636/759/719
f 487/894/437 647/1010/437 651/1015/437
f 492/764/720 653/1014/720 657/765/720
f 507/907/721 667/1027/721 675/1031/721
f 512/770/708 672/1032/708 677/771/708
f 527/778/722 686/1042/722 691/1136/722
f 527/778/723 691/1136/723 695/779/723
f 547/935/712 706/1053/712 710/1058/712
f 552/940/712 712/1057/712 717/785/712
f 561/784/713 557/945/713 717/785/713
f 567/790/724 728/1070/724 733/1143/724
f 567/790/725 733/1143/725 737/791/725
f 587/966/447 747/796/447 751/1085/447
f 592/797/726 753/1084/726 757/798/726
f 612/985/727 773/807/727 777/809/727
f 627/994/452 787/812/452 791/1111/452
f 477/813/453 483/817/453 413/814/453
f 446/816/454 646/819/454 640/817/454
f 447/818/455 652/821/455 646/819/455
f 448/820/456 656/880/456 652/821/456
f 449/822/457 662/825/457 656/823/457
f 450/824/458 666/827/458 662/825/458
f 450/824/459 451/830/459 671/826/459
f 452/828/460 676/832/460 671/829/460
f 453/831/461 680/1150/461 676/832/461
f 453/831/462 454/837/462 685/833/462
f 455/835/463 690/839/463 685/836/463
f 456/838/464 694/841/464 690/839/464
f 457/840/465 699/881/465 694/841/465
f 458/842/466 705/845/466 699/843/466
f 459/844/467 711/847/467 705/845/467
f 460/846/468 716/1151/468 711/847/468
f 461/848/453 722/851/453 716/849/453
f 462/850/469 727/882/469 722/851/469
f 463/852/470 732/855/470 727/853/470
f 464/854/471 736/857/471 732/855/471
f 465/856/472 741/883/472 736/857/472
f 466/858/473 746/861/473 741/859/473
f 466/858/474 467/863/474 752/860/474
f 468/862/475 756/865/475 752/860/475
f 468/862/476 469/866/476 762/864/476
f 469/866/477 470/869/477 768/867/477
f 470/869/478 471/872/478 772/870/478
f 472/871/479 776/874/479 772/870/479
f 473/873/480 782/876/480 776/874/480
f 474/875/481 786/878/481 782/876/481
f 475/877/482 792/885/482 786/878/482
f 445/814/483 640/879/483 637/813/483
f 413/814/484 445/814/484 444/815/484
f 483/879/469 488/819/469 414/816/469
f 414/816/484 446/816/484 445/814/484
f 488/819/470 493/821/470 415/818/470
f 414/816/484 415/818/484 447/818/484
f 493/821/471 497/823/471 416/820/471
f 415/818/484 416/820/484 448/820/484
f 497/880/472 501/825/472 417/822/472
f 417/822/484 449/822/484 448/820/484
f 501/825/473 506/827/473 418/824/473
f 418/824/484 450/824/484 449/822/484
f 506/827/474 511/829/474 419/830/474
f 418/824/484 419/830/484 451/830/484
f 511/826/475 518/832/475 420/828/475
f 419/830/484 420/828/484 452/828/484
f 518/832/476 523/834/476 421/831/476
f 421/831/484 453/831/484 452/828/484
f 523/834/477 528/836/477 422/837/477
f 422/837/484 454/837/484 453/831/484
f 528/833/478 532/839/478 423/835/478
f 422/837/484 423/835/484 455/835/484
f 532/839/479 537/841/479 424/838/479
f 423/835/484 424/838/484 456/838/484
f 537/841/480 541/843/480 425/840/480
f 425/840/484 457/840/484 456/838/484
f 541/881/481 546/845/481 426/842/481
f 426/842/484 458/842/484 457/840/484
f 546/845/482 551/847/482 427/844/482
f 426/842/484 427/844/484 459/844/484
f 551/847/485 556/849/485 428/846/485
f 427/844/484 428/846/484 460/846/484
f 556/849/483 563/851/483 429/848/483
f 429/848/484 461/848/484 460/846/484
f 563/851/454 568/853/454 430/850/454
f 430/850/484 462/850/484 461/848/484
f 568/882/455 572/855/455 431/852/455
f 431/852/484 463/852/484 462/850/484
f 572/855/456 577/857/456 432/854/456
f 431/852/484 432/854/484 464/854/484
f 577/857/457 581/859/457 433/856/457
f 433/856/484 465/856/484 464/854/484
f 581/883/458 586/861/458 434/858/458
f 434/858/484 466/858/484 465/856/484
f 586/861/459 591/860/459 435/863/459
f 434/858/484 435/863/484 467/863/484
f 591/860/460 598/865/460 436/862/460
f 435/863/484 436/862/484 468/862/484
f 598/865/461 603/868/461 437/866/461
f 437/866/484 469/866/484 468/862/484
f 603/864/462 608/867/462 438/869/462
f 438/869/484 470/869/484 469/866/484
f 608/867/463 613/870/463 439/872/463
f 439/872/484 471/872/484 470/869/484
f 613/870/464 618/874/464 440/871/464
f 439/872/484 440/871/484 472/871/484
f 618/874/465 622/876/465 441/873/465
f 441/873/484 473/873/484 472/871/484
f 622/876/466 626/878/466 442/875/466
f 442/875/484 474/875/484 473/873/484
f 626/878/467 631/885/467 443/877/467
f 442/875/484 443/877/484 475/877/484
f 444/884/485 637/1152/485 792/885/485
f 443/877/484 412/884/484 444/884/484
f 479/887/728 480/889/728 478/760/728
f 477/888/729 481/1132/729 480/889/729
f 478/760/730 480/889/730 481/1132/730
f 476/886/731 484/892/731 486/1114/731
f 485/890/732 484/892/732 476/886/732
f 483/891/733 486/1114/733 484/892/733
f 482/761/734 489/896/734 491/1115/734
f 490/893/735 489/896/735 482/761/735
f 488/895/736 491/1115/736 489/896/736
f 487/894/737 494/899/737 496/1116/737
f 495/897/738 494/899/738 487/894/738
f 493/898/739 496/1116/739 494/899/739
f 492/764/740 498/901/740 500/1117/740
f 499/902/741 498/901/741 492/764/741
f 497/900/742 500/1117/742 498/901/742
f 502/767/743 503/905/743 505/903/743
f 504/906/744 503/905/744 502/767/744
f 501/904/745 505/903/745 503/905/745
f 507/907/746 508/910/746 510/908/746
f 509/911/747 508/910/747 507/907/747
f 506/909/748 510/908/748 508/910/748
f 512/770/749 513/914/749 515/912/749
f 514/915/750 513/914/750 512/770/750
f 511/913/751 515/912/751 513/914/751
f 516/772/752 519/918/752 521/1118/752
f 520/916/753 519/918/753 516/772/753
f 518/917/754 521/1118/754 519/918/754
f 517/773/755 524/921/755 526/1119/755
f 525/919/756 524/921/756 517/773/756
f 523/920/757 526/1119/757 524/921/757
f 522/775/758 529/924/758 531/1120/758
f 530/922/759 529/924/759 522/775/759
f 528/923/760 531/1120/760 529/924/760
f 527/778/761 533/926/761 535/1121/761
f 534/927/762 533/926/762 527/778/762
f 532/925/763 535/1121/763 533/926/763
f 536/780/764 538/929/764 540/1122/764
f 539/930/765 538/929/765 536/780/765
f 537/928/766 540/1122/766 538/929/766
f 542/782/767 543/933/767 545/931/767
f 544/934/768 543/933/768 542/782/768
f 541/932/769 545/931/769 543/933/769
f 547/935/770 548/938/770 550/936/770
f 549/939/771 548/938/771 547/935/771
f 546/937/772 550/936/772 548/938/772
f 552/940/773 553/943/773 555/941/773
f 554/944/774 553/943/774 552/940/774
f 551/942/775 555/941/775 553/943/775
f 557/945/776 558/948/776 560/946/776
f 559/949/777 558/948/777 557/945/777
f 556/947/778 560/946/778 558/948/778
f 561/784/779 564/952/779 566/1123/779
f 565/950/780 564/952/780 561/784/780
f 563/951/781 566/1123/781 564/952/781
f 562/787/782 569/955/782 571/1124/782
f 570/953/783 569/955/783 562/787/783
f 568/954/784 571/1124/784 569/955/784
f 567/790/785 573/957/785 575/1153/785
f 574/958/786 573/957/786 567/790/786
f 572/956/787 575/1153/787 573/957/787
f 576/792/788 578/960/788 580/1125/788
f 579/961/789 578/960/789 576/792/789
f 577/959/790 580/1125/790 578/960/790
f 582/794/791 583/964/791 585/962/791
f 584/965/792 583/964/792 582/794/792
f 581/963/793 585/962/793 583/964/793
f 587/966/794 588/969/794 590/967/794
f 589/970/795 588/969/795 587/966/795
f 586/968/796 590/967/796 588/969/796
f 592/797/797 593/973/797 595/971/797
f 594/974/798 593/973/798 592/797/798
f 591/972/799 595/971/799 593/973/799
f 596/799/800 599/977/800 601/1126/800
f 600/975/801 599/977/801 596/799/801
f 598/976/802 601/1126/802 599/977/802
f 597/800/803 604/980/803 606/1127/803
f 605/978/804 604/980/804 597/800/804
f 603/979/805 606/1127/805 604/980/805
f 602/802/806 609/983/806 611/1128/806
f 610/981/807 609/983/807 602/802/807
f 608/982/808 611/1128/808 609/983/808
f 607/805/809 614/987/809 616/1129/809
f 615/984/810 614/987/810 607/805/810
f 613/986/811 616/1129/811 614/987/811
f 612/985/812 619/990/812 621/1130/812
f 620/988/813 619/990/813 612/985/813
f 618/989/814 621/1130/814 619/990/814
f 617/808/815 623/992/815 625/1131/815
f 624/993/816 623/992/816 617/808/816
f 622/991/817 625/1131/817 623/992/817
f 627/994/818 628/997/818 630/995/818
f 629/998/819 628/997/819 627/994/819
f 626/996/820 630/995/820 628/997/820
f 632/758/821 633/1001/821 635/999/821
f 634/1002/822 633/1001/822 632/758/822
f 631/1000/823 635/999/823 633/1001/823
f 639/1005/824 638/1004/824 636/759/824
f 642/1008/825 643/1007/825 641/762/825
f 640/1006/826 644/1133/826 643/1007/826
f 641/762/827 643/1007/827 644/1133/827
f 648/1009/828 649/1012/828 647/1010/828
f 646/1011/829 650/1134/829 649/1012/829
f 647/1010/830 649/1012/830 650/1134/830
f 654/1013/831 655/1017/831 653/1014/831
f 658/1020/832 659/1019/832 657/765/832
f 656/1018/833 660/1135/833 659/1019/833
f 657/765/834 659/1019/834 660/1135/834
f 664/1021/835 665/1023/835 663/768/835
f 668/1026/836 669/1025/836 670/769/836
f 673/1030/837 674/1029/837 675/1031/837
f 678/1035/838 679/1034/838 677/771/838
f 682/1038/839 683/1037/839 684/774/839
f 687/1041/840 688/1040/840 689/777/840
f 692/1045/841 693/1044/841 691/1136/841
f 696/1048/842 697/1047/842 695/779/842
f 694/1046/843 698/1137/843 697/1047/843
f 695/779/844 697/1047/844 698/1137/844
f 701/1051/845 702/1050/845 700/781/845
f 699/1049/846 703/1138/846 702/1050/846
f 700/781/847 702/1050/847 703/1138/847
f 707/1052/848 708/1055/848 706/1053/848
f 705/1054/849 709/1139/849 708/1055/849
f 706/1053/850 708/1055/850 709/1139/850
f 713/1056/851 714/1060/851 712/1057/851
f 711/1059/852 715/1140/852 714/1060/852
f 712/1057/853 714/1060/853 715/1140/853
f 718/1063/854 719/1062/854 717/785/854
f 716/1061/855 720/1141/855 719/1062/855
f 717/785/856 719/1062/856 720/1141/856
f 724/1064/857 725/1066/857 723/788/857
f 722/1065/858 726/1142/858 725/1066/858
f 723/788/859 725/1066/859 726/1142/859
f 729/1069/860 730/1068/860 731/789/860
f 734/1073/861 735/1072/861 733/1143/861
f 738/1076/862 739/1075/862 737/791/862
f 736/1074/863 740/1144/863 739/1075/863
f 737/791/864 739/1075/864 740/1144/864
f 743/1079/865 744/1078/865 745/793/865
f 748/1082/866 749/1081/866 747/796/866
f 746/1080/867 750/1145/867 749/1081/867
f 747/796/868 749/1081/868 750/1145/868
f 754/1083/869 755/1087/869 753/1084/869
f 758/1090/870 759/1089/870 757/798/870
f 756/1088/871 760/1146/871 759/1089/871
f 757/798/872 759/1089/872 760/1146/872
f 764/1091/873 765/1093/873 763/803/873
f 762/1092/874 766/1147/874 765/1093/874
f 763/803/875 765/1093/875 766/1147/875
f 770/1094/876 771/1096/876 769/806/876
f 774/1099/877 775/1098/877 773/807/877
f 778/1102/878 779/1101/878 777/809/878
f 776/1100/879 780/1148/879 779/1101/879
f 777/809/880 779/1101/880 780/1148/880
f 784/1103/881 785/1105/881 783/811/881
f 788/1108/882 789/1107/882 787/812/882
f 786/1106/883 790/1149/883 789/1107/883
f 787/812/884 789/1107/884 790/1149/884
f 794/1109/885 795/1113/885 793/1110/885
f 479/887/676 486/1114/676 483/891/676
f 485/890/597 491/1115/597 488/895/597
f 496/1116/599 493/898/599 488/895/599
f 492/764/886 500/1117/886 495/897/886
f 500/1117/887 497/900/887 493/898/887
f 505/903/888 501/904/888 497/900/888
f 502/767/889 510/908/889 504/906/889
f 510/908/890 506/909/890 501/904/890
f 507/907/891 515/912/891 509/911/891
f 515/912/604 511/913/604 506/909/604
f 516/772/892 521/1118/892 514/915/892
f 521/1118/893 518/917/893 511/913/893
f 520/916/608 526/1119/608 523/920/608
f 525/919/610 531/1120/610 528/923/610
f 527/778/894 535/1121/894 530/922/894
f 535/1121/895 532/925/895 528/923/895
f 536/780/896 540/1122/896 534/927/896
f 540/1122/897 537/928/897 532/925/897
f 539/930/898 545/931/898 541/932/898
f 542/782/899 550/936/899 544/934/899
f 550/936/900 546/937/900 541/932/900
f 547/935/901 555/941/901 549/939/901
f 555/941/700 551/942/700 546/937/700
f 552/940/902 560/946/902 554/944/902
f 560/946/903 556/947/903 551/942/903
f 557/945/904 561/784/904 566/1123/904
f 559/949/905 566/1123/905 563/951/905
f 565/950/649 571/1124/649 568/954/649
f 567/790/906 575/1153/906 570/953/906
f 570/953/651 575/1153/651 572/956/651
f 576/792/907 580/1125/907 574/958/907
f 580/1125/908 577/959/908 572/956/908
f 579/961/909 585/962/909 581/963/909
f 582/794/910 590/967/910 584/965/910
f 584/965/911 590/967/911 586/968/911
f 587/966/912 595/971/912 589/970/912
f 595/971/629 591/972/629 586/968/629
f 596/799/913 601/1126/913 594/974/913
f 601/1126/914 598/976/914 591/972/914
f 600/975/633 606/1127/633 603/979/633
f 605/978/635 611/1128/635 608/982/635
f 616/1129/915 613/986/915 608/982/915
f 621/1130/916 618/989/916 613/986/916
f 625/1131/671 622/991/671 618/989/671
f 624/993/643 630/995/643 626/996/643
f 627/994/917 635/999/917 629/998/917
f 635/999/918 631/1000/918 626/996/918
f 478/760/919 481/1132/919 634/1002/919
f 481/1132/646 477/888/646 631/1000/646
f 640/1006/920 642/1008/920 638/1004/920
f 642/1008/921 641/762/921 636/759/921
f 640/1006/649 646/1011/649 648/1009/649
f 644/1133/922 648/1009/922 645/763/922
f 646/1011/623 652/1016/623 654/1013/623
f 650/1134/923 654/1013/923 651/1015/923
f 656/1018/924 658/1020/924 655/1017/924
f 658/1020/925 657/765/925 653/1014/925
f 656/1018/655 662/1022/655 664/1021/655
f 660/1135/926 664/1021/926 661/766/926
f 666/1024/927 668/1026/927 665/1023/927
f 668/1026/928 670/769/928 663/768/928
f 671/1028/929 673/1030/929 669/1025/929
f 673/1030/930 675/1031/930 667/1027/930
f 676/1033/931 678/1035/931 674/1029/931
f 678/1035/932 677/771/932 672/1032/932
f 680/1036/933 682/1038/933 679/1034/933
f 682/1038/934 684/774/934 677/771/934
f 680/1036/635 685/1039/635 687/1041/635
f 687/1041/935 689/777/935 681/776/935
f 685/1039/637 690/1043/637 692/1045/637
f 692/1045/936 691/1136/936 686/1042/936
f 694/1046/937 696/1048/937 693/1044/937
f 696/1048/938 695/779/938 691/1136/938
f 694/1046/671 699/1049/671 701/1051/671
f 698/1137/939 701/1051/939 700/781/939
f 699/1049/940 705/1054/940 707/1052/940
f 703/1138/941 707/1052/941 704/783/941
f 711/1059/644 713/1056/644 709/1139/644
f 709/1139/942 713/1056/942 710/1058/942
f 716/1061/646 718/1063/646 715/1140/646
f 715/1140/943 718/1063/943 717/785/943
f 716/1061/595 722/1065/595 724/1064/595
f 720/1141/944 724/1064/944 721/786/944
f 722/1065/597 727/1067/597 729/1069/597
f 726/1142/945 729/1069/945 731/789/945
f 727/1067/946 732/1071/946 734/1073/946
f 734/1073/947 733/1143/947 728/1070/947
f 736/1074/948 738/1076/948 735/1072/948
f 738/1076/949 737/791/949 733/1143/949
f 736/1074/888 741/1077/888 743/1079/888
f 740/1144/950 743/1079/950 745/793/950
f 741/1077/603 746/1080/603 748/1082/603
f 748/1082/951 747/796/951 742/795/951
f 752/1086/604 754/1083/604 750/1145/604
f 750/1145/952 754/1083/952 751/1085/952
f 756/1088/953 758/1090/953 755/1087/953
f 758/1090/954 757/798/954 753/1084/954
f 756/1088/689 762/1092/689 764/1091/689
f 760/1146/955 764/1091/955 761/801/955
f 762/1092/610 768/1095/610 770/1094/610
f 766/1147/956 770/1094/956 767/804/956
f 768/1095/895 772/1097/895 774/1099/895
f 774/1099/957 773/807/957 769/806/957
f 776/1100/958 778/1102/958 775/1098/958
f 778/1102/959 777/809/959 773/807/959
f 776/1100/696 782/1104/696 784/1103/696
f 780/1148/960 784/1103/960 781/810/960
f 786/1106/961 788/1108/961 785/1105/961
f 788/1108/962 787/812/962 783/811/962
f 792/1112/617 794/1109/617 790/1149/617
f 790/1149/963 794/1109/963 791/1111/963
f 792/1112/903 637/1003/903 639/1005/903
f 639/1005/964 636/759/964 793/1110/964
f 482/761/704 645/763/704 647/1010/704
f 487/894/965 651/1015/965 653/1014/965
f 492/764/966 661/766/966 663/768/966
f 670/769/707 667/1027/707 507/907/707
f 675/1031/708 672/1032/708 512/770/708
f 684/774/967 681/776/967 522/775/967
f 689/777/968 686/1042/968 527/778/968
f 542/782/969 704/783/969 706/1053/969
f 547/935/970 710/1058/970 712/1057/970
f 561/784/444 721/786/444 723/788/444
f 731/789/971 728/1070/971 567/790/971
f 745/793/972 742/795/972 582/794/972
f 587/966/973 751/1085/973 753/1084/973
f 597/800/449 761/801/449 763/803/449
f 602/802/974 767/804/974 769/806/974
f 617/808/975 781/810/975 783/811/975
f 627/994/976 791/1111/976 793/1110/976
f 631/885/468 477/1152/468 412/884/468
g Plug.012_Cube.001
v -0.010590 0.019544 0.010172
v -0.010535 0.019445 0.010269
v -0.010441 0.019449 0.010330
v -0.010358 0.019952 0.009842
v -0.010535 0.019878 0.009835
v -0.010454 0.019933 0.009840
v -0.010535 0.019614 0.010233
v -0.010435 0.019637 0.010295
v -0.010609 0.019631 0.010043
v -0.010358 0.019806 0.010196
v -0.010589 0.019693 0.010084
v -0.010535 0.019751 0.010142
v -0.010454 0.019791 0.010181
v -0.010358 0.019914 0.010034
v -0.010590 0.019779 0.009946
v -0.010535 0.019843 0.010004
v -0.010454 0.019895 0.010026
v -0.010358 0.019952 0.007842
v -0.010589 0.019788 0.007766
v -0.010536 0.019866 0.007741
v -0.010454 0.019933 0.007844
v -0.010418 0.019459 0.007349
v -0.010606 0.019669 0.007632
v -0.010418 0.019908 0.007655
v -0.010535 0.019751 0.007543
v -0.010419 0.019802 0.007495
v -0.010589 0.019545 0.007508
v -0.010532 0.019571 0.007427
v -0.010420 0.019642 0.007387
v -0.010358 0.016952 0.009842
v -0.010590 0.017125 0.009946
v -0.010535 0.017026 0.009835
v -0.010454 0.016971 0.009840
v -0.010609 0.017266 0.010033
v -0.010437 0.017458 0.010332
v -0.010535 0.017459 0.010269
v -0.010358 0.016990 0.010034
v -0.010535 0.017061 0.010004
v -0.010454 0.017009 0.010026
v -0.010358 0.017098 0.010196
v -0.010589 0.017211 0.010084
v -0.010535 0.017153 0.010142
v -0.010454 0.017113 0.010181
v -0.010590 0.017372 0.010176
v -0.010535 0.017290 0.010233
v -0.010435 0.017267 0.010295
v -0.010591 0.017281 0.007536
v -0.010538 0.017328 0.007436
v -0.010420 0.017456 0.007347
v -0.010358 0.016952 0.007842
v -0.010454 0.016971 0.007844
v -0.010420 0.017261 0.007387
v -0.010609 0.017250 0.007661
v -0.010419 0.017102 0.007495
v -0.010535 0.017153 0.007543
v -0.010418 0.016996 0.007655
v -0.010589 0.017116 0.007766
v -0.010536 0.017038 0.007741
v -0.016145 0.016920 0.003023
v -0.008597 0.019539 0.006997
v -0.008597 0.019452 0.007342
v -0.008597 0.019643 0.007380
v -0.008597 0.017303 0.007362
v -0.008597 0.019914 0.007651
v -0.008597 0.019806 0.007489
v -0.008597 0.017098 0.007489
v -0.008597 0.016990 0.007651
v -0.008597 0.016952 0.007842
v -0.008597 0.019952 0.007842
v -0.008597 0.016952 0.009842
v -0.008597 0.019952 0.009842
v -0.008597 0.019914 0.010034
v -0.008597 0.019806 0.010196
v -0.008597 0.019643 0.010304
v -0.008597 0.019452 0.010342
v -0.008597 0.017294 0.010321
v -0.008597 0.017098 0.010196
v -0.008597 0.016990 0.010034
v -0.016438 0.016452 0.003443
v -0.016167 0.016761 0.003055
v -0.016231 0.016598 0.003146
v -0.016326 0.016490 0.003282
v -0.011431 0.016452 0.007754
v -0.011529 0.016952 0.006997
v -0.011463 0.016490 0.007502
v -0.011493 0.016598 0.007270
v -0.011516 0.016761 0.007093
v -0.008597 0.016452 0.007754
v -0.008598 0.016950 0.006996
v -0.008626 0.016490 0.007464
v -0.008707 0.016598 0.007219
v -0.008828 0.016761 0.007055
v -0.018152 0.016452 0.005890
v -0.018439 0.016952 0.006300
v -0.018262 0.016490 0.006047
v -0.018355 0.016598 0.006180
v -0.018417 0.016761 0.006269
v -0.008597 0.016952 0.010688
v -0.008597 0.016452 0.009931
v -0.008597 0.016598 0.010466
v -0.008597 0.016761 0.010630
v -0.008597 0.016490 0.010220
v -0.012945 0.016452 0.009446
v -0.013536 0.016952 0.009666
v -0.013412 0.016490 0.009376
v -0.013477 0.016598 0.009528
v -0.013521 0.016761 0.009629
v -0.010568 0.016952 0.010688
v -0.011424 0.016490 0.010205
v -0.010741 0.016598 0.010466
v -0.010613 0.016761 0.010630
v -0.011215 0.016952 0.010653
v -0.011355 0.016598 0.010430
v -0.011252 0.016761 0.010594
v -0.011797 0.016452 0.009900
v -0.011976 0.016952 0.010456
v -0.012129 0.016490 0.010026
v -0.012049 0.016598 0.010251
v -0.011996 0.016761 0.010401
v -0.012776 0.016952 0.010116
v -0.012775 0.016490 0.009752
v -0.012775 0.016598 0.009941
v -0.012776 0.016761 0.010069
v -0.018439 0.019952 0.006300
v -0.018152 0.020452 0.005890
v -0.018417 0.020143 0.006269
v -0.018355 0.020306 0.006180
v -0.018262 0.020414 0.006047
v -0.013536 0.019952 0.009666
v -0.013412 0.020414 0.009376
v -0.013477 0.020306 0.009528
v -0.013521 0.020143 0.009629
v -0.008597 0.020452 0.009931
v -0.008597 0.019952 0.010688
v -0.008597 0.020414 0.010220
v -0.008597 0.020306 0.010466
v -0.008597 0.020143 0.010630
v -0.012776 0.019952 0.010116
v -0.012944 0.020452 0.009446
v -0.012776 0.020143 0.010069
v -0.012775 0.020306 0.009941
v -0.012775 0.020414 0.009752
v -0.011976 0.019952 0.010456
v -0.011996 0.020143 0.010401
v -0.012049 0.020306 0.010251
v -0.012129 0.020414 0.010026
v -0.011215 0.019952 0.010653
v -0.011252 0.020143 0.010594
v -0.011355 0.020306 0.010430
v -0.011424 0.020414 0.010205
v -0.010568 0.019952 0.010688
v -0.011797 0.020452 0.009900
v -0.010613 0.020143 0.010630
v -0.010741 0.020306 0.010466
v -0.016438 0.020452 0.003443
v -0.016145 0.019952 0.003023
v -0.016326 0.020414 0.003282
v -0.016231 0.020306 0.003146
v -0.016167 0.020143 0.003055
v -0.011431 0.020452 0.007754
v -0.011527 0.019933 0.006998
v -0.011463 0.020414 0.007502
v -0.011493 0.020306 0.007270
v -0.011516 0.020143 0.007093
v -0.008972 0.019952 0.006997
v -0.008597 0.020452 0.007754
v -0.008597 0.020168 0.007477
v -0.008828 0.020143 0.007055
v -0.008707 0.020306 0.007219
v -0.008626 0.020414 0.007464
vn -0.0000 -1.0000 -0.0000
vn -0.0051 0.0098 -0.9999
vn 0.0038 -0.0010 1.0000
vn -0.0000 1.0000 -0.0000
vn 0.0034 0.9808 0.1951
vn 0.0033 0.8315 0.5556
vn -0.0004 0.5261 0.8504
vn 0.5598 -0.8113 -0.1686
vn 0.2096 -0.9579 -0.1963
vn 0.8286 -0.4725 -0.3003
vn 0.5592 -0.6893 -0.4606
vn 0.2094 -0.8130 -0.5433
vn 0.8508 -0.2705 -0.4506
vn 0.5374 -0.4685 -0.7012
vn 0.5445 -0.1706 -0.8212
vn 0.8601 -0.2955 0.4159
vn 0.5056 -0.4594 0.7303
vn 0.8297 -0.4655 0.3081
vn 0.5616 -0.7142 0.4177
vn 0.1992 -0.9667 0.1608
vn 0.1987 -0.9801 -0.0000
vn 0.6269 -0.7791 -0.0000
vn 0.8283 -0.5603 0.0027
vn 0.9898 -0.1422 -0.0001
vn 0.5368 0.1716 -0.8261
vn 0.8549 0.2621 -0.4477
vn 0.5374 0.4685 -0.7012
vn 0.8286 0.4725 -0.3003
vn 0.5592 0.6893 -0.4606
vn 0.2094 0.8130 -0.5433
vn 0.5598 0.8113 -0.1686
vn 0.2096 0.9579 -0.1963
vn 0.5435 0.0002 -0.8394
vn 0.8586 -0.0000 -0.5127
vn 0.9891 -0.0004 -0.1471
vn 0.5051 0.4564 0.7325
vn 0.8276 0.4597 0.3221
vn 0.5616 0.7142 0.4176
vn 0.1992 0.9667 0.1608
vn 0.9903 0.0006 0.1389
vn 0.8832 0.0049 0.4690
vn 0.5969 0.0013 0.8023
vn 0.1987 0.9801 -0.0000
vn 0.6269 0.7791 -0.0000
vn 0.8283 0.5603 0.0027
vn 0.9893 0.1458 -0.0002
vn 0.6525 -0.0003 -0.7578
vn -0.0003 0.0003 -1.0000
vn -0.5660 -0.0000 0.8244
vn -0.2508 -0.0000 0.9680
vn -0.0536 -0.0000 0.9986
vn -0.0000 -0.0000 1.0000
vn -0.5093 -0.0000 0.8606
vn -0.0000 -0.9808 -0.1951
vn -0.0000 -0.5556 -0.8315
vn 0.0033 -0.8315 0.5556
vn 0.0034 -0.9808 0.1951
vn 0.0030 -0.1951 0.9808
vn -0.0000 0.9808 -0.1951
vn 0.0033 -0.5556 0.8315
vn -0.0000 0.5395 -0.8420
vn 0.0056 -0.1951 -0.9808
vn -0.0000 0.8315 -0.5556
vn -0.0000 -0.8315 -0.5556
vn 0.9760 -0.1815 -0.1200
vn 0.7172 -0.5182 -0.4660
vn 0.2749 -0.5741 -0.7713
vn 0.6350 -0.2358 -0.7356
vn 0.5419 -0.5628 -0.6242
vn 0.3601 -0.8362 -0.4136
vn 0.1256 -0.9815 -0.1447
vn -0.0006 -0.4470 -0.8945
vn -0.0124 -0.7388 -0.6738
vn -0.0057 -0.9065 -0.4223
vn -0.0000 -0.9888 -0.1495
vn -0.3915 -0.0000 0.9202
vn 1.0000 -0.0000 -0.0000
vn -0.2803 -0.8342 0.4750
vn -0.4206 -0.5605 0.7134
vn -0.4982 -0.1993 0.8439
vn -0.0684 -0.9846 0.1608
vn -0.2065 -0.8499 0.4849
vn -0.3170 -0.5872 0.7447
vn -0.3821 -0.2176 0.8981
vn -0.0448 -0.9829 0.1786
vn -0.1210 -0.8760 0.4669
vn -0.1943 -0.6324 0.7499
vn -0.2433 -0.2423 0.9392
vn -0.0252 -0.8985 0.4382
vn -0.0404 -0.6962 0.7167
vn -0.0514 -0.2850 0.9571
vn -0.0008 -0.9921 0.1258
vn -0.0000 -0.9238 0.3829
vn -0.0000 -0.7112 0.7029
vn -0.0000 -0.2888 0.9574
vn -0.1100 -0.9808 0.1611
vn -0.3144 -0.8315 0.4580
vn -0.4705 -0.5556 0.6855
vn -0.5550 -0.1951 0.8086
vn -0.1070 0.9776 0.1813
vn -0.2804 0.8338 0.4755
vn -0.4205 0.5619 0.7123
vn -0.4986 0.2042 0.8424
vn -0.0578 0.9876 0.1460
vn -0.2064 0.8499 0.4848
vn -0.3172 0.5869 0.7449
vn -0.3824 0.2166 0.8983
vn -0.1152 0.8817 0.4574
vn -0.1943 0.6323 0.7499
vn -0.2433 0.2423 0.9392
vn -0.0412 0.6944 0.7184
vn -0.0540 0.2767 0.9594
vn -0.0012 0.9915 0.1303
vn -0.0023 0.9149 0.4037
vn -0.0000 0.7112 0.7030
vn -0.0001 0.2884 0.9575
vn -0.1026 0.9834 0.1495
vn -0.3146 0.8313 0.4583
vn -0.4703 0.5562 0.6852
vn -0.5549 0.1972 0.8082
vn 0.6265 0.2945 -0.7216
vn 0.5298 0.5906 -0.6086
vn 0.3745 0.8207 -0.4315
vn 0.1430 0.9757 -0.1661
vn -0.0000 0.9888 -0.1495
vn -0.0057 0.9065 -0.4223
vn -0.0124 0.7388 -0.6738
vn -0.0034 0.4106 -0.9118
vn 0.0068 -0.0012 -1.0000
vn -0.0074 0.0093 0.9999
vn 0.0088 0.2007 0.9796
vn -0.0000 0.9741 0.2263
vn 0.0036 0.8335 0.5525
vn 0.0036 0.5580 0.8299
vn 0.8044 -0.5816 -0.1209
vn 0.5563 -0.8141 -0.1668
vn 0.1987 -0.9612 -0.1912
vn 0.9659 -0.2169 -0.1417
vn 0.8410 -0.4499 -0.3006
vn 0.2094 -0.8130 -0.5432
vn 0.9588 -0.1482 -0.2425
vn 0.8298 -0.3100 -0.4640
vn 0.5576 -0.4478 -0.6989
vn 0.2104 -0.5647 -0.7980
vn 0.8057 -0.1205 -0.5799
vn 0.5436 -0.1714 -0.8216
vn 0.4320 -0.1775 0.8842
vn 0.8216 -0.2974 0.4864
vn 0.5492 -0.4694 0.6914
vn 0.8521 -0.4503 0.2665
vn 0.5115 -0.7169 0.4738
vn 0.4541 -0.8691 0.1962
vn 0.5563 -0.8310 0.0044
vn 0.8736 -0.4867 -0.0017
vn 0.9918 -0.1282 -0.0008
vn 0.7966 0.1230 -0.5918
vn 0.5432 0.1661 -0.8230
vn 0.9638 0.1368 -0.2287
vn 0.8298 0.3100 -0.4640
vn 0.5576 0.4478 -0.6989
vn 0.2104 0.5647 -0.7980
vn 0.9661 0.2162 -0.1413
vn 0.8410 0.4499 -0.3006
vn 0.2094 0.8130 -0.5432
vn 0.8044 0.5816 -0.1209
vn 0.5563 0.8141 -0.1668
vn 0.1987 0.9612 -0.1912
vn 0.5465 -0.0000 -0.8375
vn 0.8696 -0.0011 -0.4938
vn 0.9913 0.0006 -0.1317
vn 0.4586 0.1775 0.8707
vn 0.7446 0.3578 0.5635
vn 0.5498 0.4692 0.6910
vn 0.9341 0.2944 0.2021
vn 0.8839 0.4022 0.2388
vn 0.5115 0.7169 0.4738
vn 0.4541 0.8691 0.1962
vn 0.9905 0.0006 0.1374
vn 0.8164 -0.0002 0.5774
vn 0.5645 -0.0013 0.8254
vn 0.5563 0.8310 0.0044
vn 0.8736 0.4867 -0.0017
vn 0.9911 0.1330 -0.0009
vn 1.0000 -0.0011 0.0012
vn -0.0003 0.0004 -1.0000
vn -0.8192 -0.0000 -0.5736
vn 0.0061 -0.5090 -0.8608
vn 0.0036 -0.8335 0.5525
vn -0.0000 -0.9741 0.2263
vn 0.0037 -0.2024 0.9793
vn 1.0000 -0.0001 -0.0004
vn 0.0036 -0.5580 0.8299
vn 0.0048 0.5085 -0.8610
vn 0.0069 -0.1827 -0.9831
vn 0.0111 0.1909 -0.9815
vn 0.6217 -0.3175 -0.7160
vn 0.5298 -0.5906 -0.6086
vn 0.3745 -0.8207 -0.4315
vn 0.1430 -0.9757 -0.1661
vn -0.0136 -0.2804 -0.9598
vn -0.0099 -0.7148 -0.6992
vn -0.0074 -0.9157 -0.4017
vn -0.0017 -0.9915 -0.1301
vn -0.1070 -0.9776 0.1813
vn -0.2804 -0.8338 0.4755
vn -0.4205 -0.5619 0.7123
vn -0.4986 -0.2042 0.8424
vn -0.0578 -0.9876 0.1460
vn -0.2064 -0.8499 0.4848
vn -0.3172 -0.5869 0.7449
vn -0.3824 -0.2166 0.8983
vn -0.1152 -0.8817 0.4575
vn -0.0412 -0.6944 0.7184
vn -0.0541 -0.2767 0.9594
vn -0.0012 -0.9915 0.1303
vn -0.0023 -0.9149 0.4037
vn -0.0000 -0.7112 0.7030
vn -0.0000 -0.2884 0.9575
vn -0.1027 -0.9834 0.1496
vn -0.3146 -0.8313 0.4583
vn -0.4703 -0.5562 0.6852
vn -0.5549 -0.1972 0.8082
vn 0.6524 -0.0000 -0.7579
vn -0.2803 0.8342 0.4750
vn -0.4206 0.5605 0.7134
vn -0.4982 0.1993 0.8439
vn -0.0685 0.9846 0.1608
vn -0.2065 0.8499 0.4849
vn -0.3170 0.5872 0.7447
vn -0.3821 0.2176 0.8981
vn -0.0448 0.9829 0.1787
vn -0.1210 0.8760 0.4669
vn -0.1943 0.6324 0.7499
vn -0.0251 0.8986 0.4381
vn -0.0403 0.6963 0.7167
vn -0.0514 0.2850 0.9571
vn -0.0008 0.9920 0.1259
vn -0.0000 0.9238 0.3829
vn -0.0000 0.7112 0.7029
vn -0.0000 0.2888 0.9574
vn -0.1100 0.9808 0.1611
vn -0.3144 0.8315 0.4580
vn -0.4705 0.5556 0.6855
vn -0.5550 0.1951 0.8086
vn -0.0003 -0.0003 -1.0000
vn 0.7909 0.2220 -0.5703
vn 0.6398 0.1987 -0.7424
vn 0.5419 0.5628 -0.6242
vn 0.3601 0.8362 -0.4136
vn 0.1256 0.9815 -0.1447
vn -0.0017 0.9915 -0.1301
vn -0.0074 0.9157 -0.4017
vn -0.0099 0.7148 -0.6992
vn -0.0135 0.2976 -0.9546
vt 0.395833 0.708333
vt 0.542603 0.541667
vt 0.395833 0.541667
vt 0.388949 0.291804
vt 0.542603 0.458333
vt 0.563459 0.340674
vt 0.391205 0.958241
vt 0.542603 0.791667
vt 0.391232 0.791759
vt 0.395833 0.041667
vt 0.542604 0.208333
vt 0.542603 0.041667
vt 0.391108 0.025919
vt 0.542603 0.025722
vt 0.391149 0.000316
vt 0.542603 0.000000
vt 0.391106 0.974597
vt 0.542603 1.000000
vt 0.542603 0.970648
vt 0.374980 0.541672
vt 0.386895 0.525662
vt 0.373868 0.525503
vt 0.387856 0.541668
vt 0.394952 0.525722
vt 0.363818 0.529980
vt 0.370875 0.504125
vt 0.360720 0.514280
vt 0.384198 0.504084
vt 0.392443 0.504068
vt 0.366772 0.485455
vt 0.348577 0.506506
vt 0.381597 0.484264
vt 0.367084 0.481949
vt 0.388617 0.458558
vt 0.374681 0.459285
vt 0.348431 0.742427
vt 0.370882 0.745867
vt 0.357623 0.729821
vt 0.356030 0.761032
vt 0.387605 0.745915
vt 0.374293 0.718342
vt 0.363785 0.716297
vt 0.390180 0.724310
vt 0.395833 0.708333
vt 0.387856 0.708332
vt 0.388400 0.292173
vt 0.305976 0.346948
vt 0.372218 0.293895
vt 0.299900 0.350454
vt 0.266140 0.388548
vt 0.239714 0.429787
vt 0.323970 0.350487
vt 0.295802 0.337458
vt 0.232580 0.425174
vt 0.316774 0.337416
vt 0.292960 0.325729
vt 0.329788 0.337401
vt 0.314109 0.325023
vt 0.315548 0.322327
vt 0.371938 0.212667
vt 0.299036 0.315833
vt 0.327274 0.324759
vt 0.387161 0.209474
vt 0.375000 0.292272
vt 0.332728 0.500000
vt 0.167272 0.500000
vt 0.351423 0.523126
vt 0.391149 0.999684
vt 0.375000 0.976250
vt 0.375000 0.998028
vt 0.126958 0.717580
vt 0.153755 0.731402
vt 0.140171 0.713748
vt 0.375000 0.001972
vt 0.375000 0.023750
vt 0.395833 0.041667
vt 0.387861 0.041511
vt 0.153909 0.718958
vt 0.155332 0.747611
vt 0.369122 0.774125
vt 0.375000 0.969780
vt 0.387861 0.041826
vt 0.395833 0.208333
vt 0.375000 0.032321
vt 0.387861 0.208174
vt 0.125000 0.542272
vt 0.843750 0.625000
vt 0.845718 0.750000
vt 0.657443 0.625000
vt 0.000000 0.000000
vt 0.343750 0.579262
vt 0.156250 0.750000
vt 0.156250 0.579262
vt 0.343750 0.529258
vt 0.156250 0.500000
vt 0.343750 0.500000
vt 0.409188 0.468750
vt 0.437974 0.281250
vt 0.437976 0.468750
vt 0.467618 0.281250
vt 0.467619 0.468750
vt 0.371693 0.198717
vt 0.309701 0.402860
vt 0.213927 0.520422
vt 0.218770 0.750000
vt 0.778954 0.750000
vt 0.525023 0.444191
vt 0.095924 0.051283
vt 0.156250 0.579262
vt 0.343750 0.553893
vt 0.343750 0.579262
vt 0.542964 0.525722
vt 0.395833 0.541667
vt 0.545526 0.483910
vt 0.543990 0.504068
vt 0.542962 0.724275
vt 0.543987 0.745924
vt 0.542603 0.708333
vt 0.542963 0.724275
vt 0.545525 0.766087
vt 0.395833 0.208333
vt 0.570644 0.324759
vt 0.542604 0.208333
vt 0.383689 0.765837
vt 0.329788 0.337401
vt 0.569616 0.337401
vt 0.381659 0.483461
vt 0.545526 0.483910
vt 0.327274 0.324759
vt 0.394952 0.525722
vt 0.064488 0.036230
vt -0.000041 -0.000029
vt 0.051675 0.034188
vt 0.070074 0.050355
vt 0.777994 0.826651
vt 0.867184 0.632720
vt 0.788541 0.829311
vt 0.875000 0.625000
vt 0.745552 0.832540
vt 0.589030 0.476556
vt 0.086061 0.061472
vt 0.156250 0.529258
vt 0.468315 0.269291
vt 0.470303 0.259153
vt 0.473277 0.252379
vt 0.476785 0.250000
vt 0.179997 0.528540
vt 0.125000 0.579266
vt 0.173420 0.558534
vt 0.125000 0.553942
vt 0.144291 0.579263
vt 0.144291 0.553906
vt 0.225514 0.467072
vt 0.125000 0.530353
vt 0.144291 0.529548
vt 0.156250 0.553893
vt 0.349544 0.343704
vt 0.396780 0.262192
vt 0.137412 0.517061
vt 0.125000 0.527980
vt 0.144291 0.500339
vt 0.144291 0.528919
vt 0.156250 0.529258
vt 0.437883 0.250000
vt 0.410467 0.250000
vt 0.437951 0.269291
vt 0.409527 0.269291
vt 0.409187 0.281250
vt 0.408402 0.218342
vt 0.467617 0.250000
vt 0.253383 0.832513
vt 0.211447 0.830092
vt 0.222013 0.826844
vt 0.390877 0.562991
vt 0.384808 0.577440
vt 0.384267 0.555936
vt 0.375000 0.579266
vt 0.375000 0.553942
vt 0.355709 0.579263
vt 0.355709 0.553906
vt 0.385695 0.534952
vt 0.400235 0.528568
vt 0.375000 0.529166
vt 0.355709 0.529233
vt 0.375000 0.501278
vt 0.398828 0.515458
vt 0.355709 0.500339
vt 0.410468 0.500000
vt 0.437905 0.480709
vt 0.437705 0.500000
vt 0.409527 0.480709
vt 0.408405 0.436025
vt 0.371696 0.397434
vt 0.458255 0.487230
vt 0.438064 0.500000
vt 0.465651 0.478251
vt 0.437999 0.480709
vt 0.394289 0.750747
vt 0.378036 0.752813
vt 0.362925 0.756349
vt 0.343750 0.750000
vt 0.637056 0.756127
vt 0.653707 0.632720
vt 0.621889 0.751964
vt 0.625000 0.625000
vt 0.605242 0.750745
vt 0.469674 0.519425
vt 0.592985 0.750000
vt 0.440283 0.502716
vt 0.095925 0.102567
vt 0.063413 0.067903
vt 0.061473 0.061473
vt 0.388683 0.458191
vt 0.363889 0.485143
vt 0.334565 0.499401
vt 0.171638 0.494474
vt 0.290004 0.362920
vt 0.232943 0.440446
vt 0.322760 0.351290
vt 0.279869 0.341389
vt 0.131243 0.533594
vt 0.375000 0.457728
vt 0.138600 0.738129
vt 0.136872 0.736399
vt 0.375000 0.207728
vt 0.625000 0.781250
vt 0.625000 0.970718
vt 0.592985 1.000000
vt 0.406257 1.000000
vt 0.375000 0.968750
vt 0.375000 0.781250
vt 0.406257 0.750000
vt 0.156250 0.553893
vt 0.423868 0.398575
vt 0.419046 0.405249
vt 0.405312 0.401327
vt 0.384758 0.386820
vt 0.360513 0.364226
vt 0.107091 0.104509
vt 0.060746 0.059281
vt 0.095925 0.102567
vt 0.360512 0.213990
vt 0.384757 0.230282
vt 0.405311 0.248741
vt 0.419920 0.269461
vt 0.107091 0.067251
vt 0.371693 0.198717
vt 0.060746 0.059281
vt 0.082846 0.079537
vt 0.062292 0.058256
vt 0.048558 0.044196
vt 0.043736 0.038912
vt 0.047460 0.033127
vt 0.062292 0.041653
vt 0.082846 0.053338
vt 0.015004 0.011037
vt 0.125000 0.501277
vt 0.656250 0.750000
vt 0.377800 0.500000
vt 0.437384 0.500000
vt 0.011485 0.011037
vt 0.041734 0.040701
vt 0.082056 0.081538
vt 0.129939 0.129939
s 0
usemtl Connector-Material
f 813/1154/977 866/1155/977 799/1156/977
f 830/1157/978 870/1158/978 871/1159/978
f 844/1160/979 856/1161/979 817/1162/979
f 845/1163/980 865/1164/980 863/1165/980
f 851/1166/981 863/1165/981 862/1167/981
f 849/1168/982 862/1167/982 861/1169/982
f 847/1170/983 861/1171/983 858/1172/983
f 800/1173/984 812/1174/984 811/1175/984
f 801/1176/985 809/1177/985 812/1174/985
f 810/1178/986 807/1179/986 806/1180/986
f 811/1175/987 808/1181/987 807/1179/987
f 812/1174/988 805/1182/988 808/1181/988
f 806/1180/989 802/1183/989 796/1184/989
f 807/1179/990 803/1185/990 802/1183/990
f 802/1186/991 798/1187/991 797/1188/991
f 822/1189/992 820/1190/992 818/1191/992
f 823/1192/993 821/1193/993 820/1190/993
f 818/1191/994 815/1194/994 814/1195/994
f 820/1190/995 819/1196/995 815/1194/995
f 819/1196/996 813/1197/996 816/1198/996
f 799/1156/997 816/1198/997 813/1154/997
f 801/1176/998 815/1194/998 816/1198/998
f 800/1173/999 814/1195/999 815/1194/999
f 810/1178/1000 818/1191/1000 814/1195/1000
f 830/1199/1001 840/1200/1001 831/1201/1001
f 840/1202/1002 836/1203/1002 839/1204/1002
f 841/1205/1003 837/1206/1003 840/1202/1003
f 837/1206/1004 826/1207/1004 836/1203/1004
f 838/1208/1005 833/1209/1005 837/1206/1005
f 835/1210/1006 834/1211/1006 838/1208/1006
f 834/1212/1007 827/1213/1007 833/1214/1007
f 832/1215/1008 828/1216/1008 834/1212/1008
f 831/1217/1009 798/1187/1009 830/1199/1009
f 839/1204/1010 797/1218/1010 831/1219/1010
f 839/1204/1011 804/1220/1011 796/1184/1011
f 849/1221/1012 843/1222/1012 850/1223/1012
f 853/1224/1013 842/1225/1013 852/1226/1013
f 851/1166/1014 850/1227/1014 853/1228/1014
f 845/1229/1015 851/1166/1015 846/1230/1015
f 842/1225/1016 818/1191/1016 848/1231/1016
f 843/1232/1017 822/1189/1017 842/1225/1017
f 844/1160/1018 823/1233/1018 843/1234/1018
f 846/1235/1019 825/1236/1019 845/1163/1019
f 853/1237/1020 828/1238/1020 846/1235/1020
f 852/1226/1021 827/1239/1021 853/1224/1021
f 848/1231/1022 826/1207/1022 852/1226/1022
f 879/1240/1023 854/1241/1023 956/1242/1023
f 855/1243/1024 879/1240/1024 956/1242/1024
f 924/1244/1025 889/1245/1025 899/1246/1025
f 938/1247/1026 907/1248/1026 942/1249/1026
f 942/1250/1027 903/1251/1027 946/1252/1027
f 946/1252/1028 893/1253/1028 929/1254/1028
f 894/1255/977 910/1256/977 898/1257/977 888/1258/977 874/1259/977 878/1260/977 883/1261/977
f 899/1262/1029 933/1263/1029 924/1264/1029
f 867/1265/1030 799/1266/1030 866/1155/1030
f 869/1267/1031 805/1182/1031 868/1268/1031
f 859/1269/1032 821/1193/1032 860/1270/1032
f 864/1271/1033 819/1196/1033 859/1272/1033
f 857/1273/1034 817/1162/1034 856/1161/1034
f 825/1274/1035 873/1275/1035 865/1276/1035
f 860/1270/1036 824/1277/1036 857/1273/1036
f 835/1278/1037 871/1159/1037 872/1279/1037
f 870/1158/1038 803/1280/1038 869/1281/1038
f 832/1282/1039 872/1279/1039 873/1275/1039
f 868/1268/1040 809/1283/1040 867/1265/1040
f 883/1261/1041 885/1284/1041 884/1285/1041
f 885/1284/1042 886/1286/1042 884/1285/1042
f 886/1286/1043 887/1287/1043 884/1285/1043
f 879/1240/1044 875/1288/1044 854/1241/1044
f 882/1289/1045 876/1290/1045 875/1288/1045
f 881/1291/1046 877/1292/1046 876/1290/1046
f 880/1293/1047 874/1259/1047 877/1292/1047
f 884/1243/1048 882/1289/1048 879/1240/1048
f 882/1289/1049 886/1294/1049 881/1291/1049
f 881/1291/1050 885/1284/1050 880/1293/1050
f 880/1293/1051 883/1261/1051 878/1260/1051
f 933/1263/1052 911/1295/1052 938/1247/1052
f 893/1253/1053 896/1296/1053 895/1297/1053
f 897/1298/1053 894/1299/1053 895/1297/1053
f 916/1300/1054 901/1301/1054 900/1302/1054
f 917/1303/1055 902/1304/1055 901/1301/1055
f 918/1305/1056 899/1262/1056 902/1304/1056
f 898/1257/1057 912/1306/1057 916/1300/1057
f 916/1300/1058 913/1307/1058 917/1303/1058
f 917/1303/1059 914/1308/1059 918/1305/1059
f 918/1305/1060 911/1295/1060 915/1309/1060
f 910/1256/1061 904/1310/1061 912/1306/1061
f 912/1306/1062 908/1311/1062 913/1312/1062
f 913/1313/1063 909/1314/1063 914/1315/1063
f 914/1315/1064 907/1248/1064 911/1316/1064
f 904/1310/1065 905/1317/1065 908/1318/1065
f 908/1318/1066 906/1319/1066 909/1320/1066
f 909/1320/1067 903/1251/1067 907/1321/1067
f 910/1256/1068 897/1322/1068 904/1310/1068
f 904/1310/1069 895/1323/1069 905/1317/1069
f 905/1317/1070 896/1296/1070 906/1319/1070
f 906/1319/1071 893/1253/1071 903/1251/1071
f 898/1257/1072 890/1324/1072 888/1258/1072
f 900/1302/1073 891/1325/1073 890/1324/1073
f 901/1301/1074 892/1326/1074 891/1325/1074
f 902/1304/1075 889/1245/1075 892/1326/1075
f 934/1327/1076 925/1328/1076 937/1329/1076
f 937/1329/1077 926/1330/1077 936/1331/1077
f 936/1331/1078 927/1332/1078 935/1333/1078
f 935/1333/1079 924/1264/1079 933/1263/1079
f 934/1327/1080 941/1334/1080 947/1335/1080
f 937/1329/1081 940/1336/1081 941/1334/1081
f 936/1331/1082 939/1337/1082 940/1336/1082
f 935/1333/1083 938/1247/1083 939/1337/1083
f 941/1334/1084 944/1338/1084 945/1339/1084
f 940/1336/1085 943/1340/1085 944/1338/1085
f 943/1340/1086 938/1247/1086 942/1249/1086
f 944/1341/1087 948/1342/1087 949/1343/1087
f 943/1344/1088 946/1252/1088 948/1342/1088
f 947/1335/1089 930/1345/1089 928/1346/1089
f 945/1339/1090 931/1347/1090 930/1345/1090
f 949/1348/1091 932/1349/1091 931/1347/1091
f 948/1350/1092 929/1254/1092 932/1349/1092
f 934/1327/1093 923/1351/1093 925/1328/1093
f 925/1328/1094 922/1352/1094 926/1330/1094
f 926/1330/1095 921/1353/1095 927/1332/1095
f 927/1332/1096 919/1354/1096 924/1244/1096
f 956/1242/1097 954/1355/1097 959/1356/1097
f 959/1356/1098 953/1357/1098 958/1358/1098
f 958/1358/1099 952/1359/1099 957/1360/1099
f 957/1360/1100 950/1361/1100 955/1362/1100
f 961/1363/1101 957/1360/1101 955/1362/1101
f 965/1364/1102 958/1358/1102 957/1360/1102
f 964/1365/1103 959/1356/1103 958/1358/1103
f 959/1356/1104 960/1243/1104 956/1242/1104
f 813/1154/977 864/1271/977 866/1155/977
f 830/1157/1105 798/1366/1105 870/1158/1105
f 844/1160/1106 858/1172/1106 856/1161/1106
f 844/1160/1107 847/1170/1107 858/1172/1107
f 845/1163/980 825/1236/980 865/1164/980
f 851/1166/1108 845/1229/1108 863/1165/1108
f 849/1168/1109 851/1166/1109 862/1167/1109
f 847/1170/1110 849/1221/1110 861/1171/1110
f 810/1178/1111 800/1173/1111 811/1175/1111
f 800/1173/1112 801/1176/1112 812/1174/1112
f 801/1176/1113 799/1266/1113 809/1177/1113
f 804/1220/1114 810/1178/1114 806/1180/1114
f 810/1178/1115 811/1175/1115 807/1179/1115
f 811/1175/987 812/1174/987 808/1181/987
f 812/1174/1116 809/1283/1116 805/1182/1116
f 804/1220/1117 806/1180/1117 796/1184/1117
f 806/1180/1118 807/1179/1118 802/1183/1118
f 807/1179/1119 808/1181/1119 803/1185/1119
f 808/1181/1120 805/1182/1120 803/1280/1120
f 796/1184/1121 802/1367/1121 797/1368/1121
f 802/1186/1122 803/1185/1122 798/1187/1122
f 823/1233/1123 817/1162/1123 824/1277/1123
f 822/1189/1124 823/1192/1124 820/1190/1124
f 823/1192/1125 824/1277/1125 821/1193/1125
f 818/1191/1126 820/1190/1126 815/1194/1126
f 820/1190/1127 821/1193/1127 819/1196/1127
f 815/1194/1128 819/1196/1128 816/1198/1128
f 799/1156/997 801/1176/997 816/1198/997
f 801/1176/1129 800/1173/1129 815/1194/1129
f 800/1173/1130 810/1178/1130 814/1195/1130
f 810/1178/1131 804/1220/1131 818/1191/1131
f 831/1369/1132 840/1370/1132 839/1204/1132
f 830/1199/1133 841/1205/1133 840/1200/1133
f 839/1204/1134 836/1203/1134 829/1371/1134
f 840/1202/1135 837/1206/1135 836/1203/1135
f 841/1205/1136 838/1208/1136 837/1206/1136
f 841/1372/1137 835/1278/1137 838/1208/1137
f 836/1203/1138 826/1207/1138 829/1371/1138
f 837/1206/1139 833/1209/1139 826/1207/1139
f 838/1208/1005 834/1211/1005 833/1209/1005
f 835/1210/1140 832/1282/1140 834/1211/1140
f 833/1373/1141 827/1374/1141 826/1207/1141
f 834/1212/1142 828/1216/1142 827/1213/1142
f 832/1215/1143 825/1274/1143 828/1216/1143
f 831/1217/1144 797/1375/1144 798/1187/1144
f 839/1204/1145 796/1184/1145 797/1218/1145
f 839/1204/1146 829/1371/1146 804/1220/1146
f 847/1170/1147 844/1160/1147 843/1234/1147
f 850/1376/1148 843/1232/1148 842/1225/1148
f 849/1221/1149 847/1170/1149 843/1222/1149
f 848/1231/1150 852/1226/1150 842/1225/1150
f 853/1224/1151 850/1377/1151 842/1225/1151
f 851/1166/1152 849/1168/1152 850/1227/1152
f 846/1230/1153 851/1166/1153 853/1237/1153
f 842/1225/1154 822/1189/1154 818/1191/1154
f 843/1232/1155 823/1192/1155 822/1189/1155
f 844/1160/1156 817/1162/1156 823/1233/1156
f 846/1235/1019 828/1238/1019 825/1236/1019
f 853/1237/1157 827/1378/1157 828/1238/1157
f 852/1226/1158 826/1207/1158 827/1239/1158
f 848/1231/1159 829/1371/1159 826/1207/1159
f 848/1231/1160 818/1191/1160 804/1220/1160
f 804/1220/1053 829/1371/1053 848/1231/1053
f 855/1243/1161 884/1243/1161 879/1240/1161
f 950/1361/1162 952/1359/1162 953/1357/1162 954/1355/1162 951/1379/1162 854/1380/1162 875/1288/1162 876/1290/1162 877/1292/1162 874/1381/1162 888/1382/1162 890/1324/1162 891/1325/1162 892/1326/1162 889/1383/1162 919/1384/1162 921/1353/1162 922/1352/1162 923/1351/1162 920/1385/1162
f 924/1244/1025 919/1354/1025 889/1245/1025
f 938/1247/1026 911/1316/1026 907/1248/1026
f 942/1250/1027 907/1321/1027 903/1251/1027
f 946/1252/1028 903/1251/1028 893/1253/1028
f 899/1262/1029 915/1386/1029 933/1263/1029
f 870/1387/1053 869/1388/1053 868/1389/1053 867/1390/1053 866/1391/1053 864/1392/1053 962/1393/1053 961/1394/1053 928/1346/1053 930/1345/1053 931/1347/1053 932/1349/1053 929/1254/1053 893/1253/1053 895/1297/1053 865/1395/1053 873/1396/1053 872/1397/1053 871/1398/1053
f 867/1265/1030 809/1177/1030 799/1266/1030
f 869/1267/1163 803/1280/1163 805/1182/1163
f 859/1269/1164 819/1196/1164 821/1193/1164
f 864/1271/1165 813/1197/1165 819/1196/1165
f 857/1273/1166 824/1277/1166 817/1162/1166
f 863/1399/1167 865/1395/1167 895/1297/1167 894/1400/1167 883/1261/1167 884/1285/1167 855/1243/1167 962/1401/1167 864/1392/1167 859/1402/1167 860/1403/1167 857/1404/1167 856/1405/1167 858/1406/1167 861/1407/1167 862/1408/1167
f 825/1274/1035 832/1215/1035 873/1275/1035
f 860/1270/1168 821/1193/1168 824/1277/1168
f 835/1278/1169 841/1372/1169 871/1159/1169
f 870/1158/1170 798/1366/1170 803/1280/1170
f 841/1372/1171 830/1157/1171 871/1159/1171
f 832/1282/1039 835/1210/1039 872/1279/1039
f 868/1268/1040 805/1182/1040 809/1283/1040
f 879/1240/1172 882/1289/1172 875/1288/1172
f 882/1289/1173 881/1291/1173 876/1290/1173
f 881/1291/1174 880/1293/1174 877/1292/1174
f 880/1293/1175 878/1260/1175 874/1259/1175
f 884/1243/1176 887/1409/1176 882/1289/1176
f 882/1289/1177 887/1409/1177 886/1294/1177
f 881/1291/1178 886/1294/1178 885/1284/1178
f 880/1293/1179 885/1284/1179 883/1261/1179
f 933/1263/1052 915/1309/1052 911/1295/1052
f 898/1257/1180 916/1300/1180 900/1302/1180
f 916/1300/1181 917/1303/1181 901/1301/1181
f 917/1303/1182 918/1305/1182 902/1304/1182
f 918/1305/1183 915/1386/1183 899/1262/1183
f 898/1257/1184 910/1256/1184 912/1306/1184
f 916/1300/1185 912/1306/1185 913/1307/1185
f 917/1303/1186 913/1307/1186 914/1308/1186
f 918/1305/1187 914/1308/1187 911/1295/1187
f 912/1306/1188 904/1310/1188 908/1311/1188
f 913/1313/1063 908/1410/1063 909/1314/1063
f 914/1315/1064 909/1314/1064 907/1248/1064
f 908/1318/1189 905/1317/1189 906/1319/1189
f 909/1320/1190 906/1319/1190 903/1251/1190
f 910/1256/1191 894/1255/1191 897/1322/1191
f 904/1310/1192 897/1322/1192 895/1323/1192
f 905/1317/1193 895/1323/1193 896/1296/1193
f 906/1319/1194 896/1296/1194 893/1253/1194
f 898/1257/1195 900/1302/1195 890/1324/1195
f 900/1302/1196 901/1301/1196 891/1325/1196
f 901/1301/1197 902/1304/1197 892/1326/1197
f 902/1304/1198 899/1246/1198 889/1245/1198
f 956/1242/1199 854/1241/1199 951/1411/1199
f 937/1329/1200 925/1328/1200 926/1330/1200
f 936/1331/1201 926/1330/1201 927/1332/1201
f 935/1333/1202 927/1332/1202 924/1264/1202
f 934/1327/1203 937/1329/1203 941/1334/1203
f 937/1329/1204 936/1331/1204 940/1336/1204
f 936/1331/1205 935/1333/1205 939/1337/1205
f 935/1333/1206 933/1263/1206 938/1247/1206
f 947/1335/1207 941/1334/1207 945/1339/1207
f 941/1334/1208 940/1336/1208 944/1338/1208
f 940/1336/1209 939/1337/1209 943/1340/1209
f 943/1340/1086 939/1337/1086 938/1247/1086
f 945/1339/1210 944/1412/1210 949/1413/1210
f 944/1341/1211 943/1344/1211 948/1342/1211
f 943/1344/1212 942/1250/1212 946/1252/1212
f 947/1335/1213 945/1339/1213 930/1345/1213
f 945/1339/1214 949/1348/1214 931/1347/1214
f 949/1348/1215 948/1350/1215 932/1349/1215
f 948/1350/1216 946/1252/1216 929/1254/1216
f 934/1327/1217 920/1385/1217 923/1351/1217
f 925/1328/1218 923/1351/1218 922/1352/1218
f 926/1330/1219 922/1352/1219 921/1353/1219
f 927/1332/1220 921/1353/1220 919/1354/1220
f 956/1242/1221 960/1243/1221 855/1243/1221
f 962/1393/1222 855/1243/1222 960/1243/1222 963/1414/1222 964/1415/1222 965/1416/1222 961/1417/1222
f 956/1242/1223 951/1411/1223 954/1355/1223
f 959/1356/1224 954/1355/1224 953/1357/1224
f 958/1358/1225 953/1357/1225 952/1359/1225
f 957/1360/1226 952/1359/1226 950/1361/1226
f 961/1363/1227 965/1364/1227 957/1360/1227
f 965/1364/1228 964/1365/1228 958/1358/1228
f 964/1365/1229 963/1414/1229 959/1356/1229
f 959/1356/1230 963/1414/1230 960/1243/1230
f 920/1385/980 934/1327/980 947/1335/980 928/1346/980 961/1363/980 955/1362/980 950/1361/980
g Sensor_Plane.006
v -0.018192 0.010596 -0.009385
v -0.020592 0.010257 -0.007833
v -0.019110 0.010569 -0.009268
v -0.019889 0.010492 -0.008934
v -0.020409 0.010377 -0.008435
v -0.020592 0.013553 -0.007817
v -0.020409 0.013416 -0.008403
v -0.019889 0.013300 -0.008900
v -0.019110 0.013223 -0.009232
v -0.020592 0.013792 0.007922
v -0.019110 0.013427 0.009329
v -0.019889 0.013513 0.008999
v -0.020409 0.013641 0.008505
v -0.018192 0.011010 -0.009219
v -0.019110 0.010975 -0.009105
v -0.019889 0.010876 -0.008781
v -0.020409 0.010728 -0.008295
v -0.020592 0.011532 -0.007530
v -0.020409 0.011299 -0.008172
v -0.019889 0.011373 -0.008674
v -0.019110 0.011422 -0.009009
v -0.018192 0.011898 -0.009091
v -0.020409 0.011885 -0.008126
v -0.019889 0.011892 -0.008633
v -0.019110 0.011897 -0.008972
v -0.020592 0.012939 -0.007616
v -0.018192 0.012357 -0.009114
v -0.020409 0.012471 -0.008156
v -0.019889 0.012411 -0.008659
v -0.019110 0.012371 -0.008996
v -0.018192 0.012784 -0.009195
v -0.020409 0.013044 -0.008264
v -0.019889 0.012907 -0.008753
v -0.019110 0.012816 -0.009080
v -0.018192 0.010843 0.009387
v -0.020409 0.010652 0.008431
v -0.019889 0.010752 0.008933
v -0.019110 0.010819 0.009269
v -0.018192 0.012982 0.009279
v -0.020592 0.013171 0.007703
v -0.019110 0.013017 0.009165
v -0.019889 0.013116 0.008840
v -0.020409 0.013264 0.008354
v -0.020409 0.012693 0.008231
v -0.019889 0.012620 0.008733
v -0.019110 0.012571 0.009068
v -0.020592 0.011768 0.007580
v -0.018192 0.012094 0.009150
v -0.020409 0.012107 0.008185
v -0.019889 0.012100 0.008692
v -0.019110 0.012096 0.009031
v -0.020409 0.011521 0.008215
v -0.019889 0.011581 0.008719
v -0.019110 0.011621 0.009055
v -0.020592 0.010546 0.007829
v -0.018192 0.011208 0.009254
v -0.020409 0.010953 0.008322
v -0.019889 0.011087 0.008812
v -0.019110 0.011177 0.009139
v -0.020592 0.023964 0.003046
v -0.019889 0.025009 -0.002444
v -0.019110 0.025347 -0.002458
v -0.020409 0.024503 -0.002423
v -0.020592 0.019366 -0.008344
v -0.018192 0.019467 -0.009907
v -0.019889 0.019405 -0.009454
v -0.019110 0.019451 -0.009789
v -0.020592 0.018866 -0.008384
v -0.018192 0.018125 -0.009847
v -0.020409 0.018259 -0.008892
v -0.019889 0.018188 -0.009394
v -0.019110 0.018141 -0.009729
v -0.018192 0.019039 -0.009945
v -0.020409 0.019018 -0.008980
v -0.019889 0.019029 -0.009487
v -0.019110 0.019036 -0.009826
v -0.018192 0.018548 -0.009923
v -0.020409 0.018655 -0.008964
v -0.019889 0.018599 -0.009468
v -0.019110 0.018561 -0.009804
v -0.018192 0.025466 -0.002463
v -0.020410 0.024212 -0.004070
v -0.019889 0.024747 -0.004049
v -0.019110 0.025072 -0.004144
v -0.020592 0.023903 -0.002583
v -0.020409 0.024467 -0.002905
v -0.019889 0.024970 -0.002965
v -0.019110 0.025307 -0.003004
v -0.020409 0.024379 -0.003448
v -0.019889 0.024875 -0.003552
v -0.019110 0.025206 -0.003621
v -0.020592 0.023738 -0.003594
v -0.019889 0.024590 -0.004529
v -0.019110 0.024909 -0.004641
v -0.020410 0.023372 -0.005946
v -0.019889 0.023929 -0.005992
v -0.019110 0.024224 -0.006158
v -0.018192 0.024829 -0.005188
v -0.020409 0.023939 -0.004820
v -0.019889 0.024407 -0.005014
v -0.019110 0.024719 -0.005143
v -0.020409 0.023711 -0.005326
v -0.019889 0.024165 -0.005549
v -0.019110 0.024469 -0.005698
v -0.020592 0.023155 -0.005137
v -0.019889 0.023682 -0.006407
v -0.019110 0.023969 -0.006587
v -0.020410 0.022249 -0.007403
v -0.019889 0.022766 -0.007596
v -0.019110 0.023012 -0.007829
v -0.018192 0.023784 -0.007080
v -0.020409 0.023001 -0.006519
v -0.019889 0.023412 -0.006813
v -0.019110 0.023687 -0.007010
v -0.018192 0.023429 -0.007541
v -0.020409 0.022687 -0.006925
v -0.019889 0.023077 -0.007249
v -0.019110 0.023337 -0.007465
v -0.020592 0.022194 -0.006607
v -0.018192 0.022764 -0.008245
v -0.019889 0.022450 -0.007913
v -0.019110 0.022682 -0.008159
v -0.020410 0.020923 -0.008411
v -0.019889 0.021349 -0.008750
v -0.019110 0.021521 -0.009041
v -0.018192 0.022405 -0.008566
v -0.020409 0.021792 -0.007823
v -0.019889 0.022114 -0.008214
v -0.019110 0.022329 -0.008475
v -0.020592 0.021247 -0.007499
v -0.020409 0.021422 -0.008104
v -0.019889 0.021711 -0.008519
v -0.019110 0.021904 -0.008797
v -0.018192 0.021194 -0.009356
v -0.019889 0.020987 -0.008949
v -0.019110 0.021140 -0.009250
v -0.018192 0.019881 -0.009830
v -0.020410 0.019466 -0.008932
v -0.019889 0.019782 -0.009384
v -0.019110 0.019856 -0.009714
v -0.018192 0.020786 -0.009547
v -0.020409 0.020417 -0.008657
v -0.019889 0.020611 -0.009125
v -0.019110 0.020741 -0.009437
v -0.020592 0.020233 -0.008103
v -0.018192 0.020305 -0.009721
v -0.020409 0.020021 -0.008800
v -0.019889 0.020170 -0.009284
v -0.019110 0.020270 -0.009607
v -0.018192 0.018338 0.010080
v -0.020409 0.018498 0.009130
v -0.019889 0.018414 0.009629
v -0.019110 0.018358 0.009963
v -0.018192 0.019683 0.010178
v -0.020410 0.019707 0.009204
v -0.019889 0.019633 0.009723
v -0.019110 0.019670 0.010060
v -0.018192 0.018763 0.010168
v -0.020409 0.018896 0.009212
v -0.019889 0.018826 0.009714
v -0.019110 0.018779 0.010050
v -0.020592 0.019125 0.008638
v -0.018192 0.019255 0.010204
v -0.020409 0.019261 0.009239
v -0.019889 0.019258 0.009746
v -0.019110 0.019256 0.010085
v -0.020592 0.019623 0.008613
v -0.018192 0.020095 0.010113
v -0.019889 0.020008 0.009664
v -0.019110 0.020072 0.009996
v -0.018192 0.021398 0.009675
v -0.020410 0.021139 0.008727
v -0.019889 0.021198 0.009264
v -0.019110 0.021346 0.009568
v -0.018192 0.020517 0.010015
v -0.020409 0.020255 0.009088
v -0.019889 0.020393 0.009575
v -0.019110 0.020485 0.009901
v -0.018192 0.020994 0.009855
v -0.020409 0.020644 0.008957
v -0.019889 0.020828 0.009429
v -0.019110 0.020951 0.009744
v -0.020592 0.020471 0.008399
v -0.018192 0.021781 0.009473
v -0.019889 0.021555 0.009076
v -0.019110 0.021722 0.009370
v -0.020410 0.022429 0.007768
v -0.019889 0.022632 0.008274
v -0.019110 0.022863 0.008521
v -0.018192 0.022167 0.009236
v -0.020409 0.021626 0.008437
v -0.019889 0.021910 0.008857
v -0.019110 0.022100 0.009137
v -0.018192 0.022593 0.008919
v -0.020409 0.021985 0.008170
v -0.019889 0.022304 0.008564
v -0.019110 0.022518 0.008827
v -0.020592 0.021652 0.007692
v -0.018192 0.023272 0.008282
v -0.019889 0.022940 0.007968
v -0.019110 0.023186 0.008200
v -0.018192 0.024216 0.007049
v -0.020410 0.023510 0.006356
v -0.019889 0.023827 0.006809
v -0.019110 0.024115 0.006987
v -0.020409 0.022852 0.007307
v -0.019889 0.023242 0.007630
v -0.019110 0.023503 0.007846
v -0.020592 0.022533 0.006757
v -0.018192 0.023940 0.007470
v -0.020409 0.023154 0.006913
v -0.019889 0.023567 0.007206
v -0.019110 0.023843 0.007402
v -0.018192 0.024465 0.006622
v -0.019889 0.024065 0.006402
v -0.019110 0.024361 0.006565
v -0.018192 0.025126 0.005105
v -0.020410 0.024305 0.004514
v -0.019889 0.024693 0.004960
v -0.019110 0.025013 0.005068
v -0.018192 0.024703 0.006163
v -0.020409 0.023833 0.005749
v -0.019889 0.024290 0.005966
v -0.019110 0.024596 0.006112
v -0.020592 0.023276 0.005565
v -0.018192 0.024945 0.005608
v -0.020409 0.024050 0.005252
v -0.019889 0.024520 0.005439
v -0.019110 0.024835 0.005564
v -0.019889 0.024839 0.004486
v -0.019110 0.025166 0.004575
v -0.020409 0.024560 0.002880
v -0.019889 0.025066 0.002890
v -0.019110 0.025404 0.002897
v -0.020592 0.023821 0.004054
v -0.020409 0.024458 0.003899
v -0.019889 0.024956 0.003993
v -0.019110 0.025288 0.004056
v -0.018192 0.025494 0.003454
v -0.020409 0.024535 0.003360
v -0.019889 0.025039 0.003409
v -0.019110 0.025376 0.003442
v -0.020592 -0.004751 -0.003055
v -0.020592 0.000659 -0.008539
v -0.020409 0.000742 -0.009131
v -0.019889 0.000811 -0.009634
v -0.019110 0.000858 -0.009969
v -0.020410 -0.000494 -0.009211
v -0.019889 -0.000420 -0.009731
v -0.019110 -0.000457 -0.010067
v -0.020409 0.000317 -0.009219
v -0.019889 0.000387 -0.009722
v -0.019110 0.000433 -0.010057
v -0.020592 -0.000076 -0.008664
v -0.020409 -0.000048 -0.009246
v -0.019889 -0.000045 -0.009753
v -0.019110 -0.000043 -0.010092
v -0.018192 -0.006067 -0.004613
v -0.019889 -0.005626 -0.004493
v -0.019110 -0.005953 -0.004582
v -0.018191 -0.006310 -0.002909
v -0.020409 -0.005347 -0.002887
v -0.019889 -0.005853 -0.002897
v -0.019110 -0.006192 -0.002904
v -0.020592 -0.004608 -0.004061
v -0.018192 -0.006192 -0.004086
v -0.020409 -0.005245 -0.003906
v -0.019889 -0.005743 -0.004000
v -0.019110 -0.006076 -0.004063
v -0.018192 -0.006281 -0.003461
v -0.020409 -0.005322 -0.003368
v -0.019889 -0.005826 -0.003417
v -0.019110 -0.006163 -0.003449
v -0.018192 -0.005252 -0.006629
v -0.019889 -0.004852 -0.006409
v -0.019110 -0.005148 -0.006572
v -0.018192 -0.005913 -0.005113
v -0.020410 -0.005092 -0.004521
v -0.019889 -0.005480 -0.004968
v -0.019110 -0.005801 -0.005075
v -0.018192 -0.005490 -0.006170
v -0.020409 -0.004620 -0.005756
v -0.019889 -0.005078 -0.005974
v -0.019110 -0.005383 -0.006119
v -0.020592 -0.004063 -0.005572
v -0.018192 -0.005732 -0.005615
v -0.020409 -0.004837 -0.005259
v -0.019889 -0.005307 -0.005446
v -0.019110 -0.005622 -0.005571
v -0.020592 -0.002439 -0.007699
v -0.018192 -0.004059 -0.008289
v -0.019889 -0.003727 -0.007975
v -0.019110 -0.003973 -0.008208
v -0.018192 -0.005003 -0.007056
v -0.020410 -0.004297 -0.006363
v -0.019889 -0.004615 -0.006816
v -0.019110 -0.004902 -0.006994
v -0.018192 -0.004382 -0.007929
v -0.020409 -0.003640 -0.007314
v -0.019889 -0.004030 -0.007637
v -0.019110 -0.004290 -0.007853
v -0.020592 -0.003320 -0.006765
v -0.020409 -0.003941 -0.006920
v -0.019889 -0.004354 -0.007213
v -0.019110 -0.004630 -0.007409
v -0.020592 -0.001259 -0.008406
v -0.019889 -0.002342 -0.009083
v -0.019110 -0.002510 -0.009377
v -0.020410 -0.003216 -0.007775
v -0.019889 -0.003419 -0.008282
v -0.019110 -0.003651 -0.008528
v -0.020409 -0.002413 -0.008445
v -0.019889 -0.002697 -0.008864
v -0.019110 -0.002887 -0.009144
v -0.020409 -0.002772 -0.008178
v -0.019889 -0.003092 -0.008571
v -0.019110 -0.003305 -0.008834
v -0.018192 -0.000882 -0.010120
v -0.019889 -0.000795 -0.009671
v -0.019110 -0.000860 -0.010004
v -0.020410 -0.001927 -0.008735
v -0.019889 -0.001986 -0.009271
v -0.019110 -0.002134 -0.009575
v -0.018192 -0.001304 -0.010023
v -0.020409 -0.001042 -0.009095
v -0.019889 -0.001180 -0.009582
v -0.019110 -0.001272 -0.009908
v -0.020409 -0.001431 -0.008964
v -0.019889 -0.001615 -0.009436
v -0.019110 -0.001738 -0.009752
v -0.018192 -0.006253 0.002457
v -0.020409 -0.005290 0.002416
v -0.019889 -0.005796 0.002437
v -0.019110 -0.006134 0.002451
v -0.020592 0.000911 0.008284
v -0.018192 0.001088 0.009837
v -0.020409 0.000979 0.008878
v -0.019889 0.001036 0.009382
v -0.019110 0.001074 0.009719
v -0.019889 -0.000193 0.009446
v -0.019110 -0.000238 0.009782
v -0.020592 0.000183 0.008390
v -0.018192 0.000665 0.009914
v -0.020409 0.000556 0.008955
v -0.019889 0.000613 0.009459
v -0.019110 0.000652 0.009796
v -0.018192 0.000174 0.009937
v -0.020409 0.000193 0.008972
v -0.019889 0.000183 0.009479
v -0.019110 0.000176 0.009818
v -0.018192 -0.005973 0.004170
v -0.020410 -0.004999 0.004062
v -0.019889 -0.005534 0.004042
v -0.019110 -0.005859 0.004137
v -0.020592 -0.004690 0.002572
v -0.018192 -0.006212 0.003011
v -0.020409 -0.005255 0.002898
v -0.019889 -0.005758 0.002957
v -0.019110 -0.006094 0.002997
v -0.018192 -0.006110 0.003638
v -0.020409 -0.005166 0.003441
v -0.019889 -0.005662 0.003545
v -0.019110 -0.005993 0.003614
v -0.020592 -0.004525 0.003587
v -0.019889 -0.005377 0.004521
v -0.019110 -0.005696 0.004634
v -0.020410 -0.004159 0.005939
v -0.019889 -0.004717 0.005985
v -0.019110 -0.005011 0.006151
v -0.018192 -0.005616 0.005181
v -0.020409 -0.004726 0.004812
v -0.019889 -0.005194 0.005006
v -0.019110 -0.005507 0.005136
v -0.020409 -0.004498 0.005319
v -0.019889 -0.004952 0.005542
v -0.019110 -0.005256 0.005691
v -0.020592 -0.003942 0.005129
v -0.018192 -0.004856 0.006643
v -0.019889 -0.004469 0.006400
v -0.019110 -0.004756 0.006580
v -0.020410 -0.003036 0.007396
v -0.019889 -0.003553 0.007589
v -0.019110 -0.003799 0.007821
v -0.018192 -0.004571 0.007072
v -0.020409 -0.003788 0.006511
v -0.019889 -0.004200 0.006806
v -0.019110 -0.004475 0.007003
v -0.020409 -0.003475 0.006918
v -0.019889 -0.003864 0.007241
v -0.019110 -0.004125 0.007457
v -0.020592 -0.002982 0.006600
v -0.018192 -0.003551 0.008238
v -0.019889 -0.003237 0.007906
v -0.019110 -0.003469 0.008152
v -0.018192 -0.002369 0.009136
v -0.020410 -0.001710 0.008403
v -0.019889 -0.002136 0.008742
v -0.019110 -0.002308 0.009033
v -0.020409 -0.002579 0.007816
v -0.019889 -0.002901 0.008206
v -0.019110 -0.003117 0.008467
v -0.020592 -0.002035 0.007491
v -0.018192 -0.002760 0.008888
v -0.020409 -0.002209 0.008096
v -0.019889 -0.002498 0.008512
v -0.019110 -0.002692 0.008790
v -0.018192 -0.001981 0.009349
v -0.019889 -0.001774 0.008941
v -0.019110 -0.001928 0.009243
v -0.018192 -0.000668 0.009823
v -0.020410 -0.000253 0.008925
v -0.019889 -0.000570 0.009377
v -0.019110 -0.000643 0.009707
v -0.020409 -0.001204 0.008649
v -0.019889 -0.001398 0.009117
v -0.019110 -0.001528 0.009430
v -0.020592 -0.001020 0.008095
v -0.018192 -0.001093 0.009714
v -0.020409 -0.000808 0.008793
v -0.019889 -0.000958 0.009277
v -0.019110 -0.001058 0.009600
v -0.016090 0.010286 -0.008039
v -0.016363 0.010366 -0.008387
v -0.016740 0.010436 -0.008694
v -0.017170 0.010500 -0.008969
v -0.017648 0.010555 -0.009210
v -0.018192 0.013195 -0.009349
v -0.016092 0.013509 -0.008009
v -0.017648 0.013236 -0.009175
v -0.017170 0.013292 -0.008935
v -0.016740 0.013356 -0.008660
v -0.016364 0.013428 -0.008355
v -0.016092 0.013743 0.008113
v -0.018192 0.013397 0.009444
v -0.016364 0.013653 0.008457
v -0.016740 0.013574 0.008760
v -0.017170 0.013504 0.009033
v -0.017648 0.013442 0.009272
v -0.016092 0.010610 -0.007909
v -0.016364 0.010714 -0.008248
v -0.016740 0.010805 -0.008546
v -0.017170 0.010887 -0.008815
v -0.017648 0.010958 -0.009049
v -0.018192 0.011439 -0.009127
v -0.016092 0.011241 -0.007773
v -0.017648 0.011413 -0.008951
v -0.017170 0.011378 -0.008709
v -0.016740 0.011337 -0.008432
v -0.016364 0.011292 -0.008123
v -0.016092 0.011879 -0.007723
v -0.017648 0.011896 -0.008913
v -0.017170 0.011893 -0.008668
v -0.016740 0.011889 -0.008388
v -0.016364 0.011884 -0.008077
v -0.016092 0.012519 -0.007755
v -0.017648 0.012378 -0.008938
v -0.017170 0.012407 -0.008694
v -0.016740 0.012440 -0.008416
v -0.016364 0.012477 -0.008107
v -0.016092 0.013153 -0.007875
v -0.017648 0.012832 -0.009023
v -0.017170 0.012898 -0.008787
v -0.016740 0.012973 -0.008517
v -0.016364 0.013057 -0.008217
v -0.016092 0.010572 0.008033
v -0.017648 0.010807 0.009211
v -0.017170 0.010759 0.008968
v -0.016740 0.010704 0.008691
v -0.016364 0.010642 0.008383
v -0.016092 0.013382 0.007969
v -0.016364 0.013279 0.008308
v -0.016740 0.013188 0.008606
v -0.017170 0.013106 0.008874
v -0.017648 0.013034 0.009109
v -0.018192 0.012553 0.009186
v -0.016092 0.012751 0.007833
v -0.017648 0.012579 0.009010
v -0.017170 0.012615 0.008768
v -0.016740 0.012655 0.008491
v -0.016364 0.012700 0.008183
v -0.016092 0.012113 0.007783
v -0.017648 0.012096 0.008973
v -0.017170 0.012100 0.008728
v -0.016740 0.012104 0.008448
v -0.016364 0.012108 0.008137
v -0.018192 0.011635 0.009173
v -0.016092 0.011474 0.007815
v -0.017648 0.011614 0.008997
v -0.017170 0.011585 0.008754
v -0.016740 0.011552 0.008476
v -0.016364 0.011515 0.008166
v -0.016092 0.010847 0.007933
v -0.017648 0.011161 0.009082
v -0.017170 0.011097 0.008846
v -0.016740 0.011023 0.008576
v -0.016364 0.010941 0.008275
v -0.017648 0.025296 -0.001766
v -0.016740 0.024765 -0.002431
v -0.016364 0.024454 -0.002421
v -0.017648 0.019443 -0.009731
v -0.017170 0.019410 -0.009489
v -0.016740 0.019372 -0.009212
v -0.016092 0.018314 -0.008494
v -0.017648 0.018149 -0.009671
v -0.017170 0.018183 -0.009429
v -0.016740 0.018222 -0.009152
v -0.016364 0.018265 -0.008844
v -0.016092 0.018854 -0.008582
v -0.017648 0.019035 -0.009767
v -0.017170 0.019030 -0.009522
v -0.016740 0.019024 -0.009242
v -0.016364 0.019017 -0.008931
v -0.017648 0.018567 -0.009746
v -0.017170 0.018595 -0.009503
v -0.016740 0.018626 -0.009224
v -0.016364 0.018660 -0.008915
v -0.017170 0.025044 -0.002446
v -0.016092 0.023875 -0.003795
v -0.017648 0.025016 -0.004127
v -0.016363 0.024174 -0.004033
v -0.016376 0.024426 -0.002931
v -0.018192 0.024983 -0.004968
v -0.016092 0.023985 -0.003366
v -0.018192 0.025099 -0.004451
v -0.017652 0.024872 -0.004678
v -0.017172 0.024703 -0.004361
v -0.017285 0.024828 -0.004028
v -0.017652 0.025324 -0.002520
v -0.017172 0.025042 -0.002742
v -0.018192 0.025441 -0.002819
v -0.017715 0.025241 -0.002955
v -0.017283 0.025025 -0.003097
v -0.017670 0.025047 -0.003787
v -0.017368 0.024980 -0.003520
v -0.016368 0.024262 -0.003698
v -0.016742 0.024498 -0.004032
v -0.016640 0.024526 -0.003479
v -0.016927 0.024680 -0.003773
v -0.016742 0.024723 -0.002961
v -0.016929 0.024784 -0.003270
v -0.017123 0.024849 -0.003547
v -0.018192 0.025021 -0.004681
v -0.016092 0.023631 -0.004511
v -0.017170 0.024623 -0.004541
v -0.016740 0.024360 -0.004448
v -0.018192 0.024328 -0.006217
v -0.016092 0.023030 -0.005737
v -0.017648 0.024173 -0.006130
v -0.017170 0.023960 -0.006010
v -0.016729 0.023593 -0.006075
v -0.016360 0.023330 -0.005917
v -0.017648 0.024665 -0.005121
v -0.017170 0.024440 -0.005027
v -0.016740 0.024181 -0.004920
v -0.016364 0.023894 -0.004801
v -0.018192 0.024575 -0.005751
v -0.016092 0.023350 -0.005149
v -0.017648 0.024416 -0.005672
v -0.017170 0.024197 -0.005565
v -0.016740 0.023946 -0.005441
v -0.016364 0.023667 -0.005304
v -0.018192 0.024069 -0.006651
v -0.017648 0.023919 -0.006556
v -0.017170 0.023712 -0.006426
v -0.018192 0.023098 -0.007910
v -0.016092 0.021963 -0.007122
v -0.017648 0.022969 -0.007789
v -0.017170 0.022792 -0.007621
v -0.016740 0.022588 -0.007429
v -0.016360 0.022211 -0.007369
v -0.016092 0.022530 -0.006488
v -0.017648 0.023640 -0.006976
v -0.017170 0.023441 -0.006834
v -0.016740 0.023214 -0.006671
v -0.016364 0.022961 -0.006490
v -0.017648 0.023292 -0.007427
v -0.017170 0.023104 -0.007271
v -0.016740 0.022889 -0.007092
v -0.016364 0.022650 -0.006894
v -0.017648 0.022642 -0.008117
v -0.017170 0.022474 -0.007939
v -0.016740 0.022282 -0.007736
v -0.018192 0.021582 -0.009143
v -0.016092 0.020730 -0.008059
v -0.017648 0.021491 -0.008990
v -0.017170 0.021367 -0.008780
v -0.016740 0.021225 -0.008539
v -0.016360 0.020899 -0.008365
v -0.016092 0.021367 -0.007653
v -0.017648 0.022292 -0.008430
v -0.017170 0.022137 -0.008241
v -0.016740 0.021959 -0.008025
v -0.016364 0.021761 -0.007785
v -0.018192 0.021972 -0.008895
v -0.017648 0.021871 -0.008749
v -0.017170 0.021731 -0.008548
v -0.016740 0.021572 -0.008319
v -0.016364 0.021394 -0.008064
v -0.017648 0.021114 -0.009198
v -0.017170 0.021003 -0.008980
v -0.016740 0.020876 -0.008731
v -0.016092 0.019399 -0.008537
v -0.017648 0.019843 -0.009657
v -0.017170 0.019790 -0.009419
v -0.016740 0.019730 -0.009145
v -0.016359 0.019459 -0.008881
v -0.016092 0.020082 -0.008361
v -0.017648 0.020718 -0.009383
v -0.017170 0.020625 -0.009157
v -0.016740 0.020518 -0.008899
v -0.016364 0.020399 -0.008612
v -0.017648 0.020253 -0.009551
v -0.017170 0.020181 -0.009318
v -0.016740 0.020098 -0.009050
v -0.016364 0.020006 -0.008753
v -0.016092 0.018881 0.008795
v -0.017648 0.018368 0.009905
v -0.017170 0.018408 0.009664
v -0.016740 0.018454 0.009388
v -0.016364 0.018506 0.009081
v -0.016092 0.019650 0.008806
v -0.017648 0.019663 0.010002
v -0.017170 0.019637 0.009758
v -0.016740 0.019607 0.009480
v -0.016359 0.019701 0.009152
v -0.017648 0.018788 0.009992
v -0.017170 0.018821 0.009750
v -0.016740 0.018860 0.009472
v -0.016364 0.018903 0.009164
v -0.016092 0.019263 0.008836
v -0.017648 0.019256 0.010026
v -0.017170 0.019258 0.009781
v -0.016740 0.019259 0.009501
v -0.016364 0.019261 0.009190
v -0.016092 0.024097 -0.002657
v -0.017648 0.020061 0.009939
v -0.017170 0.020015 0.009699
v -0.016740 0.019961 0.009424
v -0.016092 0.020952 0.008372
v -0.017648 0.021321 0.009515
v -0.017170 0.021214 0.009296
v -0.016740 0.021092 0.009044
v -0.016360 0.021115 0.008681
v -0.016092 0.020322 0.008651
v -0.017648 0.020469 0.009844
v -0.017170 0.020402 0.009609
v -0.016740 0.020326 0.009340
v -0.016364 0.020241 0.009041
v -0.017648 0.020930 0.009690
v -0.017170 0.020841 0.009462
v -0.016740 0.020739 0.009201
v -0.016364 0.020626 0.008911
v -0.017648 0.021693 0.009319
v -0.017170 0.021572 0.009106
v -0.016740 0.021433 0.008864
v -0.018192 0.022945 0.008608
v -0.016092 0.022149 0.007481
v -0.017648 0.022823 0.008478
v -0.017170 0.022656 0.008300
v -0.016740 0.022465 0.008096
v -0.016360 0.022395 0.007729
v -0.016092 0.021568 0.007992
v -0.017648 0.022067 0.009089
v -0.017170 0.021930 0.008886
v -0.016740 0.021773 0.008655
v -0.016364 0.021599 0.008397
v -0.017648 0.022481 0.008781
v -0.017170 0.022327 0.008591
v -0.016740 0.022150 0.008374
v -0.016364 0.021955 0.008133
v -0.017648 0.023143 0.008160
v -0.017170 0.022966 0.007992
v -0.016740 0.022763 0.007799
v -0.016092 0.023163 0.006153
v -0.017648 0.024065 0.006956
v -0.017170 0.023857 0.006827
v -0.016729 0.023730 0.006484
v -0.016360 0.023466 0.006330
v -0.018192 0.023595 0.007922
v -0.016092 0.022689 0.006875
v -0.017648 0.023458 0.007808
v -0.017170 0.023270 0.007652
v -0.016740 0.023054 0.007474
v -0.016364 0.022815 0.007276
v -0.017648 0.023795 0.007368
v -0.017170 0.023596 0.007226
v -0.016740 0.023368 0.007065
v -0.016364 0.023114 0.006885
v -0.017648 0.024310 0.006537
v -0.017170 0.024096 0.006419
v -0.016092 0.023920 0.004401
v -0.017648 0.024958 0.005049
v -0.017170 0.024726 0.004971
v -0.016740 0.024461 0.004883
v -0.016360 0.024254 0.004503
v -0.016092 0.023579 0.005349
v -0.017648 0.024543 0.006087
v -0.017170 0.024322 0.005982
v -0.016740 0.024070 0.005861
v -0.016364 0.023789 0.005728
v -0.017648 0.024780 0.005542
v -0.017170 0.024553 0.005452
v -0.016740 0.024293 0.005349
v -0.016364 0.024004 0.005234
v -0.018192 0.025280 0.004606
v -0.017648 0.025109 0.004559
v -0.017170 0.024873 0.004495
v -0.016740 0.024603 0.004422
v -0.018192 0.025523 0.002899
v -0.017648 0.025346 0.002895
v -0.017170 0.025101 0.002890
v -0.016740 0.024822 0.002884
v -0.016364 0.024511 0.002877
v -0.018192 0.025405 0.004078
v -0.016092 0.024063 0.003824
v -0.017648 0.025231 0.004045
v -0.017170 0.024990 0.004000
v -0.016740 0.024716 0.003948
v -0.016364 0.024410 0.003890
v -0.016092 0.024158 0.003062
v -0.017648 0.025317 0.003436
v -0.017170 0.025074 0.003413
v -0.016740 0.024796 0.003386
v -0.016364 0.024486 0.003356
v -0.018192 0.000875 -0.010087
v -0.015664 0.001471 -0.008732
v -0.017224 0.001344 -0.009911
v -0.016748 0.001400 -0.009669
v -0.016319 0.001441 -0.009391
v -0.015941 0.001468 -0.009083
v -0.018192 -0.000470 -0.010185
v -0.015461 0.000389 -0.008818
v -0.016984 0.000066 -0.010009
v -0.016519 0.000181 -0.009766
v -0.016102 0.000290 -0.009488
v -0.015716 0.000276 -0.009165
v -0.018192 0.000450 -0.010175
v -0.015562 0.000928 -0.008839
v -0.017146 0.000927 -0.009999
v -0.016670 0.000982 -0.009757
v -0.016240 0.001023 -0.009479
v -0.015863 0.001051 -0.009171
v -0.018192 -0.000042 -0.010211
v -0.017059 0.000466 -0.010034
v -0.016589 0.000553 -0.009789
v -0.016166 0.000631 -0.009509
v -0.015797 0.000699 -0.009197
v -0.014649 -0.003931 -0.004034
v -0.015978 -0.005286 -0.004567
v -0.015552 -0.004966 -0.004502
v -0.015179 -0.004621 -0.004429
v -0.014865 -0.004257 -0.004347
v -0.015933 -0.005518 -0.002907
v -0.015509 -0.005190 -0.002899
v -0.015138 -0.004836 -0.002893
v -0.014826 -0.004461 -0.002887
v -0.015955 -0.005405 -0.004053
v -0.015530 -0.005081 -0.004007
v -0.015158 -0.004731 -0.003955
v -0.014845 -0.004361 -0.003897
v -0.014624 -0.004064 -0.003102
v -0.015939 -0.005491 -0.003444
v -0.015514 -0.005163 -0.003420
v -0.015143 -0.004810 -0.003393
v -0.014831 -0.004436 -0.003363
v -0.016125 -0.004500 -0.006544
v -0.015695 -0.004202 -0.006426
v -0.016006 -0.005137 -0.005056
v -0.015579 -0.004821 -0.004979
v -0.015205 -0.004481 -0.004890
v -0.014751 -0.003387 -0.005583
v -0.016082 -0.004729 -0.006094
v -0.015653 -0.004424 -0.005989
v -0.015277 -0.004097 -0.005869
v -0.014960 -0.003751 -0.005735
v -0.014703 -0.003639 -0.004986
v -0.016038 -0.004963 -0.005550
v -0.015611 -0.004651 -0.005459
v -0.015236 -0.004316 -0.005356
v -0.014908 -0.004022 -0.005087
v -0.016341 -0.003354 -0.008167
v -0.015904 -0.003091 -0.007999
v -0.015519 -0.002812 -0.007807
v -0.014811 -0.003068 -0.006194
v -0.016170 -0.004260 -0.006963
v -0.015739 -0.003967 -0.006835
v -0.015338 -0.003766 -0.006502
v -0.015020 -0.003430 -0.006350
v -0.014901 -0.002591 -0.006918
v -0.016283 -0.003663 -0.007816
v -0.015848 -0.003390 -0.007660
v -0.015465 -0.003099 -0.007481
v -0.015140 -0.002794 -0.007283
v -0.018192 -0.004727 -0.007478
v -0.016220 -0.003995 -0.007375
v -0.015788 -0.003710 -0.007234
v -0.015407 -0.003407 -0.007072
v -0.015085 -0.003088 -0.006892
v -0.018192 -0.002568 -0.009480
v -0.016609 -0.001929 -0.009326
v -0.016162 -0.001721 -0.009114
v -0.015765 -0.001506 -0.008871
v -0.018192 -0.003732 -0.008615
v -0.015000 -0.002063 -0.007515
v -0.016400 -0.003039 -0.008486
v -0.015961 -0.002787 -0.008308
v -0.015574 -0.002519 -0.008104
v -0.015218 -0.002373 -0.007750
v -0.018192 -0.002954 -0.009243
v -0.015108 -0.001487 -0.008021
v -0.016540 -0.002296 -0.009096
v -0.016095 -0.002073 -0.008893
v -0.015702 -0.001840 -0.008662
v -0.015365 -0.001599 -0.008404
v -0.018192 -0.003380 -0.008926
v -0.016463 -0.002703 -0.008789
v -0.016022 -0.002463 -0.008599
v -0.015632 -0.002210 -0.008381
v -0.015299 -0.001948 -0.008140
v -0.016910 -0.000325 -0.009946
v -0.016449 -0.000191 -0.009706
v -0.016037 -0.000059 -0.009432
v -0.018192 -0.002185 -0.009682
v -0.015221 -0.000884 -0.008396
v -0.016678 -0.001563 -0.009523
v -0.016228 -0.001369 -0.009303
v -0.015828 -0.001170 -0.009051
v -0.015455 -0.001114 -0.008699
v -0.015339 -0.000261 -0.008668
v -0.016835 -0.000725 -0.009852
v -0.016378 -0.000572 -0.009616
v -0.015969 -0.000417 -0.009347
v -0.015615 -0.000265 -0.009048
v -0.018192 -0.001781 -0.009862
v -0.016750 -0.001178 -0.009697
v -0.016297 -0.001003 -0.009469
v -0.015893 -0.000823 -0.009208
v -0.015544 -0.000643 -0.008919
v -0.014630 -0.004031 0.000141
v -0.015945 -0.005463 0.002441
v -0.015520 -0.005134 0.002438
v -0.015149 -0.004780 0.002427
v -0.014837 -0.004405 0.002413
v -0.014636 -0.004000 0.002649
v -0.015710 0.001713 0.008478
v -0.017264 0.001558 0.009661
v -0.016790 0.001619 0.009417
v -0.016361 0.001668 0.009139
v -0.015985 0.001702 0.008830
v -0.018192 -0.000254 0.009900
v -0.017025 0.000283 0.009724
v -0.016561 0.000403 0.009481
v -0.016146 0.000520 0.009204
v -0.017186 0.001143 0.009738
v -0.016712 0.001204 0.009494
v -0.016283 0.001252 0.009216
v -0.015907 0.001287 0.008907
v -0.015609 0.001175 0.008571
v -0.017100 0.000683 0.009760
v -0.016631 0.000777 0.009515
v -0.016210 0.000862 0.009235
v -0.015841 0.000937 0.008923
v -0.015995 -0.005194 0.004120
v -0.015569 -0.004875 0.004052
v -0.015196 -0.004532 0.003973
v -0.014881 -0.004169 0.003886
v -0.015952 -0.005423 0.002990
v -0.015527 -0.005096 0.002961
v -0.015156 -0.004743 0.002929
v -0.014843 -0.004370 0.002892
v -0.014664 -0.003850 0.003563
v -0.015970 -0.005325 0.003602
v -0.015545 -0.005001 0.003552
v -0.015173 -0.004652 0.003494
v -0.014860 -0.004284 0.003431
v -0.018192 -0.005808 0.004673
v -0.014723 -0.003535 0.004535
v -0.016025 -0.005035 0.004614
v -0.015598 -0.004720 0.004533
v -0.015224 -0.004381 0.004440
v -0.014927 -0.003916 0.004640
v -0.018192 -0.005115 0.006209
v -0.014836 -0.002934 0.005766
v -0.016151 -0.004366 0.006122
v -0.015720 -0.004068 0.006002
v -0.015364 -0.003630 0.006078
v -0.015045 -0.003295 0.005925
v -0.016060 -0.004850 0.005113
v -0.015632 -0.004539 0.005020
v -0.015257 -0.004206 0.004913
v -0.018192 -0.005363 0.005743
v -0.014773 -0.003269 0.005141
v -0.016106 -0.004605 0.005665
v -0.015677 -0.004301 0.005557
v -0.015300 -0.003975 0.005434
v -0.014983 -0.003631 0.005297
v -0.016198 -0.004116 0.006549
v -0.015766 -0.003825 0.006419
v -0.018192 -0.003885 0.007903
v -0.015034 -0.001882 0.007140
v -0.016373 -0.003183 0.007781
v -0.015936 -0.002920 0.007613
v -0.015579 -0.002484 0.007588
v -0.015252 -0.002195 0.007373
v -0.014930 -0.002437 0.006512
v -0.016249 -0.003842 0.006969
v -0.015816 -0.003558 0.006827
v -0.015436 -0.003255 0.006664
v -0.015113 -0.002938 0.006483
v -0.018192 -0.004216 0.007533
v -0.016313 -0.003500 0.007420
v -0.015879 -0.003227 0.007264
v -0.015496 -0.002936 0.007085
v -0.015170 -0.002632 0.006887
v -0.016434 -0.002861 0.008109
v -0.015995 -0.002608 0.007932
v -0.015228 -0.000848 0.007960
v -0.016646 -0.001730 0.008983
v -0.016199 -0.001520 0.008773
v -0.015803 -0.001300 0.008532
v -0.015495 -0.000902 0.008367
v -0.018192 -0.003192 0.008559
v -0.015108 -0.001486 0.007505
v -0.016498 -0.002517 0.008422
v -0.016057 -0.002276 0.008234
v -0.015668 -0.002022 0.008018
v -0.015335 -0.001758 0.007778
v -0.015172 -0.001149 0.007766
v -0.016576 -0.002103 0.008742
v -0.016132 -0.001878 0.008541
v -0.015739 -0.001642 0.008311
v -0.015402 -0.001398 0.008056
v -0.015326 -0.000327 0.008240
v -0.016716 -0.001359 0.009191
v -0.016267 -0.001162 0.008973
v -0.015868 -0.000958 0.008723
v -0.015507 0.000635 0.008534
v -0.016951 -0.000110 0.009650
v -0.016491 0.000030 0.009411
v -0.016079 0.000169 0.009138
v -0.015760 0.000513 0.008879
v -0.018192 -0.001573 0.009540
v -0.016789 -0.000970 0.009376
v -0.016337 -0.000790 0.009150
v -0.015934 -0.000606 0.008892
v -0.015586 -0.000419 0.008604
v -0.015410 0.000119 0.008408
v -0.016875 -0.000513 0.009544
v -0.016419 -0.000354 0.009310
v -0.016011 -0.000193 0.009043
v -0.015659 -0.000034 0.008746
v -0.018192 0.025425 -0.003018
v -0.018192 0.025186 -0.004177
v -0.018192 0.025318 -0.003563
v -0.018192 0.025235 -0.003958
vn -0.1282 0.9788 -0.1597
vn -0.9505 0.0719 -0.3024
vn -0.6973 0.1512 -0.7007
vn -0.3984 0.1935 -0.8966
vn -0.1282 0.2092 -0.9694
vn -0.6973 0.0559 -0.7146
vn -0.3984 0.0715 -0.9144
vn -0.1282 0.0773 -0.9887
vn -0.9535 -0.0152 -0.3012
vn -0.6973 -0.0361 -0.7159
vn -0.3984 -0.0462 -0.9161
vn -0.1282 -0.0499 -0.9905
vn -0.9589 -0.0526 -0.2789
vn -0.6973 -0.1330 -0.7044
vn -0.3984 -0.1701 -0.9013
vn -0.1282 -0.1840 -0.9745
vn -0.6973 -0.1512 0.7007
vn -0.3984 -0.1935 0.8966
vn -0.1282 -0.2092 0.9694
vn -0.9519 -0.0269 0.3051
vn -0.6973 -0.0559 0.7146
vn -0.3984 -0.0715 0.9144
vn -0.1282 -0.0773 0.9887
vn -0.9595 0.0142 0.2814
vn -0.6973 0.0361 0.7159
vn -0.3984 0.0462 0.9161
vn -0.1282 0.0499 0.9905
vn -0.9536 0.0559 0.2959
vn -0.6973 0.1330 0.7044
vn -0.3984 0.1701 0.9013
vn -0.1282 0.1840 0.9745
vn -0.6973 0.2442 0.6739
vn -0.3984 0.3124 0.8624
vn -0.1282 0.3378 0.9324
vn -0.9572 0.1074 -0.2688
vn -0.6973 0.2660 -0.6656
vn -0.3984 0.3404 -0.8517
vn -0.1282 0.3681 -0.9209
vn -0.9542 -0.0931 -0.2842
vn -0.6973 -0.2517 -0.6712
vn -0.3984 -0.3220 -0.8588
vn -0.1282 -0.3482 -0.9286
vn -0.9562 -0.1086 0.2717
vn -0.6973 -0.2660 0.6656
vn -0.3984 -0.3404 0.8517
vn -0.1282 -0.3681 0.9209
vn -0.9562 -0.0294 -0.2911
vn -0.6973 -0.0720 -0.7132
vn -0.3984 -0.0921 -0.9126
vn -0.1282 -0.0996 -0.9867
vn -0.6973 -0.1270 -0.7054
vn -0.3984 -0.1626 -0.9027
vn -0.1282 -0.1758 -0.9760
vn -0.9551 -0.0133 -0.2960
vn -0.6973 -0.0323 -0.7161
vn -0.3984 -0.0413 -0.9163
vn -0.1282 -0.0446 -0.9907
vn -0.9578 0.0282 -0.2862
vn -0.6973 0.0631 -0.7140
vn -0.3984 0.0807 -0.9137
vn -0.1282 0.0873 -0.9879
vn -0.6934 0.1310 -0.7085
vn -0.3984 0.1668 -0.9019
vn -0.1282 0.1804 -0.9752
vn -0.9562 0.0784 -0.2819
vn -0.7016 0.1668 -0.6928
vn -0.3984 0.2292 -0.8881
vn -0.1282 0.2479 -0.9603
vn -0.9543 0.1016 -0.2811
vn -0.6973 0.2436 -0.6741
vn -0.3984 0.3117 -0.8626
vn -0.1282 0.3370 -0.9327
vn -0.9536 0.1302 -0.2713
vn -0.6973 0.3042 -0.6491
vn -0.3984 0.3892 -0.8305
vn -0.1282 0.4209 -0.8980
vn -0.6938 0.3470 -0.6310
vn -0.3984 0.4420 -0.8037
vn -0.1282 0.4779 -0.8690
vn -0.9593 0.1445 -0.2427
vn -0.7009 0.3747 -0.6070
vn -0.3984 0.4916 -0.7744
vn -0.1282 0.5315 -0.8373
vn -0.9549 0.1796 -0.2366
vn -0.6973 0.4335 -0.5709
vn -0.3984 0.5547 -0.7305
vn -0.1282 0.5998 -0.7898
vn -0.9574 0.1942 -0.2136
vn -0.6973 0.4780 -0.5342
vn -0.3984 0.6116 -0.6835
vn -0.1282 0.6613 -0.7391
vn -0.6940 0.5096 -0.5086
vn -0.3984 0.6492 -0.6480
vn -0.1282 0.7019 -0.7006
vn -0.7007 0.5266 -0.4814
vn -0.3984 0.6837 -0.6114
vn -0.1282 0.7393 -0.6611
vn -0.9544 0.2363 -0.1822
vn -0.6973 0.5677 -0.4376
vn -0.3984 0.7265 -0.5600
vn -0.1282 0.7855 -0.6054
vn -0.9599 0.2344 -0.1535
vn -0.6973 0.5970 -0.3967
vn -0.3984 0.7640 -0.5076
vn -0.1282 0.8260 -0.5488
vn -0.6941 0.6185 -0.3683
vn -0.3984 0.7881 -0.4692
vn -0.1282 0.8521 -0.5074
vn -0.7005 0.6268 -0.3411
vn -0.3984 0.8098 -0.4307
vn -0.1282 0.8756 -0.4657
vn -0.9545 0.2719 -0.1228
vn -0.6973 0.6533 -0.2950
vn -0.3984 0.8360 -0.3775
vn -0.1282 0.9039 -0.4081
vn -0.9600 0.2627 -0.0968
vn -0.6973 0.6705 -0.2533
vn -0.3984 0.8580 -0.3241
vn -0.1282 0.9277 -0.3505
vn -0.3984 0.8717 -0.2855
vn -0.1282 0.9425 -0.3087
vn -0.7006 0.6895 -0.1839
vn -0.3984 0.8885 -0.2279
vn -0.9578 0.2837 -0.0463
vn -0.6973 0.7074 -0.1155
vn -0.3984 0.9052 -0.1477
vn -0.1282 0.9606 -0.2464
vn -0.9548 0.2963 -0.0219
vn -0.6973 0.7148 -0.0528
vn -0.3984 0.9147 -0.0675
vn -0.1282 0.9891 -0.0730
vn -0.1282 0.9917 -0.0106
vn -0.9565 0.2918 -0.0032
vn -0.6973 0.7167 -0.0077
vn -0.3984 0.9172 -0.0098
vn -0.6973 0.7158 0.0376
vn -0.3984 0.9160 0.0481
vn -0.1282 0.9904 0.0520
vn -0.9579 0.2843 0.0402
vn -0.6973 0.7096 0.1011
vn -0.3984 0.9081 0.1293
vn -0.1282 0.9818 0.1398
vn -0.9541 0.2909 0.0709
vn -0.6973 0.6975 0.1652
vn -0.3984 0.8925 0.2114
vn -0.1282 0.9651 0.2285
vn -0.6937 0.6882 0.2126
vn -0.3984 0.8764 0.2707
vn -0.1282 0.9476 0.2927
vn -0.9585 0.2680 0.0967
vn -0.7012 0.6735 0.2340
vn -0.3984 0.8630 0.3108
vn -0.1282 0.9331 0.3360
vn -0.6973 0.6572 0.2862
vn -0.3984 0.8409 0.3663
vn -0.1282 0.9092 0.3960
vn -0.9536 0.2662 0.1404
vn -0.6973 0.6364 0.3297
vn -0.3984 0.8144 0.4219
vn -0.1282 0.8806 0.4562
vn -0.3984 0.7922 0.4623
vn -0.1282 0.8565 0.4999
vn -0.9592 0.2401 0.1495
vn -0.7005 0.6009 0.3850
vn -0.3984 0.7673 0.5026
vn -0.1282 0.8296 0.5435
vn -0.6973 0.5691 0.4358
vn -0.3984 0.7282 0.5577
vn -0.1282 0.7874 0.6030
vn -0.9574 0.2136 0.1943
vn -0.6973 0.5341 0.4781
vn -0.3984 0.6834 0.6118
vn -0.1282 0.7389 0.6615
vn -0.3984 0.6471 0.6501
vn -0.1282 0.6997 0.7029
vn -0.7007 0.4787 0.5290
vn -0.3984 0.6074 0.6872
vn -0.1282 0.6568 0.7431
vn -0.6973 0.4277 0.5752
vn -0.3984 0.5473 0.7361
vn -0.1282 0.5917 0.7959
vn -0.9599 0.1447 0.2401
vn -0.6973 0.3756 0.6105
vn -0.3984 0.4806 0.7812
vn -0.1282 0.5197 0.8447
vn -0.3984 0.4284 0.8110
vn -0.1282 0.4632 0.8769
vn -0.7008 0.2988 0.6477
vn -0.3984 0.3731 0.8379
vn -0.1282 0.4034 0.9060
vn -0.6973 0.2283 0.6795
vn -0.3984 0.2922 0.8694
vn -0.1282 0.3159 0.9401
vn -0.9600 0.0599 0.2736
vn -0.6973 0.1617 0.6983
vn -0.3984 0.2068 0.8936
vn -0.1282 0.2237 0.9662
vn -0.3984 0.1429 0.9060
vn -0.1282 0.1545 0.9796
vn -0.9563 0.0150 0.2919
vn -0.7010 0.0543 0.7111
vn -0.3984 0.0554 0.9155
vn -0.1282 0.0599 0.9899
vn -0.9551 -0.0215 0.2955
vn -0.6973 -0.0521 0.7149
vn -0.3984 -0.0667 0.9148
vn -0.1282 -0.0721 0.9891
vn -0.9577 -0.0584 0.2817
vn -0.6973 -0.1454 0.7019
vn -0.3984 -0.1861 0.8981
vn -0.1282 -0.2012 0.9711
vn -0.9523 -0.0406 0.3024
vn -0.6973 -0.0914 0.7109
vn -0.3984 -0.1170 0.9097
vn -0.1282 -0.1265 0.9836
vn -0.9576 0.0133 0.2880
vn -0.6973 0.0331 0.7160
vn -0.3984 0.0423 0.9162
vn -0.1282 0.0458 0.9907
vn -0.9564 0.0424 0.2891
vn -0.6973 0.1288 0.7051
vn -0.3984 0.1649 0.9023
vn -0.1282 0.1783 0.9756
vn -0.6973 0.0334 0.7160
vn -0.3984 0.0427 0.9162
vn -0.1282 0.0462 0.9907
vn -0.9535 -0.0295 0.2999
vn -0.6973 -0.0626 0.7141
vn -0.3984 -0.0801 0.9137
vn -0.1282 -0.0866 0.9880
vn -0.6934 -0.1310 0.7085
vn -0.3984 -0.1668 0.9019
vn -0.1282 -0.1804 0.9752
vn -0.9600 -0.0666 0.2719
vn -0.7016 -0.1668 0.6928
vn -0.3984 -0.2292 0.8881
vn -0.1282 -0.2479 0.9603
vn -0.9543 -0.1016 0.2811
vn -0.6973 -0.2436 0.6741
vn -0.3984 -0.3117 0.8626
vn -0.1282 -0.3370 0.9327
vn -0.9536 -0.1302 0.2713
vn -0.6973 -0.3042 0.6490
vn -0.3984 -0.3892 0.8305
vn -0.1282 -0.4209 0.8980
vn -0.6938 -0.3470 0.6310
vn -0.3984 -0.4420 0.8037
vn -0.1282 -0.4779 0.8690
vn -0.9593 -0.1445 0.2427
vn -0.7009 -0.3747 0.6070
vn -0.3984 -0.4916 0.7744
vn -0.1282 -0.5315 0.8373
vn -0.9549 -0.1796 0.2366
vn -0.6973 -0.4335 0.5709
vn -0.3984 -0.5547 0.7305
vn -0.1282 -0.5997 0.7899
vn -0.9574 -0.1942 0.2136
vn -0.6973 -0.4780 0.5342
vn -0.3984 -0.6116 0.6835
vn -0.1282 -0.6614 0.7390
vn -0.6940 -0.5096 0.5086
vn -0.3984 -0.6492 0.6480
vn -0.1282 -0.7019 0.7006
vn -0.7007 -0.5266 0.4814
vn -0.3984 -0.6837 0.6114
vn -0.1282 -0.7393 0.6611
vn -0.9544 -0.2363 0.1822
vn -0.6973 -0.5677 0.4376
vn -0.3984 -0.7265 0.5599
vn -0.1282 -0.7855 0.6054
vn -0.9599 -0.2344 0.1535
vn -0.6973 -0.5970 0.3967
vn -0.3984 -0.7640 0.5076
vn -0.1282 -0.8261 0.5488
vn -0.6941 -0.6185 0.3683
vn -0.3984 -0.7881 0.4692
vn -0.1282 -0.8521 0.5074
vn -0.7005 -0.6268 0.3411
vn -0.3984 -0.8098 0.4307
vn -0.1282 -0.8756 0.4657
vn -0.9545 -0.2719 0.1228
vn -0.6973 -0.6533 0.2950
vn -0.3984 -0.8360 0.3774
vn -0.1282 -0.9039 0.4081
vn -0.9600 -0.2627 0.0968
vn -0.6973 -0.6705 0.2533
vn -0.3984 -0.8580 0.3241
vn -0.1282 -0.9277 0.3505
vn -0.3984 -0.8717 0.2855
vn -0.1282 -0.9425 0.3087
vn -0.7006 -0.6895 0.1839
vn -0.3984 -0.8885 0.2279
vn -0.1282 -0.9606 0.2464
vn -0.9578 -0.2837 0.0463
vn -0.6973 -0.7074 0.1155
vn -0.3984 -0.9052 0.1477
vn -0.1282 -0.9788 0.1597
vn -0.9548 -0.2964 0.0219
vn -0.6973 -0.7148 0.0528
vn -0.3984 -0.9147 0.0675
vn -0.1282 -0.9891 0.0730
vn -0.9564 -0.2920 0.0031
vn -0.6973 -0.7168 0.0077
vn -0.3984 -0.9172 0.0098
vn -0.1282 -0.9917 0.0106
vn -0.6973 -0.7158 -0.0376
vn -0.3984 -0.9160 -0.0481
vn -0.1283 -0.9904 -0.0520
vn -0.9579 -0.2843 -0.0402
vn -0.6973 -0.7096 -0.1011
vn -0.3984 -0.9081 -0.1293
vn -0.1282 -0.9818 -0.1398
vn -0.9541 -0.2909 -0.0709
vn -0.6973 -0.6975 -0.1652
vn -0.3984 -0.8925 -0.2113
vn -0.1282 -0.9651 -0.2285
vn -0.6937 -0.6882 -0.2126
vn -0.3984 -0.8764 -0.2707
vn -0.1282 -0.9476 -0.2927
vn -0.9585 -0.2680 -0.0967
vn -0.7012 -0.6735 -0.2340
vn -0.3984 -0.8630 -0.3108
vn -0.1282 -0.9331 -0.3360
vn -0.6973 -0.6572 -0.2862
vn -0.3984 -0.8409 -0.3663
vn -0.1282 -0.9092 -0.3960
vn -0.9536 -0.2662 -0.1404
vn -0.6973 -0.6364 -0.3297
vn -0.3984 -0.8144 -0.4219
vn -0.1282 -0.8806 -0.4562
vn -0.3984 -0.7922 -0.4623
vn -0.1282 -0.8565 -0.4999
vn -0.9592 -0.2401 -0.1495
vn -0.7005 -0.6009 -0.3850
vn -0.3984 -0.7673 -0.5026
vn -0.1282 -0.8296 -0.5435
vn -0.6973 -0.5691 -0.4358
vn -0.3984 -0.7282 -0.5577
vn -0.1282 -0.7874 -0.6030
vn -0.9574 -0.2136 -0.1944
vn -0.6973 -0.5341 -0.4781
vn -0.3984 -0.6834 -0.6118
vn -0.1282 -0.7389 -0.6615
vn -0.3984 -0.6471 -0.6501
vn -0.1282 -0.6997 -0.7029
vn -0.7007 -0.4787 -0.5290
vn -0.3984 -0.6074 -0.6873
vn -0.1282 -0.6568 -0.7431
vn -0.6973 -0.4277 -0.5752
vn -0.3984 -0.5473 -0.7361
vn -0.1282 -0.5917 -0.7959
vn -0.9599 -0.1447 -0.2401
vn -0.6973 -0.3756 -0.6105
vn -0.3984 -0.4806 -0.7812
vn -0.1282 -0.5197 -0.8447
vn -0.3984 -0.4284 -0.8110
vn -0.1282 -0.4632 -0.8769
vn -0.7008 -0.2988 -0.6477
vn -0.3984 -0.3731 -0.8379
vn -0.1282 -0.4034 -0.9060
vn -0.6973 -0.2283 -0.6795
vn -0.3984 -0.2922 -0.8694
vn -0.1282 -0.3159 -0.9401
vn -0.9600 -0.0599 -0.2736
vn -0.6973 -0.1616 -0.6983
vn -0.3984 -0.2068 -0.8936
vn -0.1282 -0.2237 -0.9662
vn -0.3984 -0.1429 -0.9060
vn -0.1282 -0.1545 -0.9796
vn -0.7010 -0.0543 -0.7111
vn -0.3984 -0.0554 -0.9156
vn -0.1282 -0.0599 -0.9899
vn -0.9541 0.0218 -0.2987
vn -0.6973 0.0521 -0.7149
vn -0.3984 0.0667 -0.9148
vn -0.1282 0.0721 -0.9891
vn -0.9596 0.0571 -0.2755
vn -0.6973 0.1454 -0.7019
vn -0.3984 0.1861 -0.8982
vn -0.1282 0.2012 -0.9711
vn -0.9562 0.0215 -0.2918
vn -0.6973 0.0516 -0.7149
vn -0.3984 0.0661 -0.9148
vn -0.1282 0.0715 -0.9892
vn 0.3033 0.9298 -0.2088
vn 0.2924 0.9221 -0.2533
vn 0.3872 0.9025 -0.1889
vn 0.4546 0.8611 -0.2276
vn 0.4691 0.8817 -0.0501
vn 0.2465 0.9668 -0.0670
vn 0.4131 0.8816 -0.2284
vn 0.3447 0.9260 -0.1539
vn 0.3891 0.9015 -0.1896
vn 0.4870 0.8530 -0.1875
vn 0.7733 0.6217 -0.1246
vn 0.6049 0.7749 -0.1834
vn 0.5045 0.8334 -0.2258
vn 0.6247 0.7466 -0.2288
vn 0.5636 0.7993 -0.2085
vn 0.4320 0.8614 -0.2670
vn -0.1064 0.9756 -0.1918
vn -0.1053 0.9732 -0.2046
vn -0.1092 0.9704 -0.2153
vn 0.3101 0.2006 -0.9293
vn 0.4552 0.1880 -0.8703
vn 0.5450 0.1770 -0.8195
vn 0.6370 0.1628 -0.7535
vn 0.7916 0.1291 -0.5973
vn 0.3101 0.0740 -0.9478
vn 0.4552 0.0693 -0.8877
vn 0.5450 0.0652 -0.8359
vn 0.6370 0.0599 -0.7685
vn 0.7916 0.0474 -0.6092
vn 0.3101 -0.0478 -0.9495
vn 0.4552 -0.0448 -0.8892
vn 0.5450 -0.0422 -0.8374
vn 0.6370 -0.0388 -0.7699
vn 0.7916 -0.0307 -0.6103
vn 0.3101 -0.1764 -0.9342
vn 0.4552 -0.1652 -0.8749
vn 0.5450 -0.1555 -0.8239
vn 0.6370 -0.1430 -0.7575
vn 0.7916 -0.1134 -0.6005
vn 0.3101 -0.2007 0.9293
vn 0.4552 -0.1880 0.8703
vn 0.5450 -0.1770 0.8195
vn 0.6370 -0.1628 0.7535
vn 0.7916 -0.1292 0.5973
vn 0.3101 -0.0740 0.9478
vn 0.4552 -0.0693 0.8877
vn 0.5450 -0.0652 0.8359
vn 0.6370 -0.0599 0.7685
vn 0.7916 -0.0474 0.6092
vn 0.3101 0.0478 0.9495
vn 0.4552 0.0448 0.8892
vn 0.5450 0.0422 0.8374
vn 0.6370 0.0388 0.7699
vn 0.7916 0.0307 0.6103
vn 0.3101 0.1764 0.9342
vn 0.4552 0.1652 0.8749
vn 0.5450 0.1555 0.8239
vn 0.6370 0.1430 0.7575
vn 0.7916 0.1134 0.6005
vn 0.3101 0.3238 0.8938
vn 0.4552 0.3033 0.8371
vn 0.5450 0.2856 0.7883
vn 0.6370 0.2626 0.7248
vn 0.7916 0.2082 0.5745
vn 0.3101 0.3528 -0.8828
vn 0.4550 0.3305 -0.8269
vn 0.5447 0.3116 -0.7786
vn 0.6366 0.2871 -0.7158
vn 0.7910 0.2288 -0.5674
vn 0.3101 -0.3338 -0.8902
vn 0.4552 -0.3126 -0.8337
vn 0.5450 -0.2944 -0.7851
vn 0.6370 -0.2706 -0.7218
vn 0.7916 -0.2145 -0.5722
vn 0.3101 -0.3528 0.8828
vn 0.4552 -0.3304 0.8268
vn 0.5450 -0.3111 0.7786
vn 0.6370 -0.2861 0.7158
vn 0.7916 -0.2267 0.5675
vn 0.3101 -0.0955 -0.9459
vn 0.4552 -0.0895 -0.8859
vn 0.5450 -0.0842 -0.8342
vn 0.6370 -0.0774 -0.7670
vn 0.7916 -0.0614 -0.6080
vn 0.3101 -0.1685 -0.9357
vn 0.4552 -0.1578 -0.8763
vn 0.5450 -0.1486 -0.8252
vn 0.6370 -0.1366 -0.7587
vn 0.7917 -0.0985 -0.6029
vn 0.3101 -0.0428 -0.9497
vn 0.4552 -0.0401 -0.8895
vn 0.5450 -0.0377 -0.8376
vn 0.6370 -0.0347 -0.7701
vn 0.7814 -0.0281 -0.6234
vn 0.3101 0.0837 -0.9470
vn 0.4552 0.0784 -0.8869
vn 0.5450 0.0738 -0.8352
vn 0.6370 0.0678 -0.7679
vn 0.7999 0.0588 -0.5973
vn 0.3101 0.1729 -0.9348
vn 0.4552 0.1619 -0.8755
vn 0.5450 0.1525 -0.8245
vn 0.6305 0.1412 -0.7632
vn 0.3101 0.2376 -0.9205
vn 0.4552 0.2225 -0.8621
vn 0.5450 0.2095 -0.8118
vn 0.6441 0.1792 -0.7437
vn 0.7931 0.1515 -0.5900
vn 0.3101 0.3231 -0.8941
vn 0.4552 0.3026 -0.8374
vn 0.5450 0.2849 -0.7885
vn 0.6370 0.2620 -0.7250
vn 0.7828 0.2115 -0.5852
vn 0.3101 0.4034 -0.8609
vn 0.4552 0.3778 -0.8062
vn 0.5450 0.3558 -0.7592
vn 0.6370 0.3271 -0.6980
vn 0.7992 0.2599 -0.5420
vn 0.3101 0.4581 -0.8331
vn 0.4552 0.4290 -0.7802
vn 0.5450 0.4040 -0.7347
vn 0.6312 0.3737 -0.6796
vn 0.3101 0.5096 -0.8026
vn 0.4552 0.4773 -0.7516
vn 0.5450 0.4495 -0.7078
vn 0.6430 0.4025 -0.6516
vn 0.7930 0.3271 -0.5140
vn 0.3101 0.5748 -0.7572
vn 0.4552 0.5383 -0.7092
vn 0.5450 0.5069 -0.6679
vn 0.6370 0.4660 -0.6141
vn 0.7829 0.3761 -0.4956
vn 0.3101 0.6340 -0.7085
vn 0.4552 0.5937 -0.6635
vn 0.5450 0.5591 -0.6248
vn 0.6370 0.5140 -0.5745
vn 0.7991 0.4043 -0.4449
vn 0.3101 0.6730 -0.6715
vn 0.4552 0.6303 -0.6289
vn 0.5450 0.5936 -0.5922
vn 0.6314 0.5490 -0.5477
vn 0.3101 0.7086 -0.6338
vn 0.4552 0.6636 -0.5936
vn 0.5450 0.6249 -0.5590
vn 0.6428 0.5653 -0.5170
vn 0.7930 0.4542 -0.4060
vn 0.3101 0.7530 -0.5804
vn 0.4552 0.7052 -0.5436
vn 0.5450 0.6641 -0.5119
vn 0.6370 0.6105 -0.4706
vn 0.7830 0.4927 -0.3797
vn 0.3101 0.7919 -0.5260
vn 0.4552 0.7417 -0.4926
vn 0.5450 0.6984 -0.4639
vn 0.6369 0.6452 -0.4221
vn 0.7991 0.5031 -0.3292
vn 0.3101 0.8168 -0.4864
vn 0.4552 0.7650 -0.4556
vn 0.5389 0.7237 -0.4311
vn 0.3101 0.8394 -0.4464
vn 0.4552 0.7862 -0.4180
vn 0.5513 0.7330 -0.3985
vn 0.6393 0.6755 -0.3674
vn 0.7931 0.5351 -0.2910
vn 0.3101 0.8665 -0.3913
vn 0.4552 0.8114 -0.3665
vn 0.5450 0.7641 -0.3451
vn 0.6370 0.7025 -0.3173
vn 0.7916 0.5569 -0.2516
vn 0.3100 0.8624 -0.4002
vn 0.4551 0.8082 -0.3737
vn 0.5450 0.7844 -0.2962
vn 0.6370 0.7212 -0.2723
vn 0.7859 0.5807 -0.2124
vn 0.2589 0.9342 -0.2454
vn 0.4970 0.8389 -0.2220
vn 0.5450 0.7958 -0.2639
vn 0.6312 0.7363 -0.2437
vn 0.7978 0.5708 -0.1943
vn -0.3101 -0.9194 0.2419
vn -0.5128 -0.8462 0.1450
vn 0.6393 0.7457 -0.1879
vn 0.7873 0.5987 -0.1473
vn -0.2460 -0.9667 0.0713
vn -0.5154 -0.8330 0.2012
vn 0.7910 0.6044 -0.0954
vn 0.4191 0.9025 -0.0995
vn 0.5057 0.8552 -0.1131
vn 0.6322 0.7722 -0.0632
vn 0.7768 0.6276 -0.0529
vn 0.2568 0.9658 0.0350
vn 0.4989 0.8661 0.0302
vn 0.5450 0.8384 -0.0090
vn 0.6370 0.7708 -0.0083
vn 0.7930 0.6092 -0.0065
vn 0.4552 0.8903 -0.0095
vn 0.3102 0.9494 0.0497
vn 0.4553 0.8891 0.0465
vn 0.5450 0.8373 0.0438
vn 0.6370 0.7698 0.0402
vn 0.3101 0.9412 0.1341
vn 0.4552 0.8815 0.1256
vn 0.5450 0.8300 0.1183
vn 0.6370 0.7631 0.1088
vn 0.7987 0.5970 0.0750
vn 0.3101 0.9251 0.2191
vn 0.4552 0.8664 0.2052
vn 0.5450 0.8159 0.1932
vn 0.6370 0.7501 0.1776
vn 0.7915 0.5938 0.1447
vn 0.3101 0.9084 0.2805
vn 0.4552 0.8507 0.2627
vn 0.5450 0.8011 0.2473
vn 0.6309 0.7413 0.2288
vn 0.3101 0.8945 0.3221
vn 0.4552 0.8377 0.3017
vn 0.5450 0.7888 0.2841
vn 0.6435 0.7230 0.2513
vn 0.7932 0.5731 0.2057
vn 0.3101 0.8716 0.3796
vn 0.4552 0.8163 0.3556
vn 0.5450 0.7687 0.3348
vn 0.6370 0.7067 0.3078
vn 0.3101 0.8441 0.4373
vn 0.4552 0.7906 0.4096
vn 0.5450 0.7445 0.3857
vn 0.6369 0.6820 0.3595
vn 0.7988 0.5322 0.2805
vn 0.3101 0.8211 0.4792
vn 0.4552 0.7690 0.4488
vn 0.3101 0.7953 0.5210
vn 0.4552 0.7448 0.4879
vn 0.5513 0.7024 0.4502
vn 0.6394 0.6474 0.4148
vn 0.7930 0.5092 0.3346
vn 0.3101 0.7548 0.5781
vn 0.4552 0.7068 0.5414
vn 0.5450 0.6656 0.5099
vn 0.6370 0.6119 0.4688
vn 0.3101 0.7084 0.6340
vn 0.4552 0.6635 0.5938
vn 0.5450 0.6248 0.5591
vn 0.6370 0.5745 0.5140
vn 0.7990 0.4450 0.4045
vn 0.3101 0.6706 0.6739
vn 0.4552 0.6280 0.6311
vn 0.5450 0.5914 0.5943
vn 0.3101 0.6297 0.7123
vn 0.4552 0.5898 0.6670
vn 0.5450 0.5554 0.6281
vn 0.6427 0.5142 0.5679
vn 0.7930 0.4030 0.4569
vn 0.3101 0.5672 0.7629
vn 0.4552 0.5312 0.7145
vn 0.5450 0.5003 0.6729
vn 0.6370 0.4599 0.6186
vn 0.3101 0.4982 0.8097
vn 0.4552 0.4666 0.7583
vn 0.5450 0.4394 0.7141
vn 0.6370 0.4039 0.6566
vn 0.7991 0.3104 0.5149
vn 0.3101 0.4440 0.8406
vn 0.4552 0.4159 0.7873
vn 0.5450 0.3916 0.7414
vn 0.3101 0.3867 0.8685
vn 0.4552 0.3621 0.8134
vn 0.5450 0.3410 0.7660
vn 0.6429 0.3208 0.6955
vn 0.7929 0.2470 0.5570
vn 0.3101 0.3028 0.9012
vn 0.4552 0.2836 0.8440
vn 0.5450 0.2671 0.7948
vn 0.6370 0.2456 0.7307
vn 0.3101 0.2144 0.9262
vn 0.4552 0.2008 0.8674
vn 0.5450 0.1891 0.8168
vn 0.6370 0.1738 0.7510
vn 0.7993 0.1285 0.5870
vn 0.3101 0.1481 0.9391
vn 0.4552 0.1387 0.8795
vn 0.5450 0.1306 0.8282
vn 0.3101 0.0575 0.9490
vn 0.4552 0.0538 0.8887
vn 0.5450 0.0507 0.8369
vn 0.6432 0.0584 0.7634
vn 0.7933 0.0466 0.6071
vn 0.3101 -0.0691 0.9482
vn 0.4552 -0.0647 0.8880
vn 0.5450 -0.0610 0.8362
vn 0.6370 -0.0560 0.7688
vn 0.7916 -0.0444 0.6095
vn 0.3101 -0.1929 0.9309
vn 0.4552 -0.1806 0.8719
vn 0.5450 -0.1701 0.8210
vn 0.6370 -0.1564 0.7548
vn 0.7941 -0.1233 0.5952
vn 0.3101 -0.1213 0.9429
vn 0.4552 -0.1136 0.8831
vn 0.5450 -0.1070 0.8316
vn 0.6370 -0.0983 0.7646
vn 0.7737 -0.0834 0.6281
vn 0.3107 0.0590 0.9487
vn 0.4565 0.0626 0.8875
vn 0.5466 0.0643 0.8349
vn 0.6389 0.0648 0.7665
vn 0.7937 0.0639 0.6050
vn 0.0856 0.1976 0.9765
vn 0.4178 0.2414 0.8759
vn 0.5078 0.2488 0.8248
vn 0.6004 0.2539 0.7583
vn 0.7593 0.2465 0.6022
vn 0.1387 0.0730 0.9876
vn 0.4397 0.1249 0.8894
vn 0.5284 0.1391 0.8375
vn 0.6194 0.1530 0.7700
vn 0.1844 -0.0529 0.9814
vn 0.4618 0.0076 0.8870
vn 0.5492 0.0286 0.8352
vn 0.6399 0.0423 0.7673
vn 0.7945 0.1086 0.5974
vn 0.2112 -0.1422 0.9670
vn 0.4773 -0.0749 0.8755
vn 0.5637 -0.0490 0.8245
vn 0.2261 -0.2074 0.9518
vn 0.4885 -0.1346 0.8621
vn 0.5743 -0.1052 0.8118
vn 0.6659 -0.0577 0.7438
vn 0.8054 0.0071 0.5926
vn 0.2478 -0.2929 0.9235
vn 0.5033 -0.2133 0.8374
vn 0.5883 -0.1793 0.7885
vn 0.6744 -0.1398 0.7250
vn 0.8170 -0.0620 0.5733
vn 0.2647 -0.3741 0.8888
vn 0.5172 -0.2872 0.8062
vn 0.6014 -0.2490 0.7592
vn 0.6876 -0.2106 0.6949
vn 0.2735 -0.4300 0.8604
vn 0.5267 -0.3375 0.7802
vn 0.6103 -0.2963 0.7347
vn 0.8373 -0.1282 0.5315
vn 0.2814 -0.4828 0.8293
vn 0.5356 -0.3848 0.7517
vn 0.6186 -0.3409 0.7079
vn 0.7060 -0.2773 0.6516
vn 0.8336 -0.1805 0.5220
vn 0.2936 -0.5493 0.7824
vn 0.5469 -0.4451 0.7091
vn 0.6293 -0.3977 0.6677
vn 0.7122 -0.3405 0.6138
vn 0.8462 -0.2171 0.4866
vn 0.3023 -0.6100 0.7325
vn 0.5571 -0.4993 0.6636
vn 0.6398 -0.4542 0.6200
vn 0.7218 -0.3922 0.5703
vn 0.8537 -0.2572 0.4528
vn 0.3063 -0.6508 0.6948
vn 0.5639 -0.5353 0.6289
vn 0.3098 -0.6882 0.6560
vn 0.5700 -0.5681 0.5935
vn 0.6555 -0.5042 0.5623
vn 0.7317 -0.4413 0.5194
vn 0.8630 -0.2990 0.4073
vn 0.3160 -0.7341 0.6011
vn 0.5777 -0.6089 0.5436
vn 0.6583 -0.5518 0.5120
vn 0.7388 -0.4822 0.4707
vn 0.3199 -0.7748 0.5452
vn 0.5844 -0.6447 0.4927
vn 0.6652 -0.5893 0.4585
vn 0.7452 -0.5165 0.4218
vn 0.8776 -0.3408 0.3372
vn 0.3214 -0.8015 0.5043
vn 0.5888 -0.6677 0.4555
vn 0.3226 -0.8255 0.4631
vn 0.5927 -0.6885 0.4180
vn 0.6768 -0.6193 0.3980
vn 0.7516 -0.5476 0.3677
vn 0.8780 -0.3795 0.2918
vn 0.3254 -0.8539 0.4061
vn 0.5973 -0.7133 0.3665
vn 0.6768 -0.6502 0.3451
vn 0.7562 -0.5748 0.3128
vn 0.8810 -0.4023 0.2489
vn 0.3270 -0.8783 0.3489
vn 0.6013 -0.7345 0.3146
vn 0.6806 -0.6702 0.2962
vn 0.3273 -0.8935 0.3075
vn 0.6037 -0.7474 0.2772
vn 0.6828 -0.6823 0.2611
vn 0.7660 -0.5939 0.2461
vn 0.8863 -0.4219 0.1911
vn 0.3290 -0.9119 0.2455
vn 0.6068 -0.7635 0.2213
vn 0.6857 -0.6975 0.2083
vn 0.7640 -0.6161 0.1916
vn 0.3312 -0.9300 0.1592
vn 0.6098 -0.7795 0.1434
vn 0.6885 -0.7125 0.1350
vn 0.7666 -0.6300 0.1242
vn 0.8952 -0.4345 0.0991
vn 0.3320 -0.9405 0.0727
vn 0.6115 -0.7885 0.0655
vn 0.6901 -0.7211 0.0617
vn 0.7681 -0.6378 0.0567
vn 0.8835 -0.4662 0.0459
vn 0.8935 -0.4490 0.0077
vn 0.3318 -0.9433 0.0104
vn 0.6120 -0.7908 0.0095
vn 0.6905 -0.7232 0.0090
vn 0.7685 -0.6398 0.0083
vn 0.8901 -0.4556 0.0063
vn 0.3308 -0.9424 -0.0498
vn 0.6119 -0.7895 -0.0469
vn 0.6903 -0.7222 -0.0439
vn 0.7683 -0.6389 -0.0404
vn 0.3292 -0.9348 -0.1331
vn 0.6103 -0.7822 -0.1255
vn 0.6890 -0.7151 -0.1182
vn 0.7671 -0.6323 -0.1087
vn 0.8945 -0.4390 -0.0850
vn 0.3268 -0.9197 -0.2178
vn 0.6075 -0.7674 -0.2052
vn 0.6864 -0.7011 -0.1932
vn 0.7646 -0.6195 -0.1776
vn 0.8825 -0.4480 -0.1429
vn 0.3249 -0.9036 -0.2791
vn 0.6046 -0.7519 -0.2628
vn 0.6836 -0.6866 -0.2475
vn 0.7621 -0.6061 -0.2275
vn 0.8912 -0.4151 -0.1831
vn 0.3242 -0.8900 -0.3205
vn 0.6022 -0.7392 -0.3017
vn 0.6814 -0.6746 -0.2841
vn 0.7539 -0.6020 -0.2632
vn 0.3218 -0.8680 -0.3781
vn 0.5982 -0.7181 -0.3555
vn 0.6777 -0.6547 -0.3348
vn 0.7615 -0.5715 -0.3059
vn 0.8814 -0.4064 -0.2409
vn 0.3193 -0.8414 -0.4359
vn 0.5935 -0.6928 -0.4096
vn 0.6732 -0.6309 -0.3857
vn 0.7518 -0.5521 -0.3605
vn 0.8776 -0.3846 -0.2860
vn 0.3178 -0.8189 -0.4779
vn 0.5895 -0.6716 -0.4488
vn 0.6624 -0.6168 -0.4252
vn 0.3159 -0.7936 -0.5200
vn 0.5850 -0.6478 -0.4880
vn 0.6718 -0.5830 -0.4569
vn 0.7456 -0.5193 -0.4175
vn 0.8723 -0.3592 -0.3317
vn 0.3106 -0.7547 -0.5779
vn 0.5780 -0.6107 -0.5413
vn 0.6586 -0.5536 -0.5097
vn 0.7391 -0.4839 -0.4686
vn 0.8621 -0.3389 -0.3768
vn 0.3048 -0.7096 -0.6352
vn 0.5700 -0.5678 -0.5939
vn 0.6510 -0.5132 -0.5592
vn 0.7322 -0.4467 -0.5142
vn 0.8663 -0.2900 -0.4067
vn 0.3010 -0.6728 -0.6759
vn 0.5635 -0.5332 -0.6310
vn 0.6449 -0.4806 -0.5942
vn 0.7204 -0.4221 -0.5504
vn 0.2962 -0.6326 -0.7157
vn 0.5564 -0.4954 -0.6671
vn 0.6382 -0.4450 -0.6282
vn 0.7259 -0.3794 -0.5736
vn 0.8529 -0.2560 -0.4550
vn 0.2853 -0.5718 -0.7691
vn 0.5456 -0.4380 -0.7145
vn 0.6280 -0.3909 -0.6729
vn 0.7110 -0.3343 -0.6186
vn 0.8393 -0.2187 -0.4977
vn 0.2735 -0.5040 -0.8193
vn 0.5336 -0.3743 -0.7584
vn 0.6168 -0.3309 -0.7142
vn 0.7006 -0.2791 -0.6567
vn 0.8414 -0.1569 -0.5171
vn 0.2650 -0.4504 -0.8526
vn 0.5243 -0.3247 -0.7872
vn 0.6080 -0.2843 -0.7413
vn 0.6860 -0.2404 -0.6868
vn 0.2549 -0.3933 -0.8834
vn 0.5143 -0.2718 -0.8134
vn 0.5986 -0.2344 -0.7660
vn 0.6899 -0.1871 -0.6993
vn 0.8242 -0.1038 -0.5567
vn 0.2352 -0.3096 -0.9213
vn 0.4998 -0.1946 -0.8440
vn 0.5850 -0.1618 -0.7948
vn 0.6714 -0.1236 -0.7307
vn 0.8074 -0.0492 -0.5879
vn 0.2138 -0.2203 -0.9517
vn 0.4845 -0.1132 -0.8674
vn 0.5705 -0.0851 -0.8168
vn 0.6582 -0.0531 -0.7510
vn 0.8079 0.0223 -0.5889
vn 0.1980 -0.1527 -0.9682
vn 0.4730 -0.0522 -0.8795
vn 0.5597 -0.0276 -0.8282
vn 0.6408 -0.0027 -0.7677
vn 0.1701 -0.0596 -0.9836
vn 0.4573 0.0312 -0.8887
vn 0.5450 0.0509 -0.8369
vn 0.6407 0.0734 -0.7643
vn 0.7855 0.1037 -0.6102
vn 0.1229 0.0722 -0.9898
vn 0.4354 0.1477 -0.8880
vn 0.5243 0.1606 -0.8362
vn 0.6157 0.1728 -0.7688
vn 0.7614 0.1892 -0.6201
vn 0.0720 0.2024 -0.9767
vn 0.4140 0.2617 -0.8719
vn 0.5042 0.2679 -0.8210
vn 0.5971 0.2714 -0.7548
vn 0.7612 0.2677 -0.5908
vn 0.1449 0.0713 -0.9869
vn 0.4442 0.0883 -0.8916
vn 0.5341 0.0894 -0.8407
vn 0.6262 0.0903 -0.7744
vn 0.7814 0.0864 -0.6180
vn 0.9999 -0.0107 0.0009
vn 1.0000 -0.0000 -0.0000
vn -1.0000 -0.0000 -0.0000
vn -0.9536 0.0635 -0.2943
vn -0.9595 0.0220 -0.2810
vn -0.1282 0.0774 -0.9887
vn -0.9519 -0.0187 -0.3059
vn -0.9588 -0.0599 0.2776
vn -0.9534 -0.0235 0.3007
vn -0.1282 -0.0774 0.9887
vn -0.9515 0.0615 0.3015
vn -0.9570 0.0988 0.2727
vn -0.9562 -0.1027 -0.2740
vn -0.9543 -0.0995 0.2820
vn -0.9523 -0.0324 -0.3034
vn -0.9577 -0.0510 -0.2831
vn -0.9563 0.0230 -0.2913
vn -0.7010 0.0737 -0.7094
vn -0.9600 0.0668 -0.2720
vn -0.6973 0.1791 -0.6940
vn -0.7008 0.3110 -0.6420
vn -0.1282 0.4208 -0.8980
vn -0.9574 0.1526 -0.2452
vn -0.6973 0.3841 -0.6052
vn -0.1282 0.5997 -0.7899
vn -0.9592 0.1938 -0.2058
vn -0.7006 0.4817 -0.5264
vn -0.3984 0.6492 -0.6479
vn -0.9536 0.2229 -0.2025
vn -0.6973 0.5343 -0.4778
vn -0.9601 0.2341 -0.1528
vn -0.7005 0.5982 -0.3891
vn -0.1282 0.8522 -0.5073
vn -0.9537 0.2647 -0.1432
vn -0.6973 0.6329 -0.3366
vn -0.9585 0.2665 -0.1008
vn -0.7011 0.6697 -0.2446
vn -0.6938 0.6844 -0.2242
vn -0.1282 0.9425 -0.3086
vn -0.9541 0.2895 -0.0762
vn -0.6973 0.6943 -0.1781
vn -0.9579 0.2835 -0.0460
vn -0.3984 0.9053 -0.1477
vn -0.9564 0.2921 -0.0031
vn -0.6973 0.7168 -0.0077
vn -0.9548 0.2969 0.0156
vn -0.9578 0.2846 0.0405
vn -0.7006 0.6927 0.1712
vn -0.9600 0.2641 0.0926
vn -0.6973 0.6744 0.2429
vn -0.9545 0.2735 0.1191
vn -0.7006 0.6302 0.3346
vn -0.3984 0.8144 0.4220
vn -0.6941 0.6218 0.3629
vn -0.9574 0.2426 0.1565
vn -0.6973 0.5996 0.3928
vn -0.9549 0.2358 0.1806
vn -0.9593 0.2054 0.1938
vn -0.7008 0.5260 0.4819
vn -0.6939 0.5080 0.5103
vn -0.1282 0.6996 0.7029
vn -0.9537 0.2012 0.2238
vn -0.6973 0.4747 0.5371
vn -0.9543 0.1784 0.2399
vn -0.9602 0.1436 0.2396
vn -0.7009 0.3658 0.6123
vn -0.6938 0.3364 0.6368
vn -0.9536 0.1250 0.2737
vn -0.6973 0.2915 0.6548
vn -0.9543 0.0952 0.2832
vn -0.9562 0.0715 0.2838
vn -0.7016 0.1491 0.6968
vn -0.3984 0.2069 0.8936
vn -0.1282 0.2236 0.9662
vn -0.6934 0.1122 0.7117
vn -0.9578 0.0203 0.2869
vn -0.6973 0.0433 0.7155
vn -0.3984 0.0554 0.9156
vn -0.3984 -0.1861 0.8982
vn -0.9562 -0.0373 0.2902
vn -0.9562 0.0138 0.2923
vn -0.9596 0.0506 0.2769
vn -0.1282 0.1782 0.9756
vn -0.9541 0.0140 0.2993
vn -0.3984 0.0428 0.9162
vn -0.7010 -0.0733 0.7094
vn -0.9600 -0.0667 0.2720
vn -0.6973 -0.1791 0.6940
vn -0.7008 -0.3110 0.6420
vn -0.9574 -0.1526 0.2452
vn -0.6973 -0.3841 0.6052
vn -0.9592 -0.1938 0.2058
vn -0.7006 -0.4817 0.5264
vn -0.1282 -0.6613 0.7391
vn -0.9536 -0.2229 0.2025
vn -0.6973 -0.5343 0.4778
vn -0.9601 -0.2341 0.1528
vn -0.7005 -0.5982 0.3891
vn -0.1282 -0.8521 0.5073
vn -0.9537 -0.2647 0.1432
vn -0.6973 -0.6328 0.3366
vn -0.9585 -0.2665 0.1008
vn -0.7011 -0.6697 0.2446
vn -0.3984 -0.8580 0.3242
vn -0.6938 -0.6844 0.2242
vn -0.1282 -0.9425 0.3086
vn -0.9541 -0.2895 0.0762
vn -0.6973 -0.6943 0.1781
vn -0.9579 -0.2835 0.0460
vn -0.3984 -0.9053 0.1477
vn -0.1283 -0.9891 0.0730
vn -0.6973 -0.7167 0.0077
vn -0.9548 -0.2968 -0.0156
vn -0.1282 -0.9904 -0.0521
vn -0.9578 -0.2846 -0.0405
vn -0.7006 -0.6927 -0.1712
vn -0.9600 -0.2641 -0.0926
vn -0.6973 -0.6744 -0.2429
vn -0.9545 -0.2735 -0.1191
vn -0.7006 -0.6302 -0.3346
vn -0.6941 -0.6218 -0.3629
vn -0.9574 -0.2426 -0.1565
vn -0.6973 -0.5996 -0.3928
vn -0.1282 -0.8296 -0.5434
vn -0.9549 -0.2358 -0.1806
vn -0.9593 -0.2054 -0.1938
vn -0.7008 -0.5260 -0.4819
vn -0.6939 -0.5080 -0.5103
vn -0.9537 -0.2012 -0.2238
vn -0.6973 -0.4747 -0.5371
vn -0.9543 -0.1784 -0.2399
vn -0.9602 -0.1436 -0.2396
vn -0.7009 -0.3658 -0.6123
vn -0.6938 -0.3364 -0.6368
vn -0.9536 -0.1250 -0.2737
vn -0.6973 -0.2915 -0.6548
vn -0.9543 -0.0952 -0.2832
vn -0.9600 -0.0597 -0.2735
vn -0.7016 -0.1491 -0.6968
vn -0.3984 -0.2069 -0.8936
vn -0.6934 -0.1122 -0.7117
vn -0.9535 -0.0214 -0.3006
vn -0.6973 -0.0433 -0.7155
vn -0.3984 -0.0554 -0.9155
vn -0.9564 0.0493 -0.2880
vn -0.3984 0.1861 -0.8981
vn -0.9579 0.0207 -0.2863
vn 0.9987 0.0502 0.0002
vn 0.2872 0.9264 -0.2435
vn 0.3562 0.9324 -0.0618
vn 0.4869 0.8589 -0.1586
vn 0.3814 0.9009 -0.2073
vn 0.3225 0.9200 -0.2226
vn 0.3969 0.9025 -0.1674
vn 0.5089 0.8496 -0.1383
vn 0.3867 0.9024 -0.1899
vn 0.3507 0.9214 -0.1674
vn 0.4588 0.8810 -0.1159
vn 0.6199 0.7687 -0.1576
vn 0.6054 0.7867 -0.1210
vn 0.5993 0.7875 -0.1442
vn 0.5633 0.8173 -0.1208
vn 0.4809 0.8584 -0.1783
vn 0.7916 0.1292 -0.5973
vn 0.7916 -0.0308 -0.6103
vn 0.3101 -0.1763 -0.9342
vn 0.3101 -0.2006 0.9293
vn 0.3101 0.3238 0.8939
vn 0.3101 0.3529 -0.8828
vn 0.4552 0.3307 -0.8267
vn 0.5450 0.3119 -0.7783
vn 0.6369 0.2875 -0.7153
vn 0.7914 0.2295 -0.5665
vn 0.7916 -0.2146 -0.5722
vn 0.6370 -0.2860 0.7158
vn 0.7988 -0.1066 -0.5920
vn 0.6432 0.0793 -0.7616
vn 0.7928 0.0507 -0.6074
vn 0.6370 0.1927 -0.7464
vn 0.7993 0.1434 -0.5835
vn 0.6429 0.3339 -0.6894
vn 0.7930 0.2578 -0.5521
vn 0.6370 0.4133 -0.6507
vn 0.7991 0.3180 -0.5103
vn 0.6426 0.5172 -0.5653
vn 0.7929 0.4056 -0.4547
vn 0.6370 0.5745 -0.5140
vn 0.7989 0.4451 -0.4045
vn 0.5512 0.6994 -0.4549
vn 0.6394 0.6446 -0.4190
vn 0.7930 0.5071 -0.3376
vn 0.5450 0.7403 -0.3936
vn 0.6369 0.6783 -0.3665
vn 0.7915 0.5377 -0.2905
vn 0.7953 0.5545 -0.2449
vn 0.2515 0.9054 -0.3420
vn 0.5045 0.8077 -0.3050
vn 0.6435 0.7190 -0.2626
vn 0.3101 0.9035 -0.2960
vn 0.4949 0.8393 -0.2249
vn 0.5051 0.8344 -0.2207
vn -0.3156 -0.9191 0.2358
vn 0.7857 0.5992 -0.1537
vn -0.3763 -0.8984 0.2263
vn 0.5153 0.8249 -0.2323
vn 0.5452 0.8356 -0.0681
vn 0.6367 0.7689 -0.0577
vn 0.3101 0.9507 -0.0102
vn 0.3101 0.9494 0.0498
vn 0.4552 0.8892 0.0466
vn 0.7826 0.6217 0.0324
vn 0.7916 0.6050 0.0863
vn 0.6427 0.7437 0.1840
vn 0.7932 0.5912 0.1462
vn 0.6370 0.7253 0.2612
vn 0.7993 0.5670 0.1989
vn 0.7832 0.5700 0.2483
vn 0.5514 0.7369 0.3910
vn 0.6394 0.6791 0.3605
vn 0.7930 0.5411 0.2799
vn 0.5388 0.7276 0.4247
vn 0.5450 0.7014 0.4594
vn 0.6369 0.6479 0.4178
vn 0.7991 0.5052 0.3260
vn 0.7830 0.4937 0.3783
vn 0.6428 0.5650 0.5172
vn 0.7929 0.4545 0.4058
vn 0.6313 0.5470 0.5498
vn 0.6370 0.5107 0.5775
vn 0.7992 0.4019 0.4470
vn 0.7828 0.3713 0.4994
vn 0.6430 0.3928 0.6575
vn 0.7929 0.3197 0.5187
vn 0.6311 0.3623 0.6859
vn 0.6370 0.3135 0.7042
vn 0.7992 0.2495 0.5469
vn 0.6370 0.2455 0.7307
vn 0.7828 0.1982 0.5898
vn 0.6441 0.1602 0.7480
vn 0.7930 0.1366 0.5936
vn 0.6305 0.1209 0.7667
vn 0.6370 0.0466 0.7695
vn 0.7913 0.0434 0.6098
vn 0.6370 -0.0561 0.7688
vn 0.8003 -0.0631 0.5962
vn 0.7916 -0.0779 0.6061
vn 0.1645 0.0455 0.9853
vn 0.4489 0.0620 0.8914
vn 0.5386 0.0637 0.8401
vn 0.6304 0.0654 0.7735
vn 0.7847 0.0648 0.6164
vn 0.0870 0.1791 0.9800
vn 0.7637 0.2539 0.5935
vn 0.1394 0.0462 0.9892
vn 0.7644 0.1732 0.6210
vn 0.1870 -0.0859 0.9786
vn 0.6445 0.0529 0.7628
vn 0.7886 0.0873 0.6087
vn 0.2140 -0.1776 0.9606
vn 0.6445 -0.0224 0.7643
vn 0.2284 -0.2433 0.9427
vn 0.6616 -0.0716 0.7464
vn 0.8044 0.0044 0.5941
vn 0.2480 -0.3292 0.9111
vn 0.8189 -0.0560 0.5712
vn 0.2660 -0.4091 0.8729
vn 0.6924 -0.2003 0.6931
vn 0.8217 -0.1178 0.5576
vn 0.2746 -0.4633 0.8426
vn 0.6881 -0.2515 0.6806
vn 0.2818 -0.5142 0.8100
vn 0.7024 -0.2883 0.6508
vn 0.8372 -0.1700 0.5197
vn 0.2921 -0.5784 0.7617
vn 0.3015 -0.6357 0.7106
vn 0.6458 -0.4439 0.6211
vn 0.7217 -0.3923 0.5702
vn 0.8533 -0.2584 0.4528
vn 0.3054 -0.6740 0.6726
vn 0.6379 -0.4878 0.5959
vn 0.3084 -0.7091 0.6341
vn 0.6511 -0.5135 0.5589
vn 0.7312 -0.4423 0.5193
vn 0.8664 -0.2903 0.4062
vn 0.3133 -0.7521 0.5798
vn 0.8618 -0.3375 0.3786
vn 0.3179 -0.7897 0.5247
vn 0.6712 -0.5803 0.4613
vn 0.7451 -0.5166 0.4218
vn 0.8719 -0.3571 0.3349
vn 0.3194 -0.8142 0.4848
vn 0.6618 -0.6130 0.4315
vn 0.3205 -0.8364 0.4447
vn 0.6724 -0.6269 0.3936
vn 0.7512 -0.5484 0.3675
vn 0.8771 -0.3817 0.2914
vn 0.3226 -0.8626 0.3896
vn 0.7606 -0.5675 0.3154
vn 0.8807 -0.4031 0.2487
vn 0.3249 -0.8848 0.3342
vn 0.7532 -0.5978 0.2744
vn 0.3254 -0.8986 0.2944
vn 0.7614 -0.6022 0.2401
vn 0.8906 -0.4120 0.1928
vn 0.3273 -0.9153 0.2348
vn 0.6068 -0.7635 0.2212
vn 0.6857 -0.6974 0.2083
vn 0.8820 -0.4453 0.1541
vn 0.3297 -0.9318 0.1521
vn 0.6885 -0.7125 0.1351
vn 0.8936 -0.4382 0.0972
vn 0.3313 -0.9410 0.0693
vn 0.6109 -0.7890 0.0649
vn 0.3311 -0.9435 0.0102
vn 0.6119 -0.7909 0.0095
vn 0.8918 -0.4524 0.0065
vn 0.3311 -0.9422 -0.0515
vn 0.6117 -0.7897 -0.0467
vn 0.7683 -0.6388 -0.0404
vn 0.8826 -0.4690 -0.0327
vn 0.3305 -0.9335 -0.1393
vn 0.8957 -0.4361 -0.0864
vn 0.3284 -0.9167 -0.2277
vn 0.3267 -0.8990 -0.2916
vn 0.7668 -0.5978 -0.2339
vn 0.8868 -0.4251 -0.1812
vn 0.3262 -0.8841 -0.3346
vn 0.3244 -0.8599 -0.3942
vn 0.7569 -0.5790 -0.3030
vn 0.8816 -0.4056 -0.2412
vn 0.3213 -0.8311 -0.4539
vn 0.6776 -0.6232 -0.3905
vn 0.7523 -0.5512 -0.3608
vn 0.8785 -0.3823 -0.2865
vn 0.3196 -0.8066 -0.4972
vn 0.3177 -0.7793 -0.5402
vn 0.6658 -0.5922 -0.4539
vn 0.7457 -0.5193 -0.4175
vn 0.8780 -0.3425 -0.3344
vn 0.3130 -0.7371 -0.5990
vn 0.3060 -0.6891 -0.6569
vn 0.7359 -0.4370 -0.5172
vn 0.8629 -0.2987 -0.4077
vn 0.3016 -0.6499 -0.6976
vn 0.2966 -0.6072 -0.7371
vn 0.7212 -0.3892 -0.5731
vn 0.8585 -0.2377 -0.4544
vn 0.2864 -0.5432 -0.7892
vn 0.2727 -0.4731 -0.8377
vn 0.7043 -0.2677 -0.6575
vn 0.8378 -0.1657 -0.5202
vn 0.2635 -0.4178 -0.8695
vn 0.2533 -0.3593 -0.8982
vn 0.6851 -0.1975 -0.7012
vn 0.8298 -0.0851 -0.5515
vn 0.2346 -0.2747 -0.9325
vn 0.2114 -0.1862 -0.9595
vn 0.6624 -0.0391 -0.7481
vn 0.8040 0.0143 -0.5945
vn 0.1952 -0.1195 -0.9735
vn 0.1677 -0.0292 -0.9854
vn 0.6360 0.0628 -0.7691
vn 0.7914 0.1246 -0.5984
vn 0.1223 0.0963 -0.9878
vn 0.0709 0.2185 -0.9733
vn 0.7567 0.2605 -0.5996
vn 0.3108 0.0863 -0.9465
vn 0.4565 0.0892 -0.8853
vn 0.5466 0.0902 -0.8325
vn 0.6389 0.0892 -0.7641
vn 0.7936 0.0848 -0.6025
vn -1.0000 0.0001 -0.0000
vt 0.236619 0.014488
vt 0.260098 0.009424
vt 0.260099 0.009421
vt 0.088597 0.501633
vt 0.051060 0.544881
vt 0.079516 0.550494
vt 0.052210 0.520069
vt -0.002098 0.552528
vt -0.008171 0.527261
vt -0.002053 0.552574
vt -0.008175 0.527267
vt 0.052114 0.492647
vt -0.014053 0.500000
vt -0.014151 0.500001
vt 0.052535 0.464904
vt -0.008171 0.472739
vt -0.008175 0.472734
vt -0.008171 0.472739
vt 0.086451 0.444803
vt 0.051770 0.439069
vt -0.002098 0.447472
vt -0.002051 0.447458
vt 0.947563 0.464216
vt 1.002098 0.447472
vt 0.948292 0.438887
vt 1.008170 0.472739
vt 1.002052 0.447426
vt 1.008174 0.472733
vt 0.911599 0.500525
vt 0.913632 0.443816
vt 0.947976 0.491878
vt 1.014051 0.500000
vt 1.014149 0.499999
vt 0.947919 0.519652
vt 1.008170 0.527261
vt 1.008175 0.527266
vt 0.949248 0.545104
vt 1.002098 0.552528
vt 1.002056 0.552507
vt 0.952524 0.557630
vt 1.000187 0.575157
vt 1.000049 0.576464
vt 0.047216 0.558642
vt -0.000167 0.572921
vt -0.000043 0.573883
vt 0.000000 0.574220
vt 0.080152 0.421258
vt 0.048027 0.423808
vt -0.000142 0.424039
vt -0.000037 0.423327
vt 0.919905 0.420337
vt 0.951987 0.423914
vt 1.000136 0.426510
vt 1.000035 0.425969
vt 1.000000 0.425780
vt 0.047481 0.287416
vt 0.000000 0.308659
vt -0.000011 0.308739
vt 0.000000 0.423077
vt 0.045736 0.272314
vt 0.001982 0.283928
vt 0.001998 0.283830
vt 0.072756 0.259476
vt 0.045903 0.257451
vt 0.003555 0.259753
vt 0.003571 0.259646
vt 0.003577 0.259609
vt 0.002004 0.283796
vt 0.048367 0.239207
vt 0.004400 0.242549
vt 0.004364 0.242541
vt 0.004351 0.242538
vt 0.003577 0.259609
vt 0.007033 0.226249
vt 0.007014 0.226243
vt 0.007007 0.226241
vt 0.004351 0.242538
vt 0.084933 0.206664
vt 0.074573 0.240144
vt 0.053345 0.217032
vt 0.011237 0.209703
vt 0.011216 0.209696
vt 0.007007 0.226241
vt 0.058663 0.201396
vt 0.017493 0.190829
vt 0.017474 0.190820
vt 0.017467 0.190817
vt 0.011208 0.209694
vt 0.067903 0.181598
vt 0.024135 0.174686
vt 0.024120 0.174678
vt 0.024114 0.174675
vt 0.017467 0.190817
vt 0.031922 0.159500
vt 0.031907 0.159492
vt 0.031902 0.159489
vt 0.106992 0.166707
vt 0.079163 0.161979
vt 0.041328 0.144332
vt 0.041315 0.144320
vt 0.089625 0.147515
vt 0.053422 0.127408
vt 0.053410 0.127396
vt 0.053406 0.127392
vt 0.041310 0.144316
vt 0.105430 0.129735
vt 0.064964 0.113268
vt 0.064954 0.113259
vt 0.064950 0.113256
vt 0.053406 0.127392
vt 0.077352 0.100227
vt 0.077342 0.100218
vt 0.077339 0.100215
vt 0.064950 0.113256
vt 0.123286 0.112539
vt 0.091352 0.087478
vt 0.091345 0.087465
vt 0.141524 0.130414
vt 0.138608 0.100329
vt 0.108459 0.073659
vt 0.108453 0.073647
vt 0.108451 0.073643
vt 0.091342 0.087461
vt 0.160340 0.085992
vt 0.124085 0.062477
vt 0.124079 0.062469
vt 0.124076 0.062466
vt 0.108451 0.073643
vt 0.140230 0.052470
vt 0.140224 0.052463
vt 0.124076 0.062466
vt 0.183826 0.072826
vt 0.157898 0.043018
vt 0.157895 0.043006
vt 0.140222 0.052460
vt 0.198244 0.093111
vt 0.203210 0.063856
vt 0.178852 0.033246
vt 0.178850 0.033235
vt 0.178850 0.033231
vt 0.157894 0.043002
vt 0.232205 0.053287
vt 0.197469 0.025777
vt 0.197464 0.025770
vt 0.197463 0.025767
vt 0.216276 0.019498
vt 0.216267 0.019482
vt 0.197463 0.025767
vt 0.256575 0.046325
vt 0.236618 0.014496
vt 0.259838 0.069485
vt 0.278712 0.042055
vt 0.260095 0.009433
vt 0.236619 0.014487
vt 0.216264 0.019477
vt 0.304711 0.061522
vt 0.299649 0.039542
vt 0.280402 0.005650
vt 0.280396 0.005635
vt 0.280394 0.005629
vt 0.719599 0.005629
vt 0.280394 0.005629
vt 0.698744 0.061631
vt 0.702663 0.039617
vt 0.719600 0.005650
vt 0.719606 0.005635
vt 0.723536 0.042136
vt 0.739907 0.009433
vt 0.739902 0.009425
vt 0.743609 0.069628
vt 0.745574 0.046406
vt 0.763384 0.014497
vt 0.763382 0.014488
vt 0.739901 0.009421
vt 0.769831 0.053360
vt 0.783724 0.019499
vt 0.783733 0.019482
vt 0.783736 0.019477
vt 0.763381 0.014484
vt 0.802531 0.025777
vt 0.802536 0.025770
vt 0.802537 0.025767
vt 0.804530 0.093099
vt 0.798624 0.063889
vt 0.821149 0.033247
vt 0.821150 0.033236
vt 0.802537 0.025767
vt 0.817846 0.072727
vt 0.842103 0.043019
vt 0.842105 0.043007
vt 0.821151 0.033231
vt 0.841189 0.085923
vt 0.859770 0.052471
vt 0.859776 0.052463
vt 0.859779 0.052460
vt 0.842106 0.043002
vt 0.875914 0.062478
vt 0.875921 0.062469
vt 0.851924 0.122367
vt 0.862711 0.100144
vt 0.891541 0.073661
vt 0.891547 0.073647
vt 0.875924 0.062466
vt 0.877863 0.112242
vt 0.908648 0.087479
vt 0.908656 0.087466
vt 0.891549 0.073643
vt 0.895512 0.129275
vt 0.922647 0.100228
vt 0.922657 0.100219
vt 0.922661 0.100215
vt 0.908658 0.087461
vt 0.935034 0.113268
vt 0.935050 0.113256
vt 0.911123 0.146872
vt 0.946577 0.127410
vt 0.935046 0.113259
vt 0.946590 0.127397
vt 0.921436 0.161161
vt 0.958670 0.144332
vt 0.958685 0.144320
vt 0.946594 0.127392
vt 0.887782 0.158139
vt 0.932536 0.180566
vt 0.968077 0.159501
vt 0.968092 0.159492
vt 0.968098 0.159489
vt 0.958690 0.144316
vt 0.975863 0.174686
vt 0.975880 0.174678
vt 0.941663 0.200211
vt 0.982505 0.190828
vt 0.982526 0.190820
vt 0.975886 0.174675
vt 0.946906 0.215685
vt 0.988761 0.209701
vt 0.988784 0.209696
vt 0.982533 0.190817
vt 0.915578 0.204652
vt 0.951805 0.237705
vt 0.992966 0.226248
vt 0.992986 0.226243
vt 0.992993 0.226241
vt 0.988792 0.209694
vt 0.995599 0.242547
vt 0.995636 0.242540
vt 0.992993 0.226241
vt 0.927475 0.257128
vt 0.925716 0.237756
vt 0.954238 0.256000
vt 0.996444 0.259758
vt 0.996429 0.259649
vt 0.995649 0.242538
vt 0.954388 0.271059
vt 0.998018 0.284182
vt 0.998001 0.284085
vt 0.997996 0.284050
vt 0.996423 0.259611
vt 0.952643 0.286382
vt 1.000000 0.309351
vt 1.000010 0.309431
vt 0.997996 0.284050
vt 0.920109 0.548431
vt 0.951465 0.717619
vt 1.000000 0.692044
vt 1.000019 0.691864
vt 1.000000 0.576923
vt 0.926047 0.752151
vt 0.923261 0.728392
vt 0.953764 0.731598
vt 0.998005 0.716340
vt 0.997988 0.716432
vt 0.953795 0.745471
vt 0.996432 0.740258
vt 0.996416 0.740359
vt 0.997983 0.716465
vt 0.951450 0.763079
vt 0.995600 0.757451
vt 0.995636 0.757459
vt 0.995649 0.757462
vt 0.996410 0.740395
vt 0.992967 0.773751
vt 0.992986 0.773757
vt 0.992993 0.773759
vt 0.914828 0.796870
vt 0.946534 0.784957
vt 0.988763 0.790298
vt 0.988784 0.790305
vt 0.992993 0.773759
vt 0.941243 0.800438
vt 0.982507 0.809172
vt 0.982526 0.809181
vt 0.982533 0.809184
vt 0.988792 0.790307
vt 0.932023 0.820183
vt 0.975865 0.825314
vt 0.975880 0.825322
vt 0.975886 0.825325
vt 0.982533 0.809184
vt 0.968078 0.840500
vt 0.968093 0.840508
vt 0.968098 0.840511
vt 0.892870 0.836394
vt 0.920773 0.839772
vt 0.958672 0.855669
vt 0.958686 0.855681
vt 0.910323 0.854225
vt 0.946578 0.872592
vt 0.946590 0.872604
vt 0.946594 0.872609
vt 0.958690 0.855685
vt 0.894522 0.872012
vt 0.935036 0.886733
vt 0.935046 0.886741
vt 0.935050 0.886744
vt 0.946594 0.872609
vt 0.922648 0.899773
vt 0.922658 0.899782
vt 0.922661 0.899785
vt 0.935050 0.886744
vt 0.876674 0.889213
vt 0.908649 0.912523
vt 0.908656 0.912535
vt 0.858397 0.872558
vt 0.861363 0.901433
vt 0.891542 0.926339
vt 0.891547 0.926351
vt 0.891549 0.926356
vt 0.908658 0.912540
vt 0.839633 0.915804
vt 0.875915 0.937523
vt 0.875921 0.937531
vt 0.875924 0.937534
vt 0.859770 0.947530
vt 0.859776 0.947538
vt 0.859779 0.947540
vt 0.816151 0.928989
vt 0.842102 0.956983
vt 0.842105 0.956994
vt 0.859779 0.947540
vt 0.801706 0.909899
vt 0.796773 0.937976
vt 0.821148 0.966754
vt 0.821150 0.966765
vt 0.821151 0.966769
vt 0.842106 0.956998
vt 0.767790 0.948560
vt 0.802531 0.974223
vt 0.802536 0.974230
vt 0.802537 0.974233
vt 0.783724 0.980502
vt 0.783733 0.980518
vt 0.743423 0.955531
vt 0.763382 0.985505
vt 0.763381 0.985513
vt 0.783736 0.980523
vt 0.740141 0.933568
vt 0.721288 0.959839
vt 0.739906 0.990568
vt 0.739902 0.990576
vt 0.739901 0.990579
vt 0.763381 0.985516
vt 0.695117 0.941656
vt 0.700366 0.962406
vt 0.719603 0.994350
vt 0.719609 0.994365
vt 0.719642 0.994369
vt 0.739901 0.990579
vt 0.301207 0.941500
vt 0.297359 0.962316
vt 0.280400 0.994350
vt 0.280395 0.994365
vt 0.276487 0.959735
vt 0.260093 0.990567
vt 0.260098 0.990575
vt 0.280337 0.994363
vt 0.256455 0.933380
vt 0.254454 0.955427
vt 0.236616 0.985503
vt 0.236618 0.985512
vt 0.260099 0.990579
vt 0.230207 0.948459
vt 0.216276 0.980501
vt 0.216267 0.980518
vt 0.216264 0.980523
vt 0.236619 0.985516
vt 0.197469 0.974223
vt 0.197464 0.974230
vt 0.197463 0.974233
vt 0.195589 0.909950
vt 0.201415 0.937906
vt 0.178851 0.966753
vt 0.178850 0.966765
vt 0.197463 0.974233
vt 0.182054 0.928535
vt 0.157898 0.956982
vt 0.157895 0.956994
vt 0.178850 0.966769
vt 0.158860 0.915828
vt 0.140230 0.947529
vt 0.140224 0.947537
vt 0.140222 0.947540
vt 0.157894 0.956998
vt 0.124086 0.937522
vt 0.124079 0.937531
vt 0.148190 0.880537
vt 0.137343 0.901571
vt 0.108460 0.926342
vt 0.108454 0.926355
vt 0.124076 0.937534
vt 0.122192 0.889453
vt 0.091352 0.912521
vt 0.091345 0.912534
vt 0.108452 0.926360
vt 0.104553 0.872415
vt 0.077353 0.899772
vt 0.077343 0.899781
vt 0.077339 0.899785
vt 0.091342 0.912539
vt 0.064965 0.886732
vt 0.064954 0.886741
vt 0.088948 0.854810
vt 0.053424 0.872591
vt 0.053411 0.872604
vt 0.064950 0.886744
vt 0.078645 0.840521
vt 0.041330 0.855668
vt 0.041315 0.855680
vt 0.053406 0.872608
vt 0.112380 0.844830
vt 0.067560 0.821159
vt 0.031923 0.840500
vt 0.031908 0.840508
vt 0.031902 0.840511
vt 0.041310 0.855684
vt 0.024137 0.825314
vt 0.024120 0.825322
vt 0.058454 0.801584
vt 0.017495 0.809171
vt 0.017475 0.809180
vt 0.024114 0.825325
vt 0.053233 0.786186
vt 0.011239 0.790299
vt 0.011216 0.790304
vt 0.017467 0.809183
vt 0.084696 0.798746
vt 0.048409 0.764487
vt 0.007034 0.773752
vt 0.007014 0.773757
vt 0.007007 0.773759
vt 0.011208 0.790306
vt 0.004401 0.757453
vt 0.004364 0.757460
vt 0.046087 0.746676
vt 0.003556 0.740241
vt 0.003571 0.740350
vt 0.004351 0.757462
vt 0.073748 0.754303
vt 0.046126 0.732506
vt 0.001982 0.715817
vt 0.001998 0.715915
vt 0.002004 0.715949
vt 0.003577 0.740389
vt 0.048414 0.718313
vt 0.000000 0.690649
vt -0.000018 0.690467
vt 0.076592 0.730135
vt 0.205638 0.022083
vt 0.195386 0.024598
vt 0.185985 0.026903
vt 0.226190 0.017043
vt 0.211818 0.020567
vt 0.239611 0.013839
vt 0.229102 0.016342
vt 0.205216 0.022187
vt 0.218308 0.018976
vt 0.277684 0.005629
vt 0.267474 0.007831
vt 0.287047 0.003610
vt 0.267895 0.007740
vt 0.261303 0.009162
vt 0.254867 0.010550
vt 0.258223 0.031982
vt 0.238764 0.014081
vt 0.247433 0.050825
vt 0.278580 0.043980
vt 0.266087 0.059865
vt 0.238743 0.036495
vt 0.253167 0.041296
vt 0.230159 0.043149
vt 0.272015 0.033333
vt 0.246011 0.030346
vt 0.224703 0.017054
vt 0.216428 0.018838
vt -0.008177 0.527270
vt -0.002030 0.552596
vt -0.008186 0.527283
vt -0.001936 0.552689
vt 0.035912 0.522595
vt 0.036567 0.547495
vt 0.055200 0.519602
vt 0.053754 0.544413
vt 0.076497 0.516347
vt 0.073230 0.541312
vt -0.008171 0.527261
vt -0.014199 0.500001
vt -0.014400 0.500003
vt 0.034908 0.494852
vt 0.055247 0.492234
vt 0.077372 0.489263
vt -0.008178 0.472732
vt -0.008188 0.472722
vt 0.036126 0.466827
vt 0.055546 0.464542
vt -0.002028 0.447451
vt -0.001931 0.447424
vt 0.037053 0.440910
vt 0.054501 0.438709
vt 0.076966 0.461870
vt 1.008176 0.472730
vt 1.002030 0.447404
vt 1.008185 0.472717
vt 1.001936 0.447311
vt 0.963948 0.466352
vt 0.962999 0.441008
vt 0.944558 0.463811
vt 0.945559 0.438468
vt 0.923163 0.460752
vt 0.925850 0.435176
vt 1.014197 0.499999
vt 1.014398 0.499997
vt 0.965147 0.494284
vt 0.944853 0.491426
vt 0.922762 0.488086
vt 1.008177 0.527268
vt 1.008187 0.527278
vt 0.964162 0.522362
vt 0.944939 0.519142
vt 1.002036 0.552496
vt 1.001951 0.552451
vt 0.963682 0.548096
vt 0.946560 0.544562
vt 0.923698 0.515508
vt 1.000073 0.576238
vt 1.000173 0.575294
vt 0.966244 0.562216
vt 0.949931 0.556830
vt 0.930915 0.551531
vt 0.927118 0.540916
vt -0.000065 0.573716
vt -0.000000 0.574220
vt -0.000154 0.573022
vt 0.033606 0.562679
vt 0.049798 0.557988
vt 0.068695 0.553377
vt -0.000055 0.423450
vt -0.000131 0.423964
vt 0.034255 0.424238
vt 0.050621 0.423675
vt 0.069601 0.422303
vt 0.074219 0.435871
vt 1.000053 0.426063
vt 1.000126 0.426453
vt 0.965742 0.424844
vt 0.949396 0.423696
vt 0.930442 0.421711
vt -0.000016 0.308778
vt -0.000038 0.308943
vt 0.035100 0.291995
vt 0.049771 0.286578
vt 0.001995 0.283847
vt 0.001983 0.283918
vt 0.033832 0.275790
vt 0.047949 0.271697
vt 0.063929 0.261300
vt 0.066238 0.281233
vt 0.003568 0.259665
vt 0.003557 0.259742
vt 0.034310 0.258629
vt 0.048066 0.257214
vt 0.004370 0.242542
vt 0.004396 0.242548
vt 0.035911 0.244061
vt 0.050509 0.239265
vt 0.007017 0.226244
vt 0.007031 0.226248
vt 0.038520 0.229635
vt 0.011219 0.209697
vt 0.011235 0.209702
vt 0.042053 0.215023
vt 0.055404 0.217721
vt 0.073040 0.213035
vt 0.065979 0.239922
vt 0.017477 0.190822
vt 0.017491 0.190828
vt 0.047602 0.198494
vt 0.060714 0.201943
vt 0.024122 0.174679
vt 0.024134 0.174685
vt 0.053751 0.184392
vt 0.069897 0.182310
vt 0.031910 0.159493
vt 0.031920 0.159499
vt 0.060803 0.170709
vt 0.041317 0.144322
vt 0.041327 0.144330
vt 0.068956 0.157133
vt 0.081060 0.162881
vt 0.099612 0.162809
vt 0.084242 0.187557
vt 0.053412 0.127398
vt 0.053421 0.127407
vt 0.079842 0.142000
vt 0.091443 0.148536
vt 0.064956 0.113260
vt 0.064963 0.113267
vt 0.090571 0.129347
vt 0.107088 0.130962
vt 0.077344 0.100220
vt 0.077351 0.100226
vt 0.102030 0.117369
vt 0.077339 0.100215
vt 0.091346 0.087467
vt 0.091351 0.087476
vt 0.114616 0.105674
vt 0.124901 0.113819
vt 0.143734 0.117488
vt 0.119530 0.139392
vt 0.108454 0.073649
vt 0.108458 0.073658
vt 0.130394 0.093033
vt 0.140136 0.101694
vt 0.124076 0.062466
vt 0.124080 0.062470
vt 0.124085 0.062476
vt 0.152738 0.078175
vt 0.161908 0.087357
vt 0.140222 0.052460
vt 0.140225 0.052464
vt 0.140229 0.052469
vt 0.157896 0.043008
vt 0.157897 0.043017
vt 0.176692 0.064613
vt 0.185209 0.074202
vt 0.195003 0.085223
vt 0.172392 0.097804
vt 0.178850 0.033237
vt 0.178852 0.033245
vt 0.196425 0.055497
vt 0.204486 0.065410
vt 0.197465 0.025771
vt 0.197469 0.025776
vt 0.214341 0.048548
vt 0.234303 0.054588
vt 0.220048 0.074353
vt 0.197463 0.025767
vt 0.216269 0.019485
vt 0.232152 0.042580
vt 0.248475 0.064473
vt 0.216275 0.019496
vt 0.260095 0.009432
vt 0.297413 0.054960
vt 0.260098 0.009426
vt 0.280400 0.005648
vt 0.272967 0.033086
vt 0.293718 0.030298
vt 0.300797 0.041264
vt 0.312755 0.003124
vt 0.280396 0.005637
vt 0.719543 0.005645
vt 0.708021 0.030360
vt 0.701517 0.041337
vt 0.719567 0.005635
vt 0.703066 0.054792
vt 0.739903 0.009426
vt 0.739907 0.009433
vt 0.728668 0.033144
vt 0.722548 0.043817
vt 0.763382 0.014489
vt 0.763384 0.014496
vt 0.750887 0.037628
vt 0.744555 0.048045
vt 0.736963 0.059979
vt 0.783736 0.019477
vt 0.783731 0.019485
vt 0.783725 0.019497
vt 0.769344 0.042664
vt 0.768866 0.055006
vt 0.802535 0.025771
vt 0.802532 0.025776
vt 0.787073 0.048587
vt 0.821150 0.033238
vt 0.821149 0.033246
vt 0.804914 0.055525
vt 0.797438 0.065437
vt 0.798287 0.081070
vt 0.760572 0.066598
vt 0.842105 0.043009
vt 0.842103 0.043018
vt 0.824549 0.064614
vt 0.816586 0.074239
vt 0.859775 0.052464
vt 0.859770 0.052470
vt 0.848468 0.078178
vt 0.839825 0.087356
vt 0.875920 0.062471
vt 0.875915 0.062477
vt 0.891546 0.073650
vt 0.891541 0.073659
vt 0.870560 0.092891
vt 0.861252 0.101501
vt 0.857947 0.117089
vt 0.829934 0.097801
vt 0.908654 0.087468
vt 0.908649 0.087478
vt 0.886222 0.105457
vt 0.876311 0.113513
vt 0.922656 0.100220
vt 0.922648 0.100227
vt 0.898699 0.117072
vt 0.893747 0.130316
vt 0.935044 0.113261
vt 0.935036 0.113267
vt 0.910067 0.128970
vt 0.935050 0.113256
vt 0.946588 0.127399
vt 0.946578 0.127408
vt 0.920701 0.141526
vt 0.909344 0.147862
vt 0.901364 0.161812
vt 0.881614 0.138549
vt 0.958682 0.144322
vt 0.958672 0.144331
vt 0.931481 0.156541
vt 0.919570 0.162024
vt 0.968090 0.159494
vt 0.968079 0.159500
vt 0.939552 0.170013
vt 0.930572 0.181227
vt 0.975877 0.174679
vt 0.975865 0.174685
vt 0.946538 0.183577
vt 0.982522 0.190821
vt 0.982507 0.190827
vt 0.952634 0.197589
vt 0.939624 0.200662
vt 0.927350 0.211185
vt 0.916393 0.186119
vt 0.988780 0.209697
vt 0.988764 0.209701
vt 0.958130 0.214024
vt 0.944822 0.215947
vt 0.992982 0.226244
vt 0.992968 0.226248
vt 0.961628 0.228574
vt 0.949674 0.237682
vt 0.995630 0.242542
vt 0.995603 0.242547
vt 0.964212 0.242989
vt 0.996431 0.259668
vt 0.996443 0.259747
vt 0.965790 0.257595
vt 0.952078 0.255689
vt 0.936342 0.253218
vt 0.934273 0.237832
vt 0.998004 0.284102
vt 0.998016 0.284172
vt 0.966255 0.274953
vt 0.952181 0.270349
vt 1.000016 0.309470
vt 1.000037 0.309633
vt 0.964990 0.291412
vt 0.950361 0.285503
vt 0.935760 0.267965
vt 1.000028 0.691775
vt 1.000067 0.691404
vt 0.964076 0.712027
vt 0.949140 0.718594
vt 0.997991 0.716416
vt 0.998004 0.716349
vt 0.965824 0.726969
vt 0.951521 0.732454
vt 0.935426 0.742799
vt 0.932402 0.725175
vt 0.996418 0.740342
vt 0.996430 0.740268
vt 0.965509 0.743267
vt 0.951603 0.745920
vt 0.995630 0.757458
vt 0.995603 0.757452
vt 0.963973 0.757489
vt 0.949354 0.762860
vt 0.933843 0.762992
vt 0.995649 0.757462
vt 0.992983 0.773756
vt 0.992969 0.773752
vt 0.961396 0.771753
vt 0.988781 0.790304
vt 0.988765 0.790299
vt 0.957883 0.786268
vt 0.944429 0.784701
vt 0.929155 0.783176
vt 0.982523 0.809179
vt 0.982509 0.809173
vt 0.952347 0.802744
vt 0.939178 0.800053
vt 0.922653 0.800667
vt 0.975878 0.825321
vt 0.975866 0.825315
vt 0.946203 0.816832
vt 0.930228 0.819192
vt 0.968090 0.840507
vt 0.968080 0.840501
vt 0.939159 0.830509
vt 0.912357 0.821350
vt 0.958683 0.855679
vt 0.958673 0.855670
vt 0.931008 0.844076
vt 0.918872 0.838969
vt 0.905092 0.833252
vt 0.946588 0.872602
vt 0.946579 0.872594
vt 0.920121 0.859249
vt 0.908500 0.853295
vt 0.895286 0.846635
vt 0.946594 0.872609
vt 0.935044 0.886740
vt 0.935037 0.886733
vt 0.904010 0.877527
vt 0.893178 0.870556
vt 0.881330 0.862220
vt 0.922656 0.899780
vt 0.922649 0.899774
vt 0.922661 0.899785
vt 0.908655 0.912533
vt 0.908649 0.912524
vt 0.885362 0.895579
vt 0.875059 0.888030
vt 0.857466 0.884096
vt 0.908658 0.912540
vt 0.891546 0.926349
vt 0.891542 0.926341
vt 0.869584 0.908243
vt 0.859831 0.900169
vt 0.875920 0.937530
vt 0.875916 0.937524
vt 0.847520 0.922953
vt 0.838573 0.914219
vt 0.828969 0.903962
vt 0.859775 0.947536
vt 0.859771 0.947531
vt 0.842104 0.956992
vt 0.842102 0.956984
vt 0.823292 0.936711
vt 0.814776 0.927671
vt 0.804951 0.917401
vt 0.842106 0.956998
vt 0.821150 0.966763
vt 0.821149 0.966755
vt 0.803567 0.945824
vt 0.789486 0.938821
vt 0.781151 0.927817
vt 0.802535 0.974229
vt 0.802532 0.974224
vt 0.785653 0.952788
vt 0.802538 0.974233
vt 0.783731 0.980515
vt 0.783725 0.980504
vt 0.767844 0.958761
vt 0.760346 0.949133
vt 0.742241 0.940604
vt 0.763382 0.985512
vt 0.763383 0.985506
vt 0.749326 0.963773
vt 0.742295 0.953990
vt 0.739903 0.990575
vt 0.739905 0.990568
vt 0.727039 0.968289
vt 0.720187 0.958259
vt 0.702575 0.947785
vt 0.719272 0.994390
vt 0.719603 0.994352
vt 0.706433 0.971109
vt 0.699215 0.960794
vt 0.533577 0.953188
vt 0.280193 0.994352
vt 0.280381 0.994350
vt 0.291888 0.971040
vt 0.298349 0.960685
vt 0.295439 0.947773
vt 0.260099 0.990579
vt 0.260097 0.990574
vt 0.260093 0.990568
vt 0.277475 0.958151
vt 0.236618 0.985511
vt 0.236616 0.985504
vt 0.271345 0.968219
vt 0.249129 0.963700
vt 0.255474 0.953883
vt 0.216269 0.980515
vt 0.216275 0.980503
vt 0.230691 0.958698
vt 0.237541 0.949037
vt 0.254808 0.940454
vt 0.197465 0.974229
vt 0.197468 0.974224
vt 0.212950 0.952729
vt 0.208664 0.938784
vt 0.178850 0.966763
vt 0.178851 0.966754
vt 0.195114 0.945777
vt 0.157896 0.956992
vt 0.157897 0.956983
vt 0.175392 0.936440
vt 0.183459 0.927624
vt 0.216350 0.927752
vt 0.140225 0.947536
vt 0.140230 0.947530
vt 0.151339 0.922950
vt 0.159797 0.914225
vt 0.192675 0.917353
vt 0.124080 0.937529
vt 0.124085 0.937523
vt 0.108452 0.926360
vt 0.108455 0.926353
vt 0.108459 0.926343
vt 0.129471 0.908340
vt 0.138806 0.900311
vt 0.168853 0.903951
vt 0.091342 0.912539
vt 0.108452 0.926360
vt 0.091346 0.912532
vt 0.091352 0.912523
vt 0.113816 0.895757
vt 0.123756 0.888288
vt 0.140709 0.884268
vt 0.077344 0.899780
vt 0.077352 0.899773
vt 0.101341 0.884133
vt 0.105920 0.871043
vt 0.064956 0.886739
vt 0.064964 0.886733
vt 0.089971 0.872218
vt 0.053406 0.872608
vt 0.053413 0.872601
vt 0.053422 0.872592
vt 0.079341 0.859644
vt 0.090735 0.853907
vt 0.117458 0.862879
vt 0.041318 0.855678
vt 0.041329 0.855669
vt 0.068564 0.844627
vt 0.080522 0.839771
vt 0.097868 0.839483
vt 0.031902 0.840511
vt 0.031910 0.840506
vt 0.031922 0.840500
vt 0.060498 0.831173
vt 0.069295 0.820137
vt 0.031902 0.840511
vt 0.024123 0.825321
vt 0.024135 0.825315
vt 0.053517 0.817597
vt 0.017478 0.809178
vt 0.017493 0.809172
vt 0.047430 0.803588
vt 0.060503 0.801246
vt 0.083169 0.815370
vt 0.011220 0.790303
vt 0.011236 0.790299
vt 0.041950 0.787211
vt 0.055317 0.785876
vt 0.072450 0.790480
vt 0.007018 0.773756
vt 0.007032 0.773753
vt 0.038472 0.772743
vt 0.050486 0.764273
vt 0.004351 0.757462
vt 0.004370 0.757458
vt 0.004397 0.757453
vt 0.035924 0.758462
vt 0.003569 0.740332
vt 0.003557 0.740253
vt 0.034406 0.744118
vt 0.048272 0.747181
vt 0.065939 0.764851
vt 0.001996 0.715898
vt 0.001984 0.715827
vt 0.034096 0.727468
vt 0.048362 0.733427
vt 0.064403 0.744464
vt -0.000027 0.690377
vt -0.000064 0.690001
vt 0.035821 0.712148
vt 0.050723 0.719266
vt 0.067419 0.726434
vt 0.224581 0.017437
vt 0.000000 0.423077
vt 0.011208 0.209694
vt 0.157894 0.043002
vt 0.216264 0.019477
vt 0.739901 0.009421
vt 0.842106 0.043002
vt 0.908658 0.087461
vt 0.946594 0.127392
vt 0.958690 0.144316
vt 0.975886 0.174675
vt 0.982533 0.190817
vt 0.996423 0.259611
vt 0.997982 0.716465
vt 0.996410 0.740395
vt 0.958690 0.855685
vt 0.908658 0.912540
vt 0.763381 0.985516
vt 1.008170 0.472739
vt 0.157894 0.043002
vt 0.763381 0.014484
vt 0.908658 0.087461
vt 0.935050 0.113256
vt 0.842106 0.956998
s 0
usemtl Black-Material
f 1056/1418/1231 1053/1419/1231 1917/1420/1231
f 983/1421/1232 982/1422/1232 967/1423/1232
f 984/1424/1233 981/1425/1233 982/1422/1233
f 985/1426/1234 980/1427/1234 981/1425/1234
f 986/1428/1235 979/1425/1235 980/1427/1235
f 988/1429/1236 985/1426/1236 984/1424/1236
f 989/1430/1237 986/1428/1237 985/1426/1237
f 990/1431/1238 1409/1426/1238 986/1428/1238
f 983/1421/1239 993/1432/1239 988/1429/1239
f 988/1429/1240 994/1433/1240 989/1430/1240
f 989/1430/1241 995/1434/1241 990/1431/1241
f 990/1431/1242 992/1435/1242 987/1430/1242
f 991/1436/1243 997/1437/1243 993/1432/1243
f 993/1432/1244 998/1438/1244 994/1433/1244
f 994/1433/1245 999/1439/1245 995/1434/1245
f 995/1434/1246 996/1438/1246 992/1435/1246
f 1009/1440/1247 1007/1441/1247 1008/1442/1247
f 1010/1443/1248 1006/1444/1248 1007/1441/1248
f 1011/1445/1249 1004/1441/1249 1006/1444/1249
f 1012/1446/1250 1009/1440/1250 1005/1447/1250
f 1014/1448/1251 1010/1443/1251 1009/1440/1251
f 1015/1449/1252 1011/1445/1252 1010/1443/1252
f 1016/1450/1253 1440/1443/1253 1011/1445/1253
f 1012/1446/1254 1017/1451/1254 1014/1448/1254
f 1014/1448/1255 1018/1452/1255 1015/1449/1255
f 1015/1449/1256 1019/1453/1256 1016/1450/1256
f 1016/1450/1257 1451/1452/1257 1013/1449/1257
f 1012/1446/1258 1022/1454/1258 1017/1451/1258
f 1017/1451/1259 1023/1455/1259 1018/1452/1259
f 1018/1452/1260 1024/1456/1260 1019/1453/1260
f 1019/1453/1261 1021/1455/1261 1451/1452/1261
f 1001/1457/1262 1023/1455/1262 1022/1454/1262
f 1002/1458/1263 1024/1456/1263 1023/1455/1263
f 1003/1459/1264 1021/1455/1264 1024/1456/1264
f 967/1423/1265 982/1422/1265 970/1460/1265
f 970/1460/1266 981/1425/1266 969/1461/1266
f 969/1461/1267 980/1427/1267 968/1462/1267
f 968/1462/1268 979/1425/1268 966/1463/1268
f 971/1464/1269 997/1437/1269 991/1436/1269
f 972/1465/1270 998/1438/1270 997/1437/1270
f 973/1466/1271 999/1439/1271 998/1438/1271
f 974/1467/1272 996/1438/1272 999/1439/1272
f 975/1468/1273 1008/1442/1273 978/1469/1273
f 978/1469/1274 1007/1441/1274 977/1470/1274
f 977/1470/1275 1006/1444/1275 976/1471/1275
f 976/1471/1276 1004/1441/1276 1399/1472/1276
f 971/1464/1277 1035/1473/1277 972/1465/1277
f 972/1465/1278 1036/1474/1278 973/1466/1278
f 973/1466/1279 1037/1475/1279 974/1467/1279
f 974/1467/1280 1034/1474/1280 1392/1476/1280
f 1043/1477/1281 1036/1474/1281 1035/1473/1281
f 1044/1478/1282 1037/1475/1282 1036/1474/1282
f 1045/1479/1283 1034/1474/1283 1037/1475/1283
f 1033/1480/1284 1039/1481/1284 1043/1477/1284
f 1043/1477/1285 1040/1482/1285 1044/1478/1285
f 1044/1478/1286 1041/1483/1286 1045/1479/1286
f 1045/1479/1287 1038/1484/1287 1042/1485/1287
f 1033/1480/1288 1103/1486/1288 1039/1481/1288
f 1039/1481/1289 1031/1487/1289 1040/1482/1289
f 1040/1482/1290 1032/1488/1290 1041/1483/1290
f 1041/1483/1291 1030/1489/1291 1038/1490/1291
f 1103/1486/1292 1104/1491/1292 1031/1487/1292
f 1031/1487/1293 1105/1492/1293 1032/1488/1293
f 1032/1488/1294 1102/1493/1294 1030/1494/1294
f 1110/1495/1295 1103/1486/1295 1029/1496/1295
f 1112/1497/1296 1104/1491/1296 1103/1486/1296
f 1113/1498/1297 1105/1492/1297 1104/1491/1297
f 1114/1499/1298 1102/1500/1298 1105/1492/1298
f 1110/1495/1299 1107/1501/1299 1112/1497/1299
f 1112/1497/1300 1108/1502/1300 1113/1498/1300
f 1113/1498/1301 1109/1503/1301 1114/1499/1301
f 1114/1499/1302 1106/1504/1302 1111/1505/1302
f 1110/1495/1303 1088/1506/1303 1107/1501/1303
f 1107/1501/1304 1100/1507/1304 1108/1502/1304
f 1108/1502/1305 1101/1508/1305 1109/1503/1305
f 1109/1503/1306 1099/1509/1306 1106/1510/1306
f 1088/1506/1307 1089/1511/1307 1100/1507/1307
f 1100/1507/1308 1090/1512/1308 1101/1508/1308
f 1101/1508/1309 1548/1513/1309 1099/1509/1309
f 1095/1514/1310 1088/1506/1310 1110/1495/1310
f 1096/1515/1311 1089/1511/1311 1088/1506/1311
f 1097/1516/1312 1090/1512/1312 1089/1511/1312
f 1098/1517/1313 1548/1513/1313 1090/1512/1313
f 1095/1514/1314 1092/1518/1314 1096/1515/1314
f 1096/1515/1315 1093/1519/1315 1097/1516/1315
f 1097/1516/1316 1094/1520/1316 1098/1517/1316
f 1098/1517/1317 1091/1521/1317 1559/1522/1317
f 1095/1514/1318 1073/1523/1318 1092/1518/1318
f 1092/1518/1319 1086/1524/1319 1093/1519/1319
f 1093/1519/1320 1087/1525/1320 1094/1520/1320
f 1094/1520/1321 1085/1526/1321 1091/1527/1321
f 1073/1523/1322 1074/1528/1322 1086/1524/1322
f 1086/1524/1323 1075/1529/1323 1087/1525/1323
f 1087/1525/1324 1530/1530/1324 1085/1531/1324
f 1081/1532/1325 1074/1528/1325 1073/1523/1325
f 1082/1533/1326 1075/1529/1326 1074/1528/1326
f 1083/1534/1327 1530/1530/1327 1075/1529/1327
f 1084/1535/1328 1077/1536/1328 1081/1532/1328
f 1081/1532/1329 1078/1537/1329 1082/1533/1329
f 1082/1533/1330 1079/1538/1330 1083/1534/1330
f 1083/1534/1331 1076/1539/1331 1080/1540/1331
f 1084/1535/1332 1060/1541/1332 1077/1536/1332
f 1077/1536/1333 1071/1542/1333 1078/1537/1333
f 1078/1537/1334 1072/1543/1334 1079/1538/1334
f 1079/1538/1335 1527/1544/1335 1076/1545/1335
f 1060/1541/1336 1061/1546/1336 1071/1542/1336
f 1071/1542/1337 1062/1547/1337 1072/1543/1337
f 1062/1547/1338 1527/1548/1338 1072/1543/1338
f 1067/1549/1339 1061/1546/1339 1060/1541/1339
f 1068/1550/1340 1062/1547/1340 1061/1546/1340
f 1069/1551/1341 1511/1552/1341 1062/1547/1341
f 1070/1553/1342 1064/1554/1342 1067/1549/1342
f 1067/1549/1343 1065/1555/1343 1068/1550/1343
f 1068/1550/1344 1066/1556/1344 1069/1551/1344
f 1069/1551/1345 1063/1557/1345 1521/1558/1345
f 1070/1553/1346 1047/1559/1346 1064/1554/1346
f 1064/1554/1347 1058/1560/1347 1065/1555/1347
f 1065/1555/1348 1059/1561/1348 1066/1556/1348
f 1066/1556/1349 1507/1562/1349 1063/1557/1349
f 1048/1563/1350 1059/1561/1350 1058/1560/1350
f 1049/1564/1351 1507/1565/1351 1059/1561/1351
f 1054/1566/1352 1048/1563/1352 1047/1559/1352
f 1055/1567/1353 1049/1564/1353 1048/1563/1353
f 1057/1568/1354 1051/1569/1354 1054/1566/1354
f 1054/1566/1355 1052/1570/1355 1055/1567/1355
f 1055/1567/1356 1053/1419/1356 1056/1418/1356
f 1049/1564/1357 1056/1571/1357 1918/1572/1357
f 1050/1573/1358 1028/1574/1358 1051/1569/1358
f 1051/1569/1359 1026/1575/1359 1052/1570/1359
f 1052/1570/1360 1027/1576/1360 1053/1419/1360
f 1053/1419/1361 1046/1577/1361 1917/1420/1361
f 1027/1576/1362 1674/1578/1362 1046/1579/1362
f 1025/1580/1363 1028/1574/1363 1050/1573/1363
f 1197/1581/1364 1198/1582/1364 1026/1575/1364
f 1026/1575/1365 1199/1583/1365 1027/1576/1365
f 1199/1583/1362 1674/1578/1362 1027/1576/1362
f 1205/1584/1366 1198/1582/1366 1197/1581/1366
f 1206/1585/1367 1199/1583/1367 1198/1582/1367
f 1207/1586/1368 1674/1578/1368 1199/1583/1368
f 1200/1587/1369 1205/1584/1369 1025/1580/1369
f 1201/1588/1370 1206/1585/1370 1205/1584/1370
f 1202/1589/1371 1207/1586/1371 1206/1585/1371
f 1203/1590/1372 1204/1591/1372 1207/1586/1372
f 1200/1587/1373 1183/1592/1373 1201/1588/1373
f 1201/1588/1374 1195/1593/1374 1202/1589/1374
f 1202/1589/1375 1196/1594/1375 1203/1590/1375
f 1203/1590/1376 1670/1595/1376 1679/1596/1376
f 1183/1592/1377 1184/1597/1377 1195/1593/1377
f 1195/1593/1378 1185/1598/1378 1196/1594/1378
f 1196/1594/1379 1182/1599/1379 1670/1595/1379
f 1190/1600/1380 1183/1592/1380 1200/1587/1380
f 1192/1601/1381 1184/1597/1381 1183/1592/1381
f 1193/1602/1382 1185/1598/1382 1184/1597/1382
f 1194/1603/1383 1182/1604/1383 1185/1598/1383
f 1187/1605/1384 1193/1602/1384 1192/1601/1384
f 1188/1606/1385 1194/1603/1385 1193/1602/1385
f 1189/1607/1386 1191/1608/1386 1194/1603/1386
f 1190/1600/1387 1168/1609/1387 1187/1605/1387
f 1187/1605/1388 1180/1610/1388 1188/1606/1388
f 1188/1606/1389 1181/1611/1389 1189/1607/1389
f 1189/1607/1390 1179/1612/1390 1186/1613/1390
f 1169/1614/1391 1181/1611/1391 1180/1610/1391
f 1170/1615/1392 1179/1612/1392 1181/1611/1392
f 1174/1616/1393 1168/1609/1393 1190/1600/1393
f 1176/1617/1394 1169/1614/1394 1168/1609/1394
f 1177/1618/1395 1170/1615/1395 1169/1614/1395
f 1178/1619/1396 1167/1620/1396 1170/1615/1396
f 1171/1621/1397 1177/1618/1397 1176/1617/1397
f 1172/1622/1398 1178/1619/1398 1177/1618/1398
f 1173/1623/1399 1175/1624/1399 1178/1619/1399
f 1174/1616/1400 1152/1625/1400 1171/1621/1400
f 1171/1621/1401 1165/1626/1401 1172/1622/1401
f 1172/1622/1402 1166/1627/1402 1173/1623/1402
f 1173/1623/1403 1164/1628/1403 1644/1629/1403
f 1153/1630/1404 1166/1627/1404 1165/1626/1404
f 1166/1627/1405 1621/1631/1405 1164/1628/1405
f 1160/1632/1406 1153/1630/1406 1152/1625/1406
f 1161/1633/1407 1154/1634/1407 1153/1630/1407
f 1162/1635/1408 1621/1631/1408 1154/1634/1408
f 1156/1636/1409 1161/1633/1409 1160/1632/1409
f 1157/1637/1410 1162/1635/1410 1161/1633/1410
f 1158/1638/1411 1159/1639/1411 1162/1635/1411
f 1163/1640/1412 1137/1641/1412 1156/1636/1412
f 1156/1636/1413 1150/1642/1413 1157/1637/1413
f 1157/1637/1414 1151/1643/1414 1158/1638/1414
f 1158/1638/1415 1149/1644/1415 1155/1645/1415
f 1138/1646/1416 1151/1643/1416 1150/1642/1416
f 1139/1647/1417 1149/1644/1417 1151/1643/1417
f 1145/1648/1418 1138/1646/1418 1137/1641/1418
f 1146/1649/1419 1139/1647/1419 1138/1646/1419
f 1147/1650/1420 1136/1651/1420 1139/1647/1420
f 1141/1652/1421 1146/1649/1421 1145/1648/1421
f 1142/1653/1422 1147/1650/1422 1146/1649/1422
f 1143/1654/1423 1144/1655/1423 1147/1650/1423
f 1148/1656/1424 1120/1657/1424 1141/1652/1424
f 1141/1652/1425 1134/1658/1425 1142/1653/1425
f 1142/1653/1426 1135/1659/1426 1143/1654/1426
f 1143/1654/1427 1133/1660/1427 1140/1661/1427
f 1121/1662/1428 1135/1659/1428 1134/1658/1428
f 1122/1663/1429 1133/1664/1429 1135/1659/1429
f 1127/1665/1430 1120/1657/1430 1132/1666/1430
f 1129/1667/1431 1121/1662/1431 1120/1657/1431
f 1130/1668/1432 1122/1663/1432 1121/1662/1432
f 1131/1669/1433 1119/1670/1433 1122/1663/1433
f 1127/1665/1434 1124/1671/1434 1129/1667/1434
f 1129/1667/1435 1125/1672/1435 1130/1668/1435
f 1130/1668/1436 1126/1673/1436 1131/1669/1436
f 1131/1669/1437 1123/1674/1437 1128/1675/1437
f 1127/1665/1438 1116/1676/1438 1124/1671/1438
f 1124/1671/1439 1117/1677/1439 1125/1672/1439
f 1125/1672/1440 1118/1678/1440 1126/1673/1440
f 1126/1673/1441 1115/1677/1441 1123/1679/1441
f 975/1468/1442 1116/1676/1442 1127/1665/1442
f 978/1469/1443 1117/1677/1443 1116/1676/1443
f 977/1470/1444 1118/1678/1444 1117/1677/1444
f 976/1471/1445 1115/1677/1445 1118/1678/1445
f 1020/1680/1446 1302/1681/1446 1001/1457/1446
f 1001/1457/1447 1303/1682/1447 1002/1458/1447
f 1002/1458/1448 1304/1683/1448 1003/1459/1448
f 1003/1459/1449 1301/1682/1449 1000/1684/1449
f 1307/1685/1450 1302/1681/1450 1300/1686/1450
f 1309/1687/1451 1303/1682/1451 1302/1681/1451
f 1310/1688/1452 1304/1683/1452 1303/1682/1452
f 1311/1689/1453 1301/1682/1453 1304/1683/1453
f 1313/1690/1454 1310/1688/1454 1309/1687/1454
f 1314/1691/1455 1311/1689/1455 1310/1688/1455
f 1315/1692/1456 1308/1693/1456 1311/1689/1456
f 1307/1685/1457 1376/1694/1457 1313/1690/1457
f 1313/1690/1458 1305/1695/1458 1314/1691/1458
f 1314/1691/1459 1306/1696/1459 1315/1692/1459
f 1315/1692/1460 1815/1697/1460 1312/1698/1460
f 1376/1694/1461 1377/1699/1461 1305/1695/1461
f 1305/1695/1462 1378/1700/1462 1306/1696/1462
f 1306/1696/1463 1375/1701/1463 1815/1697/1463
f 1382/1702/1464 1376/1694/1464 1307/1685/1464
f 1384/1703/1465 1377/1699/1465 1376/1694/1465
f 1385/1704/1466 1378/1700/1466 1377/1699/1466
f 1386/1705/1467 1375/1706/1467 1378/1700/1467
f 1382/1702/1468 1379/1707/1468 1384/1703/1468
f 1384/1703/1469 1380/1708/1469 1385/1704/1469
f 1385/1704/1470 1381/1709/1470 1386/1705/1470
f 1386/1705/1471 1907/1710/1471 1383/1711/1471
f 1382/1702/1472 1361/1712/1472 1379/1707/1472
f 1379/1707/1473 1373/1713/1473 1380/1708/1473
f 1380/1708/1474 1374/1714/1474 1381/1709/1474
f 1381/1709/1475 1372/1715/1475 1907/1716/1475
f 1361/1712/1476 1362/1717/1476 1373/1713/1476
f 1373/1713/1477 1363/1718/1477 1374/1714/1477
f 1374/1714/1478 1360/1719/1478 1372/1715/1478
f 1367/1720/1479 1361/1712/1479 1382/1702/1479
f 1369/1721/1480 1362/1717/1480 1361/1712/1480
f 1370/1722/1481 1363/1718/1481 1362/1717/1481
f 1371/1723/1482 1360/1719/1482 1363/1718/1482
f 1367/1720/1483 1364/1724/1483 1369/1721/1483
f 1369/1721/1484 1365/1725/1484 1370/1722/1484
f 1370/1722/1485 1366/1726/1485 1371/1723/1485
f 1371/1723/1486 1887/1727/1486 1368/1728/1486
f 1367/1720/1487 1346/1729/1487 1364/1724/1487
f 1364/1724/1488 1358/1730/1488 1365/1725/1488
f 1365/1725/1489 1359/1731/1489 1366/1726/1489
f 1366/1726/1490 1357/1732/1490 1887/1733/1490
f 1346/1729/1491 1347/1734/1491 1358/1730/1491
f 1358/1730/1492 1348/1735/1492 1359/1731/1492
f 1359/1731/1493 1864/1736/1493 1357/1737/1493
f 1353/1738/1494 1347/1734/1494 1346/1729/1494
f 1354/1739/1495 1348/1735/1495 1347/1734/1495
f 1355/1740/1496 1864/1736/1496 1348/1735/1496
f 1356/1741/1497 1350/1742/1497 1353/1738/1497
f 1353/1738/1498 1351/1743/1498 1354/1739/1498
f 1354/1739/1499 1352/1744/1499 1355/1740/1499
f 1355/1740/1500 1349/1745/1500 1875/1746/1500
f 1356/1741/1501 1332/1747/1501 1350/1742/1501
f 1350/1742/1502 1344/1748/1502 1351/1743/1502
f 1351/1743/1503 1345/1749/1503 1352/1744/1503
f 1352/1744/1504 1343/1750/1504 1349/1745/1504
f 1332/1747/1505 1333/1751/1505 1344/1748/1505
f 1344/1748/1506 1334/1752/1506 1345/1749/1506
f 1345/1749/1507 1847/1753/1507 1343/1750/1507
f 1339/1754/1508 1333/1751/1508 1332/1747/1508
f 1340/1755/1509 1334/1752/1509 1333/1751/1509
f 1341/1756/1510 1847/1757/1510 1334/1752/1510
f 1342/1758/1511 1336/1759/1511 1339/1754/1511
f 1339/1754/1512 1337/1760/1512 1340/1755/1512
f 1340/1755/1513 1338/1761/1513 1341/1756/1513
f 1341/1756/1514 1335/1762/1514 1856/1763/1514
f 1342/1758/1515 1317/1764/1515 1336/1759/1515
f 1336/1759/1516 1330/1765/1516 1337/1760/1516
f 1337/1760/1517 1331/1766/1517 1338/1761/1517
f 1338/1761/1518 1841/1767/1518 1335/1762/1518
f 1318/1768/1519 1331/1766/1519 1330/1765/1519
f 1319/1769/1520 1841/1767/1520 1331/1766/1520
f 1326/1770/1521 1318/1768/1521 1317/1764/1521
f 1327/1771/1522 1319/1769/1522 1318/1768/1522
f 1328/1772/1523 1316/1773/1523 1319/1769/1523
f 1329/1774/1524 1322/1775/1524 1326/1770/1524
f 1326/1770/1525 1323/1776/1525 1327/1771/1525
f 1327/1771/1526 1324/1777/1526 1328/1772/1526
f 1328/1772/1527 1321/1778/1527 1325/1779/1527
f 1320/1780/1528 1297/1781/1528 1322/1775/1528
f 1322/1775/1529 1298/1782/1529 1323/1776/1529
f 1323/1776/1530 1299/1783/1530 1324/1777/1530
f 1324/1777/1531 1296/1784/1531 1321/1785/1531
f 1208/1786/1532 1297/1781/1532 1320/1780/1532
f 1227/1787/1533 1298/1782/1533 1297/1781/1533
f 1228/1788/1534 1299/1783/1534 1298/1782/1534
f 1229/1789/1535 1296/1784/1535 1299/1783/1535
f 1236/1790/1536 1228/1788/1536 1227/1787/1536
f 1237/1791/1537 1229/1789/1537 1228/1788/1537
f 1238/1792/1538 1226/1793/1538 1229/1789/1538
f 1230/1794/1539 1236/1790/1539 1208/1786/1539
f 1232/1795/1540 1237/1791/1540 1236/1790/1540
f 1233/1796/1541 1238/1792/1541 1237/1791/1541
f 1234/1797/1542 1235/1798/1542 1238/1792/1542
f 1230/1794/1543 1243/1799/1543 1232/1795/1543
f 1232/1795/1544 1224/1800/1544 1233/1796/1544
f 1233/1796/1545 1225/1801/1545 1234/1797/1545
f 1234/1797/1546 1223/1802/1546 1231/1803/1546
f 1243/1799/1547 1244/1804/1547 1224/1800/1547
f 1224/1800/1548 1245/1805/1548 1225/1801/1548
f 1225/1801/1549 1242/1806/1549 1223/1802/1549
f 1250/1807/1550 1243/1799/1550 1230/1794/1550
f 1252/1808/1551 1244/1804/1551 1243/1799/1551
f 1253/1809/1552 1245/1805/1552 1244/1804/1552
f 1254/1810/1553 1242/1811/1553 1245/1805/1553
f 1247/1812/1554 1253/1809/1554 1252/1808/1554
f 1248/1813/1555 1254/1810/1555 1253/1809/1555
f 1249/1814/1556 1251/1815/1556 1254/1810/1556
f 1250/1807/1557 1260/1816/1557 1247/1812/1557
f 1247/1812/1558 1240/1817/1558 1248/1813/1558
f 1248/1813/1559 1241/1818/1559 1249/1814/1559
f 1249/1814/1560 1239/1819/1560 1246/1820/1560
f 1261/1821/1561 1241/1818/1561 1240/1817/1561
f 1262/1822/1562 1239/1819/1562 1241/1818/1562
f 1267/1823/1563 1260/1816/1563 1250/1807/1563
f 1268/1824/1564 1261/1821/1564 1260/1816/1564
f 1269/1825/1565 1262/1822/1565 1261/1821/1565
f 1270/1826/1566 1259/1827/1566 1262/1822/1566
f 1264/1828/1567 1269/1825/1567 1268/1824/1567
f 1265/1829/1568 1270/1826/1568 1269/1825/1568
f 1266/1830/1569 1759/1831/1569 1270/1826/1569
f 1267/1823/1570 1274/1832/1570 1264/1828/1570
f 1264/1828/1571 1257/1833/1571 1265/1829/1571
f 1265/1829/1572 1258/1834/1572 1266/1830/1572
f 1266/1830/1573 1256/1835/1573 1263/1836/1573
f 1275/1837/1574 1258/1834/1574 1257/1833/1574
f 1276/1838/1575 1256/1835/1575 1258/1834/1575
f 1280/1839/1576 1275/1837/1576 1274/1832/1576
f 1281/1840/1577 1276/1838/1577 1275/1837/1577
f 1282/1841/1578 1768/1842/1578 1276/1838/1578
f 1277/1843/1579 1281/1840/1579 1280/1839/1579
f 1278/1844/1580 1282/1841/1580 1281/1840/1580
f 1279/1845/1581 1780/1846/1581 1282/1841/1581
f 1255/1847/1582 1286/1848/1582 1277/1843/1582
f 1277/1843/1583 1272/1849/1583 1278/1844/1583
f 1278/1844/1584 1273/1850/1584 1279/1845/1584
f 1279/1845/1585 1764/1851/1585 1774/1852/1585
f 1287/1853/1586 1273/1850/1586 1272/1849/1586
f 1288/1854/1587 1764/1851/1587 1273/1850/1587
f 1293/1855/1588 1287/1853/1588 1286/1848/1588
f 1294/1856/1589 1288/1854/1589 1287/1853/1589
f 1295/1857/1590 1788/1858/1590 1288/1854/1590
f 1290/1859/1591 1294/1856/1591 1293/1855/1591
f 1291/1860/1592 1295/1857/1592 1294/1856/1592
f 1292/1861/1593 1799/1862/1593 1295/1857/1593
f 1271/1863/1594 1213/1864/1594 1290/1859/1594
f 1290/1859/1595 1284/1865/1595 1291/1860/1595
f 1291/1860/1596 1285/1866/1596 1292/1861/1596
f 1292/1861/1597 1283/1867/1597 1289/1868/1597
f 1214/1869/1598 1285/1866/1598 1284/1865/1598
f 1215/1870/1599 1283/1867/1599 1285/1866/1599
f 1220/1871/1600 1214/1869/1600 1213/1864/1600
f 1221/1872/1601 1215/1870/1601 1214/1869/1601
f 1222/1873/1602 1696/1874/1602 1215/1870/1602
f 1219/1875/1603 1216/1876/1603 1220/1871/1603
f 1220/1871/1604 1217/1877/1604 1221/1872/1604
f 1221/1872/1605 1218/1878/1605 1222/1873/1605
f 1222/1873/1606 1702/1879/1606 1708/1880/1606
f 1219/1875/1607 1210/1881/1607 1216/1876/1607
f 1216/1876/1608 1211/1882/1608 1217/1877/1608
f 1217/1877/1609 1212/1883/1609 1218/1878/1609
f 1218/1878/1610 1690/1882/1610 1702/1879/1610
f 967/1423/1611 1210/1881/1611 1209/1884/1611
f 970/1460/1612 1211/1882/1612 1210/1881/1612
f 969/1461/1613 1212/1883/1613 1211/1882/1613
f 968/1462/1614 1690/1882/1614 1212/1883/1614
f 1489/1885/1615 1490/1886/1615 1487/1887/1615
f 1920/1888/1616 1484/1889/1616 1489/1885/1616
f 1919/1890/1617 1498/1891/1617 1920/1888/1617
f 1484/1889/1618 1491/1892/1618 1490/1886/1618
f 1498/1891/1619 1492/1893/1619 1484/1889/1619
f 1493/1894/1620 1495/1895/1620 1046/1896/1620
f 1494/1897/1621 1496/1898/1621 1493/1894/1621
f 1496/1898/1622 1919/1890/1622 1495/1895/1622
f 1497/1899/1623 1498/1891/1623 1496/1898/1623
f 1505/1900/1624 1499/1901/1624 1497/1899/1624
f 1500/1902/1625 1486/1903/1625 1488/1904/1625
f 1500/1902/1626 1503/1905/1626 1502/1906/1626
f 1501/1907/1627 1492/1893/1627 1503/1905/1627
f 1486/1903/1628 1505/1900/1628 1504/1908/1628
f 1502/1906/1629 1506/1909/1629 1505/1900/1629
f 1503/1905/1630 1499/1901/1630 1506/1909/1630
f 1917/1420/1631 1919/1890/1631 1056/1571/1631
f 1919/1890/1632 1920/1910/1632 1056/1571/1632
f 1920/1910/1633 1918/1911/1633 1056/1571/1633
f 979/1425/1634 1411/1912/1634 1408/1913/1634
f 1408/1913/1635 1412/1914/1635 1407/1915/1635
f 1407/1915/1636 1413/1916/1636 1406/1917/1636
f 1406/1917/1637 1414/1918/1637 1405/1919/1637
f 1405/1919/1638 1410/1920/1638 1404/1921/1638
f 1409/1922/1639 1416/1923/1639 1411/1912/1639
f 1411/1912/1640 1417/1924/1640 1412/1914/1640
f 1412/1914/1641 1418/1925/1641 1413/1916/1641
f 1413/1916/1642 1419/1926/1642 1414/1918/1642
f 1414/1918/1643 1415/1927/1643 1410/1920/1643
f 992/1435/1644 1416/1923/1644 987/1430/1644
f 1421/1928/1645 1417/1924/1645 1416/1923/1645
f 1422/1929/1646 1418/1925/1646 1417/1924/1646
f 1423/1930/1647 1419/1926/1647 1418/1925/1647
f 1424/1931/1648 1415/1927/1648 1419/1926/1648
f 996/1438/1649 1421/1928/1649 992/1435/1649
f 1426/1932/1650 1422/1929/1650 1421/1928/1650
f 1427/1933/1651 1423/1930/1651 1422/1929/1651
f 1428/1934/1652 1424/1931/1652 1423/1930/1652
f 1429/1935/1653 1420/1936/1653 1424/1931/1653
f 1004/1441/1654 1442/1937/1654 1439/1938/1654
f 1439/1938/1655 1443/1939/1655 1438/1940/1655
f 1438/1940/1656 1444/1941/1656 1437/1942/1656
f 1437/1942/1657 1445/1943/1657 1436/1944/1657
f 1436/1944/1658 1441/1945/1658 1435/1946/1658
f 1440/1443/1659 1447/1947/1659 1442/1937/1659
f 1442/1937/1660 1448/1948/1660 1443/1939/1660
f 1443/1939/1661 1449/1949/1661 1444/1941/1661
f 1444/1941/1662 1450/1950/1662 1445/1943/1662
f 1445/1943/1663 1446/1951/1663 1441/1945/1663
f 1451/1452/1664 1447/1947/1664 1013/1449/1664
f 1453/1952/1665 1448/1948/1665 1447/1947/1665
f 1454/1953/1666 1449/1949/1666 1448/1948/1666
f 1455/1954/1667 1450/1950/1667 1449/1949/1667
f 1456/1955/1668 1446/1951/1668 1450/1950/1668
f 1021/1455/1669 1453/1952/1669 1451/1452/1669
f 1458/1956/1670 1454/1953/1670 1453/1952/1670
f 1459/1957/1671 1455/1954/1671 1454/1953/1671
f 1460/1958/1672 1456/1955/1672 1455/1954/1672
f 1461/1959/1673 1452/1960/1673 1456/1955/1673
f 1021/1455/1674 1431/1961/1674 1458/1956/1674
f 1458/1956/1675 1432/1962/1675 1459/1957/1675
f 1459/1957/1676 1433/1963/1676 1460/1958/1676
f 1460/1958/1677 1434/1964/1677 1461/1959/1677
f 1461/1959/1678 1430/1965/1678 1457/1966/1678
f 979/1425/1679 1391/1967/1679 966/1968/1679
f 1408/1913/1680 1390/1969/1680 1391/1967/1680
f 1407/1915/1681 1389/1970/1681 1390/1969/1681
f 1406/1917/1682 1388/1971/1682 1389/1970/1682
f 1405/1919/1683 1387/1972/1683 1388/1971/1683
f 996/1438/1684 1394/1973/1684 1426/1932/1684
f 1426/1932/1685 1395/1974/1685 1427/1933/1685
f 1427/1933/1686 1396/1975/1686 1428/1934/1686
f 1428/1934/1687 1397/1976/1687 1429/1935/1687
f 1429/1935/1688 1393/1977/1688 1425/1978/1688
f 1004/1441/1689 1403/1979/1689 1399/1472/1689
f 1439/1938/1690 1402/1980/1690 1403/1979/1690
f 1438/1940/1691 1401/1981/1691 1402/1980/1691
f 1437/1942/1692 1400/1982/1692 1401/1981/1692
f 1436/1944/1693 1398/1983/1693 1400/1982/1693
f 1034/1474/1694 1394/1973/1694 1392/1476/1694
f 1469/1984/1695 1395/1974/1695 1394/1973/1695
f 1470/1985/1696 1396/1975/1696 1395/1974/1696
f 1471/1986/1697 1397/1976/1697 1396/1975/1697
f 1472/1987/1698 1393/1977/1698 1397/1976/1698
f 1034/1474/1699 1478/1988/1699 1469/1984/1699
f 1469/1984/1700 1479/1989/1700 1470/1985/1700
f 1470/1985/1701 1480/1990/1701 1471/1986/1701
f 1471/1986/1702 1481/1991/1702 1472/1987/1702
f 1472/1987/1703 1473/1992/1703 1468/1993/1703
f 1038/1484/1704 1478/1988/1704 1042/1485/1704
f 1474/1994/1705 1479/1989/1705 1478/1988/1705
f 1475/1995/1706 1480/1990/1706 1479/1989/1706
f 1476/1996/1707 1481/1991/1707 1480/1990/1707
f 1477/1997/1708 1473/1992/1708 1481/1991/1708
f 1030/1489/1709 1474/1994/1709 1038/1490/1709
f 1465/1998/1710 1475/1995/1710 1474/1994/1710
f 1466/1999/1711 1476/1996/1711 1475/1995/1711
f 1467/2000/1712 1477/1997/1712 1476/1996/1712
f 1571/2001/1713 1473/1992/1713 1477/1997/1713
f 1102/1493/1714 1465/1998/1714 1030/1494/1714
f 1568/2002/1715 1466/1999/1715 1465/1998/1715
f 1569/2003/1716 1467/2000/1716 1466/1999/1716
f 1570/2004/1717 1571/2001/1717 1467/2000/1717
f 1102/1500/1718 1577/2005/1718 1568/2002/1718
f 1568/2002/1719 1578/2006/1719 1569/2003/1719
f 1569/2003/1720 1579/2007/1720 1570/2004/1720
f 1570/2004/1721 1580/2008/1721 1571/2001/1721
f 1571/2001/1722 1572/2009/1722 1567/2010/1722
f 1106/1504/1723 1577/2005/1723 1111/1505/1723
f 1573/2011/1724 1578/2006/1724 1577/2005/1724
f 1574/2012/1725 1579/2007/1725 1578/2006/1725
f 1575/2013/1726 1580/2008/1726 1579/2007/1726
f 1576/2014/1727 1572/2009/1727 1580/2008/1727
f 1099/1509/1728 1573/2011/1728 1106/1510/1728
f 1564/2015/1729 1574/2012/1729 1573/2011/1729
f 1565/2016/1730 1575/2013/1730 1574/2012/1730
f 1566/2017/1731 1576/2014/1731 1575/2013/1731
f 1553/2018/1732 1572/2009/1732 1576/2014/1732
f 1548/1513/1733 1564/2015/1733 1099/1509/1733
f 1550/2019/1734 1565/2016/1734 1564/2015/1734
f 1551/2020/1735 1566/2017/1735 1565/2016/1735
f 1552/2021/1736 1553/2018/1736 1566/2017/1736
f 1548/1513/1737 1560/2022/1737 1550/2019/1737
f 1550/2019/1738 1561/2023/1738 1551/2020/1738
f 1551/2020/1739 1562/2024/1739 1552/2021/1739
f 1552/2021/1740 1563/2025/1740 1553/2018/1740
f 1553/2018/1741 1554/2026/1741 1549/2027/1741
f 1091/1521/1742 1560/2022/1742 1559/1522/1742
f 1555/2028/1743 1561/2023/1743 1560/2022/1743
f 1556/2029/1744 1562/2024/1744 1561/2023/1744
f 1557/2030/1745 1563/2025/1745 1562/2024/1745
f 1558/2031/1746 1554/2026/1746 1563/2025/1746
f 1085/1526/1747 1555/2028/1747 1091/1527/1747
f 1545/2032/1748 1556/2029/1748 1555/2028/1748
f 1546/2033/1749 1557/2030/1749 1556/2029/1749
f 1547/2034/1750 1558/2031/1750 1557/2030/1750
f 1535/2035/1751 1554/2026/1751 1558/2031/1751
f 1530/1530/1752 1545/2032/1752 1085/1531/1752
f 1532/2036/1753 1546/2033/1753 1545/2032/1753
f 1533/2037/1754 1547/2034/1754 1546/2033/1754
f 1534/2038/1755 1535/2035/1755 1547/2034/1755
f 1530/2039/1756 1541/2040/1756 1532/2036/1756
f 1532/2036/1757 1542/2041/1757 1533/2037/1757
f 1533/2037/1758 1543/2042/1758 1534/2038/1758
f 1534/2038/1759 1544/2043/1759 1535/2035/1759
f 1535/2035/1760 1536/2044/1760 1531/2045/1760
f 1076/1539/1761 1541/2040/1761 1080/1540/1761
f 1537/2046/1762 1542/2041/1762 1541/2040/1762
f 1538/2047/1763 1543/2042/1763 1542/2041/1763
f 1539/2048/1764 1544/2043/1764 1543/2042/1764
f 1540/2049/1765 1536/2044/1765 1544/2043/1765
f 1527/2050/1766 1537/2046/1766 1076/1545/1766
f 1528/2051/1767 1538/2047/1767 1537/2046/1767
f 1529/2052/1768 1539/2048/1768 1538/2047/1768
f 1515/2053/1769 1540/2049/1769 1539/2048/1769
f 1516/2054/1770 1536/2044/1770 1540/2049/1770
f 1511/2055/1771 1528/2051/1771 1527/1548/1771
f 1513/2056/1772 1529/2052/1772 1528/2051/1772
f 1514/2057/1773 1515/2053/1773 1529/2052/1773
f 1511/1552/1774 1523/2058/1774 1513/2056/1774
f 1513/2056/1775 1524/2059/1775 1514/2057/1775
f 1514/2057/1776 1525/2060/1776 1515/2053/1776
f 1515/2053/1777 1526/2061/1777 1516/2054/1777
f 1516/2054/1778 1522/2062/1778 1512/2063/1778
f 1063/1557/1779 1523/2058/1779 1521/1558/1779
f 1517/2064/1780 1524/2059/1780 1523/2058/1780
f 1518/2065/1781 1525/2060/1781 1524/2059/1781
f 1519/2066/1782 1526/2061/1782 1525/2060/1782
f 1520/2067/1783 1522/2062/1783 1526/2061/1783
f 1063/1557/1784 1490/2068/1784 1517/2064/1784
f 1490/2068/1785 1518/2065/1785 1517/2064/1785
f 1509/2069/1786 1519/2066/1786 1518/2065/1786
f 1510/2070/1787 1520/2067/1787 1519/2066/1787
f 1485/2071/1788 1508/2072/1788 1520/2067/1788
f 1507/2073/1789 1484/2074/1789 1490/2068/1789
f 1484/2074/1790 1509/2069/1790 1490/2068/1790
f 1509/2069/1791 1501/2075/1791 1510/2070/1791
f 1501/2075/1792 1485/2071/1792 1510/2070/1792
f 1485/2071/1793 1483/2076/1793 1508/2072/1793
f 1918/1572/1794 1490/1886/1794 1484/2074/1794
f 1492/2077/1795 1491/1892/1795 1501/2075/1795
f 1501/1907/1796 1500/1902/1796 1485/2071/1796
f 1500/1902/1797 1483/2076/1797 1485/2071/1797
f 1917/1420/1798 1493/1894/1798 1046/1896/1798
f 1494/1897/1799 1497/2078/1799 1504/1908/1799
f 1486/1903/1800 1600/2079/1800 1488/1904/1800
f 1496/2080/1801 1482/2081/1801 1497/2078/1801
f 1482/2081/1802 1504/2082/1802 1497/2078/1802
f 1463/2083/1803 1486/1903/1803 1504/2082/1803
f 1464/2084/1804 1600/2079/1804 1486/1903/1804
f 1046/1579/1805 1462/2085/1805 1493/2086/1805
f 1462/2085/1806 1482/2081/1806 1493/2086/1806
f 1676/2087/1807 1463/2083/1807 1482/2081/1807
f 1676/2087/1807 1677/2088/1807 1463/2083/1807
f 1677/2088/1808 1464/2084/1808 1463/2083/1808
f 1678/2089/1809 1600/2079/1809 1464/2084/1809
f 1675/2090/1810 1676/2087/1810 1462/2085/1810
f 1678/2089/1809 1685/2091/1809 1600/2079/1809
f 1674/1578/1811 1686/2092/1811 1675/2090/1811
f 1675/2090/1812 1687/2093/1812 1676/2087/1812
f 1676/2087/1813 1688/2094/1813 1677/2088/1813
f 1677/2088/1814 1689/2095/1814 1678/2089/1814
f 1204/1591/1815 1681/2096/1815 1686/2092/1815
f 1686/2092/1816 1682/2097/1816 1687/2093/1816
f 1687/2093/1817 1683/2098/1817 1688/2094/1817
f 1688/2094/1818 1684/2099/1818 1689/2095/1818
f 1689/2095/1819 1680/2100/1819 1685/2091/1819
f 1670/2101/1820 1681/2096/1820 1679/1596/1820
f 1671/2102/1821 1682/2097/1821 1681/2096/1821
f 1672/2103/1822 1683/2098/1822 1682/2097/1822
f 1673/2104/1823 1684/2099/1823 1683/2098/1823
f 1660/2105/1824 1680/2100/1824 1684/2099/1824
f 1182/1599/1825 1671/2102/1825 1670/1595/1825
f 1657/2106/1826 1672/2103/1826 1671/2102/1826
f 1658/2107/1827 1673/2104/1827 1672/2103/1827
f 1659/2108/1828 1660/2105/1828 1673/2104/1828
f 1182/1604/1829 1666/2109/1829 1657/2106/1829
f 1657/2106/1830 1667/2110/1830 1658/2107/1830
f 1658/2107/1831 1668/2111/1831 1659/2108/1831
f 1659/2108/1832 1669/2112/1832 1660/2105/1832
f 1660/2105/1833 1661/2113/1833 1656/2114/1833
f 1191/1608/1834 1662/2115/1834 1666/2109/1834
f 1666/2109/1835 1663/2116/1835 1667/2110/1835
f 1667/2110/1836 1664/2117/1836 1668/2111/1836
f 1668/2111/1837 1665/2118/1837 1669/2112/1837
f 1179/1612/1838 1662/2115/1838 1186/1613/1838
f 1654/2119/1839 1663/2116/1839 1662/2115/1839
f 1655/2120/1840 1664/2117/1840 1663/2116/1840
f 1642/2121/1841 1665/2118/1841 1664/2117/1841
f 1643/2122/1842 1661/2113/1842 1665/2118/1842
f 1179/1612/1843 1640/2123/1843 1654/2119/1843
f 1654/2119/1844 1641/2124/1844 1655/2120/1844
f 1167/1620/1845 1650/2125/1845 1640/2123/1845
f 1640/2123/1846 1651/2126/1846 1641/2124/1846
f 1641/2124/1847 1652/2127/1847 1642/2121/1847
f 1642/2121/1848 1653/2128/1848 1643/2122/1848
f 1643/2122/1849 1645/2129/1849 1639/2130/1849
f 1175/1624/1850 1646/2131/1850 1650/2125/1850
f 1650/2125/1851 1647/2132/1851 1651/2126/1851
f 1651/2126/1852 1648/2133/1852 1652/2127/1852
f 1652/2127/1853 1649/2134/1853 1653/2128/1853
f 1164/1628/1854 1646/2131/1854 1644/1629/1854
f 1636/2135/1855 1647/2132/1855 1646/2131/1855
f 1637/2136/1856 1648/2133/1856 1647/2132/1856
f 1638/2137/1857 1649/2134/1857 1648/2133/1857
f 1626/2138/1858 1645/2129/1858 1649/2134/1858
f 1164/1628/1859 1623/2139/1859 1636/2135/1859
f 1636/2135/1860 1624/2140/1860 1637/2136/1860
f 1637/2136/1861 1625/2141/1861 1638/2137/1861
f 1621/2142/1862 1632/2143/1862 1623/2139/1862
f 1623/2139/1863 1633/2144/1863 1624/2140/1863
f 1624/2140/1864 1634/2145/1864 1625/2141/1864
f 1625/2141/1865 1635/2146/1865 1626/2138/1865
f 1626/2138/1866 1627/2147/1866 1622/2148/1866
f 1159/1639/1867 1628/2149/1867 1632/2143/1867
f 1632/2143/1868 1629/2150/1868 1633/2144/1868
f 1633/2144/1869 1630/2151/1869 1634/2145/1869
f 1634/2145/1870 1631/2152/1870 1635/2146/1870
f 1149/1644/1871 1628/2149/1871 1155/1645/1871
f 1618/2153/1872 1629/2150/1872 1628/2149/1872
f 1619/2154/1873 1630/2151/1873 1629/2150/1873
f 1620/2155/1874 1631/2152/1874 1630/2151/1874
f 1608/2156/1875 1627/2147/1875 1631/2152/1875
f 1149/1644/1876 1605/2157/1876 1618/2153/1876
f 1618/2153/1877 1606/2158/1877 1619/2154/1877
f 1619/2154/1878 1607/2159/1878 1620/2155/1878
f 1136/1651/1879 1614/2160/1879 1605/2157/1879
f 1605/2157/1880 1615/2161/1880 1606/2158/1880
f 1606/2158/1881 1616/2162/1881 1607/2159/1881
f 1607/2159/1882 1617/2163/1882 1608/2156/1882
f 1608/2156/1883 1609/2164/1883 1604/2165/1883
f 1144/1655/1884 1610/2166/1884 1614/2160/1884
f 1614/2160/1885 1611/2167/1885 1615/2161/1885
f 1615/2161/1886 1612/2168/1886 1616/2162/1886
f 1616/2162/1887 1613/2169/1887 1617/2163/1887
f 1133/1660/1888 1610/2166/1888 1140/1661/1888
f 1601/2170/1889 1611/2167/1889 1610/2166/1889
f 1602/2171/1890 1612/2168/1890 1611/2167/1890
f 1603/2172/1891 1613/2169/1891 1612/2168/1891
f 1590/2173/1892 1609/2164/1892 1613/2169/1892
f 1133/1664/1893 1587/2174/1893 1601/2170/1893
f 1601/2170/1894 1588/2175/1894 1602/2171/1894
f 1602/2171/1895 1589/2176/1895 1603/2172/1895
f 1119/1670/1896 1596/2177/1896 1587/2174/1896
f 1587/2174/1897 1597/2178/1897 1588/2175/1897
f 1588/2175/1898 1598/2179/1898 1589/2176/1898
f 1589/2176/1899 1599/2180/1899 1590/2173/1899
f 1590/2173/1900 1595/2181/1900 1586/2182/1900
f 1123/1674/1901 1596/2177/1901 1128/1675/1901
f 1591/2183/1902 1597/2178/1902 1596/2177/1902
f 1592/2184/1903 1598/2179/1903 1597/2178/1903
f 1593/2185/1904 1599/2180/1904 1598/2179/1904
f 1594/2186/1905 1595/2181/1905 1599/2180/1905
f 1115/1677/1906 1591/2183/1906 1123/1679/1906
f 1582/2187/1907 1592/2184/1907 1591/2183/1907
f 1583/2188/1908 1593/2185/1908 1592/2184/1908
f 1584/2189/1909 1594/2186/1909 1593/2185/1909
f 1585/2190/1910 1581/2191/1910 1594/2186/1910
f 1115/1677/1911 1403/1979/1911 1582/2187/1911
f 1582/2187/1912 1402/1980/1912 1583/2188/1912
f 1583/2188/1913 1401/1981/1913 1584/2189/1913
f 1584/2189/1914 1400/1982/1914 1585/2190/1914
f 1585/2190/1915 1398/1983/1915 1581/2191/1915
f 1000/1684/1916 1811/2192/1916 1431/1961/1916
f 1431/1961/1917 1812/2193/1917 1432/1962/1917
f 1432/1962/1918 1813/2194/1918 1433/1963/1918
f 1813/2194/1919 1434/1964/1919 1433/1963/1919
f 1814/2195/1920 1430/1965/1920 1434/1964/1920
f 1301/1682/1921 1819/2196/1921 1811/2192/1921
f 1811/2192/1922 1820/2197/1922 1812/2193/1922
f 1812/2193/1923 1821/2198/1923 1813/2194/1923
f 1813/2194/1924 1822/2199/1924 1814/2195/1924
f 1814/2195/1925 1823/2200/1925 1810/2201/1925
f 1308/1693/1926 1824/2202/1926 1819/2196/1926
f 1819/2196/1927 1825/2203/1927 1820/2197/1927
f 1820/2197/1928 1826/2204/1928 1821/2198/1928
f 1821/2198/1929 1827/2205/1929 1822/2199/1929
f 1312/1698/1930 1816/2206/1930 1824/2202/1930
f 1824/2202/1931 1817/2207/1931 1825/2203/1931
f 1825/2203/1932 1818/2208/1932 1826/2204/1932
f 1826/2204/1933 1906/2209/1933 1827/2205/1933
f 1827/2205/1934 1902/2210/1934 1823/2200/1934
f 1815/2211/1935 1903/2212/1935 1816/2206/1935
f 1816/2206/1936 1904/2213/1936 1817/2207/1936
f 1817/2207/1937 1905/2214/1937 1818/2208/1937
f 1375/1706/1938 1913/2215/1938 1903/2212/1938
f 1903/2212/1939 1914/2216/1939 1904/2213/1939
f 1904/2213/1940 1915/2217/1940 1905/2214/1940
f 1905/2214/1941 1916/2218/1941 1906/2209/1941
f 1906/2209/1942 1912/2219/1942 1902/2210/1942
f 1383/1711/1943 1908/2220/1943 1913/2215/1943
f 1913/2215/1944 1909/2221/1944 1914/2216/1944
f 1914/2216/1945 1910/2222/1945 1915/2217/1945
f 1915/2217/1946 1911/2223/1946 1916/2218/1946
f 1916/2218/1947 1898/2224/1947 1912/2219/1947
f 1907/1716/1948 1899/2225/1948 1908/2220/1948
f 1908/2220/1949 1900/2226/1949 1909/2221/1949
f 1909/2221/1950 1901/2227/1950 1910/2222/1950
f 1910/2222/1951 1886/2228/1951 1911/2223/1951
f 1372/1715/1952 1883/2229/1952 1899/2225/1952
f 1899/2225/1953 1884/2230/1953 1900/2226/1953
f 1900/2226/1954 1885/2231/1954 1901/2227/1954
f 1886/2228/1955 1882/2232/1955 1898/2224/1955
f 1360/1719/1956 1894/2233/1956 1883/2229/1956
f 1883/2229/1957 1895/2234/1957 1884/2230/1957
f 1884/2230/1958 1896/2235/1958 1885/2231/1958
f 1885/2231/1959 1897/2236/1959 1886/2228/1959
f 1886/2228/1960 1893/2237/1960 1882/2232/1960
f 1368/1728/1961 1889/2238/1961 1894/2233/1961
f 1894/2233/1962 1890/2239/1962 1895/2234/1962
f 1895/2234/1963 1891/2240/1963 1896/2235/1963
f 1896/2235/1964 1892/2241/1964 1897/2236/1964
f 1897/2236/1965 1888/2242/1965 1893/2237/1965
f 1887/2243/1966 1880/2244/1966 1889/2238/1966
f 1889/2238/1967 1881/2245/1967 1890/2239/1967
f 1890/2239/1968 1868/2246/1968 1891/2240/1968
f 1891/2240/1969 1869/2247/1969 1892/2241/1969
f 1892/2241/1970 1865/2248/1970 1888/2242/1970
f 1357/1737/1971 1866/2249/1971 1880/2244/1971
f 1880/2244/1972 1867/2250/1972 1881/2245/1972
f 1864/2251/1973 1876/2252/1973 1866/2249/1973
f 1866/2249/1974 1877/2253/1974 1867/2250/1974
f 1867/2250/1975 1878/2254/1975 1868/2246/1975
f 1868/2246/1976 1879/2255/1976 1869/2247/1976
f 1869/2247/1977 1870/2256/1977 1865/2248/1977
f 1875/2257/1978 1871/2258/1978 1876/2252/1978
f 1876/2252/1979 1872/2259/1979 1877/2253/1979
f 1877/2253/1980 1873/2260/1980 1878/2254/1980
f 1878/2254/1981 1874/2261/1981 1879/2255/1981
f 1349/1745/1982 1862/2262/1982 1871/2258/1982
f 1871/2258/1983 1863/2263/1983 1872/2259/1983
f 1872/2259/1984 1851/2264/1984 1873/2260/1984
f 1873/2260/1985 1852/2265/1985 1874/2261/1985
f 1874/2261/1986 1848/2266/1986 1870/2256/1986
f 1343/1750/1987 1849/2267/1987 1862/2262/1987
f 1862/2262/1988 1850/2268/1988 1863/2263/1988
f 1847/1757/1989 1858/2269/1989 1849/2267/1989
f 1849/2267/1990 1859/2270/1990 1850/2268/1990
f 1850/2268/1991 1860/2271/1991 1851/2264/1991
f 1851/2264/1992 1861/2272/1992 1852/2265/1992
f 1852/2265/1993 1857/2273/1993 1848/2266/1993
f 1856/2274/1994 1853/2275/1994 1858/2269/1994
f 1858/2269/1995 1854/2276/1995 1859/2270/1995
f 1859/2270/1996 1855/2277/1996 1860/2271/1996
f 1860/2271/1997 1846/2278/1997 1861/2272/1997
f 1861/2272/1998 1842/2279/1998 1857/2273/1998
f 1335/1762/1999 1843/2280/1999 1853/2275/1999
f 1853/2275/2000 1844/2281/2000 1854/2276/2000
f 1854/2276/2001 1845/2282/2001 1855/2277/2001
f 1841/2283/2002 1828/2284/2002 1843/2280/2002
f 1843/2280/2003 1829/2285/2003 1844/2281/2003
f 1844/2281/2004 1830/2286/2004 1845/2282/2004
f 1845/2282/2005 1831/2287/2005 1846/2278/2005
f 1846/2278/2006 1836/2288/2006 1842/2279/2006
f 1316/1773/2007 1837/2289/2007 1828/2284/2007
f 1828/2284/2008 1838/2290/2008 1829/2285/2008
f 1829/2285/2009 1839/2291/2009 1830/2286/2009
f 1830/2286/2010 1840/2292/2010 1831/2287/2010
f 1325/1779/2011 1832/2293/2011 1837/2289/2011
f 1837/2289/2012 1833/2294/2012 1838/2290/2012
f 1838/2290/2013 1834/2295/2013 1839/2291/2013
f 1839/2291/2014 1835/2296/2014 1840/2292/2014
f 1840/2292/2015 1809/2297/2015 1836/2288/2015
f 1321/1785/2016 1805/2298/2016 1832/2293/2016
f 1832/2293/2017 1806/2299/2017 1833/2294/2017
f 1833/2294/2018 1807/2300/2018 1834/2295/2018
f 1834/2295/2019 1808/2301/2019 1835/2296/2019
f 1808/2301/2020 1809/2297/2020 1835/2296/2020
f 1808/2301/2021 1804/2302/2021 1809/2297/2021
f 1296/1784/2022 1718/2303/2022 1805/2298/2022
f 1805/2298/2023 1719/2304/2023 1806/2299/2023
f 1806/2299/2024 1720/2305/2024 1807/2300/2024
f 1807/2300/2025 1721/2306/2025 1808/2301/2025
f 1808/2301/2026 1726/2307/2026 1804/2302/2026
f 1235/2308/2027 1718/2303/2027 1226/1793/2027
f 1727/2309/2028 1719/2304/2028 1718/2303/2028
f 1728/2310/2029 1720/2305/2029 1719/2304/2029
f 1720/2305/2030 1730/2311/2030 1721/2306/2030
f 1231/1803/2031 1727/2309/2031 1235/1798/2031
f 1722/2312/2032 1728/2310/2032 1727/2309/2032
f 1723/2313/2033 1729/2314/2033 1728/2310/2033
f 1724/2315/2034 1730/2311/2034 1729/2314/2034
f 1725/2316/2035 1726/2307/2035 1730/2311/2035
f 1223/1802/2036 1722/2312/2036 1231/1803/2036
f 1714/2317/2037 1723/2313/2037 1722/2312/2037
f 1715/2318/2038 1724/2315/2038 1723/2313/2038
f 1716/2319/2039 1725/2316/2039 1724/2315/2039
f 1717/2320/2040 1713/2321/2040 1725/2316/2040
f 1242/1806/2041 1714/2317/2041 1223/1802/2041
f 1733/2322/2042 1715/2318/2042 1714/2317/2042
f 1734/2323/2043 1716/2319/2043 1715/2318/2043
f 1735/2324/2044 1717/2320/2044 1716/2319/2044
f 1745/2325/2045 1713/2321/2045 1717/2320/2045
f 1251/1815/2046 1733/2322/2046 1242/1811/2046
f 1742/2326/2047 1734/2323/2047 1733/2322/2047
f 1743/2327/2048 1735/2324/2048 1734/2323/2048
f 1744/2328/2049 1745/2325/2049 1735/2324/2049
f 1246/1820/2050 1742/2326/2050 1251/1815/2050
f 1737/2329/2051 1743/2327/2051 1742/2326/2051
f 1738/2330/2052 1744/2328/2052 1743/2327/2052
f 1739/2331/2053 1745/2325/2053 1744/2328/2053
f 1740/2332/2054 1741/2333/2054 1745/2325/2054
f 1239/1819/2055 1737/2329/2055 1246/1820/2055
f 1731/2334/2056 1738/2330/2056 1737/2329/2056
f 1732/2335/2057 1739/2331/2057 1738/2330/2057
f 1752/2336/2058 1740/2332/2058 1739/2331/2058
f 1753/2337/2059 1736/2338/2059 1740/2332/2059
f 1259/1827/2060 1731/2334/2060 1239/1819/2060
f 1750/2339/2061 1732/2335/2061 1731/2334/2061
f 1751/2340/2062 1752/2336/2062 1732/2335/2062
f 1759/2341/2063 1750/2339/2063 1259/1827/2063
f 1760/2342/2064 1751/2340/2064 1750/2339/2064
f 1761/2343/2065 1752/2336/2065 1751/2340/2065
f 1762/2344/2066 1753/2337/2066 1752/2336/2066
f 1763/2345/2067 1749/2346/2067 1753/2337/2067
f 1263/2347/2068 1760/2342/2068 1759/2348/2068
f 1755/2349/2069 1761/2343/2069 1760/2342/2069
f 1756/2350/2070 1762/2344/2070 1761/2343/2070
f 1757/2351/2071 1763/2345/2071 1762/2344/2071
f 1758/2352/2072 1754/2353/2072 1763/2345/2072
f 1256/1835/2073 1755/2349/2073 1263/1836/2073
f 1746/2354/2074 1756/2350/2074 1755/2349/2074
f 1747/2355/2075 1757/2351/2075 1756/2350/2075
f 1748/2356/2076 1758/2352/2076 1757/2351/2076
f 1773/2357/2077 1754/2353/2077 1758/2352/2077
f 1768/1842/2078 1746/2354/2078 1256/1835/2078
f 1770/2358/2079 1747/2355/2079 1746/2354/2079
f 1771/2359/2080 1748/2356/2080 1747/2355/2080
f 1772/2360/2081 1773/2357/2081 1748/2356/2081
f 1780/2361/2082 1770/2358/2082 1768/1842/2082
f 1781/2362/2083 1771/2359/2083 1770/2358/2083
f 1782/2363/2084 1772/2360/2084 1771/2359/2084
f 1783/2364/2085 1773/2357/2085 1772/2360/2085
f 1784/2365/2086 1769/2366/2086 1773/2357/2086
f 1774/1852/2087 1781/2362/2087 1780/1846/2087
f 1776/2367/2088 1782/2363/2088 1781/2362/2088
f 1777/2368/2089 1783/2364/2089 1782/2363/2089
f 1778/2369/2090 1784/2365/2090 1783/2364/2090
f 1779/2370/2091 1775/2371/2091 1784/2365/2091
f 1764/2372/2092 1776/2367/2092 1774/1852/2092
f 1765/2373/2093 1777/2368/2093 1776/2367/2093
f 1766/2374/2094 1778/2369/2094 1777/2368/2094
f 1767/2375/2095 1779/2370/2095 1778/2369/2095
f 1793/2376/2096 1775/2371/2096 1779/2370/2096
f 1788/1858/2097 1765/2373/2097 1764/2377/2097
f 1790/2378/2098 1766/2374/2098 1765/2373/2098
f 1791/2379/2099 1767/2375/2099 1766/2374/2099
f 1792/2380/2100 1793/2376/2100 1767/2375/2100
f 1799/1862/2101 1790/2378/2101 1788/1858/2101
f 1800/2381/2102 1791/2379/2102 1790/2378/2102
f 1801/2382/2103 1792/2380/2103 1791/2379/2103
f 1802/2383/2104 1793/2376/2104 1792/2380/2104
f 1803/2384/2105 1789/2385/2105 1793/2376/2105
f 1289/1868/2106 1800/2381/2106 1799/1862/2106
f 1795/2386/2107 1801/2382/2107 1800/2381/2107
f 1796/2387/2108 1802/2383/2108 1801/2382/2108
f 1797/2388/2109 1803/2384/2109 1802/2383/2109
f 1798/2389/2110 1794/2390/2110 1803/2384/2110
f 1283/1867/2111 1795/2386/2111 1289/1868/2111
f 1785/2391/2112 1796/2387/2112 1795/2386/2112
f 1786/2392/2113 1797/2388/2113 1796/2387/2113
f 1787/2393/2114 1798/2389/2114 1797/2388/2114
f 1701/2394/2115 1794/2390/2115 1798/2389/2115
f 1696/2395/2116 1785/2391/2116 1283/1867/2116
f 1698/2396/2117 1786/2392/2117 1785/2391/2117
f 1699/2397/2118 1787/2393/2118 1786/2392/2118
f 1700/2398/2119 1701/2394/2119 1787/2393/2119
f 1708/1880/2120 1698/2396/2120 1696/1874/2120
f 1709/2399/2121 1699/2397/2121 1698/2396/2121
f 1710/2400/2122 1700/2398/2122 1699/2397/2122
f 1711/2401/2123 1701/2394/2123 1700/2398/2123
f 1712/2402/2124 1697/2403/2124 1701/2394/2124
f 1702/1879/2125 1709/2399/2125 1708/1880/2125
f 1704/2404/2126 1710/2400/2126 1709/2399/2126
f 1705/2405/2127 1711/2401/2127 1710/2400/2127
f 1706/2406/2128 1712/2402/2128 1711/2401/2128
f 1707/2407/2129 1703/2408/2129 1712/2402/2129
f 1690/1882/2130 1704/2404/2130 1702/1879/2130
f 1692/2409/2131 1705/2405/2131 1704/2404/2131
f 1693/2410/2132 1706/2406/2132 1705/2405/2132
f 1694/2411/2133 1707/2407/2133 1706/2406/2133
f 1695/2412/2134 1703/2408/2134 1707/2407/2134
f 966/1463/2135 1692/2409/2135 1690/1882/2135
f 1391/1967/2136 1693/2410/2136 1692/2409/2136
f 1390/1969/2137 1694/2411/2137 1693/2410/2137
f 1694/2411/2138 1388/1971/2138 1695/2412/2138
f 1695/2412/2139 1387/1972/2139 1691/2413/2139
f 1917/1420/2140 1495/1895/2140 1919/1890/2140
f 1489/1885/2141 1918/1572/2141 1920/2414/2141
f 1342/1758/2142 1356/1741/2142 1367/1720/2142 1382/1702/2142 1307/1685/2142 1300/1686/2142 1020/1680/2142 1012/1446/2142 1005/1447/2142 975/1468/2142 1127/1665/2142 1132/1666/2142 1148/1656/2142 1163/1640/2142 1174/1616/2142 1190/1600/2142 1200/1587/2142 1025/1580/2142 1050/1573/2142 1057/1568/2142 1070/1553/2142 1084/1535/2142 1095/1514/2142 1110/1495/2142 1029/1496/2142 1033/1480/2142 971/1464/2142 991/1436/2142 983/1421/2142 967/1423/2142 1209/1884/2142 1219/1875/2142 1271/1863/2142 1255/1847/2142 1267/1823/2142 1250/1807/2142 1230/1794/2142 1208/1786/2142 1320/1780/2142 1329/1774/2142
f 983/1421/2143 984/1424/2143 982/1422/2143
f 984/1424/1233 985/1426/1233 981/1425/1233
f 985/1426/1234 986/1428/1234 980/1427/1234
f 986/1428/1235 1409/1426/1235 979/1425/1235
f 983/1421/2144 988/1429/2144 984/1424/2144
f 988/1429/1236 989/1430/1236 985/1426/1236
f 989/1430/1237 990/1431/1237 986/1428/1237
f 990/1431/2145 987/1430/2145 1409/1426/2145
f 983/1421/2146 991/1436/2146 993/1432/2146
f 988/1429/1240 993/1432/1240 994/1433/1240
f 989/1430/1241 994/1433/1241 995/1434/1241
f 990/1431/1242 995/1434/1242 992/1435/1242
f 993/1432/1244 997/1437/1244 998/1438/1244
f 994/1433/1245 998/1438/1245 999/1439/1245
f 995/1434/1246 999/1439/1246 996/1438/1246
f 1005/1447/2147 1009/1440/2147 1008/1442/2147
f 1009/1440/1247 1010/1443/1247 1007/1441/1247
f 1010/1443/1248 1011/1445/1248 1006/1444/1248
f 1011/1445/1249 1440/1443/1249 1004/1441/1249
f 1012/1446/2148 1014/1448/2148 1009/1440/2148
f 1014/1448/1251 1015/1449/1251 1010/1443/1251
f 1015/1449/1252 1016/1450/1252 1011/1445/1252
f 1016/1450/2149 1013/1449/2149 1440/1443/2149
f 1014/1448/1255 1017/1451/1255 1018/1452/1255
f 1015/1449/1256 1018/1452/1256 1019/1453/1256
f 1016/1450/1257 1019/1453/1257 1451/1452/1257
f 1012/1446/2150 1020/1680/2150 1022/1454/2150
f 1017/1451/1259 1022/1454/1259 1023/1455/1259
f 1018/1452/1260 1023/1455/1260 1024/1456/1260
f 1019/1453/1261 1024/1456/1261 1021/1455/1261
f 1020/1680/2151 1001/1457/2151 1022/1454/2151
f 1001/1457/1262 1002/1458/1262 1023/1455/1262
f 1002/1458/1263 1003/1459/1263 1024/1456/1263
f 1003/1459/1264 1000/1684/1264 1021/1455/1264
f 970/1460/1266 982/1422/1266 981/1425/1266
f 969/1461/1267 981/1425/1267 980/1427/1267
f 968/1462/1268 980/1427/1268 979/1425/1268
f 971/1464/2152 972/1465/2152 997/1437/2152
f 972/1465/1270 973/1466/1270 998/1438/1270
f 973/1466/1271 974/1467/1271 999/1439/1271
f 974/1467/1272 1392/2415/1272 996/1438/1272
f 975/1468/2153 1005/1447/2153 1008/1442/2153
f 978/1469/1274 1008/1442/1274 1007/1441/1274
f 977/1470/1275 1007/1441/1275 1006/1444/1275
f 976/1471/1276 1006/1444/1276 1004/1441/1276
f 971/1464/2154 1033/1480/2154 1035/1473/2154
f 972/1465/1278 1035/1473/1278 1036/1474/1278
f 973/1466/1279 1036/1474/1279 1037/1475/1279
f 974/1467/1280 1037/1475/1280 1034/1474/1280
f 1033/1480/2155 1043/1477/2155 1035/1473/2155
f 1043/1477/1281 1044/1478/1281 1036/1474/1281
f 1044/1478/1282 1045/1479/1282 1037/1475/1282
f 1045/1479/1283 1042/1485/1283 1034/1474/1283
f 1043/1477/1285 1039/1481/1285 1040/1482/1285
f 1044/1478/1286 1040/1482/1286 1041/1483/1286
f 1045/1479/1287 1041/1483/1287 1038/1484/1287
f 1033/1480/2156 1029/1496/2156 1103/1486/2156
f 1039/1481/2157 1103/1486/2157 1031/1487/2157
f 1040/1482/1290 1031/1487/1290 1032/1488/1290
f 1041/1483/1291 1032/1488/1291 1030/1489/1291
f 1031/1487/1293 1104/1491/1293 1105/1492/1293
f 1032/1488/1294 1105/1492/1294 1102/1493/1294
f 1110/1495/2158 1112/1497/2158 1103/1486/2158
f 1112/1497/2159 1113/1498/2159 1104/1491/2159
f 1113/1498/1297 1114/1499/1297 1105/1492/1297
f 1114/1499/1298 1111/2416/1298 1102/1500/1298
f 1112/1497/1300 1107/1501/1300 1108/1502/1300
f 1113/1498/1301 1108/1502/1301 1109/1503/1301
f 1114/1499/1302 1109/1503/1302 1106/1504/1302
f 1107/1501/2160 1088/1506/2160 1100/1507/2160
f 1108/1502/1305 1100/1507/1305 1101/1508/1305
f 1109/1503/2161 1101/1508/2161 1099/1509/2161
f 1100/1507/1308 1089/1511/1308 1090/1512/1308
f 1101/1508/1309 1090/1512/1309 1548/1513/1309
f 1095/1514/2162 1096/1515/2162 1088/1506/2162
f 1096/1515/2163 1097/1516/2163 1089/1511/2163
f 1097/1516/1312 1098/1517/1312 1090/1512/1312
f 1098/1517/1313 1559/1522/1313 1548/1513/1313
f 1096/1515/1315 1092/1518/1315 1093/1519/1315
f 1097/1516/1316 1093/1519/1316 1094/1520/1316
f 1098/1517/2164 1094/1520/2164 1091/1521/2164
f 1095/1514/2165 1084/1535/2165 1073/1523/2165
f 1092/1518/2166 1073/1523/2166 1086/1524/2166
f 1093/1519/1320 1086/1524/1320 1087/1525/1320
f 1094/1520/1321 1087/1525/1321 1085/1526/1321
f 1086/1524/2167 1074/1528/2167 1075/1529/2167
f 1087/1525/1324 1075/1529/1324 1530/1530/1324
f 1084/1535/2168 1081/1532/2168 1073/1523/2168
f 1081/1532/2169 1082/1533/2169 1074/1528/2169
f 1082/1533/1326 1083/1534/1326 1075/1529/1326
f 1083/1534/1327 1080/1540/1327 1530/1530/1327
f 1081/1532/1329 1077/1536/1329 1078/1537/1329
f 1082/1533/1330 1078/1537/1330 1079/1538/1330
f 1083/1534/1331 1079/1538/1331 1076/1539/1331
f 1084/1535/2170 1070/1553/2170 1060/1541/2170
f 1077/1536/2171 1060/1541/2171 1071/1542/2171
f 1078/1537/1334 1071/1542/1334 1072/1543/1334
f 1079/1538/1335 1072/1543/1335 1527/1544/1335
f 1071/1542/1337 1061/1546/1337 1062/1547/1337
f 1062/1547/2172 1511/2055/2172 1527/1548/2172
f 1070/1553/2173 1067/1549/2173 1060/1541/2173
f 1067/1549/2174 1068/1550/2174 1061/1546/2174
f 1068/1550/1340 1069/1551/1340 1062/1547/1340
f 1069/1551/1341 1521/2417/1341 1511/1552/1341
f 1067/1549/1343 1064/1554/1343 1065/1555/1343
f 1068/1550/1344 1065/1555/1344 1066/1556/1344
f 1069/1551/1345 1066/1556/1345 1063/1557/1345
f 1070/1553/2175 1057/1568/2175 1047/1559/2175
f 1064/1554/2176 1047/1559/2176 1058/1560/2176
f 1065/1555/1348 1058/1560/1348 1059/1561/1348
f 1066/1556/1349 1059/1561/1349 1507/1562/1349
f 1047/1559/2177 1048/1563/2177 1058/1560/2177
f 1048/1563/1350 1049/1564/1350 1059/1561/1350
f 1049/1564/2178 1918/2418/2178 1507/1565/2178
f 1057/1568/2179 1054/1566/2179 1047/1559/2179
f 1054/1566/2180 1055/1567/2180 1048/1563/2180
f 1055/1567/1353 1056/1418/1353 1049/1564/1353
f 1057/1568/2181 1050/1573/2181 1051/1569/2181
f 1054/1566/1355 1051/1569/1355 1052/1570/1355
f 1055/1567/2182 1052/1570/2182 1053/1419/2182
f 1051/1569/1359 1028/1574/1359 1026/1575/1359
f 1052/1570/1360 1026/1575/1360 1027/1576/1360
f 1053/1419/1361 1027/1576/1361 1046/1577/1361
f 1025/1580/2183 1197/1581/2183 1028/1574/2183
f 1028/1574/2184 1197/1581/2184 1026/1575/2184
f 1026/1575/1365 1198/1582/1365 1199/1583/1365
f 1025/1580/2185 1205/1584/2185 1197/1581/2185
f 1205/1584/1366 1206/1585/1366 1198/1582/1366
f 1206/1585/1367 1207/1586/1367 1199/1583/1367
f 1207/1586/1368 1204/2419/1368 1674/1578/1368
f 1200/1587/2186 1201/1588/2186 1205/1584/2186
f 1201/1588/1370 1202/1589/1370 1206/1585/1370
f 1202/1589/1371 1203/1590/1371 1207/1586/1371
f 1203/1590/1372 1679/1596/1372 1204/1591/1372
f 1201/1588/2187 1183/1592/2187 1195/1593/2187
f 1202/1589/1375 1195/1593/1375 1196/1594/1375
f 1203/1590/1376 1196/1594/1376 1670/1595/1376
f 1195/1593/1378 1184/1597/1378 1185/1598/1378
f 1196/1594/1379 1185/1598/1379 1182/1599/1379
f 1190/1600/2188 1192/1601/2188 1183/1592/2188
f 1192/1601/2189 1193/1602/2189 1184/1597/2189
f 1193/1602/1382 1194/1603/1382 1185/1598/1382
f 1194/1603/1383 1191/1608/1383 1182/1604/1383
f 1190/1600/2190 1187/1605/2190 1192/1601/2190
f 1187/1605/1384 1188/1606/1384 1193/1602/1384
f 1188/1606/1385 1189/1607/1385 1194/1603/1385
f 1189/1607/1386 1186/2420/1386 1191/1608/1386
f 1187/1605/2191 1168/1609/2191 1180/1610/2191
f 1188/1606/2192 1180/1610/2192 1181/1611/2192
f 1189/1607/1390 1181/1611/1390 1179/1612/1390
f 1168/1609/2193 1169/1614/2193 1180/1610/2193
f 1169/1614/1391 1170/1615/1391 1181/1611/1391
f 1170/1615/1392 1167/1620/1392 1179/1612/1392
f 1174/1616/2194 1176/1617/2194 1168/1609/2194
f 1176/1617/2195 1177/1618/2195 1169/1614/2195
f 1177/1618/1395 1178/1619/1395 1170/1615/1395
f 1178/1619/1396 1175/1624/1396 1167/1620/1396
f 1174/1616/2196 1171/1621/2196 1176/1617/2196
f 1171/1621/1397 1172/1622/1397 1177/1618/1397
f 1172/1622/1398 1173/1623/1398 1178/1619/1398
f 1173/1623/1399 1644/2421/1399 1175/1624/1399
f 1174/1616/2197 1163/1640/2197 1152/1625/2197
f 1171/1621/2198 1152/1625/2198 1165/1626/2198
f 1172/1622/1402 1165/1626/1402 1166/1627/1402
f 1173/1623/1403 1166/1627/1403 1164/1628/1403
f 1152/1625/2199 1153/1630/2199 1165/1626/2199
f 1153/1630/1404 1154/1634/1404 1166/1627/1404
f 1166/1627/2200 1154/1634/2200 1621/1631/2200
f 1163/1640/2201 1160/1632/2201 1152/1625/2201
f 1160/1632/2202 1161/1633/2202 1153/1630/2202
f 1161/1633/1407 1162/1635/1407 1154/1634/1407
f 1162/1635/1408 1159/2422/1408 1621/1631/1408
f 1163/1640/2203 1156/1636/2203 1160/1632/2203
f 1156/1636/1409 1157/1637/1409 1161/1633/1409
f 1157/1637/1410 1158/1638/1410 1162/1635/1410
f 1158/1638/1411 1155/2423/1411 1159/1639/1411
f 1163/1640/2204 1148/1656/2204 1137/1641/2204
f 1156/1636/2205 1137/1641/2205 1150/1642/2205
f 1157/1637/1414 1150/1642/1414 1151/1643/1414
f 1158/1638/1415 1151/1643/1415 1149/1644/1415
f 1137/1641/2206 1138/1646/2206 1150/1642/2206
f 1138/1646/1416 1139/1647/1416 1151/1643/1416
f 1139/1647/1417 1136/2424/1417 1149/1644/1417
f 1148/1656/2207 1145/1648/2207 1137/1641/2207
f 1145/1648/2208 1146/1649/2208 1138/1646/2208
f 1146/1649/1419 1147/1650/1419 1139/1647/1419
f 1147/1650/1420 1144/2425/1420 1136/1651/1420
f 1148/1656/2209 1141/1652/2209 1145/1648/2209
f 1141/1652/1421 1142/1653/1421 1146/1649/1421
f 1142/1653/1422 1143/1654/1422 1147/1650/1422
f 1143/1654/1423 1140/1661/1423 1144/1655/1423
f 1148/1656/2210 1132/1666/2210 1120/1657/2210
f 1141/1652/2211 1120/1657/2211 1134/1658/2211
f 1142/1653/2212 1134/1658/2212 1135/1659/2212
f 1143/1654/2213 1135/1659/2213 1133/1660/2213
f 1120/1657/2214 1121/1662/2214 1134/1658/2214
f 1121/1662/1428 1122/1663/1428 1135/1659/1428
f 1122/1663/1429 1119/1670/1429 1133/1664/1429
f 1127/1665/2215 1129/1667/2215 1120/1657/2215
f 1129/1667/2216 1130/1668/2216 1121/1662/2216
f 1130/1668/2217 1131/1669/2217 1122/1663/2217
f 1131/1669/1433 1128/2426/1433 1119/1670/1433
f 1129/1667/1435 1124/1671/1435 1125/1672/1435
f 1130/1668/1436 1125/1672/1436 1126/1673/1436
f 1131/1669/1437 1126/1673/1437 1123/1674/1437
f 1124/1671/1439 1116/1676/1439 1117/1677/1439
f 1125/1672/2218 1117/1677/2218 1118/1678/2218
f 1126/1673/1441 1118/1678/1441 1115/1677/1441
f 975/1468/2219 978/1469/2219 1116/1676/2219
f 978/1469/1443 977/1470/1443 1117/1677/1443
f 977/1470/1444 976/1471/1444 1118/1678/1444
f 976/1471/1445 1399/1472/1445 1115/1677/1445
f 1020/1680/2220 1300/1686/2220 1302/1681/2220
f 1001/1457/1447 1302/1681/1447 1303/1682/1447
f 1002/1458/1448 1303/1682/1448 1304/1683/1448
f 1003/1459/1449 1304/1683/1449 1301/1682/1449
f 1307/1685/2221 1309/1687/2221 1302/1681/2221
f 1309/1687/1451 1310/1688/1451 1303/1682/1451
f 1310/1688/1452 1311/1689/1452 1304/1683/1452
f 1311/1689/2222 1308/2427/2222 1301/1682/2222
f 1307/1685/2223 1313/1690/2223 1309/1687/2223
f 1313/1690/1454 1314/1691/1454 1310/1688/1454
f 1314/1691/2224 1315/1692/2224 1311/1689/2224
f 1315/1692/1456 1312/2428/1456 1308/1693/1456
f 1313/1690/2225 1376/1694/2225 1305/1695/2225
f 1314/1691/1459 1305/1695/1459 1306/1696/1459
f 1315/1692/1460 1306/1696/1460 1815/1697/1460
f 1305/1695/1462 1377/1699/1462 1378/1700/1462
f 1306/1696/1463 1378/1700/1463 1375/1701/1463
f 1382/1702/2226 1384/1703/2226 1376/1694/2226
f 1384/1703/2227 1385/1704/2227 1377/1699/2227
f 1385/1704/1466 1386/1705/1466 1378/1700/1466
f 1386/1705/1467 1383/1711/1467 1375/1706/1467
f 1384/1703/1469 1379/1707/1469 1380/1708/1469
f 1385/1704/1470 1380/1708/1470 1381/1709/1470
f 1386/1705/1471 1381/1709/1471 1907/1710/1471
f 1379/1707/2228 1361/1712/2228 1373/1713/2228
f 1380/1708/1474 1373/1713/1474 1374/1714/1474
f 1381/1709/1475 1374/1714/1475 1372/1715/1475
f 1373/1713/1477 1362/1717/1477 1363/1718/1477
f 1374/1714/1478 1363/1718/1478 1360/1719/1478
f 1367/1720/2229 1369/1721/2229 1361/1712/2229
f 1369/1721/2230 1370/1722/2230 1362/1717/2230
f 1370/1722/1481 1371/1723/1481 1363/1718/1481
f 1371/1723/1482 1368/2429/1482 1360/1719/1482
f 1369/1721/1484 1364/1724/1484 1365/1725/1484
f 1370/1722/1485 1365/1725/1485 1366/1726/1485
f 1371/1723/1486 1366/1726/1486 1887/1727/1486
f 1367/1720/2231 1356/1741/2231 1346/1729/2231
f 1364/1724/2232 1346/1729/2232 1358/1730/2232
f 1365/1725/1489 1358/1730/1489 1359/1731/1489
f 1366/1726/2233 1359/1731/2233 1357/1732/2233
f 1358/1730/1492 1347/1734/1492 1348/1735/1492
f 1359/1731/1493 1348/1735/1493 1864/1736/1493
f 1356/1741/2234 1353/1738/2234 1346/1729/2234
f 1353/1738/2235 1354/1739/2235 1347/1734/2235
f 1354/1739/1495 1355/1740/1495 1348/1735/1495
f 1355/1740/1496 1875/2430/1496 1864/1736/1496
f 1353/1738/1498 1350/1742/1498 1351/1743/1498
f 1354/1739/1499 1351/1743/1499 1352/1744/1499
f 1355/1740/1500 1352/1744/1500 1349/1745/1500
f 1356/1741/2236 1342/1758/2236 1332/1747/2236
f 1350/1742/2237 1332/1747/2237 1344/1748/2237
f 1351/1743/1503 1344/1748/1503 1345/1749/1503
f 1352/1744/1504 1345/1749/1504 1343/1750/1504
f 1344/1748/1506 1333/1751/1506 1334/1752/1506
f 1345/1749/2238 1334/1752/2238 1847/1753/2238
f 1342/1758/2239 1339/1754/2239 1332/1747/2239
f 1339/1754/2240 1340/1755/2240 1333/1751/2240
f 1340/1755/1509 1341/1756/1509 1334/1752/1509
f 1341/1756/1510 1856/1763/1510 1847/1757/1510
f 1339/1754/1512 1336/1759/1512 1337/1760/1512
f 1340/1755/1513 1337/1760/1513 1338/1761/1513
f 1341/1756/1514 1338/1761/1514 1335/1762/1514
f 1342/1758/2241 1329/1774/2241 1317/1764/2241
f 1336/1759/2242 1317/1764/2242 1330/1765/2242
f 1337/1760/2243 1330/1765/2243 1331/1766/2243
f 1338/1761/1518 1331/1766/1518 1841/1767/1518
f 1317/1764/2244 1318/1768/2244 1330/1765/2244
f 1318/1768/1519 1319/1769/1519 1331/1766/1519
f 1319/1769/2245 1316/1773/2245 1841/1767/2245
f 1329/1774/2246 1326/1770/2246 1317/1764/2246
f 1326/1770/2247 1327/1771/2247 1318/1768/2247
f 1327/1771/1522 1328/1772/1522 1319/1769/1522
f 1328/1772/1523 1325/2431/1523 1316/1773/1523
f 1329/1774/2248 1320/1780/2248 1322/1775/2248
f 1326/1770/1525 1322/1775/1525 1323/1776/1525
f 1327/1771/2249 1323/1776/2249 1324/1777/2249
f 1328/1772/1527 1324/1777/1527 1321/1778/1527
f 1322/1775/1529 1297/1781/1529 1298/1782/1529
f 1323/1776/1530 1298/1782/1530 1299/1783/1530
f 1324/1777/2250 1299/1783/2250 1296/1784/2250
f 1208/1786/1532 1227/1787/1532 1297/1781/1532
f 1227/1787/2251 1228/1788/2251 1298/1782/2251
f 1228/1788/1534 1229/1789/1534 1299/1783/1534
f 1229/1789/1535 1226/1793/1535 1296/1784/1535
f 1208/1786/2252 1236/1790/2252 1227/1787/2252
f 1236/1790/1536 1237/1791/1536 1228/1788/1536
f 1237/1791/1537 1238/1792/1537 1229/1789/1537
f 1238/1792/2253 1235/2308/2253 1226/1793/2253
f 1230/1794/2254 1232/1795/2254 1236/1790/2254
f 1232/1795/1540 1233/1796/1540 1237/1791/1540
f 1233/1796/1541 1234/1797/1541 1238/1792/1541
f 1234/1797/1542 1231/1803/1542 1235/1798/1542
f 1232/1795/2255 1243/1799/2255 1224/1800/2255
f 1233/1796/1545 1224/1800/1545 1225/1801/1545
f 1234/1797/1546 1225/1801/1546 1223/1802/1546
f 1224/1800/1548 1244/1804/1548 1245/1805/1548
f 1225/1801/1549 1245/1805/1549 1242/1806/1549
f 1250/1807/2256 1252/1808/2256 1243/1799/2256
f 1252/1808/2257 1253/1809/2257 1244/1804/2257
f 1253/1809/1552 1254/1810/1552 1245/1805/1552
f 1254/1810/1553 1251/1815/1553 1242/1811/1553
f 1250/1807/2258 1247/1812/2258 1252/1808/2258
f 1247/1812/1554 1248/1813/1554 1253/1809/1554
f 1248/1813/1555 1249/1814/1555 1254/1810/1555
f 1249/1814/1556 1246/1820/1556 1251/1815/1556
f 1247/1812/2259 1260/1816/2259 1240/1817/2259
f 1248/1813/1559 1240/1817/1559 1241/1818/1559
f 1249/1814/1560 1241/1818/1560 1239/1819/1560
f 1260/1816/2260 1261/1821/2260 1240/1817/2260
f 1261/1821/1561 1262/1822/1561 1241/1818/1561
f 1262/1822/1562 1259/1827/1562 1239/1819/1562
f 1267/1823/2261 1268/1824/2261 1260/1816/2261
f 1268/1824/2262 1269/1825/2262 1261/1821/2262
f 1269/1825/1565 1270/1826/1565 1262/1822/1565
f 1270/1826/2263 1759/1831/2263 1259/1827/2263
f 1267/1823/2264 1264/1828/2264 1268/1824/2264
f 1264/1828/1567 1265/1829/1567 1269/1825/1567
f 1265/1829/1568 1266/1830/1568 1270/1826/1568
f 1266/1830/1569 1263/2347/1569 1759/1831/1569
f 1267/1823/2265 1255/1847/2265 1274/1832/2265
f 1264/1828/2266 1274/1832/2266 1257/1833/2266
f 1265/1829/1572 1257/1833/1572 1258/1834/1572
f 1266/1830/1573 1258/1834/1573 1256/1835/1573
f 1274/1832/2267 1275/1837/2267 1257/1833/2267
f 1275/1837/1574 1276/1838/1574 1258/1834/1574
f 1276/1838/1575 1768/1842/1575 1256/1835/1575
f 1255/1847/2268 1280/1839/2268 1274/1832/2268
f 1280/1839/2269 1281/1840/2269 1275/1837/2269
f 1281/1840/1577 1282/1841/1577 1276/1838/1577
f 1282/1841/1578 1780/2361/1578 1768/1842/1578
f 1255/1847/2270 1277/1843/2270 1280/1839/2270
f 1277/1843/1579 1278/1844/1579 1281/1840/1579
f 1278/1844/1580 1279/1845/1580 1282/1841/1580
f 1279/1845/1581 1774/1852/1581 1780/1846/1581
f 1255/1847/2271 1271/1863/2271 1286/1848/2271
f 1277/1843/2272 1286/1848/2272 1272/1849/2272
f 1278/1844/1584 1272/1849/1584 1273/1850/1584
f 1279/1845/1585 1273/1850/1585 1764/1851/1585
f 1286/1848/2273 1287/1853/2273 1272/1849/2273
f 1287/1853/1586 1288/1854/1586 1273/1850/1586
f 1288/1854/1587 1788/1858/1587 1764/1851/1587
f 1271/1863/2274 1293/1855/2274 1286/1848/2274
f 1293/1855/2275 1294/1856/2275 1287/1853/2275
f 1294/1856/1589 1295/1857/1589 1288/1854/1589
f 1295/1857/1590 1799/1862/1590 1788/1858/1590
f 1271/1863/2276 1290/1859/2276 1293/1855/2276
f 1290/1859/1591 1291/1860/1591 1294/1856/1591
f 1291/1860/1592 1292/1861/1592 1295/1857/1592
f 1292/1861/1593 1289/1868/1593 1799/1862/1593
f 1271/1863/2277 1219/1875/2277 1213/1864/2277
f 1290/1859/2278 1213/1864/2278 1284/1865/2278
f 1291/1860/2279 1284/1865/2279 1285/1866/2279
f 1292/1861/1597 1285/1866/1597 1283/1867/1597
f 1213/1864/2280 1214/1869/2280 1284/1865/2280
f 1214/1869/1598 1215/1870/1598 1285/1866/1598
f 1215/1870/1599 1696/2395/1599 1283/1867/1599
f 1219/1875/2281 1220/1871/2281 1213/1864/2281
f 1220/1871/2282 1221/1872/2282 1214/1869/2282
f 1221/1872/2283 1222/1873/2283 1215/1870/2283
f 1222/1873/1602 1708/1880/1602 1696/1874/1602
f 1220/1871/1604 1216/1876/1604 1217/1877/1604
f 1221/1872/1605 1217/1877/1605 1218/1878/1605
f 1222/1873/1606 1218/1878/1606 1702/1879/1606
f 1219/1875/2284 1209/1884/2284 1210/1881/2284
f 1216/1876/1608 1210/1881/1608 1211/1882/1608
f 1217/1877/2285 1211/1882/2285 1212/1883/2285
f 1218/1878/1610 1212/1883/1610 1690/1882/1610
f 967/1423/2286 970/1460/2286 1210/1881/2286
f 970/1460/1612 969/1461/1612 1211/1882/1612
f 969/1461/1613 968/1462/1613 1212/1883/1613
f 968/1462/1614 966/1463/1614 1690/1882/1614
f 1810/2201/2287 1823/2200/2287 1902/2210/2287 1912/2219/2287 1898/2224/2287 1882/2232/2287 1893/2237/2287 1888/2242/2287 1865/2248/2287 1870/2256/2287 1848/2266/2287 1857/2273/2287 1842/2279/2287 1836/2288/2287 1809/2297/2287 1804/2302/2287 1726/2307/2287 1713/2321/2287 1741/2333/2287 1736/2338/2287 1749/2346/2287 1754/2353/2287 1769/2366/2287 1775/2371/2287 1789/2385/2287 1794/2390/2287 1697/2403/2287 1703/2408/2287 1691/2413/2287 1387/1972/2287 1404/1921/2287 1410/1920/2287 1415/1927/2287 1420/1936/2287 1425/1978/2287 1393/1977/2287 1468/1993/2287 1473/1992/2287 1567/2010/2287 1572/2009/2287 1549/2027/2287 1554/2026/2287 1531/2045/2287 1536/2044/2287 1512/2063/2287 1522/2062/2287 1508/2072/2287 1483/2076/2287 1488/1904/2287 1600/2079/2287 1685/2091/2287 1680/2100/2287 1656/2114/2287 1661/2113/2287 1639/2130/2287 1645/2129/2287 1622/2148/2287 1627/2147/2287 1604/2165/2287 1609/2164/2287 1586/2182/2287 1595/2181/2287 1581/2191/2287 1398/1983/2287 1435/1946/2287 1441/1945/2287 1446/1951/2287 1452/1960/2287 1457/1966/2287 1430/1965/2287
f 1489/1885/2288 1484/1889/2288 1490/1886/2288
f 1920/1888/2289 1498/1891/2289 1484/1889/2289
f 1484/1889/2290 1492/1893/2290 1491/1892/2290
f 1498/1891/2291 1499/1901/2291 1492/1893/2291
f 1493/1894/2292 1496/1898/2292 1495/1895/2292
f 1494/1897/2293 1497/1899/2293 1496/1898/2293
f 1504/1908/2294 1505/1900/2294 1497/1899/2294
f 1496/1898/2295 1498/1891/2295 1919/1890/2295
f 1497/1899/2296 1499/1901/2296 1498/1891/2296
f 1505/1900/2297 1506/1909/2297 1499/1901/2297
f 1500/1902/2298 1502/1906/2298 1486/1903/2298
f 1500/1902/2299 1501/1907/2299 1503/1905/2299
f 1486/1903/2300 1502/1906/2300 1505/1900/2300
f 1502/1906/2301 1503/1905/2301 1506/1909/2301
f 1503/1905/2302 1492/1893/2302 1499/1901/2302
f 979/1425/1634 1409/1426/1634 1411/1912/1634
f 1408/1913/1635 1411/1912/1635 1412/1914/1635
f 1407/1915/1636 1412/1914/1636 1413/1916/1636
f 1406/1917/1637 1413/1916/1637 1414/1918/1637
f 1405/1919/2303 1414/1918/2303 1410/1920/2303
f 1409/1922/1639 987/1430/1639 1416/1923/1639
f 1411/1912/1640 1416/1923/1640 1417/1924/1640
f 1412/1914/1641 1417/1924/1641 1418/1925/1641
f 1413/1916/1642 1418/1925/1642 1419/1926/1642
f 1414/1918/1643 1419/1926/1643 1415/1927/1643
f 992/1435/1644 1421/1928/1644 1416/1923/1644
f 1421/1928/1645 1422/1929/1645 1417/1924/1645
f 1422/1929/1646 1423/1930/1646 1418/1925/1646
f 1423/1930/1647 1424/1931/1647 1419/1926/1647
f 1424/1931/2304 1420/1936/2304 1415/1927/2304
f 996/1438/2305 1426/1932/2305 1421/1928/2305
f 1426/1932/1650 1427/1933/1650 1422/1929/1650
f 1427/1933/1651 1428/1934/1651 1423/1930/1651
f 1428/1934/1652 1429/1935/1652 1424/1931/1652
f 1429/1935/1653 1425/1978/1653 1420/1936/1653
f 1004/1441/2306 1440/2432/2306 1442/1937/2306
f 1439/1938/1655 1442/1937/1655 1443/1939/1655
f 1438/1940/1656 1443/1939/1656 1444/1941/1656
f 1437/1942/1657 1444/1941/1657 1445/1943/1657
f 1436/1944/1658 1445/1943/1658 1441/1945/1658
f 1440/1443/1659 1013/1449/1659 1447/1947/1659
f 1442/1937/1660 1447/1947/1660 1448/1948/1660
f 1443/1939/1661 1448/1948/1661 1449/1949/1661
f 1444/1941/1662 1449/1949/1662 1450/1950/1662
f 1445/1943/1663 1450/1950/1663 1446/1951/1663
f 1451/1452/1664 1453/1952/1664 1447/1947/1664
f 1453/1952/1665 1454/1953/1665 1448/1948/1665
f 1454/1953/1666 1455/1954/1666 1449/1949/1666
f 1455/1954/1667 1456/1955/1667 1450/1950/1667
f 1456/1955/1668 1452/1960/1668 1446/1951/1668
f 1021/1455/1669 1458/1956/1669 1453/1952/1669
f 1458/1956/1670 1459/1957/1670 1454/1953/1670
f 1459/1957/1671 1460/1958/1671 1455/1954/1671
f 1460/1958/1672 1461/1959/1672 1456/1955/1672
f 1461/1959/1673 1457/1966/1673 1452/1960/1673
f 1021/1455/2307 1000/1684/2307 1431/1961/2307
f 1458/1956/1675 1431/1961/1675 1432/1962/1675
f 1459/1957/1676 1432/1962/1676 1433/1963/1676
f 1460/1958/1677 1433/1963/1677 1434/1964/1677
f 1461/1959/1678 1434/1964/1678 1430/1965/1678
f 979/1425/2308 1408/1913/2308 1391/1967/2308
f 1408/1913/2309 1407/1915/2309 1390/1969/2309
f 1407/1915/2310 1406/1917/2310 1389/1970/2310
f 1406/1917/2311 1405/1919/2311 1388/1971/2311
f 1405/1919/2312 1404/1921/2312 1387/1972/2312
f 996/1438/1684 1392/2415/1684 1394/1973/1684
f 1426/1932/1685 1394/1973/1685 1395/1974/1685
f 1427/1933/1686 1395/1974/1686 1396/1975/1686
f 1428/1934/1687 1396/1975/1687 1397/1976/1687
f 1429/1935/2313 1397/1976/2313 1393/1977/2313
f 1004/1441/1689 1439/1938/1689 1403/1979/1689
f 1439/1938/1690 1438/1940/1690 1402/1980/1690
f 1438/1940/1691 1437/1942/1691 1401/1981/1691
f 1437/1942/2314 1436/1944/2314 1400/1982/2314
f 1436/1944/1693 1435/1946/1693 1398/1983/1693
f 1034/1474/1694 1469/1984/1694 1394/1973/1694
f 1469/1984/1695 1470/1985/1695 1395/1974/1695
f 1470/1985/1696 1471/1986/1696 1396/1975/1696
f 1471/1986/1697 1472/1987/1697 1397/1976/1697
f 1472/1987/1698 1468/1993/1698 1393/1977/1698
f 1034/1474/1699 1042/1485/1699 1478/1988/1699
f 1469/1984/1700 1478/1988/1700 1479/1989/1700
f 1470/1985/1701 1479/1989/1701 1480/1990/1701
f 1471/1986/1702 1480/1990/1702 1481/1991/1702
f 1472/1987/2315 1481/1991/2315 1473/1992/2315
f 1038/1484/1704 1474/1994/1704 1478/1988/1704
f 1474/1994/1705 1475/1995/1705 1479/1989/1705
f 1475/1995/1706 1476/1996/1706 1480/1990/1706
f 1476/1996/1707 1477/1997/1707 1481/1991/1707
f 1030/1489/1709 1465/1998/1709 1474/1994/1709
f 1465/1998/1710 1466/1999/1710 1475/1995/1710
f 1466/1999/1711 1467/2000/1711 1476/1996/1711
f 1467/2000/2316 1571/2001/2316 1477/1997/2316
f 1571/2001/2317 1567/2010/2317 1473/1992/2317
f 1102/1493/1714 1568/2002/1714 1465/1998/1714
f 1568/2002/1715 1569/2003/1715 1466/1999/1715
f 1569/2003/1716 1570/2004/1716 1467/2000/1716
f 1102/1500/1718 1111/2416/1718 1577/2005/1718
f 1568/2002/1719 1577/2005/1719 1578/2006/1719
f 1569/2003/1720 1578/2006/1720 1579/2007/1720
f 1570/2004/2318 1579/2007/2318 1580/2008/2318
f 1571/2001/2319 1580/2008/2319 1572/2009/2319
f 1106/1504/1723 1573/2011/1723 1577/2005/1723
f 1573/2011/1724 1574/2012/1724 1578/2006/1724
f 1574/2012/1725 1575/2013/1725 1579/2007/1725
f 1575/2013/1726 1576/2014/1726 1580/2008/1726
f 1099/1509/1728 1564/2015/1728 1573/2011/1728
f 1564/2015/1729 1565/2016/1729 1574/2012/1729
f 1565/2016/1730 1566/2017/1730 1575/2013/1730
f 1566/2017/2320 1553/2018/2320 1576/2014/2320
f 1553/2018/2321 1549/2027/2321 1572/2009/2321
f 1548/1513/1733 1550/2019/1733 1564/2015/1733
f 1550/2019/1734 1551/2020/1734 1565/2016/1734
f 1551/2020/1735 1552/2021/1735 1566/2017/1735
f 1548/1513/1737 1559/1522/1737 1560/2022/1737
f 1550/2019/1738 1560/2022/1738 1561/2023/1738
f 1551/2020/1739 1561/2023/1739 1562/2024/1739
f 1552/2021/2322 1562/2024/2322 1563/2025/2322
f 1553/2018/2323 1563/2025/2323 1554/2026/2323
f 1091/1521/1742 1555/2028/1742 1560/2022/1742
f 1555/2028/1743 1556/2029/1743 1561/2023/1743
f 1556/2029/1744 1557/2030/1744 1562/2024/1744
f 1557/2030/1745 1558/2031/1745 1563/2025/1745
f 1085/1526/1747 1545/2032/1747 1555/2028/1747
f 1545/2032/1748 1546/2033/1748 1556/2029/1748
f 1546/2033/1749 1547/2034/1749 1557/2030/1749
f 1547/2034/2324 1535/2035/2324 1558/2031/2324
f 1535/2035/2325 1531/2045/2325 1554/2026/2325
f 1530/1530/1752 1532/2036/1752 1545/2032/1752
f 1532/2036/1753 1533/2037/1753 1546/2033/1753
f 1533/2037/1754 1534/2038/1754 1547/2034/1754
f 1530/2039/1756 1080/1540/1756 1541/2040/1756
f 1532/2036/1757 1541/2040/1757 1542/2041/1757
f 1533/2037/1758 1542/2041/1758 1543/2042/1758
f 1534/2038/2326 1543/2042/2326 1544/2043/2326
f 1535/2035/2327 1544/2043/2327 1536/2044/2327
f 1076/1539/1761 1537/2046/1761 1541/2040/1761
f 1537/2046/1762 1538/2047/1762 1542/2041/1762
f 1538/2047/1763 1539/2048/1763 1543/2042/1763
f 1539/2048/1764 1540/2049/1764 1544/2043/1764
f 1527/2050/1766 1528/2051/1766 1537/2046/1766
f 1528/2051/1767 1529/2052/1767 1538/2047/1767
f 1529/2052/2328 1515/2053/2328 1539/2048/2328
f 1515/2053/2329 1516/2054/2329 1540/2049/2329
f 1516/2054/2330 1512/2063/2330 1536/2044/2330
f 1511/2055/1771 1513/2056/1771 1528/2051/1771
f 1513/2056/1772 1514/2057/1772 1529/2052/1772
f 1511/1552/1774 1521/2433/1774 1523/2058/1774
f 1513/2056/1775 1523/2058/1775 1524/2059/1775
f 1514/2057/2331 1524/2059/2331 1525/2060/2331
f 1515/2053/2332 1525/2060/2332 1526/2061/2332
f 1516/2054/2333 1526/2061/2333 1522/2062/2333
f 1063/1557/1779 1517/2064/1779 1523/2058/1779
f 1517/2064/1780 1518/2065/1780 1524/2059/1780
f 1518/2065/1781 1519/2066/1781 1525/2060/1781
f 1519/2066/1782 1520/2067/1782 1526/2061/1782
f 1520/2067/2334 1508/2072/2334 1522/2062/2334
f 1063/1557/2335 1507/1562/2335 1490/2068/2335
f 1490/2068/2336 1509/2069/2336 1518/2065/2336
f 1509/2069/1786 1510/2070/1786 1519/2066/1786
f 1510/2070/2337 1485/2071/2337 1520/2067/2337
f 1507/2073/2338 1918/2418/2338 1484/2074/2338
f 1484/2074/2339 1492/2077/2339 1509/2069/2339
f 1509/2069/2340 1492/2077/2340 1501/2075/2340
f 1918/1572/2341 1487/1887/2341 1490/1886/2341
f 1500/1902/2342 1488/1904/2342 1483/2076/2342
f 1917/1420/2343 1496/2080/2343 1493/1894/2343
f 1496/2080/2344 1493/2086/2344 1482/2081/2344
f 1482/2081/2345 1463/2083/2345 1504/2082/2345
f 1463/2083/2346 1464/2084/2346 1486/1903/2346
f 1046/1579/2347 1674/1578/2347 1462/2085/2347
f 1462/2085/1810 1676/2087/1810 1482/2081/1810
f 1677/2088/1808 1678/2089/1808 1464/2084/1808
f 1674/1578/2347 1675/2090/2347 1462/2085/2347
f 1674/1578/2348 1204/2419/2348 1686/2092/2348
f 1675/2090/2349 1686/2092/2349 1687/2093/2349
f 1676/2087/1813 1687/2093/1813 1688/2094/1813
f 1677/2088/1814 1688/2094/1814 1689/2095/1814
f 1678/2089/2350 1689/2095/2350 1685/2091/2350
f 1204/1591/1815 1679/2434/1815 1681/2096/1815
f 1686/2092/1816 1681/2096/1816 1682/2097/1816
f 1687/2093/1817 1682/2097/1817 1683/2098/1817
f 1688/2094/1818 1683/2098/1818 1684/2099/1818
f 1689/2095/2351 1684/2099/2351 1680/2100/2351
f 1670/2101/1820 1671/2102/1820 1681/2096/1820
f 1671/2102/1821 1672/2103/1821 1682/2097/1821
f 1672/2103/1822 1673/2104/1822 1683/2098/1822
f 1673/2104/2352 1660/2105/2352 1684/2099/2352
f 1660/2105/2353 1656/2114/2353 1680/2100/2353
f 1182/1599/1825 1657/2106/1825 1671/2102/1825
f 1657/2106/1826 1658/2107/1826 1672/2103/1826
f 1658/2107/1827 1659/2108/1827 1673/2104/1827
f 1182/1604/1829 1191/1608/1829 1666/2109/1829
f 1657/2106/1830 1666/2109/1830 1667/2110/1830
f 1658/2107/1831 1667/2110/1831 1668/2111/1831
f 1659/2108/2354 1668/2111/2354 1669/2112/2354
f 1660/2105/2355 1669/2112/2355 1661/2113/2355
f 1191/1608/1834 1186/2420/1834 1662/2115/1834
f 1666/2109/1835 1662/2115/1835 1663/2116/1835
f 1667/2110/1836 1663/2116/1836 1664/2117/1836
f 1668/2111/1837 1664/2117/1837 1665/2118/1837
f 1669/2112/2356 1665/2118/2356 1661/2113/2356
f 1179/1612/1838 1654/2119/1838 1662/2115/1838
f 1654/2119/1839 1655/2120/1839 1663/2116/1839
f 1655/2120/2357 1642/2121/2357 1664/2117/2357
f 1642/2121/2358 1643/2122/2358 1665/2118/2358
f 1643/2122/2359 1639/2130/2359 1661/2113/2359
f 1179/1612/1843 1167/1620/1843 1640/2123/1843
f 1654/2119/1844 1640/2123/1844 1641/2124/1844
f 1655/2120/2360 1641/2124/2360 1642/2121/2360
f 1167/1620/1845 1175/1624/1845 1650/2125/1845
f 1640/2123/1846 1650/2125/1846 1651/2126/1846
f 1641/2124/2361 1651/2126/2361 1652/2127/2361
f 1642/2121/2362 1652/2127/2362 1653/2128/2362
f 1643/2122/2363 1653/2128/2363 1645/2129/2363
f 1175/1624/1850 1644/2435/1850 1646/2131/1850
f 1650/2125/1851 1646/2131/1851 1647/2132/1851
f 1651/2126/1852 1647/2132/1852 1648/2133/1852
f 1652/2127/1853 1648/2133/1853 1649/2134/1853
f 1653/2128/2364 1649/2134/2364 1645/2129/2364
f 1164/1628/1854 1636/2135/1854 1646/2131/1854
f 1636/2135/1855 1637/2136/1855 1647/2132/1855
f 1637/2136/1856 1638/2137/1856 1648/2133/1856
f 1638/2137/2365 1626/2138/2365 1649/2134/2365
f 1626/2138/2366 1622/2148/2366 1645/2129/2366
f 1164/1628/1859 1621/2436/1859 1623/2139/1859
f 1636/2135/1860 1623/2139/1860 1624/2140/1860
f 1637/2136/1861 1624/2140/1861 1625/2141/1861
f 1638/2137/2367 1625/2141/2367 1626/2138/2367
f 1621/2142/1862 1159/2422/1862 1632/2143/1862
f 1623/2139/1863 1632/2143/1863 1633/2144/1863
f 1624/2140/1864 1633/2144/1864 1634/2145/1864
f 1625/2141/2368 1634/2145/2368 1635/2146/2368
f 1626/2138/2369 1635/2146/2369 1627/2147/2369
f 1159/1639/1867 1155/2423/1867 1628/2149/1867
f 1632/2143/1868 1628/2149/1868 1629/2150/1868
f 1633/2144/1869 1629/2150/1869 1630/2151/1869
f 1634/2145/1870 1630/2151/1870 1631/2152/1870
f 1635/2146/2370 1631/2152/2370 1627/2147/2370
f 1149/1644/1871 1618/2153/1871 1628/2149/1871
f 1618/2153/1872 1619/2154/1872 1629/2150/1872
f 1619/2154/1873 1620/2155/1873 1630/2151/1873
f 1620/2155/2371 1608/2156/2371 1631/2152/2371
f 1608/2156/2372 1604/2165/2372 1627/2147/2372
f 1149/1644/1876 1136/2424/1876 1605/2157/1876
f 1618/2153/1877 1605/2157/1877 1606/2158/1877
f 1619/2154/1878 1606/2158/1878 1607/2159/1878
f 1620/2155/2373 1607/2159/2373 1608/2156/2373
f 1136/1651/1879 1144/2425/1879 1614/2160/1879
f 1605/2157/1880 1614/2160/1880 1615/2161/1880
f 1606/2158/1881 1615/2161/1881 1616/2162/1881
f 1607/2159/2374 1616/2162/2374 1617/2163/2374
f 1608/2156/2375 1617/2163/2375 1609/2164/2375
f 1144/1655/1884 1140/1661/1884 1610/2166/1884
f 1614/2160/1885 1610/2166/1885 1611/2167/1885
f 1615/2161/1886 1611/2167/1886 1612/2168/1886
f 1616/2162/2376 1612/2168/2376 1613/2169/2376
f 1617/2163/2377 1613/2169/2377 1609/2164/2377
f 1133/1660/1888 1601/2170/1888 1610/2166/1888
f 1601/2170/1889 1602/2171/1889 1611/2167/1889
f 1602/2171/1890 1603/2172/1890 1612/2168/1890
f 1603/2172/2378 1590/2173/2378 1613/2169/2378
f 1590/2173/2379 1586/2182/2379 1609/2164/2379
f 1133/1664/1893 1119/1670/1893 1587/2174/1893
f 1601/2170/1894 1587/2174/1894 1588/2175/1894
f 1602/2171/1895 1588/2175/1895 1589/2176/1895
f 1603/2172/2380 1589/2176/2380 1590/2173/2380
f 1119/1670/1896 1128/2426/1896 1596/2177/1896
f 1587/2174/1897 1596/2177/1897 1597/2178/1897
f 1588/2175/1898 1597/2178/1898 1598/2179/1898
f 1589/2176/2381 1598/2179/2381 1599/2180/2381
f 1590/2173/2382 1599/2180/2382 1595/2181/2382
f 1123/1674/1901 1591/2183/1901 1596/2177/1901
f 1591/2183/1902 1592/2184/1902 1597/2178/1902
f 1592/2184/1903 1593/2185/1903 1598/2179/1903
f 1593/2185/2383 1594/2186/2383 1599/2180/2383
f 1594/2186/2384 1581/2191/2384 1595/2181/2384
f 1115/1677/1906 1582/2187/1906 1591/2183/1906
f 1582/2187/1907 1583/2188/1907 1592/2184/1907
f 1583/2188/1908 1584/2189/1908 1593/2185/1908
f 1584/2189/1909 1585/2190/1909 1594/2186/1909
f 1115/1677/1911 1399/1472/1911 1403/1979/1911
f 1582/2187/1912 1403/1979/1912 1402/1980/1912
f 1583/2188/1913 1402/1980/1913 1401/1981/1913
f 1584/2189/1914 1401/1981/1914 1400/1982/1914
f 1585/2190/2385 1400/1982/2385 1398/1983/2385
f 1000/1684/2386 1301/1682/2386 1811/2192/2386
f 1431/1961/2387 1811/2192/2387 1812/2193/2387
f 1432/1962/2388 1812/2193/2388 1813/2194/2388
f 1813/2194/2389 1814/2195/2389 1434/1964/2389
f 1814/2195/2390 1810/2201/2390 1430/1965/2390
f 1301/1682/2391 1308/2427/2391 1819/2196/2391
f 1811/2192/1922 1819/2196/1922 1820/2197/1922
f 1812/2193/1923 1820/2197/1923 1821/2198/1923
f 1813/2194/1924 1821/2198/1924 1822/2199/1924
f 1814/2195/2392 1822/2199/2392 1823/2200/2392
f 1308/1693/2393 1312/2428/2393 1824/2202/2393
f 1819/2196/1927 1824/2202/1927 1825/2203/1927
f 1820/2197/1928 1825/2203/1928 1826/2204/1928
f 1821/2198/1929 1826/2204/1929 1827/2205/1929
f 1822/2199/2394 1827/2205/2394 1823/2200/2394
f 1312/1698/2395 1815/1697/2395 1816/2206/2395
f 1824/2202/1931 1816/2206/1931 1817/2207/1931
f 1825/2203/1932 1817/2207/1932 1818/2208/1932
f 1826/2204/2396 1818/2208/2396 1906/2209/2396
f 1827/2205/2397 1906/2209/2397 1902/2210/2397
f 1815/2211/2398 1375/1701/2398 1903/2212/2398
f 1816/2206/1936 1903/2212/1936 1904/2213/1936
f 1817/2207/1937 1904/2213/1937 1905/2214/1937
f 1818/2208/2399 1905/2214/2399 1906/2209/2399
f 1375/1706/2400 1383/1711/2400 1913/2215/2400
f 1903/2212/1939 1913/2215/1939 1914/2216/1939
f 1904/2213/1940 1914/2216/1940 1915/2217/1940
f 1905/2214/2401 1915/2217/2401 1916/2218/2401
f 1906/2209/2402 1916/2218/2402 1912/2219/2402
f 1383/1711/2403 1907/1710/2403 1908/2220/2403
f 1913/2215/1944 1908/2220/1944 1909/2221/1944
f 1914/2216/1945 1909/2221/1945 1910/2222/1945
f 1915/2217/1946 1910/2222/1946 1911/2223/1946
f 1916/2218/2404 1911/2223/2404 1898/2224/2404
f 1907/1716/2405 1372/1715/2405 1899/2225/2405
f 1908/2220/1949 1899/2225/1949 1900/2226/1949
f 1909/2221/1950 1900/2226/1950 1901/2227/1950
f 1910/2222/2406 1901/2227/2406 1886/2228/2406
f 1911/2223/2407 1886/2228/2407 1898/2224/2407
f 1372/1715/2408 1360/1719/2408 1883/2229/2408
f 1899/2225/1953 1883/2229/1953 1884/2230/1953
f 1900/2226/1954 1884/2230/1954 1885/2231/1954
f 1901/2227/2409 1885/2231/2409 1886/2228/2409
f 1360/1719/2410 1368/2429/2410 1894/2233/2410
f 1883/2229/1957 1894/2233/1957 1895/2234/1957
f 1884/2230/1958 1895/2234/1958 1896/2235/1958
f 1885/2231/2411 1896/2235/2411 1897/2236/2411
f 1886/2228/2412 1897/2236/2412 1893/2237/2412
f 1368/1728/2413 1887/1727/2413 1889/2238/2413
f 1894/2233/1962 1889/2238/1962 1890/2239/1962
f 1895/2234/1963 1890/2239/1963 1891/2240/1963
f 1896/2235/1964 1891/2240/1964 1892/2241/1964
f 1897/2236/1965 1892/2241/1965 1888/2242/1965
f 1887/2243/2414 1357/1732/2414 1880/2244/2414
f 1889/2238/1967 1880/2244/1967 1881/2245/1967
f 1890/2239/2415 1881/2245/2415 1868/2246/2415
f 1891/2240/2416 1868/2246/2416 1869/2247/2416
f 1892/2241/2417 1869/2247/2417 1865/2248/2417
f 1357/1737/2418 1864/1736/2418 1866/2249/2418
f 1880/2244/1972 1866/2249/1972 1867/2250/1972
f 1881/2245/2419 1867/2250/2419 1868/2246/2419
f 1864/2251/2420 1875/1746/2420 1876/2252/2420
f 1866/2249/1974 1876/2252/1974 1877/2253/1974
f 1867/2250/2421 1877/2253/2421 1878/2254/2421
f 1868/2246/2422 1878/2254/2422 1879/2255/2422
f 1869/2247/2423 1879/2255/2423 1870/2256/2423
f 1875/2257/2424 1349/1745/2424 1871/2258/2424
f 1876/2252/1979 1871/2258/1979 1872/2259/1979
f 1877/2253/1980 1872/2259/1980 1873/2260/1980
f 1878/2254/1981 1873/2260/1981 1874/2261/1981
f 1879/2255/2425 1874/2261/2425 1870/2256/2425
f 1349/1745/2426 1343/1750/2426 1862/2262/2426
f 1871/2258/1983 1862/2262/1983 1863/2263/1983
f 1872/2259/2427 1863/2263/2427 1851/2264/2427
f 1873/2260/2428 1851/2264/2428 1852/2265/2428
f 1874/2261/2429 1852/2265/2429 1848/2266/2429
f 1343/1750/2430 1847/1753/2430 1849/2267/2430
f 1862/2262/1988 1849/2267/1988 1850/2268/1988
f 1863/2263/2431 1850/2268/2431 1851/2264/2431
f 1847/1757/2432 1856/2437/2432 1858/2269/2432
f 1849/2267/1990 1858/2269/1990 1859/2270/1990
f 1850/2268/2433 1859/2270/2433 1860/2271/2433
f 1851/2264/2434 1860/2271/2434 1861/2272/2434
f 1852/2265/2435 1861/2272/2435 1857/2273/2435
f 1856/2274/2436 1335/1762/2436 1853/2275/2436
f 1858/2269/1995 1853/2275/1995 1854/2276/1995
f 1859/2270/1996 1854/2276/1996 1855/2277/1996
f 1860/2271/2437 1855/2277/2437 1846/2278/2437
f 1861/2272/2438 1846/2278/2438 1842/2279/2438
f 1335/1762/2439 1841/2283/2439 1843/2280/2439
f 1853/2275/2000 1843/2280/2000 1844/2281/2000
f 1854/2276/2001 1844/2281/2001 1845/2282/2001
f 1855/2277/2440 1845/2282/2440 1846/2278/2440
f 1841/2283/2441 1316/1773/2441 1828/2284/2441
f 1843/2280/2003 1828/2284/2003 1829/2285/2003
f 1844/2281/2004 1829/2285/2004 1830/2286/2004
f 1845/2282/2442 1830/2286/2442 1831/2287/2442
f 1846/2278/2443 1831/2287/2443 1836/2288/2443
f 1316/1773/2444 1325/2431/2444 1837/2289/2444
f 1828/2284/2445 1837/2289/2445 1838/2290/2445
f 1829/2285/2446 1838/2290/2446 1839/2291/2446
f 1830/2286/2010 1839/2291/2010 1840/2292/2010
f 1831/2287/2447 1840/2292/2447 1836/2288/2447
f 1325/1779/2448 1321/1778/2448 1832/2293/2448
f 1837/2289/2012 1832/2293/2012 1833/2294/2012
f 1838/2290/2449 1833/2294/2449 1834/2295/2449
f 1839/2291/2014 1834/2295/2014 1835/2296/2014
f 1840/2292/2450 1835/2296/2450 1809/2297/2450
f 1321/1785/2451 1296/1784/2451 1805/2298/2451
f 1832/2293/2452 1805/2298/2452 1806/2299/2452
f 1833/2294/2018 1806/2299/2018 1807/2300/2018
f 1834/2295/2019 1807/2300/2019 1808/2301/2019
f 1296/1784/2453 1226/1793/2453 1718/2303/2453
f 1805/2298/2454 1718/2303/2454 1719/2304/2454
f 1806/2299/2024 1719/2304/2024 1720/2305/2024
f 1807/2300/2025 1720/2305/2025 1721/2306/2025
f 1808/2301/2455 1721/2306/2455 1726/2307/2455
f 1235/2308/2456 1727/2309/2456 1718/2303/2456
f 1727/2309/2457 1728/2310/2457 1719/2304/2457
f 1728/2310/2029 1729/2314/2029 1720/2305/2029
f 1720/2305/2458 1729/2314/2458 1730/2311/2458
f 1721/2306/2459 1730/2311/2459 1726/2307/2459
f 1231/1803/2460 1722/2312/2460 1727/2309/2460
f 1722/2312/2032 1723/2313/2032 1728/2310/2032
f 1723/2313/2033 1724/2315/2033 1729/2314/2033
f 1724/2315/2034 1725/2316/2034 1730/2311/2034
f 1725/2316/2461 1713/2321/2461 1726/2307/2461
f 1223/1802/2462 1714/2317/2462 1722/2312/2462
f 1714/2317/2037 1715/2318/2037 1723/2313/2037
f 1715/2318/2038 1716/2319/2038 1724/2315/2038
f 1716/2319/2039 1717/2320/2039 1725/2316/2039
f 1242/1806/2463 1733/2322/2463 1714/2317/2463
f 1733/2322/2042 1734/2323/2042 1715/2318/2042
f 1734/2323/2043 1735/2324/2043 1716/2319/2043
f 1735/2324/2464 1745/2325/2464 1717/2320/2464
f 1745/2325/2465 1741/2333/2465 1713/2321/2465
f 1251/1815/2466 1742/2326/2466 1733/2322/2466
f 1742/2326/2047 1743/2327/2047 1734/2323/2047
f 1743/2327/2048 1744/2328/2048 1735/2324/2048
f 1246/1820/2467 1737/2329/2467 1742/2326/2467
f 1737/2329/2051 1738/2330/2051 1743/2327/2051
f 1738/2330/2052 1739/2331/2052 1744/2328/2052
f 1739/2331/2468 1740/2332/2468 1745/2325/2468
f 1740/2332/2469 1736/2338/2469 1741/2333/2469
f 1239/1819/2470 1731/2334/2470 1737/2329/2470
f 1731/2334/2056 1732/2335/2056 1738/2330/2056
f 1732/2335/2471 1752/2336/2471 1739/2331/2471
f 1752/2336/2472 1753/2337/2472 1740/2332/2472
f 1753/2337/2473 1749/2346/2473 1736/2338/2473
f 1259/1827/2474 1750/2339/2474 1731/2334/2474
f 1750/2339/2061 1751/2340/2061 1732/2335/2061
f 1759/2341/2475 1760/2342/2475 1750/2339/2475
f 1760/2342/2064 1761/2343/2064 1751/2340/2064
f 1761/2343/2476 1762/2344/2476 1752/2336/2476
f 1762/2344/2477 1763/2345/2477 1753/2337/2477
f 1763/2345/2478 1754/2353/2478 1749/2346/2478
f 1263/2347/2479 1755/2349/2479 1760/2342/2479
f 1755/2349/2069 1756/2350/2069 1761/2343/2069
f 1756/2350/2070 1757/2351/2070 1762/2344/2070
f 1757/2351/2071 1758/2352/2071 1763/2345/2071
f 1256/1835/2480 1746/2354/2480 1755/2349/2480
f 1746/2354/2074 1747/2355/2074 1756/2350/2074
f 1747/2355/2075 1748/2356/2075 1757/2351/2075
f 1748/2356/2481 1773/2357/2481 1758/2352/2481
f 1773/2357/2482 1769/2366/2482 1754/2353/2482
f 1768/1842/2483 1770/2358/2483 1746/2354/2483
f 1770/2358/2079 1771/2359/2079 1747/2355/2079
f 1771/2359/2080 1772/2360/2080 1748/2356/2080
f 1780/2361/2484 1781/2362/2484 1770/2358/2484
f 1781/2362/2083 1782/2363/2083 1771/2359/2083
f 1782/2363/2084 1783/2364/2084 1772/2360/2084
f 1783/2364/2485 1784/2365/2485 1773/2357/2485
f 1784/2365/2486 1775/2371/2486 1769/2366/2486
f 1774/1852/2487 1776/2367/2487 1781/2362/2487
f 1776/2367/2088 1777/2368/2088 1782/2363/2088
f 1777/2368/2089 1778/2369/2089 1783/2364/2089
f 1778/2369/2090 1779/2370/2090 1784/2365/2090
f 1764/2372/2488 1765/2373/2488 1776/2367/2488
f 1765/2373/2093 1766/2374/2093 1777/2368/2093
f 1766/2374/2094 1767/2375/2094 1778/2369/2094
f 1767/2375/2489 1793/2376/2489 1779/2370/2489
f 1793/2376/2490 1789/2385/2490 1775/2371/2490
f 1788/1858/2491 1790/2378/2491 1765/2373/2491
f 1790/2378/2098 1791/2379/2098 1766/2374/2098
f 1791/2379/2099 1792/2380/2099 1767/2375/2099
f 1799/1862/2492 1800/2381/2492 1790/2378/2492
f 1800/2381/2102 1801/2382/2102 1791/2379/2102
f 1801/2382/2103 1802/2383/2103 1792/2380/2103
f 1802/2383/2493 1803/2384/2493 1793/2376/2493
f 1803/2384/2494 1794/2390/2494 1789/2385/2494
f 1289/1868/2495 1795/2386/2495 1800/2381/2495
f 1795/2386/2107 1796/2387/2107 1801/2382/2107
f 1796/2387/2108 1797/2388/2108 1802/2383/2108
f 1797/2388/2109 1798/2389/2109 1803/2384/2109
f 1283/1867/2496 1785/2391/2496 1795/2386/2496
f 1785/2391/2112 1786/2392/2112 1796/2387/2112
f 1786/2392/2113 1787/2393/2113 1797/2388/2113
f 1787/2393/2497 1701/2394/2497 1798/2389/2497
f 1701/2394/2498 1697/2403/2498 1794/2390/2498
f 1696/2395/2499 1698/2396/2499 1785/2391/2499
f 1698/2396/2117 1699/2397/2117 1786/2392/2117
f 1699/2397/2118 1700/2398/2118 1787/2393/2118
f 1708/1880/2500 1709/2399/2500 1698/2396/2500
f 1709/2399/2121 1710/2400/2121 1699/2397/2121
f 1710/2400/2122 1711/2401/2122 1700/2398/2122
f 1711/2401/2501 1712/2402/2501 1701/2394/2501
f 1712/2402/2502 1703/2408/2502 1697/2403/2502
f 1702/1879/2503 1704/2404/2503 1709/2399/2503
f 1704/2404/2126 1705/2405/2126 1710/2400/2126
f 1705/2405/2127 1706/2406/2127 1711/2401/2127
f 1706/2406/2128 1707/2407/2128 1712/2402/2128
f 1690/1882/2504 1692/2409/2504 1704/2404/2504
f 1692/2409/2131 1693/2410/2131 1705/2405/2131
f 1693/2410/2132 1694/2411/2132 1706/2406/2132
f 1694/2411/2133 1695/2412/2133 1707/2407/2133
f 1695/2412/2505 1691/2413/2505 1703/2408/2505
f 966/1463/2506 1391/1967/2506 1692/2409/2506
f 1391/1967/2507 1390/1969/2507 1693/2410/2507
f 1390/1969/2508 1389/1970/2508 1694/2411/2508
f 1694/2411/2509 1389/1970/2509 1388/1971/2509
f 1695/2412/2510 1388/1971/2510 1387/1972/2510
f 1917/1420/2511 1046/1896/2511 1495/1895/2511
f 1489/1885/2141 1487/1887/2141 1918/1572/2141
