# Blender 3.6.1
# www.blender.org
mtllib cable_harness.mtl
o BezierCurve.008
v -0.094902 0.017349 0.136882
v -0.094902 0.018557 0.138090
v -0.094902 0.018999 0.139740
v -0.094902 0.018557 0.141390
v -0.094902 0.017349 0.142598
v -0.094902 0.015699 0.143040
v -0.094902 0.014049 0.142598
v -0.094902 0.012841 0.141390
v -0.094902 0.012399 0.139740
v -0.094902 0.012841 0.138090
v -0.094902 0.014049 0.136882
v -0.094902 0.015699 0.136440
v -0.092909 0.017021 0.136727
v -0.092440 0.018159 0.137892
v -0.092098 0.018554 0.139504
v -0.091976 0.018100 0.141133
v -0.092105 0.016918 0.142341
v -0.092452 0.015325 0.142805
v -0.092924 0.013747 0.142401
v -0.093393 0.012609 0.141236
v -0.093735 0.012213 0.139623
v -0.093857 0.012668 0.137994
v -0.093728 0.013850 0.136786
v -0.093381 0.015443 0.136322
v -0.090568 0.016141 0.136253
v -0.089841 0.017181 0.137357
v -0.089308 0.017506 0.138920
v -0.089112 0.017030 0.140521
v -0.089306 0.015879 0.141733
v -0.089838 0.014363 0.142230
v -0.090565 0.012886 0.141880
v -0.091292 0.011846 0.140776
v -0.091825 0.011521 0.139214
v -0.092021 0.011997 0.137612
v -0.091827 0.013148 0.136400
v -0.091295 0.014665 0.135903
v -0.087956 0.014823 0.135509
v -0.087095 0.015788 0.136565
v -0.086459 0.016059 0.138084
v -0.086218 0.015563 0.139660
v -0.086437 0.014435 0.140870
v -0.087057 0.012974 0.141390
v -0.087912 0.011575 0.141081
v -0.088773 0.010610 0.140025
v -0.089409 0.010339 0.138506
v -0.089650 0.010834 0.136930
v -0.089431 0.011963 0.135720
v -0.088811 0.013423 0.135200
v -0.085149 0.013178 0.134540
v -0.084213 0.014088 0.135559
v -0.083515 0.014319 0.137043
v -0.083241 0.013807 0.138595
v -0.083466 0.012692 0.139798
v -0.084129 0.011270 0.140331
v -0.085052 0.009923 0.140050
v -0.085988 0.009013 0.139031
v -0.086686 0.008783 0.137546
v -0.086959 0.009294 0.135995
v -0.086735 0.010410 0.134791
v -0.086072 0.011831 0.134259
v -0.082230 0.011316 0.133393
v -0.081250 0.012187 0.134384
v -0.080510 0.012387 0.135838
v -0.080209 0.011861 0.137366
v -0.080427 0.010750 0.138558
v -0.081106 0.009354 0.139095
v -0.082064 0.008044 0.138833
v -0.083045 0.007173 0.137842
v -0.083784 0.006974 0.136388
v -0.084086 0.007500 0.134860
v -0.083867 0.008610 0.133668
v -0.083188 0.010007 0.133131
v -0.079282 0.009351 0.132117
v -0.078276 0.010193 0.133085
v -0.077506 0.010367 0.134512
v -0.077178 0.009826 0.136014
v -0.077380 0.008715 0.137191
v -0.078057 0.007331 0.137725
v -0.079030 0.006047 0.137475
v -0.080036 0.005204 0.136506
v -0.080806 0.005031 0.135080
v -0.081134 0.005572 0.133577
v -0.080932 0.006683 0.132401
v -0.080254 0.008066 0.131866
v -0.076391 0.007395 0.130759
v -0.075372 0.008216 0.131710
v -0.074577 0.008368 0.133110
v -0.074219 0.007810 0.134586
v -0.074394 0.006691 0.135741
v -0.075055 0.005311 0.136265
v -0.076025 0.004040 0.136020
v -0.077044 0.003218 0.135069
v -0.077839 0.003066 0.133668
v -0.078197 0.003625 0.132193
v -0.078022 0.004744 0.131038
v -0.077360 0.006124 0.130513
v -0.073645 0.005563 0.129372
v -0.072623 0.006371 0.130309
v -0.071806 0.006502 0.131684
v -0.071411 0.005922 0.133127
v -0.071546 0.004786 0.134252
v -0.072173 0.003399 0.134758
v -0.073125 0.002131 0.134509
v -0.074146 0.001323 0.133572
v -0.074964 0.001192 0.132197
v -0.075358 0.001771 0.130754
v -0.075224 0.002907 0.129628
v -0.074597 0.004295 0.129122
v -0.071140 0.003972 0.128010
v -0.070126 0.004773 0.128940
v -0.069285 0.004884 0.130286
v -0.068840 0.004276 0.131689
v -0.068913 0.003111 0.132771
v -0.069482 0.001702 0.133244
v -0.070396 0.000426 0.132980
v -0.071410 -0.000375 0.132050
v -0.072251 -0.000487 0.130704
v -0.072696 0.000121 0.129302
v -0.072623 0.001286 0.128219
v -0.072054 0.002695 0.127747
v -0.068989 0.002742 0.126745
v -0.067998 0.003544 0.127675
v -0.067124 0.003634 0.128988
v -0.066604 0.002986 0.130330
v -0.066575 0.001776 0.131343
v -0.067045 0.000326 0.131755
v -0.067889 -0.000974 0.131455
v -0.068881 -0.001776 0.130525
v -0.069754 -0.001866 0.129213
v -0.070275 -0.001218 0.127870
v -0.070304 -0.000008 0.126857
v -0.069833 0.001442 0.126445
v -0.067348 0.001990 0.125683
v -0.066405 0.002803 0.126633
v -0.065481 0.002867 0.127896
v -0.064826 0.002168 0.129133
v -0.064613 0.000891 0.130014
v -0.064901 -0.000621 0.130302
v -0.065611 -0.001963 0.129920
v -0.066555 -0.002775 0.128971
v -0.067478 -0.002840 0.127708
v -0.068134 -0.002141 0.126470
v -0.068347 -0.000864 0.125589
v -0.068059 0.000648 0.125301
v -0.066208 0.001741 0.124829
v -0.065331 0.002559 0.125815
v -0.064357 0.002611 0.127024
v -0.063549 0.001882 0.128132
v -0.063121 0.000569 0.128841
v -0.063189 -0.000978 0.128963
v -0.063735 -0.002343 0.128463
v -0.064612 -0.003161 0.127477
v -0.065586 -0.003213 0.126268
v -0.066394 -0.002485 0.125160
v -0.066822 -0.001171 0.124451
v -0.066754 0.000375 0.124330
v -0.064302 0.001743 0.123233
v -0.063454 0.002563 0.124243
v -0.062459 0.002614 0.125434
v -0.061584 0.001882 0.126488
v -0.061063 0.000563 0.127121
v -0.061035 -0.000989 0.127164
v -0.061509 -0.002359 0.126606
v -0.062357 -0.003178 0.125596
v -0.063352 -0.003229 0.124404
v -0.064228 -0.002497 0.123351
v -0.064749 -0.001178 0.122718
v -0.064776 0.000374 0.122675
v -0.062195 0.001726 0.121476
v -0.061334 0.002546 0.122475
v -0.060327 0.002596 0.123656
v -0.059443 0.001864 0.124702
v -0.058919 0.000545 0.125332
v -0.058895 -0.001007 0.125378
v -0.059378 -0.002376 0.124828
v -0.060238 -0.003196 0.123828
v -0.061245 -0.003246 0.122647
v -0.062130 -0.002514 0.121602
v -0.062654 -0.001195 0.120971
v -0.062678 0.000357 0.120925
v -0.060046 0.001701 0.119603
v -0.059154 0.002520 0.120575
v -0.058111 0.002570 0.121725
v -0.057197 0.001838 0.122744
v -0.056656 0.000519 0.123360
v -0.056633 -0.001033 0.123407
v -0.057135 -0.002403 0.122873
v -0.058026 -0.003222 0.121901
v -0.059069 -0.003272 0.120751
v -0.059984 -0.002539 0.119732
v -0.060525 -0.001220 0.119116
v -0.060547 0.000332 0.119069
v -0.057820 0.001670 0.117505
v -0.056885 0.002489 0.118437
v -0.055792 0.002538 0.119539
v -0.054834 0.001805 0.120516
v -0.054267 0.000486 0.121107
v -0.054243 -0.001067 0.121153
v -0.054769 -0.002435 0.120642
v -0.055704 -0.003254 0.119711
v -0.056797 -0.003304 0.118609
v -0.057755 -0.002570 0.117632
v -0.058322 -0.001251 0.117041
v -0.058346 0.000301 0.116994
v -0.055481 0.001636 0.115069
v -0.054499 0.002454 0.115950
v -0.053350 0.002502 0.116994
v -0.052342 0.001768 0.117919
v -0.051745 0.000449 0.118479
v -0.051719 -0.001103 0.118523
v -0.052271 -0.002472 0.118039
v -0.053253 -0.003290 0.117157
v -0.054402 -0.003339 0.116114
v -0.055410 -0.002605 0.115188
v -0.056007 -0.001285 0.114629
v -0.056033 0.000267 0.114585
v -0.052996 0.001600 0.112180
v -0.051968 0.002418 0.113008
v -0.050764 0.002466 0.113988
v -0.049707 0.001731 0.114857
v -0.049080 0.000411 0.115381
v -0.049052 -0.001141 0.115422
v -0.049629 -0.002509 0.114967
v -0.050657 -0.003327 0.114139
v -0.051861 -0.003375 0.113159
v -0.052917 -0.002640 0.112290
v -0.053544 -0.001320 0.111765
v -0.053573 0.000232 0.111725
v -0.050335 0.001567 0.108726
v -0.049266 0.002384 0.109501
v -0.048013 0.002431 0.110417
v -0.046912 0.001696 0.111229
v -0.046258 0.000375 0.111718
v -0.046226 -0.001177 0.111755
v -0.046825 -0.002545 0.111328
v -0.047894 -0.003362 0.110553
v -0.049147 -0.003409 0.109637
v -0.050248 -0.002674 0.108826
v -0.050902 -0.001353 0.108336
v -0.050934 0.000199 0.108300
v -0.047473 0.001536 0.104598
v -0.046369 0.002353 0.105323
v -0.045073 0.002400 0.106178
v -0.043934 0.001664 0.106935
v -0.043257 0.000344 0.107391
v -0.043222 -0.001209 0.107423
v -0.043839 -0.002576 0.107023
v -0.044944 -0.003393 0.106299
v -0.046239 -0.003440 0.105443
v -0.047378 -0.002704 0.104686
v -0.048056 -0.001383 0.104231
v -0.048091 0.000169 0.104198
v -0.044386 0.001513 0.099688
v -0.043253 0.002329 0.100366
v -0.041922 0.002376 0.101166
v -0.040752 0.001640 0.101873
v -0.040054 0.000319 0.102297
v -0.040017 -0.001233 0.102325
v -0.040650 -0.002601 0.101950
v -0.041783 -0.003417 0.101271
v -0.043113 -0.003464 0.100471
v -0.044284 -0.002728 0.099765
v -0.044981 -0.001407 0.099340
v -0.045019 0.000145 0.099312
v -0.041052 0.001498 0.093888
v -0.039895 0.002314 0.094526
v -0.038537 0.002361 0.095277
v -0.037340 0.001625 0.095939
v -0.036626 0.000304 0.096335
v -0.036587 -0.001248 0.096359
v -0.037232 -0.002616 0.096005
v -0.038389 -0.003432 0.095367
v -0.039747 -0.003479 0.094617
v -0.040944 -0.002743 0.093955
v -0.041658 -0.001422 0.093558
v -0.041697 0.000131 0.093534
v -0.037450 0.001495 0.087095
v -0.036274 0.002311 0.087697
v -0.034892 0.002358 0.088404
v -0.033675 0.001622 0.089027
v -0.032948 0.000301 0.089398
v -0.032906 -0.001252 0.089419
v -0.033561 -0.002619 0.089083
v -0.034737 -0.003435 0.088481
v -0.036119 -0.003482 0.087774
v -0.037337 -0.002746 0.087151
v -0.038064 -0.001425 0.086780
v -0.038105 0.000127 0.086760
v -0.033557 0.001506 0.079201
v -0.032367 0.002322 0.079774
v -0.030967 0.002369 0.080445
v -0.029734 0.001633 0.081035
v -0.028996 0.000312 0.081386
v -0.028953 -0.001241 0.081403
v -0.029615 -0.002608 0.081083
v -0.030806 -0.003424 0.080510
v -0.032205 -0.003471 0.079838
v -0.033439 -0.002735 0.079248
v -0.034176 -0.001414 0.078897
v -0.034219 0.000138 0.078880
v -0.029535 0.001532 0.070579
v -0.028335 0.002349 0.071131
v -0.026923 0.002395 0.071777
v -0.025678 0.001659 0.072343
v -0.024934 0.000338 0.072678
v -0.024889 -0.001214 0.072692
v -0.025556 -0.002581 0.072382
v -0.026757 -0.003398 0.071830
v -0.028168 -0.003444 0.071185
v -0.029413 -0.002708 0.070619
v -0.030158 -0.001387 0.070284
v -0.030202 0.000165 0.070269
v -0.025598 0.001572 0.061788
v -0.024391 0.002389 0.062323
v -0.022970 0.002436 0.062948
v -0.021717 0.001700 0.063495
v -0.020967 0.000379 0.063818
v -0.020921 -0.001173 0.063830
v -0.021592 -0.002541 0.063528
v -0.022800 -0.003357 0.062993
v -0.024220 -0.003404 0.062368
v -0.025474 -0.002668 0.061821
v -0.026224 -0.001347 0.061498
v -0.026269 0.000205 0.061486
v -0.021800 0.001623 0.052988
v -0.020586 0.002440 0.053508
v -0.019157 0.002486 0.054115
v -0.017896 0.001751 0.054645
v -0.017142 0.000430 0.054957
v -0.017095 -0.001122 0.054968
v -0.017769 -0.002490 0.054673
v -0.018983 -0.003306 0.054152
v -0.020412 -0.003353 0.053546
v -0.021673 -0.002617 0.053015
v -0.022427 -0.001297 0.052703
v -0.022474 0.000256 0.052693
v -0.018189 0.001681 0.044337
v -0.016970 0.002498 0.044843
v -0.015534 0.002545 0.045433
v -0.014267 0.001809 0.045949
v -0.013508 0.000489 0.046251
v -0.013461 -0.001063 0.046259
v -0.014138 -0.002431 0.045971
v -0.015358 -0.003248 0.045464
v -0.016793 -0.003295 0.044874
v -0.018060 -0.002559 0.044359
v -0.018819 -0.001238 0.044057
v -0.018866 0.000314 0.044049
v -0.014817 0.001744 0.035992
v -0.013592 0.002561 0.036486
v -0.012150 0.002608 0.037060
v -0.010877 0.001873 0.037560
v -0.010115 0.000552 0.037853
v -0.010067 -0.001000 0.037860
v -0.010747 -0.002368 0.037579
v -0.011972 -0.003185 0.037085
v -0.013414 -0.003232 0.036512
v -0.014687 -0.002496 0.036011
v -0.015449 -0.001176 0.035718
v -0.015497 0.000377 0.035711
v -0.011735 0.001809 0.028113
v -0.010504 0.002625 0.028593
v -0.009056 0.002673 0.029151
v -0.007777 0.001937 0.029637
v -0.007011 0.000617 0.029920
v -0.006962 -0.000936 0.029926
v -0.007645 -0.002303 0.029652
v -0.008875 -0.003120 0.029172
v -0.010324 -0.003167 0.028614
v -0.011602 -0.002432 0.028128
v -0.012369 -0.001111 0.027845
v -0.012417 0.000441 0.027839
v -0.008991 0.001871 0.020857
v -0.007755 0.002688 0.021323
v -0.006300 0.002736 0.021863
v -0.005015 0.002000 0.022332
v -0.004245 0.000680 0.022606
v -0.004197 -0.000872 0.022611
v -0.004882 -0.002240 0.022345
v -0.006118 -0.003057 0.021879
v -0.007573 -0.003104 0.021339
v -0.008858 -0.002369 0.020869
v -0.009628 -0.001049 0.020595
v -0.009676 0.000503 0.020591
v -0.006637 0.001929 0.014383
v -0.005395 0.002746 0.014831
v -0.003932 0.002794 0.015351
v -0.002641 0.002059 0.015802
v -0.001867 0.000738 0.016065
v -0.001818 -0.000814 0.016068
v -0.002507 -0.002182 0.015811
v -0.003749 -0.002999 0.015363
v -0.005212 -0.003046 0.014844
v -0.006503 -0.002311 0.014393
v -0.007277 -0.000991 0.014130
v -0.007326 0.000561 0.014127
v -0.004725 0.001980 0.008854
v -0.003475 0.002797 0.009279
v -0.002003 0.002845 0.009770
v -0.000703 0.002110 0.010197
v 0.000076 0.000790 0.010444
v 0.000126 -0.000763 0.010447
v -0.000568 -0.002131 0.010203
v -0.001818 -0.002948 0.009779
v -0.003291 -0.002996 0.009288
v -0.004590 -0.002261 0.008861
v -0.005369 -0.000941 0.008613
v -0.005419 0.000612 0.008611
v -0.003308 0.002019 0.004441
v -0.002046 0.002837 0.004826
v -0.000559 0.002885 0.005272
v 0.000754 0.002150 0.005659
v 0.001540 0.000830 0.005883
v 0.001590 -0.000722 0.005885
v 0.000889 -0.002090 0.005663
v -0.000373 -0.002908 0.005278
v -0.001860 -0.002956 0.004832
v -0.003173 -0.002222 0.004445
v -0.003959 -0.000901 0.004221
v -0.004009 0.000651 0.004219
v -0.002448 0.002044 0.001359
v -0.001161 0.002862 0.001652
v 0.000354 0.002911 0.001991
v 0.001690 0.002178 0.002286
v 0.002491 0.000858 0.002456
v 0.002541 -0.000694 0.002457
v 0.001827 -0.002063 0.002288
v 0.000540 -0.002881 0.001995
v -0.000975 -0.002930 0.001656
v -0.002311 -0.002196 0.001361
v -0.003112 -0.000877 0.001191
v -0.003162 0.000675 0.001190
v -0.002188 0.002052 0.000000
v -0.000869 0.002871 0.000000
v 0.000683 0.002921 0.000000
v 0.002052 0.002189 0.000000
v 0.002871 0.000869 0.000000
v 0.002921 -0.000683 0.000000
v 0.002189 -0.002052 0.000000
v 0.000869 -0.002871 0.000000
v -0.000683 -0.002921 0.000000
v -0.002052 -0.002189 0.000000
v -0.002871 -0.000869 0.000000
v -0.002921 0.000683 0.000000
v -0.024940 0.017197 -0.133032
v -0.024940 0.018405 -0.131825
v -0.024940 0.018847 -0.130175
v -0.024940 0.018405 -0.128525
v -0.024940 0.017197 -0.127317
v -0.024940 0.015547 -0.126875
v -0.024940 0.013897 -0.127317
v -0.024940 0.012689 -0.128525
v -0.024940 0.012247 -0.130175
v -0.024940 0.012689 -0.131825
v -0.024940 0.013897 -0.133032
v -0.024940 0.015547 -0.133475
v -0.022514 0.016758 -0.132942
v -0.022196 0.017904 -0.131734
v -0.022144 0.018334 -0.130095
v -0.022374 0.017933 -0.128464
v -0.022823 0.016809 -0.127278
v -0.023371 0.015261 -0.126855
v -0.023872 0.013706 -0.127307
v -0.024190 0.012560 -0.128515
v -0.024242 0.012130 -0.130154
v -0.024012 0.012530 -0.131785
v -0.023563 0.013655 -0.132971
v -0.023015 0.015203 -0.133395
v -0.020340 0.015640 -0.132726
v -0.019815 0.016677 -0.131509
v -0.019742 0.017093 -0.129881
v -0.020140 0.016778 -0.128277
v -0.020903 0.015815 -0.127128
v -0.021826 0.014462 -0.126741
v -0.022662 0.013083 -0.127220
v -0.023186 0.012046 -0.128436
v -0.023259 0.011630 -0.130065
v -0.022861 0.011946 -0.131668
v -0.022098 0.012909 -0.132818
v -0.021176 0.014261 -0.133205
v -0.018405 0.014083 -0.132402
v -0.017777 0.015029 -0.131178
v -0.017707 0.015444 -0.129563
v -0.018214 0.015217 -0.127988
v -0.019161 0.014408 -0.126877
v -0.020295 0.013234 -0.126526
v -0.021312 0.012010 -0.127030
v -0.021940 0.011064 -0.128254
v -0.022010 0.010649 -0.129869
v -0.021504 0.010877 -0.131444
v -0.020556 0.011686 -0.132555
v -0.019422 0.012859 -0.132906
v -0.016632 0.012238 -0.131974
v -0.015963 0.013131 -0.130749
v -0.015910 0.013559 -0.129150
v -0.016487 0.013409 -0.127605
v -0.017540 0.012720 -0.126528
v -0.018787 0.011677 -0.126207
v -0.019892 0.010559 -0.126729
v -0.020561 0.009667 -0.127953
v -0.020614 0.009238 -0.129552
v -0.020036 0.009388 -0.131098
v -0.018984 0.010077 -0.132175
v -0.017737 0.011120 -0.132496
v -0.014963 0.010213 -0.131439
v -0.014290 0.011087 -0.130221
v -0.014264 0.011544 -0.128643
v -0.014893 0.011461 -0.127127
v -0.016007 0.010860 -0.126079
v -0.017309 0.009902 -0.125781
v -0.018449 0.008844 -0.126311
v -0.019122 0.007969 -0.127529
v -0.019148 0.007512 -0.129108
v -0.018519 0.007596 -0.130624
v -0.017405 0.008197 -0.131672
v -0.016103 0.009155 -0.131970
v -0.013365 0.008109 -0.130793
v -0.012713 0.008997 -0.129591
v -0.012724 0.009497 -0.128039
v -0.013394 0.009474 -0.126553
v -0.014545 0.008935 -0.125531
v -0.015867 0.008024 -0.125247
v -0.017006 0.006985 -0.125777
v -0.017658 0.006096 -0.126979
v -0.017647 0.005597 -0.128531
v -0.016977 0.005619 -0.130017
v -0.015826 0.006159 -0.131039
v -0.014504 0.007070 -0.131323
v -0.011817 0.006027 -0.130032
v -0.011210 0.006961 -0.128858
v -0.011269 0.007520 -0.127341
v -0.011979 0.007556 -0.125888
v -0.013149 0.007058 -0.124888
v -0.014465 0.006161 -0.124608
v -0.015575 0.005103 -0.125124
v -0.016182 0.004170 -0.126298
v -0.016122 0.003610 -0.127814
v -0.015413 0.003574 -0.129267
v -0.014243 0.004072 -0.130268
v -0.012927 0.004970 -0.130548
v -0.010304 0.004073 -0.129148
v -0.009771 0.005085 -0.128023
v -0.009897 0.005725 -0.126556
v -0.010649 0.005820 -0.125142
v -0.011825 0.005346 -0.124158
v -0.013110 0.004430 -0.123869
v -0.014160 0.003317 -0.124352
v -0.014693 0.002305 -0.125477
v -0.014567 0.001665 -0.126944
v -0.013815 0.001569 -0.128358
v -0.012639 0.002043 -0.129342
v -0.011354 0.002960 -0.129631
v -0.008816 0.002354 -0.128137
v -0.008397 0.003480 -0.127094
v -0.008619 0.004223 -0.125703
v -0.009422 0.004382 -0.124339
v -0.010592 0.003916 -0.123365
v -0.011815 0.002948 -0.123044
v -0.012763 0.001740 -0.123461
v -0.013182 0.000613 -0.124504
v -0.012960 -0.000129 -0.125895
v -0.012157 -0.000289 -0.127259
v -0.010987 0.000178 -0.128233
v -0.009764 0.001145 -0.128554
v -0.007343 0.000980 -0.126993
v -0.007100 0.002252 -0.126089
v -0.007464 0.003117 -0.124819
v -0.008337 0.003342 -0.123523
v -0.009484 0.002868 -0.122548
v -0.010599 0.001822 -0.122155
v -0.011383 0.000483 -0.122450
v -0.011626 -0.000788 -0.123353
v -0.011262 -0.001653 -0.124623
v -0.010389 -0.001878 -0.125920
v -0.009242 -0.001404 -0.126895
v -0.008127 -0.000358 -0.127288
v -0.005878 0.000069 -0.125711
v -0.005898 0.001483 -0.125038
v -0.006468 0.002462 -0.123956
v -0.007434 0.002745 -0.122757
v -0.008537 0.002254 -0.121760
v -0.009483 0.001123 -0.121233
v -0.010018 -0.000346 -0.121318
v -0.009997 -0.001760 -0.121991
v -0.009428 -0.002739 -0.123072
v -0.008462 -0.003022 -0.124272
v -0.007358 -0.002531 -0.125269
v -0.006413 -0.001400 -0.125795
v -0.004316 -0.000293 -0.124183
v -0.004593 0.001178 -0.123771
v -0.005391 0.002213 -0.122932
v -0.006497 0.002533 -0.121890
v -0.007614 0.002053 -0.120924
v -0.008443 0.000901 -0.120293
v -0.008762 -0.000613 -0.120167
v -0.008486 -0.002085 -0.120578
v -0.007688 -0.003119 -0.121417
v -0.006582 -0.003439 -0.122459
v -0.005465 -0.002959 -0.123425
v -0.004635 -0.001808 -0.124056
v -0.002752 -0.000310 -0.122194
v -0.003150 0.001170 -0.121939
v -0.004114 0.002215 -0.121314
v -0.005386 0.002546 -0.120487
v -0.006626 0.002074 -0.119680
v -0.007500 0.000925 -0.119108
v -0.007776 -0.000592 -0.118925
v -0.007379 -0.002072 -0.119180
v -0.006415 -0.003117 -0.119805
v -0.005143 -0.003448 -0.120632
v -0.003903 -0.002975 -0.121439
v -0.003028 -0.001827 -0.122011
v -0.001394 -0.000302 -0.119630
v -0.001827 0.001178 -0.119441
v -0.002878 0.002222 -0.118975
v -0.004263 0.002552 -0.118357
v -0.005613 0.002079 -0.117752
v -0.006565 0.000930 -0.117322
v -0.006865 -0.000587 -0.117183
v -0.006431 -0.002066 -0.117372
v -0.005381 -0.003111 -0.117838
v -0.003995 -0.003441 -0.118456
v -0.002645 -0.002968 -0.119061
v -0.001693 -0.001819 -0.119491
v -0.000275 -0.000290 -0.116626
v -0.000728 0.001189 -0.116488
v -0.001824 0.002233 -0.116142
v -0.003270 0.002563 -0.115682
v -0.004678 0.002089 -0.115230
v -0.005672 0.000940 -0.114908
v -0.005984 -0.000578 -0.114802
v -0.005531 -0.002057 -0.114940
v -0.004435 -0.003101 -0.115286
v -0.002989 -0.003430 -0.115747
v -0.001581 -0.002957 -0.116198
v -0.000587 -0.001807 -0.116520
v 0.000658 -0.000275 -0.113161
v 0.000195 0.001204 -0.113060
v -0.000926 0.002248 -0.112804
v -0.002404 0.002577 -0.112461
v -0.003844 0.002103 -0.112124
v -0.004860 0.000953 -0.111883
v -0.005179 -0.000564 -0.111802
v -0.004716 -0.002043 -0.111903
v -0.003595 -0.003087 -0.112159
v -0.002116 -0.003416 -0.112501
v -0.000676 -0.002942 -0.112839
v 0.000339 -0.001792 -0.113080
v 0.001437 -0.000257 -0.109211
v 0.000969 0.001222 -0.109138
v -0.000166 0.002265 -0.108949
v -0.001662 0.002594 -0.108695
v -0.003120 0.002120 -0.108445
v -0.004147 0.000970 -0.108264
v -0.004470 -0.000548 -0.108202
v -0.004002 -0.002027 -0.108275
v -0.002867 -0.003070 -0.108464
v -0.001371 -0.003399 -0.108717
v 0.000087 -0.002925 -0.108968
v 0.001114 -0.001775 -0.109149
v 0.002080 -0.000236 -0.104758
v 0.001608 0.001242 -0.104706
v 0.000466 0.002286 -0.104569
v -0.001041 0.002614 -0.104384
v -0.002508 0.002139 -0.104200
v -0.003542 0.000989 -0.104066
v -0.003867 -0.000529 -0.104018
v -0.003396 -0.002007 -0.104070
v -0.002253 -0.003050 -0.104207
v -0.000747 -0.003379 -0.104393
v 0.000720 -0.002904 -0.104577
v 0.001755 -0.001754 -0.104711
v 0.002597 -0.000213 -0.099790
v 0.002124 0.001265 -0.099755
v 0.000977 0.002308 -0.099658
v -0.000535 0.002636 -0.099526
v -0.002007 0.002162 -0.099393
v -0.003046 0.001011 -0.099296
v -0.003372 -0.000507 -0.099260
v -0.002898 -0.001985 -0.099296
v -0.001752 -0.003028 -0.099392
v -0.000240 -0.003356 -0.099525
v 0.001233 -0.002882 -0.099657
v 0.002271 -0.001731 -0.099755
v 0.002999 -0.000189 -0.094299
v 0.002524 0.001290 -0.094276
v 0.001375 0.002333 -0.094211
v -0.000140 0.002661 -0.094121
v -0.001616 0.002186 -0.094029
v -0.002656 0.001035 -0.093961
v -0.002983 -0.000483 -0.093934
v -0.002509 -0.001961 -0.093956
v -0.001360 -0.003004 -0.094022
v 0.000155 -0.003332 -0.094112
v 0.001631 -0.002857 -0.094204
v 0.002672 -0.001707 -0.094272
v 0.003290 -0.000162 -0.088276
v 0.002815 0.001316 -0.088264
v 0.001665 0.002359 -0.088224
v 0.000148 0.002687 -0.088167
v -0.001329 0.002211 -0.088108
v -0.002371 0.001061 -0.088063
v -0.002698 -0.000457 -0.088044
v -0.002223 -0.001936 -0.088056
v -0.001073 -0.002978 -0.088096
v 0.000444 -0.003306 -0.088153
v 0.001921 -0.002831 -0.088212
v 0.002963 -0.001680 -0.088257
v 0.003479 -0.000135 -0.081718
v 0.003003 0.001343 -0.081714
v 0.001853 0.002386 -0.081694
v 0.000335 0.002714 -0.081664
v -0.001143 0.002238 -0.081632
v -0.002185 0.001088 -0.081606
v -0.002513 -0.000430 -0.081593
v -0.002038 -0.001909 -0.081597
v -0.000887 -0.002951 -0.081616
v 0.000631 -0.003279 -0.081646
v 0.002109 -0.002804 -0.081679
v 0.003151 -0.001653 -0.081705
v 0.003569 -0.000107 -0.074619
v 0.003093 0.001371 -0.074622
v 0.001942 0.002414 -0.074619
v 0.000424 0.002741 -0.074611
v -0.001054 0.002266 -0.074600
v -0.002097 0.001115 -0.074589
v -0.002424 -0.000403 -0.074581
v -0.001949 -0.001881 -0.074579
v -0.000798 -0.002924 -0.074582
v 0.000720 -0.003251 -0.074590
v 0.002198 -0.002776 -0.074601
v 0.003241 -0.001625 -0.074611
v 0.003566 -0.000079 -0.066984
v 0.003090 0.001400 -0.066991
v 0.001939 0.002442 -0.066999
v 0.000421 0.002770 -0.067005
v -0.001057 0.002294 -0.067009
v -0.002100 0.001143 -0.067008
v -0.002427 -0.000374 -0.067004
v -0.001952 -0.001853 -0.066997
v -0.000801 -0.002895 -0.066989
v 0.000717 -0.003223 -0.066982
v 0.002195 -0.002748 -0.066979
v 0.003238 -0.001597 -0.066980
v 0.003514 -0.000050 -0.059095
v 0.003039 0.001428 -0.059104
v 0.001888 0.002471 -0.059115
v 0.000370 0.002798 -0.059127
v -0.001108 0.002323 -0.059135
v -0.002151 0.001172 -0.059139
v -0.002478 -0.000346 -0.059135
v -0.002003 -0.001825 -0.059127
v -0.000852 -0.002867 -0.059115
v 0.000666 -0.003195 -0.059103
v 0.002144 -0.002719 -0.059095
v 0.003187 -0.001568 -0.059092
v 0.003457 -0.000023 -0.051290
v 0.002982 0.001456 -0.051299
v 0.001831 0.002498 -0.051311
v 0.000313 0.002826 -0.051324
v -0.001165 0.002350 -0.051334
v -0.002208 0.001200 -0.051338
v -0.002535 -0.000318 -0.051335
v -0.002060 -0.001797 -0.051326
v -0.000909 -0.002839 -0.051313
v 0.000609 -0.003167 -0.051301
v 0.002087 -0.002691 -0.051291
v 0.003130 -0.001541 -0.051287
v 0.003396 0.000005 -0.043664
v 0.002921 0.001483 -0.043673
v 0.001770 0.002525 -0.043686
v 0.000252 0.002853 -0.043700
v -0.001226 0.002378 -0.043710
v -0.002269 0.001227 -0.043715
v -0.002596 -0.000291 -0.043712
v -0.002121 -0.001770 -0.043703
v -0.000970 -0.002812 -0.043690
v 0.000548 -0.003140 -0.043676
v 0.002026 -0.002664 -0.043666
v 0.003069 -0.001513 -0.043661
v 0.003333 0.000030 -0.036319
v 0.002858 0.001509 -0.036328
v 0.001707 0.002551 -0.036342
v 0.000189 0.002879 -0.036356
v -0.001289 0.002403 -0.036368
v -0.002332 0.001253 -0.036373
v -0.002659 -0.000265 -0.036370
v -0.002184 -0.001744 -0.036361
v -0.001033 -0.002786 -0.036347
v 0.000485 -0.003114 -0.036333
v 0.001963 -0.002638 -0.036321
v 0.003006 -0.001488 -0.036316
v 0.003270 0.000055 -0.029357
v 0.002795 0.001533 -0.029367
v 0.001644 0.002576 -0.029381
v 0.000126 0.002903 -0.029396
v -0.001352 0.002428 -0.029408
v -0.002394 0.001277 -0.029414
v -0.002722 -0.000241 -0.029411
v -0.002247 -0.001719 -0.029402
v -0.001096 -0.002762 -0.029388
v 0.000422 -0.003090 -0.029373
v 0.001900 -0.002614 -0.029361
v 0.002943 -0.001463 -0.029355
v 0.003210 0.000077 -0.022882
v 0.002734 0.001555 -0.022891
v 0.001583 0.002598 -0.022906
v 0.000065 0.002926 -0.022922
v -0.001413 0.002450 -0.022934
v -0.002455 0.001299 -0.022940
v -0.002783 -0.000219 -0.022938
v -0.002308 -0.001697 -0.022928
v -0.001157 -0.002740 -0.022914
v 0.000361 -0.003067 -0.022898
v 0.001839 -0.002592 -0.022886
v 0.002882 -0.001441 -0.022880
v 0.003153 0.000097 -0.016995
v 0.002677 0.001575 -0.017004
v 0.001526 0.002618 -0.017019
v 0.000008 0.002946 -0.017035
v -0.001470 0.002470 -0.017048
v -0.002512 0.001319 -0.017054
v -0.002840 -0.000199 -0.017052
v -0.002365 -0.001677 -0.017043
v -0.001214 -0.002720 -0.017028
v 0.000304 -0.003047 -0.017012
v 0.001782 -0.002572 -0.016999
v 0.002825 -0.001421 -0.016993
v 0.003102 0.000114 -0.011799
v 0.002626 0.001593 -0.011808
v 0.001475 0.002635 -0.011823
v -0.000043 0.002963 -0.011839
v -0.001521 0.002487 -0.011852
v -0.002563 0.001336 -0.011858
v -0.002891 -0.000182 -0.011857
v -0.002416 -0.001660 -0.011847
v -0.001265 -0.002702 -0.011833
v 0.000253 -0.003030 -0.011817
v 0.001731 -0.002554 -0.011804
v 0.002774 -0.001404 -0.011797
v 0.003058 0.000128 -0.007397
v 0.002583 0.001607 -0.007406
v 0.001432 0.002649 -0.007420
v -0.000086 0.002977 -0.007436
v -0.001564 0.002501 -0.007449
v -0.002607 0.001351 -0.007455
v -0.002934 -0.000167 -0.007454
v -0.002459 -0.001646 -0.007444
v -0.001308 -0.002688 -0.007430
v 0.000210 -0.003016 -0.007414
v 0.001688 -0.002540 -0.007402
v 0.002731 -0.001390 -0.007395
v 0.003025 0.000139 -0.003891
v 0.002550 0.001617 -0.003900
v 0.001399 0.002660 -0.003913
v -0.000119 0.002987 -0.003928
v -0.001597 0.002512 -0.003940
v -0.002640 0.001361 -0.003946
v -0.002967 -0.000157 -0.003945
v -0.002492 -0.001635 -0.003936
v -0.001341 -0.002678 -0.003923
v 0.000177 -0.003005 -0.003908
v 0.001655 -0.002530 -0.003896
v 0.002698 -0.001379 -0.003890
v 0.003004 0.000146 -0.001388
v 0.002528 0.001624 -0.001395
v 0.001378 0.002667 -0.001405
v -0.000140 0.002994 -0.001416
v -0.001619 0.002519 -0.001426
v -0.002661 0.001368 -0.001430
v -0.002989 -0.000150 -0.001429
v -0.002513 -0.001629 -0.001423
v -0.001363 -0.002671 -0.001413
v 0.000155 -0.002999 -0.001401
v 0.001634 -0.002523 -0.001392
v 0.002676 -0.001372 -0.001387
v 0.002996 0.000148 -0.000000
v 0.002521 0.001626 -0.000000
v 0.001370 0.002669 -0.000000
v -0.000148 0.002996 -0.000000
v -0.001626 0.002521 -0.000000
v -0.002669 0.001370 -0.000000
v -0.002996 -0.000148 -0.000000
v -0.002521 -0.001626 -0.000000
v -0.001370 -0.002669 -0.000000
v 0.000148 -0.002996 -0.000000
v 0.001626 -0.002521 -0.000000
v 0.002669 -0.001370 -0.000000
v -0.024945 0.017650 -0.002858
v -0.024945 0.018858 -0.001650
v -0.024945 0.019300 -0.000000
v -0.024945 0.018858 0.001650
v -0.024945 0.017650 0.002858
v -0.024945 0.016000 0.003300
v -0.024945 0.014350 0.002858
v -0.024945 0.013142 0.001650
v -0.024945 0.012700 -0.000000
v -0.024945 0.013142 -0.001650
v -0.024945 0.014350 -0.002858
v -0.024945 0.016000 -0.003300
v -0.022621 0.017255 -0.002836
v -0.022279 0.018404 -0.001638
v -0.022154 0.018824 -0.000000
v -0.022279 0.018404 0.001637
v -0.022621 0.017255 0.002836
v -0.023088 0.015685 0.003275
v -0.023555 0.014116 0.002836
v -0.023896 0.012967 0.001637
v -0.024022 0.012546 -0.000000
v -0.023896 0.012967 -0.001638
v -0.023555 0.014116 -0.002836
v -0.023088 0.015685 -0.003275
v -0.020332 0.016253 -0.002815
v -0.019779 0.017306 -0.001625
v -0.019576 0.017692 -0.000000
v -0.019779 0.017306 0.001625
v -0.020332 0.016253 0.002815
v -0.021088 0.014815 0.003250
v -0.021844 0.013376 0.002815
v -0.022397 0.012323 0.001625
v -0.022600 0.011938 -0.000000
v -0.022397 0.012323 -0.001625
v -0.021844 0.013376 -0.002815
v -0.021088 0.014815 -0.003250
v -0.018065 0.014830 -0.002793
v -0.017398 0.015804 -0.001613
v -0.017154 0.016160 -0.000000
v -0.017398 0.015804 0.001612
v -0.018065 0.014830 0.002793
v -0.018977 0.013500 0.003225
v -0.019889 0.012170 0.002793
v -0.020556 0.011196 0.001612
v -0.020800 0.010840 -0.000000
v -0.020556 0.011196 -0.001613
v -0.019889 0.012170 -0.002793
v -0.018977 0.013500 -0.003225
v -0.015792 0.013106 -0.002771
v -0.015064 0.014024 -0.001600
v -0.014798 0.014360 -0.000000
v -0.015064 0.014024 0.001600
v -0.015792 0.013106 0.002771
v -0.016785 0.011852 0.003200
v -0.017779 0.010598 0.002771
v -0.018506 0.009680 0.001600
v -0.018772 0.009344 -0.000000
v -0.018506 0.009680 -0.001600
v -0.017779 0.010598 -0.002771
v -0.016785 0.011852 -0.003200
v -0.013512 0.011188 -0.002750
v -0.012756 0.012071 -0.001588
v -0.012480 0.012395 -0.000000
v -0.012756 0.012072 0.001587
v -0.013512 0.011188 0.002750
v -0.014543 0.009981 0.003175
v -0.015575 0.008775 0.002750
v -0.016330 0.007891 0.001587
v -0.016606 0.007568 -0.000000
v -0.016330 0.007891 -0.001588
v -0.015575 0.008775 -0.002750
v -0.014543 0.009981 -0.003175
v -0.011242 0.009184 -0.002728
v -0.010481 0.010050 -0.001575
v -0.010203 0.010367 -0.000000
v -0.010481 0.010050 0.001575
v -0.011242 0.009184 0.002728
v -0.012281 0.008000 0.003150
v -0.013320 0.006816 0.002728
v -0.014081 0.005950 0.001575
v -0.014360 0.005633 -0.000000
v -0.014081 0.005950 -0.001575
v -0.013320 0.006816 -0.002728
v -0.012281 0.008000 -0.003150
v -0.009009 0.007201 -0.002706
v -0.008262 0.008067 -0.001563
v -0.007988 0.008384 -0.000000
v -0.008262 0.008067 0.001562
v -0.009009 0.007201 0.002706
v -0.010030 0.006019 0.003125
v -0.011051 0.004836 0.002706
v -0.011798 0.003970 0.001562
v -0.012072 0.003653 -0.000000
v -0.011798 0.003970 -0.001563
v -0.011051 0.004836 -0.002706
v -0.010030 0.006019 -0.003125
v -0.006846 0.005354 -0.002685
v -0.006133 0.006237 -0.001550
v -0.005872 0.006560 -0.000000
v -0.006133 0.006237 0.001550
v -0.006846 0.005354 0.002685
v -0.007820 0.004148 0.003100
v -0.008794 0.002942 0.002685
v -0.009507 0.002060 0.001550
v -0.009768 0.001737 -0.000000
v -0.009507 0.002060 -0.001550
v -0.008794 0.002942 -0.002685
v -0.007820 0.004148 -0.003100
v -0.004794 0.003756 -0.002663
v -0.004145 0.004675 -0.001538
v -0.003907 0.005012 -0.000000
v -0.004145 0.004675 0.001537
v -0.004794 0.003756 0.002663
v -0.005681 0.002500 0.003075
v -0.006568 0.001244 0.002663
v -0.007217 0.000325 0.001537
v -0.007455 -0.000012 -0.000000
v -0.007217 0.000325 -0.001538
v -0.006568 0.001244 -0.002663
v -0.005681 0.002500 -0.003075
v -0.002912 0.002523 -0.002641
v -0.002376 0.003502 -0.001525
v -0.002179 0.003860 -0.000000
v -0.002376 0.003502 0.001525
v -0.002912 0.002523 0.002641
v -0.003645 0.001185 0.003050
v -0.004377 -0.000152 0.002641
v -0.004913 -0.001132 0.001525
v -0.005110 -0.001490 -0.000000
v -0.004913 -0.001132 -0.001525
v -0.004377 -0.000152 -0.002641
v -0.003645 0.001185 -0.003050
v -0.001288 0.001758 -0.002620
v -0.000957 0.002815 -0.001513
v -0.000836 0.003201 -0.000000
v -0.000957 0.002815 0.001512
v -0.001288 0.001758 0.002620
v -0.001741 0.000315 0.003025
v -0.002193 -0.001128 0.002620
v -0.002525 -0.002185 0.001512
v -0.002646 -0.002572 -0.000000
v -0.002525 -0.002185 -0.001513
v -0.002193 -0.001128 -0.002620
v -0.001741 0.000315 -0.003025
v 0.000127 0.001495 -0.002598
v 0.000221 0.002589 -0.001500
v 0.000255 0.002989 -0.000000
v 0.000221 0.002589 0.001500
v 0.000127 0.001495 0.002598
v -0.000000 0.000000 0.003000
v -0.000128 -0.001495 0.002598
v -0.000221 -0.002589 0.001500
v -0.000255 -0.002989 -0.000000
v -0.000221 -0.002589 -0.001500
v -0.000128 -0.001495 -0.002598
v -0.000000 -0.000000 -0.003000
v 0.000970 0.001508 -0.002598
v 0.000959 0.002607 -0.001500
v 0.000954 0.003008 -0.000000
v 0.000959 0.002607 0.001500
v 0.000970 0.001509 0.002598
v 0.000986 0.000009 0.003000
v 0.001002 -0.001491 0.002598
v 0.001014 -0.002589 0.001500
v 0.001018 -0.002991 -0.000000
v 0.001014 -0.002589 -0.001500
v 0.001002 -0.001491 -0.002598
v 0.000986 0.000009 -0.003000
v 0.002471 0.001527 -0.002598
v 0.002459 0.002625 -0.001500
v 0.002454 0.003027 -0.000000
v 0.002459 0.002625 0.001500
v 0.002471 0.001527 0.002598
v 0.002488 0.000027 0.003000
v 0.002505 -0.001472 0.002598
v 0.002517 -0.002570 0.001500
v 0.002521 -0.002972 -0.000000
v 0.002517 -0.002570 -0.001500
v 0.002505 -0.001472 -0.002598
v 0.002488 0.000027 -0.003000
v 0.004396 0.001546 -0.002598
v 0.004389 0.002644 -0.001500
v 0.004386 0.003046 -0.000000
v 0.004389 0.002644 0.001500
v 0.004396 0.001546 0.002598
v 0.004407 0.000046 0.003000
v 0.004417 -0.001454 0.002598
v 0.004424 -0.002552 0.001500
v 0.004427 -0.002954 -0.000000
v 0.004424 -0.002552 -0.001500
v 0.004417 -0.001454 -0.002598
v 0.004407 0.000046 -0.003000
v 0.006645 0.001555 -0.002598
v 0.006646 0.002653 -0.001500
v 0.006646 0.003055 -0.000000
v 0.006646 0.002653 0.001500
v 0.006645 0.001555 0.002598
v 0.006644 0.000055 0.003000
v 0.006644 -0.001445 0.002598
v 0.006643 -0.002543 0.001500
v 0.006643 -0.002945 -0.000000
v 0.006643 -0.002543 -0.001500
v 0.006644 -0.001445 -0.002598
v 0.006644 0.000055 -0.003000
v 0.009119 0.001543 -0.002598
v 0.009131 0.002641 -0.001500
v 0.009135 0.003043 -0.000000
v 0.009131 0.002641 0.001500
v 0.009119 0.001543 0.002598
v 0.009103 0.000043 0.003000
v 0.009087 -0.001457 0.002598
v 0.009075 -0.002555 0.001500
v 0.009071 -0.002957 -0.000000
v 0.009075 -0.002555 -0.001500
v 0.009087 -0.001457 -0.002598
v 0.009103 0.000043 -0.003000
v 0.011721 0.001500 -0.002598
v 0.011747 0.002598 -0.001500
v 0.011757 0.003000 -0.000000
v 0.011747 0.002598 0.001500
v 0.011721 0.001500 0.002598
v 0.011684 0.000000 0.003000
v 0.011648 -0.001499 0.002598
v 0.011621 -0.002597 0.001500
v 0.011611 -0.002999 -0.000000
v 0.011621 -0.002597 -0.001500
v 0.011648 -0.001499 -0.002598
v 0.011684 0.000000 -0.003000
v 0.014354 0.001415 -0.002598
v 0.014401 0.002512 -0.001500
v 0.014418 0.002914 -0.000000
v 0.014401 0.002512 0.001500
v 0.014354 0.001415 0.002598
v 0.014290 -0.000083 0.003000
v 0.014226 -0.001582 0.002598
v 0.014179 -0.002679 0.001500
v 0.014162 -0.003081 -0.000000
v 0.014179 -0.002679 -0.001500
v 0.014226 -0.001582 -0.002598
v 0.014290 -0.000083 -0.003000
v 0.016925 0.001278 -0.002598
v 0.016999 0.002373 -0.001500
v 0.017027 0.002774 -0.000000
v 0.016999 0.002373 0.001500
v 0.016925 0.001278 0.002598
v 0.016822 -0.000219 0.003000
v 0.016720 -0.001715 0.002598
v 0.016645 -0.002811 0.001500
v 0.016617 -0.003212 -0.000000
v 0.016645 -0.002811 -0.001500
v 0.016720 -0.001715 -0.002598
v 0.016822 -0.000219 -0.003000
v 0.019341 0.001076 -0.002598
v 0.019456 0.002168 -0.001500
v 0.019499 0.002568 -0.000000
v 0.019456 0.002168 0.001500
v 0.019341 0.001076 0.002598
v 0.019182 -0.000416 0.003000
v 0.019024 -0.001907 0.002598
v 0.018909 -0.002999 0.001500
v 0.018866 -0.003399 -0.000000
v 0.018909 -0.002999 -0.001500
v 0.019024 -0.001907 -0.002598
v 0.019182 -0.000416 -0.003000
v 0.021518 0.000795 -0.002598
v 0.021698 0.001879 -0.001500
v 0.021764 0.002275 -0.000000
v 0.021698 0.001879 0.001500
v 0.021518 0.000795 0.002598
v 0.021273 -0.000684 0.003000
v 0.021027 -0.002164 0.002598
v 0.020847 -0.003247 0.001500
v 0.020781 -0.003644 -0.000000
v 0.020847 -0.003247 -0.001500
v 0.021027 -0.002164 -0.002598
v 0.021273 -0.000684 -0.003000
v 0.023396 0.000410 -0.002598
v 0.023689 0.001468 -0.001500
v 0.023796 0.001855 -0.000000
v 0.023689 0.001468 0.001500
v 0.023396 0.000410 0.002598
v 0.022995 -0.001036 0.003000
v 0.022594 -0.002481 0.002598
v 0.022301 -0.003539 0.001500
v 0.022194 -0.003927 -0.000000
v 0.022301 -0.003539 -0.001500
v 0.022594 -0.002481 -0.002598
v 0.022995 -0.001036 -0.003000
v 0.025103 -0.000245 -0.002598
v 0.025726 0.000659 -0.001500
v 0.025954 0.000990 -0.000000
v 0.025726 0.000659 0.001500
v 0.025103 -0.000245 0.002598
v 0.024251 -0.001479 0.003000
v 0.023399 -0.002714 0.002598
v 0.022775 -0.003618 0.001500
v 0.022547 -0.003949 -0.000000
v 0.022775 -0.003618 -0.001500
v 0.023399 -0.002714 -0.002598
v 0.024251 -0.001479 -0.003000
v 0.026099 -0.001389 -0.002598
v 0.027064 -0.000865 -0.001500
v 0.027417 -0.000674 -0.000000
v 0.027064 -0.000865 0.001500
v 0.026099 -0.001389 0.002598
v 0.024780 -0.002105 0.003000
v 0.023462 -0.002820 0.002598
v 0.022497 -0.003344 0.001500
v 0.022143 -0.003535 -0.000000
v 0.022497 -0.003344 -0.001500
v 0.023462 -0.002820 -0.002598
v 0.024780 -0.002105 -0.003000
v 0.026606 -0.002988 -0.002598
v 0.027680 -0.002760 -0.001500
v 0.028074 -0.002677 -0.000000
v 0.027680 -0.002760 0.001500
v 0.026606 -0.002988 0.002598
v 0.025139 -0.003299 0.003000
v 0.023671 -0.003610 0.002598
v 0.022597 -0.003837 0.001500
v 0.022204 -0.003920 -0.000000
v 0.022597 -0.003837 -0.001500
v 0.023671 -0.003610 -0.002598
v 0.025139 -0.003299 -0.003000
v 0.026845 -0.004844 -0.002598
v 0.027939 -0.004751 -0.001500
v 0.028340 -0.004717 -0.000000
v 0.027939 -0.004751 0.001500
v 0.026845 -0.004844 0.002598
v 0.025350 -0.004970 0.003000
v 0.023856 -0.005096 0.002598
v 0.022761 -0.005189 0.001500
v 0.022361 -0.005223 -0.000000
v 0.022761 -0.005189 -0.001500
v 0.023856 -0.005096 -0.002598
v 0.025350 -0.004970 -0.003000
v 0.026938 -0.006999 -0.002598
v 0.028036 -0.006978 -0.001500
v 0.028438 -0.006970 -0.000000
v 0.028036 -0.006978 0.001500
v 0.026938 -0.006999 0.002598
v 0.025439 -0.007027 0.003000
v 0.023939 -0.007056 0.002598
v 0.022841 -0.007077 0.001500
v 0.022439 -0.007084 -0.000000
v 0.022841 -0.007077 -0.001500
v 0.023939 -0.007056 -0.002598
v 0.025439 -0.007027 -0.003000
v 0.026927 -0.009408 -0.002598
v 0.028025 -0.009429 -0.001500
v 0.028427 -0.009437 -0.000000
v 0.028025 -0.009429 0.001500
v 0.026927 -0.009408 0.002598
v 0.025427 -0.009379 0.003000
v 0.023928 -0.009350 0.002598
v 0.022830 -0.009329 0.001500
v 0.022428 -0.009321 -0.000000
v 0.022830 -0.009329 -0.001500
v 0.023928 -0.009350 -0.002598
v 0.025427 -0.009379 -0.003000
v 0.026839 -0.011998 -0.002598
v 0.027936 -0.012045 -0.001500
v 0.028338 -0.012063 -0.000000
v 0.027936 -0.012045 0.001500
v 0.026839 -0.011998 0.002598
v 0.025340 -0.011934 0.003000
v 0.023842 -0.011869 0.002598
v 0.022745 -0.011822 0.001500
v 0.022343 -0.011805 -0.000000
v 0.022745 -0.011822 -0.001500
v 0.023842 -0.011869 -0.002598
v 0.025340 -0.011934 -0.003000
v 0.026699 -0.014685 -0.002598
v 0.027796 -0.014748 -0.001500
v 0.028197 -0.014771 -0.000000
v 0.027796 -0.014748 0.001500
v 0.026699 -0.014685 0.002598
v 0.025202 -0.014600 0.003000
v 0.023704 -0.014514 0.002598
v 0.022608 -0.014452 0.001500
v 0.022207 -0.014429 -0.000000
v 0.022608 -0.014452 -0.001500
v 0.023704 -0.014514 -0.002598
v 0.025202 -0.014600 -0.003000
v 0.026532 -0.017382 -0.002598
v 0.027628 -0.017452 -0.001500
v 0.028029 -0.017477 -0.000000
v 0.027628 -0.017452 0.001500
v 0.026532 -0.017382 0.002598
v 0.025035 -0.017286 0.003000
v 0.023538 -0.017191 0.002598
v 0.022442 -0.017121 0.001500
v 0.022041 -0.017095 -0.000000
v 0.022442 -0.017121 -0.001500
v 0.023538 -0.017191 -0.002598
v 0.025035 -0.017286 -0.003000
v 0.026361 -0.019997 -0.002598
v 0.027456 -0.020066 -0.001500
v 0.027858 -0.020092 -0.000000
v 0.027456 -0.020066 0.001500
v 0.026361 -0.019997 0.002598
v 0.024864 -0.019901 0.003000
v 0.023367 -0.019806 0.002598
v 0.022271 -0.019736 0.001500
v 0.021870 -0.019711 -0.000000
v 0.022271 -0.019736 -0.001500
v 0.023367 -0.019806 -0.002598
v 0.024864 -0.019901 -0.003000
v 0.026210 -0.022437 -0.002598
v 0.027306 -0.022498 -0.001500
v 0.027707 -0.022520 -0.000000
v 0.027306 -0.022498 0.001500
v 0.026210 -0.022437 0.002598
v 0.024712 -0.022354 0.003000
v 0.023214 -0.022270 0.002598
v 0.022118 -0.022209 0.001500
v 0.021716 -0.022187 -0.000000
v 0.022118 -0.022209 -0.001500
v 0.023214 -0.022270 -0.002598
v 0.024712 -0.022354 -0.003000
v 0.026102 -0.024605 -0.002598
v 0.027200 -0.024645 -0.001500
v 0.027601 -0.024659 -0.000000
v 0.027200 -0.024645 0.001500
v 0.026102 -0.024605 0.002598
v 0.024603 -0.024552 0.003000
v 0.023104 -0.024498 0.002598
v 0.022007 -0.024458 0.001500
v 0.021605 -0.024444 -0.000000
v 0.022007 -0.024458 -0.001500
v 0.023104 -0.024498 -0.002598
v 0.024603 -0.024552 -0.003000
v 0.026062 -0.026404 -0.002598
v 0.027160 -0.026404 -0.001500
v 0.027562 -0.026404 -0.000000
v 0.027160 -0.026404 0.001500
v 0.026062 -0.026404 0.002598
v 0.024562 -0.026404 0.003000
v 0.023062 -0.026404 0.002598
v 0.021964 -0.026404 0.001500
v 0.021562 -0.026404 -0.000000
v 0.021964 -0.026404 -0.001500
v 0.023062 -0.026404 -0.002598
v 0.024562 -0.026404 -0.003000
v -0.155382 0.014283 -0.100601
v -0.155382 0.015491 -0.099393
v -0.155382 0.015933 -0.097743
v -0.155382 0.015491 -0.096093
v -0.155382 0.014283 -0.094885
v -0.155382 0.012633 -0.094443
v -0.155382 0.010983 -0.094885
v -0.155382 0.009775 -0.096093
v -0.155382 0.009333 -0.097743
v -0.155382 0.009775 -0.099393
v -0.155382 0.010983 -0.100601
v -0.155382 0.012633 -0.101043
v -0.151095 0.013929 -0.099818
v -0.151327 0.015147 -0.098661
v -0.151832 0.015627 -0.097116
v -0.152476 0.015241 -0.095596
v -0.153085 0.014092 -0.094508
v -0.153496 0.012488 -0.094144
v -0.153600 0.010859 -0.094602
v -0.153368 0.009641 -0.095758
v -0.152863 0.009161 -0.097304
v -0.152219 0.009547 -0.098824
v -0.151610 0.010696 -0.099911
v -0.151199 0.012300 -0.100275
v -0.147737 0.012988 -0.097725
v -0.148152 0.014246 -0.096688
v -0.149056 0.014830 -0.095395
v -0.150208 0.014585 -0.094194
v -0.151298 0.013575 -0.093405
v -0.152034 0.012071 -0.093240
v -0.152220 0.010477 -0.093744
v -0.151805 0.009219 -0.094781
v -0.150900 0.008634 -0.096073
v -0.149749 0.008880 -0.097275
v -0.148658 0.009890 -0.098064
v -0.147922 0.011393 -0.098228
v -0.145396 0.011693 -0.094843
v -0.145910 0.012994 -0.093932
v -0.147029 0.013689 -0.092907
v -0.148454 0.013593 -0.092043
v -0.149803 0.012730 -0.091570
v -0.150714 0.011332 -0.091617
v -0.150943 0.009774 -0.092169
v -0.150430 0.008472 -0.093080
v -0.149310 0.007777 -0.094105
v -0.147886 0.007873 -0.094969
v -0.146537 0.008736 -0.095441
v -0.145625 0.010134 -0.095395
v -0.143825 0.010222 -0.091569
v -0.144380 0.011552 -0.090752
v -0.145587 0.012327 -0.089925
v -0.147125 0.012340 -0.089309
v -0.148580 0.011586 -0.089069
v -0.149564 0.010268 -0.089269
v -0.149811 0.008739 -0.089856
v -0.149257 0.007409 -0.090673
v -0.148049 0.006634 -0.091500
v -0.146512 0.006621 -0.092116
v -0.145056 0.007375 -0.092356
v -0.144073 0.008693 -0.092156
v -0.142753 0.008662 -0.088095
v -0.143321 0.010006 -0.087340
v -0.144559 0.010829 -0.086639
v -0.146135 0.010910 -0.086180
v -0.147627 0.010226 -0.086086
v -0.148635 0.008962 -0.086382
v -0.148888 0.007456 -0.086989
v -0.148320 0.006112 -0.087745
v -0.147082 0.005289 -0.088446
v -0.145506 0.005208 -0.088905
v -0.144014 0.005892 -0.088999
v -0.143007 0.007156 -0.088702
v -0.141990 0.007077 -0.084568
v -0.142561 0.008425 -0.083849
v -0.143805 0.009271 -0.083220
v -0.145388 0.009389 -0.082849
v -0.146887 0.008747 -0.082835
v -0.147900 0.007517 -0.083183
v -0.148155 0.006029 -0.083799
v -0.147584 0.004681 -0.084518
v -0.146340 0.003835 -0.085148
v -0.144757 0.003717 -0.085519
v -0.143258 0.004359 -0.085532
v -0.142245 0.005589 -0.085184
v -0.141402 0.005542 -0.081149
v -0.141970 0.006883 -0.080447
v -0.143208 0.007733 -0.079845
v -0.144785 0.007863 -0.079507
v -0.146277 0.007238 -0.079521
v -0.147285 0.006027 -0.079885
v -0.147539 0.004553 -0.080501
v -0.146971 0.003211 -0.081203
v -0.145732 0.002361 -0.081805
v -0.144156 0.002231 -0.082144
v -0.142664 0.002856 -0.082129
v -0.141656 0.004067 -0.081765
v -0.140877 0.004140 -0.078029
v -0.141438 0.005466 -0.077322
v -0.142663 0.006300 -0.076705
v -0.144221 0.006416 -0.076342
v -0.145697 0.005785 -0.076330
v -0.146694 0.004576 -0.076674
v -0.146945 0.003112 -0.077280
v -0.146383 0.001785 -0.077987
v -0.145158 0.000952 -0.078605
v -0.143600 0.000835 -0.078968
v -0.142124 0.001466 -0.078979
v -0.141128 0.002675 -0.078636
v -0.140330 0.002976 -0.075440
v -0.140878 0.004274 -0.074700
v -0.142072 0.005064 -0.074004
v -0.143593 0.005132 -0.073537
v -0.145032 0.004461 -0.073426
v -0.146004 0.003231 -0.073699
v -0.146249 0.001770 -0.074283
v -0.145701 0.000472 -0.075023
v -0.144507 -0.000317 -0.075719
v -0.142986 -0.000386 -0.076185
v -0.141547 0.000285 -0.076297
v -0.140575 0.001516 -0.076024
v -0.139764 0.002192 -0.073697
v -0.140271 0.003439 -0.072873
v -0.141377 0.004133 -0.071984
v -0.142783 0.004088 -0.071269
v -0.144115 0.003315 -0.070920
v -0.145015 0.002022 -0.071029
v -0.145242 0.000556 -0.071568
v -0.144734 -0.000691 -0.072393
v -0.143629 -0.001385 -0.073281
v -0.142222 -0.001340 -0.073996
v -0.140891 -0.000567 -0.074346
v -0.139991 0.000725 -0.074236
v -0.139531 0.001943 -0.073148
v -0.139886 0.003102 -0.072157
v -0.140659 0.003621 -0.070899
v -0.141644 0.003361 -0.069709
v -0.142576 0.002391 -0.068908
v -0.143206 0.000971 -0.068710
v -0.143364 -0.000518 -0.069167
v -0.143009 -0.001678 -0.070158
v -0.142236 -0.002197 -0.071416
v -0.141251 -0.001936 -0.072606
v -0.140319 -0.000966 -0.073407
v -0.139689 0.000454 -0.073605
v -0.139443 0.001950 -0.073171
v -0.139550 0.003052 -0.072082
v -0.139782 0.003464 -0.070603
v -0.140078 0.003073 -0.069129
v -0.140359 0.001987 -0.068056
v -0.140548 0.000494 -0.067671
v -0.140596 -0.001004 -0.068077
v -0.140489 -0.002106 -0.069166
v -0.140256 -0.002517 -0.070645
v -0.139960 -0.002127 -0.072119
v -0.139680 -0.001040 -0.073192
v -0.139491 0.000452 -0.073577
v -0.135871 0.001973 -0.073222
v -0.135871 0.003071 -0.072124
v -0.135871 0.003473 -0.070624
v -0.135871 0.003071 -0.069124
v -0.135871 0.001973 -0.068026
v -0.135871 0.000473 -0.067624
v -0.135871 -0.001027 -0.068026
v -0.135871 -0.002125 -0.069124
v -0.135871 -0.002527 -0.070624
v -0.135871 -0.002125 -0.072124
v -0.135871 -0.001027 -0.073222
v -0.135871 0.000473 -0.073624
v -0.128702 0.001973 -0.073222
v -0.128702 0.003071 -0.072124
v -0.128702 0.003473 -0.070624
v -0.128702 0.003071 -0.069124
v -0.128702 0.001973 -0.068026
v -0.128702 0.000473 -0.067624
v -0.128702 -0.001027 -0.068026
v -0.128702 -0.002125 -0.069124
v -0.128702 -0.002527 -0.070624
v -0.128702 -0.002125 -0.072124
v -0.128702 -0.001027 -0.073222
v -0.128702 0.000473 -0.073624
v -0.119149 0.001973 -0.073222
v -0.119149 0.003071 -0.072124
v -0.119149 0.003473 -0.070624
v -0.119149 0.003071 -0.069124
v -0.119149 0.001973 -0.068026
v -0.119149 0.000473 -0.067624
v -0.119149 -0.001027 -0.068026
v -0.119149 -0.002125 -0.069124
v -0.119149 -0.002527 -0.070624
v -0.119149 -0.002125 -0.072124
v -0.119149 -0.001027 -0.073222
v -0.119149 0.000473 -0.073624
v -0.107847 0.001973 -0.073222
v -0.107847 0.003071 -0.072124
v -0.107847 0.003473 -0.070624
v -0.107847 0.003071 -0.069124
v -0.107847 0.001973 -0.068026
v -0.107847 0.000473 -0.067624
v -0.107847 -0.001027 -0.068026
v -0.107847 -0.002125 -0.069124
v -0.107847 -0.002527 -0.070624
v -0.107847 -0.002125 -0.072124
v -0.107847 -0.001027 -0.073222
v -0.107847 0.000473 -0.073624
v -0.095430 0.001973 -0.073222
v -0.095430 0.003071 -0.072124
v -0.095430 0.003473 -0.070624
v -0.095430 0.003071 -0.069124
v -0.095430 0.001973 -0.068026
v -0.095430 0.000473 -0.067624
v -0.095430 -0.001027 -0.068026
v -0.095430 -0.002125 -0.069124
v -0.095430 -0.002527 -0.070624
v -0.095430 -0.002125 -0.072124
v -0.095430 -0.001027 -0.073222
v -0.095430 0.000473 -0.073624
v -0.082535 0.001973 -0.073222
v -0.082535 0.003071 -0.072124
v -0.082535 0.003473 -0.070624
v -0.082535 0.003071 -0.069124
v -0.082535 0.001973 -0.068026
v -0.082535 0.000473 -0.067624
v -0.082535 -0.001027 -0.068026
v -0.082535 -0.002125 -0.069124
v -0.082535 -0.002527 -0.070624
v -0.082535 -0.002125 -0.072124
v -0.082535 -0.001027 -0.073222
v -0.082535 0.000473 -0.073624
v -0.069797 0.001973 -0.073222
v -0.069797 0.003071 -0.072124
v -0.069797 0.003473 -0.070624
v -0.069797 0.003071 -0.069124
v -0.069797 0.001973 -0.068026
v -0.069797 0.000473 -0.067624
v -0.069797 -0.001027 -0.068026
v -0.069797 -0.002125 -0.069124
v -0.069797 -0.002527 -0.070624
v -0.069797 -0.002125 -0.072124
v -0.069797 -0.001027 -0.073222
v -0.069797 0.000473 -0.073624
v -0.057850 0.001973 -0.073222
v -0.057850 0.003071 -0.072124
v -0.057850 0.003473 -0.070624
v -0.057850 0.003071 -0.069124
v -0.057850 0.001973 -0.068026
v -0.057850 0.000473 -0.067624
v -0.057850 -0.001027 -0.068026
v -0.057850 -0.002125 -0.069124
v -0.057850 -0.002527 -0.070624
v -0.057850 -0.002125 -0.072124
v -0.057850 -0.001027 -0.073222
v -0.057850 0.000473 -0.073624
v -0.047331 0.001973 -0.073222
v -0.047331 0.003071 -0.072124
v -0.047331 0.003473 -0.070624
v -0.047331 0.003071 -0.069124
v -0.047331 0.001973 -0.068026
v -0.047331 0.000473 -0.067624
v -0.047331 -0.001027 -0.068026
v -0.047331 -0.002125 -0.069124
v -0.047331 -0.002527 -0.070624
v -0.047331 -0.002125 -0.072124
v -0.047331 -0.001027 -0.073222
v -0.047331 0.000473 -0.073624
v -0.038873 0.001973 -0.073222
v -0.038873 0.003071 -0.072124
v -0.038873 0.003473 -0.070624
v -0.038873 0.003071 -0.069124
v -0.038873 0.001973 -0.068026
v -0.038873 0.000473 -0.067624
v -0.038873 -0.001027 -0.068026
v -0.038873 -0.002125 -0.069124
v -0.038873 -0.002527 -0.070624
v -0.038873 -0.002125 -0.072124
v -0.038873 -0.001027 -0.073222
v -0.038873 0.000473 -0.073624
v -0.033114 0.001973 -0.073222
v -0.033114 0.003071 -0.072124
v -0.033114 0.003473 -0.070624
v -0.033114 0.003071 -0.069124
v -0.033114 0.001973 -0.068026
v -0.033114 0.000473 -0.067624
v -0.033114 -0.001027 -0.068026
v -0.033114 -0.002125 -0.069124
v -0.033114 -0.002527 -0.070624
v -0.033114 -0.002125 -0.072124
v -0.033114 -0.001027 -0.073222
v -0.033114 0.000473 -0.073624
v -0.030414 0.001972 -0.073208
v -0.030517 0.003071 -0.072115
v -0.030666 0.003473 -0.070623
v -0.030820 0.003072 -0.069131
v -0.030939 0.001974 -0.068039
v -0.030990 0.000474 -0.067639
v -0.030960 -0.001026 -0.068040
v -0.030857 -0.002124 -0.069133
v -0.030709 -0.002527 -0.070625
v -0.030554 -0.002125 -0.072117
v -0.030435 -0.001028 -0.073209
v -0.030384 0.000472 -0.073609
v -0.029087 0.001954 -0.072948
v -0.029333 0.003054 -0.071880
v -0.029687 0.003459 -0.070423
v -0.030054 0.003060 -0.068968
v -0.030337 0.001964 -0.067904
v -0.030459 0.000466 -0.067517
v -0.030388 -0.001035 -0.067910
v -0.030143 -0.002135 -0.068979
v -0.029789 -0.002540 -0.070435
v -0.029421 -0.002142 -0.071890
v -0.029138 -0.001046 -0.072954
v -0.029016 0.000453 -0.073341
v -0.027103 0.001913 -0.072372
v -0.027399 0.003014 -0.071318
v -0.027827 0.003421 -0.069881
v -0.028272 0.003023 -0.068447
v -0.028614 0.001929 -0.067400
v -0.028761 0.000430 -0.067020
v -0.028675 -0.001071 -0.067409
v -0.028379 -0.002172 -0.068463
v -0.027951 -0.002578 -0.069900
v -0.027506 -0.002181 -0.071334
v -0.027164 -0.001086 -0.072381
v -0.027017 0.000412 -0.072761
v -0.024491 0.001855 -0.071545
v -0.024804 0.002956 -0.070496
v -0.025255 0.003363 -0.069067
v -0.025724 0.002966 -0.067640
v -0.026085 0.001872 -0.066599
v -0.026241 0.000374 -0.066222
v -0.026150 -0.001127 -0.066609
v -0.025837 -0.002229 -0.067658
v -0.025385 -0.002636 -0.069087
v -0.024916 -0.002239 -0.070513
v -0.024556 -0.001145 -0.071555
v -0.024400 0.000354 -0.071932
v -0.021362 0.001782 -0.070518
v -0.021683 0.002884 -0.069472
v -0.022145 0.003291 -0.068046
v -0.022625 0.002894 -0.066624
v -0.022994 0.001801 -0.065585
v -0.023153 0.000302 -0.065209
v -0.023060 -0.001199 -0.065596
v -0.022740 -0.002300 -0.066642
v -0.022278 -0.002708 -0.068068
v -0.021798 -0.002311 -0.069490
v -0.021429 -0.001217 -0.070529
v -0.021269 0.000281 -0.070905
v -0.017884 0.001700 -0.069358
v -0.018207 0.002802 -0.068313
v -0.018674 0.003209 -0.066889
v -0.019159 0.002813 -0.065468
v -0.019532 0.001719 -0.064430
v -0.019694 0.000221 -0.064055
v -0.019600 -0.001280 -0.064441
v -0.019276 -0.002382 -0.065487
v -0.018809 -0.002789 -0.066911
v -0.018324 -0.002393 -0.068332
v -0.017951 -0.001299 -0.069369
v -0.017790 0.000199 -0.069745
v -0.014230 0.001613 -0.068131
v -0.014555 0.002715 -0.067086
v -0.015023 0.003122 -0.065662
v -0.015509 0.002726 -0.064242
v -0.015884 0.001632 -0.063205
v -0.016045 0.000134 -0.062829
v -0.015951 -0.001367 -0.063216
v -0.015626 -0.002469 -0.064261
v -0.015158 -0.002876 -0.065684
v -0.014672 -0.002480 -0.067105
v -0.014298 -0.001386 -0.068142
v -0.014136 0.000112 -0.068518
v -0.010580 0.001527 -0.066906
v -0.010904 0.002629 -0.065860
v -0.011370 0.003036 -0.064436
v -0.011855 0.002639 -0.063015
v -0.012228 0.001546 -0.061978
v -0.012389 0.000048 -0.061602
v -0.012295 -0.001454 -0.061989
v -0.011971 -0.002555 -0.063034
v -0.011505 -0.002963 -0.064458
v -0.011020 -0.002566 -0.065879
v -0.010648 -0.001473 -0.066917
v -0.010487 0.000026 -0.067293
v -0.007115 0.001445 -0.065752
v -0.007435 0.002547 -0.064705
v -0.007896 0.002954 -0.063279
v -0.008375 0.002558 -0.061856
v -0.008744 0.001464 -0.060817
v -0.008903 -0.000035 -0.060441
v -0.008810 -0.001536 -0.060828
v -0.008490 -0.002637 -0.061875
v -0.008029 -0.003044 -0.063301
v -0.007550 -0.002648 -0.064724
v -0.007182 -0.001554 -0.065762
v -0.007023 -0.000056 -0.066139
v -0.004018 0.001374 -0.064739
v -0.004330 0.002475 -0.063689
v -0.004780 0.002882 -0.062260
v -0.005247 0.002485 -0.060833
v -0.005607 0.001391 -0.059791
v -0.005762 -0.000107 -0.059414
v -0.005672 -0.001608 -0.059801
v -0.005360 -0.002710 -0.060851
v -0.004910 -0.003117 -0.062280
v -0.004442 -0.002720 -0.063707
v -0.004083 -0.001626 -0.064749
v -0.003928 -0.000127 -0.065126
v -0.001482 0.001317 -0.063939
v -0.001777 0.002418 -0.062885
v -0.002203 0.002825 -0.061447
v -0.002644 0.002427 -0.060013
v -0.002984 0.001333 -0.058965
v -0.003131 -0.000166 -0.058584
v -0.003046 -0.001667 -0.058974
v -0.002751 -0.002768 -0.060028
v -0.002325 -0.003174 -0.061465
v -0.001883 -0.002777 -0.062900
v -0.001544 -0.001682 -0.063948
v -0.001397 -0.000184 -0.064328
v 0.000243 0.001282 -0.063439
v 0.000000 0.002382 -0.062370
v -0.000349 0.002787 -0.060912
v -0.000712 0.002388 -0.059456
v -0.000991 0.001292 -0.058391
v -0.001112 -0.000207 -0.058004
v -0.001042 -0.001707 -0.058397
v -0.000799 -0.002808 -0.059466
v -0.000450 -0.003212 -0.060924
v -0.000087 -0.002814 -0.062380
v 0.000192 -0.001718 -0.063445
v 0.000313 -0.000219 -0.063832
v 0.000569 0.001273 -0.063321
v 0.000569 0.002371 -0.062223
v 0.000569 0.002773 -0.060723
v 0.000569 0.002371 -0.059223
v 0.000569 0.001273 -0.058125
v 0.000569 -0.000227 -0.057723
v 0.000569 -0.001727 -0.058125
v 0.000569 -0.002825 -0.059223
v 0.000569 -0.003227 -0.060723
v 0.000569 -0.002825 -0.062223
v 0.000569 -0.001727 -0.063321
v 0.000569 -0.000227 -0.063723
v -0.094950 0.016040 0.139011
v -0.095157 0.016377 0.139287
v -0.095297 0.016530 0.139712
v -0.095344 0.016425 0.140160
v -0.095292 0.016089 0.140474
v -0.095148 0.015645 0.140552
v -0.094938 0.015237 0.140399
v -0.094706 0.014963 0.140083
v -0.094516 0.014868 0.139694
v -0.094444 0.014968 0.139320
v -0.094525 0.015242 0.139046
v -0.094719 0.015628 0.138932
v -0.092953 0.015739 0.138873
v -0.092830 0.016026 0.139135
v -0.092732 0.016136 0.139527
v -0.092696 0.016027 0.139935
v -0.092734 0.015728 0.140234
v -0.092833 0.015334 0.140334
v -0.092956 0.014964 0.140217
v -0.093062 0.014715 0.139930
v -0.093122 0.014636 0.139559
v -0.093140 0.014742 0.139192
v -0.093122 0.015007 0.138918
v -0.093060 0.015367 0.138801
v -0.090598 0.014878 0.138411
v -0.090425 0.015126 0.138657
v -0.090292 0.015210 0.139022
v -0.090242 0.015100 0.139404
v -0.090291 0.014824 0.139692
v -0.090423 0.014465 0.139802
v -0.090597 0.014127 0.139710
v -0.090762 0.013897 0.139448
v -0.090877 0.013831 0.139093
v -0.090917 0.013940 0.138734
v -0.090877 0.014197 0.138461
v -0.090763 0.014538 0.138342
v -0.087963 0.013562 0.137667
v -0.087767 0.013784 0.137900
v -0.087619 0.013850 0.138243
v -0.087562 0.013739 0.138605
v -0.087613 0.013479 0.138882
v -0.087758 0.013146 0.138997
v -0.087953 0.012831 0.138920
v -0.088146 0.012620 0.138678
v -0.088284 0.012565 0.138339
v -0.088336 0.012677 0.137992
v -0.088288 0.012925 0.137724
v -0.088153 0.013248 0.137605
v -0.085131 0.011909 0.136694
v -0.084925 0.012111 0.136913
v -0.084769 0.012165 0.137239
v -0.084707 0.012054 0.137582
v -0.084757 0.011806 0.137849
v -0.084905 0.011491 0.137965
v -0.085109 0.011197 0.137899
v -0.085314 0.011001 0.137673
v -0.085464 0.010954 0.137349
v -0.085522 0.011067 0.137014
v -0.085473 0.011308 0.136754
v -0.085331 0.011615 0.136637
v -0.082182 0.010033 0.135538
v -0.081973 0.010220 0.135746
v -0.081814 0.010265 0.136055
v -0.081748 0.010154 0.136382
v -0.081794 0.009916 0.136638
v -0.081940 0.009616 0.136753
v -0.082146 0.009337 0.136694
v -0.082355 0.009153 0.136481
v -0.082510 0.009114 0.136172
v -0.082573 0.009227 0.135850
v -0.082526 0.009461 0.135599
v -0.082384 0.009755 0.135485
v -0.079197 0.008046 0.134248
v -0.078990 0.008220 0.134445
v -0.078830 0.008258 0.134738
v -0.078760 0.008148 0.135049
v -0.078801 0.007918 0.135295
v -0.078942 0.007631 0.135406
v -0.079144 0.007364 0.135353
v -0.079353 0.007191 0.135151
v -0.079511 0.007157 0.134855
v -0.079577 0.007271 0.134547
v -0.079535 0.007499 0.134306
v -0.079396 0.007783 0.134197
v -0.076258 0.006061 0.132869
v -0.076056 0.006225 0.133057
v -0.075897 0.006257 0.133335
v -0.075823 0.006147 0.133630
v -0.075856 0.005924 0.133864
v -0.075989 0.005646 0.133971
v -0.076185 0.005389 0.133921
v -0.076390 0.005225 0.133729
v -0.076549 0.005196 0.133446
v -0.076619 0.005310 0.133152
v -0.076582 0.005535 0.132923
v -0.076451 0.005809 0.132821
v -0.073449 0.004189 0.131451
v -0.073253 0.004344 0.131630
v -0.073096 0.004371 0.131893
v -0.073017 0.004262 0.132171
v -0.073040 0.004043 0.132391
v -0.073161 0.003773 0.132493
v -0.073347 0.003524 0.132445
v -0.073547 0.003366 0.132261
v -0.073706 0.003343 0.131991
v -0.073781 0.003458 0.131711
v -0.073753 0.003680 0.131496
v -0.073631 0.003947 0.131402
v -0.070852 0.002543 0.130042
v -0.070667 0.002690 0.130212
v -0.070511 0.002712 0.130459
v -0.070425 0.002603 0.130718
v -0.070433 0.002389 0.130923
v -0.070538 0.002123 0.131017
v -0.070711 0.001879 0.130970
v -0.070905 0.001726 0.130793
v -0.071064 0.001707 0.130535
v -0.071145 0.001826 0.130271
v -0.071128 0.002047 0.130072
v -0.071020 0.002309 0.129990
v -0.068559 0.001237 0.128694
v -0.068387 0.001377 0.128858
v -0.068232 0.001394 0.129086
v -0.068132 0.001285 0.129321
v -0.068118 0.001072 0.129506
v -0.068198 0.000809 0.129590
v -0.068353 0.000565 0.129541
v -0.068540 0.000414 0.129368
v -0.068702 0.000400 0.129121
v -0.068792 0.000526 0.128874
v -0.068791 0.000751 0.128697
v -0.068705 0.001010 0.128634
v -0.066648 0.000382 0.127464
v -0.066499 0.000508 0.127620
v -0.066349 0.000524 0.127819
v -0.066230 0.000421 0.128025
v -0.066177 0.000211 0.128186
v -0.066215 -0.000059 0.128251
v -0.066339 -0.000311 0.128191
v -0.066513 -0.000464 0.128018
v -0.066684 -0.000471 0.127784
v -0.066798 -0.000331 0.127561
v -0.066826 -0.000093 0.127418
v -0.066768 0.000168 0.127387
v -0.065179 0.000055 0.126362
v -0.065041 0.000177 0.126517
v -0.064891 0.000189 0.126705
v -0.064760 0.000086 0.126885
v -0.064679 -0.000120 0.127012
v -0.064677 -0.000383 0.127044
v -0.064763 -0.000628 0.126963
v -0.064916 -0.000777 0.126789
v -0.065090 -0.000782 0.126576
v -0.065230 -0.000645 0.126388
v -0.065296 -0.000411 0.126280
v -0.065275 -0.000156 0.126274
v -0.063136 0.000033 0.124635
v -0.062993 0.000171 0.124803
v -0.062827 0.000179 0.125004
v -0.062683 0.000056 0.125181
v -0.062598 -0.000163 0.125286
v -0.062593 -0.000421 0.125293
v -0.062670 -0.000649 0.125199
v -0.062811 -0.000786 0.125029
v -0.062978 -0.000794 0.124831
v -0.063125 -0.000672 0.124657
v -0.063213 -0.000453 0.124552
v -0.063217 -0.000196 0.124544
v -0.061023 0.000014 0.122871
v -0.060880 0.000152 0.123036
v -0.060712 0.000163 0.123233
v -0.060564 0.000042 0.123408
v -0.060475 -0.000179 0.123515
v -0.060471 -0.000440 0.123523
v -0.060553 -0.000669 0.123429
v -0.060698 -0.000805 0.123261
v -0.060866 -0.000811 0.123064
v -0.061012 -0.000688 0.122892
v -0.061098 -0.000469 0.122788
v -0.061102 -0.000213 0.122780
v -0.058836 -0.000013 0.120963
v -0.058689 0.000125 0.121122
v -0.058516 0.000138 0.121314
v -0.058361 0.000018 0.121486
v -0.058268 -0.000204 0.121591
v -0.058265 -0.000467 0.121599
v -0.058350 -0.000697 0.121508
v -0.058501 -0.000832 0.121343
v -0.058675 -0.000836 0.121151
v -0.058825 -0.000712 0.120984
v -0.058913 -0.000494 0.120884
v -0.058917 -0.000239 0.120877
v -0.056552 -0.000046 0.118809
v -0.056400 0.000093 0.118961
v -0.056218 0.000106 0.119144
v -0.056055 -0.000013 0.119310
v -0.055957 -0.000235 0.119412
v -0.055953 -0.000499 0.119420
v -0.056044 -0.000730 0.119332
v -0.056203 -0.000864 0.119173
v -0.056385 -0.000867 0.118989
v -0.056542 -0.000742 0.118830
v -0.056633 -0.000525 0.118734
v -0.056637 -0.000271 0.118727
v -0.054148 -0.000081 0.116303
v -0.053988 0.000057 0.116446
v -0.053796 0.000071 0.116620
v -0.053625 -0.000048 0.116777
v -0.053522 -0.000270 0.116874
v -0.053517 -0.000535 0.116882
v -0.053613 -0.000766 0.116798
v -0.053780 -0.000900 0.116648
v -0.053972 -0.000902 0.116473
v -0.054136 -0.000777 0.116322
v -0.054232 -0.000559 0.116232
v -0.054236 -0.000306 0.116225
v -0.051597 -0.000117 0.113338
v -0.051430 0.000021 0.113473
v -0.051229 0.000035 0.113636
v -0.051049 -0.000085 0.113783
v -0.050941 -0.000307 0.113874
v -0.050936 -0.000571 0.113881
v -0.051036 -0.000802 0.113802
v -0.051211 -0.000936 0.113661
v -0.051412 -0.000939 0.113498
v -0.051585 -0.000813 0.113356
v -0.051685 -0.000595 0.113271
v -0.051690 -0.000342 0.113265
v -0.048876 -0.000152 0.109808
v -0.048702 -0.000013 0.109934
v -0.048493 -0.000000 0.110086
v -0.048306 -0.000120 0.110224
v -0.048194 -0.000342 0.110308
v -0.048188 -0.000606 0.110315
v -0.048291 -0.000837 0.110241
v -0.048473 -0.000971 0.110109
v -0.048683 -0.000974 0.109956
v -0.048863 -0.000848 0.109824
v -0.048968 -0.000630 0.109745
v -0.048973 -0.000377 0.109739
v -0.045962 -0.000182 0.105606
v -0.045782 -0.000044 0.105725
v -0.045566 -0.000031 0.105867
v -0.045373 -0.000151 0.105995
v -0.045257 -0.000373 0.106073
v -0.045251 -0.000636 0.106079
v -0.045357 -0.000867 0.106010
v -0.045544 -0.001001 0.105887
v -0.045761 -0.001004 0.105745
v -0.045947 -0.000879 0.105620
v -0.046057 -0.000661 0.105547
v -0.046062 -0.000407 0.105542
v -0.042832 -0.000205 0.100628
v -0.042647 -0.000067 0.100740
v -0.042425 -0.000055 0.100873
v -0.042227 -0.000176 0.100992
v -0.042108 -0.000397 0.101065
v -0.042101 -0.000660 0.101070
v -0.042210 -0.000891 0.101005
v -0.042402 -0.001025 0.100890
v -0.042624 -0.001029 0.100757
v -0.042816 -0.000904 0.100641
v -0.042929 -0.000685 0.100572
v -0.042935 -0.000430 0.100567
v -0.039463 -0.000219 0.094769
v -0.039273 -0.000082 0.094873
v -0.039047 -0.000071 0.094998
v -0.038845 -0.000191 0.095110
v -0.038723 -0.000413 0.095178
v -0.038716 -0.000675 0.095182
v -0.038826 -0.000905 0.095121
v -0.039022 -0.001040 0.095014
v -0.039249 -0.001044 0.094888
v -0.039446 -0.000919 0.094779
v -0.039562 -0.000700 0.094715
v -0.039568 -0.000445 0.094711
v -0.035832 -0.000222 0.087922
v -0.035639 -0.000085 0.088021
v -0.035409 -0.000074 0.088139
v -0.035204 -0.000195 0.088244
v -0.035080 -0.000416 0.088307
v -0.035073 -0.000678 0.088311
v -0.035184 -0.000908 0.088254
v -0.035383 -0.001043 0.088152
v -0.035613 -0.001047 0.088034
v -0.035814 -0.000923 0.087931
v -0.035933 -0.000704 0.087871
v -0.035939 -0.000448 0.087867
v -0.031916 -0.000210 0.079984
v -0.031720 -0.000074 0.080078
v -0.031487 -0.000064 0.080190
v -0.031280 -0.000185 0.080289
v -0.031155 -0.000406 0.080349
v -0.031148 -0.000667 0.080352
v -0.031259 -0.000896 0.080298
v -0.031460 -0.001031 0.080201
v -0.031693 -0.001037 0.080089
v -0.031897 -0.000913 0.079992
v -0.032018 -0.000693 0.079934
v -0.032025 -0.000437 0.079931
v -0.027878 -0.000183 0.071330
v -0.027680 -0.000047 0.071421
v -0.027445 -0.000037 0.071529
v -0.027236 -0.000159 0.071624
v -0.027111 -0.000380 0.071680
v -0.027103 -0.000640 0.071683
v -0.027215 -0.000869 0.071630
v -0.027417 -0.001004 0.071538
v -0.027652 -0.001010 0.071430
v -0.027859 -0.000887 0.071336
v -0.027981 -0.000667 0.071281
v -0.027989 -0.000410 0.071279
v -0.023930 -0.000143 0.062513
v -0.023730 -0.000006 0.062601
v -0.023493 0.000003 0.062705
v -0.023284 -0.000119 0.062797
v -0.023157 -0.000339 0.062851
v -0.023150 -0.000599 0.062853
v -0.023262 -0.000828 0.062803
v -0.023465 -0.000964 0.062713
v -0.023702 -0.000970 0.062609
v -0.023910 -0.000847 0.062518
v -0.024034 -0.000627 0.062465
v -0.024041 -0.000370 0.062463
v -0.020121 -0.000092 0.053689
v -0.019920 0.000045 0.053776
v -0.019682 0.000054 0.053877
v -0.019471 -0.000068 0.053966
v -0.019344 -0.000289 0.054018
v -0.019336 -0.000548 0.054020
v -0.019450 -0.000777 0.053970
v -0.019653 -0.000913 0.053883
v -0.019891 -0.000919 0.053782
v -0.020101 -0.000796 0.053694
v -0.020225 -0.000576 0.053642
v -0.020233 -0.000319 0.053641
v -0.016502 -0.000033 0.045017
v -0.016300 0.000103 0.045101
v -0.016061 0.000112 0.045200
v -0.015849 -0.000010 0.045286
v -0.015721 -0.000230 0.045337
v -0.015713 -0.000490 0.045338
v -0.015827 -0.000719 0.045290
v -0.016031 -0.000854 0.045205
v -0.016271 -0.000861 0.045107
v -0.016481 -0.000738 0.045021
v -0.016606 -0.000518 0.044971
v -0.016614 -0.000260 0.044970
v -0.013122 0.000030 0.036653
v -0.012919 0.000166 0.036735
v -0.012679 0.000175 0.036831
v -0.012466 0.000053 0.036914
v -0.012338 -0.000167 0.036964
v -0.012330 -0.000427 0.036965
v -0.012444 -0.000656 0.036918
v -0.012649 -0.000791 0.036835
v -0.012889 -0.000798 0.036739
v -0.013101 -0.000675 0.036656
v -0.013227 -0.000455 0.036608
v -0.013235 -0.000197 0.036607
v -0.010032 0.000094 0.028754
v -0.009827 0.000231 0.028834
v -0.009586 0.000240 0.028926
v -0.009372 0.000118 0.029008
v -0.009243 -0.000103 0.029055
v -0.009235 -0.000362 0.029056
v -0.009350 -0.000591 0.029010
v -0.009556 -0.000727 0.028930
v -0.009798 -0.000733 0.028837
v -0.010010 -0.000610 0.028756
v -0.010136 -0.000391 0.028709
v -0.010144 -0.000133 0.028709
v -0.007280 0.000157 0.021476
v -0.007075 0.000294 0.021554
v -0.006833 0.000303 0.021644
v -0.006618 0.000181 0.021722
v -0.006488 -0.000040 0.021768
v -0.006480 -0.000300 0.021769
v -0.006595 -0.000528 0.021724
v -0.006802 -0.000664 0.021646
v -0.007045 -0.000671 0.021556
v -0.007258 -0.000547 0.021478
v -0.007385 -0.000328 0.021433
v -0.007393 -0.000070 0.021432
v -0.004918 0.000215 0.014978
v -0.004712 0.000352 0.015052
v -0.004468 0.000361 0.015139
v -0.004252 0.000240 0.015214
v -0.004122 0.000019 0.015258
v -0.004113 -0.000241 0.015259
v -0.004229 -0.000470 0.015216
v -0.004438 -0.000606 0.015141
v -0.004682 -0.000612 0.015054
v -0.004896 -0.000489 0.014979
v -0.005023 -0.000269 0.014936
v -0.005031 -0.000012 0.014936
v -0.002995 0.000265 0.009416
v -0.002789 0.000402 0.009486
v -0.002543 0.000412 0.009568
v -0.002325 0.000291 0.009639
v -0.002193 0.000070 0.009681
v -0.002185 -0.000191 0.009682
v -0.002302 -0.000420 0.009641
v -0.002512 -0.000556 0.009569
v -0.002758 -0.000561 0.009487
v -0.002973 -0.000438 0.009417
v -0.003101 -0.000218 0.009376
v -0.003109 0.000038 0.009376
v -0.001563 0.000303 0.004950
v -0.001356 0.000441 0.005012
v -0.001108 0.000453 0.005087
v -0.000887 0.000333 0.005153
v -0.000752 0.000111 0.005191
v -0.000744 -0.000152 0.005192
v -0.000864 -0.000382 0.005153
v -0.001077 -0.000517 0.005088
v -0.001325 -0.000521 0.005013
v -0.001541 -0.000396 0.004950
v -0.001669 -0.000178 0.004915
v -0.001677 0.000077 0.004914
v -0.000676 0.000327 0.001763
v -0.000470 0.000464 0.001795
v -0.000222 0.000483 0.001850
v 0.000007 0.000368 0.001909
v 0.000150 0.000142 0.001946
v 0.000159 -0.000131 0.001947
v 0.000031 -0.000366 0.001909
v -0.000191 -0.000495 0.001850
v -0.000439 -0.000492 0.001796
v -0.000654 -0.000369 0.001763
v -0.000786 -0.000153 0.001752
v -0.000794 0.000103 0.001752
v -0.000426 0.000309 0.000326
v -0.000217 0.000460 0.000106
v 0.000055 0.000504 -0.000113
v 0.000325 0.000403 -0.000282
v 0.000501 0.000166 -0.000372
v 0.000511 -0.000133 -0.000373
v 0.000350 -0.000381 -0.000283
v 0.000087 -0.000499 -0.000115
v -0.000187 -0.000473 0.000104
v -0.000405 -0.000336 0.000325
v -0.000529 -0.000132 0.000471
v -0.000537 0.000098 0.000472
v -0.025252 0.015914 -0.130909
v -0.025372 0.016261 -0.130612
v -0.025393 0.016388 -0.130165
v -0.025310 0.016244 -0.129727
v -0.025139 0.015899 -0.129444
v -0.024919 0.015478 -0.129374
v -0.024706 0.015090 -0.129501
v -0.024558 0.014813 -0.129786
v -0.024528 0.014712 -0.130162
v -0.024631 0.014812 -0.130541
v -0.024827 0.015086 -0.130836
v -0.025055 0.015480 -0.130978
v -0.023061 0.015561 -0.130816
v -0.022968 0.015858 -0.130523
v -0.022952 0.015969 -0.130108
v -0.023019 0.015858 -0.129699
v -0.023146 0.015566 -0.129423
v -0.023289 0.015191 -0.129352
v -0.023401 0.014841 -0.129485
v -0.023458 0.014598 -0.129764
v -0.023463 0.014505 -0.130121
v -0.023425 0.014582 -0.130483
v -0.023332 0.014821 -0.130771
v -0.023198 0.015177 -0.130902
v -0.021261 0.014644 -0.130627
v -0.021124 0.014897 -0.130340
v -0.021104 0.014998 -0.129943
v -0.021210 0.014916 -0.129558
v -0.021405 0.014681 -0.129299
v -0.021625 0.014367 -0.129231
v -0.021806 0.014061 -0.129356
v -0.021910 0.013834 -0.129630
v -0.021924 0.013742 -0.129987
v -0.021846 0.013807 -0.130343
v -0.021685 0.014014 -0.130614
v -0.021471 0.014318 -0.130723
v -0.019557 0.013282 -0.130333
v -0.019405 0.013502 -0.130052
v -0.019389 0.013598 -0.129675
v -0.019513 0.013542 -0.129313
v -0.019738 0.013353 -0.129069
v -0.019995 0.013089 -0.129004
v -0.020216 0.012821 -0.129125
v -0.020347 0.012617 -0.129395
v -0.020362 0.012525 -0.129746
v -0.020257 0.012571 -0.130092
v -0.020053 0.012743 -0.130347
v -0.019797 0.013003 -0.130438
v -0.017925 0.011593 -0.129934
v -0.017773 0.011793 -0.129661
v -0.017763 0.011888 -0.129303
v -0.017897 0.011851 -0.128961
v -0.018133 0.011697 -0.128730
v -0.018406 0.011469 -0.128669
v -0.018641 0.011230 -0.128787
v -0.018782 0.011039 -0.129050
v -0.018795 0.010946 -0.129392
v -0.018675 0.010974 -0.129726
v -0.018449 0.011119 -0.129966
v -0.018174 0.011345 -0.130044
v -0.016350 0.009690 -0.129426
v -0.016205 0.009878 -0.129163
v -0.016202 0.009975 -0.128822
v -0.016341 0.009955 -0.128499
v -0.016581 0.009825 -0.128281
v -0.016856 0.009623 -0.128223
v -0.017094 0.009401 -0.128337
v -0.017234 0.009218 -0.128591
v -0.017242 0.009120 -0.128922
v -0.017113 0.009134 -0.129243
v -0.016877 0.009259 -0.129471
v -0.016598 0.009462 -0.129539
v -0.014821 0.007682 -0.128807
v -0.014687 0.007867 -0.128554
v -0.014693 0.007969 -0.128231
v -0.014836 0.007962 -0.127927
v -0.015073 0.007851 -0.127721
v -0.015342 0.007664 -0.127665
v -0.015574 0.007453 -0.127772
v -0.015709 0.007270 -0.128015
v -0.015710 0.007165 -0.128333
v -0.015574 0.007166 -0.128642
v -0.015336 0.007276 -0.128857
v -0.015059 0.007465 -0.128918
v -0.013328 0.005682 -0.128071
v -0.013210 0.005869 -0.127831
v -0.013228 0.005978 -0.127528
v -0.013373 0.005983 -0.127242
v -0.013604 0.005884 -0.127047
v -0.013862 0.005708 -0.126992
v -0.014081 0.005498 -0.127089
v -0.014205 0.005311 -0.127319
v -0.014198 0.005195 -0.127622
v -0.014058 0.005184 -0.127917
v -0.013820 0.005284 -0.128122
v -0.013552 0.005467 -0.128179
v -0.011865 0.003797 -0.127215
v -0.011769 0.003993 -0.126991
v -0.011801 0.004112 -0.126710
v -0.011949 0.004128 -0.126445
v -0.012170 0.004039 -0.126261
v -0.012411 0.003866 -0.126202
v -0.012613 0.003653 -0.126287
v -0.012721 0.003454 -0.126498
v -0.012703 0.003324 -0.126783
v -0.012558 0.003301 -0.127065
v -0.012324 0.003394 -0.127262
v -0.012068 0.003578 -0.127316
v -0.010425 0.002142 -0.126235
v -0.010359 0.002350 -0.126034
v -0.010412 0.002483 -0.125781
v -0.010564 0.002510 -0.125539
v -0.010772 0.002425 -0.125364
v -0.010989 0.002251 -0.125298
v -0.011165 0.002028 -0.125361
v -0.011252 0.001812 -0.125547
v -0.011219 0.001663 -0.125812
v -0.011067 0.001627 -0.126080
v -0.010837 0.001719 -0.126270
v -0.010600 0.001909 -0.126325
v -0.009004 0.000826 -0.125131
v -0.008980 0.001051 -0.124961
v -0.009064 0.001197 -0.124745
v -0.009222 0.001233 -0.124532
v -0.009412 0.001152 -0.124365
v -0.009594 0.000974 -0.124282
v -0.009735 0.000738 -0.124312
v -0.009793 0.000500 -0.124463
v -0.009737 0.000327 -0.124699
v -0.009574 0.000277 -0.124950
v -0.009351 0.000370 -0.125137
v -0.009139 0.000575 -0.125201
v -0.007601 -0.000036 -0.123902
v -0.007628 0.000202 -0.123765
v -0.007739 0.000342 -0.123583
v -0.007894 0.000375 -0.123406
v -0.008064 0.000309 -0.123257
v -0.008223 0.000139 -0.123155
v -0.008325 -0.000111 -0.123143
v -0.008332 -0.000376 -0.123240
v -0.008234 -0.000572 -0.123429
v -0.008056 -0.000633 -0.123655
v -0.007849 -0.000536 -0.123844
v -0.007680 -0.000312 -0.123935
v -0.006181 -0.000393 -0.122520
v -0.006242 -0.000145 -0.122437
v -0.006381 0.000011 -0.122280
v -0.006557 0.000043 -0.122106
v -0.006730 -0.000041 -0.121966
v -0.006863 -0.000208 -0.121881
v -0.006926 -0.000436 -0.121854
v -0.006892 -0.000684 -0.121900
v -0.006759 -0.000879 -0.122026
v -0.006563 -0.000952 -0.122205
v -0.006364 -0.000873 -0.122383
v -0.006223 -0.000664 -0.122501
v -0.004846 -0.000425 -0.120832
v -0.004921 -0.000166 -0.120786
v -0.005093 0.000007 -0.120671
v -0.005309 0.000047 -0.120523
v -0.005509 -0.000048 -0.120389
v -0.005641 -0.000240 -0.120307
v -0.005683 -0.000474 -0.120287
v -0.005629 -0.000701 -0.120324
v -0.005485 -0.000878 -0.120414
v -0.005275 -0.000953 -0.120545
v -0.005055 -0.000888 -0.120686
v -0.004895 -0.000693 -0.120794
v -0.003672 -0.000419 -0.118607
v -0.003752 -0.000162 -0.118573
v -0.003940 0.000011 -0.118492
v -0.004176 0.000054 -0.118387
v -0.004393 -0.000036 -0.118288
v -0.004539 -0.000226 -0.118220
v -0.004583 -0.000467 -0.118198
v -0.004519 -0.000703 -0.118228
v -0.004357 -0.000878 -0.118302
v -0.004131 -0.000945 -0.118404
v -0.003899 -0.000877 -0.118507
v -0.003727 -0.000684 -0.118582
v -0.002653 -0.000409 -0.115865
v -0.002734 -0.000154 -0.115840
v -0.002926 0.000019 -0.115781
v -0.003171 0.000065 -0.115703
v -0.003400 -0.000022 -0.115629
v -0.003556 -0.000212 -0.115577
v -0.003605 -0.000457 -0.115560
v -0.003535 -0.000696 -0.115582
v -0.003361 -0.000871 -0.115638
v -0.003124 -0.000934 -0.115714
v -0.002884 -0.000863 -0.115790
v -0.002709 -0.000670 -0.115846
v -0.001774 -0.000395 -0.112594
v -0.001855 -0.000143 -0.112576
v -0.002049 0.000031 -0.112532
v -0.002298 0.000079 -0.112475
v -0.002534 -0.000006 -0.112419
v -0.002696 -0.000196 -0.112380
v -0.002746 -0.000443 -0.112367
v -0.002673 -0.000684 -0.112383
v -0.002493 -0.000859 -0.112425
v -0.002250 -0.000920 -0.112481
v -0.002006 -0.000847 -0.112538
v -0.001830 -0.000654 -0.112580
v -0.001024 -0.000378 -0.108790
v -0.001105 -0.000127 -0.108778
v -0.001300 0.000047 -0.108745
v -0.001551 0.000097 -0.108703
v -0.001791 0.000013 -0.108661
v -0.001957 -0.000178 -0.108632
v -0.002009 -0.000426 -0.108622
v -0.001934 -0.000668 -0.108634
v -0.001750 -0.000843 -0.108665
v -0.001503 -0.000902 -0.108706
v -0.001257 -0.000828 -0.108749
v -0.001080 -0.000635 -0.108779
v -0.000398 -0.000358 -0.104450
v -0.000479 -0.000108 -0.104441
v -0.000674 0.000066 -0.104418
v -0.000926 0.000117 -0.104386
v -0.001169 0.000034 -0.104356
v -0.001337 -0.000157 -0.104334
v -0.001389 -0.000406 -0.104326
v -0.001313 -0.000650 -0.104335
v -0.001127 -0.000824 -0.104357
v -0.000877 -0.000882 -0.104388
v -0.000631 -0.000806 -0.104419
v -0.000454 -0.000614 -0.104442
v 0.000110 -0.000335 -0.099569
v 0.000029 -0.000086 -0.099563
v -0.000165 0.000087 -0.099547
v -0.000418 0.000139 -0.099525
v -0.000662 0.000057 -0.099503
v -0.000832 -0.000134 -0.099487
v -0.000885 -0.000384 -0.099481
v -0.000808 -0.000628 -0.099487
v -0.000620 -0.000802 -0.099503
v -0.000369 -0.000860 -0.099525
v -0.000122 -0.000783 -0.099547
v 0.000054 -0.000591 -0.099563
v 0.000506 -0.000311 -0.094147
v 0.000426 -0.000063 -0.094143
v 0.000232 0.000111 -0.094132
v -0.000022 0.000163 -0.094117
v -0.000266 0.000082 -0.094102
v -0.000437 -0.000109 -0.094090
v -0.000491 -0.000360 -0.094086
v -0.000413 -0.000604 -0.094090
v -0.000224 -0.000778 -0.094100
v 0.000027 -0.000835 -0.094115
v 0.000275 -0.000758 -0.094131
v 0.000451 -0.000566 -0.094142
v 0.000795 -0.000285 -0.088180
v 0.000715 -0.000037 -0.088178
v 0.000521 0.000137 -0.088171
v 0.000268 0.000189 -0.088161
v 0.000023 0.000109 -0.088151
v -0.000149 -0.000083 -0.088144
v -0.000203 -0.000334 -0.088141
v -0.000125 -0.000579 -0.088143
v 0.000065 -0.000753 -0.088149
v 0.000317 -0.000809 -0.088159
v 0.000564 -0.000732 -0.088169
v 0.000740 -0.000540 -0.088176
v 0.000982 -0.000258 -0.081666
v 0.000902 -0.000010 -0.081665
v 0.000709 0.000163 -0.081662
v 0.000455 0.000216 -0.081657
v 0.000209 0.000136 -0.081651
v 0.000037 -0.000056 -0.081647
v -0.000017 -0.000307 -0.081645
v 0.000062 -0.000552 -0.081645
v 0.000252 -0.000726 -0.081649
v 0.000504 -0.000782 -0.081654
v 0.000751 -0.000704 -0.081659
v 0.000927 -0.000513 -0.081664
v 0.001072 -0.000230 -0.074603
v 0.000992 0.000017 -0.074604
v 0.000798 0.000191 -0.074603
v 0.000545 0.000244 -0.074602
v 0.000299 0.000164 -0.074600
v 0.000127 -0.000028 -0.074598
v 0.000073 -0.000279 -0.074597
v 0.000151 -0.000525 -0.074597
v 0.000342 -0.000699 -0.074597
v 0.000594 -0.000754 -0.074599
v 0.000841 -0.000676 -0.074600
v 0.001016 -0.000484 -0.074602
v 0.001069 -0.000202 -0.066992
v 0.000989 0.000045 -0.066993
v 0.000797 0.000219 -0.066995
v 0.000543 0.000273 -0.066996
v 0.000297 0.000193 -0.066996
v 0.000124 0.000001 -0.066996
v 0.000070 -0.000251 -0.066996
v 0.000149 -0.000497 -0.066994
v 0.000340 -0.000671 -0.066993
v 0.000593 -0.000726 -0.066992
v 0.000839 -0.000647 -0.066991
v 0.001014 -0.000455 -0.066992
v 0.001018 -0.000174 -0.059112
v 0.000938 0.000073 -0.059113
v 0.000746 0.000247 -0.059115
v 0.000493 0.000301 -0.059117
v 0.000247 0.000222 -0.059119
v 0.000073 0.000030 -0.059119
v 0.000019 -0.000223 -0.059119
v 0.000098 -0.000469 -0.059117
v 0.000290 -0.000643 -0.059115
v 0.000543 -0.000698 -0.059113
v 0.000789 -0.000619 -0.059112
v 0.000963 -0.000427 -0.059111
v 0.000960 -0.000146 -0.051309
v 0.000881 0.000101 -0.051310
v 0.000689 0.000274 -0.051312
v 0.000436 0.000329 -0.051314
v 0.000190 0.000250 -0.051316
v 0.000016 0.000058 -0.051317
v -0.000038 -0.000195 -0.051316
v 0.000041 -0.000441 -0.051315
v 0.000233 -0.000615 -0.051313
v 0.000486 -0.000670 -0.051310
v 0.000732 -0.000591 -0.051309
v 0.000906 -0.000399 -0.051308
v 0.000899 -0.000119 -0.043684
v 0.000820 0.000128 -0.043686
v 0.000628 0.000301 -0.043688
v 0.000375 0.000356 -0.043690
v 0.000129 0.000277 -0.043692
v -0.000045 0.000085 -0.043693
v -0.000099 -0.000168 -0.043692
v -0.000020 -0.000414 -0.043691
v 0.000172 -0.000588 -0.043688
v 0.000425 -0.000643 -0.043686
v 0.000671 -0.000564 -0.043684
v 0.000845 -0.000372 -0.043684
v 0.000837 -0.000093 -0.036340
v 0.000757 0.000154 -0.036342
v 0.000565 0.000327 -0.036344
v 0.000312 0.000382 -0.036347
v 0.000066 0.000303 -0.036348
v -0.000108 0.000111 -0.036349
v -0.000162 -0.000142 -0.036349
v -0.000083 -0.000389 -0.036347
v 0.000109 -0.000562 -0.036345
v 0.000362 -0.000617 -0.036343
v 0.000608 -0.000538 -0.036341
v 0.000782 -0.000346 -0.036340
v 0.000774 -0.000069 -0.029380
v 0.000694 0.000178 -0.029381
v 0.000503 0.000352 -0.029384
v 0.000250 0.000406 -0.029386
v 0.000003 0.000327 -0.029388
v -0.000171 0.000135 -0.029389
v -0.000225 -0.000118 -0.029389
v -0.000146 -0.000364 -0.029387
v 0.000046 -0.000538 -0.029385
v 0.000299 -0.000593 -0.029382
v 0.000545 -0.000513 -0.029380
v 0.000719 -0.000322 -0.029379
v 0.000713 -0.000046 -0.022905
v 0.000633 0.000200 -0.022907
v 0.000442 0.000374 -0.022909
v 0.000189 0.000429 -0.022912
v -0.000058 0.000349 -0.022914
v -0.000231 0.000157 -0.022915
v -0.000286 -0.000095 -0.022915
v -0.000207 -0.000342 -0.022913
v -0.000015 -0.000516 -0.022911
v 0.000238 -0.000570 -0.022908
v 0.000484 -0.000491 -0.022906
v 0.000658 -0.000299 -0.022905
v 0.000656 -0.000026 -0.017019
v 0.000576 0.000220 -0.017020
v 0.000385 0.000394 -0.017023
v 0.000132 0.000449 -0.017025
v -0.000115 0.000369 -0.017028
v -0.000288 0.000177 -0.017029
v -0.000343 -0.000075 -0.017028
v -0.000264 -0.000322 -0.017027
v -0.000072 -0.000496 -0.017024
v 0.000181 -0.000550 -0.017022
v 0.000427 -0.000471 -0.017020
v 0.000601 -0.000279 -0.017018
v 0.000605 -0.000009 -0.011823
v 0.000525 0.000237 -0.011825
v 0.000334 0.000411 -0.011827
v 0.000081 0.000466 -0.011830
v -0.000166 0.000387 -0.011832
v -0.000339 0.000195 -0.011833
v -0.000394 -0.000058 -0.011833
v -0.000315 -0.000305 -0.011831
v -0.000123 -0.000478 -0.011829
v 0.000130 -0.000533 -0.011826
v 0.000376 -0.000454 -0.011824
v 0.000550 -0.000262 -0.011823
v 0.000562 0.000005 -0.007420
v 0.000482 0.000252 -0.007422
v 0.000291 0.000425 -0.007424
v 0.000038 0.000480 -0.007427
v -0.000209 0.000401 -0.007429
v -0.000383 0.000209 -0.007430
v -0.000437 -0.000044 -0.007430
v -0.000358 -0.000291 -0.007428
v -0.000166 -0.000464 -0.007426
v 0.000087 -0.000519 -0.007423
v 0.000333 -0.000440 -0.007421
v 0.000507 -0.000248 -0.007420
v 0.000528 0.000016 -0.003914
v 0.000449 0.000262 -0.003915
v 0.000257 0.000436 -0.003917
v 0.000004 0.000490 -0.003920
v -0.000242 0.000411 -0.003922
v -0.000416 0.000219 -0.003923
v -0.000470 -0.000034 -0.003922
v -0.000391 -0.000280 -0.003921
v -0.000199 -0.000454 -0.003919
v 0.000054 -0.000508 -0.003916
v 0.000300 -0.000429 -0.003914
v 0.000474 -0.000237 -0.003913
v 0.000507 0.000022 -0.001405
v 0.000428 0.000268 -0.001407
v 0.000236 0.000442 -0.001408
v -0.000016 0.000497 -0.001410
v -0.000263 0.000418 -0.001412
v -0.000437 0.000226 -0.001412
v -0.000492 -0.000027 -0.001412
v -0.000412 -0.000274 -0.001411
v -0.000220 -0.000447 -0.001409
v 0.000033 -0.000502 -0.001408
v 0.000279 -0.000422 -0.001406
v 0.000452 -0.000231 -0.001405
v 0.000499 0.000024 -0.000013
v 0.000421 0.000270 -0.000009
v 0.000230 0.000444 -0.000003
v -0.000023 0.000500 0.000005
v -0.000270 0.000421 0.000011
v -0.000445 0.000229 0.000014
v -0.000499 -0.000025 0.000013
v -0.000419 -0.000273 0.000009
v -0.000226 -0.000446 0.000003
v 0.000027 -0.000499 -0.000005
v 0.000272 -0.000419 -0.000011
v 0.000445 -0.000228 -0.000014
v -0.025184 0.016362 -0.000729
v -0.025319 0.016703 -0.000438
v -0.025367 0.016836 -0.000000
v -0.025319 0.016703 0.000438
v -0.025184 0.016362 0.000729
v -0.024988 0.015936 0.000801
v -0.024776 0.015542 0.000667
v -0.024605 0.015266 0.000376
v -0.024538 0.015167 -0.000000
v -0.024605 0.015266 -0.000376
v -0.024776 0.015542 -0.000667
v -0.024988 0.015936 -0.000801
v -0.023007 0.016026 -0.000694
v -0.022910 0.016320 -0.000409
v -0.022873 0.016430 -0.000000
v -0.022910 0.016320 0.000409
v -0.023007 0.016026 0.000693
v -0.023130 0.015645 0.000776
v -0.023238 0.015286 0.000650
v -0.023302 0.015036 0.000367
v -0.023322 0.014946 -0.000000
v -0.023302 0.015036 -0.000367
v -0.023238 0.015286 -0.000650
v -0.023130 0.015645 -0.000776
v -0.020943 0.015136 -0.000663
v -0.020803 0.015390 -0.000389
v -0.020751 0.015485 -0.000000
v -0.020803 0.015390 0.000389
v -0.020943 0.015136 0.000663
v -0.021125 0.014800 0.000750
v -0.021296 0.014475 0.000637
v -0.021414 0.014244 0.000363
v -0.021455 0.014160 -0.000000
v -0.021414 0.014244 -0.000363
v -0.021296 0.014475 -0.000637
v -0.021125 0.014800 -0.000750
v -0.018798 0.013800 -0.000636
v -0.018641 0.014025 -0.000371
v -0.018582 0.014108 -0.000000
v -0.018641 0.014025 0.000371
v -0.018798 0.013800 0.000636
v -0.019007 0.013498 0.000725
v -0.019210 0.013204 0.000620
v -0.019354 0.012992 0.000355
v -0.019406 0.012915 -0.000000
v -0.019354 0.012992 -0.000355
v -0.019210 0.013204 -0.000620
v -0.019007 0.013498 -0.000725
v -0.016589 0.012133 -0.000611
v -0.016426 0.012337 -0.000355
v -0.016366 0.012413 -0.000000
v -0.016426 0.012337 0.000355
v -0.016589 0.012133 0.000611
v -0.016809 0.011857 0.000700
v -0.017025 0.011585 0.000602
v -0.017181 0.011388 0.000346
v -0.017237 0.011317 -0.000000
v -0.017181 0.011388 -0.000346
v -0.017025 0.011585 -0.000602
v -0.016809 0.011857 -0.000700
v -0.014342 0.010249 -0.000587
v -0.014180 0.010438 -0.000340
v -0.014120 0.010508 -0.000000
v -0.014180 0.010438 0.000340
v -0.014342 0.010249 0.000587
v -0.014562 0.009991 0.000675
v -0.014781 0.009736 0.000582
v -0.014940 0.009550 0.000335
v -0.014998 0.009482 -0.000000
v -0.014940 0.009550 -0.000335
v -0.014781 0.009736 -0.000583
v -0.014562 0.009991 -0.000675
v -0.012083 0.008258 -0.000563
v -0.011925 0.008437 -0.000325
v -0.011868 0.008502 -0.000000
v -0.011925 0.008437 0.000325
v -0.012083 0.008258 0.000563
v -0.012297 0.008013 0.000650
v -0.012512 0.007769 0.000563
v -0.012668 0.007591 0.000325
v -0.012726 0.007525 -0.000000
v -0.012668 0.007591 -0.000325
v -0.012512 0.007769 -0.000563
v -0.012297 0.008013 -0.000650
v -0.009840 0.006271 -0.000540
v -0.009692 0.006443 -0.000311
v -0.009638 0.006506 -0.000000
v -0.009692 0.006443 0.000311
v -0.009840 0.006271 0.000540
v -0.010043 0.006035 0.000625
v -0.010248 0.005798 0.000543
v -0.010399 0.005623 0.000314
v -0.010454 0.005559 -0.000000
v -0.010399 0.005623 -0.000314
v -0.010248 0.005798 -0.000543
v -0.010043 0.006035 -0.000625
v -0.007645 0.004402 -0.000516
v -0.007511 0.004569 -0.000296
v -0.007462 0.004631 -0.000000
v -0.007511 0.004569 0.000296
v -0.007645 0.004402 0.000516
v -0.007831 0.004169 0.000600
v -0.008021 0.003934 0.000524
v -0.008162 0.003760 0.000304
v -0.008214 0.003695 -0.000000
v -0.008162 0.003760 -0.000304
v -0.008021 0.003934 -0.000524
v -0.007831 0.004169 -0.000600
v -0.005530 0.002760 -0.000491
v -0.005416 0.002927 -0.000281
v -0.005375 0.002988 -0.000000
v -0.005416 0.002927 0.000281
v -0.005530 0.002760 0.000491
v -0.005691 0.002528 0.000575
v -0.005859 0.002290 0.000506
v -0.005986 0.002111 0.000295
v -0.006033 0.002045 -0.000000
v -0.005986 0.002111 -0.000295
v -0.005859 0.002290 -0.000506
v -0.005691 0.002528 -0.000575
v -0.003533 0.001461 -0.000465
v -0.003452 0.001631 -0.000264
v -0.003424 0.001692 -0.000000
v -0.003452 0.001631 0.000264
v -0.003533 0.001461 0.000465
v -0.003656 0.001224 0.000550
v -0.003791 0.000977 0.000490
v -0.003897 0.000789 0.000288
v -0.003937 0.000718 -0.000000
v -0.003897 0.000789 -0.000288
v -0.003791 0.000977 -0.000490
v -0.003656 0.001224 -0.000550
v -0.001687 0.000618 -0.000431
v -0.001644 0.000778 -0.000236
v -0.001631 0.000831 -0.000000
v -0.001644 0.000778 0.000236
v -0.001687 0.000618 0.000431
v -0.001757 0.000373 0.000526
v -0.001836 0.000106 0.000476
v -0.001899 -0.000101 0.000282
v -0.001923 -0.000178 -0.000000
v -0.001899 -0.000101 -0.000282
v -0.001836 0.000106 -0.000476
v -0.001757 0.000373 -0.000526
v 0.000010 0.000282 -0.000415
v 0.000036 0.000443 -0.000231
v 0.000047 0.000498 -0.000000
v 0.000036 0.000443 0.000231
v 0.000010 0.000282 0.000415
v -0.000013 0.000042 0.000500
v -0.000028 -0.000219 0.000450
v -0.000036 -0.000422 0.000266
v -0.000038 -0.000499 -0.000000
v -0.000036 -0.000422 -0.000266
v -0.000028 -0.000219 -0.000450
v -0.000013 0.000042 -0.000500
v 0.000989 0.000257 -0.000434
v 0.000998 0.000441 -0.000252
v 0.001002 0.000509 -0.000000
v 0.000998 0.000441 0.000252
v 0.000989 0.000257 0.000434
v 0.000987 0.000009 0.000500
v 0.000993 -0.000239 0.000434
v 0.001000 -0.000423 0.000252
v 0.001004 -0.000491 -0.000000
v 0.001000 -0.000423 -0.000252
v 0.000993 -0.000239 -0.000434
v 0.000987 0.000009 -0.000500
v 0.002485 0.000277 -0.000433
v 0.002483 0.000460 -0.000250
v 0.002482 0.000527 -0.000000
v 0.002483 0.000460 0.000250
v 0.002485 0.000277 0.000433
v 0.002488 0.000027 0.000500
v 0.002491 -0.000223 0.000433
v 0.002493 -0.000406 0.000250
v 0.002493 -0.000472 -0.000000
v 0.002493 -0.000406 -0.000250
v 0.002491 -0.000223 -0.000433
v 0.002488 0.000027 -0.000500
v 0.004405 0.000295 -0.000434
v 0.004404 0.000479 -0.000251
v 0.004403 0.000546 -0.000000
v 0.004404 0.000479 0.000251
v 0.004405 0.000295 0.000434
v 0.004407 0.000045 0.000500
v 0.004408 -0.000205 0.000432
v 0.004410 -0.000387 0.000249
v 0.004410 -0.000454 -0.000000
v 0.004410 -0.000387 -0.000249
v 0.004408 -0.000205 -0.000432
v 0.004407 0.000045 -0.000500
v 0.006644 0.000304 -0.000434
v 0.006645 0.000488 -0.000251
v 0.006645 0.000555 -0.000000
v 0.006645 0.000488 0.000251
v 0.006644 0.000304 0.000434
v 0.006644 0.000053 0.000500
v 0.006644 -0.000196 0.000432
v 0.006644 -0.000378 0.000249
v 0.006644 -0.000445 -0.000000
v 0.006644 -0.000378 -0.000249
v 0.006644 -0.000196 -0.000432
v 0.006644 0.000053 -0.000500
v 0.009106 0.000291 -0.000434
v 0.009108 0.000476 -0.000251
v 0.009108 0.000543 -0.000000
v 0.009108 0.000476 0.000251
v 0.009106 0.000291 0.000434
v 0.009103 0.000041 0.000500
v 0.009100 -0.000209 0.000432
v 0.009098 -0.000390 0.000249
v 0.009098 -0.000457 -0.000000
v 0.009098 -0.000390 -0.000249
v 0.009100 -0.000209 -0.000432
v 0.009103 0.000041 -0.000500
v 0.011690 0.000248 -0.000434
v 0.011695 0.000433 -0.000251
v 0.011696 0.000500 -0.000000
v 0.011695 0.000433 0.000251
v 0.011690 0.000248 0.000434
v 0.011684 -0.000003 0.000500
v 0.011678 -0.000252 0.000432
v 0.011674 -0.000433 0.000249
v 0.011672 -0.000499 -0.000000
v 0.011674 -0.000433 -0.000249
v 0.011678 -0.000252 -0.000432
v 0.011684 -0.000003 -0.000500
v 0.014301 0.000163 -0.000435
v 0.014308 0.000348 -0.000252
v 0.014311 0.000416 -0.000000
v 0.014308 0.000348 0.000252
v 0.014301 0.000163 0.000435
v 0.014290 -0.000088 0.000500
v 0.014279 -0.000336 0.000431
v 0.014271 -0.000517 0.000248
v 0.014269 -0.000583 -0.000000
v 0.014271 -0.000517 -0.000248
v 0.014279 -0.000336 -0.000431
v 0.014290 -0.000088 -0.000500
v 0.016839 0.000026 -0.000436
v 0.016851 0.000212 -0.000253
v 0.016856 0.000280 -0.000000
v 0.016851 0.000212 0.000253
v 0.016839 0.000026 0.000436
v 0.016822 -0.000225 0.000500
v 0.016805 -0.000473 0.000430
v 0.016792 -0.000652 0.000247
v 0.016788 -0.000717 -0.000000
v 0.016792 -0.000652 -0.000247
v 0.016805 -0.000473 -0.000430
v 0.016822 -0.000225 -0.000500
v 0.019208 -0.000174 -0.000437
v 0.019227 0.000013 -0.000254
v 0.019234 0.000082 -0.000000
v 0.019227 0.000013 0.000254
v 0.019208 -0.000174 0.000437
v 0.019181 -0.000425 0.000500
v 0.019155 -0.000671 0.000429
v 0.019136 -0.000848 0.000246
v 0.019129 -0.000913 -0.000000
v 0.019136 -0.000848 -0.000246
v 0.019155 -0.000671 -0.000429
v 0.019181 -0.000425 -0.000500
v 0.021311 -0.000449 -0.000440
v 0.021340 -0.000261 -0.000257
v 0.021351 -0.000191 -0.000000
v 0.021340 -0.000261 0.000257
v 0.021311 -0.000449 0.000440
v 0.021270 -0.000699 0.000500
v 0.021229 -0.000942 0.000427
v 0.021198 -0.001114 0.000244
v 0.021186 -0.001177 -0.000000
v 0.021198 -0.001114 -0.000244
v 0.021229 -0.000942 -0.000427
v 0.021270 -0.000699 -0.000500
v 0.023035 -0.000818 -0.000450
v 0.023067 -0.000617 -0.000269
v 0.023078 -0.000539 -0.000000
v 0.023067 -0.000617 0.000269
v 0.023035 -0.000818 0.000450
v 0.022981 -0.001061 0.000500
v 0.022879 -0.001265 0.000433
v 0.022699 -0.001399 0.000270
v 0.022592 -0.001459 -0.000000
v 0.022699 -0.001399 -0.000270
v 0.022879 -0.001265 -0.000433
v 0.022981 -0.001061 -0.000500
v 0.024346 -0.001322 -0.000473
v 0.024467 -0.001126 -0.000285
v 0.024513 -0.001052 -0.000000
v 0.024467 -0.001126 0.000285
v 0.024346 -0.001322 0.000473
v 0.024187 -0.001569 0.000502
v 0.023546 -0.002065 0.000188
v 0.020686 -0.002310 0.001084
v 0.020513 -0.002495 -0.000000
v 0.020686 -0.002310 -0.001084
v 0.023546 -0.002065 -0.000188
v 0.024187 -0.001569 -0.000502
v 0.024958 -0.002034 -0.000469
v 0.025165 -0.001945 -0.000284
v 0.025244 -0.001911 -0.000000
v 0.025165 -0.001945 0.000284
v 0.024958 -0.002034 0.000469
v 0.024711 -0.002152 0.000501
v 0.024254 -0.003001 0.000234
v 0.023893 -0.005377 0.001094
v 0.023638 -0.005539 -0.000000
v 0.023893 -0.005377 -0.001094
v 0.024254 -0.003001 -0.000234
v 0.024711 -0.002152 -0.000501
v 0.025357 -0.003265 -0.000450
v 0.025558 -0.003238 -0.000268
v 0.025635 -0.003228 -0.000000
v 0.025558 -0.003238 0.000268
v 0.025357 -0.003265 0.000450
v 0.025107 -0.003310 0.000500
v 0.024884 -0.003381 0.000424
v 0.024734 -0.003486 0.000251
v 0.024676 -0.003545 -0.000000
v 0.024734 -0.003486 -0.000251
v 0.024884 -0.003381 -0.000424
v 0.025107 -0.003310 -0.000500
v 0.025586 -0.004952 -0.000441
v 0.025778 -0.004938 -0.000258
v 0.025849 -0.004933 -0.000000
v 0.025778 -0.004938 0.000258
v 0.025586 -0.004952 0.000441
v 0.025333 -0.004972 0.000500
v 0.025089 -0.004994 0.000426
v 0.024916 -0.005013 0.000243
v 0.024853 -0.005020 -0.000000
v 0.024916 -0.005013 -0.000243
v 0.025089 -0.004994 -0.000426
v 0.025333 -0.004972 -0.000500
v 0.025681 -0.007023 -0.000437
v 0.025869 -0.007020 -0.000254
v 0.025939 -0.007019 -0.000000
v 0.025869 -0.007020 0.000254
v 0.025681 -0.007023 0.000437
v 0.025429 -0.007027 0.000500
v 0.025181 -0.007033 0.000429
v 0.025003 -0.007037 0.000246
v 0.024939 -0.007038 -0.000000
v 0.025003 -0.007037 -0.000246
v 0.025181 -0.007033 -0.000429
v 0.025429 -0.007027 -0.000500
v 0.025673 -0.009384 -0.000436
v 0.025859 -0.009388 -0.000253
v 0.025927 -0.009389 -0.000000
v 0.025859 -0.009388 0.000253
v 0.025673 -0.009384 0.000436
v 0.025421 -0.009379 0.000500
v 0.025173 -0.009374 0.000430
v 0.024993 -0.009371 0.000247
v 0.024927 -0.009370 -0.000000
v 0.024993 -0.009371 -0.000247
v 0.025173 -0.009374 -0.000430
v 0.025421 -0.009379 -0.000500
v 0.025587 -0.011944 -0.000435
v 0.025772 -0.011952 -0.000252
v 0.025840 -0.011955 -0.000000
v 0.025772 -0.011952 0.000252
v 0.025587 -0.011944 0.000435
v 0.025337 -0.011934 0.000500
v 0.025088 -0.011923 0.000431
v 0.024907 -0.011915 0.000248
v 0.024841 -0.011912 -0.000000
v 0.024907 -0.011915 -0.000248
v 0.025088 -0.011923 -0.000431
v 0.025337 -0.011934 -0.000500
v 0.025450 -0.014614 -0.000434
v 0.025633 -0.014625 -0.000251
v 0.025701 -0.014628 -0.000000
v 0.025634 -0.014625 0.000251
v 0.025450 -0.014614 0.000434
v 0.025200 -0.014600 0.000500
v 0.024951 -0.014586 0.000432
v 0.024769 -0.014575 0.000249
v 0.024703 -0.014571 -0.000000
v 0.024769 -0.014575 -0.000249
v 0.024951 -0.014586 -0.000432
v 0.025200 -0.014600 -0.000500
v 0.025284 -0.017302 -0.000433
v 0.025467 -0.017314 -0.000250
v 0.025534 -0.017318 -0.000000
v 0.025467 -0.017314 0.000250
v 0.025284 -0.017302 0.000433
v 0.025034 -0.017286 0.000500
v 0.024785 -0.017270 0.000433
v 0.024603 -0.017259 0.000250
v 0.024536 -0.017254 -0.000000
v 0.024603 -0.017259 -0.000250
v 0.024785 -0.017270 -0.000433
v 0.025034 -0.017286 -0.000500
v 0.025114 -0.019917 -0.000433
v 0.025296 -0.019929 -0.000250
v 0.025363 -0.019933 -0.000000
v 0.025296 -0.019929 0.000250
v 0.025114 -0.019917 0.000433
v 0.024864 -0.019901 0.000500
v 0.024615 -0.019885 0.000433
v 0.024432 -0.019874 0.000250
v 0.024365 -0.019870 -0.000000
v 0.024432 -0.019874 -0.000250
v 0.024615 -0.019885 -0.000433
v 0.024864 -0.019901 -0.000500
v 0.024963 -0.022367 -0.000432
v 0.025145 -0.022378 -0.000249
v 0.025211 -0.022381 -0.000000
v 0.025145 -0.022378 0.000249
v 0.024963 -0.022367 0.000432
v 0.024714 -0.022354 0.000500
v 0.024464 -0.022340 0.000434
v 0.024280 -0.022329 0.000251
v 0.024213 -0.022326 -0.000000
v 0.024280 -0.022329 -0.000251
v 0.024464 -0.022340 -0.000434
v 0.024714 -0.022354 -0.000500
v 0.024857 -0.024561 -0.000431
v 0.025037 -0.024567 -0.000248
v 0.025103 -0.024569 -0.000000
v 0.025037 -0.024567 0.000248
v 0.024857 -0.024561 0.000431
v 0.024609 -0.024552 0.000500
v 0.024358 -0.024543 0.000435
v 0.024172 -0.024536 0.000252
v 0.024104 -0.024533 -0.000000
v 0.024172 -0.024536 -0.000252
v 0.024358 -0.024543 -0.000435
v 0.024609 -0.024552 -0.000500
v 0.024819 -0.026376 -0.000429
v 0.024998 -0.026355 -0.000246
v 0.025063 -0.026347 -0.000000
v 0.024998 -0.026355 0.000246
v 0.024819 -0.026376 0.000429
v 0.024571 -0.026404 0.000500
v 0.024319 -0.026432 0.000437
v 0.024131 -0.026452 0.000254
v 0.024061 -0.026459 -0.000000
v 0.024131 -0.026452 -0.000254
v 0.024319 -0.026432 -0.000437
v 0.024571 -0.026404 -0.000500
v -0.155871 0.013064 -0.098474
v -0.155791 0.013377 -0.098123
v -0.155609 0.013444 -0.097675
v -0.155369 0.013290 -0.097279
v -0.155140 0.012989 -0.097011
v -0.154990 0.012605 -0.096912
v -0.154954 0.012221 -0.097015
v -0.155036 0.011940 -0.097296
v -0.155223 0.011827 -0.097677
v -0.155465 0.011901 -0.098080
v -0.155690 0.012171 -0.098423
v -0.155836 0.012603 -0.098585
v -0.152061 0.012765 -0.097827
v -0.152127 0.013071 -0.097521
v -0.152266 0.013165 -0.097125
v -0.152430 0.013032 -0.096767
v -0.152568 0.012737 -0.096545
v -0.152649 0.012380 -0.096494
v -0.152668 0.012043 -0.096596
v -0.152626 0.011775 -0.096828
v -0.152520 0.011633 -0.097164
v -0.152366 0.011683 -0.097534
v -0.152206 0.011941 -0.097827
v -0.152091 0.012343 -0.097940
v -0.149462 0.012028 -0.096192
v -0.149576 0.012336 -0.095930
v -0.149814 0.012458 -0.095617
v -0.150094 0.012370 -0.095349
v -0.150328 0.012118 -0.095191
v -0.150467 0.011785 -0.095167
v -0.150499 0.011450 -0.095274
v -0.150426 0.011179 -0.095492
v -0.150247 0.011029 -0.095776
v -0.149986 0.011052 -0.096060
v -0.149711 0.011268 -0.096263
v -0.149514 0.011629 -0.096315
v -0.147549 0.010955 -0.093808
v -0.147679 0.011261 -0.093592
v -0.147954 0.011411 -0.093358
v -0.148282 0.011369 -0.093173
v -0.148571 0.011163 -0.093079
v -0.148753 0.010855 -0.093092
v -0.148797 0.010524 -0.093209
v -0.148697 0.010245 -0.093405
v -0.148468 0.010082 -0.093631
v -0.148154 0.010082 -0.093830
v -0.147835 0.010262 -0.093946
v -0.147608 0.010583 -0.093939
v -0.146168 0.009649 -0.090908
v -0.146298 0.009950 -0.090723
v -0.146577 0.010116 -0.090542
v -0.146918 0.010106 -0.090413
v -0.147227 0.009933 -0.090367
v -0.147428 0.009649 -0.090412
v -0.147478 0.009326 -0.090536
v -0.147366 0.009044 -0.090709
v -0.147115 0.008871 -0.090888
v -0.146784 0.008855 -0.091027
v -0.146456 0.009010 -0.091084
v -0.146226 0.009302 -0.091041
v -0.145172 0.008194 -0.087671
v -0.145298 0.008485 -0.087508
v -0.145570 0.008659 -0.087359
v -0.145907 0.008669 -0.087265
v -0.146219 0.008518 -0.087248
v -0.146425 0.008252 -0.087312
v -0.146477 0.007939 -0.087438
v -0.146361 0.007658 -0.087595
v -0.146106 0.007481 -0.087744
v -0.145774 0.007456 -0.087844
v -0.145451 0.007596 -0.087866
v -0.145228 0.007866 -0.087803
v -0.144439 0.006668 -0.084276
v -0.144560 0.006949 -0.084127
v -0.144820 0.007123 -0.083997
v -0.145148 0.007144 -0.083922
v -0.145455 0.007009 -0.083921
v -0.145660 0.006756 -0.083993
v -0.145712 0.006452 -0.084119
v -0.145596 0.006177 -0.084266
v -0.145344 0.006001 -0.084395
v -0.145018 0.005973 -0.084473
v -0.144706 0.006103 -0.084477
v -0.144493 0.006357 -0.084405
v -0.143859 0.005153 -0.080905
v -0.143973 0.005422 -0.080765
v -0.144221 0.005592 -0.080644
v -0.144537 0.005617 -0.080577
v -0.144835 0.005492 -0.080580
v -0.145036 0.005250 -0.080653
v -0.145087 0.004955 -0.080776
v -0.144973 0.004687 -0.080916
v -0.144726 0.004517 -0.081036
v -0.144411 0.004491 -0.081104
v -0.144112 0.004615 -0.081102
v -0.143910 0.004858 -0.081029
v -0.143327 0.003733 -0.077747
v -0.143433 0.003987 -0.077611
v -0.143666 0.004149 -0.077491
v -0.143966 0.004175 -0.077419
v -0.144254 0.004056 -0.077415
v -0.144451 0.003821 -0.077481
v -0.144501 0.003533 -0.077600
v -0.144390 0.003274 -0.077739
v -0.144149 0.003113 -0.077858
v -0.143846 0.003094 -0.077927
v -0.143564 0.003219 -0.077929
v -0.143375 0.003453 -0.077863
v -0.142746 0.002500 -0.075006
v -0.142841 0.002736 -0.074867
v -0.143052 0.002882 -0.074731
v -0.143330 0.002903 -0.074638
v -0.143606 0.002786 -0.074613
v -0.143800 0.002554 -0.074666
v -0.143850 0.002269 -0.074780
v -0.143739 0.002018 -0.074922
v -0.143504 0.001873 -0.075051
v -0.143218 0.001871 -0.075134
v -0.142959 0.002004 -0.075155
v -0.142788 0.002234 -0.075110
v -0.142105 0.001618 -0.073033
v -0.142164 0.001807 -0.072809
v -0.142298 0.001888 -0.072583
v -0.142519 0.001891 -0.072433
v -0.142777 0.001776 -0.072365
v -0.142974 0.001538 -0.072389
v -0.143026 0.001245 -0.072499
v -0.142911 0.000998 -0.072657
v -0.142678 0.000878 -0.072811
v -0.142424 0.000910 -0.072926
v -0.142236 0.001070 -0.073019
v -0.142132 0.001327 -0.073096
v -0.140965 0.000824 -0.071433
v -0.141121 0.001040 -0.071469
v -0.141262 0.001222 -0.071261
v -0.141434 0.001231 -0.071001
v -0.141626 0.001073 -0.070808
v -0.141765 0.000798 -0.070745
v -0.141801 0.000498 -0.070832
v -0.141721 0.000275 -0.071039
v -0.141553 0.000205 -0.071295
v -0.141361 0.000312 -0.071518
v -0.141208 0.000557 -0.071635
v -0.141045 0.000814 -0.071536
v -0.139525 0.000712 -0.071001
v -0.139791 0.000889 -0.070853
v -0.139972 0.000972 -0.070689
v -0.140025 0.000950 -0.070448
v -0.140055 0.000783 -0.070226
v -0.140076 0.000507 -0.070126
v -0.140082 0.000217 -0.070197
v -0.140069 0.000017 -0.070417
v -0.140044 -0.000027 -0.070703
v -0.140009 0.000080 -0.070947
v -0.139930 0.000262 -0.071073
v -0.139637 0.000437 -0.071081
v -0.135853 0.000724 -0.071056
v -0.135858 0.000910 -0.070868
v -0.135867 0.000973 -0.070619
v -0.135869 0.000907 -0.070375
v -0.135865 0.000728 -0.070194
v -0.135859 0.000477 -0.070124
v -0.135857 0.000222 -0.070191
v -0.135861 0.000037 -0.070379
v -0.135867 -0.000027 -0.070628
v -0.135869 0.000039 -0.070873
v -0.135864 0.000217 -0.071054
v -0.135855 0.000468 -0.071124
v -0.128702 0.000723 -0.071057
v -0.128702 0.000906 -0.070874
v -0.128702 0.000973 -0.070624
v -0.128702 0.000906 -0.070374
v -0.128702 0.000723 -0.070191
v -0.128702 0.000473 -0.070124
v -0.128702 0.000223 -0.070191
v -0.128702 0.000040 -0.070374
v -0.128702 -0.000027 -0.070624
v -0.128702 0.000040 -0.070874
v -0.128702 0.000223 -0.071057
v -0.128702 0.000473 -0.071124
v -0.119149 0.000723 -0.071057
v -0.119149 0.000906 -0.070874
v -0.119149 0.000973 -0.070624
v -0.119149 0.000906 -0.070374
v -0.119149 0.000723 -0.070191
v -0.119149 0.000473 -0.070124
v -0.119149 0.000223 -0.070191
v -0.119149 0.000040 -0.070374
v -0.119149 -0.000027 -0.070624
v -0.119149 0.000040 -0.070874
v -0.119149 0.000223 -0.071057
v -0.119149 0.000473 -0.071124
v -0.107847 0.000723 -0.071057
v -0.107847 0.000906 -0.070874
v -0.107847 0.000973 -0.070624
v -0.107847 0.000906 -0.070374
v -0.107847 0.000723 -0.070191
v -0.107847 0.000473 -0.070124
v -0.107847 0.000223 -0.070191
v -0.107847 0.000040 -0.070374
v -0.107847 -0.000027 -0.070624
v -0.107847 0.000040 -0.070874
v -0.107847 0.000223 -0.071057
v -0.107847 0.000473 -0.071124
v -0.095430 0.000723 -0.071057
v -0.095430 0.000906 -0.070874
v -0.095430 0.000973 -0.070624
v -0.095430 0.000906 -0.070374
v -0.095430 0.000723 -0.070191
v -0.095430 0.000473 -0.070124
v -0.095430 0.000223 -0.070191
v -0.095430 0.000040 -0.070374
v -0.095430 -0.000027 -0.070624
v -0.095430 0.000040 -0.070874
v -0.095430 0.000223 -0.071057
v -0.095430 0.000473 -0.071124
v -0.082535 0.000723 -0.071057
v -0.082535 0.000906 -0.070874
v -0.082535 0.000973 -0.070624
v -0.082535 0.000906 -0.070374
v -0.082535 0.000723 -0.070191
v -0.082535 0.000473 -0.070124
v -0.082535 0.000223 -0.070191
v -0.082535 0.000040 -0.070374
v -0.082535 -0.000027 -0.070624
v -0.082535 0.000040 -0.070874
v -0.082535 0.000223 -0.071057
v -0.082535 0.000473 -0.071124
v -0.069797 0.000723 -0.071057
v -0.069797 0.000906 -0.070874
v -0.069797 0.000973 -0.070624
v -0.069797 0.000906 -0.070374
v -0.069797 0.000723 -0.070191
v -0.069797 0.000473 -0.070124
v -0.069797 0.000223 -0.070191
v -0.069797 0.000040 -0.070374
v -0.069797 -0.000027 -0.070624
v -0.069797 0.000040 -0.070874
v -0.069797 0.000223 -0.071057
v -0.069797 0.000473 -0.071124
v -0.057850 0.000723 -0.071057
v -0.057850 0.000906 -0.070874
v -0.057850 0.000973 -0.070624
v -0.057850 0.000906 -0.070374
v -0.057850 0.000723 -0.070191
v -0.057850 0.000473 -0.070124
v -0.057850 0.000223 -0.070191
v -0.057850 0.000040 -0.070374
v -0.057850 -0.000027 -0.070624
v -0.057850 0.000040 -0.070874
v -0.057850 0.000223 -0.071057
v -0.057850 0.000473 -0.071124
v -0.047331 0.000723 -0.071057
v -0.047331 0.000906 -0.070874
v -0.047331 0.000973 -0.070624
v -0.047331 0.000906 -0.070374
v -0.047331 0.000723 -0.070191
v -0.047331 0.000473 -0.070124
v -0.047331 0.000223 -0.070191
v -0.047331 0.000040 -0.070374
v -0.047331 -0.000027 -0.070624
v -0.047331 0.000040 -0.070874
v -0.047331 0.000223 -0.071057
v -0.047331 0.000473 -0.071124
v -0.038873 0.000723 -0.071057
v -0.038873 0.000906 -0.070874
v -0.038873 0.000973 -0.070624
v -0.038873 0.000906 -0.070374
v -0.038873 0.000723 -0.070191
v -0.038873 0.000473 -0.070124
v -0.038873 0.000223 -0.070191
v -0.038873 0.000040 -0.070374
v -0.038873 -0.000027 -0.070624
v -0.038873 0.000040 -0.070874
v -0.038873 0.000223 -0.071057
v -0.038873 0.000473 -0.071124
v -0.033119 0.000724 -0.071056
v -0.033116 0.000907 -0.070872
v -0.033114 0.000973 -0.070624
v -0.033116 0.000907 -0.070375
v -0.033120 0.000725 -0.070192
v -0.033122 0.000473 -0.070124
v -0.033121 0.000222 -0.070192
v -0.033117 0.000039 -0.070376
v -0.033114 -0.000027 -0.070624
v -0.033115 0.000039 -0.070873
v -0.033119 0.000222 -0.071056
v -0.033120 0.000473 -0.071124
v -0.030638 0.000736 -0.071047
v -0.030659 0.000921 -0.070846
v -0.030687 0.000973 -0.070583
v -0.030710 0.000885 -0.070338
v -0.030719 0.000697 -0.070177
v -0.030719 0.000469 -0.070125
v -0.030720 0.000244 -0.070180
v -0.030714 0.000060 -0.070340
v -0.030694 -0.000027 -0.070582
v -0.030667 0.000023 -0.070843
v -0.030643 0.000206 -0.071045
v -0.030632 0.000470 -0.071121
v -0.029620 0.000716 -0.070842
v -0.029668 0.000899 -0.070657
v -0.029732 0.000959 -0.070411
v -0.029788 0.000886 -0.070173
v -0.029821 0.000705 -0.070001
v -0.029831 0.000459 -0.069937
v -0.029825 0.000214 -0.070002
v -0.029799 0.000032 -0.070176
v -0.029749 -0.000041 -0.070414
v -0.029685 0.000018 -0.070658
v -0.029630 0.000199 -0.070843
v -0.029606 0.000457 -0.070912
v -0.027757 0.000672 -0.070303
v -0.027808 0.000856 -0.070125
v -0.027880 0.000921 -0.069884
v -0.027953 0.000853 -0.069647
v -0.028009 0.000670 -0.069474
v -0.028033 0.000422 -0.069412
v -0.028019 0.000174 -0.069476
v -0.027971 -0.000009 -0.069649
v -0.027900 -0.000079 -0.069887
v -0.027826 -0.000015 -0.070127
v -0.027768 0.000167 -0.070304
v -0.027742 0.000419 -0.070369
v -0.025182 0.000613 -0.069488
v -0.025235 0.000797 -0.069312
v -0.025310 0.000864 -0.069073
v -0.025388 0.000797 -0.068836
v -0.025448 0.000614 -0.068663
v -0.025474 0.000365 -0.068601
v -0.025459 0.000116 -0.068665
v -0.025407 -0.000067 -0.068839
v -0.025332 -0.000136 -0.069077
v -0.025254 -0.000071 -0.069315
v -0.025193 0.000111 -0.069489
v -0.025167 0.000362 -0.069553
v -0.022070 0.000540 -0.068467
v -0.022123 0.000724 -0.068292
v -0.022201 0.000792 -0.068054
v -0.022280 0.000725 -0.067817
v -0.022342 0.000543 -0.067645
v -0.022368 0.000293 -0.067582
v -0.022353 0.000044 -0.067647
v -0.022300 -0.000140 -0.067821
v -0.022223 -0.000208 -0.068058
v -0.022143 -0.000143 -0.068295
v -0.022081 0.000040 -0.068469
v -0.022054 0.000290 -0.068532
v -0.018599 0.000458 -0.067309
v -0.018653 0.000642 -0.067135
v -0.018730 0.000710 -0.066897
v -0.018811 0.000644 -0.066661
v -0.018873 0.000461 -0.066488
v -0.018900 0.000212 -0.066425
v -0.018885 -0.000038 -0.066490
v -0.018831 -0.000222 -0.066664
v -0.018753 -0.000290 -0.066901
v -0.018672 -0.000224 -0.067138
v -0.018610 -0.000042 -0.067311
v -0.018583 0.000208 -0.067374
v -0.014947 0.000372 -0.066083
v -0.015001 0.000555 -0.065909
v -0.015079 0.000623 -0.065672
v -0.015160 0.000557 -0.065435
v -0.015223 0.000375 -0.065262
v -0.015250 0.000125 -0.065199
v -0.015234 -0.000125 -0.065264
v -0.015180 -0.000309 -0.065438
v -0.015102 -0.000377 -0.065675
v -0.015021 -0.000311 -0.065912
v -0.014958 -0.000128 -0.066085
v -0.014931 0.000121 -0.066147
v -0.011295 0.000285 -0.064857
v -0.011349 0.000468 -0.064683
v -0.011426 0.000536 -0.064446
v -0.011507 0.000471 -0.064209
v -0.011569 0.000288 -0.064036
v -0.011596 0.000038 -0.063973
v -0.011581 -0.000212 -0.064038
v -0.011527 -0.000396 -0.064212
v -0.011449 -0.000463 -0.064450
v -0.011368 -0.000397 -0.064686
v -0.011306 -0.000215 -0.064859
v -0.011279 0.000035 -0.064922
v -0.007821 0.000203 -0.063700
v -0.007874 0.000386 -0.063527
v -0.007951 0.000455 -0.063289
v -0.008031 0.000389 -0.063052
v -0.008093 0.000207 -0.062878
v -0.008119 -0.000043 -0.062815
v -0.008104 -0.000294 -0.062880
v -0.008050 -0.000478 -0.063055
v -0.007973 -0.000545 -0.063293
v -0.007894 -0.000479 -0.063530
v -0.007832 -0.000296 -0.063702
v -0.007806 -0.000047 -0.063765
v -0.004707 0.000130 -0.062682
v -0.004759 0.000314 -0.062508
v -0.004833 0.000383 -0.062270
v -0.004911 0.000317 -0.062032
v -0.004972 0.000135 -0.061858
v -0.004998 -0.000115 -0.061794
v -0.004983 -0.000367 -0.061859
v -0.004930 -0.000550 -0.062035
v -0.004855 -0.000617 -0.062274
v -0.004777 -0.000550 -0.062511
v -0.004718 -0.000368 -0.062684
v -0.004692 -0.000119 -0.062746
v -0.002135 0.000072 -0.061872
v -0.002183 0.000255 -0.061698
v -0.002252 0.000325 -0.061460
v -0.002327 0.000261 -0.061220
v -0.002384 0.000079 -0.061043
v -0.002410 -0.000173 -0.060978
v -0.002395 -0.000425 -0.061044
v -0.002345 -0.000609 -0.061222
v -0.002273 -0.000675 -0.061463
v -0.002200 -0.000606 -0.061701
v -0.002145 -0.000424 -0.061873
v -0.002121 -0.000176 -0.061936
v -0.000444 0.000053 -0.061372
v -0.000381 0.000222 -0.061169
v -0.000393 0.000287 -0.060933
v -0.000459 0.000232 -0.060695
v -0.000526 0.000052 -0.060511
v -0.000558 -0.000209 -0.060441
v -0.000539 -0.000472 -0.060512
v -0.000479 -0.000656 -0.060698
v -0.000408 -0.000713 -0.060938
v -0.000376 -0.000645 -0.061171
v -0.000423 -0.000475 -0.061365
v -0.000476 -0.000213 -0.061460
v -0.000156 0.000000 -0.061296
v 0.000219 0.000177 -0.061079
v 0.000539 0.000275 -0.060809
v 0.000774 0.000244 -0.060520
v 0.000924 0.000063 -0.060284
v 0.000984 -0.000223 -0.060188
v 0.000950 -0.000512 -0.060277
v 0.000823 -0.000697 -0.060511
v 0.000611 -0.000728 -0.060802
v 0.000314 -0.000622 -0.061069
v -0.000060 -0.000430 -0.061279
v -0.000314 -0.000209 -0.061384
vn -0.6370 0.3536 -0.6850
vn 0.0175 0.5127 -0.8584
vn -0.1284 0.0305 -0.9913
vn -0.6975 -0.0334 -0.7158
vn -0.5805 0.6896 -0.4330
vn 0.1558 0.8535 -0.4972
vn -0.5413 0.8406 -0.0168
vn 0.2536 0.9673 -0.0089
vn -0.5278 0.7354 0.4251
vn 0.2881 0.8291 0.4791
vn -0.5427 0.4046 0.7360
vn 0.2517 0.4759 0.8427
vn -0.5831 -0.0306 0.8118
vn 0.1524 -0.0037 0.9883
vn -0.6402 -0.4152 0.6463
vn 0.0131 -0.4866 0.8735
vn -0.7007 -0.6337 0.3278
vn -0.1326 -0.8425 0.5221
vn -0.7477 -0.6637 -0.0197
vn -0.2450 -0.9692 0.0256
vn -0.7650 -0.5581 -0.3215
vn -0.2869 -0.8295 -0.4791
vn -0.7456 -0.3510 -0.5664
vn -0.2423 -0.4627 -0.8528
vn 0.0119 0.5052 -0.8629
vn -0.2132 0.0506 -0.9757
vn 0.2335 0.8218 -0.5198
vn 0.3937 0.9183 -0.0409
vn 0.4520 0.7721 0.4467
vn 0.3941 0.4221 0.8164
vn 0.2343 -0.0411 0.9713
vn 0.0129 -0.4961 0.8682
vn -0.2121 -0.8204 0.5310
vn -0.3795 -0.9239 0.0485
vn -0.4415 -0.7771 -0.4486
vn -0.3801 -0.4196 -0.8243
vn 0.0031 0.5045 -0.8634
vn -0.2630 0.0702 -0.9622
vn 0.2690 0.8016 -0.5339
vn 0.4642 0.8835 -0.0636
vn 0.5376 0.7299 0.4222
vn 0.4705 0.3821 0.7954
vn 0.2802 -0.0684 0.9575
vn 0.0164 -0.5027 0.8643
vn -0.2511 -0.8042 0.5387
vn -0.4500 -0.8905 0.0666
vn -0.5257 -0.7370 -0.4248
vn -0.4570 -0.3848 -0.8019
vn -0.0072 0.5076 -0.8615
vn -0.2964 0.0866 -0.9511
vn 0.2849 0.7909 -0.5416
vn 0.5018 0.8615 -0.0780
vn 0.5863 0.7015 0.4051
vn 0.5163 0.3541 0.7797
vn 0.3105 -0.0886 0.9464
vn 0.0230 -0.5092 0.8603
vn -0.2697 -0.7951 0.5432
vn -0.4889 -0.8687 0.0790
vn -0.5752 -0.7092 -0.4076
vn -0.5046 -0.3592 -0.7851
vn -0.0193 0.5135 -0.8579
vn -0.3217 0.1006 -0.9415
vn 0.2894 0.7871 -0.5447
vn 0.5216 0.8488 -0.0866
vn 0.6156 0.6828 0.3935
vn 0.5468 0.3339 0.7678
vn 0.3337 -0.1050 0.9368
vn 0.0327 -0.5170 0.8553
vn -0.2760 -0.7921 0.5444
vn -0.5096 -0.8560 0.0865
vn -0.6051 -0.6908 -0.3957
vn -0.5364 -0.3405 -0.7723
vn -0.0340 0.5219 -0.8523
vn -0.3433 0.1134 -0.9324
vn 0.2856 0.7891 -0.5439
vn 0.5296 0.8434 -0.0905
vn 0.6330 0.6710 0.3860
vn 0.5686 0.3186 0.7584
vn 0.3538 -0.1196 0.9276
vn 0.0459 -0.5269 0.8487
vn -0.2731 -0.7946 0.5423
vn -0.5180 -0.8507 0.0898
vn -0.6228 -0.6795 -0.3878
vn -0.5589 -0.3266 -0.7622
vn -0.0529 0.5336 -0.8441
vn -0.3639 0.1260 -0.9229
vn 0.2737 0.7966 -0.5389
vn 0.5279 0.8445 -0.0898
vn 0.6416 0.6650 0.3822
vn 0.5850 0.3068 0.7508
vn 0.3735 -0.1340 0.9179
vn 0.0638 -0.5398 0.8393
vn -0.2616 -0.8026 0.5361
vn -0.5160 -0.8520 0.0888
vn -0.6311 -0.6742 -0.3835
vn -0.5756 -0.3163 -0.7540
vn -0.0784 0.5495 -0.8318
vn -0.3863 0.1393 -0.9118
vn 0.2521 0.8107 -0.5284
vn 0.5160 0.8525 -0.0835
vn 0.6423 0.6642 0.3824
vn 0.5978 0.2972 0.7445
vn 0.3952 -0.1497 0.9063
vn 0.0889 -0.5572 0.8256
vn -0.2396 -0.8171 0.5243
vn -0.5030 -0.8604 0.0823
vn -0.6309 -0.6747 -0.3830
vn -0.5884 -0.3090 -0.7472
vn -0.1152 0.5715 -0.8125
vn -0.4136 0.1545 -0.8973
vn 0.2161 0.8332 -0.5089
vn 0.4904 0.8688 -0.0688
vn 0.6337 0.6691 0.3883
vn 0.6083 0.2891 0.7392
vn 0.4223 -0.1684 0.8907
vn 0.1259 -0.5812 0.8039
vn -0.2020 -0.8404 0.5029
vn -0.4750 -0.8774 0.0674
vn -0.6203 -0.6819 -0.3877
vn -0.5983 -0.3045 -0.7412
vn -0.1723 0.6020 -0.7797
vn -0.4515 0.1728 -0.8754
vn 0.1558 0.8670 -0.4733
vn 0.4428 0.8958 -0.0392
vn 0.6113 0.6807 0.4037
vn 0.6173 0.2814 0.7347
vn 0.4611 -0.1930 0.8661
vn 0.1856 -0.6157 0.7658
vn -0.1364 -0.8760 0.4627
vn -0.4210 -0.9063 0.0366
vn -0.5932 -0.6978 -0.4016
vn -0.6053 -0.3034 -0.7359
vn -0.2800 0.6433 -0.7126
vn -0.5166 0.1923 -0.8344
vn 0.0378 0.9179 -0.3949
vn 0.3472 0.9373 0.0305
vn 0.5617 0.6985 0.4434
vn 0.6256 0.2720 0.7312
vn 0.5258 -0.2248 0.8204
vn 0.2911 -0.6610 0.6916
vn -0.0167 -0.9244 0.3811
vn -0.3179 -0.9476 -0.0304
vn -0.5345 -0.7237 -0.4366
vn -0.6084 -0.3081 -0.7314
vn -0.4115 0.6742 -0.6132
vn -0.5916 0.2124 -0.7777
vn -0.1160 0.9527 -0.2808
vn 0.2136 0.9685 0.1277
vn 0.4847 0.7186 0.4987
vn 0.6234 0.2756 0.7317
vn 0.5951 -0.2379 0.7676
vn 0.4111 -0.6861 0.6002
vn 0.1214 -0.9537 0.2751
vn -0.1984 -0.9724 -0.1231
vn -0.4657 -0.7361 -0.4912
vn -0.6102 -0.3040 -0.7316
vn -0.4663 0.6842 -0.5608
vn -0.6237 0.2279 -0.7477
vn -0.1843 0.9570 -0.2241
vn 0.1472 0.9740 0.1722
vn 0.4398 0.7303 0.5227
vn 0.6142 0.2905 0.7337
vn 0.6231 -0.2273 0.7484
vn 0.4644 -0.6839 0.5627
vn 0.1815 -0.9570 0.2264
vn -0.1497 -0.9739 -0.1706
vn -0.4410 -0.7299 -0.5223
vn -0.6145 -0.2899 -0.7338
vn -0.4688 0.6847 -0.5580
vn -0.6303 0.2278 -0.7422
vn -0.1816 0.9575 -0.2242
vn 0.1541 0.9734 0.1694
vn 0.4484 0.7289 0.5173
vn 0.6227 0.2898 0.7269
vn 0.6306 -0.2266 0.7423
vn 0.4701 -0.6827 0.5594
vn 0.1838 -0.9564 0.2268
vn -0.1520 -0.9742 -0.1669
vn -0.4472 -0.7305 -0.5161
vn -0.6224 -0.2904 -0.7268
vn -0.4840 0.6855 -0.5438
vn -0.6522 0.2283 -0.7229
vn -0.1859 0.9579 -0.2187
vn 0.1617 0.9730 0.1646
vn 0.4656 0.7280 0.5033
vn 0.6450 0.2891 0.7074
vn 0.6526 -0.2267 0.7230
vn 0.4863 -0.6822 0.5460
vn 0.1900 -0.9561 0.2231
vn -0.1576 -0.9744 -0.1601
vn -0.4633 -0.7311 -0.5009
vn -0.6446 -0.2907 -0.7072
vn -0.5070 0.6863 -0.5215
vn -0.6836 0.2288 -0.6931
vn -0.1942 0.9583 -0.2097
vn 0.1702 0.9727 0.1577
vn 0.4885 0.7272 0.4823
vn 0.6762 0.2883 0.6780
vn 0.6840 -0.2270 0.6933
vn 0.5099 -0.6821 0.5241
vn 0.1996 -0.9560 0.2151
vn -0.1647 -0.9745 -0.1522
vn -0.4853 -0.7313 -0.4792
vn -0.6756 -0.2906 -0.6776
vn -0.5334 0.6868 -0.4937
vn -0.7188 0.2294 -0.6562
vn -0.2046 0.9585 -0.1984
vn 0.1785 0.9725 0.1495
vn 0.5132 0.7266 0.4568
vn 0.7107 0.2876 0.6420
vn 0.7192 -0.2275 0.6565
vn 0.5365 -0.6824 0.4965
vn 0.2106 -0.9561 0.2039
vn -0.1722 -0.9745 -0.1438
vn -0.5096 -0.7312 -0.4535
vn -0.7101 -0.2903 -0.6415
vn -0.5597 0.6871 -0.4633
vn -0.7534 0.2298 -0.6161
vn -0.2154 0.9587 -0.1859
vn 0.1860 0.9724 0.1408
vn 0.5369 0.7263 0.4293
vn 0.7443 0.2871 0.6030
vn 0.7537 -0.2280 0.6163
vn 0.5628 -0.6828 0.4658
vn 0.2217 -0.9562 0.1910
vn -0.1794 -0.9744 -0.1354
vn -0.5332 -0.7308 -0.4262
vn -0.7437 -0.2898 -0.6024
vn -0.5836 0.6872 -0.4326
vn -0.7846 0.2301 -0.5757
vn -0.2256 0.9587 -0.1732
vn 0.1922 0.9724 0.1323
vn 0.5579 0.7262 0.4018
vn 0.7744 0.2868 0.5639
vn 0.7849 -0.2285 0.5760
vn 0.5866 -0.6833 0.4348
vn 0.2317 -0.9564 0.1776
vn -0.1858 -0.9743 -0.1276
vn -0.5543 -0.7304 -0.3991
vn -0.7739 -0.2894 -0.5634
vn -0.6042 0.6872 -0.4033
vn -0.8113 0.2303 -0.5373
vn -0.2347 0.9587 -0.1608
vn 0.1972 0.9724 0.1244
vn 0.5756 0.7262 0.3759
vn 0.8001 0.2867 0.5269
vn 0.8116 -0.2289 0.5375
vn 0.6070 -0.6837 0.4051
vn 0.2403 -0.9567 0.1645
vn -0.1913 -0.9741 -0.1205
vn -0.5723 -0.7300 -0.3736
vn -0.7996 -0.2890 -0.5264
vn -0.6215 0.6871 -0.3763
vn -0.8335 0.2303 -0.5022
vn -0.2424 0.9586 -0.1493
vn 0.2011 0.9725 0.1174
vn 0.5902 0.7263 0.3523
vn 0.8214 0.2866 0.4930
vn 0.8338 -0.2292 0.5023
vn 0.6240 -0.6840 0.3778
vn 0.2475 -0.9568 0.1524
vn -0.1958 -0.9740 -0.1142
vn -0.5871 -0.7297 -0.3505
vn -0.8209 -0.2887 -0.4927
vn -0.6357 0.6870 -0.3521
vn -0.8517 0.2303 -0.4708
vn -0.2489 0.9585 -0.1389
vn 0.2042 0.9726 0.1113
vn 0.6020 0.7265 0.3314
vn 0.8388 0.2867 0.4629
vn 0.8519 -0.2293 0.4709
vn 0.6378 -0.6843 0.3534
vn 0.2533 -0.9570 0.1414
vn -0.1994 -0.9739 -0.1087
vn -0.5993 -0.7294 -0.3299
vn -0.8383 -0.2885 -0.4626
vn -0.6472 0.6868 -0.3308
vn -0.8664 0.2302 -0.4431
vn -0.2542 0.9584 -0.1296
vn 0.2065 0.9727 0.1061
vn 0.6115 0.7267 0.3132
vn 0.8528 0.2868 0.4364
vn 0.8666 -0.2294 0.4432
vn 0.6491 -0.6845 0.3318
vn 0.2581 -0.9571 0.1316
vn -0.2024 -0.9738 -0.1040
vn -0.6091 -0.7292 -0.3119
vn -0.8524 -0.2884 -0.4362
vn -0.6562 0.6865 -0.3133
vn -0.8776 0.2301 -0.4205
vn -0.2587 0.9582 -0.1220
vn 0.2079 0.9728 0.1019
vn 0.6184 0.7270 0.2983
vn 0.8634 0.2870 0.4149
vn 0.8777 -0.2295 0.4206
vn 0.6576 -0.6848 0.3140
vn 0.2616 -0.9573 0.1234
vn -0.2048 -0.9736 -0.1004
vn -0.6166 -0.7289 -0.2975
vn -0.8631 -0.2882 -0.4147
vn -0.6626 0.6862 -0.3002
vn -0.8855 0.2299 -0.4039
vn -0.2620 0.9581 -0.1161
vn 0.2087 0.9729 0.0991
vn 0.6232 0.7273 0.2876
vn 0.8708 0.2872 0.3991
vn 0.8855 -0.2296 0.4039
vn 0.6636 -0.6850 0.3007
vn 0.2640 -0.9574 0.1170
vn -0.2064 -0.9735 -0.0981
vn -0.6218 -0.7287 -0.2870
vn -0.8705 -0.2881 -0.3990
vn -0.6673 0.6861 -0.2899
vn -0.8913 0.2299 -0.3907
vn -0.2643 0.9580 -0.1113
vn 0.2094 0.9730 0.0971
vn 0.6268 0.7274 0.2793
vn 0.8763 0.2873 0.3868
vn 0.8914 -0.2295 0.3908
vn 0.6682 -0.6850 0.2903
vn 0.2661 -0.9574 0.1121
vn -0.2074 -0.9735 -0.0962
vn -0.6256 -0.7286 -0.2788
vn -0.8761 -0.2881 -0.3867
vn -0.6713 0.6860 -0.2807
vn -0.8964 0.2298 -0.3791
vn -0.2662 0.9580 -0.1070
vn 0.2101 0.9730 0.0953
vn 0.6299 0.7275 0.2719
vn 0.8810 0.2874 0.3758
vn 0.8965 -0.2295 0.3791
vn 0.6721 -0.6850 0.2810
vn 0.2679 -0.9574 0.1077
vn -0.2083 -0.9735 -0.0945
vn -0.6288 -0.7286 -0.2715
vn -0.8808 -0.2881 -0.3757
vn -0.6749 0.6859 -0.2723
vn -0.9009 0.2297 -0.3683
vn -0.2679 0.9579 -0.1032
vn 0.2107 0.9731 0.0935
vn 0.6327 0.7276 0.2651
vn 0.8852 0.2875 0.3656
vn 0.9009 -0.2294 0.3684
vn 0.6756 -0.6850 0.2726
vn 0.2694 -0.9574 0.1038
vn -0.2091 -0.9735 -0.0928
vn -0.6317 -0.7286 -0.2647
vn -0.8851 -0.2881 -0.3656
vn -0.6781 0.6858 -0.2643
vn -0.9050 0.2296 -0.3581
vn -0.2694 0.9579 -0.0996
vn 0.2114 0.9731 0.0917
vn 0.6354 0.7277 0.2584
vn 0.8892 0.2876 0.3559
vn 0.9051 -0.2293 0.3581
vn 0.6789 -0.6850 0.2646
vn 0.2709 -0.9574 0.1002
vn -0.2098 -0.9735 -0.0911
vn -0.6344 -0.7286 -0.2580
vn -0.8890 -0.2882 -0.3558
vn -0.6812 0.6858 -0.2563
vn -0.9090 0.2296 -0.3478
vn -0.2707 0.9579 -0.0961
vn 0.2122 0.9731 0.0898
vn 0.6381 0.7277 0.2516
vn 0.8931 0.2877 0.3459
vn 0.9091 -0.2292 0.3478
vn 0.6820 -0.6849 0.2566
vn 0.2723 -0.9573 0.0967
vn -0.2105 -0.9735 -0.0892
vn -0.6371 -0.7287 -0.2512
vn -0.8929 -0.2883 -0.3459
vn -0.6844 0.6858 -0.2477
vn -0.9132 0.2295 -0.3366
vn -0.2720 0.9579 -0.0924
vn 0.2132 0.9731 0.0876
vn 0.6410 0.7277 0.2441
vn 0.8971 0.2878 0.3352
vn 0.9133 -0.2291 0.3367
vn 0.6853 -0.6847 0.2481
vn 0.2738 -0.9573 0.0931
vn -0.2113 -0.9736 -0.0869
vn -0.6399 -0.7288 -0.2437
vn -0.8969 -0.2884 -0.3351
vn -0.6879 0.6858 -0.2378
vn -0.9180 0.2295 -0.3235
vn -0.2732 0.9579 -0.0883
vn 0.2144 0.9731 0.0848
vn 0.6444 0.7277 0.2351
vn 0.9018 0.2878 0.3224
vn 0.9181 -0.2289 0.3235
vn 0.6890 -0.6845 0.2382
vn 0.2755 -0.9572 0.0891
vn -0.2121 -0.9736 -0.0840
vn -0.6430 -0.7290 -0.2346
vn -0.9016 -0.2886 -0.3224
vn -0.6921 0.6859 -0.2246
vn -0.9240 0.2294 -0.3060
vn -0.2745 0.9580 -0.0829
vn 0.2163 0.9730 0.0809
vn 0.6489 0.7275 0.2228
vn 0.9078 0.2878 0.3052
vn 0.9242 -0.2286 0.3060
vn 0.6938 -0.6841 0.2251
vn 0.2778 -0.9570 0.0840
vn -0.2130 -0.9738 -0.0798
vn -0.6470 -0.7294 -0.2223
vn -0.9074 -0.2888 -0.3052
vn -0.6982 0.6864 -0.2036
vn -0.9328 0.2295 -0.2780
vn -0.2759 0.9583 -0.0746
vn 0.2199 0.9727 0.0741
vn 0.6561 0.7270 0.2025
vn 0.9169 0.2877 0.2767
vn 0.9334 -0.2279 0.2772
vn 0.7012 -0.6831 0.2040
vn 0.2816 -0.9565 0.0762
vn -0.2140 -0.9741 -0.0725
vn -0.6528 -0.7301 -0.2021
vn -0.9161 -0.2894 -0.2774
vn -0.7087 0.6868 -0.1615
vn -0.9471 0.2289 -0.2249
vn -0.2766 0.9593 -0.0571
vn 0.2303 0.9715 0.0567
vn 0.6733 0.7238 0.1509
vn 0.9362 0.2863 0.2039
vn 0.9526 -0.2254 0.2042
vn 0.7184 -0.6789 0.1516
vn 0.2922 -0.9546 0.0578
vn -0.2144 -0.9751 -0.0560
vn -0.6630 -0.7311 -0.1607
vn -0.9304 -0.2896 -0.2245
vn -0.5205 0.4387 -0.7325
vn -0.6272 0.1323 -0.7675
vn -0.2560 0.6899 -0.6772
vn 0.1375 0.7727 -0.6197
vn 0.5383 0.6170 -0.5740
vn 0.7968 0.2523 -0.5490
vn 0.8115 -0.2004 -0.5489
vn 0.5771 -0.5812 -0.5737
vn 0.1871 -0.7625 -0.6193
vn -0.2112 -0.7053 -0.6767
vn -0.4916 -0.4714 -0.7322
vn -0.6176 -0.1722 -0.7674
vn -0.5644 0.3888 -0.7282
vn 0.2185 0.4787 -0.8504
vn 0.0732 0.0104 -0.9973
vn -0.6184 -0.0355 -0.7850
vn -0.5305 0.7279 -0.4345
vn 0.3088 0.8186 -0.4843
vn -0.5247 0.8513 0.0055
vn 0.3231 0.9464 0.0049
vn -0.5482 0.7130 0.4372
vn 0.2580 0.8304 0.4939
vn -0.5955 0.3726 0.7118
vn 0.1291 0.4971 0.8581
vn -0.6548 -0.0357 0.7550
vn -0.0330 0.0281 0.9991
vn -0.7105 -0.3764 0.5945
vn -0.1882 -0.4541 0.8708
vn -0.7475 -0.5819 0.3203
vn -0.2931 -0.8152 0.4996
vn -0.7546 -0.6561 0.0057
vn -0.3113 -0.9502 -0.0133
vn -0.7292 -0.6040 -0.3217
vn -0.2349 -0.8207 -0.5208
vn -0.6789 -0.3964 -0.6181
vn -0.0922 -0.4661 -0.8799
vn 0.3687 0.3986 -0.8398
vn 0.1181 -0.0230 -0.9927
vn 0.5235 0.7120 -0.4679
vn 0.5450 0.8381 0.0248
vn 0.4280 0.7446 0.5123
vn 0.2008 0.4534 0.8684
vn -0.0804 0.0380 0.9960
vn -0.3420 -0.3911 0.8545
vn -0.5104 -0.7152 0.4774
vn -0.5342 -0.8447 -0.0312
vn -0.4060 -0.7445 -0.5300
vn -0.1653 -0.4423 -0.8815
vn 0.4607 0.3205 -0.8276
vn 0.1497 -0.0574 -0.9871
vn 0.6511 0.6109 -0.4504
vn 0.6727 0.7385 0.0451
vn 0.5199 0.6700 0.5299
vn 0.2309 0.4218 0.8768
vn -0.1198 0.0580 0.9911
vn -0.4387 -0.3244 0.8381
vn -0.6372 -0.6209 0.4565
vn -0.6592 -0.7504 -0.0495
vn -0.4985 -0.6776 -0.5407
vn -0.2013 -0.4231 -0.8834
vn 0.5174 0.2580 -0.8160
vn 0.1748 -0.0901 -0.9805
vn 0.7240 0.5352 -0.4352
vn 0.7411 0.6687 0.0611
vn 0.5636 0.6230 0.5424
vn 0.2372 0.4092 0.8811
vn -0.1523 0.0831 0.9848
vn -0.5003 -0.2680 0.8233
vn -0.7115 -0.5489 0.4387
vn -0.7276 -0.6830 -0.0643
vn -0.5447 -0.6343 -0.5486
vn -0.2138 -0.4168 -0.8835
vn 0.5550 0.2093 -0.8051
vn 0.1980 -0.1229 -0.9725
vn 0.7661 0.4837 -0.4233
vn 0.7752 0.6276 0.0718
vn 0.5794 0.6023 0.5491
vn 0.2296 0.4137 0.8810
vn -0.1812 0.1115 0.9771
vn -0.5422 -0.2230 0.8101
vn -0.7551 -0.4994 0.4247
vn -0.7623 -0.6430 -0.0745
vn -0.5626 -0.6153 -0.5522
vn -0.2109 -0.4247 -0.8805
vn 0.5825 0.1705 -0.7947
vn 0.2221 -0.1583 -0.9621
vn 0.7896 0.4520 -0.4150
vn 0.7878 0.6111 0.0768
vn 0.5766 0.6047 0.5495
vn 0.2114 0.4338 0.8759
vn -0.2097 0.1438 0.9671
vn -0.5729 -0.1871 0.7980
vn -0.7797 -0.4694 0.4145
vn -0.7749 -0.6271 -0.0793
vn -0.5609 -0.6186 -0.5502
vn -0.1960 -0.4469 -0.8728
vn 0.6046 0.1383 -0.7844
vn 0.2501 -0.1988 -0.9476
vn 0.8002 0.4369 -0.4108
vn 0.7835 0.6169 0.0745
vn 0.5575 0.6292 0.5416
vn 0.1821 0.4697 0.8638
vn -0.2412 0.1812 0.9534
vn -0.5975 -0.1581 0.7862
vn -0.7905 -0.4564 0.4084
vn -0.7696 -0.6339 -0.0771
vn -0.5419 -0.6439 -0.5401
vn -0.1690 -0.4847 -0.8582
vn 0.6242 0.1103 -0.7734
vn 0.2856 -0.2471 -0.9260
vn 0.7992 0.4371 -0.4126
vn 0.7618 0.6449 0.0615
vn 0.5199 0.6767 0.5212
vn 0.1381 0.5232 0.8410
vn -0.2796 0.2258 0.9332
vn -0.6190 -0.1344 0.7738
vn -0.7888 -0.4597 0.4081
vn -0.7455 -0.6634 -0.0642
vn -0.5029 -0.6926 -0.5171
vn -0.1263 -0.5404 -0.8319
vn 0.6435 0.0849 -0.7607
vn 0.3343 -0.3057 -0.8915
vn 0.7848 0.4521 -0.4239
vn 0.7174 0.6960 0.0310
vn 0.4565 0.7490 0.4802
vn 0.0719 0.5961 0.7997
vn -0.3304 0.2789 0.9017
vn -0.6393 -0.1155 0.7603
vn -0.7719 -0.4797 0.4173
vn -0.6963 -0.7170 -0.0332
vn -0.4358 -0.7664 -0.4719
vn -0.0598 -0.6163 -0.7852
vn 0.6645 0.0617 -0.7447
vn 0.4050 -0.3732 -0.8347
vn 0.7519 0.4804 -0.4514
vn 0.6398 0.7680 -0.0298
vn 0.3540 0.8437 0.4036
vn -0.0292 0.6863 0.7267
vn -0.4020 0.3391 0.8505
vn -0.6593 -0.1018 0.7450
vn -0.7332 -0.5153 0.4437
vn -0.6099 -0.7919 0.0301
vn -0.3261 -0.8622 -0.3878
vn 0.0437 -0.7097 -0.7032
vn 0.6889 0.0421 -0.7236
vn 0.5070 -0.4353 -0.7440
vn 0.6917 0.5124 -0.5089
vn 0.5083 0.8481 -0.1495
vn 0.1840 0.9480 0.2597
vn -0.1893 0.7784 0.5986
vn -0.5041 0.3935 0.7688
vn -0.6771 -0.0940 0.7298
vn -0.6662 -0.5537 0.4996
vn -0.4775 -0.8670 0.1428
vn -0.1625 -0.9554 -0.2468
vn 0.1963 -0.7981 -0.5697
vn 0.7459 0.0397 -0.6649
vn 0.6352 -0.4577 -0.6221
vn 0.6596 0.5291 -0.5338
vn 0.3958 0.8805 -0.2607
vn 0.0242 0.9960 0.0863
vn -0.3537 0.8374 0.4168
vn -0.6320 0.4439 0.6352
vn -0.7344 -0.0707 0.6751
vn -0.6374 -0.5603 0.5289
vn -0.3714 -0.8960 0.2434
vn -0.0074 -0.9948 -0.1019
vn 0.3598 -0.8346 -0.4170
vn 0.8373 0.0461 -0.5448
vn 0.7467 -0.4534 -0.4867
vn 0.7084 0.5343 -0.4611
vn 0.3918 0.8834 -0.2572
vn -0.0306 0.9994 0.0145
vn -0.4468 0.8484 0.2838
vn -0.7437 0.4660 0.4794
vn -0.8373 -0.0475 0.5447
vn -0.6999 -0.5485 0.4576
vn -0.3721 -0.8957 0.2435
vn 0.0529 -0.9980 -0.0348
vn 0.4609 -0.8348 -0.3011
vn 0.9113 0.0469 -0.4091
vn 0.8136 -0.4539 -0.3634
vn 0.7698 0.5356 -0.3472
vn 0.4248 0.8844 -0.1935
vn -0.0351 0.9993 0.0120
vn -0.4881 0.8460 0.2145
vn -0.8107 0.4624 0.3590
vn -0.9127 -0.0481 0.4059
vn -0.7651 -0.5454 0.3424
vn -0.4097 -0.8931 0.1858
vn 0.0544 -0.9983 -0.0209
vn 0.5013 -0.8364 -0.2218
vn 0.9513 0.0475 -0.3047
vn 0.8488 -0.4548 -0.2697
vn 0.8026 0.5374 -0.2590
vn 0.4409 0.8858 -0.1447
vn -0.0396 0.9992 0.0085
vn -0.5113 0.8445 0.1595
vn -0.8461 0.4609 0.2676
vn -0.9517 -0.0483 0.3033
vn -0.7986 -0.5444 0.2567
vn -0.4294 -0.8921 0.1406
vn 0.0541 -0.9984 -0.0132
vn 0.5214 -0.8376 -0.1633
vn 0.9728 0.0480 -0.2268
vn 0.8676 -0.4553 -0.2001
vn 0.8200 0.5386 -0.1934
vn 0.4491 0.8868 -0.1085
vn -0.0426 0.9991 0.0054
vn -0.5241 0.8434 0.1181
vn -0.8654 0.4599 0.1990
vn -0.9729 -0.0486 0.2262
vn -0.8169 -0.5438 0.1923
vn -0.4405 -0.8914 0.1064
vn 0.0535 -0.9985 -0.0080
vn 0.5318 -0.8383 -0.1201
vn 0.9846 0.0483 -0.1682
vn 0.8778 -0.4557 -0.1477
vn 0.8296 0.5395 -0.1440
vn 0.4535 0.8875 -0.0814
vn -0.0445 0.9990 0.0030
vn -0.5315 0.8426 0.0867
vn -0.8761 0.4591 0.1471
vn -0.9846 -0.0488 0.1679
vn -0.8272 -0.5434 0.1434
vn -0.4469 -0.8910 0.0803
vn 0.0528 -0.9986 -0.0044
vn 0.5373 -0.8388 -0.0878
vn 0.9912 0.0486 -0.1233
vn 0.8835 -0.4559 -0.1076
vn 0.8349 0.5401 -0.1062
vn 0.4558 0.8880 -0.0607
vn -0.0457 0.9990 0.0011
vn -0.5357 0.8421 0.0626
vn -0.8822 0.4585 0.1073
vn -0.9912 -0.0489 0.1232
vn -0.8330 -0.5431 0.1059
vn -0.4507 -0.8907 0.0600
vn 0.0522 -0.9986 -0.0019
vn 0.5402 -0.8391 -0.0632
vn 0.9949 0.0488 -0.0884
vn 0.8867 -0.4560 -0.0765
vn 0.8378 0.5406 -0.0767
vn 0.4569 0.8884 -0.0445
vn -0.0466 0.9989 -0.0004
vn -0.5382 0.8417 0.0438
vn -0.8856 0.4581 0.0763
vn -0.9949 -0.0490 0.0883
vn -0.8363 -0.5429 0.0765
vn -0.4529 -0.8905 0.0442
vn 0.0516 -0.9987 -0.0000
vn 0.5418 -0.8394 -0.0442
vn 0.9970 0.0489 -0.0608
vn 0.8884 -0.4561 -0.0519
vn 0.8394 0.5409 -0.0534
vn 0.4574 0.8887 -0.0317
vn -0.0472 0.9989 -0.0016
vn -0.5397 0.8414 0.0290
vn -0.8876 0.4578 0.0519
vn -0.9969 -0.0491 0.0607
vn -0.8382 -0.5428 0.0533
vn -0.4543 -0.8903 0.0315
vn 0.0512 -0.9987 0.0013
vn 0.5425 -0.8395 -0.0292
vn 0.9980 0.0491 -0.0387
vn 0.8893 -0.4562 -0.0324
vn 0.8402 0.5412 -0.0347
vn 0.4576 0.8889 -0.0214
vn -0.0476 0.9989 -0.0024
vn -0.5405 0.8412 0.0173
vn -0.8886 0.4575 0.0323
vn -0.9980 -0.0492 0.0387
vn -0.8392 -0.5427 0.0347
vn -0.4551 -0.8902 0.0213
vn 0.0509 -0.9987 0.0023
vn 0.5428 -0.8397 -0.0174
vn 0.9986 0.0492 -0.0209
vn 0.8897 -0.4562 -0.0166
vn 0.8405 0.5414 -0.0196
vn 0.4576 0.8890 -0.0131
vn -0.0480 0.9988 -0.0031
vn -0.5410 0.8410 0.0078
vn -0.8891 0.4573 0.0165
vn -0.9986 -0.0492 0.0208
vn -0.8398 -0.5426 0.0196
vn -0.4556 -0.8901 0.0130
vn 0.0506 -0.9987 0.0030
vn 0.5429 -0.8398 -0.0078
vn 0.9988 0.0492 -0.0063
vn 0.8898 -0.4563 -0.0037
vn 0.8406 0.5416 -0.0072
vn 0.4575 0.8892 -0.0062
vn -0.0482 0.9988 -0.0035
vn -0.5413 0.8408 0.0001
vn -0.8894 0.4572 0.0037
vn -0.9988 -0.0493 0.0063
vn -0.8400 -0.5425 0.0072
vn -0.4559 -0.8900 0.0062
vn 0.0504 -0.9987 0.0035
vn 0.5428 -0.8398 -0.0001
vn 0.9988 0.0493 0.0033
vn 0.8897 -0.4565 0.0047
vn 0.8405 0.5419 0.0009
vn 0.4571 0.8894 -0.0017
vn -0.0488 0.9988 -0.0038
vn -0.5417 0.8406 -0.0049
vn -0.8895 0.4569 -0.0047
vn -0.9988 -0.0493 -0.0033
vn -0.8402 -0.5423 -0.0009
vn -0.4563 -0.8898 0.0017
vn 0.0498 -0.9988 0.0038
vn 0.5424 -0.8401 0.0049
vn 0.9988 0.0493 0.0067
vn 0.8896 -0.4567 0.0078
vn 0.8403 0.5421 0.0039
vn 0.4568 0.8896 -0.0000
vn -0.0492 0.9988 -0.0039
vn -0.5420 0.8403 -0.0067
vn -0.8896 0.4567 -0.0078
vn -0.9988 -0.0493 -0.0067
vn -0.8403 -0.5421 -0.0039
vn -0.4567 -0.8896 -0.0000
vn 0.0493 -0.9988 0.0039
vn 0.5421 -0.8403 0.0067
vn 0.9988 0.0493 0.0075
vn 0.8896 -0.4567 0.0084
vn 0.8403 0.5421 0.0045
vn 0.4567 0.8896 0.0003
vn -0.5420 0.8403 -0.0071
vn -0.8896 0.4567 -0.0084
vn -0.9988 -0.0493 -0.0075
vn -0.8403 -0.5421 -0.0045
vn -0.4567 -0.8896 -0.0003
vn 0.5421 -0.8403 0.0071
vn 0.9988 0.0493 0.0081
vn 0.8896 -0.4567 0.0090
vn 0.8403 0.5421 0.0050
vn 0.4567 0.8896 0.0006
vn -0.5420 0.8403 -0.0075
vn -0.8896 0.4567 -0.0090
vn -0.9988 -0.0493 -0.0081
vn -0.8403 -0.5421 -0.0050
vn -0.4567 -0.8896 -0.0006
vn 0.5421 -0.8403 0.0075
vn 0.9987 0.0493 0.0086
vn 0.8896 -0.4567 0.0094
vn 0.8403 0.5421 0.0055
vn 0.4567 0.8896 0.0009
vn -0.5420 0.8403 -0.0077
vn -0.8896 0.4567 -0.0094
vn -0.9987 -0.0493 -0.0086
vn -0.8403 -0.5421 -0.0055
vn -0.4567 -0.8896 -0.0009
vn 0.5421 -0.8403 0.0077
vn 0.9987 0.0493 0.0090
vn 0.8896 -0.4567 0.0098
vn 0.8403 0.5421 0.0059
vn 0.4567 0.8896 0.0011
vn -0.5420 0.8403 -0.0079
vn -0.8896 0.4567 -0.0098
vn -0.9987 -0.0493 -0.0090
vn -0.8403 -0.5421 -0.0059
vn -0.4567 -0.8896 -0.0011
vn 0.5421 -0.8403 0.0079
vn 0.9987 0.0493 0.0094
vn 0.8896 -0.4567 0.0101
vn 0.8403 0.5421 0.0062
vn 0.4567 0.8896 0.0013
vn -0.0493 0.9988 -0.0039
vn -0.5420 0.8403 -0.0081
vn -0.8896 0.4567 -0.0101
vn -0.9987 -0.0493 -0.0094
vn -0.8403 -0.5421 -0.0062
vn -0.4567 -0.8896 -0.0013
vn 0.5421 -0.8403 0.0081
vn 0.9987 0.0493 0.0096
vn 0.8896 -0.4567 0.0102
vn 0.8403 0.5421 0.0064
vn 0.4567 0.8896 0.0015
vn -0.0493 0.9988 -0.0038
vn -0.8896 0.4567 -0.0102
vn -0.9987 -0.0493 -0.0096
vn -0.8403 -0.5421 -0.0064
vn -0.4567 -0.8896 -0.0015
vn 0.0493 -0.9988 0.0038
vn 0.8403 0.5421 0.0065
vn 0.4567 0.8896 0.0016
vn -0.0493 0.9988 -0.0037
vn -0.8403 -0.5421 -0.0065
vn -0.4567 -0.8896 -0.0016
vn 0.0493 -0.9988 0.0037
vn 0.9987 0.0493 0.0095
vn 0.8896 -0.4567 0.0100
vn -0.0493 0.9988 -0.0036
vn -0.5421 0.8403 -0.0078
vn -0.8896 0.4567 -0.0100
vn -0.9987 -0.0493 -0.0095
vn 0.0493 -0.9988 0.0036
vn 0.5420 -0.8403 0.0078
vn 0.9987 0.0493 0.0089
vn 0.8896 -0.4567 0.0093
vn 0.8403 0.5422 0.0060
vn 0.4566 0.8897 0.0016
vn -0.0494 0.9988 -0.0033
vn -0.5421 0.8403 -0.0073
vn -0.8896 0.4567 -0.0093
vn -0.9987 -0.0493 -0.0089
vn -0.8403 -0.5420 -0.0060
vn -0.4568 -0.8896 -0.0016
vn 0.0492 -0.9988 0.0033
vn 0.5420 -0.8403 0.0073
vn 0.9988 0.0494 0.0068
vn 0.8896 -0.4567 0.0072
vn 0.8402 0.5423 0.0047
vn 0.4565 0.8897 0.0013
vn -0.0495 0.9988 -0.0025
vn -0.5422 0.8402 -0.0056
vn -0.8896 0.4566 -0.0071
vn -0.9988 -0.0492 -0.0068
vn -0.8404 -0.5419 -0.0047
vn -0.4569 -0.8895 -0.0013
vn 0.0490 -0.9988 0.0025
vn 0.5419 -0.8404 0.0056
vn 0.7532 0.0367 0.6567
vn 0.6709 -0.3441 0.6569
vn 0.6351 0.4084 0.6556
vn 0.3468 0.6724 0.6539
vn -0.0360 0.7574 0.6520
vn -0.4110 0.6388 0.6504
vn -0.6762 0.3475 0.6496
vn -0.7592 -0.0380 0.6498
vn -0.6374 -0.4125 0.6508
vn -0.3447 -0.6748 0.6526
vn 0.0387 -0.7551 0.6545
vn 0.4099 -0.6337 0.6560
vn -0.5853 0.3805 -0.7160
vn 0.1545 0.4914 -0.8571
vn 0.0170 0.0162 -0.9997
vn -0.6385 -0.0338 -0.7689
vn -0.5476 0.7164 -0.4323
vn 0.2523 0.8336 -0.4913
vn -0.5340 0.8455 -0.0000
vn 0.2877 0.9577 -0.0000
vn -0.5476 0.7164 0.4323
vn 0.2523 0.8336 0.4913
vn -0.5853 0.3805 0.7160
vn 0.1545 0.4914 0.8571
vn -0.6385 -0.0338 0.7689
vn 0.0170 0.0162 0.9997
vn -0.6942 -0.3860 0.6076
vn -0.1266 -0.4681 0.8745
vn -0.7371 -0.5942 0.3220
vn -0.2376 -0.8277 0.5084
vn -0.7533 -0.6576 -0.0000
vn -0.2799 -0.9600 -0.0000
vn -0.7371 -0.5942 -0.3220
vn -0.2376 -0.8277 -0.5084
vn -0.6942 -0.3860 -0.6076
vn -0.1266 -0.4681 -0.8745
vn 0.2444 0.4470 -0.8605
vn 0.0150 0.0061 -0.9999
vn 0.4098 0.7665 -0.4945
vn 0.4699 0.8827 -0.0000
vn 0.4098 0.7665 0.4945
vn 0.2444 0.4470 0.8605
vn 0.0150 0.0061 0.9999
vn -0.2190 -0.4396 0.8711
vn -0.3934 -0.7683 0.5049
vn -0.4580 -0.8890 -0.0000
vn -0.3934 -0.7683 -0.5049
vn -0.2190 -0.4397 -0.8711
vn 0.2930 0.4121 -0.8627
vn 0.0120 0.0007 -0.9999
vn 0.4971 0.7115 -0.4967
vn 0.5714 0.8207 -0.0000
vn 0.4971 0.7115 0.4967
vn 0.2930 0.4121 0.8627
vn 0.0120 0.0007 0.9999
vn -0.2716 -0.4134 0.8691
vn -0.4808 -0.7182 0.5030
vn -0.5577 -0.8300 -0.0000
vn -0.4808 -0.7182 -0.5030
vn -0.2716 -0.4134 -0.8691
vn 0.3191 0.3892 -0.8641
vn 0.0095 -0.0021 -1.0000
vn 0.5447 0.6746 -0.4981
vn 0.6271 0.7789 -0.0000
vn 0.5447 0.6746 0.4981
vn 0.3191 0.3892 0.8641
vn 0.0095 -0.0021 1.0000
vn -0.3015 -0.3950 0.8678
vn -0.5301 -0.6835 0.5018
vn -0.6140 -0.7893 -0.0000
vn -0.5301 -0.6835 -0.5018
vn -0.3015 -0.3950 -0.8678
vn 0.3322 0.3758 -0.8651
vn 0.0077 -0.0039 -1.0000
vn 0.5692 0.6534 -0.4991
vn 0.6559 0.7548 -0.0000
vn 0.5692 0.6534 0.4991
vn 0.3322 0.3758 0.8651
vn 0.0077 -0.0039 1.0000
vn -0.3174 -0.3844 0.8669
vn -0.5559 -0.6634 0.5008
vn -0.6433 -0.7656 -0.0000
vn -0.5559 -0.6634 -0.5008
vn -0.3174 -0.3844 -0.8669
vn 0.3363 0.3704 -0.8659
vn 0.0064 -0.0053 -1.0000
vn 0.5777 0.6453 -0.4999
vn 0.6660 0.7459 -0.0000
vn 0.5777 0.6453 0.4999
vn 0.3363 0.3704 0.8659
vn 0.0064 -0.0053 1.0000
vn -0.3235 -0.3811 0.8661
vn -0.5651 -0.6562 0.5001
vn -0.6535 -0.7569 -0.0000
vn -0.5651 -0.6562 -0.5001
vn -0.3235 -0.3811 -0.8661
vn 0.3324 0.3720 -0.8667
vn 0.0054 -0.0067 -1.0000
vn 0.5722 0.6496 -0.5006
vn 0.6600 0.7513 -0.0000
vn 0.5722 0.6496 0.5006
vn 0.3324 0.3720 0.8667
vn 0.0054 -0.0067 1.0000
vn -0.3211 -0.3849 0.8653
vn -0.5597 -0.6614 0.4993
vn -0.6470 -0.7625 -0.0000
vn -0.5597 -0.6614 -0.4993
vn -0.3211 -0.3849 -0.8653
vn 0.3197 0.3810 -0.8676
vn 0.0047 -0.0085 -1.0000
vn 0.5512 0.6668 -0.5015
vn 0.6361 0.7716 -0.0000
vn 0.5512 0.6668 0.5015
vn 0.3197 0.3810 0.8676
vn 0.0047 -0.0085 1.0000
vn -0.3091 -0.3967 0.8644
vn -0.5379 -0.6800 0.4983
vn -0.6214 -0.7835 -0.0000
vn -0.5379 -0.6800 -0.4983
vn -0.3091 -0.3967 -0.8644
vn 0.2944 0.3981 -0.8688
vn 0.0042 -0.0112 -0.9999
vn 0.5084 0.6991 -0.5027
vn 0.5871 0.8095 -0.0000
vn 0.5084 0.6991 0.5027
vn 0.2944 0.3981 0.8688
vn 0.0042 -0.0112 0.9999
vn -0.2835 -0.4182 0.8630
vn -0.4925 -0.7144 0.4970
vn -0.5687 -0.8225 -0.0000
vn -0.4925 -0.7144 -0.4970
vn -0.2835 -0.4182 -0.8630
vn 0.2485 0.4245 -0.8706
vn 0.0044 -0.0157 -0.9999
vn 0.4306 0.7485 -0.5044
vn 0.4980 0.8672 -0.0000
vn 0.4306 0.7485 0.5044
vn 0.2485 0.4245 0.8706
vn 0.0044 -0.0157 0.9999
vn -0.2346 -0.4518 0.8607
vn -0.4067 -0.7681 0.4946
vn -0.4691 -0.8831 -0.0000
vn -0.4067 -0.7681 -0.4946
vn -0.2346 -0.4518 -0.8607
vn 0.1595 0.4562 -0.8755
vn 0.0063 -0.0234 -0.9997
vn 0.2750 0.8147 -0.5105
vn 0.3182 0.9480 -0.0000
vn 0.2750 0.8147 0.5105
vn 0.1595 0.4562 0.8755
vn 0.0063 -0.0234 0.9997
vn -0.1429 -0.4939 0.8577
vn -0.2503 -0.8337 0.4922
vn -0.2892 -0.9573 -0.0000
vn -0.2503 -0.8337 -0.4922
vn -0.1429 -0.4939 -0.8577
vn 0.0468 0.4850 -0.8733
vn 0.0050 -0.0167 -0.9998
vn 0.0741 0.8584 -0.5076
vn 0.0830 0.9965 -0.0000
vn 0.0741 0.8584 0.5076
vn 0.0468 0.4850 0.8733
vn 0.0050 -0.0167 0.9998
vn -0.0400 -0.5101 0.8592
vn -0.0741 -0.8666 0.4934
vn -0.0867 -0.9962 -0.0000
vn -0.0741 -0.8666 -0.4934
vn -0.0400 -0.5101 -0.8592
vn -0.0077 0.5006 -0.8656
vn -0.0004 -0.0003 -1.0000
vn -0.0156 0.8664 -0.4991
vn -0.0192 0.9998 -0.0000
vn -0.0156 0.8664 0.4991
vn -0.0077 0.5006 0.8656
vn -0.0004 -0.0003 1.0000
vn 0.0037 -0.5009 0.8655
vn 0.0054 -0.8664 0.4992
vn 0.0057 -1.0000 -0.0000
vn 0.0054 -0.8664 -0.4992
vn 0.0037 -0.5009 -0.8655
vn -0.0056 0.5001 -0.8659
vn -0.0000 0.0002 -1.0000
vn -0.0097 0.8660 -0.4999
vn -0.0112 0.9999 -0.0000
vn -0.0097 0.8660 0.4999
vn -0.0056 0.5001 0.8659
vn -0.0000 0.0002 1.0000
vn 0.0056 -0.4998 0.8661
vn 0.0097 -0.8659 0.5001
vn 0.0112 -0.9999 -0.0000
vn 0.0097 -0.8659 -0.5001
vn 0.0056 -0.4998 -0.8661
vn -0.0034 0.5004 -0.8658
vn -0.0000 0.0005 -1.0000
vn -0.0059 0.8661 -0.4998
vn -0.0069 1.0000 -0.0000
vn -0.0059 0.8661 0.4998
vn -0.0034 0.5004 0.8658
vn -0.0000 0.0005 1.0000
vn 0.0034 -0.4996 0.8662
vn 0.0059 -0.8659 0.5002
vn 0.0069 -1.0000 -0.0000
vn 0.0059 -0.8659 -0.5002
vn 0.0034 -0.4996 -0.8662
vn 0.0002 0.5005 -0.8657
vn -0.0000 0.0007 -1.0000
vn 0.0004 0.8662 -0.4997
vn 0.0005 1.0000 -0.0000
vn 0.0004 0.8662 0.4997
vn 0.0002 0.5005 0.8657
vn -0.0000 0.0007 1.0000
vn -0.0002 -0.4995 0.8663
vn -0.0004 -0.8658 0.5003
vn -0.0005 -1.0000 -0.0000
vn -0.0004 -0.8658 -0.5003
vn -0.0002 -0.4995 -0.8663
vn 0.0054 0.5007 -0.8656
vn -0.0000 0.0010 -1.0000
vn 0.0093 0.8662 -0.4996
vn 0.0107 0.9999 -0.0000
vn 0.0093 0.8662 0.4996
vn 0.0054 0.5007 0.8656
vn -0.0000 0.0010 1.0000
vn -0.0053 -0.4992 0.8664
vn -0.0092 -0.8657 0.5004
vn -0.0107 -0.9999 -0.0000
vn -0.0092 -0.8657 -0.5004
vn -0.0053 -0.4992 -0.8664
vn 0.0122 0.5008 -0.8655
vn -0.0000 0.0013 -1.0000
vn 0.0211 0.8661 -0.4994
vn 0.0244 0.9997 -0.0000
vn 0.0211 0.8661 0.4994
vn 0.0122 0.5008 0.8655
vn -0.0000 0.0013 1.0000
vn -0.0121 -0.4989 0.8666
vn -0.0211 -0.8654 0.5006
vn -0.0243 -0.9997 -0.0000
vn -0.0211 -0.8654 -0.5006
vn -0.0121 -0.4989 -0.8666
vn 0.0214 0.5009 -0.8653
vn 0.0001 0.0017 -1.0000
vn 0.0371 0.8657 -0.4992
vn 0.0428 0.9991 -0.0000
vn 0.0371 0.8657 0.4992
vn 0.0214 0.5009 0.8653
vn 0.0001 0.0017 1.0000
vn -0.0213 -0.4982 0.8668
vn -0.0370 -0.8648 0.5008
vn -0.0427 -0.9991 -0.0000
vn -0.0370 -0.8648 -0.5008
vn -0.0213 -0.4982 -0.8668
vn 0.0343 0.5007 -0.8650
vn 0.0002 0.0025 -1.0000
vn 0.0592 0.8646 -0.4989
vn 0.0684 0.9977 -0.0000
vn 0.0592 0.8646 0.4989
vn 0.0343 0.5007 0.8650
vn 0.0002 0.0025 1.0000
vn -0.0340 -0.4970 0.8671
vn -0.0590 -0.8634 0.5011
vn -0.0681 -0.9977 -0.0000
vn -0.0590 -0.8634 -0.5011
vn -0.0340 -0.4970 -0.8671
vn 0.0531 0.5000 -0.8644
vn 0.0004 0.0037 -1.0000
vn 0.0916 0.8621 -0.4984
vn 0.1057 0.9944 -0.0000
vn 0.0916 0.8621 0.4984
vn 0.0531 0.5000 0.8644
vn 0.0004 0.0037 1.0000
vn -0.0523 -0.4945 0.8676
vn -0.0909 -0.8603 0.5016
vn -0.1050 -0.9945 -0.0000
vn -0.0909 -0.8603 -0.5016
vn -0.0523 -0.4945 -0.8676
vn 0.0831 0.4978 -0.8633
vn 0.0011 0.0059 -1.0000
vn 0.1432 0.8557 -0.4973
vn 0.1652 0.9863 -0.0000
vn 0.1432 0.8557 0.4973
vn 0.0831 0.4978 0.8633
vn 0.0011 0.0059 1.0000
vn -0.0806 -0.4890 0.8685
vn -0.1402 -0.8532 0.5024
vn -0.1619 -0.9868 -0.0000
vn -0.1402 -0.8532 -0.5024
vn -0.0806 -0.4890 -0.8685
vn 0.1444 0.4910 -0.8591
vn 0.0055 0.0100 -0.9999
vn 0.2489 0.8341 -0.4923
vn 0.2872 0.9579 -0.0000
vn 0.2489 0.8341 0.4923
vn 0.1444 0.4910 0.8591
vn 0.0055 0.0100 0.9999
vn -0.1139 -0.4865 0.8662
vn -0.1591 -0.8560 0.4919
vn -0.1595 -0.9872 -0.0000
vn -0.1591 -0.8560 -0.4919
vn -0.1139 -0.4865 -0.8662
vn 0.3026 0.4308 -0.8502
vn 0.0254 0.0358 -0.9990
vn 0.5035 0.7143 -0.4861
vn 0.5766 0.8170 -0.0000
vn 0.5035 0.7143 0.4861
vn 0.3026 0.4308 0.8502
vn 0.0254 0.0358 0.9990
vn -0.0587 -0.2596 0.9639
vn 0.8359 -0.5230 0.1665
vn 0.8136 -0.5814 -0.0000
vn 0.8359 -0.5230 -0.1665
vn -0.0587 -0.2596 -0.9639
vn 0.4562 0.2578 -0.8517
vn 0.0278 0.0190 -0.9994
vn 0.7595 0.4318 -0.4865
vn 0.8690 0.4948 -0.0000
vn 0.7595 0.4318 0.4865
vn 0.4562 0.2578 0.8517
vn 0.0278 0.0190 0.9994
vn -0.3169 0.0726 0.9457
vn -0.5585 0.8134 0.1625
vn -0.5979 0.8016 -0.0000
vn -0.5585 0.8134 -0.1625
vn -0.3169 0.0726 -0.9457
vn 0.4996 0.1111 -0.8591
vn 0.0129 0.0044 -0.9999
vn 0.8489 0.1912 -0.4927
vn 0.9754 0.2206 -0.0000
vn 0.8489 0.1912 0.4927
vn 0.4996 0.1111 0.8591
vn 0.0129 0.0044 0.9999
vn -0.4852 -0.0915 0.8696
vn -0.8547 -0.1405 0.4997
vn -0.9887 -0.1500 -0.0000
vn -0.8547 -0.1405 -0.4997
vn -0.4852 -0.0915 -0.8696
vn 0.5035 0.0433 -0.8629
vn 0.0068 0.0008 -1.0000
vn 0.8646 0.0748 -0.4968
vn 0.9963 0.0864 -0.0000
vn 0.8646 0.0748 0.4968
vn 0.5035 0.0433 0.8629
vn 0.0068 0.0008 1.0000
vn -0.4935 -0.0409 0.8688
vn -0.8616 -0.0705 0.5026
vn -0.9967 -0.0812 -0.0000
vn -0.8616 -0.0705 -0.5026
vn -0.4935 -0.0409 -0.8688
vn 0.5029 0.0097 -0.8643
vn 0.0039 0.0001 -1.0000
vn 0.8669 0.0169 -0.4983
vn 0.9998 0.0195 -0.0000
vn 0.8669 0.0169 0.4983
vn 0.5029 0.0097 0.8643
vn 0.0039 0.0001 1.0000
vn -0.4970 -0.0093 0.8677
vn -0.8649 -0.0161 0.5017
vn -0.9998 -0.0185 -0.0000
vn -0.8649 -0.0161 -0.5016
vn -0.4970 -0.0093 -0.8677
vn 0.5017 -0.0097 -0.8650
vn 0.0024 -0.0000 -1.0000
vn 0.8665 -0.0167 -0.4989
vn 0.9998 -0.0192 -0.0000
vn 0.8665 -0.0167 0.4989
vn 0.5017 -0.0097 0.8650
vn 0.0024 -0.0000 1.0000
vn -0.4981 0.0097 0.8671
vn -0.8653 0.0169 0.5010
vn -0.9998 0.0195 -0.0000
vn -0.8653 0.0169 -0.5010
vn -0.4981 0.0097 -0.8671
vn 0.5007 -0.0215 -0.8654
vn 0.0015 -0.0001 -1.0000
vn 0.8656 -0.0372 -0.4994
vn 0.9991 -0.0429 -0.0000
vn 0.8656 -0.0372 0.4994
vn 0.5007 -0.0215 0.8654
vn 0.0015 -0.0001 1.0000
vn -0.4984 0.0215 0.8667
vn -0.8649 0.0373 0.5006
vn -0.9991 0.0430 -0.0000
vn -0.8649 0.0373 -0.5006
vn -0.4984 0.0215 -0.8667
vn 0.4998 -0.0285 -0.8657
vn 0.0008 -0.0000 -1.0000
vn 0.8648 -0.0494 -0.4996
vn 0.9984 -0.0570 -0.0000
vn 0.8648 -0.0494 0.4996
vn 0.4998 -0.0285 0.8657
vn 0.0008 -0.0000 1.0000
vn -0.4986 0.0285 0.8664
vn -0.8644 0.0494 0.5004
vn -0.9984 0.0570 -0.0000
vn -0.8644 0.0494 -0.5004
vn -0.4986 0.0285 -0.8664
vn 0.4992 -0.0318 -0.8659
vn 0.0003 -0.0000 -1.0000
vn 0.8643 -0.0551 -0.4999
vn 0.9980 -0.0637 -0.0000
vn 0.8643 -0.0551 0.4999
vn 0.4992 -0.0318 0.8659
vn 0.0003 -0.0000 1.0000
vn -0.4988 0.0318 0.8661
vn -0.8642 0.0551 0.5001
vn -0.9980 0.0637 -0.0000
vn -0.8642 0.0551 -0.5001
vn -0.4988 0.0318 -0.8661
vn 0.4988 -0.0318 -0.8662
vn -0.0003 -0.0000 -1.0000
vn 0.8642 -0.0550 -0.5001
vn 0.9980 -0.0636 -0.0000
vn 0.8642 -0.0550 0.5001
vn 0.4988 -0.0318 0.8662
vn -0.0003 -0.0000 1.0000
vn -0.4992 0.0318 0.8659
vn -0.8643 0.0550 0.4999
vn -0.9980 0.0635 -0.0000
vn -0.8644 0.0550 -0.4999
vn -0.4992 0.0318 -0.8659
vn 0.4985 -0.0277 -0.8665
vn -0.0010 0.0001 -1.0000
vn 0.8644 -0.0481 -0.5004
vn 0.9985 -0.0556 -0.0000
vn 0.8644 -0.0481 0.5004
vn 0.4985 -0.0277 0.8665
vn -0.0010 0.0001 1.0000
vn -0.5000 0.0278 0.8656
vn -0.8650 0.0481 0.4995
vn -0.9985 0.0555 -0.0000
vn -0.8650 0.0481 -0.4995
vn -0.5000 0.0278 -0.8656
vn 0.4980 -0.0179 -0.8670
vn -0.0022 0.0001 -1.0000
vn 0.8649 -0.0312 -0.5010
vn 0.9994 -0.0360 -0.0000
vn 0.8649 -0.0312 0.5010
vn 0.4980 -0.0179 0.8670
vn -0.0022 0.0001 1.0000
vn -0.5014 0.0179 0.8651
vn -0.8660 0.0309 0.4990
vn -0.9994 0.0357 -0.0000
vn -0.8660 0.0309 -0.4990
vn -0.5014 0.0179 -0.8651
vn 0.3799 -0.6605 -0.6476
vn 0.0060 -0.6531 -0.7572
vn 0.6475 -0.6660 -0.3704
vn 0.7442 -0.6680 -0.0000
vn 0.6475 -0.6660 0.3704
vn 0.3799 -0.6605 0.6476
vn 0.0060 -0.6531 0.7572
vn -0.3773 -0.6458 0.6638
vn -0.6636 -0.6405 0.3865
vn -0.7696 -0.6385 -0.0000
vn -0.6636 -0.6405 -0.3865
vn -0.3773 -0.6458 -0.6638
vn -0.5135 0.4324 -0.7412
vn 0.3864 0.4654 -0.7963
vn 0.3568 -0.0172 -0.9340
vn -0.5237 -0.0154 -0.8518
vn -0.5364 0.7418 -0.4026
vn 0.3201 0.8304 -0.4561
vn -0.5870 0.8088 0.0353
vn 0.1734 0.9848 0.0037
vn -0.6516 0.6367 0.4124
vn -0.0184 0.8833 0.4685
vn -0.7114 0.3240 0.6237
vn -0.2066 0.5417 0.8148
vn -0.7498 -0.0155 0.6615
vn -0.3388 0.0430 0.9399
vn -0.7591 -0.3221 0.5656
vn -0.3729 -0.4739 0.7978
vn -0.7381 -0.5729 0.3565
vn -0.2970 -0.8536 0.4280
vn -0.6899 -0.7231 0.0354
vn -0.1371 -0.9890 -0.0559
vn -0.6259 -0.6940 -0.3559
vn 0.0588 -0.8545 -0.5161
vn -0.5646 -0.4393 -0.6987
vn 0.2383 -0.4979 -0.8339
vn 0.6904 0.3838 -0.6133
vn 0.6366 -0.0944 -0.7654
vn 0.5698 0.7638 -0.3030
vn 0.3032 0.9488 0.0887
vn -0.0456 0.8857 0.4619
vn -0.3877 0.5826 0.7143
vn -0.6270 0.1146 0.7706
vn -0.6884 -0.3893 0.6120
vn -0.5516 -0.7842 0.2843
vn -0.2614 -0.9579 -0.1190
vn 0.0949 -0.8688 -0.4860
vn 0.4212 -0.5511 -0.7203
vn 0.8612 0.2952 -0.4139
vn 0.7928 -0.1796 -0.5824
vn 0.7079 0.6930 -0.1361
vn 0.3700 0.9114 0.1803
vn -0.0686 0.8894 0.4520
vn -0.4928 0.6269 0.6034
vn -0.7844 0.1908 0.5901
vn -0.8585 -0.3000 0.4159
vn -0.6931 -0.7091 0.1298
vn -0.3370 -0.9222 -0.1896
vn 0.1075 -0.8836 -0.4557
vn 0.5193 -0.6102 -0.5983
vn 0.9368 0.2289 -0.2644
vn 0.8613 -0.2437 -0.4459
vn 0.7675 0.6409 -0.0116
vn 0.3958 0.8846 0.2467
vn -0.0829 0.8933 0.4417
vn -0.5415 0.6611 0.5194
vn -0.8541 0.2478 0.4572
vn -0.9333 -0.2348 0.2719
vn -0.7564 -0.6539 0.0145
vn -0.3735 -0.8948 -0.2446
vn 0.1087 -0.8935 -0.4358
vn 0.5597 -0.6541 -0.5088
vn 0.9676 0.1870 -0.1696
vn 0.8887 -0.2844 -0.3596
vn 0.7909 0.6082 0.0671
vn 0.4043 0.8681 0.2880
vn -0.0910 0.8963 0.4340
vn -0.5631 0.6832 0.4650
vn -0.8837 0.2843 0.3719
vn -0.9647 -0.1929 0.1795
vn -0.7836 -0.6184 -0.0596
vn -0.3905 -0.8768 -0.2807
vn 0.1069 -0.8992 -0.4244
vn 0.5746 -0.6817 -0.4529
vn 0.9796 0.1636 -0.1166
vn 0.8992 -0.3073 -0.3115
vn 0.7995 0.5903 0.1111
vn 0.4063 0.8592 0.3109
vn -0.0959 0.8980 0.4294
vn -0.5728 0.6952 0.4343
vn -0.8958 0.3044 0.3239
vn -0.9772 -0.1693 0.1278
vn -0.7950 -0.5981 -0.1010
vn -0.3986 -0.8664 -0.3009
vn 0.1046 -0.9023 -0.4182
vn 0.5793 -0.6974 -0.4219
vn 0.9830 0.1554 -0.0975
vn 0.9018 -0.3162 -0.2945
vn 0.8013 0.5846 0.1272
vn 0.4052 0.8565 0.3196
vn -0.0992 0.8983 0.4281
vn -0.5768 0.6985 0.4235
vn -0.8995 0.3108 0.3071
vn -0.9808 -0.1610 0.1100
vn -0.7989 -0.5904 -0.1149
vn -0.4026 -0.8623 -0.3073
vn 0.1020 -0.9038 -0.4157
vn 0.5794 -0.7038 -0.4110
vn 0.9802 0.1626 -0.1129
vn 0.8987 -0.3109 -0.3091
vn 0.7979 0.5916 0.1155
vn 0.4014 0.8602 0.3144
vn -0.1021 0.8966 0.4308
vn -0.5770 0.6920 0.4338
vn -0.8969 0.3021 0.3230
vn -0.9773 -0.1687 0.1280
vn -0.7972 -0.5954 -0.0994
vn -0.4039 -0.8646 -0.2987
vn 0.0985 -0.9038 -0.4164
vn 0.5757 -0.7014 -0.4203
vn 0.9663 0.1901 -0.1733
vn 0.8854 -0.2872 -0.3654
vn 0.7853 0.6155 0.0667
vn 0.3920 0.8727 0.2909
vn -0.1050 0.8917 0.4402
vn -0.5703 0.6701 0.4751
vn -0.8815 0.2708 0.3868
vn -0.9595 -0.1996 0.1987
vn -0.7848 -0.6185 -0.0403
vn -0.4011 -0.8762 -0.2673
vn 0.0926 -0.9025 -0.4206
vn 0.5647 -0.6874 -0.4567
vn 0.9363 0.2294 -0.2659
vn 0.8567 -0.2409 -0.4562
vn 0.7572 0.6527 -0.0256
vn 0.3688 0.8982 0.2394
vn -0.1058 0.8787 0.4654
vn -0.5354 0.6158 0.5781
vn -0.8165 0.1937 0.5439
vn -0.8863 -0.2756 0.3722
vn -0.7296 -0.6757 0.1059
vn -0.3806 -0.9054 -0.1882
vn 0.0807 -0.9001 -0.4281
vn 0.5381 -0.6549 -0.5306
vn 0.5736 0.4475 -0.6861
vn 0.5424 -0.1441 -0.8277
vn 0.4939 0.8247 -0.2754
vn 0.2410 0.9596 0.1449
vn -0.0838 0.8522 0.5165
vn -0.3802 0.5271 0.7600
vn -0.5762 0.0691 0.8144
vn -0.6252 -0.4066 0.6661
vn -0.5154 -0.7812 0.3524
vn -0.2730 -0.9608 -0.0485
vn 0.0441 -0.8994 -0.4349
vn 0.3557 -0.6093 -0.7087
vn 0.0327 0.4954 -0.8681
vn 0.0585 0.0059 -0.9983
vn 0.0963 0.8654 -0.4918
vn 0.0758 0.9965 0.0344
vn -0.0215 0.8494 0.5273
vn -0.1215 0.4815 0.8680
vn -0.1888 -0.0052 0.9820
vn -0.2056 -0.4884 0.8481
vn -0.1679 -0.8492 0.5006
vn -0.0849 -0.9961 0.0231
vn 0.0195 -0.8831 -0.4687
vn 0.0998 -0.5211 -0.8476
vn -0.0072 0.4995 -0.8663
vn -0.0061 0.0022 -1.0000
vn -0.0049 0.8646 -0.5024
vn -0.0016 1.0000 -0.0021
vn -0.0005 0.8658 0.5004
vn -0.0023 0.4980 0.8672
vn -0.0048 -0.0017 1.0000
vn -0.0056 -0.4996 0.8662
vn -0.0039 -0.8649 0.5019
vn -0.0013 -1.0000 0.0018
vn -0.0005 -0.8657 -0.5005
vn -0.0028 -0.4977 -0.8674
vn -0.0000 0.5000 -0.8660
vn -0.0000 -0.0000 -1.0000
vn -0.0000 0.8660 -0.5000
vn -0.0000 1.0000 -0.0000
vn -0.0000 0.8660 0.5000
vn -0.0000 0.5000 0.8660
vn -0.0000 -0.0000 1.0000
vn -0.0000 -0.5000 0.8660
vn -0.0000 -0.8660 0.5000
vn -0.0000 -1.0000 -0.0000
vn -0.0000 -0.8660 -0.5000
vn -0.0000 -0.5000 -0.8660
vn 0.0022 0.4995 -0.8663
vn 0.0026 0.0001 -1.0000
vn 0.0010 0.8657 -0.5006
vn 0.0002 1.0000 -0.0001
vn 0.0008 0.8657 0.5006
vn 0.0023 0.4993 0.8664
vn 0.0033 -0.0001 1.0000
vn 0.0027 -0.4994 0.8664
vn 0.0012 -0.8656 0.5007
vn 0.0002 -1.0000 0.0001
vn 0.0007 -0.8657 -0.5005
vn 0.0019 -0.4994 -0.8664
vn 0.0898 0.4945 -0.8645
vn 0.0993 0.0006 -0.9951
vn 0.0569 0.8597 -0.5077
vn 0.0086 0.9998 -0.0160
vn -0.0440 0.8745 0.4830
vn -0.0878 0.5106 0.8553
vn -0.1083 0.0020 0.9941
vn -0.0962 -0.5079 0.8560
vn -0.0573 -0.8738 0.4830
vn -0.0057 -0.9998 -0.0173
vn 0.0450 -0.8593 -0.5095
vn 0.0830 -0.4935 -0.8658
vn 0.2131 0.4953 -0.8422
vn 0.2358 -0.0014 -0.9718
vn 0.1343 0.8618 -0.4892
vn 0.0181 0.9998 -0.0046
vn -0.1066 0.8695 0.4823
vn -0.2066 0.5039 0.8387
vn -0.2513 0.0025 0.9679
vn -0.2251 -0.4995 0.8366
vn -0.1373 -0.8670 0.4790
vn -0.0160 -0.9998 -0.0085
vn 0.1056 -0.8636 -0.4930
vn 0.1968 -0.4979 -0.8446
vn 0.2618 0.4965 -0.8276
vn 0.2903 -0.0029 -0.9569
vn 0.1634 0.8635 -0.4772
vn 0.0211 0.9998 0.0012
vn -0.1273 0.8682 0.4796
vn -0.2418 0.5034 0.8295
vn -0.2914 0.0032 0.9566
vn -0.2625 -0.4979 0.8266
vn -0.1630 -0.8650 0.4745
vn -0.0200 -0.9998 -0.0049
vn 0.1279 -0.8665 -0.4826
vn 0.2414 -0.5015 -0.8308
vn 0.2765 0.4966 -0.8228
vn 0.3067 -0.0033 -0.9518
vn 0.1723 0.8638 -0.4735
vn 0.0219 0.9998 0.0026
vn -0.1344 0.8679 0.4782
vn -0.2548 0.5032 0.8257
vn -0.3068 0.0035 0.9518
vn -0.2765 -0.4972 0.8224
vn -0.1720 -0.8645 0.4724
vn -0.0214 -0.9998 -0.0042
vn 0.1348 -0.8671 -0.4795
vn 0.2549 -0.5024 -0.8262
vn 0.2830 0.4966 -0.8205
vn 0.3140 -0.0035 -0.9494
vn 0.1763 0.8638 -0.4719
vn 0.0223 0.9997 0.0032
vn -0.1377 0.8678 0.4775
vn -0.2608 0.5032 0.8239
vn -0.3140 0.0036 0.9494
vn -0.2830 -0.4969 0.8203
vn -0.1761 -0.8642 0.4713
vn -0.0221 -0.9997 -0.0040
vn 0.1379 -0.8674 -0.4781
vn 0.2609 -0.5028 -0.8241
vn 0.2860 0.4966 -0.8195
vn 0.3173 -0.0036 -0.9483
vn 0.1781 0.8639 -0.4711
vn 0.0225 0.9997 0.0035
vn -0.1392 0.8677 0.4772
vn -0.2636 0.5031 0.8230
vn -0.3173 0.0037 0.9483
vn -0.2860 -0.4968 0.8194
vn -0.1780 -0.8640 0.4709
vn -0.0224 -0.9997 -0.0038
vn 0.1393 -0.8676 -0.4774
vn 0.2636 -0.5030 -0.8231
vn 0.2868 0.4967 -0.8192
vn 0.3182 -0.0037 -0.9480
vn 0.1786 0.8640 -0.4708
vn 0.0225 0.9997 0.0037
vn -0.1396 0.8676 0.4772
vn -0.2643 0.5030 0.8228
vn -0.3182 0.0037 0.9480
vn -0.2868 -0.4967 0.8192
vn -0.1786 -0.8640 0.4708
vn -0.0225 -0.9997 -0.0037
vn 0.1396 -0.8676 -0.4772
vn 0.2643 -0.5031 -0.8228
vn 0.2857 0.4968 -0.8195
vn 0.3170 -0.0037 -0.9484
vn 0.1779 0.8641 -0.4709
vn 0.0223 0.9997 0.0038
vn -0.1392 0.8675 0.4775
vn -0.2634 0.5029 0.8232
vn -0.3170 0.0036 0.9484
vn -0.2858 -0.4966 0.8196
vn -0.1780 -0.8639 0.4712
vn -0.0225 -0.9997 -0.0035
vn 0.1391 -0.8677 -0.4772
vn 0.2633 -0.5031 -0.8231
vn 0.2824 0.4970 -0.8205
vn 0.3134 -0.0036 -0.9496
vn 0.1758 0.8642 -0.4714
vn 0.0220 0.9997 0.0040
vn -0.1376 0.8674 0.4782
vn -0.2604 0.5027 0.8243
vn -0.3134 0.0035 0.9496
vn -0.2825 -0.4966 0.8207
vn -0.1760 -0.8638 0.4720
vn -0.0223 -0.9997 -0.0031
vn 0.1374 -0.8678 -0.4776
vn 0.2603 -0.5032 -0.8241
vn 0.2755 0.4973 -0.8227
vn 0.3057 -0.0034 -0.9521
vn 0.1714 0.8645 -0.4725
vn 0.0213 0.9998 0.0042
vn -0.1344 0.8671 0.4797
vn -0.2540 0.5024 0.8265
vn -0.3057 0.0033 0.9521
vn -0.2756 -0.4966 0.8231
vn -0.1717 -0.8638 0.4737
vn -0.0219 -0.9998 -0.0025
vn 0.1339 -0.8679 -0.4783
vn 0.2539 -0.5032 -0.8260
vn 0.2609 0.4979 -0.8270
vn 0.2897 -0.0032 -0.9571
vn 0.1621 0.8651 -0.4747
vn 0.0199 0.9998 0.0049
vn -0.1272 0.8664 0.4829
vn -0.2399 0.5014 0.8313
vn -0.2885 0.0028 0.9575
vn -0.2602 -0.4965 0.8281
vn -0.1624 -0.8634 0.4776
vn -0.0210 -0.9998 -0.0011
vn 0.1265 -0.8682 -0.4798
vn 0.2404 -0.5034 -0.8300
vn 0.2745 0.4914 -0.8265
vn 0.3158 -0.0022 -0.9488
vn 0.1525 0.8638 -0.4803
vn 0.0177 0.9998 0.0084
vn -0.1012 0.8625 0.4958
vn -0.1861 0.4960 0.8481
vn -0.2217 0.0009 0.9751
vn -0.2010 -0.4941 0.8459
vn -0.1281 -0.8607 0.4926
vn -0.0166 -0.9998 0.0054
vn 0.1157 -0.8675 -0.4838
vn 0.2463 -0.4972 -0.8319
vn 0.8179 0.2409 -0.5225
vn 0.8462 0.0089 -0.5328
vn 0.7375 0.5456 -0.3981
vn 0.6578 0.7509 -0.0586
vn 0.5949 0.7163 0.3647
vn 0.5531 0.4372 0.7091
vn 0.5362 0.0029 0.8441
vn 0.5460 -0.4349 0.7161
vn 0.5814 -0.7227 0.3737
vn 0.6390 -0.7673 -0.0542
vn 0.7147 -0.5679 -0.4083
vn 0.7987 -0.2443 -0.5499
vn -0.7734 -0.3930 0.4973
vn -0.6958 -0.0822 0.7135
vn 0.1398 0.0238 0.9899
vn -0.0030 -0.4641 0.8858
vn -0.8368 -0.5087 0.2023
vn -0.1450 -0.8322 0.5351
vn -0.8768 -0.4787 -0.0454
vn -0.2495 -0.9678 0.0326
vn -0.8899 -0.3958 -0.2269
vn -0.2873 -0.8294 -0.4791
vn -0.8755 -0.2819 -0.3926
vn -0.2475 -0.4557 -0.8550
vn -0.8342 -0.0808 -0.5456
vn -0.1416 0.0472 -0.9888
vn -0.7696 0.2361 -0.5933
vn 0.0013 0.5348 -0.8450
vn -0.6913 0.5813 -0.4293
vn 0.1439 0.8685 -0.4743
vn -0.6144 0.7875 -0.0473
vn 0.2506 0.9680 0.0082
vn -0.5760 0.7070 0.4103
vn 0.2900 0.8286 0.4788
vn -0.6186 0.3485 0.7042
vn 0.2480 0.4912 0.8350
vn 0.2230 -0.0229 0.9745
vn 0.0028 -0.4777 0.8785
vn -0.2225 -0.8082 0.5452
vn -0.3912 -0.9184 0.0592
vn -0.4541 -0.7717 -0.4452
vn -0.3921 -0.4079 -0.8245
vn -0.2239 0.0685 -0.9722
vn 0.0016 0.5231 -0.8523
vn 0.2224 0.8337 -0.5055
vn 0.3814 0.9239 -0.0299
vn 0.4391 0.7774 0.4504
vn 0.3815 0.4338 0.8162
vn 0.2703 -0.0550 0.9612
vn 0.0078 -0.4890 0.8722
vn -0.2603 -0.7941 0.5493
vn -0.4611 -0.8841 0.0755
vn -0.5380 -0.7308 -0.4202
vn -0.4686 -0.3751 -0.7998
vn -0.2727 0.0834 -0.9585
vn -0.0056 0.5179 -0.8554
vn 0.2595 0.8116 -0.5234
vn 0.4528 0.8900 -0.0546
vn 0.5250 0.7362 0.4270
vn 0.4586 0.3918 0.7976
vn 0.3011 -0.0780 0.9504
vn 0.0148 -0.4982 0.8669
vn -0.2782 -0.7862 0.5518
vn -0.4990 -0.8622 0.0869
vn -0.5863 -0.7031 -0.4024
vn -0.5154 -0.3511 -0.7817
vn -0.3057 0.0971 -0.9472
vn -0.0155 0.5185 -0.8549
vn 0.2762 0.7998 -0.5329
vn 0.4916 0.8680 -0.0699
vn 0.5750 0.7077 0.4106
vn 0.5054 0.3623 0.7831
vn 0.3243 -0.0962 0.9410
vn 0.0244 -0.5076 0.8613
vn -0.2842 -0.7839 0.5521
vn -0.5189 -0.8496 0.0942
vn -0.6155 -0.6850 -0.3897
vn -0.5467 -0.3335 -0.7680
vn -0.3311 0.1093 -0.9372
vn -0.0276 0.5228 -0.8520
vn 0.2811 0.7954 -0.5370
vn 0.5122 0.8552 -0.0789
vn 0.6052 0.6885 0.3996
vn 0.5364 0.3408 0.7721
vn 0.3439 -0.1124 0.9323
vn 0.0371 -0.5186 0.8542
vn -0.2814 -0.7867 0.5495
vn -0.5269 -0.8443 0.0978
vn -0.6327 -0.6742 -0.3808
vn -0.5694 -0.3208 -0.7569
vn -0.3532 0.1206 -0.9277
vn -0.0428 0.5302 -0.8468
vn 0.2772 0.7969 -0.5367
vn 0.5207 0.8498 -0.0825
vn 0.6230 0.6763 0.3931
vn 0.5581 0.3243 0.7638
vn 0.3625 -0.1284 0.9231
vn 0.0541 -0.5324 0.8448
vn -0.2702 -0.7948 0.5434
vn -0.5247 -0.8457 0.0976
vn -0.6411 -0.6696 -0.3750
vn -0.5867 -0.3120 -0.7473
vn -0.3750 0.1316 -0.9177
vn -0.0627 0.5410 -0.8387
vn 0.2649 0.8044 -0.5318
vn 0.5191 0.8509 -0.0810
vn 0.6316 0.6695 0.3909
vn 0.5738 0.3109 0.7577
vn 0.3822 -0.1463 0.9124
vn 0.0773 -0.5508 0.8310
vn -0.2491 -0.8093 0.5319
vn -0.5118 -0.8541 0.0928
vn -0.6411 -0.6714 -0.3718
vn -0.6007 -0.3071 -0.7382
vn -0.3992 0.1427 -0.9057
vn -0.0901 0.5558 -0.8264
vn 0.2424 0.8185 -0.5208
vn 0.5070 0.8588 -0.0731
vn 0.6320 0.6675 0.3937
vn 0.5855 0.2990 0.7536
vn 0.4058 -0.1691 0.8982
vn 0.1110 -0.5765 0.8095
vn -0.2133 -0.8322 0.5117
vn -0.4841 -0.8712 0.0813
vn -0.6308 -0.6810 -0.3719
vn -0.6125 -0.3070 -0.7284
vn -0.4300 0.1537 -0.8896
vn -0.1303 0.5760 -0.8070
vn 0.2046 0.8413 -0.5003
vn 0.4811 0.8749 -0.0549
vn 0.6229 0.6697 0.4043
vn 0.5939 0.2862 0.7519
vn 0.4377 -0.2047 0.8755
vn 0.1629 -0.6156 0.7711
vn -0.1519 -0.8670 0.4745
vn -0.4300 -0.9009 0.0591
vn -0.6030 -0.7039 -0.3754
vn -0.6220 -0.3165 -0.7161
vn -0.4740 0.1637 -0.8652
vn -0.1943 0.6037 -0.7732
vn 0.1395 0.8761 -0.4615
vn 0.4320 0.9017 -0.0185
vn 0.6001 0.6755 0.4284
vn 0.5999 0.2674 0.7541
vn 0.4978 -0.2477 0.8312
vn 0.2616 -0.6685 0.6962
vn -0.0359 -0.9177 0.3956
vn -0.3262 -0.9453 0.0001
vn -0.5429 -0.7372 -0.4022
vn -0.6257 -0.3292 -0.7072
vn -0.5412 0.1786 -0.8217
vn -0.3049 0.6424 -0.7031
vn 0.0177 0.9246 -0.3805
vn 0.3328 0.9415 0.0532
vn 0.5490 0.6903 0.4712
vn 0.6070 0.2500 0.7544
vn 0.5792 -0.2591 0.7729
vn 0.3945 -0.6959 0.6001
vn 0.1129 -0.9528 0.2819
vn -0.1988 -0.9745 -0.1037
vn -0.4666 -0.7507 -0.4676
vn -0.6181 -0.3250 -0.7157
vn -0.6048 0.1969 -0.7717
vn -0.4238 0.6691 -0.6106
vn -0.1235 0.9537 -0.2741
vn 0.2102 0.9674 0.1415
vn 0.4813 0.7080 0.5168
vn 0.6145 0.2550 0.7466
vn 0.6212 -0.2395 0.7462
vn 0.4622 -0.6885 0.5589
vn 0.1833 -0.9566 0.2266
vn -0.1436 -0.9758 -0.1647
vn -0.4343 -0.7394 -0.5144
vn -0.6116 -0.3051 -0.7300
vn -0.6252 0.2147 -0.7504
vn -0.4679 0.6789 -0.5659
vn -0.1813 0.9574 -0.2249
vn 0.1549 0.9718 0.1779
vn 0.4473 0.7202 0.5304
vn 0.6170 0.2755 0.7372
vn 0.6309 -0.2247 0.7426
vn 0.4719 -0.6799 0.5613
vn 0.1866 -0.9552 0.2298
vn -0.1497 -0.9750 -0.1642
vn -0.4462 -0.7320 -0.5148
vn -0.6225 -0.2910 -0.7265
vn -0.6303 0.2289 -0.7418
vn -0.4676 0.6868 -0.5565
vn -0.1789 0.9587 -0.2212
vn 0.1570 0.9724 0.1726
vn 0.4499 0.7268 0.5191
vn 0.6228 0.2891 0.7270
vn 0.6529 -0.2246 0.7234
vn 0.4890 -0.6779 0.5489
vn 0.1950 -0.9538 0.2286
vn -0.1526 -0.9761 -0.1546
vn -0.4607 -0.7348 -0.4978
vn -0.6443 -0.2925 -0.7066
vn -0.6520 0.2303 -0.7224
vn -0.4816 0.6895 -0.5410
vn -0.1810 0.9601 -0.2133
vn 0.1668 0.9712 0.1702
vn 0.4684 0.7240 0.5064
vn 0.6454 0.2870 0.7079
vn 0.6844 -0.2245 0.6937
vn 0.5135 -0.6767 0.5277
vn 0.2064 -0.9530 0.2219
vn -0.1578 -0.9767 -0.1453
vn -0.4817 -0.7362 -0.4754
vn -0.6751 -0.2933 -0.6769
vn -0.6833 0.2310 -0.6926
vn -0.5038 0.6912 -0.5182
vn -0.1876 0.9610 -0.2031
vn 0.1772 0.9703 0.1648
vn 0.4925 0.7217 0.4864
vn 0.6768 0.2853 0.6787
vn 0.7197 -0.2249 0.6569
vn 0.5407 -0.6764 0.5001
vn 0.2186 -0.9527 0.2111
vn -0.1643 -0.9769 -0.1365
vn -0.5053 -0.7367 -0.4495
vn -0.7094 -0.2934 -0.6408
vn -0.7185 0.2316 -0.6559
vn -0.5297 0.6921 -0.4904
vn -0.1969 0.9615 -0.1915
vn 0.1867 0.9698 0.1570
vn 0.5179 0.7205 0.4612
vn 0.7114 0.2841 0.6428
vn 0.7542 -0.2256 0.6167
vn 0.5671 -0.6769 0.4693
vn 0.2300 -0.9529 0.1977
vn -0.1710 -0.9768 -0.1286
vn -0.5285 -0.7364 -0.4223
vn -0.7429 -0.2931 -0.6018
vn -0.7530 0.2319 -0.6158
vn -0.5557 0.6924 -0.4602
vn -0.2074 0.9617 -0.1794
vn 0.1946 0.9697 0.1479
vn 0.5419 0.7201 0.4334
vn 0.7451 0.2834 0.6037
vn 0.7853 -0.2263 0.5762
vn 0.5908 -0.6777 0.4378
vn 0.2398 -0.9533 0.1835
vn -0.1776 -0.9766 -0.1215
vn -0.5496 -0.7358 -0.3957
vn -0.7731 -0.2925 -0.5628
vn -0.7842 0.2320 -0.5755
vn -0.5797 0.6922 -0.4298
vn -0.2178 0.9615 -0.1674
vn 0.2007 0.9698 0.1385
vn 0.5628 0.7203 0.4055
vn 0.7753 0.2833 0.5645
vn 0.8120 -0.2270 0.5378
vn 0.6108 -0.6788 0.4076
vn 0.2479 -0.9539 0.1695
vn -0.1835 -0.9762 -0.1153
vn -0.5679 -0.7349 -0.3707
vn -0.7988 -0.2919 -0.5260
vn -0.8110 0.2320 -0.5371
vn -0.6006 0.6917 -0.4009
vn -0.2274 0.9612 -0.1560
vn 0.2051 0.9701 0.1297
vn 0.5803 0.7208 0.3790
vn 0.8010 0.2834 0.5274
vn 0.8341 -0.2275 0.5025
vn 0.6274 -0.6798 0.3799
vn 0.2543 -0.9544 0.1565
vn -0.1887 -0.9759 -0.1099
vn -0.5831 -0.7341 -0.3480
vn -0.8202 -0.2913 -0.4923
vn -0.8332 0.2318 -0.5020
vn -0.6182 0.6911 -0.3744
vn -0.2358 0.9609 -0.1453
vn 0.2083 0.9705 0.1217
vn 0.5944 0.7216 0.3549
vn 0.8222 0.2837 0.4935
vn 0.8521 -0.2280 0.4710
vn 0.6409 -0.6806 0.3550
vn 0.2594 -0.9549 0.1447
vn -0.1931 -0.9755 -0.1052
vn -0.5957 -0.7332 -0.3279
vn -0.8377 -0.2908 -0.4623
vn -0.8514 0.2316 -0.4706
vn -0.6328 0.6904 -0.3506
vn -0.2430 0.9605 -0.1356
vn 0.2105 0.9708 0.1148
vn 0.6057 0.7224 0.3335
vn 0.8394 0.2841 0.4633
vn 0.8668 -0.2283 0.4433
vn 0.6516 -0.6815 0.3330
vn 0.2631 -0.9554 0.1342
vn -0.1971 -0.9751 -0.1013
vn -0.6061 -0.7324 -0.3104
vn -0.8519 -0.2903 -0.4359
vn -0.8662 0.2312 -0.4430
vn -0.6448 0.6896 -0.3296
vn -0.2494 0.9600 -0.1271
vn 0.2118 0.9712 0.1088
vn 0.6146 0.7233 0.3148
vn 0.8534 0.2847 0.4367
vn 0.8779 -0.2287 0.4207
vn 0.6596 -0.6825 0.3149
vn 0.2656 -0.9559 0.1253
vn -0.2006 -0.9747 -0.0984
vn -0.6142 -0.7314 -0.2963
vn -0.8626 -0.2898 -0.4145
vn -0.8774 0.2308 -0.4205
vn -0.6543 0.6887 -0.3124
vn -0.2548 0.9595 -0.1201
vn 0.2122 0.9717 0.1040
vn 0.6210 0.7243 0.2996
vn 0.8639 0.2853 0.4151
vn 0.8856 -0.2290 0.4040
vn 0.6651 -0.6833 0.3014
vn 0.2671 -0.9563 0.1185
vn -0.2031 -0.9744 -0.0966
vn -0.6199 -0.7307 -0.2861
vn -0.8701 -0.2894 -0.3989
vn -0.8853 0.2305 -0.4038
vn -0.6611 0.6879 -0.2996
vn -0.2589 0.9591 -0.1147
vn 0.2120 0.9721 0.1006
vn 0.6251 0.7252 0.2885
vn 0.8711 0.2859 0.3993
vn 0.8915 -0.2291 0.3908
vn 0.6694 -0.6836 0.2908
vn 0.2686 -0.9566 0.1132
vn -0.2048 -0.9742 -0.0951
vn -0.6240 -0.7302 -0.2782
vn -0.8758 -0.2891 -0.3866
vn -0.8913 0.2303 -0.3907
vn -0.6661 0.6874 -0.2893
vn -0.2618 0.9588 -0.1102
vn 0.2121 0.9723 0.0983
vn 0.6284 0.7258 0.2800
vn 0.8766 0.2862 0.3869
vn 0.8965 -0.2291 0.3791
vn 0.6732 -0.6838 0.2815
vn 0.2701 -0.9567 0.1087
vn -0.2059 -0.9741 -0.0935
vn -0.6274 -0.7300 -0.2709
vn -0.8806 -0.2890 -0.3756
vn -0.8963 0.2302 -0.3790
vn -0.6703 0.6872 -0.2802
vn -0.2640 0.9587 -0.1061
vn 0.2125 0.9724 0.0963
vn 0.6313 0.7261 0.2725
vn 0.8813 0.2865 0.3759
vn 0.9010 -0.2290 0.3684
vn 0.6767 -0.6838 0.2730
vn 0.2716 -0.9567 0.1047
vn -0.2068 -0.9741 -0.0919
vn -0.6304 -0.7299 -0.2641
vn -0.8848 -0.2890 -0.3655
vn -0.9008 0.2301 -0.3683
vn -0.6739 0.6870 -0.2719
vn -0.2658 0.9586 -0.1023
vn 0.2130 0.9725 0.0944
vn 0.6341 0.7262 0.2656
vn 0.8855 0.2867 0.3657
vn 0.9052 -0.2289 0.3582
vn 0.6799 -0.6838 0.2650
vn 0.2730 -0.9567 0.1010
vn -0.2076 -0.9740 -0.0902
vn -0.6332 -0.7299 -0.2575
vn -0.8888 -0.2890 -0.3557
vn -0.9049 0.2301 -0.3581
vn -0.6771 0.6870 -0.2639
vn -0.2673 0.9585 -0.0988
vn 0.2137 0.9725 0.0926
vn 0.6367 0.7264 0.2589
vn 0.8894 0.2868 0.3559
vn 0.9092 -0.2287 0.3478
vn 0.6831 -0.6836 0.2570
vn 0.2745 -0.9566 0.0976
vn -0.2082 -0.9741 -0.0883
vn -0.6358 -0.7300 -0.2507
vn -0.8927 -0.2891 -0.3458
vn -0.9089 0.2300 -0.3477
vn -0.6801 0.6870 -0.2559
vn -0.2685 0.9586 -0.0952
vn 0.2145 0.9725 0.0907
vn 0.6394 0.7264 0.2521
vn 0.8933 0.2869 0.3460
vn 0.9135 -0.2285 0.3367
vn 0.6866 -0.6833 0.2486
vn 0.2763 -0.9565 0.0940
vn -0.2086 -0.9742 -0.0859
vn -0.6384 -0.7303 -0.2431
vn -0.8967 -0.2893 -0.3350
vn -0.9131 0.2301 -0.3366
vn -0.6831 0.6872 -0.2473
vn -0.2694 0.9587 -0.0915
vn 0.2158 0.9724 0.0886
vn 0.6425 0.7262 0.2446
vn 0.8974 0.2869 0.3353
vn 0.9183 -0.2281 0.3236
vn 0.6907 -0.6826 0.2388
vn 0.2787 -0.9561 0.0902
vn -0.2087 -0.9745 -0.0828
vn -0.6411 -0.7309 -0.2340
vn -0.9013 -0.2896 -0.3222
vn -0.9178 0.2303 -0.3234
vn -0.6862 0.6877 -0.2372
vn -0.2700 0.9589 -0.0871
vn 0.2178 0.9722 0.0860
vn 0.6463 0.7258 0.2357
vn 0.9021 0.2867 0.3225
vn 0.9245 -0.2273 0.3061
vn 0.6963 -0.6812 0.2260
vn 0.2828 -0.9553 0.0856
vn -0.2077 -0.9751 -0.0780
vn -0.6440 -0.7323 -0.2213
vn -0.9070 -0.2904 -0.3049
vn -0.9237 0.2308 -0.3058
vn -0.6895 0.6889 -0.2236
vn -0.2694 0.9596 -0.0812
vn 0.2215 0.9717 0.0826
vn 0.6517 0.7247 0.2238
vn 0.9082 0.2863 0.3053
vn 0.9336 -0.2258 0.2780
vn 0.7057 -0.6780 0.2056
vn 0.2921 -0.9531 0.0791
vn -0.2015 -0.9771 -0.0689
vn -0.6452 -0.7375 -0.1996
vn -0.9151 -0.2934 -0.2765
vn -0.9321 0.2334 -0.2771
vn -0.6912 0.6941 -0.2012
vn -0.2637 0.9620 -0.0711
vn 0.2306 0.9700 0.0771
vn 0.6610 0.7221 0.2041
vn 0.9174 0.2854 0.2775
vn 0.9506 -0.2137 0.2251
vn 0.7375 -0.6548 0.1656
vn 0.3300 -0.9417 0.0656
vn -0.1804 -0.9824 -0.0476
vn -0.6482 -0.7474 -0.1456
vn -0.9328 -0.2980 -0.2027
vn -0.9501 0.2370 -0.2030
vn -0.6951 0.7039 -0.1465
vn -0.2433 0.9687 -0.0487
vn 0.2688 0.9610 0.0645
vn 0.6941 0.7008 0.1647
vn 0.9350 0.2742 0.2248
vn 0.8059 -0.2189 -0.5501
vn 0.5022 -0.5867 -0.6353
vn 0.0945 -0.6890 -0.7186
vn -0.2404 -0.5586 -0.7938
vn -0.4127 -0.3240 -0.8513
vn -0.4573 -0.1074 -0.8828
vn -0.4630 0.0781 -0.8829
vn -0.4321 0.2966 -0.8517
vn -0.2756 0.5413 -0.7943
vn 0.0497 0.6930 -0.7192
vn 0.4629 0.6175 -0.6359
vn 0.7897 0.2705 -0.5506
vn -0.8519 -0.3217 0.4133
vn -0.7931 -0.0867 0.6030
vn -0.0525 0.0547 0.9971
vn -0.2059 -0.4402 0.8740
vn -0.8855 -0.4183 0.2021
vn -0.3049 -0.8099 0.5011
vn -0.8911 -0.4537 0.0148
vn -0.3207 -0.9471 -0.0153
vn -0.8682 -0.4560 -0.1956
vn -0.2488 -0.8124 -0.5273
vn -0.8188 -0.3557 -0.4506
vn -0.1104 -0.4456 -0.8884
vn -0.7492 -0.0819 -0.6572
vn 0.0553 0.0436 -0.9975
vn -0.6728 0.3152 -0.6693
vn 0.2051 0.5088 -0.8361
vn -0.6083 0.6727 -0.4213
vn 0.3027 0.8285 -0.4711
vn -0.5921 0.8058 0.0106
vn 0.3197 0.9475 -0.0039
vn -0.6421 0.6381 0.4248
vn 0.2491 0.8470 0.4696
vn -0.7179 0.2795 0.6375
vn 0.1131 0.5281 0.8416
vn -0.0918 0.0667 0.9935
vn -0.3553 -0.3696 0.8586
vn -0.5244 -0.7031 0.4802
vn -0.5478 -0.8358 -0.0362
vn -0.4184 -0.7290 -0.5417
vn -0.1760 -0.4164 -0.8920
vn 0.1074 0.0081 -0.9942
vn 0.3553 0.4241 -0.8330
vn 0.5079 0.7260 -0.4637
vn 0.5298 0.8479 0.0171
vn 0.4150 0.7626 0.4962
vn 0.1898 0.4810 0.8559
vn -0.1278 0.0830 0.9883
vn -0.4496 -0.3039 0.8400
vn -0.6509 -0.6065 0.4566
vn -0.6727 -0.7378 -0.0560
vn -0.5089 -0.6605 -0.5521
vn -0.2085 -0.3994 -0.8928
vn 0.1424 -0.0313 -0.9893
vn 0.4497 0.3422 -0.8250
vn 0.6368 0.6257 -0.4504
vn 0.6587 0.7515 0.0372
vn 0.5092 0.6878 0.5173
vn 0.2232 0.4456 0.8670
vn -0.1599 0.1042 0.9816
vn -0.5108 -0.2499 0.8226
vn -0.7242 -0.5343 0.4359
vn -0.7397 -0.6691 -0.0719
vn -0.5536 -0.6174 -0.5589
vn -0.2201 -0.3960 -0.8915
vn 0.1677 -0.0684 -0.9835
vn 0.5068 0.2766 -0.8165
vn 0.7108 0.5499 -0.4385
vn 0.7287 0.6828 0.0527
vn 0.5544 0.6402 0.5318
vn 0.2303 0.4298 0.8730
vn -0.1899 0.1296 0.9732
vn -0.5532 -0.2072 0.8069
vn -0.7672 -0.4856 0.4190
vn -0.7730 -0.6289 -0.0834
vn -0.5707 -0.5988 -0.5619
vn -0.2177 -0.4060 -0.8876
vn 0.1895 -0.1045 -0.9763
vn 0.5438 0.2252 -0.8084
vn 0.7536 0.4976 -0.4296
vn 0.7643 0.6419 0.0624
vn 0.5710 0.6189 0.5394
vn 0.2222 0.4322 0.8740
vn -0.2206 0.1594 0.9622
vn -0.5854 -0.1737 0.7919
vn -0.7918 -0.4568 0.4055
vn -0.7847 -0.6133 -0.0901
vn -0.5687 -0.6025 -0.5600
vn -0.2043 -0.4298 -0.8795
vn 0.2113 -0.1426 -0.9670
vn 0.5697 0.1838 -0.8011
vn 0.7772 0.4645 -0.4245
vn 0.7778 0.6251 0.0656
vn 0.5683 0.6210 0.5399
vn 0.2026 0.4507 0.8694
vn -0.2555 0.1942 0.9471
vn -0.6125 -0.1477 0.7765
vn -0.8032 -0.4459 0.3950
vn -0.7789 -0.6205 -0.0910
vn -0.5501 -0.6278 -0.5507
vn -0.1797 -0.4688 -0.8648
vn 0.2357 -0.1860 -0.9539
vn 0.5891 0.1482 -0.7944
vn 0.7872 0.4472 -0.4247
vn 0.7739 0.6304 0.0606
vn 0.5487 0.6454 0.5314
vn 0.1710 0.4855 0.8573
vn -0.2988 0.2350 0.9250
vn -0.6376 -0.1291 0.7595
vn -0.8025 -0.4530 0.3884
vn -0.7545 -0.6511 -0.0831
vn -0.5123 -0.6760 -0.5296
vn -0.1411 -0.5258 -0.8388
vn 0.2657 -0.2387 -0.9341
vn 0.6048 0.1148 -0.7881
vn 0.7850 0.4437 -0.4323
vn 0.7521 0.6576 0.0434
vn 0.5098 0.6933 0.5094
vn 0.1232 0.5379 0.8340
vn -0.3564 0.2818 0.8908
vn -0.6623 -0.1193 0.7397
vn -0.7863 -0.4803 0.3886
vn -0.7048 -0.7068 -0.0601
vn -0.4478 -0.7491 -0.4882
vn -0.0817 -0.6038 -0.7929
vn 0.3063 -0.3050 -0.9017
vn 0.6190 0.0795 -0.7813
vn 0.7693 0.4520 -0.4515
vn 0.7073 0.7069 0.0064
vn 0.4434 0.7662 0.4652
vn 0.0509 0.6092 0.7914
vn -0.4349 0.3323 0.8369
vn -0.6856 -0.1222 0.7176
vn -0.7455 -0.5314 0.4023
vn -0.6153 -0.7882 -0.0100
vn -0.3421 -0.8451 -0.4108
vn 0.0106 -0.7029 -0.7112
vn 0.3667 -0.3875 -0.8458
vn 0.6360 0.0403 -0.7706
vn 0.7361 0.4709 -0.4862
vn 0.6274 0.7763 -0.0615
vn 0.3349 0.8611 0.3825
vn -0.0580 0.6971 0.7147
vn -0.5332 0.3877 0.7519
vn -0.7020 -0.1213 0.7018
vn -0.6723 -0.5853 0.4532
vn -0.4701 -0.8777 0.0930
vn -0.1675 -0.9460 -0.2775
vn 0.1657 -0.7967 -0.5812
vn 0.4680 -0.4579 -0.7558
vn 0.6630 0.0100 -0.7486
vn 0.6809 0.4923 -0.5423
vn 0.5021 0.8456 -0.1812
vn 0.1732 0.9567 0.2338
vn -0.2097 0.7876 0.5794
vn -0.6457 0.4351 0.6275
vn -0.7466 -0.0939 0.6586
vn -0.6349 -0.5892 0.4997
vn -0.3525 -0.9122 0.2087
vn 0.0118 -0.9919 -0.1268
vn 0.3593 -0.8298 -0.4270
vn 0.6163 -0.4743 -0.6287
vn 0.7322 0.0028 -0.6811
vn 0.6650 0.4947 -0.5596
vn 0.4121 0.8654 -0.2851
vn 0.0348 0.9968 0.0724
vn -0.3570 0.8391 0.4104
vn -0.7431 0.4631 0.4832
vn -0.8365 -0.0628 0.5443
vn -0.6898 -0.5680 0.4489
vn -0.3504 -0.9084 0.2281
vn 0.0792 -0.9956 -0.0503
vn 0.4786 -0.8220 -0.3085
vn 0.7497 -0.4493 -0.4859
vn 0.8372 0.0272 -0.5462
vn 0.7232 0.5029 -0.4734
vn 0.4218 0.8637 -0.2761
vn -0.0029 1.0000 0.0013
vn -0.4344 0.8554 0.2822
vn -0.8053 0.4723 0.3584
vn -0.9117 -0.0499 0.4079
vn -0.7575 -0.5568 0.3407
vn -0.3905 -0.9033 0.1776
vn 0.0802 -0.9962 -0.0329
vn 0.5214 -0.8215 -0.2307
vn 0.8204 -0.4400 -0.3651
vn 0.9121 0.0449 -0.4076
vn 0.7795 0.5191 -0.3507
vn 0.4486 0.8700 -0.2046
vn -0.0074 1.0000 -0.0010
vn -0.4700 0.8581 0.2069
vn -0.8419 0.4690 0.2670
vn -0.9513 -0.0494 0.3042
vn -0.7927 -0.5536 0.2555
vn -0.4137 -0.9003 0.1357
vn 0.0745 -0.9970 -0.0200
vn 0.5363 -0.8271 -0.1682
vn 0.8534 -0.4455 -0.2707
vn 0.9516 0.0463 -0.3040
vn 0.8091 0.5268 -0.2607
vn 0.4575 0.8764 -0.1501
vn -0.0194 0.9998 0.0017
vn -0.4973 0.8536 0.1552
vn -0.8623 0.4658 0.1986
vn -0.9727 -0.0493 0.2266
vn -0.8125 -0.5506 0.1915
vn -0.4287 -0.8975 0.1037
vn 0.0687 -0.9976 -0.0117
vn 0.5428 -0.8308 -0.1227
vn 0.8709 -0.4486 -0.2007
vn 0.9729 0.0471 -0.2266
vn 0.8248 0.5310 -0.1943
vn 0.4615 0.8801 -0.1115
vn -0.0274 0.9996 0.0018
vn -0.5137 0.8502 0.1157
vn -0.8738 0.4636 0.1469
vn -0.9845 -0.0493 0.1681
vn -0.8238 -0.5485 0.1430
vn -0.4379 -0.8956 0.0787
vn 0.0643 -0.9979 -0.0065
vn 0.5456 -0.8333 -0.0893
vn 0.8803 -0.4507 -0.1481
vn 0.9846 0.0477 -0.1681
vn 0.8331 0.5339 -0.1445
vn 0.4628 0.8826 -0.0830
vn -0.0330 0.9995 0.0009
vn -0.5235 0.8478 0.0853
vn -0.8804 0.4620 0.1072
vn -0.9911 -0.0493 0.1233
vn -0.8304 -0.5470 0.1056
vn -0.4437 -0.8942 0.0592
vn 0.0610 -0.9981 -0.0030
vn 0.5466 -0.8349 -0.0641
vn 0.8854 -0.4521 -0.1079
vn 0.9912 0.0481 -0.1233
vn 0.8375 0.5359 -0.1065
vn 0.4629 0.8843 -0.0616
vn -0.0369 0.9993 -0.0001
vn -0.5295 0.8460 0.0618
vn -0.8842 0.4609 0.0762
vn -0.9949 -0.0493 0.0884
vn -0.8343 -0.5460 0.0764
vn -0.4475 -0.8932 0.0437
vn 0.0586 -0.9983 -0.0007
vn 0.5468 -0.8361 -0.0447
vn 0.8882 -0.4531 -0.0766
vn 0.9949 0.0485 -0.0884
vn 0.8399 0.5373 -0.0769
vn 0.4625 0.8855 -0.0450
vn -0.0397 0.9992 -0.0011
vn -0.5333 0.8448 0.0434
vn -0.8864 0.4600 0.0518
vn -0.9969 -0.0494 0.0608
vn -0.8366 -0.5452 0.0532
vn -0.4500 -0.8925 0.0313
vn 0.0567 -0.9984 0.0010
vn 0.5465 -0.8370 -0.0295
vn 0.8896 -0.4538 -0.0520
vn 0.9970 0.0487 -0.0608
vn 0.8410 0.5384 -0.0535
vn 0.4618 0.8864 -0.0320
vn -0.0417 0.9991 -0.0019
vn -0.5358 0.8439 0.0288
vn -0.8877 0.4593 0.0323
vn -0.9980 -0.0494 0.0387
vn -0.8380 -0.5446 0.0346
vn -0.4516 -0.8920 0.0212
vn 0.0553 -0.9985 0.0021
vn 0.5460 -0.8376 -0.0175
vn 0.8903 -0.4543 -0.0324
vn 0.9981 0.0489 -0.0387
vn 0.8415 0.5392 -0.0347
vn 0.4612 0.8871 -0.0216
vn -0.0432 0.9991 -0.0026
vn -0.5374 0.8431 0.0171
vn -0.8884 0.4588 0.0165
vn -0.9986 -0.0494 0.0209
vn -0.8388 -0.5442 0.0196
vn -0.4528 -0.8915 0.0130
vn 0.0542 -0.9985 0.0029
vn 0.5455 -0.8381 -0.0079
vn 0.8905 -0.4547 -0.0166
vn 0.9986 0.0490 -0.0209
vn 0.8416 0.5398 -0.0196
vn 0.4605 0.8876 -0.0131
vn -0.0444 0.9990 -0.0031
vn -0.5385 0.8426 0.0077
vn -0.8888 0.4582 0.0037
vn -0.9988 -0.0494 0.0063
vn -0.8393 -0.5436 0.0072
vn -0.4539 -0.8910 0.0062
vn 0.0528 -0.9986 0.0035
vn 0.5446 -0.8387 -0.0001
vn 0.8904 -0.4552 -0.0037
vn 0.9988 0.0491 -0.0063
vn 0.8413 0.5404 -0.0073
vn 0.4595 0.8881 -0.0062
vn -0.0457 0.9989 -0.0036
vn -0.5395 0.8420 0.0001
vn -0.8892 0.4575 -0.0047
vn -0.9988 -0.0494 -0.0032
vn -0.8398 -0.5430 -0.0009
vn -0.4551 -0.8904 0.0017
vn 0.0513 -0.9987 0.0038
vn 0.5435 -0.8394 0.0049
vn 0.8900 -0.4559 0.0047
vn 0.9988 0.0492 0.0032
vn 0.8409 0.5412 0.0009
vn 0.4583 0.8888 -0.0017
vn -0.0473 0.9989 -0.0038
vn -0.5406 0.8412 -0.0049
vn -0.8894 0.4570 -0.0078
vn -0.8401 -0.5424 -0.0039
vn -0.4561 -0.8899 -0.0000
vn 0.0500 -0.9987 0.0039
vn 0.5426 -0.8400 0.0067
vn 0.8898 -0.4564 0.0078
vn 0.8405 0.5418 0.0039
vn 0.4573 0.8893 -0.0000
vn -0.0485 0.9988 -0.0039
vn -0.5415 0.8407 -0.0067
vn -0.8895 0.4568 -0.0084
vn -0.8402 -0.5422 -0.0045
vn -0.4565 -0.8897 -0.0003
vn 0.0495 -0.9988 0.0039
vn 0.5422 -0.8402 0.0071
vn 0.8896 -0.4566 0.0084
vn 0.8404 0.5420 0.0045
vn 0.4569 0.8895 0.0003
vn -0.0491 0.9988 -0.0039
vn -0.5419 0.8404 -0.0071
vn -0.8895 0.4568 -0.0090
vn -0.8403 -0.5422 -0.0050
vn -0.4566 -0.8897 -0.0006
vn 0.5422 -0.8402 0.0075
vn 0.8896 -0.4566 0.0090
vn 0.8404 0.5420 0.0050
vn 0.4568 0.8896 0.0006
vn -0.5419 0.8404 -0.0075
vn -0.8895 0.4567 -0.0094
vn -0.8403 -0.5422 -0.0055
vn -0.4566 -0.8897 -0.0009
vn 0.0494 -0.9988 0.0039
vn 0.5422 -0.8402 0.0077
vn 0.8896 -0.4566 0.0094
vn 0.8403 0.5420 0.0055
vn 0.4568 0.8896 0.0009
vn -0.5419 0.8404 -0.0077
vn -0.8895 0.4567 -0.0098
vn -0.4566 -0.8897 -0.0011
vn 0.8896 -0.4566 0.0098
vn 0.4568 0.8896 0.0011
vn -0.5420 0.8404 -0.0079
vn -0.4566 -0.8897 -0.0013
vn 0.8896 -0.4566 0.0101
vn -0.5420 0.8404 -0.0081
vn 0.8896 -0.4566 0.0102
vn -0.0492 0.9988 -0.0038
vn 0.9987 0.0494 0.0096
vn -0.9987 -0.0492 -0.0095
vn -0.8404 -0.5420 -0.0064
vn 0.0492 -0.9988 0.0036
vn 0.9987 0.0494 0.0095
vn 0.8402 0.5422 0.0064
vn -0.0494 0.9988 -0.0036
vn -0.8896 0.4566 -0.0093
vn -0.9988 -0.0491 -0.0088
vn -0.8405 -0.5418 -0.0060
vn -0.4571 -0.8894 -0.0016
vn 0.0489 -0.9988 0.0033
vn 0.5418 -0.8405 0.0072
vn 0.9987 0.0495 0.0088
vn 0.8401 0.5424 0.0060
vn 0.4563 0.8898 0.0016
vn -0.0497 0.9988 -0.0033
vn -0.5423 0.8402 -0.0072
vn -0.8897 0.4565 -0.0071
vn -0.9988 -0.0488 -0.0068
vn -0.8409 -0.5411 -0.0047
vn -0.4580 -0.8890 -0.0013
vn 0.0479 -0.9988 0.0025
vn 0.5413 -0.8408 0.0055
vn 0.8895 -0.4569 0.0071
vn 0.9987 0.0498 0.0068
vn 0.8397 0.5430 0.0046
vn 0.4554 0.8903 0.0013
vn -0.0507 0.9987 -0.0025
vn -0.5429 0.8398 -0.0055
vn -0.5726 0.2948 0.7650
vn -0.6429 -0.0332 0.7652
vn -0.5376 -0.3507 0.7668
vn -0.2881 -0.5703 0.7693
vn 0.0353 -0.6346 0.7720
vn 0.3454 -0.5303 0.7743
vn 0.5621 -0.2877 0.7754
vn 0.6310 0.0297 0.7752
vn 0.5342 0.3408 0.7737
vn 0.2944 0.5644 0.7712
vn -0.0276 0.6393 0.7685
vn -0.3461 0.5415 0.7662
vn -0.8329 -0.3384 0.4378
vn -0.7727 -0.0835 0.6293
vn -0.0016 0.0420 0.9991
vn -0.1430 -0.4525 0.8802
vn -0.8718 -0.4444 0.2061
vn -0.2479 -0.8219 0.5129
vn -0.8851 -0.4654 -0.0000
vn -0.2866 -0.9581 -0.0000
vn -0.8718 -0.4444 -0.2061
vn -0.2479 -0.8219 -0.5129
vn -0.8329 -0.3384 -0.4378
vn -0.1430 -0.4525 -0.8802
vn -0.7727 -0.0835 -0.6293
vn -0.0016 0.0420 -0.9991
vn -0.7008 0.2925 -0.6506
vn 0.1393 0.5168 -0.8447
vn -0.6326 0.6488 -0.4230
vn 0.2444 0.8445 -0.4766
vn -0.5988 0.8009 -0.0000
vn 0.2840 0.9588 -0.0000
vn -0.6326 0.6488 0.4230
vn 0.2444 0.8445 0.4766
vn -0.7008 0.2925 0.6506
vn 0.1393 0.5168 0.8447
vn 0.0026 0.0300 0.9995
vn -0.2319 -0.4201 0.8773
vn -0.4074 -0.7567 0.5112
vn -0.4725 -0.8813 -0.0000
vn -0.4074 -0.7567 -0.5112
vn -0.2319 -0.4201 -0.8773
vn 0.0026 0.0300 -0.9995
vn 0.2311 0.4676 -0.8532
vn 0.3951 0.7790 -0.4869
vn 0.4545 0.8908 -0.0000
vn 0.3951 0.7790 0.4869
vn 0.2311 0.4676 0.8532
vn 0.0017 0.0200 0.9998
vn -0.2828 -0.3965 0.8734
vn -0.4942 -0.7060 0.5074
vn -0.5722 -0.8201 -0.0000
vn -0.4942 -0.7060 -0.5074
vn -0.2828 -0.3965 -0.8734
vn 0.0017 0.0200 -0.9998
vn 0.2815 0.4292 -0.8582
vn 0.4833 0.7240 -0.4922
vn 0.5566 0.8308 -0.0000
vn 0.4833 0.7240 0.4922
vn 0.2815 0.4292 0.8582
vn -0.0005 0.0138 0.9999
vn -0.3123 -0.3804 0.8705
vn -0.5426 -0.6716 0.5045
vn -0.6273 -0.7788 -0.0000
vn -0.5426 -0.6716 -0.5045
vn -0.3123 -0.3804 -0.8705
vn -0.0005 0.0138 -0.9999
vn 0.3081 0.4038 -0.8614
vn 0.5320 0.6867 -0.4954
vn 0.6135 0.7897 -0.0000
vn 0.5320 0.6867 0.4954
vn 0.3081 0.4038 0.8614
vn -0.0030 0.0095 1.0000
vn -0.3286 -0.3717 0.8683
vn -0.5680 -0.6520 0.5023
vn -0.6559 -0.7548 -0.0000
vn -0.5680 -0.6520 -0.5023
vn -0.3286 -0.3717 -0.8683
vn -0.0030 0.0095 -1.0000
vn 0.3209 0.3886 -0.8637
vn 0.5569 0.6649 -0.4977
vn 0.6431 0.7658 -0.0000
vn 0.5569 0.6649 0.4977
vn 0.3209 0.3886 0.8637
vn -0.0059 0.0059 1.0000
vn -0.3358 -0.3699 0.8663
vn -0.5775 -0.6452 0.5002
vn -0.6659 -0.7460 -0.0000
vn -0.5775 -0.6452 -0.5002
vn -0.3358 -0.3699 -0.8663
vn -0.0059 0.0059 -1.0000
vn 0.3238 0.3815 -0.8658
vn 0.5651 0.6564 -0.4998
vn 0.6534 0.7570 -0.0000
vn 0.5651 0.6564 0.4998
vn 0.3238 0.3815 0.8658
vn -0.0094 0.0020 1.0000
vn -0.3354 -0.3756 0.8640
vn -0.5730 -0.6509 0.4980
vn -0.6599 -0.7514 -0.0000
vn -0.5730 -0.6509 -0.4980
vn -0.3354 -0.3756 -0.8640
vn -0.0094 0.0020 -1.0000
vn 0.3180 0.3814 -0.8680
vn 0.5587 0.6602 -0.5020
vn 0.6470 0.7625 -0.0000
vn 0.5587 0.6602 0.5020
vn 0.3180 0.3814 0.8680
vn -0.0141 -0.0035 0.9999
vn -0.3267 -0.3900 0.8609
vn -0.5532 -0.6701 0.4949
vn -0.6357 -0.7719 -0.0000
vn -0.5532 -0.6701 -0.4949
vn -0.3267 -0.3900 -0.8609
vn -0.0141 -0.0035 -0.9999
vn 0.3020 0.3876 -0.8709
vn 0.5356 0.6769 -0.5050
vn 0.6216 0.7833 -0.0000
vn 0.5356 0.6769 0.5050
vn 0.3020 0.3876 0.8709
vn -0.0206 -0.0130 0.9997
vn -0.3064 -0.4165 0.8560
vn -0.5118 -0.7056 0.4900
vn -0.5863 -0.8101 -0.0000
vn -0.5118 -0.7056 -0.4900
vn -0.3064 -0.4165 -0.8560
vn -0.0206 -0.0130 -0.9997
vn 0.2713 0.3999 -0.8755
vn 0.4890 0.7080 -0.5096
vn 0.5695 0.8220 -0.0000
vn 0.4890 0.7080 0.5096
vn 0.2713 0.3999 0.8755
vn -0.0285 -0.0319 0.9991
vn -0.2658 -0.4625 0.8458
vn -0.4338 -0.7630 0.4792
vn -0.4941 -0.8694 -0.0000
vn -0.4338 -0.7630 -0.4792
vn -0.2658 -0.4625 -0.8458
vn -0.0285 -0.0319 -0.9991
vn 0.2177 0.4175 -0.8822
vn 0.4031 0.7560 -0.5157
vn 0.4719 0.8816 -0.0000
vn 0.4031 0.7560 0.5157
vn 0.2177 0.4175 0.8822
vn -0.0282 -0.0501 0.9983
vn -0.1771 -0.5177 0.8370
vn -0.2805 -0.8373 0.4693
vn -0.3171 -0.9484 -0.0000
vn -0.2805 -0.8373 -0.4693
vn -0.1771 -0.5177 -0.8370
vn -0.0282 -0.0501 -0.9983
vn 0.1278 0.4442 -0.8867
vn 0.2456 0.8183 -0.5197
vn 0.2893 0.9572 -0.0000
vn 0.2456 0.8183 0.5197
vn 0.1278 0.4442 0.8867
vn -0.0135 -0.0460 0.9988
vn -0.0579 -0.5357 0.8424
vn -0.0851 -0.8756 0.4754
vn -0.0929 -0.9957 -0.0000
vn -0.0851 -0.8756 -0.4754
vn -0.0579 -0.5357 -0.8424
vn -0.0135 -0.0460 -0.9988
vn 0.0337 0.4667 -0.8838
vn 0.0683 0.8533 -0.5170
vn 0.0809 0.9967 -0.0000
vn 0.0683 0.8533 0.5170
vn 0.0337 0.4667 0.8838
vn -0.0006 -0.0158 0.9999
vn 0.0041 -0.5113 0.8594
vn 0.0084 -0.8696 0.4937
vn 0.0101 -0.9999 -0.0000
vn 0.0084 -0.8696 -0.4937
vn 0.0041 -0.5113 -0.8594
vn -0.0006 -0.0158 -0.9999
vn -0.0047 0.4875 -0.8731
vn -0.0076 0.8617 -0.5074
vn -0.0087 1.0000 -0.0000
vn -0.0076 0.8617 0.5074
vn -0.0047 0.4875 0.8731
vn -0.0001 0.0006 1.0000
vn 0.0055 -0.4988 0.8667
vn 0.0097 -0.8654 0.5010
vn 0.0113 -0.9999 -0.0000
vn 0.0097 -0.8654 -0.5010
vn 0.0055 -0.4988 -0.8667
vn -0.0001 0.0006 -1.0000
vn -0.0056 0.4999 -0.8661
vn -0.0096 0.8658 -0.5003
vn -0.0111 0.9999 -0.0000
vn -0.0096 0.8658 0.5003
vn -0.0056 0.4999 0.8661
vn -0.0000 0.0018 1.0000
vn 0.0034 -0.4987 0.8668
vn 0.0059 -0.8656 0.5008
vn 0.0068 -1.0000 -0.0000
vn 0.0059 -0.8656 -0.5008
vn 0.0034 -0.4987 -0.8668
vn -0.0000 0.0018 -1.0000
vn -0.0034 0.5013 -0.8653
vn -0.0059 0.8664 -0.4992
vn -0.0068 1.0000 -0.0000
vn -0.0059 0.8664 0.4992
vn -0.0034 0.5013 0.8653
vn -0.0000 0.0027 1.0000
vn -0.0002 -0.4980 0.8672
vn -0.0004 -0.8654 0.5011
vn -0.0004 -0.8654 -0.5011
vn -0.0002 -0.4980 -0.8672
vn -0.0000 0.0027 -1.0000
vn 0.0003 0.5020 -0.8649
vn 0.0004 0.8667 -0.4988
vn 0.0004 0.8667 0.4988
vn 0.0003 0.5020 0.8649
vn -0.0000 0.0036 1.0000
vn -0.0053 -0.4973 0.8676
vn -0.0093 -0.8651 0.5016
vn -0.0093 -0.8651 -0.5016
vn -0.0053 -0.4973 -0.8676
vn -0.0000 0.0036 -1.0000
vn 0.0054 0.5027 -0.8644
vn 0.0093 0.8669 -0.4984
vn 0.0093 0.8669 0.4984
vn 0.0054 0.5027 0.8644
vn 0.0001 0.0049 1.0000
vn -0.0121 -0.4962 0.8681
vn -0.0211 -0.8646 0.5021
vn -0.0244 -0.9997 -0.0000
vn -0.0211 -0.8646 -0.5021
vn -0.0121 -0.4962 -0.8681
vn 0.0001 0.0049 -1.0000
vn 0.0123 0.5035 -0.8639
vn 0.0211 0.8670 -0.4979
vn 0.0211 0.8670 0.4979
vn 0.0123 0.5035 0.8639
vn 0.0003 0.0067 1.0000
vn -0.0212 -0.4946 0.8689
vn -0.0370 -0.8636 0.5029
vn -0.0428 -0.9991 -0.0000
vn -0.0370 -0.8636 -0.5029
vn -0.0212 -0.4946 -0.8689
vn 0.0003 0.0067 -1.0000
vn 0.0216 0.5046 -0.8631
vn 0.0371 0.8669 -0.4971
vn 0.0371 0.8669 0.4971
vn 0.0216 0.5046 0.8631
vn 0.0007 0.0095 1.0000
vn -0.0336 -0.4917 0.8701
vn -0.0590 -0.8616 0.5041
vn -0.0683 -0.9977 -0.0000
vn -0.0590 -0.8616 -0.5041
vn -0.0336 -0.4917 -0.8701
vn 0.0007 0.0095 -1.0000
vn 0.0347 0.5060 -0.8618
vn 0.0593 0.8664 -0.4958
vn 0.0683 0.9977 -0.0000
vn 0.0593 0.8664 0.4958
vn 0.0347 0.5060 0.8618
vn 0.0017 0.0146 0.9999
vn -0.0515 -0.4862 0.8723
vn -0.0910 -0.8575 0.5063
vn -0.1055 -0.9944 -0.0000
vn -0.0910 -0.8575 -0.5063
vn -0.0515 -0.4862 -0.8723
vn 0.0017 0.0146 -0.9999
vn 0.0540 0.5081 -0.8596
vn 0.0917 0.8648 -0.4936
vn 0.1054 0.9944 -0.0000
vn 0.0917 0.8648 0.4936
vn 0.0540 0.5081 0.8596
vn 0.0050 0.0239 0.9997
vn -0.0775 -0.4717 0.8783
vn -0.1401 -0.8466 0.5135
vn -0.1634 -0.9866 -0.0000
vn -0.1401 -0.8466 -0.5135
vn -0.0775 -0.4717 -0.8783
vn 0.0050 0.0239 -0.9997
vn 0.0843 0.5050 -0.8590
vn 0.1403 0.8561 -0.4974
vn 0.1605 0.9870 -0.0000
vn 0.1403 0.8561 0.4974
vn 0.0843 0.5050 0.8590
vn 0.0245 0.0640 0.9977
vn -0.1198 -0.4354 0.8922
vn -0.2276 -0.8195 0.5260
vn -0.2675 -0.9636 -0.0000
vn -0.2276 -0.8195 -0.5260
vn -0.1198 -0.4354 -0.8922
vn 0.0245 0.0639 -0.9977
vn 0.0337 0.2854 -0.9578
vn 0.1841 0.2485 -0.9510
vn 1.0000 0.0009 -0.0000
vn 0.1841 0.2485 0.9510
vn 0.0337 0.2854 0.9578
vn 0.0560 0.0534 0.9970
vn -0.2466 -0.3582 0.9005
vn -0.4806 -0.6975 0.5316
vn -0.5665 -0.8240 -0.0000
vn -0.4806 -0.6975 -0.5316
vn -0.2466 -0.3582 -0.9005
vn 0.0560 0.0534 -0.9970
vn -0.0258 0.0209 -0.9994
vn 0.6775 -0.2384 -0.6959
vn 0.9976 -0.0691 -0.0000
vn 0.6775 -0.2384 0.6959
vn -0.0258 0.0209 0.9994
vn 0.0619 0.0401 0.9973
vn -0.3810 -0.2070 0.9011
vn -0.7446 -0.4029 0.5323
vn -0.8803 -0.4745 -0.0000
vn -0.7446 -0.4029 -0.5323
vn -0.3810 -0.2070 -0.9011
vn 0.0619 0.0401 -0.9973
vn -0.0036 -0.0888 -0.9960
vn -0.2780 0.6823 -0.6762
vn -0.0456 0.9990 -0.0000
vn -0.2780 0.6823 0.6762
vn -0.0036 -0.0888 0.9960
vn 0.0560 0.0174 0.9983
vn -0.4436 -0.0919 0.8915
vn -0.8324 -0.1745 0.5260
vn -0.9787 -0.2051 -0.0000
vn -0.8324 -0.1745 -0.5260
vn -0.4436 -0.0919 -0.8915
vn 0.0560 0.0174 -0.9983
vn 0.3242 0.0294 -0.9455
vn 0.2549 0.1912 -0.9479
vn 0.0437 0.9990 -0.0000
vn 0.2549 0.1912 0.9479
vn 0.3242 0.0294 0.9455
vn 0.0288 0.0034 0.9996
vn -0.4751 -0.0396 0.8790
vn -0.8549 -0.0721 0.5137
vn -0.9964 -0.0842 -0.0000
vn -0.8549 -0.0721 -0.5137
vn -0.4751 -0.0396 -0.8790
vn 0.0288 0.0034 -0.9996
vn 0.5178 0.0442 -0.8543
vn 0.8691 0.0716 -0.4894
vn 0.9967 0.0809 -0.0000
vn 0.8691 0.0716 0.4894
vn 0.5178 0.0442 0.8543
vn 0.0159 0.0005 0.9999
vn -0.4879 -0.0093 0.8728
vn -0.8619 -0.0165 0.5069
vn -0.9998 -0.0192 -0.0000
vn -0.8619 -0.0165 -0.5069
vn -0.4879 -0.0093 -0.8728
vn 0.0159 0.0005 -0.9999
vn 0.5117 0.0100 -0.8591
vn 0.8698 0.0166 -0.4932
vn 0.9998 0.0190 -0.0000
vn 0.8698 0.0166 0.4932
vn 0.5117 0.0100 0.8591
vn 0.0095 -0.0001 1.0000
vn -0.4928 0.0095 0.8701
vn -0.8635 0.0167 0.5041
vn -0.9998 0.0193 -0.0000
vn -0.8635 0.0167 -0.5041
vn -0.4928 0.0095 -0.8701
vn 0.0095 -0.0001 -1.0000
vn 0.5070 -0.0097 -0.8619
vn 0.8682 -0.0168 -0.4959
vn 0.9998 -0.0193 -0.0000
vn 0.8682 -0.0168 0.4959
vn 0.5070 -0.0097 0.8619
vn 0.0057 -0.0002 1.0000
vn -0.4953 0.0213 0.8685
vn -0.8638 0.0371 0.5025
vn -0.9991 0.0429 -0.0000
vn -0.8638 0.0371 -0.5025
vn -0.4953 0.0213 -0.8685
vn 0.0057 -0.0002 -1.0000
vn 0.5038 -0.0216 -0.8635
vn 0.8667 -0.0372 -0.4975
vn 0.8667 -0.0372 0.4975
vn 0.5038 -0.0216 0.8635
vn 0.0031 -0.0002 1.0000
vn -0.4968 0.0284 0.8674
vn -0.8638 0.0493 0.5014
vn -0.8638 0.0493 -0.5014
vn -0.4968 0.0284 -0.8674
vn 0.0031 -0.0002 -1.0000
vn 0.5015 -0.0286 -0.8647
vn 0.8654 -0.0494 -0.4986
vn 0.8654 -0.0494 0.4986
vn 0.5015 -0.0286 0.8647
vn 0.0010 -0.0001 1.0000
vn -0.4982 0.0318 0.8665
vn -0.8640 0.0551 0.5004
vn -0.9980 0.0636 -0.0000
vn -0.8640 0.0551 -0.5004
vn -0.4982 0.0318 -0.8665
vn 0.0010 -0.0001 -1.0000
vn 0.4997 -0.0319 -0.8656
vn 0.8645 -0.0551 -0.4996
vn 0.8645 -0.0551 0.4996
vn 0.4997 -0.0319 0.8656
vn -0.0013 0.0001 1.0000
vn -0.4999 0.0318 0.8655
vn -0.8646 0.0550 0.4995
vn -0.8646 0.0550 -0.4995
vn -0.4999 0.0318 -0.8655
vn -0.0013 0.0001 -1.0000
vn 0.4980 -0.0317 -0.8666
vn 0.8640 -0.0550 -0.5006
vn 0.9980 -0.0635 -0.0000
vn 0.8640 -0.0550 0.5005
vn 0.4980 -0.0317 0.8666
vn -0.0042 0.0002 1.0000
vn -0.5024 0.0279 0.8642
vn -0.8658 0.0481 0.4982
vn -0.8658 0.0481 -0.4982
vn -0.5024 0.0279 -0.8642
vn -0.0042 0.0002 -1.0000
vn 0.4960 -0.0276 -0.8679
vn 0.8636 -0.0480 -0.5018
vn 0.9985 -0.0555 -0.0000
vn 0.8636 -0.0480 0.5018
vn 0.4960 -0.0276 0.8679
vn -0.0084 0.0003 1.0000
vn -0.5061 0.0181 0.8623
vn -0.8676 0.0312 0.4962
vn -0.9994 0.0359 -0.0000
vn -0.8676 0.0312 -0.4962
vn -0.5061 0.0181 -0.8623
vn -0.0084 0.0003 -1.0000
vn 0.4935 -0.0176 -0.8696
vn 0.8634 -0.0308 -0.5035
vn 0.9994 -0.0356 -0.0000
vn 0.8634 -0.0308 0.5035
vn 0.4935 -0.0176 0.8696
vn 0.0154 -0.7700 0.6379
vn -0.3138 -0.7592 0.5702
vn -0.5679 -0.7511 0.3367
vn -0.6637 -0.7480 -0.0000
vn -0.5679 -0.7511 -0.3367
vn -0.3138 -0.7592 -0.5702
vn 0.0154 -0.7700 -0.6378
vn 0.3241 -0.7805 -0.5346
vn 0.5371 -0.7880 -0.3011
vn 0.6122 -0.7907 -0.0000
vn 0.5371 -0.7880 0.3011
vn 0.3241 -0.7805 0.5346
vn -0.8998 -0.2087 0.3832
vn -0.8901 -0.0430 0.4537
vn -0.3491 0.0464 0.9359
vn -0.3827 -0.4724 0.7940
vn -0.8777 -0.3813 0.2903
vn -0.3076 -0.8536 0.4204
vn -0.8250 -0.5583 0.0878
vn -0.1458 -0.9864 -0.0758
vn -0.7484 -0.6111 -0.2577
vn 0.0553 -0.8357 -0.5464
vn -0.6662 -0.4185 -0.6173
vn 0.2370 -0.4623 -0.8545
vn -0.6064 -0.0221 -0.7949
vn 0.3526 0.0082 -0.9357
vn -0.5913 0.4077 -0.6958
vn 0.3806 0.4609 -0.8017
vn -0.6252 0.6922 -0.3606
vn 0.3173 0.8142 -0.4862
vn -0.6973 0.7137 0.0663
vn 0.1719 0.9844 -0.0374
vn -0.7802 0.4922 0.3860
vn -0.0241 0.8968 0.4418
vn -0.8489 0.1911 0.4927
vn -0.2167 0.5522 0.8051
vn -0.6319 0.1227 0.7653
vn -0.6937 -0.3884 0.6066
vn -0.5558 -0.7860 0.2708
vn -0.2607 -0.9547 -0.1433
vn 0.1013 -0.8515 -0.5144
vn 0.4257 -0.5219 -0.7391
vn 0.6335 -0.0737 -0.7702
vn 0.6844 0.3820 -0.6210
vn 0.5697 0.7530 -0.3293
vn 0.3097 0.9494 0.0532
vn -0.0409 0.8995 0.4349
vn -0.3895 0.5977 0.7007
vn -0.7866 0.2016 0.5837
vn -0.8627 -0.2987 0.4081
vn -0.6928 -0.7121 0.1139
vn -0.3290 -0.9201 -0.2128
vn 0.1197 -0.8698 -0.4786
vn 0.5271 -0.5886 -0.6129
vn 0.7915 -0.1641 -0.5887
vn 0.8567 0.2957 -0.4227
vn 0.7101 0.6865 -0.1565
vn 0.3806 0.9120 0.1532
vn -0.0571 0.9014 0.4292
vn -0.4878 0.6432 0.5902
vn -0.8557 0.2581 0.4484
vn -0.9370 -0.2318 0.2613
vn -0.7555 -0.6551 -0.0011
vn -0.3656 -0.8927 -0.2635
vn 0.1194 -0.8835 -0.4530
vn 0.5657 -0.6392 -0.5210
vn 0.8598 -0.2321 -0.4548
vn 0.9329 0.2318 -0.2755
vn 0.7688 0.6389 -0.0283
vn 0.4043 0.8860 0.2269
vn -0.0724 0.9026 0.4244
vn -0.5361 0.6746 0.5075
vn -0.8850 0.2930 0.3619
vn -0.9675 -0.1889 0.1681
vn -0.7832 -0.6174 -0.0738
vn -0.3852 -0.8740 -0.2961
vn 0.1138 -0.8915 -0.4384
vn 0.5782 -0.6709 -0.4643
vn 0.8874 -0.2753 -0.3698
vn 0.9647 0.1910 -0.1814
vn 0.7914 0.6091 0.0525
vn 0.4097 0.8707 0.2722
vn -0.0842 0.9037 0.4199
vn -0.5596 0.6935 0.4537
vn -0.8972 0.3116 0.3129
vn -0.9795 -0.1646 0.1160
vn -0.7955 -0.5951 -0.1141
vn -0.3966 -0.8625 -0.3144
vn 0.1074 -0.8960 -0.4309
vn 0.5803 -0.6894 -0.4335
vn 0.8976 -0.3002 -0.3227
vn 0.9773 0.1684 -0.1286
vn 0.7989 0.5935 0.0978
vn 0.4082 0.8631 0.2973
vn -0.0931 0.9043 0.4166
vn -0.5716 0.7031 0.4229
vn -0.9017 0.3164 0.2948
vn -0.9830 -0.1555 0.0976
vn -0.8010 -0.5850 -0.1273
vn -0.4047 -0.8567 -0.3197
vn 0.0996 -0.8982 -0.4281
vn 0.5769 -0.6984 -0.4236
vn 0.8995 -0.3107 -0.3072
vn 0.9808 0.1611 -0.1101
vn 0.7989 0.5904 0.1148
vn 0.4027 0.8622 0.3072
vn -0.1015 0.9038 0.4157
vn -0.5789 0.7041 0.4111
vn -0.9008 0.3060 0.3080
vn -0.9802 -0.1617 0.1140
vn -0.8024 -0.5863 -0.1116
vn -0.4128 -0.8564 -0.3100
vn 0.0876 -0.8992 -0.4287
vn 0.5670 -0.6996 -0.4349
vn 0.8943 -0.3079 -0.3247
vn 0.9772 0.1700 -0.1270
vn 0.7919 0.6018 0.1037
vn 0.3914 0.8688 0.3034
vn -0.1126 0.9012 0.4184
vn -0.5845 0.6945 0.4195
vn -0.8909 0.2743 0.3620
vn -0.9667 -0.1870 0.1749
vn -0.7968 -0.6017 -0.0557
vn -0.4231 -0.8632 -0.2754
vn 0.0637 -0.9005 -0.4301
vn 0.5411 -0.6943 -0.4746
vn 0.8746 -0.2894 -0.3889
vn 0.9601 0.2024 -0.1930
vn 0.7696 0.6360 0.0562
vn 0.3647 0.8865 0.2849
vn -0.1323 0.8931 0.4301
vn -0.5881 0.6675 0.4568
vn -0.8326 0.2254 0.5059
vn -0.9139 -0.2510 0.3191
vn -0.7468 -0.6609 0.0747
vn -0.4348 -0.8847 -0.1682
vn 0.0172 -0.9069 -0.4209
vn 0.4833 -0.6700 -0.5635
vn 0.8104 -0.2325 -0.5378
vn 0.8940 0.2766 -0.3526
vn 0.7075 0.7037 -0.0647
vn 0.3104 0.9196 0.2407
vn -0.1700 0.8636 0.4746
vn -0.5742 0.5940 0.5634
vn -0.6418 0.0648 0.7642
vn -0.4525 -0.4545 0.7673
vn -0.5910 -0.7335 0.3356
vn -0.3468 -0.9379 -0.0017
vn -0.0094 -0.9118 -0.4106
vn 0.3293 -0.6064 -0.7237
vn 0.5662 -0.1134 -0.8164
vn 0.6268 0.4155 -0.6591
vn 0.4917 0.8172 -0.3007
vn 0.2038 0.9676 0.1489
vn -0.1467 0.8243 0.5468
vn -0.4586 0.4797 0.7480
vn -0.1360 -0.0553 0.9892
vn -0.1035 -0.4955 0.8624
vn -0.1760 -0.8153 0.5516
vn -0.1447 -0.9858 0.0853
vn -0.0139 -0.9056 -0.4238
vn 0.0973 -0.5545 -0.8265
vn 0.1692 -0.0335 -0.9850
vn 0.1871 0.4984 -0.8465
vn 0.1470 0.8796 -0.4524
vn 0.0575 0.9954 0.0762
vn -0.0638 0.8166 0.5736
vn -0.1802 0.4245 0.8873
vn 0.0046 -0.0217 0.9998
vn 0.0062 -0.4939 0.8695
vn 0.0026 -0.8517 0.5240
vn -0.0005 -0.9993 0.0369
vn -0.0008 -0.8845 -0.4666
vn -0.0000 -0.5278 -0.8494
vn 0.0007 -0.0166 -0.9999
vn 0.0008 0.5036 -0.8639
vn 0.0004 0.8776 -0.4793
vn -0.0003 0.9994 0.0360
vn -0.0009 0.8465 0.5324
vn 0.0004 0.4681 0.8837
vn -0.0000 0.0020 1.0000
vn 0.0001 -0.5005 0.8658
vn -0.0000 -0.8673 0.4978
vn -0.0000 -1.0000 -0.0020
vn -0.0001 -0.8662 -0.4997
vn -0.0000 -0.5018 -0.8650
vn -0.0000 -0.0016 -1.0000
vn -0.0000 0.5004 -0.8658
vn -0.0000 0.8671 -0.4982
vn -0.0000 1.0000 0.0016
vn -0.0001 0.8663 0.4994
vn -0.0000 0.5022 0.8648
vn -0.0000 0.0001 1.0000
vn -0.0000 -0.5005 0.8658
vn -0.0000 -0.8663 0.4994
vn -0.0000 -1.0000 -0.0001
vn -0.0000 -0.8663 -0.4994
vn -0.0000 -0.5007 -0.8656
vn -0.0000 -0.0001 -1.0000
vn -0.0000 0.5006 -0.8657
vn -0.0000 0.8664 -0.4994
vn -0.0000 1.0000 0.0001
vn -0.0000 0.8663 0.4995
vn -0.0000 0.5006 0.8657
vn -0.0010 0.0011 1.0000
vn -0.0008 -0.5061 0.8625
vn -0.0003 -0.8729 0.4879
vn 0.0001 -0.9998 -0.0178
vn 0.0004 -0.8574 -0.5147
vn 0.0006 -0.4905 -0.8714
vn 0.0007 0.0014 -1.0000
vn 0.0006 0.4926 -0.8703
vn 0.0005 0.8580 -0.5137
vn 0.0002 0.9998 -0.0182
vn -0.0002 0.8736 0.4867
vn -0.0007 0.5078 0.8615
vn -0.1011 0.0023 0.9949
vn -0.0904 -0.5100 0.8554
vn -0.0540 -0.8777 0.4761
vn -0.0031 -0.9995 -0.0327
vn 0.0475 -0.8490 -0.5262
vn 0.0863 -0.4799 -0.8731
vn 0.1041 0.0027 -0.9946
vn 0.0936 0.4833 -0.8704
vn 0.0595 0.8494 -0.5243
vn 0.0111 0.9994 -0.0331
vn -0.0411 0.8794 0.4744
vn -0.0827 0.5137 0.8540
vn -0.2396 0.0039 0.9709
vn -0.2147 -0.5083 0.8340
vn -0.1302 -0.8761 0.4642
vn -0.0109 -0.9995 -0.0302
vn 0.1100 -0.8532 -0.5099
vn 0.2021 -0.4869 -0.8498
vn 0.2422 -0.0000 -0.9702
vn 0.2188 0.4865 -0.8459
vn 0.1387 0.8520 -0.5047
vn 0.0229 0.9994 -0.0264
vn -0.1001 0.8792 0.4659
vn -0.1970 0.5147 0.8344
vn -0.2906 0.0039 0.9569
vn -0.2613 -0.5018 0.8246
vn -0.1608 -0.8691 0.4677
vn -0.0175 -0.9998 -0.0136
vn 0.1298 -0.8628 -0.4886
vn 0.2424 -0.4979 -0.8326
vn 0.2910 -0.0024 -0.9567
vn 0.2627 0.4937 -0.8290
vn 0.1650 0.8601 -0.4826
vn 0.0235 0.9997 -0.0073
vn -0.1249 0.8725 0.4724
vn -0.2403 0.5083 0.8270
vn -0.3067 0.0037 0.9518
vn -0.2762 -0.4984 0.8217
vn -0.1713 -0.8657 0.4703
vn -0.0205 -0.9998 -0.0070
vn 0.1355 -0.8659 -0.4816
vn 0.2551 -0.5011 -0.8269
vn 0.3067 -0.0032 -0.9518
vn 0.2767 0.4956 -0.8233
vn 0.1729 0.8626 -0.4755
vn 0.0228 0.9997 -0.0002
vn -0.1336 0.8692 0.4760
vn -0.2544 0.5047 0.8249
vn -0.3140 0.0037 0.9494
vn -0.2829 -0.4974 0.8201
vn -0.1758 -0.8647 0.4704
vn -0.0217 -0.9998 -0.0052
vn 0.1382 -0.8668 -0.4791
vn 0.2610 -0.5021 -0.8245
vn 0.2831 0.4961 -0.8208
vn 0.1766 0.8633 -0.4728
vn 0.0227 0.9997 0.0020
vn -0.1373 0.8684 0.4765
vn -0.2606 0.5038 0.8236
vn -0.2860 -0.4970 0.8193
vn -0.1779 -0.8643 0.4705
vn -0.0222 -0.9997 -0.0043
vn 0.1394 -0.8673 -0.4778
vn 0.2637 -0.5027 -0.8233
vn 0.2860 0.4964 -0.8196
vn 0.1782 0.8637 -0.4715
vn 0.0226 0.9997 0.0030
vn -0.1391 0.8679 0.4768
vn -0.2635 0.5034 0.8229
vn -0.1786 -0.8639 0.4709
vn -0.0225 -0.9997 -0.0036
vn 0.1396 -0.8677 -0.4772
vn -0.2858 -0.4964 0.8197
vn -0.1781 -0.8637 0.4716
vn -0.0227 -0.9997 -0.0029
vn 0.1389 -0.8680 -0.4768
vn 0.2633 -0.5034 -0.8230
vn 0.2857 0.4970 -0.8194
vn 0.1777 0.8643 -0.4705
vn 0.0222 0.9997 0.0044
vn -0.1393 0.8673 0.4779
vn -0.2634 0.5026 0.8234
vn -0.3134 0.0034 0.9496
vn -0.2826 -0.4961 0.8210
vn -0.1763 -0.8633 0.4730
vn -0.0227 -0.9997 -0.0018
vn 0.1370 -0.8684 -0.4765
vn 0.2601 -0.5039 -0.8237
vn 0.3134 -0.0037 -0.9496
vn 0.2823 0.4975 -0.8202
vn 0.1755 0.8648 -0.4705
vn 0.0216 0.9998 0.0053
vn -0.1380 0.8668 0.4792
vn -0.2605 0.5021 0.8247
vn -0.3057 0.0031 0.9521
vn -0.2758 -0.4955 0.8237
vn -0.1723 -0.8625 0.4758
vn -0.0228 -0.9997 0.0004
vn 0.1331 -0.8693 -0.4760
vn 0.2535 -0.5048 -0.8252
vn 0.3057 -0.0037 -0.9521
vn 0.2753 0.4985 -0.8220
vn 0.1707 0.8658 -0.4703
vn 0.0204 0.9998 0.0072
vn -0.1351 0.8658 0.4819
vn -0.2543 0.5010 0.8273
vn -0.2900 0.0036 0.9570
vn -0.2608 -0.4991 0.8264
vn -0.1625 -0.8631 0.4781
vn -0.0227 -0.9997 0.0064
vn 0.1239 -0.8734 -0.4710
vn 0.2387 -0.5101 -0.8263
vn 0.2890 -0.0042 -0.9573
vn 0.2597 0.5034 -0.8241
vn 0.1595 0.8703 -0.4660
vn 0.0177 0.9997 0.0137
vn -0.1276 0.8651 0.4851
vn -0.2401 0.5039 0.8297
vn -0.2990 0.0041 0.9542
vn -0.2645 -0.4845 0.8338
vn -0.1520 -0.8425 0.5169
vn -0.0248 -0.9987 0.0455
vn 0.0930 -0.8844 -0.4574
vn 0.1822 -0.5185 -0.8354
vn 0.2210 -0.0041 -0.9753
vn 0.1984 0.5115 -0.8361
vn 0.1209 0.8806 -0.4581
vn 0.0085 0.9988 0.0472
vn -0.1176 0.8427 0.5253
vn -0.2389 0.4815 0.8432
vn 0.2815 0.0092 0.9595
vn 0.4776 -0.5306 0.7002
vn 0.6299 -0.7386 0.2402
vn 0.7426 -0.6551 -0.1392
vn 0.8224 -0.4292 -0.3734
vn 0.8728 -0.1848 -0.4518
vn 0.8930 0.0083 -0.4499
vn 0.8813 0.1903 -0.4326
vn 0.8388 0.4142 -0.3533
vn 0.7672 0.6278 -0.1316
vn 0.6634 0.7123 0.2291
vn 0.5279 0.5395 0.6559
vt 0.000000 1.000000
vt 0.027778 1.000000
vt 0.027778 0.916667
vt 0.000000 0.916667
vt 0.000000 0.083333
vt 0.027778 0.083333
vt 0.027778 0.000000
vt 0.000000 0.000000
vt 0.000000 0.166667
vt 0.027778 0.166667
vt 0.000000 0.250000
vt 0.027778 0.250000
vt 0.000000 0.333333
vt 0.027778 0.333333
vt 0.000000 0.416667
vt 0.027778 0.416667
vt 0.000000 0.500000
vt 0.027778 0.500000
vt 0.000000 0.583333
vt 0.027778 0.583333
vt 0.000000 0.666667
vt 0.027778 0.666667
vt 0.000000 0.750000
vt 0.027778 0.750000
vt 0.000000 0.833333
vt 0.027778 0.833333
vt 0.055556 1.000000
vt 0.055556 0.916667
vt 0.055556 0.083333
vt 0.055556 0.000000
vt 0.055556 0.166667
vt 0.055556 0.250000
vt 0.055556 0.333333
vt 0.055556 0.416667
vt 0.055556 0.500000
vt 0.055556 0.583333
vt 0.055556 0.666667
vt 0.055556 0.750000
vt 0.055556 0.833333
vt 0.083333 1.000000
vt 0.083333 0.916667
vt 0.083333 0.083333
vt 0.083333 0.000000
vt 0.083333 0.166667
vt 0.083333 0.250000
vt 0.083333 0.333333
vt 0.083333 0.416667
vt 0.083333 0.500000
vt 0.083333 0.583333
vt 0.083333 0.666667
vt 0.083333 0.750000
vt 0.083333 0.833333
vt 0.111111 1.000000
vt 0.111111 0.916667
vt 0.111111 0.083333
vt 0.111111 0.000000
vt 0.111111 0.166667
vt 0.111111 0.250000
vt 0.111111 0.333333
vt 0.111111 0.416667
vt 0.111111 0.500000
vt 0.111111 0.583333
vt 0.111111 0.666667
vt 0.111111 0.750000
vt 0.111111 0.833333
vt 0.138889 1.000000
vt 0.138889 0.916667
vt 0.138889 0.083333
vt 0.138889 0.000000
vt 0.138889 0.166667
vt 0.138889 0.250000
vt 0.138889 0.333333
vt 0.138889 0.416667
vt 0.138889 0.500000
vt 0.138889 0.583333
vt 0.138889 0.666667
vt 0.138889 0.750000
vt 0.138889 0.833333
vt 0.166667 1.000000
vt 0.166667 0.916667
vt 0.166667 0.083333
vt 0.166667 0.000000
vt 0.166667 0.166667
vt 0.166667 0.250000
vt 0.166667 0.333333
vt 0.166667 0.416667
vt 0.166667 0.500000
vt 0.166667 0.583333
vt 0.166667 0.666667
vt 0.166667 0.750000
vt 0.166667 0.833333
vt 0.194444 1.000000
vt 0.194444 0.916667
vt 0.194444 0.083333
vt 0.194444 0.000000
vt 0.194444 0.166667
vt 0.194444 0.250000
vt 0.194444 0.333333
vt 0.194444 0.416667
vt 0.194444 0.500000
vt 0.194444 0.583333
vt 0.194444 0.666667
vt 0.194444 0.750000
vt 0.194444 0.833333
vt 0.222222 1.000000
vt 0.222222 0.916667
vt 0.222222 0.083333
vt 0.222222 0.000000
vt 0.222222 0.166667
vt 0.222222 0.250000
vt 0.222222 0.333333
vt 0.222222 0.416667
vt 0.222222 0.500000
vt 0.222222 0.583333
vt 0.222222 0.666667
vt 0.222222 0.750000
vt 0.222222 0.833333
vt 0.250000 1.000000
vt 0.250000 0.916667
vt 0.250000 0.083333
vt 0.250000 0.000000
vt 0.250000 0.166667
vt 0.250000 0.250000
vt 0.250000 0.333333
vt 0.250000 0.416667
vt 0.250000 0.500000
vt 0.250000 0.583333
vt 0.250000 0.666667
vt 0.250000 0.750000
vt 0.250000 0.833333
vt 0.277778 1.000000
vt 0.277778 0.916667
vt 0.277778 0.083333
vt 0.277778 0.000000
vt 0.277778 0.166667
vt 0.277778 0.250000
vt 0.277778 0.333333
vt 0.277778 0.416667
vt 0.277778 0.500000
vt 0.277778 0.583333
vt 0.277778 0.666667
vt 0.277778 0.750000
vt 0.277778 0.833333
vt 0.305556 1.000000
vt 0.305556 0.916667
vt 0.305556 0.083333
vt 0.305556 0.000000
vt 0.305556 0.166667
vt 0.305556 0.250000
vt 0.305556 0.333333
vt 0.305556 0.416667
vt 0.305556 0.500000
vt 0.305556 0.583333
vt 0.305556 0.666667
vt 0.305556 0.750000
vt 0.305556 0.833333
vt 0.333333 1.000000
vt 0.333333 0.916667
vt 0.333333 0.083333
vt 0.333333 0.000000
vt 0.333333 0.166667
vt 0.333333 0.250000
vt 0.333333 0.333333
vt 0.333333 0.416667
vt 0.333333 0.500000
vt 0.333333 0.583333
vt 0.333333 0.666667
vt 0.333333 0.750000
vt 0.333333 0.833333
vt 0.361111 1.000000
vt 0.361111 0.916667
vt 0.361111 0.083333
vt 0.361111 0.000000
vt 0.361111 0.166667
vt 0.361111 0.250000
vt 0.361111 0.333333
vt 0.361111 0.416667
vt 0.361111 0.500000
vt 0.361111 0.583333
vt 0.361111 0.666667
vt 0.361111 0.750000
vt 0.361111 0.833333
vt 0.388889 1.000000
vt 0.388889 0.916667
vt 0.388889 0.083333
vt 0.388889 0.000000
vt 0.388889 0.166667
vt 0.388889 0.250000
vt 0.388889 0.333333
vt 0.388889 0.416667
vt 0.388889 0.500000
vt 0.388889 0.583333
vt 0.388889 0.666667
vt 0.388889 0.750000
vt 0.388889 0.833333
vt 0.416667 1.000000
vt 0.416667 0.916667
vt 0.416667 0.083333
vt 0.416667 0.000000
vt 0.416667 0.166667
vt 0.416667 0.250000
vt 0.416667 0.333333
vt 0.416667 0.416667
vt 0.416667 0.500000
vt 0.416667 0.583333
vt 0.416667 0.666667
vt 0.416667 0.750000
vt 0.416667 0.833333
vt 0.444444 1.000000
vt 0.444444 0.916667
vt 0.444444 0.083333
vt 0.444444 0.000000
vt 0.444444 0.166667
vt 0.444444 0.250000
vt 0.444444 0.333333
vt 0.444444 0.416667
vt 0.444444 0.500000
vt 0.444444 0.583333
vt 0.444444 0.666667
vt 0.444444 0.750000
vt 0.444444 0.833333
vt 0.472222 1.000000
vt 0.472222 0.916667
vt 0.472222 0.083333
vt 0.472222 0.000000
vt 0.472222 0.166667
vt 0.472222 0.250000
vt 0.472222 0.333333
vt 0.472222 0.416667
vt 0.472222 0.500000
vt 0.472222 0.583333
vt 0.472222 0.666667
vt 0.472222 0.750000
vt 0.472222 0.833333
vt 0.500000 1.000000
vt 0.500000 0.916667
vt 0.500000 0.083333
vt 0.500000 0.000000
vt 0.500000 0.166667
vt 0.500000 0.250000
vt 0.500000 0.333333
vt 0.500000 0.416667
vt 0.500000 0.500000
vt 0.500000 0.583333
vt 0.500000 0.666667
vt 0.500000 0.750000
vt 0.500000 0.833333
vt 0.527778 1.000000
vt 0.527778 0.916667
vt 0.527778 0.083333
vt 0.527778 0.000000
vt 0.527778 0.166667
vt 0.527778 0.250000
vt 0.527778 0.333333
vt 0.527778 0.416667
vt 0.527778 0.500000
vt 0.527778 0.583333
vt 0.527778 0.666667
vt 0.527778 0.750000
vt 0.527778 0.833333
vt 0.555556 1.000000
vt 0.555556 0.916667
vt 0.555556 0.083333
vt 0.555556 0.000000
vt 0.555556 0.166667
vt 0.555556 0.250000
vt 0.555556 0.333333
vt 0.555556 0.416667
vt 0.555556 0.500000
vt 0.555556 0.583333
vt 0.555556 0.666667
vt 0.555556 0.750000
vt 0.555556 0.833333
vt 0.583333 1.000000
vt 0.583333 0.916667
vt 0.583333 0.083333
vt 0.583333 0.000000
vt 0.583333 0.166667
vt 0.583333 0.250000
vt 0.583333 0.333333
vt 0.583333 0.416667
vt 0.583333 0.500000
vt 0.583333 0.583333
vt 0.583333 0.666667
vt 0.583333 0.750000
vt 0.583333 0.833333
vt 0.611111 1.000000
vt 0.611111 0.916667
vt 0.611111 0.083333
vt 0.611111 0.000000
vt 0.611111 0.166667
vt 0.611111 0.250000
vt 0.611111 0.333333
vt 0.611111 0.416667
vt 0.611111 0.500000
vt 0.611111 0.583333
vt 0.611111 0.666667
vt 0.611111 0.750000
vt 0.611111 0.833333
vt 0.638889 1.000000
vt 0.638889 0.916667
vt 0.638889 0.083333
vt 0.638889 0.000000
vt 0.638889 0.166667
vt 0.638889 0.250000
vt 0.638889 0.333333
vt 0.638889 0.416667
vt 0.638889 0.500000
vt 0.638889 0.583333
vt 0.638889 0.666667
vt 0.638889 0.750000
vt 0.638889 0.833333
vt 0.666667 1.000000
vt 0.666667 0.916667
vt 0.666667 0.083333
vt 0.666667 0.000000
vt 0.666667 0.166667
vt 0.666667 0.250000
vt 0.666667 0.333333
vt 0.666667 0.416667
vt 0.666667 0.500000
vt 0.666667 0.583333
vt 0.666667 0.666667
vt 0.666667 0.750000
vt 0.666667 0.833333
vt 0.694444 1.000000
vt 0.694444 0.916667
vt 0.694444 0.083333
vt 0.694444 0.000000
vt 0.694444 0.166667
vt 0.694444 0.250000
vt 0.694444 0.333333
vt 0.694444 0.416667
vt 0.694444 0.500000
vt 0.694444 0.583333
vt 0.694444 0.666667
vt 0.694444 0.750000
vt 0.694444 0.833333
vt 0.722222 1.000000
vt 0.722222 0.916667
vt 0.722222 0.083333
vt 0.722222 0.000000
vt 0.722222 0.166667
vt 0.722222 0.250000
vt 0.722222 0.333333
vt 0.722222 0.416667
vt 0.722222 0.500000
vt 0.722222 0.583333
vt 0.722222 0.666667
vt 0.722222 0.750000
vt 0.722222 0.833333
vt 0.750000 1.000000
vt 0.750000 0.916667
vt 0.750000 0.083333
vt 0.750000 0.000000
vt 0.750000 0.166667
vt 0.750000 0.250000
vt 0.750000 0.333333
vt 0.750000 0.416667
vt 0.750000 0.500000
vt 0.750000 0.583333
vt 0.750000 0.666667
vt 0.750000 0.750000
vt 0.750000 0.833333
vt 0.777778 1.000000
vt 0.777778 0.916667
vt 0.777778 0.083333
vt 0.777778 0.000000
vt 0.777778 0.166667
vt 0.777778 0.250000
vt 0.777778 0.333333
vt 0.777778 0.416667
vt 0.777778 0.500000
vt 0.777778 0.583333
vt 0.777778 0.666667
vt 0.777778 0.750000
vt 0.777778 0.833333
vt 0.805556 1.000000
vt 0.805556 0.916667
vt 0.805556 0.083333
vt 0.805556 0.000000
vt 0.805556 0.166667
vt 0.805556 0.250000
vt 0.805556 0.333333
vt 0.805556 0.416667
vt 0.805556 0.500000
vt 0.805556 0.583333
vt 0.805556 0.666667
vt 0.805556 0.750000
vt 0.805556 0.833333
vt 0.833333 1.000000
vt 0.833333 0.916667
vt 0.833333 0.083333
vt 0.833333 0.000000
vt 0.833333 0.166667
vt 0.833333 0.250000
vt 0.833333 0.333333
vt 0.833333 0.416667
vt 0.833333 0.500000
vt 0.833333 0.583333
vt 0.833333 0.666667
vt 0.833333 0.750000
vt 0.833333 0.833333
vt 0.861111 1.000000
vt 0.861111 0.916667
vt 0.861111 0.083333
vt 0.861111 0.000000
vt 0.861111 0.166667
vt 0.861111 0.250000
vt 0.861111 0.333333
vt 0.861111 0.416667
vt 0.861111 0.500000
vt 0.861111 0.583333
vt 0.861111 0.666667
vt 0.861111 0.750000
vt 0.861111 0.833333
vt 0.888889 1.000000
vt 0.888889 0.916667
vt 0.888889 0.083333
vt 0.888889 0.000000
vt 0.888889 0.166667
vt 0.888889 0.250000
vt 0.888889 0.333333
vt 0.888889 0.416667
vt 0.888889 0.500000
vt 0.888889 0.583333
vt 0.888889 0.666667
vt 0.888889 0.750000
vt 0.888889 0.833333
vt 0.916667 1.000000
vt 0.916667 0.916667
vt 0.916667 0.083333
vt 0.916667 0.000000
vt 0.916667 0.166667
vt 0.916667 0.250000
vt 0.916667 0.333333
vt 0.916667 0.416667
vt 0.916667 0.500000
vt 0.916667 0.583333
vt 0.916667 0.666667
vt 0.916667 0.750000
vt 0.916667 0.833333
vt 0.944444 1.000000
vt 0.944444 0.916667
vt 0.944444 0.083333
vt 0.944444 0.000000
vt 0.944444 0.166667
vt 0.944444 0.250000
vt 0.944444 0.333333
vt 0.944444 0.416667
vt 0.944444 0.500000
vt 0.944444 0.583333
vt 0.944444 0.666667
vt 0.944444 0.750000
vt 0.944444 0.833333
vt 0.972222 1.000000
vt 0.972222 0.916667
vt 0.972222 0.083333
vt 0.972222 0.000000
vt 0.972222 0.166667
vt 0.972222 0.250000
vt 0.972222 0.333333
vt 0.972222 0.416667
vt 0.972222 0.500000
vt 0.972222 0.583333
vt 0.972222 0.666667
vt 0.972222 0.750000
vt 0.972222 0.833333
vt 1.000000 1.000000
vt 1.000000 0.916667
vt 1.000000 0.083333
vt 1.000000 0.000000
vt 1.000000 0.166667
vt 1.000000 0.250000
vt 1.000000 0.333333
vt 1.000000 0.416667
vt 1.000000 0.500000
vt 1.000000 0.583333
vt 1.000000 0.666667
vt 1.000000 0.750000
vt 1.000000 0.833333
s 1
usemtl Black_Acent
f 1/1/1 13/2/2 24/3/3 12/4/4
f 2/5/5 14/6/6 13/7/2 1/8/1
f 3/9/7 15/10/8 14/6/6 2/5/5
f 4/11/9 16/12/10 15/10/8 3/9/7
f 5/13/11 17/14/12 16/12/10 4/11/9
f 6/15/13 18/16/14 17/14/12 5/13/11
f 7/17/15 19/18/16 18/16/14 6/15/13
f 8/19/17 20/20/18 19/18/16 7/17/15
f 9/21/19 21/22/20 20/20/18 8/19/17
f 10/23/21 22/24/22 21/22/20 9/21/19
f 11/25/23 23/26/24 22/24/22 10/23/21
f 12/4/4 24/3/3 23/26/24 11/25/23
f 13/2/2 25/27/25 36/28/26 24/3/3
f 14/6/6 26/29/27 25/30/25 13/7/2
f 15/10/8 27/31/28 26/29/27 14/6/6
f 16/12/10 28/32/29 27/31/28 15/10/8
f 17/14/12 29/33/30 28/32/29 16/12/10
f 18/16/14 30/34/31 29/33/30 17/14/12
f 19/18/16 31/35/32 30/34/31 18/16/14
f 20/20/18 32/36/33 31/35/32 19/18/16
f 21/22/20 33/37/34 32/36/33 20/20/18
f 22/24/22 34/38/35 33/37/34 21/22/20
f 23/26/24 35/39/36 34/38/35 22/24/22
f 24/3/3 36/28/26 35/39/36 23/26/24
f 25/27/25 37/40/37 48/41/38 36/28/26
f 26/29/27 38/42/39 37/43/37 25/30/25
f 27/31/28 39/44/40 38/42/39 26/29/27
f 28/32/29 40/45/41 39/44/40 27/31/28
f 29/33/30 41/46/42 40/45/41 28/32/29
f 30/34/31 42/47/43 41/46/42 29/33/30
f 31/35/32 43/48/44 42/47/43 30/34/31
f 32/36/33 44/49/45 43/48/44 31/35/32
f 33/37/34 45/50/46 44/49/45 32/36/33
f 34/38/35 46/51/47 45/50/46 33/37/34
f 35/39/36 47/52/48 46/51/47 34/38/35
f 36/28/26 48/41/38 47/52/48 35/39/36
f 37/40/37 49/53/49 60/54/50 48/41/38
f 38/42/39 50/55/51 49/56/49 37/43/37
f 39/44/40 51/57/52 50/55/51 38/42/39
f 40/45/41 52/58/53 51/57/52 39/44/40
f 41/46/42 53/59/54 52/58/53 40/45/41
f 42/47/43 54/60/55 53/59/54 41/46/42
f 43/48/44 55/61/56 54/60/55 42/47/43
f 44/49/45 56/62/57 55/61/56 43/48/44
f 45/50/46 57/63/58 56/62/57 44/49/45
f 46/51/47 58/64/59 57/63/58 45/50/46
f 47/52/48 59/65/60 58/64/59 46/51/47
f 48/41/38 60/54/50 59/65/60 47/52/48
f 49/53/49 61/66/61 72/67/62 60/54/50
f 50/55/51 62/68/63 61/69/61 49/56/49
f 51/57/52 63/70/64 62/68/63 50/55/51
f 52/58/53 64/71/65 63/70/64 51/57/52
f 53/59/54 65/72/66 64/71/65 52/58/53
f 54/60/55 66/73/67 65/72/66 53/59/54
f 55/61/56 67/74/68 66/73/67 54/60/55
f 56/62/57 68/75/69 67/74/68 55/61/56
f 57/63/58 69/76/70 68/75/69 56/62/57
f 58/64/59 70/77/71 69/76/70 57/63/58
f 59/65/60 71/78/72 70/77/71 58/64/59
f 60/54/50 72/67/62 71/78/72 59/65/60
f 61/66/61 73/79/73 84/80/74 72/67/62
f 62/68/63 74/81/75 73/82/73 61/69/61
f 63/70/64 75/83/76 74/81/75 62/68/63
f 64/71/65 76/84/77 75/83/76 63/70/64
f 65/72/66 77/85/78 76/84/77 64/71/65
f 66/73/67 78/86/79 77/85/78 65/72/66
f 67/74/68 79/87/80 78/86/79 66/73/67
f 68/75/69 80/88/81 79/87/80 67/74/68
f 69/76/70 81/89/82 80/88/81 68/75/69
f 70/77/71 82/90/83 81/89/82 69/76/70
f 71/78/72 83/91/84 82/90/83 70/77/71
f 72/67/62 84/80/74 83/91/84 71/78/72
f 73/79/73 85/92/85 96/93/86 84/80/74
f 74/81/75 86/94/87 85/95/85 73/82/73
f 75/83/76 87/96/88 86/94/87 74/81/75
f 76/84/77 88/97/89 87/96/88 75/83/76
f 77/85/78 89/98/90 88/97/89 76/84/77
f 78/86/79 90/99/91 89/98/90 77/85/78
f 79/87/80 91/100/92 90/99/91 78/86/79
f 80/88/81 92/101/93 91/100/92 79/87/80
f 81/89/82 93/102/94 92/101/93 80/88/81
f 82/90/83 94/103/95 93/102/94 81/89/82
f 83/91/84 95/104/96 94/103/95 82/90/83
f 84/80/74 96/93/86 95/104/96 83/91/84
f 85/92/85 97/105/97 108/106/98 96/93/86
f 86/94/87 98/107/99 97/108/97 85/95/85
f 87/96/88 99/109/100 98/107/99 86/94/87
f 88/97/89 100/110/101 99/109/100 87/96/88
f 89/98/90 101/111/102 100/110/101 88/97/89
f 90/99/91 102/112/103 101/111/102 89/98/90
f 91/100/92 103/113/104 102/112/103 90/99/91
f 92/101/93 104/114/105 103/113/104 91/100/92
f 93/102/94 105/115/106 104/114/105 92/101/93
f 94/103/95 106/116/107 105/115/106 93/102/94
f 95/104/96 107/117/108 106/116/107 94/103/95
f 96/93/86 108/106/98 107/117/108 95/104/96
f 97/105/97 109/118/109 120/119/110 108/106/98
f 98/107/99 110/120/111 109/121/109 97/108/97
f 99/109/100 111/122/112 110/120/111 98/107/99
f 100/110/101 112/123/113 111/122/112 99/109/100
f 101/111/102 113/124/114 112/123/113 100/110/101
f 102/112/103 114/125/115 113/124/114 101/111/102
f 103/113/104 115/126/116 114/125/115 102/112/103
f 104/114/105 116/127/117 115/126/116 103/113/104
f 105/115/106 117/128/118 116/127/117 104/114/105
f 106/116/107 118/129/119 117/128/118 105/115/106
f 107/117/108 119/130/120 118/129/119 106/116/107
f 108/106/98 120/119/110 119/130/120 107/117/108
f 109/118/109 121/131/121 132/132/122 120/119/110
f 110/120/111 122/133/123 121/134/121 109/121/109
f 111/122/112 123/135/124 122/133/123 110/120/111
f 112/123/113 124/136/125 123/135/124 111/122/112
f 113/124/114 125/137/126 124/136/125 112/123/113
f 114/125/115 126/138/127 125/137/126 113/124/114
f 115/126/116 127/139/128 126/138/127 114/125/115
f 116/127/117 128/140/129 127/139/128 115/126/116
f 117/128/118 129/141/130 128/140/129 116/127/117
f 118/129/119 130/142/131 129/141/130 117/128/118
f 119/130/120 131/143/132 130/142/131 118/129/119
f 120/119/110 132/132/122 131/143/132 119/130/120
f 121/131/121 133/144/133 144/145/134 132/132/122
f 122/133/123 134/146/135 133/147/133 121/134/121
f 123/135/124 135/148/136 134/146/135 122/133/123
f 124/136/125 136/149/137 135/148/136 123/135/124
f 125/137/126 137/150/138 136/149/137 124/136/125
f 126/138/127 138/151/139 137/150/138 125/137/126
f 127/139/128 139/152/140 138/151/139 126/138/127
f 128/140/129 140/153/141 139/152/140 127/139/128
f 129/141/130 141/154/142 140/153/141 128/140/129
f 130/142/131 142/155/143 141/154/142 129/141/130
f 131/143/132 143/156/144 142/155/143 130/142/131
f 132/132/122 144/145/134 143/156/144 131/143/132
f 133/144/133 145/157/145 156/158/146 144/145/134
f 134/146/135 146/159/147 145/160/145 133/147/133
f 135/148/136 147/161/148 146/159/147 134/146/135
f 136/149/137 148/162/149 147/161/148 135/148/136
f 137/150/138 149/163/150 148/162/149 136/149/137
f 138/151/139 150/164/151 149/163/150 137/150/138
f 139/152/140 151/165/152 150/164/151 138/151/139
f 140/153/141 152/166/153 151/165/152 139/152/140
f 141/154/142 153/167/154 152/166/153 140/153/141
f 142/155/143 154/168/155 153/167/154 141/154/142
f 143/156/144 155/169/156 154/168/155 142/155/143
f 144/145/134 156/158/146 155/169/156 143/156/144
f 145/157/145 157/170/157 168/171/158 156/158/146
f 146/159/147 158/172/159 157/173/157 145/160/145
f 147/161/148 159/174/160 158/172/159 146/159/147
f 148/162/149 160/175/161 159/174/160 147/161/148
f 149/163/150 161/176/162 160/175/161 148/162/149
f 150/164/151 162/177/163 161/176/162 149/163/150
f 151/165/152 163/178/164 162/177/163 150/164/151
f 152/166/153 164/179/165 163/178/164 151/165/152
f 153/167/154 165/180/166 164/179/165 152/166/153
f 154/168/155 166/181/167 165/180/166 153/167/154
f 155/169/156 167/182/168 166/181/167 154/168/155
f 156/158/146 168/171/158 167/182/168 155/169/156
f 157/170/157 169/183/169 180/184/170 168/171/158
f 158/172/159 170/185/171 169/186/169 157/173/157
f 159/174/160 171/187/172 170/185/171 158/172/159
f 160/175/161 172/188/173 171/187/172 159/174/160
f 161/176/162 173/189/174 172/188/173 160/175/161
f 162/177/163 174/190/175 173/189/174 161/176/162
f 163/178/164 175/191/176 174/190/175 162/177/163
f 164/179/165 176/192/177 175/191/176 163/178/164
f 165/180/166 177/193/178 176/192/177 164/179/165
f 166/181/167 178/194/179 177/193/178 165/180/166
f 167/182/168 179/195/180 178/194/179 166/181/167
f 168/171/158 180/184/170 179/195/180 167/182/168
f 169/183/169 181/196/181 192/197/182 180/184/170
f 170/185/171 182/198/183 181/199/181 169/186/169
f 171/187/172 183/200/184 182/198/183 170/185/171
f 172/188/173 184/201/185 183/200/184 171/187/172
f 173/189/174 185/202/186 184/201/185 172/188/173
f 174/190/175 186/203/187 185/202/186 173/189/174
f 175/191/176 187/204/188 186/203/187 174/190/175
f 176/192/177 188/205/189 187/204/188 175/191/176
f 177/193/178 189/206/190 188/205/189 176/192/177
f 178/194/179 190/207/191 189/206/190 177/193/178
f 179/195/180 191/208/192 190/207/191 178/194/179
f 180/184/170 192/197/182 191/208/192 179/195/180
f 181/196/181 193/209/193 204/210/194 192/197/182
f 182/198/183 194/211/195 193/212/193 181/199/181
f 183/200/184 195/213/196 194/211/195 182/198/183
f 184/201/185 196/214/197 195/213/196 183/200/184
f 185/202/186 197/215/198 196/214/197 184/201/185
f 186/203/187 198/216/199 197/215/198 185/202/186
f 187/204/188 199/217/200 198/216/199 186/203/187
f 188/205/189 200/218/201 199/217/200 187/204/188
f 189/206/190 201/219/202 200/218/201 188/205/189
f 190/207/191 202/220/203 201/219/202 189/206/190
f 191/208/192 203/221/204 202/220/203 190/207/191
f 192/197/182 204/210/194 203/221/204 191/208/192
f 193/209/193 205/222/205 216/223/206 204/210/194
f 194/211/195 206/224/207 205/225/205 193/212/193
f 195/213/196 207/226/208 206/224/207 194/211/195
f 196/214/197 208/227/209 207/226/208 195/213/196
f 197/215/198 209/228/210 208/227/209 196/214/197
f 198/216/199 210/229/211 209/228/210 197/215/198
f 199/217/200 211/230/212 210/229/211 198/216/199
f 200/218/201 212/231/213 211/230/212 199/217/200
f 201/219/202 213/232/214 212/231/213 200/218/201
f 202/220/203 214/233/215 213/232/214 201/219/202
f 203/221/204 215/234/216 214/233/215 202/220/203
f 204/210/194 216/223/206 215/234/216 203/221/204
f 205/222/205 217/235/217 228/236/218 216/223/206
f 206/224/207 218/237/219 217/238/217 205/225/205
f 207/226/208 219/239/220 218/237/219 206/224/207
f 208/227/209 220/240/221 219/239/220 207/226/208
f 209/228/210 221/241/222 220/240/221 208/227/209
f 210/229/211 222/242/223 221/241/222 209/228/210
f 211/230/212 223/243/224 222/242/223 210/229/211
f 212/231/213 224/244/225 223/243/224 211/230/212
f 213/232/214 225/245/226 224/244/225 212/231/213
f 214/233/215 226/246/227 225/245/226 213/232/214
f 215/234/216 227/247/228 226/246/227 214/233/215
f 216/223/206 228/236/218 227/247/228 215/234/216
f 217/235/217 229/248/229 240/249/230 228/236/218
f 218/237/219 230/250/231 229/251/229 217/238/217
f 219/239/220 231/252/232 230/250/231 218/237/219
f 220/240/221 232/253/233 231/252/232 219/239/220
f 221/241/222 233/254/234 232/253/233 220/240/221
f 222/242/223 234/255/235 233/254/234 221/241/222
f 223/243/224 235/256/236 234/255/235 222/242/223
f 224/244/225 236/257/237 235/256/236 223/243/224
f 225/245/226 237/258/238 236/257/237 224/244/225
f 226/246/227 238/259/239 237/258/238 225/245/226
f 227/247/228 239/260/240 238/259/239 226/246/227
f 228/236/218 240/249/230 239/260/240 227/247/228
f 229/248/229 241/261/241 252/262/242 240/249/230
f 230/250/231 242/263/243 241/264/241 229/251/229
f 231/252/232 243/265/244 242/263/243 230/250/231
f 232/253/233 244/266/245 243/265/244 231/252/232
f 233/254/234 245/267/246 244/266/245 232/253/233
f 234/255/235 246/268/247 245/267/246 233/254/234
f 235/256/236 247/269/248 246/268/247 234/255/235
f 236/257/237 248/270/249 247/269/248 235/256/236
f 237/258/238 249/271/250 248/270/249 236/257/237
f 238/259/239 250/272/251 249/271/250 237/258/238
f 239/260/240 251/273/252 250/272/251 238/259/239
f 240/249/230 252/262/242 251/273/252 239/260/240
f 241/261/241 253/274/253 264/275/254 252/262/242
f 242/263/243 254/276/255 253/277/253 241/264/241
f 243/265/244 255/278/256 254/276/255 242/263/243
f 244/266/245 256/279/257 255/278/256 243/265/244
f 245/267/246 257/280/258 256/279/257 244/266/245
f 246/268/247 258/281/259 257/280/258 245/267/246
f 247/269/248 259/282/260 258/281/259 246/268/247
f 248/270/249 260/283/261 259/282/260 247/269/248
f 249/271/250 261/284/262 260/283/261 248/270/249
f 250/272/251 262/285/263 261/284/262 249/271/250
f 251/273/252 263/286/264 262/285/263 250/272/251
f 252/262/242 264/275/254 263/286/264 251/273/252
f 253/274/253 265/287/265 276/288/266 264/275/254
f 254/276/255 266/289/267 265/290/265 253/277/253
f 255/278/256 267/291/268 266/289/267 254/276/255
f 256/279/257 268/292/269 267/291/268 255/278/256
f 257/280/258 269/293/270 268/292/269 256/279/257
f 258/281/259 270/294/271 269/293/270 257/280/258
f 259/282/260 271/295/272 270/294/271 258/281/259
f 260/283/261 272/296/273 271/295/272 259/282/260
f 261/284/262 273/297/274 272/296/273 260/283/261
f 262/285/263 274/298/275 273/297/274 261/284/262
f 263/286/264 275/299/276 274/298/275 262/285/263
f 264/275/254 276/288/266 275/299/276 263/286/264
f 265/287/265 277/300/277 288/301/278 276/288/266
f 266/289/267 278/302/279 277/303/277 265/290/265
f 267/291/268 279/304/280 278/302/279 266/289/267
f 268/292/269 280/305/281 279/304/280 267/291/268
f 269/293/270 281/306/282 280/305/281 268/292/269
f 270/294/271 282/307/283 281/306/282 269/293/270
f 271/295/272 283/308/284 282/307/283 270/294/271
f 272/296/273 284/309/285 283/308/284 271/295/272
f 273/297/274 285/310/286 284/309/285 272/296/273
f 274/298/275 286/311/287 285/310/286 273/297/274
f 275/299/276 287/312/288 286/311/287 274/298/275
f 276/288/266 288/301/278 287/312/288 275/299/276
f 277/300/277 289/313/289 300/314/290 288/301/278
f 278/302/279 290/315/291 289/316/289 277/303/277
f 279/304/280 291/317/292 290/315/291 278/302/279
f 280/305/281 292/318/293 291/317/292 279/304/280
f 281/306/282 293/319/294 292/318/293 280/305/281
f 282/307/283 294/320/295 293/319/294 281/306/282
f 283/308/284 295/321/296 294/320/295 282/307/283
f 284/309/285 296/322/297 295/321/296 283/308/284
f 285/310/286 297/323/298 296/322/297 284/309/285
f 286/311/287 298/324/299 297/323/298 285/310/286
f 287/312/288 299/325/300 298/324/299 286/311/287
f 288/301/278 300/314/290 299/325/300 287/312/288
f 289/313/289 301/326/301 312/327/302 300/314/290
f 290/315/291 302/328/303 301/329/301 289/316/289
f 291/317/292 303/330/304 302/328/303 290/315/291
f 292/318/293 304/331/305 303/330/304 291/317/292
f 293/319/294 305/332/306 304/331/305 292/318/293
f 294/320/295 306/333/307 305/332/306 293/319/294
f 295/321/296 307/334/308 306/333/307 294/320/295
f 296/322/297 308/335/309 307/334/308 295/321/296
f 297/323/298 309/336/310 308/335/309 296/322/297
f 298/324/299 310/337/311 309/336/310 297/323/298
f 299/325/300 311/338/312 310/337/311 298/324/299
f 300/314/290 312/327/302 311/338/312 299/325/300
f 301/326/301 313/339/313 324/340/314 312/327/302
f 302/328/303 314/341/315 313/342/313 301/329/301
f 303/330/304 315/343/316 314/341/315 302/328/303
f 304/331/305 316/344/317 315/343/316 303/330/304
f 305/332/306 317/345/318 316/344/317 304/331/305
f 306/333/307 318/346/319 317/345/318 305/332/306
f 307/334/308 319/347/320 318/346/319 306/333/307
f 308/335/309 320/348/321 319/347/320 307/334/308
f 309/336/310 321/349/322 320/348/321 308/335/309
f 310/337/311 322/350/323 321/349/322 309/336/310
f 311/338/312 323/351/324 322/350/323 310/337/311
f 312/327/302 324/340/314 323/351/324 311/338/312
f 313/339/313 325/352/325 336/353/326 324/340/314
f 314/341/315 326/354/327 325/355/325 313/342/313
f 315/343/316 327/356/328 326/354/327 314/341/315
f 316/344/317 328/357/329 327/356/328 315/343/316
f 317/345/318 329/358/330 328/357/329 316/344/317
f 318/346/319 330/359/331 329/358/330 317/345/318
f 319/347/320 331/360/332 330/359/331 318/346/319
f 320/348/321 332/361/333 331/360/332 319/347/320
f 321/349/322 333/362/334 332/361/333 320/348/321
f 322/350/323 334/363/335 333/362/334 321/349/322
f 323/351/324 335/364/336 334/363/335 322/350/323
f 324/340/314 336/353/326 335/364/336 323/351/324
f 325/352/325 337/365/337 348/366/338 336/353/326
f 326/354/327 338/367/339 337/368/337 325/355/325
f 327/356/328 339/369/340 338/367/339 326/354/327
f 328/357/329 340/370/341 339/369/340 327/356/328
f 329/358/330 341/371/342 340/370/341 328/357/329
f 330/359/331 342/372/343 341/371/342 329/358/330
f 331/360/332 343/373/344 342/372/343 330/359/331
f 332/361/333 344/374/345 343/373/344 331/360/332
f 333/362/334 345/375/346 344/374/345 332/361/333
f 334/363/335 346/376/347 345/375/346 333/362/334
f 335/364/336 347/377/348 346/376/347 334/363/335
f 336/353/326 348/366/338 347/377/348 335/364/336
f 337/365/337 349/378/349 360/379/350 348/366/338
f 338/367/339 350/380/351 349/381/349 337/368/337
f 339/369/340 351/382/352 350/380/351 338/367/339
f 340/370/341 352/383/353 351/382/352 339/369/340
f 341/371/342 353/384/354 352/383/353 340/370/341
f 342/372/343 354/385/355 353/384/354 341/371/342
f 343/373/344 355/386/356 354/385/355 342/372/343
f 344/374/345 356/387/357 355/386/356 343/373/344
f 345/375/346 357/388/358 356/387/357 344/374/345
f 346/376/347 358/389/359 357/388/358 345/375/346
f 347/377/348 359/390/360 358/389/359 346/376/347
f 348/366/338 360/379/350 359/390/360 347/377/348
f 349/378/349 361/391/361 372/392/362 360/379/350
f 350/380/351 362/393/363 361/394/361 349/381/349
f 351/382/352 363/395/364 362/393/363 350/380/351
f 352/383/353 364/396/365 363/395/364 351/382/352
f 353/384/354 365/397/366 364/396/365 352/383/353
f 354/385/355 366/398/367 365/397/366 353/384/354
f 355/386/356 367/399/368 366/398/367 354/385/355
f 356/387/357 368/400/369 367/399/368 355/386/356
f 357/388/358 369/401/370 368/400/369 356/387/357
f 358/389/359 370/402/371 369/401/370 357/388/358
f 359/390/360 371/403/372 370/402/371 358/389/359
f 360/379/350 372/392/362 371/403/372 359/390/360
f 361/391/361 373/404/373 384/405/374 372/392/362
f 362/393/363 374/406/375 373/407/373 361/394/361
f 363/395/364 375/408/376 374/406/375 362/393/363
f 364/396/365 376/409/377 375/408/376 363/395/364
f 365/397/366 377/410/378 376/409/377 364/396/365
f 366/398/367 378/411/379 377/410/378 365/397/366
f 367/399/368 379/412/380 378/411/379 366/398/367
f 368/400/369 380/413/381 379/412/380 367/399/368
f 369/401/370 381/414/382 380/413/381 368/400/369
f 370/402/371 382/415/383 381/414/382 369/401/370
f 371/403/372 383/416/384 382/415/383 370/402/371
f 372/392/362 384/405/374 383/416/384 371/403/372
f 373/404/373 385/417/385 396/418/386 384/405/374
f 374/406/375 386/419/387 385/420/385 373/407/373
f 375/408/376 387/421/388 386/419/387 374/406/375
f 376/409/377 388/422/389 387/421/388 375/408/376
f 377/410/378 389/423/390 388/422/389 376/409/377
f 378/411/379 390/424/391 389/423/390 377/410/378
f 379/412/380 391/425/392 390/424/391 378/411/379
f 380/413/381 392/426/393 391/425/392 379/412/380
f 381/414/382 393/427/394 392/426/393 380/413/381
f 382/415/383 394/428/395 393/427/394 381/414/382
f 383/416/384 395/429/396 394/428/395 382/415/383
f 384/405/374 396/418/386 395/429/396 383/416/384
f 385/417/385 397/430/397 408/431/398 396/418/386
f 386/419/387 398/432/399 397/433/397 385/420/385
f 387/421/388 399/434/400 398/432/399 386/419/387
f 388/422/389 400/435/401 399/434/400 387/421/388
f 389/423/390 401/436/402 400/435/401 388/422/389
f 390/424/391 402/437/403 401/436/402 389/423/390
f 391/425/392 403/438/404 402/437/403 390/424/391
f 392/426/393 404/439/405 403/438/404 391/425/392
f 393/427/394 405/440/406 404/439/405 392/426/393
f 394/428/395 406/441/407 405/440/406 393/427/394
f 395/429/396 407/442/408 406/441/407 394/428/395
f 396/418/386 408/431/398 407/442/408 395/429/396
f 397/430/397 409/443/409 420/444/410 408/431/398
f 398/432/399 410/445/411 409/446/409 397/433/397
f 399/434/400 411/447/412 410/445/411 398/432/399
f 400/435/401 412/448/413 411/447/412 399/434/400
f 401/436/402 413/449/414 412/448/413 400/435/401
f 402/437/403 414/450/415 413/449/414 401/436/402
f 403/438/404 415/451/416 414/450/415 402/437/403
f 404/439/405 416/452/417 415/451/416 403/438/404
f 405/440/406 417/453/418 416/452/417 404/439/405
f 406/441/407 418/454/419 417/453/418 405/440/406
f 407/442/408 419/455/420 418/454/419 406/441/407
f 408/431/398 420/444/410 419/455/420 407/442/408
f 409/443/409 421/456/421 432/457/422 420/444/410
f 410/445/411 422/458/423 421/459/421 409/446/409
f 411/447/412 423/460/424 422/458/423 410/445/411
f 412/448/413 424/461/425 423/460/424 411/447/412
f 413/449/414 425/462/426 424/461/425 412/448/413
f 414/450/415 426/463/427 425/462/426 413/449/414
f 415/451/416 427/464/428 426/463/427 414/450/415
f 416/452/417 428/465/429 427/464/428 415/451/416
f 417/453/418 429/466/430 428/465/429 416/452/417
f 418/454/419 430/467/431 429/466/430 417/453/418
f 419/455/420 431/468/432 430/467/431 418/454/419
f 420/444/410 432/457/422 431/468/432 419/455/420
f 421/456/421 433/469/433 444/470/434 432/457/422
f 422/458/423 434/471/435 433/472/433 421/459/421
f 423/460/424 435/473/436 434/471/435 422/458/423
f 424/461/425 436/474/437 435/473/436 423/460/424
f 425/462/426 437/475/438 436/474/437 424/461/425
f 426/463/427 438/476/439 437/475/438 425/462/426
f 427/464/428 439/477/440 438/476/439 426/463/427
f 428/465/429 440/478/441 439/477/440 427/464/428
f 429/466/430 441/479/442 440/478/441 428/465/429
f 430/467/431 442/480/443 441/479/442 429/466/430
f 431/468/432 443/481/444 442/480/443 430/467/431
f 432/457/422 444/470/434 443/481/444 431/468/432
f 445/1/445 457/2/446 468/3/447 456/4/448
f 446/5/449 458/6/450 457/7/446 445/8/445
f 447/9/451 459/10/452 458/6/450 446/5/449
f 448/11/453 460/12/454 459/10/452 447/9/451
f 449/13/455 461/14/456 460/12/454 448/11/453
f 450/15/457 462/16/458 461/14/456 449/13/455
f 451/17/459 463/18/460 462/16/458 450/15/457
f 452/19/461 464/20/462 463/18/460 451/17/459
f 453/21/463 465/22/464 464/20/462 452/19/461
f 454/23/465 466/24/466 465/22/464 453/21/463
f 455/25/467 467/26/468 466/24/466 454/23/465
f 456/4/448 468/3/447 467/26/468 455/25/467
f 457/2/446 469/27/469 480/28/470 468/3/447
f 458/6/450 470/29/471 469/30/469 457/7/446
f 459/10/452 471/31/472 470/29/471 458/6/450
f 460/12/454 472/32/473 471/31/472 459/10/452
f 461/14/456 473/33/474 472/32/473 460/12/454
f 462/16/458 474/34/475 473/33/474 461/14/456
f 463/18/460 475/35/476 474/34/475 462/16/458
f 464/20/462 476/36/477 475/35/476 463/18/460
f 465/22/464 477/37/478 476/36/477 464/20/462
f 466/24/466 478/38/479 477/37/478 465/22/464
f 467/26/468 479/39/480 478/38/479 466/24/466
f 468/3/447 480/28/470 479/39/480 467/26/468
f 469/27/469 481/40/481 492/41/482 480/28/470
f 470/29/471 482/42/483 481/43/481 469/30/469
f 471/31/472 483/44/484 482/42/483 470/29/471
f 472/32/473 484/45/485 483/44/484 471/31/472
f 473/33/474 485/46/486 484/45/485 472/32/473
f 474/34/475 486/47/487 485/46/486 473/33/474
f 475/35/476 487/48/488 486/47/487 474/34/475
f 476/36/477 488/49/489 487/48/488 475/35/476
f 477/37/478 489/50/490 488/49/489 476/36/477
f 478/38/479 490/51/491 489/50/490 477/37/478
f 479/39/480 491/52/492 490/51/491 478/38/479
f 480/28/470 492/41/482 491/52/492 479/39/480
f 481/40/481 493/53/493 504/54/494 492/41/482
f 482/42/483 494/55/495 493/56/493 481/43/481
f 483/44/484 495/57/496 494/55/495 482/42/483
f 484/45/485 496/58/497 495/57/496 483/44/484
f 485/46/486 497/59/498 496/58/497 484/45/485
f 486/47/487 498/60/499 497/59/498 485/46/486
f 487/48/488 499/61/500 498/60/499 486/47/487
f 488/49/489 500/62/501 499/61/500 487/48/488
f 489/50/490 501/63/502 500/62/501 488/49/489
f 490/51/491 502/64/503 501/63/502 489/50/490
f 491/52/492 503/65/504 502/64/503 490/51/491
f 492/41/482 504/54/494 503/65/504 491/52/492
f 493/53/493 505/66/505 516/67/506 504/54/494
f 494/55/495 506/68/507 505/69/505 493/56/493
f 495/57/496 507/70/508 506/68/507 494/55/495
f 496/58/497 508/71/509 507/70/508 495/57/496
f 497/59/498 509/72/510 508/71/509 496/58/497
f 498/60/499 510/73/511 509/72/510 497/59/498
f 499/61/500 511/74/512 510/73/511 498/60/499
f 500/62/501 512/75/513 511/74/512 499/61/500
f 501/63/502 513/76/514 512/75/513 500/62/501
f 502/64/503 514/77/515 513/76/514 501/63/502
f 503/65/504 515/78/516 514/77/515 502/64/503
f 504/54/494 516/67/506 515/78/516 503/65/504
f 505/66/505 517/79/517 528/80/518 516/67/506
f 506/68/507 518/81/519 517/82/517 505/69/505
f 507/70/508 519/83/520 518/81/519 506/68/507
f 508/71/509 520/84/521 519/83/520 507/70/508
f 509/72/510 521/85/522 520/84/521 508/71/509
f 510/73/511 522/86/523 521/85/522 509/72/510
f 511/74/512 523/87/524 522/86/523 510/73/511
f 512/75/513 524/88/525 523/87/524 511/74/512
f 513/76/514 525/89/526 524/88/525 512/75/513
f 514/77/515 526/90/527 525/89/526 513/76/514
f 515/78/516 527/91/528 526/90/527 514/77/515
f 516/67/506 528/80/518 527/91/528 515/78/516
f 517/79/517 529/92/529 540/93/530 528/80/518
f 518/81/519 530/94/531 529/95/529 517/82/517
f 519/83/520 531/96/532 530/94/531 518/81/519
f 520/84/521 532/97/533 531/96/532 519/83/520
f 521/85/522 533/98/534 532/97/533 520/84/521
f 522/86/523 534/99/535 533/98/534 521/85/522
f 523/87/524 535/100/536 534/99/535 522/86/523
f 524/88/525 536/101/537 535/100/536 523/87/524
f 525/89/526 537/102/538 536/101/537 524/88/525
f 526/90/527 538/103/539 537/102/538 525/89/526
f 527/91/528 539/104/540 538/103/539 526/90/527
f 528/80/518 540/93/530 539/104/540 527/91/528
f 529/92/529 541/105/541 552/106/542 540/93/530
f 530/94/531 542/107/543 541/108/541 529/95/529
f 531/96/532 543/109/544 542/107/543 530/94/531
f 532/97/533 544/110/545 543/109/544 531/96/532
f 533/98/534 545/111/546 544/110/545 532/97/533
f 534/99/535 546/112/547 545/111/546 533/98/534
f 535/100/536 547/113/548 546/112/547 534/99/535
f 536/101/537 548/114/549 547/113/548 535/100/536
f 537/102/538 549/115/550 548/114/549 536/101/537
f 538/103/539 550/116/551 549/115/550 537/102/538
f 539/104/540 551/117/552 550/116/551 538/103/539
f 540/93/530 552/106/542 551/117/552 539/104/540
f 541/105/541 553/118/553 564/119/554 552/106/542
f 542/107/543 554/120/555 553/121/553 541/108/541
f 543/109/544 555/122/556 554/120/555 542/107/543
f 544/110/545 556/123/557 555/122/556 543/109/544
f 545/111/546 557/124/558 556/123/557 544/110/545
f 546/112/547 558/125/559 557/124/558 545/111/546
f 547/113/548 559/126/560 558/125/559 546/112/547
f 548/114/549 560/127/561 559/126/560 547/113/548
f 549/115/550 561/128/562 560/127/561 548/114/549
f 550/116/551 562/129/563 561/128/562 549/115/550
f 551/117/552 563/130/564 562/129/563 550/116/551
f 552/106/542 564/119/554 563/130/564 551/117/552
f 553/118/553 565/131/565 576/132/566 564/119/554
f 554/120/555 566/133/567 565/134/565 553/121/553
f 555/122/556 567/135/568 566/133/567 554/120/555
f 556/123/557 568/136/569 567/135/568 555/122/556
f 557/124/558 569/137/570 568/136/569 556/123/557
f 558/125/559 570/138/571 569/137/570 557/124/558
f 559/126/560 571/139/572 570/138/571 558/125/559
f 560/127/561 572/140/573 571/139/572 559/126/560
f 561/128/562 573/141/574 572/140/573 560/127/561
f 562/129/563 574/142/575 573/141/574 561/128/562
f 563/130/564 575/143/576 574/142/575 562/129/563
f 564/119/554 576/132/566 575/143/576 563/130/564
f 565/131/565 577/144/577 588/145/578 576/132/566
f 566/133/567 578/146/579 577/147/577 565/134/565
f 567/135/568 579/148/580 578/146/579 566/133/567
f 568/136/569 580/149/581 579/148/580 567/135/568
f 569/137/570 581/150/582 580/149/581 568/136/569
f 570/138/571 582/151/583 581/150/582 569/137/570
f 571/139/572 583/152/584 582/151/583 570/138/571
f 572/140/573 584/153/585 583/152/584 571/139/572
f 573/141/574 585/154/586 584/153/585 572/140/573
f 574/142/575 586/155/587 585/154/586 573/141/574
f 575/143/576 587/156/588 586/155/587 574/142/575
f 576/132/566 588/145/578 587/156/588 575/143/576
f 577/144/577 589/157/589 600/158/590 588/145/578
f 578/146/579 590/159/591 589/160/589 577/147/577
f 579/148/580 591/161/592 590/159/591 578/146/579
f 580/149/581 592/162/593 591/161/592 579/148/580
f 581/150/582 593/163/594 592/162/593 580/149/581
f 582/151/583 594/164/595 593/163/594 581/150/582
f 583/152/584 595/165/596 594/164/595 582/151/583
f 584/153/585 596/166/597 595/165/596 583/152/584
f 585/154/586 597/167/598 596/166/597 584/153/585
f 586/155/587 598/168/599 597/167/598 585/154/586
f 587/156/588 599/169/600 598/168/599 586/155/587
f 588/145/578 600/158/590 599/169/600 587/156/588
f 589/157/589 601/170/601 612/171/602 600/158/590
f 590/159/591 602/172/603 601/173/601 589/160/589
f 591/161/592 603/174/604 602/172/603 590/159/591
f 592/162/593 604/175/605 603/174/604 591/161/592
f 593/163/594 605/176/606 604/175/605 592/162/593
f 594/164/595 606/177/607 605/176/606 593/163/594
f 595/165/596 607/178/608 606/177/607 594/164/595
f 596/166/597 608/179/609 607/178/608 595/165/596
f 597/167/598 609/180/610 608/179/609 596/166/597
f 598/168/599 610/181/611 609/180/610 597/167/598
f 599/169/600 611/182/612 610/181/611 598/168/599
f 600/158/590 612/171/602 611/182/612 599/169/600
f 601/170/601 613/183/613 624/184/614 612/171/602
f 602/172/603 614/185/615 613/186/613 601/173/601
f 603/174/604 615/187/616 614/185/615 602/172/603
f 604/175/605 616/188/617 615/187/616 603/174/604
f 605/176/606 617/189/618 616/188/617 604/175/605
f 606/177/607 618/190/619 617/189/618 605/176/606
f 607/178/608 619/191/620 618/190/619 606/177/607
f 608/179/609 620/192/621 619/191/620 607/178/608
f 609/180/610 621/193/622 620/192/621 608/179/609
f 610/181/611 622/194/623 621/193/622 609/180/610
f 611/182/612 623/195/624 622/194/623 610/181/611
f 612/171/602 624/184/614 623/195/624 611/182/612
f 613/183/613 625/196/625 636/197/626 624/184/614
f 614/185/615 626/198/627 625/199/625 613/186/613
f 615/187/616 627/200/628 626/198/627 614/185/615
f 616/188/617 628/201/629 627/200/628 615/187/616
f 617/189/618 629/202/630 628/201/629 616/188/617
f 618/190/619 630/203/631 629/202/630 617/189/618
f 619/191/620 631/204/632 630/203/631 618/190/619
f 620/192/621 632/205/633 631/204/632 619/191/620
f 621/193/622 633/206/634 632/205/633 620/192/621
f 622/194/623 634/207/635 633/206/634 621/193/622
f 623/195/624 635/208/636 634/207/635 622/194/623
f 624/184/614 636/197/626 635/208/636 623/195/624
f 625/196/625 637/209/637 648/210/638 636/197/626
f 626/198/627 638/211/639 637/212/637 625/199/625
f 627/200/628 639/213/640 638/211/639 626/198/627
f 628/201/629 640/214/641 639/213/640 627/200/628
f 629/202/630 641/215/642 640/214/641 628/201/629
f 630/203/631 642/216/643 641/215/642 629/202/630
f 631/204/632 643/217/644 642/216/643 630/203/631
f 632/205/633 644/218/645 643/217/644 631/204/632
f 633/206/634 645/219/646 644/218/645 632/205/633
f 634/207/635 646/220/647 645/219/646 633/206/634
f 635/208/636 647/221/648 646/220/647 634/207/635
f 636/197/626 648/210/638 647/221/648 635/208/636
f 637/209/637 649/222/649 660/223/650 648/210/638
f 638/211/639 650/224/651 649/225/649 637/212/637
f 639/213/640 651/226/652 650/224/651 638/211/639
f 640/214/641 652/227/653 651/226/652 639/213/640
f 641/215/642 653/228/654 652/227/653 640/214/641
f 642/216/643 654/229/655 653/228/654 641/215/642
f 643/217/644 655/230/656 654/229/655 642/216/643
f 644/218/645 656/231/657 655/230/656 643/217/644
f 645/219/646 657/232/658 656/231/657 644/218/645
f 646/220/647 658/233/659 657/232/658 645/219/646
f 647/221/648 659/234/660 658/233/659 646/220/647
f 648/210/638 660/223/650 659/234/660 647/221/648
f 649/222/649 661/235/661 672/236/662 660/223/650
f 650/224/651 662/237/663 661/238/661 649/225/649
f 651/226/652 663/239/664 662/237/663 650/224/651
f 652/227/653 664/240/665 663/239/664 651/226/652
f 653/228/654 665/241/666 664/240/665 652/227/653
f 654/229/655 666/242/667 665/241/666 653/228/654
f 655/230/656 667/243/668 666/242/667 654/229/655
f 656/231/657 668/244/669 667/243/668 655/230/656
f 657/232/658 669/245/670 668/244/669 656/231/657
f 658/233/659 670/246/671 669/245/670 657/232/658
f 659/234/660 671/247/672 670/246/671 658/233/659
f 660/223/650 672/236/662 671/247/672 659/234/660
f 661/235/661 673/248/673 684/249/674 672/236/662
f 662/237/663 674/250/675 673/251/673 661/238/661
f 663/239/664 675/252/676 674/250/675 662/237/663
f 664/240/665 676/253/677 675/252/676 663/239/664
f 665/241/666 677/254/678 676/253/677 664/240/665
f 666/242/667 678/255/679 677/254/678 665/241/666
f 667/243/668 679/256/680 678/255/679 666/242/667
f 668/244/669 680/257/681 679/256/680 667/243/668
f 669/245/670 681/258/682 680/257/681 668/244/669
f 670/246/671 682/259/683 681/258/682 669/245/670
f 671/247/672 683/260/684 682/259/683 670/246/671
f 672/236/662 684/249/674 683/260/684 671/247/672
f 673/248/673 685/261/685 696/262/686 684/249/674
f 674/250/675 686/263/687 685/264/685 673/251/673
f 675/252/676 687/265/688 686/263/687 674/250/675
f 676/253/677 688/266/689 687/265/688 675/252/676
f 677/254/678 689/267/690 688/266/689 676/253/677
f 678/255/679 690/268/691 689/267/690 677/254/678
f 679/256/680 691/269/692 690/268/691 678/255/679
f 680/257/681 692/270/693 691/269/692 679/256/680
f 681/258/682 693/271/694 692/270/693 680/257/681
f 682/259/683 694/272/695 693/271/694 681/258/682
f 683/260/684 695/273/696 694/272/695 682/259/683
f 684/249/674 696/262/686 695/273/696 683/260/684
f 685/261/685 697/274/697 708/275/698 696/262/686
f 686/263/687 698/276/699 697/277/697 685/264/685
f 687/265/688 699/278/700 698/276/699 686/263/687
f 688/266/689 700/279/701 699/278/700 687/265/688
f 689/267/690 701/280/702 700/279/701 688/266/689
f 690/268/691 702/281/703 701/280/702 689/267/690
f 691/269/692 703/282/704 702/281/703 690/268/691
f 692/270/693 704/283/705 703/282/704 691/269/692
f 693/271/694 705/284/706 704/283/705 692/270/693
f 694/272/695 706/285/707 705/284/706 693/271/694
f 695/273/696 707/286/708 706/285/707 694/272/695
f 696/262/686 708/275/698 707/286/708 695/273/696
f 697/274/697 709/287/709 720/288/710 708/275/698
f 698/276/699 710/289/711 709/290/709 697/277/697
f 699/278/700 711/291/712 710/289/711 698/276/699
f 700/279/701 712/292/713 711/291/712 699/278/700
f 701/280/702 713/293/714 712/292/713 700/279/701
f 702/281/703 714/294/715 713/293/714 701/280/702
f 703/282/704 715/295/716 714/294/715 702/281/703
f 704/283/705 716/296/717 715/295/716 703/282/704
f 705/284/706 717/297/718 716/296/717 704/283/705
f 706/285/707 718/298/719 717/297/718 705/284/706
f 707/286/708 719/299/720 718/298/719 706/285/707
f 708/275/698 720/288/710 719/299/720 707/286/708
f 709/287/709 721/300/721 732/301/722 720/288/710
f 710/289/711 722/302/723 721/303/721 709/290/709
f 711/291/712 723/304/724 722/302/723 710/289/711
f 712/292/713 724/305/725 723/304/724 711/291/712
f 713/293/714 725/306/726 724/305/725 712/292/713
f 714/294/715 726/307/727 725/306/726 713/293/714
f 715/295/716 727/308/728 726/307/727 714/294/715
f 716/296/717 728/309/729 727/308/728 715/295/716
f 717/297/718 729/310/730 728/309/729 716/296/717
f 718/298/719 730/311/731 729/310/730 717/297/718
f 719/299/720 731/312/732 730/311/731 718/298/719
f 720/288/710 732/301/722 731/312/732 719/299/720
f 721/300/721 733/313/733 744/314/734 732/301/722
f 722/302/723 734/315/735 733/316/733 721/303/721
f 723/304/724 735/317/736 734/315/735 722/302/723
f 724/305/725 736/318/737 735/317/736 723/304/724
f 725/306/726 737/319/738 736/318/737 724/305/725
f 726/307/727 738/320/739 737/319/738 725/306/726
f 727/308/728 739/321/740 738/320/739 726/307/727
f 728/309/729 740/322/741 739/321/740 727/308/728
f 729/310/730 741/323/742 740/322/741 728/309/729
f 730/311/731 742/324/743 741/323/742 729/310/730
f 731/312/732 743/325/744 742/324/743 730/311/731
f 732/301/722 744/314/734 743/325/744 731/312/732
f 733/313/733 745/326/745 756/327/746 744/314/734
f 734/315/735 746/328/747 745/329/745 733/316/733
f 735/317/736 747/330/748 746/328/747 734/315/735
f 736/318/737 748/331/749 747/330/748 735/317/736
f 737/319/738 749/332/750 748/331/749 736/318/737
f 738/320/739 750/333/751 749/332/750 737/319/738
f 739/321/740 751/334/752 750/333/751 738/320/739
f 740/322/741 752/335/753 751/334/752 739/321/740
f 741/323/742 753/336/754 752/335/753 740/322/741
f 742/324/743 754/337/755 753/336/754 741/323/742
f 743/325/744 755/338/756 754/337/755 742/324/743
f 744/314/734 756/327/746 755/338/756 743/325/744
f 745/326/745 757/339/757 768/340/758 756/327/746
f 746/328/747 758/341/759 757/342/757 745/329/745
f 747/330/748 759/343/760 758/341/759 746/328/747
f 748/331/749 760/344/749 759/343/760 747/330/748
f 749/332/750 761/345/761 760/344/749 748/331/749
f 750/333/751 762/346/762 761/345/761 749/332/750
f 751/334/752 763/347/763 762/346/762 750/333/751
f 752/335/753 764/348/764 763/347/763 751/334/752
f 753/336/754 765/349/765 764/348/764 752/335/753
f 754/337/755 766/350/755 765/349/765 753/336/754
f 755/338/756 767/351/766 766/350/755 754/337/755
f 756/327/746 768/340/758 767/351/766 755/338/756
f 757/339/757 769/352/767 780/353/768 768/340/758
f 758/341/759 770/354/769 769/355/767 757/342/757
f 759/343/760 771/356/770 770/354/769 758/341/759
f 760/344/749 772/357/749 771/356/770 759/343/760
f 761/345/761 773/358/771 772/357/749 760/344/749
f 762/346/762 774/359/772 773/358/771 761/345/761
f 763/347/763 775/360/773 774/359/772 762/346/762
f 764/348/764 776/361/774 775/360/773 763/347/763
f 765/349/765 777/362/775 776/361/774 764/348/764
f 766/350/755 778/363/755 777/362/775 765/349/765
f 767/351/766 779/364/776 778/363/755 766/350/755
f 768/340/758 780/353/768 779/364/776 767/351/766
f 769/352/767 781/365/777 792/366/778 780/353/768
f 770/354/769 782/367/779 781/368/777 769/355/767
f 771/356/770 783/369/780 782/367/779 770/354/769
f 772/357/749 784/370/749 783/369/780 771/356/770
f 773/358/771 785/371/781 784/370/749 772/357/749
f 774/359/772 786/372/782 785/371/781 773/358/771
f 775/360/773 787/373/783 786/372/782 774/359/772
f 776/361/774 788/374/784 787/373/783 775/360/773
f 777/362/775 789/375/785 788/374/784 776/361/774
f 778/363/755 790/376/755 789/375/785 777/362/775
f 779/364/776 791/377/786 790/376/755 778/363/755
f 780/353/768 792/366/778 791/377/786 779/364/776
f 781/365/777 793/378/787 804/379/788 792/366/778
f 782/367/779 794/380/789 793/381/787 781/368/777
f 783/369/780 795/382/790 794/380/789 782/367/779
f 784/370/749 796/383/749 795/382/790 783/369/780
f 785/371/781 797/384/791 796/383/749 784/370/749
f 786/372/782 798/385/792 797/384/791 785/371/781
f 787/373/783 799/386/793 798/385/792 786/372/782
f 788/374/784 800/387/794 799/386/793 787/373/783
f 789/375/785 801/388/795 800/387/794 788/374/784
f 790/376/755 802/389/755 801/388/795 789/375/785
f 791/377/786 803/390/796 802/389/755 790/376/755
f 792/366/778 804/379/788 803/390/796 791/377/786
f 793/378/787 805/391/797 816/392/798 804/379/788
f 794/380/789 806/393/799 805/394/797 793/381/787
f 795/382/790 807/395/800 806/393/799 794/380/789
f 796/383/749 808/396/801 807/395/800 795/382/790
f 797/384/791 809/397/802 808/396/801 796/383/749
f 798/385/792 810/398/803 809/397/802 797/384/791
f 799/386/793 811/399/804 810/398/803 798/385/792
f 800/387/794 812/400/805 811/399/804 799/386/793
f 801/388/795 813/401/806 812/400/805 800/387/794
f 802/389/755 814/402/755 813/401/806 801/388/795
f 803/390/796 815/403/807 814/402/755 802/389/755
f 804/379/788 816/392/798 815/403/807 803/390/796
f 805/391/797 817/404/808 828/405/809 816/392/798
f 806/393/799 818/406/810 817/407/808 805/394/797
f 807/395/800 819/408/811 818/406/810 806/393/799
f 808/396/801 820/409/812 819/408/811 807/395/800
f 809/397/802 821/410/802 820/409/812 808/396/801
f 810/398/803 822/411/813 821/410/802 809/397/802
f 811/399/804 823/412/814 822/411/813 810/398/803
f 812/400/805 824/413/815 823/412/814 811/399/804
f 813/401/806 825/414/816 824/413/815 812/400/805
f 814/402/755 826/415/817 825/414/816 813/401/806
f 815/403/807 827/416/807 826/415/817 814/402/755
f 816/392/798 828/405/809 827/416/807 815/403/807
f 817/404/808 829/417/808 840/418/809 828/405/809
f 818/406/810 830/419/818 829/420/808 817/407/808
f 819/408/811 831/421/819 830/419/818 818/406/810
f 820/409/812 832/422/820 831/421/819 819/408/811
f 821/410/802 833/423/802 832/422/820 820/409/812
f 822/411/813 834/424/813 833/423/802 821/410/802
f 823/412/814 835/425/814 834/424/813 822/411/813
f 824/413/815 836/426/821 835/425/814 823/412/814
f 825/414/816 837/427/822 836/426/821 824/413/815
f 826/415/817 838/428/823 837/427/822 825/414/816
f 827/416/807 839/429/807 838/428/823 826/415/817
f 828/405/809 840/418/809 839/429/807 827/416/807
f 829/417/808 841/430/824 852/431/825 840/418/809
f 830/419/818 842/432/810 841/433/824 829/420/808
f 831/421/819 843/434/819 842/432/810 830/419/818
f 832/422/820 844/435/826 843/434/819 831/421/819
f 833/423/802 845/436/827 844/435/826 832/422/820
f 834/424/813 846/437/828 845/436/827 833/423/802
f 835/425/814 847/438/829 846/437/828 834/424/813
f 836/426/821 848/439/815 847/438/829 835/425/814
f 837/427/822 849/440/822 848/439/815 836/426/821
f 838/428/823 850/441/830 849/440/822 837/427/822
f 839/429/807 851/442/831 850/441/830 838/428/823
f 840/418/809 852/431/825 851/442/831 839/429/807
f 841/430/824 853/443/832 864/444/833 852/431/825
f 842/432/810 854/445/834 853/446/832 841/433/824
f 843/434/819 855/447/835 854/445/834 842/432/810
f 844/435/826 856/448/836 855/447/835 843/434/819
f 845/436/827 857/449/837 856/448/836 844/435/826
f 846/437/828 858/450/838 857/449/837 845/436/827
f 847/438/829 859/451/839 858/450/838 846/437/828
f 848/439/815 860/452/840 859/451/839 847/438/829
f 849/440/822 861/453/841 860/452/840 848/439/815
f 850/441/830 862/454/842 861/453/841 849/440/822
f 851/442/831 863/455/843 862/454/842 850/441/830
f 852/431/825 864/444/833 863/455/843 851/442/831
f 853/443/832 865/456/844 876/457/845 864/444/833
f 854/445/834 866/458/846 865/459/844 853/446/832
f 855/447/835 867/460/847 866/458/846 854/445/834
f 856/448/836 868/461/848 867/460/847 855/447/835
f 857/449/837 869/462/849 868/461/848 856/448/836
f 858/450/838 870/463/850 869/462/849 857/449/837
f 859/451/839 871/464/851 870/463/850 858/450/838
f 860/452/840 872/465/852 871/464/851 859/451/839
f 861/453/841 873/466/853 872/465/852 860/452/840
f 862/454/842 874/467/854 873/466/853 861/453/841
f 863/455/843 875/468/855 874/467/854 862/454/842
f 864/444/833 876/457/845 875/468/855 863/455/843
f 865/456/844 877/469/856 888/470/857 876/457/845
f 866/458/846 878/471/858 877/472/856 865/459/844
f 867/460/847 879/473/859 878/471/858 866/458/846
f 868/461/848 880/474/860 879/473/859 867/460/847
f 869/462/849 881/475/861 880/474/860 868/461/848
f 870/463/850 882/476/862 881/475/861 869/462/849
f 871/464/851 883/477/863 882/476/862 870/463/850
f 872/465/852 884/478/864 883/477/863 871/464/851
f 873/466/853 885/479/865 884/478/864 872/465/852
f 874/467/854 886/480/866 885/479/865 873/466/853
f 875/468/855 887/481/867 886/480/866 874/467/854
f 876/457/845 888/470/857 887/481/867 875/468/855
f 889/1/868 901/2/869 912/3/870 900/4/871
f 890/5/872 902/6/873 901/7/869 889/8/868
f 891/9/874 903/10/875 902/6/873 890/5/872
f 892/11/876 904/12/877 903/10/875 891/9/874
f 893/13/878 905/14/879 904/12/877 892/11/876
f 894/15/880 906/16/881 905/14/879 893/13/878
f 895/17/882 907/18/883 906/16/881 894/15/880
f 896/19/884 908/20/885 907/18/883 895/17/882
f 897/21/886 909/22/887 908/20/885 896/19/884
f 898/23/888 910/24/889 909/22/887 897/21/886
f 899/25/890 911/26/891 910/24/889 898/23/888
f 900/4/871 912/3/870 911/26/891 899/25/890
f 901/2/869 913/27/892 924/28/893 912/3/870
f 902/6/873 914/29/894 913/30/892 901/7/869
f 903/10/875 915/31/895 914/29/894 902/6/873
f 904/12/877 916/32/896 915/31/895 903/10/875
f 905/14/879 917/33/897 916/32/896 904/12/877
f 906/16/881 918/34/898 917/33/897 905/14/879
f 907/18/883 919/35/899 918/34/898 906/16/881
f 908/20/885 920/36/900 919/35/899 907/18/883
f 909/22/887 921/37/901 920/36/900 908/20/885
f 910/24/889 922/38/902 921/37/901 909/22/887
f 911/26/891 923/39/903 922/38/902 910/24/889
f 912/3/870 924/28/893 923/39/903 911/26/891
f 913/27/892 925/40/904 936/41/905 924/28/893
f 914/29/894 926/42/906 925/43/904 913/30/892
f 915/31/895 927/44/907 926/42/906 914/29/894
f 916/32/896 928/45/908 927/44/907 915/31/895
f 917/33/897 929/46/909 928/45/908 916/32/896
f 918/34/898 930/47/910 929/46/909 917/33/897
f 919/35/899 931/48/911 930/47/910 918/34/898
f 920/36/900 932/49/912 931/48/911 919/35/899
f 921/37/901 933/50/913 932/49/912 920/36/900
f 922/38/902 934/51/914 933/50/913 921/37/901
f 923/39/903 935/52/915 934/51/914 922/38/902
f 924/28/893 936/41/905 935/52/915 923/39/903
f 925/40/904 937/53/916 948/54/917 936/41/905
f 926/42/906 938/55/918 937/56/916 925/43/904
f 927/44/907 939/57/919 938/55/918 926/42/906
f 928/45/908 940/58/920 939/57/919 927/44/907
f 929/46/909 941/59/921 940/58/920 928/45/908
f 930/47/910 942/60/922 941/59/921 929/46/909
f 931/48/911 943/61/923 942/60/922 930/47/910
f 932/49/912 944/62/924 943/61/923 931/48/911
f 933/50/913 945/63/925 944/62/924 932/49/912
f 934/51/914 946/64/926 945/63/925 933/50/913
f 935/52/915 947/65/927 946/64/926 934/51/914
f 936/41/905 948/54/917 947/65/927 935/52/915
f 937/53/916 949/66/928 960/67/929 948/54/917
f 938/55/918 950/68/930 949/69/928 937/56/916
f 939/57/919 951/70/931 950/68/930 938/55/918
f 940/58/920 952/71/932 951/70/931 939/57/919
f 941/59/921 953/72/933 952/71/932 940/58/920
f 942/60/922 954/73/934 953/72/933 941/59/921
f 943/61/923 955/74/935 954/73/934 942/60/922
f 944/62/924 956/75/936 955/74/935 943/61/923
f 945/63/925 957/76/937 956/75/936 944/62/924
f 946/64/926 958/77/938 957/76/937 945/63/925
f 947/65/927 959/78/939 958/77/938 946/64/926
f 948/54/917 960/67/929 959/78/939 947/65/927
f 949/66/928 961/79/940 972/80/941 960/67/929
f 950/68/930 962/81/942 961/82/940 949/69/928
f 951/70/931 963/83/943 962/81/942 950/68/930
f 952/71/932 964/84/944 963/83/943 951/70/931
f 953/72/933 965/85/945 964/84/944 952/71/932
f 954/73/934 966/86/946 965/85/945 953/72/933
f 955/74/935 967/87/947 966/86/946 954/73/934
f 956/75/936 968/88/948 967/87/947 955/74/935
f 957/76/937 969/89/949 968/88/948 956/75/936
f 958/77/938 970/90/950 969/89/949 957/76/937
f 959/78/939 971/91/951 970/90/950 958/77/938
f 960/67/929 972/80/941 971/91/951 959/78/939
f 961/79/940 973/92/952 984/93/953 972/80/941
f 962/81/942 974/94/954 973/95/952 961/82/940
f 963/83/943 975/96/955 974/94/954 962/81/942
f 964/84/944 976/97/956 975/96/955 963/83/943
f 965/85/945 977/98/957 976/97/956 964/84/944
f 966/86/946 978/99/958 977/98/957 965/85/945
f 967/87/947 979/100/959 978/99/958 966/86/946
f 968/88/948 980/101/960 979/100/959 967/87/947
f 969/89/949 981/102/961 980/101/960 968/88/948
f 970/90/950 982/103/962 981/102/961 969/89/949
f 971/91/951 983/104/963 982/103/962 970/90/950
f 972/80/941 984/93/953 983/104/963 971/91/951
f 973/92/952 985/105/964 996/106/965 984/93/953
f 974/94/954 986/107/966 985/108/964 973/95/952
f 975/96/955 987/109/967 986/107/966 974/94/954
f 976/97/956 988/110/968 987/109/967 975/96/955
f 977/98/957 989/111/969 988/110/968 976/97/956
f 978/99/958 990/112/970 989/111/969 977/98/957
f 979/100/959 991/113/971 990/112/970 978/99/958
f 980/101/960 992/114/972 991/113/971 979/100/959
f 981/102/961 993/115/973 992/114/972 980/101/960
f 982/103/962 994/116/974 993/115/973 981/102/961
f 983/104/963 995/117/975 994/116/974 982/103/962
f 984/93/953 996/106/965 995/117/975 983/104/963
f 985/105/964 997/118/976 1008/119/977 996/106/965
f 986/107/966 998/120/978 997/121/976 985/108/964
f 987/109/967 999/122/979 998/120/978 986/107/966
f 988/110/968 1000/123/980 999/122/979 987/109/967
f 989/111/969 1001/124/981 1000/123/980 988/110/968
f 990/112/970 1002/125/982 1001/124/981 989/111/969
f 991/113/971 1003/126/983 1002/125/982 990/112/970
f 992/114/972 1004/127/984 1003/126/983 991/113/971
f 993/115/973 1005/128/985 1004/127/984 992/114/972
f 994/116/974 1006/129/986 1005/128/985 993/115/973
f 995/117/975 1007/130/987 1006/129/986 994/116/974
f 996/106/965 1008/119/977 1007/130/987 995/117/975
f 997/118/976 1009/131/988 1020/132/989 1008/119/977
f 998/120/978 1010/133/990 1009/134/988 997/121/976
f 999/122/979 1011/135/991 1010/133/990 998/120/978
f 1000/123/980 1012/136/992 1011/135/991 999/122/979
f 1001/124/981 1013/137/993 1012/136/992 1000/123/980
f 1002/125/982 1014/138/994 1013/137/993 1001/124/981
f 1003/126/983 1015/139/995 1014/138/994 1002/125/982
f 1004/127/984 1016/140/996 1015/139/995 1003/126/983
f 1005/128/985 1017/141/997 1016/140/996 1004/127/984
f 1006/129/986 1018/142/998 1017/141/997 1005/128/985
f 1007/130/987 1019/143/999 1018/142/998 1006/129/986
f 1008/119/977 1020/132/989 1019/143/999 1007/130/987
f 1009/131/988 1021/144/1000 1032/145/1001 1020/132/989
f 1010/133/990 1022/146/1002 1021/147/1000 1009/134/988
f 1011/135/991 1023/148/1003 1022/146/1002 1010/133/990
f 1012/136/992 1024/149/1004 1023/148/1003 1011/135/991
f 1013/137/993 1025/150/1005 1024/149/1004 1012/136/992
f 1014/138/994 1026/151/1006 1025/150/1005 1013/137/993
f 1015/139/995 1027/152/1007 1026/151/1006 1014/138/994
f 1016/140/996 1028/153/1008 1027/152/1007 1015/139/995
f 1017/141/997 1029/154/1009 1028/153/1008 1016/140/996
f 1018/142/998 1030/155/1010 1029/154/1009 1017/141/997
f 1019/143/999 1031/156/1011 1030/155/1010 1018/142/998
f 1020/132/989 1032/145/1001 1031/156/1011 1019/143/999
f 1021/144/1000 1033/157/1012 1044/158/1013 1032/145/1001
f 1022/146/1002 1034/159/1014 1033/160/1012 1021/147/1000
f 1023/148/1003 1035/161/1015 1034/159/1014 1022/146/1002
f 1024/149/1004 1036/162/1016 1035/161/1015 1023/148/1003
f 1025/150/1005 1037/163/1017 1036/162/1016 1024/149/1004
f 1026/151/1006 1038/164/1018 1037/163/1017 1025/150/1005
f 1027/152/1007 1039/165/1019 1038/164/1018 1026/151/1006
f 1028/153/1008 1040/166/1020 1039/165/1019 1027/152/1007
f 1029/154/1009 1041/167/1021 1040/166/1020 1028/153/1008
f 1030/155/1010 1042/168/1022 1041/167/1021 1029/154/1009
f 1031/156/1011 1043/169/1023 1042/168/1022 1030/155/1010
f 1032/145/1001 1044/158/1013 1043/169/1023 1031/156/1011
f 1033/157/1012 1045/170/1024 1056/171/1025 1044/158/1013
f 1034/159/1014 1046/172/1026 1045/173/1024 1033/160/1012
f 1035/161/1015 1047/174/1027 1046/172/1026 1034/159/1014
f 1036/162/1016 1048/175/1028 1047/174/1027 1035/161/1015
f 1037/163/1017 1049/176/1029 1048/175/1028 1036/162/1016
f 1038/164/1018 1050/177/1030 1049/176/1029 1037/163/1017
f 1039/165/1019 1051/178/1031 1050/177/1030 1038/164/1018
f 1040/166/1020 1052/179/1032 1051/178/1031 1039/165/1019
f 1041/167/1021 1053/180/1033 1052/179/1032 1040/166/1020
f 1042/168/1022 1054/181/1034 1053/180/1033 1041/167/1021
f 1043/169/1023 1055/182/1035 1054/181/1034 1042/168/1022
f 1044/158/1013 1056/171/1025 1055/182/1035 1043/169/1023
f 1045/170/1024 1057/183/1036 1068/184/1037 1056/171/1025
f 1046/172/1026 1058/185/1038 1057/186/1036 1045/173/1024
f 1047/174/1027 1059/187/1039 1058/185/1038 1046/172/1026
f 1048/175/1028 1060/188/1040 1059/187/1039 1047/174/1027
f 1049/176/1029 1061/189/1041 1060/188/1040 1048/175/1028
f 1050/177/1030 1062/190/1042 1061/189/1041 1049/176/1029
f 1051/178/1031 1063/191/1043 1062/190/1042 1050/177/1030
f 1052/179/1032 1064/192/1044 1063/191/1043 1051/178/1031
f 1053/180/1033 1065/193/1045 1064/192/1044 1052/179/1032
f 1054/181/1034 1066/194/1046 1065/193/1045 1053/180/1033
f 1055/182/1035 1067/195/1047 1066/194/1046 1054/181/1034
f 1056/171/1025 1068/184/1037 1067/195/1047 1055/182/1035
f 1057/183/1036 1069/196/1048 1080/197/1049 1068/184/1037
f 1058/185/1038 1070/198/1050 1069/199/1048 1057/186/1036
f 1059/187/1039 1071/200/1051 1070/198/1050 1058/185/1038
f 1060/188/1040 1072/201/1052 1071/200/1051 1059/187/1039
f 1061/189/1041 1073/202/1053 1072/201/1052 1060/188/1040
f 1062/190/1042 1074/203/1054 1073/202/1053 1061/189/1041
f 1063/191/1043 1075/204/1055 1074/203/1054 1062/190/1042
f 1064/192/1044 1076/205/1056 1075/204/1055 1063/191/1043
f 1065/193/1045 1077/206/1057 1076/205/1056 1064/192/1044
f 1066/194/1046 1078/207/1058 1077/206/1057 1065/193/1045
f 1067/195/1047 1079/208/1059 1078/207/1058 1066/194/1046
f 1068/184/1037 1080/197/1049 1079/208/1059 1067/195/1047
f 1069/196/1048 1081/209/1060 1092/210/1061 1080/197/1049
f 1070/198/1050 1082/211/1062 1081/212/1060 1069/199/1048
f 1071/200/1051 1083/213/1063 1082/211/1062 1070/198/1050
f 1072/201/1052 1084/214/1064 1083/213/1063 1071/200/1051
f 1073/202/1053 1085/215/1065 1084/214/1064 1072/201/1052
f 1074/203/1054 1086/216/1066 1085/215/1065 1073/202/1053
f 1075/204/1055 1087/217/1067 1086/216/1066 1074/203/1054
f 1076/205/1056 1088/218/1068 1087/217/1067 1075/204/1055
f 1077/206/1057 1089/219/1069 1088/218/1068 1076/205/1056
f 1078/207/1058 1090/220/1070 1089/219/1069 1077/206/1057
f 1079/208/1059 1091/221/1071 1090/220/1070 1078/207/1058
f 1080/197/1049 1092/210/1061 1091/221/1071 1079/208/1059
f 1081/209/1060 1093/222/1072 1104/223/1073 1092/210/1061
f 1082/211/1062 1094/224/1074 1093/225/1072 1081/212/1060
f 1083/213/1063 1095/226/1075 1094/224/1074 1082/211/1062
f 1084/214/1064 1096/227/1076 1095/226/1075 1083/213/1063
f 1085/215/1065 1097/228/1077 1096/227/1076 1084/214/1064
f 1086/216/1066 1098/229/1078 1097/228/1077 1085/215/1065
f 1087/217/1067 1099/230/1079 1098/229/1078 1086/216/1066
f 1088/218/1068 1100/231/1080 1099/230/1079 1087/217/1067
f 1089/219/1069 1101/232/1081 1100/231/1080 1088/218/1068
f 1090/220/1070 1102/233/1082 1101/232/1081 1089/219/1069
f 1091/221/1071 1103/234/1083 1102/233/1082 1090/220/1070
f 1092/210/1061 1104/223/1073 1103/234/1083 1091/221/1071
f 1093/222/1072 1105/235/1084 1116/236/1085 1104/223/1073
f 1094/224/1074 1106/237/1086 1105/238/1084 1093/225/1072
f 1095/226/1075 1107/239/1087 1106/237/1086 1094/224/1074
f 1096/227/1076 1108/240/1088 1107/239/1087 1095/226/1075
f 1097/228/1077 1109/241/1089 1108/240/1088 1096/227/1076
f 1098/229/1078 1110/242/1090 1109/241/1089 1097/228/1077
f 1099/230/1079 1111/243/1091 1110/242/1090 1098/229/1078
f 1100/231/1080 1112/244/1092 1111/243/1091 1099/230/1079
f 1101/232/1081 1113/245/1093 1112/244/1092 1100/231/1080
f 1102/233/1082 1114/246/1094 1113/245/1093 1101/232/1081
f 1103/234/1083 1115/247/1095 1114/246/1094 1102/233/1082
f 1104/223/1073 1116/236/1085 1115/247/1095 1103/234/1083
f 1105/235/1084 1117/248/1096 1128/249/1097 1116/236/1085
f 1106/237/1086 1118/250/1098 1117/251/1096 1105/238/1084
f 1107/239/1087 1119/252/1099 1118/250/1098 1106/237/1086
f 1108/240/1088 1120/253/1100 1119/252/1099 1107/239/1087
f 1109/241/1089 1121/254/1101 1120/253/1100 1108/240/1088
f 1110/242/1090 1122/255/1102 1121/254/1101 1109/241/1089
f 1111/243/1091 1123/256/1103 1122/255/1102 1110/242/1090
f 1112/244/1092 1124/257/1104 1123/256/1103 1111/243/1091
f 1113/245/1093 1125/258/1105 1124/257/1104 1112/244/1092
f 1114/246/1094 1126/259/1106 1125/258/1105 1113/245/1093
f 1115/247/1095 1127/260/1107 1126/259/1106 1114/246/1094
f 1116/236/1085 1128/249/1097 1127/260/1107 1115/247/1095
f 1117/248/1096 1129/261/1108 1140/262/1109 1128/249/1097
f 1118/250/1098 1130/263/1110 1129/264/1108 1117/251/1096
f 1119/252/1099 1131/265/1111 1130/263/1110 1118/250/1098
f 1120/253/1100 1132/266/1112 1131/265/1111 1119/252/1099
f 1121/254/1101 1133/267/1113 1132/266/1112 1120/253/1100
f 1122/255/1102 1134/268/1114 1133/267/1113 1121/254/1101
f 1123/256/1103 1135/269/1115 1134/268/1114 1122/255/1102
f 1124/257/1104 1136/270/1116 1135/269/1115 1123/256/1103
f 1125/258/1105 1137/271/1117 1136/270/1116 1124/257/1104
f 1126/259/1106 1138/272/1118 1137/271/1117 1125/258/1105
f 1127/260/1107 1139/273/1119 1138/272/1118 1126/259/1106
f 1128/249/1097 1140/262/1109 1139/273/1119 1127/260/1107
f 1129/261/1108 1141/274/1120 1152/275/1121 1140/262/1109
f 1130/263/1110 1142/276/1122 1141/277/1120 1129/264/1108
f 1131/265/1111 1143/278/1123 1142/276/1122 1130/263/1110
f 1132/266/1112 1144/279/1124 1143/278/1123 1131/265/1111
f 1133/267/1113 1145/280/1125 1144/279/1124 1132/266/1112
f 1134/268/1114 1146/281/1126 1145/280/1125 1133/267/1113
f 1135/269/1115 1147/282/1127 1146/281/1126 1134/268/1114
f 1136/270/1116 1148/283/1128 1147/282/1127 1135/269/1115
f 1137/271/1117 1149/284/1129 1148/283/1128 1136/270/1116
f 1138/272/1118 1150/285/1130 1149/284/1129 1137/271/1117
f 1139/273/1119 1151/286/1131 1150/285/1130 1138/272/1118
f 1140/262/1109 1152/275/1121 1151/286/1131 1139/273/1119
f 1141/274/1120 1153/287/1132 1164/288/1133 1152/275/1121
f 1142/276/1122 1154/289/1134 1153/290/1132 1141/277/1120
f 1143/278/1123 1155/291/1135 1154/289/1134 1142/276/1122
f 1144/279/1124 1156/292/1136 1155/291/1135 1143/278/1123
f 1145/280/1125 1157/293/1137 1156/292/1136 1144/279/1124
f 1146/281/1126 1158/294/1138 1157/293/1137 1145/280/1125
f 1147/282/1127 1159/295/1139 1158/294/1138 1146/281/1126
f 1148/283/1128 1160/296/1140 1159/295/1139 1147/282/1127
f 1149/284/1129 1161/297/1141 1160/296/1140 1148/283/1128
f 1150/285/1130 1162/298/1142 1161/297/1141 1149/284/1129
f 1151/286/1131 1163/299/1143 1162/298/1142 1150/285/1130
f 1152/275/1121 1164/288/1133 1163/299/1143 1151/286/1131
f 1153/287/1132 1165/300/1144 1176/301/1145 1164/288/1133
f 1154/289/1134 1166/302/1146 1165/303/1144 1153/290/1132
f 1155/291/1135 1167/304/1147 1166/302/1146 1154/289/1134
f 1156/292/1136 1168/305/1148 1167/304/1147 1155/291/1135
f 1157/293/1137 1169/306/1149 1168/305/1148 1156/292/1136
f 1158/294/1138 1170/307/1150 1169/306/1149 1157/293/1137
f 1159/295/1139 1171/308/1151 1170/307/1150 1158/294/1138
f 1160/296/1140 1172/309/1152 1171/308/1151 1159/295/1139
f 1161/297/1141 1173/310/1153 1172/309/1152 1160/296/1140
f 1162/298/1142 1174/311/1154 1173/310/1153 1161/297/1141
f 1163/299/1143 1175/312/1155 1174/311/1154 1162/298/1142
f 1164/288/1133 1176/301/1145 1175/312/1155 1163/299/1143
f 1165/300/1144 1177/313/1156 1188/314/1157 1176/301/1145
f 1166/302/1146 1178/315/1158 1177/316/1156 1165/303/1144
f 1167/304/1147 1179/317/1159 1178/315/1158 1166/302/1146
f 1168/305/1148 1180/318/1160 1179/317/1159 1167/304/1147
f 1169/306/1149 1181/319/1161 1180/318/1160 1168/305/1148
f 1170/307/1150 1182/320/1162 1181/319/1161 1169/306/1149
f 1171/308/1151 1183/321/1163 1182/320/1162 1170/307/1150
f 1172/309/1152 1184/322/1164 1183/321/1163 1171/308/1151
f 1173/310/1153 1185/323/1165 1184/322/1164 1172/309/1152
f 1174/311/1154 1186/324/1166 1185/323/1165 1173/310/1153
f 1175/312/1155 1187/325/1167 1186/324/1166 1174/311/1154
f 1176/301/1145 1188/314/1157 1187/325/1167 1175/312/1155
f 1177/313/1156 1189/326/1168 1200/327/1169 1188/314/1157
f 1178/315/1158 1190/328/1170 1189/329/1168 1177/316/1156
f 1179/317/1159 1191/330/1171 1190/328/1170 1178/315/1158
f 1180/318/1160 1192/331/1172 1191/330/1171 1179/317/1159
f 1181/319/1161 1193/332/1173 1192/331/1172 1180/318/1160
f 1182/320/1162 1194/333/1174 1193/332/1173 1181/319/1161
f 1183/321/1163 1195/334/1175 1194/333/1174 1182/320/1162
f 1184/322/1164 1196/335/1176 1195/334/1175 1183/321/1163
f 1185/323/1165 1197/336/1177 1196/335/1176 1184/322/1164
f 1186/324/1166 1198/337/1178 1197/336/1177 1185/323/1165
f 1187/325/1167 1199/338/1179 1198/337/1178 1186/324/1166
f 1188/314/1157 1200/327/1169 1199/338/1179 1187/325/1167
f 1189/326/1168 1201/339/1180 1212/340/1181 1200/327/1169
f 1190/328/1170 1202/341/1182 1201/342/1180 1189/329/1168
f 1191/330/1171 1203/343/1183 1202/341/1182 1190/328/1170
f 1192/331/1172 1204/344/1184 1203/343/1183 1191/330/1171
f 1193/332/1173 1205/345/1185 1204/344/1184 1192/331/1172
f 1194/333/1174 1206/346/1186 1205/345/1185 1193/332/1173
f 1195/334/1175 1207/347/1187 1206/346/1186 1194/333/1174
f 1196/335/1176 1208/348/1188 1207/347/1187 1195/334/1175
f 1197/336/1177 1209/349/1189 1208/348/1188 1196/335/1176
f 1198/337/1178 1210/350/1190 1209/349/1189 1197/336/1177
f 1199/338/1179 1211/351/1191 1210/350/1190 1198/337/1178
f 1200/327/1169 1212/340/1181 1211/351/1191 1199/338/1179
f 1201/339/1180 1213/352/1192 1224/353/1193 1212/340/1181
f 1202/341/1182 1214/354/1194 1213/355/1192 1201/342/1180
f 1203/343/1183 1215/356/1195 1214/354/1194 1202/341/1182
f 1204/344/1184 1216/357/1196 1215/356/1195 1203/343/1183
f 1205/345/1185 1217/358/1197 1216/357/1196 1204/344/1184
f 1206/346/1186 1218/359/1198 1217/358/1197 1205/345/1185
f 1207/347/1187 1219/360/1199 1218/359/1198 1206/346/1186
f 1208/348/1188 1220/361/1200 1219/360/1199 1207/347/1187
f 1209/349/1189 1221/362/1201 1220/361/1200 1208/348/1188
f 1210/350/1190 1222/363/1202 1221/362/1201 1209/349/1189
f 1211/351/1191 1223/364/1203 1222/363/1202 1210/350/1190
f 1212/340/1181 1224/353/1193 1223/364/1203 1211/351/1191
f 1213/352/1192 1225/365/1204 1236/366/1205 1224/353/1193
f 1214/354/1194 1226/367/1206 1225/368/1204 1213/355/1192
f 1215/356/1195 1227/369/1207 1226/367/1206 1214/354/1194
f 1216/357/1196 1228/370/1208 1227/369/1207 1215/356/1195
f 1217/358/1197 1229/371/1209 1228/370/1208 1216/357/1196
f 1218/359/1198 1230/372/1210 1229/371/1209 1217/358/1197
f 1219/360/1199 1231/373/1211 1230/372/1210 1218/359/1198
f 1220/361/1200 1232/374/1212 1231/373/1211 1219/360/1199
f 1221/362/1201 1233/375/1213 1232/374/1212 1220/361/1200
f 1222/363/1202 1234/376/1214 1233/375/1213 1221/362/1201
f 1223/364/1203 1235/377/1215 1234/376/1214 1222/363/1202
f 1224/353/1193 1236/366/1205 1235/377/1215 1223/364/1203
f 1225/365/1204 1237/378/1216 1248/379/1217 1236/366/1205
f 1226/367/1206 1238/380/1218 1237/381/1216 1225/368/1204
f 1227/369/1207 1239/382/1219 1238/380/1218 1226/367/1206
f 1228/370/1208 1240/383/1220 1239/382/1219 1227/369/1207
f 1229/371/1209 1241/384/1221 1240/383/1220 1228/370/1208
f 1230/372/1210 1242/385/1222 1241/384/1221 1229/371/1209
f 1231/373/1211 1243/386/1223 1242/385/1222 1230/372/1210
f 1232/374/1212 1244/387/1224 1243/386/1223 1231/373/1211
f 1233/375/1213 1245/388/1225 1244/387/1224 1232/374/1212
f 1234/376/1214 1246/389/1226 1245/388/1225 1233/375/1213
f 1235/377/1215 1247/390/1227 1246/389/1226 1234/376/1214
f 1236/366/1205 1248/379/1217 1247/390/1227 1235/377/1215
f 1237/378/1216 1249/391/1228 1260/392/1229 1248/379/1217
f 1238/380/1218 1250/393/1230 1249/394/1228 1237/381/1216
f 1239/382/1219 1251/395/1231 1250/393/1230 1238/380/1218
f 1240/383/1220 1252/396/1232 1251/395/1231 1239/382/1219
f 1241/384/1221 1253/397/1233 1252/396/1232 1240/383/1220
f 1242/385/1222 1254/398/1234 1253/397/1233 1241/384/1221
f 1243/386/1223 1255/399/1235 1254/398/1234 1242/385/1222
f 1244/387/1224 1256/400/1236 1255/399/1235 1243/386/1223
f 1245/388/1225 1257/401/1237 1256/400/1236 1244/387/1224
f 1246/389/1226 1258/402/1238 1257/401/1237 1245/388/1225
f 1247/390/1227 1259/403/1239 1258/402/1238 1246/389/1226
f 1248/379/1217 1260/392/1229 1259/403/1239 1247/390/1227
f 1249/391/1228 1261/404/1240 1272/405/1241 1260/392/1229
f 1250/393/1230 1262/406/1242 1261/407/1240 1249/394/1228
f 1251/395/1231 1263/408/1243 1262/406/1242 1250/393/1230
f 1252/396/1232 1264/409/1244 1263/408/1243 1251/395/1231
f 1253/397/1233 1265/410/1245 1264/409/1244 1252/396/1232
f 1254/398/1234 1266/411/1246 1265/410/1245 1253/397/1233
f 1255/399/1235 1267/412/1247 1266/411/1246 1254/398/1234
f 1256/400/1236 1268/413/1248 1267/412/1247 1255/399/1235
f 1257/401/1237 1269/414/1249 1268/413/1248 1256/400/1236
f 1258/402/1238 1270/415/1250 1269/414/1249 1257/401/1237
f 1259/403/1239 1271/416/1251 1270/415/1250 1258/402/1238
f 1260/392/1229 1272/405/1241 1271/416/1251 1259/403/1239
f 1261/404/1240 1273/417/1252 1284/418/1253 1272/405/1241
f 1262/406/1242 1274/419/1254 1273/420/1252 1261/407/1240
f 1263/408/1243 1275/421/1255 1274/419/1254 1262/406/1242
f 1264/409/1244 1276/422/1256 1275/421/1255 1263/408/1243
f 1265/410/1245 1277/423/1257 1276/422/1256 1264/409/1244
f 1266/411/1246 1278/424/1258 1277/423/1257 1265/410/1245
f 1267/412/1247 1279/425/1259 1278/424/1258 1266/411/1246
f 1268/413/1248 1280/426/1260 1279/425/1259 1267/412/1247
f 1269/414/1249 1281/427/1261 1280/426/1260 1268/413/1248
f 1270/415/1250 1282/428/1262 1281/427/1261 1269/414/1249
f 1271/416/1251 1283/429/1263 1282/428/1262 1270/415/1250
f 1272/405/1241 1284/418/1253 1283/429/1263 1271/416/1251
f 1273/417/1252 1285/430/1264 1296/431/1265 1284/418/1253
f 1274/419/1254 1286/432/1266 1285/433/1264 1273/420/1252
f 1275/421/1255 1287/434/1267 1286/432/1266 1274/419/1254
f 1276/422/1256 1288/435/1268 1287/434/1267 1275/421/1255
f 1277/423/1257 1289/436/1269 1288/435/1268 1276/422/1256
f 1278/424/1258 1290/437/1270 1289/436/1269 1277/423/1257
f 1279/425/1259 1291/438/1271 1290/437/1270 1278/424/1258
f 1280/426/1260 1292/439/1272 1291/438/1271 1279/425/1259
f 1281/427/1261 1293/440/1273 1292/439/1272 1280/426/1260
f 1282/428/1262 1294/441/1274 1293/440/1273 1281/427/1261
f 1283/429/1263 1295/442/1275 1294/441/1274 1282/428/1262
f 1284/418/1253 1296/431/1265 1295/442/1275 1283/429/1263
f 1285/430/1264 1297/443/1276 1308/444/1277 1296/431/1265
f 1286/432/1266 1298/445/1278 1297/446/1276 1285/433/1264
f 1287/434/1267 1299/447/1279 1298/445/1278 1286/432/1266
f 1288/435/1268 1300/448/1280 1299/447/1279 1287/434/1267
f 1289/436/1269 1301/449/1281 1300/448/1280 1288/435/1268
f 1290/437/1270 1302/450/1282 1301/449/1281 1289/436/1269
f 1291/438/1271 1303/451/1283 1302/450/1282 1290/437/1270
f 1292/439/1272 1304/452/1284 1303/451/1283 1291/438/1271
f 1293/440/1273 1305/453/1285 1304/452/1284 1292/439/1272
f 1294/441/1274 1306/454/1286 1305/453/1285 1293/440/1273
f 1295/442/1275 1307/455/1287 1306/454/1286 1294/441/1274
f 1296/431/1265 1308/444/1277 1307/455/1287 1295/442/1275
f 1297/443/1276 1309/456/1288 1320/457/1289 1308/444/1277
f 1298/445/1278 1310/458/1290 1309/459/1288 1297/446/1276
f 1299/447/1279 1311/460/1291 1310/458/1290 1298/445/1278
f 1300/448/1280 1312/461/1292 1311/460/1291 1299/447/1279
f 1301/449/1281 1313/462/1293 1312/461/1292 1300/448/1280
f 1302/450/1282 1314/463/1294 1313/462/1293 1301/449/1281
f 1303/451/1283 1315/464/1295 1314/463/1294 1302/450/1282
f 1304/452/1284 1316/465/1296 1315/464/1295 1303/451/1283
f 1305/453/1285 1317/466/1297 1316/465/1296 1304/452/1284
f 1306/454/1286 1318/467/1298 1317/466/1297 1305/453/1285
f 1307/455/1287 1319/468/1299 1318/467/1298 1306/454/1286
f 1308/444/1277 1320/457/1289 1319/468/1299 1307/455/1287
f 1309/456/1288 1321/469/1300 1332/470/1301 1320/457/1289
f 1310/458/1290 1322/471/1302 1321/472/1300 1309/459/1288
f 1311/460/1291 1323/473/1303 1322/471/1302 1310/458/1290
f 1312/461/1292 1324/474/1304 1323/473/1303 1311/460/1291
f 1313/462/1293 1325/475/1305 1324/474/1304 1312/461/1292
f 1314/463/1294 1326/476/1306 1325/475/1305 1313/462/1293
f 1315/464/1295 1327/477/1307 1326/476/1306 1314/463/1294
f 1316/465/1296 1328/478/1308 1327/477/1307 1315/464/1295
f 1317/466/1297 1329/479/1309 1328/478/1308 1316/465/1296
f 1318/467/1298 1330/480/1310 1329/479/1309 1317/466/1297
f 1319/468/1299 1331/481/1311 1330/480/1310 1318/467/1298
f 1320/457/1289 1332/470/1301 1331/481/1311 1319/468/1299
f 1333/1/1312 1345/2/1313 1356/3/1314 1344/4/1315
f 1334/5/1316 1346/6/1317 1345/7/1313 1333/8/1312
f 1335/9/1318 1347/10/1319 1346/6/1317 1334/5/1316
f 1336/11/1320 1348/12/1321 1347/10/1319 1335/9/1318
f 1337/13/1322 1349/14/1323 1348/12/1321 1336/11/1320
f 1338/15/1324 1350/16/1325 1349/14/1323 1337/13/1322
f 1339/17/1326 1351/18/1327 1350/16/1325 1338/15/1324
f 1340/19/1328 1352/20/1329 1351/18/1327 1339/17/1326
f 1341/21/1330 1353/22/1331 1352/20/1329 1340/19/1328
f 1342/23/1332 1354/24/1333 1353/22/1331 1341/21/1330
f 1343/25/1334 1355/26/1335 1354/24/1333 1342/23/1332
f 1344/4/1315 1356/3/1314 1355/26/1335 1343/25/1334
f 1345/2/1313 1357/27/1336 1368/28/1337 1356/3/1314
f 1346/6/1317 1358/29/1338 1357/30/1336 1345/7/1313
f 1347/10/1319 1359/31/1339 1358/29/1338 1346/6/1317
f 1348/12/1321 1360/32/1340 1359/31/1339 1347/10/1319
f 1349/14/1323 1361/33/1341 1360/32/1340 1348/12/1321
f 1350/16/1325 1362/34/1342 1361/33/1341 1349/14/1323
f 1351/18/1327 1363/35/1343 1362/34/1342 1350/16/1325
f 1352/20/1329 1364/36/1344 1363/35/1343 1351/18/1327
f 1353/22/1331 1365/37/1345 1364/36/1344 1352/20/1329
f 1354/24/1333 1366/38/1346 1365/37/1345 1353/22/1331
f 1355/26/1335 1367/39/1347 1366/38/1346 1354/24/1333
f 1356/3/1314 1368/28/1337 1367/39/1347 1355/26/1335
f 1357/27/1336 1369/40/1348 1380/41/1349 1368/28/1337
f 1358/29/1338 1370/42/1350 1369/43/1348 1357/30/1336
f 1359/31/1339 1371/44/1351 1370/42/1350 1358/29/1338
f 1360/32/1340 1372/45/1352 1371/44/1351 1359/31/1339
f 1361/33/1341 1373/46/1353 1372/45/1352 1360/32/1340
f 1362/34/1342 1374/47/1354 1373/46/1353 1361/33/1341
f 1363/35/1343 1375/48/1355 1374/47/1354 1362/34/1342
f 1364/36/1344 1376/49/1356 1375/48/1355 1363/35/1343
f 1365/37/1345 1377/50/1357 1376/49/1356 1364/36/1344
f 1366/38/1346 1378/51/1358 1377/50/1357 1365/37/1345
f 1367/39/1347 1379/52/1359 1378/51/1358 1366/38/1346
f 1368/28/1337 1380/41/1349 1379/52/1359 1367/39/1347
f 1369/40/1348 1381/53/1360 1392/54/1361 1380/41/1349
f 1370/42/1350 1382/55/1362 1381/56/1360 1369/43/1348
f 1371/44/1351 1383/57/1363 1382/55/1362 1370/42/1350
f 1372/45/1352 1384/58/1364 1383/57/1363 1371/44/1351
f 1373/46/1353 1385/59/1365 1384/58/1364 1372/45/1352
f 1374/47/1354 1386/60/1366 1385/59/1365 1373/46/1353
f 1375/48/1355 1387/61/1367 1386/60/1366 1374/47/1354
f 1376/49/1356 1388/62/1368 1387/61/1367 1375/48/1355
f 1377/50/1357 1389/63/1369 1388/62/1368 1376/49/1356
f 1378/51/1358 1390/64/1370 1389/63/1369 1377/50/1357
f 1379/52/1359 1391/65/1371 1390/64/1370 1378/51/1358
f 1380/41/1349 1392/54/1361 1391/65/1371 1379/52/1359
f 1381/53/1360 1393/66/1372 1404/67/1373 1392/54/1361
f 1382/55/1362 1394/68/1374 1393/69/1372 1381/56/1360
f 1383/57/1363 1395/70/1375 1394/68/1374 1382/55/1362
f 1384/58/1364 1396/71/1376 1395/70/1375 1383/57/1363
f 1385/59/1365 1397/72/1377 1396/71/1376 1384/58/1364
f 1386/60/1366 1398/73/1378 1397/72/1377 1385/59/1365
f 1387/61/1367 1399/74/1379 1398/73/1378 1386/60/1366
f 1388/62/1368 1400/75/1380 1399/74/1379 1387/61/1367
f 1389/63/1369 1401/76/1381 1400/75/1380 1388/62/1368
f 1390/64/1370 1402/77/1382 1401/76/1381 1389/63/1369
f 1391/65/1371 1403/78/1383 1402/77/1382 1390/64/1370
f 1392/54/1361 1404/67/1373 1403/78/1383 1391/65/1371
f 1393/66/1372 1405/79/1384 1416/80/1385 1404/67/1373
f 1394/68/1374 1406/81/1386 1405/82/1384 1393/69/1372
f 1395/70/1375 1407/83/1387 1406/81/1386 1394/68/1374
f 1396/71/1376 1408/84/1388 1407/83/1387 1395/70/1375
f 1397/72/1377 1409/85/1389 1408/84/1388 1396/71/1376
f 1398/73/1378 1410/86/1390 1409/85/1389 1397/72/1377
f 1399/74/1379 1411/87/1391 1410/86/1390 1398/73/1378
f 1400/75/1380 1412/88/1392 1411/87/1391 1399/74/1379
f 1401/76/1381 1413/89/1393 1412/88/1392 1400/75/1380
f 1402/77/1382 1414/90/1394 1413/89/1393 1401/76/1381
f 1403/78/1383 1415/91/1395 1414/90/1394 1402/77/1382
f 1404/67/1373 1416/80/1385 1415/91/1395 1403/78/1383
f 1405/79/1384 1417/92/1396 1428/93/1397 1416/80/1385
f 1406/81/1386 1418/94/1398 1417/95/1396 1405/82/1384
f 1407/83/1387 1419/96/1399 1418/94/1398 1406/81/1386
f 1408/84/1388 1420/97/1400 1419/96/1399 1407/83/1387
f 1409/85/1389 1421/98/1401 1420/97/1400 1408/84/1388
f 1410/86/1390 1422/99/1402 1421/98/1401 1409/85/1389
f 1411/87/1391 1423/100/1403 1422/99/1402 1410/86/1390
f 1412/88/1392 1424/101/1404 1423/100/1403 1411/87/1391
f 1413/89/1393 1425/102/1405 1424/101/1404 1412/88/1392
f 1414/90/1394 1426/103/1406 1425/102/1405 1413/89/1393
f 1415/91/1395 1427/104/1407 1426/103/1406 1414/90/1394
f 1416/80/1385 1428/93/1397 1427/104/1407 1415/91/1395
f 1417/92/1396 1429/105/1408 1440/106/1409 1428/93/1397
f 1418/94/1398 1430/107/1410 1429/108/1408 1417/95/1396
f 1419/96/1399 1431/109/1411 1430/107/1410 1418/94/1398
f 1420/97/1400 1432/110/1412 1431/109/1411 1419/96/1399
f 1421/98/1401 1433/111/1413 1432/110/1412 1420/97/1400
f 1422/99/1402 1434/112/1414 1433/111/1413 1421/98/1401
f 1423/100/1403 1435/113/1415 1434/112/1414 1422/99/1402
f 1424/101/1404 1436/114/1416 1435/113/1415 1423/100/1403
f 1425/102/1405 1437/115/1417 1436/114/1416 1424/101/1404
f 1426/103/1406 1438/116/1418 1437/115/1417 1425/102/1405
f 1427/104/1407 1439/117/1419 1438/116/1418 1426/103/1406
f 1428/93/1397 1440/106/1409 1439/117/1419 1427/104/1407
f 1429/105/1408 1441/118/1420 1452/119/1421 1440/106/1409
f 1430/107/1410 1442/120/1422 1441/121/1420 1429/108/1408
f 1431/109/1411 1443/122/1423 1442/120/1422 1430/107/1410
f 1432/110/1412 1444/123/1424 1443/122/1423 1431/109/1411
f 1433/111/1413 1445/124/1425 1444/123/1424 1432/110/1412
f 1434/112/1414 1446/125/1426 1445/124/1425 1433/111/1413
f 1435/113/1415 1447/126/1427 1446/125/1426 1434/112/1414
f 1436/114/1416 1448/127/1428 1447/126/1427 1435/113/1415
f 1437/115/1417 1449/128/1429 1448/127/1428 1436/114/1416
f 1438/116/1418 1450/129/1430 1449/128/1429 1437/115/1417
f 1439/117/1419 1451/130/1431 1450/129/1430 1438/116/1418
f 1440/106/1409 1452/119/1421 1451/130/1431 1439/117/1419
f 1441/118/1420 1453/131/1432 1464/132/1433 1452/119/1421
f 1442/120/1422 1454/133/1434 1453/134/1432 1441/121/1420
f 1443/122/1423 1455/135/1435 1454/133/1434 1442/120/1422
f 1444/123/1424 1456/136/1436 1455/135/1435 1443/122/1423
f 1445/124/1425 1457/137/1437 1456/136/1436 1444/123/1424
f 1446/125/1426 1458/138/1438 1457/137/1437 1445/124/1425
f 1447/126/1427 1459/139/1439 1458/138/1438 1446/125/1426
f 1448/127/1428 1460/140/1440 1459/139/1439 1447/126/1427
f 1449/128/1429 1461/141/1441 1460/140/1440 1448/127/1428
f 1450/129/1430 1462/142/1442 1461/141/1441 1449/128/1429
f 1451/130/1431 1463/143/1443 1462/142/1442 1450/129/1430
f 1452/119/1421 1464/132/1433 1463/143/1443 1451/130/1431
f 1453/131/1432 1465/144/1444 1476/145/1445 1464/132/1433
f 1454/133/1434 1466/146/1446 1465/147/1444 1453/134/1432
f 1455/135/1435 1467/148/1447 1466/146/1446 1454/133/1434
f 1456/136/1436 1468/149/1448 1467/148/1447 1455/135/1435
f 1457/137/1437 1469/150/1449 1468/149/1448 1456/136/1436
f 1458/138/1438 1470/151/1450 1469/150/1449 1457/137/1437
f 1459/139/1439 1471/152/1451 1470/151/1450 1458/138/1438
f 1460/140/1440 1472/153/1452 1471/152/1451 1459/139/1439
f 1461/141/1441 1473/154/1453 1472/153/1452 1460/140/1440
f 1462/142/1442 1474/155/1454 1473/154/1453 1461/141/1441
f 1463/143/1443 1475/156/1455 1474/155/1454 1462/142/1442
f 1464/132/1433 1476/145/1445 1475/156/1455 1463/143/1443
f 1465/144/1444 1477/157/1456 1488/158/1457 1476/145/1445
f 1466/146/1446 1478/159/1458 1477/160/1456 1465/147/1444
f 1467/148/1447 1479/161/1459 1478/159/1458 1466/146/1446
f 1468/149/1448 1480/162/1460 1479/161/1459 1467/148/1447
f 1469/150/1449 1481/163/1461 1480/162/1460 1468/149/1448
f 1470/151/1450 1482/164/1462 1481/163/1461 1469/150/1449
f 1471/152/1451 1483/165/1463 1482/164/1462 1470/151/1450
f 1472/153/1452 1484/166/1464 1483/165/1463 1471/152/1451
f 1473/154/1453 1485/167/1465 1484/166/1464 1472/153/1452
f 1474/155/1454 1486/168/1466 1485/167/1465 1473/154/1453
f 1475/156/1455 1487/169/1467 1486/168/1466 1474/155/1454
f 1476/145/1445 1488/158/1457 1487/169/1467 1475/156/1455
f 1477/157/1456 1489/170/1468 1500/171/1469 1488/158/1457
f 1478/159/1458 1490/172/1470 1489/173/1468 1477/160/1456
f 1479/161/1459 1491/174/1471 1490/172/1470 1478/159/1458
f 1480/162/1460 1492/175/1472 1491/174/1471 1479/161/1459
f 1481/163/1461 1493/176/1473 1492/175/1472 1480/162/1460
f 1482/164/1462 1494/177/1474 1493/176/1473 1481/163/1461
f 1483/165/1463 1495/178/1475 1494/177/1474 1482/164/1462
f 1484/166/1464 1496/179/1476 1495/178/1475 1483/165/1463
f 1485/167/1465 1497/180/1477 1496/179/1476 1484/166/1464
f 1486/168/1466 1498/181/1478 1497/180/1477 1485/167/1465
f 1487/169/1467 1499/182/1479 1498/181/1478 1486/168/1466
f 1488/158/1457 1500/171/1469 1499/182/1479 1487/169/1467
f 1489/170/1468 1501/183/1480 1512/184/1481 1500/171/1469
f 1490/172/1470 1502/185/1482 1501/186/1480 1489/173/1468
f 1491/174/1471 1503/187/1483 1502/185/1482 1490/172/1470
f 1492/175/1472 1504/188/1484 1503/187/1483 1491/174/1471
f 1493/176/1473 1505/189/1485 1504/188/1484 1492/175/1472
f 1494/177/1474 1506/190/1486 1505/189/1485 1493/176/1473
f 1495/178/1475 1507/191/1487 1506/190/1486 1494/177/1474
f 1496/179/1476 1508/192/1488 1507/191/1487 1495/178/1475
f 1497/180/1477 1509/193/1489 1508/192/1488 1496/179/1476
f 1498/181/1478 1510/194/1490 1509/193/1489 1497/180/1477
f 1499/182/1479 1511/195/1491 1510/194/1490 1498/181/1478
f 1500/171/1469 1512/184/1481 1511/195/1491 1499/182/1479
f 1501/183/1480 1513/196/1480 1524/197/1481 1512/184/1481
f 1502/185/1482 1514/198/1482 1513/199/1480 1501/186/1480
f 1503/187/1483 1515/200/1483 1514/198/1482 1502/185/1482
f 1504/188/1484 1516/201/1484 1515/200/1483 1503/187/1483
f 1505/189/1485 1517/202/1485 1516/201/1484 1504/188/1484
f 1506/190/1486 1518/203/1486 1517/202/1485 1505/189/1485
f 1507/191/1487 1519/204/1487 1518/203/1486 1506/190/1486
f 1508/192/1488 1520/205/1488 1519/204/1487 1507/191/1487
f 1509/193/1489 1521/206/1489 1520/205/1488 1508/192/1488
f 1510/194/1490 1522/207/1490 1521/206/1489 1509/193/1489
f 1511/195/1491 1523/208/1491 1522/207/1490 1510/194/1490
f 1512/184/1481 1524/197/1481 1523/208/1491 1511/195/1491
f 1513/196/1480 1525/209/1480 1536/210/1481 1524/197/1481
f 1514/198/1482 1526/211/1482 1525/212/1480 1513/199/1480
f 1515/200/1483 1527/213/1483 1526/211/1482 1514/198/1482
f 1516/201/1484 1528/214/1484 1527/213/1483 1515/200/1483
f 1517/202/1485 1529/215/1485 1528/214/1484 1516/201/1484
f 1518/203/1486 1530/216/1486 1529/215/1485 1517/202/1485
f 1519/204/1487 1531/217/1487 1530/216/1486 1518/203/1486
f 1520/205/1488 1532/218/1488 1531/217/1487 1519/204/1487
f 1521/206/1489 1533/219/1489 1532/218/1488 1520/205/1488
f 1522/207/1490 1534/220/1490 1533/219/1489 1521/206/1489
f 1523/208/1491 1535/221/1491 1534/220/1490 1522/207/1490
f 1524/197/1481 1536/210/1481 1535/221/1491 1523/208/1491
f 1525/209/1480 1537/222/1480 1548/223/1481 1536/210/1481
f 1526/211/1482 1538/224/1482 1537/225/1480 1525/212/1480
f 1527/213/1483 1539/226/1483 1538/224/1482 1526/211/1482
f 1528/214/1484 1540/227/1484 1539/226/1483 1527/213/1483
f 1529/215/1485 1541/228/1485 1540/227/1484 1528/214/1484
f 1530/216/1486 1542/229/1486 1541/228/1485 1529/215/1485
f 1531/217/1487 1543/230/1487 1542/229/1486 1530/216/1486
f 1532/218/1488 1544/231/1488 1543/230/1487 1531/217/1487
f 1533/219/1489 1545/232/1489 1544/231/1488 1532/218/1488
f 1534/220/1490 1546/233/1490 1545/232/1489 1533/219/1489
f 1535/221/1491 1547/234/1491 1546/233/1490 1534/220/1490
f 1536/210/1481 1548/223/1481 1547/234/1491 1535/221/1491
f 1537/222/1480 1549/235/1480 1560/236/1481 1548/223/1481
f 1538/224/1482 1550/237/1482 1549/238/1480 1537/225/1480
f 1539/226/1483 1551/239/1483 1550/237/1482 1538/224/1482
f 1540/227/1484 1552/240/1484 1551/239/1483 1539/226/1483
f 1541/228/1485 1553/241/1485 1552/240/1484 1540/227/1484
f 1542/229/1486 1554/242/1486 1553/241/1485 1541/228/1485
f 1543/230/1487 1555/243/1487 1554/242/1486 1542/229/1486
f 1544/231/1488 1556/244/1488 1555/243/1487 1543/230/1487
f 1545/232/1489 1557/245/1489 1556/244/1488 1544/231/1488
f 1546/233/1490 1558/246/1490 1557/245/1489 1545/232/1489
f 1547/234/1491 1559/247/1491 1558/246/1490 1546/233/1490
f 1548/223/1481 1560/236/1481 1559/247/1491 1547/234/1491
f 1549/235/1480 1561/248/1480 1572/249/1481 1560/236/1481
f 1550/237/1482 1562/250/1482 1561/251/1480 1549/238/1480
f 1551/239/1483 1563/252/1483 1562/250/1482 1550/237/1482
f 1552/240/1484 1564/253/1484 1563/252/1483 1551/239/1483
f 1553/241/1485 1565/254/1485 1564/253/1484 1552/240/1484
f 1554/242/1486 1566/255/1486 1565/254/1485 1553/241/1485
f 1555/243/1487 1567/256/1487 1566/255/1486 1554/242/1486
f 1556/244/1488 1568/257/1488 1567/256/1487 1555/243/1487
f 1557/245/1489 1569/258/1489 1568/257/1488 1556/244/1488
f 1558/246/1490 1570/259/1490 1569/258/1489 1557/245/1489
f 1559/247/1491 1571/260/1491 1570/259/1490 1558/246/1490
f 1560/236/1481 1572/249/1481 1571/260/1491 1559/247/1491
f 1561/248/1480 1573/261/1480 1584/262/1481 1572/249/1481
f 1562/250/1482 1574/263/1482 1573/264/1480 1561/251/1480
f 1563/252/1483 1575/265/1483 1574/263/1482 1562/250/1482
f 1564/253/1484 1576/266/1484 1575/265/1483 1563/252/1483
f 1565/254/1485 1577/267/1485 1576/266/1484 1564/253/1484
f 1566/255/1486 1578/268/1486 1577/267/1485 1565/254/1485
f 1567/256/1487 1579/269/1487 1578/268/1486 1566/255/1486
f 1568/257/1488 1580/270/1488 1579/269/1487 1567/256/1487
f 1569/258/1489 1581/271/1489 1580/270/1488 1568/257/1488
f 1570/259/1490 1582/272/1490 1581/271/1489 1569/258/1489
f 1571/260/1491 1583/273/1491 1582/272/1490 1570/259/1490
f 1572/249/1481 1584/262/1481 1583/273/1491 1571/260/1491
f 1573/261/1480 1585/274/1480 1596/275/1481 1584/262/1481
f 1574/263/1482 1586/276/1482 1585/277/1480 1573/264/1480
f 1575/265/1483 1587/278/1483 1586/276/1482 1574/263/1482
f 1576/266/1484 1588/279/1484 1587/278/1483 1575/265/1483
f 1577/267/1485 1589/280/1485 1588/279/1484 1576/266/1484
f 1578/268/1486 1590/281/1486 1589/280/1485 1577/267/1485
f 1579/269/1487 1591/282/1487 1590/281/1486 1578/268/1486
f 1580/270/1488 1592/283/1488 1591/282/1487 1579/269/1487
f 1581/271/1489 1593/284/1489 1592/283/1488 1580/270/1488
f 1582/272/1490 1594/285/1490 1593/284/1489 1581/271/1489
f 1583/273/1491 1595/286/1491 1594/285/1490 1582/272/1490
f 1584/262/1481 1596/275/1481 1595/286/1491 1583/273/1491
f 1585/274/1480 1597/287/1480 1608/288/1481 1596/275/1481
f 1586/276/1482 1598/289/1482 1597/290/1480 1585/277/1480
f 1587/278/1483 1599/291/1483 1598/289/1482 1586/276/1482
f 1588/279/1484 1600/292/1484 1599/291/1483 1587/278/1483
f 1589/280/1485 1601/293/1485 1600/292/1484 1588/279/1484
f 1590/281/1486 1602/294/1486 1601/293/1485 1589/280/1485
f 1591/282/1487 1603/295/1487 1602/294/1486 1590/281/1486
f 1592/283/1488 1604/296/1488 1603/295/1487 1591/282/1487
f 1593/284/1489 1605/297/1489 1604/296/1488 1592/283/1488
f 1594/285/1490 1606/298/1490 1605/297/1489 1593/284/1489
f 1595/286/1491 1607/299/1491 1606/298/1490 1594/285/1490
f 1596/275/1481 1608/288/1481 1607/299/1491 1595/286/1491
f 1597/287/1480 1609/300/1492 1620/301/1493 1608/288/1481
f 1598/289/1482 1610/302/1494 1609/303/1492 1597/290/1480
f 1599/291/1483 1611/304/1495 1610/302/1494 1598/289/1482
f 1600/292/1484 1612/305/1496 1611/304/1495 1599/291/1483
f 1601/293/1485 1613/306/1497 1612/305/1496 1600/292/1484
f 1602/294/1486 1614/307/1498 1613/306/1497 1601/293/1485
f 1603/295/1487 1615/308/1499 1614/307/1498 1602/294/1486
f 1604/296/1488 1616/309/1500 1615/308/1499 1603/295/1487
f 1605/297/1489 1617/310/1501 1616/309/1500 1604/296/1488
f 1606/298/1490 1618/311/1502 1617/310/1501 1605/297/1489
f 1607/299/1491 1619/312/1503 1618/311/1502 1606/298/1490
f 1608/288/1481 1620/301/1493 1619/312/1503 1607/299/1491
f 1609/300/1492 1621/313/1504 1632/314/1505 1620/301/1493
f 1610/302/1494 1622/315/1506 1621/316/1504 1609/303/1492
f 1611/304/1495 1623/317/1507 1622/315/1506 1610/302/1494
f 1612/305/1496 1624/318/1508 1623/317/1507 1611/304/1495
f 1613/306/1497 1625/319/1509 1624/318/1508 1612/305/1496
f 1614/307/1498 1626/320/1510 1625/319/1509 1613/306/1497
f 1615/308/1499 1627/321/1511 1626/320/1510 1614/307/1498
f 1616/309/1500 1628/322/1512 1627/321/1511 1615/308/1499
f 1617/310/1501 1629/323/1513 1628/322/1512 1616/309/1500
f 1618/311/1502 1630/324/1514 1629/323/1513 1617/310/1501
f 1619/312/1503 1631/325/1515 1630/324/1514 1618/311/1502
f 1620/301/1493 1632/314/1505 1631/325/1515 1619/312/1503
f 1621/313/1504 1633/326/1516 1644/327/1517 1632/314/1505
f 1622/315/1506 1634/328/1518 1633/329/1516 1621/316/1504
f 1623/317/1507 1635/330/1519 1634/328/1518 1622/315/1506
f 1624/318/1508 1636/331/1520 1635/330/1519 1623/317/1507
f 1625/319/1509 1637/332/1521 1636/331/1520 1624/318/1508
f 1626/320/1510 1638/333/1522 1637/332/1521 1625/319/1509
f 1627/321/1511 1639/334/1523 1638/333/1522 1626/320/1510
f 1628/322/1512 1640/335/1524 1639/334/1523 1627/321/1511
f 1629/323/1513 1641/336/1525 1640/335/1524 1628/322/1512
f 1630/324/1514 1642/337/1526 1641/336/1525 1629/323/1513
f 1631/325/1515 1643/338/1527 1642/337/1526 1630/324/1514
f 1632/314/1505 1644/327/1517 1643/338/1527 1631/325/1515
f 1633/326/1516 1645/339/1528 1656/340/1529 1644/327/1517
f 1634/328/1518 1646/341/1530 1645/342/1528 1633/329/1516
f 1635/330/1519 1647/343/1531 1646/341/1530 1634/328/1518
f 1636/331/1520 1648/344/1532 1647/343/1531 1635/330/1519
f 1637/332/1521 1649/345/1533 1648/344/1532 1636/331/1520
f 1638/333/1522 1650/346/1534 1649/345/1533 1637/332/1521
f 1639/334/1523 1651/347/1535 1650/346/1534 1638/333/1522
f 1640/335/1524 1652/348/1536 1651/347/1535 1639/334/1523
f 1641/336/1525 1653/349/1537 1652/348/1536 1640/335/1524
f 1642/337/1526 1654/350/1538 1653/349/1537 1641/336/1525
f 1643/338/1527 1655/351/1539 1654/350/1538 1642/337/1526
f 1644/327/1517 1656/340/1529 1655/351/1539 1643/338/1527
f 1645/339/1528 1657/352/1540 1668/353/1541 1656/340/1529
f 1646/341/1530 1658/354/1542 1657/355/1540 1645/342/1528
f 1647/343/1531 1659/356/1543 1658/354/1542 1646/341/1530
f 1648/344/1532 1660/357/1544 1659/356/1543 1647/343/1531
f 1649/345/1533 1661/358/1545 1660/357/1544 1648/344/1532
f 1650/346/1534 1662/359/1546 1661/358/1545 1649/345/1533
f 1651/347/1535 1663/360/1547 1662/359/1546 1650/346/1534
f 1652/348/1536 1664/361/1548 1663/360/1547 1651/347/1535
f 1653/349/1537 1665/362/1549 1664/361/1548 1652/348/1536
f 1654/350/1538 1666/363/1550 1665/362/1549 1653/349/1537
f 1655/351/1539 1667/364/1551 1666/363/1550 1654/350/1538
f 1656/340/1529 1668/353/1541 1667/364/1551 1655/351/1539
f 1657/352/1540 1669/365/1552 1680/366/1553 1668/353/1541
f 1658/354/1542 1670/367/1554 1669/368/1552 1657/355/1540
f 1659/356/1543 1671/369/1555 1670/367/1554 1658/354/1542
f 1660/357/1544 1672/370/1556 1671/369/1555 1659/356/1543
f 1661/358/1545 1673/371/1557 1672/370/1556 1660/357/1544
f 1662/359/1546 1674/372/1558 1673/371/1557 1661/358/1545
f 1663/360/1547 1675/373/1559 1674/372/1558 1662/359/1546
f 1664/361/1548 1676/374/1560 1675/373/1559 1663/360/1547
f 1665/362/1549 1677/375/1561 1676/374/1560 1664/361/1548
f 1666/363/1550 1678/376/1562 1677/375/1561 1665/362/1549
f 1667/364/1551 1679/377/1563 1678/376/1562 1666/363/1550
f 1668/353/1541 1680/366/1553 1679/377/1563 1667/364/1551
f 1669/365/1552 1681/378/1564 1692/379/1565 1680/366/1553
f 1670/367/1554 1682/380/1566 1681/381/1564 1669/368/1552
f 1671/369/1555 1683/382/1567 1682/380/1566 1670/367/1554
f 1672/370/1556 1684/383/1568 1683/382/1567 1671/369/1555
f 1673/371/1557 1685/384/1569 1684/383/1568 1672/370/1556
f 1674/372/1558 1686/385/1570 1685/384/1569 1673/371/1557
f 1675/373/1559 1687/386/1571 1686/385/1570 1674/372/1558
f 1676/374/1560 1688/387/1572 1687/386/1571 1675/373/1559
f 1677/375/1561 1689/388/1573 1688/387/1572 1676/374/1560
f 1678/376/1562 1690/389/1574 1689/388/1573 1677/375/1561
f 1679/377/1563 1691/390/1575 1690/389/1574 1678/376/1562
f 1680/366/1553 1692/379/1565 1691/390/1575 1679/377/1563
f 1681/378/1564 1693/391/1576 1704/392/1577 1692/379/1565
f 1682/380/1566 1694/393/1578 1693/394/1576 1681/381/1564
f 1683/382/1567 1695/395/1579 1694/393/1578 1682/380/1566
f 1684/383/1568 1696/396/1580 1695/395/1579 1683/382/1567
f 1685/384/1569 1697/397/1581 1696/396/1580 1684/383/1568
f 1686/385/1570 1698/398/1582 1697/397/1581 1685/384/1569
f 1687/386/1571 1699/399/1583 1698/398/1582 1686/385/1570
f 1688/387/1572 1700/400/1584 1699/399/1583 1687/386/1571
f 1689/388/1573 1701/401/1585 1700/400/1584 1688/387/1572
f 1690/389/1574 1702/402/1586 1701/401/1585 1689/388/1573
f 1691/390/1575 1703/403/1587 1702/402/1586 1690/389/1574
f 1692/379/1565 1704/392/1577 1703/403/1587 1691/390/1575
f 1693/391/1576 1705/404/1588 1716/405/1589 1704/392/1577
f 1694/393/1578 1706/406/1590 1705/407/1588 1693/394/1576
f 1695/395/1579 1707/408/1591 1706/406/1590 1694/393/1578
f 1696/396/1580 1708/409/1592 1707/408/1591 1695/395/1579
f 1697/397/1581 1709/410/1593 1708/409/1592 1696/396/1580
f 1698/398/1582 1710/411/1594 1709/410/1593 1697/397/1581
f 1699/399/1583 1711/412/1595 1710/411/1594 1698/398/1582
f 1700/400/1584 1712/413/1596 1711/412/1595 1699/399/1583
f 1701/401/1585 1713/414/1597 1712/413/1596 1700/400/1584
f 1702/402/1586 1714/415/1598 1713/414/1597 1701/401/1585
f 1703/403/1587 1715/416/1599 1714/415/1598 1702/402/1586
f 1704/392/1577 1716/405/1589 1715/416/1599 1703/403/1587
f 1705/404/1588 1717/417/1600 1728/418/1601 1716/405/1589
f 1706/406/1590 1718/419/1602 1717/420/1600 1705/407/1588
f 1707/408/1591 1719/421/1603 1718/419/1602 1706/406/1590
f 1708/409/1592 1720/422/1604 1719/421/1603 1707/408/1591
f 1709/410/1593 1721/423/1605 1720/422/1604 1708/409/1592
f 1710/411/1594 1722/424/1606 1721/423/1605 1709/410/1593
f 1711/412/1595 1723/425/1607 1722/424/1606 1710/411/1594
f 1712/413/1596 1724/426/1608 1723/425/1607 1711/412/1595
f 1713/414/1597 1725/427/1609 1724/426/1608 1712/413/1596
f 1714/415/1598 1726/428/1610 1725/427/1609 1713/414/1597
f 1715/416/1599 1727/429/1611 1726/428/1610 1714/415/1598
f 1716/405/1589 1728/418/1601 1727/429/1611 1715/416/1599
f 1717/417/1600 1729/430/1612 1740/431/1613 1728/418/1601
f 1718/419/1602 1730/432/1614 1729/433/1612 1717/420/1600
f 1719/421/1603 1731/434/1615 1730/432/1614 1718/419/1602
f 1720/422/1604 1732/435/1616 1731/434/1615 1719/421/1603
f 1721/423/1605 1733/436/1617 1732/435/1616 1720/422/1604
f 1722/424/1606 1734/437/1618 1733/436/1617 1721/423/1605
f 1723/425/1607 1735/438/1619 1734/437/1618 1722/424/1606
f 1724/426/1608 1736/439/1620 1735/438/1619 1723/425/1607
f 1725/427/1609 1737/440/1621 1736/439/1620 1724/426/1608
f 1726/428/1610 1738/441/1622 1737/440/1621 1725/427/1609
f 1727/429/1611 1739/442/1623 1738/441/1622 1726/428/1610
f 1728/418/1601 1740/431/1613 1739/442/1623 1727/429/1611
f 1729/430/1612 1741/443/1624 1752/444/1625 1740/431/1613
f 1730/432/1614 1742/445/1626 1741/446/1624 1729/433/1612
f 1731/434/1615 1743/447/1627 1742/445/1626 1730/432/1614
f 1732/435/1616 1744/448/1628 1743/447/1627 1731/434/1615
f 1733/436/1617 1745/449/1629 1744/448/1628 1732/435/1616
f 1734/437/1618 1746/450/1630 1745/449/1629 1733/436/1617
f 1735/438/1619 1747/451/1631 1746/450/1630 1734/437/1618
f 1736/439/1620 1748/452/1632 1747/451/1631 1735/438/1619
f 1737/440/1621 1749/453/1633 1748/452/1632 1736/439/1620
f 1738/441/1622 1750/454/1634 1749/453/1633 1737/440/1621
f 1739/442/1623 1751/455/1635 1750/454/1634 1738/441/1622
f 1740/431/1613 1752/444/1625 1751/455/1635 1739/442/1623
f 1741/443/1624 1753/456/1636 1764/457/1637 1752/444/1625
f 1742/445/1626 1754/458/1638 1753/459/1636 1741/446/1624
f 1743/447/1627 1755/460/1639 1754/458/1638 1742/445/1626
f 1744/448/1628 1756/461/1640 1755/460/1639 1743/447/1627
f 1745/449/1629 1757/462/1641 1756/461/1640 1744/448/1628
f 1746/450/1630 1758/463/1642 1757/462/1641 1745/449/1629
f 1747/451/1631 1759/464/1643 1758/463/1642 1746/450/1630
f 1748/452/1632 1760/465/1644 1759/464/1643 1747/451/1631
f 1749/453/1633 1761/466/1645 1760/465/1644 1748/452/1632
f 1750/454/1634 1762/467/1646 1761/466/1645 1749/453/1633
f 1751/455/1635 1763/468/1647 1762/467/1646 1750/454/1634
f 1752/444/1625 1764/457/1637 1763/468/1647 1751/455/1635
f 1753/456/1636 1765/469/1648 1776/470/1649 1764/457/1637
f 1754/458/1638 1766/471/1650 1765/472/1648 1753/459/1636
f 1755/460/1639 1767/473/1651 1766/471/1650 1754/458/1638
f 1756/461/1640 1768/474/1652 1767/473/1651 1755/460/1639
f 1757/462/1641 1769/475/1653 1768/474/1652 1756/461/1640
f 1758/463/1642 1770/476/1654 1769/475/1653 1757/462/1641
f 1759/464/1643 1771/477/1655 1770/476/1654 1758/463/1642
f 1760/465/1644 1772/478/1656 1771/477/1655 1759/464/1643
f 1761/466/1645 1773/479/1657 1772/478/1656 1760/465/1644
f 1762/467/1646 1774/480/1658 1773/479/1657 1761/466/1645
f 1763/468/1647 1775/481/1659 1774/480/1658 1762/467/1646
f 1764/457/1637 1776/470/1649 1775/481/1659 1763/468/1647
f 1777/1/1660 1788/4/1661 1800/3/1662 1789/2/1663
f 1778/5/1664 1777/8/1660 1789/7/1663 1790/6/1665
f 1779/9/1666 1778/5/1664 1790/6/1665 1791/10/1667
f 1780/11/1668 1779/9/1666 1791/10/1667 1792/12/1669
f 1781/13/1670 1780/11/1668 1792/12/1669 1793/14/1671
f 1782/15/1672 1781/13/1670 1793/14/1671 1794/16/1673
f 1783/17/1674 1782/15/1672 1794/16/1673 1795/18/1675
f 1784/19/1676 1783/17/1674 1795/18/1675 1796/20/1677
f 1785/21/1678 1784/19/1676 1796/20/1677 1797/22/1679
f 1786/23/1680 1785/21/1678 1797/22/1679 1798/24/1681
f 1787/25/1682 1786/23/1680 1798/24/1681 1799/26/1683
f 1788/4/1661 1787/25/1682 1799/26/1683 1800/3/1662
f 1789/2/1663 1800/3/1662 1812/28/1684 1801/27/1685
f 1790/6/1665 1789/7/1663 1801/30/1685 1802/29/1686
f 1791/10/1667 1790/6/1665 1802/29/1686 1803/31/1687
f 1792/12/1669 1791/10/1667 1803/31/1687 1804/32/1688
f 1793/14/1671 1792/12/1669 1804/32/1688 1805/33/1689
f 1794/16/1673 1793/14/1671 1805/33/1689 1806/34/1690
f 1795/18/1675 1794/16/1673 1806/34/1690 1807/35/1691
f 1796/20/1677 1795/18/1675 1807/35/1691 1808/36/1692
f 1797/22/1679 1796/20/1677 1808/36/1692 1809/37/1693
f 1798/24/1681 1797/22/1679 1809/37/1693 1810/38/1694
f 1799/26/1683 1798/24/1681 1810/38/1694 1811/39/1695
f 1800/3/1662 1799/26/1683 1811/39/1695 1812/28/1684
f 1801/27/1685 1812/28/1684 1824/41/1696 1813/40/1697
f 1802/29/1686 1801/30/1685 1813/43/1697 1814/42/1698
f 1803/31/1687 1802/29/1686 1814/42/1698 1815/44/1699
f 1804/32/1688 1803/31/1687 1815/44/1699 1816/45/1700
f 1805/33/1689 1804/32/1688 1816/45/1700 1817/46/1701
f 1806/34/1690 1805/33/1689 1817/46/1701 1818/47/1702
f 1807/35/1691 1806/34/1690 1818/47/1702 1819/48/1703
f 1808/36/1692 1807/35/1691 1819/48/1703 1820/49/1704
f 1809/37/1693 1808/36/1692 1820/49/1704 1821/50/1705
f 1810/38/1694 1809/37/1693 1821/50/1705 1822/51/1706
f 1811/39/1695 1810/38/1694 1822/51/1706 1823/52/1707
f 1812/28/1684 1811/39/1695 1823/52/1707 1824/41/1696
f 1813/40/1697 1824/41/1696 1836/54/1708 1825/53/1709
f 1814/42/1698 1813/43/1697 1825/56/1709 1826/55/1710
f 1815/44/1699 1814/42/1698 1826/55/1710 1827/57/1711
f 1816/45/1700 1815/44/1699 1827/57/1711 1828/58/1712
f 1817/46/1701 1816/45/1700 1828/58/1712 1829/59/1713
f 1818/47/1702 1817/46/1701 1829/59/1713 1830/60/1714
f 1819/48/1703 1818/47/1702 1830/60/1714 1831/61/1715
f 1820/49/1704 1819/48/1703 1831/61/1715 1832/62/1716
f 1821/50/1705 1820/49/1704 1832/62/1716 1833/63/1717
f 1822/51/1706 1821/50/1705 1833/63/1717 1834/64/1718
f 1823/52/1707 1822/51/1706 1834/64/1718 1835/65/1719
f 1824/41/1696 1823/52/1707 1835/65/1719 1836/54/1708
f 1825/53/1709 1836/54/1708 1848/67/1720 1837/66/1721
f 1826/55/1710 1825/56/1709 1837/69/1721 1838/68/1722
f 1827/57/1711 1826/55/1710 1838/68/1722 1839/70/1723
f 1828/58/1712 1827/57/1711 1839/70/1723 1840/71/1724
f 1829/59/1713 1828/58/1712 1840/71/1724 1841/72/1725
f 1830/60/1714 1829/59/1713 1841/72/1725 1842/73/1726
f 1831/61/1715 1830/60/1714 1842/73/1726 1843/74/1727
f 1832/62/1716 1831/61/1715 1843/74/1727 1844/75/1728
f 1833/63/1717 1832/62/1716 1844/75/1728 1845/76/1729
f 1834/64/1718 1833/63/1717 1845/76/1729 1846/77/1730
f 1835/65/1719 1834/64/1718 1846/77/1730 1847/78/1731
f 1836/54/1708 1835/65/1719 1847/78/1731 1848/67/1720
f 1837/66/1721 1848/67/1720 1860/80/1732 1849/79/1733
f 1838/68/1722 1837/69/1721 1849/82/1733 1850/81/1734
f 1839/70/1723 1838/68/1722 1850/81/1734 1851/83/1735
f 1840/71/1724 1839/70/1723 1851/83/1735 1852/84/1736
f 1841/72/1725 1840/71/1724 1852/84/1736 1853/85/1737
f 1842/73/1726 1841/72/1725 1853/85/1737 1854/86/1738
f 1843/74/1727 1842/73/1726 1854/86/1738 1855/87/1739
f 1844/75/1728 1843/74/1727 1855/87/1739 1856/88/1740
f 1845/76/1729 1844/75/1728 1856/88/1740 1857/89/1741
f 1846/77/1730 1845/76/1729 1857/89/1741 1858/90/1742
f 1847/78/1731 1846/77/1730 1858/90/1742 1859/91/1743
f 1848/67/1720 1847/78/1731 1859/91/1743 1860/80/1732
f 1849/79/1733 1860/80/1732 1872/93/1744 1861/92/1745
f 1850/81/1734 1849/82/1733 1861/95/1745 1862/94/1746
f 1851/83/1735 1850/81/1734 1862/94/1746 1863/96/1747
f 1852/84/1736 1851/83/1735 1863/96/1747 1864/97/1748
f 1853/85/1737 1852/84/1736 1864/97/1748 1865/98/1749
f 1854/86/1738 1853/85/1737 1865/98/1749 1866/99/1750
f 1855/87/1739 1854/86/1738 1866/99/1750 1867/100/1751
f 1856/88/1740 1855/87/1739 1867/100/1751 1868/101/1752
f 1857/89/1741 1856/88/1740 1868/101/1752 1869/102/1753
f 1858/90/1742 1857/89/1741 1869/102/1753 1870/103/1754
f 1859/91/1743 1858/90/1742 1870/103/1754 1871/104/1755
f 1860/80/1732 1859/91/1743 1871/104/1755 1872/93/1744
f 1861/92/1745 1872/93/1744 1884/106/1756 1873/105/1757
f 1862/94/1746 1861/95/1745 1873/108/1757 1874/107/1758
f 1863/96/1747 1862/94/1746 1874/107/1758 1875/109/1759
f 1864/97/1748 1863/96/1747 1875/109/1759 1876/110/1760
f 1865/98/1749 1864/97/1748 1876/110/1760 1877/111/1761
f 1866/99/1750 1865/98/1749 1877/111/1761 1878/112/1762
f 1867/100/1751 1866/99/1750 1878/112/1762 1879/113/1763
f 1868/101/1752 1867/100/1751 1879/113/1763 1880/114/1764
f 1869/102/1753 1868/101/1752 1880/114/1764 1881/115/1765
f 1870/103/1754 1869/102/1753 1881/115/1765 1882/116/1766
f 1871/104/1755 1870/103/1754 1882/116/1766 1883/117/1767
f 1872/93/1744 1871/104/1755 1883/117/1767 1884/106/1756
f 1873/105/1757 1884/106/1756 1896/119/1768 1885/118/1769
f 1874/107/1758 1873/108/1757 1885/121/1769 1886/120/1770
f 1875/109/1759 1874/107/1758 1886/120/1770 1887/122/1771
f 1876/110/1760 1875/109/1759 1887/122/1771 1888/123/1772
f 1877/111/1761 1876/110/1760 1888/123/1772 1889/124/1773
f 1878/112/1762 1877/111/1761 1889/124/1773 1890/125/1774
f 1879/113/1763 1878/112/1762 1890/125/1774 1891/126/1775
f 1880/114/1764 1879/113/1763 1891/126/1775 1892/127/1776
f 1881/115/1765 1880/114/1764 1892/127/1776 1893/128/1777
f 1882/116/1766 1881/115/1765 1893/128/1777 1894/129/1778
f 1883/117/1767 1882/116/1766 1894/129/1778 1895/130/1779
f 1884/106/1756 1883/117/1767 1895/130/1779 1896/119/1768
f 1885/118/1769 1896/119/1768 1908/132/1780 1897/131/1781
f 1886/120/1770 1885/121/1769 1897/134/1781 1898/133/1782
f 1887/122/1771 1886/120/1770 1898/133/1782 1899/135/1783
f 1888/123/1772 1887/122/1771 1899/135/1783 1900/136/1784
f 1889/124/1773 1888/123/1772 1900/136/1784 1901/137/1785
f 1890/125/1774 1889/124/1773 1901/137/1785 1902/138/1786
f 1891/126/1775 1890/125/1774 1902/138/1786 1903/139/1787
f 1892/127/1776 1891/126/1775 1903/139/1787 1904/140/1788
f 1893/128/1777 1892/127/1776 1904/140/1788 1905/141/1789
f 1894/129/1778 1893/128/1777 1905/141/1789 1906/142/1790
f 1895/130/1779 1894/129/1778 1906/142/1790 1907/143/1791
f 1896/119/1768 1895/130/1779 1907/143/1791 1908/132/1780
f 1897/131/1781 1908/132/1780 1920/145/1792 1909/144/1793
f 1898/133/1782 1897/134/1781 1909/147/1793 1910/146/1794
f 1899/135/1783 1898/133/1782 1910/146/1794 1911/148/1795
f 1900/136/1784 1899/135/1783 1911/148/1795 1912/149/1796
f 1901/137/1785 1900/136/1784 1912/149/1796 1913/150/1797
f 1902/138/1786 1901/137/1785 1913/150/1797 1914/151/1798
f 1903/139/1787 1902/138/1786 1914/151/1798 1915/152/1799
f 1904/140/1788 1903/139/1787 1915/152/1799 1916/153/1800
f 1905/141/1789 1904/140/1788 1916/153/1800 1917/154/1801
f 1906/142/1790 1905/141/1789 1917/154/1801 1918/155/1802
f 1907/143/1791 1906/142/1790 1918/155/1802 1919/156/1803
f 1908/132/1780 1907/143/1791 1919/156/1803 1920/145/1792
f 1909/144/1793 1920/145/1792 1932/158/1804 1921/157/1805
f 1910/146/1794 1909/147/1793 1921/160/1805 1922/159/1806
f 1911/148/1795 1910/146/1794 1922/159/1806 1923/161/1807
f 1912/149/1796 1911/148/1795 1923/161/1807 1924/162/1808
f 1913/150/1797 1912/149/1796 1924/162/1808 1925/163/1809
f 1914/151/1798 1913/150/1797 1925/163/1809 1926/164/1810
f 1915/152/1799 1914/151/1798 1926/164/1810 1927/165/1811
f 1916/153/1800 1915/152/1799 1927/165/1811 1928/166/1812
f 1917/154/1801 1916/153/1800 1928/166/1812 1929/167/1813
f 1918/155/1802 1917/154/1801 1929/167/1813 1930/168/1814
f 1919/156/1803 1918/155/1802 1930/168/1814 1931/169/1815
f 1920/145/1792 1919/156/1803 1931/169/1815 1932/158/1804
f 1921/157/1805 1932/158/1804 1944/171/1816 1933/170/1817
f 1922/159/1806 1921/160/1805 1933/173/1817 1934/172/1818
f 1923/161/1807 1922/159/1806 1934/172/1818 1935/174/1819
f 1924/162/1808 1923/161/1807 1935/174/1819 1936/175/1820
f 1925/163/1809 1924/162/1808 1936/175/1820 1937/176/1821
f 1926/164/1810 1925/163/1809 1937/176/1821 1938/177/1822
f 1927/165/1811 1926/164/1810 1938/177/1822 1939/178/1823
f 1928/166/1812 1927/165/1811 1939/178/1823 1940/179/1824
f 1929/167/1813 1928/166/1812 1940/179/1824 1941/180/1825
f 1930/168/1814 1929/167/1813 1941/180/1825 1942/181/1826
f 1931/169/1815 1930/168/1814 1942/181/1826 1943/182/1827
f 1932/158/1804 1931/169/1815 1943/182/1827 1944/171/1816
f 1933/170/1817 1944/171/1816 1956/184/1828 1945/183/1829
f 1934/172/1818 1933/173/1817 1945/186/1829 1946/185/1830
f 1935/174/1819 1934/172/1818 1946/185/1830 1947/187/1831
f 1936/175/1820 1935/174/1819 1947/187/1831 1948/188/1832
f 1937/176/1821 1936/175/1820 1948/188/1832 1949/189/1833
f 1938/177/1822 1937/176/1821 1949/189/1833 1950/190/1834
f 1939/178/1823 1938/177/1822 1950/190/1834 1951/191/1835
f 1940/179/1824 1939/178/1823 1951/191/1835 1952/192/1836
f 1941/180/1825 1940/179/1824 1952/192/1836 1953/193/1837
f 1942/181/1826 1941/180/1825 1953/193/1837 1954/194/1838
f 1943/182/1827 1942/181/1826 1954/194/1838 1955/195/1839
f 1944/171/1816 1943/182/1827 1955/195/1839 1956/184/1828
f 1945/183/1829 1956/184/1828 1968/197/1840 1957/196/1841
f 1946/185/1830 1945/186/1829 1957/199/1841 1958/198/1842
f 1947/187/1831 1946/185/1830 1958/198/1842 1959/200/1843
f 1948/188/1832 1947/187/1831 1959/200/1843 1960/201/1844
f 1949/189/1833 1948/188/1832 1960/201/1844 1961/202/1845
f 1950/190/1834 1949/189/1833 1961/202/1845 1962/203/1846
f 1951/191/1835 1950/190/1834 1962/203/1846 1963/204/1847
f 1952/192/1836 1951/191/1835 1963/204/1847 1964/205/1848
f 1953/193/1837 1952/192/1836 1964/205/1848 1965/206/1849
f 1954/194/1838 1953/193/1837 1965/206/1849 1966/207/1850
f 1955/195/1839 1954/194/1838 1966/207/1850 1967/208/1851
f 1956/184/1828 1955/195/1839 1967/208/1851 1968/197/1840
f 1957/196/1841 1968/197/1840 1980/210/1852 1969/209/1853
f 1958/198/1842 1957/199/1841 1969/212/1853 1970/211/1854
f 1959/200/1843 1958/198/1842 1970/211/1854 1971/213/1855
f 1960/201/1844 1959/200/1843 1971/213/1855 1972/214/1856
f 1961/202/1845 1960/201/1844 1972/214/1856 1973/215/1857
f 1962/203/1846 1961/202/1845 1973/215/1857 1974/216/1858
f 1963/204/1847 1962/203/1846 1974/216/1858 1975/217/1859
f 1964/205/1848 1963/204/1847 1975/217/1859 1976/218/1860
f 1965/206/1849 1964/205/1848 1976/218/1860 1977/219/1861
f 1966/207/1850 1965/206/1849 1977/219/1861 1978/220/1862
f 1967/208/1851 1966/207/1850 1978/220/1862 1979/221/1863
f 1968/197/1840 1967/208/1851 1979/221/1863 1980/210/1852
f 1969/209/1853 1980/210/1852 1992/223/1864 1981/222/1865
f 1970/211/1854 1969/212/1853 1981/225/1865 1982/224/1866
f 1971/213/1855 1970/211/1854 1982/224/1866 1983/226/1867
f 1972/214/1856 1971/213/1855 1983/226/1867 1984/227/1868
f 1973/215/1857 1972/214/1856 1984/227/1868 1985/228/1869
f 1974/216/1858 1973/215/1857 1985/228/1869 1986/229/1870
f 1975/217/1859 1974/216/1858 1986/229/1870 1987/230/1871
f 1976/218/1860 1975/217/1859 1987/230/1871 1988/231/1872
f 1977/219/1861 1976/218/1860 1988/231/1872 1989/232/1873
f 1978/220/1862 1977/219/1861 1989/232/1873 1990/233/1874
f 1979/221/1863 1978/220/1862 1990/233/1874 1991/234/1875
f 1980/210/1852 1979/221/1863 1991/234/1875 1992/223/1864
f 1981/222/1865 1992/223/1864 2004/236/1876 1993/235/1877
f 1982/224/1866 1981/225/1865 1993/238/1877 1994/237/1878
f 1983/226/1867 1982/224/1866 1994/237/1878 1995/239/1879
f 1984/227/1868 1983/226/1867 1995/239/1879 1996/240/1880
f 1985/228/1869 1984/227/1868 1996/240/1880 1997/241/1881
f 1986/229/1870 1985/228/1869 1997/241/1881 1998/242/1882
f 1987/230/1871 1986/229/1870 1998/242/1882 1999/243/1883
f 1988/231/1872 1987/230/1871 1999/243/1883 2000/244/1884
f 1989/232/1873 1988/231/1872 2000/244/1884 2001/245/1885
f 1990/233/1874 1989/232/1873 2001/245/1885 2002/246/1886
f 1991/234/1875 1990/233/1874 2002/246/1886 2003/247/1887
f 1992/223/1864 1991/234/1875 2003/247/1887 2004/236/1876
f 1993/235/1877 2004/236/1876 2016/249/1888 2005/248/1889
f 1994/237/1878 1993/238/1877 2005/251/1889 2006/250/1890
f 1995/239/1879 1994/237/1878 2006/250/1890 2007/252/1891
f 1996/240/1880 1995/239/1879 2007/252/1891 2008/253/1892
f 1997/241/1881 1996/240/1880 2008/253/1892 2009/254/1893
f 1998/242/1882 1997/241/1881 2009/254/1893 2010/255/1894
f 1999/243/1883 1998/242/1882 2010/255/1894 2011/256/1895
f 2000/244/1884 1999/243/1883 2011/256/1895 2012/257/1896
f 2001/245/1885 2000/244/1884 2012/257/1896 2013/258/1897
f 2002/246/1886 2001/245/1885 2013/258/1897 2014/259/1898
f 2003/247/1887 2002/246/1886 2014/259/1898 2015/260/1899
f 2004/236/1876 2003/247/1887 2015/260/1899 2016/249/1888
f 2005/248/1889 2016/249/1888 2028/262/1900 2017/261/1901
f 2006/250/1890 2005/251/1889 2017/264/1901 2018/263/1902
f 2007/252/1891 2006/250/1890 2018/263/1902 2019/265/1903
f 2008/253/1892 2007/252/1891 2019/265/1903 2020/266/1904
f 2009/254/1893 2008/253/1892 2020/266/1904 2021/267/1905
f 2010/255/1894 2009/254/1893 2021/267/1905 2022/268/1906
f 2011/256/1895 2010/255/1894 2022/268/1906 2023/269/1907
f 2012/257/1896 2011/256/1895 2023/269/1907 2024/270/1908
f 2013/258/1897 2012/257/1896 2024/270/1908 2025/271/1909
f 2014/259/1898 2013/258/1897 2025/271/1909 2026/272/1910
f 2015/260/1899 2014/259/1898 2026/272/1910 2027/273/1911
f 2016/249/1888 2015/260/1899 2027/273/1911 2028/262/1900
f 2017/261/1901 2028/262/1900 2040/275/1912 2029/274/1913
f 2018/263/1902 2017/264/1901 2029/277/1913 2030/276/1914
f 2019/265/1903 2018/263/1902 2030/276/1914 2031/278/1915
f 2020/266/1904 2019/265/1903 2031/278/1915 2032/279/1916
f 2021/267/1905 2020/266/1904 2032/279/1916 2033/280/1917
f 2022/268/1906 2021/267/1905 2033/280/1917 2034/281/1918
f 2023/269/1907 2022/268/1906 2034/281/1918 2035/282/1919
f 2024/270/1908 2023/269/1907 2035/282/1919 2036/283/1920
f 2025/271/1909 2024/270/1908 2036/283/1920 2037/284/1921
f 2026/272/1910 2025/271/1909 2037/284/1921 2038/285/1922
f 2027/273/1911 2026/272/1910 2038/285/1922 2039/286/1923
f 2028/262/1900 2027/273/1911 2039/286/1923 2040/275/1912
f 2029/274/1913 2040/275/1912 2052/288/1924 2041/287/1925
f 2030/276/1914 2029/277/1913 2041/290/1925 2042/289/1926
f 2031/278/1915 2030/276/1914 2042/289/1926 2043/291/1927
f 2032/279/1916 2031/278/1915 2043/291/1927 2044/292/1928
f 2033/280/1917 2032/279/1916 2044/292/1928 2045/293/1929
f 2034/281/1918 2033/280/1917 2045/293/1929 2046/294/1930
f 2035/282/1919 2034/281/1918 2046/294/1930 2047/295/1931
f 2036/283/1920 2035/282/1919 2047/295/1931 2048/296/1932
f 2037/284/1921 2036/283/1920 2048/296/1932 2049/297/1933
f 2038/285/1922 2037/284/1921 2049/297/1933 2050/298/1934
f 2039/286/1923 2038/285/1922 2050/298/1934 2051/299/1935
f 2040/275/1912 2039/286/1923 2051/299/1935 2052/288/1924
f 2041/287/1925 2052/288/1924 2064/301/1936 2053/300/1937
f 2042/289/1926 2041/290/1925 2053/303/1937 2054/302/1938
f 2043/291/1927 2042/289/1926 2054/302/1938 2055/304/1939
f 2044/292/1928 2043/291/1927 2055/304/1939 2056/305/1940
f 2045/293/1929 2044/292/1928 2056/305/1940 2057/306/1941
f 2046/294/1930 2045/293/1929 2057/306/1941 2058/307/1942
f 2047/295/1931 2046/294/1930 2058/307/1942 2059/308/1943
f 2048/296/1932 2047/295/1931 2059/308/1943 2060/309/1944
f 2049/297/1933 2048/296/1932 2060/309/1944 2061/310/1945
f 2050/298/1934 2049/297/1933 2061/310/1945 2062/311/1946
f 2051/299/1935 2050/298/1934 2062/311/1946 2063/312/1947
f 2052/288/1924 2051/299/1935 2063/312/1947 2064/301/1936
f 2053/300/1937 2064/301/1936 2076/314/1948 2065/313/1949
f 2054/302/1938 2053/303/1937 2065/316/1949 2066/315/1950
f 2055/304/1939 2054/302/1938 2066/315/1950 2067/317/1951
f 2056/305/1940 2055/304/1939 2067/317/1951 2068/318/1952
f 2057/306/1941 2056/305/1940 2068/318/1952 2069/319/1953
f 2058/307/1942 2057/306/1941 2069/319/1953 2070/320/1954
f 2059/308/1943 2058/307/1942 2070/320/1954 2071/321/1955
f 2060/309/1944 2059/308/1943 2071/321/1955 2072/322/1956
f 2061/310/1945 2060/309/1944 2072/322/1956 2073/323/1957
f 2062/311/1946 2061/310/1945 2073/323/1957 2074/324/1958
f 2063/312/1947 2062/311/1946 2074/324/1958 2075/325/1959
f 2064/301/1936 2063/312/1947 2075/325/1959 2076/314/1948
f 2065/313/1949 2076/314/1948 2088/327/1960 2077/326/1961
f 2066/315/1950 2065/316/1949 2077/329/1961 2078/328/1962
f 2067/317/1951 2066/315/1950 2078/328/1962 2079/330/1963
f 2068/318/1952 2067/317/1951 2079/330/1963 2080/331/1964
f 2069/319/1953 2068/318/1952 2080/331/1964 2081/332/1965
f 2070/320/1954 2069/319/1953 2081/332/1965 2082/333/1966
f 2071/321/1955 2070/320/1954 2082/333/1966 2083/334/1967
f 2072/322/1956 2071/321/1955 2083/334/1967 2084/335/1968
f 2073/323/1957 2072/322/1956 2084/335/1968 2085/336/1969
f 2074/324/1958 2073/323/1957 2085/336/1969 2086/337/1970
f 2075/325/1959 2074/324/1958 2086/337/1970 2087/338/1971
f 2076/314/1948 2075/325/1959 2087/338/1971 2088/327/1960
f 2077/326/1961 2088/327/1960 2100/340/1972 2089/339/1973
f 2078/328/1962 2077/329/1961 2089/342/1973 2090/341/1974
f 2079/330/1963 2078/328/1962 2090/341/1974 2091/343/1975
f 2080/331/1964 2079/330/1963 2091/343/1975 2092/344/1976
f 2081/332/1965 2080/331/1964 2092/344/1976 2093/345/1977
f 2082/333/1966 2081/332/1965 2093/345/1977 2094/346/1978
f 2083/334/1967 2082/333/1966 2094/346/1978 2095/347/1979
f 2084/335/1968 2083/334/1967 2095/347/1979 2096/348/1980
f 2085/336/1969 2084/335/1968 2096/348/1980 2097/349/1981
f 2086/337/1970 2085/336/1969 2097/349/1981 2098/350/1982
f 2087/338/1971 2086/337/1970 2098/350/1982 2099/351/1983
f 2088/327/1960 2087/338/1971 2099/351/1983 2100/340/1972
f 2089/339/1973 2100/340/1972 2112/353/1984 2101/352/1985
f 2090/341/1974 2089/342/1973 2101/355/1985 2102/354/1986
f 2091/343/1975 2090/341/1974 2102/354/1986 2103/356/1987
f 2092/344/1976 2091/343/1975 2103/356/1987 2104/357/1988
f 2093/345/1977 2092/344/1976 2104/357/1988 2105/358/1989
f 2094/346/1978 2093/345/1977 2105/358/1989 2106/359/1990
f 2095/347/1979 2094/346/1978 2106/359/1990 2107/360/1991
f 2096/348/1980 2095/347/1979 2107/360/1991 2108/361/1992
f 2097/349/1981 2096/348/1980 2108/361/1992 2109/362/1993
f 2098/350/1982 2097/349/1981 2109/362/1993 2110/363/1994
f 2099/351/1983 2098/350/1982 2110/363/1994 2111/364/1995
f 2100/340/1972 2099/351/1983 2111/364/1995 2112/353/1984
f 2101/352/1985 2112/353/1984 2124/366/1996 2113/365/1997
f 2102/354/1986 2101/355/1985 2113/368/1997 2114/367/1998
f 2103/356/1987 2102/354/1986 2114/367/1998 2115/369/1999
f 2104/357/1988 2103/356/1987 2115/369/1999 2116/370/2000
f 2105/358/1989 2104/357/1988 2116/370/2000 2117/371/2001
f 2106/359/1990 2105/358/1989 2117/371/2001 2118/372/2002
f 2107/360/1991 2106/359/1990 2118/372/2002 2119/373/2003
f 2108/361/1992 2107/360/1991 2119/373/2003 2120/374/2004
f 2109/362/1993 2108/361/1992 2120/374/2004 2121/375/2005
f 2110/363/1994 2109/362/1993 2121/375/2005 2122/376/2006
f 2111/364/1995 2110/363/1994 2122/376/2006 2123/377/2007
f 2112/353/1984 2111/364/1995 2123/377/2007 2124/366/1996
f 2113/365/1997 2124/366/1996 2136/379/2008 2125/378/2009
f 2114/367/1998 2113/368/1997 2125/381/2009 2126/380/2010
f 2115/369/1999 2114/367/1998 2126/380/2010 2127/382/2011
f 2116/370/2000 2115/369/1999 2127/382/2011 2128/383/2012
f 2117/371/2001 2116/370/2000 2128/383/2012 2129/384/2013
f 2118/372/2002 2117/371/2001 2129/384/2013 2130/385/2014
f 2119/373/2003 2118/372/2002 2130/385/2014 2131/386/2015
f 2120/374/2004 2119/373/2003 2131/386/2015 2132/387/2016
f 2121/375/2005 2120/374/2004 2132/387/2016 2133/388/2017
f 2122/376/2006 2121/375/2005 2133/388/2017 2134/389/2018
f 2123/377/2007 2122/376/2006 2134/389/2018 2135/390/2019
f 2124/366/1996 2123/377/2007 2135/390/2019 2136/379/2008
f 2125/378/2009 2136/379/2008 2148/392/2020 2137/391/2021
f 2126/380/2010 2125/381/2009 2137/394/2021 2138/393/2022
f 2127/382/2011 2126/380/2010 2138/393/2022 2139/395/2023
f 2128/383/2012 2127/382/2011 2139/395/2023 2140/396/2024
f 2129/384/2013 2128/383/2012 2140/396/2024 2141/397/2025
f 2130/385/2014 2129/384/2013 2141/397/2025 2142/398/2026
f 2131/386/2015 2130/385/2014 2142/398/2026 2143/399/2027
f 2132/387/2016 2131/386/2015 2143/399/2027 2144/400/2028
f 2133/388/2017 2132/387/2016 2144/400/2028 2145/401/2029
f 2134/389/2018 2133/388/2017 2145/401/2029 2146/402/2030
f 2135/390/2019 2134/389/2018 2146/402/2030 2147/403/2031
f 2136/379/2008 2135/390/2019 2147/403/2031 2148/392/2020
f 2137/391/2021 2148/392/2020 2160/405/2032 2149/404/2033
f 2138/393/2022 2137/394/2021 2149/407/2033 2150/406/2034
f 2139/395/2023 2138/393/2022 2150/406/2034 2151/408/2035
f 2140/396/2024 2139/395/2023 2151/408/2035 2152/409/2036
f 2141/397/2025 2140/396/2024 2152/409/2036 2153/410/2037
f 2142/398/2026 2141/397/2025 2153/410/2037 2154/411/2038
f 2143/399/2027 2142/398/2026 2154/411/2038 2155/412/2039
f 2144/400/2028 2143/399/2027 2155/412/2039 2156/413/2040
f 2145/401/2029 2144/400/2028 2156/413/2040 2157/414/2041
f 2146/402/2030 2145/401/2029 2157/414/2041 2158/415/2042
f 2147/403/2031 2146/402/2030 2158/415/2042 2159/416/2043
f 2148/392/2020 2147/403/2031 2159/416/2043 2160/405/2032
f 2149/404/2033 2160/405/2032 2172/418/2044 2161/417/2045
f 2150/406/2034 2149/407/2033 2161/420/2045 2162/419/2046
f 2151/408/2035 2150/406/2034 2162/419/2046 2163/421/2047
f 2152/409/2036 2151/408/2035 2163/421/2047 2164/422/2048
f 2153/410/2037 2152/409/2036 2164/422/2048 2165/423/2049
f 2154/411/2038 2153/410/2037 2165/423/2049 2166/424/2050
f 2155/412/2039 2154/411/2038 2166/424/2050 2167/425/2051
f 2156/413/2040 2155/412/2039 2167/425/2051 2168/426/2052
f 2157/414/2041 2156/413/2040 2168/426/2052 2169/427/2053
f 2158/415/2042 2157/414/2041 2169/427/2053 2170/428/2054
f 2159/416/2043 2158/415/2042 2170/428/2054 2171/429/2055
f 2160/405/2032 2159/416/2043 2171/429/2055 2172/418/2044
f 2161/417/2045 2172/418/2044 2184/431/2056 2173/430/2057
f 2162/419/2046 2161/420/2045 2173/433/2057 2174/432/2058
f 2163/421/2047 2162/419/2046 2174/432/2058 2175/434/2059
f 2164/422/2048 2163/421/2047 2175/434/2059 2176/435/2060
f 2165/423/2049 2164/422/2048 2176/435/2060 2177/436/2061
f 2166/424/2050 2165/423/2049 2177/436/2061 2178/437/2062
f 2167/425/2051 2166/424/2050 2178/437/2062 2179/438/2063
f 2168/426/2052 2167/425/2051 2179/438/2063 2180/439/2064
f 2169/427/2053 2168/426/2052 2180/439/2064 2181/440/2065
f 2170/428/2054 2169/427/2053 2181/440/2065 2182/441/2066
f 2171/429/2055 2170/428/2054 2182/441/2066 2183/442/2067
f 2172/418/2044 2171/429/2055 2183/442/2067 2184/431/2056
f 2173/430/2057 2184/431/2056 2196/444/2068 2185/443/2069
f 2174/432/2058 2173/433/2057 2185/446/2069 2186/445/2070
f 2175/434/2059 2174/432/2058 2186/445/2070 2187/447/2071
f 2176/435/2060 2175/434/2059 2187/447/2071 2188/448/2072
f 2177/436/2061 2176/435/2060 2188/448/2072 2189/449/2073
f 2178/437/2062 2177/436/2061 2189/449/2073 2190/450/2074
f 2179/438/2063 2178/437/2062 2190/450/2074 2191/451/2075
f 2180/439/2064 2179/438/2063 2191/451/2075 2192/452/2076
f 2181/440/2065 2180/439/2064 2192/452/2076 2193/453/2077
f 2182/441/2066 2181/440/2065 2193/453/2077 2194/454/2078
f 2183/442/2067 2182/441/2066 2194/454/2078 2195/455/2079
f 2184/431/2056 2183/442/2067 2195/455/2079 2196/444/2068
f 2185/443/2069 2196/444/2068 2208/457/2080 2197/456/2081
f 2186/445/2070 2185/446/2069 2197/459/2081 2198/458/2082
f 2187/447/2071 2186/445/2070 2198/458/2082 2199/460/2083
f 2188/448/2072 2187/447/2071 2199/460/2083 2200/461/2084
f 2189/449/2073 2188/448/2072 2200/461/2084 2201/462/2085
f 2190/450/2074 2189/449/2073 2201/462/2085 2202/463/2086
f 2191/451/2075 2190/450/2074 2202/463/2086 2203/464/2087
f 2192/452/2076 2191/451/2075 2203/464/2087 2204/465/2088
f 2193/453/2077 2192/452/2076 2204/465/2088 2205/466/2089
f 2194/454/2078 2193/453/2077 2205/466/2089 2206/467/2090
f 2195/455/2079 2194/454/2078 2206/467/2090 2207/468/2091
f 2196/444/2068 2195/455/2079 2207/468/2091 2208/457/2080
f 2197/456/2081 2208/457/2080 2220/470/2092 2209/469/2093
f 2198/458/2082 2197/459/2081 2209/472/2093 2210/471/2094
f 2199/460/2083 2198/458/2082 2210/471/2094 2211/473/2095
f 2200/461/2084 2199/460/2083 2211/473/2095 2212/474/2096
f 2201/462/2085 2200/461/2084 2212/474/2096 2213/475/2097
f 2202/463/2086 2201/462/2085 2213/475/2097 2214/476/2098
f 2203/464/2087 2202/463/2086 2214/476/2098 2215/477/2099
f 2204/465/2088 2203/464/2087 2215/477/2099 2216/478/2100
f 2205/466/2089 2204/465/2088 2216/478/2100 2217/479/2101
f 2206/467/2090 2205/466/2089 2217/479/2101 2218/480/2102
f 2207/468/2091 2206/467/2090 2218/480/2102 2219/481/2103
f 2208/457/2080 2207/468/2091 2219/481/2103 2220/470/2092
f 2221/1/2104 2232/4/2105 2244/3/2106 2233/2/2107
f 2222/5/2108 2221/8/2104 2233/7/2107 2234/6/2109
f 2223/9/2110 2222/5/2108 2234/6/2109 2235/10/2111
f 2224/11/2112 2223/9/2110 2235/10/2111 2236/12/2113
f 2225/13/2114 2224/11/2112 2236/12/2113 2237/14/2115
f 2226/15/2116 2225/13/2114 2237/14/2115 2238/16/2117
f 2227/17/2118 2226/15/2116 2238/16/2117 2239/18/2119
f 2228/19/2120 2227/17/2118 2239/18/2119 2240/20/2121
f 2229/21/2122 2228/19/2120 2240/20/2121 2241/22/2123
f 2230/23/2124 2229/21/2122 2241/22/2123 2242/24/2125
f 2231/25/2126 2230/23/2124 2242/24/2125 2243/26/2127
f 2232/4/2105 2231/25/2126 2243/26/2127 2244/3/2106
f 2233/2/2107 2244/3/2106 2256/28/2128 2245/27/2129
f 2234/6/2109 2233/7/2107 2245/30/2129 2246/29/2130
f 2235/10/2111 2234/6/2109 2246/29/2130 2247/31/2131
f 2236/12/2113 2235/10/2111 2247/31/2131 2248/32/2132
f 2237/14/2115 2236/12/2113 2248/32/2132 2249/33/2133
f 2238/16/2117 2237/14/2115 2249/33/2133 2250/34/2134
f 2239/18/2119 2238/16/2117 2250/34/2134 2251/35/2135
f 2240/20/2121 2239/18/2119 2251/35/2135 2252/36/2136
f 2241/22/2123 2240/20/2121 2252/36/2136 2253/37/2137
f 2242/24/2125 2241/22/2123 2253/37/2137 2254/38/2138
f 2243/26/2127 2242/24/2125 2254/38/2138 2255/39/2139
f 2244/3/2106 2243/26/2127 2255/39/2139 2256/28/2128
f 2245/27/2129 2256/28/2128 2268/41/2140 2257/40/2141
f 2246/29/2130 2245/30/2129 2257/43/2141 2258/42/2142
f 2247/31/2131 2246/29/2130 2258/42/2142 2259/44/2143
f 2248/32/2132 2247/31/2131 2259/44/2143 2260/45/2144
f 2249/33/2133 2248/32/2132 2260/45/2144 2261/46/2145
f 2250/34/2134 2249/33/2133 2261/46/2145 2262/47/2146
f 2251/35/2135 2250/34/2134 2262/47/2146 2263/48/2147
f 2252/36/2136 2251/35/2135 2263/48/2147 2264/49/2148
f 2253/37/2137 2252/36/2136 2264/49/2148 2265/50/2149
f 2254/38/2138 2253/37/2137 2265/50/2149 2266/51/2150
f 2255/39/2139 2254/38/2138 2266/51/2150 2267/52/2151
f 2256/28/2128 2255/39/2139 2267/52/2151 2268/41/2140
f 2257/40/2141 2268/41/2140 2280/54/2152 2269/53/2153
f 2258/42/2142 2257/43/2141 2269/56/2153 2270/55/2154
f 2259/44/2143 2258/42/2142 2270/55/2154 2271/57/2155
f 2260/45/2144 2259/44/2143 2271/57/2155 2272/58/2156
f 2261/46/2145 2260/45/2144 2272/58/2156 2273/59/2157
f 2262/47/2146 2261/46/2145 2273/59/2157 2274/60/2158
f 2263/48/2147 2262/47/2146 2274/60/2158 2275/61/2159
f 2264/49/2148 2263/48/2147 2275/61/2159 2276/62/2160
f 2265/50/2149 2264/49/2148 2276/62/2160 2277/63/2161
f 2266/51/2150 2265/50/2149 2277/63/2161 2278/64/2162
f 2267/52/2151 2266/51/2150 2278/64/2162 2279/65/2163
f 2268/41/2140 2267/52/2151 2279/65/2163 2280/54/2152
f 2269/53/2153 2280/54/2152 2292/67/2164 2281/66/2165
f 2270/55/2154 2269/56/2153 2281/69/2165 2282/68/2166
f 2271/57/2155 2270/55/2154 2282/68/2166 2283/70/2167
f 2272/58/2156 2271/57/2155 2283/70/2167 2284/71/2168
f 2273/59/2157 2272/58/2156 2284/71/2168 2285/72/2169
f 2274/60/2158 2273/59/2157 2285/72/2169 2286/73/2170
f 2275/61/2159 2274/60/2158 2286/73/2170 2287/74/2171
f 2276/62/2160 2275/61/2159 2287/74/2171 2288/75/2172
f 2277/63/2161 2276/62/2160 2288/75/2172 2289/76/2173
f 2278/64/2162 2277/63/2161 2289/76/2173 2290/77/2174
f 2279/65/2163 2278/64/2162 2290/77/2174 2291/78/2175
f 2280/54/2152 2279/65/2163 2291/78/2175 2292/67/2164
f 2281/66/2165 2292/67/2164 2304/80/2176 2293/79/2177
f 2282/68/2166 2281/69/2165 2293/82/2177 2294/81/2178
f 2283/70/2167 2282/68/2166 2294/81/2178 2295/83/2179
f 2284/71/2168 2283/70/2167 2295/83/2179 2296/84/2180
f 2285/72/2169 2284/71/2168 2296/84/2180 2297/85/2181
f 2286/73/2170 2285/72/2169 2297/85/2181 2298/86/2182
f 2287/74/2171 2286/73/2170 2298/86/2182 2299/87/2183
f 2288/75/2172 2287/74/2171 2299/87/2183 2300/88/2184
f 2289/76/2173 2288/75/2172 2300/88/2184 2301/89/2185
f 2290/77/2174 2289/76/2173 2301/89/2185 2302/90/2186
f 2291/78/2175 2290/77/2174 2302/90/2186 2303/91/2187
f 2292/67/2164 2291/78/2175 2303/91/2187 2304/80/2176
f 2293/79/2177 2304/80/2176 2316/93/2188 2305/92/2189
f 2294/81/2178 2293/82/2177 2305/95/2189 2306/94/2190
f 2295/83/2179 2294/81/2178 2306/94/2190 2307/96/2191
f 2296/84/2180 2295/83/2179 2307/96/2191 2308/97/2192
f 2297/85/2181 2296/84/2180 2308/97/2192 2309/98/2193
f 2298/86/2182 2297/85/2181 2309/98/2193 2310/99/2194
f 2299/87/2183 2298/86/2182 2310/99/2194 2311/100/2195
f 2300/88/2184 2299/87/2183 2311/100/2195 2312/101/2196
f 2301/89/2185 2300/88/2184 2312/101/2196 2313/102/2197
f 2302/90/2186 2301/89/2185 2313/102/2197 2314/103/2198
f 2303/91/2187 2302/90/2186 2314/103/2198 2315/104/2199
f 2304/80/2176 2303/91/2187 2315/104/2199 2316/93/2188
f 2305/92/2189 2316/93/2188 2328/106/2200 2317/105/2201
f 2306/94/2190 2305/95/2189 2317/108/2201 2318/107/2202
f 2307/96/2191 2306/94/2190 2318/107/2202 2319/109/2203
f 2308/97/2192 2307/96/2191 2319/109/2203 2320/110/2204
f 2309/98/2193 2308/97/2192 2320/110/2204 2321/111/2205
f 2310/99/2194 2309/98/2193 2321/111/2205 2322/112/2206
f 2311/100/2195 2310/99/2194 2322/112/2206 2323/113/2207
f 2312/101/2196 2311/100/2195 2323/113/2207 2324/114/2208
f 2313/102/2197 2312/101/2196 2324/114/2208 2325/115/2209
f 2314/103/2198 2313/102/2197 2325/115/2209 2326/116/2210
f 2315/104/2199 2314/103/2198 2326/116/2210 2327/117/2211
f 2316/93/2188 2315/104/2199 2327/117/2211 2328/106/2200
f 2317/105/2201 2328/106/2200 2340/119/2212 2329/118/2213
f 2318/107/2202 2317/108/2201 2329/121/2213 2330/120/2214
f 2319/109/2203 2318/107/2202 2330/120/2214 2331/122/2215
f 2320/110/2204 2319/109/2203 2331/122/2215 2332/123/2216
f 2321/111/2205 2320/110/2204 2332/123/2216 2333/124/2217
f 2322/112/2206 2321/111/2205 2333/124/2217 2334/125/2218
f 2323/113/2207 2322/112/2206 2334/125/2218 2335/126/2219
f 2324/114/2208 2323/113/2207 2335/126/2219 2336/127/2220
f 2325/115/2209 2324/114/2208 2336/127/2220 2337/128/2221
f 2326/116/2210 2325/115/2209 2337/128/2221 2338/129/2222
f 2327/117/2211 2326/116/2210 2338/129/2222 2339/130/2223
f 2328/106/2200 2327/117/2211 2339/130/2223 2340/119/2212
f 2329/118/2213 2340/119/2212 2352/132/2224 2341/131/2225
f 2330/120/2214 2329/121/2213 2341/134/2225 2342/133/2226
f 2331/122/2215 2330/120/2214 2342/133/2226 2343/135/2227
f 2332/123/2216 2331/122/2215 2343/135/2227 2344/136/2228
f 2333/124/2217 2332/123/2216 2344/136/2228 2345/137/2229
f 2334/125/2218 2333/124/2217 2345/137/2229 2346/138/2230
f 2335/126/2219 2334/125/2218 2346/138/2230 2347/139/2231
f 2336/127/2220 2335/126/2219 2347/139/2231 2348/140/2232
f 2337/128/2221 2336/127/2220 2348/140/2232 2349/141/2233
f 2338/129/2222 2337/128/2221 2349/141/2233 2350/142/2234
f 2339/130/2223 2338/129/2222 2350/142/2234 2351/143/2235
f 2340/119/2212 2339/130/2223 2351/143/2235 2352/132/2224
f 2341/131/2225 2352/132/2224 2364/145/2236 2353/144/2237
f 2342/133/2226 2341/134/2225 2353/147/2237 2354/146/2238
f 2343/135/2227 2342/133/2226 2354/146/2238 2355/148/2239
f 2344/136/2228 2343/135/2227 2355/148/2239 2356/149/2240
f 2345/137/2229 2344/136/2228 2356/149/2240 2357/150/2241
f 2346/138/2230 2345/137/2229 2357/150/2241 2358/151/2242
f 2347/139/2231 2346/138/2230 2358/151/2242 2359/152/2243
f 2348/140/2232 2347/139/2231 2359/152/2243 2360/153/2244
f 2349/141/2233 2348/140/2232 2360/153/2244 2361/154/2245
f 2350/142/2234 2349/141/2233 2361/154/2245 2362/155/2246
f 2351/143/2235 2350/142/2234 2362/155/2246 2363/156/2247
f 2352/132/2224 2351/143/2235 2363/156/2247 2364/145/2236
f 2353/144/2237 2364/145/2236 2376/158/2248 2365/157/2249
f 2354/146/2238 2353/147/2237 2365/160/2249 2366/159/2250
f 2355/148/2239 2354/146/2238 2366/159/2250 2367/161/2251
f 2356/149/2240 2355/148/2239 2367/161/2251 2368/162/2252
f 2357/150/2241 2356/149/2240 2368/162/2252 2369/163/2253
f 2358/151/2242 2357/150/2241 2369/163/2253 2370/164/2254
f 2359/152/2243 2358/151/2242 2370/164/2254 2371/165/2255
f 2360/153/2244 2359/152/2243 2371/165/2255 2372/166/2256
f 2361/154/2245 2360/153/2244 2372/166/2256 2373/167/2257
f 2362/155/2246 2361/154/2245 2373/167/2257 2374/168/2258
f 2363/156/2247 2362/155/2246 2374/168/2258 2375/169/2259
f 2364/145/2236 2363/156/2247 2375/169/2259 2376/158/2248
f 2365/157/2249 2376/158/2248 2388/171/2260 2377/170/2261
f 2366/159/2250 2365/160/2249 2377/173/2261 2378/172/2262
f 2367/161/2251 2366/159/2250 2378/172/2262 2379/174/2263
f 2368/162/2252 2367/161/2251 2379/174/2263 2380/175/2264
f 2369/163/2253 2368/162/2252 2380/175/2264 2381/176/2265
f 2370/164/2254 2369/163/2253 2381/176/2265 2382/177/2266
f 2371/165/2255 2370/164/2254 2382/177/2266 2383/178/2267
f 2372/166/2256 2371/165/2255 2383/178/2267 2384/179/2268
f 2373/167/2257 2372/166/2256 2384/179/2268 2385/180/2269
f 2374/168/2258 2373/167/2257 2385/180/2269 2386/181/2270
f 2375/169/2259 2374/168/2258 2386/181/2270 2387/182/2271
f 2376/158/2248 2375/169/2259 2387/182/2271 2388/171/2260
f 2377/170/2261 2388/171/2260 2400/184/2272 2389/183/2273
f 2378/172/2262 2377/173/2261 2389/186/2273 2390/185/2274
f 2379/174/2263 2378/172/2262 2390/185/2274 2391/187/2275
f 2380/175/2264 2379/174/2263 2391/187/2275 2392/188/2276
f 2381/176/2265 2380/175/2264 2392/188/2276 2393/189/2277
f 2382/177/2266 2381/176/2265 2393/189/2277 2394/190/2278
f 2383/178/2267 2382/177/2266 2394/190/2278 2395/191/2279
f 2384/179/2268 2383/178/2267 2395/191/2279 2396/192/2280
f 2385/180/2269 2384/179/2268 2396/192/2280 2397/193/2281
f 2386/181/2270 2385/180/2269 2397/193/2281 2398/194/2282
f 2387/182/2271 2386/181/2270 2398/194/2282 2399/195/2283
f 2388/171/2260 2387/182/2271 2399/195/2283 2400/184/2272
f 2389/183/2273 2400/184/2272 2412/197/2284 2401/196/2285
f 2390/185/2274 2389/186/2273 2401/199/2285 2402/198/2286
f 2391/187/2275 2390/185/2274 2402/198/2286 2403/200/2287
f 2392/188/2276 2391/187/2275 2403/200/2287 2404/201/2288
f 2393/189/2277 2392/188/2276 2404/201/2288 2405/202/2289
f 2394/190/2278 2393/189/2277 2405/202/2289 2406/203/2290
f 2395/191/2279 2394/190/2278 2406/203/2290 2407/204/2291
f 2396/192/2280 2395/191/2279 2407/204/2291 2408/205/2292
f 2397/193/2281 2396/192/2280 2408/205/2292 2409/206/2293
f 2398/194/2282 2397/193/2281 2409/206/2293 2410/207/2294
f 2399/195/2283 2398/194/2282 2410/207/2294 2411/208/2295
f 2400/184/2272 2399/195/2283 2411/208/2295 2412/197/2284
f 2401/196/2285 2412/197/2284 2424/210/2296 2413/209/2297
f 2402/198/2286 2401/199/2285 2413/212/2297 2414/211/2298
f 2403/200/2287 2402/198/2286 2414/211/2298 2415/213/2299
f 2404/201/2288 2403/200/2287 2415/213/2299 2416/214/2300
f 2405/202/2289 2404/201/2288 2416/214/2300 2417/215/2301
f 2406/203/2290 2405/202/2289 2417/215/2301 2418/216/2302
f 2407/204/2291 2406/203/2290 2418/216/2302 2419/217/2303
f 2408/205/2292 2407/204/2291 2419/217/2303 2420/218/2304
f 2409/206/2293 2408/205/2292 2420/218/2304 2421/219/2305
f 2410/207/2294 2409/206/2293 2421/219/2305 2422/220/2306
f 2411/208/2295 2410/207/2294 2422/220/2306 2423/221/2307
f 2412/197/2284 2411/208/2295 2423/221/2307 2424/210/2296
f 2413/209/2297 2424/210/2296 2436/223/2308 2425/222/2309
f 2414/211/2298 2413/212/2297 2425/225/2309 2426/224/2310
f 2415/213/2299 2414/211/2298 2426/224/2310 2427/226/2311
f 2416/214/2300 2415/213/2299 2427/226/2311 2428/227/2312
f 2417/215/2301 2416/214/2300 2428/227/2312 2429/228/2313
f 2418/216/2302 2417/215/2301 2429/228/2313 2430/229/2314
f 2419/217/2303 2418/216/2302 2430/229/2314 2431/230/2315
f 2420/218/2304 2419/217/2303 2431/230/2315 2432/231/2316
f 2421/219/2305 2420/218/2304 2432/231/2316 2433/232/2317
f 2422/220/2306 2421/219/2305 2433/232/2317 2434/233/2318
f 2423/221/2307 2422/220/2306 2434/233/2318 2435/234/2319
f 2424/210/2296 2423/221/2307 2435/234/2319 2436/223/2308
f 2425/222/2309 2436/223/2308 2448/236/2320 2437/235/2321
f 2426/224/2310 2425/225/2309 2437/238/2321 2438/237/2322
f 2427/226/2311 2426/224/2310 2438/237/2322 2439/239/2323
f 2428/227/2312 2427/226/2311 2439/239/2323 2440/240/2324
f 2429/228/2313 2428/227/2312 2440/240/2324 2441/241/2325
f 2430/229/2314 2429/228/2313 2441/241/2325 2442/242/2326
f 2431/230/2315 2430/229/2314 2442/242/2326 2443/243/2327
f 2432/231/2316 2431/230/2315 2443/243/2327 2444/244/2328
f 2433/232/2317 2432/231/2316 2444/244/2328 2445/245/2329
f 2434/233/2318 2433/232/2317 2445/245/2329 2446/246/2330
f 2435/234/2319 2434/233/2318 2446/246/2330 2447/247/2331
f 2436/223/2308 2435/234/2319 2447/247/2331 2448/236/2320
f 2437/235/2321 2448/236/2320 2460/249/2332 2449/248/2333
f 2438/237/2322 2437/238/2321 2449/251/2333 2450/250/2334
f 2439/239/2323 2438/237/2322 2450/250/2334 2451/252/2335
f 2440/240/2324 2439/239/2323 2451/252/2335 2452/253/2336
f 2441/241/2325 2440/240/2324 2452/253/2336 2453/254/2337
f 2442/242/2326 2441/241/2325 2453/254/2337 2454/255/2338
f 2443/243/2327 2442/242/2326 2454/255/2338 2455/256/2339
f 2444/244/2328 2443/243/2327 2455/256/2339 2456/257/2340
f 2445/245/2329 2444/244/2328 2456/257/2340 2457/258/2341
f 2446/246/2330 2445/245/2329 2457/258/2341 2458/259/2342
f 2447/247/2331 2446/246/2330 2458/259/2342 2459/260/2343
f 2448/236/2320 2447/247/2331 2459/260/2343 2460/249/2332
f 2449/248/2333 2460/249/2332 2472/262/2344 2461/261/2345
f 2450/250/2334 2449/251/2333 2461/264/2345 2462/263/2346
f 2451/252/2335 2450/250/2334 2462/263/2346 2463/265/2347
f 2452/253/2336 2451/252/2335 2463/265/2347 2464/266/2348
f 2453/254/2337 2452/253/2336 2464/266/2348 2465/267/2349
f 2454/255/2338 2453/254/2337 2465/267/2349 2466/268/2350
f 2455/256/2339 2454/255/2338 2466/268/2350 2467/269/2351
f 2456/257/2340 2455/256/2339 2467/269/2351 2468/270/2352
f 2457/258/2341 2456/257/2340 2468/270/2352 2469/271/2353
f 2458/259/2342 2457/258/2341 2469/271/2353 2470/272/2354
f 2459/260/2343 2458/259/2342 2470/272/2354 2471/273/2355
f 2460/249/2332 2459/260/2343 2471/273/2355 2472/262/2344
f 2461/261/2345 2472/262/2344 2484/275/2356 2473/274/2357
f 2462/263/2346 2461/264/2345 2473/277/2357 2474/276/2358
f 2463/265/2347 2462/263/2346 2474/276/2358 2475/278/2359
f 2464/266/2348 2463/265/2347 2475/278/2359 2476/279/2360
f 2465/267/2349 2464/266/2348 2476/279/2360 2477/280/2361
f 2466/268/2350 2465/267/2349 2477/280/2361 2478/281/2362
f 2467/269/2351 2466/268/2350 2478/281/2362 2479/282/2363
f 2468/270/2352 2467/269/2351 2479/282/2363 2480/283/2364
f 2469/271/2353 2468/270/2352 2480/283/2364 2481/284/2365
f 2470/272/2354 2469/271/2353 2481/284/2365 2482/285/2366
f 2471/273/2355 2470/272/2354 2482/285/2366 2483/286/2367
f 2472/262/2344 2471/273/2355 2483/286/2367 2484/275/2356
f 2473/274/2357 2484/275/2356 2496/288/2368 2485/287/2369
f 2474/276/2358 2473/277/2357 2485/290/2369 2486/289/2370
f 2475/278/2359 2474/276/2358 2486/289/2370 2487/291/2371
f 2476/279/2360 2475/278/2359 2487/291/2371 2488/292/2372
f 2477/280/2361 2476/279/2360 2488/292/2372 2489/293/2373
f 2478/281/2362 2477/280/2361 2489/293/2373 2490/294/2374
f 2479/282/2363 2478/281/2362 2490/294/2374 2491/295/2375
f 2480/283/2364 2479/282/2363 2491/295/2375 2492/296/2376
f 2481/284/2365 2480/283/2364 2492/296/2376 2493/297/2377
f 2482/285/2366 2481/284/2365 2493/297/2377 2494/298/2378
f 2483/286/2367 2482/285/2366 2494/298/2378 2495/299/2379
f 2484/275/2356 2483/286/2367 2495/299/2379 2496/288/2368
f 2485/287/2369 2496/288/2368 2508/301/2380 2497/300/2381
f 2486/289/2370 2485/290/2369 2497/303/2381 2498/302/2382
f 2487/291/2371 2486/289/2370 2498/302/2382 2499/304/2383
f 2488/292/2372 2487/291/2371 2499/304/2383 2500/305/2384
f 2489/293/2373 2488/292/2372 2500/305/2384 2501/306/2385
f 2490/294/2374 2489/293/2373 2501/306/2385 2502/307/2386
f 2491/295/2375 2490/294/2374 2502/307/2386 2503/308/2387
f 2492/296/2376 2491/295/2375 2503/308/2387 2504/309/2388
f 2493/297/2377 2492/296/2376 2504/309/2388 2505/310/2389
f 2494/298/2378 2493/297/2377 2505/310/2389 2506/311/2390
f 2495/299/2379 2494/298/2378 2506/311/2390 2507/312/2391
f 2496/288/2368 2495/299/2379 2507/312/2391 2508/301/2380
f 2497/300/2381 2508/301/2380 2520/314/2392 2509/313/2393
f 2498/302/2382 2497/303/2381 2509/316/2393 2510/315/2394
f 2499/304/2383 2498/302/2382 2510/315/2394 2511/317/2395
f 2500/305/2384 2499/304/2383 2511/317/2395 2512/318/2396
f 2501/306/2385 2500/305/2384 2512/318/2396 2513/319/2397
f 2502/307/2386 2501/306/2385 2513/319/2397 2514/320/2398
f 2503/308/2387 2502/307/2386 2514/320/2398 2515/321/2399
f 2504/309/2388 2503/308/2387 2515/321/2399 2516/322/2400
f 2505/310/2389 2504/309/2388 2516/322/2400 2517/323/2401
f 2506/311/2390 2505/310/2389 2517/323/2401 2518/324/2402
f 2507/312/2391 2506/311/2390 2518/324/2402 2519/325/2403
f 2508/301/2380 2507/312/2391 2519/325/2403 2520/314/2392
f 2509/313/2393 2520/314/2392 2532/327/2404 2521/326/752
f 2510/315/2394 2509/316/2393 2521/329/752 2522/328/2405
f 2511/317/2395 2510/315/2394 2522/328/2405 2523/330/2406
f 2512/318/2396 2511/317/2395 2523/330/2406 2524/331/2407
f 2513/319/2397 2512/318/2396 2524/331/2407 2525/332/2408
f 2514/320/2398 2513/319/2397 2525/332/2408 2526/333/2409
f 2515/321/2399 2514/320/2398 2526/333/2409 2527/334/745
f 2516/322/2400 2515/321/2399 2527/334/745 2528/335/2410
f 2517/323/2401 2516/322/2400 2528/335/2410 2529/336/2411
f 2518/324/2402 2517/323/2401 2529/336/2411 2530/337/2412
f 2519/325/2403 2518/324/2402 2530/337/2412 2531/338/2413
f 2520/314/2392 2519/325/2403 2531/338/2413 2532/327/2404
f 2521/326/752 2532/327/2404 2544/340/2414 2533/339/763
f 2522/328/2405 2521/329/752 2533/342/763 2534/341/2415
f 2523/330/2406 2522/328/2405 2534/341/2415 2535/343/2416
f 2524/331/2407 2523/330/2406 2535/343/2416 2536/344/2417
f 2525/332/2408 2524/331/2407 2536/344/2417 2537/345/2418
f 2526/333/2409 2525/332/2408 2537/345/2418 2538/346/2419
f 2527/334/745 2526/333/2409 2538/346/2419 2539/347/757
f 2528/335/2410 2527/334/745 2539/347/757 2540/348/2420
f 2529/336/2411 2528/335/2410 2540/348/2420 2541/349/2421
f 2530/337/2412 2529/336/2411 2541/349/2421 2542/350/2422
f 2531/338/2413 2530/337/2412 2542/350/2422 2543/351/2423
f 2532/327/2404 2531/338/2413 2543/351/2423 2544/340/2414
f 2533/339/763 2544/340/2414 2556/353/2424 2545/352/773
f 2534/341/2415 2533/342/763 2545/355/773 2546/354/2425
f 2535/343/2416 2534/341/2415 2546/354/2425 2547/356/2426
f 2536/344/2417 2535/343/2416 2547/356/2426 2548/357/2417
f 2537/345/2418 2536/344/2417 2548/357/2417 2549/358/2427
f 2538/346/2419 2537/345/2418 2549/358/2427 2550/359/2428
f 2539/347/757 2538/346/2419 2550/359/2428 2551/360/767
f 2540/348/2420 2539/347/757 2551/360/767 2552/361/2429
f 2541/349/2421 2540/348/2420 2552/361/2429 2553/362/2430
f 2542/350/2422 2541/349/2421 2553/362/2430 2554/363/2422
f 2543/351/2423 2542/350/2422 2554/363/2422 2555/364/2431
f 2544/340/2414 2543/351/2423 2555/364/2431 2556/353/2424
f 2545/352/773 2556/353/2424 2568/366/2432 2557/365/783
f 2546/354/2425 2545/355/773 2557/368/783 2558/367/2433
f 2547/356/2426 2546/354/2425 2558/367/2433 2559/369/2434
f 2548/357/2417 2547/356/2426 2559/369/2434 2560/370/2435
f 2549/358/2427 2548/357/2417 2560/370/2435 2561/371/2436
f 2550/359/2428 2549/358/2427 2561/371/2436 2562/372/2437
f 2551/360/767 2550/359/2428 2562/372/2437 2563/373/777
f 2552/361/2429 2551/360/767 2563/373/777 2564/374/2438
f 2553/362/2430 2552/361/2429 2564/374/2438 2565/375/2439
f 2554/363/2422 2553/362/2430 2565/375/2439 2566/376/2422
f 2555/364/2431 2554/363/2422 2566/376/2422 2567/377/2440
f 2556/353/2424 2555/364/2431 2567/377/2440 2568/366/2432
f 2557/365/783 2568/366/2432 2580/379/2441 2569/378/793
f 2558/367/2433 2557/368/783 2569/381/793 2570/380/794
f 2559/369/2434 2558/367/2433 2570/380/794 2571/382/2442
f 2560/370/2435 2559/369/2434 2571/382/2442 2572/383/2435
f 2561/371/2436 2560/370/2435 2572/383/2435 2573/384/796
f 2562/372/2437 2561/371/2436 2573/384/796 2574/385/2443
f 2563/373/777 2562/372/2437 2574/385/2443 2575/386/787
f 2564/374/2438 2563/373/777 2575/386/787 2576/387/789
f 2565/375/2439 2564/374/2438 2576/387/789 2577/388/2444
f 2566/376/2422 2565/375/2439 2577/388/2444 2578/389/749
f 2567/377/2440 2566/376/2422 2578/389/749 2579/390/2445
f 2568/366/2432 2567/377/2440 2579/390/2445 2580/379/2441
f 2569/378/793 2580/379/2441 2592/392/803 2581/391/804
f 2570/380/794 2569/381/793 2581/394/804 2582/393/805
f 2571/382/2442 2570/380/794 2582/393/805 2583/395/2446
f 2572/383/2435 2571/382/2442 2583/395/2446 2584/396/2435
f 2573/384/796 2572/383/2435 2584/396/2435 2585/397/807
f 2574/385/2443 2573/384/796 2585/397/807 2586/398/2447
f 2575/386/787 2574/385/2443 2586/398/2447 2587/399/797
f 2576/387/789 2575/386/787 2587/399/797 2588/400/799
f 2577/388/2444 2576/387/789 2588/400/799 2589/401/800
f 2578/389/749 2577/388/2444 2589/401/800 2590/402/749
f 2579/390/2445 2578/389/749 2590/402/749 2591/403/2448
f 2580/379/2441 2579/390/2445 2591/403/2448 2592/392/803
f 2581/391/804 2592/392/803 2604/405/813 2593/404/814
f 2582/393/805 2581/394/804 2593/407/814 2594/406/815
f 2583/395/2446 2582/393/805 2594/406/815 2595/408/816
f 2584/396/2435 2583/395/2446 2595/408/816 2596/409/817
f 2585/397/807 2584/396/2435 2596/409/817 2597/410/807
f 2586/398/2447 2585/397/807 2597/410/807 2598/411/2449
f 2587/399/797 2586/398/2447 2598/411/2449 2599/412/808
f 2588/400/799 2587/399/797 2599/412/808 2600/413/810
f 2589/401/800 2588/400/799 2600/413/810 2601/414/811
f 2590/402/749 2589/401/800 2601/414/811 2602/415/2450
f 2591/403/2448 2590/402/749 2602/415/2450 2603/416/802
f 2592/392/803 2591/403/2448 2603/416/802 2604/405/813
f 2593/404/814 2604/405/813 2616/418/813 2605/417/814
f 2594/406/815 2593/407/814 2605/420/814 2606/419/821
f 2595/408/816 2594/406/815 2606/419/821 2607/421/822
f 2596/409/817 2595/408/816 2607/421/822 2608/422/823
f 2597/410/807 2596/409/817 2608/422/823 2609/423/807
f 2598/411/2449 2597/410/807 2609/423/807 2610/424/809
f 2599/412/808 2598/411/2449 2610/424/809 2611/425/2451
f 2600/413/810 2599/412/808 2611/425/2451 2612/426/818
f 2601/414/811 2600/413/810 2612/426/818 2613/427/819
f 2602/415/2450 2601/414/811 2613/427/819 2614/428/820
f 2603/416/802 2602/415/2450 2614/428/820 2615/429/802
f 2604/405/813 2603/416/802 2615/429/802 2616/418/813
f 2605/417/814 2616/418/813 2628/431/828 2617/430/2452
f 2606/419/821 2605/420/814 2617/433/2452 2618/432/2453
f 2607/421/822 2606/419/821 2618/432/2453 2619/434/841
f 2608/422/823 2607/421/822 2619/434/841 2620/435/2454
f 2609/423/807 2608/422/823 2620/435/2454 2621/436/831
f 2610/424/809 2609/423/807 2621/436/831 2622/437/825
f 2611/425/2451 2610/424/809 2622/437/825 2623/438/2455
f 2612/426/818 2611/425/2451 2623/438/2455 2624/439/2456
f 2613/427/819 2612/426/818 2624/439/2456 2625/440/835
f 2614/428/820 2613/427/819 2625/440/835 2626/441/2457
f 2615/429/802 2614/428/820 2626/441/2457 2627/442/827
f 2616/418/813 2615/429/802 2627/442/827 2628/431/828
f 2617/430/2452 2628/431/828 2640/444/2458 2629/443/2459
f 2618/432/2453 2617/433/2452 2629/446/2459 2630/445/2460
f 2619/434/841 2618/432/2453 2630/445/2460 2631/447/2461
f 2620/435/2454 2619/434/841 2631/447/2461 2632/448/2462
f 2621/436/831 2620/435/2454 2632/448/2462 2633/449/2463
f 2622/437/825 2621/436/831 2633/449/2463 2634/450/833
f 2623/438/2455 2622/437/825 2634/450/833 2635/451/2464
f 2624/439/2456 2623/438/2455 2635/451/2464 2636/452/2465
f 2625/440/835 2624/439/2456 2636/452/2465 2637/453/2466
f 2626/441/2457 2625/440/835 2637/453/2466 2638/454/2467
f 2627/442/827 2626/441/2457 2638/454/2467 2639/455/2468
f 2628/431/828 2627/442/827 2639/455/2468 2640/444/2458
f 2629/443/2459 2640/444/2458 2652/457/2469 2641/456/2470
f 2630/445/2460 2629/446/2459 2641/459/2470 2642/458/2471
f 2631/447/2461 2630/445/2460 2642/458/2471 2643/460/2472
f 2632/448/2462 2631/447/2461 2643/460/2472 2644/461/2473
f 2633/449/2463 2632/448/2462 2644/461/2473 2645/462/2474
f 2634/450/833 2633/449/2463 2645/462/2474 2646/463/2475
f 2635/451/2464 2634/450/833 2646/463/2475 2647/464/2476
f 2636/452/2465 2635/451/2464 2647/464/2476 2648/465/2477
f 2637/453/2466 2636/452/2465 2648/465/2477 2649/466/2478
f 2638/454/2467 2637/453/2466 2649/466/2478 2650/467/2479
f 2639/455/2468 2638/454/2467 2650/467/2479 2651/468/2480
f 2640/444/2458 2639/455/2468 2651/468/2480 2652/457/2469
f 2641/456/2470 2652/457/2469 2664/470/2481 2653/469/2482
f 2642/458/2471 2641/459/2470 2653/472/2482 2654/471/2483
f 2643/460/2472 2642/458/2471 2654/471/2483 2655/473/2484
f 2644/461/2473 2643/460/2472 2655/473/2484 2656/474/2485
f 2645/462/2474 2644/461/2473 2656/474/2485 2657/475/2486
f 2646/463/2475 2645/462/2474 2657/475/2486 2658/476/2487
f 2647/464/2476 2646/463/2475 2658/476/2487 2659/477/2488
f 2648/465/2477 2647/464/2476 2659/477/2488 2660/478/2489
f 2649/466/2478 2648/465/2477 2660/478/2489 2661/479/2490
f 2650/467/2479 2649/466/2478 2661/479/2490 2662/480/2491
f 2651/468/2480 2650/467/2479 2662/480/2491 2663/481/2492
f 2652/457/2469 2651/468/2480 2663/481/2492 2664/470/2481
f 2665/1/2493 2676/4/2494 2688/3/2495 2677/2/2496
f 2666/5/2497 2665/8/2493 2677/7/2496 2678/6/2498
f 2667/9/2499 2666/5/2497 2678/6/2498 2679/10/2500
f 2668/11/2501 2667/9/2499 2679/10/2500 2680/12/2502
f 2669/13/2503 2668/11/2501 2680/12/2502 2681/14/2504
f 2670/15/2505 2669/13/2503 2681/14/2504 2682/16/2506
f 2671/17/2507 2670/15/2505 2682/16/2506 2683/18/2508
f 2672/19/2509 2671/17/2507 2683/18/2508 2684/20/2510
f 2673/21/2511 2672/19/2509 2684/20/2510 2685/22/2512
f 2674/23/2513 2673/21/2511 2685/22/2512 2686/24/2514
f 2675/25/2515 2674/23/2513 2686/24/2514 2687/26/2516
f 2676/4/2494 2675/25/2515 2687/26/2516 2688/3/2495
f 2677/2/2496 2688/3/2495 2700/28/2517 2689/27/2518
f 2678/6/2498 2677/7/2496 2689/30/2518 2690/29/2519
f 2679/10/2500 2678/6/2498 2690/29/2519 2691/31/2520
f 2680/12/2502 2679/10/2500 2691/31/2520 2692/32/2521
f 2681/14/2504 2680/12/2502 2692/32/2521 2693/33/2522
f 2682/16/2506 2681/14/2504 2693/33/2522 2694/34/2523
f 2683/18/2508 2682/16/2506 2694/34/2523 2695/35/2524
f 2684/20/2510 2683/18/2508 2695/35/2524 2696/36/2525
f 2685/22/2512 2684/20/2510 2696/36/2525 2697/37/2526
f 2686/24/2514 2685/22/2512 2697/37/2526 2698/38/2527
f 2687/26/2516 2686/24/2514 2698/38/2527 2699/39/2528
f 2688/3/2495 2687/26/2516 2699/39/2528 2700/28/2517
f 2689/27/2518 2700/28/2517 2712/41/2529 2701/40/2530
f 2690/29/2519 2689/30/2518 2701/43/2530 2702/42/2531
f 2691/31/2520 2690/29/2519 2702/42/2531 2703/44/2532
f 2692/32/2521 2691/31/2520 2703/44/2532 2704/45/2533
f 2693/33/2522 2692/32/2521 2704/45/2533 2705/46/2534
f 2694/34/2523 2693/33/2522 2705/46/2534 2706/47/2535
f 2695/35/2524 2694/34/2523 2706/47/2535 2707/48/2536
f 2696/36/2525 2695/35/2524 2707/48/2536 2708/49/2537
f 2697/37/2526 2696/36/2525 2708/49/2537 2709/50/2538
f 2698/38/2527 2697/37/2526 2709/50/2538 2710/51/2539
f 2699/39/2528 2698/38/2527 2710/51/2539 2711/52/2540
f 2700/28/2517 2699/39/2528 2711/52/2540 2712/41/2529
f 2701/40/2530 2712/41/2529 2724/54/2541 2713/53/2542
f 2702/42/2531 2701/43/2530 2713/56/2542 2714/55/2543
f 2703/44/2532 2702/42/2531 2714/55/2543 2715/57/2544
f 2704/45/2533 2703/44/2532 2715/57/2544 2716/58/2545
f 2705/46/2534 2704/45/2533 2716/58/2545 2717/59/2546
f 2706/47/2535 2705/46/2534 2717/59/2546 2718/60/2547
f 2707/48/2536 2706/47/2535 2718/60/2547 2719/61/2548
f 2708/49/2537 2707/48/2536 2719/61/2548 2720/62/2549
f 2709/50/2538 2708/49/2537 2720/62/2549 2721/63/2550
f 2710/51/2539 2709/50/2538 2721/63/2550 2722/64/2551
f 2711/52/2540 2710/51/2539 2722/64/2551 2723/65/2552
f 2712/41/2529 2711/52/2540 2723/65/2552 2724/54/2541
f 2713/53/2542 2724/54/2541 2736/67/2553 2725/66/2554
f 2714/55/2543 2713/56/2542 2725/69/2554 2726/68/2555
f 2715/57/2544 2714/55/2543 2726/68/2555 2727/70/2556
f 2716/58/2545 2715/57/2544 2727/70/2556 2728/71/2557
f 2717/59/2546 2716/58/2545 2728/71/2557 2729/72/2558
f 2718/60/2547 2717/59/2546 2729/72/2558 2730/73/2559
f 2719/61/2548 2718/60/2547 2730/73/2559 2731/74/2560
f 2720/62/2549 2719/61/2548 2731/74/2560 2732/75/2561
f 2721/63/2550 2720/62/2549 2732/75/2561 2733/76/2562
f 2722/64/2551 2721/63/2550 2733/76/2562 2734/77/2563
f 2723/65/2552 2722/64/2551 2734/77/2563 2735/78/2564
f 2724/54/2541 2723/65/2552 2735/78/2564 2736/67/2553
f 2725/66/2554 2736/67/2553 2748/80/2565 2737/79/2566
f 2726/68/2555 2725/69/2554 2737/82/2566 2738/81/2567
f 2727/70/2556 2726/68/2555 2738/81/2567 2739/83/2568
f 2728/71/2557 2727/70/2556 2739/83/2568 2740/84/2569
f 2729/72/2558 2728/71/2557 2740/84/2569 2741/85/2570
f 2730/73/2559 2729/72/2558 2741/85/2570 2742/86/2571
f 2731/74/2560 2730/73/2559 2742/86/2571 2743/87/2572
f 2732/75/2561 2731/74/2560 2743/87/2572 2744/88/2573
f 2733/76/2562 2732/75/2561 2744/88/2573 2745/89/2574
f 2734/77/2563 2733/76/2562 2745/89/2574 2746/90/2575
f 2735/78/2564 2734/77/2563 2746/90/2575 2747/91/2576
f 2736/67/2553 2735/78/2564 2747/91/2576 2748/80/2565
f 2737/79/2566 2748/80/2565 2760/93/2577 2749/92/2578
f 2738/81/2567 2737/82/2566 2749/95/2578 2750/94/2579
f 2739/83/2568 2738/81/2567 2750/94/2579 2751/96/2580
f 2740/84/2569 2739/83/2568 2751/96/2580 2752/97/2581
f 2741/85/2570 2740/84/2569 2752/97/2581 2753/98/2582
f 2742/86/2571 2741/85/2570 2753/98/2582 2754/99/2583
f 2743/87/2572 2742/86/2571 2754/99/2583 2755/100/2584
f 2744/88/2573 2743/87/2572 2755/100/2584 2756/101/2585
f 2745/89/2574 2744/88/2573 2756/101/2585 2757/102/2586
f 2746/90/2575 2745/89/2574 2757/102/2586 2758/103/2587
f 2747/91/2576 2746/90/2575 2758/103/2587 2759/104/2588
f 2748/80/2565 2747/91/2576 2759/104/2588 2760/93/2577
f 2749/92/2578 2760/93/2577 2772/106/2589 2761/105/2590
f 2750/94/2579 2749/95/2578 2761/108/2590 2762/107/2591
f 2751/96/2580 2750/94/2579 2762/107/2591 2763/109/2592
f 2752/97/2581 2751/96/2580 2763/109/2592 2764/110/2593
f 2753/98/2582 2752/97/2581 2764/110/2593 2765/111/2594
f 2754/99/2583 2753/98/2582 2765/111/2594 2766/112/2595
f 2755/100/2584 2754/99/2583 2766/112/2595 2767/113/2596
f 2756/101/2585 2755/100/2584 2767/113/2596 2768/114/2597
f 2757/102/2586 2756/101/2585 2768/114/2597 2769/115/2598
f 2758/103/2587 2757/102/2586 2769/115/2598 2770/116/2599
f 2759/104/2588 2758/103/2587 2770/116/2599 2771/117/2600
f 2760/93/2577 2759/104/2588 2771/117/2600 2772/106/2589
f 2761/105/2590 2772/106/2589 2784/119/2601 2773/118/2602
f 2762/107/2591 2761/108/2590 2773/121/2602 2774/120/2603
f 2763/109/2592 2762/107/2591 2774/120/2603 2775/122/2604
f 2764/110/2593 2763/109/2592 2775/122/2604 2776/123/2605
f 2765/111/2594 2764/110/2593 2776/123/2605 2777/124/2606
f 2766/112/2595 2765/111/2594 2777/124/2606 2778/125/2607
f 2767/113/2596 2766/112/2595 2778/125/2607 2779/126/2608
f 2768/114/2597 2767/113/2596 2779/126/2608 2780/127/2609
f 2769/115/2598 2768/114/2597 2780/127/2609 2781/128/2610
f 2770/116/2599 2769/115/2598 2781/128/2610 2782/129/2611
f 2771/117/2600 2770/116/2599 2782/129/2611 2783/130/2612
f 2772/106/2589 2771/117/2600 2783/130/2612 2784/119/2601
f 2773/118/2602 2784/119/2601 2796/132/2613 2785/131/2614
f 2774/120/2603 2773/121/2602 2785/134/2614 2786/133/2615
f 2775/122/2604 2774/120/2603 2786/133/2615 2787/135/2616
f 2776/123/2605 2775/122/2604 2787/135/2616 2788/136/2617
f 2777/124/2606 2776/123/2605 2788/136/2617 2789/137/2618
f 2778/125/2607 2777/124/2606 2789/137/2618 2790/138/2619
f 2779/126/2608 2778/125/2607 2790/138/2619 2791/139/2620
f 2780/127/2609 2779/126/2608 2791/139/2620 2792/140/2621
f 2781/128/2610 2780/127/2609 2792/140/2621 2793/141/2622
f 2782/129/2611 2781/128/2610 2793/141/2622 2794/142/2623
f 2783/130/2612 2782/129/2611 2794/142/2623 2795/143/2624
f 2784/119/2601 2783/130/2612 2795/143/2624 2796/132/2613
f 2785/131/2614 2796/132/2613 2808/145/2625 2797/144/2626
f 2786/133/2615 2785/134/2614 2797/147/2626 2798/146/2627
f 2787/135/2616 2786/133/2615 2798/146/2627 2799/148/2628
f 2788/136/2617 2787/135/2616 2799/148/2628 2800/149/2629
f 2789/137/2618 2788/136/2617 2800/149/2629 2801/150/2630
f 2790/138/2619 2789/137/2618 2801/150/2630 2802/151/2631
f 2791/139/2620 2790/138/2619 2802/151/2631 2803/152/2632
f 2792/140/2621 2791/139/2620 2803/152/2632 2804/153/2633
f 2793/141/2622 2792/140/2621 2804/153/2633 2805/154/2634
f 2794/142/2623 2793/141/2622 2805/154/2634 2806/155/2635
f 2795/143/2624 2794/142/2623 2806/155/2635 2807/156/2636
f 2796/132/2613 2795/143/2624 2807/156/2636 2808/145/2625
f 2797/144/2626 2808/145/2625 2820/158/2637 2809/157/2638
f 2798/146/2627 2797/147/2626 2809/160/2638 2810/159/2639
f 2799/148/2628 2798/146/2627 2810/159/2639 2811/161/2640
f 2800/149/2629 2799/148/2628 2811/161/2640 2812/162/2641
f 2801/150/2630 2800/149/2629 2812/162/2641 2813/163/2642
f 2802/151/2631 2801/150/2630 2813/163/2642 2814/164/2643
f 2803/152/2632 2802/151/2631 2814/164/2643 2815/165/2644
f 2804/153/2633 2803/152/2632 2815/165/2644 2816/166/2645
f 2805/154/2634 2804/153/2633 2816/166/2645 2817/167/2646
f 2806/155/2635 2805/154/2634 2817/167/2646 2818/168/2647
f 2807/156/2636 2806/155/2635 2818/168/2647 2819/169/2648
f 2808/145/2625 2807/156/2636 2819/169/2648 2820/158/2637
f 2809/157/2638 2820/158/2637 2832/171/2649 2821/170/2650
f 2810/159/2639 2809/160/2638 2821/173/2650 2822/172/2651
f 2811/161/2640 2810/159/2639 2822/172/2651 2823/174/2652
f 2812/162/2641 2811/161/2640 2823/174/2652 2824/175/2653
f 2813/163/2642 2812/162/2641 2824/175/2653 2825/176/2654
f 2814/164/2643 2813/163/2642 2825/176/2654 2826/177/2655
f 2815/165/2644 2814/164/2643 2826/177/2655 2827/178/2656
f 2816/166/2645 2815/165/2644 2827/178/2656 2828/179/2657
f 2817/167/2646 2816/166/2645 2828/179/2657 2829/180/2658
f 2818/168/2647 2817/167/2646 2829/180/2658 2830/181/2659
f 2819/169/2648 2818/168/2647 2830/181/2659 2831/182/2660
f 2820/158/2637 2819/169/2648 2831/182/2660 2832/171/2649
f 2821/170/2650 2832/171/2649 2844/184/2661 2833/183/2662
f 2822/172/2651 2821/173/2650 2833/186/2662 2834/185/2663
f 2823/174/2652 2822/172/2651 2834/185/2663 2835/187/2664
f 2824/175/2653 2823/174/2652 2835/187/2664 2836/188/2665
f 2825/176/2654 2824/175/2653 2836/188/2665 2837/189/2666
f 2826/177/2655 2825/176/2654 2837/189/2666 2838/190/2667
f 2827/178/2656 2826/177/2655 2838/190/2667 2839/191/2668
f 2828/179/2657 2827/178/2656 2839/191/2668 2840/192/2669
f 2829/180/2658 2828/179/2657 2840/192/2669 2841/193/2670
f 2830/181/2659 2829/180/2658 2841/193/2670 2842/194/2671
f 2831/182/2660 2830/181/2659 2842/194/2671 2843/195/2672
f 2832/171/2649 2831/182/2660 2843/195/2672 2844/184/2661
f 2833/183/2662 2844/184/2661 2856/197/2673 2845/196/2674
f 2834/185/2663 2833/186/2662 2845/199/2674 2846/198/2675
f 2835/187/2664 2834/185/2663 2846/198/2675 2847/200/2676
f 2836/188/2665 2835/187/2664 2847/200/2676 2848/201/2677
f 2837/189/2666 2836/188/2665 2848/201/2677 2849/202/2678
f 2838/190/2667 2837/189/2666 2849/202/2678 2850/203/2679
f 2839/191/2668 2838/190/2667 2850/203/2679 2851/204/2680
f 2840/192/2669 2839/191/2668 2851/204/2680 2852/205/2681
f 2841/193/2670 2840/192/2669 2852/205/2681 2853/206/2682
f 2842/194/2671 2841/193/2670 2853/206/2682 2854/207/2683
f 2843/195/2672 2842/194/2671 2854/207/2683 2855/208/2684
f 2844/184/2661 2843/195/2672 2855/208/2684 2856/197/2673
f 2845/196/2674 2856/197/2673 2868/210/2685 2857/209/2686
f 2846/198/2675 2845/199/2674 2857/212/2686 2858/211/2687
f 2847/200/2676 2846/198/2675 2858/211/2687 2859/213/1069
f 2848/201/2677 2847/200/2676 2859/213/1069 2860/214/2688
f 2849/202/2678 2848/201/2677 2860/214/2688 2861/215/2689
f 2850/203/2679 2849/202/2678 2861/215/2689 2862/216/2690
f 2851/204/2680 2850/203/2679 2862/216/2690 2863/217/2691
f 2852/205/2681 2851/204/2680 2863/217/2691 2864/218/2692
f 2853/206/2682 2852/205/2681 2864/218/2692 2865/219/1063
f 2854/207/2683 2853/206/2682 2865/219/1063 2866/220/2693
f 2855/208/2684 2854/207/2683 2866/220/2693 2867/221/2694
f 2856/197/2673 2855/208/2684 2867/221/2694 2868/210/2685
f 2857/209/2686 2868/210/2685 2880/223/2695 2869/222/2696
f 2858/211/2687 2857/212/2686 2869/225/2696 2870/224/2697
f 2859/213/1069 2858/211/2687 2870/224/2697 2871/226/1081
f 2860/214/2688 2859/213/1069 2871/226/1081 2872/227/2698
f 2861/215/2689 2860/214/2688 2872/227/2698 2873/228/2699
f 2862/216/2690 2861/215/2689 2873/228/2699 2874/229/2700
f 2863/217/2691 2862/216/2690 2874/229/2700 2875/230/2701
f 2864/218/2692 2863/217/2691 2875/230/2701 2876/231/2702
f 2865/219/1063 2864/218/2692 2876/231/2702 2877/232/1075
f 2866/220/2693 2865/219/1063 2877/232/1075 2878/233/2703
f 2867/221/2694 2866/220/2693 2878/233/2703 2879/234/2704
f 2868/210/2685 2867/221/2694 2879/234/2704 2880/223/2695
f 2869/222/2696 2880/223/2695 2892/236/2705 2881/235/2706
f 2870/224/2697 2869/225/2696 2881/238/2706 2882/237/2707
f 2871/226/1081 2870/224/2697 2882/237/2707 2883/239/2708
f 2872/227/2698 2871/226/1081 2883/239/2708 2884/240/2709
f 2873/228/2699 2872/227/2698 2884/240/2709 2885/241/2710
f 2874/229/2700 2873/228/2699 2885/241/2710 2886/242/2711
f 2875/230/2701 2874/229/2700 2886/242/2711 2887/243/2712
f 2876/231/2702 2875/230/2701 2887/243/2712 2888/244/2713
f 2877/232/1075 2876/231/2702 2888/244/2713 2889/245/1087
f 2878/233/2703 2877/232/1075 2889/245/1087 2890/246/2714
f 2879/234/2704 2878/233/2703 2890/246/2714 2891/247/2715
f 2880/223/2695 2879/234/2704 2891/247/2715 2892/236/2705
f 2881/235/2706 2892/236/2705 2904/249/2716 2893/248/2717
f 2882/237/2707 2881/238/2706 2893/251/2717 2894/250/2718
f 2883/239/2708 2882/237/2707 2894/250/2718 2895/252/2719
f 2884/240/2709 2883/239/2708 2895/252/2719 2896/253/2720
f 2885/241/2710 2884/240/2709 2896/253/2720 2897/254/2721
f 2886/242/2711 2885/241/2710 2897/254/2721 2898/255/2722
f 2887/243/2712 2886/242/2711 2898/255/2722 2899/256/2723
f 2888/244/2713 2887/243/2712 2899/256/2723 2900/257/2724
f 2889/245/1087 2888/244/2713 2900/257/2724 2901/258/1099
f 2890/246/2714 2889/245/1087 2901/258/1099 2902/259/2725
f 2891/247/2715 2890/246/2714 2902/259/2725 2903/260/2726
f 2892/236/2705 2891/247/2715 2903/260/2726 2904/249/2716
f 2893/248/2717 2904/249/2716 2916/262/2727 2905/261/2728
f 2894/250/2718 2893/251/2717 2905/264/2728 2906/263/2729
f 2895/252/2719 2894/250/2718 2906/263/2729 2907/265/2730
f 2896/253/2720 2895/252/2719 2907/265/2730 2908/266/2731
f 2897/254/2721 2896/253/2720 2908/266/2731 2909/267/2732
f 2898/255/2722 2897/254/2721 2909/267/2732 2910/268/2733
f 2899/256/2723 2898/255/2722 2910/268/2733 2911/269/2734
f 2900/257/2724 2899/256/2723 2911/269/2734 2912/270/2735
f 2901/258/1099 2900/257/2724 2912/270/2735 2913/271/2736
f 2902/259/2725 2901/258/1099 2913/271/2736 2914/272/2737
f 2903/260/2726 2902/259/2725 2914/272/2737 2915/273/2738
f 2904/249/2716 2903/260/2726 2915/273/2738 2916/262/2727
f 2905/261/2728 2916/262/2727 2928/275/2739 2917/274/2740
f 2906/263/2729 2905/264/2728 2917/277/2740 2918/276/2741
f 2907/265/2730 2906/263/2729 2918/276/2741 2919/278/2742
f 2908/266/2731 2907/265/2730 2919/278/2742 2920/279/2743
f 2909/267/2732 2908/266/2731 2920/279/2743 2921/280/2744
f 2910/268/2733 2909/267/2732 2921/280/2744 2922/281/2745
f 2911/269/2734 2910/268/2733 2922/281/2745 2923/282/2746
f 2912/270/2735 2911/269/2734 2923/282/2746 2924/283/2747
f 2913/271/2736 2912/270/2735 2924/283/2747 2925/284/2748
f 2914/272/2737 2913/271/2736 2925/284/2748 2926/285/2749
f 2915/273/2738 2914/272/2737 2926/285/2749 2927/286/2750
f 2916/262/2727 2915/273/2738 2927/286/2750 2928/275/2739
f 2917/274/2740 2928/275/2739 2940/288/2751 2929/287/2752
f 2918/276/2741 2917/277/2740 2929/290/2752 2930/289/2753
f 2919/278/2742 2918/276/2741 2930/289/2753 2931/291/2754
f 2920/279/2743 2919/278/2742 2931/291/2754 2932/292/2755
f 2921/280/2744 2920/279/2743 2932/292/2755 2933/293/2756
f 2922/281/2745 2921/280/2744 2933/293/2756 2934/294/2757
f 2923/282/2746 2922/281/2745 2934/294/2757 2935/295/2758
f 2924/283/2747 2923/282/2746 2935/295/2758 2936/296/2759
f 2925/284/2748 2924/283/2747 2936/296/2759 2937/297/2760
f 2926/285/2749 2925/284/2748 2937/297/2760 2938/298/2761
f 2927/286/2750 2926/285/2749 2938/298/2761 2939/299/2762
f 2928/275/2739 2927/286/2750 2939/299/2762 2940/288/2751
f 2929/287/2752 2940/288/2751 2952/301/2763 2941/300/2764
f 2930/289/2753 2929/290/2752 2941/303/2764 2942/302/2765
f 2931/291/2754 2930/289/2753 2942/302/2765 2943/304/2766
f 2932/292/2755 2931/291/2754 2943/304/2766 2944/305/2767
f 2933/293/2756 2932/292/2755 2944/305/2767 2945/306/2768
f 2934/294/2757 2933/293/2756 2945/306/2768 2946/307/2769
f 2935/295/2758 2934/294/2757 2946/307/2769 2947/308/2770
f 2936/296/2759 2935/295/2758 2947/308/2770 2948/309/2771
f 2937/297/2760 2936/296/2759 2948/309/2771 2949/310/2772
f 2938/298/2761 2937/297/2760 2949/310/2772 2950/311/2773
f 2939/299/2762 2938/298/2761 2950/311/2773 2951/312/2774
f 2940/288/2751 2939/299/2762 2951/312/2774 2952/301/2763
f 2941/300/2764 2952/301/2763 2964/314/2775 2953/313/2776
f 2942/302/2765 2941/303/2764 2953/316/2776 2954/315/2777
f 2943/304/2766 2942/302/2765 2954/315/2777 2955/317/2778
f 2944/305/2767 2943/304/2766 2955/317/2778 2956/318/2779
f 2945/306/2768 2944/305/2767 2956/318/2779 2957/319/2780
f 2946/307/2769 2945/306/2768 2957/319/2780 2958/320/2781
f 2947/308/2770 2946/307/2769 2958/320/2781 2959/321/2782
f 2948/309/2771 2947/308/2770 2959/321/2782 2960/322/2783
f 2949/310/2772 2948/309/2771 2960/322/2783 2961/323/2784
f 2950/311/2773 2949/310/2772 2961/323/2784 2962/324/2785
f 2951/312/2774 2950/311/2773 2962/324/2785 2963/325/2786
f 2952/301/2763 2951/312/2774 2963/325/2786 2964/314/2775
f 2953/313/2776 2964/314/2775 2976/327/2787 2965/326/2788
f 2954/315/2777 2953/316/2776 2965/329/2788 2966/328/2789
f 2955/317/2778 2954/315/2777 2966/328/2789 2967/330/2790
f 2956/318/2779 2955/317/2778 2967/330/2790 2968/331/2791
f 2957/319/2780 2956/318/2779 2968/331/2791 2969/332/2792
f 2958/320/2781 2957/319/2780 2969/332/2792 2970/333/2793
f 2959/321/2782 2958/320/2781 2970/333/2793 2971/334/2794
f 2960/322/2783 2959/321/2782 2971/334/2794 2972/335/2795
f 2961/323/2784 2960/322/2783 2972/335/2795 2973/336/2796
f 2962/324/2785 2961/323/2784 2973/336/2796 2974/337/2797
f 2963/325/2786 2962/324/2785 2974/337/2797 2975/338/2798
f 2964/314/2775 2963/325/2786 2975/338/2798 2976/327/2787
f 2965/326/2788 2976/327/2787 2988/340/2799 2977/339/2800
f 2966/328/2789 2965/329/2788 2977/342/2800 2978/341/2801
f 2967/330/2790 2966/328/2789 2978/341/2801 2979/343/2802
f 2968/331/2791 2967/330/2790 2979/343/2802 2980/344/2803
f 2969/332/2792 2968/331/2791 2980/344/2803 2981/345/2804
f 2970/333/2793 2969/332/2792 2981/345/2804 2982/346/2805
f 2971/334/2794 2970/333/2793 2982/346/2805 2983/347/2806
f 2972/335/2795 2971/334/2794 2983/347/2806 2984/348/2807
f 2973/336/2796 2972/335/2795 2984/348/2807 2985/349/2808
f 2974/337/2797 2973/336/2796 2985/349/2808 2986/350/2809
f 2975/338/2798 2974/337/2797 2986/350/2809 2987/351/2810
f 2976/327/2787 2975/338/2798 2987/351/2810 2988/340/2799
f 2977/339/2800 2988/340/2799 3000/353/2811 2989/352/2812
f 2978/341/2801 2977/342/2800 2989/355/2812 2990/354/2813
f 2979/343/2802 2978/341/2801 2990/354/2813 2991/356/2814
f 2980/344/2803 2979/343/2802 2991/356/2814 2992/357/2815
f 2981/345/2804 2980/344/2803 2992/357/2815 2993/358/2816
f 2982/346/2805 2981/345/2804 2993/358/2816 2994/359/2817
f 2983/347/2806 2982/346/2805 2994/359/2817 2995/360/2818
f 2984/348/2807 2983/347/2806 2995/360/2818 2996/361/2819
f 2985/349/2808 2984/348/2807 2996/361/2819 2997/362/2820
f 2986/350/2809 2985/349/2808 2997/362/2820 2998/363/2821
f 2987/351/2810 2986/350/2809 2998/363/2821 2999/364/2822
f 2988/340/2799 2987/351/2810 2999/364/2822 3000/353/2811
f 2989/352/2812 3000/353/2811 3012/366/2823 3001/365/2824
f 2990/354/2813 2989/355/2812 3001/368/2824 3002/367/2825
f 2991/356/2814 2990/354/2813 3002/367/2825 3003/369/2826
f 2992/357/2815 2991/356/2814 3003/369/2826 3004/370/2827
f 2993/358/2816 2992/357/2815 3004/370/2827 3005/371/2828
f 2994/359/2817 2993/358/2816 3005/371/2828 3006/372/2829
f 2995/360/2818 2994/359/2817 3006/372/2829 3007/373/2830
f 2996/361/2819 2995/360/2818 3007/373/2830 3008/374/2831
f 2997/362/2820 2996/361/2819 3008/374/2831 3009/375/2832
f 2998/363/2821 2997/362/2820 3009/375/2832 3010/376/2833
f 2999/364/2822 2998/363/2821 3010/376/2833 3011/377/2834
f 3000/353/2811 2999/364/2822 3011/377/2834 3012/366/2823
f 3001/365/2824 3012/366/2823 3024/379/2835 3013/378/2836
f 3002/367/2825 3001/368/2824 3013/381/2836 3014/380/2837
f 3003/369/2826 3002/367/2825 3014/380/2837 3015/382/2838
f 3004/370/2827 3003/369/2826 3015/382/2838 3016/383/2839
f 3005/371/2828 3004/370/2827 3016/383/2839 3017/384/2840
f 3006/372/2829 3005/371/2828 3017/384/2840 3018/385/2841
f 3007/373/2830 3006/372/2829 3018/385/2841 3019/386/2842
f 3008/374/2831 3007/373/2830 3019/386/2842 3020/387/2843
f 3009/375/2832 3008/374/2831 3020/387/2843 3021/388/2844
f 3010/376/2833 3009/375/2832 3021/388/2844 3022/389/2845
f 3011/377/2834 3010/376/2833 3022/389/2845 3023/390/2846
f 3012/366/2823 3011/377/2834 3023/390/2846 3024/379/2835
f 3013/378/2836 3024/379/2835 3036/392/2847 3025/391/2848
f 3014/380/2837 3013/381/2836 3025/394/2848 3026/393/2849
f 3015/382/2838 3014/380/2837 3026/393/2849 3027/395/2850
f 3016/383/2839 3015/382/2838 3027/395/2850 3028/396/2851
f 3017/384/2840 3016/383/2839 3028/396/2851 3029/397/2852
f 3018/385/2841 3017/384/2840 3029/397/2852 3030/398/2853
f 3019/386/2842 3018/385/2841 3030/398/2853 3031/399/2854
f 3020/387/2843 3019/386/2842 3031/399/2854 3032/400/2855
f 3021/388/2844 3020/387/2843 3032/400/2855 3033/401/1231
f 3022/389/2845 3021/388/2844 3033/401/1231 3034/402/2856
f 3023/390/2846 3022/389/2845 3034/402/2856 3035/403/2857
f 3024/379/2835 3023/390/2846 3035/403/2857 3036/392/2847
f 3025/391/2848 3036/392/2847 3048/405/2858 3037/404/2859
f 3026/393/2849 3025/394/2848 3037/407/2859 3038/406/2860
f 3027/395/2850 3026/393/2849 3038/406/2860 3039/408/1249
f 3028/396/2851 3027/395/2850 3039/408/1249 3040/409/2861
f 3029/397/2852 3028/396/2851 3040/409/2861 3041/410/2862
f 3030/398/2853 3029/397/2852 3041/410/2862 3042/411/2863
f 3031/399/2854 3030/398/2853 3042/411/2863 3043/412/2864
f 3032/400/2855 3031/399/2854 3043/412/2864 3044/413/2865
f 3033/401/1231 3032/400/2855 3044/413/2865 3045/414/1243
f 3034/402/2856 3033/401/1231 3045/414/1243 3046/415/2866
f 3035/403/2857 3034/402/2856 3046/415/2866 3047/416/2867
f 3036/392/2847 3035/403/2857 3047/416/2867 3048/405/2858
f 3037/404/2859 3048/405/2858 3060/418/2868 3049/417/2869
f 3038/406/2860 3037/407/2859 3049/420/2869 3050/419/2870
f 3039/408/1249 3038/406/2860 3050/419/2870 3051/421/2871
f 3040/409/2861 3039/408/1249 3051/421/2871 3052/422/2872
f 3041/410/2862 3040/409/2861 3052/422/2872 3053/423/2873
f 3042/411/2863 3041/410/2862 3053/423/2873 3054/424/2874
f 3043/412/2864 3042/411/2863 3054/424/2874 3055/425/2875
f 3044/413/2865 3043/412/2864 3055/425/2875 3056/426/2876
f 3045/414/1243 3044/413/2865 3056/426/2876 3057/427/1267
f 3046/415/2866 3045/414/1243 3057/427/1267 3058/428/2877
f 3047/416/2867 3046/415/2866 3058/428/2877 3059/429/2878
f 3048/405/2858 3047/416/2867 3059/429/2878 3060/418/2868
f 3049/417/2869 3060/418/2868 3072/431/2879 3061/430/2880
f 3050/419/2870 3049/420/2869 3061/433/2880 3062/432/2881
f 3051/421/2871 3050/419/2870 3062/432/2881 3063/434/1273
f 3052/422/2872 3051/421/2871 3063/434/1273 3064/435/2882
f 3053/423/2873 3052/422/2872 3064/435/2882 3065/436/2883
f 3054/424/2874 3053/423/2873 3065/436/2883 3066/437/2884
f 3055/425/2875 3054/424/2874 3066/437/2884 3067/438/2885
f 3056/426/2876 3055/425/2875 3067/438/2885 3068/439/2886
f 3057/427/1267 3056/426/2876 3068/439/2886 3069/440/2887
f 3058/428/2877 3057/427/1267 3069/440/2887 3070/441/2888
f 3059/429/2878 3058/428/2877 3070/441/2888 3071/442/2889
f 3060/418/2868 3059/429/2878 3071/442/2889 3072/431/2879
f 3061/430/2880 3072/431/2879 3084/444/2890 3073/443/2891
f 3062/432/2881 3061/433/2880 3073/446/2891 3074/445/2892
f 3063/434/1273 3062/432/2881 3074/445/2892 3075/447/1285
f 3064/435/2882 3063/434/1273 3075/447/1285 3076/448/2893
f 3065/436/2883 3064/435/2882 3076/448/2893 3077/449/2894
f 3066/437/2884 3065/436/2883 3077/449/2894 3078/450/2895
f 3067/438/2885 3066/437/2884 3078/450/2895 3079/451/2896
f 3068/439/2886 3067/438/2885 3079/451/2896 3080/452/2897
f 3069/440/2887 3068/439/2886 3080/452/2897 3081/453/2898
f 3070/441/2888 3069/440/2887 3081/453/2898 3082/454/2899
f 3071/442/2889 3070/441/2888 3082/454/2899 3083/455/2900
f 3072/431/2879 3071/442/2889 3083/455/2900 3084/444/2890
f 3073/443/2891 3084/444/2890 3096/457/2901 3085/456/2902
f 3074/445/2892 3073/446/2891 3085/459/2902 3086/458/2903
f 3075/447/1285 3074/445/2892 3086/458/2903 3087/460/2904
f 3076/448/2893 3075/447/1285 3087/460/2904 3088/461/2905
f 3077/449/2894 3076/448/2893 3088/461/2905 3089/462/2906
f 3078/450/2895 3077/449/2894 3089/462/2906 3090/463/2907
f 3079/451/2896 3078/450/2895 3090/463/2907 3091/464/2908
f 3080/452/2897 3079/451/2896 3091/464/2908 3092/465/2909
f 3081/453/2898 3080/452/2897 3092/465/2909 3093/466/2910
f 3082/454/2899 3081/453/2898 3093/466/2910 3094/467/2911
f 3083/455/2900 3082/454/2899 3094/467/2911 3095/468/2912
f 3084/444/2890 3083/455/2900 3095/468/2912 3096/457/2901
f 3085/456/2902 3096/457/2901 3108/470/2913 3097/469/2914
f 3086/458/2903 3085/459/2902 3097/472/2914 3098/471/2915
f 3087/460/2904 3086/458/2903 3098/471/2915 3099/473/2916
f 3088/461/2905 3087/460/2904 3099/473/2916 3100/474/2917
f 3089/462/2906 3088/461/2905 3100/474/2917 3101/475/2918
f 3090/463/2907 3089/462/2906 3101/475/2918 3102/476/2919
f 3091/464/2908 3090/463/2907 3102/476/2919 3103/477/2920
f 3092/465/2909 3091/464/2908 3103/477/2920 3104/478/2921
f 3093/466/2910 3092/465/2909 3104/478/2921 3105/479/2922
f 3094/467/2911 3093/466/2910 3105/479/2922 3106/480/2923
f 3095/468/2912 3094/467/2911 3106/480/2923 3107/481/2924
f 3096/457/2901 3095/468/2912 3107/481/2924 3108/470/2913
f 3109/1/2925 3120/4/2926 3132/3/2927 3121/2/2928
f 3110/5/2929 3109/8/2925 3121/7/2928 3122/6/2930
f 3111/9/2931 3110/5/2929 3122/6/2930 3123/10/2932
f 3112/11/2933 3111/9/2931 3123/10/2932 3124/12/2934
f 3113/13/2935 3112/11/2933 3124/12/2934 3125/14/2936
f 3114/15/2937 3113/13/2935 3125/14/2936 3126/16/2938
f 3115/17/2939 3114/15/2937 3126/16/2938 3127/18/2940
f 3116/19/2941 3115/17/2939 3127/18/2940 3128/20/2942
f 3117/21/2943 3116/19/2941 3128/20/2942 3129/22/2944
f 3118/23/2945 3117/21/2943 3129/22/2944 3130/24/2946
f 3119/25/2947 3118/23/2945 3130/24/2946 3131/26/2948
f 3120/4/2926 3119/25/2947 3131/26/2948 3132/3/2927
f 3121/2/2928 3132/3/2927 3144/28/2949 3133/27/2950
f 3122/6/2930 3121/7/2928 3133/30/2950 3134/29/2951
f 3123/10/2932 3122/6/2930 3134/29/2951 3135/31/2952
f 3124/12/2934 3123/10/2932 3135/31/2952 3136/32/2953
f 3125/14/2936 3124/12/2934 3136/32/2953 3137/33/2954
f 3126/16/2938 3125/14/2936 3137/33/2954 3138/34/2955
f 3127/18/2940 3126/16/2938 3138/34/2955 3139/35/2956
f 3128/20/2942 3127/18/2940 3139/35/2956 3140/36/2957
f 3129/22/2944 3128/20/2942 3140/36/2957 3141/37/2958
f 3130/24/2946 3129/22/2944 3141/37/2958 3142/38/2959
f 3131/26/2948 3130/24/2946 3142/38/2959 3143/39/2960
f 3132/3/2927 3131/26/2948 3143/39/2960 3144/28/2949
f 3133/27/2950 3144/28/2949 3156/41/2961 3145/40/2962
f 3134/29/2951 3133/30/2950 3145/43/2962 3146/42/2963
f 3135/31/2952 3134/29/2951 3146/42/2963 3147/44/2964
f 3136/32/2953 3135/31/2952 3147/44/2964 3148/45/2965
f 3137/33/2954 3136/32/2953 3148/45/2965 3149/46/2966
f 3138/34/2955 3137/33/2954 3149/46/2966 3150/47/2967
f 3139/35/2956 3138/34/2955 3150/47/2967 3151/48/2968
f 3140/36/2957 3139/35/2956 3151/48/2968 3152/49/2969
f 3141/37/2958 3140/36/2957 3152/49/2969 3153/50/2970
f 3142/38/2959 3141/37/2958 3153/50/2970 3154/51/2971
f 3143/39/2960 3142/38/2959 3154/51/2971 3155/52/2972
f 3144/28/2949 3143/39/2960 3155/52/2972 3156/41/2961
f 3145/40/2962 3156/41/2961 3168/54/2973 3157/53/2974
f 3146/42/2963 3145/43/2962 3157/56/2974 3158/55/2975
f 3147/44/2964 3146/42/2963 3158/55/2975 3159/57/2976
f 3148/45/2965 3147/44/2964 3159/57/2976 3160/58/2977
f 3149/46/2966 3148/45/2965 3160/58/2977 3161/59/2978
f 3150/47/2967 3149/46/2966 3161/59/2978 3162/60/2979
f 3151/48/2968 3150/47/2967 3162/60/2979 3163/61/2980
f 3152/49/2969 3151/48/2968 3163/61/2980 3164/62/2981
f 3153/50/2970 3152/49/2969 3164/62/2981 3165/63/2982
f 3154/51/2971 3153/50/2970 3165/63/2982 3166/64/2983
f 3155/52/2972 3154/51/2971 3166/64/2983 3167/65/2984
f 3156/41/2961 3155/52/2972 3167/65/2984 3168/54/2973
f 3157/53/2974 3168/54/2973 3180/67/2985 3169/66/2986
f 3158/55/2975 3157/56/2974 3169/69/2986 3170/68/2987
f 3159/57/2976 3158/55/2975 3170/68/2987 3171/70/2988
f 3160/58/2977 3159/57/2976 3171/70/2988 3172/71/2989
f 3161/59/2978 3160/58/2977 3172/71/2989 3173/72/2990
f 3162/60/2979 3161/59/2978 3173/72/2990 3174/73/2991
f 3163/61/2980 3162/60/2979 3174/73/2991 3175/74/2992
f 3164/62/2981 3163/61/2980 3175/74/2992 3176/75/2993
f 3165/63/2982 3164/62/2981 3176/75/2993 3177/76/2994
f 3166/64/2983 3165/63/2982 3177/76/2994 3178/77/2995
f 3167/65/2984 3166/64/2983 3178/77/2995 3179/78/2996
f 3168/54/2973 3167/65/2984 3179/78/2996 3180/67/2985
f 3169/66/2986 3180/67/2985 3192/80/2997 3181/79/2998
f 3170/68/2987 3169/69/2986 3181/82/2998 3182/81/2999
f 3171/70/2988 3170/68/2987 3182/81/2999 3183/83/3000
f 3172/71/2989 3171/70/2988 3183/83/3000 3184/84/3001
f 3173/72/2990 3172/71/2989 3184/84/3001 3185/85/3002
f 3174/73/2991 3173/72/2990 3185/85/3002 3186/86/3003
f 3175/74/2992 3174/73/2991 3186/86/3003 3187/87/3004
f 3176/75/2993 3175/74/2992 3187/87/3004 3188/88/3005
f 3177/76/2994 3176/75/2993 3188/88/3005 3189/89/3006
f 3178/77/2995 3177/76/2994 3189/89/3006 3190/90/3007
f 3179/78/2996 3178/77/2995 3190/90/3007 3191/91/3008
f 3180/67/2985 3179/78/2996 3191/91/3008 3192/80/2997
f 3181/79/2998 3192/80/2997 3204/93/3009 3193/92/3010
f 3182/81/2999 3181/82/2998 3193/95/3010 3194/94/3011
f 3183/83/3000 3182/81/2999 3194/94/3011 3195/96/3012
f 3184/84/3001 3183/83/3000 3195/96/3012 3196/97/3013
f 3185/85/3002 3184/84/3001 3196/97/3013 3197/98/3014
f 3186/86/3003 3185/85/3002 3197/98/3014 3198/99/3015
f 3187/87/3004 3186/86/3003 3198/99/3015 3199/100/3016
f 3188/88/3005 3187/87/3004 3199/100/3016 3200/101/3017
f 3189/89/3006 3188/88/3005 3200/101/3017 3201/102/3018
f 3190/90/3007 3189/89/3006 3201/102/3018 3202/103/3019
f 3191/91/3008 3190/90/3007 3202/103/3019 3203/104/3020
f 3192/80/2997 3191/91/3008 3203/104/3020 3204/93/3009
f 3193/92/3010 3204/93/3009 3216/106/3021 3205/105/3022
f 3194/94/3011 3193/95/3010 3205/108/3022 3206/107/3023
f 3195/96/3012 3194/94/3011 3206/107/3023 3207/109/3024
f 3196/97/3013 3195/96/3012 3207/109/3024 3208/110/3025
f 3197/98/3014 3196/97/3013 3208/110/3025 3209/111/3026
f 3198/99/3015 3197/98/3014 3209/111/3026 3210/112/3027
f 3199/100/3016 3198/99/3015 3210/112/3027 3211/113/3028
f 3200/101/3017 3199/100/3016 3211/113/3028 3212/114/3029
f 3201/102/3018 3200/101/3017 3212/114/3029 3213/115/3030
f 3202/103/3019 3201/102/3018 3213/115/3030 3214/116/3031
f 3203/104/3020 3202/103/3019 3214/116/3031 3215/117/3032
f 3204/93/3009 3203/104/3020 3215/117/3032 3216/106/3021
f 3205/105/3022 3216/106/3021 3228/119/3033 3217/118/3034
f 3206/107/3023 3205/108/3022 3217/121/3034 3218/120/3035
f 3207/109/3024 3206/107/3023 3218/120/3035 3219/122/3036
f 3208/110/3025 3207/109/3024 3219/122/3036 3220/123/3037
f 3209/111/3026 3208/110/3025 3220/123/3037 3221/124/3038
f 3210/112/3027 3209/111/3026 3221/124/3038 3222/125/3039
f 3211/113/3028 3210/112/3027 3222/125/3039 3223/126/3040
f 3212/114/3029 3211/113/3028 3223/126/3040 3224/127/3041
f 3213/115/3030 3212/114/3029 3224/127/3041 3225/128/3042
f 3214/116/3031 3213/115/3030 3225/128/3042 3226/129/3043
f 3215/117/3032 3214/116/3031 3226/129/3043 3227/130/3044
f 3216/106/3021 3215/117/3032 3227/130/3044 3228/119/3033
f 3217/118/3034 3228/119/3033 3240/132/3045 3229/131/3046
f 3218/120/3035 3217/121/3034 3229/134/3046 3230/133/3047
f 3219/122/3036 3218/120/3035 3230/133/3047 3231/135/3048
f 3220/123/3037 3219/122/3036 3231/135/3048 3232/136/3049
f 3221/124/3038 3220/123/3037 3232/136/3049 3233/137/3050
f 3222/125/3039 3221/124/3038 3233/137/3050 3234/138/3051
f 3223/126/3040 3222/125/3039 3234/138/3051 3235/139/3052
f 3224/127/3041 3223/126/3040 3235/139/3052 3236/140/3053
f 3225/128/3042 3224/127/3041 3236/140/3053 3237/141/3054
f 3226/129/3043 3225/128/3042 3237/141/3054 3238/142/3055
f 3227/130/3044 3226/129/3043 3238/142/3055 3239/143/3056
f 3228/119/3033 3227/130/3044 3239/143/3056 3240/132/3045
f 3229/131/3046 3240/132/3045 3252/145/3057 3241/144/3058
f 3230/133/3047 3229/134/3046 3241/147/3058 3242/146/3059
f 3231/135/3048 3230/133/3047 3242/146/3059 3243/148/3060
f 3232/136/3049 3231/135/3048 3243/148/3060 3244/149/3061
f 3233/137/3050 3232/136/3049 3244/149/3061 3245/150/3062
f 3234/138/3051 3233/137/3050 3245/150/3062 3246/151/3063
f 3235/139/3052 3234/138/3051 3246/151/3063 3247/152/3064
f 3236/140/3053 3235/139/3052 3247/152/3064 3248/153/3065
f 3237/141/3054 3236/140/3053 3248/153/3065 3249/154/3066
f 3238/142/3055 3237/141/3054 3249/154/3066 3250/155/3067
f 3239/143/3056 3238/142/3055 3250/155/3067 3251/156/3068
f 3240/132/3045 3239/143/3056 3251/156/3068 3252/145/3057
f 3241/144/3058 3252/145/3057 3264/158/3069 3253/157/3070
f 3242/146/3059 3241/147/3058 3253/160/3070 3254/159/3071
f 3243/148/3060 3242/146/3059 3254/159/3071 3255/161/3072
f 3244/149/3061 3243/148/3060 3255/161/3072 3256/162/3073
f 3245/150/3062 3244/149/3061 3256/162/3073 3257/163/3074
f 3246/151/3063 3245/150/3062 3257/163/3074 3258/164/3075
f 3247/152/3064 3246/151/3063 3258/164/3075 3259/165/3076
f 3248/153/3065 3247/152/3064 3259/165/3076 3260/166/3077
f 3249/154/3066 3248/153/3065 3260/166/3077 3261/167/3078
f 3250/155/3067 3249/154/3066 3261/167/3078 3262/168/3079
f 3251/156/3068 3250/155/3067 3262/168/3079 3263/169/3080
f 3252/145/3057 3251/156/3068 3263/169/3080 3264/158/3069
f 3253/157/3070 3264/158/3069 3276/171/3081 3265/170/3082
f 3254/159/3071 3253/160/3070 3265/173/3082 3266/172/3083
f 3255/161/3072 3254/159/3071 3266/172/3083 3267/174/3084
f 3256/162/3073 3255/161/3072 3267/174/3084 3268/175/3085
f 3257/163/3074 3256/162/3073 3268/175/3085 3269/176/3086
f 3258/164/3075 3257/163/3074 3269/176/3086 3270/177/3087
f 3259/165/3076 3258/164/3075 3270/177/3087 3271/178/3088
f 3260/166/3077 3259/165/3076 3271/178/3088 3272/179/3089
f 3261/167/3078 3260/166/3077 3272/179/3089 3273/180/3090
f 3262/168/3079 3261/167/3078 3273/180/3090 3274/181/3091
f 3263/169/3080 3262/168/3079 3274/181/3091 3275/182/3092
f 3264/158/3069 3263/169/3080 3275/182/3092 3276/171/3081
f 3265/170/3082 3276/171/3081 3288/184/3093 3277/183/3094
f 3266/172/3083 3265/173/3082 3277/186/3094 3278/185/3095
f 3267/174/3084 3266/172/3083 3278/185/3095 3279/187/3096
f 3268/175/3085 3267/174/3084 3279/187/3096 3280/188/3097
f 3269/176/3086 3268/175/3085 3280/188/3097 3281/189/3098
f 3270/177/3087 3269/176/3086 3281/189/3098 3282/190/3099
f 3271/178/3088 3270/177/3087 3282/190/3099 3283/191/3100
f 3272/179/3089 3271/178/3088 3283/191/3100 3284/192/3101
f 3273/180/3090 3272/179/3089 3284/192/3101 3285/193/3102
f 3274/181/3091 3273/180/3090 3285/193/3102 3286/194/3103
f 3275/182/3092 3274/181/3091 3286/194/3103 3287/195/3104
f 3276/171/3081 3275/182/3092 3287/195/3104 3288/184/3093
f 3277/183/3094 3288/184/3093 3300/197/1486 3289/196/1487
f 3278/185/3095 3277/186/3094 3289/199/1487 3290/198/1488
f 3279/187/3096 3278/185/3095 3290/198/1488 3291/200/1489
f 3280/188/3097 3279/187/3096 3291/200/1489 3292/201/1490
f 3281/189/3098 3280/188/3097 3292/201/1490 3293/202/1491
f 3282/190/3099 3281/189/3098 3293/202/1491 3294/203/1481
f 3283/191/3100 3282/190/3099 3294/203/1481 3295/204/1480
f 3284/192/3101 3283/191/3100 3295/204/1480 3296/205/1482
f 3285/193/3102 3284/192/3101 3296/205/1482 3297/206/1483
f 3286/194/3103 3285/193/3102 3297/206/1483 3298/207/1484
f 3287/195/3104 3286/194/3103 3298/207/1484 3299/208/1485
f 3288/184/3093 3287/195/3104 3299/208/1485 3300/197/1486
f 3289/196/1487 3300/197/1486 3312/210/1486 3301/209/1487
f 3290/198/1488 3289/199/1487 3301/212/1487 3302/211/1488
f 3291/200/1489 3290/198/1488 3302/211/1488 3303/213/1489
f 3292/201/1490 3291/200/1489 3303/213/1489 3304/214/1490
f 3293/202/1491 3292/201/1490 3304/214/1490 3305/215/1491
f 3294/203/1481 3293/202/1491 3305/215/1491 3306/216/1481
f 3295/204/1480 3294/203/1481 3306/216/1481 3307/217/1480
f 3296/205/1482 3295/204/1480 3307/217/1480 3308/218/1482
f 3297/206/1483 3296/205/1482 3308/218/1482 3309/219/1483
f 3298/207/1484 3297/206/1483 3309/219/1483 3310/220/1484
f 3299/208/1485 3298/207/1484 3310/220/1484 3311/221/1485
f 3300/197/1486 3299/208/1485 3311/221/1485 3312/210/1486
f 3301/209/1487 3312/210/1486 3324/223/1486 3313/222/1487
f 3302/211/1488 3301/212/1487 3313/225/1487 3314/224/1488
f 3303/213/1489 3302/211/1488 3314/224/1488 3315/226/1489
f 3304/214/1490 3303/213/1489 3315/226/1489 3316/227/1490
f 3305/215/1491 3304/214/1490 3316/227/1490 3317/228/1491
f 3306/216/1481 3305/215/1491 3317/228/1491 3318/229/1481
f 3307/217/1480 3306/216/1481 3318/229/1481 3319/230/1480
f 3308/218/1482 3307/217/1480 3319/230/1480 3320/231/1482
f 3309/219/1483 3308/218/1482 3320/231/1482 3321/232/1483
f 3310/220/1484 3309/219/1483 3321/232/1483 3322/233/1484
f 3311/221/1485 3310/220/1484 3322/233/1484 3323/234/1485
f 3312/210/1486 3311/221/1485 3323/234/1485 3324/223/1486
f 3313/222/1487 3324/223/1486 3336/236/1486 3325/235/1487
f 3314/224/1488 3313/225/1487 3325/238/1487 3326/237/1488
f 3315/226/1489 3314/224/1488 3326/237/1488 3327/239/1489
f 3316/227/1490 3315/226/1489 3327/239/1489 3328/240/1490
f 3317/228/1491 3316/227/1490 3328/240/1490 3329/241/1491
f 3318/229/1481 3317/228/1491 3329/241/1491 3330/242/1481
f 3319/230/1480 3318/229/1481 3330/242/1481 3331/243/1480
f 3320/231/1482 3319/230/1480 3331/243/1480 3332/244/1482
f 3321/232/1483 3320/231/1482 3332/244/1482 3333/245/1483
f 3322/233/1484 3321/232/1483 3333/245/1483 3334/246/1484
f 3323/234/1485 3322/233/1484 3334/246/1484 3335/247/1485
f 3324/223/1486 3323/234/1485 3335/247/1485 3336/236/1486
f 3325/235/1487 3336/236/1486 3348/249/1486 3337/248/1487
f 3326/237/1488 3325/238/1487 3337/251/1487 3338/250/1488
f 3327/239/1489 3326/237/1488 3338/250/1488 3339/252/1489
f 3328/240/1490 3327/239/1489 3339/252/1489 3340/253/1490
f 3329/241/1491 3328/240/1490 3340/253/1490 3341/254/1491
f 3330/242/1481 3329/241/1491 3341/254/1491 3342/255/1481
f 3331/243/1480 3330/242/1481 3342/255/1481 3343/256/1480
f 3332/244/1482 3331/243/1480 3343/256/1480 3344/257/1482
f 3333/245/1483 3332/244/1482 3344/257/1482 3345/258/1483
f 3334/246/1484 3333/245/1483 3345/258/1483 3346/259/1484
f 3335/247/1485 3334/246/1484 3346/259/1484 3347/260/1485
f 3336/236/1486 3335/247/1485 3347/260/1485 3348/249/1486
f 3337/248/1487 3348/249/1486 3360/262/1486 3349/261/1487
f 3338/250/1488 3337/251/1487 3349/264/1487 3350/263/1488
f 3339/252/1489 3338/250/1488 3350/263/1488 3351/265/1489
f 3340/253/1490 3339/252/1489 3351/265/1489 3352/266/1490
f 3341/254/1491 3340/253/1490 3352/266/1490 3353/267/1491
f 3342/255/1481 3341/254/1491 3353/267/1491 3354/268/1481
f 3343/256/1480 3342/255/1481 3354/268/1481 3355/269/1480
f 3344/257/1482 3343/256/1480 3355/269/1480 3356/270/1482
f 3345/258/1483 3344/257/1482 3356/270/1482 3357/271/1483
f 3346/259/1484 3345/258/1483 3357/271/1483 3358/272/1484
f 3347/260/1485 3346/259/1484 3358/272/1484 3359/273/1485
f 3348/249/1486 3347/260/1485 3359/273/1485 3360/262/1486
f 3349/261/1487 3360/262/1486 3372/275/1486 3361/274/1487
f 3350/263/1488 3349/264/1487 3361/277/1487 3362/276/1488
f 3351/265/1489 3350/263/1488 3362/276/1488 3363/278/1489
f 3352/266/1490 3351/265/1489 3363/278/1489 3364/279/1490
f 3353/267/1491 3352/266/1490 3364/279/1490 3365/280/1491
f 3354/268/1481 3353/267/1491 3365/280/1491 3366/281/1481
f 3355/269/1480 3354/268/1481 3366/281/1481 3367/282/1480
f 3356/270/1482 3355/269/1480 3367/282/1480 3368/283/1482
f 3357/271/1483 3356/270/1482 3368/283/1482 3369/284/1483
f 3358/272/1484 3357/271/1483 3369/284/1483 3370/285/1484
f 3359/273/1485 3358/272/1484 3370/285/1484 3371/286/1485
f 3360/262/1486 3359/273/1485 3371/286/1485 3372/275/1486
f 3361/274/1487 3372/275/1486 3384/288/3105 3373/287/3106
f 3362/276/1488 3361/277/1487 3373/290/3106 3374/289/3107
f 3363/278/1489 3362/276/1488 3374/289/3107 3375/291/3108
f 3364/279/1490 3363/278/1489 3375/291/3108 3376/292/3109
f 3365/280/1491 3364/279/1490 3376/292/3109 3377/293/3110
f 3366/281/1481 3365/280/1491 3377/293/3110 3378/294/3111
f 3367/282/1480 3366/281/1481 3378/294/3111 3379/295/3112
f 3368/283/1482 3367/282/1480 3379/295/3112 3380/296/3113
f 3369/284/1483 3368/283/1482 3380/296/3113 3381/297/3114
f 3370/285/1484 3369/284/1483 3381/297/3114 3382/298/3115
f 3371/286/1485 3370/285/1484 3382/298/3115 3383/299/3116
f 3372/275/1486 3371/286/1485 3383/299/3116 3384/288/3105
f 3373/287/3106 3384/288/3105 3396/301/3117 3385/300/3118
f 3374/289/3107 3373/290/3106 3385/303/3118 3386/302/3119
f 3375/291/3108 3374/289/3107 3386/302/3119 3387/304/3120
f 3376/292/3109 3375/291/3108 3387/304/3120 3388/305/3121
f 3377/293/3110 3376/292/3109 3388/305/3121 3389/306/3122
f 3378/294/3111 3377/293/3110 3389/306/3122 3390/307/3123
f 3379/295/3112 3378/294/3111 3390/307/3123 3391/308/3124
f 3380/296/3113 3379/295/3112 3391/308/3124 3392/309/3125
f 3381/297/3114 3380/296/3113 3392/309/3125 3393/310/3126
f 3382/298/3115 3381/297/3114 3393/310/3126 3394/311/3127
f 3383/299/3116 3382/298/3115 3394/311/3127 3395/312/3128
f 3384/288/3105 3383/299/3116 3395/312/3128 3396/301/3117
f 3385/300/3118 3396/301/3117 3408/314/3129 3397/313/3130
f 3386/302/3119 3385/303/3118 3397/316/3130 3398/315/3131
f 3387/304/3120 3386/302/3119 3398/315/3131 3399/317/3132
f 3388/305/3121 3387/304/3120 3399/317/3132 3400/318/3133
f 3389/306/3122 3388/305/3121 3400/318/3133 3401/319/3134
f 3390/307/3123 3389/306/3122 3401/319/3134 3402/320/3135
f 3391/308/3124 3390/307/3123 3402/320/3135 3403/321/3136
f 3392/309/3125 3391/308/3124 3403/321/3136 3404/322/3137
f 3393/310/3126 3392/309/3125 3404/322/3137 3405/323/3138
f 3394/311/3127 3393/310/3126 3405/323/3138 3406/324/3139
f 3395/312/3128 3394/311/3127 3406/324/3139 3407/325/3140
f 3396/301/3117 3395/312/3128 3407/325/3140 3408/314/3129
f 3397/313/3130 3408/314/3129 3420/327/3141 3409/326/3142
f 3398/315/3131 3397/316/3130 3409/329/3142 3410/328/3143
f 3399/317/3132 3398/315/3131 3410/328/3143 3411/330/3144
f 3400/318/3133 3399/317/3132 3411/330/3144 3412/331/3145
f 3401/319/3134 3400/318/3133 3412/331/3145 3413/332/3146
f 3402/320/3135 3401/319/3134 3413/332/3146 3414/333/3147
f 3403/321/3136 3402/320/3135 3414/333/3147 3415/334/3148
f 3404/322/3137 3403/321/3136 3415/334/3148 3416/335/3149
f 3405/323/3138 3404/322/3137 3416/335/3149 3417/336/3150
f 3406/324/3139 3405/323/3138 3417/336/3150 3418/337/3151
f 3407/325/3140 3406/324/3139 3418/337/3151 3419/338/3152
f 3408/314/3129 3407/325/3140 3419/338/3152 3420/327/3141
f 3409/326/3142 3420/327/3141 3432/340/3153 3421/339/3154
f 3410/328/3143 3409/329/3142 3421/342/3154 3422/341/3155
f 3411/330/3144 3410/328/3143 3422/341/3155 3423/343/3156
f 3412/331/3145 3411/330/3144 3423/343/3156 3424/344/3157
f 3413/332/3146 3412/331/3145 3424/344/3157 3425/345/3158
f 3414/333/3147 3413/332/3146 3425/345/3158 3426/346/3159
f 3415/334/3148 3414/333/3147 3426/346/3159 3427/347/3160
f 3416/335/3149 3415/334/3148 3427/347/3160 3428/348/3161
f 3417/336/3150 3416/335/3149 3428/348/3161 3429/349/3162
f 3418/337/3151 3417/336/3150 3429/349/3162 3430/350/3163
f 3419/338/3152 3418/337/3151 3430/350/3163 3431/351/3164
f 3420/327/3141 3419/338/3152 3431/351/3164 3432/340/3153
f 3421/339/3154 3432/340/3153 3444/353/3165 3433/352/3166
f 3422/341/3155 3421/342/3154 3433/355/3166 3434/354/3167
f 3423/343/3156 3422/341/3155 3434/354/3167 3435/356/3168
f 3424/344/3157 3423/343/3156 3435/356/3168 3436/357/3169
f 3425/345/3158 3424/344/3157 3436/357/3169 3437/358/3170
f 3426/346/3159 3425/345/3158 3437/358/3170 3438/359/3171
f 3427/347/3160 3426/346/3159 3438/359/3171 3439/360/3172
f 3428/348/3161 3427/347/3160 3439/360/3172 3440/361/3173
f 3429/349/3162 3428/348/3161 3440/361/3173 3441/362/3174
f 3430/350/3163 3429/349/3162 3441/362/3174 3442/363/3175
f 3431/351/3164 3430/350/3163 3442/363/3175 3443/364/3176
f 3432/340/3153 3431/351/3164 3443/364/3176 3444/353/3165
f 3433/352/3166 3444/353/3165 3456/366/3177 3445/365/3178
f 3434/354/3167 3433/355/3166 3445/368/3178 3446/367/3179
f 3435/356/3168 3434/354/3167 3446/367/3179 3447/369/3180
f 3436/357/3169 3435/356/3168 3447/369/3180 3448/370/3181
f 3437/358/3170 3436/357/3169 3448/370/3181 3449/371/3182
f 3438/359/3171 3437/358/3170 3449/371/3182 3450/372/1553
f 3439/360/3172 3438/359/3171 3450/372/1553 3451/373/3183
f 3440/361/3173 3439/360/3172 3451/373/3183 3452/374/3184
f 3441/362/3174 3440/361/3173 3452/374/3184 3453/375/3185
f 3442/363/3175 3441/362/3174 3453/375/3185 3454/376/3186
f 3443/364/3176 3442/363/3175 3454/376/3186 3455/377/3187
f 3444/353/3165 3443/364/3176 3455/377/3187 3456/366/3177
f 3445/365/3178 3456/366/3177 3468/379/1570 3457/378/3188
f 3446/367/3179 3445/368/3178 3457/381/3188 3458/380/3189
f 3447/369/3180 3446/367/3179 3458/380/3189 3459/382/3190
f 3448/370/3181 3447/369/3180 3459/382/3190 3460/383/3191
f 3449/371/3182 3448/370/3181 3460/383/3191 3461/384/3192
f 3450/372/1553 3449/371/3182 3461/384/3192 3462/385/1565
f 3451/373/3183 3450/372/1553 3462/385/1565 3463/386/3193
f 3452/374/3184 3451/373/3183 3463/386/3193 3464/387/3194
f 3453/375/3185 3452/374/3184 3464/387/3194 3465/388/3195
f 3454/376/3186 3453/375/3185 3465/388/3195 3466/389/3196
f 3455/377/3187 3454/376/3186 3466/389/3196 3467/390/3197
f 3456/366/3177 3455/377/3187 3467/390/3197 3468/379/1570
f 3457/378/3188 3468/379/1570 3480/392/1582 3469/391/1583
f 3458/380/3189 3457/381/3188 3469/394/1583 3470/393/3198
f 3459/382/3190 3458/380/3189 3470/393/3198 3471/395/3199
f 3460/383/3191 3459/382/3190 3471/395/3199 3472/396/3200
f 3461/384/3192 3460/383/3191 3472/396/3200 3473/397/1587
f 3462/385/1565 3461/384/3192 3473/397/1587 3474/398/1577
f 3463/386/3193 3462/385/1565 3474/398/1577 3475/399/1576
f 3464/387/3194 3463/386/3193 3475/399/1576 3476/400/1578
f 3465/388/3195 3464/387/3194 3476/400/1578 3477/401/1579
f 3466/389/3196 3465/388/3195 3477/401/1579 3478/402/1580
f 3467/390/3197 3466/389/3196 3478/402/1580 3479/403/1581
f 3468/379/1570 3467/390/3197 3479/403/1581 3480/392/1582
f 3469/391/1583 3480/392/1582 3492/405/1594 3481/404/3201
f 3470/393/3198 3469/394/1583 3481/407/3201 3482/406/3202
f 3471/395/3199 3470/393/3198 3482/406/3202 3483/408/3203
f 3472/396/3200 3471/395/3199 3483/408/3203 3484/409/3204
f 3473/397/1587 3472/396/3200 3484/409/3204 3485/410/3205
f 3474/398/1577 3473/397/1587 3485/410/3205 3486/411/1589
f 3475/399/1576 3474/398/1577 3486/411/1589 3487/412/3206
f 3476/400/1578 3475/399/1576 3487/412/3206 3488/413/3207
f 3477/401/1579 3476/400/1578 3488/413/3207 3489/414/3208
f 3478/402/1580 3477/401/1579 3489/414/3208 3490/415/3209
f 3479/403/1581 3478/402/1580 3490/415/3209 3491/416/3210
f 3480/392/1582 3479/403/1581 3491/416/3210 3492/405/1594
f 3481/404/3201 3492/405/1594 3504/418/3211 3493/417/3212
f 3482/406/3202 3481/407/3201 3493/420/3212 3494/419/3213
f 3483/408/3203 3482/406/3202 3494/419/3213 3495/421/3214
f 3484/409/3204 3483/408/3203 3495/421/3214 3496/422/3215
f 3485/410/3205 3484/409/3204 3496/422/3215 3497/423/3216
f 3486/411/1589 3485/410/3205 3497/423/3216 3498/424/3217
f 3487/412/3206 3486/411/1589 3498/424/3217 3499/425/3218
f 3488/413/3207 3487/412/3206 3499/425/3218 3500/426/3219
f 3489/414/3208 3488/413/3207 3500/426/3219 3501/427/3220
f 3490/415/3209 3489/414/3208 3501/427/3220 3502/428/3221
f 3491/416/3210 3490/415/3209 3502/428/3221 3503/429/3222
f 3492/405/1594 3491/416/3210 3503/429/3222 3504/418/3211
f 3493/417/3212 3504/418/3211 3516/431/3223 3505/430/3224
f 3494/419/3213 3493/420/3212 3505/433/3224 3506/432/3225
f 3495/421/3214 3494/419/3213 3506/432/3225 3507/434/3226
f 3496/422/3215 3495/421/3214 3507/434/3226 3508/435/3227
f 3497/423/3216 3496/422/3215 3508/435/3227 3509/436/3228
f 3498/424/3217 3497/423/3216 3509/436/3228 3510/437/3229
f 3499/425/3218 3498/424/3217 3510/437/3229 3511/438/3230
f 3500/426/3219 3499/425/3218 3511/438/3230 3512/439/3231
f 3501/427/3220 3500/426/3219 3512/439/3231 3513/440/3232
f 3502/428/3221 3501/427/3220 3513/440/3232 3514/441/3233
f 3503/429/3222 3502/428/3221 3514/441/3233 3515/442/3234
f 3504/418/3211 3503/429/3222 3515/442/3234 3516/431/3223
f 3505/430/3224 3516/431/3223 3528/444/3235 3517/443/3236
f 3506/432/3225 3505/433/3224 3517/446/3236 3518/445/3237
f 3507/434/3226 3506/432/3225 3518/445/3237 3519/447/3238
f 3508/435/3227 3507/434/3226 3519/447/3238 3520/448/3239
f 3509/436/3228 3508/435/3227 3520/448/3239 3521/449/3240
f 3510/437/3229 3509/436/3228 3521/449/3240 3522/450/3241
f 3511/438/3230 3510/437/3229 3522/450/3241 3523/451/3242
f 3512/439/3231 3511/438/3230 3523/451/3242 3524/452/3243
f 3513/440/3232 3512/439/3231 3524/452/3243 3525/453/3244
f 3514/441/3233 3513/440/3232 3525/453/3244 3526/454/3245
f 3515/442/3234 3514/441/3233 3526/454/3245 3527/455/3246
f 3516/431/3223 3515/442/3234 3527/455/3246 3528/444/3235
f 3517/443/3236 3528/444/3235 3540/457/3247 3529/456/3248
f 3518/445/3237 3517/446/3236 3529/459/3248 3530/458/3249
f 3519/447/3238 3518/445/3237 3530/458/3249 3531/460/3250
f 3520/448/3239 3519/447/3238 3531/460/3250 3532/461/3251
f 3521/449/3240 3520/448/3239 3532/461/3251 3533/462/3252
f 3522/450/3241 3521/449/3240 3533/462/3252 3534/463/3253
f 3523/451/3242 3522/450/3241 3534/463/3253 3535/464/3254
f 3524/452/3243 3523/451/3242 3535/464/3254 3536/465/3255
f 3525/453/3244 3524/452/3243 3536/465/3255 3537/466/3256
f 3526/454/3245 3525/453/3244 3537/466/3256 3538/467/3257
f 3527/455/3246 3526/454/3245 3538/467/3257 3539/468/3258
f 3528/444/3235 3527/455/3246 3539/468/3258 3540/457/3247
f 3529/456/3248 3540/457/3247 3552/470/3259 3541/469/3260
f 3530/458/3249 3529/459/3248 3541/472/3260 3542/471/3261
f 3531/460/3250 3530/458/3249 3542/471/3261 3543/473/3262
f 3532/461/3251 3531/460/3250 3543/473/3262 3544/474/3263
f 3533/462/3252 3532/461/3251 3544/474/3263 3545/475/3264
f 3534/463/3253 3533/462/3252 3545/475/3264 3546/476/3265
f 3535/464/3254 3534/463/3253 3546/476/3265 3547/477/3266
f 3536/465/3255 3535/464/3254 3547/477/3266 3548/478/3267
f 3537/466/3256 3536/465/3255 3548/478/3267 3549/479/3268
f 3538/467/3257 3537/466/3256 3549/479/3268 3550/480/3269
f 3539/468/3258 3538/467/3257 3550/480/3269 3551/481/3270
f 3540/457/3247 3539/468/3258 3551/481/3270 3552/470/3259
f 2/5/5 1/8/1 1777/8/1660 1778/5/1664
f 10/23/21 9/21/19 1785/21/1678 1786/23/1680
f 1/1/1 12/4/4 1788/4/1661 1777/1/1660
f 433/472/433 434/471/435 2210/471/2094 2209/472/2093
f 441/479/442 442/480/443 2218/480/2102 2217/479/2101
f 444/470/434 433/469/433 2209/469/2093 2220/470/2092
f 450/15/457 449/13/455 2225/13/2114 2226/15/2116
f 881/475/861 882/476/862 2658/476/2487 2657/475/2486
f 890/5/872 889/8/868 2665/8/2493 2666/5/2497
f 898/23/888 897/21/886 2673/21/2511 2674/23/2513
f 889/1/868 900/4/871 2676/4/2494 2665/1/2493
f 1321/472/1300 1322/471/1302 3098/471/2915 3097/472/2914
f 1329/479/1309 1330/480/1310 3106/480/2923 3105/479/2922
f 1332/470/1301 1321/469/1300 3097/469/2914 3108/470/2913
f 1338/15/1324 1337/13/1322 3113/13/2935 3114/15/2937
f 1769/475/1653 1770/476/1654 3546/476/3265 3545/475/3264
f 434/471/435 435/473/436 2211/473/2095 2210/471/2094
f 442/480/443 443/481/444 2219/481/2103 2218/480/2102
f 451/17/459 450/15/457 2226/15/2116 2227/17/2118
f 3/9/7 2/5/5 1778/5/1664 1779/9/1666
f 11/25/23 10/23/21 1786/23/1680 1787/25/1682
f 1770/476/1654 1771/477/1655 3547/477/3266 3546/476/3265
f 1322/471/1302 1323/473/1303 3099/473/2916 3098/471/2915
f 882/476/862 883/477/863 2659/477/2488 2658/476/2487
f 891/9/874 890/5/872 2666/5/2497 2667/9/2499
f 899/25/890 898/23/888 2674/23/2513 2675/25/2515
f 1330/480/1310 1331/481/1311 3107/481/2924 3106/480/2923
f 1339/17/1326 1338/15/1324 3114/15/2937 3115/17/2939
f 883/477/863 884/478/864 2660/478/2489 2659/477/2488
f 892/11/876 891/9/874 2667/9/2499 2668/11/2501
f 900/4/871 899/25/890 2675/25/2515 2676/4/2494
f 1331/481/1311 1332/470/1301 3108/470/2913 3107/481/2924
f 1771/477/1655 1772/478/1656 3548/478/3267 3547/477/3266
f 4/11/9 3/9/7 1779/9/1666 1780/11/1668
f 12/4/4 11/25/23 1787/25/1682 1788/4/1661
f 1323/473/1303 1324/474/1304 3100/474/2917 3099/473/2916
f 435/473/436 436/474/437 2212/474/2096 2211/473/2095
f 443/481/444 444/470/434 2220/470/2092 2219/481/2103
f 452/19/461 451/17/459 2227/17/2118 2228/19/2120
f 1340/19/1328 1339/17/1326 3115/17/2939 3116/19/2941
f 884/478/864 885/479/865 2661/479/2490 2660/478/2489
f 893/13/878 892/11/876 2668/11/2501 2669/13/2503
f 1341/21/1330 1340/19/1328 3116/19/2941 3117/21/2943
f 1324/474/1304 1325/475/1305 3101/475/2918 3100/474/2917
f 436/474/437 437/475/438 2213/475/2097 2212/474/2096
f 453/21/463 452/19/461 2228/19/2120 2229/21/2122
f 1772/478/1656 1773/479/1657 3549/479/3268 3548/478/3267
f 5/13/11 4/11/9 1780/11/1668 1781/13/1670
f 6/15/13 5/13/11 1781/13/1670 1782/15/1672
f 1325/475/1305 1326/476/1306 3102/476/2919 3101/475/2918
f 1342/23/1332 1341/21/1330 3117/21/2943 3118/23/2945
f 1333/1/1312 1344/4/1315 3120/4/2926 3109/1/2925
f 1765/472/1648 1766/471/1650 3542/471/3261 3541/472/3260
f 437/475/438 438/476/439 2214/476/2098 2213/475/2097
f 446/5/449 445/8/445 2221/8/2104 2222/5/2108
f 454/23/465 453/21/463 2229/21/2122 2230/23/2124
f 445/1/445 456/4/448 2232/4/2105 2221/1/2104
f 1773/479/1657 1774/480/1658 3550/480/3269 3549/479/3268
f 1776/470/1649 1765/469/1648 3541/469/3260 3552/470/3259
f 1334/5/1316 1333/8/1312 3109/8/2925 3110/5/2929
f 877/472/856 878/471/858 2654/471/2483 2653/472/2482
f 885/479/865 886/480/866 2662/480/2491 2661/479/2490
f 888/470/857 877/469/856 2653/469/2482 2664/470/2481
f 894/15/880 893/13/878 2669/13/2503 2670/15/2505
f 1774/480/1658 1775/481/1659 3551/481/3270 3550/480/3269
f 438/476/439 439/477/440 2215/477/2099 2214/476/2098
f 447/9/451 446/5/449 2222/5/2108 2223/9/2110
f 455/25/467 454/23/465 2230/23/2124 2231/25/2126
f 7/17/15 6/15/13 1782/15/1672 1783/17/1674
f 1326/476/1306 1327/477/1307 3103/477/2920 3102/476/2919
f 878/471/858 879/473/859 2655/473/2484 2654/471/2483
f 886/480/866 887/481/867 2663/481/2492 2662/480/2491
f 895/17/882 894/15/880 2670/15/2505 2671/17/2507
f 1335/9/1318 1334/5/1316 3110/5/2929 3111/9/2931
f 1766/471/1650 1767/473/1651 3543/473/3262 3542/471/3261
f 1343/25/1334 1342/23/1332 3118/23/2945 3119/25/2947
f 1327/477/1307 1328/478/1308 3104/478/2921 3103/477/2920
f 879/473/859 880/474/860 2656/474/2485 2655/473/2484
f 887/481/867 888/470/857 2664/470/2481 2663/481/2492
f 1775/481/1659 1776/470/1649 3552/470/3259 3551/481/3270
f 896/19/884 895/17/882 2671/17/2507 2672/19/2509
f 1336/11/1320 1335/9/1318 3111/9/2931 3112/11/2933
f 8/19/17 7/17/15 1783/17/1674 1784/19/1676
f 1767/473/1651 1768/474/1652 3544/474/3263 3543/473/3262
f 439/477/440 440/478/441 2216/478/2100 2215/477/2099
f 1344/4/1315 1343/25/1334 3119/25/2947 3120/4/2926
f 448/11/453 447/9/451 2223/9/2110 2224/11/2112
f 456/4/448 455/25/467 2231/25/2126 2232/4/2105
f 1328/478/1308 1329/479/1309 3105/479/2922 3104/478/2921
f 880/474/860 881/475/861 2657/475/2486 2656/474/2485
f 897/21/886 896/19/884 2672/19/2509 2673/21/2511
f 1768/474/1652 1769/475/1653 3545/475/3264 3544/474/3263
f 1337/13/1322 1336/11/1320 3112/11/2933 3113/13/2935
f 440/478/441 441/479/442 2217/479/2101 2216/478/2100
f 449/13/455 448/11/453 2224/11/2112 2225/13/2114
f 9/21/19 8/19/17 1784/19/1676 1785/21/1678
o BezierCurve.008
v -0.094902 0.017349 0.136882
v -0.094902 0.018557 0.138090
v -0.094902 0.018999 0.139740
v -0.094902 0.018557 0.141390
v -0.094902 0.017349 0.142598
v -0.094902 0.015699 0.143040
v -0.094902 0.014049 0.142598
v -0.094902 0.012841 0.141390
v -0.094902 0.012399 0.139740
v -0.094902 0.012841 0.138090
v -0.094902 0.014049 0.136882
v -0.094902 0.015699 0.136440
v -0.092909 0.017021 0.136727
v -0.092440 0.018159 0.137892
v -0.092098 0.018554 0.139504
v -0.091976 0.018100 0.141133
v -0.092105 0.016918 0.142341
v -0.092452 0.015325 0.142805
v -0.092924 0.013747 0.142401
v -0.093393 0.012609 0.141236
v -0.093735 0.012213 0.139623
v -0.093857 0.012668 0.137994
v -0.093728 0.013850 0.136786
v -0.093381 0.015443 0.136322
v -0.090568 0.016141 0.136253
v -0.089841 0.017181 0.137357
v -0.089308 0.017506 0.138920
v -0.089112 0.017030 0.140521
v -0.089306 0.015879 0.141733
v -0.089838 0.014363 0.142230
v -0.090565 0.012886 0.141880
v -0.091292 0.011846 0.140776
v -0.091825 0.011521 0.139214
v -0.092021 0.011997 0.137612
v -0.091827 0.013148 0.136400
v -0.091295 0.014665 0.135903
v -0.087956 0.014823 0.135509
v -0.087095 0.015788 0.136565
v -0.086459 0.016059 0.138084
v -0.086218 0.015563 0.139660
v -0.086437 0.014435 0.140870
v -0.087057 0.012974 0.141390
v -0.087912 0.011575 0.141081
v -0.088773 0.010610 0.140025
v -0.089409 0.010339 0.138506
v -0.089650 0.010834 0.136930
v -0.089431 0.011963 0.135720
v -0.088811 0.013423 0.135200
v -0.085149 0.013178 0.134540
v -0.084213 0.014088 0.135559
v -0.083515 0.014319 0.137043
v -0.083241 0.013807 0.138595
v -0.083466 0.012692 0.139798
v -0.084129 0.011270 0.140331
v -0.085052 0.009923 0.140050
v -0.085988 0.009013 0.139031
v -0.086686 0.008783 0.137546
v -0.086959 0.009294 0.135995
v -0.086735 0.010410 0.134791
v -0.086072 0.011831 0.134259
v -0.082230 0.011316 0.133393
v -0.081250 0.012187 0.134384
v -0.080510 0.012387 0.135838
v -0.080209 0.011861 0.137366
v -0.080427 0.010750 0.138558
v -0.081106 0.009354 0.139095
v -0.082064 0.008044 0.138833
v -0.083045 0.007173 0.137842
v -0.083784 0.006974 0.136388
v -0.084086 0.007500 0.134860
v -0.083867 0.008610 0.133668
v -0.083188 0.010007 0.133131
v -0.079282 0.009351 0.132117
v -0.078276 0.010193 0.133085
v -0.077506 0.010367 0.134512
v -0.077178 0.009826 0.136014
v -0.077380 0.008715 0.137191
v -0.078057 0.007331 0.137725
v -0.079030 0.006047 0.137475
v -0.080036 0.005204 0.136506
v -0.080806 0.005031 0.135080
v -0.081134 0.005572 0.133577
v -0.080932 0.006683 0.132401
v -0.080254 0.008066 0.131866
v -0.076391 0.007395 0.130759
v -0.075372 0.008216 0.131710
v -0.074577 0.008368 0.133110
v -0.074219 0.007810 0.134586
v -0.074394 0.006691 0.135741
v -0.075055 0.005311 0.136265
v -0.076025 0.004040 0.136020
v -0.077044 0.003218 0.135069
v -0.077839 0.003066 0.133668
v -0.078197 0.003625 0.132193
v -0.078022 0.004744 0.131038
v -0.077360 0.006124 0.130513
v -0.073645 0.005563 0.129372
v -0.072623 0.006371 0.130309
v -0.071806 0.006502 0.131684
v -0.071411 0.005922 0.133127
v -0.071546 0.004786 0.134252
v -0.072173 0.003399 0.134758
v -0.073125 0.002131 0.134509
v -0.074146 0.001323 0.133572
v -0.074964 0.001192 0.132197
v -0.075358 0.001771 0.130754
v -0.075224 0.002907 0.129628
v -0.074597 0.004295 0.129122
v -0.071140 0.003972 0.128010
v -0.070126 0.004773 0.128940
v -0.069285 0.004884 0.130286
v -0.068840 0.004276 0.131689
v -0.068913 0.003111 0.132771
v -0.069482 0.001702 0.133244
v -0.070396 0.000426 0.132980
v -0.071410 -0.000375 0.132050
v -0.072251 -0.000487 0.130704
v -0.072696 0.000121 0.129302
v -0.072623 0.001286 0.128219
v -0.072054 0.002695 0.127747
v -0.068989 0.002742 0.126745
v -0.067998 0.003544 0.127675
v -0.067124 0.003634 0.128988
v -0.066604 0.002986 0.130330
v -0.066575 0.001776 0.131343
v -0.067045 0.000326 0.131755
v -0.067889 -0.000974 0.131455
v -0.068881 -0.001776 0.130525
v -0.069754 -0.001866 0.129213
v -0.070275 -0.001218 0.127870
v -0.070304 -0.000008 0.126857
v -0.069833 0.001442 0.126445
v -0.067348 0.001990 0.125683
v -0.066405 0.002803 0.126633
v -0.065481 0.002867 0.127896
v -0.064826 0.002168 0.129133
v -0.064613 0.000891 0.130014
v -0.064901 -0.000621 0.130302
v -0.065611 -0.001963 0.129920
v -0.066555 -0.002775 0.128971
v -0.067478 -0.002840 0.127708
v -0.068134 -0.002141 0.126470
v -0.068347 -0.000864 0.125589
v -0.068059 0.000648 0.125301
v -0.066208 0.001741 0.124829
v -0.065331 0.002559 0.125815
v -0.064357 0.002611 0.127024
v -0.063549 0.001882 0.128132
v -0.063121 0.000569 0.128841
v -0.063189 -0.000978 0.128963
v -0.063735 -0.002343 0.128463
v -0.064612 -0.003161 0.127477
v -0.065586 -0.003213 0.126268
v -0.066394 -0.002485 0.125160
v -0.066822 -0.001171 0.124451
v -0.066754 0.000375 0.124330
v -0.064302 0.001743 0.123233
v -0.063454 0.002563 0.124243
v -0.062459 0.002614 0.125434
v -0.061584 0.001882 0.126488
v -0.061063 0.000563 0.127121
v -0.061035 -0.000989 0.127164
v -0.061509 -0.002359 0.126606
v -0.062357 -0.003178 0.125596
v -0.063352 -0.003229 0.124404
v -0.064228 -0.002497 0.123351
v -0.064749 -0.001178 0.122718
v -0.064776 0.000374 0.122675
v -0.062195 0.001726 0.121476
v -0.061334 0.002546 0.122475
v -0.060327 0.002596 0.123656
v -0.059443 0.001864 0.124702
v -0.058919 0.000545 0.125332
v -0.058895 -0.001007 0.125378
v -0.059378 -0.002376 0.124828
v -0.060238 -0.003196 0.123828
v -0.061245 -0.003246 0.122647
v -0.062130 -0.002514 0.121602
v -0.062654 -0.001195 0.120971
v -0.062678 0.000357 0.120925
v -0.060046 0.001701 0.119603
v -0.059154 0.002520 0.120575
v -0.058111 0.002570 0.121725
v -0.057197 0.001838 0.122744
v -0.056656 0.000519 0.123360
v -0.056633 -0.001033 0.123407
v -0.057135 -0.002403 0.122873
v -0.058026 -0.003222 0.121901
v -0.059069 -0.003272 0.120751
v -0.059984 -0.002539 0.119732
v -0.060525 -0.001220 0.119116
v -0.060547 0.000332 0.119069
v -0.057820 0.001670 0.117505
v -0.056885 0.002489 0.118437
v -0.055792 0.002538 0.119539
v -0.054834 0.001805 0.120516
v -0.054267 0.000486 0.121107
v -0.054243 -0.001067 0.121153
v -0.054769 -0.002435 0.120642
v -0.055704 -0.003254 0.119711
v -0.056797 -0.003304 0.118609
v -0.057755 -0.002570 0.117632
v -0.058322 -0.001251 0.117041
v -0.058346 0.000301 0.116994
v -0.055481 0.001636 0.115069
v -0.054499 0.002454 0.115950
v -0.053350 0.002502 0.116994
v -0.052342 0.001768 0.117919
v -0.051745 0.000449 0.118479
v -0.051719 -0.001103 0.118523
v -0.052271 -0.002472 0.118039
v -0.053253 -0.003290 0.117157
v -0.054402 -0.003339 0.116114
v -0.055410 -0.002605 0.115188
v -0.056007 -0.001285 0.114629
v -0.056033 0.000267 0.114585
v -0.052996 0.001600 0.112180
v -0.051968 0.002418 0.113008
v -0.050764 0.002466 0.113988
v -0.049707 0.001731 0.114857
v -0.049080 0.000411 0.115381
v -0.049052 -0.001141 0.115422
v -0.049629 -0.002509 0.114967
v -0.050657 -0.003327 0.114139
v -0.051861 -0.003375 0.113159
v -0.052917 -0.002640 0.112290
v -0.053544 -0.001320 0.111765
v -0.053573 0.000232 0.111725
v -0.050335 0.001567 0.108726
v -0.049266 0.002384 0.109501
v -0.048013 0.002431 0.110417
v -0.046912 0.001696 0.111229
v -0.046258 0.000375 0.111718
v -0.046226 -0.001177 0.111755
v -0.046825 -0.002545 0.111328
v -0.047894 -0.003362 0.110553
v -0.049147 -0.003409 0.109637
v -0.050248 -0.002674 0.108826
v -0.050902 -0.001353 0.108336
v -0.050934 0.000199 0.108300
v -0.047473 0.001536 0.104598
v -0.046369 0.002353 0.105323
v -0.045073 0.002400 0.106178
v -0.043934 0.001664 0.106935
v -0.043257 0.000344 0.107391
v -0.043222 -0.001209 0.107423
v -0.043839 -0.002576 0.107023
v -0.044944 -0.003393 0.106299
v -0.046239 -0.003440 0.105443
v -0.047378 -0.002704 0.104686
v -0.048056 -0.001383 0.104231
v -0.048091 0.000169 0.104198
v -0.044386 0.001513 0.099688
v -0.043253 0.002329 0.100366
v -0.041922 0.002376 0.101166
v -0.040752 0.001640 0.101873
v -0.040054 0.000319 0.102297
v -0.040017 -0.001233 0.102325
v -0.040650 -0.002601 0.101950
v -0.041783 -0.003417 0.101271
v -0.043113 -0.003464 0.100471
v -0.044284 -0.002728 0.099765
v -0.044981 -0.001407 0.099340
v -0.045019 0.000145 0.099312
v -0.041052 0.001498 0.093888
v -0.039895 0.002314 0.094526
v -0.038537 0.002361 0.095277
v -0.037340 0.001625 0.095939
v -0.036626 0.000304 0.096335
v -0.036587 -0.001248 0.096359
v -0.037232 -0.002616 0.096005
v -0.038389 -0.003432 0.095367
v -0.039747 -0.003479 0.094617
v -0.040944 -0.002743 0.093955
v -0.041658 -0.001422 0.093558
v -0.041697 0.000131 0.093534
v -0.037450 0.001495 0.087095
v -0.036274 0.002311 0.087697
v -0.034892 0.002358 0.088404
v -0.033675 0.001622 0.089027
v -0.032948 0.000301 0.089398
v -0.032906 -0.001252 0.089419
v -0.033561 -0.002619 0.089083
v -0.034737 -0.003435 0.088481
v -0.036119 -0.003482 0.087774
v -0.037337 -0.002746 0.087151
v -0.038064 -0.001425 0.086780
v -0.038105 0.000127 0.086760
v -0.033557 0.001506 0.079201
v -0.032367 0.002322 0.079774
v -0.030967 0.002369 0.080445
v -0.029734 0.001633 0.081035
v -0.028996 0.000312 0.081386
v -0.028953 -0.001241 0.081403
v -0.029615 -0.002608 0.081083
v -0.030806 -0.003424 0.080510
v -0.032205 -0.003471 0.079838
v -0.033439 -0.002735 0.079248
v -0.034176 -0.001414 0.078897
v -0.034219 0.000138 0.078880
v -0.029535 0.001532 0.070579
v -0.028335 0.002349 0.071131
v -0.026923 0.002395 0.071777
v -0.025678 0.001659 0.072343
v -0.024934 0.000338 0.072678
v -0.024889 -0.001214 0.072692
v -0.025556 -0.002581 0.072382
v -0.026757 -0.003398 0.071830
v -0.028168 -0.003444 0.071185
v -0.029413 -0.002708 0.070619
v -0.030158 -0.001387 0.070284
v -0.030202 0.000165 0.070269
v -0.025598 0.001572 0.061788
v -0.024391 0.002389 0.062323
v -0.022970 0.002436 0.062948
v -0.021717 0.001700 0.063495
v -0.020967 0.000379 0.063818
v -0.020921 -0.001173 0.063830
v -0.021592 -0.002541 0.063528
v -0.022800 -0.003357 0.062993
v -0.024220 -0.003404 0.062368
v -0.025474 -0.002668 0.061821
v -0.026224 -0.001347 0.061498
v -0.026269 0.000205 0.061486
v -0.021800 0.001623 0.052988
v -0.020586 0.002440 0.053508
v -0.019157 0.002486 0.054115
v -0.017896 0.001751 0.054645
v -0.017142 0.000430 0.054957
v -0.017095 -0.001122 0.054968
v -0.017769 -0.002490 0.054673
v -0.018983 -0.003306 0.054152
v -0.020412 -0.003353 0.053546
v -0.021673 -0.002617 0.053015
v -0.022427 -0.001297 0.052703
v -0.022474 0.000256 0.052693
v -0.018189 0.001681 0.044337
v -0.016970 0.002498 0.044843
v -0.015534 0.002545 0.045433
v -0.014267 0.001809 0.045949
v -0.013508 0.000489 0.046251
v -0.013461 -0.001063 0.046259
v -0.014138 -0.002431 0.045971
v -0.015358 -0.003248 0.045464
v -0.016793 -0.003295 0.044874
v -0.018060 -0.002559 0.044359
v -0.018819 -0.001238 0.044057
v -0.018866 0.000314 0.044049
v -0.014817 0.001744 0.035992
v -0.013592 0.002561 0.036486
v -0.012150 0.002608 0.037060
v -0.010877 0.001873 0.037560
v -0.010115 0.000552 0.037853
v -0.010067 -0.001000 0.037860
v -0.010747 -0.002368 0.037579
v -0.011972 -0.003185 0.037085
v -0.013414 -0.003232 0.036512
v -0.014687 -0.002496 0.036011
v -0.015449 -0.001176 0.035718
v -0.015497 0.000377 0.035711
v -0.011735 0.001809 0.028113
v -0.010504 0.002625 0.028593
v -0.009056 0.002673 0.029151
v -0.007777 0.001937 0.029637
v -0.007011 0.000617 0.029920
v -0.006962 -0.000936 0.029926
v -0.007645 -0.002303 0.029652
v -0.008875 -0.003120 0.029172
v -0.010324 -0.003167 0.028614
v -0.011602 -0.002432 0.028128
v -0.012369 -0.001111 0.027845
v -0.012417 0.000441 0.027839
v -0.008991 0.001871 0.020857
v -0.007755 0.002688 0.021323
v -0.006300 0.002736 0.021863
v -0.005015 0.002000 0.022332
v -0.004245 0.000680 0.022606
v -0.004197 -0.000872 0.022611
v -0.004882 -0.002240 0.022345
v -0.006118 -0.003057 0.021879
v -0.007573 -0.003104 0.021339
v -0.008858 -0.002369 0.020869
v -0.009628 -0.001049 0.020595
v -0.009676 0.000503 0.020591
v -0.006637 0.001929 0.014383
v -0.005395 0.002746 0.014831
v -0.003932 0.002794 0.015351
v -0.002641 0.002059 0.015802
v -0.001867 0.000738 0.016065
v -0.001818 -0.000814 0.016068
v -0.002507 -0.002182 0.015811
v -0.003749 -0.002999 0.015363
v -0.005212 -0.003046 0.014844
v -0.006503 -0.002311 0.014393
v -0.007277 -0.000991 0.014130
v -0.007326 0.000561 0.014127
v -0.004725 0.001980 0.008854
v -0.003475 0.002797 0.009279
v -0.002003 0.002845 0.009770
v -0.000703 0.002110 0.010197
v 0.000076 0.000790 0.010444
v 0.000126 -0.000763 0.010447
v -0.000568 -0.002131 0.010203
v -0.001818 -0.002948 0.009779
v -0.003291 -0.002996 0.009288
v -0.004590 -0.002261 0.008861
v -0.005369 -0.000941 0.008613
v -0.005419 0.000612 0.008611
v -0.003308 0.002019 0.004441
v -0.002046 0.002837 0.004826
v -0.000559 0.002885 0.005272
v 0.000754 0.002150 0.005659
v 0.001540 0.000830 0.005883
v 0.001590 -0.000722 0.005885
v 0.000889 -0.002090 0.005663
v -0.000373 -0.002908 0.005278
v -0.001860 -0.002956 0.004832
v -0.003173 -0.002222 0.004445
v -0.003959 -0.000901 0.004221
v -0.004009 0.000651 0.004219
v -0.002448 0.002044 0.001359
v -0.001161 0.002862 0.001652
v 0.000354 0.002911 0.001991
v 0.001690 0.002178 0.002286
v 0.002491 0.000858 0.002456
v 0.002541 -0.000694 0.002457
v 0.001827 -0.002063 0.002288
v 0.000540 -0.002881 0.001995
v -0.000975 -0.002930 0.001656
v -0.002311 -0.002196 0.001361
v -0.003112 -0.000877 0.001191
v -0.003162 0.000675 0.001190
v -0.002188 0.002052 0.000000
v -0.000869 0.002871 0.000000
v 0.000683 0.002921 0.000000
v 0.002052 0.002189 0.000000
v 0.002871 0.000869 0.000000
v 0.002921 -0.000683 0.000000
v 0.002189 -0.002052 0.000000
v 0.000869 -0.002871 0.000000
v -0.000683 -0.002921 0.000000
v -0.002052 -0.002189 0.000000
v -0.002871 -0.000869 0.000000
v -0.002921 0.000683 0.000000
v -0.024940 0.017197 -0.133032
v -0.024940 0.018405 -0.131825
v -0.024940 0.018847 -0.130175
v -0.024940 0.018405 -0.128525
v -0.024940 0.017197 -0.127317
v -0.024940 0.015547 -0.126875
v -0.024940 0.013897 -0.127317
v -0.024940 0.012689 -0.128525
v -0.024940 0.012247 -0.130175
v -0.024940 0.012689 -0.131825
v -0.024940 0.013897 -0.133032
v -0.024940 0.015547 -0.133475
v -0.022514 0.016758 -0.132942
v -0.022196 0.017904 -0.131734
v -0.022144 0.018334 -0.130095
v -0.022374 0.017933 -0.128464
v -0.022823 0.016809 -0.127278
v -0.023371 0.015261 -0.126855
v -0.023872 0.013706 -0.127307
v -0.024190 0.012560 -0.128515
v -0.024242 0.012130 -0.130154
v -0.024012 0.012530 -0.131785
v -0.023563 0.013655 -0.132971
v -0.023015 0.015203 -0.133395
v -0.020340 0.015640 -0.132726
v -0.019815 0.016677 -0.131509
v -0.019742 0.017093 -0.129881
v -0.020140 0.016778 -0.128277
v -0.020903 0.015815 -0.127128
v -0.021826 0.014462 -0.126741
v -0.022662 0.013083 -0.127220
v -0.023186 0.012046 -0.128436
v -0.023259 0.011630 -0.130065
v -0.022861 0.011946 -0.131668
v -0.022098 0.012909 -0.132818
v -0.021176 0.014261 -0.133205
v -0.018405 0.014083 -0.132402
v -0.017777 0.015029 -0.131178
v -0.017707 0.015444 -0.129563
v -0.018214 0.015217 -0.127988
v -0.019161 0.014408 -0.126877
v -0.020295 0.013234 -0.126526
v -0.021312 0.012010 -0.127030
v -0.021940 0.011064 -0.128254
v -0.022010 0.010649 -0.129869
v -0.021504 0.010877 -0.131444
v -0.020556 0.011686 -0.132555
v -0.019422 0.012859 -0.132906
v -0.016632 0.012238 -0.131974
v -0.015963 0.013131 -0.130749
v -0.015910 0.013559 -0.129150
v -0.016487 0.013409 -0.127605
v -0.017540 0.012720 -0.126528
v -0.018787 0.011677 -0.126207
v -0.019892 0.010559 -0.126729
v -0.020561 0.009667 -0.127953
v -0.020614 0.009238 -0.129552
v -0.020036 0.009388 -0.131098
v -0.018984 0.010077 -0.132175
v -0.017737 0.011120 -0.132496
v -0.014963 0.010213 -0.131439
v -0.014290 0.011087 -0.130221
v -0.014264 0.011544 -0.128643
v -0.014893 0.011461 -0.127127
v -0.016007 0.010860 -0.126079
v -0.017309 0.009902 -0.125781
v -0.018449 0.008844 -0.126311
v -0.019122 0.007969 -0.127529
v -0.019148 0.007512 -0.129108
v -0.018519 0.007596 -0.130624
v -0.017405 0.008197 -0.131672
v -0.016103 0.009155 -0.131970
v -0.013365 0.008109 -0.130793
v -0.012713 0.008997 -0.129591
v -0.012724 0.009497 -0.128039
v -0.013394 0.009474 -0.126553
v -0.014545 0.008935 -0.125531
v -0.015867 0.008024 -0.125247
v -0.017006 0.006985 -0.125777
v -0.017658 0.006096 -0.126979
v -0.017647 0.005597 -0.128531
v -0.016977 0.005619 -0.130017
v -0.015826 0.006159 -0.131039
v -0.014504 0.007070 -0.131323
v -0.011817 0.006027 -0.130032
v -0.011210 0.006961 -0.128858
v -0.011269 0.007520 -0.127341
v -0.011979 0.007556 -0.125888
v -0.013149 0.007058 -0.124888
v -0.014465 0.006161 -0.124608
v -0.015575 0.005103 -0.125124
v -0.016182 0.004170 -0.126298
v -0.016122 0.003610 -0.127814
v -0.015413 0.003574 -0.129267
v -0.014243 0.004072 -0.130268
v -0.012927 0.004970 -0.130548
v -0.010304 0.004073 -0.129148
v -0.009771 0.005085 -0.128023
v -0.009897 0.005725 -0.126556
v -0.010649 0.005820 -0.125142
v -0.011825 0.005346 -0.124158
v -0.013110 0.004430 -0.123869
v -0.014160 0.003317 -0.124352
v -0.014693 0.002305 -0.125477
v -0.014567 0.001665 -0.126944
v -0.013815 0.001569 -0.128358
v -0.012639 0.002043 -0.129342
v -0.011354 0.002960 -0.129631
v -0.008816 0.002354 -0.128137
v -0.008397 0.003480 -0.127094
v -0.008619 0.004223 -0.125703
v -0.009422 0.004382 -0.124339
v -0.010592 0.003916 -0.123365
v -0.011815 0.002948 -0.123044
v -0.012763 0.001740 -0.123461
v -0.013182 0.000613 -0.124504
v -0.012960 -0.000129 -0.125895
v -0.012157 -0.000289 -0.127259
v -0.010987 0.000178 -0.128233
v -0.009764 0.001145 -0.128554
v -0.007343 0.000980 -0.126993
v -0.007100 0.002252 -0.126089
v -0.007464 0.003117 -0.124819
v -0.008337 0.003342 -0.123523
v -0.009484 0.002868 -0.122548
v -0.010599 0.001822 -0.122155
v -0.011383 0.000483 -0.122450
v -0.011626 -0.000788 -0.123353
v -0.011262 -0.001653 -0.124623
v -0.010389 -0.001878 -0.125920
v -0.009242 -0.001404 -0.126895
v -0.008127 -0.000358 -0.127288
v -0.005878 0.000069 -0.125711
v -0.005898 0.001483 -0.125038
v -0.006468 0.002462 -0.123956
v -0.007434 0.002745 -0.122757
v -0.008537 0.002254 -0.121760
v -0.009483 0.001123 -0.121233
v -0.010018 -0.000346 -0.121318
v -0.009997 -0.001760 -0.121991
v -0.009428 -0.002739 -0.123072
v -0.008462 -0.003022 -0.124272
v -0.007358 -0.002531 -0.125269
v -0.006413 -0.001400 -0.125795
v -0.004316 -0.000293 -0.124183
v -0.004593 0.001178 -0.123771
v -0.005391 0.002213 -0.122932
v -0.006497 0.002533 -0.121890
v -0.007614 0.002053 -0.120924
v -0.008443 0.000901 -0.120293
v -0.008762 -0.000613 -0.120167
v -0.008486 -0.002085 -0.120578
v -0.007688 -0.003119 -0.121417
v -0.006582 -0.003439 -0.122459
v -0.005465 -0.002959 -0.123425
v -0.004635 -0.001808 -0.124056
v -0.002752 -0.000310 -0.122194
v -0.003150 0.001170 -0.121939
v -0.004114 0.002215 -0.121314
v -0.005386 0.002546 -0.120487
v -0.006626 0.002074 -0.119680
v -0.007500 0.000925 -0.119108
v -0.007776 -0.000592 -0.118925
v -0.007379 -0.002072 -0.119180
v -0.006415 -0.003117 -0.119805
v -0.005143 -0.003448 -0.120632
v -0.003903 -0.002975 -0.121439
v -0.003028 -0.001827 -0.122011
v -0.001394 -0.000302 -0.119630
v -0.001827 0.001178 -0.119441
v -0.002878 0.002222 -0.118975
v -0.004263 0.002552 -0.118357
v -0.005613 0.002079 -0.117752
v -0.006565 0.000930 -0.117322
v -0.006865 -0.000587 -0.117183
v -0.006431 -0.002066 -0.117372
v -0.005381 -0.003111 -0.117838
v -0.003995 -0.003441 -0.118456
v -0.002645 -0.002968 -0.119061
v -0.001693 -0.001819 -0.119491
v -0.000275 -0.000290 -0.116626
v -0.000728 0.001189 -0.116488
v -0.001824 0.002233 -0.116142
v -0.003270 0.002563 -0.115682
v -0.004678 0.002089 -0.115230
v -0.005672 0.000940 -0.114908
v -0.005984 -0.000578 -0.114802
v -0.005531 -0.002057 -0.114940
v -0.004435 -0.003101 -0.115286
v -0.002989 -0.003430 -0.115747
v -0.001581 -0.002957 -0.116198
v -0.000587 -0.001807 -0.116520
v 0.000658 -0.000275 -0.113161
v 0.000195 0.001204 -0.113060
v -0.000926 0.002248 -0.112804
v -0.002404 0.002577 -0.112461
v -0.003844 0.002103 -0.112124
v -0.004860 0.000953 -0.111883
v -0.005179 -0.000564 -0.111802
v -0.004716 -0.002043 -0.111903
v -0.003595 -0.003087 -0.112159
v -0.002116 -0.003416 -0.112501
v -0.000676 -0.002942 -0.112839
v 0.000339 -0.001792 -0.113080
v 0.001437 -0.000257 -0.109211
v 0.000969 0.001222 -0.109138
v -0.000166 0.002265 -0.108949
v -0.001662 0.002594 -0.108695
v -0.003120 0.002120 -0.108445
v -0.004147 0.000970 -0.108264
v -0.004470 -0.000548 -0.108202
v -0.004002 -0.002027 -0.108275
v -0.002867 -0.003070 -0.108464
v -0.001371 -0.003399 -0.108717
v 0.000087 -0.002925 -0.108968
v 0.001114 -0.001775 -0.109149
v 0.002080 -0.000236 -0.104758
v 0.001608 0.001242 -0.104706
v 0.000466 0.002286 -0.104569
v -0.001041 0.002614 -0.104384
v -0.002508 0.002139 -0.104200
v -0.003542 0.000989 -0.104066
v -0.003867 -0.000529 -0.104018
v -0.003396 -0.002007 -0.104070
v -0.002253 -0.003050 -0.104207
v -0.000747 -0.003379 -0.104393
v 0.000720 -0.002904 -0.104577
v 0.001755 -0.001754 -0.104711
v 0.002597 -0.000213 -0.099790
v 0.002124 0.001265 -0.099755
v 0.000977 0.002308 -0.099658
v -0.000535 0.002636 -0.099526
v -0.002007 0.002162 -0.099393
v -0.003046 0.001011 -0.099296
v -0.003372 -0.000507 -0.099260
v -0.002898 -0.001985 -0.099296
v -0.001752 -0.003028 -0.099392
v -0.000240 -0.003356 -0.099525
v 0.001233 -0.002882 -0.099657
v 0.002271 -0.001731 -0.099755
v 0.002999 -0.000189 -0.094299
v 0.002524 0.001290 -0.094276
v 0.001375 0.002333 -0.094211
v -0.000140 0.002661 -0.094121
v -0.001616 0.002186 -0.094029
v -0.002656 0.001035 -0.093961
v -0.002983 -0.000483 -0.093934
v -0.002509 -0.001961 -0.093956
v -0.001360 -0.003004 -0.094022
v 0.000155 -0.003332 -0.094112
v 0.001631 -0.002857 -0.094204
v 0.002672 -0.001707 -0.094272
v 0.003290 -0.000162 -0.088276
v 0.002815 0.001316 -0.088264
v 0.001665 0.002359 -0.088224
v 0.000148 0.002687 -0.088167
v -0.001329 0.002211 -0.088108
v -0.002371 0.001061 -0.088063
v -0.002698 -0.000457 -0.088044
v -0.002223 -0.001936 -0.088056
v -0.001073 -0.002978 -0.088096
v 0.000444 -0.003306 -0.088153
v 0.001921 -0.002831 -0.088212
v 0.002963 -0.001680 -0.088257
v 0.003479 -0.000135 -0.081718
v 0.003003 0.001343 -0.081714
v 0.001853 0.002386 -0.081694
v 0.000335 0.002714 -0.081664
v -0.001143 0.002238 -0.081632
v -0.002185 0.001088 -0.081606
v -0.002513 -0.000430 -0.081593
v -0.002038 -0.001909 -0.081597
v -0.000887 -0.002951 -0.081616
v 0.000631 -0.003279 -0.081646
v 0.002109 -0.002804 -0.081679
v 0.003151 -0.001653 -0.081705
v 0.003569 -0.000107 -0.074619
v 0.003093 0.001371 -0.074622
v 0.001942 0.002414 -0.074619
v 0.000424 0.002741 -0.074611
v -0.001054 0.002266 -0.074600
v -0.002097 0.001115 -0.074589
v -0.002424 -0.000403 -0.074581
v -0.001949 -0.001881 -0.074579
v -0.000798 -0.002924 -0.074582
v 0.000720 -0.003251 -0.074590
v 0.002198 -0.002776 -0.074601
v 0.003241 -0.001625 -0.074611
v 0.003566 -0.000079 -0.066984
v 0.003090 0.001400 -0.066991
v 0.001939 0.002442 -0.066999
v 0.000421 0.002770 -0.067005
v -0.001057 0.002294 -0.067009
v -0.002100 0.001143 -0.067008
v -0.002427 -0.000374 -0.067004
v -0.001952 -0.001853 -0.066997
v -0.000801 -0.002895 -0.066989
v 0.000717 -0.003223 -0.066982
v 0.002195 -0.002748 -0.066979
v 0.003238 -0.001597 -0.066980
v 0.003514 -0.000050 -0.059095
v 0.003039 0.001428 -0.059104
v 0.001888 0.002471 -0.059115
v 0.000370 0.002798 -0.059127
v -0.001108 0.002323 -0.059135
v -0.002151 0.001172 -0.059139
v -0.002478 -0.000346 -0.059135
v -0.002003 -0.001825 -0.059127
v -0.000852 -0.002867 -0.059115
v 0.000666 -0.003195 -0.059103
v 0.002144 -0.002719 -0.059095
v 0.003187 -0.001568 -0.059092
v 0.003457 -0.000023 -0.051290
v 0.002982 0.001456 -0.051299
v 0.001831 0.002498 -0.051311
v 0.000313 0.002826 -0.051324
v -0.001165 0.002350 -0.051334
v -0.002208 0.001200 -0.051338
v -0.002535 -0.000318 -0.051335
v -0.002060 -0.001797 -0.051326
v -0.000909 -0.002839 -0.051313
v 0.000609 -0.003167 -0.051301
v 0.002087 -0.002691 -0.051291
v 0.003130 -0.001541 -0.051287
v 0.003396 0.000005 -0.043664
v 0.002921 0.001483 -0.043673
v 0.001770 0.002525 -0.043686
v 0.000252 0.002853 -0.043700
v -0.001226 0.002378 -0.043710
v -0.002269 0.001227 -0.043715
v -0.002596 -0.000291 -0.043712
v -0.002121 -0.001770 -0.043703
v -0.000970 -0.002812 -0.043690
v 0.000548 -0.003140 -0.043676
v 0.002026 -0.002664 -0.043666
v 0.003069 -0.001513 -0.043661
v 0.003333 0.000030 -0.036319
v 0.002858 0.001509 -0.036328
v 0.001707 0.002551 -0.036342
v 0.000189 0.002879 -0.036356
v -0.001289 0.002403 -0.036368
v -0.002332 0.001253 -0.036373
v -0.002659 -0.000265 -0.036370
v -0.002184 -0.001744 -0.036361
v -0.001033 -0.002786 -0.036347
v 0.000485 -0.003114 -0.036333
v 0.001963 -0.002638 -0.036321
v 0.003006 -0.001488 -0.036316
v 0.003270 0.000055 -0.029357
v 0.002795 0.001533 -0.029367
v 0.001644 0.002576 -0.029381
v 0.000126 0.002903 -0.029396
v -0.001352 0.002428 -0.029408
v -0.002394 0.001277 -0.029414
v -0.002722 -0.000241 -0.029411
v -0.002247 -0.001719 -0.029402
v -0.001096 -0.002762 -0.029388
v 0.000422 -0.003090 -0.029373
v 0.001900 -0.002614 -0.029361
v 0.002943 -0.001463 -0.029355
v 0.003210 0.000077 -0.022882
v 0.002734 0.001555 -0.022891
v 0.001583 0.002598 -0.022906
v 0.000065 0.002926 -0.022922
v -0.001413 0.002450 -0.022934
v -0.002455 0.001299 -0.022940
v -0.002783 -0.000219 -0.022938
v -0.002308 -0.001697 -0.022928
v -0.001157 -0.002740 -0.022914
v 0.000361 -0.003067 -0.022898
v 0.001839 -0.002592 -0.022886
v 0.002882 -0.001441 -0.022880
v 0.003153 0.000097 -0.016995
v 0.002677 0.001575 -0.017004
v 0.001526 0.002618 -0.017019
v 0.000008 0.002946 -0.017035
v -0.001470 0.002470 -0.017048
v -0.002512 0.001319 -0.017054
v -0.002840 -0.000199 -0.017052
v -0.002365 -0.001677 -0.017043
v -0.001214 -0.002720 -0.017028
v 0.000304 -0.003047 -0.017012
v 0.001782 -0.002572 -0.016999
v 0.002825 -0.001421 -0.016993
v 0.003102 0.000114 -0.011799
v 0.002626 0.001593 -0.011808
v 0.001475 0.002635 -0.011823
v -0.000043 0.002963 -0.011839
v -0.001521 0.002487 -0.011852
v -0.002563 0.001336 -0.011858
v -0.002891 -0.000182 -0.011857
v -0.002416 -0.001660 -0.011847
v -0.001265 -0.002702 -0.011833
v 0.000253 -0.003030 -0.011817
v 0.001731 -0.002554 -0.011804
v 0.002774 -0.001404 -0.011797
v 0.003058 0.000128 -0.007397
v 0.002583 0.001607 -0.007406
v 0.001432 0.002649 -0.007420
v -0.000086 0.002977 -0.007436
v -0.001564 0.002501 -0.007449
v -0.002607 0.001351 -0.007455
v -0.002934 -0.000167 -0.007454
v -0.002459 -0.001646 -0.007444
v -0.001308 -0.002688 -0.007430
v 0.000210 -0.003016 -0.007414
v 0.001688 -0.002540 -0.007402
v 0.002731 -0.001390 -0.007395
v 0.003025 0.000139 -0.003891
v 0.002550 0.001617 -0.003900
v 0.001399 0.002660 -0.003913
v -0.000119 0.002987 -0.003928
v -0.001597 0.002512 -0.003940
v -0.002640 0.001361 -0.003946
v -0.002967 -0.000157 -0.003945
v -0.002492 -0.001635 -0.003936
v -0.001341 -0.002678 -0.003923
v 0.000177 -0.003005 -0.003908
v 0.001655 -0.002530 -0.003896
v 0.002698 -0.001379 -0.003890
v 0.003004 0.000146 -0.001388
v 0.002528 0.001624 -0.001395
v 0.001378 0.002667 -0.001405
v -0.000140 0.002994 -0.001416
v -0.001619 0.002519 -0.001426
v -0.002661 0.001368 -0.001430
v -0.002989 -0.000150 -0.001429
v -0.002513 -0.001629 -0.001423
v -0.001363 -0.002671 -0.001413
v 0.000155 -0.002999 -0.001401
v 0.001634 -0.002523 -0.001392
v 0.002676 -0.001372 -0.001387
v 0.002996 0.000148 -0.000000
v 0.002521 0.001626 -0.000000
v 0.001370 0.002669 -0.000000
v -0.000148 0.002996 -0.000000
v -0.001626 0.002521 -0.000000
v -0.002669 0.001370 -0.000000
v -0.002996 -0.000148 -0.000000
v -0.002521 -0.001626 -0.000000
v -0.001370 -0.002669 -0.000000
v 0.000148 -0.002996 -0.000000
v 0.001626 -0.002521 -0.000000
v 0.002669 -0.001370 -0.000000
v -0.024945 0.017650 -0.002858
v -0.024945 0.018858 -0.001650
v -0.024945 0.019300 -0.000000
v -0.024945 0.018858 0.001650
v -0.024945 0.017650 0.002858
v -0.024945 0.016000 0.003300
v -0.024945 0.014350 0.002858
v -0.024945 0.013142 0.001650
v -0.024945 0.012700 -0.000000
v -0.024945 0.013142 -0.001650
v -0.024945 0.014350 -0.002858
v -0.024945 0.016000 -0.003300
v -0.022621 0.017255 -0.002836
v -0.022279 0.018404 -0.001638
v -0.022154 0.018824 -0.000000
v -0.022279 0.018404 0.001637
v -0.022621 0.017255 0.002836
v -0.023088 0.015685 0.003275
v -0.023555 0.014116 0.002836
v -0.023896 0.012967 0.001637
v -0.024022 0.012546 -0.000000
v -0.023896 0.012967 -0.001638
v -0.023555 0.014116 -0.002836
v -0.023088 0.015685 -0.003275
v -0.020332 0.016253 -0.002815
v -0.019779 0.017306 -0.001625
v -0.019576 0.017692 -0.000000
v -0.019779 0.017306 0.001625
v -0.020332 0.016253 0.002815
v -0.021088 0.014815 0.003250
v -0.021844 0.013376 0.002815
v -0.022397 0.012323 0.001625
v -0.022600 0.011938 -0.000000
v -0.022397 0.012323 -0.001625
v -0.021844 0.013376 -0.002815
v -0.021088 0.014815 -0.003250
v -0.018065 0.014830 -0.002793
v -0.017398 0.015804 -0.001613
v -0.017154 0.016160 -0.000000
v -0.017398 0.015804 0.001612
v -0.018065 0.014830 0.002793
v -0.018977 0.013500 0.003225
v -0.019889 0.012170 0.002793
v -0.020556 0.011196 0.001612
v -0.020800 0.010840 -0.000000
v -0.020556 0.011196 -0.001613
v -0.019889 0.012170 -0.002793
v -0.018977 0.013500 -0.003225
v -0.015792 0.013106 -0.002771
v -0.015064 0.014024 -0.001600
v -0.014798 0.014360 -0.000000
v -0.015064 0.014024 0.001600
v -0.015792 0.013106 0.002771
v -0.016785 0.011852 0.003200
v -0.017779 0.010598 0.002771
v -0.018506 0.009680 0.001600
v -0.018772 0.009344 -0.000000
v -0.018506 0.009680 -0.001600
v -0.017779 0.010598 -0.002771
v -0.016785 0.011852 -0.003200
v -0.013512 0.011188 -0.002750
v -0.012756 0.012071 -0.001588
v -0.012480 0.012395 -0.000000
v -0.012756 0.012072 0.001587
v -0.013512 0.011188 0.002750
v -0.014543 0.009981 0.003175
v -0.015575 0.008775 0.002750
v -0.016330 0.007891 0.001587
v -0.016606 0.007568 -0.000000
v -0.016330 0.007891 -0.001588
v -0.015575 0.008775 -0.002750
v -0.014543 0.009981 -0.003175
v -0.011242 0.009184 -0.002728
v -0.010481 0.010050 -0.001575
v -0.010203 0.010367 -0.000000
v -0.010481 0.010050 0.001575
v -0.011242 0.009184 0.002728
v -0.012281 0.008000 0.003150
v -0.013320 0.006816 0.002728
v -0.014081 0.005950 0.001575
v -0.014360 0.005633 -0.000000
v -0.014081 0.005950 -0.001575
v -0.013320 0.006816 -0.002728
v -0.012281 0.008000 -0.003150
v -0.009009 0.007201 -0.002706
v -0.008262 0.008067 -0.001563
v -0.007988 0.008384 -0.000000
v -0.008262 0.008067 0.001562
v -0.009009 0.007201 0.002706
v -0.010030 0.006019 0.003125
v -0.011051 0.004836 0.002706
v -0.011798 0.003970 0.001562
v -0.012072 0.003653 -0.000000
v -0.011798 0.003970 -0.001563
v -0.011051 0.004836 -0.002706
v -0.010030 0.006019 -0.003125
v -0.006846 0.005354 -0.002685
v -0.006133 0.006237 -0.001550
v -0.005872 0.006560 -0.000000
v -0.006133 0.006237 0.001550
v -0.006846 0.005354 0.002685
v -0.007820 0.004148 0.003100
v -0.008794 0.002942 0.002685
v -0.009507 0.002060 0.001550
v -0.009768 0.001737 -0.000000
v -0.009507 0.002060 -0.001550
v -0.008794 0.002942 -0.002685
v -0.007820 0.004148 -0.003100
v -0.004794 0.003756 -0.002663
v -0.004145 0.004675 -0.001538
v -0.003907 0.005012 -0.000000
v -0.004145 0.004675 0.001537
v -0.004794 0.003756 0.002663
v -0.005681 0.002500 0.003075
v -0.006568 0.001244 0.002663
v -0.007217 0.000325 0.001537
v -0.007455 -0.000012 -0.000000
v -0.007217 0.000325 -0.001538
v -0.006568 0.001244 -0.002663
v -0.005681 0.002500 -0.003075
v -0.002912 0.002523 -0.002641
v -0.002376 0.003502 -0.001525
v -0.002179 0.003860 -0.000000
v -0.002376 0.003502 0.001525
v -0.002912 0.002523 0.002641
v -0.003645 0.001185 0.003050
v -0.004377 -0.000152 0.002641
v -0.004913 -0.001132 0.001525
v -0.005110 -0.001490 -0.000000
v -0.004913 -0.001132 -0.001525
v -0.004377 -0.000152 -0.002641
v -0.003645 0.001185 -0.003050
v -0.001288 0.001758 -0.002620
v -0.000957 0.002815 -0.001513
v -0.000836 0.003201 -0.000000
v -0.000957 0.002815 0.001512
v -0.001288 0.001758 0.002620
v -0.001741 0.000315 0.003025
v -0.002193 -0.001128 0.002620
v -0.002525 -0.002185 0.001512
v -0.002646 -0.002572 -0.000000
v -0.002525 -0.002185 -0.001513
v -0.002193 -0.001128 -0.002620
v -0.001741 0.000315 -0.003025
v 0.000127 0.001495 -0.002598
v 0.000221 0.002589 -0.001500
v 0.000255 0.002989 -0.000000
v 0.000221 0.002589 0.001500
v 0.000127 0.001495 0.002598
v -0.000000 0.000000 0.003000
v -0.000128 -0.001495 0.002598
v -0.000221 -0.002589 0.001500
v -0.000255 -0.002989 -0.000000
v -0.000221 -0.002589 -0.001500
v -0.000128 -0.001495 -0.002598
v -0.000000 -0.000000 -0.003000
v 0.000970 0.001508 -0.002598
v 0.000959 0.002607 -0.001500
v 0.000954 0.003008 -0.000000
v 0.000959 0.002607 0.001500
v 0.000970 0.001509 0.002598
v 0.000986 0.000009 0.003000
v 0.001002 -0.001491 0.002598
v 0.001014 -0.002589 0.001500
v 0.001018 -0.002991 -0.000000
v 0.001014 -0.002589 -0.001500
v 0.001002 -0.001491 -0.002598
v 0.000986 0.000009 -0.003000
v 0.002471 0.001527 -0.002598
v 0.002459 0.002625 -0.001500
v 0.002454 0.003027 -0.000000
v 0.002459 0.002625 0.001500
v 0.002471 0.001527 0.002598
v 0.002488 0.000027 0.003000
v 0.002505 -0.001472 0.002598
v 0.002517 -0.002570 0.001500
v 0.002521 -0.002972 -0.000000
v 0.002517 -0.002570 -0.001500
v 0.002505 -0.001472 -0.002598
v 0.002488 0.000027 -0.003000
v 0.004396 0.001546 -0.002598
v 0.004389 0.002644 -0.001500
v 0.004386 0.003046 -0.000000
v 0.004389 0.002644 0.001500
v 0.004396 0.001546 0.002598
v 0.004407 0.000046 0.003000
v 0.004417 -0.001454 0.002598
v 0.004424 -0.002552 0.001500
v 0.004427 -0.002954 -0.000000
v 0.004424 -0.002552 -0.001500
v 0.004417 -0.001454 -0.002598
v 0.004407 0.000046 -0.003000
v 0.006645 0.001555 -0.002598
v 0.006646 0.002653 -0.001500
v 0.006646 0.003055 -0.000000
v 0.006646 0.002653 0.001500
v 0.006645 0.001555 0.002598
v 0.006644 0.000055 0.003000
v 0.006644 -0.001445 0.002598
v 0.006643 -0.002543 0.001500
v 0.006643 -0.002945 -0.000000
v 0.006643 -0.002543 -0.001500
v 0.006644 -0.001445 -0.002598
v 0.006644 0.000055 -0.003000
v 0.009119 0.001543 -0.002598
v 0.009131 0.002641 -0.001500
v 0.009135 0.003043 -0.000000
v 0.009131 0.002641 0.001500
v 0.009119 0.001543 0.002598
v 0.009103 0.000043 0.003000
v 0.009087 -0.001457 0.002598
v 0.009075 -0.002555 0.001500
v 0.009071 -0.002957 -0.000000
v 0.009075 -0.002555 -0.001500
v 0.009087 -0.001457 -0.002598
v 0.009103 0.000043 -0.003000
v 0.011721 0.001500 -0.002598
v 0.011747 0.002598 -0.001500
v 0.011757 0.003000 -0.000000
v 0.011747 0.002598 0.001500
v 0.011721 0.001500 0.002598
v 0.011684 0.000000 0.003000
v 0.011648 -0.001499 0.002598
v 0.011621 -0.002597 0.001500
v 0.011611 -0.002999 -0.000000
v 0.011621 -0.002597 -0.001500
v 0.011648 -0.001499 -0.002598
v 0.011684 0.000000 -0.003000
v 0.014354 0.001415 -0.002598
v 0.014401 0.002512 -0.001500
v 0.014418 0.002914 -0.000000
v 0.014401 0.002512 0.001500
v 0.014354 0.001415 0.002598
v 0.014290 -0.000083 0.003000
v 0.014226 -0.001582 0.002598
v 0.014179 -0.002679 0.001500
v 0.014162 -0.003081 -0.000000
v 0.014179 -0.002679 -0.001500
v 0.014226 -0.001582 -0.002598
v 0.014290 -0.000083 -0.003000
v 0.016925 0.001278 -0.002598
v 0.016999 0.002373 -0.001500
v 0.017027 0.002774 -0.000000
v 0.016999 0.002373 0.001500
v 0.016925 0.001278 0.002598
v 0.016822 -0.000219 0.003000
v 0.016720 -0.001715 0.002598
v 0.016645 -0.002811 0.001500
v 0.016617 -0.003212 -0.000000
v 0.016645 -0.002811 -0.001500
v 0.016720 -0.001715 -0.002598
v 0.016822 -0.000219 -0.003000
v 0.019341 0.001076 -0.002598
v 0.019456 0.002168 -0.001500
v 0.019499 0.002568 -0.000000
v 0.019456 0.002168 0.001500
v 0.019341 0.001076 0.002598
v 0.019182 -0.000416 0.003000
v 0.019024 -0.001907 0.002598
v 0.018909 -0.002999 0.001500
v 0.018866 -0.003399 -0.000000
v 0.018909 -0.002999 -0.001500
v 0.019024 -0.001907 -0.002598
v 0.019182 -0.000416 -0.003000
v 0.021518 0.000795 -0.002598
v 0.021698 0.001879 -0.001500
v 0.021764 0.002275 -0.000000
v 0.021698 0.001879 0.001500
v 0.021518 0.000795 0.002598
v 0.021273 -0.000684 0.003000
v 0.021027 -0.002164 0.002598
v 0.020847 -0.003247 0.001500
v 0.020781 -0.003644 -0.000000
v 0.020847 -0.003247 -0.001500
v 0.021027 -0.002164 -0.002598
v 0.021273 -0.000684 -0.003000
v 0.023396 0.000410 -0.002598
v 0.023689 0.001468 -0.001500
v 0.023796 0.001855 -0.000000
v 0.023689 0.001468 0.001500
v 0.023396 0.000410 0.002598
v 0.022995 -0.001036 0.003000
v 0.022594 -0.002481 0.002598
v 0.022301 -0.003539 0.001500
v 0.022194 -0.003927 -0.000000
v 0.022301 -0.003539 -0.001500
v 0.022594 -0.002481 -0.002598
v 0.022995 -0.001036 -0.003000
v 0.025103 -0.000245 -0.002598
v 0.025726 0.000659 -0.001500
v 0.025954 0.000990 -0.000000
v 0.025726 0.000659 0.001500
v 0.025103 -0.000245 0.002598
v 0.024251 -0.001479 0.003000
v 0.023399 -0.002714 0.002598
v 0.022775 -0.003618 0.001500
v 0.022547 -0.003949 -0.000000
v 0.022775 -0.003618 -0.001500
v 0.023399 -0.002714 -0.002598
v 0.024251 -0.001479 -0.003000
v 0.026099 -0.001389 -0.002598
v 0.027064 -0.000865 -0.001500
v 0.027417 -0.000674 -0.000000
v 0.027064 -0.000865 0.001500
v 0.026099 -0.001389 0.002598
v 0.024780 -0.002105 0.003000
v 0.023462 -0.002820 0.002598
v 0.022497 -0.003344 0.001500
v 0.022143 -0.003535 -0.000000
v 0.022497 -0.003344 -0.001500
v 0.023462 -0.002820 -0.002598
v 0.024780 -0.002105 -0.003000
v 0.026606 -0.002988 -0.002598
v 0.027680 -0.002760 -0.001500
v 0.028074 -0.002677 -0.000000
v 0.027680 -0.002760 0.001500
v 0.026606 -0.002988 0.002598
v 0.025139 -0.003299 0.003000
v 0.023671 -0.003610 0.002598
v 0.022597 -0.003837 0.001500
v 0.022204 -0.003920 -0.000000
v 0.022597 -0.003837 -0.001500
v 0.023671 -0.003610 -0.002598
v 0.025139 -0.003299 -0.003000
v 0.026845 -0.004844 -0.002598
v 0.027939 -0.004751 -0.001500
v 0.028340 -0.004717 -0.000000
v 0.027939 -0.004751 0.001500
v 0.026845 -0.004844 0.002598
v 0.025350 -0.004970 0.003000
v 0.023856 -0.005096 0.002598
v 0.022761 -0.005189 0.001500
v 0.022361 -0.005223 -0.000000
v 0.022761 -0.005189 -0.001500
v 0.023856 -0.005096 -0.002598
v 0.025350 -0.004970 -0.003000
v 0.026938 -0.006999 -0.002598
v 0.028036 -0.006978 -0.001500
v 0.028438 -0.006970 -0.000000
v 0.028036 -0.006978 0.001500
v 0.026938 -0.006999 0.002598
v 0.025439 -0.007027 0.003000
v 0.023939 -0.007056 0.002598
v 0.022841 -0.007077 0.001500
v 0.022439 -0.007084 -0.000000
v 0.022841 -0.007077 -0.001500
v 0.023939 -0.007056 -0.002598
v 0.025439 -0.007027 -0.003000
v 0.026927 -0.009408 -0.002598
v 0.028025 -0.009429 -0.001500
v 0.028427 -0.009437 -0.000000
v 0.028025 -0.009429 0.001500
v 0.026927 -0.009408 0.002598
v 0.025427 -0.009379 0.003000
v 0.023928 -0.009350 0.002598
v 0.022830 -0.009329 0.001500
v 0.022428 -0.009321 -0.000000
v 0.022830 -0.009329 -0.001500
v 0.023928 -0.009350 -0.002598
v 0.025427 -0.009379 -0.003000
v 0.026839 -0.011998 -0.002598
v 0.027936 -0.012045 -0.001500
v 0.028338 -0.012063 -0.000000
v 0.027936 -0.012045 0.001500
v 0.026839 -0.011998 0.002598
v 0.025340 -0.011934 0.003000
v 0.023842 -0.011869 0.002598
v 0.022745 -0.011822 0.001500
v 0.022343 -0.011805 -0.000000
v 0.022745 -0.011822 -0.001500
v 0.023842 -0.011869 -0.002598
v 0.025340 -0.011934 -0.003000
v 0.026699 -0.014685 -0.002598
v 0.027796 -0.014748 -0.001500
v 0.028197 -0.014771 -0.000000
v 0.027796 -0.014748 0.001500
v 0.026699 -0.014685 0.002598
v 0.025202 -0.014600 0.003000
v 0.023704 -0.014514 0.002598
v 0.022608 -0.014452 0.001500
v 0.022207 -0.014429 -0.000000
v 0.022608 -0.014452 -0.001500
v 0.023704 -0.014514 -0.002598
v 0.025202 -0.014600 -0.003000
v 0.026532 -0.017382 -0.002598
v 0.027628 -0.017452 -0.001500
v 0.028029 -0.017477 -0.000000
v 0.027628 -0.017452 0.001500
v 0.026532 -0.017382 0.002598
v 0.025035 -0.017286 0.003000
v 0.023538 -0.017191 0.002598
v 0.022442 -0.017121 0.001500
v 0.022041 -0.017095 -0.000000
v 0.022442 -0.017121 -0.001500
v 0.023538 -0.017191 -0.002598
v 0.025035 -0.017286 -0.003000
v 0.026361 -0.019997 -0.002598
v 0.027456 -0.020066 -0.001500
v 0.027858 -0.020092 -0.000000
v 0.027456 -0.020066 0.001500
v 0.026361 -0.019997 0.002598
v 0.024864 -0.019901 0.003000
v 0.023367 -0.019806 0.002598
v 0.022271 -0.019736 0.001500
v 0.021870 -0.019711 -0.000000
v 0.022271 -0.019736 -0.001500
v 0.023367 -0.019806 -0.002598
v 0.024864 -0.019901 -0.003000
v 0.026210 -0.022437 -0.002598
v 0.027306 -0.022498 -0.001500
v 0.027707 -0.022520 -0.000000
v 0.027306 -0.022498 0.001500
v 0.026210 -0.022437 0.002598
v 0.024712 -0.022354 0.003000
v 0.023214 -0.022270 0.002598
v 0.022118 -0.022209 0.001500
v 0.021716 -0.022187 -0.000000
v 0.022118 -0.022209 -0.001500
v 0.023214 -0.022270 -0.002598
v 0.024712 -0.022354 -0.003000
v 0.026102 -0.024605 -0.002598
v 0.027200 -0.024645 -0.001500
v 0.027601 -0.024659 -0.000000
v 0.027200 -0.024645 0.001500
v 0.026102 -0.024605 0.002598
v 0.024603 -0.024552 0.003000
v 0.023104 -0.024498 0.002598
v 0.022007 -0.024458 0.001500
v 0.021605 -0.024444 -0.000000
v 0.022007 -0.024458 -0.001500
v 0.023104 -0.024498 -0.002598
v 0.024603 -0.024552 -0.003000
v 0.026062 -0.026404 -0.002598
v 0.027160 -0.026404 -0.001500
v 0.027562 -0.026404 -0.000000
v 0.027160 -0.026404 0.001500
v 0.026062 -0.026404 0.002598
v 0.024562 -0.026404 0.003000
v 0.023062 -0.026404 0.002598
v 0.021964 -0.026404 0.001500
v 0.021562 -0.026404 -0.000000
v 0.021964 -0.026404 -0.001500
v 0.023062 -0.026404 -0.002598
v 0.024562 -0.026404 -0.003000
v -0.155382 0.014283 -0.100601
v -0.155382 0.015491 -0.099393
v -0.155382 0.015933 -0.097743
v -0.155382 0.015491 -0.096093
v -0.155382 0.014283 -0.094885
v -0.155382 0.012633 -0.094443
v -0.155382 0.010983 -0.094885
v -0.155382 0.009775 -0.096093
v -0.155382 0.009333 -0.097743
v -0.155382 0.009775 -0.099393
v -0.155382 0.010983 -0.100601
v -0.155382 0.012633 -0.101043
v -0.151095 0.013929 -0.099818
v -0.151327 0.015147 -0.098661
v -0.151832 0.015627 -0.097116
v -0.152476 0.015241 -0.095596
v -0.153085 0.014092 -0.094508
v -0.153496 0.012488 -0.094144
v -0.153600 0.010859 -0.094602
v -0.153368 0.009641 -0.095758
v -0.152863 0.009161 -0.097304
v -0.152219 0.009547 -0.098824
v -0.151610 0.010696 -0.099911
v -0.151199 0.012300 -0.100275
v -0.147737 0.012988 -0.097725
v -0.148152 0.014246 -0.096688
v -0.149056 0.014830 -0.095395
v -0.150208 0.014585 -0.094194
v -0.151298 0.013575 -0.093405
v -0.152034 0.012071 -0.093240
v -0.152220 0.010477 -0.093744
v -0.151805 0.009219 -0.094781
v -0.150900 0.008634 -0.096073
v -0.149749 0.008880 -0.097275
v -0.148658 0.009890 -0.098064
v -0.147922 0.011393 -0.098228
v -0.145396 0.011693 -0.094843
v -0.145910 0.012994 -0.093932
v -0.147029 0.013689 -0.092907
v -0.148454 0.013593 -0.092043
v -0.149803 0.012730 -0.091570
v -0.150714 0.011332 -0.091617
v -0.150943 0.009774 -0.092169
v -0.150430 0.008472 -0.093080
v -0.149310 0.007777 -0.094105
v -0.147886 0.007873 -0.094969
v -0.146537 0.008736 -0.095441
v -0.145625 0.010134 -0.095395
v -0.143825 0.010222 -0.091569
v -0.144380 0.011552 -0.090752
v -0.145587 0.012327 -0.089925
v -0.147125 0.012340 -0.089309
v -0.148580 0.011586 -0.089069
v -0.149564 0.010268 -0.089269
v -0.149811 0.008739 -0.089856
v -0.149257 0.007409 -0.090673
v -0.148049 0.006634 -0.091500
v -0.146512 0.006621 -0.092116
v -0.145056 0.007375 -0.092356
v -0.144073 0.008693 -0.092156
v -0.142753 0.008662 -0.088095
v -0.143321 0.010006 -0.087340
v -0.144559 0.010829 -0.086639
v -0.146135 0.010910 -0.086180
v -0.147627 0.010226 -0.086086
v -0.148635 0.008962 -0.086382
v -0.148888 0.007456 -0.086989
v -0.148320 0.006112 -0.087745
v -0.147082 0.005289 -0.088446
v -0.145506 0.005208 -0.088905
v -0.144014 0.005892 -0.088999
v -0.143007 0.007156 -0.088702
v -0.141990 0.007077 -0.084568
v -0.142561 0.008425 -0.083849
v -0.143805 0.009271 -0.083220
v -0.145388 0.009389 -0.082849
v -0.146887 0.008747 -0.082835
v -0.147900 0.007517 -0.083183
v -0.148155 0.006029 -0.083799
v -0.147584 0.004681 -0.084518
v -0.146340 0.003835 -0.085148
v -0.144757 0.003717 -0.085519
v -0.143258 0.004359 -0.085532
v -0.142245 0.005589 -0.085184
v -0.141402 0.005542 -0.081149
v -0.141970 0.006883 -0.080447
v -0.143208 0.007733 -0.079845
v -0.144785 0.007863 -0.079507
v -0.146277 0.007238 -0.079521
v -0.147285 0.006027 -0.079885
v -0.147539 0.004553 -0.080501
v -0.146971 0.003211 -0.081203
v -0.145732 0.002361 -0.081805
v -0.144156 0.002231 -0.082144
v -0.142664 0.002856 -0.082129
v -0.141656 0.004067 -0.081765
v -0.140877 0.004140 -0.078029
v -0.141438 0.005466 -0.077322
v -0.142663 0.006300 -0.076705
v -0.144221 0.006416 -0.076342
v -0.145697 0.005785 -0.076330
v -0.146694 0.004576 -0.076674
v -0.146945 0.003112 -0.077280
v -0.146383 0.001785 -0.077987
v -0.145158 0.000952 -0.078605
v -0.143600 0.000835 -0.078968
v -0.142124 0.001466 -0.078979
v -0.141128 0.002675 -0.078636
v -0.140330 0.002976 -0.075440
v -0.140878 0.004274 -0.074700
v -0.142072 0.005064 -0.074004
v -0.143593 0.005132 -0.073537
v -0.145032 0.004461 -0.073426
v -0.146004 0.003231 -0.073699
v -0.146249 0.001770 -0.074283
v -0.145701 0.000472 -0.075023
v -0.144507 -0.000317 -0.075719
v -0.142986 -0.000386 -0.076185
v -0.141547 0.000285 -0.076297
v -0.140575 0.001516 -0.076024
v -0.139764 0.002192 -0.073697
v -0.140271 0.003439 -0.072873
v -0.141377 0.004133 -0.071984
v -0.142783 0.004088 -0.071269
v -0.144115 0.003315 -0.070920
v -0.145015 0.002022 -0.071029
v -0.145242 0.000556 -0.071568
v -0.144734 -0.000691 -0.072393
v -0.143629 -0.001385 -0.073281
v -0.142222 -0.001340 -0.073996
v -0.140891 -0.000567 -0.074346
v -0.139991 0.000725 -0.074236
v -0.139531 0.001943 -0.073148
v -0.139886 0.003102 -0.072157
v -0.140659 0.003621 -0.070899
v -0.141644 0.003361 -0.069709
v -0.142576 0.002391 -0.068908
v -0.143206 0.000971 -0.068710
v -0.143364 -0.000518 -0.069167
v -0.143009 -0.001678 -0.070158
v -0.142236 -0.002197 -0.071416
v -0.141251 -0.001936 -0.072606
v -0.140319 -0.000966 -0.073407
v -0.139689 0.000454 -0.073605
v -0.139443 0.001950 -0.073171
v -0.139550 0.003052 -0.072082
v -0.139782 0.003464 -0.070603
v -0.140078 0.003073 -0.069129
v -0.140359 0.001987 -0.068056
v -0.140548 0.000494 -0.067671
v -0.140596 -0.001004 -0.068077
v -0.140489 -0.002106 -0.069166
v -0.140256 -0.002517 -0.070645
v -0.139960 -0.002127 -0.072119
v -0.139680 -0.001040 -0.073192
v -0.139491 0.000452 -0.073577
v -0.135871 0.001973 -0.073222
v -0.135871 0.003071 -0.072124
v -0.135871 0.003473 -0.070624
v -0.135871 0.003071 -0.069124
v -0.135871 0.001973 -0.068026
v -0.135871 0.000473 -0.067624
v -0.135871 -0.001027 -0.068026
v -0.135871 -0.002125 -0.069124
v -0.135871 -0.002527 -0.070624
v -0.135871 -0.002125 -0.072124
v -0.135871 -0.001027 -0.073222
v -0.135871 0.000473 -0.073624
v -0.128702 0.001973 -0.073222
v -0.128702 0.003071 -0.072124
v -0.128702 0.003473 -0.070624
v -0.128702 0.003071 -0.069124
v -0.128702 0.001973 -0.068026
v -0.128702 0.000473 -0.067624
v -0.128702 -0.001027 -0.068026
v -0.128702 -0.002125 -0.069124
v -0.128702 -0.002527 -0.070624
v -0.128702 -0.002125 -0.072124
v -0.128702 -0.001027 -0.073222
v -0.128702 0.000473 -0.073624
v -0.119149 0.001973 -0.073222
v -0.119149 0.003071 -0.072124
v -0.119149 0.003473 -0.070624
v -0.119149 0.003071 -0.069124
v -0.119149 0.001973 -0.068026
v -0.119149 0.000473 -0.067624
v -0.119149 -0.001027 -0.068026
v -0.119149 -0.002125 -0.069124
v -0.119149 -0.002527 -0.070624
v -0.119149 -0.002125 -0.072124
v -0.119149 -0.001027 -0.073222
v -0.119149 0.000473 -0.073624
v -0.107847 0.001973 -0.073222
v -0.107847 0.003071 -0.072124
v -0.107847 0.003473 -0.070624
v -0.107847 0.003071 -0.069124
v -0.107847 0.001973 -0.068026
v -0.107847 0.000473 -0.067624
v -0.107847 -0.001027 -0.068026
v -0.107847 -0.002125 -0.069124
v -0.107847 -0.002527 -0.070624
v -0.107847 -0.002125 -0.072124
v -0.107847 -0.001027 -0.073222
v -0.107847 0.000473 -0.073624
v -0.095430 0.001973 -0.073222
v -0.095430 0.003071 -0.072124
v -0.095430 0.003473 -0.070624
v -0.095430 0.003071 -0.069124
v -0.095430 0.001973 -0.068026
v -0.095430 0.000473 -0.067624
v -0.095430 -0.001027 -0.068026
v -0.095430 -0.002125 -0.069124
v -0.095430 -0.002527 -0.070624
v -0.095430 -0.002125 -0.072124
v -0.095430 -0.001027 -0.073222
v -0.095430 0.000473 -0.073624
v -0.082535 0.001973 -0.073222
v -0.082535 0.003071 -0.072124
v -0.082535 0.003473 -0.070624
v -0.082535 0.003071 -0.069124
v -0.082535 0.001973 -0.068026
v -0.082535 0.000473 -0.067624
v -0.082535 -0.001027 -0.068026
v -0.082535 -0.002125 -0.069124
v -0.082535 -0.002527 -0.070624
v -0.082535 -0.002125 -0.072124
v -0.082535 -0.001027 -0.073222
v -0.082535 0.000473 -0.073624
v -0.069797 0.001973 -0.073222
v -0.069797 0.003071 -0.072124
v -0.069797 0.003473 -0.070624
v -0.069797 0.003071 -0.069124
v -0.069797 0.001973 -0.068026
v -0.069797 0.000473 -0.067624
v -0.069797 -0.001027 -0.068026
v -0.069797 -0.002125 -0.069124
v -0.069797 -0.002527 -0.070624
v -0.069797 -0.002125 -0.072124
v -0.069797 -0.001027 -0.073222
v -0.069797 0.000473 -0.073624
v -0.057850 0.001973 -0.073222
v -0.057850 0.003071 -0.072124
v -0.057850 0.003473 -0.070624
v -0.057850 0.003071 -0.069124
v -0.057850 0.001973 -0.068026
v -0.057850 0.000473 -0.067624
v -0.057850 -0.001027 -0.068026
v -0.057850 -0.002125 -0.069124
v -0.057850 -0.002527 -0.070624
v -0.057850 -0.002125 -0.072124
v -0.057850 -0.001027 -0.073222
v -0.057850 0.000473 -0.073624
v -0.047331 0.001973 -0.073222
v -0.047331 0.003071 -0.072124
v -0.047331 0.003473 -0.070624
v -0.047331 0.003071 -0.069124
v -0.047331 0.001973 -0.068026
v -0.047331 0.000473 -0.067624
v -0.047331 -0.001027 -0.068026
v -0.047331 -0.002125 -0.069124
v -0.047331 -0.002527 -0.070624
v -0.047331 -0.002125 -0.072124
v -0.047331 -0.001027 -0.073222
v -0.047331 0.000473 -0.073624
v -0.038873 0.001973 -0.073222
v -0.038873 0.003071 -0.072124
v -0.038873 0.003473 -0.070624
v -0.038873 0.003071 -0.069124
v -0.038873 0.001973 -0.068026
v -0.038873 0.000473 -0.067624
v -0.038873 -0.001027 -0.068026
v -0.038873 -0.002125 -0.069124
v -0.038873 -0.002527 -0.070624
v -0.038873 -0.002125 -0.072124
v -0.038873 -0.001027 -0.073222
v -0.038873 0.000473 -0.073624
v -0.033114 0.001973 -0.073222
v -0.033114 0.003071 -0.072124
v -0.033114 0.003473 -0.070624
v -0.033114 0.003071 -0.069124
v -0.033114 0.001973 -0.068026
v -0.033114 0.000473 -0.067624
v -0.033114 -0.001027 -0.068026
v -0.033114 -0.002125 -0.069124
v -0.033114 -0.002527 -0.070624
v -0.033114 -0.002125 -0.072124
v -0.033114 -0.001027 -0.073222
v -0.033114 0.000473 -0.073624
v -0.030414 0.001972 -0.073208
v -0.030517 0.003071 -0.072115
v -0.030666 0.003473 -0.070623
v -0.030820 0.003072 -0.069131
v -0.030939 0.001974 -0.068039
v -0.030990 0.000474 -0.067639
v -0.030960 -0.001026 -0.068040
v -0.030857 -0.002124 -0.069133
v -0.030709 -0.002527 -0.070625
v -0.030554 -0.002125 -0.072117
v -0.030435 -0.001028 -0.073209
v -0.030384 0.000472 -0.073609
v -0.029087 0.001954 -0.072948
v -0.029333 0.003054 -0.071880
v -0.029687 0.003459 -0.070423
v -0.030054 0.003060 -0.068968
v -0.030337 0.001964 -0.067904
v -0.030459 0.000466 -0.067517
v -0.030388 -0.001035 -0.067910
v -0.030143 -0.002135 -0.068979
v -0.029789 -0.002540 -0.070435
v -0.029421 -0.002142 -0.071890
v -0.029138 -0.001046 -0.072954
v -0.029016 0.000453 -0.073341
v -0.027103 0.001913 -0.072372
v -0.027399 0.003014 -0.071318
v -0.027827 0.003421 -0.069881
v -0.028272 0.003023 -0.068447
v -0.028614 0.001929 -0.067400
v -0.028761 0.000430 -0.067020
v -0.028675 -0.001071 -0.067409
v -0.028379 -0.002172 -0.068463
v -0.027951 -0.002578 -0.069900
v -0.027506 -0.002181 -0.071334
v -0.027164 -0.001086 -0.072381
v -0.027017 0.000412 -0.072761
v -0.024491 0.001855 -0.071545
v -0.024804 0.002956 -0.070496
v -0.025255 0.003363 -0.069067
v -0.025724 0.002966 -0.067640
v -0.026085 0.001872 -0.066599
v -0.026241 0.000374 -0.066222
v -0.026150 -0.001127 -0.066609
v -0.025837 -0.002229 -0.067658
v -0.025385 -0.002636 -0.069087
v -0.024916 -0.002239 -0.070513
v -0.024556 -0.001145 -0.071555
v -0.024400 0.000354 -0.071932
v -0.021362 0.001782 -0.070518
v -0.021683 0.002884 -0.069472
v -0.022145 0.003291 -0.068046
v -0.022625 0.002894 -0.066624
v -0.022994 0.001801 -0.065585
v -0.023153 0.000302 -0.065209
v -0.023060 -0.001199 -0.065596
v -0.022740 -0.002300 -0.066642
v -0.022278 -0.002708 -0.068068
v -0.021798 -0.002311 -0.069490
v -0.021429 -0.001217 -0.070529
v -0.021269 0.000281 -0.070905
v -0.017884 0.001700 -0.069358
v -0.018207 0.002802 -0.068313
v -0.018674 0.003209 -0.066889
v -0.019159 0.002813 -0.065468
v -0.019532 0.001719 -0.064430
v -0.019694 0.000221 -0.064055
v -0.019600 -0.001280 -0.064441
v -0.019276 -0.002382 -0.065487
v -0.018809 -0.002789 -0.066911
v -0.018324 -0.002393 -0.068332
v -0.017951 -0.001299 -0.069369
v -0.017790 0.000199 -0.069745
v -0.014230 0.001613 -0.068131
v -0.014555 0.002715 -0.067086
v -0.015023 0.003122 -0.065662
v -0.015509 0.002726 -0.064242
v -0.015884 0.001632 -0.063205
v -0.016045 0.000134 -0.062829
v -0.015951 -0.001367 -0.063216
v -0.015626 -0.002469 -0.064261
v -0.015158 -0.002876 -0.065684
v -0.014672 -0.002480 -0.067105
v -0.014298 -0.001386 -0.068142
v -0.014136 0.000112 -0.068518
v -0.010580 0.001527 -0.066906
v -0.010904 0.002629 -0.065860
v -0.011370 0.003036 -0.064436
v -0.011855 0.002639 -0.063015
v -0.012228 0.001546 -0.061978
v -0.012389 0.000048 -0.061602
v -0.012295 -0.001454 -0.061989
v -0.011971 -0.002555 -0.063034
v -0.011505 -0.002963 -0.064458
v -0.011020 -0.002566 -0.065879
v -0.010648 -0.001473 -0.066917
v -0.010487 0.000026 -0.067293
v -0.007115 0.001445 -0.065752
v -0.007435 0.002547 -0.064705
v -0.007896 0.002954 -0.063279
v -0.008375 0.002558 -0.061856
v -0.008744 0.001464 -0.060817
v -0.008903 -0.000035 -0.060441
v -0.008810 -0.001536 -0.060828
v -0.008490 -0.002637 -0.061875
v -0.008029 -0.003044 -0.063301
v -0.007550 -0.002648 -0.064724
v -0.007182 -0.001554 -0.065762
v -0.007023 -0.000056 -0.066139
v -0.004018 0.001374 -0.064739
v -0.004330 0.002475 -0.063689
v -0.004780 0.002882 -0.062260
v -0.005247 0.002485 -0.060833
v -0.005607 0.001391 -0.059791
v -0.005762 -0.000107 -0.059414
v -0.005672 -0.001608 -0.059801
v -0.005360 -0.002710 -0.060851
v -0.004910 -0.003117 -0.062280
v -0.004442 -0.002720 -0.063707
v -0.004083 -0.001626 -0.064749
v -0.003928 -0.000127 -0.065126
v -0.001482 0.001317 -0.063939
v -0.001777 0.002418 -0.062885
v -0.002203 0.002825 -0.061447
v -0.002644 0.002427 -0.060013
v -0.002984 0.001333 -0.058965
v -0.003131 -0.000166 -0.058584
v -0.003046 -0.001667 -0.058974
v -0.002751 -0.002768 -0.060028
v -0.002325 -0.003174 -0.061465
v -0.001883 -0.002777 -0.062900
v -0.001544 -0.001682 -0.063948
v -0.001397 -0.000184 -0.064328
v 0.000243 0.001282 -0.063439
v 0.000000 0.002382 -0.062370
v -0.000349 0.002787 -0.060912
v -0.000712 0.002388 -0.059456
v -0.000991 0.001292 -0.058391
v -0.001112 -0.000207 -0.058004
v -0.001042 -0.001707 -0.058397
v -0.000799 -0.002808 -0.059466
v -0.000450 -0.003212 -0.060924
v -0.000087 -0.002814 -0.062380
v 0.000192 -0.001718 -0.063445
v 0.000313 -0.000219 -0.063832
v 0.000569 0.001273 -0.063321
v 0.000569 0.002371 -0.062223
v 0.000569 0.002773 -0.060723
v 0.000569 0.002371 -0.059223
v 0.000569 0.001273 -0.058125
v 0.000569 -0.000227 -0.057723
v 0.000569 -0.001727 -0.058125
v 0.000569 -0.002825 -0.059223
v 0.000569 -0.003227 -0.060723
v 0.000569 -0.002825 -0.062223
v 0.000569 -0.001727 -0.063321
v 0.000569 -0.000227 -0.063723
v -0.094950 0.016040 0.139011
v -0.095157 0.016377 0.139287
v -0.095297 0.016530 0.139712
v -0.095344 0.016425 0.140160
v -0.095292 0.016089 0.140474
v -0.095148 0.015645 0.140552
v -0.094938 0.015237 0.140399
v -0.094706 0.014963 0.140083
v -0.094516 0.014868 0.139694
v -0.094444 0.014968 0.139320
v -0.094525 0.015242 0.139046
v -0.094719 0.015628 0.138932
v -0.092953 0.015739 0.138873
v -0.092830 0.016026 0.139135
v -0.092732 0.016136 0.139527
v -0.092696 0.016027 0.139935
v -0.092734 0.015728 0.140234
v -0.092833 0.015334 0.140334
v -0.092956 0.014964 0.140217
v -0.093062 0.014715 0.139930
v -0.093122 0.014636 0.139559
v -0.093140 0.014742 0.139192
v -0.093122 0.015007 0.138918
v -0.093060 0.015367 0.138801
v -0.090598 0.014878 0.138411
v -0.090425 0.015126 0.138657
v -0.090292 0.015210 0.139022
v -0.090242 0.015100 0.139404
v -0.090291 0.014824 0.139692
v -0.090423 0.014465 0.139802
v -0.090597 0.014127 0.139710
v -0.090762 0.013897 0.139448
v -0.090877 0.013831 0.139093
v -0.090917 0.013940 0.138734
v -0.090877 0.014197 0.138461
v -0.090763 0.014538 0.138342
v -0.087963 0.013562 0.137667
v -0.087767 0.013784 0.137900
v -0.087619 0.013850 0.138243
v -0.087562 0.013739 0.138605
v -0.087613 0.013479 0.138882
v -0.087758 0.013146 0.138997
v -0.087953 0.012831 0.138920
v -0.088146 0.012620 0.138678
v -0.088284 0.012565 0.138339
v -0.088336 0.012677 0.137992
v -0.088288 0.012925 0.137724
v -0.088153 0.013248 0.137605
v -0.085131 0.011909 0.136694
v -0.084925 0.012111 0.136913
v -0.084769 0.012165 0.137239
v -0.084707 0.012054 0.137582
v -0.084757 0.011806 0.137849
v -0.084905 0.011491 0.137965
v -0.085109 0.011197 0.137899
v -0.085314 0.011001 0.137673
v -0.085464 0.010954 0.137349
v -0.085522 0.011067 0.137014
v -0.085473 0.011308 0.136754
v -0.085331 0.011615 0.136637
v -0.082182 0.010033 0.135538
v -0.081973 0.010220 0.135746
v -0.081814 0.010265 0.136055
v -0.081748 0.010154 0.136382
v -0.081794 0.009916 0.136638
v -0.081940 0.009616 0.136753
v -0.082146 0.009337 0.136694
v -0.082355 0.009153 0.136481
v -0.082510 0.009114 0.136172
v -0.082573 0.009227 0.135850
v -0.082526 0.009461 0.135599
v -0.082384 0.009755 0.135485
v -0.079197 0.008046 0.134248
v -0.078990 0.008220 0.134445
v -0.078830 0.008258 0.134738
v -0.078760 0.008148 0.135049
v -0.078801 0.007918 0.135295
v -0.078942 0.007631 0.135406
v -0.079144 0.007364 0.135353
v -0.079353 0.007191 0.135151
v -0.079511 0.007157 0.134855
v -0.079577 0.007271 0.134547
v -0.079535 0.007499 0.134306
v -0.079396 0.007783 0.134197
v -0.076258 0.006061 0.132869
v -0.076056 0.006225 0.133057
v -0.075897 0.006257 0.133335
v -0.075823 0.006147 0.133630
v -0.075856 0.005924 0.133864
v -0.075989 0.005646 0.133971
v -0.076185 0.005389 0.133921
v -0.076390 0.005225 0.133729
v -0.076549 0.005196 0.133446
v -0.076619 0.005310 0.133152
v -0.076582 0.005535 0.132923
v -0.076451 0.005809 0.132821
v -0.073449 0.004189 0.131451
v -0.073253 0.004344 0.131630
v -0.073096 0.004371 0.131893
v -0.073017 0.004262 0.132171
v -0.073040 0.004043 0.132391
v -0.073161 0.003773 0.132493
v -0.073347 0.003524 0.132445
v -0.073547 0.003366 0.132261
v -0.073706 0.003343 0.131991
v -0.073781 0.003458 0.131711
v -0.073753 0.003680 0.131496
v -0.073631 0.003947 0.131402
v -0.070852 0.002543 0.130042
v -0.070667 0.002690 0.130212
v -0.070511 0.002712 0.130459
v -0.070425 0.002603 0.130718
v -0.070433 0.002389 0.130923
v -0.070538 0.002123 0.131017
v -0.070711 0.001879 0.130970
v -0.070905 0.001726 0.130793
v -0.071064 0.001707 0.130535
v -0.071145 0.001826 0.130271
v -0.071128 0.002047 0.130072
v -0.071020 0.002309 0.129990
v -0.068559 0.001237 0.128694
v -0.068387 0.001377 0.128858
v -0.068232 0.001394 0.129086
v -0.068132 0.001285 0.129321
v -0.068118 0.001072 0.129506
v -0.068198 0.000809 0.129590
v -0.068353 0.000565 0.129541
v -0.068540 0.000414 0.129368
v -0.068702 0.000400 0.129121
v -0.068792 0.000526 0.128874
v -0.068791 0.000751 0.128697
v -0.068705 0.001010 0.128634
v -0.066648 0.000382 0.127464
v -0.066499 0.000508 0.127620
v -0.066349 0.000524 0.127819
v -0.066230 0.000421 0.128025
v -0.066177 0.000211 0.128186
v -0.066215 -0.000059 0.128251
v -0.066339 -0.000311 0.128191
v -0.066513 -0.000464 0.128018
v -0.066684 -0.000471 0.127784
v -0.066798 -0.000331 0.127561
v -0.066826 -0.000093 0.127418
v -0.066768 0.000168 0.127387
v -0.065179 0.000055 0.126362
v -0.065041 0.000177 0.126517
v -0.064891 0.000189 0.126705
v -0.064760 0.000086 0.126885
v -0.064679 -0.000120 0.127012
v -0.064677 -0.000383 0.127044
v -0.064763 -0.000628 0.126963
v -0.064916 -0.000777 0.126789
v -0.065090 -0.000782 0.126576
v -0.065230 -0.000645 0.126388
v -0.065296 -0.000411 0.126280
v -0.065275 -0.000156 0.126274
v -0.063136 0.000033 0.124635
v -0.062993 0.000171 0.124803
v -0.062827 0.000179 0.125004
v -0.062683 0.000056 0.125181
v -0.062598 -0.000163 0.125286
v -0.062593 -0.000421 0.125293
v -0.062670 -0.000649 0.125199
v -0.062811 -0.000786 0.125029
v -0.062978 -0.000794 0.124831
v -0.063125 -0.000672 0.124657
v -0.063213 -0.000453 0.124552
v -0.063217 -0.000196 0.124544
v -0.061023 0.000014 0.122871
v -0.060880 0.000152 0.123036
v -0.060712 0.000163 0.123233
v -0.060564 0.000042 0.123408
v -0.060475 -0.000179 0.123515
v -0.060471 -0.000440 0.123523
v -0.060553 -0.000669 0.123429
v -0.060698 -0.000805 0.123261
v -0.060866 -0.000811 0.123064
v -0.061012 -0.000688 0.122892
v -0.061098 -0.000469 0.122788
v -0.061102 -0.000213 0.122780
v -0.058836 -0.000013 0.120963
v -0.058689 0.000125 0.121122
v -0.058516 0.000138 0.121314
v -0.058361 0.000018 0.121486
v -0.058268 -0.000204 0.121591
v -0.058265 -0.000467 0.121599
v -0.058350 -0.000697 0.121508
v -0.058501 -0.000832 0.121343
v -0.058675 -0.000836 0.121151
v -0.058825 -0.000712 0.120984
v -0.058913 -0.000494 0.120884
v -0.058917 -0.000239 0.120877
v -0.056552 -0.000046 0.118809
v -0.056400 0.000093 0.118961
v -0.056218 0.000106 0.119144
v -0.056055 -0.000013 0.119310
v -0.055957 -0.000235 0.119412
v -0.055953 -0.000499 0.119420
v -0.056044 -0.000730 0.119332
v -0.056203 -0.000864 0.119173
v -0.056385 -0.000867 0.118989
v -0.056542 -0.000742 0.118830
v -0.056633 -0.000525 0.118734
v -0.056637 -0.000271 0.118727
v -0.054148 -0.000081 0.116303
v -0.053988 0.000057 0.116446
v -0.053796 0.000071 0.116620
v -0.053625 -0.000048 0.116777
v -0.053522 -0.000270 0.116874
v -0.053517 -0.000535 0.116882
v -0.053613 -0.000766 0.116798
v -0.053780 -0.000900 0.116648
v -0.053972 -0.000902 0.116473
v -0.054136 -0.000777 0.116322
v -0.054232 -0.000559 0.116232
v -0.054236 -0.000306 0.116225
v -0.051597 -0.000117 0.113338
v -0.051430 0.000021 0.113473
v -0.051229 0.000035 0.113636
v -0.051049 -0.000085 0.113783
v -0.050941 -0.000307 0.113874
v -0.050936 -0.000571 0.113881
v -0.051036 -0.000802 0.113802
v -0.051211 -0.000936 0.113661
v -0.051412 -0.000939 0.113498
v -0.051585 -0.000813 0.113356
v -0.051685 -0.000595 0.113271
v -0.051690 -0.000342 0.113265
v -0.048876 -0.000152 0.109808
v -0.048702 -0.000013 0.109934
v -0.048493 -0.000000 0.110086
v -0.048306 -0.000120 0.110224
v -0.048194 -0.000342 0.110308
v -0.048188 -0.000606 0.110315
v -0.048291 -0.000837 0.110241
v -0.048473 -0.000971 0.110109
v -0.048683 -0.000974 0.109956
v -0.048863 -0.000848 0.109824
v -0.048968 -0.000630 0.109745
v -0.048973 -0.000377 0.109739
v -0.045962 -0.000182 0.105606
v -0.045782 -0.000044 0.105725
v -0.045566 -0.000031 0.105867
v -0.045373 -0.000151 0.105995
v -0.045257 -0.000373 0.106073
v -0.045251 -0.000636 0.106079
v -0.045357 -0.000867 0.106010
v -0.045544 -0.001001 0.105887
v -0.045761 -0.001004 0.105745
v -0.045947 -0.000879 0.105620
v -0.046057 -0.000661 0.105547
v -0.046062 -0.000407 0.105542
v -0.042832 -0.000205 0.100628
v -0.042647 -0.000067 0.100740
v -0.042425 -0.000055 0.100873
v -0.042227 -0.000176 0.100992
v -0.042108 -0.000397 0.101065
v -0.042101 -0.000660 0.101070
v -0.042210 -0.000891 0.101005
v -0.042402 -0.001025 0.100890
v -0.042624 -0.001029 0.100757
v -0.042816 -0.000904 0.100641
v -0.042929 -0.000685 0.100572
v -0.042935 -0.000430 0.100567
v -0.039463 -0.000219 0.094769
v -0.039273 -0.000082 0.094873
v -0.039047 -0.000071 0.094998
v -0.038845 -0.000191 0.095110
v -0.038723 -0.000413 0.095178
v -0.038716 -0.000675 0.095182
v -0.038826 -0.000905 0.095121
v -0.039022 -0.001040 0.095014
v -0.039249 -0.001044 0.094888
v -0.039446 -0.000919 0.094779
v -0.039562 -0.000700 0.094715
v -0.039568 -0.000445 0.094711
v -0.035832 -0.000222 0.087922
v -0.035639 -0.000085 0.088021
v -0.035409 -0.000074 0.088139
v -0.035204 -0.000195 0.088244
v -0.035080 -0.000416 0.088307
v -0.035073 -0.000678 0.088311
v -0.035184 -0.000908 0.088254
v -0.035383 -0.001043 0.088152
v -0.035613 -0.001047 0.088034
v -0.035814 -0.000923 0.087931
v -0.035933 -0.000704 0.087871
v -0.035939 -0.000448 0.087867
v -0.031916 -0.000210 0.079984
v -0.031720 -0.000074 0.080078
v -0.031487 -0.000064 0.080190
v -0.031280 -0.000185 0.080289
v -0.031155 -0.000406 0.080349
v -0.031148 -0.000667 0.080352
v -0.031259 -0.000896 0.080298
v -0.031460 -0.001031 0.080201
v -0.031693 -0.001037 0.080089
v -0.031897 -0.000913 0.079992
v -0.032018 -0.000693 0.079934
v -0.032025 -0.000437 0.079931
v -0.027878 -0.000183 0.071330
v -0.027680 -0.000047 0.071421
v -0.027445 -0.000037 0.071529
v -0.027236 -0.000159 0.071624
v -0.027111 -0.000380 0.071680
v -0.027103 -0.000640 0.071683
v -0.027215 -0.000869 0.071630
v -0.027417 -0.001004 0.071538
v -0.027652 -0.001010 0.071430
v -0.027859 -0.000887 0.071336
v -0.027981 -0.000667 0.071281
v -0.027989 -0.000410 0.071279
v -0.023930 -0.000143 0.062513
v -0.023730 -0.000006 0.062601
v -0.023493 0.000003 0.062705
v -0.023284 -0.000119 0.062797
v -0.023157 -0.000339 0.062851
v -0.023150 -0.000599 0.062853
v -0.023262 -0.000828 0.062803
v -0.023465 -0.000964 0.062713
v -0.023702 -0.000970 0.062609
v -0.023910 -0.000847 0.062518
v -0.024034 -0.000627 0.062465
v -0.024041 -0.000370 0.062463
v -0.020121 -0.000092 0.053689
v -0.019920 0.000045 0.053776
v -0.019682 0.000054 0.053877
v -0.019471 -0.000068 0.053966
v -0.019344 -0.000289 0.054018
v -0.019336 -0.000548 0.054020
v -0.019450 -0.000777 0.053970
v -0.019653 -0.000913 0.053883
v -0.019891 -0.000919 0.053782
v -0.020101 -0.000796 0.053694
v -0.020225 -0.000576 0.053642
v -0.020233 -0.000319 0.053641
v -0.016502 -0.000033 0.045017
v -0.016300 0.000103 0.045101
v -0.016061 0.000112 0.045200
v -0.015849 -0.000010 0.045286
v -0.015721 -0.000230 0.045337
v -0.015713 -0.000490 0.045338
v -0.015827 -0.000719 0.045290
v -0.016031 -0.000854 0.045205
v -0.016271 -0.000861 0.045107
v -0.016481 -0.000738 0.045021
v -0.016606 -0.000518 0.044971
v -0.016614 -0.000260 0.044970
v -0.013122 0.000030 0.036653
v -0.012919 0.000166 0.036735
v -0.012679 0.000175 0.036831
v -0.012466 0.000053 0.036914
v -0.012338 -0.000167 0.036964
v -0.012330 -0.000427 0.036965
v -0.012444 -0.000656 0.036918
v -0.012649 -0.000791 0.036835
v -0.012889 -0.000798 0.036739
v -0.013101 -0.000675 0.036656
v -0.013227 -0.000455 0.036608
v -0.013235 -0.000197 0.036607
v -0.010032 0.000094 0.028754
v -0.009827 0.000231 0.028834
v -0.009586 0.000240 0.028926
v -0.009372 0.000118 0.029008
v -0.009243 -0.000103 0.029055
v -0.009235 -0.000362 0.029056
v -0.009350 -0.000591 0.029010
v -0.009556 -0.000727 0.028930
v -0.009798 -0.000733 0.028837
v -0.010010 -0.000610 0.028756
v -0.010136 -0.000391 0.028709
v -0.010144 -0.000133 0.028709
v -0.007280 0.000157 0.021476
v -0.007075 0.000294 0.021554
v -0.006833 0.000303 0.021644
v -0.006618 0.000181 0.021722
v -0.006488 -0.000040 0.021768
v -0.006480 -0.000300 0.021769
v -0.006595 -0.000528 0.021724
v -0.006802 -0.000664 0.021646
v -0.007045 -0.000671 0.021556
v -0.007258 -0.000547 0.021478
v -0.007385 -0.000328 0.021433
v -0.007393 -0.000070 0.021432
v -0.004918 0.000215 0.014978
v -0.004712 0.000352 0.015052
v -0.004468 0.000361 0.015139
v -0.004252 0.000240 0.015214
v -0.004122 0.000019 0.015258
v -0.004113 -0.000241 0.015259
v -0.004229 -0.000470 0.015216
v -0.004438 -0.000606 0.015141
v -0.004682 -0.000612 0.015054
v -0.004896 -0.000489 0.014979
v -0.005023 -0.000269 0.014936
v -0.005031 -0.000012 0.014936
v -0.002995 0.000265 0.009416
v -0.002789 0.000402 0.009486
v -0.002543 0.000412 0.009568
v -0.002325 0.000291 0.009639
v -0.002193 0.000070 0.009681
v -0.002185 -0.000191 0.009682
v -0.002302 -0.000420 0.009641
v -0.002512 -0.000556 0.009569
v -0.002758 -0.000561 0.009487
v -0.002973 -0.000438 0.009417
v -0.003101 -0.000218 0.009376
v -0.003109 0.000038 0.009376
v -0.001563 0.000303 0.004950
v -0.001356 0.000441 0.005012
v -0.001108 0.000453 0.005087
v -0.000887 0.000333 0.005153
v -0.000752 0.000111 0.005191
v -0.000744 -0.000152 0.005192
v -0.000864 -0.000382 0.005153
v -0.001077 -0.000517 0.005088
v -0.001325 -0.000521 0.005013
v -0.001541 -0.000396 0.004950
v -0.001669 -0.000178 0.004915
v -0.001677 0.000077 0.004914
v -0.000676 0.000327 0.001763
v -0.000470 0.000464 0.001795
v -0.000222 0.000483 0.001850
v 0.000007 0.000368 0.001909
v 0.000150 0.000142 0.001946
v 0.000159 -0.000131 0.001947
v 0.000031 -0.000366 0.001909
v -0.000191 -0.000495 0.001850
v -0.000439 -0.000492 0.001796
v -0.000654 -0.000369 0.001763
v -0.000786 -0.000153 0.001752
v -0.000794 0.000103 0.001752
v -0.000426 0.000309 0.000326
v -0.000217 0.000460 0.000106
v 0.000055 0.000504 -0.000113
v 0.000325 0.000403 -0.000282
v 0.000501 0.000166 -0.000372
v 0.000511 -0.000133 -0.000373
v 0.000350 -0.000381 -0.000283
v 0.000087 -0.000499 -0.000115
v -0.000187 -0.000473 0.000104
v -0.000405 -0.000336 0.000325
v -0.000529 -0.000132 0.000471
v -0.000537 0.000098 0.000472
v -0.025252 0.015914 -0.130909
v -0.025372 0.016261 -0.130612
v -0.025393 0.016388 -0.130165
v -0.025310 0.016244 -0.129727
v -0.025139 0.015899 -0.129444
v -0.024919 0.015478 -0.129374
v -0.024706 0.015090 -0.129501
v -0.024558 0.014813 -0.129786
v -0.024528 0.014712 -0.130162
v -0.024631 0.014812 -0.130541
v -0.024827 0.015086 -0.130836
v -0.025055 0.015480 -0.130978
v -0.023061 0.015561 -0.130816
v -0.022968 0.015858 -0.130523
v -0.022952 0.015969 -0.130108
v -0.023019 0.015858 -0.129699
v -0.023146 0.015566 -0.129423
v -0.023289 0.015191 -0.129352
v -0.023401 0.014841 -0.129485
v -0.023458 0.014598 -0.129764
v -0.023463 0.014505 -0.130121
v -0.023425 0.014582 -0.130483
v -0.023332 0.014821 -0.130771
v -0.023198 0.015177 -0.130902
v -0.021261 0.014644 -0.130627
v -0.021124 0.014897 -0.130340
v -0.021104 0.014998 -0.129943
v -0.021210 0.014916 -0.129558
v -0.021405 0.014681 -0.129299
v -0.021625 0.014367 -0.129231
v -0.021806 0.014061 -0.129356
v -0.021910 0.013834 -0.129630
v -0.021924 0.013742 -0.129987
v -0.021846 0.013807 -0.130343
v -0.021685 0.014014 -0.130614
v -0.021471 0.014318 -0.130723
v -0.019557 0.013282 -0.130333
v -0.019405 0.013502 -0.130052
v -0.019389 0.013598 -0.129675
v -0.019513 0.013542 -0.129313
v -0.019738 0.013353 -0.129069
v -0.019995 0.013089 -0.129004
v -0.020216 0.012821 -0.129125
v -0.020347 0.012617 -0.129395
v -0.020362 0.012525 -0.129746
v -0.020257 0.012571 -0.130092
v -0.020053 0.012743 -0.130347
v -0.019797 0.013003 -0.130438
v -0.017925 0.011593 -0.129934
v -0.017773 0.011793 -0.129661
v -0.017763 0.011888 -0.129303
v -0.017897 0.011851 -0.128961
v -0.018133 0.011697 -0.128730
v -0.018406 0.011469 -0.128669
v -0.018641 0.011230 -0.128787
v -0.018782 0.011039 -0.129050
v -0.018795 0.010946 -0.129392
v -0.018675 0.010974 -0.129726
v -0.018449 0.011119 -0.129966
v -0.018174 0.011345 -0.130044
v -0.016350 0.009690 -0.129426
v -0.016205 0.009878 -0.129163
v -0.016202 0.009975 -0.128822
v -0.016341 0.009955 -0.128499
v -0.016581 0.009825 -0.128281
v -0.016856 0.009623 -0.128223
v -0.017094 0.009401 -0.128337
v -0.017234 0.009218 -0.128591
v -0.017242 0.009120 -0.128922
v -0.017113 0.009134 -0.129243
v -0.016877 0.009259 -0.129471
v -0.016598 0.009462 -0.129539
v -0.014821 0.007682 -0.128807
v -0.014687 0.007867 -0.128554
v -0.014693 0.007969 -0.128231
v -0.014836 0.007962 -0.127927
v -0.015073 0.007851 -0.127721
v -0.015342 0.007664 -0.127665
v -0.015574 0.007453 -0.127772
v -0.015709 0.007270 -0.128015
v -0.015710 0.007165 -0.128333
v -0.015574 0.007166 -0.128642
v -0.015336 0.007276 -0.128857
v -0.015059 0.007465 -0.128918
v -0.013328 0.005682 -0.128071
v -0.013210 0.005869 -0.127831
v -0.013228 0.005978 -0.127528
v -0.013373 0.005983 -0.127242
v -0.013604 0.005884 -0.127047
v -0.013862 0.005708 -0.126992
v -0.014081 0.005498 -0.127089
v -0.014205 0.005311 -0.127319
v -0.014198 0.005195 -0.127622
v -0.014058 0.005184 -0.127917
v -0.013820 0.005284 -0.128122
v -0.013552 0.005467 -0.128179
v -0.011865 0.003797 -0.127215
v -0.011769 0.003993 -0.126991
v -0.011801 0.004112 -0.126710
v -0.011949 0.004128 -0.126445
v -0.012170 0.004039 -0.126261
v -0.012411 0.003866 -0.126202
v -0.012613 0.003653 -0.126287
v -0.012721 0.003454 -0.126498
v -0.012703 0.003324 -0.126783
v -0.012558 0.003301 -0.127065
v -0.012324 0.003394 -0.127262
v -0.012068 0.003578 -0.127316
v -0.010425 0.002142 -0.126235
v -0.010359 0.002350 -0.126034
v -0.010412 0.002483 -0.125781
v -0.010564 0.002510 -0.125539
v -0.010772 0.002425 -0.125364
v -0.010989 0.002251 -0.125298
v -0.011165 0.002028 -0.125361
v -0.011252 0.001812 -0.125547
v -0.011219 0.001663 -0.125812
v -0.011067 0.001627 -0.126080
v -0.010837 0.001719 -0.126270
v -0.010600 0.001909 -0.126325
v -0.009004 0.000826 -0.125131
v -0.008980 0.001051 -0.124961
v -0.009064 0.001197 -0.124745
v -0.009222 0.001233 -0.124532
v -0.009412 0.001152 -0.124365
v -0.009594 0.000974 -0.124282
v -0.009735 0.000738 -0.124312
v -0.009793 0.000500 -0.124463
v -0.009737 0.000327 -0.124699
v -0.009574 0.000277 -0.124950
v -0.009351 0.000370 -0.125137
v -0.009139 0.000575 -0.125201
v -0.007601 -0.000036 -0.123902
v -0.007628 0.000202 -0.123765
v -0.007739 0.000342 -0.123583
v -0.007894 0.000375 -0.123406
v -0.008064 0.000309 -0.123257
v -0.008223 0.000139 -0.123155
v -0.008325 -0.000111 -0.123143
v -0.008332 -0.000376 -0.123240
v -0.008234 -0.000572 -0.123429
v -0.008056 -0.000633 -0.123655
v -0.007849 -0.000536 -0.123844
v -0.007680 -0.000312 -0.123935
v -0.006181 -0.000393 -0.122520
v -0.006242 -0.000145 -0.122437
v -0.006381 0.000011 -0.122280
v -0.006557 0.000043 -0.122106
v -0.006730 -0.000041 -0.121966
v -0.006863 -0.000208 -0.121881
v -0.006926 -0.000436 -0.121854
v -0.006892 -0.000684 -0.121900
v -0.006759 -0.000879 -0.122026
v -0.006563 -0.000952 -0.122205
v -0.006364 -0.000873 -0.122383
v -0.006223 -0.000664 -0.122501
v -0.004846 -0.000425 -0.120832
v -0.004921 -0.000166 -0.120786
v -0.005093 0.000007 -0.120671
v -0.005309 0.000047 -0.120523
v -0.005509 -0.000048 -0.120389
v -0.005641 -0.000240 -0.120307
v -0.005683 -0.000474 -0.120287
v -0.005629 -0.000701 -0.120324
v -0.005485 -0.000878 -0.120414
v -0.005275 -0.000953 -0.120545
v -0.005055 -0.000888 -0.120686
v -0.004895 -0.000693 -0.120794
v -0.003672 -0.000419 -0.118607
v -0.003752 -0.000162 -0.118573
v -0.003940 0.000011 -0.118492
v -0.004176 0.000054 -0.118387
v -0.004393 -0.000036 -0.118288
v -0.004539 -0.000226 -0.118220
v -0.004583 -0.000467 -0.118198
v -0.004519 -0.000703 -0.118228
v -0.004357 -0.000878 -0.118302
v -0.004131 -0.000945 -0.118404
v -0.003899 -0.000877 -0.118507
v -0.003727 -0.000684 -0.118582
v -0.002653 -0.000409 -0.115865
v -0.002734 -0.000154 -0.115840
v -0.002926 0.000019 -0.115781
v -0.003171 0.000065 -0.115703
v -0.003400 -0.000022 -0.115629
v -0.003556 -0.000212 -0.115577
v -0.003605 -0.000457 -0.115560
v -0.003535 -0.000696 -0.115582
v -0.003361 -0.000871 -0.115638
v -0.003124 -0.000934 -0.115714
v -0.002884 -0.000863 -0.115790
v -0.002709 -0.000670 -0.115846
v -0.001774 -0.000395 -0.112594
v -0.001855 -0.000143 -0.112576
v -0.002049 0.000031 -0.112532
v -0.002298 0.000079 -0.112475
v -0.002534 -0.000006 -0.112419
v -0.002696 -0.000196 -0.112380
v -0.002746 -0.000443 -0.112367
v -0.002673 -0.000684 -0.112383
v -0.002493 -0.000859 -0.112425
v -0.002250 -0.000920 -0.112481
v -0.002006 -0.000847 -0.112538
v -0.001830 -0.000654 -0.112580
v -0.001024 -0.000378 -0.108790
v -0.001105 -0.000127 -0.108778
v -0.001300 0.000047 -0.108745
v -0.001551 0.000097 -0.108703
v -0.001791 0.000013 -0.108661
v -0.001957 -0.000178 -0.108632
v -0.002009 -0.000426 -0.108622
v -0.001934 -0.000668 -0.108634
v -0.001750 -0.000843 -0.108665
v -0.001503 -0.000902 -0.108706
v -0.001257 -0.000828 -0.108749
v -0.001080 -0.000635 -0.108779
v -0.000398 -0.000358 -0.104450
v -0.000479 -0.000108 -0.104441
v -0.000674 0.000066 -0.104418
v -0.000926 0.000117 -0.104386
v -0.001169 0.000034 -0.104356
v -0.001337 -0.000157 -0.104334
v -0.001389 -0.000406 -0.104326
v -0.001313 -0.000650 -0.104335
v -0.001127 -0.000824 -0.104357
v -0.000877 -0.000882 -0.104388
v -0.000631 -0.000806 -0.104419
v -0.000454 -0.000614 -0.104442
v 0.000110 -0.000335 -0.099569
v 0.000029 -0.000086 -0.099563
v -0.000165 0.000087 -0.099547
v -0.000418 0.000139 -0.099525
v -0.000662 0.000057 -0.099503
v -0.000832 -0.000134 -0.099487
v -0.000885 -0.000384 -0.099481
v -0.000808 -0.000628 -0.099487
v -0.000620 -0.000802 -0.099503
v -0.000369 -0.000860 -0.099525
v -0.000122 -0.000783 -0.099547
v 0.000054 -0.000591 -0.099563
v 0.000506 -0.000311 -0.094147
v 0.000426 -0.000063 -0.094143
v 0.000232 0.000111 -0.094132
v -0.000022 0.000163 -0.094117
v -0.000266 0.000082 -0.094102
v -0.000437 -0.000109 -0.094090
v -0.000491 -0.000360 -0.094086
v -0.000413 -0.000604 -0.094090
v -0.000224 -0.000778 -0.094100
v 0.000027 -0.000835 -0.094115
v 0.000275 -0.000758 -0.094131
v 0.000451 -0.000566 -0.094142
v 0.000795 -0.000285 -0.088180
v 0.000715 -0.000037 -0.088178
v 0.000521 0.000137 -0.088171
v 0.000268 0.000189 -0.088161
v 0.000023 0.000109 -0.088151
v -0.000149 -0.000083 -0.088144
v -0.000203 -0.000334 -0.088141
v -0.000125 -0.000579 -0.088143
v 0.000065 -0.000753 -0.088149
v 0.000317 -0.000809 -0.088159
v 0.000564 -0.000732 -0.088169
v 0.000740 -0.000540 -0.088176
v 0.000982 -0.000258 -0.081666
v 0.000902 -0.000010 -0.081665
v 0.000709 0.000163 -0.081662
v 0.000455 0.000216 -0.081657
v 0.000209 0.000136 -0.081651
v 0.000037 -0.000056 -0.081647
v -0.000017 -0.000307 -0.081645
v 0.000062 -0.000552 -0.081645
v 0.000252 -0.000726 -0.081649
v 0.000504 -0.000782 -0.081654
v 0.000751 -0.000704 -0.081659
v 0.000927 -0.000513 -0.081664
v 0.001072 -0.000230 -0.074603
v 0.000992 0.000017 -0.074604
v 0.000798 0.000191 -0.074603
v 0.000545 0.000244 -0.074602
v 0.000299 0.000164 -0.074600
v 0.000127 -0.000028 -0.074598
v 0.000073 -0.000279 -0.074597
v 0.000151 -0.000525 -0.074597
v 0.000342 -0.000699 -0.074597
v 0.000594 -0.000754 -0.074599
v 0.000841 -0.000676 -0.074600
v 0.001016 -0.000484 -0.074602
v 0.001069 -0.000202 -0.066992
v 0.000989 0.000045 -0.066993
v 0.000797 0.000219 -0.066995
v 0.000543 0.000273 -0.066996
v 0.000297 0.000193 -0.066996
v 0.000124 0.000001 -0.066996
v 0.000070 -0.000251 -0.066996
v 0.000149 -0.000497 -0.066994
v 0.000340 -0.000671 -0.066993
v 0.000593 -0.000726 -0.066992
v 0.000839 -0.000647 -0.066991
v 0.001014 -0.000455 -0.066992
v 0.001018 -0.000174 -0.059112
v 0.000938 0.000073 -0.059113
v 0.000746 0.000247 -0.059115
v 0.000493 0.000301 -0.059117
v 0.000247 0.000222 -0.059119
v 0.000073 0.000030 -0.059119
v 0.000019 -0.000223 -0.059119
v 0.000098 -0.000469 -0.059117
v 0.000290 -0.000643 -0.059115
v 0.000543 -0.000698 -0.059113
v 0.000789 -0.000619 -0.059112
v 0.000963 -0.000427 -0.059111
v 0.000960 -0.000146 -0.051309
v 0.000881 0.000101 -0.051310
v 0.000689 0.000274 -0.051312
v 0.000436 0.000329 -0.051314
v 0.000190 0.000250 -0.051316
v 0.000016 0.000058 -0.051317
v -0.000038 -0.000195 -0.051316
v 0.000041 -0.000441 -0.051315
v 0.000233 -0.000615 -0.051313
v 0.000486 -0.000670 -0.051310
v 0.000732 -0.000591 -0.051309
v 0.000906 -0.000399 -0.051308
v 0.000899 -0.000119 -0.043684
v 0.000820 0.000128 -0.043686
v 0.000628 0.000301 -0.043688
v 0.000375 0.000356 -0.043690
v 0.000129 0.000277 -0.043692
v -0.000045 0.000085 -0.043693
v -0.000099 -0.000168 -0.043692
v -0.000020 -0.000414 -0.043691
v 0.000172 -0.000588 -0.043688
v 0.000425 -0.000643 -0.043686
v 0.000671 -0.000564 -0.043684
v 0.000845 -0.000372 -0.043684
v 0.000837 -0.000093 -0.036340
v 0.000757 0.000154 -0.036342
v 0.000565 0.000327 -0.036344
v 0.000312 0.000382 -0.036347
v 0.000066 0.000303 -0.036348
v -0.000108 0.000111 -0.036349
v -0.000162 -0.000142 -0.036349
v -0.000083 -0.000389 -0.036347
v 0.000109 -0.000562 -0.036345
v 0.000362 -0.000617 -0.036343
v 0.000608 -0.000538 -0.036341
v 0.000782 -0.000346 -0.036340
v 0.000774 -0.000069 -0.029380
v 0.000694 0.000178 -0.029381
v 0.000503 0.000352 -0.029384
v 0.000250 0.000406 -0.029386
v 0.000003 0.000327 -0.029388
v -0.000171 0.000135 -0.029389
v -0.000225 -0.000118 -0.029389
v -0.000146 -0.000364 -0.029387
v 0.000046 -0.000538 -0.029385
v 0.000299 -0.000593 -0.029382
v 0.000545 -0.000513 -0.029380
v 0.000719 -0.000322 -0.029379
v 0.000713 -0.000046 -0.022905
v 0.000633 0.000200 -0.022907
v 0.000442 0.000374 -0.022909
v 0.000189 0.000429 -0.022912
v -0.000058 0.000349 -0.022914
v -0.000231 0.000157 -0.022915
v -0.000286 -0.000095 -0.022915
v -0.000207 -0.000342 -0.022913
v -0.000015 -0.000516 -0.022911
v 0.000238 -0.000570 -0.022908
v 0.000484 -0.000491 -0.022906
v 0.000658 -0.000299 -0.022905
v 0.000656 -0.000026 -0.017019
v 0.000576 0.000220 -0.017020
v 0.000385 0.000394 -0.017023
v 0.000132 0.000449 -0.017025
v -0.000115 0.000369 -0.017028
v -0.000288 0.000177 -0.017029
v -0.000343 -0.000075 -0.017028
v -0.000264 -0.000322 -0.017027
v -0.000072 -0.000496 -0.017024
v 0.000181 -0.000550 -0.017022
v 0.000427 -0.000471 -0.017020
v 0.000601 -0.000279 -0.017018
v 0.000605 -0.000009 -0.011823
v 0.000525 0.000237 -0.011825
v 0.000334 0.000411 -0.011827
v 0.000081 0.000466 -0.011830
v -0.000166 0.000387 -0.011832
v -0.000339 0.000195 -0.011833
v -0.000394 -0.000058 -0.011833
v -0.000315 -0.000305 -0.011831
v -0.000123 -0.000478 -0.011829
v 0.000130 -0.000533 -0.011826
v 0.000376 -0.000454 -0.011824
v 0.000550 -0.000262 -0.011823
v 0.000562 0.000005 -0.007420
v 0.000482 0.000252 -0.007422
v 0.000291 0.000425 -0.007424
v 0.000038 0.000480 -0.007427
v -0.000209 0.000401 -0.007429
v -0.000383 0.000209 -0.007430
v -0.000437 -0.000044 -0.007430
v -0.000358 -0.000291 -0.007428
v -0.000166 -0.000464 -0.007426
v 0.000087 -0.000519 -0.007423
v 0.000333 -0.000440 -0.007421
v 0.000507 -0.000248 -0.007420
v 0.000528 0.000016 -0.003914
v 0.000449 0.000262 -0.003915
v 0.000257 0.000436 -0.003917
v 0.000004 0.000490 -0.003920
v -0.000242 0.000411 -0.003922
v -0.000416 0.000219 -0.003923
v -0.000470 -0.000034 -0.003922
v -0.000391 -0.000280 -0.003921
v -0.000199 -0.000454 -0.003919
v 0.000054 -0.000508 -0.003916
v 0.000300 -0.000429 -0.003914
v 0.000474 -0.000237 -0.003913
v 0.000507 0.000022 -0.001405
v 0.000428 0.000268 -0.001407
v 0.000236 0.000442 -0.001408
v -0.000016 0.000497 -0.001410
v -0.000263 0.000418 -0.001412
v -0.000437 0.000226 -0.001412
v -0.000492 -0.000027 -0.001412
v -0.000412 -0.000274 -0.001411
v -0.000220 -0.000447 -0.001409
v 0.000033 -0.000502 -0.001408
v 0.000279 -0.000422 -0.001406
v 0.000452 -0.000231 -0.001405
v 0.000499 0.000024 -0.000013
v 0.000421 0.000270 -0.000009
v 0.000230 0.000444 -0.000003
v -0.000023 0.000500 0.000005
v -0.000270 0.000421 0.000011
v -0.000445 0.000229 0.000014
v -0.000499 -0.000025 0.000013
v -0.000419 -0.000273 0.000009
v -0.000226 -0.000446 0.000003
v 0.000027 -0.000499 -0.000005
v 0.000272 -0.000419 -0.000011
v 0.000445 -0.000228 -0.000014
v -0.025184 0.016362 -0.000729
v -0.025319 0.016703 -0.000438
v -0.025367 0.016836 -0.000000
v -0.025319 0.016703 0.000438
v -0.025184 0.016362 0.000729
v -0.024988 0.015936 0.000801
v -0.024776 0.015542 0.000667
v -0.024605 0.015266 0.000376
v -0.024538 0.015167 -0.000000
v -0.024605 0.015266 -0.000376
v -0.024776 0.015542 -0.000667
v -0.024988 0.015936 -0.000801
v -0.023007 0.016026 -0.000694
v -0.022910 0.016320 -0.000409
v -0.022873 0.016430 -0.000000
v -0.022910 0.016320 0.000409
v -0.023007 0.016026 0.000693
v -0.023130 0.015645 0.000776
v -0.023238 0.015286 0.000650
v -0.023302 0.015036 0.000367
v -0.023322 0.014946 -0.000000
v -0.023302 0.015036 -0.000367
v -0.023238 0.015286 -0.000650
v -0.023130 0.015645 -0.000776
v -0.020943 0.015136 -0.000663
v -0.020803 0.015390 -0.000389
v -0.020751 0.015485 -0.000000
v -0.020803 0.015390 0.000389
v -0.020943 0.015136 0.000663
v -0.021125 0.014800 0.000750
v -0.021296 0.014475 0.000637
v -0.021414 0.014244 0.000363
v -0.021455 0.014160 -0.000000
v -0.021414 0.014244 -0.000363
v -0.021296 0.014475 -0.000637
v -0.021125 0.014800 -0.000750
v -0.018798 0.013800 -0.000636
v -0.018641 0.014025 -0.000371
v -0.018582 0.014108 -0.000000
v -0.018641 0.014025 0.000371
v -0.018798 0.013800 0.000636
v -0.019007 0.013498 0.000725
v -0.019210 0.013204 0.000620
v -0.019354 0.012992 0.000355
v -0.019406 0.012915 -0.000000
v -0.019354 0.012992 -0.000355
v -0.019210 0.013204 -0.000620
v -0.019007 0.013498 -0.000725
v -0.016589 0.012133 -0.000611
v -0.016426 0.012337 -0.000355
v -0.016366 0.012413 -0.000000
v -0.016426 0.012337 0.000355
v -0.016589 0.012133 0.000611
v -0.016809 0.011857 0.000700
v -0.017025 0.011585 0.000602
v -0.017181 0.011388 0.000346
v -0.017237 0.011317 -0.000000
v -0.017181 0.011388 -0.000346
v -0.017025 0.011585 -0.000602
v -0.016809 0.011857 -0.000700
v -0.014342 0.010249 -0.000587
v -0.014180 0.010438 -0.000340
v -0.014120 0.010508 -0.000000
v -0.014180 0.010438 0.000340
v -0.014342 0.010249 0.000587
v -0.014562 0.009991 0.000675
v -0.014781 0.009736 0.000582
v -0.014940 0.009550 0.000335
v -0.014998 0.009482 -0.000000
v -0.014940 0.009550 -0.000335
v -0.014781 0.009736 -0.000583
v -0.014562 0.009991 -0.000675
v -0.012083 0.008258 -0.000563
v -0.011925 0.008437 -0.000325
v -0.011868 0.008502 -0.000000
v -0.011925 0.008437 0.000325
v -0.012083 0.008258 0.000563
v -0.012297 0.008013 0.000650
v -0.012512 0.007769 0.000563
v -0.012668 0.007591 0.000325
v -0.012726 0.007525 -0.000000
v -0.012668 0.007591 -0.000325
v -0.012512 0.007769 -0.000563
v -0.012297 0.008013 -0.000650
v -0.009840 0.006271 -0.000540
v -0.009692 0.006443 -0.000311
v -0.009638 0.006506 -0.000000
v -0.009692 0.006443 0.000311
v -0.009840 0.006271 0.000540
v -0.010043 0.006035 0.000625
v -0.010248 0.005798 0.000543
v -0.010399 0.005623 0.000314
v -0.010454 0.005559 -0.000000
v -0.010399 0.005623 -0.000314
v -0.010248 0.005798 -0.000543
v -0.010043 0.006035 -0.000625
v -0.007645 0.004402 -0.000516
v -0.007511 0.004569 -0.000296
v -0.007462 0.004631 -0.000000
v -0.007511 0.004569 0.000296
v -0.007645 0.004402 0.000516
v -0.007831 0.004169 0.000600
v -0.008021 0.003934 0.000524
v -0.008162 0.003760 0.000304
v -0.008214 0.003695 -0.000000
v -0.008162 0.003760 -0.000304
v -0.008021 0.003934 -0.000524
v -0.007831 0.004169 -0.000600
v -0.005530 0.002760 -0.000491
v -0.005416 0.002927 -0.000281
v -0.005375 0.002988 -0.000000
v -0.005416 0.002927 0.000281
v -0.005530 0.002760 0.000491
v -0.005691 0.002528 0.000575
v -0.005859 0.002290 0.000506
v -0.005986 0.002111 0.000295
v -0.006033 0.002045 -0.000000
v -0.005986 0.002111 -0.000295
v -0.005859 0.002290 -0.000506
v -0.005691 0.002528 -0.000575
v -0.003533 0.001461 -0.000465
v -0.003452 0.001631 -0.000264
v -0.003424 0.001692 -0.000000
v -0.003452 0.001631 0.000264
v -0.003533 0.001461 0.000465
v -0.003656 0.001224 0.000550
v -0.003791 0.000977 0.000490
v -0.003897 0.000789 0.000288
v -0.003937 0.000718 -0.000000
v -0.003897 0.000789 -0.000288
v -0.003791 0.000977 -0.000490
v -0.003656 0.001224 -0.000550
v -0.001687 0.000618 -0.000431
v -0.001644 0.000778 -0.000236
v -0.001631 0.000831 -0.000000
v -0.001644 0.000778 0.000236
v -0.001687 0.000618 0.000431
v -0.001757 0.000373 0.000526
v -0.001836 0.000106 0.000476
v -0.001899 -0.000101 0.000282
v -0.001923 -0.000178 -0.000000
v -0.001899 -0.000101 -0.000282
v -0.001836 0.000106 -0.000476
v -0.001757 0.000373 -0.000526
v 0.000010 0.000282 -0.000415
v 0.000036 0.000443 -0.000231
v 0.000047 0.000498 -0.000000
v 0.000036 0.000443 0.000231
v 0.000010 0.000282 0.000415
v -0.000013 0.000042 0.000500
v -0.000028 -0.000219 0.000450
v -0.000036 -0.000422 0.000266
v -0.000038 -0.000499 -0.000000
v -0.000036 -0.000422 -0.000266
v -0.000028 -0.000219 -0.000450
v -0.000013 0.000042 -0.000500
v 0.000989 0.000257 -0.000434
v 0.000998 0.000441 -0.000252
v 0.001002 0.000509 -0.000000
v 0.000998 0.000441 0.000252
v 0.000989 0.000257 0.000434
v 0.000987 0.000009 0.000500
v 0.000993 -0.000239 0.000434
v 0.001000 -0.000423 0.000252
v 0.001004 -0.000491 -0.000000
v 0.001000 -0.000423 -0.000252
v 0.000993 -0.000239 -0.000434
v 0.000987 0.000009 -0.000500
v 0.002485 0.000277 -0.000433
v 0.002483 0.000460 -0.000250
v 0.002482 0.000527 -0.000000
v 0.002483 0.000460 0.000250
v 0.002485 0.000277 0.000433
v 0.002488 0.000027 0.000500
v 0.002491 -0.000223 0.000433
v 0.002493 -0.000406 0.000250
v 0.002493 -0.000472 -0.000000
v 0.002493 -0.000406 -0.000250
v 0.002491 -0.000223 -0.000433
v 0.002488 0.000027 -0.000500
v 0.004405 0.000295 -0.000434
v 0.004404 0.000479 -0.000251
v 0.004403 0.000546 -0.000000
v 0.004404 0.000479 0.000251
v 0.004405 0.000295 0.000434
v 0.004407 0.000045 0.000500
v 0.004408 -0.000205 0.000432
v 0.004410 -0.000387 0.000249
v 0.004410 -0.000454 -0.000000
v 0.004410 -0.000387 -0.000249
v 0.004408 -0.000205 -0.000432
v 0.004407 0.000045 -0.000500
v 0.006644 0.000304 -0.000434
v 0.006645 0.000488 -0.000251
v 0.006645 0.000555 -0.000000
v 0.006645 0.000488 0.000251
v 0.006644 0.000304 0.000434
v 0.006644 0.000053 0.000500
v 0.006644 -0.000196 0.000432
v 0.006644 -0.000378 0.000249
v 0.006644 -0.000445 -0.000000
v 0.006644 -0.000378 -0.000249
v 0.006644 -0.000196 -0.000432
v 0.006644 0.000053 -0.000500
v 0.009106 0.000291 -0.000434
v 0.009108 0.000476 -0.000251
v 0.009108 0.000543 -0.000000
v 0.009108 0.000476 0.000251
v 0.009106 0.000291 0.000434
v 0.009103 0.000041 0.000500
v 0.009100 -0.000209 0.000432
v 0.009098 -0.000390 0.000249
v 0.009098 -0.000457 -0.000000
v 0.009098 -0.000390 -0.000249
v 0.009100 -0.000209 -0.000432
v 0.009103 0.000041 -0.000500
v 0.011690 0.000248 -0.000434
v 0.011695 0.000433 -0.000251
v 0.011696 0.000500 -0.000000
v 0.011695 0.000433 0.000251
v 0.011690 0.000248 0.000434
v 0.011684 -0.000003 0.000500
v 0.011678 -0.000252 0.000432
v 0.011674 -0.000433 0.000249
v 0.011672 -0.000499 -0.000000
v 0.011674 -0.000433 -0.000249
v 0.011678 -0.000252 -0.000432
v 0.011684 -0.000003 -0.000500
v 0.014301 0.000163 -0.000435
v 0.014308 0.000348 -0.000252
v 0.014311 0.000416 -0.000000
v 0.014308 0.000348 0.000252
v 0.014301 0.000163 0.000435
v 0.014290 -0.000088 0.000500
v 0.014279 -0.000336 0.000431
v 0.014271 -0.000517 0.000248
v 0.014269 -0.000583 -0.000000
v 0.014271 -0.000517 -0.000248
v 0.014279 -0.000336 -0.000431
v 0.014290 -0.000088 -0.000500
v 0.016839 0.000026 -0.000436
v 0.016851 0.000212 -0.000253
v 0.016856 0.000280 -0.000000
v 0.016851 0.000212 0.000253
v 0.016839 0.000026 0.000436
v 0.016822 -0.000225 0.000500
v 0.016805 -0.000473 0.000430
v 0.016792 -0.000652 0.000247
v 0.016788 -0.000717 -0.000000
v 0.016792 -0.000652 -0.000247
v 0.016805 -0.000473 -0.000430
v 0.016822 -0.000225 -0.000500
v 0.019208 -0.000174 -0.000437
v 0.019227 0.000013 -0.000254
v 0.019234 0.000082 -0.000000
v 0.019227 0.000013 0.000254
v 0.019208 -0.000174 0.000437
v 0.019181 -0.000425 0.000500
v 0.019155 -0.000671 0.000429
v 0.019136 -0.000848 0.000246
v 0.019129 -0.000913 -0.000000
v 0.019136 -0.000848 -0.000246
v 0.019155 -0.000671 -0.000429
v 0.019181 -0.000425 -0.000500
v 0.021311 -0.000449 -0.000440
v 0.021340 -0.000261 -0.000257
v 0.021351 -0.000191 -0.000000
v 0.021340 -0.000261 0.000257
v 0.021311 -0.000449 0.000440
v 0.021270 -0.000699 0.000500
v 0.021229 -0.000942 0.000427
v 0.021198 -0.001114 0.000244
v 0.021186 -0.001177 -0.000000
v 0.021198 -0.001114 -0.000244
v 0.021229 -0.000942 -0.000427
v 0.021270 -0.000699 -0.000500
v 0.023035 -0.000818 -0.000450
v 0.023067 -0.000617 -0.000269
v 0.023078 -0.000539 -0.000000
v 0.023067 -0.000617 0.000269
v 0.023035 -0.000818 0.000450
v 0.022981 -0.001061 0.000500
v 0.022879 -0.001265 0.000433
v 0.022699 -0.001399 0.000270
v 0.022592 -0.001459 -0.000000
v 0.022699 -0.001399 -0.000270
v 0.022879 -0.001265 -0.000433
v 0.022981 -0.001061 -0.000500
v 0.024346 -0.001322 -0.000473
v 0.024467 -0.001126 -0.000285
v 0.024513 -0.001052 -0.000000
v 0.024467 -0.001126 0.000285
v 0.024346 -0.001322 0.000473
v 0.024187 -0.001569 0.000502
v 0.023546 -0.002065 0.000188
v 0.020686 -0.002310 0.001084
v 0.020513 -0.002495 -0.000000
v 0.020686 -0.002310 -0.001084
v 0.023546 -0.002065 -0.000188
v 0.024187 -0.001569 -0.000502
v 0.024958 -0.002034 -0.000469
v 0.025165 -0.001945 -0.000284
v 0.025244 -0.001911 -0.000000
v 0.025165 -0.001945 0.000284
v 0.024958 -0.002034 0.000469
v 0.024711 -0.002152 0.000501
v 0.024254 -0.003001 0.000234
v 0.023893 -0.005377 0.001094
v 0.023638 -0.005539 -0.000000
v 0.023893 -0.005377 -0.001094
v 0.024254 -0.003001 -0.000234
v 0.024711 -0.002152 -0.000501
v 0.025357 -0.003265 -0.000450
v 0.025558 -0.003238 -0.000268
v 0.025635 -0.003228 -0.000000
v 0.025558 -0.003238 0.000268
v 0.025357 -0.003265 0.000450
v 0.025107 -0.003310 0.000500
v 0.024884 -0.003381 0.000424
v 0.024734 -0.003486 0.000251
v 0.024676 -0.003545 -0.000000
v 0.024734 -0.003486 -0.000251
v 0.024884 -0.003381 -0.000424
v 0.025107 -0.003310 -0.000500
v 0.025586 -0.004952 -0.000441
v 0.025778 -0.004938 -0.000258
v 0.025849 -0.004933 -0.000000
v 0.025778 -0.004938 0.000258
v 0.025586 -0.004952 0.000441
v 0.025333 -0.004972 0.000500
v 0.025089 -0.004994 0.000426
v 0.024916 -0.005013 0.000243
v 0.024853 -0.005020 -0.000000
v 0.024916 -0.005013 -0.000243
v 0.025089 -0.004994 -0.000426
v 0.025333 -0.004972 -0.000500
v 0.025681 -0.007023 -0.000437
v 0.025869 -0.007020 -0.000254
v 0.025939 -0.007019 -0.000000
v 0.025869 -0.007020 0.000254
v 0.025681 -0.007023 0.000437
v 0.025429 -0.007027 0.000500
v 0.025181 -0.007033 0.000429
v 0.025003 -0.007037 0.000246
v 0.024939 -0.007038 -0.000000
v 0.025003 -0.007037 -0.000246
v 0.025181 -0.007033 -0.000429
v 0.025429 -0.007027 -0.000500
v 0.025673 -0.009384 -0.000436
v 0.025859 -0.009388 -0.000253
v 0.025927 -0.009389 -0.000000
v 0.025859 -0.009388 0.000253
v 0.025673 -0.009384 0.000436
v 0.025421 -0.009379 0.000500
v 0.025173 -0.009374 0.000430
v 0.024993 -0.009371 0.000247
v 0.024927 -0.009370 -0.000000
v 0.024993 -0.009371 -0.000247
v 0.025173 -0.009374 -0.000430
v 0.025421 -0.009379 -0.000500
v 0.025587 -0.011944 -0.000435
v 0.025772 -0.011952 -0.000252
v 0.025840 -0.011955 -0.000000
v 0.025772 -0.011952 0.000252
v 0.025587 -0.011944 0.000435
v 0.025337 -0.011934 0.000500
v 0.025088 -0.011923 0.000431
v 0.024907 -0.011915 0.000248
v 0.024841 -0.011912 -0.000000
v 0.024907 -0.011915 -0.000248
v 0.025088 -0.011923 -0.000431
v 0.025337 -0.011934 -0.000500
v 0.025450 -0.014614 -0.000434
v 0.025633 -0.014625 -0.000251
v 0.025701 -0.014628 -0.000000
v 0.025634 -0.014625 0.000251
v 0.025450 -0.014614 0.000434
v 0.025200 -0.014600 0.000500
v 0.024951 -0.014586 0.000432
v 0.024769 -0.014575 0.000249
v 0.024703 -0.014571 -0.000000
v 0.024769 -0.014575 -0.000249
v 0.024951 -0.014586 -0.000432
v 0.025200 -0.014600 -0.000500
v 0.025284 -0.017302 -0.000433
v 0.025467 -0.017314 -0.000250
v 0.025534 -0.017318 -0.000000
v 0.025467 -0.017314 0.000250
v 0.025284 -0.017302 0.000433
v 0.025034 -0.017286 0.000500
v 0.024785 -0.017270 0.000433
v 0.024603 -0.017259 0.000250
v 0.024536 -0.017254 -0.000000
v 0.024603 -0.017259 -0.000250
v 0.024785 -0.017270 -0.000433
v 0.025034 -0.017286 -0.000500
v 0.025114 -0.019917 -0.000433
v 0.025296 -0.019929 -0.000250
v 0.025363 -0.019933 -0.000000
v 0.025296 -0.019929 0.000250
v 0.025114 -0.019917 0.000433
v 0.024864 -0.019901 0.000500
v 0.024615 -0.019885 0.000433
v 0.024432 -0.019874 0.000250
v 0.024365 -0.019870 -0.000000
v 0.024432 -0.019874 -0.000250
v 0.024615 -0.019885 -0.000433
v 0.024864 -0.019901 -0.000500
v 0.024963 -0.022367 -0.000432
v 0.025145 -0.022378 -0.000249
v 0.025211 -0.022381 -0.000000
v 0.025145 -0.022378 0.000249
v 0.024963 -0.022367 0.000432
v 0.024714 -0.022354 0.000500
v 0.024464 -0.022340 0.000434
v 0.024280 -0.022329 0.000251
v 0.024213 -0.022326 -0.000000
v 0.024280 -0.022329 -0.000251
v 0.024464 -0.022340 -0.000434
v 0.024714 -0.022354 -0.000500
v 0.024857 -0.024561 -0.000431
v 0.025037 -0.024567 -0.000248
v 0.025103 -0.024569 -0.000000
v 0.025037 -0.024567 0.000248
v 0.024857 -0.024561 0.000431
v 0.024609 -0.024552 0.000500
v 0.024358 -0.024543 0.000435
v 0.024172 -0.024536 0.000252
v 0.024104 -0.024533 -0.000000
v 0.024172 -0.024536 -0.000252
v 0.024358 -0.024543 -0.000435
v 0.024609 -0.024552 -0.000500
v 0.024819 -0.026376 -0.000429
v 0.024998 -0.026355 -0.000246
v 0.025063 -0.026347 -0.000000
v 0.024998 -0.026355 0.000246
v 0.024819 -0.026376 0.000429
v 0.024571 -0.026404 0.000500
v 0.024319 -0.026432 0.000437
v 0.024131 -0.026452 0.000254
v 0.024061 -0.026459 -0.000000
v 0.024131 -0.026452 -0.000254
v 0.024319 -0.026432 -0.000437
v 0.024571 -0.026404 -0.000500
v -0.155871 0.013064 -0.098474
v -0.155791 0.013377 -0.098123
v -0.155609 0.013444 -0.097675
v -0.155369 0.013290 -0.097279
v -0.155140 0.012989 -0.097011
v -0.154990 0.012605 -0.096912
v -0.154954 0.012221 -0.097015
v -0.155036 0.011940 -0.097296
v -0.155223 0.011827 -0.097677
v -0.155465 0.011901 -0.098080
v -0.155690 0.012171 -0.098423
v -0.155836 0.012603 -0.098585
v -0.152061 0.012765 -0.097827
v -0.152127 0.013071 -0.097521
v -0.152266 0.013165 -0.097125
v -0.152430 0.013032 -0.096767
v -0.152568 0.012737 -0.096545
v -0.152649 0.012380 -0.096494
v -0.152668 0.012043 -0.096596
v -0.152626 0.011775 -0.096828
v -0.152520 0.011633 -0.097164
v -0.152366 0.011683 -0.097534
v -0.152206 0.011941 -0.097827
v -0.152091 0.012343 -0.097940
v -0.149462 0.012028 -0.096192
v -0.149576 0.012336 -0.095930
v -0.149814 0.012458 -0.095617
v -0.150094 0.012370 -0.095349
v -0.150328 0.012118 -0.095191
v -0.150467 0.011785 -0.095167
v -0.150499 0.011450 -0.095274
v -0.150426 0.011179 -0.095492
v -0.150247 0.011029 -0.095776
v -0.149986 0.011052 -0.096060
v -0.149711 0.011268 -0.096263
v -0.149514 0.011629 -0.096315
v -0.147549 0.010955 -0.093808
v -0.147679 0.011261 -0.093592
v -0.147954 0.011411 -0.093358
v -0.148282 0.011369 -0.093173
v -0.148571 0.011163 -0.093079
v -0.148753 0.010855 -0.093092
v -0.148797 0.010524 -0.093209
v -0.148697 0.010245 -0.093405
v -0.148468 0.010082 -0.093631
v -0.148154 0.010082 -0.093830
v -0.147835 0.010262 -0.093946
v -0.147608 0.010583 -0.093939
v -0.146168 0.009649 -0.090908
v -0.146298 0.009950 -0.090723
v -0.146577 0.010116 -0.090542
v -0.146918 0.010106 -0.090413
v -0.147227 0.009933 -0.090367
v -0.147428 0.009649 -0.090412
v -0.147478 0.009326 -0.090536
v -0.147366 0.009044 -0.090709
v -0.147115 0.008871 -0.090888
v -0.146784 0.008855 -0.091027
v -0.146456 0.009010 -0.091084
v -0.146226 0.009302 -0.091041
v -0.145172 0.008194 -0.087671
v -0.145298 0.008485 -0.087508
v -0.145570 0.008659 -0.087359
v -0.145907 0.008669 -0.087265
v -0.146219 0.008518 -0.087248
v -0.146425 0.008252 -0.087312
v -0.146477 0.007939 -0.087438
v -0.146361 0.007658 -0.087595
v -0.146106 0.007481 -0.087744
v -0.145774 0.007456 -0.087844
v -0.145451 0.007596 -0.087866
v -0.145228 0.007866 -0.087803
v -0.144439 0.006668 -0.084276
v -0.144560 0.006949 -0.084127
v -0.144820 0.007123 -0.083997
v -0.145148 0.007144 -0.083922
v -0.145455 0.007009 -0.083921
v -0.145660 0.006756 -0.083993
v -0.145712 0.006452 -0.084119
v -0.145596 0.006177 -0.084266
v -0.145344 0.006001 -0.084395
v -0.145018 0.005973 -0.084473
v -0.144706 0.006103 -0.084477
v -0.144493 0.006357 -0.084405
v -0.143859 0.005153 -0.080905
v -0.143973 0.005422 -0.080765
v -0.144221 0.005592 -0.080644
v -0.144537 0.005617 -0.080577
v -0.144835 0.005492 -0.080580
v -0.145036 0.005250 -0.080653
v -0.145087 0.004955 -0.080776
v -0.144973 0.004687 -0.080916
v -0.144726 0.004517 -0.081036
v -0.144411 0.004491 -0.081104
v -0.144112 0.004615 -0.081102
v -0.143910 0.004858 -0.081029
v -0.143327 0.003733 -0.077747
v -0.143433 0.003987 -0.077611
v -0.143666 0.004149 -0.077491
v -0.143966 0.004175 -0.077419
v -0.144254 0.004056 -0.077415
v -0.144451 0.003821 -0.077481
v -0.144501 0.003533 -0.077600
v -0.144390 0.003274 -0.077739
v -0.144149 0.003113 -0.077858
v -0.143846 0.003094 -0.077927
v -0.143564 0.003219 -0.077929
v -0.143375 0.003453 -0.077863
v -0.142746 0.002500 -0.075006
v -0.142841 0.002736 -0.074867
v -0.143052 0.002882 -0.074731
v -0.143330 0.002903 -0.074638
v -0.143606 0.002786 -0.074613
v -0.143800 0.002554 -0.074666
v -0.143850 0.002269 -0.074780
v -0.143739 0.002018 -0.074922
v -0.143504 0.001873 -0.075051
v -0.143218 0.001871 -0.075134
v -0.142959 0.002004 -0.075155
v -0.142788 0.002234 -0.075110
v -0.142105 0.001618 -0.073033
v -0.142164 0.001807 -0.072809
v -0.142298 0.001888 -0.072583
v -0.142519 0.001891 -0.072433
v -0.142777 0.001776 -0.072365
v -0.142974 0.001538 -0.072389
v -0.143026 0.001245 -0.072499
v -0.142911 0.000998 -0.072657
v -0.142678 0.000878 -0.072811
v -0.142424 0.000910 -0.072926
v -0.142236 0.001070 -0.073019
v -0.142132 0.001327 -0.073096
v -0.140965 0.000824 -0.071433
v -0.141121 0.001040 -0.071469
v -0.141262 0.001222 -0.071261
v -0.141434 0.001231 -0.071001
v -0.141626 0.001073 -0.070808
v -0.141765 0.000798 -0.070745
v -0.141801 0.000498 -0.070832
v -0.141721 0.000275 -0.071039
v -0.141553 0.000205 -0.071295
v -0.141361 0.000312 -0.071518
v -0.141208 0.000557 -0.071635
v -0.141045 0.000814 -0.071536
v -0.139525 0.000712 -0.071001
v -0.139791 0.000889 -0.070853
v -0.139972 0.000972 -0.070689
v -0.140025 0.000950 -0.070448
v -0.140055 0.000783 -0.070226
v -0.140076 0.000507 -0.070126
v -0.140082 0.000217 -0.070197
v -0.140069 0.000017 -0.070417
v -0.140044 -0.000027 -0.070703
v -0.140009 0.000080 -0.070947
v -0.139930 0.000262 -0.071073
v -0.139637 0.000437 -0.071081
v -0.135853 0.000724 -0.071056
v -0.135858 0.000910 -0.070868
v -0.135867 0.000973 -0.070619
v -0.135869 0.000907 -0.070375
v -0.135865 0.000728 -0.070194
v -0.135859 0.000477 -0.070124
v -0.135857 0.000222 -0.070191
v -0.135861 0.000037 -0.070379
v -0.135867 -0.000027 -0.070628
v -0.135869 0.000039 -0.070873
v -0.135864 0.000217 -0.071054
v -0.135855 0.000468 -0.071124
v -0.128702 0.000723 -0.071057
v -0.128702 0.000906 -0.070874
v -0.128702 0.000973 -0.070624
v -0.128702 0.000906 -0.070374
v -0.128702 0.000723 -0.070191
v -0.128702 0.000473 -0.070124
v -0.128702 0.000223 -0.070191
v -0.128702 0.000040 -0.070374
v -0.128702 -0.000027 -0.070624
v -0.128702 0.000040 -0.070874
v -0.128702 0.000223 -0.071057
v -0.128702 0.000473 -0.071124
v -0.119149 0.000723 -0.071057
v -0.119149 0.000906 -0.070874
v -0.119149 0.000973 -0.070624
v -0.119149 0.000906 -0.070374
v -0.119149 0.000723 -0.070191
v -0.119149 0.000473 -0.070124
v -0.119149 0.000223 -0.070191
v -0.119149 0.000040 -0.070374
v -0.119149 -0.000027 -0.070624
v -0.119149 0.000040 -0.070874
v -0.119149 0.000223 -0.071057
v -0.119149 0.000473 -0.071124
v -0.107847 0.000723 -0.071057
v -0.107847 0.000906 -0.070874
v -0.107847 0.000973 -0.070624
v -0.107847 0.000906 -0.070374
v -0.107847 0.000723 -0.070191
v -0.107847 0.000473 -0.070124
v -0.107847 0.000223 -0.070191
v -0.107847 0.000040 -0.070374
v -0.107847 -0.000027 -0.070624
v -0.107847 0.000040 -0.070874
v -0.107847 0.000223 -0.071057
v -0.107847 0.000473 -0.071124
v -0.095430 0.000723 -0.071057
v -0.095430 0.000906 -0.070874
v -0.095430 0.000973 -0.070624
v -0.095430 0.000906 -0.070374
v -0.095430 0.000723 -0.070191
v -0.095430 0.000473 -0.070124
v -0.095430 0.000223 -0.070191
v -0.095430 0.000040 -0.070374
v -0.095430 -0.000027 -0.070624
v -0.095430 0.000040 -0.070874
v -0.095430 0.000223 -0.071057
v -0.095430 0.000473 -0.071124
v -0.082535 0.000723 -0.071057
v -0.082535 0.000906 -0.070874
v -0.082535 0.000973 -0.070624
v -0.082535 0.000906 -0.070374
v -0.082535 0.000723 -0.070191
v -0.082535 0.000473 -0.070124
v -0.082535 0.000223 -0.070191
v -0.082535 0.000040 -0.070374
v -0.082535 -0.000027 -0.070624
v -0.082535 0.000040 -0.070874
v -0.082535 0.000223 -0.071057
v -0.082535 0.000473 -0.071124
v -0.069797 0.000723 -0.071057
v -0.069797 0.000906 -0.070874
v -0.069797 0.000973 -0.070624
v -0.069797 0.000906 -0.070374
v -0.069797 0.000723 -0.070191
v -0.069797 0.000473 -0.070124
v -0.069797 0.000223 -0.070191
v -0.069797 0.000040 -0.070374
v -0.069797 -0.000027 -0.070624
v -0.069797 0.000040 -0.070874
v -0.069797 0.000223 -0.071057
v -0.069797 0.000473 -0.071124
v -0.057850 0.000723 -0.071057
v -0.057850 0.000906 -0.070874
v -0.057850 0.000973 -0.070624
v -0.057850 0.000906 -0.070374
v -0.057850 0.000723 -0.070191
v -0.057850 0.000473 -0.070124
v -0.057850 0.000223 -0.070191
v -0.057850 0.000040 -0.070374
v -0.057850 -0.000027 -0.070624
v -0.057850 0.000040 -0.070874
v -0.057850 0.000223 -0.071057
v -0.057850 0.000473 -0.071124
v -0.047331 0.000723 -0.071057
v -0.047331 0.000906 -0.070874
v -0.047331 0.000973 -0.070624
v -0.047331 0.000906 -0.070374
v -0.047331 0.000723 -0.070191
v -0.047331 0.000473 -0.070124
v -0.047331 0.000223 -0.070191
v -0.047331 0.000040 -0.070374
v -0.047331 -0.000027 -0.070624
v -0.047331 0.000040 -0.070874
v -0.047331 0.000223 -0.071057
v -0.047331 0.000473 -0.071124
v -0.038873 0.000723 -0.071057
v -0.038873 0.000906 -0.070874
v -0.038873 0.000973 -0.070624
v -0.038873 0.000906 -0.070374
v -0.038873 0.000723 -0.070191
v -0.038873 0.000473 -0.070124
v -0.038873 0.000223 -0.070191
v -0.038873 0.000040 -0.070374
v -0.038873 -0.000027 -0.070624
v -0.038873 0.000040 -0.070874
v -0.038873 0.000223 -0.071057
v -0.038873 0.000473 -0.071124
v -0.033119 0.000724 -0.071056
v -0.033116 0.000907 -0.070872
v -0.033114 0.000973 -0.070624
v -0.033116 0.000907 -0.070375
v -0.033120 0.000725 -0.070192
v -0.033122 0.000473 -0.070124
v -0.033121 0.000222 -0.070192
v -0.033117 0.000039 -0.070376
v -0.033114 -0.000027 -0.070624
v -0.033115 0.000039 -0.070873
v -0.033119 0.000222 -0.071056
v -0.033120 0.000473 -0.071124
v -0.030638 0.000736 -0.071047
v -0.030659 0.000921 -0.070846
v -0.030687 0.000973 -0.070583
v -0.030710 0.000885 -0.070338
v -0.030719 0.000697 -0.070177
v -0.030719 0.000469 -0.070125
v -0.030720 0.000244 -0.070180
v -0.030714 0.000060 -0.070340
v -0.030694 -0.000027 -0.070582
v -0.030667 0.000023 -0.070843
v -0.030643 0.000206 -0.071045
v -0.030632 0.000470 -0.071121
v -0.029620 0.000716 -0.070842
v -0.029668 0.000899 -0.070657
v -0.029732 0.000959 -0.070411
v -0.029788 0.000886 -0.070173
v -0.029821 0.000705 -0.070001
v -0.029831 0.000459 -0.069937
v -0.029825 0.000214 -0.070002
v -0.029799 0.000032 -0.070176
v -0.029749 -0.000041 -0.070414
v -0.029685 0.000018 -0.070658
v -0.029630 0.000199 -0.070843
v -0.029606 0.000457 -0.070912
v -0.027757 0.000672 -0.070303
v -0.027808 0.000856 -0.070125
v -0.027880 0.000921 -0.069884
v -0.027953 0.000853 -0.069647
v -0.028009 0.000670 -0.069474
v -0.028033 0.000422 -0.069412
v -0.028019 0.000174 -0.069476
v -0.027971 -0.000009 -0.069649
v -0.027900 -0.000079 -0.069887
v -0.027826 -0.000015 -0.070127
v -0.027768 0.000167 -0.070304
v -0.027742 0.000419 -0.070369
v -0.025182 0.000613 -0.069488
v -0.025235 0.000797 -0.069312
v -0.025310 0.000864 -0.069073
v -0.025388 0.000797 -0.068836
v -0.025448 0.000614 -0.068663
v -0.025474 0.000365 -0.068601
v -0.025459 0.000116 -0.068665
v -0.025407 -0.000067 -0.068839
v -0.025332 -0.000136 -0.069077
v -0.025254 -0.000071 -0.069315
v -0.025193 0.000111 -0.069489
v -0.025167 0.000362 -0.069553
v -0.022070 0.000540 -0.068467
v -0.022123 0.000724 -0.068292
v -0.022201 0.000792 -0.068054
v -0.022280 0.000725 -0.067817
v -0.022342 0.000543 -0.067645
v -0.022368 0.000293 -0.067582
v -0.022353 0.000044 -0.067647
v -0.022300 -0.000140 -0.067821
v -0.022223 -0.000208 -0.068058
v -0.022143 -0.000143 -0.068295
v -0.022081 0.000040 -0.068469
v -0.022054 0.000290 -0.068532
v -0.018599 0.000458 -0.067309
v -0.018653 0.000642 -0.067135
v -0.018730 0.000710 -0.066897
v -0.018811 0.000644 -0.066661
v -0.018873 0.000461 -0.066488
v -0.018900 0.000212 -0.066425
v -0.018885 -0.000038 -0.066490
v -0.018831 -0.000222 -0.066664
v -0.018753 -0.000290 -0.066901
v -0.018672 -0.000224 -0.067138
v -0.018610 -0.000042 -0.067311
v -0.018583 0.000208 -0.067374
v -0.014947 0.000372 -0.066083
v -0.015001 0.000555 -0.065909
v -0.015079 0.000623 -0.065672
v -0.015160 0.000557 -0.065435
v -0.015223 0.000375 -0.065262
v -0.015250 0.000125 -0.065199
v -0.015234 -0.000125 -0.065264
v -0.015180 -0.000309 -0.065438
v -0.015102 -0.000377 -0.065675
v -0.015021 -0.000311 -0.065912
v -0.014958 -0.000128 -0.066085
v -0.014931 0.000121 -0.066147
v -0.011295 0.000285 -0.064857
v -0.011349 0.000468 -0.064683
v -0.011426 0.000536 -0.064446
v -0.011507 0.000471 -0.064209
v -0.011569 0.000288 -0.064036
v -0.011596 0.000038 -0.063973
v -0.011581 -0.000212 -0.064038
v -0.011527 -0.000396 -0.064212
v -0.011449 -0.000463 -0.064450
v -0.011368 -0.000397 -0.064686
v -0.011306 -0.000215 -0.064859
v -0.011279 0.000035 -0.064922
v -0.007821 0.000203 -0.063700
v -0.007874 0.000386 -0.063527
v -0.007951 0.000455 -0.063289
v -0.008031 0.000389 -0.063052
v -0.008093 0.000207 -0.062878
v -0.008119 -0.000043 -0.062815
v -0.008104 -0.000294 -0.062880
v -0.008050 -0.000478 -0.063055
v -0.007973 -0.000545 -0.063293
v -0.007894 -0.000479 -0.063530
v -0.007832 -0.000296 -0.063702
v -0.007806 -0.000047 -0.063765
v -0.004707 0.000130 -0.062682
v -0.004759 0.000314 -0.062508
v -0.004833 0.000383 -0.062270
v -0.004911 0.000317 -0.062032
v -0.004972 0.000135 -0.061858
v -0.004998 -0.000115 -0.061794
v -0.004983 -0.000367 -0.061859
v -0.004930 -0.000550 -0.062035
v -0.004855 -0.000617 -0.062274
v -0.004777 -0.000550 -0.062511
v -0.004718 -0.000368 -0.062684
v -0.004692 -0.000119 -0.062746
v -0.002135 0.000072 -0.061872
v -0.002183 0.000255 -0.061698
v -0.002252 0.000325 -0.061460
v -0.002327 0.000261 -0.061220
v -0.002384 0.000079 -0.061043
v -0.002410 -0.000173 -0.060978
v -0.002395 -0.000425 -0.061044
v -0.002345 -0.000609 -0.061222
v -0.002273 -0.000675 -0.061463
v -0.002200 -0.000606 -0.061701
v -0.002145 -0.000424 -0.061873
v -0.002121 -0.000176 -0.061936
v -0.000444 0.000053 -0.061372
v -0.000381 0.000222 -0.061169
v -0.000393 0.000287 -0.060933
v -0.000459 0.000232 -0.060695
v -0.000526 0.000052 -0.060511
v -0.000558 -0.000209 -0.060441
v -0.000539 -0.000472 -0.060512
v -0.000479 -0.000656 -0.060698
v -0.000408 -0.000713 -0.060938
v -0.000376 -0.000645 -0.061171
v -0.000423 -0.000475 -0.061365
v -0.000476 -0.000213 -0.061460
v -0.000156 0.000000 -0.061296
v 0.000219 0.000177 -0.061079
v 0.000539 0.000275 -0.060809
v 0.000774 0.000244 -0.060520
v 0.000924 0.000063 -0.060284
v 0.000984 -0.000223 -0.060188
v 0.000950 -0.000512 -0.060277
v 0.000823 -0.000697 -0.060511
v 0.000611 -0.000728 -0.060802
v 0.000314 -0.000622 -0.061069
v -0.000060 -0.000430 -0.061279
v -0.000314 -0.000209 -0.061384
vn -0.6370 0.3536 -0.6850
vn 0.0175 0.5127 -0.8584
vn -0.1284 0.0305 -0.9913
vn -0.6975 -0.0334 -0.7158
vn -0.5805 0.6896 -0.4330
vn 0.1558 0.8535 -0.4972
vn -0.5413 0.8406 -0.0168
vn 0.2536 0.9673 -0.0089
vn -0.5278 0.7354 0.4251
vn 0.2881 0.8291 0.4791
vn -0.5427 0.4046 0.7360
vn 0.2517 0.4759 0.8427
vn -0.5831 -0.0306 0.8118
vn 0.1524 -0.0037 0.9883
vn -0.6402 -0.4152 0.6463
vn 0.0131 -0.4866 0.8735
vn -0.7007 -0.6337 0.3278
vn -0.1326 -0.8425 0.5221
vn -0.7477 -0.6637 -0.0197
vn -0.2450 -0.9692 0.0256
vn -0.7650 -0.5581 -0.3215
vn -0.2869 -0.8295 -0.4791
vn -0.7456 -0.3510 -0.5664
vn -0.2423 -0.4627 -0.8528
vn 0.0119 0.5052 -0.8629
vn -0.2132 0.0506 -0.9757
vn 0.2335 0.8218 -0.5198
vn 0.3937 0.9183 -0.0409
vn 0.4520 0.7721 0.4467
vn 0.3941 0.4221 0.8164
vn 0.2343 -0.0411 0.9713
vn 0.0129 -0.4961 0.8682
vn -0.2121 -0.8204 0.5310
vn -0.3795 -0.9239 0.0485
vn -0.4415 -0.7771 -0.4486
vn -0.3801 -0.4196 -0.8243
vn 0.0031 0.5045 -0.8634
vn -0.2630 0.0702 -0.9622
vn 0.2690 0.8016 -0.5339
vn 0.4642 0.8835 -0.0636
vn 0.5376 0.7299 0.4222
vn 0.4705 0.3821 0.7954
vn 0.2802 -0.0684 0.9575
vn 0.0164 -0.5027 0.8643
vn -0.2511 -0.8042 0.5387
vn -0.4500 -0.8905 0.0666
vn -0.5257 -0.7370 -0.4248
vn -0.4570 -0.3848 -0.8019
vn -0.0072 0.5076 -0.8615
vn -0.2964 0.0866 -0.9511
vn 0.2849 0.7909 -0.5416
vn 0.5018 0.8615 -0.0780
vn 0.5863 0.7015 0.4051
vn 0.5163 0.3541 0.7797
vn 0.3105 -0.0886 0.9464
vn 0.0230 -0.5092 0.8603
vn -0.2697 -0.7951 0.5432
vn -0.4889 -0.8687 0.0790
vn -0.5752 -0.7092 -0.4076
vn -0.5046 -0.3592 -0.7851
vn -0.0193 0.5135 -0.8579
vn -0.3217 0.1006 -0.9415
vn 0.2894 0.7871 -0.5447
vn 0.5216 0.8488 -0.0866
vn 0.6156 0.6828 0.3935
vn 0.5468 0.3339 0.7678
vn 0.3337 -0.1050 0.9368
vn 0.0327 -0.5170 0.8553
vn -0.2760 -0.7921 0.5444
vn -0.5096 -0.8560 0.0865
vn -0.6051 -0.6908 -0.3957
vn -0.5364 -0.3405 -0.7723
vn -0.0340 0.5219 -0.8523
vn -0.3433 0.1134 -0.9324
vn 0.2856 0.7891 -0.5439
vn 0.5296 0.8434 -0.0905
vn 0.6330 0.6710 0.3860
vn 0.5686 0.3186 0.7584
vn 0.3538 -0.1196 0.9276
vn 0.0459 -0.5269 0.8487
vn -0.2731 -0.7946 0.5423
vn -0.5180 -0.8507 0.0898
vn -0.6228 -0.6795 -0.3878
vn -0.5589 -0.3266 -0.7622
vn -0.0529 0.5336 -0.8441
vn -0.3639 0.1260 -0.9229
vn 0.2737 0.7966 -0.5389
vn 0.5279 0.8445 -0.0898
vn 0.6416 0.6650 0.3822
vn 0.5850 0.3068 0.7508
vn 0.3735 -0.1340 0.9179
vn 0.0638 -0.5398 0.8393
vn -0.2616 -0.8026 0.5361
vn -0.5160 -0.8520 0.0888
vn -0.6311 -0.6742 -0.3835
vn -0.5756 -0.3163 -0.7540
vn -0.0784 0.5495 -0.8318
vn -0.3863 0.1393 -0.9118
vn 0.2521 0.8107 -0.5284
vn 0.5160 0.8525 -0.0835
vn 0.6423 0.6642 0.3824
vn 0.5978 0.2972 0.7445
vn 0.3952 -0.1497 0.9063
vn 0.0889 -0.5572 0.8256
vn -0.2396 -0.8171 0.5243
vn -0.5030 -0.8604 0.0823
vn -0.6309 -0.6747 -0.3830
vn -0.5884 -0.3090 -0.7472
vn -0.1152 0.5715 -0.8125
vn -0.4136 0.1545 -0.8973
vn 0.2161 0.8332 -0.5089
vn 0.4904 0.8688 -0.0688
vn 0.6337 0.6691 0.3883
vn 0.6083 0.2891 0.7392
vn 0.4223 -0.1684 0.8907
vn 0.1259 -0.5812 0.8039
vn -0.2020 -0.8404 0.5029
vn -0.4750 -0.8774 0.0674
vn -0.6203 -0.6819 -0.3877
vn -0.5983 -0.3045 -0.7412
vn -0.1723 0.6020 -0.7797
vn -0.4515 0.1728 -0.8754
vn 0.1558 0.8670 -0.4733
vn 0.4428 0.8958 -0.0392
vn 0.6113 0.6807 0.4037
vn 0.6173 0.2814 0.7347
vn 0.4611 -0.1930 0.8661
vn 0.1856 -0.6157 0.7658
vn -0.1364 -0.8760 0.4627
vn -0.4210 -0.9063 0.0366
vn -0.5932 -0.6978 -0.4016
vn -0.6053 -0.3034 -0.7359
vn -0.2800 0.6433 -0.7126
vn -0.5166 0.1923 -0.8344
vn 0.0378 0.9179 -0.3949
vn 0.3472 0.9373 0.0305
vn 0.5617 0.6985 0.4434
vn 0.6256 0.2720 0.7312
vn 0.5258 -0.2248 0.8204
vn 0.2911 -0.6610 0.6916
vn -0.0167 -0.9244 0.3811
vn -0.3179 -0.9476 -0.0304
vn -0.5345 -0.7237 -0.4366
vn -0.6084 -0.3081 -0.7314
vn -0.4115 0.6742 -0.6132
vn -0.5916 0.2124 -0.7777
vn -0.1160 0.9527 -0.2808
vn 0.2136 0.9685 0.1277
vn 0.4847 0.7186 0.4987
vn 0.6234 0.2756 0.7317
vn 0.5951 -0.2379 0.7676
vn 0.4111 -0.6861 0.6002
vn 0.1214 -0.9537 0.2751
vn -0.1984 -0.9724 -0.1231
vn -0.4657 -0.7361 -0.4912
vn -0.6102 -0.3040 -0.7316
vn -0.4663 0.6842 -0.5608
vn -0.6237 0.2279 -0.7477
vn -0.1843 0.9570 -0.2241
vn 0.1472 0.9740 0.1722
vn 0.4398 0.7303 0.5227
vn 0.6142 0.2905 0.7337
vn 0.6231 -0.2273 0.7484
vn 0.4644 -0.6839 0.5627
vn 0.1815 -0.9570 0.2264
vn -0.1497 -0.9739 -0.1706
vn -0.4410 -0.7299 -0.5223
vn -0.6145 -0.2899 -0.7338
vn -0.4688 0.6847 -0.5580
vn -0.6303 0.2278 -0.7422
vn -0.1816 0.9575 -0.2242
vn 0.1541 0.9734 0.1694
vn 0.4484 0.7289 0.5173
vn 0.6227 0.2898 0.7269
vn 0.6306 -0.2266 0.7423
vn 0.4701 -0.6827 0.5594
vn 0.1838 -0.9564 0.2268
vn -0.1520 -0.9742 -0.1669
vn -0.4472 -0.7305 -0.5161
vn -0.6224 -0.2904 -0.7268
vn -0.4840 0.6855 -0.5438
vn -0.6522 0.2283 -0.7229
vn -0.1859 0.9579 -0.2187
vn 0.1617 0.9730 0.1646
vn 0.4656 0.7280 0.5033
vn 0.6450 0.2891 0.7074
vn 0.6526 -0.2267 0.7230
vn 0.4863 -0.6822 0.5460
vn 0.1900 -0.9561 0.2231
vn -0.1576 -0.9744 -0.1601
vn -0.4633 -0.7311 -0.5009
vn -0.6446 -0.2907 -0.7072
vn -0.5070 0.6863 -0.5215
vn -0.6836 0.2288 -0.6931
vn -0.1942 0.9583 -0.2097
vn 0.1702 0.9727 0.1577
vn 0.4885 0.7272 0.4823
vn 0.6762 0.2883 0.6780
vn 0.6840 -0.2270 0.6933
vn 0.5099 -0.6821 0.5241
vn 0.1996 -0.9560 0.2151
vn -0.1647 -0.9745 -0.1522
vn -0.4853 -0.7313 -0.4792
vn -0.6756 -0.2906 -0.6776
vn -0.5334 0.6868 -0.4937
vn -0.7188 0.2294 -0.6562
vn -0.2046 0.9585 -0.1984
vn 0.1785 0.9725 0.1495
vn 0.5132 0.7266 0.4568
vn 0.7107 0.2876 0.6420
vn 0.7192 -0.2275 0.6565
vn 0.5365 -0.6824 0.4965
vn 0.2106 -0.9561 0.2039
vn -0.1722 -0.9745 -0.1438
vn -0.5096 -0.7312 -0.4535
vn -0.7101 -0.2903 -0.6415
vn -0.5597 0.6871 -0.4633
vn -0.7534 0.2298 -0.6161
vn -0.2154 0.9587 -0.1859
vn 0.1860 0.9724 0.1408
vn 0.5369 0.7263 0.4293
vn 0.7443 0.2871 0.6030
vn 0.7537 -0.2280 0.6163
vn 0.5628 -0.6828 0.4658
vn 0.2217 -0.9562 0.1910
vn -0.1794 -0.9744 -0.1354
vn -0.5332 -0.7308 -0.4262
vn -0.7437 -0.2898 -0.6024
vn -0.5836 0.6872 -0.4326
vn -0.7846 0.2301 -0.5757
vn -0.2256 0.9587 -0.1732
vn 0.1922 0.9724 0.1323
vn 0.5579 0.7262 0.4018
vn 0.7744 0.2868 0.5639
vn 0.7849 -0.2285 0.5760
vn 0.5866 -0.6833 0.4348
vn 0.2317 -0.9564 0.1776
vn -0.1858 -0.9743 -0.1276
vn -0.5543 -0.7304 -0.3991
vn -0.7739 -0.2894 -0.5634
vn -0.6042 0.6872 -0.4033
vn -0.8113 0.2303 -0.5373
vn -0.2347 0.9587 -0.1608
vn 0.1972 0.9724 0.1244
vn 0.5756 0.7262 0.3759
vn 0.8001 0.2867 0.5269
vn 0.8116 -0.2289 0.5375
vn 0.6070 -0.6837 0.4051
vn 0.2403 -0.9567 0.1645
vn -0.1913 -0.9741 -0.1205
vn -0.5723 -0.7300 -0.3736
vn -0.7996 -0.2890 -0.5264
vn -0.6215 0.6871 -0.3763
vn -0.8335 0.2303 -0.5022
vn -0.2424 0.9586 -0.1493
vn 0.2011 0.9725 0.1174
vn 0.5902 0.7263 0.3523
vn 0.8214 0.2866 0.4930
vn 0.8338 -0.2292 0.5023
vn 0.6240 -0.6840 0.3778
vn 0.2475 -0.9568 0.1524
vn -0.1958 -0.9740 -0.1142
vn -0.5871 -0.7297 -0.3505
vn -0.8209 -0.2887 -0.4927
vn -0.6357 0.6870 -0.3521
vn -0.8517 0.2303 -0.4708
vn -0.2489 0.9585 -0.1389
vn 0.2042 0.9726 0.1113
vn 0.6020 0.7265 0.3314
vn 0.8388 0.2867 0.4629
vn 0.8519 -0.2293 0.4709
vn 0.6378 -0.6843 0.3534
vn 0.2533 -0.9570 0.1414
vn -0.1994 -0.9739 -0.1087
vn -0.5993 -0.7294 -0.3299
vn -0.8383 -0.2885 -0.4626
vn -0.6472 0.6868 -0.3308
vn -0.8664 0.2302 -0.4431
vn -0.2542 0.9584 -0.1296
vn 0.2065 0.9727 0.1061
vn 0.6115 0.7267 0.3132
vn 0.8528 0.2868 0.4364
vn 0.8666 -0.2294 0.4432
vn 0.6491 -0.6845 0.3318
vn 0.2581 -0.9571 0.1316
vn -0.2024 -0.9738 -0.1040
vn -0.6091 -0.7292 -0.3119
vn -0.8524 -0.2884 -0.4362
vn -0.6562 0.6865 -0.3133
vn -0.8776 0.2301 -0.4205
vn -0.2587 0.9582 -0.1220
vn 0.2079 0.9728 0.1019
vn 0.6184 0.7270 0.2983
vn 0.8634 0.2870 0.4149
vn 0.8777 -0.2295 0.4206
vn 0.6576 -0.6848 0.3140
vn 0.2616 -0.9573 0.1234
vn -0.2048 -0.9736 -0.1004
vn -0.6166 -0.7289 -0.2975
vn -0.8631 -0.2882 -0.4147
vn -0.6626 0.6862 -0.3002
vn -0.8855 0.2299 -0.4039
vn -0.2620 0.9581 -0.1161
vn 0.2087 0.9729 0.0991
vn 0.6232 0.7273 0.2876
vn 0.8708 0.2872 0.3991
vn 0.8855 -0.2296 0.4039
vn 0.6636 -0.6850 0.3007
vn 0.2640 -0.9574 0.1170
vn -0.2064 -0.9735 -0.0981
vn -0.6218 -0.7287 -0.2870
vn -0.8705 -0.2881 -0.3990
vn -0.6673 0.6861 -0.2899
vn -0.8913 0.2299 -0.3907
vn -0.2643 0.9580 -0.1113
vn 0.2094 0.9730 0.0971
vn 0.6268 0.7274 0.2793
vn 0.8763 0.2873 0.3868
vn 0.8914 -0.2295 0.3908
vn 0.6682 -0.6850 0.2903
vn 0.2661 -0.9574 0.1121
vn -0.2074 -0.9735 -0.0962
vn -0.6256 -0.7286 -0.2788
vn -0.8761 -0.2881 -0.3867
vn -0.6713 0.6860 -0.2807
vn -0.8964 0.2298 -0.3791
vn -0.2662 0.9580 -0.1070
vn 0.2101 0.9730 0.0953
vn 0.6299 0.7275 0.2719
vn 0.8810 0.2874 0.3758
vn 0.8965 -0.2295 0.3791
vn 0.6721 -0.6850 0.2810
vn 0.2679 -0.9574 0.1077
vn -0.2083 -0.9735 -0.0945
vn -0.6288 -0.7286 -0.2715
vn -0.8808 -0.2881 -0.3757
vn -0.6749 0.6859 -0.2723
vn -0.9009 0.2297 -0.3683
vn -0.2679 0.9579 -0.1032
vn 0.2107 0.9731 0.0935
vn 0.6327 0.7276 0.2651
vn 0.8852 0.2875 0.3656
vn 0.9009 -0.2294 0.3684
vn 0.6756 -0.6850 0.2726
vn 0.2694 -0.9574 0.1038
vn -0.2091 -0.9735 -0.0928
vn -0.6317 -0.7286 -0.2647
vn -0.8851 -0.2881 -0.3656
vn -0.6781 0.6858 -0.2643
vn -0.9050 0.2296 -0.3581
vn -0.2694 0.9579 -0.0996
vn 0.2114 0.9731 0.0917
vn 0.6354 0.7277 0.2584
vn 0.8892 0.2876 0.3559
vn 0.9051 -0.2293 0.3581
vn 0.6789 -0.6850 0.2646
vn 0.2709 -0.9574 0.1002
vn -0.2098 -0.9735 -0.0911
vn -0.6344 -0.7286 -0.2580
vn -0.8890 -0.2882 -0.3558
vn -0.6812 0.6858 -0.2563
vn -0.9090 0.2296 -0.3478
vn -0.2707 0.9579 -0.0961
vn 0.2122 0.9731 0.0898
vn 0.6381 0.7277 0.2516
vn 0.8931 0.2877 0.3459
vn 0.9091 -0.2292 0.3478
vn 0.6820 -0.6849 0.2566
vn 0.2723 -0.9573 0.0967
vn -0.2105 -0.9735 -0.0892
vn -0.6371 -0.7287 -0.2512
vn -0.8929 -0.2883 -0.3459
vn -0.6844 0.6858 -0.2477
vn -0.9132 0.2295 -0.3366
vn -0.2720 0.9579 -0.0924
vn 0.2132 0.9731 0.0876
vn 0.6410 0.7277 0.2441
vn 0.8971 0.2878 0.3352
vn 0.9133 -0.2291 0.3367
vn 0.6853 -0.6847 0.2481
vn 0.2738 -0.9573 0.0931
vn -0.2113 -0.9736 -0.0869
vn -0.6399 -0.7288 -0.2437
vn -0.8969 -0.2884 -0.3351
vn -0.6879 0.6858 -0.2378
vn -0.9180 0.2295 -0.3235
vn -0.2732 0.9579 -0.0883
vn 0.2144 0.9731 0.0848
vn 0.6444 0.7277 0.2351
vn 0.9018 0.2878 0.3224
vn 0.9181 -0.2289 0.3235
vn 0.6890 -0.6845 0.2382
vn 0.2755 -0.9572 0.0891
vn -0.2121 -0.9736 -0.0840
vn -0.6430 -0.7290 -0.2346
vn -0.9016 -0.2886 -0.3224
vn -0.6921 0.6859 -0.2246
vn -0.9240 0.2294 -0.3060
vn -0.2745 0.9580 -0.0829
vn 0.2163 0.9730 0.0809
vn 0.6489 0.7275 0.2228
vn 0.9078 0.2878 0.3052
vn 0.9242 -0.2286 0.3060
vn 0.6938 -0.6841 0.2251
vn 0.2778 -0.9570 0.0840
vn -0.2130 -0.9738 -0.0798
vn -0.6470 -0.7294 -0.2223
vn -0.9074 -0.2888 -0.3052
vn -0.6982 0.6864 -0.2036
vn -0.9328 0.2295 -0.2780
vn -0.2759 0.9583 -0.0746
vn 0.2199 0.9727 0.0741
vn 0.6561 0.7270 0.2025
vn 0.9169 0.2877 0.2767
vn 0.9334 -0.2279 0.2772
vn 0.7012 -0.6831 0.2040
vn 0.2816 -0.9565 0.0762
vn -0.2140 -0.9741 -0.0725
vn -0.6528 -0.7301 -0.2021
vn -0.9161 -0.2894 -0.2774
vn -0.7087 0.6868 -0.1615
vn -0.9471 0.2289 -0.2249
vn -0.2766 0.9593 -0.0571
vn 0.2303 0.9715 0.0567
vn 0.6733 0.7238 0.1509
vn 0.9362 0.2863 0.2039
vn 0.9526 -0.2254 0.2042
vn 0.7184 -0.6789 0.1516
vn 0.2922 -0.9546 0.0578
vn -0.2144 -0.9751 -0.0560
vn -0.6630 -0.7311 -0.1607
vn -0.9304 -0.2896 -0.2245
vn -0.5205 0.4387 -0.7325
vn -0.6272 0.1323 -0.7675
vn -0.2560 0.6899 -0.6772
vn 0.1375 0.7727 -0.6197
vn 0.5383 0.6170 -0.5740
vn 0.7968 0.2523 -0.5490
vn 0.8115 -0.2004 -0.5489
vn 0.5771 -0.5812 -0.5737
vn 0.1871 -0.7625 -0.6193
vn -0.2112 -0.7053 -0.6767
vn -0.4916 -0.4714 -0.7322
vn -0.6176 -0.1722 -0.7674
vn -0.5644 0.3888 -0.7282
vn 0.2185 0.4787 -0.8504
vn 0.0732 0.0104 -0.9973
vn -0.6184 -0.0355 -0.7850
vn -0.5305 0.7279 -0.4345
vn 0.3088 0.8186 -0.4843
vn -0.5247 0.8513 0.0055
vn 0.3231 0.9464 0.0049
vn -0.5482 0.7130 0.4372
vn 0.2580 0.8304 0.4939
vn -0.5955 0.3726 0.7118
vn 0.1291 0.4971 0.8581
vn -0.6548 -0.0357 0.7550
vn -0.0330 0.0281 0.9991
vn -0.7105 -0.3764 0.5945
vn -0.1882 -0.4541 0.8708
vn -0.7475 -0.5819 0.3203
vn -0.2931 -0.8152 0.4996
vn -0.7546 -0.6561 0.0057
vn -0.3113 -0.9502 -0.0133
vn -0.7292 -0.6040 -0.3217
vn -0.2349 -0.8207 -0.5208
vn -0.6789 -0.3964 -0.6181
vn -0.0922 -0.4661 -0.8799
vn 0.3687 0.3986 -0.8398
vn 0.1181 -0.0230 -0.9927
vn 0.5235 0.7120 -0.4679
vn 0.5450 0.8381 0.0248
vn 0.4280 0.7446 0.5123
vn 0.2008 0.4534 0.8684
vn -0.0804 0.0380 0.9960
vn -0.3420 -0.3911 0.8545
vn -0.5104 -0.7152 0.4774
vn -0.5342 -0.8447 -0.0312
vn -0.4060 -0.7445 -0.5300
vn -0.1653 -0.4423 -0.8815
vn 0.4607 0.3205 -0.8276
vn 0.1497 -0.0574 -0.9871
vn 0.6511 0.6109 -0.4504
vn 0.6727 0.7385 0.0451
vn 0.5199 0.6700 0.5299
vn 0.2309 0.4218 0.8768
vn -0.1198 0.0580 0.9911
vn -0.4387 -0.3244 0.8381
vn -0.6372 -0.6209 0.4565
vn -0.6592 -0.7504 -0.0495
vn -0.4985 -0.6776 -0.5407
vn -0.2013 -0.4231 -0.8834
vn 0.5174 0.2580 -0.8160
vn 0.1748 -0.0901 -0.9805
vn 0.7240 0.5352 -0.4352
vn 0.7411 0.6687 0.0611
vn 0.5636 0.6230 0.5424
vn 0.2372 0.4092 0.8811
vn -0.1523 0.0831 0.9848
vn -0.5003 -0.2680 0.8233
vn -0.7115 -0.5489 0.4387
vn -0.7276 -0.6830 -0.0643
vn -0.5447 -0.6343 -0.5486
vn -0.2138 -0.4168 -0.8835
vn 0.5550 0.2093 -0.8051
vn 0.1980 -0.1229 -0.9725
vn 0.7661 0.4837 -0.4233
vn 0.7752 0.6276 0.0718
vn 0.5794 0.6023 0.5491
vn 0.2296 0.4137 0.8810
vn -0.1812 0.1115 0.9771
vn -0.5422 -0.2230 0.8101
vn -0.7551 -0.4994 0.4247
vn -0.7623 -0.6430 -0.0745
vn -0.5626 -0.6153 -0.5522
vn -0.2109 -0.4247 -0.8805
vn 0.5825 0.1705 -0.7947
vn 0.2221 -0.1583 -0.9621
vn 0.7896 0.4520 -0.4150
vn 0.7878 0.6111 0.0768
vn 0.5766 0.6047 0.5495
vn 0.2114 0.4338 0.8759
vn -0.2097 0.1438 0.9671
vn -0.5729 -0.1871 0.7980
vn -0.7797 -0.4694 0.4145
vn -0.7749 -0.6271 -0.0793
vn -0.5609 -0.6186 -0.5502
vn -0.1960 -0.4469 -0.8728
vn 0.6046 0.1383 -0.7844
vn 0.2501 -0.1988 -0.9476
vn 0.8002 0.4369 -0.4108
vn 0.7835 0.6169 0.0745
vn 0.5575 0.6292 0.5416
vn 0.1821 0.4697 0.8638
vn -0.2412 0.1812 0.9534
vn -0.5975 -0.1581 0.7862
vn -0.7905 -0.4564 0.4084
vn -0.7696 -0.6339 -0.0771
vn -0.5419 -0.6439 -0.5401
vn -0.1690 -0.4847 -0.8582
vn 0.6242 0.1103 -0.7734
vn 0.2856 -0.2471 -0.9260
vn 0.7992 0.4371 -0.4126
vn 0.7618 0.6449 0.0615
vn 0.5199 0.6767 0.5212
vn 0.1381 0.5232 0.8410
vn -0.2796 0.2258 0.9332
vn -0.6190 -0.1344 0.7738
vn -0.7888 -0.4597 0.4081
vn -0.7455 -0.6634 -0.0642
vn -0.5029 -0.6926 -0.5171
vn -0.1263 -0.5404 -0.8319
vn 0.6435 0.0849 -0.7607
vn 0.3343 -0.3057 -0.8915
vn 0.7848 0.4521 -0.4239
vn 0.7174 0.6960 0.0310
vn 0.4565 0.7490 0.4802
vn 0.0719 0.5961 0.7997
vn -0.3304 0.2789 0.9017
vn -0.6393 -0.1155 0.7603
vn -0.7719 -0.4797 0.4173
vn -0.6963 -0.7170 -0.0332
vn -0.4358 -0.7664 -0.4719
vn -0.0598 -0.6163 -0.7852
vn 0.6645 0.0617 -0.7447
vn 0.4050 -0.3732 -0.8347
vn 0.7519 0.4804 -0.4514
vn 0.6398 0.7680 -0.0298
vn 0.3540 0.8437 0.4036
vn -0.0292 0.6863 0.7267
vn -0.4020 0.3391 0.8505
vn -0.6593 -0.1018 0.7450
vn -0.7332 -0.5153 0.4437
vn -0.6099 -0.7919 0.0301
vn -0.3261 -0.8622 -0.3878
vn 0.0437 -0.7097 -0.7032
vn 0.6889 0.0421 -0.7236
vn 0.5070 -0.4353 -0.7440
vn 0.6917 0.5124 -0.5089
vn 0.5083 0.8481 -0.1495
vn 0.1840 0.9480 0.2597
vn -0.1893 0.7784 0.5986
vn -0.5041 0.3935 0.7688
vn -0.6771 -0.0940 0.7298
vn -0.6662 -0.5537 0.4996
vn -0.4775 -0.8670 0.1428
vn -0.1625 -0.9554 -0.2468
vn 0.1963 -0.7981 -0.5697
vn 0.7459 0.0397 -0.6649
vn 0.6352 -0.4577 -0.6221
vn 0.6596 0.5291 -0.5338
vn 0.3958 0.8805 -0.2607
vn 0.0242 0.9960 0.0863
vn -0.3537 0.8374 0.4168
vn -0.6320 0.4439 0.6352
vn -0.7344 -0.0707 0.6751
vn -0.6374 -0.5603 0.5289
vn -0.3714 -0.8960 0.2434
vn -0.0074 -0.9948 -0.1019
vn 0.3598 -0.8346 -0.4170
vn 0.8373 0.0461 -0.5448
vn 0.7467 -0.4534 -0.4867
vn 0.7084 0.5343 -0.4611
vn 0.3918 0.8834 -0.2572
vn -0.0306 0.9994 0.0145
vn -0.4468 0.8484 0.2838
vn -0.7437 0.4660 0.4794
vn -0.8373 -0.0475 0.5447
vn -0.6999 -0.5485 0.4576
vn -0.3721 -0.8957 0.2435
vn 0.0529 -0.9980 -0.0348
vn 0.4609 -0.8348 -0.3011
vn 0.9113 0.0469 -0.4091
vn 0.8136 -0.4539 -0.3634
vn 0.7698 0.5356 -0.3472
vn 0.4248 0.8844 -0.1935
vn -0.0351 0.9993 0.0120
vn -0.4881 0.8460 0.2145
vn -0.8107 0.4624 0.3590
vn -0.9127 -0.0481 0.4059
vn -0.7651 -0.5454 0.3424
vn -0.4097 -0.8931 0.1858
vn 0.0544 -0.9983 -0.0209
vn 0.5013 -0.8364 -0.2218
vn 0.9513 0.0475 -0.3047
vn 0.8488 -0.4548 -0.2697
vn 0.8026 0.5374 -0.2590
vn 0.4409 0.8858 -0.1447
vn -0.0396 0.9992 0.0085
vn -0.5113 0.8445 0.1595
vn -0.8461 0.4609 0.2676
vn -0.9517 -0.0483 0.3033
vn -0.7986 -0.5444 0.2567
vn -0.4294 -0.8921 0.1406
vn 0.0541 -0.9984 -0.0132
vn 0.5214 -0.8376 -0.1633
vn 0.9728 0.0480 -0.2268
vn 0.8676 -0.4553 -0.2001
vn 0.8200 0.5386 -0.1934
vn 0.4491 0.8868 -0.1085
vn -0.0426 0.9991 0.0054
vn -0.5241 0.8434 0.1181
vn -0.8654 0.4599 0.1990
vn -0.9729 -0.0486 0.2262
vn -0.8169 -0.5438 0.1923
vn -0.4405 -0.8914 0.1064
vn 0.0535 -0.9985 -0.0080
vn 0.5318 -0.8383 -0.1201
vn 0.9846 0.0483 -0.1682
vn 0.8778 -0.4557 -0.1477
vn 0.8296 0.5395 -0.1440
vn 0.4535 0.8875 -0.0814
vn -0.0445 0.9990 0.0030
vn -0.5315 0.8426 0.0867
vn -0.8761 0.4591 0.1471
vn -0.9846 -0.0488 0.1679
vn -0.8272 -0.5434 0.1434
vn -0.4469 -0.8910 0.0803
vn 0.0528 -0.9986 -0.0044
vn 0.5373 -0.8388 -0.0878
vn 0.9912 0.0486 -0.1233
vn 0.8835 -0.4559 -0.1076
vn 0.8349 0.5401 -0.1062
vn 0.4558 0.8880 -0.0607
vn -0.0457 0.9990 0.0011
vn -0.5357 0.8421 0.0626
vn -0.8822 0.4585 0.1073
vn -0.9912 -0.0489 0.1232
vn -0.8330 -0.5431 0.1059
vn -0.4507 -0.8907 0.0600
vn 0.0522 -0.9986 -0.0019
vn 0.5402 -0.8391 -0.0632
vn 0.9949 0.0488 -0.0884
vn 0.8867 -0.4560 -0.0765
vn 0.8378 0.5406 -0.0767
vn 0.4569 0.8884 -0.0445
vn -0.0466 0.9989 -0.0004
vn -0.5382 0.8417 0.0438
vn -0.8856 0.4581 0.0763
vn -0.9949 -0.0490 0.0883
vn -0.8363 -0.5429 0.0765
vn -0.4529 -0.8905 0.0442
vn 0.0516 -0.9987 -0.0000
vn 0.5418 -0.8394 -0.0442
vn 0.9970 0.0489 -0.0608
vn 0.8884 -0.4561 -0.0519
vn 0.8394 0.5409 -0.0534
vn 0.4574 0.8887 -0.0317
vn -0.0472 0.9989 -0.0016
vn -0.5397 0.8414 0.0290
vn -0.8876 0.4578 0.0519
vn -0.9969 -0.0491 0.0607
vn -0.8382 -0.5428 0.0533
vn -0.4543 -0.8903 0.0315
vn 0.0512 -0.9987 0.0013
vn 0.5425 -0.8395 -0.0292
vn 0.9980 0.0491 -0.0387
vn 0.8893 -0.4562 -0.0324
vn 0.8402 0.5412 -0.0347
vn 0.4576 0.8889 -0.0214
vn -0.0476 0.9989 -0.0024
vn -0.5405 0.8412 0.0173
vn -0.8886 0.4575 0.0323
vn -0.9980 -0.0492 0.0387
vn -0.8392 -0.5427 0.0347
vn -0.4551 -0.8902 0.0213
vn 0.0509 -0.9987 0.0023
vn 0.5428 -0.8397 -0.0174
vn 0.9986 0.0492 -0.0209
vn 0.8897 -0.4562 -0.0166
vn 0.8405 0.5414 -0.0196
vn 0.4576 0.8890 -0.0131
vn -0.0480 0.9988 -0.0031
vn -0.5410 0.8410 0.0078
vn -0.8891 0.4573 0.0165
vn -0.9986 -0.0492 0.0208
vn -0.8398 -0.5426 0.0196
vn -0.4556 -0.8901 0.0130
vn 0.0506 -0.9987 0.0030
vn 0.5429 -0.8398 -0.0078
vn 0.9988 0.0492 -0.0063
vn 0.8898 -0.4563 -0.0037
vn 0.8406 0.5416 -0.0072
vn 0.4575 0.8892 -0.0062
vn -0.0482 0.9988 -0.0035
vn -0.5413 0.8408 0.0001
vn -0.8894 0.4572 0.0037
vn -0.9988 -0.0493 0.0063
vn -0.8400 -0.5425 0.0072
vn -0.4559 -0.8900 0.0062
vn 0.0504 -0.9987 0.0035
vn 0.5428 -0.8398 -0.0001
vn 0.9988 0.0493 0.0033
vn 0.8897 -0.4565 0.0047
vn 0.8405 0.5419 0.0009
vn 0.4571 0.8894 -0.0017
vn -0.0488 0.9988 -0.0038
vn -0.5417 0.8406 -0.0049
vn -0.8895 0.4569 -0.0047
vn -0.9988 -0.0493 -0.0033
vn -0.8402 -0.5423 -0.0009
vn -0.4563 -0.8898 0.0017
vn 0.0498 -0.9988 0.0038
vn 0.5424 -0.8401 0.0049
vn 0.9988 0.0493 0.0067
vn 0.8896 -0.4567 0.0078
vn 0.8403 0.5421 0.0039
vn 0.4568 0.8896 -0.0000
vn -0.0492 0.9988 -0.0039
vn -0.5420 0.8403 -0.0067
vn -0.8896 0.4567 -0.0078
vn -0.9988 -0.0493 -0.0067
vn -0.8403 -0.5421 -0.0039
vn -0.4567 -0.8896 -0.0000
vn 0.0493 -0.9988 0.0039
vn 0.5421 -0.8403 0.0067
vn 0.9988 0.0493 0.0075
vn 0.8896 -0.4567 0.0084
vn 0.8403 0.5421 0.0045
vn 0.4567 0.8896 0.0003
vn -0.5420 0.8403 -0.0071
vn -0.8896 0.4567 -0.0084
vn -0.9988 -0.0493 -0.0075
vn -0.8403 -0.5421 -0.0045
vn -0.4567 -0.8896 -0.0003
vn 0.5421 -0.8403 0.0071
vn 0.9988 0.0493 0.0081
vn 0.8896 -0.4567 0.0090
vn 0.8403 0.5421 0.0050
vn 0.4567 0.8896 0.0006
vn -0.5420 0.8403 -0.0075
vn -0.8896 0.4567 -0.0090
vn -0.9988 -0.0493 -0.0081
vn -0.8403 -0.5421 -0.0050
vn -0.4567 -0.8896 -0.0006
vn 0.5421 -0.8403 0.0075
vn 0.9987 0.0493 0.0086
vn 0.8896 -0.4567 0.0094
vn 0.8403 0.5421 0.0055
vn 0.4567 0.8896 0.0009
vn -0.5420 0.8403 -0.0077
vn -0.8896 0.4567 -0.0094
vn -0.9987 -0.0493 -0.0086
vn -0.8403 -0.5421 -0.0055
vn -0.4567 -0.8896 -0.0009
vn 0.5421 -0.8403 0.0077
vn 0.9987 0.0493 0.0090
vn 0.8896 -0.4567 0.0098
vn 0.8403 0.5421 0.0059
vn 0.4567 0.8896 0.0011
vn -0.5420 0.8403 -0.0079
vn -0.8896 0.4567 -0.0098
vn -0.9987 -0.0493 -0.0090
vn -0.8403 -0.5421 -0.0059
vn -0.4567 -0.8896 -0.0011
vn 0.5421 -0.8403 0.0079
vn 0.9987 0.0493 0.0094
vn 0.8896 -0.4567 0.0101
vn 0.8403 0.5421 0.0062
vn 0.4567 0.8896 0.0013
vn -0.0493 0.9988 -0.0039
vn -0.5420 0.8403 -0.0081
vn -0.8896 0.4567 -0.0101
vn -0.9987 -0.0493 -0.0094
vn -0.8403 -0.5421 -0.0062
vn -0.4567 -0.8896 -0.0013
vn 0.5421 -0.8403 0.0081
vn 0.9987 0.0493 0.0096
vn 0.8896 -0.4567 0.0102
vn 0.8403 0.5421 0.0064
vn 0.4567 0.8896 0.0015
vn -0.0493 0.9988 -0.0038
vn -0.8896 0.4567 -0.0102
vn -0.9987 -0.0493 -0.0096
vn -0.8403 -0.5421 -0.0064
vn -0.4567 -0.8896 -0.0015
vn 0.0493 -0.9988 0.0038
vn 0.8403 0.5421 0.0065
vn 0.4567 0.8896 0.0016
vn -0.0493 0.9988 -0.0037
vn -0.8403 -0.5421 -0.0065
vn -0.4567 -0.8896 -0.0016
vn 0.0493 -0.9988 0.0037
vn 0.9987 0.0493 0.0095
vn 0.8896 -0.4567 0.0100
vn -0.0493 0.9988 -0.0036
vn -0.5421 0.8403 -0.0078
vn -0.8896 0.4567 -0.0100
vn -0.9987 -0.0493 -0.0095
vn 0.0493 -0.9988 0.0036
vn 0.5420 -0.8403 0.0078
vn 0.9987 0.0493 0.0089
vn 0.8896 -0.4567 0.0093
vn 0.8403 0.5422 0.0060
vn 0.4566 0.8897 0.0016
vn -0.0494 0.9988 -0.0033
vn -0.5421 0.8403 -0.0073
vn -0.8896 0.4567 -0.0093
vn -0.9987 -0.0493 -0.0089
vn -0.8403 -0.5420 -0.0060
vn -0.4568 -0.8896 -0.0016
vn 0.0492 -0.9988 0.0033
vn 0.5420 -0.8403 0.0073
vn 0.9988 0.0494 0.0068
vn 0.8896 -0.4567 0.0072
vn 0.8402 0.5423 0.0047
vn 0.4565 0.8897 0.0013
vn -0.0495 0.9988 -0.0025
vn -0.5422 0.8402 -0.0056
vn -0.8896 0.4566 -0.0071
vn -0.9988 -0.0492 -0.0068
vn -0.8404 -0.5419 -0.0047
vn -0.4569 -0.8895 -0.0013
vn 0.0490 -0.9988 0.0025
vn 0.5419 -0.8404 0.0056
vn 0.7532 0.0367 0.6567
vn 0.6709 -0.3441 0.6569
vn 0.6351 0.4084 0.6556
vn 0.3468 0.6724 0.6539
vn -0.0360 0.7574 0.6520
vn -0.4110 0.6388 0.6504
vn -0.6762 0.3475 0.6496
vn -0.7592 -0.0380 0.6498
vn -0.6374 -0.4125 0.6508
vn -0.3447 -0.6748 0.6526
vn 0.0387 -0.7551 0.6545
vn 0.4099 -0.6337 0.6560
vn -0.5853 0.3805 -0.7160
vn 0.1545 0.4914 -0.8571
vn 0.0170 0.0162 -0.9997
vn -0.6385 -0.0338 -0.7689
vn -0.5476 0.7164 -0.4323
vn 0.2523 0.8336 -0.4913
vn -0.5340 0.8455 -0.0000
vn 0.2877 0.9577 -0.0000
vn -0.5476 0.7164 0.4323
vn 0.2523 0.8336 0.4913
vn -0.5853 0.3805 0.7160
vn 0.1545 0.4914 0.8571
vn -0.6385 -0.0338 0.7689
vn 0.0170 0.0162 0.9997
vn -0.6942 -0.3860 0.6076
vn -0.1266 -0.4681 0.8745
vn -0.7371 -0.5942 0.3220
vn -0.2376 -0.8277 0.5084
vn -0.7533 -0.6576 -0.0000
vn -0.2799 -0.9600 -0.0000
vn -0.7371 -0.5942 -0.3220
vn -0.2376 -0.8277 -0.5084
vn -0.6942 -0.3860 -0.6076
vn -0.1266 -0.4681 -0.8745
vn 0.2444 0.4470 -0.8605
vn 0.0150 0.0061 -0.9999
vn 0.4098 0.7665 -0.4945
vn 0.4699 0.8827 -0.0000
vn 0.4098 0.7665 0.4945
vn 0.2444 0.4470 0.8605
vn 0.0150 0.0061 0.9999
vn -0.2190 -0.4396 0.8711
vn -0.3934 -0.7683 0.5049
vn -0.4580 -0.8890 -0.0000
vn -0.3934 -0.7683 -0.5049
vn -0.2190 -0.4397 -0.8711
vn 0.2930 0.4121 -0.8627
vn 0.0120 0.0007 -0.9999
vn 0.4971 0.7115 -0.4967
vn 0.5714 0.8207 -0.0000
vn 0.4971 0.7115 0.4967
vn 0.2930 0.4121 0.8627
vn 0.0120 0.0007 0.9999
vn -0.2716 -0.4134 0.8691
vn -0.4808 -0.7182 0.5030
vn -0.5577 -0.8300 -0.0000
vn -0.4808 -0.7182 -0.5030
vn -0.2716 -0.4134 -0.8691
vn 0.3191 0.3892 -0.8641
vn 0.0095 -0.0021 -1.0000
vn 0.5447 0.6746 -0.4981
vn 0.6271 0.7789 -0.0000
vn 0.5447 0.6746 0.4981
vn 0.3191 0.3892 0.8641
vn 0.0095 -0.0021 1.0000
vn -0.3015 -0.3950 0.8678
vn -0.5301 -0.6835 0.5018
vn -0.6140 -0.7893 -0.0000
vn -0.5301 -0.6835 -0.5018
vn -0.3015 -0.3950 -0.8678
vn 0.3322 0.3758 -0.8651
vn 0.0077 -0.0039 -1.0000
vn 0.5692 0.6534 -0.4991
vn 0.6559 0.7548 -0.0000
vn 0.5692 0.6534 0.4991
vn 0.3322 0.3758 0.8651
vn 0.0077 -0.0039 1.0000
vn -0.3174 -0.3844 0.8669
vn -0.5559 -0.6634 0.5008
vn -0.6433 -0.7656 -0.0000
vn -0.5559 -0.6634 -0.5008
vn -0.3174 -0.3844 -0.8669
vn 0.3363 0.3704 -0.8659
vn 0.0064 -0.0053 -1.0000
vn 0.5777 0.6453 -0.4999
vn 0.6660 0.7459 -0.0000
vn 0.5777 0.6453 0.4999
vn 0.3363 0.3704 0.8659
vn 0.0064 -0.0053 1.0000
vn -0.3235 -0.3811 0.8661
vn -0.5651 -0.6562 0.5001
vn -0.6535 -0.7569 -0.0000
vn -0.5651 -0.6562 -0.5001
vn -0.3235 -0.3811 -0.8661
vn 0.3324 0.3720 -0.8667
vn 0.0054 -0.0067 -1.0000
vn 0.5722 0.6496 -0.5006
vn 0.6600 0.7513 -0.0000
vn 0.5722 0.6496 0.5006
vn 0.3324 0.3720 0.8667
vn 0.0054 -0.0067 1.0000
vn -0.3211 -0.3849 0.8653
vn -0.5597 -0.6614 0.4993
vn -0.6470 -0.7625 -0.0000
vn -0.5597 -0.6614 -0.4993
vn -0.3211 -0.3849 -0.8653
vn 0.3197 0.3810 -0.8676
vn 0.0047 -0.0085 -1.0000
vn 0.5512 0.6668 -0.5015
vn 0.6361 0.7716 -0.0000
vn 0.5512 0.6668 0.5015
vn 0.3197 0.3810 0.8676
vn 0.0047 -0.0085 1.0000
vn -0.3091 -0.3967 0.8644
vn -0.5379 -0.6800 0.4983
vn -0.6214 -0.7835 -0.0000
vn -0.5379 -0.6800 -0.4983
vn -0.3091 -0.3967 -0.8644
vn 0.2944 0.3981 -0.8688
vn 0.0042 -0.0112 -0.9999
vn 0.5084 0.6991 -0.5027
vn 0.5871 0.8095 -0.0000
vn 0.5084 0.6991 0.5027
vn 0.2944 0.3981 0.8688
vn 0.0042 -0.0112 0.9999
vn -0.2835 -0.4182 0.8630
vn -0.4925 -0.7144 0.4970
vn -0.5687 -0.8225 -0.0000
vn -0.4925 -0.7144 -0.4970
vn -0.2835 -0.4182 -0.8630
vn 0.2485 0.4245 -0.8706
vn 0.0044 -0.0157 -0.9999
vn 0.4306 0.7485 -0.5044
vn 0.4980 0.8672 -0.0000
vn 0.4306 0.7485 0.5044
vn 0.2485 0.4245 0.8706
vn 0.0044 -0.0157 0.9999
vn -0.2346 -0.4518 0.8607
vn -0.4067 -0.7681 0.4946
vn -0.4691 -0.8831 -0.0000
vn -0.4067 -0.7681 -0.4946
vn -0.2346 -0.4518 -0.8607
vn 0.1595 0.4562 -0.8755
vn 0.0063 -0.0234 -0.9997
vn 0.2750 0.8147 -0.5105
vn 0.3182 0.9480 -0.0000
vn 0.2750 0.8147 0.5105
vn 0.1595 0.4562 0.8755
vn 0.0063 -0.0234 0.9997
vn -0.1429 -0.4939 0.8577
vn -0.2503 -0.8337 0.4922
vn -0.2892 -0.9573 -0.0000
vn -0.2503 -0.8337 -0.4922
vn -0.1429 -0.4939 -0.8577
vn 0.0468 0.4850 -0.8733
vn 0.0050 -0.0167 -0.9998
vn 0.0741 0.8584 -0.5076
vn 0.0830 0.9965 -0.0000
vn 0.0741 0.8584 0.5076
vn 0.0468 0.4850 0.8733
vn 0.0050 -0.0167 0.9998
vn -0.0400 -0.5101 0.8592
vn -0.0741 -0.8666 0.4934
vn -0.0867 -0.9962 -0.0000
vn -0.0741 -0.8666 -0.4934
vn -0.0400 -0.5101 -0.8592
vn -0.0077 0.5006 -0.8656
vn -0.0004 -0.0003 -1.0000
vn -0.0156 0.8664 -0.4991
vn -0.0192 0.9998 -0.0000
vn -0.0156 0.8664 0.4991
vn -0.0077 0.5006 0.8656
vn -0.0004 -0.0003 1.0000
vn 0.0037 -0.5009 0.8655
vn 0.0054 -0.8664 0.4992
vn 0.0057 -1.0000 -0.0000
vn 0.0054 -0.8664 -0.4992
vn 0.0037 -0.5009 -0.8655
vn -0.0056 0.5001 -0.8659
vn -0.0000 0.0002 -1.0000
vn -0.0097 0.8660 -0.4999
vn -0.0112 0.9999 -0.0000
vn -0.0097 0.8660 0.4999
vn -0.0056 0.5001 0.8659
vn -0.0000 0.0002 1.0000
vn 0.0056 -0.4998 0.8661
vn 0.0097 -0.8659 0.5001
vn 0.0112 -0.9999 -0.0000
vn 0.0097 -0.8659 -0.5001
vn 0.0056 -0.4998 -0.8661
vn -0.0034 0.5004 -0.8658
vn -0.0000 0.0005 -1.0000
vn -0.0059 0.8661 -0.4998
vn -0.0069 1.0000 -0.0000
vn -0.0059 0.8661 0.4998
vn -0.0034 0.5004 0.8658
vn -0.0000 0.0005 1.0000
vn 0.0034 -0.4996 0.8662
vn 0.0059 -0.8659 0.5002
vn 0.0069 -1.0000 -0.0000
vn 0.0059 -0.8659 -0.5002
vn 0.0034 -0.4996 -0.8662
vn 0.0002 0.5005 -0.8657
vn -0.0000 0.0007 -1.0000
vn 0.0004 0.8662 -0.4997
vn 0.0005 1.0000 -0.0000
vn 0.0004 0.8662 0.4997
vn 0.0002 0.5005 0.8657
vn -0.0000 0.0007 1.0000
vn -0.0002 -0.4995 0.8663
vn -0.0004 -0.8658 0.5003
vn -0.0005 -1.0000 -0.0000
vn -0.0004 -0.8658 -0.5003
vn -0.0002 -0.4995 -0.8663
vn 0.0054 0.5007 -0.8656
vn -0.0000 0.0010 -1.0000
vn 0.0093 0.8662 -0.4996
vn 0.0107 0.9999 -0.0000
vn 0.0093 0.8662 0.4996
vn 0.0054 0.5007 0.8656
vn -0.0000 0.0010 1.0000
vn -0.0053 -0.4992 0.8664
vn -0.0092 -0.8657 0.5004
vn -0.0107 -0.9999 -0.0000
vn -0.0092 -0.8657 -0.5004
vn -0.0053 -0.4992 -0.8664
vn 0.0122 0.5008 -0.8655
vn -0.0000 0.0013 -1.0000
vn 0.0211 0.8661 -0.4994
vn 0.0244 0.9997 -0.0000
vn 0.0211 0.8661 0.4994
vn 0.0122 0.5008 0.8655
vn -0.0000 0.0013 1.0000
vn -0.0121 -0.4989 0.8666
vn -0.0211 -0.8654 0.5006
vn -0.0243 -0.9997 -0.0000
vn -0.0211 -0.8654 -0.5006
vn -0.0121 -0.4989 -0.8666
vn 0.0214 0.5009 -0.8653
vn 0.0001 0.0017 -1.0000
vn 0.0371 0.8657 -0.4992
vn 0.0428 0.9991 -0.0000
vn 0.0371 0.8657 0.4992
vn 0.0214 0.5009 0.8653
vn 0.0001 0.0017 1.0000
vn -0.0213 -0.4982 0.8668
vn -0.0370 -0.8648 0.5008
vn -0.0427 -0.9991 -0.0000
vn -0.0370 -0.8648 -0.5008
vn -0.0213 -0.4982 -0.8668
vn 0.0343 0.5007 -0.8650
vn 0.0002 0.0025 -1.0000
vn 0.0592 0.8646 -0.4989
vn 0.0684 0.9977 -0.0000
vn 0.0592 0.8646 0.4989
vn 0.0343 0.5007 0.8650
vn 0.0002 0.0025 1.0000
vn -0.0340 -0.4970 0.8671
vn -0.0590 -0.8634 0.5011
vn -0.0681 -0.9977 -0.0000
vn -0.0590 -0.8634 -0.5011
vn -0.0340 -0.4970 -0.8671
vn 0.0531 0.5000 -0.8644
vn 0.0004 0.0037 -1.0000
vn 0.0916 0.8621 -0.4984
vn 0.1057 0.9944 -0.0000
vn 0.0916 0.8621 0.4984
vn 0.0531 0.5000 0.8644
vn 0.0004 0.0037 1.0000
vn -0.0523 -0.4945 0.8676
vn -0.0909 -0.8603 0.5016
vn -0.1050 -0.9945 -0.0000
vn -0.0909 -0.8603 -0.5016
vn -0.0523 -0.4945 -0.8676
vn 0.0831 0.4978 -0.8633
vn 0.0011 0.0059 -1.0000
vn 0.1432 0.8557 -0.4973
vn 0.1652 0.9863 -0.0000
vn 0.1432 0.8557 0.4973
vn 0.0831 0.4978 0.8633
vn 0.0011 0.0059 1.0000
vn -0.0806 -0.4890 0.8685
vn -0.1402 -0.8532 0.5024
vn -0.1619 -0.9868 -0.0000
vn -0.1402 -0.8532 -0.5024
vn -0.0806 -0.4890 -0.8685
vn 0.1444 0.4910 -0.8591
vn 0.0055 0.0100 -0.9999
vn 0.2489 0.8341 -0.4923
vn 0.2872 0.9579 -0.0000
vn 0.2489 0.8341 0.4923
vn 0.1444 0.4910 0.8591
vn 0.0055 0.0100 0.9999
vn -0.1139 -0.4865 0.8662
vn -0.1591 -0.8560 0.4919
vn -0.1595 -0.9872 -0.0000
vn -0.1591 -0.8560 -0.4919
vn -0.1139 -0.4865 -0.8662
vn 0.3026 0.4308 -0.8502
vn 0.0254 0.0358 -0.9990
vn 0.5035 0.7143 -0.4861
vn 0.5766 0.8170 -0.0000
vn 0.5035 0.7143 0.4861
vn 0.3026 0.4308 0.8502
vn 0.0254 0.0358 0.9990
vn -0.0587 -0.2596 0.9639
vn 0.8359 -0.5230 0.1665
vn 0.8136 -0.5814 -0.0000
vn 0.8359 -0.5230 -0.1665
vn -0.0587 -0.2596 -0.9639
vn 0.4562 0.2578 -0.8517
vn 0.0278 0.0190 -0.9994
vn 0.7595 0.4318 -0.4865
vn 0.8690 0.4948 -0.0000
vn 0.7595 0.4318 0.4865
vn 0.4562 0.2578 0.8517
vn 0.0278 0.0190 0.9994
vn -0.3169 0.0726 0.9457
vn -0.5585 0.8134 0.1625
vn -0.5979 0.8016 -0.0000
vn -0.5585 0.8134 -0.1625
vn -0.3169 0.0726 -0.9457
vn 0.4996 0.1111 -0.8591
vn 0.0129 0.0044 -0.9999
vn 0.8489 0.1912 -0.4927
vn 0.9754 0.2206 -0.0000
vn 0.8489 0.1912 0.4927
vn 0.4996 0.1111 0.8591
vn 0.0129 0.0044 0.9999
vn -0.4852 -0.0915 0.8696
vn -0.8547 -0.1405 0.4997
vn -0.9887 -0.1500 -0.0000
vn -0.8547 -0.1405 -0.4997
vn -0.4852 -0.0915 -0.8696
vn 0.5035 0.0433 -0.8629
vn 0.0068 0.0008 -1.0000
vn 0.8646 0.0748 -0.4968
vn 0.9963 0.0864 -0.0000
vn 0.8646 0.0748 0.4968
vn 0.5035 0.0433 0.8629
vn 0.0068 0.0008 1.0000
vn -0.4935 -0.0409 0.8688
vn -0.8616 -0.0705 0.5026
vn -0.9967 -0.0812 -0.0000
vn -0.8616 -0.0705 -0.5026
vn -0.4935 -0.0409 -0.8688
vn 0.5029 0.0097 -0.8643
vn 0.0039 0.0001 -1.0000
vn 0.8669 0.0169 -0.4983
vn 0.9998 0.0195 -0.0000
vn 0.8669 0.0169 0.4983
vn 0.5029 0.0097 0.8643
vn 0.0039 0.0001 1.0000
vn -0.4970 -0.0093 0.8677
vn -0.8649 -0.0161 0.5017
vn -0.9998 -0.0185 -0.0000
vn -0.8649 -0.0161 -0.5016
vn -0.4970 -0.0093 -0.8677
vn 0.5017 -0.0097 -0.8650
vn 0.0024 -0.0000 -1.0000
vn 0.8665 -0.0167 -0.4989
vn 0.9998 -0.0192 -0.0000
vn 0.8665 -0.0167 0.4989
vn 0.5017 -0.0097 0.8650
vn 0.0024 -0.0000 1.0000
vn -0.4981 0.0097 0.8671
vn -0.8653 0.0169 0.5010
vn -0.9998 0.0195 -0.0000
vn -0.8653 0.0169 -0.5010
vn -0.4981 0.0097 -0.8671
vn 0.5007 -0.0215 -0.8654
vn 0.0015 -0.0001 -1.0000
vn 0.8656 -0.0372 -0.4994
vn 0.9991 -0.0429 -0.0000
vn 0.8656 -0.0372 0.4994
vn 0.5007 -0.0215 0.8654
vn 0.0015 -0.0001 1.0000
vn -0.4984 0.0215 0.8667
vn -0.8649 0.0373 0.5006
vn -0.9991 0.0430 -0.0000
vn -0.8649 0.0373 -0.5006
vn -0.4984 0.0215 -0.8667
vn 0.4998 -0.0285 -0.8657
vn 0.0008 -0.0000 -1.0000
vn 0.8648 -0.0494 -0.4996
vn 0.9984 -0.0570 -0.0000
vn 0.8648 -0.0494 0.4996
vn 0.4998 -0.0285 0.8657
vn 0.0008 -0.0000 1.0000
vn -0.4986 0.0285 0.8664
vn -0.8644 0.0494 0.5004
vn -0.9984 0.0570 -0.0000
vn -0.8644 0.0494 -0.5004
vn -0.4986 0.0285 -0.8664
vn 0.4992 -0.0318 -0.8659
vn 0.0003 -0.0000 -1.0000
vn 0.8643 -0.0551 -0.4999
vn 0.9980 -0.0637 -0.0000
vn 0.8643 -0.0551 0.4999
vn 0.4992 -0.0318 0.8659
vn 0.0003 -0.0000 1.0000
vn -0.4988 0.0318 0.8661
vn -0.8642 0.0551 0.5001
vn -0.9980 0.0637 -0.0000
vn -0.8642 0.0551 -0.5001
vn -0.4988 0.0318 -0.8661
vn 0.4988 -0.0318 -0.8662
vn -0.0003 -0.0000 -1.0000
vn 0.8642 -0.0550 -0.5001
vn 0.9980 -0.0636 -0.0000
vn 0.8642 -0.0550 0.5001
vn 0.4988 -0.0318 0.8662
vn -0.0003 -0.0000 1.0000
vn -0.4992 0.0318 0.8659
vn -0.8643 0.0550 0.4999
vn -0.9980 0.0635 -0.0000
vn -0.8644 0.0550 -0.4999
vn -0.4992 0.0318 -0.8659
vn 0.4985 -0.0277 -0.8665
vn -0.0010 0.0001 -1.0000
vn 0.8644 -0.0481 -0.5004
vn 0.9985 -0.0556 -0.0000
vn 0.8644 -0.0481 0.5004
vn 0.4985 -0.0277 0.8665
vn -0.0010 0.0001 1.0000
vn -0.5000 0.0278 0.8656
vn -0.8650 0.0481 0.4995
vn -0.9985 0.0555 -0.0000
vn -0.8650 0.0481 -0.4995
vn -0.5000 0.0278 -0.8656
vn 0.4980 -0.0179 -0.8670
vn -0.0022 0.0001 -1.0000
vn 0.8649 -0.0312 -0.5010
vn 0.9994 -0.0360 -0.0000
vn 0.8649 -0.0312 0.5010
vn 0.4980 -0.0179 0.8670
vn -0.0022 0.0001 1.0000
vn -0.5014 0.0179 0.8651
vn -0.8660 0.0309 0.4990
vn -0.9994 0.0357 -0.0000
vn -0.8660 0.0309 -0.4990
vn -0.5014 0.0179 -0.8651
vn 0.3799 -0.6605 -0.6476
vn 0.0060 -0.6531 -0.7572
vn 0.6475 -0.6660 -0.3704
vn 0.7442 -0.6680 -0.0000
vn 0.6475 -0.6660 0.3704
vn 0.3799 -0.6605 0.6476
vn 0.0060 -0.6531 0.7572
vn -0.3773 -0.6458 0.6638
vn -0.6636 -0.6405 0.3865
vn -0.7696 -0.6385 -0.0000
vn -0.6636 -0.6405 -0.3865
vn -0.3773 -0.6458 -0.6638
vn -0.5135 0.4324 -0.7412
vn 0.3864 0.4654 -0.7963
vn 0.3568 -0.0172 -0.9340
vn -0.5237 -0.0154 -0.8518
vn -0.5364 0.7418 -0.4026
vn 0.3201 0.8304 -0.4561
vn -0.5870 0.8088 0.0353
vn 0.1734 0.9848 0.0037
vn -0.6516 0.6367 0.4124
vn -0.0184 0.8833 0.4685
vn -0.7114 0.3240 0.6237
vn -0.2066 0.5417 0.8148
vn -0.7498 -0.0155 0.6615
vn -0.3388 0.0430 0.9399
vn -0.7591 -0.3221 0.5656
vn -0.3729 -0.4739 0.7978
vn -0.7381 -0.5729 0.3565
vn -0.2970 -0.8536 0.4280
vn -0.6899 -0.7231 0.0354
vn -0.1371 -0.9890 -0.0559
vn -0.6259 -0.6940 -0.3559
vn 0.0588 -0.8545 -0.5161
vn -0.5646 -0.4393 -0.6987
vn 0.2383 -0.4979 -0.8339
vn 0.6904 0.3838 -0.6133
vn 0.6366 -0.0944 -0.7654
vn 0.5698 0.7638 -0.3030
vn 0.3032 0.9488 0.0887
vn -0.0456 0.8857 0.4619
vn -0.3877 0.5826 0.7143
vn -0.6270 0.1146 0.7706
vn -0.6884 -0.3893 0.6120
vn -0.5516 -0.7842 0.2843
vn -0.2614 -0.9579 -0.1190
vn 0.0949 -0.8688 -0.4860
vn 0.4212 -0.5511 -0.7203
vn 0.8612 0.2952 -0.4139
vn 0.7928 -0.1796 -0.5824
vn 0.7079 0.6930 -0.1361
vn 0.3700 0.9114 0.1803
vn -0.0686 0.8894 0.4520
vn -0.4928 0.6269 0.6034
vn -0.7844 0.1908 0.5901
vn -0.8585 -0.3000 0.4159
vn -0.6931 -0.7091 0.1298
vn -0.3370 -0.9222 -0.1896
vn 0.1075 -0.8836 -0.4557
vn 0.5193 -0.6102 -0.5983
vn 0.9368 0.2289 -0.2644
vn 0.8613 -0.2437 -0.4459
vn 0.7675 0.6409 -0.0116
vn 0.3958 0.8846 0.2467
vn -0.0829 0.8933 0.4417
vn -0.5415 0.6611 0.5194
vn -0.8541 0.2478 0.4572
vn -0.9333 -0.2348 0.2719
vn -0.7564 -0.6539 0.0145
vn -0.3735 -0.8948 -0.2446
vn 0.1087 -0.8935 -0.4358
vn 0.5597 -0.6541 -0.5088
vn 0.9676 0.1870 -0.1696
vn 0.8887 -0.2844 -0.3596
vn 0.7909 0.6082 0.0671
vn 0.4043 0.8681 0.2880
vn -0.0910 0.8963 0.4340
vn -0.5631 0.6832 0.4650
vn -0.8837 0.2843 0.3719
vn -0.9647 -0.1929 0.1795
vn -0.7836 -0.6184 -0.0596
vn -0.3905 -0.8768 -0.2807
vn 0.1069 -0.8992 -0.4244
vn 0.5746 -0.6817 -0.4529
vn 0.9796 0.1636 -0.1166
vn 0.8992 -0.3073 -0.3115
vn 0.7995 0.5903 0.1111
vn 0.4063 0.8592 0.3109
vn -0.0959 0.8980 0.4294
vn -0.5728 0.6952 0.4343
vn -0.8958 0.3044 0.3239
vn -0.9772 -0.1693 0.1278
vn -0.7950 -0.5981 -0.1010
vn -0.3986 -0.8664 -0.3009
vn 0.1046 -0.9023 -0.4182
vn 0.5793 -0.6974 -0.4219
vn 0.9830 0.1554 -0.0975
vn 0.9018 -0.3162 -0.2945
vn 0.8013 0.5846 0.1272
vn 0.4052 0.8565 0.3196
vn -0.0992 0.8983 0.4281
vn -0.5768 0.6985 0.4235
vn -0.8995 0.3108 0.3071
vn -0.9808 -0.1610 0.1100
vn -0.7989 -0.5904 -0.1149
vn -0.4026 -0.8623 -0.3073
vn 0.1020 -0.9038 -0.4157
vn 0.5794 -0.7038 -0.4110
vn 0.9802 0.1626 -0.1129
vn 0.8987 -0.3109 -0.3091
vn 0.7979 0.5916 0.1155
vn 0.4014 0.8602 0.3144
vn -0.1021 0.8966 0.4308
vn -0.5770 0.6920 0.4338
vn -0.8969 0.3021 0.3230
vn -0.9773 -0.1687 0.1280
vn -0.7972 -0.5954 -0.0994
vn -0.4039 -0.8646 -0.2987
vn 0.0985 -0.9038 -0.4164
vn 0.5757 -0.7014 -0.4203
vn 0.9663 0.1901 -0.1733
vn 0.8854 -0.2872 -0.3654
vn 0.7853 0.6155 0.0667
vn 0.3920 0.8727 0.2909
vn -0.1050 0.8917 0.4402
vn -0.5703 0.6701 0.4751
vn -0.8815 0.2708 0.3868
vn -0.9595 -0.1996 0.1987
vn -0.7848 -0.6185 -0.0403
vn -0.4011 -0.8762 -0.2673
vn 0.0926 -0.9025 -0.4206
vn 0.5647 -0.6874 -0.4567
vn 0.9363 0.2294 -0.2659
vn 0.8567 -0.2409 -0.4562
vn 0.7572 0.6527 -0.0256
vn 0.3688 0.8982 0.2394
vn -0.1058 0.8787 0.4654
vn -0.5354 0.6158 0.5781
vn -0.8165 0.1937 0.5439
vn -0.8863 -0.2756 0.3722
vn -0.7296 -0.6757 0.1059
vn -0.3806 -0.9054 -0.1882
vn 0.0807 -0.9001 -0.4281
vn 0.5381 -0.6549 -0.5306
vn 0.5736 0.4475 -0.6861
vn 0.5424 -0.1441 -0.8277
vn 0.4939 0.8247 -0.2754
vn 0.2410 0.9596 0.1449
vn -0.0838 0.8522 0.5165
vn -0.3802 0.5271 0.7600
vn -0.5762 0.0691 0.8144
vn -0.6252 -0.4066 0.6661
vn -0.5154 -0.7812 0.3524
vn -0.2730 -0.9608 -0.0485
vn 0.0441 -0.8994 -0.4349
vn 0.3557 -0.6093 -0.7087
vn 0.0327 0.4954 -0.8681
vn 0.0585 0.0059 -0.9983
vn 0.0963 0.8654 -0.4918
vn 0.0758 0.9965 0.0344
vn -0.0215 0.8494 0.5273
vn -0.1215 0.4815 0.8680
vn -0.1888 -0.0052 0.9820
vn -0.2056 -0.4884 0.8481
vn -0.1679 -0.8492 0.5006
vn -0.0849 -0.9961 0.0231
vn 0.0195 -0.8831 -0.4687
vn 0.0998 -0.5211 -0.8476
vn -0.0072 0.4995 -0.8663
vn -0.0061 0.0022 -1.0000
vn -0.0049 0.8646 -0.5024
vn -0.0016 1.0000 -0.0021
vn -0.0005 0.8658 0.5004
vn -0.0023 0.4980 0.8672
vn -0.0048 -0.0017 1.0000
vn -0.0056 -0.4996 0.8662
vn -0.0039 -0.8649 0.5019
vn -0.0013 -1.0000 0.0018
vn -0.0005 -0.8657 -0.5005
vn -0.0028 -0.4977 -0.8674
vn -0.0000 0.5000 -0.8660
vn -0.0000 -0.0000 -1.0000
vn -0.0000 0.8660 -0.5000
vn -0.0000 1.0000 -0.0000
vn -0.0000 0.8660 0.5000
vn -0.0000 0.5000 0.8660
vn -0.0000 -0.0000 1.0000
vn -0.0000 -0.5000 0.8660
vn -0.0000 -0.8660 0.5000
vn -0.0000 -1.0000 -0.0000
vn -0.0000 -0.8660 -0.5000
vn -0.0000 -0.5000 -0.8660
vn 0.0022 0.4995 -0.8663
vn 0.0026 0.0001 -1.0000
vn 0.0010 0.8657 -0.5006
vn 0.0002 1.0000 -0.0001
vn 0.0008 0.8657 0.5006
vn 0.0023 0.4993 0.8664
vn 0.0033 -0.0001 1.0000
vn 0.0027 -0.4994 0.8664
vn 0.0012 -0.8656 0.5007
vn 0.0002 -1.0000 0.0001
vn 0.0007 -0.8657 -0.5005
vn 0.0019 -0.4994 -0.8664
vn 0.0898 0.4945 -0.8645
vn 0.0993 0.0006 -0.9951
vn 0.0569 0.8597 -0.5077
vn 0.0086 0.9998 -0.0160
vn -0.0440 0.8745 0.4830
vn -0.0878 0.5106 0.8553
vn -0.1083 0.0020 0.9941
vn -0.0962 -0.5079 0.8560
vn -0.0573 -0.8738 0.4830
vn -0.0057 -0.9998 -0.0173
vn 0.0450 -0.8593 -0.5095
vn 0.0830 -0.4935 -0.8658
vn 0.2131 0.4953 -0.8422
vn 0.2358 -0.0014 -0.9718
vn 0.1343 0.8618 -0.4892
vn 0.0181 0.9998 -0.0046
vn -0.1066 0.8695 0.4823
vn -0.2066 0.5039 0.8387
vn -0.2513 0.0025 0.9679
vn -0.2251 -0.4995 0.8366
vn -0.1373 -0.8670 0.4790
vn -0.0160 -0.9998 -0.0085
vn 0.1056 -0.8636 -0.4930
vn 0.1968 -0.4979 -0.8446
vn 0.2618 0.4965 -0.8276
vn 0.2903 -0.0029 -0.9569
vn 0.1634 0.8635 -0.4772
vn 0.0211 0.9998 0.0012
vn -0.1273 0.8682 0.4796
vn -0.2418 0.5034 0.8295
vn -0.2914 0.0032 0.9566
vn -0.2625 -0.4979 0.8266
vn -0.1630 -0.8650 0.4745
vn -0.0200 -0.9998 -0.0049
vn 0.1279 -0.8665 -0.4826
vn 0.2414 -0.5015 -0.8308
vn 0.2765 0.4966 -0.8228
vn 0.3067 -0.0033 -0.9518
vn 0.1723 0.8638 -0.4735
vn 0.0219 0.9998 0.0026
vn -0.1344 0.8679 0.4782
vn -0.2548 0.5032 0.8257
vn -0.3068 0.0035 0.9518
vn -0.2765 -0.4972 0.8224
vn -0.1720 -0.8645 0.4724
vn -0.0214 -0.9998 -0.0042
vn 0.1348 -0.8671 -0.4795
vn 0.2549 -0.5024 -0.8262
vn 0.2830 0.4966 -0.8205
vn 0.3140 -0.0035 -0.9494
vn 0.1763 0.8638 -0.4719
vn 0.0223 0.9997 0.0032
vn -0.1377 0.8678 0.4775
vn -0.2608 0.5032 0.8239
vn -0.3140 0.0036 0.9494
vn -0.2830 -0.4969 0.8203
vn -0.1761 -0.8642 0.4713
vn -0.0221 -0.9997 -0.0040
vn 0.1379 -0.8674 -0.4781
vn 0.2609 -0.5028 -0.8241
vn 0.2860 0.4966 -0.8195
vn 0.3173 -0.0036 -0.9483
vn 0.1781 0.8639 -0.4711
vn 0.0225 0.9997 0.0035
vn -0.1392 0.8677 0.4772
vn -0.2636 0.5031 0.8230
vn -0.3173 0.0037 0.9483
vn -0.2860 -0.4968 0.8194
vn -0.1780 -0.8640 0.4709
vn -0.0224 -0.9997 -0.0038
vn 0.1393 -0.8676 -0.4774
vn 0.2636 -0.5030 -0.8231
vn 0.2868 0.4967 -0.8192
vn 0.3182 -0.0037 -0.9480
vn 0.1786 0.8640 -0.4708
vn 0.0225 0.9997 0.0037
vn -0.1396 0.8676 0.4772
vn -0.2643 0.5030 0.8228
vn -0.3182 0.0037 0.9480
vn -0.2868 -0.4967 0.8192
vn -0.1786 -0.8640 0.4708
vn -0.0225 -0.9997 -0.0037
vn 0.1396 -0.8676 -0.4772
vn 0.2643 -0.5031 -0.8228
vn 0.2857 0.4968 -0.8195
vn 0.3170 -0.0037 -0.9484
vn 0.1779 0.8641 -0.4709
vn 0.0223 0.9997 0.0038
vn -0.1392 0.8675 0.4775
vn -0.2634 0.5029 0.8232
vn -0.3170 0.0036 0.9484
vn -0.2858 -0.4966 0.8196
vn -0.1780 -0.8639 0.4712
vn -0.0225 -0.9997 -0.0035
vn 0.1391 -0.8677 -0.4772
vn 0.2633 -0.5031 -0.8231
vn 0.2824 0.4970 -0.8205
vn 0.3134 -0.0036 -0.9496
vn 0.1758 0.8642 -0.4714
vn 0.0220 0.9997 0.0040
vn -0.1376 0.8674 0.4782
vn -0.2604 0.5027 0.8243
vn -0.3134 0.0035 0.9496
vn -0.2825 -0.4966 0.8207
vn -0.1760 -0.8638 0.4720
vn -0.0223 -0.9997 -0.0031
vn 0.1374 -0.8678 -0.4776
vn 0.2603 -0.5032 -0.8241
vn 0.2755 0.4973 -0.8227
vn 0.3057 -0.0034 -0.9521
vn 0.1714 0.8645 -0.4725
vn 0.0213 0.9998 0.0042
vn -0.1344 0.8671 0.4797
vn -0.2540 0.5024 0.8265
vn -0.3057 0.0033 0.9521
vn -0.2756 -0.4966 0.8231
vn -0.1717 -0.8638 0.4737
vn -0.0219 -0.9998 -0.0025
vn 0.1339 -0.8679 -0.4783
vn 0.2539 -0.5032 -0.8260
vn 0.2609 0.4979 -0.8270
vn 0.2897 -0.0032 -0.9571
vn 0.1621 0.8651 -0.4747
vn 0.0199 0.9998 0.0049
vn -0.1272 0.8664 0.4829
vn -0.2399 0.5014 0.8313
vn -0.2885 0.0028 0.9575
vn -0.2602 -0.4965 0.8281
vn -0.1624 -0.8634 0.4776
vn -0.0210 -0.9998 -0.0011
vn 0.1265 -0.8682 -0.4798
vn 0.2404 -0.5034 -0.8300
vn 0.2745 0.4914 -0.8265
vn 0.3158 -0.0022 -0.9488
vn 0.1525 0.8638 -0.4803
vn 0.0177 0.9998 0.0084
vn -0.1012 0.8625 0.4958
vn -0.1861 0.4960 0.8481
vn -0.2217 0.0009 0.9751
vn -0.2010 -0.4941 0.8459
vn -0.1281 -0.8607 0.4926
vn -0.0166 -0.9998 0.0054
vn 0.1157 -0.8675 -0.4838
vn 0.2463 -0.4972 -0.8319
vn 0.8179 0.2409 -0.5225
vn 0.8462 0.0089 -0.5328
vn 0.7375 0.5456 -0.3981
vn 0.6578 0.7509 -0.0586
vn 0.5949 0.7163 0.3647
vn 0.5531 0.4372 0.7091
vn 0.5362 0.0029 0.8441
vn 0.5460 -0.4349 0.7161
vn 0.5814 -0.7227 0.3737
vn 0.6390 -0.7673 -0.0542
vn 0.7147 -0.5679 -0.4083
vn 0.7987 -0.2443 -0.5499
vn -0.7734 -0.3930 0.4973
vn -0.6958 -0.0822 0.7135
vn 0.1398 0.0238 0.9899
vn -0.0030 -0.4641 0.8858
vn -0.8368 -0.5087 0.2023
vn -0.1450 -0.8322 0.5351
vn -0.8768 -0.4787 -0.0454
vn -0.2495 -0.9678 0.0326
vn -0.8899 -0.3958 -0.2269
vn -0.2873 -0.8294 -0.4791
vn -0.8755 -0.2819 -0.3926
vn -0.2475 -0.4557 -0.8550
vn -0.8342 -0.0808 -0.5456
vn -0.1416 0.0472 -0.9888
vn -0.7696 0.2361 -0.5933
vn 0.0013 0.5348 -0.8450
vn -0.6913 0.5813 -0.4293
vn 0.1439 0.8685 -0.4743
vn -0.6144 0.7875 -0.0473
vn 0.2506 0.9680 0.0082
vn -0.5760 0.7070 0.4103
vn 0.2900 0.8286 0.4788
vn -0.6186 0.3485 0.7042
vn 0.2480 0.4912 0.8350
vn 0.2230 -0.0229 0.9745
vn 0.0028 -0.4777 0.8785
vn -0.2225 -0.8082 0.5452
vn -0.3912 -0.9184 0.0592
vn -0.4541 -0.7717 -0.4452
vn -0.3921 -0.4079 -0.8245
vn -0.2239 0.0685 -0.9722
vn 0.0016 0.5231 -0.8523
vn 0.2224 0.8337 -0.5055
vn 0.3814 0.9239 -0.0299
vn 0.4391 0.7774 0.4504
vn 0.3815 0.4338 0.8162
vn 0.2703 -0.0550 0.9612
vn 0.0078 -0.4890 0.8722
vn -0.2603 -0.7941 0.5493
vn -0.4611 -0.8841 0.0755
vn -0.5380 -0.7308 -0.4202
vn -0.4686 -0.3751 -0.7998
vn -0.2727 0.0834 -0.9585
vn -0.0056 0.5179 -0.8554
vn 0.2595 0.8116 -0.5234
vn 0.4528 0.8900 -0.0546
vn 0.5250 0.7362 0.4270
vn 0.4586 0.3918 0.7976
vn 0.3011 -0.0780 0.9504
vn 0.0148 -0.4982 0.8669
vn -0.2782 -0.7862 0.5518
vn -0.4990 -0.8622 0.0869
vn -0.5863 -0.7031 -0.4024
vn -0.5154 -0.3511 -0.7817
vn -0.3057 0.0971 -0.9472
vn -0.0155 0.5185 -0.8549
vn 0.2762 0.7998 -0.5329
vn 0.4916 0.8680 -0.0699
vn 0.5750 0.7077 0.4106
vn 0.5054 0.3623 0.7831
vn 0.3243 -0.0962 0.9410
vn 0.0244 -0.5076 0.8613
vn -0.2842 -0.7839 0.5521
vn -0.5189 -0.8496 0.0942
vn -0.6155 -0.6850 -0.3897
vn -0.5467 -0.3335 -0.7680
vn -0.3311 0.1093 -0.9372
vn -0.0276 0.5228 -0.8520
vn 0.2811 0.7954 -0.5370
vn 0.5122 0.8552 -0.0789
vn 0.6052 0.6885 0.3996
vn 0.5364 0.3408 0.7721
vn 0.3439 -0.1124 0.9323
vn 0.0371 -0.5186 0.8542
vn -0.2814 -0.7867 0.5495
vn -0.5269 -0.8443 0.0978
vn -0.6327 -0.6742 -0.3808
vn -0.5694 -0.3208 -0.7569
vn -0.3532 0.1206 -0.9277
vn -0.0428 0.5302 -0.8468
vn 0.2772 0.7969 -0.5367
vn 0.5207 0.8498 -0.0825
vn 0.6230 0.6763 0.3931
vn 0.5581 0.3243 0.7638
vn 0.3625 -0.1284 0.9231
vn 0.0541 -0.5324 0.8448
vn -0.2702 -0.7948 0.5434
vn -0.5247 -0.8457 0.0976
vn -0.6411 -0.6696 -0.3750
vn -0.5867 -0.3120 -0.7473
vn -0.3750 0.1316 -0.9177
vn -0.0627 0.5410 -0.8387
vn 0.2649 0.8044 -0.5318
vn 0.5191 0.8509 -0.0810
vn 0.6316 0.6695 0.3909
vn 0.5738 0.3109 0.7577
vn 0.3822 -0.1463 0.9124
vn 0.0773 -0.5508 0.8310
vn -0.2491 -0.8093 0.5319
vn -0.5118 -0.8541 0.0928
vn -0.6411 -0.6714 -0.3718
vn -0.6007 -0.3071 -0.7382
vn -0.3992 0.1427 -0.9057
vn -0.0901 0.5558 -0.8264
vn 0.2424 0.8185 -0.5208
vn 0.5070 0.8588 -0.0731
vn 0.6320 0.6675 0.3937
vn 0.5855 0.2990 0.7536
vn 0.4058 -0.1691 0.8982
vn 0.1110 -0.5765 0.8095
vn -0.2133 -0.8322 0.5117
vn -0.4841 -0.8712 0.0813
vn -0.6308 -0.6810 -0.3719
vn -0.6125 -0.3070 -0.7284
vn -0.4300 0.1537 -0.8896
vn -0.1303 0.5760 -0.8070
vn 0.2046 0.8413 -0.5003
vn 0.4811 0.8749 -0.0549
vn 0.6229 0.6697 0.4043
vn 0.5939 0.2862 0.7519
vn 0.4377 -0.2047 0.8755
vn 0.1629 -0.6156 0.7711
vn -0.1519 -0.8670 0.4745
vn -0.4300 -0.9009 0.0591
vn -0.6030 -0.7039 -0.3754
vn -0.6220 -0.3165 -0.7161
vn -0.4740 0.1637 -0.8652
vn -0.1943 0.6037 -0.7732
vn 0.1395 0.8761 -0.4615
vn 0.4320 0.9017 -0.0185
vn 0.6001 0.6755 0.4284
vn 0.5999 0.2674 0.7541
vn 0.4978 -0.2477 0.8312
vn 0.2616 -0.6685 0.6962
vn -0.0359 -0.9177 0.3956
vn -0.3262 -0.9453 0.0001
vn -0.5429 -0.7372 -0.4022
vn -0.6257 -0.3292 -0.7072
vn -0.5412 0.1786 -0.8217
vn -0.3049 0.6424 -0.7031
vn 0.0177 0.9246 -0.3805
vn 0.3328 0.9415 0.0532
vn 0.5490 0.6903 0.4712
vn 0.6070 0.2500 0.7544
vn 0.5792 -0.2591 0.7729
vn 0.3945 -0.6959 0.6001
vn 0.1129 -0.9528 0.2819
vn -0.1988 -0.9745 -0.1037
vn -0.4666 -0.7507 -0.4676
vn -0.6181 -0.3250 -0.7157
vn -0.6048 0.1969 -0.7717
vn -0.4238 0.6691 -0.6106
vn -0.1235 0.9537 -0.2741
vn 0.2102 0.9674 0.1415
vn 0.4813 0.7080 0.5168
vn 0.6145 0.2550 0.7466
vn 0.6212 -0.2395 0.7462
vn 0.4622 -0.6885 0.5589
vn 0.1833 -0.9566 0.2266
vn -0.1436 -0.9758 -0.1647
vn -0.4343 -0.7394 -0.5144
vn -0.6116 -0.3051 -0.7300
vn -0.6252 0.2147 -0.7504
vn -0.4679 0.6789 -0.5659
vn -0.1813 0.9574 -0.2249
vn 0.1549 0.9718 0.1779
vn 0.4473 0.7202 0.5304
vn 0.6170 0.2755 0.7372
vn 0.6309 -0.2247 0.7426
vn 0.4719 -0.6799 0.5613
vn 0.1866 -0.9552 0.2298
vn -0.1497 -0.9750 -0.1642
vn -0.4462 -0.7320 -0.5148
vn -0.6225 -0.2910 -0.7265
vn -0.6303 0.2289 -0.7418
vn -0.4676 0.6868 -0.5565
vn -0.1789 0.9587 -0.2212
vn 0.1570 0.9724 0.1726
vn 0.4499 0.7268 0.5191
vn 0.6228 0.2891 0.7270
vn 0.6529 -0.2246 0.7234
vn 0.4890 -0.6779 0.5489
vn 0.1950 -0.9538 0.2286
vn -0.1526 -0.9761 -0.1546
vn -0.4607 -0.7348 -0.4978
vn -0.6443 -0.2925 -0.7066
vn -0.6520 0.2303 -0.7224
vn -0.4816 0.6895 -0.5410
vn -0.1810 0.9601 -0.2133
vn 0.1668 0.9712 0.1702
vn 0.4684 0.7240 0.5064
vn 0.6454 0.2870 0.7079
vn 0.6844 -0.2245 0.6937
vn 0.5135 -0.6767 0.5277
vn 0.2064 -0.9530 0.2219
vn -0.1578 -0.9767 -0.1453
vn -0.4817 -0.7362 -0.4754
vn -0.6751 -0.2933 -0.6769
vn -0.6833 0.2310 -0.6926
vn -0.5038 0.6912 -0.5182
vn -0.1876 0.9610 -0.2031
vn 0.1772 0.9703 0.1648
vn 0.4925 0.7217 0.4864
vn 0.6768 0.2853 0.6787
vn 0.7197 -0.2249 0.6569
vn 0.5407 -0.6764 0.5001
vn 0.2186 -0.9527 0.2111
vn -0.1643 -0.9769 -0.1365
vn -0.5053 -0.7367 -0.4495
vn -0.7094 -0.2934 -0.6408
vn -0.7185 0.2316 -0.6559
vn -0.5297 0.6921 -0.4904
vn -0.1969 0.9615 -0.1915
vn 0.1867 0.9698 0.1570
vn 0.5179 0.7205 0.4612
vn 0.7114 0.2841 0.6428
vn 0.7542 -0.2256 0.6167
vn 0.5671 -0.6769 0.4693
vn 0.2300 -0.9529 0.1977
vn -0.1710 -0.9768 -0.1286
vn -0.5285 -0.7364 -0.4223
vn -0.7429 -0.2931 -0.6018
vn -0.7530 0.2319 -0.6158
vn -0.5557 0.6924 -0.4602
vn -0.2074 0.9617 -0.1794
vn 0.1946 0.9697 0.1479
vn 0.5419 0.7201 0.4334
vn 0.7451 0.2834 0.6037
vn 0.7853 -0.2263 0.5762
vn 0.5908 -0.6777 0.4378
vn 0.2398 -0.9533 0.1835
vn -0.1776 -0.9766 -0.1215
vn -0.5496 -0.7358 -0.3957
vn -0.7731 -0.2925 -0.5628
vn -0.7842 0.2320 -0.5755
vn -0.5797 0.6922 -0.4298
vn -0.2178 0.9615 -0.1674
vn 0.2007 0.9698 0.1385
vn 0.5628 0.7203 0.4055
vn 0.7753 0.2833 0.5645
vn 0.8120 -0.2270 0.5378
vn 0.6108 -0.6788 0.4076
vn 0.2479 -0.9539 0.1695
vn -0.1835 -0.9762 -0.1153
vn -0.5679 -0.7349 -0.3707
vn -0.7988 -0.2919 -0.5260
vn -0.8110 0.2320 -0.5371
vn -0.6006 0.6917 -0.4009
vn -0.2274 0.9612 -0.1560
vn 0.2051 0.9701 0.1297
vn 0.5803 0.7208 0.3790
vn 0.8010 0.2834 0.5274
vn 0.8341 -0.2275 0.5025
vn 0.6274 -0.6798 0.3799
vn 0.2543 -0.9544 0.1565
vn -0.1887 -0.9759 -0.1099
vn -0.5831 -0.7341 -0.3480
vn -0.8202 -0.2913 -0.4923
vn -0.8332 0.2318 -0.5020
vn -0.6182 0.6911 -0.3744
vn -0.2358 0.9609 -0.1453
vn 0.2083 0.9705 0.1217
vn 0.5944 0.7216 0.3549
vn 0.8222 0.2837 0.4935
vn 0.8521 -0.2280 0.4710
vn 0.6409 -0.6806 0.3550
vn 0.2594 -0.9549 0.1447
vn -0.1931 -0.9755 -0.1052
vn -0.5957 -0.7332 -0.3279
vn -0.8377 -0.2908 -0.4623
vn -0.8514 0.2316 -0.4706
vn -0.6328 0.6904 -0.3506
vn -0.2430 0.9605 -0.1356
vn 0.2105 0.9708 0.1148
vn 0.6057 0.7224 0.3335
vn 0.8394 0.2841 0.4633
vn 0.8668 -0.2283 0.4433
vn 0.6516 -0.6815 0.3330
vn 0.2631 -0.9554 0.1342
vn -0.1971 -0.9751 -0.1013
vn -0.6061 -0.7324 -0.3104
vn -0.8519 -0.2903 -0.4359
vn -0.8662 0.2312 -0.4430
vn -0.6448 0.6896 -0.3296
vn -0.2494 0.9600 -0.1271
vn 0.2118 0.9712 0.1088
vn 0.6146 0.7233 0.3148
vn 0.8534 0.2847 0.4367
vn 0.8779 -0.2287 0.4207
vn 0.6596 -0.6825 0.3149
vn 0.2656 -0.9559 0.1253
vn -0.2006 -0.9747 -0.0984
vn -0.6142 -0.7314 -0.2963
vn -0.8626 -0.2898 -0.4145
vn -0.8774 0.2308 -0.4205
vn -0.6543 0.6887 -0.3124
vn -0.2548 0.9595 -0.1201
vn 0.2122 0.9717 0.1040
vn 0.6210 0.7243 0.2996
vn 0.8639 0.2853 0.4151
vn 0.8856 -0.2290 0.4040
vn 0.6651 -0.6833 0.3014
vn 0.2671 -0.9563 0.1185
vn -0.2031 -0.9744 -0.0966
vn -0.6199 -0.7307 -0.2861
vn -0.8701 -0.2894 -0.3989
vn -0.8853 0.2305 -0.4038
vn -0.6611 0.6879 -0.2996
vn -0.2589 0.9591 -0.1147
vn 0.2120 0.9721 0.1006
vn 0.6251 0.7252 0.2885
vn 0.8711 0.2859 0.3993
vn 0.8915 -0.2291 0.3908
vn 0.6694 -0.6836 0.2908
vn 0.2686 -0.9566 0.1132
vn -0.2048 -0.9742 -0.0951
vn -0.6240 -0.7302 -0.2782
vn -0.8758 -0.2891 -0.3866
vn -0.8913 0.2303 -0.3907
vn -0.6661 0.6874 -0.2893
vn -0.2618 0.9588 -0.1102
vn 0.2121 0.9723 0.0983
vn 0.6284 0.7258 0.2800
vn 0.8766 0.2862 0.3869
vn 0.8965 -0.2291 0.3791
vn 0.6732 -0.6838 0.2815
vn 0.2701 -0.9567 0.1087
vn -0.2059 -0.9741 -0.0935
vn -0.6274 -0.7300 -0.2709
vn -0.8806 -0.2890 -0.3756
vn -0.8963 0.2302 -0.3790
vn -0.6703 0.6872 -0.2802
vn -0.2640 0.9587 -0.1061
vn 0.2125 0.9724 0.0963
vn 0.6313 0.7261 0.2725
vn 0.8813 0.2865 0.3759
vn 0.9010 -0.2290 0.3684
vn 0.6767 -0.6838 0.2730
vn 0.2716 -0.9567 0.1047
vn -0.2068 -0.9741 -0.0919
vn -0.6304 -0.7299 -0.2641
vn -0.8848 -0.2890 -0.3655
vn -0.9008 0.2301 -0.3683
vn -0.6739 0.6870 -0.2719
vn -0.2658 0.9586 -0.1023
vn 0.2130 0.9725 0.0944
vn 0.6341 0.7262 0.2656
vn 0.8855 0.2867 0.3657
vn 0.9052 -0.2289 0.3582
vn 0.6799 -0.6838 0.2650
vn 0.2730 -0.9567 0.1010
vn -0.2076 -0.9740 -0.0902
vn -0.6332 -0.7299 -0.2575
vn -0.8888 -0.2890 -0.3557
vn -0.9049 0.2301 -0.3581
vn -0.6771 0.6870 -0.2639
vn -0.2673 0.9585 -0.0988
vn 0.2137 0.9725 0.0926
vn 0.6367 0.7264 0.2589
vn 0.8894 0.2868 0.3559
vn 0.9092 -0.2287 0.3478
vn 0.6831 -0.6836 0.2570
vn 0.2745 -0.9566 0.0976
vn -0.2082 -0.9741 -0.0883
vn -0.6358 -0.7300 -0.2507
vn -0.8927 -0.2891 -0.3458
vn -0.9089 0.2300 -0.3477
vn -0.6801 0.6870 -0.2559
vn -0.2685 0.9586 -0.0952
vn 0.2145 0.9725 0.0907
vn 0.6394 0.7264 0.2521
vn 0.8933 0.2869 0.3460
vn 0.9135 -0.2285 0.3367
vn 0.6866 -0.6833 0.2486
vn 0.2763 -0.9565 0.0940
vn -0.2086 -0.9742 -0.0859
vn -0.6384 -0.7303 -0.2431
vn -0.8967 -0.2893 -0.3350
vn -0.9131 0.2301 -0.3366
vn -0.6831 0.6872 -0.2473
vn -0.2694 0.9587 -0.0915
vn 0.2158 0.9724 0.0886
vn 0.6425 0.7262 0.2446
vn 0.8974 0.2869 0.3353
vn 0.9183 -0.2281 0.3236
vn 0.6907 -0.6826 0.2388
vn 0.2787 -0.9561 0.0902
vn -0.2087 -0.9745 -0.0828
vn -0.6411 -0.7309 -0.2340
vn -0.9013 -0.2896 -0.3222
vn -0.9178 0.2303 -0.3234
vn -0.6862 0.6877 -0.2372
vn -0.2700 0.9589 -0.0871
vn 0.2178 0.9722 0.0860
vn 0.6463 0.7258 0.2357
vn 0.9021 0.2867 0.3225
vn 0.9245 -0.2273 0.3061
vn 0.6963 -0.6812 0.2260
vn 0.2828 -0.9553 0.0856
vn -0.2077 -0.9751 -0.0780
vn -0.6440 -0.7323 -0.2213
vn -0.9070 -0.2904 -0.3049
vn -0.9237 0.2308 -0.3058
vn -0.6895 0.6889 -0.2236
vn -0.2694 0.9596 -0.0812
vn 0.2215 0.9717 0.0826
vn 0.6517 0.7247 0.2238
vn 0.9082 0.2863 0.3053
vn 0.9336 -0.2258 0.2780
vn 0.7057 -0.6780 0.2056
vn 0.2921 -0.9531 0.0791
vn -0.2015 -0.9771 -0.0689
vn -0.6452 -0.7375 -0.1996
vn -0.9151 -0.2934 -0.2765
vn -0.9321 0.2334 -0.2771
vn -0.6912 0.6941 -0.2012
vn -0.2637 0.9620 -0.0711
vn 0.2306 0.9700 0.0771
vn 0.6610 0.7221 0.2041
vn 0.9174 0.2854 0.2775
vn 0.9506 -0.2137 0.2251
vn 0.7375 -0.6548 0.1656
vn 0.3300 -0.9417 0.0656
vn -0.1804 -0.9824 -0.0476
vn -0.6482 -0.7474 -0.1456
vn -0.9328 -0.2980 -0.2027
vn -0.9501 0.2370 -0.2030
vn -0.6951 0.7039 -0.1465
vn -0.2433 0.9687 -0.0487
vn 0.2688 0.9610 0.0645
vn 0.6941 0.7008 0.1647
vn 0.9350 0.2742 0.2248
vn 0.8059 -0.2189 -0.5501
vn 0.5022 -0.5867 -0.6353
vn 0.0945 -0.6890 -0.7186
vn -0.2404 -0.5586 -0.7938
vn -0.4127 -0.3240 -0.8513
vn -0.4573 -0.1074 -0.8828
vn -0.4630 0.0781 -0.8829
vn -0.4321 0.2966 -0.8517
vn -0.2756 0.5413 -0.7943
vn 0.0497 0.6930 -0.7192
vn 0.4629 0.6175 -0.6359
vn 0.7897 0.2705 -0.5506
vn -0.8519 -0.3217 0.4133
vn -0.7931 -0.0867 0.6030
vn -0.0525 0.0547 0.9971
vn -0.2059 -0.4402 0.8740
vn -0.8855 -0.4183 0.2021
vn -0.3049 -0.8099 0.5011
vn -0.8911 -0.4537 0.0148
vn -0.3207 -0.9471 -0.0153
vn -0.8682 -0.4560 -0.1956
vn -0.2488 -0.8124 -0.5273
vn -0.8188 -0.3557 -0.4506
vn -0.1104 -0.4456 -0.8884
vn -0.7492 -0.0819 -0.6572
vn 0.0553 0.0436 -0.9975
vn -0.6728 0.3152 -0.6693
vn 0.2051 0.5088 -0.8361
vn -0.6083 0.6727 -0.4213
vn 0.3027 0.8285 -0.4711
vn -0.5921 0.8058 0.0106
vn 0.3197 0.9475 -0.0039
vn -0.6421 0.6381 0.4248
vn 0.2491 0.8470 0.4696
vn -0.7179 0.2795 0.6375
vn 0.1131 0.5281 0.8416
vn -0.0918 0.0667 0.9935
vn -0.3553 -0.3696 0.8586
vn -0.5244 -0.7031 0.4802
vn -0.5478 -0.8358 -0.0362
vn -0.4184 -0.7290 -0.5417
vn -0.1760 -0.4164 -0.8920
vn 0.1074 0.0081 -0.9942
vn 0.3553 0.4241 -0.8330
vn 0.5079 0.7260 -0.4637
vn 0.5298 0.8479 0.0171
vn 0.4150 0.7626 0.4962
vn 0.1898 0.4810 0.8559
vn -0.1278 0.0830 0.9883
vn -0.4496 -0.3039 0.8400
vn -0.6509 -0.6065 0.4566
vn -0.6727 -0.7378 -0.0560
vn -0.5089 -0.6605 -0.5521
vn -0.2085 -0.3994 -0.8928
vn 0.1424 -0.0313 -0.9893
vn 0.4497 0.3422 -0.8250
vn 0.6368 0.6257 -0.4504
vn 0.6587 0.7515 0.0372
vn 0.5092 0.6878 0.5173
vn 0.2232 0.4456 0.8670
vn -0.1599 0.1042 0.9816
vn -0.5108 -0.2499 0.8226
vn -0.7242 -0.5343 0.4359
vn -0.7397 -0.6691 -0.0719
vn -0.5536 -0.6174 -0.5589
vn -0.2201 -0.3960 -0.8915
vn 0.1677 -0.0684 -0.9835
vn 0.5068 0.2766 -0.8165
vn 0.7108 0.5499 -0.4385
vn 0.7287 0.6828 0.0527
vn 0.5544 0.6402 0.5318
vn 0.2303 0.4298 0.8730
vn -0.1899 0.1296 0.9732
vn -0.5532 -0.2072 0.8069
vn -0.7672 -0.4856 0.4190
vn -0.7730 -0.6289 -0.0834
vn -0.5707 -0.5988 -0.5619
vn -0.2177 -0.4060 -0.8876
vn 0.1895 -0.1045 -0.9763
vn 0.5438 0.2252 -0.8084
vn 0.7536 0.4976 -0.4296
vn 0.7643 0.6419 0.0624
vn 0.5710 0.6189 0.5394
vn 0.2222 0.4322 0.8740
vn -0.2206 0.1594 0.9622
vn -0.5854 -0.1737 0.7919
vn -0.7918 -0.4568 0.4055
vn -0.7847 -0.6133 -0.0901
vn -0.5687 -0.6025 -0.5600
vn -0.2043 -0.4298 -0.8795
vn 0.2113 -0.1426 -0.9670
vn 0.5697 0.1838 -0.8011
vn 0.7772 0.4645 -0.4245
vn 0.7778 0.6251 0.0656
vn 0.5683 0.6210 0.5399
vn 0.2026 0.4507 0.8694
vn -0.2555 0.1942 0.9471
vn -0.6125 -0.1477 0.7765
vn -0.8032 -0.4459 0.3950
vn -0.7789 -0.6205 -0.0910
vn -0.5501 -0.6278 -0.5507
vn -0.1797 -0.4688 -0.8648
vn 0.2357 -0.1860 -0.9539
vn 0.5891 0.1482 -0.7944
vn 0.7872 0.4472 -0.4247
vn 0.7739 0.6304 0.0606
vn 0.5487 0.6454 0.5314
vn 0.1710 0.4855 0.8573
vn -0.2988 0.2350 0.9250
vn -0.6376 -0.1291 0.7595
vn -0.8025 -0.4530 0.3884
vn -0.7545 -0.6511 -0.0831
vn -0.5123 -0.6760 -0.5296
vn -0.1411 -0.5258 -0.8388
vn 0.2657 -0.2387 -0.9341
vn 0.6048 0.1148 -0.7881
vn 0.7850 0.4437 -0.4323
vn 0.7521 0.6576 0.0434
vn 0.5098 0.6933 0.5094
vn 0.1232 0.5379 0.8340
vn -0.3564 0.2818 0.8908
vn -0.6623 -0.1193 0.7397
vn -0.7863 -0.4803 0.3886
vn -0.7048 -0.7068 -0.0601
vn -0.4478 -0.7491 -0.4882
vn -0.0817 -0.6038 -0.7929
vn 0.3063 -0.3050 -0.9017
vn 0.6190 0.0795 -0.7813
vn 0.7693 0.4520 -0.4515
vn 0.7073 0.7069 0.0064
vn 0.4434 0.7662 0.4652
vn 0.0509 0.6092 0.7914
vn -0.4349 0.3323 0.8369
vn -0.6856 -0.1222 0.7176
vn -0.7455 -0.5314 0.4023
vn -0.6153 -0.7882 -0.0100
vn -0.3421 -0.8451 -0.4108
vn 0.0106 -0.7029 -0.7112
vn 0.3667 -0.3875 -0.8458
vn 0.6360 0.0403 -0.7706
vn 0.7361 0.4709 -0.4862
vn 0.6274 0.7763 -0.0615
vn 0.3349 0.8611 0.3825
vn -0.0580 0.6971 0.7147
vn -0.5332 0.3877 0.7519
vn -0.7020 -0.1213 0.7018
vn -0.6723 -0.5853 0.4532
vn -0.4701 -0.8777 0.0930
vn -0.1675 -0.9460 -0.2775
vn 0.1657 -0.7967 -0.5812
vn 0.4680 -0.4579 -0.7558
vn 0.6630 0.0100 -0.7486
vn 0.6809 0.4923 -0.5423
vn 0.5021 0.8456 -0.1812
vn 0.1732 0.9567 0.2338
vn -0.2097 0.7876 0.5794
vn -0.6457 0.4351 0.6275
vn -0.7466 -0.0939 0.6586
vn -0.6349 -0.5892 0.4997
vn -0.3525 -0.9122 0.2087
vn 0.0118 -0.9919 -0.1268
vn 0.3593 -0.8298 -0.4270
vn 0.6163 -0.4743 -0.6287
vn 0.7322 0.0028 -0.6811
vn 0.6650 0.4947 -0.5596
vn 0.4121 0.8654 -0.2851
vn 0.0348 0.9968 0.0724
vn -0.3570 0.8391 0.4104
vn -0.7431 0.4631 0.4832
vn -0.8365 -0.0628 0.5443
vn -0.6898 -0.5680 0.4489
vn -0.3504 -0.9084 0.2281
vn 0.0792 -0.9956 -0.0503
vn 0.4786 -0.8220 -0.3085
vn 0.7497 -0.4493 -0.4859
vn 0.8372 0.0272 -0.5462
vn 0.7232 0.5029 -0.4734
vn 0.4218 0.8637 -0.2761
vn -0.0029 1.0000 0.0013
vn -0.4344 0.8554 0.2822
vn -0.8053 0.4723 0.3584
vn -0.9117 -0.0499 0.4079
vn -0.7575 -0.5568 0.3407
vn -0.3905 -0.9033 0.1776
vn 0.0802 -0.9962 -0.0329
vn 0.5214 -0.8215 -0.2307
vn 0.8204 -0.4400 -0.3651
vn 0.9121 0.0449 -0.4076
vn 0.7795 0.5191 -0.3507
vn 0.4486 0.8700 -0.2046
vn -0.0074 1.0000 -0.0010
vn -0.4700 0.8581 0.2069
vn -0.8419 0.4690 0.2670
vn -0.9513 -0.0494 0.3042
vn -0.7927 -0.5536 0.2555
vn -0.4137 -0.9003 0.1357
vn 0.0745 -0.9970 -0.0200
vn 0.5363 -0.8271 -0.1682
vn 0.8534 -0.4455 -0.2707
vn 0.9516 0.0463 -0.3040
vn 0.8091 0.5268 -0.2607
vn 0.4575 0.8764 -0.1501
vn -0.0194 0.9998 0.0017
vn -0.4973 0.8536 0.1552
vn -0.8623 0.4658 0.1986
vn -0.9727 -0.0493 0.2266
vn -0.8125 -0.5506 0.1915
vn -0.4287 -0.8975 0.1037
vn 0.0687 -0.9976 -0.0117
vn 0.5428 -0.8308 -0.1227
vn 0.8709 -0.4486 -0.2007
vn 0.9729 0.0471 -0.2266
vn 0.8248 0.5310 -0.1943
vn 0.4615 0.8801 -0.1115
vn -0.0274 0.9996 0.0018
vn -0.5137 0.8502 0.1157
vn -0.8738 0.4636 0.1469
vn -0.9845 -0.0493 0.1681
vn -0.8238 -0.5485 0.1430
vn -0.4379 -0.8956 0.0787
vn 0.0643 -0.9979 -0.0065
vn 0.5456 -0.8333 -0.0893
vn 0.8803 -0.4507 -0.1481
vn 0.9846 0.0477 -0.1681
vn 0.8331 0.5339 -0.1445
vn 0.4628 0.8826 -0.0830
vn -0.0330 0.9995 0.0009
vn -0.5235 0.8478 0.0853
vn -0.8804 0.4620 0.1072
vn -0.9911 -0.0493 0.1233
vn -0.8304 -0.5470 0.1056
vn -0.4437 -0.8942 0.0592
vn 0.0610 -0.9981 -0.0030
vn 0.5466 -0.8349 -0.0641
vn 0.8854 -0.4521 -0.1079
vn 0.9912 0.0481 -0.1233
vn 0.8375 0.5359 -0.1065
vn 0.4629 0.8843 -0.0616
vn -0.0369 0.9993 -0.0001
vn -0.5295 0.8460 0.0618
vn -0.8842 0.4609 0.0762
vn -0.9949 -0.0493 0.0884
vn -0.8343 -0.5460 0.0764
vn -0.4475 -0.8932 0.0437
vn 0.0586 -0.9983 -0.0007
vn 0.5468 -0.8361 -0.0447
vn 0.8882 -0.4531 -0.0766
vn 0.9949 0.0485 -0.0884
vn 0.8399 0.5373 -0.0769
vn 0.4625 0.8855 -0.0450
vn -0.0397 0.9992 -0.0011
vn -0.5333 0.8448 0.0434
vn -0.8864 0.4600 0.0518
vn -0.9969 -0.0494 0.0608
vn -0.8366 -0.5452 0.0532
vn -0.4500 -0.8925 0.0313
vn 0.0567 -0.9984 0.0010
vn 0.5465 -0.8370 -0.0295
vn 0.8896 -0.4538 -0.0520
vn 0.9970 0.0487 -0.0608
vn 0.8410 0.5384 -0.0535
vn 0.4618 0.8864 -0.0320
vn -0.0417 0.9991 -0.0019
vn -0.5358 0.8439 0.0288
vn -0.8877 0.4593 0.0323
vn -0.9980 -0.0494 0.0387
vn -0.8380 -0.5446 0.0346
vn -0.4516 -0.8920 0.0212
vn 0.0553 -0.9985 0.0021
vn 0.5460 -0.8376 -0.0175
vn 0.8903 -0.4543 -0.0324
vn 0.9981 0.0489 -0.0387
vn 0.8415 0.5392 -0.0347
vn 0.4612 0.8871 -0.0216
vn -0.0432 0.9991 -0.0026
vn -0.5374 0.8431 0.0171
vn -0.8884 0.4588 0.0165
vn -0.9986 -0.0494 0.0209
vn -0.8388 -0.5442 0.0196
vn -0.4528 -0.8915 0.0130
vn 0.0542 -0.9985 0.0029
vn 0.5455 -0.8381 -0.0079
vn 0.8905 -0.4547 -0.0166
vn 0.9986 0.0490 -0.0209
vn 0.8416 0.5398 -0.0196
vn 0.4605 0.8876 -0.0131
vn -0.0444 0.9990 -0.0031
vn -0.5385 0.8426 0.0077
vn -0.8888 0.4582 0.0037
vn -0.9988 -0.0494 0.0063
vn -0.8393 -0.5436 0.0072
vn -0.4539 -0.8910 0.0062
vn 0.0528 -0.9986 0.0035
vn 0.5446 -0.8387 -0.0001
vn 0.8904 -0.4552 -0.0037
vn 0.9988 0.0491 -0.0063
vn 0.8413 0.5404 -0.0073
vn 0.4595 0.8881 -0.0062
vn -0.0457 0.9989 -0.0036
vn -0.5395 0.8420 0.0001
vn -0.8892 0.4575 -0.0047
vn -0.9988 -0.0494 -0.0032
vn -0.8398 -0.5430 -0.0009
vn -0.4551 -0.8904 0.0017
vn 0.0513 -0.9987 0.0038
vn 0.5435 -0.8394 0.0049
vn 0.8900 -0.4559 0.0047
vn 0.9988 0.0492 0.0032
vn 0.8409 0.5412 0.0009
vn 0.4583 0.8888 -0.0017
vn -0.0473 0.9989 -0.0038
vn -0.5406 0.8412 -0.0049
vn -0.8894 0.4570 -0.0078
vn -0.8401 -0.5424 -0.0039
vn -0.4561 -0.8899 -0.0000
vn 0.0500 -0.9987 0.0039
vn 0.5426 -0.8400 0.0067
vn 0.8898 -0.4564 0.0078
vn 0.8405 0.5418 0.0039
vn 0.4573 0.8893 -0.0000
vn -0.0485 0.9988 -0.0039
vn -0.5415 0.8407 -0.0067
vn -0.8895 0.4568 -0.0084
vn -0.8402 -0.5422 -0.0045
vn -0.4565 -0.8897 -0.0003
vn 0.0495 -0.9988 0.0039
vn 0.5422 -0.8402 0.0071
vn 0.8896 -0.4566 0.0084
vn 0.8404 0.5420 0.0045
vn 0.4569 0.8895 0.0003
vn -0.0491 0.9988 -0.0039
vn -0.5419 0.8404 -0.0071
vn -0.8895 0.4568 -0.0090
vn -0.8403 -0.5422 -0.0050
vn -0.4566 -0.8897 -0.0006
vn 0.5422 -0.8402 0.0075
vn 0.8896 -0.4566 0.0090
vn 0.8404 0.5420 0.0050
vn 0.4568 0.8896 0.0006
vn -0.5419 0.8404 -0.0075
vn -0.8895 0.4567 -0.0094
vn -0.8403 -0.5422 -0.0055
vn -0.4566 -0.8897 -0.0009
vn 0.0494 -0.9988 0.0039
vn 0.5422 -0.8402 0.0077
vn 0.8896 -0.4566 0.0094
vn 0.8403 0.5420 0.0055
vn 0.4568 0.8896 0.0009
vn -0.5419 0.8404 -0.0077
vn -0.8895 0.4567 -0.0098
vn -0.4566 -0.8897 -0.0011
vn 0.8896 -0.4566 0.0098
vn 0.4568 0.8896 0.0011
vn -0.5420 0.8404 -0.0079
vn -0.4566 -0.8897 -0.0013
vn 0.8896 -0.4566 0.0101
vn -0.5420 0.8404 -0.0081
vn 0.8896 -0.4566 0.0102
vn -0.0492 0.9988 -0.0038
vn 0.9987 0.0494 0.0096
vn -0.9987 -0.0492 -0.0095
vn -0.8404 -0.5420 -0.0064
vn 0.0492 -0.9988 0.0036
vn 0.9987 0.0494 0.0095
vn 0.8402 0.5422 0.0064
vn -0.0494 0.9988 -0.0036
vn -0.8896 0.4566 -0.0093
vn -0.9988 -0.0491 -0.0088
vn -0.8405 -0.5418 -0.0060
vn -0.4571 -0.8894 -0.0016
vn 0.0489 -0.9988 0.0033
vn 0.5418 -0.8405 0.0072
vn 0.9987 0.0495 0.0088
vn 0.8401 0.5424 0.0060
vn 0.4563 0.8898 0.0016
vn -0.0497 0.9988 -0.0033
vn -0.5423 0.8402 -0.0072
vn -0.8897 0.4565 -0.0071
vn -0.9988 -0.0488 -0.0068
vn -0.8409 -0.5411 -0.0047
vn -0.4580 -0.8890 -0.0013
vn 0.0479 -0.9988 0.0025
vn 0.5413 -0.8408 0.0055
vn 0.8895 -0.4569 0.0071
vn 0.9987 0.0498 0.0068
vn 0.8397 0.5430 0.0046
vn 0.4554 0.8903 0.0013
vn -0.0507 0.9987 -0.0025
vn -0.5429 0.8398 -0.0055
vn -0.5726 0.2948 0.7650
vn -0.6429 -0.0332 0.7652
vn -0.5376 -0.3507 0.7668
vn -0.2881 -0.5703 0.7693
vn 0.0353 -0.6346 0.7720
vn 0.3454 -0.5303 0.7743
vn 0.5621 -0.2877 0.7754
vn 0.6310 0.0297 0.7752
vn 0.5342 0.3408 0.7737
vn 0.2944 0.5644 0.7712
vn -0.0276 0.6393 0.7685
vn -0.3461 0.5415 0.7662
vn -0.8329 -0.3384 0.4378
vn -0.7727 -0.0835 0.6293
vn -0.0016 0.0420 0.9991
vn -0.1430 -0.4525 0.8802
vn -0.8718 -0.4444 0.2061
vn -0.2479 -0.8219 0.5129
vn -0.8851 -0.4654 -0.0000
vn -0.2866 -0.9581 -0.0000
vn -0.8718 -0.4444 -0.2061
vn -0.2479 -0.8219 -0.5129
vn -0.8329 -0.3384 -0.4378
vn -0.1430 -0.4525 -0.8802
vn -0.7727 -0.0835 -0.6293
vn -0.0016 0.0420 -0.9991
vn -0.7008 0.2925 -0.6506
vn 0.1393 0.5168 -0.8447
vn -0.6326 0.6488 -0.4230
vn 0.2444 0.8445 -0.4766
vn -0.5988 0.8009 -0.0000
vn 0.2840 0.9588 -0.0000
vn -0.6326 0.6488 0.4230
vn 0.2444 0.8445 0.4766
vn -0.7008 0.2925 0.6506
vn 0.1393 0.5168 0.8447
vn 0.0026 0.0300 0.9995
vn -0.2319 -0.4201 0.8773
vn -0.4074 -0.7567 0.5112
vn -0.4725 -0.8813 -0.0000
vn -0.4074 -0.7567 -0.5112
vn -0.2319 -0.4201 -0.8773
vn 0.0026 0.0300 -0.9995
vn 0.2311 0.4676 -0.8532
vn 0.3951 0.7790 -0.4869
vn 0.4545 0.8908 -0.0000
vn 0.3951 0.7790 0.4869
vn 0.2311 0.4676 0.8532
vn 0.0017 0.0200 0.9998
vn -0.2828 -0.3965 0.8734
vn -0.4942 -0.7060 0.5074
vn -0.5722 -0.8201 -0.0000
vn -0.4942 -0.7060 -0.5074
vn -0.2828 -0.3965 -0.8734
vn 0.0017 0.0200 -0.9998
vn 0.2815 0.4292 -0.8582
vn 0.4833 0.7240 -0.4922
vn 0.5566 0.8308 -0.0000
vn 0.4833 0.7240 0.4922
vn 0.2815 0.4292 0.8582
vn -0.0005 0.0138 0.9999
vn -0.3123 -0.3804 0.8705
vn -0.5426 -0.6716 0.5045
vn -0.6273 -0.7788 -0.0000
vn -0.5426 -0.6716 -0.5045
vn -0.3123 -0.3804 -0.8705
vn -0.0005 0.0138 -0.9999
vn 0.3081 0.4038 -0.8614
vn 0.5320 0.6867 -0.4954
vn 0.6135 0.7897 -0.0000
vn 0.5320 0.6867 0.4954
vn 0.3081 0.4038 0.8614
vn -0.0030 0.0095 1.0000
vn -0.3286 -0.3717 0.8683
vn -0.5680 -0.6520 0.5023
vn -0.6559 -0.7548 -0.0000
vn -0.5680 -0.6520 -0.5023
vn -0.3286 -0.3717 -0.8683
vn -0.0030 0.0095 -1.0000
vn 0.3209 0.3886 -0.8637
vn 0.5569 0.6649 -0.4977
vn 0.6431 0.7658 -0.0000
vn 0.5569 0.6649 0.4977
vn 0.3209 0.3886 0.8637
vn -0.0059 0.0059 1.0000
vn -0.3358 -0.3699 0.8663
vn -0.5775 -0.6452 0.5002
vn -0.6659 -0.7460 -0.0000
vn -0.5775 -0.6452 -0.5002
vn -0.3358 -0.3699 -0.8663
vn -0.0059 0.0059 -1.0000
vn 0.3238 0.3815 -0.8658
vn 0.5651 0.6564 -0.4998
vn 0.6534 0.7570 -0.0000
vn 0.5651 0.6564 0.4998
vn 0.3238 0.3815 0.8658
vn -0.0094 0.0020 1.0000
vn -0.3354 -0.3756 0.8640
vn -0.5730 -0.6509 0.4980
vn -0.6599 -0.7514 -0.0000
vn -0.5730 -0.6509 -0.4980
vn -0.3354 -0.3756 -0.8640
vn -0.0094 0.0020 -1.0000
vn 0.3180 0.3814 -0.8680
vn 0.5587 0.6602 -0.5020
vn 0.6470 0.7625 -0.0000
vn 0.5587 0.6602 0.5020
vn 0.3180 0.3814 0.8680
vn -0.0141 -0.0035 0.9999
vn -0.3267 -0.3900 0.8609
vn -0.5532 -0.6701 0.4949
vn -0.6357 -0.7719 -0.0000
vn -0.5532 -0.6701 -0.4949
vn -0.3267 -0.3900 -0.8609
vn -0.0141 -0.0035 -0.9999
vn 0.3020 0.3876 -0.8709
vn 0.5356 0.6769 -0.5050
vn 0.6216 0.7833 -0.0000
vn 0.5356 0.6769 0.5050
vn 0.3020 0.3876 0.8709
vn -0.0206 -0.0130 0.9997
vn -0.3064 -0.4165 0.8560
vn -0.5118 -0.7056 0.4900
vn -0.5863 -0.8101 -0.0000
vn -0.5118 -0.7056 -0.4900
vn -0.3064 -0.4165 -0.8560
vn -0.0206 -0.0130 -0.9997
vn 0.2713 0.3999 -0.8755
vn 0.4890 0.7080 -0.5096
vn 0.5695 0.8220 -0.0000
vn 0.4890 0.7080 0.5096
vn 0.2713 0.3999 0.8755
vn -0.0285 -0.0319 0.9991
vn -0.2658 -0.4625 0.8458
vn -0.4338 -0.7630 0.4792
vn -0.4941 -0.8694 -0.0000
vn -0.4338 -0.7630 -0.4792
vn -0.2658 -0.4625 -0.8458
vn -0.0285 -0.0319 -0.9991
vn 0.2177 0.4175 -0.8822
vn 0.4031 0.7560 -0.5157
vn 0.4719 0.8816 -0.0000
vn 0.4031 0.7560 0.5157
vn 0.2177 0.4175 0.8822
vn -0.0282 -0.0501 0.9983
vn -0.1771 -0.5177 0.8370
vn -0.2805 -0.8373 0.4693
vn -0.3171 -0.9484 -0.0000
vn -0.2805 -0.8373 -0.4693
vn -0.1771 -0.5177 -0.8370
vn -0.0282 -0.0501 -0.9983
vn 0.1278 0.4442 -0.8867
vn 0.2456 0.8183 -0.5197
vn 0.2893 0.9572 -0.0000
vn 0.2456 0.8183 0.5197
vn 0.1278 0.4442 0.8867
vn -0.0135 -0.0460 0.9988
vn -0.0579 -0.5357 0.8424
vn -0.0851 -0.8756 0.4754
vn -0.0929 -0.9957 -0.0000
vn -0.0851 -0.8756 -0.4754
vn -0.0579 -0.5357 -0.8424
vn -0.0135 -0.0460 -0.9988
vn 0.0337 0.4667 -0.8838
vn 0.0683 0.8533 -0.5170
vn 0.0809 0.9967 -0.0000
vn 0.0683 0.8533 0.5170
vn 0.0337 0.4667 0.8838
vn -0.0006 -0.0158 0.9999
vn 0.0041 -0.5113 0.8594
vn 0.0084 -0.8696 0.4937
vn 0.0101 -0.9999 -0.0000
vn 0.0084 -0.8696 -0.4937
vn 0.0041 -0.5113 -0.8594
vn -0.0006 -0.0158 -0.9999
vn -0.0047 0.4875 -0.8731
vn -0.0076 0.8617 -0.5074
vn -0.0087 1.0000 -0.0000
vn -0.0076 0.8617 0.5074
vn -0.0047 0.4875 0.8731
vn -0.0001 0.0006 1.0000
vn 0.0055 -0.4988 0.8667
vn 0.0097 -0.8654 0.5010
vn 0.0113 -0.9999 -0.0000
vn 0.0097 -0.8654 -0.5010
vn 0.0055 -0.4988 -0.8667
vn -0.0001 0.0006 -1.0000
vn -0.0056 0.4999 -0.8661
vn -0.0096 0.8658 -0.5003
vn -0.0111 0.9999 -0.0000
vn -0.0096 0.8658 0.5003
vn -0.0056 0.4999 0.8661
vn -0.0000 0.0018 1.0000
vn 0.0034 -0.4987 0.8668
vn 0.0059 -0.8656 0.5008
vn 0.0068 -1.0000 -0.0000
vn 0.0059 -0.8656 -0.5008
vn 0.0034 -0.4987 -0.8668
vn -0.0000 0.0018 -1.0000
vn -0.0034 0.5013 -0.8653
vn -0.0059 0.8664 -0.4992
vn -0.0068 1.0000 -0.0000
vn -0.0059 0.8664 0.4992
vn -0.0034 0.5013 0.8653
vn -0.0000 0.0027 1.0000
vn -0.0002 -0.4980 0.8672
vn -0.0004 -0.8654 0.5011
vn -0.0004 -0.8654 -0.5011
vn -0.0002 -0.4980 -0.8672
vn -0.0000 0.0027 -1.0000
vn 0.0003 0.5020 -0.8649
vn 0.0004 0.8667 -0.4988
vn 0.0004 0.8667 0.4988
vn 0.0003 0.5020 0.8649
vn -0.0000 0.0036 1.0000
vn -0.0053 -0.4973 0.8676
vn -0.0093 -0.8651 0.5016
vn -0.0093 -0.8651 -0.5016
vn -0.0053 -0.4973 -0.8676
vn -0.0000 0.0036 -1.0000
vn 0.0054 0.5027 -0.8644
vn 0.0093 0.8669 -0.4984
vn 0.0093 0.8669 0.4984
vn 0.0054 0.5027 0.8644
vn 0.0001 0.0049 1.0000
vn -0.0121 -0.4962 0.8681
vn -0.0211 -0.8646 0.5021
vn -0.0244 -0.9997 -0.0000
vn -0.0211 -0.8646 -0.5021
vn -0.0121 -0.4962 -0.8681
vn 0.0001 0.0049 -1.0000
vn 0.0123 0.5035 -0.8639
vn 0.0211 0.8670 -0.4979
vn 0.0211 0.8670 0.4979
vn 0.0123 0.5035 0.8639
vn 0.0003 0.0067 1.0000
vn -0.0212 -0.4946 0.8689
vn -0.0370 -0.8636 0.5029
vn -0.0428 -0.9991 -0.0000
vn -0.0370 -0.8636 -0.5029
vn -0.0212 -0.4946 -0.8689
vn 0.0003 0.0067 -1.0000
vn 0.0216 0.5046 -0.8631
vn 0.0371 0.8669 -0.4971
vn 0.0371 0.8669 0.4971
vn 0.0216 0.5046 0.8631
vn 0.0007 0.0095 1.0000
vn -0.0336 -0.4917 0.8701
vn -0.0590 -0.8616 0.5041
vn -0.0683 -0.9977 -0.0000
vn -0.0590 -0.8616 -0.5041
vn -0.0336 -0.4917 -0.8701
vn 0.0007 0.0095 -1.0000
vn 0.0347 0.5060 -0.8618
vn 0.0593 0.8664 -0.4958
vn 0.0683 0.9977 -0.0000
vn 0.0593 0.8664 0.4958
vn 0.0347 0.5060 0.8618
vn 0.0017 0.0146 0.9999
vn -0.0515 -0.4862 0.8723
vn -0.0910 -0.8575 0.5063
vn -0.1055 -0.9944 -0.0000
vn -0.0910 -0.8575 -0.5063
vn -0.0515 -0.4862 -0.8723
vn 0.0017 0.0146 -0.9999
vn 0.0540 0.5081 -0.8596
vn 0.0917 0.8648 -0.4936
vn 0.1054 0.9944 -0.0000
vn 0.0917 0.8648 0.4936
vn 0.0540 0.5081 0.8596
vn 0.0050 0.0239 0.9997
vn -0.0775 -0.4717 0.8783
vn -0.1401 -0.8466 0.5135
vn -0.1634 -0.9866 -0.0000
vn -0.1401 -0.8466 -0.5135
vn -0.0775 -0.4717 -0.8783
vn 0.0050 0.0239 -0.9997
vn 0.0843 0.5050 -0.8590
vn 0.1403 0.8561 -0.4974
vn 0.1605 0.9870 -0.0000
vn 0.1403 0.8561 0.4974
vn 0.0843 0.5050 0.8590
vn 0.0245 0.0640 0.9977
vn -0.1198 -0.4354 0.8922
vn -0.2276 -0.8195 0.5260
vn -0.2675 -0.9636 -0.0000
vn -0.2276 -0.8195 -0.5260
vn -0.1198 -0.4354 -0.8922
vn 0.0245 0.0639 -0.9977
vn 0.0337 0.2854 -0.9578
vn 0.1841 0.2485 -0.9510
vn 1.0000 0.0009 -0.0000
vn 0.1841 0.2485 0.9510
vn 0.0337 0.2854 0.9578
vn 0.0560 0.0534 0.9970
vn -0.2466 -0.3582 0.9005
vn -0.4806 -0.6975 0.5316
vn -0.5665 -0.8240 -0.0000
vn -0.4806 -0.6975 -0.5316
vn -0.2466 -0.3582 -0.9005
vn 0.0560 0.0534 -0.9970
vn -0.0258 0.0209 -0.9994
vn 0.6775 -0.2384 -0.6959
vn 0.9976 -0.0691 -0.0000
vn 0.6775 -0.2384 0.6959
vn -0.0258 0.0209 0.9994
vn 0.0619 0.0401 0.9973
vn -0.3810 -0.2070 0.9011
vn -0.7446 -0.4029 0.5323
vn -0.8803 -0.4745 -0.0000
vn -0.7446 -0.4029 -0.5323
vn -0.3810 -0.2070 -0.9011
vn 0.0619 0.0401 -0.9973
vn -0.0036 -0.0888 -0.9960
vn -0.2780 0.6823 -0.6762
vn -0.0456 0.9990 -0.0000
vn -0.2780 0.6823 0.6762
vn -0.0036 -0.0888 0.9960
vn 0.0560 0.0174 0.9983
vn -0.4436 -0.0919 0.8915
vn -0.8324 -0.1745 0.5260
vn -0.9787 -0.2051 -0.0000
vn -0.8324 -0.1745 -0.5260
vn -0.4436 -0.0919 -0.8915
vn 0.0560 0.0174 -0.9983
vn 0.3242 0.0294 -0.9455
vn 0.2549 0.1912 -0.9479
vn 0.0437 0.9990 -0.0000
vn 0.2549 0.1912 0.9479
vn 0.3242 0.0294 0.9455
vn 0.0288 0.0034 0.9996
vn -0.4751 -0.0396 0.8790
vn -0.8549 -0.0721 0.5137
vn -0.9964 -0.0842 -0.0000
vn -0.8549 -0.0721 -0.5137
vn -0.4751 -0.0396 -0.8790
vn 0.0288 0.0034 -0.9996
vn 0.5178 0.0442 -0.8543
vn 0.8691 0.0716 -0.4894
vn 0.9967 0.0809 -0.0000
vn 0.8691 0.0716 0.4894
vn 0.5178 0.0442 0.8543
vn 0.0159 0.0005 0.9999
vn -0.4879 -0.0093 0.8728
vn -0.8619 -0.0165 0.5069
vn -0.9998 -0.0192 -0.0000
vn -0.8619 -0.0165 -0.5069
vn -0.4879 -0.0093 -0.8728
vn 0.0159 0.0005 -0.9999
vn 0.5117 0.0100 -0.8591
vn 0.8698 0.0166 -0.4932
vn 0.9998 0.0190 -0.0000
vn 0.8698 0.0166 0.4932
vn 0.5117 0.0100 0.8591
vn 0.0095 -0.0001 1.0000
vn -0.4928 0.0095 0.8701
vn -0.8635 0.0167 0.5041
vn -0.9998 0.0193 -0.0000
vn -0.8635 0.0167 -0.5041
vn -0.4928 0.0095 -0.8701
vn 0.0095 -0.0001 -1.0000
vn 0.5070 -0.0097 -0.8619
vn 0.8682 -0.0168 -0.4959
vn 0.9998 -0.0193 -0.0000
vn 0.8682 -0.0168 0.4959
vn 0.5070 -0.0097 0.8619
vn 0.0057 -0.0002 1.0000
vn -0.4953 0.0213 0.8685
vn -0.8638 0.0371 0.5025
vn -0.9991 0.0429 -0.0000
vn -0.8638 0.0371 -0.5025
vn -0.4953 0.0213 -0.8685
vn 0.0057 -0.0002 -1.0000
vn 0.5038 -0.0216 -0.8635
vn 0.8667 -0.0372 -0.4975
vn 0.8667 -0.0372 0.4975
vn 0.5038 -0.0216 0.8635
vn 0.0031 -0.0002 1.0000
vn -0.4968 0.0284 0.8674
vn -0.8638 0.0493 0.5014
vn -0.8638 0.0493 -0.5014
vn -0.4968 0.0284 -0.8674
vn 0.0031 -0.0002 -1.0000
vn 0.5015 -0.0286 -0.8647
vn 0.8654 -0.0494 -0.4986
vn 0.8654 -0.0494 0.4986
vn 0.5015 -0.0286 0.8647
vn 0.0010 -0.0001 1.0000
vn -0.4982 0.0318 0.8665
vn -0.8640 0.0551 0.5004
vn -0.9980 0.0636 -0.0000
vn -0.8640 0.0551 -0.5004
vn -0.4982 0.0318 -0.8665
vn 0.0010 -0.0001 -1.0000
vn 0.4997 -0.0319 -0.8656
vn 0.8645 -0.0551 -0.4996
vn 0.8645 -0.0551 0.4996
vn 0.4997 -0.0319 0.8656
vn -0.0013 0.0001 1.0000
vn -0.4999 0.0318 0.8655
vn -0.8646 0.0550 0.4995
vn -0.8646 0.0550 -0.4995
vn -0.4999 0.0318 -0.8655
vn -0.0013 0.0001 -1.0000
vn 0.4980 -0.0317 -0.8666
vn 0.8640 -0.0550 -0.5006
vn 0.9980 -0.0635 -0.0000
vn 0.8640 -0.0550 0.5005
vn 0.4980 -0.0317 0.8666
vn -0.0042 0.0002 1.0000
vn -0.5024 0.0279 0.8642
vn -0.8658 0.0481 0.4982
vn -0.8658 0.0481 -0.4982
vn -0.5024 0.0279 -0.8642
vn -0.0042 0.0002 -1.0000
vn 0.4960 -0.0276 -0.8679
vn 0.8636 -0.0480 -0.5018
vn 0.9985 -0.0555 -0.0000
vn 0.8636 -0.0480 0.5018
vn 0.4960 -0.0276 0.8679
vn -0.0084 0.0003 1.0000
vn -0.5061 0.0181 0.8623
vn -0.8676 0.0312 0.4962
vn -0.9994 0.0359 -0.0000
vn -0.8676 0.0312 -0.4962
vn -0.5061 0.0181 -0.8623
vn -0.0084 0.0003 -1.0000
vn 0.4935 -0.0176 -0.8696
vn 0.8634 -0.0308 -0.5035
vn 0.9994 -0.0356 -0.0000
vn 0.8634 -0.0308 0.5035
vn 0.4935 -0.0176 0.8696
vn 0.0154 -0.7700 0.6379
vn -0.3138 -0.7592 0.5702
vn -0.5679 -0.7511 0.3367
vn -0.6637 -0.7480 -0.0000
vn -0.5679 -0.7511 -0.3367
vn -0.3138 -0.7592 -0.5702
vn 0.0154 -0.7700 -0.6378
vn 0.3241 -0.7805 -0.5346
vn 0.5371 -0.7880 -0.3011
vn 0.6122 -0.7907 -0.0000
vn 0.5371 -0.7880 0.3011
vn 0.3241 -0.7805 0.5346
vn -0.8998 -0.2087 0.3832
vn -0.8901 -0.0430 0.4537
vn -0.3491 0.0464 0.9359
vn -0.3827 -0.4724 0.7940
vn -0.8777 -0.3813 0.2903
vn -0.3076 -0.8536 0.4204
vn -0.8250 -0.5583 0.0878
vn -0.1458 -0.9864 -0.0758
vn -0.7484 -0.6111 -0.2577
vn 0.0553 -0.8357 -0.5464
vn -0.6662 -0.4185 -0.6173
vn 0.2370 -0.4623 -0.8545
vn -0.6064 -0.0221 -0.7949
vn 0.3526 0.0082 -0.9357
vn -0.5913 0.4077 -0.6958
vn 0.3806 0.4609 -0.8017
vn -0.6252 0.6922 -0.3606
vn 0.3173 0.8142 -0.4862
vn -0.6973 0.7137 0.0663
vn 0.1719 0.9844 -0.0374
vn -0.7802 0.4922 0.3860
vn -0.0241 0.8968 0.4418
vn -0.8489 0.1911 0.4927
vn -0.2167 0.5522 0.8051
vn -0.6319 0.1227 0.7653
vn -0.6937 -0.3884 0.6066
vn -0.5558 -0.7860 0.2708
vn -0.2607 -0.9547 -0.1433
vn 0.1013 -0.8515 -0.5144
vn 0.4257 -0.5219 -0.7391
vn 0.6335 -0.0737 -0.7702
vn 0.6844 0.3820 -0.6210
vn 0.5697 0.7530 -0.3293
vn 0.3097 0.9494 0.0532
vn -0.0409 0.8995 0.4349
vn -0.3895 0.5977 0.7007
vn -0.7866 0.2016 0.5837
vn -0.8627 -0.2987 0.4081
vn -0.6928 -0.7121 0.1139
vn -0.3290 -0.9201 -0.2128
vn 0.1197 -0.8698 -0.4786
vn 0.5271 -0.5886 -0.6129
vn 0.7915 -0.1641 -0.5887
vn 0.8567 0.2957 -0.4227
vn 0.7101 0.6865 -0.1565
vn 0.3806 0.9120 0.1532
vn -0.0571 0.9014 0.4292
vn -0.4878 0.6432 0.5902
vn -0.8557 0.2581 0.4484
vn -0.9370 -0.2318 0.2613
vn -0.7555 -0.6551 -0.0011
vn -0.3656 -0.8927 -0.2635
vn 0.1194 -0.8835 -0.4530
vn 0.5657 -0.6392 -0.5210
vn 0.8598 -0.2321 -0.4548
vn 0.9329 0.2318 -0.2755
vn 0.7688 0.6389 -0.0283
vn 0.4043 0.8860 0.2269
vn -0.0724 0.9026 0.4244
vn -0.5361 0.6746 0.5075
vn -0.8850 0.2930 0.3619
vn -0.9675 -0.1889 0.1681
vn -0.7832 -0.6174 -0.0738
vn -0.3852 -0.8740 -0.2961
vn 0.1138 -0.8915 -0.4384
vn 0.5782 -0.6709 -0.4643
vn 0.8874 -0.2753 -0.3698
vn 0.9647 0.1910 -0.1814
vn 0.7914 0.6091 0.0525
vn 0.4097 0.8707 0.2722
vn -0.0842 0.9037 0.4199
vn -0.5596 0.6935 0.4537
vn -0.8972 0.3116 0.3129
vn -0.9795 -0.1646 0.1160
vn -0.7955 -0.5951 -0.1141
vn -0.3966 -0.8625 -0.3144
vn 0.1074 -0.8960 -0.4309
vn 0.5803 -0.6894 -0.4335
vn 0.8976 -0.3002 -0.3227
vn 0.9773 0.1684 -0.1286
vn 0.7989 0.5935 0.0978
vn 0.4082 0.8631 0.2973
vn -0.0931 0.9043 0.4166
vn -0.5716 0.7031 0.4229
vn -0.9017 0.3164 0.2948
vn -0.9830 -0.1555 0.0976
vn -0.8010 -0.5850 -0.1273
vn -0.4047 -0.8567 -0.3197
vn 0.0996 -0.8982 -0.4281
vn 0.5769 -0.6984 -0.4236
vn 0.8995 -0.3107 -0.3072
vn 0.9808 0.1611 -0.1101
vn 0.7989 0.5904 0.1148
vn 0.4027 0.8622 0.3072
vn -0.1015 0.9038 0.4157
vn -0.5789 0.7041 0.4111
vn -0.9008 0.3060 0.3080
vn -0.9802 -0.1617 0.1140
vn -0.8024 -0.5863 -0.1116
vn -0.4128 -0.8564 -0.3100
vn 0.0876 -0.8992 -0.4287
vn 0.5670 -0.6996 -0.4349
vn 0.8943 -0.3079 -0.3247
vn 0.9772 0.1700 -0.1270
vn 0.7919 0.6018 0.1037
vn 0.3914 0.8688 0.3034
vn -0.1126 0.9012 0.4184
vn -0.5845 0.6945 0.4195
vn -0.8909 0.2743 0.3620
vn -0.9667 -0.1870 0.1749
vn -0.7968 -0.6017 -0.0557
vn -0.4231 -0.8632 -0.2754
vn 0.0637 -0.9005 -0.4301
vn 0.5411 -0.6943 -0.4746
vn 0.8746 -0.2894 -0.3889
vn 0.9601 0.2024 -0.1930
vn 0.7696 0.6360 0.0562
vn 0.3647 0.8865 0.2849
vn -0.1323 0.8931 0.4301
vn -0.5881 0.6675 0.4568
vn -0.8326 0.2254 0.5059
vn -0.9139 -0.2510 0.3191
vn -0.7468 -0.6609 0.0747
vn -0.4348 -0.8847 -0.1682
vn 0.0172 -0.9069 -0.4209
vn 0.4833 -0.6700 -0.5635
vn 0.8104 -0.2325 -0.5378
vn 0.8940 0.2766 -0.3526
vn 0.7075 0.7037 -0.0647
vn 0.3104 0.9196 0.2407
vn -0.1700 0.8636 0.4746
vn -0.5742 0.5940 0.5634
vn -0.6418 0.0648 0.7642
vn -0.4525 -0.4545 0.7673
vn -0.5910 -0.7335 0.3356
vn -0.3468 -0.9379 -0.0017
vn -0.0094 -0.9118 -0.4106
vn 0.3293 -0.6064 -0.7237
vn 0.5662 -0.1134 -0.8164
vn 0.6268 0.4155 -0.6591
vn 0.4917 0.8172 -0.3007
vn 0.2038 0.9676 0.1489
vn -0.1467 0.8243 0.5468
vn -0.4586 0.4797 0.7480
vn -0.1360 -0.0553 0.9892
vn -0.1035 -0.4955 0.8624
vn -0.1760 -0.8153 0.5516
vn -0.1447 -0.9858 0.0853
vn -0.0139 -0.9056 -0.4238
vn 0.0973 -0.5545 -0.8265
vn 0.1692 -0.0335 -0.9850
vn 0.1871 0.4984 -0.8465
vn 0.1470 0.8796 -0.4524
vn 0.0575 0.9954 0.0762
vn -0.0638 0.8166 0.5736
vn -0.1802 0.4245 0.8873
vn 0.0046 -0.0217 0.9998
vn 0.0062 -0.4939 0.8695
vn 0.0026 -0.8517 0.5240
vn -0.0005 -0.9993 0.0369
vn -0.0008 -0.8845 -0.4666
vn -0.0000 -0.5278 -0.8494
vn 0.0007 -0.0166 -0.9999
vn 0.0008 0.5036 -0.8639
vn 0.0004 0.8776 -0.4793
vn -0.0003 0.9994 0.0360
vn -0.0009 0.8465 0.5324
vn 0.0004 0.4681 0.8837
vn -0.0000 0.0020 1.0000
vn 0.0001 -0.5005 0.8658
vn -0.0000 -0.8673 0.4978
vn -0.0000 -1.0000 -0.0020
vn -0.0001 -0.8662 -0.4997
vn -0.0000 -0.5018 -0.8650
vn -0.0000 -0.0016 -1.0000
vn -0.0000 0.5004 -0.8658
vn -0.0000 0.8671 -0.4982
vn -0.0000 1.0000 0.0016
vn -0.0001 0.8663 0.4994
vn -0.0000 0.5022 0.8648
vn -0.0000 0.0001 1.0000
vn -0.0000 -0.5005 0.8658
vn -0.0000 -0.8663 0.4994
vn -0.0000 -1.0000 -0.0001
vn -0.0000 -0.8663 -0.4994
vn -0.0000 -0.5007 -0.8656
vn -0.0000 -0.0001 -1.0000
vn -0.0000 0.5006 -0.8657
vn -0.0000 0.8664 -0.4994
vn -0.0000 1.0000 0.0001
vn -0.0000 0.8663 0.4995
vn -0.0000 0.5006 0.8657
vn -0.0010 0.0011 1.0000
vn -0.0008 -0.5061 0.8625
vn -0.0003 -0.8729 0.4879
vn 0.0001 -0.9998 -0.0178
vn 0.0004 -0.8574 -0.5147
vn 0.0006 -0.4905 -0.8714
vn 0.0007 0.0014 -1.0000
vn 0.0006 0.4926 -0.8703
vn 0.0005 0.8580 -0.5137
vn 0.0002 0.9998 -0.0182
vn -0.0002 0.8736 0.4867
vn -0.0007 0.5078 0.8615
vn -0.1011 0.0023 0.9949
vn -0.0904 -0.5100 0.8554
vn -0.0540 -0.8777 0.4761
vn -0.0031 -0.9995 -0.0327
vn 0.0475 -0.8490 -0.5262
vn 0.0863 -0.4799 -0.8731
vn 0.1041 0.0027 -0.9946
vn 0.0936 0.4833 -0.8704
vn 0.0595 0.8494 -0.5243
vn 0.0111 0.9994 -0.0331
vn -0.0411 0.8794 0.4744
vn -0.0827 0.5137 0.8540
vn -0.2396 0.0039 0.9709
vn -0.2147 -0.5083 0.8340
vn -0.1302 -0.8761 0.4642
vn -0.0109 -0.9995 -0.0302
vn 0.1100 -0.8532 -0.5099
vn 0.2021 -0.4869 -0.8498
vn 0.2422 -0.0000 -0.9702
vn 0.2188 0.4865 -0.8459
vn 0.1387 0.8520 -0.5047
vn 0.0229 0.9994 -0.0264
vn -0.1001 0.8792 0.4659
vn -0.1970 0.5147 0.8344
vn -0.2906 0.0039 0.9569
vn -0.2613 -0.5018 0.8246
vn -0.1608 -0.8691 0.4677
vn -0.0175 -0.9998 -0.0136
vn 0.1298 -0.8628 -0.4886
vn 0.2424 -0.4979 -0.8326
vn 0.2910 -0.0024 -0.9567
vn 0.2627 0.4937 -0.8290
vn 0.1650 0.8601 -0.4826
vn 0.0235 0.9997 -0.0073
vn -0.1249 0.8725 0.4724
vn -0.2403 0.5083 0.8270
vn -0.3067 0.0037 0.9518
vn -0.2762 -0.4984 0.8217
vn -0.1713 -0.8657 0.4703
vn -0.0205 -0.9998 -0.0070
vn 0.1355 -0.8659 -0.4816
vn 0.2551 -0.5011 -0.8269
vn 0.3067 -0.0032 -0.9518
vn 0.2767 0.4956 -0.8233
vn 0.1729 0.8626 -0.4755
vn 0.0228 0.9997 -0.0002
vn -0.1336 0.8692 0.4760
vn -0.2544 0.5047 0.8249
vn -0.3140 0.0037 0.9494
vn -0.2829 -0.4974 0.8201
vn -0.1758 -0.8647 0.4704
vn -0.0217 -0.9998 -0.0052
vn 0.1382 -0.8668 -0.4791
vn 0.2610 -0.5021 -0.8245
vn 0.2831 0.4961 -0.8208
vn 0.1766 0.8633 -0.4728
vn 0.0227 0.9997 0.0020
vn -0.1373 0.8684 0.4765
vn -0.2606 0.5038 0.8236
vn -0.2860 -0.4970 0.8193
vn -0.1779 -0.8643 0.4705
vn -0.0222 -0.9997 -0.0043
vn 0.1394 -0.8673 -0.4778
vn 0.2637 -0.5027 -0.8233
vn 0.2860 0.4964 -0.8196
vn 0.1782 0.8637 -0.4715
vn 0.0226 0.9997 0.0030
vn -0.1391 0.8679 0.4768
vn -0.2635 0.5034 0.8229
vn -0.1786 -0.8639 0.4709
vn -0.0225 -0.9997 -0.0036
vn 0.1396 -0.8677 -0.4772
vn -0.2858 -0.4964 0.8197
vn -0.1781 -0.8637 0.4716
vn -0.0227 -0.9997 -0.0029
vn 0.1389 -0.8680 -0.4768
vn 0.2633 -0.5034 -0.8230
vn 0.2857 0.4970 -0.8194
vn 0.1777 0.8643 -0.4705
vn 0.0222 0.9997 0.0044
vn -0.1393 0.8673 0.4779
vn -0.2634 0.5026 0.8234
vn -0.3134 0.0034 0.9496
vn -0.2826 -0.4961 0.8210
vn -0.1763 -0.8633 0.4730
vn -0.0227 -0.9997 -0.0018
vn 0.1370 -0.8684 -0.4765
vn 0.2601 -0.5039 -0.8237
vn 0.3134 -0.0037 -0.9496
vn 0.2823 0.4975 -0.8202
vn 0.1755 0.8648 -0.4705
vn 0.0216 0.9998 0.0053
vn -0.1380 0.8668 0.4792
vn -0.2605 0.5021 0.8247
vn -0.3057 0.0031 0.9521
vn -0.2758 -0.4955 0.8237
vn -0.1723 -0.8625 0.4758
vn -0.0228 -0.9997 0.0004
vn 0.1331 -0.8693 -0.4760
vn 0.2535 -0.5048 -0.8252
vn 0.3057 -0.0037 -0.9521
vn 0.2753 0.4985 -0.8220
vn 0.1707 0.8658 -0.4703
vn 0.0204 0.9998 0.0072
vn -0.1351 0.8658 0.4819
vn -0.2543 0.5010 0.8273
vn -0.2900 0.0036 0.9570
vn -0.2608 -0.4991 0.8264
vn -0.1625 -0.8631 0.4781
vn -0.0227 -0.9997 0.0064
vn 0.1239 -0.8734 -0.4710
vn 0.2387 -0.5101 -0.8263
vn 0.2890 -0.0042 -0.9573
vn 0.2597 0.5034 -0.8241
vn 0.1595 0.8703 -0.4660
vn 0.0177 0.9997 0.0137
vn -0.1276 0.8651 0.4851
vn -0.2401 0.5039 0.8297
vn -0.2990 0.0041 0.9542
vn -0.2645 -0.4845 0.8338
vn -0.1520 -0.8425 0.5169
vn -0.0248 -0.9987 0.0455
vn 0.0930 -0.8844 -0.4574
vn 0.1822 -0.5185 -0.8354
vn 0.2210 -0.0041 -0.9753
vn 0.1984 0.5115 -0.8361
vn 0.1209 0.8806 -0.4581
vn 0.0085 0.9988 0.0472
vn -0.1176 0.8427 0.5253
vn -0.2389 0.4815 0.8432
vn 0.2815 0.0092 0.9595
vn 0.4776 -0.5306 0.7002
vn 0.6299 -0.7386 0.2402
vn 0.7426 -0.6551 -0.1392
vn 0.8224 -0.4292 -0.3734
vn 0.8728 -0.1848 -0.4518
vn 0.8930 0.0083 -0.4499
vn 0.8813 0.1903 -0.4326
vn 0.8388 0.4142 -0.3533
vn 0.7672 0.6278 -0.1316
vn 0.6634 0.7123 0.2291
vn 0.5279 0.5395 0.6559
vt 0.000000 1.000000
vt 0.027778 1.000000
vt 0.027778 0.916667
vt 0.000000 0.916667
vt 0.000000 0.083333
vt 0.027778 0.083333
vt 0.027778 0.000000
vt 0.000000 0.000000
vt 0.000000 0.166667
vt 0.027778 0.166667
vt 0.000000 0.250000
vt 0.027778 0.250000
vt 0.000000 0.333333
vt 0.027778 0.333333
vt 0.000000 0.416667
vt 0.027778 0.416667
vt 0.000000 0.500000
vt 0.027778 0.500000
vt 0.000000 0.583333
vt 0.027778 0.583333
vt 0.000000 0.666667
vt 0.027778 0.666667
vt 0.000000 0.750000
vt 0.027778 0.750000
vt 0.000000 0.833333
vt 0.027778 0.833333
vt 0.055556 1.000000
vt 0.055556 0.916667
vt 0.055556 0.083333
vt 0.055556 0.000000
vt 0.055556 0.166667
vt 0.055556 0.250000
vt 0.055556 0.333333
vt 0.055556 0.416667
vt 0.055556 0.500000
vt 0.055556 0.583333
vt 0.055556 0.666667
vt 0.055556 0.750000
vt 0.055556 0.833333
vt 0.083333 1.000000
vt 0.083333 0.916667
vt 0.083333 0.083333
vt 0.083333 0.000000
vt 0.083333 0.166667
vt 0.083333 0.250000
vt 0.083333 0.333333
vt 0.083333 0.416667
vt 0.083333 0.500000
vt 0.083333 0.583333
vt 0.083333 0.666667
vt 0.083333 0.750000
vt 0.083333 0.833333
vt 0.111111 1.000000
vt 0.111111 0.916667
vt 0.111111 0.083333
vt 0.111111 0.000000
vt 0.111111 0.166667
vt 0.111111 0.250000
vt 0.111111 0.333333
vt 0.111111 0.416667
vt 0.111111 0.500000
vt 0.111111 0.583333
vt 0.111111 0.666667
vt 0.111111 0.750000
vt 0.111111 0.833333
vt 0.138889 1.000000
vt 0.138889 0.916667
vt 0.138889 0.083333
vt 0.138889 0.000000
vt 0.138889 0.166667
vt 0.138889 0.250000
vt 0.138889 0.333333
vt 0.138889 0.416667
vt 0.138889 0.500000
vt 0.138889 0.583333
vt 0.138889 0.666667
vt 0.138889 0.750000
vt 0.138889 0.833333
vt 0.166667 1.000000
vt 0.166667 0.916667
vt 0.166667 0.083333
vt 0.166667 0.000000
vt 0.166667 0.166667
vt 0.166667 0.250000
vt 0.166667 0.333333
vt 0.166667 0.416667
vt 0.166667 0.500000
vt 0.166667 0.583333
vt 0.166667 0.666667
vt 0.166667 0.750000
vt 0.166667 0.833333
vt 0.194444 1.000000
vt 0.194444 0.916667
vt 0.194444 0.083333
vt 0.194444 0.000000
vt 0.194444 0.166667
vt 0.194444 0.250000
vt 0.194444 0.333333
vt 0.194444 0.416667
vt 0.194444 0.500000
vt 0.194444 0.583333
vt 0.194444 0.666667
vt 0.194444 0.750000
vt 0.194444 0.833333
vt 0.222222 1.000000
vt 0.222222 0.916667
vt 0.222222 0.083333
vt 0.222222 0.000000
vt 0.222222 0.166667
vt 0.222222 0.250000
vt 0.222222 0.333333
vt 0.222222 0.416667
vt 0.222222 0.500000
vt 0.222222 0.583333
vt 0.222222 0.666667
vt 0.222222 0.750000
vt 0.222222 0.833333
vt 0.250000 1.000000
vt 0.250000 0.916667
vt 0.250000 0.083333
vt 0.250000 0.000000
vt 0.250000 0.166667
vt 0.250000 0.250000
vt 0.250000 0.333333
vt 0.250000 0.416667
vt 0.250000 0.500000
vt 0.250000 0.583333
vt 0.250000 0.666667
vt 0.250000 0.750000
vt 0.250000 0.833333
vt 0.277778 1.000000
vt 0.277778 0.916667
vt 0.277778 0.083333
vt 0.277778 0.000000
vt 0.277778 0.166667
vt 0.277778 0.250000
vt 0.277778 0.333333
vt 0.277778 0.416667
vt 0.277778 0.500000
vt 0.277778 0.583333
vt 0.277778 0.666667
vt 0.277778 0.750000
vt 0.277778 0.833333
vt 0.305556 1.000000
vt 0.305556 0.916667
vt 0.305556 0.083333
vt 0.305556 0.000000
vt 0.305556 0.166667
vt 0.305556 0.250000
vt 0.305556 0.333333
vt 0.305556 0.416667
vt 0.305556 0.500000
vt 0.305556 0.583333
vt 0.305556 0.666667
vt 0.305556 0.750000
vt 0.305556 0.833333
vt 0.333333 1.000000
vt 0.333333 0.916667
vt 0.333333 0.083333
vt 0.333333 0.000000
vt 0.333333 0.166667
vt 0.333333 0.250000
vt 0.333333 0.333333
vt 0.333333 0.416667
vt 0.333333 0.500000
vt 0.333333 0.583333
vt 0.333333 0.666667
vt 0.333333 0.750000
vt 0.333333 0.833333
vt 0.361111 1.000000
vt 0.361111 0.916667
vt 0.361111 0.083333
vt 0.361111 0.000000
vt 0.361111 0.166667
vt 0.361111 0.250000
vt 0.361111 0.333333
vt 0.361111 0.416667
vt 0.361111 0.500000
vt 0.361111 0.583333
vt 0.361111 0.666667
vt 0.361111 0.750000
vt 0.361111 0.833333
vt 0.388889 1.000000
vt 0.388889 0.916667
vt 0.388889 0.083333
vt 0.388889 0.000000
vt 0.388889 0.166667
vt 0.388889 0.250000
vt 0.388889 0.333333
vt 0.388889 0.416667
vt 0.388889 0.500000
vt 0.388889 0.583333
vt 0.388889 0.666667
vt 0.388889 0.750000
vt 0.388889 0.833333
vt 0.416667 1.000000
vt 0.416667 0.916667
vt 0.416667 0.083333
vt 0.416667 0.000000
vt 0.416667 0.166667
vt 0.416667 0.250000
vt 0.416667 0.333333
vt 0.416667 0.416667
vt 0.416667 0.500000
vt 0.416667 0.583333
vt 0.416667 0.666667
vt 0.416667 0.750000
vt 0.416667 0.833333
vt 0.444444 1.000000
vt 0.444444 0.916667
vt 0.444444 0.083333
vt 0.444444 0.000000
vt 0.444444 0.166667
vt 0.444444 0.250000
vt 0.444444 0.333333
vt 0.444444 0.416667
vt 0.444444 0.500000
vt 0.444444 0.583333
vt 0.444444 0.666667
vt 0.444444 0.750000
vt 0.444444 0.833333
vt 0.472222 1.000000
vt 0.472222 0.916667
vt 0.472222 0.083333
vt 0.472222 0.000000
vt 0.472222 0.166667
vt 0.472222 0.250000
vt 0.472222 0.333333
vt 0.472222 0.416667
vt 0.472222 0.500000
vt 0.472222 0.583333
vt 0.472222 0.666667
vt 0.472222 0.750000
vt 0.472222 0.833333
vt 0.500000 1.000000
vt 0.500000 0.916667
vt 0.500000 0.083333
vt 0.500000 0.000000
vt 0.500000 0.166667
vt 0.500000 0.250000
vt 0.500000 0.333333
vt 0.500000 0.416667
vt 0.500000 0.500000
vt 0.500000 0.583333
vt 0.500000 0.666667
vt 0.500000 0.750000
vt 0.500000 0.833333
vt 0.527778 1.000000
vt 0.527778 0.916667
vt 0.527778 0.083333
vt 0.527778 0.000000
vt 0.527778 0.166667
vt 0.527778 0.250000
vt 0.527778 0.333333
vt 0.527778 0.416667
vt 0.527778 0.500000
vt 0.527778 0.583333
vt 0.527778 0.666667
vt 0.527778 0.750000
vt 0.527778 0.833333
vt 0.555556 1.000000
vt 0.555556 0.916667
vt 0.555556 0.083333
vt 0.555556 0.000000
vt 0.555556 0.166667
vt 0.555556 0.250000
vt 0.555556 0.333333
vt 0.555556 0.416667
vt 0.555556 0.500000
vt 0.555556 0.583333
vt 0.555556 0.666667
vt 0.555556 0.750000
vt 0.555556 0.833333
vt 0.583333 1.000000
vt 0.583333 0.916667
vt 0.583333 0.083333
vt 0.583333 0.000000
vt 0.583333 0.166667
vt 0.583333 0.250000
vt 0.583333 0.333333
vt 0.583333 0.416667
vt 0.583333 0.500000
vt 0.583333 0.583333
vt 0.583333 0.666667
vt 0.583333 0.750000
vt 0.583333 0.833333
vt 0.611111 1.000000
vt 0.611111 0.916667
vt 0.611111 0.083333
vt 0.611111 0.000000
vt 0.611111 0.166667
vt 0.611111 0.250000
vt 0.611111 0.333333
vt 0.611111 0.416667
vt 0.611111 0.500000
vt 0.611111 0.583333
vt 0.611111 0.666667
vt 0.611111 0.750000
vt 0.611111 0.833333
vt 0.638889 1.000000
vt 0.638889 0.916667
vt 0.638889 0.083333
vt 0.638889 0.000000
vt 0.638889 0.166667
vt 0.638889 0.250000
vt 0.638889 0.333333
vt 0.638889 0.416667
vt 0.638889 0.500000
vt 0.638889 0.583333
vt 0.638889 0.666667
vt 0.638889 0.750000
vt 0.638889 0.833333
vt 0.666667 1.000000
vt 0.666667 0.916667
vt 0.666667 0.083333
vt 0.666667 0.000000
vt 0.666667 0.166667
vt 0.666667 0.250000
vt 0.666667 0.333333
vt 0.666667 0.416667
vt 0.666667 0.500000
vt 0.666667 0.583333
vt 0.666667 0.666667
vt 0.666667 0.750000
vt 0.666667 0.833333
vt 0.694444 1.000000
vt 0.694444 0.916667
vt 0.694444 0.083333
vt 0.694444 0.000000
vt 0.694444 0.166667
vt 0.694444 0.250000
vt 0.694444 0.333333
vt 0.694444 0.416667
vt 0.694444 0.500000
vt 0.694444 0.583333
vt 0.694444 0.666667
vt 0.694444 0.750000
vt 0.694444 0.833333
vt 0.722222 1.000000
vt 0.722222 0.916667
vt 0.722222 0.083333
vt 0.722222 0.000000
vt 0.722222 0.166667
vt 0.722222 0.250000
vt 0.722222 0.333333
vt 0.722222 0.416667
vt 0.722222 0.500000
vt 0.722222 0.583333
vt 0.722222 0.666667
vt 0.722222 0.750000
vt 0.722222 0.833333
vt 0.750000 1.000000
vt 0.750000 0.916667
vt 0.750000 0.083333
vt 0.750000 0.000000
vt 0.750000 0.166667
vt 0.750000 0.250000
vt 0.750000 0.333333
vt 0.750000 0.416667
vt 0.750000 0.500000
vt 0.750000 0.583333
vt 0.750000 0.666667
vt 0.750000 0.750000
vt 0.750000 0.833333
vt 0.777778 1.000000
vt 0.777778 0.916667
vt 0.777778 0.083333
vt 0.777778 0.000000
vt 0.777778 0.166667
vt 0.777778 0.250000
vt 0.777778 0.333333
vt 0.777778 0.416667
vt 0.777778 0.500000
vt 0.777778 0.583333
vt 0.777778 0.666667
vt 0.777778 0.750000
vt 0.777778 0.833333
vt 0.805556 1.000000
vt 0.805556 0.916667
vt 0.805556 0.083333
vt 0.805556 0.000000
vt 0.805556 0.166667
vt 0.805556 0.250000
vt 0.805556 0.333333
vt 0.805556 0.416667
vt 0.805556 0.500000
vt 0.805556 0.583333
vt 0.805556 0.666667
vt 0.805556 0.750000
vt 0.805556 0.833333
vt 0.833333 1.000000
vt 0.833333 0.916667
vt 0.833333 0.083333
vt 0.833333 0.000000
vt 0.833333 0.166667
vt 0.833333 0.250000
vt 0.833333 0.333333
vt 0.833333 0.416667
vt 0.833333 0.500000
vt 0.833333 0.583333
vt 0.833333 0.666667
vt 0.833333 0.750000
vt 0.833333 0.833333
vt 0.861111 1.000000
vt 0.861111 0.916667
vt 0.861111 0.083333
vt 0.861111 0.000000
vt 0.861111 0.166667
vt 0.861111 0.250000
vt 0.861111 0.333333
vt 0.861111 0.416667
vt 0.861111 0.500000
vt 0.861111 0.583333
vt 0.861111 0.666667
vt 0.861111 0.750000
vt 0.861111 0.833333
vt 0.888889 1.000000
vt 0.888889 0.916667
vt 0.888889 0.083333
vt 0.888889 0.000000
vt 0.888889 0.166667
vt 0.888889 0.250000
vt 0.888889 0.333333
vt 0.888889 0.416667
vt 0.888889 0.500000
vt 0.888889 0.583333
vt 0.888889 0.666667
vt 0.888889 0.750000
vt 0.888889 0.833333
vt 0.916667 1.000000
vt 0.916667 0.916667
vt 0.916667 0.083333
vt 0.916667 0.000000
vt 0.916667 0.166667
vt 0.916667 0.250000
vt 0.916667 0.333333
vt 0.916667 0.416667
vt 0.916667 0.500000
vt 0.916667 0.583333
vt 0.916667 0.666667
vt 0.916667 0.750000
vt 0.916667 0.833333
vt 0.944444 1.000000
vt 0.944444 0.916667
vt 0.944444 0.083333
vt 0.944444 0.000000
vt 0.944444 0.166667
vt 0.944444 0.250000
vt 0.944444 0.333333
vt 0.944444 0.416667
vt 0.944444 0.500000
vt 0.944444 0.583333
vt 0.944444 0.666667
vt 0.944444 0.750000
vt 0.944444 0.833333
vt 0.972222 1.000000
vt 0.972222 0.916667
vt 0.972222 0.083333
vt 0.972222 0.000000
vt 0.972222 0.166667
vt 0.972222 0.250000
vt 0.972222 0.333333
vt 0.972222 0.416667
vt 0.972222 0.500000
vt 0.972222 0.583333
vt 0.972222 0.666667
vt 0.972222 0.750000
vt 0.972222 0.833333
vt 1.000000 1.000000
vt 1.000000 0.916667
vt 1.000000 0.083333
vt 1.000000 0.000000
vt 1.000000 0.166667
vt 1.000000 0.250000
vt 1.000000 0.333333
vt 1.000000 0.416667
vt 1.000000 0.500000
vt 1.000000 0.583333
vt 1.000000 0.666667
vt 1.000000 0.750000
vt 1.000000 0.833333
s 1
usemtl Black_Acent
f 3553/482/3271 3565/483/3272 3576/484/3273 3564/485/3274
f 3554/486/3275 3566/487/3276 3565/488/3272 3553/489/3271
f 3555/490/3277 3567/491/3278 3566/487/3276 3554/486/3275
f 3556/492/3279 3568/493/3280 3567/491/3278 3555/490/3277
f 3557/494/3281 3569/495/3282 3568/493/3280 3556/492/3279
f 3558/496/3283 3570/497/3284 3569/495/3282 3557/494/3281
f 3559/498/3285 3571/499/3286 3570/497/3284 3558/496/3283
f 3560/500/3287 3572/501/3288 3571/499/3286 3559/498/3285
f 3561/502/3289 3573/503/3290 3572/501/3288 3560/500/3287
f 3562/504/3291 3574/505/3292 3573/503/3290 3561/502/3289
f 3563/506/3293 3575/507/3294 3574/505/3292 3562/504/3291
f 3564/485/3274 3576/484/3273 3575/507/3294 3563/506/3293
f 3565/483/3272 3577/508/3295 3588/509/3296 3576/484/3273
f 3566/487/3276 3578/510/3297 3577/511/3295 3565/488/3272
f 3567/491/3278 3579/512/3298 3578/510/3297 3566/487/3276
f 3568/493/3280 3580/513/3299 3579/512/3298 3567/491/3278
f 3569/495/3282 3581/514/3300 3580/513/3299 3568/493/3280
f 3570/497/3284 3582/515/3301 3581/514/3300 3569/495/3282
f 3571/499/3286 3583/516/3302 3582/515/3301 3570/497/3284
f 3572/501/3288 3584/517/3303 3583/516/3302 3571/499/3286
f 3573/503/3290 3585/518/3304 3584/517/3303 3572/501/3288
f 3574/505/3292 3586/519/3305 3585/518/3304 3573/503/3290
f 3575/507/3294 3587/520/3306 3586/519/3305 3574/505/3292
f 3576/484/3273 3588/509/3296 3587/520/3306 3575/507/3294
f 3577/508/3295 3589/521/3307 3600/522/3308 3588/509/3296
f 3578/510/3297 3590/523/3309 3589/524/3307 3577/511/3295
f 3579/512/3298 3591/525/3310 3590/523/3309 3578/510/3297
f 3580/513/3299 3592/526/3311 3591/525/3310 3579/512/3298
f 3581/514/3300 3593/527/3312 3592/526/3311 3580/513/3299
f 3582/515/3301 3594/528/3313 3593/527/3312 3581/514/3300
f 3583/516/3302 3595/529/3314 3594/528/3313 3582/515/3301
f 3584/517/3303 3596/530/3315 3595/529/3314 3583/516/3302
f 3585/518/3304 3597/531/3316 3596/530/3315 3584/517/3303
f 3586/519/3305 3598/532/3317 3597/531/3316 3585/518/3304
f 3587/520/3306 3599/533/3318 3598/532/3317 3586/519/3305
f 3588/509/3296 3600/522/3308 3599/533/3318 3587/520/3306
f 3589/521/3307 3601/534/3319 3612/535/3320 3600/522/3308
f 3590/523/3309 3602/536/3321 3601/537/3319 3589/524/3307
f 3591/525/3310 3603/538/3322 3602/536/3321 3590/523/3309
f 3592/526/3311 3604/539/3323 3603/538/3322 3591/525/3310
f 3593/527/3312 3605/540/3324 3604/539/3323 3592/526/3311
f 3594/528/3313 3606/541/3325 3605/540/3324 3593/527/3312
f 3595/529/3314 3607/542/3326 3606/541/3325 3594/528/3313
f 3596/530/3315 3608/543/3327 3607/542/3326 3595/529/3314
f 3597/531/3316 3609/544/3328 3608/543/3327 3596/530/3315
f 3598/532/3317 3610/545/3329 3609/544/3328 3597/531/3316
f 3599/533/3318 3611/546/3330 3610/545/3329 3598/532/3317
f 3600/522/3308 3612/535/3320 3611/546/3330 3599/533/3318
f 3601/534/3319 3613/547/3331 3624/548/3332 3612/535/3320
f 3602/536/3321 3614/549/3333 3613/550/3331 3601/537/3319
f 3603/538/3322 3615/551/3334 3614/549/3333 3602/536/3321
f 3604/539/3323 3616/552/3335 3615/551/3334 3603/538/3322
f 3605/540/3324 3617/553/3336 3616/552/3335 3604/539/3323
f 3606/541/3325 3618/554/3337 3617/553/3336 3605/540/3324
f 3607/542/3326 3619/555/3338 3618/554/3337 3606/541/3325
f 3608/543/3327 3620/556/3339 3619/555/3338 3607/542/3326
f 3609/544/3328 3621/557/3340 3620/556/3339 3608/543/3327
f 3610/545/3329 3622/558/3341 3621/557/3340 3609/544/3328
f 3611/546/3330 3623/559/3342 3622/558/3341 3610/545/3329
f 3612/535/3320 3624/548/3332 3623/559/3342 3611/546/3330
f 3613/547/3331 3625/560/3343 3636/561/3344 3624/548/3332
f 3614/549/3333 3626/562/3345 3625/563/3343 3613/550/3331
f 3615/551/3334 3627/564/3346 3626/562/3345 3614/549/3333
f 3616/552/3335 3628/565/3347 3627/564/3346 3615/551/3334
f 3617/553/3336 3629/566/3348 3628/565/3347 3616/552/3335
f 3618/554/3337 3630/567/3349 3629/566/3348 3617/553/3336
f 3619/555/3338 3631/568/3350 3630/567/3349 3618/554/3337
f 3620/556/3339 3632/569/3351 3631/568/3350 3619/555/3338
f 3621/557/3340 3633/570/3352 3632/569/3351 3620/556/3339
f 3622/558/3341 3634/571/3353 3633/570/3352 3621/557/3340
f 3623/559/3342 3635/572/3354 3634/571/3353 3622/558/3341
f 3624/548/3332 3636/561/3344 3635/572/3354 3623/559/3342
f 3625/560/3343 3637/573/3355 3648/574/3356 3636/561/3344
f 3626/562/3345 3638/575/3357 3637/576/3355 3625/563/3343
f 3627/564/3346 3639/577/3358 3638/575/3357 3626/562/3345
f 3628/565/3347 3640/578/3359 3639/577/3358 3627/564/3346
f 3629/566/3348 3641/579/3360 3640/578/3359 3628/565/3347
f 3630/567/3349 3642/580/3361 3641/579/3360 3629/566/3348
f 3631/568/3350 3643/581/3362 3642/580/3361 3630/567/3349
f 3632/569/3351 3644/582/3363 3643/581/3362 3631/568/3350
f 3633/570/3352 3645/583/3364 3644/582/3363 3632/569/3351
f 3634/571/3353 3646/584/3365 3645/583/3364 3633/570/3352
f 3635/572/3354 3647/585/3366 3646/584/3365 3634/571/3353
f 3636/561/3344 3648/574/3356 3647/585/3366 3635/572/3354
f 3637/573/3355 3649/586/3367 3660/587/3368 3648/574/3356
f 3638/575/3357 3650/588/3369 3649/589/3367 3637/576/3355
f 3639/577/3358 3651/590/3370 3650/588/3369 3638/575/3357
f 3640/578/3359 3652/591/3371 3651/590/3370 3639/577/3358
f 3641/579/3360 3653/592/3372 3652/591/3371 3640/578/3359
f 3642/580/3361 3654/593/3373 3653/592/3372 3641/579/3360
f 3643/581/3362 3655/594/3374 3654/593/3373 3642/580/3361
f 3644/582/3363 3656/595/3375 3655/594/3374 3643/581/3362
f 3645/583/3364 3657/596/3376 3656/595/3375 3644/582/3363
f 3646/584/3365 3658/597/3377 3657/596/3376 3645/583/3364
f 3647/585/3366 3659/598/3378 3658/597/3377 3646/584/3365
f 3648/574/3356 3660/587/3368 3659/598/3378 3647/585/3366
f 3649/586/3367 3661/599/3379 3672/600/3380 3660/587/3368
f 3650/588/3369 3662/601/3381 3661/602/3379 3649/589/3367
f 3651/590/3370 3663/603/3382 3662/601/3381 3650/588/3369
f 3652/591/3371 3664/604/3383 3663/603/3382 3651/590/3370
f 3653/592/3372 3665/605/3384 3664/604/3383 3652/591/3371
f 3654/593/3373 3666/606/3385 3665/605/3384 3653/592/3372
f 3655/594/3374 3667/607/3386 3666/606/3385 3654/593/3373
f 3656/595/3375 3668/608/3387 3667/607/3386 3655/594/3374
f 3657/596/3376 3669/609/3388 3668/608/3387 3656/595/3375
f 3658/597/3377 3670/610/3389 3669/609/3388 3657/596/3376
f 3659/598/3378 3671/611/3390 3670/610/3389 3658/597/3377
f 3660/587/3368 3672/600/3380 3671/611/3390 3659/598/3378
f 3661/599/3379 3673/612/3391 3684/613/3392 3672/600/3380
f 3662/601/3381 3674/614/3393 3673/615/3391 3661/602/3379
f 3663/603/3382 3675/616/3394 3674/614/3393 3662/601/3381
f 3664/604/3383 3676/617/3395 3675/616/3394 3663/603/3382
f 3665/605/3384 3677/618/3396 3676/617/3395 3664/604/3383
f 3666/606/3385 3678/619/3397 3677/618/3396 3665/605/3384
f 3667/607/3386 3679/620/3398 3678/619/3397 3666/606/3385
f 3668/608/3387 3680/621/3399 3679/620/3398 3667/607/3386
f 3669/609/3388 3681/622/3400 3680/621/3399 3668/608/3387
f 3670/610/3389 3682/623/3401 3681/622/3400 3669/609/3388
f 3671/611/3390 3683/624/3402 3682/623/3401 3670/610/3389
f 3672/600/3380 3684/613/3392 3683/624/3402 3671/611/3390
f 3673/612/3391 3685/625/3403 3696/626/3404 3684/613/3392
f 3674/614/3393 3686/627/3405 3685/628/3403 3673/615/3391
f 3675/616/3394 3687/629/3406 3686/627/3405 3674/614/3393
f 3676/617/3395 3688/630/3407 3687/629/3406 3675/616/3394
f 3677/618/3396 3689/631/3408 3688/630/3407 3676/617/3395
f 3678/619/3397 3690/632/3409 3689/631/3408 3677/618/3396
f 3679/620/3398 3691/633/3410 3690/632/3409 3678/619/3397
f 3680/621/3399 3692/634/3411 3691/633/3410 3679/620/3398
f 3681/622/3400 3693/635/3412 3692/634/3411 3680/621/3399
f 3682/623/3401 3694/636/3413 3693/635/3412 3681/622/3400
f 3683/624/3402 3695/637/3414 3694/636/3413 3682/623/3401
f 3684/613/3392 3696/626/3404 3695/637/3414 3683/624/3402
f 3685/625/3403 3697/638/3415 3708/639/3416 3696/626/3404
f 3686/627/3405 3698/640/3417 3697/641/3415 3685/628/3403
f 3687/629/3406 3699/642/3418 3698/640/3417 3686/627/3405
f 3688/630/3407 3700/643/3419 3699/642/3418 3687/629/3406
f 3689/631/3408 3701/644/3420 3700/643/3419 3688/630/3407
f 3690/632/3409 3702/645/3421 3701/644/3420 3689/631/3408
f 3691/633/3410 3703/646/3422 3702/645/3421 3690/632/3409
f 3692/634/3411 3704/647/3423 3703/646/3422 3691/633/3410
f 3693/635/3412 3705/648/3424 3704/647/3423 3692/634/3411
f 3694/636/3413 3706/649/3425 3705/648/3424 3693/635/3412
f 3695/637/3414 3707/650/3426 3706/649/3425 3694/636/3413
f 3696/626/3404 3708/639/3416 3707/650/3426 3695/637/3414
f 3697/638/3415 3709/651/3427 3720/652/3428 3708/639/3416
f 3698/640/3417 3710/653/3429 3709/654/3427 3697/641/3415
f 3699/642/3418 3711/655/3430 3710/653/3429 3698/640/3417
f 3700/643/3419 3712/656/3431 3711/655/3430 3699/642/3418
f 3701/644/3420 3713/657/3432 3712/656/3431 3700/643/3419
f 3702/645/3421 3714/658/3433 3713/657/3432 3701/644/3420
f 3703/646/3422 3715/659/3434 3714/658/3433 3702/645/3421
f 3704/647/3423 3716/660/3435 3715/659/3434 3703/646/3422
f 3705/648/3424 3717/661/3436 3716/660/3435 3704/647/3423
f 3706/649/3425 3718/662/3437 3717/661/3436 3705/648/3424
f 3707/650/3426 3719/663/3438 3718/662/3437 3706/649/3425
f 3708/639/3416 3720/652/3428 3719/663/3438 3707/650/3426
f 3709/651/3427 3721/664/3439 3732/665/3440 3720/652/3428
f 3710/653/3429 3722/666/3441 3721/667/3439 3709/654/3427
f 3711/655/3430 3723/668/3442 3722/666/3441 3710/653/3429
f 3712/656/3431 3724/669/3443 3723/668/3442 3711/655/3430
f 3713/657/3432 3725/670/3444 3724/669/3443 3712/656/3431
f 3714/658/3433 3726/671/3445 3725/670/3444 3713/657/3432
f 3715/659/3434 3727/672/3446 3726/671/3445 3714/658/3433
f 3716/660/3435 3728/673/3447 3727/672/3446 3715/659/3434
f 3717/661/3436 3729/674/3448 3728/673/3447 3716/660/3435
f 3718/662/3437 3730/675/3449 3729/674/3448 3717/661/3436
f 3719/663/3438 3731/676/3450 3730/675/3449 3718/662/3437
f 3720/652/3428 3732/665/3440 3731/676/3450 3719/663/3438
f 3721/664/3439 3733/677/3451 3744/678/3452 3732/665/3440
f 3722/666/3441 3734/679/3453 3733/680/3451 3721/667/3439
f 3723/668/3442 3735/681/3454 3734/679/3453 3722/666/3441
f 3724/669/3443 3736/682/3455 3735/681/3454 3723/668/3442
f 3725/670/3444 3737/683/3456 3736/682/3455 3724/669/3443
f 3726/671/3445 3738/684/3457 3737/683/3456 3725/670/3444
f 3727/672/3446 3739/685/3458 3738/684/3457 3726/671/3445
f 3728/673/3447 3740/686/3459 3739/685/3458 3727/672/3446
f 3729/674/3448 3741/687/3460 3740/686/3459 3728/673/3447
f 3730/675/3449 3742/688/3461 3741/687/3460 3729/674/3448
f 3731/676/3450 3743/689/3462 3742/688/3461 3730/675/3449
f 3732/665/3440 3744/678/3452 3743/689/3462 3731/676/3450
f 3733/677/3451 3745/690/3463 3756/691/3464 3744/678/3452
f 3734/679/3453 3746/692/3465 3745/693/3463 3733/680/3451
f 3735/681/3454 3747/694/3466 3746/692/3465 3734/679/3453
f 3736/682/3455 3748/695/3467 3747/694/3466 3735/681/3454
f 3737/683/3456 3749/696/3468 3748/695/3467 3736/682/3455
f 3738/684/3457 3750/697/3469 3749/696/3468 3737/683/3456
f 3739/685/3458 3751/698/3470 3750/697/3469 3738/684/3457
f 3740/686/3459 3752/699/3471 3751/698/3470 3739/685/3458
f 3741/687/3460 3753/700/3472 3752/699/3471 3740/686/3459
f 3742/688/3461 3754/701/3473 3753/700/3472 3741/687/3460
f 3743/689/3462 3755/702/3474 3754/701/3473 3742/688/3461
f 3744/678/3452 3756/691/3464 3755/702/3474 3743/689/3462
f 3745/690/3463 3757/703/3475 3768/704/3476 3756/691/3464
f 3746/692/3465 3758/705/3477 3757/706/3475 3745/693/3463
f 3747/694/3466 3759/707/3478 3758/705/3477 3746/692/3465
f 3748/695/3467 3760/708/3479 3759/707/3478 3747/694/3466
f 3749/696/3468 3761/709/3480 3760/708/3479 3748/695/3467
f 3750/697/3469 3762/710/3481 3761/709/3480 3749/696/3468
f 3751/698/3470 3763/711/3482 3762/710/3481 3750/697/3469
f 3752/699/3471 3764/712/3483 3763/711/3482 3751/698/3470
f 3753/700/3472 3765/713/3484 3764/712/3483 3752/699/3471
f 3754/701/3473 3766/714/3485 3765/713/3484 3753/700/3472
f 3755/702/3474 3767/715/3486 3766/714/3485 3754/701/3473
f 3756/691/3464 3768/704/3476 3767/715/3486 3755/702/3474
f 3757/703/3475 3769/716/3487 3780/717/3488 3768/704/3476
f 3758/705/3477 3770/718/3489 3769/719/3487 3757/706/3475
f 3759/707/3478 3771/720/3490 3770/718/3489 3758/705/3477
f 3760/708/3479 3772/721/3491 3771/720/3490 3759/707/3478
f 3761/709/3480 3773/722/3492 3772/721/3491 3760/708/3479
f 3762/710/3481 3774/723/3493 3773/722/3492 3761/709/3480
f 3763/711/3482 3775/724/3494 3774/723/3493 3762/710/3481
f 3764/712/3483 3776/725/3495 3775/724/3494 3763/711/3482
f 3765/713/3484 3777/726/3496 3776/725/3495 3764/712/3483
f 3766/714/3485 3778/727/3497 3777/726/3496 3765/713/3484
f 3767/715/3486 3779/728/3498 3778/727/3497 3766/714/3485
f 3768/704/3476 3780/717/3488 3779/728/3498 3767/715/3486
f 3769/716/3487 3781/729/3499 3792/730/3500 3780/717/3488
f 3770/718/3489 3782/731/3501 3781/732/3499 3769/719/3487
f 3771/720/3490 3783/733/3502 3782/731/3501 3770/718/3489
f 3772/721/3491 3784/734/3503 3783/733/3502 3771/720/3490
f 3773/722/3492 3785/735/3504 3784/734/3503 3772/721/3491
f 3774/723/3493 3786/736/3505 3785/735/3504 3773/722/3492
f 3775/724/3494 3787/737/3506 3786/736/3505 3774/723/3493
f 3776/725/3495 3788/738/3507 3787/737/3506 3775/724/3494
f 3777/726/3496 3789/739/3508 3788/738/3507 3776/725/3495
f 3778/727/3497 3790/740/3509 3789/739/3508 3777/726/3496
f 3779/728/3498 3791/741/3510 3790/740/3509 3778/727/3497
f 3780/717/3488 3792/730/3500 3791/741/3510 3779/728/3498
f 3781/729/3499 3793/742/3511 3804/743/3512 3792/730/3500
f 3782/731/3501 3794/744/3513 3793/745/3511 3781/732/3499
f 3783/733/3502 3795/746/3514 3794/744/3513 3782/731/3501
f 3784/734/3503 3796/747/3515 3795/746/3514 3783/733/3502
f 3785/735/3504 3797/748/3516 3796/747/3515 3784/734/3503
f 3786/736/3505 3798/749/3517 3797/748/3516 3785/735/3504
f 3787/737/3506 3799/750/3518 3798/749/3517 3786/736/3505
f 3788/738/3507 3800/751/3519 3799/750/3518 3787/737/3506
f 3789/739/3508 3801/752/3520 3800/751/3519 3788/738/3507
f 3790/740/3509 3802/753/3521 3801/752/3520 3789/739/3508
f 3791/741/3510 3803/754/3522 3802/753/3521 3790/740/3509
f 3792/730/3500 3804/743/3512 3803/754/3522 3791/741/3510
f 3793/742/3511 3805/755/3523 3816/756/3524 3804/743/3512
f 3794/744/3513 3806/757/3525 3805/758/3523 3793/745/3511
f 3795/746/3514 3807/759/3526 3806/757/3525 3794/744/3513
f 3796/747/3515 3808/760/3527 3807/759/3526 3795/746/3514
f 3797/748/3516 3809/761/3528 3808/760/3527 3796/747/3515
f 3798/749/3517 3810/762/3529 3809/761/3528 3797/748/3516
f 3799/750/3518 3811/763/3530 3810/762/3529 3798/749/3517
f 3800/751/3519 3812/764/3531 3811/763/3530 3799/750/3518
f 3801/752/3520 3813/765/3532 3812/764/3531 3800/751/3519
f 3802/753/3521 3814/766/3533 3813/765/3532 3801/752/3520
f 3803/754/3522 3815/767/3534 3814/766/3533 3802/753/3521
f 3804/743/3512 3816/756/3524 3815/767/3534 3803/754/3522
f 3805/755/3523 3817/768/3535 3828/769/3536 3816/756/3524
f 3806/757/3525 3818/770/3537 3817/771/3535 3805/758/3523
f 3807/759/3526 3819/772/3538 3818/770/3537 3806/757/3525
f 3808/760/3527 3820/773/3539 3819/772/3538 3807/759/3526
f 3809/761/3528 3821/774/3540 3820/773/3539 3808/760/3527
f 3810/762/3529 3822/775/3541 3821/774/3540 3809/761/3528
f 3811/763/3530 3823/776/3542 3822/775/3541 3810/762/3529
f 3812/764/3531 3824/777/3543 3823/776/3542 3811/763/3530
f 3813/765/3532 3825/778/3544 3824/777/3543 3812/764/3531
f 3814/766/3533 3826/779/3545 3825/778/3544 3813/765/3532
f 3815/767/3534 3827/780/3546 3826/779/3545 3814/766/3533
f 3816/756/3524 3828/769/3536 3827/780/3546 3815/767/3534
f 3817/768/3535 3829/781/3547 3840/782/3548 3828/769/3536
f 3818/770/3537 3830/783/3549 3829/784/3547 3817/771/3535
f 3819/772/3538 3831/785/3550 3830/783/3549 3818/770/3537
f 3820/773/3539 3832/786/3551 3831/785/3550 3819/772/3538
f 3821/774/3540 3833/787/3552 3832/786/3551 3820/773/3539
f 3822/775/3541 3834/788/3553 3833/787/3552 3821/774/3540
f 3823/776/3542 3835/789/3554 3834/788/3553 3822/775/3541
f 3824/777/3543 3836/790/3555 3835/789/3554 3823/776/3542
f 3825/778/3544 3837/791/3556 3836/790/3555 3824/777/3543
f 3826/779/3545 3838/792/3557 3837/791/3556 3825/778/3544
f 3827/780/3546 3839/793/3558 3838/792/3557 3826/779/3545
f 3828/769/3536 3840/782/3548 3839/793/3558 3827/780/3546
f 3829/781/3547 3841/794/3559 3852/795/3560 3840/782/3548
f 3830/783/3549 3842/796/3561 3841/797/3559 3829/784/3547
f 3831/785/3550 3843/798/3562 3842/796/3561 3830/783/3549
f 3832/786/3551 3844/799/3563 3843/798/3562 3831/785/3550
f 3833/787/3552 3845/800/3564 3844/799/3563 3832/786/3551
f 3834/788/3553 3846/801/3565 3845/800/3564 3833/787/3552
f 3835/789/3554 3847/802/3566 3846/801/3565 3834/788/3553
f 3836/790/3555 3848/803/3567 3847/802/3566 3835/789/3554
f 3837/791/3556 3849/804/3568 3848/803/3567 3836/790/3555
f 3838/792/3557 3850/805/3569 3849/804/3568 3837/791/3556
f 3839/793/3558 3851/806/3570 3850/805/3569 3838/792/3557
f 3840/782/3548 3852/795/3560 3851/806/3570 3839/793/3558
f 3841/794/3559 3853/807/3571 3864/808/3572 3852/795/3560
f 3842/796/3561 3854/809/3573 3853/810/3571 3841/797/3559
f 3843/798/3562 3855/811/3574 3854/809/3573 3842/796/3561
f 3844/799/3563 3856/812/3575 3855/811/3574 3843/798/3562
f 3845/800/3564 3857/813/3576 3856/812/3575 3844/799/3563
f 3846/801/3565 3858/814/3577 3857/813/3576 3845/800/3564
f 3847/802/3566 3859/815/3578 3858/814/3577 3846/801/3565
f 3848/803/3567 3860/816/3579 3859/815/3578 3847/802/3566
f 3849/804/3568 3861/817/3580 3860/816/3579 3848/803/3567
f 3850/805/3569 3862/818/3581 3861/817/3580 3849/804/3568
f 3851/806/3570 3863/819/3582 3862/818/3581 3850/805/3569
f 3852/795/3560 3864/808/3572 3863/819/3582 3851/806/3570
f 3853/807/3571 3865/820/3583 3876/821/3584 3864/808/3572
f 3854/809/3573 3866/822/3585 3865/823/3583 3853/810/3571
f 3855/811/3574 3867/824/3586 3866/822/3585 3854/809/3573
f 3856/812/3575 3868/825/3587 3867/824/3586 3855/811/3574
f 3857/813/3576 3869/826/3588 3868/825/3587 3856/812/3575
f 3858/814/3577 3870/827/3589 3869/826/3588 3857/813/3576
f 3859/815/3578 3871/828/3590 3870/827/3589 3858/814/3577
f 3860/816/3579 3872/829/3591 3871/828/3590 3859/815/3578
f 3861/817/3580 3873/830/3592 3872/829/3591 3860/816/3579
f 3862/818/3581 3874/831/3593 3873/830/3592 3861/817/3580
f 3863/819/3582 3875/832/3594 3874/831/3593 3862/818/3581
f 3864/808/3572 3876/821/3584 3875/832/3594 3863/819/3582
f 3865/820/3583 3877/833/3595 3888/834/3596 3876/821/3584
f 3866/822/3585 3878/835/3597 3877/836/3595 3865/823/3583
f 3867/824/3586 3879/837/3598 3878/835/3597 3866/822/3585
f 3868/825/3587 3880/838/3599 3879/837/3598 3867/824/3586
f 3869/826/3588 3881/839/3600 3880/838/3599 3868/825/3587
f 3870/827/3589 3882/840/3601 3881/839/3600 3869/826/3588
f 3871/828/3590 3883/841/3602 3882/840/3601 3870/827/3589
f 3872/829/3591 3884/842/3603 3883/841/3602 3871/828/3590
f 3873/830/3592 3885/843/3604 3884/842/3603 3872/829/3591
f 3874/831/3593 3886/844/3605 3885/843/3604 3873/830/3592
f 3875/832/3594 3887/845/3606 3886/844/3605 3874/831/3593
f 3876/821/3584 3888/834/3596 3887/845/3606 3875/832/3594
f 3877/833/3595 3889/846/3607 3900/847/3608 3888/834/3596
f 3878/835/3597 3890/848/3609 3889/849/3607 3877/836/3595
f 3879/837/3598 3891/850/3610 3890/848/3609 3878/835/3597
f 3880/838/3599 3892/851/3611 3891/850/3610 3879/837/3598
f 3881/839/3600 3893/852/3612 3892/851/3611 3880/838/3599
f 3882/840/3601 3894/853/3613 3893/852/3612 3881/839/3600
f 3883/841/3602 3895/854/3614 3894/853/3613 3882/840/3601
f 3884/842/3603 3896/855/3615 3895/854/3614 3883/841/3602
f 3885/843/3604 3897/856/3616 3896/855/3615 3884/842/3603
f 3886/844/3605 3898/857/3617 3897/856/3616 3885/843/3604
f 3887/845/3606 3899/858/3618 3898/857/3617 3886/844/3605
f 3888/834/3596 3900/847/3608 3899/858/3618 3887/845/3606
f 3889/846/3607 3901/859/3619 3912/860/3620 3900/847/3608
f 3890/848/3609 3902/861/3621 3901/862/3619 3889/849/3607
f 3891/850/3610 3903/863/3622 3902/861/3621 3890/848/3609
f 3892/851/3611 3904/864/3623 3903/863/3622 3891/850/3610
f 3893/852/3612 3905/865/3624 3904/864/3623 3892/851/3611
f 3894/853/3613 3906/866/3625 3905/865/3624 3893/852/3612
f 3895/854/3614 3907/867/3626 3906/866/3625 3894/853/3613
f 3896/855/3615 3908/868/3627 3907/867/3626 3895/854/3614
f 3897/856/3616 3909/869/3628 3908/868/3627 3896/855/3615
f 3898/857/3617 3910/870/3629 3909/869/3628 3897/856/3616
f 3899/858/3618 3911/871/3630 3910/870/3629 3898/857/3617
f 3900/847/3608 3912/860/3620 3911/871/3630 3899/858/3618
f 3901/859/3619 3913/872/3631 3924/873/3632 3912/860/3620
f 3902/861/3621 3914/874/3633 3913/875/3631 3901/862/3619
f 3903/863/3622 3915/876/3634 3914/874/3633 3902/861/3621
f 3904/864/3623 3916/877/3635 3915/876/3634 3903/863/3622
f 3905/865/3624 3917/878/3636 3916/877/3635 3904/864/3623
f 3906/866/3625 3918/879/3637 3917/878/3636 3905/865/3624
f 3907/867/3626 3919/880/3638 3918/879/3637 3906/866/3625
f 3908/868/3627 3920/881/3639 3919/880/3638 3907/867/3626
f 3909/869/3628 3921/882/3640 3920/881/3639 3908/868/3627
f 3910/870/3629 3922/883/3641 3921/882/3640 3909/869/3628
f 3911/871/3630 3923/884/3642 3922/883/3641 3910/870/3629
f 3912/860/3620 3924/873/3632 3923/884/3642 3911/871/3630
f 3913/872/3631 3925/885/3643 3936/886/3644 3924/873/3632
f 3914/874/3633 3926/887/3645 3925/888/3643 3913/875/3631
f 3915/876/3634 3927/889/3646 3926/887/3645 3914/874/3633
f 3916/877/3635 3928/890/3647 3927/889/3646 3915/876/3634
f 3917/878/3636 3929/891/3648 3928/890/3647 3916/877/3635
f 3918/879/3637 3930/892/3649 3929/891/3648 3917/878/3636
f 3919/880/3638 3931/893/3650 3930/892/3649 3918/879/3637
f 3920/881/3639 3932/894/3651 3931/893/3650 3919/880/3638
f 3921/882/3640 3933/895/3652 3932/894/3651 3920/881/3639
f 3922/883/3641 3934/896/3653 3933/895/3652 3921/882/3640
f 3923/884/3642 3935/897/3654 3934/896/3653 3922/883/3641
f 3924/873/3632 3936/886/3644 3935/897/3654 3923/884/3642
f 3925/885/3643 3937/898/3655 3948/899/3656 3936/886/3644
f 3926/887/3645 3938/900/3657 3937/901/3655 3925/888/3643
f 3927/889/3646 3939/902/3658 3938/900/3657 3926/887/3645
f 3928/890/3647 3940/903/3659 3939/902/3658 3927/889/3646
f 3929/891/3648 3941/904/3660 3940/903/3659 3928/890/3647
f 3930/892/3649 3942/905/3661 3941/904/3660 3929/891/3648
f 3931/893/3650 3943/906/3662 3942/905/3661 3930/892/3649
f 3932/894/3651 3944/907/3663 3943/906/3662 3931/893/3650
f 3933/895/3652 3945/908/3664 3944/907/3663 3932/894/3651
f 3934/896/3653 3946/909/3665 3945/908/3664 3933/895/3652
f 3935/897/3654 3947/910/3666 3946/909/3665 3934/896/3653
f 3936/886/3644 3948/899/3656 3947/910/3666 3935/897/3654
f 3937/898/3655 3949/911/3667 3960/912/3668 3948/899/3656
f 3938/900/3657 3950/913/3669 3949/914/3667 3937/901/3655
f 3939/902/3658 3951/915/3670 3950/913/3669 3938/900/3657
f 3940/903/3659 3952/916/3671 3951/915/3670 3939/902/3658
f 3941/904/3660 3953/917/3672 3952/916/3671 3940/903/3659
f 3942/905/3661 3954/918/3673 3953/917/3672 3941/904/3660
f 3943/906/3662 3955/919/3674 3954/918/3673 3942/905/3661
f 3944/907/3663 3956/920/3675 3955/919/3674 3943/906/3662
f 3945/908/3664 3957/921/3676 3956/920/3675 3944/907/3663
f 3946/909/3665 3958/922/3677 3957/921/3676 3945/908/3664
f 3947/910/3666 3959/923/3678 3958/922/3677 3946/909/3665
f 3948/899/3656 3960/912/3668 3959/923/3678 3947/910/3666
f 3949/911/3667 3961/924/3679 3972/925/3680 3960/912/3668
f 3950/913/3669 3962/926/3681 3961/927/3679 3949/914/3667
f 3951/915/3670 3963/928/3682 3962/926/3681 3950/913/3669
f 3952/916/3671 3964/929/3683 3963/928/3682 3951/915/3670
f 3953/917/3672 3965/930/3684 3964/929/3683 3952/916/3671
f 3954/918/3673 3966/931/3685 3965/930/3684 3953/917/3672
f 3955/919/3674 3967/932/3686 3966/931/3685 3954/918/3673
f 3956/920/3675 3968/933/3687 3967/932/3686 3955/919/3674
f 3957/921/3676 3969/934/3688 3968/933/3687 3956/920/3675
f 3958/922/3677 3970/935/3689 3969/934/3688 3957/921/3676
f 3959/923/3678 3971/936/3690 3970/935/3689 3958/922/3677
f 3960/912/3668 3972/925/3680 3971/936/3690 3959/923/3678
f 3961/924/3679 3973/937/3691 3984/938/3692 3972/925/3680
f 3962/926/3681 3974/939/3693 3973/940/3691 3961/927/3679
f 3963/928/3682 3975/941/3694 3974/939/3693 3962/926/3681
f 3964/929/3683 3976/942/3695 3975/941/3694 3963/928/3682
f 3965/930/3684 3977/943/3696 3976/942/3695 3964/929/3683
f 3966/931/3685 3978/944/3697 3977/943/3696 3965/930/3684
f 3967/932/3686 3979/945/3698 3978/944/3697 3966/931/3685
f 3968/933/3687 3980/946/3699 3979/945/3698 3967/932/3686
f 3969/934/3688 3981/947/3700 3980/946/3699 3968/933/3687
f 3970/935/3689 3982/948/3701 3981/947/3700 3969/934/3688
f 3971/936/3690 3983/949/3702 3982/948/3701 3970/935/3689
f 3972/925/3680 3984/938/3692 3983/949/3702 3971/936/3690
f 3973/937/3691 3985/950/3703 3996/951/3704 3984/938/3692
f 3974/939/3693 3986/952/3705 3985/953/3703 3973/940/3691
f 3975/941/3694 3987/954/3706 3986/952/3705 3974/939/3693
f 3976/942/3695 3988/955/3707 3987/954/3706 3975/941/3694
f 3977/943/3696 3989/956/3708 3988/955/3707 3976/942/3695
f 3978/944/3697 3990/957/3709 3989/956/3708 3977/943/3696
f 3979/945/3698 3991/958/3710 3990/957/3709 3978/944/3697
f 3980/946/3699 3992/959/3711 3991/958/3710 3979/945/3698
f 3981/947/3700 3993/960/3712 3992/959/3711 3980/946/3699
f 3982/948/3701 3994/961/3713 3993/960/3712 3981/947/3700
f 3983/949/3702 3995/962/3714 3994/961/3713 3982/948/3701
f 3984/938/3692 3996/951/3704 3995/962/3714 3983/949/3702
f 3997/482/3715 4009/483/3716 4020/484/3717 4008/485/3718
f 3998/486/3719 4010/487/3720 4009/488/3716 3997/489/3715
f 3999/490/3721 4011/491/3722 4010/487/3720 3998/486/3719
f 4000/492/3723 4012/493/3724 4011/491/3722 3999/490/3721
f 4001/494/3725 4013/495/3726 4012/493/3724 4000/492/3723
f 4002/496/3727 4014/497/3728 4013/495/3726 4001/494/3725
f 4003/498/3729 4015/499/3730 4014/497/3728 4002/496/3727
f 4004/500/3731 4016/501/3732 4015/499/3730 4003/498/3729
f 4005/502/3733 4017/503/3734 4016/501/3732 4004/500/3731
f 4006/504/3735 4018/505/3736 4017/503/3734 4005/502/3733
f 4007/506/3737 4019/507/3738 4018/505/3736 4006/504/3735
f 4008/485/3718 4020/484/3717 4019/507/3738 4007/506/3737
f 4009/483/3716 4021/508/3739 4032/509/3740 4020/484/3717
f 4010/487/3720 4022/510/3741 4021/511/3739 4009/488/3716
f 4011/491/3722 4023/512/3742 4022/510/3741 4010/487/3720
f 4012/493/3724 4024/513/3743 4023/512/3742 4011/491/3722
f 4013/495/3726 4025/514/3744 4024/513/3743 4012/493/3724
f 4014/497/3728 4026/515/3745 4025/514/3744 4013/495/3726
f 4015/499/3730 4027/516/3746 4026/515/3745 4014/497/3728
f 4016/501/3732 4028/517/3747 4027/516/3746 4015/499/3730
f 4017/503/3734 4029/518/3748 4028/517/3747 4016/501/3732
f 4018/505/3736 4030/519/3749 4029/518/3748 4017/503/3734
f 4019/507/3738 4031/520/3750 4030/519/3749 4018/505/3736
f 4020/484/3717 4032/509/3740 4031/520/3750 4019/507/3738
f 4021/508/3739 4033/521/3751 4044/522/3752 4032/509/3740
f 4022/510/3741 4034/523/3753 4033/524/3751 4021/511/3739
f 4023/512/3742 4035/525/3754 4034/523/3753 4022/510/3741
f 4024/513/3743 4036/526/3755 4035/525/3754 4023/512/3742
f 4025/514/3744 4037/527/3756 4036/526/3755 4024/513/3743
f 4026/515/3745 4038/528/3757 4037/527/3756 4025/514/3744
f 4027/516/3746 4039/529/3758 4038/528/3757 4026/515/3745
f 4028/517/3747 4040/530/3759 4039/529/3758 4027/516/3746
f 4029/518/3748 4041/531/3760 4040/530/3759 4028/517/3747
f 4030/519/3749 4042/532/3761 4041/531/3760 4029/518/3748
f 4031/520/3750 4043/533/3762 4042/532/3761 4030/519/3749
f 4032/509/3740 4044/522/3752 4043/533/3762 4031/520/3750
f 4033/521/3751 4045/534/3763 4056/535/3764 4044/522/3752
f 4034/523/3753 4046/536/3765 4045/537/3763 4033/524/3751
f 4035/525/3754 4047/538/3766 4046/536/3765 4034/523/3753
f 4036/526/3755 4048/539/3767 4047/538/3766 4035/525/3754
f 4037/527/3756 4049/540/3768 4048/539/3767 4036/526/3755
f 4038/528/3757 4050/541/3769 4049/540/3768 4037/527/3756
f 4039/529/3758 4051/542/3770 4050/541/3769 4038/528/3757
f 4040/530/3759 4052/543/3771 4051/542/3770 4039/529/3758
f 4041/531/3760 4053/544/3772 4052/543/3771 4040/530/3759
f 4042/532/3761 4054/545/3773 4053/544/3772 4041/531/3760
f 4043/533/3762 4055/546/3774 4054/545/3773 4042/532/3761
f 4044/522/3752 4056/535/3764 4055/546/3774 4043/533/3762
f 4045/534/3763 4057/547/3775 4068/548/3776 4056/535/3764
f 4046/536/3765 4058/549/3777 4057/550/3775 4045/537/3763
f 4047/538/3766 4059/551/3778 4058/549/3777 4046/536/3765
f 4048/539/3767 4060/552/3779 4059/551/3778 4047/538/3766
f 4049/540/3768 4061/553/3780 4060/552/3779 4048/539/3767
f 4050/541/3769 4062/554/3781 4061/553/3780 4049/540/3768
f 4051/542/3770 4063/555/3782 4062/554/3781 4050/541/3769
f 4052/543/3771 4064/556/3783 4063/555/3782 4051/542/3770
f 4053/544/3772 4065/557/3784 4064/556/3783 4052/543/3771
f 4054/545/3773 4066/558/3785 4065/557/3784 4053/544/3772
f 4055/546/3774 4067/559/3786 4066/558/3785 4054/545/3773
f 4056/535/3764 4068/548/3776 4067/559/3786 4055/546/3774
f 4057/547/3775 4069/560/3787 4080/561/3788 4068/548/3776
f 4058/549/3777 4070/562/3789 4069/563/3787 4057/550/3775
f 4059/551/3778 4071/564/3790 4070/562/3789 4058/549/3777
f 4060/552/3779 4072/565/3791 4071/564/3790 4059/551/3778
f 4061/553/3780 4073/566/3792 4072/565/3791 4060/552/3779
f 4062/554/3781 4074/567/3793 4073/566/3792 4061/553/3780
f 4063/555/3782 4075/568/3794 4074/567/3793 4062/554/3781
f 4064/556/3783 4076/569/3795 4075/568/3794 4063/555/3782
f 4065/557/3784 4077/570/3796 4076/569/3795 4064/556/3783
f 4066/558/3785 4078/571/3797 4077/570/3796 4065/557/3784
f 4067/559/3786 4079/572/3798 4078/571/3797 4066/558/3785
f 4068/548/3776 4080/561/3788 4079/572/3798 4067/559/3786
f 4069/560/3787 4081/573/3799 4092/574/3800 4080/561/3788
f 4070/562/3789 4082/575/3801 4081/576/3799 4069/563/3787
f 4071/564/3790 4083/577/3802 4082/575/3801 4070/562/3789
f 4072/565/3791 4084/578/3803 4083/577/3802 4071/564/3790
f 4073/566/3792 4085/579/3804 4084/578/3803 4072/565/3791
f 4074/567/3793 4086/580/3805 4085/579/3804 4073/566/3792
f 4075/568/3794 4087/581/3806 4086/580/3805 4074/567/3793
f 4076/569/3795 4088/582/3807 4087/581/3806 4075/568/3794
f 4077/570/3796 4089/583/3808 4088/582/3807 4076/569/3795
f 4078/571/3797 4090/584/3809 4089/583/3808 4077/570/3796
f 4079/572/3798 4091/585/3810 4090/584/3809 4078/571/3797
f 4080/561/3788 4092/574/3800 4091/585/3810 4079/572/3798
f 4081/573/3799 4093/586/3811 4104/587/3812 4092/574/3800
f 4082/575/3801 4094/588/3813 4093/589/3811 4081/576/3799
f 4083/577/3802 4095/590/3814 4094/588/3813 4082/575/3801
f 4084/578/3803 4096/591/3815 4095/590/3814 4083/577/3802
f 4085/579/3804 4097/592/3816 4096/591/3815 4084/578/3803
f 4086/580/3805 4098/593/3817 4097/592/3816 4085/579/3804
f 4087/581/3806 4099/594/3818 4098/593/3817 4086/580/3805
f 4088/582/3807 4100/595/3819 4099/594/3818 4087/581/3806
f 4089/583/3808 4101/596/3820 4100/595/3819 4088/582/3807
f 4090/584/3809 4102/597/3821 4101/596/3820 4089/583/3808
f 4091/585/3810 4103/598/3822 4102/597/3821 4090/584/3809
f 4092/574/3800 4104/587/3812 4103/598/3822 4091/585/3810
f 4093/586/3811 4105/599/3823 4116/600/3824 4104/587/3812
f 4094/588/3813 4106/601/3825 4105/602/3823 4093/589/3811
f 4095/590/3814 4107/603/3826 4106/601/3825 4094/588/3813
f 4096/591/3815 4108/604/3827 4107/603/3826 4095/590/3814
f 4097/592/3816 4109/605/3828 4108/604/3827 4096/591/3815
f 4098/593/3817 4110/606/3829 4109/605/3828 4097/592/3816
f 4099/594/3818 4111/607/3830 4110/606/3829 4098/593/3817
f 4100/595/3819 4112/608/3831 4111/607/3830 4099/594/3818
f 4101/596/3820 4113/609/3832 4112/608/3831 4100/595/3819
f 4102/597/3821 4114/610/3833 4113/609/3832 4101/596/3820
f 4103/598/3822 4115/611/3834 4114/610/3833 4102/597/3821
f 4104/587/3812 4116/600/3824 4115/611/3834 4103/598/3822
f 4105/599/3823 4117/612/3835 4128/613/3836 4116/600/3824
f 4106/601/3825 4118/614/3837 4117/615/3835 4105/602/3823
f 4107/603/3826 4119/616/3838 4118/614/3837 4106/601/3825
f 4108/604/3827 4120/617/3839 4119/616/3838 4107/603/3826
f 4109/605/3828 4121/618/3840 4120/617/3839 4108/604/3827
f 4110/606/3829 4122/619/3841 4121/618/3840 4109/605/3828
f 4111/607/3830 4123/620/3842 4122/619/3841 4110/606/3829
f 4112/608/3831 4124/621/3843 4123/620/3842 4111/607/3830
f 4113/609/3832 4125/622/3844 4124/621/3843 4112/608/3831
f 4114/610/3833 4126/623/3845 4125/622/3844 4113/609/3832
f 4115/611/3834 4127/624/3846 4126/623/3845 4114/610/3833
f 4116/600/3824 4128/613/3836 4127/624/3846 4115/611/3834
f 4117/612/3835 4129/625/3847 4140/626/3848 4128/613/3836
f 4118/614/3837 4130/627/3849 4129/628/3847 4117/615/3835
f 4119/616/3838 4131/629/3850 4130/627/3849 4118/614/3837
f 4120/617/3839 4132/630/3851 4131/629/3850 4119/616/3838
f 4121/618/3840 4133/631/3852 4132/630/3851 4120/617/3839
f 4122/619/3841 4134/632/3853 4133/631/3852 4121/618/3840
f 4123/620/3842 4135/633/3854 4134/632/3853 4122/619/3841
f 4124/621/3843 4136/634/3855 4135/633/3854 4123/620/3842
f 4125/622/3844 4137/635/3856 4136/634/3855 4124/621/3843
f 4126/623/3845 4138/636/3857 4137/635/3856 4125/622/3844
f 4127/624/3846 4139/637/3858 4138/636/3857 4126/623/3845
f 4128/613/3836 4140/626/3848 4139/637/3858 4127/624/3846
f 4129/625/3847 4141/638/3859 4152/639/3860 4140/626/3848
f 4130/627/3849 4142/640/3861 4141/641/3859 4129/628/3847
f 4131/629/3850 4143/642/3862 4142/640/3861 4130/627/3849
f 4132/630/3851 4144/643/3863 4143/642/3862 4131/629/3850
f 4133/631/3852 4145/644/3864 4144/643/3863 4132/630/3851
f 4134/632/3853 4146/645/3865 4145/644/3864 4133/631/3852
f 4135/633/3854 4147/646/3866 4146/645/3865 4134/632/3853
f 4136/634/3855 4148/647/3867 4147/646/3866 4135/633/3854
f 4137/635/3856 4149/648/3868 4148/647/3867 4136/634/3855
f 4138/636/3857 4150/649/3869 4149/648/3868 4137/635/3856
f 4139/637/3858 4151/650/3870 4150/649/3869 4138/636/3857
f 4140/626/3848 4152/639/3860 4151/650/3870 4139/637/3858
f 4141/638/3859 4153/651/3871 4164/652/3872 4152/639/3860
f 4142/640/3861 4154/653/3873 4153/654/3871 4141/641/3859
f 4143/642/3862 4155/655/3874 4154/653/3873 4142/640/3861
f 4144/643/3863 4156/656/3875 4155/655/3874 4143/642/3862
f 4145/644/3864 4157/657/3876 4156/656/3875 4144/643/3863
f 4146/645/3865 4158/658/3877 4157/657/3876 4145/644/3864
f 4147/646/3866 4159/659/3878 4158/658/3877 4146/645/3865
f 4148/647/3867 4160/660/3879 4159/659/3878 4147/646/3866
f 4149/648/3868 4161/661/3880 4160/660/3879 4148/647/3867
f 4150/649/3869 4162/662/3881 4161/661/3880 4149/648/3868
f 4151/650/3870 4163/663/3882 4162/662/3881 4150/649/3869
f 4152/639/3860 4164/652/3872 4163/663/3882 4151/650/3870
f 4153/651/3871 4165/664/3883 4176/665/3884 4164/652/3872
f 4154/653/3873 4166/666/3885 4165/667/3883 4153/654/3871
f 4155/655/3874 4167/668/3886 4166/666/3885 4154/653/3873
f 4156/656/3875 4168/669/3887 4167/668/3886 4155/655/3874
f 4157/657/3876 4169/670/3888 4168/669/3887 4156/656/3875
f 4158/658/3877 4170/671/3889 4169/670/3888 4157/657/3876
f 4159/659/3878 4171/672/3890 4170/671/3889 4158/658/3877
f 4160/660/3879 4172/673/3891 4171/672/3890 4159/659/3878
f 4161/661/3880 4173/674/3892 4172/673/3891 4160/660/3879
f 4162/662/3881 4174/675/3893 4173/674/3892 4161/661/3880
f 4163/663/3882 4175/676/3894 4174/675/3893 4162/662/3881
f 4164/652/3872 4176/665/3884 4175/676/3894 4163/663/3882
f 4165/664/3883 4177/677/3895 4188/678/3896 4176/665/3884
f 4166/666/3885 4178/679/3897 4177/680/3895 4165/667/3883
f 4167/668/3886 4179/681/3898 4178/679/3897 4166/666/3885
f 4168/669/3887 4180/682/3899 4179/681/3898 4167/668/3886
f 4169/670/3888 4181/683/3900 4180/682/3899 4168/669/3887
f 4170/671/3889 4182/684/3901 4181/683/3900 4169/670/3888
f 4171/672/3890 4183/685/3902 4182/684/3901 4170/671/3889
f 4172/673/3891 4184/686/3903 4183/685/3902 4171/672/3890
f 4173/674/3892 4185/687/3904 4184/686/3903 4172/673/3891
f 4174/675/3893 4186/688/3905 4185/687/3904 4173/674/3892
f 4175/676/3894 4187/689/3906 4186/688/3905 4174/675/3893
f 4176/665/3884 4188/678/3896 4187/689/3906 4175/676/3894
f 4177/677/3895 4189/690/3907 4200/691/3908 4188/678/3896
f 4178/679/3897 4190/692/3909 4189/693/3907 4177/680/3895
f 4179/681/3898 4191/694/3910 4190/692/3909 4178/679/3897
f 4180/682/3899 4192/695/3911 4191/694/3910 4179/681/3898
f 4181/683/3900 4193/696/3912 4192/695/3911 4180/682/3899
f 4182/684/3901 4194/697/3913 4193/696/3912 4181/683/3900
f 4183/685/3902 4195/698/3914 4194/697/3913 4182/684/3901
f 4184/686/3903 4196/699/3915 4195/698/3914 4183/685/3902
f 4185/687/3904 4197/700/3916 4196/699/3915 4184/686/3903
f 4186/688/3905 4198/701/3917 4197/700/3916 4185/687/3904
f 4187/689/3906 4199/702/3918 4198/701/3917 4186/688/3905
f 4188/678/3896 4200/691/3908 4199/702/3918 4187/689/3906
f 4189/690/3907 4201/703/3919 4212/704/3920 4200/691/3908
f 4190/692/3909 4202/705/3921 4201/706/3919 4189/693/3907
f 4191/694/3910 4203/707/3922 4202/705/3921 4190/692/3909
f 4192/695/3911 4204/708/3923 4203/707/3922 4191/694/3910
f 4193/696/3912 4205/709/3924 4204/708/3923 4192/695/3911
f 4194/697/3913 4206/710/3925 4205/709/3924 4193/696/3912
f 4195/698/3914 4207/711/3926 4206/710/3925 4194/697/3913
f 4196/699/3915 4208/712/3927 4207/711/3926 4195/698/3914
f 4197/700/3916 4209/713/3928 4208/712/3927 4196/699/3915
f 4198/701/3917 4210/714/3929 4209/713/3928 4197/700/3916
f 4199/702/3918 4211/715/3930 4210/714/3929 4198/701/3917
f 4200/691/3908 4212/704/3920 4211/715/3930 4199/702/3918
f 4201/703/3919 4213/716/3931 4224/717/3932 4212/704/3920
f 4202/705/3921 4214/718/3933 4213/719/3931 4201/706/3919
f 4203/707/3922 4215/720/3934 4214/718/3933 4202/705/3921
f 4204/708/3923 4216/721/3935 4215/720/3934 4203/707/3922
f 4205/709/3924 4217/722/3936 4216/721/3935 4204/708/3923
f 4206/710/3925 4218/723/3937 4217/722/3936 4205/709/3924
f 4207/711/3926 4219/724/3938 4218/723/3937 4206/710/3925
f 4208/712/3927 4220/725/3939 4219/724/3938 4207/711/3926
f 4209/713/3928 4221/726/3940 4220/725/3939 4208/712/3927
f 4210/714/3929 4222/727/3941 4221/726/3940 4209/713/3928
f 4211/715/3930 4223/728/3942 4222/727/3941 4210/714/3929
f 4212/704/3920 4224/717/3932 4223/728/3942 4211/715/3930
f 4213/716/3931 4225/729/3943 4236/730/3944 4224/717/3932
f 4214/718/3933 4226/731/3945 4225/732/3943 4213/719/3931
f 4215/720/3934 4227/733/3946 4226/731/3945 4214/718/3933
f 4216/721/3935 4228/734/3947 4227/733/3946 4215/720/3934
f 4217/722/3936 4229/735/3948 4228/734/3947 4216/721/3935
f 4218/723/3937 4230/736/3949 4229/735/3948 4217/722/3936
f 4219/724/3938 4231/737/3950 4230/736/3949 4218/723/3937
f 4220/725/3939 4232/738/3951 4231/737/3950 4219/724/3938
f 4221/726/3940 4233/739/3952 4232/738/3951 4220/725/3939
f 4222/727/3941 4234/740/3953 4233/739/3952 4221/726/3940
f 4223/728/3942 4235/741/3954 4234/740/3953 4222/727/3941
f 4224/717/3932 4236/730/3944 4235/741/3954 4223/728/3942
f 4225/729/3943 4237/742/3955 4248/743/3956 4236/730/3944
f 4226/731/3945 4238/744/3957 4237/745/3955 4225/732/3943
f 4227/733/3946 4239/746/3958 4238/744/3957 4226/731/3945
f 4228/734/3947 4240/747/3959 4239/746/3958 4227/733/3946
f 4229/735/3948 4241/748/3960 4240/747/3959 4228/734/3947
f 4230/736/3949 4242/749/3961 4241/748/3960 4229/735/3948
f 4231/737/3950 4243/750/3962 4242/749/3961 4230/736/3949
f 4232/738/3951 4244/751/3963 4243/750/3962 4231/737/3950
f 4233/739/3952 4245/752/3964 4244/751/3963 4232/738/3951
f 4234/740/3953 4246/753/3965 4245/752/3964 4233/739/3952
f 4235/741/3954 4247/754/3966 4246/753/3965 4234/740/3953
f 4236/730/3944 4248/743/3956 4247/754/3966 4235/741/3954
f 4237/742/3955 4249/755/3967 4260/756/3968 4248/743/3956
f 4238/744/3957 4250/757/3969 4249/758/3967 4237/745/3955
f 4239/746/3958 4251/759/3970 4250/757/3969 4238/744/3957
f 4240/747/3959 4252/760/3971 4251/759/3970 4239/746/3958
f 4241/748/3960 4253/761/3972 4252/760/3971 4240/747/3959
f 4242/749/3961 4254/762/3973 4253/761/3972 4241/748/3960
f 4243/750/3962 4255/763/3974 4254/762/3973 4242/749/3961
f 4244/751/3963 4256/764/3975 4255/763/3974 4243/750/3962
f 4245/752/3964 4257/765/3976 4256/764/3975 4244/751/3963
f 4246/753/3965 4258/766/3977 4257/765/3976 4245/752/3964
f 4247/754/3966 4259/767/3978 4258/766/3977 4246/753/3965
f 4248/743/3956 4260/756/3968 4259/767/3978 4247/754/3966
f 4249/755/3967 4261/768/3979 4272/769/3980 4260/756/3968
f 4250/757/3969 4262/770/3981 4261/771/3979 4249/758/3967
f 4251/759/3970 4263/772/3982 4262/770/3981 4250/757/3969
f 4252/760/3971 4264/773/3983 4263/772/3982 4251/759/3970
f 4253/761/3972 4265/774/3984 4264/773/3983 4252/760/3971
f 4254/762/3973 4266/775/3985 4265/774/3984 4253/761/3972
f 4255/763/3974 4267/776/3986 4266/775/3985 4254/762/3973
f 4256/764/3975 4268/777/3987 4267/776/3986 4255/763/3974
f 4257/765/3976 4269/778/3988 4268/777/3987 4256/764/3975
f 4258/766/3977 4270/779/3989 4269/778/3988 4257/765/3976
f 4259/767/3978 4271/780/3990 4270/779/3989 4258/766/3977
f 4260/756/3968 4272/769/3980 4271/780/3990 4259/767/3978
f 4261/768/3979 4273/781/3991 4284/782/3992 4272/769/3980
f 4262/770/3981 4274/783/3993 4273/784/3991 4261/771/3979
f 4263/772/3982 4275/785/3994 4274/783/3993 4262/770/3981
f 4264/773/3983 4276/786/3995 4275/785/3994 4263/772/3982
f 4265/774/3984 4277/787/3996 4276/786/3995 4264/773/3983
f 4266/775/3985 4278/788/3997 4277/787/3996 4265/774/3984
f 4267/776/3986 4279/789/3998 4278/788/3997 4266/775/3985
f 4268/777/3987 4280/790/3999 4279/789/3998 4267/776/3986
f 4269/778/3988 4281/791/4000 4280/790/3999 4268/777/3987
f 4270/779/3989 4282/792/4001 4281/791/4000 4269/778/3988
f 4271/780/3990 4283/793/4002 4282/792/4001 4270/779/3989
f 4272/769/3980 4284/782/3992 4283/793/4002 4271/780/3990
f 4273/781/3991 4285/794/4003 4296/795/4004 4284/782/3992
f 4274/783/3993 4286/796/4005 4285/797/4003 4273/784/3991
f 4275/785/3994 4287/798/4006 4286/796/4005 4274/783/3993
f 4276/786/3995 4288/799/4007 4287/798/4006 4275/785/3994
f 4277/787/3996 4289/800/4008 4288/799/4007 4276/786/3995
f 4278/788/3997 4290/801/4009 4289/800/4008 4277/787/3996
f 4279/789/3998 4291/802/4010 4290/801/4009 4278/788/3997
f 4280/790/3999 4292/803/4011 4291/802/4010 4279/789/3998
f 4281/791/4000 4293/804/4012 4292/803/4011 4280/790/3999
f 4282/792/4001 4294/805/4013 4293/804/4012 4281/791/4000
f 4283/793/4002 4295/806/4014 4294/805/4013 4282/792/4001
f 4284/782/3992 4296/795/4004 4295/806/4014 4283/793/4002
f 4285/794/4003 4297/807/4015 4308/808/4016 4296/795/4004
f 4286/796/4005 4298/809/4017 4297/810/4015 4285/797/4003
f 4287/798/4006 4299/811/4018 4298/809/4017 4286/796/4005
f 4288/799/4007 4300/812/4019 4299/811/4018 4287/798/4006
f 4289/800/4008 4301/813/4020 4300/812/4019 4288/799/4007
f 4290/801/4009 4302/814/4021 4301/813/4020 4289/800/4008
f 4291/802/4010 4303/815/4022 4302/814/4021 4290/801/4009
f 4292/803/4011 4304/816/4023 4303/815/4022 4291/802/4010
f 4293/804/4012 4305/817/4024 4304/816/4023 4292/803/4011
f 4294/805/4013 4306/818/4025 4305/817/4024 4293/804/4012
f 4295/806/4014 4307/819/4026 4306/818/4025 4294/805/4013
f 4296/795/4004 4308/808/4016 4307/819/4026 4295/806/4014
f 4297/807/4015 4309/820/4027 4320/821/4028 4308/808/4016
f 4298/809/4017 4310/822/4029 4309/823/4027 4297/810/4015
f 4299/811/4018 4311/824/4030 4310/822/4029 4298/809/4017
f 4300/812/4019 4312/825/4019 4311/824/4030 4299/811/4018
f 4301/813/4020 4313/826/4031 4312/825/4019 4300/812/4019
f 4302/814/4021 4314/827/4032 4313/826/4031 4301/813/4020
f 4303/815/4022 4315/828/4033 4314/827/4032 4302/814/4021
f 4304/816/4023 4316/829/4034 4315/828/4033 4303/815/4022
f 4305/817/4024 4317/830/4035 4316/829/4034 4304/816/4023
f 4306/818/4025 4318/831/4025 4317/830/4035 4305/817/4024
f 4307/819/4026 4319/832/4036 4318/831/4025 4306/818/4025
f 4308/808/4016 4320/821/4028 4319/832/4036 4307/819/4026
f 4309/820/4027 4321/833/4037 4332/834/4038 4320/821/4028
f 4310/822/4029 4322/835/4039 4321/836/4037 4309/823/4027
f 4311/824/4030 4323/837/4040 4322/835/4039 4310/822/4029
f 4312/825/4019 4324/838/4019 4323/837/4040 4311/824/4030
f 4313/826/4031 4325/839/4041 4324/838/4019 4312/825/4019
f 4314/827/4032 4326/840/4042 4325/839/4041 4313/826/4031
f 4315/828/4033 4327/841/4043 4326/840/4042 4314/827/4032
f 4316/829/4034 4328/842/4044 4327/841/4043 4315/828/4033
f 4317/830/4035 4329/843/4045 4328/842/4044 4316/829/4034
f 4318/831/4025 4330/844/4025 4329/843/4045 4317/830/4035
f 4319/832/4036 4331/845/4046 4330/844/4025 4318/831/4025
f 4320/821/4028 4332/834/4038 4331/845/4046 4319/832/4036
f 4321/833/4037 4333/846/4047 4344/847/4048 4332/834/4038
f 4322/835/4039 4334/848/4049 4333/849/4047 4321/836/4037
f 4323/837/4040 4335/850/4050 4334/848/4049 4322/835/4039
f 4324/838/4019 4336/851/4019 4335/850/4050 4323/837/4040
f 4325/839/4041 4337/852/4051 4336/851/4019 4324/838/4019
f 4326/840/4042 4338/853/4052 4337/852/4051 4325/839/4041
f 4327/841/4043 4339/854/4053 4338/853/4052 4326/840/4042
f 4328/842/4044 4340/855/4054 4339/854/4053 4327/841/4043
f 4329/843/4045 4341/856/4055 4340/855/4054 4328/842/4044
f 4330/844/4025 4342/857/4025 4341/856/4055 4329/843/4045
f 4331/845/4046 4343/858/4056 4342/857/4025 4330/844/4025
f 4332/834/4038 4344/847/4048 4343/858/4056 4331/845/4046
f 4333/846/4047 4345/859/4057 4356/860/4058 4344/847/4048
f 4334/848/4049 4346/861/4059 4345/862/4057 4333/849/4047
f 4335/850/4050 4347/863/4060 4346/861/4059 4334/848/4049
f 4336/851/4019 4348/864/4019 4347/863/4060 4335/850/4050
f 4337/852/4051 4349/865/4061 4348/864/4019 4336/851/4019
f 4338/853/4052 4350/866/4062 4349/865/4061 4337/852/4051
f 4339/854/4053 4351/867/4063 4350/866/4062 4338/853/4052
f 4340/855/4054 4352/868/4064 4351/867/4063 4339/854/4053
f 4341/856/4055 4353/869/4065 4352/868/4064 4340/855/4054
f 4342/857/4025 4354/870/4025 4353/869/4065 4341/856/4055
f 4343/858/4056 4355/871/4066 4354/870/4025 4342/857/4025
f 4344/847/4048 4356/860/4058 4355/871/4066 4343/858/4056
f 4345/859/4057 4357/872/4067 4368/873/4068 4356/860/4058
f 4346/861/4059 4358/874/4069 4357/875/4067 4345/862/4057
f 4347/863/4060 4359/876/4070 4358/874/4069 4346/861/4059
f 4348/864/4019 4360/877/4071 4359/876/4070 4347/863/4060
f 4349/865/4061 4361/878/4072 4360/877/4071 4348/864/4019
f 4350/866/4062 4362/879/4073 4361/878/4072 4349/865/4061
f 4351/867/4063 4363/880/4074 4362/879/4073 4350/866/4062
f 4352/868/4064 4364/881/4075 4363/880/4074 4351/867/4063
f 4353/869/4065 4365/882/4076 4364/881/4075 4352/868/4064
f 4354/870/4025 4366/883/4025 4365/882/4076 4353/869/4065
f 4355/871/4066 4367/884/4077 4366/883/4025 4354/870/4025
f 4356/860/4058 4368/873/4068 4367/884/4077 4355/871/4066
f 4357/872/4067 4369/885/4078 4380/886/4079 4368/873/4068
f 4358/874/4069 4370/887/4080 4369/888/4078 4357/875/4067
f 4359/876/4070 4371/889/4081 4370/887/4080 4358/874/4069
f 4360/877/4071 4372/890/4082 4371/889/4081 4359/876/4070
f 4361/878/4072 4373/891/4072 4372/890/4082 4360/877/4071
f 4362/879/4073 4374/892/4083 4373/891/4072 4361/878/4072
f 4363/880/4074 4375/893/4084 4374/892/4083 4362/879/4073
f 4364/881/4075 4376/894/4085 4375/893/4084 4363/880/4074
f 4365/882/4076 4377/895/4086 4376/894/4085 4364/881/4075
f 4366/883/4025 4378/896/4087 4377/895/4086 4365/882/4076
f 4367/884/4077 4379/897/4077 4378/896/4087 4366/883/4025
f 4368/873/4068 4380/886/4079 4379/897/4077 4367/884/4077
f 4369/885/4078 4381/898/4078 4392/899/4079 4380/886/4079
f 4370/887/4080 4382/900/4088 4381/901/4078 4369/888/4078
f 4371/889/4081 4383/902/4089 4382/900/4088 4370/887/4080
f 4372/890/4082 4384/903/4090 4383/902/4089 4371/889/4081
f 4373/891/4072 4385/904/4072 4384/903/4090 4372/890/4082
f 4374/892/4083 4386/905/4083 4385/904/4072 4373/891/4072
f 4375/893/4084 4387/906/4084 4386/905/4083 4374/892/4083
f 4376/894/4085 4388/907/4091 4387/906/4084 4375/893/4084
f 4377/895/4086 4389/908/4092 4388/907/4091 4376/894/4085
f 4378/896/4087 4390/909/4093 4389/908/4092 4377/895/4086
f 4379/897/4077 4391/910/4077 4390/909/4093 4378/896/4087
f 4380/886/4079 4392/899/4079 4391/910/4077 4379/897/4077
f 4381/898/4078 4393/911/4094 4404/912/4095 4392/899/4079
f 4382/900/4088 4394/913/4080 4393/914/4094 4381/901/4078
f 4383/902/4089 4395/915/4089 4394/913/4080 4382/900/4088
f 4384/903/4090 4396/916/4096 4395/915/4089 4383/902/4089
f 4385/904/4072 4397/917/4097 4396/916/4096 4384/903/4090
f 4386/905/4083 4398/918/4098 4397/917/4097 4385/904/4072
f 4387/906/4084 4399/919/4099 4398/918/4098 4386/905/4083
f 4388/907/4091 4400/920/4085 4399/919/4099 4387/906/4084
f 4389/908/4092 4401/921/4092 4400/920/4085 4388/907/4091
f 4390/909/4093 4402/922/4100 4401/921/4092 4389/908/4092
f 4391/910/4077 4403/923/4101 4402/922/4100 4390/909/4093
f 4392/899/4079 4404/912/4095 4403/923/4101 4391/910/4077
f 4393/911/4094 4405/924/4102 4416/925/4103 4404/912/4095
f 4394/913/4080 4406/926/4104 4405/927/4102 4393/914/4094
f 4395/915/4089 4407/928/4105 4406/926/4104 4394/913/4080
f 4396/916/4096 4408/929/4106 4407/928/4105 4395/915/4089
f 4397/917/4097 4409/930/4107 4408/929/4106 4396/916/4096
f 4398/918/4098 4410/931/4108 4409/930/4107 4397/917/4097
f 4399/919/4099 4411/932/4109 4410/931/4108 4398/918/4098
f 4400/920/4085 4412/933/4110 4411/932/4109 4399/919/4099
f 4401/921/4092 4413/934/4111 4412/933/4110 4400/920/4085
f 4402/922/4100 4414/935/4112 4413/934/4111 4401/921/4092
f 4403/923/4101 4415/936/4113 4414/935/4112 4402/922/4100
f 4404/912/4095 4416/925/4103 4415/936/4113 4403/923/4101
f 4405/924/4102 4417/937/4114 4428/938/4115 4416/925/4103
f 4406/926/4104 4418/939/4116 4417/940/4114 4405/927/4102
f 4407/928/4105 4419/941/4117 4418/939/4116 4406/926/4104
f 4408/929/4106 4420/942/4118 4419/941/4117 4407/928/4105
f 4409/930/4107 4421/943/4119 4420/942/4118 4408/929/4106
f 4410/931/4108 4422/944/4120 4421/943/4119 4409/930/4107
f 4411/932/4109 4423/945/4121 4422/944/4120 4410/931/4108
f 4412/933/4110 4424/946/4122 4423/945/4121 4411/932/4109
f 4413/934/4111 4425/947/4123 4424/946/4122 4412/933/4110
f 4414/935/4112 4426/948/4124 4425/947/4123 4413/934/4111
f 4415/936/4113 4427/949/4125 4426/948/4124 4414/935/4112
f 4416/925/4103 4428/938/4115 4427/949/4125 4415/936/4113
f 4417/937/4114 4429/950/4126 4440/951/4127 4428/938/4115
f 4418/939/4116 4430/952/4128 4429/953/4126 4417/940/4114
f 4419/941/4117 4431/954/4129 4430/952/4128 4418/939/4116
f 4420/942/4118 4432/955/4130 4431/954/4129 4419/941/4117
f 4421/943/4119 4433/956/4131 4432/955/4130 4420/942/4118
f 4422/944/4120 4434/957/4132 4433/956/4131 4421/943/4119
f 4423/945/4121 4435/958/4133 4434/957/4132 4422/944/4120
f 4424/946/4122 4436/959/4134 4435/958/4133 4423/945/4121
f 4425/947/4123 4437/960/4135 4436/959/4134 4424/946/4122
f 4426/948/4124 4438/961/4136 4437/960/4135 4425/947/4123
f 4427/949/4125 4439/962/4137 4438/961/4136 4426/948/4124
f 4428/938/4115 4440/951/4127 4439/962/4137 4427/949/4125
f 4441/482/4138 4453/483/4139 4464/484/4140 4452/485/4141
f 4442/486/4142 4454/487/4143 4453/488/4139 4441/489/4138
f 4443/490/4144 4455/491/4145 4454/487/4143 4442/486/4142
f 4444/492/4146 4456/493/4147 4455/491/4145 4443/490/4144
f 4445/494/4148 4457/495/4149 4456/493/4147 4444/492/4146
f 4446/496/4150 4458/497/4151 4457/495/4149 4445/494/4148
f 4447/498/4152 4459/499/4153 4458/497/4151 4446/496/4150
f 4448/500/4154 4460/501/4155 4459/499/4153 4447/498/4152
f 4449/502/4156 4461/503/4157 4460/501/4155 4448/500/4154
f 4450/504/4158 4462/505/4159 4461/503/4157 4449/502/4156
f 4451/506/4160 4463/507/4161 4462/505/4159 4450/504/4158
f 4452/485/4141 4464/484/4140 4463/507/4161 4451/506/4160
f 4453/483/4139 4465/508/4162 4476/509/4163 4464/484/4140
f 4454/487/4143 4466/510/4164 4465/511/4162 4453/488/4139
f 4455/491/4145 4467/512/4165 4466/510/4164 4454/487/4143
f 4456/493/4147 4468/513/4166 4467/512/4165 4455/491/4145
f 4457/495/4149 4469/514/4167 4468/513/4166 4456/493/4147
f 4458/497/4151 4470/515/4168 4469/514/4167 4457/495/4149
f 4459/499/4153 4471/516/4169 4470/515/4168 4458/497/4151
f 4460/501/4155 4472/517/4170 4471/516/4169 4459/499/4153
f 4461/503/4157 4473/518/4171 4472/517/4170 4460/501/4155
f 4462/505/4159 4474/519/4172 4473/518/4171 4461/503/4157
f 4463/507/4161 4475/520/4173 4474/519/4172 4462/505/4159
f 4464/484/4140 4476/509/4163 4475/520/4173 4463/507/4161
f 4465/508/4162 4477/521/4174 4488/522/4175 4476/509/4163
f 4466/510/4164 4478/523/4176 4477/524/4174 4465/511/4162
f 4467/512/4165 4479/525/4177 4478/523/4176 4466/510/4164
f 4468/513/4166 4480/526/4178 4479/525/4177 4467/512/4165
f 4469/514/4167 4481/527/4179 4480/526/4178 4468/513/4166
f 4470/515/4168 4482/528/4180 4481/527/4179 4469/514/4167
f 4471/516/4169 4483/529/4181 4482/528/4180 4470/515/4168
f 4472/517/4170 4484/530/4182 4483/529/4181 4471/516/4169
f 4473/518/4171 4485/531/4183 4484/530/4182 4472/517/4170
f 4474/519/4172 4486/532/4184 4485/531/4183 4473/518/4171
f 4475/520/4173 4487/533/4185 4486/532/4184 4474/519/4172
f 4476/509/4163 4488/522/4175 4487/533/4185 4475/520/4173
f 4477/521/4174 4489/534/4186 4500/535/4187 4488/522/4175
f 4478/523/4176 4490/536/4188 4489/537/4186 4477/524/4174
f 4479/525/4177 4491/538/4189 4490/536/4188 4478/523/4176
f 4480/526/4178 4492/539/4190 4491/538/4189 4479/525/4177
f 4481/527/4179 4493/540/4191 4492/539/4190 4480/526/4178
f 4482/528/4180 4494/541/4192 4493/540/4191 4481/527/4179
f 4483/529/4181 4495/542/4193 4494/541/4192 4482/528/4180
f 4484/530/4182 4496/543/4194 4495/542/4193 4483/529/4181
f 4485/531/4183 4497/544/4195 4496/543/4194 4484/530/4182
f 4486/532/4184 4498/545/4196 4497/544/4195 4485/531/4183
f 4487/533/4185 4499/546/4197 4498/545/4196 4486/532/4184
f 4488/522/4175 4500/535/4187 4499/546/4197 4487/533/4185
f 4489/534/4186 4501/547/4198 4512/548/4199 4500/535/4187
f 4490/536/4188 4502/549/4200 4501/550/4198 4489/537/4186
f 4491/538/4189 4503/551/4201 4502/549/4200 4490/536/4188
f 4492/539/4190 4504/552/4202 4503/551/4201 4491/538/4189
f 4493/540/4191 4505/553/4203 4504/552/4202 4492/539/4190
f 4494/541/4192 4506/554/4204 4505/553/4203 4493/540/4191
f 4495/542/4193 4507/555/4205 4506/554/4204 4494/541/4192
f 4496/543/4194 4508/556/4206 4507/555/4205 4495/542/4193
f 4497/544/4195 4509/557/4207 4508/556/4206 4496/543/4194
f 4498/545/4196 4510/558/4208 4509/557/4207 4497/544/4195
f 4499/546/4197 4511/559/4209 4510/558/4208 4498/545/4196
f 4500/535/4187 4512/548/4199 4511/559/4209 4499/546/4197
f 4501/547/4198 4513/560/4210 4524/561/4211 4512/548/4199
f 4502/549/4200 4514/562/4212 4513/563/4210 4501/550/4198
f 4503/551/4201 4515/564/4213 4514/562/4212 4502/549/4200
f 4504/552/4202 4516/565/4214 4515/564/4213 4503/551/4201
f 4505/553/4203 4517/566/4215 4516/565/4214 4504/552/4202
f 4506/554/4204 4518/567/4216 4517/566/4215 4505/553/4203
f 4507/555/4205 4519/568/4217 4518/567/4216 4506/554/4204
f 4508/556/4206 4520/569/4218 4519/568/4217 4507/555/4205
f 4509/557/4207 4521/570/4219 4520/569/4218 4508/556/4206
f 4510/558/4208 4522/571/4220 4521/570/4219 4509/557/4207
f 4511/559/4209 4523/572/4221 4522/571/4220 4510/558/4208
f 4512/548/4199 4524/561/4211 4523/572/4221 4511/559/4209
f 4513/560/4210 4525/573/4222 4536/574/4223 4524/561/4211
f 4514/562/4212 4526/575/4224 4525/576/4222 4513/563/4210
f 4515/564/4213 4527/577/4225 4526/575/4224 4514/562/4212
f 4516/565/4214 4528/578/4226 4527/577/4225 4515/564/4213
f 4517/566/4215 4529/579/4227 4528/578/4226 4516/565/4214
f 4518/567/4216 4530/580/4228 4529/579/4227 4517/566/4215
f 4519/568/4217 4531/581/4229 4530/580/4228 4518/567/4216
f 4520/569/4218 4532/582/4230 4531/581/4229 4519/568/4217
f 4521/570/4219 4533/583/4231 4532/582/4230 4520/569/4218
f 4522/571/4220 4534/584/4232 4533/583/4231 4521/570/4219
f 4523/572/4221 4535/585/4233 4534/584/4232 4522/571/4220
f 4524/561/4211 4536/574/4223 4535/585/4233 4523/572/4221
f 4525/573/4222 4537/586/4234 4548/587/4235 4536/574/4223
f 4526/575/4224 4538/588/4236 4537/589/4234 4525/576/4222
f 4527/577/4225 4539/590/4237 4538/588/4236 4526/575/4224
f 4528/578/4226 4540/591/4238 4539/590/4237 4527/577/4225
f 4529/579/4227 4541/592/4239 4540/591/4238 4528/578/4226
f 4530/580/4228 4542/593/4240 4541/592/4239 4529/579/4227
f 4531/581/4229 4543/594/4241 4542/593/4240 4530/580/4228
f 4532/582/4230 4544/595/4242 4543/594/4241 4531/581/4229
f 4533/583/4231 4545/596/4243 4544/595/4242 4532/582/4230
f 4534/584/4232 4546/597/4244 4545/596/4243 4533/583/4231
f 4535/585/4233 4547/598/4245 4546/597/4244 4534/584/4232
f 4536/574/4223 4548/587/4235 4547/598/4245 4535/585/4233
f 4537/586/4234 4549/599/4246 4560/600/4247 4548/587/4235
f 4538/588/4236 4550/601/4248 4549/602/4246 4537/589/4234
f 4539/590/4237 4551/603/4249 4550/601/4248 4538/588/4236
f 4540/591/4238 4552/604/4250 4551/603/4249 4539/590/4237
f 4541/592/4239 4553/605/4251 4552/604/4250 4540/591/4238
f 4542/593/4240 4554/606/4252 4553/605/4251 4541/592/4239
f 4543/594/4241 4555/607/4253 4554/606/4252 4542/593/4240
f 4544/595/4242 4556/608/4254 4555/607/4253 4543/594/4241
f 4545/596/4243 4557/609/4255 4556/608/4254 4544/595/4242
f 4546/597/4244 4558/610/4256 4557/609/4255 4545/596/4243
f 4547/598/4245 4559/611/4257 4558/610/4256 4546/597/4244
f 4548/587/4235 4560/600/4247 4559/611/4257 4547/598/4245
f 4549/599/4246 4561/612/4258 4572/613/4259 4560/600/4247
f 4550/601/4248 4562/614/4260 4561/615/4258 4549/602/4246
f 4551/603/4249 4563/616/4261 4562/614/4260 4550/601/4248
f 4552/604/4250 4564/617/4262 4563/616/4261 4551/603/4249
f 4553/605/4251 4565/618/4263 4564/617/4262 4552/604/4250
f 4554/606/4252 4566/619/4264 4565/618/4263 4553/605/4251
f 4555/607/4253 4567/620/4265 4566/619/4264 4554/606/4252
f 4556/608/4254 4568/621/4266 4567/620/4265 4555/607/4253
f 4557/609/4255 4569/622/4267 4568/621/4266 4556/608/4254
f 4558/610/4256 4570/623/4268 4569/622/4267 4557/609/4255
f 4559/611/4257 4571/624/4269 4570/623/4268 4558/610/4256
f 4560/600/4247 4572/613/4259 4571/624/4269 4559/611/4257
f 4561/612/4258 4573/625/4270 4584/626/4271 4572/613/4259
f 4562/614/4260 4574/627/4272 4573/628/4270 4561/615/4258
f 4563/616/4261 4575/629/4273 4574/627/4272 4562/614/4260
f 4564/617/4262 4576/630/4274 4575/629/4273 4563/616/4261
f 4565/618/4263 4577/631/4275 4576/630/4274 4564/617/4262
f 4566/619/4264 4578/632/4276 4577/631/4275 4565/618/4263
f 4567/620/4265 4579/633/4277 4578/632/4276 4566/619/4264
f 4568/621/4266 4580/634/4278 4579/633/4277 4567/620/4265
f 4569/622/4267 4581/635/4279 4580/634/4278 4568/621/4266
f 4570/623/4268 4582/636/4280 4581/635/4279 4569/622/4267
f 4571/624/4269 4583/637/4281 4582/636/4280 4570/623/4268
f 4572/613/4259 4584/626/4271 4583/637/4281 4571/624/4269
f 4573/625/4270 4585/638/4282 4596/639/4283 4584/626/4271
f 4574/627/4272 4586/640/4284 4585/641/4282 4573/628/4270
f 4575/629/4273 4587/642/4285 4586/640/4284 4574/627/4272
f 4576/630/4274 4588/643/4286 4587/642/4285 4575/629/4273
f 4577/631/4275 4589/644/4287 4588/643/4286 4576/630/4274
f 4578/632/4276 4590/645/4288 4589/644/4287 4577/631/4275
f 4579/633/4277 4591/646/4289 4590/645/4288 4578/632/4276
f 4580/634/4278 4592/647/4290 4591/646/4289 4579/633/4277
f 4581/635/4279 4593/648/4291 4592/647/4290 4580/634/4278
f 4582/636/4280 4594/649/4292 4593/648/4291 4581/635/4279
f 4583/637/4281 4595/650/4293 4594/649/4292 4582/636/4280
f 4584/626/4271 4596/639/4283 4595/650/4293 4583/637/4281
f 4585/638/4282 4597/651/4294 4608/652/4295 4596/639/4283
f 4586/640/4284 4598/653/4296 4597/654/4294 4585/641/4282
f 4587/642/4285 4599/655/4297 4598/653/4296 4586/640/4284
f 4588/643/4286 4600/656/4298 4599/655/4297 4587/642/4285
f 4589/644/4287 4601/657/4299 4600/656/4298 4588/643/4286
f 4590/645/4288 4602/658/4300 4601/657/4299 4589/644/4287
f 4591/646/4289 4603/659/4301 4602/658/4300 4590/645/4288
f 4592/647/4290 4604/660/4302 4603/659/4301 4591/646/4289
f 4593/648/4291 4605/661/4303 4604/660/4302 4592/647/4290
f 4594/649/4292 4606/662/4304 4605/661/4303 4593/648/4291
f 4595/650/4293 4607/663/4305 4606/662/4304 4594/649/4292
f 4596/639/4283 4608/652/4295 4607/663/4305 4595/650/4293
f 4597/651/4294 4609/664/4306 4620/665/4307 4608/652/4295
f 4598/653/4296 4610/666/4308 4609/667/4306 4597/654/4294
f 4599/655/4297 4611/668/4309 4610/666/4308 4598/653/4296
f 4600/656/4298 4612/669/4310 4611/668/4309 4599/655/4297
f 4601/657/4299 4613/670/4311 4612/669/4310 4600/656/4298
f 4602/658/4300 4614/671/4312 4613/670/4311 4601/657/4299
f 4603/659/4301 4615/672/4313 4614/671/4312 4602/658/4300
f 4604/660/4302 4616/673/4314 4615/672/4313 4603/659/4301
f 4605/661/4303 4617/674/4315 4616/673/4314 4604/660/4302
f 4606/662/4304 4618/675/4316 4617/674/4315 4605/661/4303
f 4607/663/4305 4619/676/4317 4618/675/4316 4606/662/4304
f 4608/652/4295 4620/665/4307 4619/676/4317 4607/663/4305
f 4609/664/4306 4621/677/4318 4632/678/4319 4620/665/4307
f 4610/666/4308 4622/679/4320 4621/680/4318 4609/667/4306
f 4611/668/4309 4623/681/4321 4622/679/4320 4610/666/4308
f 4612/669/4310 4624/682/4322 4623/681/4321 4611/668/4309
f 4613/670/4311 4625/683/4323 4624/682/4322 4612/669/4310
f 4614/671/4312 4626/684/4324 4625/683/4323 4613/670/4311
f 4615/672/4313 4627/685/4325 4626/684/4324 4614/671/4312
f 4616/673/4314 4628/686/4326 4627/685/4325 4615/672/4313
f 4617/674/4315 4629/687/4327 4628/686/4326 4616/673/4314
f 4618/675/4316 4630/688/4328 4629/687/4327 4617/674/4315
f 4619/676/4317 4631/689/4329 4630/688/4328 4618/675/4316
f 4620/665/4307 4632/678/4319 4631/689/4329 4619/676/4317
f 4621/677/4318 4633/690/4330 4644/691/4331 4632/678/4319
f 4622/679/4320 4634/692/4332 4633/693/4330 4621/680/4318
f 4623/681/4321 4635/694/4333 4634/692/4332 4622/679/4320
f 4624/682/4322 4636/695/4334 4635/694/4333 4623/681/4321
f 4625/683/4323 4637/696/4335 4636/695/4334 4624/682/4322
f 4626/684/4324 4638/697/4336 4637/696/4335 4625/683/4323
f 4627/685/4325 4639/698/4337 4638/697/4336 4626/684/4324
f 4628/686/4326 4640/699/4338 4639/698/4337 4627/685/4325
f 4629/687/4327 4641/700/4339 4640/699/4338 4628/686/4326
f 4630/688/4328 4642/701/4340 4641/700/4339 4629/687/4327
f 4631/689/4329 4643/702/4341 4642/701/4340 4630/688/4328
f 4632/678/4319 4644/691/4331 4643/702/4341 4631/689/4329
f 4633/690/4330 4645/703/4342 4656/704/4343 4644/691/4331
f 4634/692/4332 4646/705/4344 4645/706/4342 4633/693/4330
f 4635/694/4333 4647/707/4345 4646/705/4344 4634/692/4332
f 4636/695/4334 4648/708/4346 4647/707/4345 4635/694/4333
f 4637/696/4335 4649/709/4347 4648/708/4346 4636/695/4334
f 4638/697/4336 4650/710/4348 4649/709/4347 4637/696/4335
f 4639/698/4337 4651/711/4349 4650/710/4348 4638/697/4336
f 4640/699/4338 4652/712/4350 4651/711/4349 4639/698/4337
f 4641/700/4339 4653/713/4351 4652/712/4350 4640/699/4338
f 4642/701/4340 4654/714/4352 4653/713/4351 4641/700/4339
f 4643/702/4341 4655/715/4353 4654/714/4352 4642/701/4340
f 4644/691/4331 4656/704/4343 4655/715/4353 4643/702/4341
f 4645/703/4342 4657/716/4354 4668/717/4355 4656/704/4343
f 4646/705/4344 4658/718/4356 4657/719/4354 4645/706/4342
f 4647/707/4345 4659/720/4357 4658/718/4356 4646/705/4344
f 4648/708/4346 4660/721/4358 4659/720/4357 4647/707/4345
f 4649/709/4347 4661/722/4359 4660/721/4358 4648/708/4346
f 4650/710/4348 4662/723/4360 4661/722/4359 4649/709/4347
f 4651/711/4349 4663/724/4361 4662/723/4360 4650/710/4348
f 4652/712/4350 4664/725/4362 4663/724/4361 4651/711/4349
f 4653/713/4351 4665/726/4363 4664/725/4362 4652/712/4350
f 4654/714/4352 4666/727/4364 4665/726/4363 4653/713/4351
f 4655/715/4353 4667/728/4365 4666/727/4364 4654/714/4352
f 4656/704/4343 4668/717/4355 4667/728/4365 4655/715/4353
f 4657/716/4354 4669/729/4366 4680/730/4367 4668/717/4355
f 4658/718/4356 4670/731/4368 4669/732/4366 4657/719/4354
f 4659/720/4357 4671/733/4369 4670/731/4368 4658/718/4356
f 4660/721/4358 4672/734/4370 4671/733/4369 4659/720/4357
f 4661/722/4359 4673/735/4371 4672/734/4370 4660/721/4358
f 4662/723/4360 4674/736/4372 4673/735/4371 4661/722/4359
f 4663/724/4361 4675/737/4373 4674/736/4372 4662/723/4360
f 4664/725/4362 4676/738/4374 4675/737/4373 4663/724/4361
f 4665/726/4363 4677/739/4375 4676/738/4374 4664/725/4362
f 4666/727/4364 4678/740/4376 4677/739/4375 4665/726/4363
f 4667/728/4365 4679/741/4377 4678/740/4376 4666/727/4364
f 4668/717/4355 4680/730/4367 4679/741/4377 4667/728/4365
f 4669/729/4366 4681/742/4378 4692/743/4379 4680/730/4367
f 4670/731/4368 4682/744/4380 4681/745/4378 4669/732/4366
f 4671/733/4369 4683/746/4381 4682/744/4380 4670/731/4368
f 4672/734/4370 4684/747/4382 4683/746/4381 4671/733/4369
f 4673/735/4371 4685/748/4383 4684/747/4382 4672/734/4370
f 4674/736/4372 4686/749/4384 4685/748/4383 4673/735/4371
f 4675/737/4373 4687/750/4385 4686/749/4384 4674/736/4372
f 4676/738/4374 4688/751/4386 4687/750/4385 4675/737/4373
f 4677/739/4375 4689/752/4387 4688/751/4386 4676/738/4374
f 4678/740/4376 4690/753/4388 4689/752/4387 4677/739/4375
f 4679/741/4377 4691/754/4389 4690/753/4388 4678/740/4376
f 4680/730/4367 4692/743/4379 4691/754/4389 4679/741/4377
f 4681/742/4378 4693/755/4390 4704/756/4391 4692/743/4379
f 4682/744/4380 4694/757/4392 4693/758/4390 4681/745/4378
f 4683/746/4381 4695/759/4393 4694/757/4392 4682/744/4380
f 4684/747/4382 4696/760/4394 4695/759/4393 4683/746/4381
f 4685/748/4383 4697/761/4395 4696/760/4394 4684/747/4382
f 4686/749/4384 4698/762/4396 4697/761/4395 4685/748/4383
f 4687/750/4385 4699/763/4397 4698/762/4396 4686/749/4384
f 4688/751/4386 4700/764/4398 4699/763/4397 4687/750/4385
f 4689/752/4387 4701/765/4399 4700/764/4398 4688/751/4386
f 4690/753/4388 4702/766/4400 4701/765/4399 4689/752/4387
f 4691/754/4389 4703/767/4401 4702/766/4400 4690/753/4388
f 4692/743/4379 4704/756/4391 4703/767/4401 4691/754/4389
f 4693/755/4390 4705/768/4402 4716/769/4403 4704/756/4391
f 4694/757/4392 4706/770/4404 4705/771/4402 4693/758/4390
f 4695/759/4393 4707/772/4405 4706/770/4404 4694/757/4392
f 4696/760/4394 4708/773/4406 4707/772/4405 4695/759/4393
f 4697/761/4395 4709/774/4407 4708/773/4406 4696/760/4394
f 4698/762/4396 4710/775/4408 4709/774/4407 4697/761/4395
f 4699/763/4397 4711/776/4409 4710/775/4408 4698/762/4396
f 4700/764/4398 4712/777/4410 4711/776/4409 4699/763/4397
f 4701/765/4399 4713/778/4411 4712/777/4410 4700/764/4398
f 4702/766/4400 4714/779/4412 4713/778/4411 4701/765/4399
f 4703/767/4401 4715/780/4413 4714/779/4412 4702/766/4400
f 4704/756/4391 4716/769/4403 4715/780/4413 4703/767/4401
f 4705/768/4402 4717/781/4414 4728/782/4415 4716/769/4403
f 4706/770/4404 4718/783/4416 4717/784/4414 4705/771/4402
f 4707/772/4405 4719/785/4417 4718/783/4416 4706/770/4404
f 4708/773/4406 4720/786/4418 4719/785/4417 4707/772/4405
f 4709/774/4407 4721/787/4419 4720/786/4418 4708/773/4406
f 4710/775/4408 4722/788/4420 4721/787/4419 4709/774/4407
f 4711/776/4409 4723/789/4421 4722/788/4420 4710/775/4408
f 4712/777/4410 4724/790/4422 4723/789/4421 4711/776/4409
f 4713/778/4411 4725/791/4423 4724/790/4422 4712/777/4410
f 4714/779/4412 4726/792/4424 4725/791/4423 4713/778/4411
f 4715/780/4413 4727/793/4425 4726/792/4424 4714/779/4412
f 4716/769/4403 4728/782/4415 4727/793/4425 4715/780/4413
f 4717/781/4414 4729/794/4426 4740/795/4427 4728/782/4415
f 4718/783/4416 4730/796/4428 4729/797/4426 4717/784/4414
f 4719/785/4417 4731/798/4429 4730/796/4428 4718/783/4416
f 4720/786/4418 4732/799/4430 4731/798/4429 4719/785/4417
f 4721/787/4419 4733/800/4431 4732/799/4430 4720/786/4418
f 4722/788/4420 4734/801/4432 4733/800/4431 4721/787/4419
f 4723/789/4421 4735/802/4433 4734/801/4432 4722/788/4420
f 4724/790/4422 4736/803/4434 4735/802/4433 4723/789/4421
f 4725/791/4423 4737/804/4435 4736/803/4434 4724/790/4422
f 4726/792/4424 4738/805/4436 4737/804/4435 4725/791/4423
f 4727/793/4425 4739/806/4437 4738/805/4436 4726/792/4424
f 4728/782/4415 4740/795/4427 4739/806/4437 4727/793/4425
f 4729/794/4426 4741/807/4438 4752/808/4439 4740/795/4427
f 4730/796/4428 4742/809/4440 4741/810/4438 4729/797/4426
f 4731/798/4429 4743/811/4441 4742/809/4440 4730/796/4428
f 4732/799/4430 4744/812/4442 4743/811/4441 4731/798/4429
f 4733/800/4431 4745/813/4443 4744/812/4442 4732/799/4430
f 4734/801/4432 4746/814/4444 4745/813/4443 4733/800/4431
f 4735/802/4433 4747/815/4445 4746/814/4444 4734/801/4432
f 4736/803/4434 4748/816/4446 4747/815/4445 4735/802/4433
f 4737/804/4435 4749/817/4447 4748/816/4446 4736/803/4434
f 4738/805/4436 4750/818/4448 4749/817/4447 4737/804/4435
f 4739/806/4437 4751/819/4449 4750/818/4448 4738/805/4436
f 4740/795/4427 4752/808/4439 4751/819/4449 4739/806/4437
f 4741/807/4438 4753/820/4450 4764/821/4451 4752/808/4439
f 4742/809/4440 4754/822/4452 4753/823/4450 4741/810/4438
f 4743/811/4441 4755/824/4453 4754/822/4452 4742/809/4440
f 4744/812/4442 4756/825/4454 4755/824/4453 4743/811/4441
f 4745/813/4443 4757/826/4455 4756/825/4454 4744/812/4442
f 4746/814/4444 4758/827/4456 4757/826/4455 4745/813/4443
f 4747/815/4445 4759/828/4457 4758/827/4456 4746/814/4444
f 4748/816/4446 4760/829/4458 4759/828/4457 4747/815/4445
f 4749/817/4447 4761/830/4459 4760/829/4458 4748/816/4446
f 4750/818/4448 4762/831/4460 4761/830/4459 4749/817/4447
f 4751/819/4449 4763/832/4461 4762/831/4460 4750/818/4448
f 4752/808/4439 4764/821/4451 4763/832/4461 4751/819/4449
f 4753/820/4450 4765/833/4462 4776/834/4463 4764/821/4451
f 4754/822/4452 4766/835/4464 4765/836/4462 4753/823/4450
f 4755/824/4453 4767/837/4465 4766/835/4464 4754/822/4452
f 4756/825/4454 4768/838/4466 4767/837/4465 4755/824/4453
f 4757/826/4455 4769/839/4467 4768/838/4466 4756/825/4454
f 4758/827/4456 4770/840/4468 4769/839/4467 4757/826/4455
f 4759/828/4457 4771/841/4469 4770/840/4468 4758/827/4456
f 4760/829/4458 4772/842/4470 4771/841/4469 4759/828/4457
f 4761/830/4459 4773/843/4471 4772/842/4470 4760/829/4458
f 4762/831/4460 4774/844/4472 4773/843/4471 4761/830/4459
f 4763/832/4461 4775/845/4473 4774/844/4472 4762/831/4460
f 4764/821/4451 4776/834/4463 4775/845/4473 4763/832/4461
f 4765/833/4462 4777/846/4474 4788/847/4475 4776/834/4463
f 4766/835/4464 4778/848/4476 4777/849/4474 4765/836/4462
f 4767/837/4465 4779/850/4477 4778/848/4476 4766/835/4464
f 4768/838/4466 4780/851/4478 4779/850/4477 4767/837/4465
f 4769/839/4467 4781/852/4479 4780/851/4478 4768/838/4466
f 4770/840/4468 4782/853/4480 4781/852/4479 4769/839/4467
f 4771/841/4469 4783/854/4481 4782/853/4480 4770/840/4468
f 4772/842/4470 4784/855/4482 4783/854/4481 4771/841/4469
f 4773/843/4471 4785/856/4483 4784/855/4482 4772/842/4470
f 4774/844/4472 4786/857/4484 4785/856/4483 4773/843/4471
f 4775/845/4473 4787/858/4485 4786/857/4484 4774/844/4472
f 4776/834/4463 4788/847/4475 4787/858/4485 4775/845/4473
f 4777/846/4474 4789/859/4486 4800/860/4487 4788/847/4475
f 4778/848/4476 4790/861/4488 4789/862/4486 4777/849/4474
f 4779/850/4477 4791/863/4489 4790/861/4488 4778/848/4476
f 4780/851/4478 4792/864/4490 4791/863/4489 4779/850/4477
f 4781/852/4479 4793/865/4491 4792/864/4490 4780/851/4478
f 4782/853/4480 4794/866/4492 4793/865/4491 4781/852/4479
f 4783/854/4481 4795/867/4493 4794/866/4492 4782/853/4480
f 4784/855/4482 4796/868/4494 4795/867/4493 4783/854/4481
f 4785/856/4483 4797/869/4495 4796/868/4494 4784/855/4482
f 4786/857/4484 4798/870/4496 4797/869/4495 4785/856/4483
f 4787/858/4485 4799/871/4497 4798/870/4496 4786/857/4484
f 4788/847/4475 4800/860/4487 4799/871/4497 4787/858/4485
f 4789/859/4486 4801/872/4498 4812/873/4499 4800/860/4487
f 4790/861/4488 4802/874/4500 4801/875/4498 4789/862/4486
f 4791/863/4489 4803/876/4501 4802/874/4500 4790/861/4488
f 4792/864/4490 4804/877/4502 4803/876/4501 4791/863/4489
f 4793/865/4491 4805/878/4503 4804/877/4502 4792/864/4490
f 4794/866/4492 4806/879/4504 4805/878/4503 4793/865/4491
f 4795/867/4493 4807/880/4505 4806/879/4504 4794/866/4492
f 4796/868/4494 4808/881/4506 4807/880/4505 4795/867/4493
f 4797/869/4495 4809/882/4507 4808/881/4506 4796/868/4494
f 4798/870/4496 4810/883/4508 4809/882/4507 4797/869/4495
f 4799/871/4497 4811/884/4509 4810/883/4508 4798/870/4496
f 4800/860/4487 4812/873/4499 4811/884/4509 4799/871/4497
f 4801/872/4498 4813/885/4510 4824/886/4511 4812/873/4499
f 4802/874/4500 4814/887/4512 4813/888/4510 4801/875/4498
f 4803/876/4501 4815/889/4513 4814/887/4512 4802/874/4500
f 4804/877/4502 4816/890/4514 4815/889/4513 4803/876/4501
f 4805/878/4503 4817/891/4515 4816/890/4514 4804/877/4502
f 4806/879/4504 4818/892/4516 4817/891/4515 4805/878/4503
f 4807/880/4505 4819/893/4517 4818/892/4516 4806/879/4504
f 4808/881/4506 4820/894/4518 4819/893/4517 4807/880/4505
f 4809/882/4507 4821/895/4519 4820/894/4518 4808/881/4506
f 4810/883/4508 4822/896/4520 4821/895/4519 4809/882/4507
f 4811/884/4509 4823/897/4521 4822/896/4520 4810/883/4508
f 4812/873/4499 4824/886/4511 4823/897/4521 4811/884/4509
f 4813/885/4510 4825/898/4522 4836/899/4523 4824/886/4511
f 4814/887/4512 4826/900/4524 4825/901/4522 4813/888/4510
f 4815/889/4513 4827/902/4525 4826/900/4524 4814/887/4512
f 4816/890/4514 4828/903/4526 4827/902/4525 4815/889/4513
f 4817/891/4515 4829/904/4527 4828/903/4526 4816/890/4514
f 4818/892/4516 4830/905/4528 4829/904/4527 4817/891/4515
f 4819/893/4517 4831/906/4529 4830/905/4528 4818/892/4516
f 4820/894/4518 4832/907/4530 4831/906/4529 4819/893/4517
f 4821/895/4519 4833/908/4531 4832/907/4530 4820/894/4518
f 4822/896/4520 4834/909/4532 4833/908/4531 4821/895/4519
f 4823/897/4521 4835/910/4533 4834/909/4532 4822/896/4520
f 4824/886/4511 4836/899/4523 4835/910/4533 4823/897/4521
f 4825/898/4522 4837/911/4534 4848/912/4535 4836/899/4523
f 4826/900/4524 4838/913/4536 4837/914/4534 4825/901/4522
f 4827/902/4525 4839/915/4537 4838/913/4536 4826/900/4524
f 4828/903/4526 4840/916/4538 4839/915/4537 4827/902/4525
f 4829/904/4527 4841/917/4539 4840/916/4538 4828/903/4526
f 4830/905/4528 4842/918/4540 4841/917/4539 4829/904/4527
f 4831/906/4529 4843/919/4541 4842/918/4540 4830/905/4528
f 4832/907/4530 4844/920/4542 4843/919/4541 4831/906/4529
f 4833/908/4531 4845/921/4543 4844/920/4542 4832/907/4530
f 4834/909/4532 4846/922/4544 4845/921/4543 4833/908/4531
f 4835/910/4533 4847/923/4545 4846/922/4544 4834/909/4532
f 4836/899/4523 4848/912/4535 4847/923/4545 4835/910/4533
f 4837/911/4534 4849/924/4546 4860/925/4547 4848/912/4535
f 4838/913/4536 4850/926/4548 4849/927/4546 4837/914/4534
f 4839/915/4537 4851/928/4549 4850/926/4548 4838/913/4536
f 4840/916/4538 4852/929/4550 4851/928/4549 4839/915/4537
f 4841/917/4539 4853/930/4551 4852/929/4550 4840/916/4538
f 4842/918/4540 4854/931/4552 4853/930/4551 4841/917/4539
f 4843/919/4541 4855/932/4553 4854/931/4552 4842/918/4540
f 4844/920/4542 4856/933/4554 4855/932/4553 4843/919/4541
f 4845/921/4543 4857/934/4555 4856/933/4554 4844/920/4542
f 4846/922/4544 4858/935/4556 4857/934/4555 4845/921/4543
f 4847/923/4545 4859/936/4557 4858/935/4556 4846/922/4544
f 4848/912/4535 4860/925/4547 4859/936/4557 4847/923/4545
f 4849/924/4546 4861/937/4558 4872/938/4559 4860/925/4547
f 4850/926/4548 4862/939/4560 4861/940/4558 4849/927/4546
f 4851/928/4549 4863/941/4561 4862/939/4560 4850/926/4548
f 4852/929/4550 4864/942/4562 4863/941/4561 4851/928/4549
f 4853/930/4551 4865/943/4563 4864/942/4562 4852/929/4550
f 4854/931/4552 4866/944/4564 4865/943/4563 4853/930/4551
f 4855/932/4553 4867/945/4565 4866/944/4564 4854/931/4552
f 4856/933/4554 4868/946/4566 4867/945/4565 4855/932/4553
f 4857/934/4555 4869/947/4567 4868/946/4566 4856/933/4554
f 4858/935/4556 4870/948/4568 4869/947/4567 4857/934/4555
f 4859/936/4557 4871/949/4569 4870/948/4568 4858/935/4556
f 4860/925/4547 4872/938/4559 4871/949/4569 4859/936/4557
f 4861/937/4558 4873/950/4570 4884/951/4571 4872/938/4559
f 4862/939/4560 4874/952/4572 4873/953/4570 4861/940/4558
f 4863/941/4561 4875/954/4573 4874/952/4572 4862/939/4560
f 4864/942/4562 4876/955/4574 4875/954/4573 4863/941/4561
f 4865/943/4563 4877/956/4575 4876/955/4574 4864/942/4562
f 4866/944/4564 4878/957/4576 4877/956/4575 4865/943/4563
f 4867/945/4565 4879/958/4577 4878/957/4576 4866/944/4564
f 4868/946/4566 4880/959/4578 4879/958/4577 4867/945/4565
f 4869/947/4567 4881/960/4579 4880/959/4578 4868/946/4566
f 4870/948/4568 4882/961/4580 4881/960/4579 4869/947/4567
f 4871/949/4569 4883/962/4581 4882/961/4580 4870/948/4568
f 4872/938/4559 4884/951/4571 4883/962/4581 4871/949/4569
f 4885/482/4582 4897/483/4583 4908/484/4584 4896/485/4585
f 4886/486/4586 4898/487/4587 4897/488/4583 4885/489/4582
f 4887/490/4588 4899/491/4589 4898/487/4587 4886/486/4586
f 4888/492/4590 4900/493/4591 4899/491/4589 4887/490/4588
f 4889/494/4592 4901/495/4593 4900/493/4591 4888/492/4590
f 4890/496/4594 4902/497/4595 4901/495/4593 4889/494/4592
f 4891/498/4596 4903/499/4597 4902/497/4595 4890/496/4594
f 4892/500/4598 4904/501/4599 4903/499/4597 4891/498/4596
f 4893/502/4600 4905/503/4601 4904/501/4599 4892/500/4598
f 4894/504/4602 4906/505/4603 4905/503/4601 4893/502/4600
f 4895/506/4604 4907/507/4605 4906/505/4603 4894/504/4602
f 4896/485/4585 4908/484/4584 4907/507/4605 4895/506/4604
f 4897/483/4583 4909/508/4606 4920/509/4607 4908/484/4584
f 4898/487/4587 4910/510/4608 4909/511/4606 4897/488/4583
f 4899/491/4589 4911/512/4609 4910/510/4608 4898/487/4587
f 4900/493/4591 4912/513/4610 4911/512/4609 4899/491/4589
f 4901/495/4593 4913/514/4611 4912/513/4610 4900/493/4591
f 4902/497/4595 4914/515/4612 4913/514/4611 4901/495/4593
f 4903/499/4597 4915/516/4613 4914/515/4612 4902/497/4595
f 4904/501/4599 4916/517/4614 4915/516/4613 4903/499/4597
f 4905/503/4601 4917/518/4615 4916/517/4614 4904/501/4599
f 4906/505/4603 4918/519/4616 4917/518/4615 4905/503/4601
f 4907/507/4605 4919/520/4617 4918/519/4616 4906/505/4603
f 4908/484/4584 4920/509/4607 4919/520/4617 4907/507/4605
f 4909/508/4606 4921/521/4618 4932/522/4619 4920/509/4607
f 4910/510/4608 4922/523/4620 4921/524/4618 4909/511/4606
f 4911/512/4609 4923/525/4621 4922/523/4620 4910/510/4608
f 4912/513/4610 4924/526/4622 4923/525/4621 4911/512/4609
f 4913/514/4611 4925/527/4623 4924/526/4622 4912/513/4610
f 4914/515/4612 4926/528/4624 4925/527/4623 4913/514/4611
f 4915/516/4613 4927/529/4625 4926/528/4624 4914/515/4612
f 4916/517/4614 4928/530/4626 4927/529/4625 4915/516/4613
f 4917/518/4615 4929/531/4627 4928/530/4626 4916/517/4614
f 4918/519/4616 4930/532/4628 4929/531/4627 4917/518/4615
f 4919/520/4617 4931/533/4629 4930/532/4628 4918/519/4616
f 4920/509/4607 4932/522/4619 4931/533/4629 4919/520/4617
f 4921/521/4618 4933/534/4630 4944/535/4631 4932/522/4619
f 4922/523/4620 4934/536/4632 4933/537/4630 4921/524/4618
f 4923/525/4621 4935/538/4633 4934/536/4632 4922/523/4620
f 4924/526/4622 4936/539/4634 4935/538/4633 4923/525/4621
f 4925/527/4623 4937/540/4635 4936/539/4634 4924/526/4622
f 4926/528/4624 4938/541/4636 4937/540/4635 4925/527/4623
f 4927/529/4625 4939/542/4637 4938/541/4636 4926/528/4624
f 4928/530/4626 4940/543/4638 4939/542/4637 4927/529/4625
f 4929/531/4627 4941/544/4639 4940/543/4638 4928/530/4626
f 4930/532/4628 4942/545/4640 4941/544/4639 4929/531/4627
f 4931/533/4629 4943/546/4641 4942/545/4640 4930/532/4628
f 4932/522/4619 4944/535/4631 4943/546/4641 4931/533/4629
f 4933/534/4630 4945/547/4642 4956/548/4643 4944/535/4631
f 4934/536/4632 4946/549/4644 4945/550/4642 4933/537/4630
f 4935/538/4633 4947/551/4645 4946/549/4644 4934/536/4632
f 4936/539/4634 4948/552/4646 4947/551/4645 4935/538/4633
f 4937/540/4635 4949/553/4647 4948/552/4646 4936/539/4634
f 4938/541/4636 4950/554/4648 4949/553/4647 4937/540/4635
f 4939/542/4637 4951/555/4649 4950/554/4648 4938/541/4636
f 4940/543/4638 4952/556/4650 4951/555/4649 4939/542/4637
f 4941/544/4639 4953/557/4651 4952/556/4650 4940/543/4638
f 4942/545/4640 4954/558/4652 4953/557/4651 4941/544/4639
f 4943/546/4641 4955/559/4653 4954/558/4652 4942/545/4640
f 4944/535/4631 4956/548/4643 4955/559/4653 4943/546/4641
f 4945/547/4642 4957/560/4654 4968/561/4655 4956/548/4643
f 4946/549/4644 4958/562/4656 4957/563/4654 4945/550/4642
f 4947/551/4645 4959/564/4657 4958/562/4656 4946/549/4644
f 4948/552/4646 4960/565/4658 4959/564/4657 4947/551/4645
f 4949/553/4647 4961/566/4659 4960/565/4658 4948/552/4646
f 4950/554/4648 4962/567/4660 4961/566/4659 4949/553/4647
f 4951/555/4649 4963/568/4661 4962/567/4660 4950/554/4648
f 4952/556/4650 4964/569/4662 4963/568/4661 4951/555/4649
f 4953/557/4651 4965/570/4663 4964/569/4662 4952/556/4650
f 4954/558/4652 4966/571/4664 4965/570/4663 4953/557/4651
f 4955/559/4653 4967/572/4665 4966/571/4664 4954/558/4652
f 4956/548/4643 4968/561/4655 4967/572/4665 4955/559/4653
f 4957/560/4654 4969/573/4666 4980/574/4667 4968/561/4655
f 4958/562/4656 4970/575/4668 4969/576/4666 4957/563/4654
f 4959/564/4657 4971/577/4669 4970/575/4668 4958/562/4656
f 4960/565/4658 4972/578/4670 4971/577/4669 4959/564/4657
f 4961/566/4659 4973/579/4671 4972/578/4670 4960/565/4658
f 4962/567/4660 4974/580/4672 4973/579/4671 4961/566/4659
f 4963/568/4661 4975/581/4673 4974/580/4672 4962/567/4660
f 4964/569/4662 4976/582/4674 4975/581/4673 4963/568/4661
f 4965/570/4663 4977/583/4675 4976/582/4674 4964/569/4662
f 4966/571/4664 4978/584/4676 4977/583/4675 4965/570/4663
f 4967/572/4665 4979/585/4677 4978/584/4676 4966/571/4664
f 4968/561/4655 4980/574/4667 4979/585/4677 4967/572/4665
f 4969/573/4666 4981/586/4678 4992/587/4679 4980/574/4667
f 4970/575/4668 4982/588/4680 4981/589/4678 4969/576/4666
f 4971/577/4669 4983/590/4681 4982/588/4680 4970/575/4668
f 4972/578/4670 4984/591/4682 4983/590/4681 4971/577/4669
f 4973/579/4671 4985/592/4683 4984/591/4682 4972/578/4670
f 4974/580/4672 4986/593/4684 4985/592/4683 4973/579/4671
f 4975/581/4673 4987/594/4685 4986/593/4684 4974/580/4672
f 4976/582/4674 4988/595/4686 4987/594/4685 4975/581/4673
f 4977/583/4675 4989/596/4687 4988/595/4686 4976/582/4674
f 4978/584/4676 4990/597/4688 4989/596/4687 4977/583/4675
f 4979/585/4677 4991/598/4689 4990/597/4688 4978/584/4676
f 4980/574/4667 4992/587/4679 4991/598/4689 4979/585/4677
f 4981/586/4678 4993/599/4690 5004/600/4691 4992/587/4679
f 4982/588/4680 4994/601/4692 4993/602/4690 4981/589/4678
f 4983/590/4681 4995/603/4693 4994/601/4692 4982/588/4680
f 4984/591/4682 4996/604/4694 4995/603/4693 4983/590/4681
f 4985/592/4683 4997/605/4695 4996/604/4694 4984/591/4682
f 4986/593/4684 4998/606/4696 4997/605/4695 4985/592/4683
f 4987/594/4685 4999/607/4697 4998/606/4696 4986/593/4684
f 4988/595/4686 5000/608/4698 4999/607/4697 4987/594/4685
f 4989/596/4687 5001/609/4699 5000/608/4698 4988/595/4686
f 4990/597/4688 5002/610/4700 5001/609/4699 4989/596/4687
f 4991/598/4689 5003/611/4701 5002/610/4700 4990/597/4688
f 4992/587/4679 5004/600/4691 5003/611/4701 4991/598/4689
f 4993/599/4690 5005/612/4702 5016/613/4703 5004/600/4691
f 4994/601/4692 5006/614/4704 5005/615/4702 4993/602/4690
f 4995/603/4693 5007/616/4705 5006/614/4704 4994/601/4692
f 4996/604/4694 5008/617/4706 5007/616/4705 4995/603/4693
f 4997/605/4695 5009/618/4707 5008/617/4706 4996/604/4694
f 4998/606/4696 5010/619/4708 5009/618/4707 4997/605/4695
f 4999/607/4697 5011/620/4709 5010/619/4708 4998/606/4696
f 5000/608/4698 5012/621/4710 5011/620/4709 4999/607/4697
f 5001/609/4699 5013/622/4711 5012/621/4710 5000/608/4698
f 5002/610/4700 5014/623/4712 5013/622/4711 5001/609/4699
f 5003/611/4701 5015/624/4713 5014/623/4712 5002/610/4700
f 5004/600/4691 5016/613/4703 5015/624/4713 5003/611/4701
f 5005/612/4702 5017/625/4714 5028/626/4715 5016/613/4703
f 5006/614/4704 5018/627/4716 5017/628/4714 5005/615/4702
f 5007/616/4705 5019/629/4717 5018/627/4716 5006/614/4704
f 5008/617/4706 5020/630/4718 5019/629/4717 5007/616/4705
f 5009/618/4707 5021/631/4719 5020/630/4718 5008/617/4706
f 5010/619/4708 5022/632/4720 5021/631/4719 5009/618/4707
f 5011/620/4709 5023/633/4721 5022/632/4720 5010/619/4708
f 5012/621/4710 5024/634/4722 5023/633/4721 5011/620/4709
f 5013/622/4711 5025/635/4723 5024/634/4722 5012/621/4710
f 5014/623/4712 5026/636/4724 5025/635/4723 5013/622/4711
f 5015/624/4713 5027/637/4725 5026/636/4724 5014/623/4712
f 5016/613/4703 5028/626/4715 5027/637/4725 5015/624/4713
f 5017/625/4714 5029/638/4726 5040/639/4727 5028/626/4715
f 5018/627/4716 5030/640/4728 5029/641/4726 5017/628/4714
f 5019/629/4717 5031/642/4729 5030/640/4728 5018/627/4716
f 5020/630/4718 5032/643/4730 5031/642/4729 5019/629/4717
f 5021/631/4719 5033/644/4731 5032/643/4730 5020/630/4718
f 5022/632/4720 5034/645/4732 5033/644/4731 5021/631/4719
f 5023/633/4721 5035/646/4733 5034/645/4732 5022/632/4720
f 5024/634/4722 5036/647/4734 5035/646/4733 5023/633/4721
f 5025/635/4723 5037/648/4735 5036/647/4734 5024/634/4722
f 5026/636/4724 5038/649/4736 5037/648/4735 5025/635/4723
f 5027/637/4725 5039/650/4737 5038/649/4736 5026/636/4724
f 5028/626/4715 5040/639/4727 5039/650/4737 5027/637/4725
f 5029/638/4726 5041/651/4738 5052/652/4739 5040/639/4727
f 5030/640/4728 5042/653/4740 5041/654/4738 5029/641/4726
f 5031/642/4729 5043/655/4741 5042/653/4740 5030/640/4728
f 5032/643/4730 5044/656/4742 5043/655/4741 5031/642/4729
f 5033/644/4731 5045/657/4743 5044/656/4742 5032/643/4730
f 5034/645/4732 5046/658/4744 5045/657/4743 5033/644/4731
f 5035/646/4733 5047/659/4745 5046/658/4744 5034/645/4732
f 5036/647/4734 5048/660/4746 5047/659/4745 5035/646/4733
f 5037/648/4735 5049/661/4747 5048/660/4746 5036/647/4734
f 5038/649/4736 5050/662/4748 5049/661/4747 5037/648/4735
f 5039/650/4737 5051/663/4749 5050/662/4748 5038/649/4736
f 5040/639/4727 5052/652/4739 5051/663/4749 5039/650/4737
f 5041/651/4738 5053/664/4750 5064/665/4751 5052/652/4739
f 5042/653/4740 5054/666/4752 5053/667/4750 5041/654/4738
f 5043/655/4741 5055/668/4753 5054/666/4752 5042/653/4740
f 5044/656/4742 5056/669/4754 5055/668/4753 5043/655/4741
f 5045/657/4743 5057/670/4755 5056/669/4754 5044/656/4742
f 5046/658/4744 5058/671/4756 5057/670/4755 5045/657/4743
f 5047/659/4745 5059/672/4757 5058/671/4756 5046/658/4744
f 5048/660/4746 5060/673/4758 5059/672/4757 5047/659/4745
f 5049/661/4747 5061/674/4759 5060/673/4758 5048/660/4746
f 5050/662/4748 5062/675/4760 5061/674/4759 5049/661/4747
f 5051/663/4749 5063/676/4761 5062/675/4760 5050/662/4748
f 5052/652/4739 5064/665/4751 5063/676/4761 5051/663/4749
f 5053/664/4750 5065/677/4750 5076/678/4751 5064/665/4751
f 5054/666/4752 5066/679/4752 5065/680/4750 5053/667/4750
f 5055/668/4753 5067/681/4753 5066/679/4752 5054/666/4752
f 5056/669/4754 5068/682/4754 5067/681/4753 5055/668/4753
f 5057/670/4755 5069/683/4755 5068/682/4754 5056/669/4754
f 5058/671/4756 5070/684/4756 5069/683/4755 5057/670/4755
f 5059/672/4757 5071/685/4757 5070/684/4756 5058/671/4756
f 5060/673/4758 5072/686/4758 5071/685/4757 5059/672/4757
f 5061/674/4759 5073/687/4759 5072/686/4758 5060/673/4758
f 5062/675/4760 5074/688/4760 5073/687/4759 5061/674/4759
f 5063/676/4761 5075/689/4761 5074/688/4760 5062/675/4760
f 5064/665/4751 5076/678/4751 5075/689/4761 5063/676/4761
f 5065/677/4750 5077/690/4750 5088/691/4751 5076/678/4751
f 5066/679/4752 5078/692/4752 5077/693/4750 5065/680/4750
f 5067/681/4753 5079/694/4753 5078/692/4752 5066/679/4752
f 5068/682/4754 5080/695/4754 5079/694/4753 5067/681/4753
f 5069/683/4755 5081/696/4755 5080/695/4754 5068/682/4754
f 5070/684/4756 5082/697/4756 5081/696/4755 5069/683/4755
f 5071/685/4757 5083/698/4757 5082/697/4756 5070/684/4756
f 5072/686/4758 5084/699/4758 5083/698/4757 5071/685/4757
f 5073/687/4759 5085/700/4759 5084/699/4758 5072/686/4758
f 5074/688/4760 5086/701/4760 5085/700/4759 5073/687/4759
f 5075/689/4761 5087/702/4761 5086/701/4760 5074/688/4760
f 5076/678/4751 5088/691/4751 5087/702/4761 5075/689/4761
f 5077/690/4750 5089/703/4750 5100/704/4751 5088/691/4751
f 5078/692/4752 5090/705/4752 5089/706/4750 5077/693/4750
f 5079/694/4753 5091/707/4753 5090/705/4752 5078/692/4752
f 5080/695/4754 5092/708/4754 5091/707/4753 5079/694/4753
f 5081/696/4755 5093/709/4755 5092/708/4754 5080/695/4754
f 5082/697/4756 5094/710/4756 5093/709/4755 5081/696/4755
f 5083/698/4757 5095/711/4757 5094/710/4756 5082/697/4756
f 5084/699/4758 5096/712/4758 5095/711/4757 5083/698/4757
f 5085/700/4759 5097/713/4759 5096/712/4758 5084/699/4758
f 5086/701/4760 5098/714/4760 5097/713/4759 5085/700/4759
f 5087/702/4761 5099/715/4761 5098/714/4760 5086/701/4760
f 5088/691/4751 5100/704/4751 5099/715/4761 5087/702/4761
f 5089/703/4750 5101/716/4750 5112/717/4751 5100/704/4751
f 5090/705/4752 5102/718/4752 5101/719/4750 5089/706/4750
f 5091/707/4753 5103/720/4753 5102/718/4752 5090/705/4752
f 5092/708/4754 5104/721/4754 5103/720/4753 5091/707/4753
f 5093/709/4755 5105/722/4755 5104/721/4754 5092/708/4754
f 5094/710/4756 5106/723/4756 5105/722/4755 5093/709/4755
f 5095/711/4757 5107/724/4757 5106/723/4756 5094/710/4756
f 5096/712/4758 5108/725/4758 5107/724/4757 5095/711/4757
f 5097/713/4759 5109/726/4759 5108/725/4758 5096/712/4758
f 5098/714/4760 5110/727/4760 5109/726/4759 5097/713/4759
f 5099/715/4761 5111/728/4761 5110/727/4760 5098/714/4760
f 5100/704/4751 5112/717/4751 5111/728/4761 5099/715/4761
f 5101/716/4750 5113/729/4750 5124/730/4751 5112/717/4751
f 5102/718/4752 5114/731/4752 5113/732/4750 5101/719/4750
f 5103/720/4753 5115/733/4753 5114/731/4752 5102/718/4752
f 5104/721/4754 5116/734/4754 5115/733/4753 5103/720/4753
f 5105/722/4755 5117/735/4755 5116/734/4754 5104/721/4754
f 5106/723/4756 5118/736/4756 5117/735/4755 5105/722/4755
f 5107/724/4757 5119/737/4757 5118/736/4756 5106/723/4756
f 5108/725/4758 5120/738/4758 5119/737/4757 5107/724/4757
f 5109/726/4759 5121/739/4759 5120/738/4758 5108/725/4758
f 5110/727/4760 5122/740/4760 5121/739/4759 5109/726/4759
f 5111/728/4761 5123/741/4761 5122/740/4760 5110/727/4760
f 5112/717/4751 5124/730/4751 5123/741/4761 5111/728/4761
f 5113/729/4750 5125/742/4750 5136/743/4751 5124/730/4751
f 5114/731/4752 5126/744/4752 5125/745/4750 5113/732/4750
f 5115/733/4753 5127/746/4753 5126/744/4752 5114/731/4752
f 5116/734/4754 5128/747/4754 5127/746/4753 5115/733/4753
f 5117/735/4755 5129/748/4755 5128/747/4754 5116/734/4754
f 5118/736/4756 5130/749/4756 5129/748/4755 5117/735/4755
f 5119/737/4757 5131/750/4757 5130/749/4756 5118/736/4756
f 5120/738/4758 5132/751/4758 5131/750/4757 5119/737/4757
f 5121/739/4759 5133/752/4759 5132/751/4758 5120/738/4758
f 5122/740/4760 5134/753/4760 5133/752/4759 5121/739/4759
f 5123/741/4761 5135/754/4761 5134/753/4760 5122/740/4760
f 5124/730/4751 5136/743/4751 5135/754/4761 5123/741/4761
f 5125/742/4750 5137/755/4750 5148/756/4751 5136/743/4751
f 5126/744/4752 5138/757/4752 5137/758/4750 5125/745/4750
f 5127/746/4753 5139/759/4753 5138/757/4752 5126/744/4752
f 5128/747/4754 5140/760/4754 5139/759/4753 5127/746/4753
f 5129/748/4755 5141/761/4755 5140/760/4754 5128/747/4754
f 5130/749/4756 5142/762/4756 5141/761/4755 5129/748/4755
f 5131/750/4757 5143/763/4757 5142/762/4756 5130/749/4756
f 5132/751/4758 5144/764/4758 5143/763/4757 5131/750/4757
f 5133/752/4759 5145/765/4759 5144/764/4758 5132/751/4758
f 5134/753/4760 5146/766/4760 5145/765/4759 5133/752/4759
f 5135/754/4761 5147/767/4761 5146/766/4760 5134/753/4760
f 5136/743/4751 5148/756/4751 5147/767/4761 5135/754/4761
f 5137/755/4750 5149/768/4750 5160/769/4751 5148/756/4751
f 5138/757/4752 5150/770/4752 5149/771/4750 5137/758/4750
f 5139/759/4753 5151/772/4753 5150/770/4752 5138/757/4752
f 5140/760/4754 5152/773/4754 5151/772/4753 5139/759/4753
f 5141/761/4755 5153/774/4755 5152/773/4754 5140/760/4754
f 5142/762/4756 5154/775/4756 5153/774/4755 5141/761/4755
f 5143/763/4757 5155/776/4757 5154/775/4756 5142/762/4756
f 5144/764/4758 5156/777/4758 5155/776/4757 5143/763/4757
f 5145/765/4759 5157/778/4759 5156/777/4758 5144/764/4758
f 5146/766/4760 5158/779/4760 5157/778/4759 5145/765/4759
f 5147/767/4761 5159/780/4761 5158/779/4760 5146/766/4760
f 5148/756/4751 5160/769/4751 5159/780/4761 5147/767/4761
f 5149/768/4750 5161/781/4762 5172/782/4763 5160/769/4751
f 5150/770/4752 5162/783/4764 5161/784/4762 5149/771/4750
f 5151/772/4753 5163/785/4765 5162/783/4764 5150/770/4752
f 5152/773/4754 5164/786/4766 5163/785/4765 5151/772/4753
f 5153/774/4755 5165/787/4767 5164/786/4766 5152/773/4754
f 5154/775/4756 5166/788/4768 5165/787/4767 5153/774/4755
f 5155/776/4757 5167/789/4769 5166/788/4768 5154/775/4756
f 5156/777/4758 5168/790/4770 5167/789/4769 5155/776/4757
f 5157/778/4759 5169/791/4771 5168/790/4770 5156/777/4758
f 5158/779/4760 5170/792/4772 5169/791/4771 5157/778/4759
f 5159/780/4761 5171/793/4773 5170/792/4772 5158/779/4760
f 5160/769/4751 5172/782/4763 5171/793/4773 5159/780/4761
f 5161/781/4762 5173/794/4774 5184/795/4775 5172/782/4763
f 5162/783/4764 5174/796/4776 5173/797/4774 5161/784/4762
f 5163/785/4765 5175/798/4777 5174/796/4776 5162/783/4764
f 5164/786/4766 5176/799/4778 5175/798/4777 5163/785/4765
f 5165/787/4767 5177/800/4779 5176/799/4778 5164/786/4766
f 5166/788/4768 5178/801/4780 5177/800/4779 5165/787/4767
f 5167/789/4769 5179/802/4781 5178/801/4780 5166/788/4768
f 5168/790/4770 5180/803/4782 5179/802/4781 5167/789/4769
f 5169/791/4771 5181/804/4783 5180/803/4782 5168/790/4770
f 5170/792/4772 5182/805/4784 5181/804/4783 5169/791/4771
f 5171/793/4773 5183/806/4785 5182/805/4784 5170/792/4772
f 5172/782/4763 5184/795/4775 5183/806/4785 5171/793/4773
f 5173/794/4774 5185/807/4786 5196/808/4787 5184/795/4775
f 5174/796/4776 5186/809/4788 5185/810/4786 5173/797/4774
f 5175/798/4777 5187/811/4789 5186/809/4788 5174/796/4776
f 5176/799/4778 5188/812/4790 5187/811/4789 5175/798/4777
f 5177/800/4779 5189/813/4791 5188/812/4790 5176/799/4778
f 5178/801/4780 5190/814/4792 5189/813/4791 5177/800/4779
f 5179/802/4781 5191/815/4793 5190/814/4792 5178/801/4780
f 5180/803/4782 5192/816/4794 5191/815/4793 5179/802/4781
f 5181/804/4783 5193/817/4795 5192/816/4794 5180/803/4782
f 5182/805/4784 5194/818/4796 5193/817/4795 5181/804/4783
f 5183/806/4785 5195/819/4797 5194/818/4796 5182/805/4784
f 5184/795/4775 5196/808/4787 5195/819/4797 5183/806/4785
f 5185/807/4786 5197/820/4798 5208/821/4799 5196/808/4787
f 5186/809/4788 5198/822/4800 5197/823/4798 5185/810/4786
f 5187/811/4789 5199/824/4801 5198/822/4800 5186/809/4788
f 5188/812/4790 5200/825/4802 5199/824/4801 5187/811/4789
f 5189/813/4791 5201/826/4803 5200/825/4802 5188/812/4790
f 5190/814/4792 5202/827/4804 5201/826/4803 5189/813/4791
f 5191/815/4793 5203/828/4805 5202/827/4804 5190/814/4792
f 5192/816/4794 5204/829/4806 5203/828/4805 5191/815/4793
f 5193/817/4795 5205/830/4807 5204/829/4806 5192/816/4794
f 5194/818/4796 5206/831/4808 5205/830/4807 5193/817/4795
f 5195/819/4797 5207/832/4809 5206/831/4808 5194/818/4796
f 5196/808/4787 5208/821/4799 5207/832/4809 5195/819/4797
f 5197/820/4798 5209/833/4810 5220/834/4811 5208/821/4799
f 5198/822/4800 5210/835/4812 5209/836/4810 5197/823/4798
f 5199/824/4801 5211/837/4813 5210/835/4812 5198/822/4800
f 5200/825/4802 5212/838/4814 5211/837/4813 5199/824/4801
f 5201/826/4803 5213/839/4815 5212/838/4814 5200/825/4802
f 5202/827/4804 5214/840/4816 5213/839/4815 5201/826/4803
f 5203/828/4805 5215/841/4817 5214/840/4816 5202/827/4804
f 5204/829/4806 5216/842/4818 5215/841/4817 5203/828/4805
f 5205/830/4807 5217/843/4819 5216/842/4818 5204/829/4806
f 5206/831/4808 5218/844/4820 5217/843/4819 5205/830/4807
f 5207/832/4809 5219/845/4821 5218/844/4820 5206/831/4808
f 5208/821/4799 5220/834/4811 5219/845/4821 5207/832/4809
f 5209/833/4810 5221/846/4822 5232/847/4823 5220/834/4811
f 5210/835/4812 5222/848/4824 5221/849/4822 5209/836/4810
f 5211/837/4813 5223/850/4825 5222/848/4824 5210/835/4812
f 5212/838/4814 5224/851/4826 5223/850/4825 5211/837/4813
f 5213/839/4815 5225/852/4827 5224/851/4826 5212/838/4814
f 5214/840/4816 5226/853/4828 5225/852/4827 5213/839/4815
f 5215/841/4817 5227/854/4829 5226/853/4828 5214/840/4816
f 5216/842/4818 5228/855/4830 5227/854/4829 5215/841/4817
f 5217/843/4819 5229/856/4831 5228/855/4830 5216/842/4818
f 5218/844/4820 5230/857/4832 5229/856/4831 5217/843/4819
f 5219/845/4821 5231/858/4833 5230/857/4832 5218/844/4820
f 5220/834/4811 5232/847/4823 5231/858/4833 5219/845/4821
f 5221/846/4822 5233/859/4834 5244/860/4835 5232/847/4823
f 5222/848/4824 5234/861/4836 5233/862/4834 5221/849/4822
f 5223/850/4825 5235/863/4837 5234/861/4836 5222/848/4824
f 5224/851/4826 5236/864/4838 5235/863/4837 5223/850/4825
f 5225/852/4827 5237/865/4839 5236/864/4838 5224/851/4826
f 5226/853/4828 5238/866/4840 5237/865/4839 5225/852/4827
f 5227/854/4829 5239/867/4841 5238/866/4840 5226/853/4828
f 5228/855/4830 5240/868/4842 5239/867/4841 5227/854/4829
f 5229/856/4831 5241/869/4843 5240/868/4842 5228/855/4830
f 5230/857/4832 5242/870/4844 5241/869/4843 5229/856/4831
f 5231/858/4833 5243/871/4845 5242/870/4844 5230/857/4832
f 5232/847/4823 5244/860/4835 5243/871/4845 5231/858/4833
f 5233/859/4834 5245/872/4846 5256/873/4847 5244/860/4835
f 5234/861/4836 5246/874/4848 5245/875/4846 5233/862/4834
f 5235/863/4837 5247/876/4849 5246/874/4848 5234/861/4836
f 5236/864/4838 5248/877/4850 5247/876/4849 5235/863/4837
f 5237/865/4839 5249/878/4851 5248/877/4850 5236/864/4838
f 5238/866/4840 5250/879/4852 5249/878/4851 5237/865/4839
f 5239/867/4841 5251/880/4853 5250/879/4852 5238/866/4840
f 5240/868/4842 5252/881/4854 5251/880/4853 5239/867/4841
f 5241/869/4843 5253/882/4855 5252/881/4854 5240/868/4842
f 5242/870/4844 5254/883/4856 5253/882/4855 5241/869/4843
f 5243/871/4845 5255/884/4857 5254/883/4856 5242/870/4844
f 5244/860/4835 5256/873/4847 5255/884/4857 5243/871/4845
f 5245/872/4846 5257/885/4858 5268/886/4859 5256/873/4847
f 5246/874/4848 5258/887/4860 5257/888/4858 5245/875/4846
f 5247/876/4849 5259/889/4861 5258/887/4860 5246/874/4848
f 5248/877/4850 5260/890/4862 5259/889/4861 5247/876/4849
f 5249/878/4851 5261/891/4863 5260/890/4862 5248/877/4850
f 5250/879/4852 5262/892/4864 5261/891/4863 5249/878/4851
f 5251/880/4853 5263/893/4865 5262/892/4864 5250/879/4852
f 5252/881/4854 5264/894/4866 5263/893/4865 5251/880/4853
f 5253/882/4855 5265/895/4867 5264/894/4866 5252/881/4854
f 5254/883/4856 5266/896/4868 5265/895/4867 5253/882/4855
f 5255/884/4857 5267/897/4869 5266/896/4868 5254/883/4856
f 5256/873/4847 5268/886/4859 5267/897/4869 5255/884/4857
f 5257/885/4858 5269/898/4870 5280/899/4871 5268/886/4859
f 5258/887/4860 5270/900/4872 5269/901/4870 5257/888/4858
f 5259/889/4861 5271/902/4873 5270/900/4872 5258/887/4860
f 5260/890/4862 5272/903/4874 5271/902/4873 5259/889/4861
f 5261/891/4863 5273/904/4875 5272/903/4874 5260/890/4862
f 5262/892/4864 5274/905/4876 5273/904/4875 5261/891/4863
f 5263/893/4865 5275/906/4877 5274/905/4876 5262/892/4864
f 5264/894/4866 5276/907/4878 5275/906/4877 5263/893/4865
f 5265/895/4867 5277/908/4879 5276/907/4878 5264/894/4866
f 5266/896/4868 5278/909/4880 5277/908/4879 5265/895/4867
f 5267/897/4869 5279/910/4881 5278/909/4880 5266/896/4868
f 5268/886/4859 5280/899/4871 5279/910/4881 5267/897/4869
f 5269/898/4870 5281/911/4882 5292/912/4883 5280/899/4871
f 5270/900/4872 5282/913/4884 5281/914/4882 5269/901/4870
f 5271/902/4873 5283/915/4885 5282/913/4884 5270/900/4872
f 5272/903/4874 5284/916/4886 5283/915/4885 5271/902/4873
f 5273/904/4875 5285/917/4887 5284/916/4886 5272/903/4874
f 5274/905/4876 5286/918/4888 5285/917/4887 5273/904/4875
f 5275/906/4877 5287/919/4889 5286/918/4888 5274/905/4876
f 5276/907/4878 5288/920/4890 5287/919/4889 5275/906/4877
f 5277/908/4879 5289/921/4891 5288/920/4890 5276/907/4878
f 5278/909/4880 5290/922/4892 5289/921/4891 5277/908/4879
f 5279/910/4881 5291/923/4893 5290/922/4892 5278/909/4880
f 5280/899/4871 5292/912/4883 5291/923/4893 5279/910/4881
f 5281/911/4882 5293/924/4894 5304/925/4895 5292/912/4883
f 5282/913/4884 5294/926/4896 5293/927/4894 5281/914/4882
f 5283/915/4885 5295/928/4897 5294/926/4896 5282/913/4884
f 5284/916/4886 5296/929/4898 5295/928/4897 5283/915/4885
f 5285/917/4887 5297/930/4899 5296/929/4898 5284/916/4886
f 5286/918/4888 5298/931/4900 5297/930/4899 5285/917/4887
f 5287/919/4889 5299/932/4901 5298/931/4900 5286/918/4888
f 5288/920/4890 5300/933/4902 5299/932/4901 5287/919/4889
f 5289/921/4891 5301/934/4903 5300/933/4902 5288/920/4890
f 5290/922/4892 5302/935/4904 5301/934/4903 5289/921/4891
f 5291/923/4893 5303/936/4905 5302/935/4904 5290/922/4892
f 5292/912/4883 5304/925/4895 5303/936/4905 5291/923/4893
f 5293/924/4894 5305/937/4906 5316/938/4907 5304/925/4895
f 5294/926/4896 5306/939/4908 5305/940/4906 5293/927/4894
f 5295/928/4897 5307/941/4909 5306/939/4908 5294/926/4896
f 5296/929/4898 5308/942/4910 5307/941/4909 5295/928/4897
f 5297/930/4899 5309/943/4911 5308/942/4910 5296/929/4898
f 5298/931/4900 5310/944/4912 5309/943/4911 5297/930/4899
f 5299/932/4901 5311/945/4913 5310/944/4912 5298/931/4900
f 5300/933/4902 5312/946/4914 5311/945/4913 5299/932/4901
f 5301/934/4903 5313/947/4915 5312/946/4914 5300/933/4902
f 5302/935/4904 5314/948/4916 5313/947/4915 5301/934/4903
f 5303/936/4905 5315/949/4917 5314/948/4916 5302/935/4904
f 5304/925/4895 5316/938/4907 5315/949/4917 5303/936/4905
f 5305/937/4906 5317/950/4918 5328/951/4919 5316/938/4907
f 5306/939/4908 5318/952/4920 5317/953/4918 5305/940/4906
f 5307/941/4909 5319/954/4921 5318/952/4920 5306/939/4908
f 5308/942/4910 5320/955/4922 5319/954/4921 5307/941/4909
f 5309/943/4911 5321/956/4923 5320/955/4922 5308/942/4910
f 5310/944/4912 5322/957/4924 5321/956/4923 5309/943/4911
f 5311/945/4913 5323/958/4925 5322/957/4924 5310/944/4912
f 5312/946/4914 5324/959/4926 5323/958/4925 5311/945/4913
f 5313/947/4915 5325/960/4927 5324/959/4926 5312/946/4914
f 5314/948/4916 5326/961/4928 5325/960/4927 5313/947/4915
f 5315/949/4917 5327/962/4929 5326/961/4928 5314/948/4916
f 5316/938/4907 5328/951/4919 5327/962/4929 5315/949/4917
f 5329/482/4930 5340/485/4931 5352/484/4932 5341/483/4933
f 5330/486/4934 5329/489/4930 5341/488/4933 5342/487/4935
f 5331/490/4936 5330/486/4934 5342/487/4935 5343/491/4937
f 5332/492/4938 5331/490/4936 5343/491/4937 5344/493/4939
f 5333/494/4940 5332/492/4938 5344/493/4939 5345/495/4941
f 5334/496/4942 5333/494/4940 5345/495/4941 5346/497/4943
f 5335/498/4944 5334/496/4942 5346/497/4943 5347/499/4945
f 5336/500/4946 5335/498/4944 5347/499/4945 5348/501/4947
f 5337/502/4948 5336/500/4946 5348/501/4947 5349/503/4949
f 5338/504/4950 5337/502/4948 5349/503/4949 5350/505/4951
f 5339/506/4952 5338/504/4950 5350/505/4951 5351/507/4953
f 5340/485/4931 5339/506/4952 5351/507/4953 5352/484/4932
f 5341/483/4933 5352/484/4932 5364/509/4954 5353/508/4955
f 5342/487/4935 5341/488/4933 5353/511/4955 5354/510/4956
f 5343/491/4937 5342/487/4935 5354/510/4956 5355/512/4957
f 5344/493/4939 5343/491/4937 5355/512/4957 5356/513/4958
f 5345/495/4941 5344/493/4939 5356/513/4958 5357/514/4959
f 5346/497/4943 5345/495/4941 5357/514/4959 5358/515/4960
f 5347/499/4945 5346/497/4943 5358/515/4960 5359/516/4961
f 5348/501/4947 5347/499/4945 5359/516/4961 5360/517/4962
f 5349/503/4949 5348/501/4947 5360/517/4962 5361/518/4963
f 5350/505/4951 5349/503/4949 5361/518/4963 5362/519/4964
f 5351/507/4953 5350/505/4951 5362/519/4964 5363/520/4965
f 5352/484/4932 5351/507/4953 5363/520/4965 5364/509/4954
f 5353/508/4955 5364/509/4954 5376/522/4966 5365/521/4967
f 5354/510/4956 5353/511/4955 5365/524/4967 5366/523/4968
f 5355/512/4957 5354/510/4956 5366/523/4968 5367/525/4969
f 5356/513/4958 5355/512/4957 5367/525/4969 5368/526/4970
f 5357/514/4959 5356/513/4958 5368/526/4970 5369/527/4971
f 5358/515/4960 5357/514/4959 5369/527/4971 5370/528/4972
f 5359/516/4961 5358/515/4960 5370/528/4972 5371/529/4973
f 5360/517/4962 5359/516/4961 5371/529/4973 5372/530/4974
f 5361/518/4963 5360/517/4962 5372/530/4974 5373/531/4975
f 5362/519/4964 5361/518/4963 5373/531/4975 5374/532/4976
f 5363/520/4965 5362/519/4964 5374/532/4976 5375/533/4977
f 5364/509/4954 5363/520/4965 5375/533/4977 5376/522/4966
f 5365/521/4967 5376/522/4966 5388/535/4978 5377/534/4979
f 5366/523/4968 5365/524/4967 5377/537/4979 5378/536/4980
f 5367/525/4969 5366/523/4968 5378/536/4980 5379/538/4981
f 5368/526/4970 5367/525/4969 5379/538/4981 5380/539/4982
f 5369/527/4971 5368/526/4970 5380/539/4982 5381/540/4983
f 5370/528/4972 5369/527/4971 5381/540/4983 5382/541/4984
f 5371/529/4973 5370/528/4972 5382/541/4984 5383/542/4985
f 5372/530/4974 5371/529/4973 5383/542/4985 5384/543/4986
f 5373/531/4975 5372/530/4974 5384/543/4986 5385/544/4987
f 5374/532/4976 5373/531/4975 5385/544/4987 5386/545/4988
f 5375/533/4977 5374/532/4976 5386/545/4988 5387/546/4989
f 5376/522/4966 5375/533/4977 5387/546/4989 5388/535/4978
f 5377/534/4979 5388/535/4978 5400/548/4990 5389/547/4991
f 5378/536/4980 5377/537/4979 5389/550/4991 5390/549/4992
f 5379/538/4981 5378/536/4980 5390/549/4992 5391/551/4993
f 5380/539/4982 5379/538/4981 5391/551/4993 5392/552/4994
f 5381/540/4983 5380/539/4982 5392/552/4994 5393/553/4995
f 5382/541/4984 5381/540/4983 5393/553/4995 5394/554/4996
f 5383/542/4985 5382/541/4984 5394/554/4996 5395/555/4997
f 5384/543/4986 5383/542/4985 5395/555/4997 5396/556/4998
f 5385/544/4987 5384/543/4986 5396/556/4998 5397/557/4999
f 5386/545/4988 5385/544/4987 5397/557/4999 5398/558/5000
f 5387/546/4989 5386/545/4988 5398/558/5000 5399/559/5001
f 5388/535/4978 5387/546/4989 5399/559/5001 5400/548/4990
f 5389/547/4991 5400/548/4990 5412/561/5002 5401/560/5003
f 5390/549/4992 5389/550/4991 5401/563/5003 5402/562/5004
f 5391/551/4993 5390/549/4992 5402/562/5004 5403/564/5005
f 5392/552/4994 5391/551/4993 5403/564/5005 5404/565/5006
f 5393/553/4995 5392/552/4994 5404/565/5006 5405/566/5007
f 5394/554/4996 5393/553/4995 5405/566/5007 5406/567/5008
f 5395/555/4997 5394/554/4996 5406/567/5008 5407/568/5009
f 5396/556/4998 5395/555/4997 5407/568/5009 5408/569/5010
f 5397/557/4999 5396/556/4998 5408/569/5010 5409/570/5011
f 5398/558/5000 5397/557/4999 5409/570/5011 5410/571/5012
f 5399/559/5001 5398/558/5000 5410/571/5012 5411/572/5013
f 5400/548/4990 5399/559/5001 5411/572/5013 5412/561/5002
f 5401/560/5003 5412/561/5002 5424/574/5014 5413/573/5015
f 5402/562/5004 5401/563/5003 5413/576/5015 5414/575/5016
f 5403/564/5005 5402/562/5004 5414/575/5016 5415/577/5017
f 5404/565/5006 5403/564/5005 5415/577/5017 5416/578/5018
f 5405/566/5007 5404/565/5006 5416/578/5018 5417/579/5019
f 5406/567/5008 5405/566/5007 5417/579/5019 5418/580/5020
f 5407/568/5009 5406/567/5008 5418/580/5020 5419/581/5021
f 5408/569/5010 5407/568/5009 5419/581/5021 5420/582/5022
f 5409/570/5011 5408/569/5010 5420/582/5022 5421/583/5023
f 5410/571/5012 5409/570/5011 5421/583/5023 5422/584/5024
f 5411/572/5013 5410/571/5012 5422/584/5024 5423/585/5025
f 5412/561/5002 5411/572/5013 5423/585/5025 5424/574/5014
f 5413/573/5015 5424/574/5014 5436/587/5026 5425/586/5027
f 5414/575/5016 5413/576/5015 5425/589/5027 5426/588/5028
f 5415/577/5017 5414/575/5016 5426/588/5028 5427/590/5029
f 5416/578/5018 5415/577/5017 5427/590/5029 5428/591/5030
f 5417/579/5019 5416/578/5018 5428/591/5030 5429/592/5031
f 5418/580/5020 5417/579/5019 5429/592/5031 5430/593/5032
f 5419/581/5021 5418/580/5020 5430/593/5032 5431/594/5033
f 5420/582/5022 5419/581/5021 5431/594/5033 5432/595/5034
f 5421/583/5023 5420/582/5022 5432/595/5034 5433/596/5035
f 5422/584/5024 5421/583/5023 5433/596/5035 5434/597/5036
f 5423/585/5025 5422/584/5024 5434/597/5036 5435/598/5037
f 5424/574/5014 5423/585/5025 5435/598/5037 5436/587/5026
f 5425/586/5027 5436/587/5026 5448/600/5038 5437/599/5039
f 5426/588/5028 5425/589/5027 5437/602/5039 5438/601/5040
f 5427/590/5029 5426/588/5028 5438/601/5040 5439/603/5041
f 5428/591/5030 5427/590/5029 5439/603/5041 5440/604/5042
f 5429/592/5031 5428/591/5030 5440/604/5042 5441/605/5043
f 5430/593/5032 5429/592/5031 5441/605/5043 5442/606/5044
f 5431/594/5033 5430/593/5032 5442/606/5044 5443/607/5045
f 5432/595/5034 5431/594/5033 5443/607/5045 5444/608/5046
f 5433/596/5035 5432/595/5034 5444/608/5046 5445/609/5047
f 5434/597/5036 5433/596/5035 5445/609/5047 5446/610/5048
f 5435/598/5037 5434/597/5036 5446/610/5048 5447/611/5049
f 5436/587/5026 5435/598/5037 5447/611/5049 5448/600/5038
f 5437/599/5039 5448/600/5038 5460/613/5050 5449/612/5051
f 5438/601/5040 5437/602/5039 5449/615/5051 5450/614/5052
f 5439/603/5041 5438/601/5040 5450/614/5052 5451/616/5053
f 5440/604/5042 5439/603/5041 5451/616/5053 5452/617/5054
f 5441/605/5043 5440/604/5042 5452/617/5054 5453/618/5055
f 5442/606/5044 5441/605/5043 5453/618/5055 5454/619/5056
f 5443/607/5045 5442/606/5044 5454/619/5056 5455/620/5057
f 5444/608/5046 5443/607/5045 5455/620/5057 5456/621/5058
f 5445/609/5047 5444/608/5046 5456/621/5058 5457/622/5059
f 5446/610/5048 5445/609/5047 5457/622/5059 5458/623/5060
f 5447/611/5049 5446/610/5048 5458/623/5060 5459/624/5061
f 5448/600/5038 5447/611/5049 5459/624/5061 5460/613/5050
f 5449/612/5051 5460/613/5050 5472/626/5062 5461/625/5063
f 5450/614/5052 5449/615/5051 5461/628/5063 5462/627/5064
f 5451/616/5053 5450/614/5052 5462/627/5064 5463/629/5065
f 5452/617/5054 5451/616/5053 5463/629/5065 5464/630/5066
f 5453/618/5055 5452/617/5054 5464/630/5066 5465/631/5067
f 5454/619/5056 5453/618/5055 5465/631/5067 5466/632/5068
f 5455/620/5057 5454/619/5056 5466/632/5068 5467/633/5069
f 5456/621/5058 5455/620/5057 5467/633/5069 5468/634/5070
f 5457/622/5059 5456/621/5058 5468/634/5070 5469/635/5071
f 5458/623/5060 5457/622/5059 5469/635/5071 5470/636/5072
f 5459/624/5061 5458/623/5060 5470/636/5072 5471/637/5073
f 5460/613/5050 5459/624/5061 5471/637/5073 5472/626/5062
f 5461/625/5063 5472/626/5062 5484/639/5074 5473/638/5075
f 5462/627/5064 5461/628/5063 5473/641/5075 5474/640/5076
f 5463/629/5065 5462/627/5064 5474/640/5076 5475/642/5077
f 5464/630/5066 5463/629/5065 5475/642/5077 5476/643/5078
f 5465/631/5067 5464/630/5066 5476/643/5078 5477/644/5079
f 5466/632/5068 5465/631/5067 5477/644/5079 5478/645/5080
f 5467/633/5069 5466/632/5068 5478/645/5080 5479/646/5081
f 5468/634/5070 5467/633/5069 5479/646/5081 5480/647/5082
f 5469/635/5071 5468/634/5070 5480/647/5082 5481/648/5083
f 5470/636/5072 5469/635/5071 5481/648/5083 5482/649/5084
f 5471/637/5073 5470/636/5072 5482/649/5084 5483/650/5085
f 5472/626/5062 5471/637/5073 5483/650/5085 5484/639/5074
f 5473/638/5075 5484/639/5074 5496/652/5086 5485/651/5087
f 5474/640/5076 5473/641/5075 5485/654/5087 5486/653/5088
f 5475/642/5077 5474/640/5076 5486/653/5088 5487/655/5089
f 5476/643/5078 5475/642/5077 5487/655/5089 5488/656/5090
f 5477/644/5079 5476/643/5078 5488/656/5090 5489/657/5091
f 5478/645/5080 5477/644/5079 5489/657/5091 5490/658/5092
f 5479/646/5081 5478/645/5080 5490/658/5092 5491/659/5093
f 5480/647/5082 5479/646/5081 5491/659/5093 5492/660/5094
f 5481/648/5083 5480/647/5082 5492/660/5094 5493/661/5095
f 5482/649/5084 5481/648/5083 5493/661/5095 5494/662/5096
f 5483/650/5085 5482/649/5084 5494/662/5096 5495/663/5097
f 5484/639/5074 5483/650/5085 5495/663/5097 5496/652/5086
f 5485/651/5087 5496/652/5086 5508/665/5098 5497/664/5099
f 5486/653/5088 5485/654/5087 5497/667/5099 5498/666/5100
f 5487/655/5089 5486/653/5088 5498/666/5100 5499/668/5101
f 5488/656/5090 5487/655/5089 5499/668/5101 5500/669/5102
f 5489/657/5091 5488/656/5090 5500/669/5102 5501/670/5103
f 5490/658/5092 5489/657/5091 5501/670/5103 5502/671/5104
f 5491/659/5093 5490/658/5092 5502/671/5104 5503/672/5105
f 5492/660/5094 5491/659/5093 5503/672/5105 5504/673/5106
f 5493/661/5095 5492/660/5094 5504/673/5106 5505/674/5107
f 5494/662/5096 5493/661/5095 5505/674/5107 5506/675/5108
f 5495/663/5097 5494/662/5096 5506/675/5108 5507/676/5109
f 5496/652/5086 5495/663/5097 5507/676/5109 5508/665/5098
f 5497/664/5099 5508/665/5098 5520/678/5110 5509/677/5111
f 5498/666/5100 5497/667/5099 5509/680/5111 5510/679/5112
f 5499/668/5101 5498/666/5100 5510/679/5112 5511/681/5113
f 5500/669/5102 5499/668/5101 5511/681/5113 5512/682/5114
f 5501/670/5103 5500/669/5102 5512/682/5114 5513/683/5115
f 5502/671/5104 5501/670/5103 5513/683/5115 5514/684/5116
f 5503/672/5105 5502/671/5104 5514/684/5116 5515/685/5117
f 5504/673/5106 5503/672/5105 5515/685/5117 5516/686/5118
f 5505/674/5107 5504/673/5106 5516/686/5118 5517/687/5119
f 5506/675/5108 5505/674/5107 5517/687/5119 5518/688/5120
f 5507/676/5109 5506/675/5108 5518/688/5120 5519/689/5121
f 5508/665/5098 5507/676/5109 5519/689/5121 5520/678/5110
f 5509/677/5111 5520/678/5110 5532/691/5122 5521/690/5123
f 5510/679/5112 5509/680/5111 5521/693/5123 5522/692/5124
f 5511/681/5113 5510/679/5112 5522/692/5124 5523/694/5125
f 5512/682/5114 5511/681/5113 5523/694/5125 5524/695/5126
f 5513/683/5115 5512/682/5114 5524/695/5126 5525/696/5127
f 5514/684/5116 5513/683/5115 5525/696/5127 5526/697/5128
f 5515/685/5117 5514/684/5116 5526/697/5128 5527/698/5129
f 5516/686/5118 5515/685/5117 5527/698/5129 5528/699/5130
f 5517/687/5119 5516/686/5118 5528/699/5130 5529/700/5131
f 5518/688/5120 5517/687/5119 5529/700/5131 5530/701/5132
f 5519/689/5121 5518/688/5120 5530/701/5132 5531/702/5133
f 5520/678/5110 5519/689/5121 5531/702/5133 5532/691/5122
f 5521/690/5123 5532/691/5122 5544/704/5134 5533/703/5135
f 5522/692/5124 5521/693/5123 5533/706/5135 5534/705/5136
f 5523/694/5125 5522/692/5124 5534/705/5136 5535/707/5137
f 5524/695/5126 5523/694/5125 5535/707/5137 5536/708/5138
f 5525/696/5127 5524/695/5126 5536/708/5138 5537/709/5139
f 5526/697/5128 5525/696/5127 5537/709/5139 5538/710/5140
f 5527/698/5129 5526/697/5128 5538/710/5140 5539/711/5141
f 5528/699/5130 5527/698/5129 5539/711/5141 5540/712/5142
f 5529/700/5131 5528/699/5130 5540/712/5142 5541/713/5143
f 5530/701/5132 5529/700/5131 5541/713/5143 5542/714/5144
f 5531/702/5133 5530/701/5132 5542/714/5144 5543/715/5145
f 5532/691/5122 5531/702/5133 5543/715/5145 5544/704/5134
f 5533/703/5135 5544/704/5134 5556/717/5146 5545/716/5147
f 5534/705/5136 5533/706/5135 5545/719/5147 5546/718/5148
f 5535/707/5137 5534/705/5136 5546/718/5148 5547/720/5149
f 5536/708/5138 5535/707/5137 5547/720/5149 5548/721/5150
f 5537/709/5139 5536/708/5138 5548/721/5150 5549/722/5151
f 5538/710/5140 5537/709/5139 5549/722/5151 5550/723/5152
f 5539/711/5141 5538/710/5140 5550/723/5152 5551/724/5153
f 5540/712/5142 5539/711/5141 5551/724/5153 5552/725/5154
f 5541/713/5143 5540/712/5142 5552/725/5154 5553/726/5155
f 5542/714/5144 5541/713/5143 5553/726/5155 5554/727/5156
f 5543/715/5145 5542/714/5144 5554/727/5156 5555/728/5157
f 5544/704/5134 5543/715/5145 5555/728/5157 5556/717/5146
f 5545/716/5147 5556/717/5146 5568/730/5158 5557/729/5159
f 5546/718/5148 5545/719/5147 5557/732/5159 5558/731/5160
f 5547/720/5149 5546/718/5148 5558/731/5160 5559/733/5161
f 5548/721/5150 5547/720/5149 5559/733/5161 5560/734/5162
f 5549/722/5151 5548/721/5150 5560/734/5162 5561/735/5163
f 5550/723/5152 5549/722/5151 5561/735/5163 5562/736/5164
f 5551/724/5153 5550/723/5152 5562/736/5164 5563/737/5165
f 5552/725/5154 5551/724/5153 5563/737/5165 5564/738/5166
f 5553/726/5155 5552/725/5154 5564/738/5166 5565/739/5167
f 5554/727/5156 5553/726/5155 5565/739/5167 5566/740/5168
f 5555/728/5157 5554/727/5156 5566/740/5168 5567/741/5169
f 5556/717/5146 5555/728/5157 5567/741/5169 5568/730/5158
f 5557/729/5159 5568/730/5158 5580/743/5170 5569/742/5171
f 5558/731/5160 5557/732/5159 5569/745/5171 5570/744/5172
f 5559/733/5161 5558/731/5160 5570/744/5172 5571/746/5173
f 5560/734/5162 5559/733/5161 5571/746/5173 5572/747/5174
f 5561/735/5163 5560/734/5162 5572/747/5174 5573/748/5175
f 5562/736/5164 5561/735/5163 5573/748/5175 5574/749/5176
f 5563/737/5165 5562/736/5164 5574/749/5176 5575/750/5177
f 5564/738/5166 5563/737/5165 5575/750/5177 5576/751/5178
f 5565/739/5167 5564/738/5166 5576/751/5178 5577/752/5179
f 5566/740/5168 5565/739/5167 5577/752/5179 5578/753/5180
f 5567/741/5169 5566/740/5168 5578/753/5180 5579/754/5181
f 5568/730/5158 5567/741/5169 5579/754/5181 5580/743/5170
f 5569/742/5171 5580/743/5170 5592/756/5182 5581/755/5183
f 5570/744/5172 5569/745/5171 5581/758/5183 5582/757/5184
f 5571/746/5173 5570/744/5172 5582/757/5184 5583/759/5185
f 5572/747/5174 5571/746/5173 5583/759/5185 5584/760/5186
f 5573/748/5175 5572/747/5174 5584/760/5186 5585/761/5187
f 5574/749/5176 5573/748/5175 5585/761/5187 5586/762/5188
f 5575/750/5177 5574/749/5176 5586/762/5188 5587/763/5189
f 5576/751/5178 5575/750/5177 5587/763/5189 5588/764/5190
f 5577/752/5179 5576/751/5178 5588/764/5190 5589/765/5191
f 5578/753/5180 5577/752/5179 5589/765/5191 5590/766/5192
f 5579/754/5181 5578/753/5180 5590/766/5192 5591/767/5193
f 5580/743/5170 5579/754/5181 5591/767/5193 5592/756/5182
f 5581/755/5183 5592/756/5182 5604/769/5194 5593/768/5195
f 5582/757/5184 5581/758/5183 5593/771/5195 5594/770/5196
f 5583/759/5185 5582/757/5184 5594/770/5196 5595/772/5197
f 5584/760/5186 5583/759/5185 5595/772/5197 5596/773/5198
f 5585/761/5187 5584/760/5186 5596/773/5198 5597/774/5199
f 5586/762/5188 5585/761/5187 5597/774/5199 5598/775/5200
f 5587/763/5189 5586/762/5188 5598/775/5200 5599/776/5201
f 5588/764/5190 5587/763/5189 5599/776/5201 5600/777/5202
f 5589/765/5191 5588/764/5190 5600/777/5202 5601/778/5203
f 5590/766/5192 5589/765/5191 5601/778/5203 5602/779/5204
f 5591/767/5193 5590/766/5192 5602/779/5204 5603/780/5205
f 5592/756/5182 5591/767/5193 5603/780/5205 5604/769/5194
f 5593/768/5195 5604/769/5194 5616/782/5206 5605/781/5207
f 5594/770/5196 5593/771/5195 5605/784/5207 5606/783/5208
f 5595/772/5197 5594/770/5196 5606/783/5208 5607/785/5209
f 5596/773/5198 5595/772/5197 5607/785/5209 5608/786/5210
f 5597/774/5199 5596/773/5198 5608/786/5210 5609/787/5211
f 5598/775/5200 5597/774/5199 5609/787/5211 5610/788/5212
f 5599/776/5201 5598/775/5200 5610/788/5212 5611/789/5213
f 5600/777/5202 5599/776/5201 5611/789/5213 5612/790/5214
f 5601/778/5203 5600/777/5202 5612/790/5214 5613/791/5215
f 5602/779/5204 5601/778/5203 5613/791/5215 5614/792/5216
f 5603/780/5205 5602/779/5204 5614/792/5216 5615/793/5217
f 5604/769/5194 5603/780/5205 5615/793/5217 5616/782/5206
f 5605/781/5207 5616/782/5206 5628/795/5218 5617/794/5219
f 5606/783/5208 5605/784/5207 5617/797/5219 5618/796/5220
f 5607/785/5209 5606/783/5208 5618/796/5220 5619/798/5221
f 5608/786/5210 5607/785/5209 5619/798/5221 5620/799/5222
f 5609/787/5211 5608/786/5210 5620/799/5222 5621/800/5223
f 5610/788/5212 5609/787/5211 5621/800/5223 5622/801/5224
f 5611/789/5213 5610/788/5212 5622/801/5224 5623/802/5225
f 5612/790/5214 5611/789/5213 5623/802/5225 5624/803/5226
f 5613/791/5215 5612/790/5214 5624/803/5226 5625/804/5227
f 5614/792/5216 5613/791/5215 5625/804/5227 5626/805/5228
f 5615/793/5217 5614/792/5216 5626/805/5228 5627/806/5229
f 5616/782/5206 5615/793/5217 5627/806/5229 5628/795/5218
f 5617/794/5219 5628/795/5218 5640/808/5230 5629/807/5231
f 5618/796/5220 5617/797/5219 5629/810/5231 5630/809/5232
f 5619/798/5221 5618/796/5220 5630/809/5232 5631/811/5233
f 5620/799/5222 5619/798/5221 5631/811/5233 5632/812/5234
f 5621/800/5223 5620/799/5222 5632/812/5234 5633/813/5235
f 5622/801/5224 5621/800/5223 5633/813/5235 5634/814/5236
f 5623/802/5225 5622/801/5224 5634/814/5236 5635/815/5237
f 5624/803/5226 5623/802/5225 5635/815/5237 5636/816/5238
f 5625/804/5227 5624/803/5226 5636/816/5238 5637/817/5239
f 5626/805/5228 5625/804/5227 5637/817/5239 5638/818/5240
f 5627/806/5229 5626/805/5228 5638/818/5240 5639/819/5241
f 5628/795/5218 5627/806/5229 5639/819/5241 5640/808/5230
f 5629/807/5231 5640/808/5230 5652/821/5242 5641/820/5243
f 5630/809/5232 5629/810/5231 5641/823/5243 5642/822/5244
f 5631/811/5233 5630/809/5232 5642/822/5244 5643/824/5245
f 5632/812/5234 5631/811/5233 5643/824/5245 5644/825/5246
f 5633/813/5235 5632/812/5234 5644/825/5246 5645/826/5247
f 5634/814/5236 5633/813/5235 5645/826/5247 5646/827/5248
f 5635/815/5237 5634/814/5236 5646/827/5248 5647/828/5249
f 5636/816/5238 5635/815/5237 5647/828/5249 5648/829/5250
f 5637/817/5239 5636/816/5238 5648/829/5250 5649/830/5251
f 5638/818/5240 5637/817/5239 5649/830/5251 5650/831/5252
f 5639/819/5241 5638/818/5240 5650/831/5252 5651/832/5253
f 5640/808/5230 5639/819/5241 5651/832/5253 5652/821/5242
f 5641/820/5243 5652/821/5242 5664/834/5254 5653/833/5255
f 5642/822/5244 5641/823/5243 5653/836/5255 5654/835/5256
f 5643/824/5245 5642/822/5244 5654/835/5256 5655/837/5257
f 5644/825/5246 5643/824/5245 5655/837/5257 5656/838/5258
f 5645/826/5247 5644/825/5246 5656/838/5258 5657/839/5259
f 5646/827/5248 5645/826/5247 5657/839/5259 5658/840/5260
f 5647/828/5249 5646/827/5248 5658/840/5260 5659/841/5261
f 5648/829/5250 5647/828/5249 5659/841/5261 5660/842/5262
f 5649/830/5251 5648/829/5250 5660/842/5262 5661/843/5263
f 5650/831/5252 5649/830/5251 5661/843/5263 5662/844/5264
f 5651/832/5253 5650/831/5252 5662/844/5264 5663/845/5265
f 5652/821/5242 5651/832/5253 5663/845/5265 5664/834/5254
f 5653/833/5255 5664/834/5254 5676/847/5266 5665/846/5267
f 5654/835/5256 5653/836/5255 5665/849/5267 5666/848/5268
f 5655/837/5257 5654/835/5256 5666/848/5268 5667/850/5269
f 5656/838/5258 5655/837/5257 5667/850/5269 5668/851/5270
f 5657/839/5259 5656/838/5258 5668/851/5270 5669/852/5271
f 5658/840/5260 5657/839/5259 5669/852/5271 5670/853/5272
f 5659/841/5261 5658/840/5260 5670/853/5272 5671/854/5273
f 5660/842/5262 5659/841/5261 5671/854/5273 5672/855/5274
f 5661/843/5263 5660/842/5262 5672/855/5274 5673/856/5275
f 5662/844/5264 5661/843/5263 5673/856/5275 5674/857/5276
f 5663/845/5265 5662/844/5264 5674/857/5276 5675/858/5277
f 5664/834/5254 5663/845/5265 5675/858/5277 5676/847/5266
f 5665/846/5267 5676/847/5266 5688/860/5278 5677/859/5279
f 5666/848/5268 5665/849/5267 5677/862/5279 5678/861/5280
f 5667/850/5269 5666/848/5268 5678/861/5280 5679/863/5281
f 5668/851/5270 5667/850/5269 5679/863/5281 5680/864/5282
f 5669/852/5271 5668/851/5270 5680/864/5282 5681/865/5283
f 5670/853/5272 5669/852/5271 5681/865/5283 5682/866/5284
f 5671/854/5273 5670/853/5272 5682/866/5284 5683/867/5285
f 5672/855/5274 5671/854/5273 5683/867/5285 5684/868/5286
f 5673/856/5275 5672/855/5274 5684/868/5286 5685/869/5287
f 5674/857/5276 5673/856/5275 5685/869/5287 5686/870/5288
f 5675/858/5277 5674/857/5276 5686/870/5288 5687/871/5289
f 5676/847/5266 5675/858/5277 5687/871/5289 5688/860/5278
f 5677/859/5279 5688/860/5278 5700/873/5290 5689/872/5291
f 5678/861/5280 5677/862/5279 5689/875/5291 5690/874/5292
f 5679/863/5281 5678/861/5280 5690/874/5292 5691/876/5293
f 5680/864/5282 5679/863/5281 5691/876/5293 5692/877/5294
f 5681/865/5283 5680/864/5282 5692/877/5294 5693/878/5295
f 5682/866/5284 5681/865/5283 5693/878/5295 5694/879/5296
f 5683/867/5285 5682/866/5284 5694/879/5296 5695/880/5297
f 5684/868/5286 5683/867/5285 5695/880/5297 5696/881/5298
f 5685/869/5287 5684/868/5286 5696/881/5298 5697/882/5299
f 5686/870/5288 5685/869/5287 5697/882/5299 5698/883/5300
f 5687/871/5289 5686/870/5288 5698/883/5300 5699/884/5301
f 5688/860/5278 5687/871/5289 5699/884/5301 5700/873/5290
f 5689/872/5291 5700/873/5290 5712/886/5302 5701/885/5303
f 5690/874/5292 5689/875/5291 5701/888/5303 5702/887/5304
f 5691/876/5293 5690/874/5292 5702/887/5304 5703/889/5305
f 5692/877/5294 5691/876/5293 5703/889/5305 5704/890/5306
f 5693/878/5295 5692/877/5294 5704/890/5306 5705/891/5307
f 5694/879/5296 5693/878/5295 5705/891/5307 5706/892/5308
f 5695/880/5297 5694/879/5296 5706/892/5308 5707/893/5309
f 5696/881/5298 5695/880/5297 5707/893/5309 5708/894/5310
f 5697/882/5299 5696/881/5298 5708/894/5310 5709/895/5311
f 5698/883/5300 5697/882/5299 5709/895/5311 5710/896/5312
f 5699/884/5301 5698/883/5300 5710/896/5312 5711/897/5313
f 5700/873/5290 5699/884/5301 5711/897/5313 5712/886/5302
f 5701/885/5303 5712/886/5302 5724/899/5314 5713/898/5315
f 5702/887/5304 5701/888/5303 5713/901/5315 5714/900/5316
f 5703/889/5305 5702/887/5304 5714/900/5316 5715/902/5317
f 5704/890/5306 5703/889/5305 5715/902/5317 5716/903/5318
f 5705/891/5307 5704/890/5306 5716/903/5318 5717/904/5319
f 5706/892/5308 5705/891/5307 5717/904/5319 5718/905/5320
f 5707/893/5309 5706/892/5308 5718/905/5320 5719/906/5321
f 5708/894/5310 5707/893/5309 5719/906/5321 5720/907/5322
f 5709/895/5311 5708/894/5310 5720/907/5322 5721/908/5323
f 5710/896/5312 5709/895/5311 5721/908/5323 5722/909/5324
f 5711/897/5313 5710/896/5312 5722/909/5324 5723/910/5325
f 5712/886/5302 5711/897/5313 5723/910/5325 5724/899/5314
f 5713/898/5315 5724/899/5314 5736/912/5326 5725/911/5327
f 5714/900/5316 5713/901/5315 5725/914/5327 5726/913/5328
f 5715/902/5317 5714/900/5316 5726/913/5328 5727/915/5329
f 5716/903/5318 5715/902/5317 5727/915/5329 5728/916/5330
f 5717/904/5319 5716/903/5318 5728/916/5330 5729/917/5331
f 5718/905/5320 5717/904/5319 5729/917/5331 5730/918/5332
f 5719/906/5321 5718/905/5320 5730/918/5332 5731/919/5333
f 5720/907/5322 5719/906/5321 5731/919/5333 5732/920/5334
f 5721/908/5323 5720/907/5322 5732/920/5334 5733/921/5335
f 5722/909/5324 5721/908/5323 5733/921/5335 5734/922/5336
f 5723/910/5325 5722/909/5324 5734/922/5336 5735/923/5337
f 5724/899/5314 5723/910/5325 5735/923/5337 5736/912/5326
f 5725/911/5327 5736/912/5326 5748/925/5338 5737/924/5339
f 5726/913/5328 5725/914/5327 5737/927/5339 5738/926/5340
f 5727/915/5329 5726/913/5328 5738/926/5340 5739/928/5341
f 5728/916/5330 5727/915/5329 5739/928/5341 5740/929/5342
f 5729/917/5331 5728/916/5330 5740/929/5342 5741/930/5343
f 5730/918/5332 5729/917/5331 5741/930/5343 5742/931/5344
f 5731/919/5333 5730/918/5332 5742/931/5344 5743/932/5345
f 5732/920/5334 5731/919/5333 5743/932/5345 5744/933/5346
f 5733/921/5335 5732/920/5334 5744/933/5346 5745/934/5347
f 5734/922/5336 5733/921/5335 5745/934/5347 5746/935/5348
f 5735/923/5337 5734/922/5336 5746/935/5348 5747/936/5349
f 5736/912/5326 5735/923/5337 5747/936/5349 5748/925/5338
f 5737/924/5339 5748/925/5338 5760/938/5350 5749/937/5351
f 5738/926/5340 5737/927/5339 5749/940/5351 5750/939/5352
f 5739/928/5341 5738/926/5340 5750/939/5352 5751/941/5353
f 5740/929/5342 5739/928/5341 5751/941/5353 5752/942/5354
f 5741/930/5343 5740/929/5342 5752/942/5354 5753/943/5355
f 5742/931/5344 5741/930/5343 5753/943/5355 5754/944/5356
f 5743/932/5345 5742/931/5344 5754/944/5356 5755/945/5357
f 5744/933/5346 5743/932/5345 5755/945/5357 5756/946/5358
f 5745/934/5347 5744/933/5346 5756/946/5358 5757/947/5359
f 5746/935/5348 5745/934/5347 5757/947/5359 5758/948/5360
f 5747/936/5349 5746/935/5348 5758/948/5360 5759/949/5361
f 5748/925/5338 5747/936/5349 5759/949/5361 5760/938/5350
f 5749/937/5351 5760/938/5350 5772/951/5362 5761/950/5363
f 5750/939/5352 5749/940/5351 5761/953/5363 5762/952/5364
f 5751/941/5353 5750/939/5352 5762/952/5364 5763/954/5365
f 5752/942/5354 5751/941/5353 5763/954/5365 5764/955/5366
f 5753/943/5355 5752/942/5354 5764/955/5366 5765/956/5367
f 5754/944/5356 5753/943/5355 5765/956/5367 5766/957/5368
f 5755/945/5357 5754/944/5356 5766/957/5368 5767/958/5369
f 5756/946/5358 5755/945/5357 5767/958/5369 5768/959/5370
f 5757/947/5359 5756/946/5358 5768/959/5370 5769/960/5371
f 5758/948/5360 5757/947/5359 5769/960/5371 5770/961/5372
f 5759/949/5361 5758/948/5360 5770/961/5372 5771/962/5373
f 5760/938/5350 5759/949/5361 5771/962/5373 5772/951/5362
f 5773/482/5374 5784/485/5375 5796/484/5376 5785/483/5377
f 5774/486/5378 5773/489/5374 5785/488/5377 5786/487/5379
f 5775/490/5380 5774/486/5378 5786/487/5379 5787/491/5381
f 5776/492/5382 5775/490/5380 5787/491/5381 5788/493/5383
f 5777/494/5384 5776/492/5382 5788/493/5383 5789/495/5385
f 5778/496/5386 5777/494/5384 5789/495/5385 5790/497/5387
f 5779/498/5388 5778/496/5386 5790/497/5387 5791/499/5389
f 5780/500/5390 5779/498/5388 5791/499/5389 5792/501/5391
f 5781/502/5392 5780/500/5390 5792/501/5391 5793/503/5393
f 5782/504/5394 5781/502/5392 5793/503/5393 5794/505/5395
f 5783/506/5396 5782/504/5394 5794/505/5395 5795/507/5397
f 5784/485/5375 5783/506/5396 5795/507/5397 5796/484/5376
f 5785/483/5377 5796/484/5376 5808/509/5398 5797/508/5399
f 5786/487/5379 5785/488/5377 5797/511/5399 5798/510/5400
f 5787/491/5381 5786/487/5379 5798/510/5400 5799/512/5401
f 5788/493/5383 5787/491/5381 5799/512/5401 5800/513/5402
f 5789/495/5385 5788/493/5383 5800/513/5402 5801/514/5403
f 5790/497/5387 5789/495/5385 5801/514/5403 5802/515/5404
f 5791/499/5389 5790/497/5387 5802/515/5404 5803/516/5405
f 5792/501/5391 5791/499/5389 5803/516/5405 5804/517/5406
f 5793/503/5393 5792/501/5391 5804/517/5406 5805/518/5407
f 5794/505/5395 5793/503/5393 5805/518/5407 5806/519/5408
f 5795/507/5397 5794/505/5395 5806/519/5408 5807/520/5409
f 5796/484/5376 5795/507/5397 5807/520/5409 5808/509/5398
f 5797/508/5399 5808/509/5398 5820/522/5410 5809/521/5411
f 5798/510/5400 5797/511/5399 5809/524/5411 5810/523/5412
f 5799/512/5401 5798/510/5400 5810/523/5412 5811/525/5413
f 5800/513/5402 5799/512/5401 5811/525/5413 5812/526/5414
f 5801/514/5403 5800/513/5402 5812/526/5414 5813/527/5415
f 5802/515/5404 5801/514/5403 5813/527/5415 5814/528/5416
f 5803/516/5405 5802/515/5404 5814/528/5416 5815/529/5417
f 5804/517/5406 5803/516/5405 5815/529/5417 5816/530/5418
f 5805/518/5407 5804/517/5406 5816/530/5418 5817/531/5419
f 5806/519/5408 5805/518/5407 5817/531/5419 5818/532/5420
f 5807/520/5409 5806/519/5408 5818/532/5420 5819/533/5421
f 5808/509/5398 5807/520/5409 5819/533/5421 5820/522/5410
f 5809/521/5411 5820/522/5410 5832/535/5422 5821/534/5423
f 5810/523/5412 5809/524/5411 5821/537/5423 5822/536/5424
f 5811/525/5413 5810/523/5412 5822/536/5424 5823/538/5425
f 5812/526/5414 5811/525/5413 5823/538/5425 5824/539/5426
f 5813/527/5415 5812/526/5414 5824/539/5426 5825/540/5427
f 5814/528/5416 5813/527/5415 5825/540/5427 5826/541/5428
f 5815/529/5417 5814/528/5416 5826/541/5428 5827/542/5429
f 5816/530/5418 5815/529/5417 5827/542/5429 5828/543/5430
f 5817/531/5419 5816/530/5418 5828/543/5430 5829/544/5431
f 5818/532/5420 5817/531/5419 5829/544/5431 5830/545/5432
f 5819/533/5421 5818/532/5420 5830/545/5432 5831/546/5433
f 5820/522/5410 5819/533/5421 5831/546/5433 5832/535/5422
f 5821/534/5423 5832/535/5422 5844/548/5434 5833/547/5435
f 5822/536/5424 5821/537/5423 5833/550/5435 5834/549/5436
f 5823/538/5425 5822/536/5424 5834/549/5436 5835/551/5437
f 5824/539/5426 5823/538/5425 5835/551/5437 5836/552/5438
f 5825/540/5427 5824/539/5426 5836/552/5438 5837/553/5439
f 5826/541/5428 5825/540/5427 5837/553/5439 5838/554/5440
f 5827/542/5429 5826/541/5428 5838/554/5440 5839/555/5441
f 5828/543/5430 5827/542/5429 5839/555/5441 5840/556/5442
f 5829/544/5431 5828/543/5430 5840/556/5442 5841/557/5443
f 5830/545/5432 5829/544/5431 5841/557/5443 5842/558/5444
f 5831/546/5433 5830/545/5432 5842/558/5444 5843/559/5445
f 5832/535/5422 5831/546/5433 5843/559/5445 5844/548/5434
f 5833/547/5435 5844/548/5434 5856/561/5446 5845/560/5447
f 5834/549/5436 5833/550/5435 5845/563/5447 5846/562/5448
f 5835/551/5437 5834/549/5436 5846/562/5448 5847/564/5449
f 5836/552/5438 5835/551/5437 5847/564/5449 5848/565/5450
f 5837/553/5439 5836/552/5438 5848/565/5450 5849/566/5451
f 5838/554/5440 5837/553/5439 5849/566/5451 5850/567/5452
f 5839/555/5441 5838/554/5440 5850/567/5452 5851/568/5453
f 5840/556/5442 5839/555/5441 5851/568/5453 5852/569/5454
f 5841/557/5443 5840/556/5442 5852/569/5454 5853/570/5455
f 5842/558/5444 5841/557/5443 5853/570/5455 5854/571/5456
f 5843/559/5445 5842/558/5444 5854/571/5456 5855/572/5457
f 5844/548/5434 5843/559/5445 5855/572/5457 5856/561/5446
f 5845/560/5447 5856/561/5446 5868/574/5458 5857/573/5459
f 5846/562/5448 5845/563/5447 5857/576/5459 5858/575/5460
f 5847/564/5449 5846/562/5448 5858/575/5460 5859/577/5461
f 5848/565/5450 5847/564/5449 5859/577/5461 5860/578/5462
f 5849/566/5451 5848/565/5450 5860/578/5462 5861/579/5463
f 5850/567/5452 5849/566/5451 5861/579/5463 5862/580/5464
f 5851/568/5453 5850/567/5452 5862/580/5464 5863/581/5465
f 5852/569/5454 5851/568/5453 5863/581/5465 5864/582/5466
f 5853/570/5455 5852/569/5454 5864/582/5466 5865/583/5467
f 5854/571/5456 5853/570/5455 5865/583/5467 5866/584/5468
f 5855/572/5457 5854/571/5456 5866/584/5468 5867/585/5469
f 5856/561/5446 5855/572/5457 5867/585/5469 5868/574/5458
f 5857/573/5459 5868/574/5458 5880/587/5470 5869/586/5471
f 5858/575/5460 5857/576/5459 5869/589/5471 5870/588/5472
f 5859/577/5461 5858/575/5460 5870/588/5472 5871/590/5473
f 5860/578/5462 5859/577/5461 5871/590/5473 5872/591/5474
f 5861/579/5463 5860/578/5462 5872/591/5474 5873/592/5475
f 5862/580/5464 5861/579/5463 5873/592/5475 5874/593/5476
f 5863/581/5465 5862/580/5464 5874/593/5476 5875/594/5477
f 5864/582/5466 5863/581/5465 5875/594/5477 5876/595/5478
f 5865/583/5467 5864/582/5466 5876/595/5478 5877/596/5479
f 5866/584/5468 5865/583/5467 5877/596/5479 5878/597/5480
f 5867/585/5469 5866/584/5468 5878/597/5480 5879/598/5481
f 5868/574/5458 5867/585/5469 5879/598/5481 5880/587/5470
f 5869/586/5471 5880/587/5470 5892/600/5482 5881/599/5483
f 5870/588/5472 5869/589/5471 5881/602/5483 5882/601/5484
f 5871/590/5473 5870/588/5472 5882/601/5484 5883/603/5485
f 5872/591/5474 5871/590/5473 5883/603/5485 5884/604/5486
f 5873/592/5475 5872/591/5474 5884/604/5486 5885/605/5487
f 5874/593/5476 5873/592/5475 5885/605/5487 5886/606/5488
f 5875/594/5477 5874/593/5476 5886/606/5488 5887/607/5489
f 5876/595/5478 5875/594/5477 5887/607/5489 5888/608/5490
f 5877/596/5479 5876/595/5478 5888/608/5490 5889/609/5491
f 5878/597/5480 5877/596/5479 5889/609/5491 5890/610/5492
f 5879/598/5481 5878/597/5480 5890/610/5492 5891/611/5493
f 5880/587/5470 5879/598/5481 5891/611/5493 5892/600/5482
f 5881/599/5483 5892/600/5482 5904/613/5494 5893/612/5495
f 5882/601/5484 5881/602/5483 5893/615/5495 5894/614/5496
f 5883/603/5485 5882/601/5484 5894/614/5496 5895/616/5497
f 5884/604/5486 5883/603/5485 5895/616/5497 5896/617/5498
f 5885/605/5487 5884/604/5486 5896/617/5498 5897/618/5499
f 5886/606/5488 5885/605/5487 5897/618/5499 5898/619/5500
f 5887/607/5489 5886/606/5488 5898/619/5500 5899/620/5501
f 5888/608/5490 5887/607/5489 5899/620/5501 5900/621/5502
f 5889/609/5491 5888/608/5490 5900/621/5502 5901/622/5503
f 5890/610/5492 5889/609/5491 5901/622/5503 5902/623/5504
f 5891/611/5493 5890/610/5492 5902/623/5504 5903/624/5505
f 5892/600/5482 5891/611/5493 5903/624/5505 5904/613/5494
f 5893/612/5495 5904/613/5494 5916/626/5506 5905/625/5507
f 5894/614/5496 5893/615/5495 5905/628/5507 5906/627/5508
f 5895/616/5497 5894/614/5496 5906/627/5508 5907/629/5509
f 5896/617/5498 5895/616/5497 5907/629/5509 5908/630/5510
f 5897/618/5499 5896/617/5498 5908/630/5510 5909/631/5511
f 5898/619/5500 5897/618/5499 5909/631/5511 5910/632/5512
f 5899/620/5501 5898/619/5500 5910/632/5512 5911/633/5513
f 5900/621/5502 5899/620/5501 5911/633/5513 5912/634/5514
f 5901/622/5503 5900/621/5502 5912/634/5514 5913/635/5515
f 5902/623/5504 5901/622/5503 5913/635/5515 5914/636/5516
f 5903/624/5505 5902/623/5504 5914/636/5516 5915/637/5517
f 5904/613/5494 5903/624/5505 5915/637/5517 5916/626/5506
f 5905/625/5507 5916/626/5506 5928/639/5518 5917/638/5519
f 5906/627/5508 5905/628/5507 5917/641/5519 5918/640/5520
f 5907/629/5509 5906/627/5508 5918/640/5520 5919/642/5521
f 5908/630/5510 5907/629/5509 5919/642/5521 5920/643/5522
f 5909/631/5511 5908/630/5510 5920/643/5522 5921/644/5523
f 5910/632/5512 5909/631/5511 5921/644/5523 5922/645/5524
f 5911/633/5513 5910/632/5512 5922/645/5524 5923/646/5525
f 5912/634/5514 5911/633/5513 5923/646/5525 5924/647/5526
f 5913/635/5515 5912/634/5514 5924/647/5526 5925/648/5527
f 5914/636/5516 5913/635/5515 5925/648/5527 5926/649/5528
f 5915/637/5517 5914/636/5516 5926/649/5528 5927/650/5529
f 5916/626/5506 5915/637/5517 5927/650/5529 5928/639/5518
f 5917/638/5519 5928/639/5518 5940/652/5530 5929/651/5531
f 5918/640/5520 5917/641/5519 5929/654/5531 5930/653/5532
f 5919/642/5521 5918/640/5520 5930/653/5532 5931/655/5533
f 5920/643/5522 5919/642/5521 5931/655/5533 5932/656/5534
f 5921/644/5523 5920/643/5522 5932/656/5534 5933/657/5535
f 5922/645/5524 5921/644/5523 5933/657/5535 5934/658/5536
f 5923/646/5525 5922/645/5524 5934/658/5536 5935/659/5537
f 5924/647/5526 5923/646/5525 5935/659/5537 5936/660/5538
f 5925/648/5527 5924/647/5526 5936/660/5538 5937/661/5539
f 5926/649/5528 5925/648/5527 5937/661/5539 5938/662/5540
f 5927/650/5529 5926/649/5528 5938/662/5540 5939/663/5541
f 5928/639/5518 5927/650/5529 5939/663/5541 5940/652/5530
f 5929/651/5531 5940/652/5530 5952/665/5542 5941/664/5543
f 5930/653/5532 5929/654/5531 5941/667/5543 5942/666/5544
f 5931/655/5533 5930/653/5532 5942/666/5544 5943/668/5545
f 5932/656/5534 5931/655/5533 5943/668/5545 5944/669/5546
f 5933/657/5535 5932/656/5534 5944/669/5546 5945/670/5547
f 5934/658/5536 5933/657/5535 5945/670/5547 5946/671/5548
f 5935/659/5537 5934/658/5536 5946/671/5548 5947/672/5549
f 5936/660/5538 5935/659/5537 5947/672/5549 5948/673/5550
f 5937/661/5539 5936/660/5538 5948/673/5550 5949/674/5551
f 5938/662/5540 5937/661/5539 5949/674/5551 5950/675/5552
f 5939/663/5541 5938/662/5540 5950/675/5552 5951/676/5553
f 5940/652/5530 5939/663/5541 5951/676/5553 5952/665/5542
f 5941/664/5543 5952/665/5542 5964/678/5554 5953/677/5555
f 5942/666/5544 5941/667/5543 5953/680/5555 5954/679/5556
f 5943/668/5545 5942/666/5544 5954/679/5556 5955/681/5557
f 5944/669/5546 5943/668/5545 5955/681/5557 5956/682/5558
f 5945/670/5547 5944/669/5546 5956/682/5558 5957/683/5559
f 5946/671/5548 5945/670/5547 5957/683/5559 5958/684/5560
f 5947/672/5549 5946/671/5548 5958/684/5560 5959/685/5561
f 5948/673/5550 5947/672/5549 5959/685/5561 5960/686/5562
f 5949/674/5551 5948/673/5550 5960/686/5562 5961/687/5563
f 5950/675/5552 5949/674/5551 5961/687/5563 5962/688/5564
f 5951/676/5553 5950/675/5552 5962/688/5564 5963/689/5565
f 5952/665/5542 5951/676/5553 5963/689/5565 5964/678/5554
f 5953/677/5555 5964/678/5554 5976/691/5566 5965/690/5567
f 5954/679/5556 5953/680/5555 5965/693/5567 5966/692/5568
f 5955/681/5557 5954/679/5556 5966/692/5568 5967/694/5569
f 5956/682/5558 5955/681/5557 5967/694/5569 5968/695/5570
f 5957/683/5559 5956/682/5558 5968/695/5570 5969/696/5571
f 5958/684/5560 5957/683/5559 5969/696/5571 5970/697/5572
f 5959/685/5561 5958/684/5560 5970/697/5572 5971/698/5573
f 5960/686/5562 5959/685/5561 5971/698/5573 5972/699/5574
f 5961/687/5563 5960/686/5562 5972/699/5574 5973/700/5575
f 5962/688/5564 5961/687/5563 5973/700/5575 5974/701/5576
f 5963/689/5565 5962/688/5564 5974/701/5576 5975/702/5577
f 5964/678/5554 5963/689/5565 5975/702/5577 5976/691/5566
f 5965/690/5567 5976/691/5566 5988/704/5578 5977/703/5579
f 5966/692/5568 5965/693/5567 5977/706/5579 5978/705/5580
f 5967/694/5569 5966/692/5568 5978/705/5580 5979/707/5581
f 5968/695/5570 5967/694/5569 5979/707/5581 5980/708/5582
f 5969/696/5571 5968/695/5570 5980/708/5582 5981/709/5583
f 5970/697/5572 5969/696/5571 5981/709/5583 5982/710/5584
f 5971/698/5573 5970/697/5572 5982/710/5584 5983/711/5585
f 5972/699/5574 5971/698/5573 5983/711/5585 5984/712/5586
f 5973/700/5575 5972/699/5574 5984/712/5586 5985/713/5587
f 5974/701/5576 5973/700/5575 5985/713/5587 5986/714/5588
f 5975/702/5577 5974/701/5576 5986/714/5588 5987/715/5589
f 5976/691/5566 5975/702/5577 5987/715/5589 5988/704/5578
f 5977/703/5579 5988/704/5578 6000/717/5590 5989/716/5591
f 5978/705/5580 5977/706/5579 5989/719/5591 5990/718/5592
f 5979/707/5581 5978/705/5580 5990/718/5592 5991/720/5593
f 5980/708/5582 5979/707/5581 5991/720/5593 5992/721/5594
f 5981/709/5583 5980/708/5582 5992/721/5594 5993/722/5595
f 5982/710/5584 5981/709/5583 5993/722/5595 5994/723/5596
f 5983/711/5585 5982/710/5584 5994/723/5596 5995/724/5597
f 5984/712/5586 5983/711/5585 5995/724/5597 5996/725/5598
f 5985/713/5587 5984/712/5586 5996/725/5598 5997/726/5599
f 5986/714/5588 5985/713/5587 5997/726/5599 5998/727/5600
f 5987/715/5589 5986/714/5588 5998/727/5600 5999/728/5601
f 5988/704/5578 5987/715/5589 5999/728/5601 6000/717/5590
f 5989/716/5591 6000/717/5590 6012/730/5602 6001/729/5603
f 5990/718/5592 5989/719/5591 6001/732/5603 6002/731/5604
f 5991/720/5593 5990/718/5592 6002/731/5604 6003/733/5605
f 5992/721/5594 5991/720/5593 6003/733/5605 6004/734/5606
f 5993/722/5595 5992/721/5594 6004/734/5606 6005/735/5607
f 5994/723/5596 5993/722/5595 6005/735/5607 6006/736/5608
f 5995/724/5597 5994/723/5596 6006/736/5608 6007/737/5609
f 5996/725/5598 5995/724/5597 6007/737/5609 6008/738/5610
f 5997/726/5599 5996/725/5598 6008/738/5610 6009/739/5611
f 5998/727/5600 5997/726/5599 6009/739/5611 6010/740/5612
f 5999/728/5601 5998/727/5600 6010/740/5612 6011/741/5613
f 6000/717/5590 5999/728/5601 6011/741/5613 6012/730/5602
f 6001/729/5603 6012/730/5602 6024/743/5614 6013/742/5615
f 6002/731/5604 6001/732/5603 6013/745/5615 6014/744/5616
f 6003/733/5605 6002/731/5604 6014/744/5616 6015/746/5617
f 6004/734/5606 6003/733/5605 6015/746/5617 6016/747/5618
f 6005/735/5607 6004/734/5606 6016/747/5618 6017/748/5619
f 6006/736/5608 6005/735/5607 6017/748/5619 6018/749/5620
f 6007/737/5609 6006/736/5608 6018/749/5620 6019/750/5621
f 6008/738/5610 6007/737/5609 6019/750/5621 6020/751/5622
f 6009/739/5611 6008/738/5610 6020/751/5622 6021/752/5623
f 6010/740/5612 6009/739/5611 6021/752/5623 6022/753/5624
f 6011/741/5613 6010/740/5612 6022/753/5624 6023/754/5625
f 6012/730/5602 6011/741/5613 6023/754/5625 6024/743/5614
f 6013/742/5615 6024/743/5614 6036/756/5626 6025/755/5627
f 6014/744/5616 6013/745/5615 6025/758/5627 6026/757/5628
f 6015/746/5617 6014/744/5616 6026/757/5628 6027/759/5629
f 6016/747/5618 6015/746/5617 6027/759/5629 6028/760/5630
f 6017/748/5619 6016/747/5618 6028/760/5630 6029/761/5631
f 6018/749/5620 6017/748/5619 6029/761/5631 6030/762/5632
f 6019/750/5621 6018/749/5620 6030/762/5632 6031/763/5633
f 6020/751/5622 6019/750/5621 6031/763/5633 6032/764/5634
f 6021/752/5623 6020/751/5622 6032/764/5634 6033/765/5635
f 6022/753/5624 6021/752/5623 6033/765/5635 6034/766/5636
f 6023/754/5625 6022/753/5624 6034/766/5636 6035/767/5637
f 6024/743/5614 6023/754/5625 6035/767/5637 6036/756/5626
f 6025/755/5627 6036/756/5626 6048/769/5638 6037/768/5639
f 6026/757/5628 6025/758/5627 6037/771/5639 6038/770/5640
f 6027/759/5629 6026/757/5628 6038/770/5640 6039/772/5641
f 6028/760/5630 6027/759/5629 6039/772/5641 6040/773/5642
f 6029/761/5631 6028/760/5630 6040/773/5642 6041/774/5643
f 6030/762/5632 6029/761/5631 6041/774/5643 6042/775/5644
f 6031/763/5633 6030/762/5632 6042/775/5644 6043/776/5645
f 6032/764/5634 6031/763/5633 6043/776/5645 6044/777/5646
f 6033/765/5635 6032/764/5634 6044/777/5646 6045/778/5647
f 6034/766/5636 6033/765/5635 6045/778/5647 6046/779/5648
f 6035/767/5637 6034/766/5636 6046/779/5648 6047/780/5649
f 6036/756/5626 6035/767/5637 6047/780/5649 6048/769/5638
f 6037/768/5639 6048/769/5638 6060/782/5650 6049/781/5651
f 6038/770/5640 6037/771/5639 6049/784/5651 6050/783/5652
f 6039/772/5641 6038/770/5640 6050/783/5652 6051/785/5653
f 6040/773/5642 6039/772/5641 6051/785/5653 6052/786/5654
f 6041/774/5643 6040/773/5642 6052/786/5654 6053/787/5655
f 6042/775/5644 6041/774/5643 6053/787/5655 6054/788/5656
f 6043/776/5645 6042/775/5644 6054/788/5656 6055/789/5657
f 6044/777/5646 6043/776/5645 6055/789/5657 6056/790/5658
f 6045/778/5647 6044/777/5646 6056/790/5658 6057/791/5659
f 6046/779/5648 6045/778/5647 6057/791/5659 6058/792/5660
f 6047/780/5649 6046/779/5648 6058/792/5660 6059/793/5661
f 6048/769/5638 6047/780/5649 6059/793/5661 6060/782/5650
f 6049/781/5651 6060/782/5650 6072/795/5662 6061/794/5663
f 6050/783/5652 6049/784/5651 6061/797/5663 6062/796/5664
f 6051/785/5653 6050/783/5652 6062/796/5664 6063/798/5665
f 6052/786/5654 6051/785/5653 6063/798/5665 6064/799/5666
f 6053/787/5655 6052/786/5654 6064/799/5666 6065/800/5667
f 6054/788/5656 6053/787/5655 6065/800/5667 6066/801/5668
f 6055/789/5657 6054/788/5656 6066/801/5668 6067/802/5669
f 6056/790/5658 6055/789/5657 6067/802/5669 6068/803/5670
f 6057/791/5659 6056/790/5658 6068/803/5670 6069/804/5671
f 6058/792/5660 6057/791/5659 6069/804/5671 6070/805/5672
f 6059/793/5661 6058/792/5660 6070/805/5672 6071/806/5673
f 6060/782/5650 6059/793/5661 6071/806/5673 6072/795/5662
f 6061/794/5663 6072/795/5662 6084/808/5674 6073/807/4022
f 6062/796/5664 6061/797/5663 6073/810/4022 6074/809/5675
f 6063/798/5665 6062/796/5664 6074/809/5675 6075/811/5676
f 6064/799/5666 6063/798/5665 6075/811/5676 6076/812/5677
f 6065/800/5667 6064/799/5666 6076/812/5677 6077/813/5678
f 6066/801/5668 6065/800/5667 6077/813/5678 6078/814/5679
f 6067/802/5669 6066/801/5668 6078/814/5679 6079/815/4015
f 6068/803/5670 6067/802/5669 6079/815/4015 6080/816/5680
f 6069/804/5671 6068/803/5670 6080/816/5680 6081/817/5681
f 6070/805/5672 6069/804/5671 6081/817/5681 6082/818/5682
f 6071/806/5673 6070/805/5672 6082/818/5682 6083/819/5683
f 6072/795/5662 6071/806/5673 6083/819/5683 6084/808/5674
f 6073/807/4022 6084/808/5674 6096/821/5684 6085/820/4033
f 6074/809/5675 6073/810/4022 6085/823/4033 6086/822/5685
f 6075/811/5676 6074/809/5675 6086/822/5685 6087/824/5686
f 6076/812/5677 6075/811/5676 6087/824/5686 6088/825/5687
f 6077/813/5678 6076/812/5677 6088/825/5687 6089/826/5688
f 6078/814/5679 6077/813/5678 6089/826/5688 6090/827/5689
f 6079/815/4015 6078/814/5679 6090/827/5689 6091/828/4027
f 6080/816/5680 6079/815/4015 6091/828/4027 6092/829/5690
f 6081/817/5681 6080/816/5680 6092/829/5690 6093/830/5691
f 6082/818/5682 6081/817/5681 6093/830/5691 6094/831/5692
f 6083/819/5683 6082/818/5682 6094/831/5692 6095/832/5693
f 6084/808/5674 6083/819/5683 6095/832/5693 6096/821/5684
f 6085/820/4033 6096/821/5684 6108/834/5694 6097/833/4043
f 6086/822/5685 6085/823/4033 6097/836/4043 6098/835/5695
f 6087/824/5686 6086/822/5685 6098/835/5695 6099/837/5696
f 6088/825/5687 6087/824/5686 6099/837/5696 6100/838/5687
f 6089/826/5688 6088/825/5687 6100/838/5687 6101/839/5697
f 6090/827/5689 6089/826/5688 6101/839/5697 6102/840/5698
f 6091/828/4027 6090/827/5689 6102/840/5698 6103/841/4037
f 6092/829/5690 6091/828/4027 6103/841/4037 6104/842/5699
f 6093/830/5691 6092/829/5690 6104/842/5699 6105/843/5700
f 6094/831/5692 6093/830/5691 6105/843/5700 6106/844/5692
f 6095/832/5693 6094/831/5692 6106/844/5692 6107/845/5701
f 6096/821/5684 6095/832/5693 6107/845/5701 6108/834/5694
f 6097/833/4043 6108/834/5694 6120/847/5702 6109/846/4053
f 6098/835/5695 6097/836/4043 6109/849/4053 6110/848/5703
f 6099/837/5696 6098/835/5695 6110/848/5703 6111/850/5704
f 6100/838/5687 6099/837/5696 6111/850/5704 6112/851/5705
f 6101/839/5697 6100/838/5687 6112/851/5705 6113/852/5706
f 6102/840/5698 6101/839/5697 6113/852/5706 6114/853/5707
f 6103/841/4037 6102/840/5698 6114/853/5707 6115/854/4047
f 6104/842/5699 6103/841/4037 6115/854/4047 6116/855/5708
f 6105/843/5700 6104/842/5699 6116/855/5708 6117/856/5709
f 6106/844/5692 6105/843/5700 6117/856/5709 6118/857/5692
f 6107/845/5701 6106/844/5692 6118/857/5692 6119/858/5710
f 6108/834/5694 6107/845/5701 6119/858/5710 6120/847/5702
f 6109/846/4053 6120/847/5702 6132/860/5711 6121/859/4063
f 6110/848/5703 6109/849/4053 6121/862/4063 6122/861/4064
f 6111/850/5704 6110/848/5703 6122/861/4064 6123/863/5712
f 6112/851/5705 6111/850/5704 6123/863/5712 6124/864/5705
f 6113/852/5706 6112/851/5705 6124/864/5705 6125/865/4066
f 6114/853/5707 6113/852/5706 6125/865/4066 6126/866/5713
f 6115/854/4047 6114/853/5707 6126/866/5713 6127/867/4057
f 6116/855/5708 6115/854/4047 6127/867/4057 6128/868/4059
f 6117/856/5709 6116/855/5708 6128/868/4059 6129/869/5714
f 6118/857/5692 6117/856/5709 6129/869/5714 6130/870/4019
f 6119/858/5710 6118/857/5692 6130/870/4019 6131/871/5715
f 6120/847/5702 6119/858/5710 6131/871/5715 6132/860/5711
f 6121/859/4063 6132/860/5711 6144/873/4073 6133/872/4074
f 6122/861/4064 6121/862/4063 6133/875/4074 6134/874/4075
f 6123/863/5712 6122/861/4064 6134/874/4075 6135/876/5716
f 6124/864/5705 6123/863/5712 6135/876/5716 6136/877/5705
f 6125/865/4066 6124/864/5705 6136/877/5705 6137/878/4077
f 6126/866/5713 6125/865/4066 6137/878/4077 6138/879/5717
f 6127/867/4057 6126/866/5713 6138/879/5717 6139/880/4067
f 6128/868/4059 6127/867/4057 6139/880/4067 6140/881/4069
f 6129/869/5714 6128/868/4059 6140/881/4069 6141/882/4070
f 6130/870/4019 6129/869/5714 6141/882/4070 6142/883/4019
f 6131/871/5715 6130/870/4019 6142/883/4019 6143/884/5718
f 6132/860/5711 6131/871/5715 6143/884/5718 6144/873/4073
f 6133/872/4074 6144/873/4073 6156/886/4083 6145/885/4084
f 6134/874/4075 6133/875/4074 6145/888/4084 6146/887/4085
f 6135/876/5716 6134/874/4075 6146/887/4085 6147/889/4086
f 6136/877/5705 6135/876/5716 6147/889/4086 6148/890/4087
f 6137/878/4077 6136/877/5705 6148/890/4087 6149/891/4077
f 6138/879/5717 6137/878/4077 6149/891/4077 6150/892/5719
f 6139/880/4067 6138/879/5717 6150/892/5719 6151/893/4078
f 6140/881/4069 6139/880/4067 6151/893/4078 6152/894/4080
f 6141/882/4070 6140/881/4069 6152/894/4080 6153/895/4081
f 6142/883/4019 6141/882/4070 6153/895/4081 6154/896/5720
f 6143/884/5718 6142/883/4019 6154/896/5720 6155/897/4072
f 6144/873/4073 6143/884/5718 6155/897/4072 6156/886/4083
f 6145/885/4084 6156/886/4083 6168/899/4083 6157/898/4084
f 6146/887/4085 6145/888/4084 6157/901/4084 6158/900/4091
f 6147/889/4086 6146/887/4085 6158/900/4091 6159/902/4092
f 6148/890/4087 6147/889/4086 6159/902/4092 6160/903/4093
f 6149/891/4077 6148/890/4087 6160/903/4093 6161/904/4077
f 6150/892/5719 6149/891/4077 6161/904/4077 6162/905/4079
f 6151/893/4078 6150/892/5719 6162/905/4079 6163/906/5721
f 6152/894/4080 6151/893/4078 6163/906/5721 6164/907/4088
f 6153/895/4081 6152/894/4080 6164/907/4088 6165/908/4089
f 6154/896/5720 6153/895/4081 6165/908/4089 6166/909/4090
f 6155/897/4072 6154/896/5720 6166/909/4090 6167/910/4072
f 6156/886/4083 6155/897/4072 6167/910/4072 6168/899/4083
f 6157/898/4084 6168/899/4083 6180/912/4098 6169/911/5722
f 6158/900/4091 6157/901/4084 6169/914/5722 6170/913/5723
f 6159/902/4092 6158/900/4091 6170/913/5723 6171/915/4111
f 6160/903/4093 6159/902/4092 6171/915/4111 6172/916/5724
f 6161/904/4077 6160/903/4093 6172/916/5724 6173/917/4101
f 6162/905/4079 6161/904/4077 6173/917/4101 6174/918/4095
f 6163/906/5721 6162/905/4079 6174/918/4095 6175/919/5725
f 6164/907/4088 6163/906/5721 6175/919/5725 6176/920/5726
f 6165/908/4089 6164/907/4088 6176/920/5726 6177/921/4105
f 6166/909/4090 6165/908/4089 6177/921/4105 6178/922/5727
f 6167/910/4072 6166/909/4090 6178/922/5727 6179/923/4097
f 6168/899/4083 6167/910/4072 6179/923/4097 6180/912/4098
f 6169/911/5722 6180/912/4098 6192/925/5728 6181/924/5729
f 6170/913/5723 6169/914/5722 6181/927/5729 6182/926/5730
f 6171/915/4111 6170/913/5723 6182/926/5730 6183/928/5731
f 6172/916/5724 6171/915/4111 6183/928/5731 6184/929/5732
f 6173/917/4101 6172/916/5724 6184/929/5732 6185/930/5733
f 6174/918/4095 6173/917/4101 6185/930/5733 6186/931/4103
f 6175/919/5725 6174/918/4095 6186/931/4103 6187/932/5734
f 6176/920/5726 6175/919/5725 6187/932/5734 6188/933/5735
f 6177/921/4105 6176/920/5726 6188/933/5735 6189/934/5736
f 6178/922/5727 6177/921/4105 6189/934/5736 6190/935/5737
f 6179/923/4097 6178/922/5727 6190/935/5737 6191/936/5738
f 6180/912/4098 6179/923/4097 6191/936/5738 6192/925/5728
f 6181/924/5729 6192/925/5728 6204/938/5739 6193/937/5740
f 6182/926/5730 6181/927/5729 6193/940/5740 6194/939/5741
f 6183/928/5731 6182/926/5730 6194/939/5741 6195/941/5742
f 6184/929/5732 6183/928/5731 6195/941/5742 6196/942/5743
f 6185/930/5733 6184/929/5732 6196/942/5743 6197/943/5744
f 6186/931/4103 6185/930/5733 6197/943/5744 6198/944/5745
f 6187/932/5734 6186/931/4103 6198/944/5745 6199/945/5746
f 6188/933/5735 6187/932/5734 6199/945/5746 6200/946/5747
f 6189/934/5736 6188/933/5735 6200/946/5747 6201/947/5748
f 6190/935/5737 6189/934/5736 6201/947/5748 6202/948/5749
f 6191/936/5738 6190/935/5737 6202/948/5749 6203/949/5750
f 6192/925/5728 6191/936/5738 6203/949/5750 6204/938/5739
f 6193/937/5740 6204/938/5739 6216/951/5751 6205/950/5752
f 6194/939/5741 6193/940/5740 6205/953/5752 6206/952/5753
f 6195/941/5742 6194/939/5741 6206/952/5753 6207/954/5754
f 6196/942/5743 6195/941/5742 6207/954/5754 6208/955/5755
f 6197/943/5744 6196/942/5743 6208/955/5755 6209/956/5756
f 6198/944/5745 6197/943/5744 6209/956/5756 6210/957/5757
f 6199/945/5746 6198/944/5745 6210/957/5757 6211/958/5758
f 6200/946/5747 6199/945/5746 6211/958/5758 6212/959/5759
f 6201/947/5748 6200/946/5747 6212/959/5759 6213/960/5760
f 6202/948/5749 6201/947/5748 6213/960/5760 6214/961/5761
f 6203/949/5750 6202/948/5749 6214/961/5761 6215/962/5762
f 6204/938/5739 6203/949/5750 6215/962/5762 6216/951/5751
f 6217/482/5763 6228/485/5764 6240/484/5765 6229/483/5766
f 6218/486/5767 6217/489/5763 6229/488/5766 6230/487/5768
f 6219/490/5769 6218/486/5767 6230/487/5768 6231/491/5770
f 6220/492/5771 6219/490/5769 6231/491/5770 6232/493/5772
f 6221/494/5773 6220/492/5771 6232/493/5772 6233/495/5774
f 6222/496/5775 6221/494/5773 6233/495/5774 6234/497/5776
f 6223/498/5777 6222/496/5775 6234/497/5776 6235/499/5778
f 6224/500/5779 6223/498/5777 6235/499/5778 6236/501/5780
f 6225/502/5781 6224/500/5779 6236/501/5780 6237/503/5782
f 6226/504/5783 6225/502/5781 6237/503/5782 6238/505/5784
f 6227/506/5785 6226/504/5783 6238/505/5784 6239/507/5786
f 6228/485/5764 6227/506/5785 6239/507/5786 6240/484/5765
f 6229/483/5766 6240/484/5765 6252/509/5787 6241/508/5788
f 6230/487/5768 6229/488/5766 6241/511/5788 6242/510/5789
f 6231/491/5770 6230/487/5768 6242/510/5789 6243/512/5790
f 6232/493/5772 6231/491/5770 6243/512/5790 6244/513/5791
f 6233/495/5774 6232/493/5772 6244/513/5791 6245/514/5792
f 6234/497/5776 6233/495/5774 6245/514/5792 6246/515/5793
f 6235/499/5778 6234/497/5776 6246/515/5793 6247/516/5794
f 6236/501/5780 6235/499/5778 6247/516/5794 6248/517/5795
f 6237/503/5782 6236/501/5780 6248/517/5795 6249/518/5796
f 6238/505/5784 6237/503/5782 6249/518/5796 6250/519/5797
f 6239/507/5786 6238/505/5784 6250/519/5797 6251/520/5798
f 6240/484/5765 6239/507/5786 6251/520/5798 6252/509/5787
f 6241/508/5788 6252/509/5787 6264/522/5799 6253/521/5800
f 6242/510/5789 6241/511/5788 6253/524/5800 6254/523/5801
f 6243/512/5790 6242/510/5789 6254/523/5801 6255/525/5802
f 6244/513/5791 6243/512/5790 6255/525/5802 6256/526/5803
f 6245/514/5792 6244/513/5791 6256/526/5803 6257/527/5804
f 6246/515/5793 6245/514/5792 6257/527/5804 6258/528/5805
f 6247/516/5794 6246/515/5793 6258/528/5805 6259/529/5806
f 6248/517/5795 6247/516/5794 6259/529/5806 6260/530/5807
f 6249/518/5796 6248/517/5795 6260/530/5807 6261/531/5808
f 6250/519/5797 6249/518/5796 6261/531/5808 6262/532/5809
f 6251/520/5798 6250/519/5797 6262/532/5809 6263/533/5810
f 6252/509/5787 6251/520/5798 6263/533/5810 6264/522/5799
f 6253/521/5800 6264/522/5799 6276/535/5811 6265/534/5812
f 6254/523/5801 6253/524/5800 6265/537/5812 6266/536/5813
f 6255/525/5802 6254/523/5801 6266/536/5813 6267/538/5814
f 6256/526/5803 6255/525/5802 6267/538/5814 6268/539/5815
f 6257/527/5804 6256/526/5803 6268/539/5815 6269/540/5816
f 6258/528/5805 6257/527/5804 6269/540/5816 6270/541/5817
f 6259/529/5806 6258/528/5805 6270/541/5817 6271/542/5818
f 6260/530/5807 6259/529/5806 6271/542/5818 6272/543/5819
f 6261/531/5808 6260/530/5807 6272/543/5819 6273/544/5820
f 6262/532/5809 6261/531/5808 6273/544/5820 6274/545/5821
f 6263/533/5810 6262/532/5809 6274/545/5821 6275/546/5822
f 6264/522/5799 6263/533/5810 6275/546/5822 6276/535/5811
f 6265/534/5812 6276/535/5811 6288/548/5823 6277/547/5824
f 6266/536/5813 6265/537/5812 6277/550/5824 6278/549/5825
f 6267/538/5814 6266/536/5813 6278/549/5825 6279/551/5826
f 6268/539/5815 6267/538/5814 6279/551/5826 6280/552/5827
f 6269/540/5816 6268/539/5815 6280/552/5827 6281/553/5828
f 6270/541/5817 6269/540/5816 6281/553/5828 6282/554/5829
f 6271/542/5818 6270/541/5817 6282/554/5829 6283/555/5830
f 6272/543/5819 6271/542/5818 6283/555/5830 6284/556/5831
f 6273/544/5820 6272/543/5819 6284/556/5831 6285/557/5832
f 6274/545/5821 6273/544/5820 6285/557/5832 6286/558/5833
f 6275/546/5822 6274/545/5821 6286/558/5833 6287/559/5834
f 6276/535/5811 6275/546/5822 6287/559/5834 6288/548/5823
f 6277/547/5824 6288/548/5823 6300/561/5835 6289/560/5836
f 6278/549/5825 6277/550/5824 6289/563/5836 6290/562/5837
f 6279/551/5826 6278/549/5825 6290/562/5837 6291/564/5838
f 6280/552/5827 6279/551/5826 6291/564/5838 6292/565/5839
f 6281/553/5828 6280/552/5827 6292/565/5839 6293/566/5840
f 6282/554/5829 6281/553/5828 6293/566/5840 6294/567/5841
f 6283/555/5830 6282/554/5829 6294/567/5841 6295/568/5842
f 6284/556/5831 6283/555/5830 6295/568/5842 6296/569/5843
f 6285/557/5832 6284/556/5831 6296/569/5843 6297/570/5844
f 6286/558/5833 6285/557/5832 6297/570/5844 6298/571/5845
f 6287/559/5834 6286/558/5833 6298/571/5845 6299/572/5846
f 6288/548/5823 6287/559/5834 6299/572/5846 6300/561/5835
f 6289/560/5836 6300/561/5835 6312/574/5847 6301/573/5848
f 6290/562/5837 6289/563/5836 6301/576/5848 6302/575/5849
f 6291/564/5838 6290/562/5837 6302/575/5849 6303/577/5850
f 6292/565/5839 6291/564/5838 6303/577/5850 6304/578/5851
f 6293/566/5840 6292/565/5839 6304/578/5851 6305/579/5852
f 6294/567/5841 6293/566/5840 6305/579/5852 6306/580/5853
f 6295/568/5842 6294/567/5841 6306/580/5853 6307/581/5854
f 6296/569/5843 6295/568/5842 6307/581/5854 6308/582/5855
f 6297/570/5844 6296/569/5843 6308/582/5855 6309/583/5856
f 6298/571/5845 6297/570/5844 6309/583/5856 6310/584/5857
f 6299/572/5846 6298/571/5845 6310/584/5857 6311/585/5858
f 6300/561/5835 6299/572/5846 6311/585/5858 6312/574/5847
f 6301/573/5848 6312/574/5847 6324/587/5859 6313/586/5860
f 6302/575/5849 6301/576/5848 6313/589/5860 6314/588/5861
f 6303/577/5850 6302/575/5849 6314/588/5861 6315/590/5862
f 6304/578/5851 6303/577/5850 6315/590/5862 6316/591/5863
f 6305/579/5852 6304/578/5851 6316/591/5863 6317/592/5864
f 6306/580/5853 6305/579/5852 6317/592/5864 6318/593/5865
f 6307/581/5854 6306/580/5853 6318/593/5865 6319/594/5866
f 6308/582/5855 6307/581/5854 6319/594/5866 6320/595/5867
f 6309/583/5856 6308/582/5855 6320/595/5867 6321/596/5868
f 6310/584/5857 6309/583/5856 6321/596/5868 6322/597/5869
f 6311/585/5858 6310/584/5857 6322/597/5869 6323/598/5870
f 6312/574/5847 6311/585/5858 6323/598/5870 6324/587/5859
f 6313/586/5860 6324/587/5859 6336/600/5871 6325/599/5872
f 6314/588/5861 6313/589/5860 6325/602/5872 6326/601/5873
f 6315/590/5862 6314/588/5861 6326/601/5873 6327/603/5874
f 6316/591/5863 6315/590/5862 6327/603/5874 6328/604/5875
f 6317/592/5864 6316/591/5863 6328/604/5875 6329/605/5876
f 6318/593/5865 6317/592/5864 6329/605/5876 6330/606/5877
f 6319/594/5866 6318/593/5865 6330/606/5877 6331/607/5878
f 6320/595/5867 6319/594/5866 6331/607/5878 6332/608/5879
f 6321/596/5868 6320/595/5867 6332/608/5879 6333/609/5880
f 6322/597/5869 6321/596/5868 6333/609/5880 6334/610/5881
f 6323/598/5870 6322/597/5869 6334/610/5881 6335/611/5882
f 6324/587/5859 6323/598/5870 6335/611/5882 6336/600/5871
f 6325/599/5872 6336/600/5871 6348/613/5883 6337/612/5884
f 6326/601/5873 6325/602/5872 6337/615/5884 6338/614/5885
f 6327/603/5874 6326/601/5873 6338/614/5885 6339/616/5886
f 6328/604/5875 6327/603/5874 6339/616/5886 6340/617/5887
f 6329/605/5876 6328/604/5875 6340/617/5887 6341/618/5888
f 6330/606/5877 6329/605/5876 6341/618/5888 6342/619/5889
f 6331/607/5878 6330/606/5877 6342/619/5889 6343/620/5890
f 6332/608/5879 6331/607/5878 6343/620/5890 6344/621/5891
f 6333/609/5880 6332/608/5879 6344/621/5891 6345/622/5892
f 6334/610/5881 6333/609/5880 6345/622/5892 6346/623/5893
f 6335/611/5882 6334/610/5881 6346/623/5893 6347/624/5894
f 6336/600/5871 6335/611/5882 6347/624/5894 6348/613/5883
f 6337/612/5884 6348/613/5883 6360/626/5895 6349/625/5896
f 6338/614/5885 6337/615/5884 6349/628/5896 6350/627/5897
f 6339/616/5886 6338/614/5885 6350/627/5897 6351/629/5898
f 6340/617/5887 6339/616/5886 6351/629/5898 6352/630/5899
f 6341/618/5888 6340/617/5887 6352/630/5899 6353/631/5900
f 6342/619/5889 6341/618/5888 6353/631/5900 6354/632/5901
f 6343/620/5890 6342/619/5889 6354/632/5901 6355/633/5902
f 6344/621/5891 6343/620/5890 6355/633/5902 6356/634/5903
f 6345/622/5892 6344/621/5891 6356/634/5903 6357/635/5904
f 6346/623/5893 6345/622/5892 6357/635/5904 6358/636/5905
f 6347/624/5894 6346/623/5893 6358/636/5905 6359/637/5906
f 6348/613/5883 6347/624/5894 6359/637/5906 6360/626/5895
f 6349/625/5896 6360/626/5895 6372/639/5907 6361/638/5908
f 6350/627/5897 6349/628/5896 6361/641/5908 6362/640/5909
f 6351/629/5898 6350/627/5897 6362/640/5909 6363/642/5910
f 6352/630/5899 6351/629/5898 6363/642/5910 6364/643/5911
f 6353/631/5900 6352/630/5899 6364/643/5911 6365/644/5912
f 6354/632/5901 6353/631/5900 6365/644/5912 6366/645/5913
f 6355/633/5902 6354/632/5901 6366/645/5913 6367/646/5914
f 6356/634/5903 6355/633/5902 6367/646/5914 6368/647/5915
f 6357/635/5904 6356/634/5903 6368/647/5915 6369/648/5916
f 6358/636/5905 6357/635/5904 6369/648/5916 6370/649/5917
f 6359/637/5906 6358/636/5905 6370/649/5917 6371/650/5918
f 6360/626/5895 6359/637/5906 6371/650/5918 6372/639/5907
f 6361/638/5908 6372/639/5907 6384/652/5919 6373/651/5920
f 6362/640/5909 6361/641/5908 6373/654/5920 6374/653/5921
f 6363/642/5910 6362/640/5909 6374/653/5921 6375/655/5922
f 6364/643/5911 6363/642/5910 6375/655/5922 6376/656/5923
f 6365/644/5912 6364/643/5911 6376/656/5923 6377/657/5924
f 6366/645/5913 6365/644/5912 6377/657/5924 6378/658/5925
f 6367/646/5914 6366/645/5913 6378/658/5925 6379/659/5926
f 6368/647/5915 6367/646/5914 6379/659/5926 6380/660/5927
f 6369/648/5916 6368/647/5915 6380/660/5927 6381/661/5928
f 6370/649/5917 6369/648/5916 6381/661/5928 6382/662/5929
f 6371/650/5918 6370/649/5917 6382/662/5929 6383/663/5930
f 6372/639/5907 6371/650/5918 6383/663/5930 6384/652/5919
f 6373/651/5920 6384/652/5919 6396/665/5931 6385/664/5932
f 6374/653/5921 6373/654/5920 6385/667/5932 6386/666/5933
f 6375/655/5922 6374/653/5921 6386/666/5933 6387/668/5934
f 6376/656/5923 6375/655/5922 6387/668/5934 6388/669/5935
f 6377/657/5924 6376/656/5923 6388/669/5935 6389/670/5936
f 6378/658/5925 6377/657/5924 6389/670/5936 6390/671/5937
f 6379/659/5926 6378/658/5925 6390/671/5937 6391/672/5938
f 6380/660/5927 6379/659/5926 6391/672/5938 6392/673/5939
f 6381/661/5928 6380/660/5927 6392/673/5939 6393/674/5940
f 6382/662/5929 6381/661/5928 6393/674/5940 6394/675/5941
f 6383/663/5930 6382/662/5929 6394/675/5941 6395/676/5942
f 6384/652/5919 6383/663/5930 6395/676/5942 6396/665/5931
f 6385/664/5932 6396/665/5931 6408/678/5943 6397/677/5944
f 6386/666/5933 6385/667/5932 6397/680/5944 6398/679/5945
f 6387/668/5934 6386/666/5933 6398/679/5945 6399/681/5946
f 6388/669/5935 6387/668/5934 6399/681/5946 6400/682/5947
f 6389/670/5936 6388/669/5935 6400/682/5947 6401/683/5948
f 6390/671/5937 6389/670/5936 6401/683/5948 6402/684/5949
f 6391/672/5938 6390/671/5937 6402/684/5949 6403/685/5950
f 6392/673/5939 6391/672/5938 6403/685/5950 6404/686/5951
f 6393/674/5940 6392/673/5939 6404/686/5951 6405/687/5952
f 6394/675/5941 6393/674/5940 6405/687/5952 6406/688/5953
f 6395/676/5942 6394/675/5941 6406/688/5953 6407/689/5954
f 6396/665/5931 6395/676/5942 6407/689/5954 6408/678/5943
f 6397/677/5944 6408/678/5943 6420/691/5955 6409/690/5956
f 6398/679/5945 6397/680/5944 6409/693/5956 6410/692/5957
f 6399/681/5946 6398/679/5945 6410/692/5957 6411/694/4339
f 6400/682/5947 6399/681/5946 6411/694/4339 6412/695/5958
f 6401/683/5948 6400/682/5947 6412/695/5958 6413/696/5959
f 6402/684/5949 6401/683/5948 6413/696/5959 6414/697/5960
f 6403/685/5950 6402/684/5949 6414/697/5960 6415/698/5961
f 6404/686/5951 6403/685/5950 6415/698/5961 6416/699/5962
f 6405/687/5952 6404/686/5951 6416/699/5962 6417/700/4333
f 6406/688/5953 6405/687/5952 6417/700/4333 6418/701/5963
f 6407/689/5954 6406/688/5953 6418/701/5963 6419/702/5964
f 6408/678/5943 6407/689/5954 6419/702/5964 6420/691/5955
f 6409/690/5956 6420/691/5955 6432/704/5965 6421/703/5966
f 6410/692/5957 6409/693/5956 6421/706/5966 6422/705/5967
f 6411/694/4339 6410/692/5957 6422/705/5967 6423/707/4351
f 6412/695/5958 6411/694/4339 6423/707/4351 6424/708/5968
f 6413/696/5959 6412/695/5958 6424/708/5968 6425/709/5969
f 6414/697/5960 6413/696/5959 6425/709/5969 6426/710/5970
f 6415/698/5961 6414/697/5960 6426/710/5970 6427/711/5971
f 6416/699/5962 6415/698/5961 6427/711/5971 6428/712/5972
f 6417/700/4333 6416/699/5962 6428/712/5972 6429/713/4345
f 6418/701/5963 6417/700/4333 6429/713/4345 6430/714/5973
f 6419/702/5964 6418/701/5963 6430/714/5973 6431/715/5974
f 6420/691/5955 6419/702/5964 6431/715/5974 6432/704/5965
f 6421/703/5966 6432/704/5965 6444/717/5975 6433/716/5976
f 6422/705/5967 6421/706/5966 6433/719/5976 6434/718/5977
f 6423/707/4351 6422/705/5967 6434/718/5977 6435/720/5978
f 6424/708/5968 6423/707/4351 6435/720/5978 6436/721/5979
f 6425/709/5969 6424/708/5968 6436/721/5979 6437/722/5980
f 6426/710/5970 6425/709/5969 6437/722/5980 6438/723/5981
f 6427/711/5971 6426/710/5970 6438/723/5981 6439/724/5982
f 6428/712/5972 6427/711/5971 6439/724/5982 6440/725/5983
f 6429/713/4345 6428/712/5972 6440/725/5983 6441/726/4357
f 6430/714/5973 6429/713/4345 6441/726/4357 6442/727/5984
f 6431/715/5974 6430/714/5973 6442/727/5984 6443/728/5985
f 6432/704/5965 6431/715/5974 6443/728/5985 6444/717/5975
f 6433/716/5976 6444/717/5975 6456/730/5986 6445/729/5987
f 6434/718/5977 6433/719/5976 6445/732/5987 6446/731/5988
f 6435/720/5978 6434/718/5977 6446/731/5988 6447/733/5989
f 6436/721/5979 6435/720/5978 6447/733/5989 6448/734/5990
f 6437/722/5980 6436/721/5979 6448/734/5990 6449/735/5991
f 6438/723/5981 6437/722/5980 6449/735/5991 6450/736/5992
f 6439/724/5982 6438/723/5981 6450/736/5992 6451/737/5993
f 6440/725/5983 6439/724/5982 6451/737/5993 6452/738/5994
f 6441/726/4357 6440/725/5983 6452/738/5994 6453/739/4369
f 6442/727/5984 6441/726/4357 6453/739/4369 6454/740/5995
f 6443/728/5985 6442/727/5984 6454/740/5995 6455/741/5996
f 6444/717/5975 6443/728/5985 6455/741/5996 6456/730/5986
f 6445/729/5987 6456/730/5986 6468/743/5997 6457/742/5998
f 6446/731/5988 6445/732/5987 6457/745/5998 6458/744/5999
f 6447/733/5989 6446/731/5988 6458/744/5999 6459/746/6000
f 6448/734/5990 6447/733/5989 6459/746/6000 6460/747/6001
f 6449/735/5991 6448/734/5990 6460/747/6001 6461/748/6002
f 6450/736/5992 6449/735/5991 6461/748/6002 6462/749/6003
f 6451/737/5993 6450/736/5992 6462/749/6003 6463/750/6004
f 6452/738/5994 6451/737/5993 6463/750/6004 6464/751/6005
f 6453/739/4369 6452/738/5994 6464/751/6005 6465/752/6006
f 6454/740/5995 6453/739/4369 6465/752/6006 6466/753/6007
f 6455/741/5996 6454/740/5995 6466/753/6007 6467/754/6008
f 6456/730/5986 6455/741/5996 6467/754/6008 6468/743/5997
f 6457/742/5998 6468/743/5997 6480/756/6009 6469/755/6010
f 6458/744/5999 6457/745/5998 6469/758/6010 6470/757/6011
f 6459/746/6000 6458/744/5999 6470/757/6011 6471/759/6012
f 6460/747/6001 6459/746/6000 6471/759/6012 6472/760/6013
f 6461/748/6002 6460/747/6001 6472/760/6013 6473/761/6014
f 6462/749/6003 6461/748/6002 6473/761/6014 6474/762/6015
f 6463/750/6004 6462/749/6003 6474/762/6015 6475/763/6016
f 6464/751/6005 6463/750/6004 6475/763/6016 6476/764/6017
f 6465/752/6006 6464/751/6005 6476/764/6017 6477/765/6018
f 6466/753/6007 6465/752/6006 6477/765/6018 6478/766/6019
f 6467/754/6008 6466/753/6007 6478/766/6019 6479/767/6020
f 6468/743/5997 6467/754/6008 6479/767/6020 6480/756/6009
f 6469/755/6010 6480/756/6009 6492/769/6021 6481/768/6022
f 6470/757/6011 6469/758/6010 6481/771/6022 6482/770/6023
f 6471/759/6012 6470/757/6011 6482/770/6023 6483/772/6024
f 6472/760/6013 6471/759/6012 6483/772/6024 6484/773/6025
f 6473/761/6014 6472/760/6013 6484/773/6025 6485/774/6026
f 6474/762/6015 6473/761/6014 6485/774/6026 6486/775/6027
f 6475/763/6016 6474/762/6015 6486/775/6027 6487/776/6028
f 6476/764/6017 6475/763/6016 6487/776/6028 6488/777/6029
f 6477/765/6018 6476/764/6017 6488/777/6029 6489/778/6030
f 6478/766/6019 6477/765/6018 6489/778/6030 6490/779/6031
f 6479/767/6020 6478/766/6019 6490/779/6031 6491/780/6032
f 6480/756/6009 6479/767/6020 6491/780/6032 6492/769/6021
f 6481/768/6022 6492/769/6021 6504/782/6033 6493/781/6034
f 6482/770/6023 6481/771/6022 6493/784/6034 6494/783/6035
f 6483/772/6024 6482/770/6023 6494/783/6035 6495/785/6036
f 6484/773/6025 6483/772/6024 6495/785/6036 6496/786/6037
f 6485/774/6026 6484/773/6025 6496/786/6037 6497/787/6038
f 6486/775/6027 6485/774/6026 6497/787/6038 6498/788/6039
f 6487/776/6028 6486/775/6027 6498/788/6039 6499/789/6040
f 6488/777/6029 6487/776/6028 6499/789/6040 6500/790/6041
f 6489/778/6030 6488/777/6029 6500/790/6041 6501/791/6042
f 6490/779/6031 6489/778/6030 6501/791/6042 6502/792/6043
f 6491/780/6032 6490/779/6031 6502/792/6043 6503/793/6044
f 6492/769/6021 6491/780/6032 6503/793/6044 6504/782/6033
f 6493/781/6034 6504/782/6033 6516/795/6045 6505/794/6046
f 6494/783/6035 6493/784/6034 6505/797/6046 6506/796/6047
f 6495/785/6036 6494/783/6035 6506/796/6047 6507/798/6048
f 6496/786/6037 6495/785/6036 6507/798/6048 6508/799/6049
f 6497/787/6038 6496/786/6037 6508/799/6049 6509/800/6050
f 6498/788/6039 6497/787/6038 6509/800/6050 6510/801/6051
f 6499/789/6040 6498/788/6039 6510/801/6051 6511/802/6052
f 6500/790/6041 6499/789/6040 6511/802/6052 6512/803/6053
f 6501/791/6042 6500/790/6041 6512/803/6053 6513/804/6054
f 6502/792/6043 6501/791/6042 6513/804/6054 6514/805/6055
f 6503/793/6044 6502/792/6043 6514/805/6055 6515/806/6056
f 6504/782/6033 6503/793/6044 6515/806/6056 6516/795/6045
f 6505/794/6046 6516/795/6045 6528/808/6057 6517/807/6058
f 6506/796/6047 6505/797/6046 6517/810/6058 6518/809/6059
f 6507/798/6048 6506/796/6047 6518/809/6059 6519/811/6060
f 6508/799/6049 6507/798/6048 6519/811/6060 6520/812/6061
f 6509/800/6050 6508/799/6049 6520/812/6061 6521/813/6062
f 6510/801/6051 6509/800/6050 6521/813/6062 6522/814/6063
f 6511/802/6052 6510/801/6051 6522/814/6063 6523/815/6064
f 6512/803/6053 6511/802/6052 6523/815/6064 6524/816/6065
f 6513/804/6054 6512/803/6053 6524/816/6065 6525/817/6066
f 6514/805/6055 6513/804/6054 6525/817/6066 6526/818/6067
f 6515/806/6056 6514/805/6055 6526/818/6067 6527/819/6068
f 6516/795/6045 6515/806/6056 6527/819/6068 6528/808/6057
f 6517/807/6058 6528/808/6057 6540/821/6069 6529/820/6070
f 6518/809/6059 6517/810/6058 6529/823/6070 6530/822/6071
f 6519/811/6060 6518/809/6059 6530/822/6071 6531/824/6072
f 6520/812/6061 6519/811/6060 6531/824/6072 6532/825/6073
f 6521/813/6062 6520/812/6061 6532/825/6073 6533/826/6074
f 6522/814/6063 6521/813/6062 6533/826/6074 6534/827/6075
f 6523/815/6064 6522/814/6063 6534/827/6075 6535/828/6076
f 6524/816/6065 6523/815/6064 6535/828/6076 6536/829/6077
f 6525/817/6066 6524/816/6065 6536/829/6077 6537/830/6078
f 6526/818/6067 6525/817/6066 6537/830/6078 6538/831/6079
f 6527/819/6068 6526/818/6067 6538/831/6079 6539/832/6080
f 6528/808/6057 6527/819/6068 6539/832/6080 6540/821/6069
f 6529/820/6070 6540/821/6069 6552/834/6081 6541/833/6082
f 6530/822/6071 6529/823/6070 6541/836/6082 6542/835/6083
f 6531/824/6072 6530/822/6071 6542/835/6083 6543/837/6084
f 6532/825/6073 6531/824/6072 6543/837/6084 6544/838/6085
f 6533/826/6074 6532/825/6073 6544/838/6085 6545/839/6086
f 6534/827/6075 6533/826/6074 6545/839/6086 6546/840/6087
f 6535/828/6076 6534/827/6075 6546/840/6087 6547/841/6088
f 6536/829/6077 6535/828/6076 6547/841/6088 6548/842/6089
f 6537/830/6078 6536/829/6077 6548/842/6089 6549/843/6090
f 6538/831/6079 6537/830/6078 6549/843/6090 6550/844/6091
f 6539/832/6080 6538/831/6079 6550/844/6091 6551/845/6092
f 6540/821/6069 6539/832/6080 6551/845/6092 6552/834/6081
f 6541/833/6082 6552/834/6081 6564/847/6093 6553/846/6094
f 6542/835/6083 6541/836/6082 6553/849/6094 6554/848/6095
f 6543/837/6084 6542/835/6083 6554/848/6095 6555/850/6096
f 6544/838/6085 6543/837/6084 6555/850/6096 6556/851/6097
f 6545/839/6086 6544/838/6085 6556/851/6097 6557/852/6098
f 6546/840/6087 6545/839/6086 6557/852/6098 6558/853/6099
f 6547/841/6088 6546/840/6087 6558/853/6099 6559/854/6100
f 6548/842/6089 6547/841/6088 6559/854/6100 6560/855/6101
f 6549/843/6090 6548/842/6089 6560/855/6101 6561/856/6102
f 6550/844/6091 6549/843/6090 6561/856/6102 6562/857/6103
f 6551/845/6092 6550/844/6091 6562/857/6103 6563/858/6104
f 6552/834/6081 6551/845/6092 6563/858/6104 6564/847/6093
f 6553/846/6094 6564/847/6093 6576/860/6105 6565/859/6106
f 6554/848/6095 6553/849/6094 6565/862/6106 6566/861/6107
f 6555/850/6096 6554/848/6095 6566/861/6107 6567/863/6108
f 6556/851/6097 6555/850/6096 6567/863/6108 6568/864/6109
f 6557/852/6098 6556/851/6097 6568/864/6109 6569/865/6110
f 6558/853/6099 6557/852/6098 6569/865/6110 6570/866/6111
f 6559/854/6100 6558/853/6099 6570/866/6111 6571/867/6112
f 6560/855/6101 6559/854/6100 6571/867/6112 6572/868/6113
f 6561/856/6102 6560/855/6101 6572/868/6113 6573/869/6114
f 6562/857/6103 6561/856/6102 6573/869/6114 6574/870/6115
f 6563/858/6104 6562/857/6103 6574/870/6115 6575/871/6116
f 6564/847/6093 6563/858/6104 6575/871/6116 6576/860/6105
f 6565/859/6106 6576/860/6105 6588/873/6117 6577/872/6118
f 6566/861/6107 6565/862/6106 6577/875/6118 6578/874/6119
f 6567/863/6108 6566/861/6107 6578/874/6119 6579/876/6120
f 6568/864/6109 6567/863/6108 6579/876/6120 6580/877/6121
f 6569/865/6110 6568/864/6109 6580/877/6121 6581/878/6122
f 6570/866/6111 6569/865/6110 6581/878/6122 6582/879/6123
f 6571/867/6112 6570/866/6111 6582/879/6123 6583/880/6124
f 6572/868/6113 6571/867/6112 6583/880/6124 6584/881/6125
f 6573/869/6114 6572/868/6113 6584/881/6125 6585/882/4501
f 6574/870/6115 6573/869/6114 6585/882/4501 6586/883/6126
f 6575/871/6116 6574/870/6115 6586/883/6126 6587/884/6127
f 6576/860/6105 6575/871/6116 6587/884/6127 6588/873/6117
f 6577/872/6118 6588/873/6117 6600/886/6128 6589/885/6129
f 6578/874/6119 6577/875/6118 6589/888/6129 6590/887/6130
f 6579/876/6120 6578/874/6119 6590/887/6130 6591/889/4519
f 6580/877/6121 6579/876/6120 6591/889/4519 6592/890/6131
f 6581/878/6122 6580/877/6121 6592/890/6131 6593/891/6132
f 6582/879/6123 6581/878/6122 6593/891/6132 6594/892/6133
f 6583/880/6124 6582/879/6123 6594/892/6133 6595/893/6134
f 6584/881/6125 6583/880/6124 6595/893/6134 6596/894/6135
f 6585/882/4501 6584/881/6125 6596/894/6135 6597/895/4513
f 6586/883/6126 6585/882/4501 6597/895/4513 6598/896/6136
f 6587/884/6127 6586/883/6126 6598/896/6136 6599/897/6137
f 6588/873/6117 6587/884/6127 6599/897/6137 6600/886/6128
f 6589/885/6129 6600/886/6128 6612/899/6138 6601/898/6139
f 6590/887/6130 6589/888/6129 6601/901/6139 6602/900/6140
f 6591/889/4519 6590/887/6130 6602/900/6140 6603/902/6141
f 6592/890/6131 6591/889/4519 6603/902/6141 6604/903/6142
f 6593/891/6132 6592/890/6131 6604/903/6142 6605/904/6143
f 6594/892/6133 6593/891/6132 6605/904/6143 6606/905/6144
f 6595/893/6134 6594/892/6133 6606/905/6144 6607/906/6145
f 6596/894/6135 6595/893/6134 6607/906/6145 6608/907/6146
f 6597/895/4513 6596/894/6135 6608/907/6146 6609/908/4537
f 6598/896/6136 6597/895/4513 6609/908/4537 6610/909/6147
f 6599/897/6137 6598/896/6136 6610/909/6147 6611/910/6148
f 6600/886/6128 6599/897/6137 6611/910/6148 6612/899/6138
f 6601/898/6139 6612/899/6138 6624/912/6149 6613/911/6150
f 6602/900/6140 6601/901/6139 6613/914/6150 6614/913/6151
f 6603/902/6141 6602/900/6140 6614/913/6151 6615/915/4543
f 6604/903/6142 6603/902/6141 6615/915/4543 6616/916/6152
f 6605/904/6143 6604/903/6142 6616/916/6152 6617/917/6153
f 6606/905/6144 6605/904/6143 6617/917/6153 6618/918/6154
f 6607/906/6145 6606/905/6144 6618/918/6154 6619/919/6155
f 6608/907/6146 6607/906/6145 6619/919/6155 6620/920/6156
f 6609/908/4537 6608/907/6146 6620/920/6156 6621/921/6157
f 6610/909/6147 6609/908/4537 6621/921/6157 6622/922/6158
f 6611/910/6148 6610/909/6147 6622/922/6158 6623/923/6159
f 6612/899/6138 6611/910/6148 6623/923/6159 6624/912/6149
f 6613/911/6150 6624/912/6149 6636/925/6160 6625/924/6161
f 6614/913/6151 6613/914/6150 6625/927/6161 6626/926/6162
f 6615/915/4543 6614/913/6151 6626/926/6162 6627/928/4555
f 6616/916/6152 6615/915/4543 6627/928/4555 6628/929/6163
f 6617/917/6153 6616/916/6152 6628/929/6163 6629/930/6164
f 6618/918/6154 6617/917/6153 6629/930/6164 6630/931/6165
f 6619/919/6155 6618/918/6154 6630/931/6165 6631/932/6166
f 6620/920/6156 6619/919/6155 6631/932/6166 6632/933/6167
f 6621/921/6157 6620/920/6156 6632/933/6167 6633/934/6168
f 6622/922/6158 6621/921/6157 6633/934/6168 6634/935/6169
f 6623/923/6159 6622/922/6158 6634/935/6169 6635/936/6170
f 6624/912/6149 6623/923/6159 6635/936/6170 6636/925/6160
f 6625/924/6161 6636/925/6160 6648/938/6171 6637/937/6172
f 6626/926/6162 6625/927/6161 6637/940/6172 6638/939/6173
f 6627/928/4555 6626/926/6162 6638/939/6173 6639/941/6174
f 6628/929/6163 6627/928/4555 6639/941/6174 6640/942/6175
f 6629/930/6164 6628/929/6163 6640/942/6175 6641/943/6176
f 6630/931/6165 6629/930/6164 6641/943/6176 6642/944/6177
f 6631/932/6166 6630/931/6165 6642/944/6177 6643/945/6178
f 6632/933/6167 6631/932/6166 6643/945/6178 6644/946/6179
f 6633/934/6168 6632/933/6167 6644/946/6179 6645/947/6180
f 6634/935/6169 6633/934/6168 6645/947/6180 6646/948/6181
f 6635/936/6170 6634/935/6169 6646/948/6181 6647/949/6182
f 6636/925/6160 6635/936/6170 6647/949/6182 6648/938/6171
f 6637/937/6172 6648/938/6171 6660/951/6183 6649/950/6184
f 6638/939/6173 6637/940/6172 6649/953/6184 6650/952/6185
f 6639/941/6174 6638/939/6173 6650/952/6185 6651/954/6186
f 6640/942/6175 6639/941/6174 6651/954/6186 6652/955/6187
f 6641/943/6176 6640/942/6175 6652/955/6187 6653/956/6188
f 6642/944/6177 6641/943/6176 6653/956/6188 6654/957/6189
f 6643/945/6178 6642/944/6177 6654/957/6189 6655/958/6190
f 6644/946/6179 6643/945/6178 6655/958/6190 6656/959/6191
f 6645/947/6180 6644/946/6179 6656/959/6191 6657/960/6192
f 6646/948/6181 6645/947/6180 6657/960/6192 6658/961/6193
f 6647/949/6182 6646/948/6181 6658/961/6193 6659/962/6194
f 6648/938/6171 6647/949/6182 6659/962/6194 6660/951/6183
f 6661/482/6195 6672/485/6196 6684/484/6197 6673/483/6198
f 6662/486/6199 6661/489/6195 6673/488/6198 6674/487/6200
f 6663/490/6201 6662/486/6199 6674/487/6200 6675/491/6202
f 6664/492/6203 6663/490/6201 6675/491/6202 6676/493/6204
f 6665/494/6205 6664/492/6203 6676/493/6204 6677/495/6206
f 6666/496/6207 6665/494/6205 6677/495/6206 6678/497/6208
f 6667/498/6209 6666/496/6207 6678/497/6208 6679/499/6210
f 6668/500/6211 6667/498/6209 6679/499/6210 6680/501/6212
f 6669/502/6213 6668/500/6211 6680/501/6212 6681/503/6214
f 6670/504/6215 6669/502/6213 6681/503/6214 6682/505/6216
f 6671/506/6217 6670/504/6215 6682/505/6216 6683/507/6218
f 6672/485/6196 6671/506/6217 6683/507/6218 6684/484/6197
f 6673/483/6198 6684/484/6197 6696/509/6219 6685/508/6220
f 6674/487/6200 6673/488/6198 6685/511/6220 6686/510/6221
f 6675/491/6202 6674/487/6200 6686/510/6221 6687/512/6222
f 6676/493/6204 6675/491/6202 6687/512/6222 6688/513/6223
f 6677/495/6206 6676/493/6204 6688/513/6223 6689/514/6224
f 6678/497/6208 6677/495/6206 6689/514/6224 6690/515/6225
f 6679/499/6210 6678/497/6208 6690/515/6225 6691/516/6226
f 6680/501/6212 6679/499/6210 6691/516/6226 6692/517/6227
f 6681/503/6214 6680/501/6212 6692/517/6227 6693/518/6228
f 6682/505/6216 6681/503/6214 6693/518/6228 6694/519/6229
f 6683/507/6218 6682/505/6216 6694/519/6229 6695/520/6230
f 6684/484/6197 6683/507/6218 6695/520/6230 6696/509/6219
f 6685/508/6220 6696/509/6219 6708/522/6231 6697/521/6232
f 6686/510/6221 6685/511/6220 6697/524/6232 6698/523/6233
f 6687/512/6222 6686/510/6221 6698/523/6233 6699/525/6234
f 6688/513/6223 6687/512/6222 6699/525/6234 6700/526/6235
f 6689/514/6224 6688/513/6223 6700/526/6235 6701/527/6236
f 6690/515/6225 6689/514/6224 6701/527/6236 6702/528/6237
f 6691/516/6226 6690/515/6225 6702/528/6237 6703/529/6238
f 6692/517/6227 6691/516/6226 6703/529/6238 6704/530/6239
f 6693/518/6228 6692/517/6227 6704/530/6239 6705/531/6240
f 6694/519/6229 6693/518/6228 6705/531/6240 6706/532/6241
f 6695/520/6230 6694/519/6229 6706/532/6241 6707/533/6242
f 6696/509/6219 6695/520/6230 6707/533/6242 6708/522/6231
f 6697/521/6232 6708/522/6231 6720/535/6243 6709/534/6244
f 6698/523/6233 6697/524/6232 6709/537/6244 6710/536/6245
f 6699/525/6234 6698/523/6233 6710/536/6245 6711/538/6246
f 6700/526/6235 6699/525/6234 6711/538/6246 6712/539/6247
f 6701/527/6236 6700/526/6235 6712/539/6247 6713/540/6248
f 6702/528/6237 6701/527/6236 6713/540/6248 6714/541/6249
f 6703/529/6238 6702/528/6237 6714/541/6249 6715/542/6250
f 6704/530/6239 6703/529/6238 6715/542/6250 6716/543/6251
f 6705/531/6240 6704/530/6239 6716/543/6251 6717/544/6252
f 6706/532/6241 6705/531/6240 6717/544/6252 6718/545/6253
f 6707/533/6242 6706/532/6241 6718/545/6253 6719/546/6254
f 6708/522/6231 6707/533/6242 6719/546/6254 6720/535/6243
f 6709/534/6244 6720/535/6243 6732/548/6255 6721/547/6256
f 6710/536/6245 6709/537/6244 6721/550/6256 6722/549/6257
f 6711/538/6246 6710/536/6245 6722/549/6257 6723/551/6258
f 6712/539/6247 6711/538/6246 6723/551/6258 6724/552/6259
f 6713/540/6248 6712/539/6247 6724/552/6259 6725/553/6260
f 6714/541/6249 6713/540/6248 6725/553/6260 6726/554/6261
f 6715/542/6250 6714/541/6249 6726/554/6261 6727/555/6262
f 6716/543/6251 6715/542/6250 6727/555/6262 6728/556/6263
f 6717/544/6252 6716/543/6251 6728/556/6263 6729/557/6264
f 6718/545/6253 6717/544/6252 6729/557/6264 6730/558/6265
f 6719/546/6254 6718/545/6253 6730/558/6265 6731/559/6266
f 6720/535/6243 6719/546/6254 6731/559/6266 6732/548/6255
f 6721/547/6256 6732/548/6255 6744/561/6267 6733/560/6268
f 6722/549/6257 6721/550/6256 6733/563/6268 6734/562/6269
f 6723/551/6258 6722/549/6257 6734/562/6269 6735/564/6270
f 6724/552/6259 6723/551/6258 6735/564/6270 6736/565/6271
f 6725/553/6260 6724/552/6259 6736/565/6271 6737/566/6272
f 6726/554/6261 6725/553/6260 6737/566/6272 6738/567/6273
f 6727/555/6262 6726/554/6261 6738/567/6273 6739/568/6274
f 6728/556/6263 6727/555/6262 6739/568/6274 6740/569/6275
f 6729/557/6264 6728/556/6263 6740/569/6275 6741/570/6276
f 6730/558/6265 6729/557/6264 6741/570/6276 6742/571/6277
f 6731/559/6266 6730/558/6265 6742/571/6277 6743/572/6278
f 6732/548/6255 6731/559/6266 6743/572/6278 6744/561/6267
f 6733/560/6268 6744/561/6267 6756/574/6279 6745/573/6280
f 6734/562/6269 6733/563/6268 6745/576/6280 6746/575/6281
f 6735/564/6270 6734/562/6269 6746/575/6281 6747/577/6282
f 6736/565/6271 6735/564/6270 6747/577/6282 6748/578/6283
f 6737/566/6272 6736/565/6271 6748/578/6283 6749/579/6284
f 6738/567/6273 6737/566/6272 6749/579/6284 6750/580/6285
f 6739/568/6274 6738/567/6273 6750/580/6285 6751/581/6286
f 6740/569/6275 6739/568/6274 6751/581/6286 6752/582/6287
f 6741/570/6276 6740/569/6275 6752/582/6287 6753/583/6288
f 6742/571/6277 6741/570/6276 6753/583/6288 6754/584/6289
f 6743/572/6278 6742/571/6277 6754/584/6289 6755/585/6290
f 6744/561/6267 6743/572/6278 6755/585/6290 6756/574/6279
f 6745/573/6280 6756/574/6279 6768/587/6291 6757/586/6292
f 6746/575/6281 6745/576/6280 6757/589/6292 6758/588/6293
f 6747/577/6282 6746/575/6281 6758/588/6293 6759/590/6294
f 6748/578/6283 6747/577/6282 6759/590/6294 6760/591/6295
f 6749/579/6284 6748/578/6283 6760/591/6295 6761/592/6296
f 6750/580/6285 6749/579/6284 6761/592/6296 6762/593/6297
f 6751/581/6286 6750/580/6285 6762/593/6297 6763/594/6298
f 6752/582/6287 6751/581/6286 6763/594/6298 6764/595/6299
f 6753/583/6288 6752/582/6287 6764/595/6299 6765/596/6300
f 6754/584/6289 6753/583/6288 6765/596/6300 6766/597/6301
f 6755/585/6290 6754/584/6289 6766/597/6301 6767/598/6302
f 6756/574/6279 6755/585/6290 6767/598/6302 6768/587/6291
f 6757/586/6292 6768/587/6291 6780/600/6303 6769/599/6304
f 6758/588/6293 6757/589/6292 6769/602/6304 6770/601/6305
f 6759/590/6294 6758/588/6293 6770/601/6305 6771/603/6306
f 6760/591/6295 6759/590/6294 6771/603/6306 6772/604/6307
f 6761/592/6296 6760/591/6295 6772/604/6307 6773/605/6308
f 6762/593/6297 6761/592/6296 6773/605/6308 6774/606/6309
f 6763/594/6298 6762/593/6297 6774/606/6309 6775/607/6310
f 6764/595/6299 6763/594/6298 6775/607/6310 6776/608/6311
f 6765/596/6300 6764/595/6299 6776/608/6311 6777/609/6312
f 6766/597/6301 6765/596/6300 6777/609/6312 6778/610/6313
f 6767/598/6302 6766/597/6301 6778/610/6313 6779/611/6314
f 6768/587/6291 6767/598/6302 6779/611/6314 6780/600/6303
f 6769/599/6304 6780/600/6303 6792/613/6315 6781/612/6316
f 6770/601/6305 6769/602/6304 6781/615/6316 6782/614/6317
f 6771/603/6306 6770/601/6305 6782/614/6317 6783/616/6318
f 6772/604/6307 6771/603/6306 6783/616/6318 6784/617/6319
f 6773/605/6308 6772/604/6307 6784/617/6319 6785/618/6320
f 6774/606/6309 6773/605/6308 6785/618/6320 6786/619/6321
f 6775/607/6310 6774/606/6309 6786/619/6321 6787/620/6322
f 6776/608/6311 6775/607/6310 6787/620/6322 6788/621/6323
f 6777/609/6312 6776/608/6311 6788/621/6323 6789/622/6324
f 6778/610/6313 6777/609/6312 6789/622/6324 6790/623/6325
f 6779/611/6314 6778/610/6313 6790/623/6325 6791/624/6326
f 6780/600/6303 6779/611/6314 6791/624/6326 6792/613/6315
f 6781/612/6316 6792/613/6315 6804/626/6327 6793/625/6328
f 6782/614/6317 6781/615/6316 6793/628/6328 6794/627/6329
f 6783/616/6318 6782/614/6317 6794/627/6329 6795/629/6330
f 6784/617/6319 6783/616/6318 6795/629/6330 6796/630/6331
f 6785/618/6320 6784/617/6319 6796/630/6331 6797/631/6332
f 6786/619/6321 6785/618/6320 6797/631/6332 6798/632/6333
f 6787/620/6322 6786/619/6321 6798/632/6333 6799/633/6334
f 6788/621/6323 6787/620/6322 6799/633/6334 6800/634/6335
f 6789/622/6324 6788/621/6323 6800/634/6335 6801/635/6336
f 6790/623/6325 6789/622/6324 6801/635/6336 6802/636/6337
f 6791/624/6326 6790/623/6325 6802/636/6337 6803/637/6338
f 6792/613/6315 6791/624/6326 6803/637/6338 6804/626/6327
f 6793/625/6328 6804/626/6327 6816/639/6339 6805/638/6340
f 6794/627/6329 6793/628/6328 6805/641/6340 6806/640/6341
f 6795/629/6330 6794/627/6329 6806/640/6341 6807/642/6342
f 6796/630/6331 6795/629/6330 6807/642/6342 6808/643/6343
f 6797/631/6332 6796/630/6331 6808/643/6343 6809/644/6344
f 6798/632/6333 6797/631/6332 6809/644/6344 6810/645/6345
f 6799/633/6334 6798/632/6333 6810/645/6345 6811/646/6346
f 6800/634/6335 6799/633/6334 6811/646/6346 6812/647/6347
f 6801/635/6336 6800/634/6335 6812/647/6347 6813/648/6348
f 6802/636/6337 6801/635/6336 6813/648/6348 6814/649/6349
f 6803/637/6338 6802/636/6337 6814/649/6349 6815/650/6350
f 6804/626/6327 6803/637/6338 6815/650/6350 6816/639/6339
f 6805/638/6340 6816/639/6339 6828/652/6351 6817/651/6352
f 6806/640/6341 6805/641/6340 6817/654/6352 6818/653/6353
f 6807/642/6342 6806/640/6341 6818/653/6353 6819/655/6354
f 6808/643/6343 6807/642/6342 6819/655/6354 6820/656/6355
f 6809/644/6344 6808/643/6343 6820/656/6355 6821/657/6356
f 6810/645/6345 6809/644/6344 6821/657/6356 6822/658/6357
f 6811/646/6346 6810/645/6345 6822/658/6357 6823/659/6358
f 6812/647/6347 6811/646/6346 6823/659/6358 6824/660/6359
f 6813/648/6348 6812/647/6347 6824/660/6359 6825/661/6360
f 6814/649/6349 6813/648/6348 6825/661/6360 6826/662/6361
f 6815/650/6350 6814/649/6349 6826/662/6361 6827/663/6362
f 6816/639/6339 6815/650/6350 6827/663/6362 6828/652/6351
f 6817/651/6352 6828/652/6351 6840/665/6363 6829/664/6364
f 6818/653/6353 6817/654/6352 6829/667/6364 6830/666/6365
f 6819/655/6354 6818/653/6353 6830/666/6365 6831/668/6366
f 6820/656/6355 6819/655/6354 6831/668/6366 6832/669/6367
f 6821/657/6356 6820/656/6355 6832/669/6367 6833/670/6368
f 6822/658/6357 6821/657/6356 6833/670/6368 6834/671/6369
f 6823/659/6358 6822/658/6357 6834/671/6369 6835/672/6370
f 6824/660/6359 6823/659/6358 6835/672/6370 6836/673/6371
f 6825/661/6360 6824/660/6359 6836/673/6371 6837/674/6372
f 6826/662/6361 6825/661/6360 6837/674/6372 6838/675/6373
f 6827/663/6362 6826/662/6361 6838/675/6373 6839/676/6374
f 6828/652/6351 6827/663/6362 6839/676/6374 6840/665/6363
f 6829/664/6364 6840/665/6363 6852/678/4756 6841/677/4757
f 6830/666/6365 6829/667/6364 6841/680/4757 6842/679/4758
f 6831/668/6366 6830/666/6365 6842/679/4758 6843/681/4759
f 6832/669/6367 6831/668/6366 6843/681/4759 6844/682/4760
f 6833/670/6368 6832/669/6367 6844/682/4760 6845/683/4761
f 6834/671/6369 6833/670/6368 6845/683/4761 6846/684/4751
f 6835/672/6370 6834/671/6369 6846/684/4751 6847/685/4750
f 6836/673/6371 6835/672/6370 6847/685/4750 6848/686/4752
f 6837/674/6372 6836/673/6371 6848/686/4752 6849/687/4753
f 6838/675/6373 6837/674/6372 6849/687/4753 6850/688/4754
f 6839/676/6374 6838/675/6373 6850/688/4754 6851/689/4755
f 6840/665/6363 6839/676/6374 6851/689/4755 6852/678/4756
f 6841/677/4757 6852/678/4756 6864/691/4756 6853/690/4757
f 6842/679/4758 6841/680/4757 6853/693/4757 6854/692/4758
f 6843/681/4759 6842/679/4758 6854/692/4758 6855/694/4759
f 6844/682/4760 6843/681/4759 6855/694/4759 6856/695/4760
f 6845/683/4761 6844/682/4760 6856/695/4760 6857/696/4761
f 6846/684/4751 6845/683/4761 6857/696/4761 6858/697/4751
f 6847/685/4750 6846/684/4751 6858/697/4751 6859/698/4750
f 6848/686/4752 6847/685/4750 6859/698/4750 6860/699/4752
f 6849/687/4753 6848/686/4752 6860/699/4752 6861/700/4753
f 6850/688/4754 6849/687/4753 6861/700/4753 6862/701/4754
f 6851/689/4755 6850/688/4754 6862/701/4754 6863/702/4755
f 6852/678/4756 6851/689/4755 6863/702/4755 6864/691/4756
f 6853/690/4757 6864/691/4756 6876/704/4756 6865/703/4757
f 6854/692/4758 6853/693/4757 6865/706/4757 6866/705/4758
f 6855/694/4759 6854/692/4758 6866/705/4758 6867/707/4759
f 6856/695/4760 6855/694/4759 6867/707/4759 6868/708/4760
f 6857/696/4761 6856/695/4760 6868/708/4760 6869/709/4761
f 6858/697/4751 6857/696/4761 6869/709/4761 6870/710/4751
f 6859/698/4750 6858/697/4751 6870/710/4751 6871/711/4750
f 6860/699/4752 6859/698/4750 6871/711/4750 6872/712/4752
f 6861/700/4753 6860/699/4752 6872/712/4752 6873/713/4753
f 6862/701/4754 6861/700/4753 6873/713/4753 6874/714/4754
f 6863/702/4755 6862/701/4754 6874/714/4754 6875/715/4755
f 6864/691/4756 6863/702/4755 6875/715/4755 6876/704/4756
f 6865/703/4757 6876/704/4756 6888/717/4756 6877/716/4757
f 6866/705/4758 6865/706/4757 6877/719/4757 6878/718/4758
f 6867/707/4759 6866/705/4758 6878/718/4758 6879/720/4759
f 6868/708/4760 6867/707/4759 6879/720/4759 6880/721/4760
f 6869/709/4761 6868/708/4760 6880/721/4760 6881/722/4761
f 6870/710/4751 6869/709/4761 6881/722/4761 6882/723/4751
f 6871/711/4750 6870/710/4751 6882/723/4751 6883/724/4750
f 6872/712/4752 6871/711/4750 6883/724/4750 6884/725/4752
f 6873/713/4753 6872/712/4752 6884/725/4752 6885/726/4753
f 6874/714/4754 6873/713/4753 6885/726/4753 6886/727/4754
f 6875/715/4755 6874/714/4754 6886/727/4754 6887/728/4755
f 6876/704/4756 6875/715/4755 6887/728/4755 6888/717/4756
f 6877/716/4757 6888/717/4756 6900/730/4756 6889/729/4757
f 6878/718/4758 6877/719/4757 6889/732/4757 6890/731/4758
f 6879/720/4759 6878/718/4758 6890/731/4758 6891/733/4759
f 6880/721/4760 6879/720/4759 6891/733/4759 6892/734/4760
f 6881/722/4761 6880/721/4760 6892/734/4760 6893/735/4761
f 6882/723/4751 6881/722/4761 6893/735/4761 6894/736/4751
f 6883/724/4750 6882/723/4751 6894/736/4751 6895/737/4750
f 6884/725/4752 6883/724/4750 6895/737/4750 6896/738/4752
f 6885/726/4753 6884/725/4752 6896/738/4752 6897/739/4753
f 6886/727/4754 6885/726/4753 6897/739/4753 6898/740/4754
f 6887/728/4755 6886/727/4754 6898/740/4754 6899/741/4755
f 6888/717/4756 6887/728/4755 6899/741/4755 6900/730/4756
f 6889/729/4757 6900/730/4756 6912/743/4756 6901/742/4757
f 6890/731/4758 6889/732/4757 6901/745/4757 6902/744/4758
f 6891/733/4759 6890/731/4758 6902/744/4758 6903/746/4759
f 6892/734/4760 6891/733/4759 6903/746/4759 6904/747/4760
f 6893/735/4761 6892/734/4760 6904/747/4760 6905/748/4761
f 6894/736/4751 6893/735/4761 6905/748/4761 6906/749/4751
f 6895/737/4750 6894/736/4751 6906/749/4751 6907/750/4750
f 6896/738/4752 6895/737/4750 6907/750/4750 6908/751/4752
f 6897/739/4753 6896/738/4752 6908/751/4752 6909/752/4753
f 6898/740/4754 6897/739/4753 6909/752/4753 6910/753/4754
f 6899/741/4755 6898/740/4754 6910/753/4754 6911/754/4755
f 6900/730/4756 6899/741/4755 6911/754/4755 6912/743/4756
f 6901/742/4757 6912/743/4756 6924/756/4756 6913/755/4757
f 6902/744/4758 6901/745/4757 6913/758/4757 6914/757/4758
f 6903/746/4759 6902/744/4758 6914/757/4758 6915/759/4759
f 6904/747/4760 6903/746/4759 6915/759/4759 6916/760/4760
f 6905/748/4761 6904/747/4760 6916/760/4760 6917/761/4761
f 6906/749/4751 6905/748/4761 6917/761/4761 6918/762/4751
f 6907/750/4750 6906/749/4751 6918/762/4751 6919/763/4750
f 6908/751/4752 6907/750/4750 6919/763/4750 6920/764/4752
f 6909/752/4753 6908/751/4752 6920/764/4752 6921/765/4753
f 6910/753/4754 6909/752/4753 6921/765/4753 6922/766/4754
f 6911/754/4755 6910/753/4754 6922/766/4754 6923/767/4755
f 6912/743/4756 6911/754/4755 6923/767/4755 6924/756/4756
f 6913/755/4757 6924/756/4756 6936/769/6375 6925/768/6376
f 6914/757/4758 6913/758/4757 6925/771/6376 6926/770/6377
f 6915/759/4759 6914/757/4758 6926/770/6377 6927/772/6378
f 6916/760/4760 6915/759/4759 6927/772/6378 6928/773/6379
f 6917/761/4761 6916/760/4760 6928/773/6379 6929/774/6380
f 6918/762/4751 6917/761/4761 6929/774/6380 6930/775/6381
f 6919/763/4750 6918/762/4751 6930/775/6381 6931/776/6382
f 6920/764/4752 6919/763/4750 6931/776/6382 6932/777/6383
f 6921/765/4753 6920/764/4752 6932/777/6383 6933/778/6384
f 6922/766/4754 6921/765/4753 6933/778/6384 6934/779/6385
f 6923/767/4755 6922/766/4754 6934/779/6385 6935/780/6386
f 6924/756/4756 6923/767/4755 6935/780/6386 6936/769/6375
f 6925/768/6376 6936/769/6375 6948/782/6387 6937/781/6388
f 6926/770/6377 6925/771/6376 6937/784/6388 6938/783/6389
f 6927/772/6378 6926/770/6377 6938/783/6389 6939/785/6390
f 6928/773/6379 6927/772/6378 6939/785/6390 6940/786/6391
f 6929/774/6380 6928/773/6379 6940/786/6391 6941/787/6392
f 6930/775/6381 6929/774/6380 6941/787/6392 6942/788/6393
f 6931/776/6382 6930/775/6381 6942/788/6393 6943/789/6394
f 6932/777/6383 6931/776/6382 6943/789/6394 6944/790/6395
f 6933/778/6384 6932/777/6383 6944/790/6395 6945/791/6396
f 6934/779/6385 6933/778/6384 6945/791/6396 6946/792/6397
f 6935/780/6386 6934/779/6385 6946/792/6397 6947/793/6398
f 6936/769/6375 6935/780/6386 6947/793/6398 6948/782/6387
f 6937/781/6388 6948/782/6387 6960/795/6399 6949/794/6400
f 6938/783/6389 6937/784/6388 6949/797/6400 6950/796/6401
f 6939/785/6390 6938/783/6389 6950/796/6401 6951/798/6402
f 6940/786/6391 6939/785/6390 6951/798/6402 6952/799/6403
f 6941/787/6392 6940/786/6391 6952/799/6403 6953/800/6404
f 6942/788/6393 6941/787/6392 6953/800/6404 6954/801/6405
f 6943/789/6394 6942/788/6393 6954/801/6405 6955/802/6406
f 6944/790/6395 6943/789/6394 6955/802/6406 6956/803/6407
f 6945/791/6396 6944/790/6395 6956/803/6407 6957/804/6408
f 6946/792/6397 6945/791/6396 6957/804/6408 6958/805/6409
f 6947/793/6398 6946/792/6397 6958/805/6409 6959/806/6410
f 6948/782/6387 6947/793/6398 6959/806/6410 6960/795/6399
f 6949/794/6400 6960/795/6399 6972/808/6411 6961/807/6412
f 6950/796/6401 6949/797/6400 6961/810/6412 6962/809/6413
f 6951/798/6402 6950/796/6401 6962/809/6413 6963/811/6414
f 6952/799/6403 6951/798/6402 6963/811/6414 6964/812/6415
f 6953/800/6404 6952/799/6403 6964/812/6415 6965/813/6416
f 6954/801/6405 6953/800/6404 6965/813/6416 6966/814/6417
f 6955/802/6406 6954/801/6405 6966/814/6417 6967/815/6418
f 6956/803/6407 6955/802/6406 6967/815/6418 6968/816/6419
f 6957/804/6408 6956/803/6407 6968/816/6419 6969/817/6420
f 6958/805/6409 6957/804/6408 6969/817/6420 6970/818/6421
f 6959/806/6410 6958/805/6409 6970/818/6421 6971/819/6422
f 6960/795/6399 6959/806/6410 6971/819/6422 6972/808/6411
f 6961/807/6412 6972/808/6411 6984/821/6423 6973/820/6424
f 6962/809/6413 6961/810/6412 6973/823/6424 6974/822/6425
f 6963/811/6414 6962/809/6413 6974/822/6425 6975/824/6426
f 6964/812/6415 6963/811/6414 6975/824/6426 6976/825/6427
f 6965/813/6416 6964/812/6415 6976/825/6427 6977/826/6428
f 6966/814/6417 6965/813/6416 6977/826/6428 6978/827/6429
f 6967/815/6418 6966/814/6417 6978/827/6429 6979/828/6430
f 6968/816/6419 6967/815/6418 6979/828/6430 6980/829/6431
f 6969/817/6420 6968/816/6419 6980/829/6431 6981/830/6432
f 6970/818/6421 6969/817/6420 6981/830/6432 6982/831/6433
f 6971/819/6422 6970/818/6421 6982/831/6433 6983/832/6434
f 6972/808/6411 6971/819/6422 6983/832/6434 6984/821/6423
f 6973/820/6424 6984/821/6423 6996/834/6435 6985/833/6436
f 6974/822/6425 6973/823/6424 6985/836/6436 6986/835/6437
f 6975/824/6426 6974/822/6425 6986/835/6437 6987/837/6438
f 6976/825/6427 6975/824/6426 6987/837/6438 6988/838/6439
f 6977/826/6428 6976/825/6427 6988/838/6439 6989/839/6440
f 6978/827/6429 6977/826/6428 6989/839/6440 6990/840/6441
f 6979/828/6430 6978/827/6429 6990/840/6441 6991/841/6442
f 6980/829/6431 6979/828/6430 6991/841/6442 6992/842/6443
f 6981/830/6432 6980/829/6431 6992/842/6443 6993/843/6444
f 6982/831/6433 6981/830/6432 6993/843/6444 6994/844/6445
f 6983/832/6434 6982/831/6433 6994/844/6445 6995/845/6446
f 6984/821/6423 6983/832/6434 6995/845/6446 6996/834/6435
f 6985/833/6436 6996/834/6435 7008/847/6447 6997/846/6448
f 6986/835/6437 6985/836/6436 6997/849/6448 6998/848/6449
f 6987/837/6438 6986/835/6437 6998/848/6449 6999/850/6450
f 6988/838/6439 6987/837/6438 6999/850/6450 7000/851/6451
f 6989/839/6440 6988/838/6439 7000/851/6451 7001/852/6452
f 6990/840/6441 6989/839/6440 7001/852/6452 7002/853/4823
f 6991/841/6442 6990/840/6441 7002/853/4823 7003/854/6453
f 6992/842/6443 6991/841/6442 7003/854/6453 7004/855/6454
f 6993/843/6444 6992/842/6443 7004/855/6454 7005/856/6455
f 6994/844/6445 6993/843/6444 7005/856/6455 7006/857/6456
f 6995/845/6446 6994/844/6445 7006/857/6456 7007/858/6457
f 6996/834/6435 6995/845/6446 7007/858/6457 7008/847/6447
f 6997/846/6448 7008/847/6447 7020/860/4840 7009/859/6458
f 6998/848/6449 6997/849/6448 7009/862/6458 7010/861/6459
f 6999/850/6450 6998/848/6449 7010/861/6459 7011/863/6460
f 7000/851/6451 6999/850/6450 7011/863/6460 7012/864/6461
f 7001/852/6452 7000/851/6451 7012/864/6461 7013/865/6462
f 7002/853/4823 7001/852/6452 7013/865/6462 7014/866/4835
f 7003/854/6453 7002/853/4823 7014/866/4835 7015/867/6463
f 7004/855/6454 7003/854/6453 7015/867/6463 7016/868/6464
f 7005/856/6455 7004/855/6454 7016/868/6464 7017/869/6465
f 7006/857/6456 7005/856/6455 7017/869/6465 7018/870/6466
f 7007/858/6457 7006/857/6456 7018/870/6466 7019/871/6467
f 7008/847/6447 7007/858/6457 7019/871/6467 7020/860/4840
f 7009/859/6458 7020/860/4840 7032/873/4852 7021/872/4853
f 7010/861/6459 7009/862/6458 7021/875/4853 7022/874/6468
f 7011/863/6460 7010/861/6459 7022/874/6468 7023/876/6469
f 7012/864/6461 7011/863/6460 7023/876/6469 7024/877/6470
f 7013/865/6462 7012/864/6461 7024/877/6470 7025/878/4857
f 7014/866/4835 7013/865/6462 7025/878/4857 7026/879/4847
f 7015/867/6463 7014/866/4835 7026/879/4847 7027/880/4846
f 7016/868/6464 7015/867/6463 7027/880/4846 7028/881/4848
f 7017/869/6465 7016/868/6464 7028/881/4848 7029/882/4849
f 7018/870/6466 7017/869/6465 7029/882/4849 7030/883/4850
f 7019/871/6467 7018/870/6466 7030/883/4850 7031/884/4851
f 7020/860/4840 7019/871/6467 7031/884/4851 7032/873/4852
f 7021/872/4853 7032/873/4852 7044/886/4864 7033/885/6471
f 7022/874/6468 7021/875/4853 7033/888/6471 7034/887/6472
f 7023/876/6469 7022/874/6468 7034/887/6472 7035/889/6473
f 7024/877/6470 7023/876/6469 7035/889/6473 7036/890/6474
f 7025/878/4857 7024/877/6470 7036/890/6474 7037/891/6475
f 7026/879/4847 7025/878/4857 7037/891/6475 7038/892/4859
f 7027/880/4846 7026/879/4847 7038/892/4859 7039/893/6476
f 7028/881/4848 7027/880/4846 7039/893/6476 7040/894/6477
f 7029/882/4849 7028/881/4848 7040/894/6477 7041/895/6478
f 7030/883/4850 7029/882/4849 7041/895/6478 7042/896/6479
f 7031/884/4851 7030/883/4850 7042/896/6479 7043/897/6480
f 7032/873/4852 7031/884/4851 7043/897/6480 7044/886/4864
f 7033/885/6471 7044/886/4864 7056/899/6481 7045/898/6482
f 7034/887/6472 7033/888/6471 7045/901/6482 7046/900/6483
f 7035/889/6473 7034/887/6472 7046/900/6483 7047/902/6484
f 7036/890/6474 7035/889/6473 7047/902/6484 7048/903/6485
f 7037/891/6475 7036/890/6474 7048/903/6485 7049/904/6486
f 7038/892/4859 7037/891/6475 7049/904/6486 7050/905/6487
f 7039/893/6476 7038/892/4859 7050/905/6487 7051/906/6488
f 7040/894/6477 7039/893/6476 7051/906/6488 7052/907/6489
f 7041/895/6478 7040/894/6477 7052/907/6489 7053/908/6490
f 7042/896/6479 7041/895/6478 7053/908/6490 7054/909/6491
f 7043/897/6480 7042/896/6479 7054/909/6491 7055/910/6492
f 7044/886/4864 7043/897/6480 7055/910/6492 7056/899/6481
f 7045/898/6482 7056/899/6481 7068/912/6493 7057/911/6494
f 7046/900/6483 7045/901/6482 7057/914/6494 7058/913/6495
f 7047/902/6484 7046/900/6483 7058/913/6495 7059/915/6496
f 7048/903/6485 7047/902/6484 7059/915/6496 7060/916/6497
f 7049/904/6486 7048/903/6485 7060/916/6497 7061/917/6498
f 7050/905/6487 7049/904/6486 7061/917/6498 7062/918/6499
f 7051/906/6488 7050/905/6487 7062/918/6499 7063/919/6500
f 7052/907/6489 7051/906/6488 7063/919/6500 7064/920/6501
f 7053/908/6490 7052/907/6489 7064/920/6501 7065/921/6502
f 7054/909/6491 7053/908/6490 7065/921/6502 7066/922/6503
f 7055/910/6492 7054/909/6491 7066/922/6503 7067/923/6504
f 7056/899/6481 7055/910/6492 7067/923/6504 7068/912/6493
f 7057/911/6494 7068/912/6493 7080/925/6505 7069/924/6506
f 7058/913/6495 7057/914/6494 7069/927/6506 7070/926/6507
f 7059/915/6496 7058/913/6495 7070/926/6507 7071/928/6508
f 7060/916/6497 7059/915/6496 7071/928/6508 7072/929/6509
f 7061/917/6498 7060/916/6497 7072/929/6509 7073/930/6510
f 7062/918/6499 7061/917/6498 7073/930/6510 7074/931/6511
f 7063/919/6500 7062/918/6499 7074/931/6511 7075/932/6512
f 7064/920/6501 7063/919/6500 7075/932/6512 7076/933/6513
f 7065/921/6502 7064/920/6501 7076/933/6513 7077/934/6514
f 7066/922/6503 7065/921/6502 7077/934/6514 7078/935/6515
f 7067/923/6504 7066/922/6503 7078/935/6515 7079/936/6516
f 7068/912/6493 7067/923/6504 7079/936/6516 7080/925/6505
f 7069/924/6506 7080/925/6505 7092/938/6517 7081/937/6518
f 7070/926/6507 7069/927/6506 7081/940/6518 7082/939/6519
f 7071/928/6508 7070/926/6507 7082/939/6519 7083/941/6520
f 7072/929/6509 7071/928/6508 7083/941/6520 7084/942/6521
f 7073/930/6510 7072/929/6509 7084/942/6521 7085/943/6522
f 7074/931/6511 7073/930/6510 7085/943/6522 7086/944/6523
f 7075/932/6512 7074/931/6511 7086/944/6523 7087/945/6524
f 7076/933/6513 7075/932/6512 7087/945/6524 7088/946/6525
f 7077/934/6514 7076/933/6513 7088/946/6525 7089/947/6526
f 7078/935/6515 7077/934/6514 7089/947/6526 7090/948/6527
f 7079/936/6516 7078/935/6515 7090/948/6527 7091/949/6528
f 7080/925/6505 7079/936/6516 7091/949/6528 7092/938/6517
f 7081/937/6518 7092/938/6517 7104/951/6529 7093/950/6530
f 7082/939/6519 7081/940/6518 7093/953/6530 7094/952/6531
f 7083/941/6520 7082/939/6519 7094/952/6531 7095/954/6532
f 7084/942/6521 7083/941/6520 7095/954/6532 7096/955/6533
f 7085/943/6522 7084/942/6521 7096/955/6533 7097/956/6534
f 7086/944/6523 7085/943/6522 7097/956/6534 7098/957/6535
f 7087/945/6524 7086/944/6523 7098/957/6535 7099/958/6536
f 7088/946/6525 7087/945/6524 7099/958/6536 7100/959/6537
f 7089/947/6526 7088/946/6525 7100/959/6537 7101/960/6538
f 7090/948/6527 7089/947/6526 7101/960/6538 7102/961/6539
f 7091/949/6528 7090/948/6527 7102/961/6539 7103/962/6540
f 7092/938/6517 7091/949/6528 7103/962/6540 7104/951/6529
f 3554/486/3275 3553/489/3271 5329/489/4930 5330/486/4934
f 3562/504/3291 3561/502/3289 5337/502/4948 5338/504/4950
f 3553/482/3271 3564/485/3274 5340/485/4931 5329/482/4930
f 3985/953/3703 3986/952/3705 5762/952/5364 5761/953/5363
f 3993/960/3712 3994/961/3713 5770/961/5372 5769/960/5371
f 3996/951/3704 3985/950/3703 5761/950/5363 5772/951/5362
f 4002/496/3727 4001/494/3725 5777/494/5384 5778/496/5386
f 4433/956/4131 4434/957/4132 6210/957/5757 6209/956/5756
f 4442/486/4142 4441/489/4138 6217/489/5763 6218/486/5767
f 4450/504/4158 4449/502/4156 6225/502/5781 6226/504/5783
f 4441/482/4138 4452/485/4141 6228/485/5764 6217/482/5763
f 4873/953/4570 4874/952/4572 6650/952/6185 6649/953/6184
f 4881/960/4579 4882/961/4580 6658/961/6193 6657/960/6192
f 4884/951/4571 4873/950/4570 6649/950/6184 6660/951/6183
f 4890/496/4594 4889/494/4592 6665/494/6205 6666/496/6207
f 5321/956/4923 5322/957/4924 7098/957/6535 7097/956/6534
f 3986/952/3705 3987/954/3706 5763/954/5365 5762/952/5364
f 3994/961/3713 3995/962/3714 5771/962/5373 5770/961/5372
f 4003/498/3729 4002/496/3727 5778/496/5386 5779/498/5388
f 3555/490/3277 3554/486/3275 5330/486/4934 5331/490/4936
f 3563/506/3293 3562/504/3291 5338/504/4950 5339/506/4952
f 5322/957/4924 5323/958/4925 7099/958/6536 7098/957/6535
f 4874/952/4572 4875/954/4573 6651/954/6186 6650/952/6185
f 4434/957/4132 4435/958/4133 6211/958/5758 6210/957/5757
f 4443/490/4144 4442/486/4142 6218/486/5767 6219/490/5769
f 4451/506/4160 4450/504/4158 6226/504/5783 6227/506/5785
f 4882/961/4580 4883/962/4581 6659/962/6194 6658/961/6193
f 4891/498/4596 4890/496/4594 6666/496/6207 6667/498/6209
f 4435/958/4133 4436/959/4134 6212/959/5759 6211/958/5758
f 4444/492/4146 4443/490/4144 6219/490/5769 6220/492/5771
f 4452/485/4141 4451/506/4160 6227/506/5785 6228/485/5764
f 4883/962/4581 4884/951/4571 6660/951/6183 6659/962/6194
f 5323/958/4925 5324/959/4926 7100/959/6537 7099/958/6536
f 3556/492/3279 3555/490/3277 5331/490/4936 5332/492/4938
f 3564/485/3274 3563/506/3293 5339/506/4952 5340/485/4931
f 4875/954/4573 4876/955/4574 6652/955/6187 6651/954/6186
f 3987/954/3706 3988/955/3707 5764/955/5366 5763/954/5365
f 3995/962/3714 3996/951/3704 5772/951/5362 5771/962/5373
f 4004/500/3731 4003/498/3729 5779/498/5388 5780/500/5390
f 4892/500/4598 4891/498/4596 6667/498/6209 6668/500/6211
f 4436/959/4134 4437/960/4135 6213/960/5760 6212/959/5759
f 4445/494/4148 4444/492/4146 6220/492/5771 6221/494/5773
f 4893/502/4600 4892/500/4598 6668/500/6211 6669/502/6213
f 4876/955/4574 4877/956/4575 6653/956/6188 6652/955/6187
f 3988/955/3707 3989/956/3708 5765/956/5367 5764/955/5366
f 4005/502/3733 4004/500/3731 5780/500/5390 5781/502/5392
f 5324/959/4926 5325/960/4927 7101/960/6538 7100/959/6537
f 3557/494/3281 3556/492/3279 5332/492/4938 5333/494/4940
f 3558/496/3283 3557/494/3281 5333/494/4940 5334/496/4942
f 4877/956/4575 4878/957/4576 6654/957/6189 6653/956/6188
f 4894/504/4602 4893/502/4600 6669/502/6213 6670/504/6215
f 4885/482/4582 4896/485/4585 6672/485/6196 6661/482/6195
f 5317/953/4918 5318/952/4920 7094/952/6531 7093/953/6530
f 3989/956/3708 3990/957/3709 5766/957/5368 5765/956/5367
f 3998/486/3719 3997/489/3715 5773/489/5374 5774/486/5378
f 4006/504/3735 4005/502/3733 5781/502/5392 5782/504/5394
f 3997/482/3715 4008/485/3718 5784/485/5375 5773/482/5374
f 5325/960/4927 5326/961/4928 7102/961/6539 7101/960/6538
f 5328/951/4919 5317/950/4918 7093/950/6530 7104/951/6529
f 4886/486/4586 4885/489/4582 6661/489/6195 6662/486/6199
f 4429/953/4126 4430/952/4128 6206/952/5753 6205/953/5752
f 4437/960/4135 4438/961/4136 6214/961/5761 6213/960/5760
f 4440/951/4127 4429/950/4126 6205/950/5752 6216/951/5751
f 4446/496/4150 4445/494/4148 6221/494/5773 6222/496/5775
f 5326/961/4928 5327/962/4929 7103/962/6540 7102/961/6539
f 3990/957/3709 3991/958/3710 5767/958/5369 5766/957/5368
f 3999/490/3721 3998/486/3719 5774/486/5378 5775/490/5380
f 4007/506/3737 4006/504/3735 5782/504/5394 5783/506/5396
f 3559/498/3285 3558/496/3283 5334/496/4942 5335/498/4944
f 4878/957/4576 4879/958/4577 6655/958/6190 6654/957/6189
f 4430/952/4128 4431/954/4129 6207/954/5754 6206/952/5753
f 4438/961/4136 4439/962/4137 6215/962/5762 6214/961/5761
f 4447/498/4152 4446/496/4150 6222/496/5775 6223/498/5777
f 4887/490/4588 4886/486/4586 6662/486/6199 6663/490/6201
f 5318/952/4920 5319/954/4921 7095/954/6532 7094/952/6531
f 4895/506/4604 4894/504/4602 6670/504/6215 6671/506/6217
f 4879/958/4577 4880/959/4578 6656/959/6191 6655/958/6190
f 4431/954/4129 4432/955/4130 6208/955/5755 6207/954/5754
f 4439/962/4137 4440/951/4127 6216/951/5751 6215/962/5762
f 5327/962/4929 5328/951/4919 7104/951/6529 7103/962/6540
f 4448/500/4154 4447/498/4152 6223/498/5777 6224/500/5779
f 4888/492/4590 4887/490/4588 6663/490/6201 6664/492/6203
f 3560/500/3287 3559/498/3285 5335/498/4944 5336/500/4946
f 5319/954/4921 5320/955/4922 7096/955/6533 7095/954/6532
f 3991/958/3710 3992/959/3711 5768/959/5370 5767/958/5369
f 4896/485/4585 4895/506/4604 6671/506/6217 6672/485/6196
f 4000/492/3723 3999/490/3721 5775/490/5380 5776/492/5382
f 4008/485/3718 4007/506/3737 5783/506/5396 5784/485/5375
f 4880/959/4578 4881/960/4579 6657/960/6192 6656/959/6191
f 4432/955/4130 4433/956/4131 6209/956/5756 6208/955/5755
f 4449/502/4156 4448/500/4154 6224/500/5779 6225/502/5781
f 5320/955/4922 5321/956/4923 7097/956/6534 7096/955/6533
f 4889/494/4592 4888/492/4590 6664/492/6203 6665/494/6205
f 3992/959/3711 3993/960/3712 5769/960/5371 5768/959/5370
f 4001/494/3725 4000/492/3723 5776/492/5382 5777/494/5384
f 3561/502/3289 3560/500/3287 5336/500/4946 5337/502/4948
o ECU-Mod_Cable-Plug-ABS.001
v -0.161802 0.016587 -0.089343
v -0.162092 0.016587 -0.088643
v -0.164602 0.016587 -0.092143
v -0.165302 0.016587 -0.091853
v -0.164602 0.016587 -0.103343
v -0.165302 0.016587 -0.103633
v -0.162092 0.016587 -0.106843
v -0.159002 0.016587 -0.089343
v -0.158712 0.016587 -0.088643
v -0.156202 0.016587 -0.092143
v -0.155502 0.016587 -0.091853
v -0.156202 0.016587 -0.103343
v -0.155502 0.016587 -0.103633
v -0.158712 0.016587 -0.106843
v -0.159002 0.016587 -0.106143
v -0.161802 0.016587 -0.106143
v -0.161802 0.008887 -0.106143
v -0.159002 0.008887 -0.106143
v -0.156202 0.008887 -0.103343
v -0.156202 0.008887 -0.092143
v -0.159002 0.008887 -0.089343
v -0.162852 0.012387 -0.094010
v -0.161452 0.012387 -0.094010
v -0.163202 0.012387 -0.093660
v -0.161102 0.012387 -0.093660
v -0.162852 0.012387 -0.093310
v -0.161452 0.012387 -0.093310
v -0.162852 0.008887 -0.093310
v -0.161452 0.008887 -0.093310
v -0.161102 0.008887 -0.093660
v -0.161452 0.008887 -0.094010
v -0.159352 0.012387 -0.097510
v -0.157952 0.012387 -0.097510
v -0.159702 0.012387 -0.097160
v -0.157602 0.012387 -0.097160
v -0.159352 0.012387 -0.096810
v -0.157952 0.012387 -0.096810
v -0.159352 0.008887 -0.096810
v -0.157952 0.008887 -0.096810
v -0.157602 0.008887 -0.097160
v -0.157952 0.008887 -0.097510
v -0.159352 0.012387 -0.092843
v -0.157952 0.012387 -0.092843
v -0.159702 0.012387 -0.092493
v -0.157602 0.012387 -0.092493
v -0.159352 0.012387 -0.092143
v -0.157952 0.012387 -0.092143
v -0.159352 0.008887 -0.092143
v -0.157952 0.008887 -0.092143
v -0.157602 0.008887 -0.092493
v -0.157952 0.008887 -0.092843
v -0.159352 0.012387 -0.095177
v -0.157952 0.012387 -0.095177
v -0.159702 0.012387 -0.094827
v -0.157602 0.012387 -0.094827
v -0.159352 0.012387 -0.094477
v -0.157952 0.012387 -0.094477
v -0.159352 0.008887 -0.094477
v -0.157952 0.008887 -0.094477
v -0.157602 0.008887 -0.094827
v -0.157952 0.008887 -0.095177
v -0.162852 0.012387 -0.103343
v -0.161452 0.012387 -0.103343
v -0.163202 0.012387 -0.102993
v -0.161102 0.012387 -0.102993
v -0.162852 0.012387 -0.102643
v -0.161452 0.012387 -0.102643
v -0.162852 0.008887 -0.102643
v -0.161452 0.008887 -0.102643
v -0.161102 0.008887 -0.102993
v -0.161452 0.008887 -0.103343
v -0.162852 0.012387 -0.101010
v -0.161452 0.012387 -0.101010
v -0.163202 0.012387 -0.100660
v -0.161102 0.012387 -0.100660
v -0.162852 0.012387 -0.100310
v -0.161452 0.012387 -0.100310
v -0.162852 0.008887 -0.100310
v -0.161452 0.008887 -0.100310
v -0.161102 0.008887 -0.100660
v -0.161452 0.008887 -0.101010
v -0.162852 0.012387 -0.098677
v -0.161452 0.012387 -0.098677
v -0.163202 0.012387 -0.098327
v -0.161102 0.012387 -0.098327
v -0.162852 0.012387 -0.097977
v -0.161452 0.012387 -0.097977
v -0.162852 0.008887 -0.097977
v -0.161452 0.008887 -0.097977
v -0.161102 0.008887 -0.098327
v -0.161452 0.008887 -0.098677
v -0.162852 0.012387 -0.096343
v -0.161452 0.012387 -0.096343
v -0.163202 0.012387 -0.095993
v -0.161102 0.012387 -0.095993
v -0.162852 0.012387 -0.095643
v -0.161452 0.012387 -0.095643
v -0.162852 0.008887 -0.095643
v -0.161452 0.008887 -0.095643
v -0.161102 0.008887 -0.095993
v -0.161452 0.008887 -0.096343
v -0.159352 0.012387 -0.102177
v -0.157952 0.012387 -0.102177
v -0.159702 0.012387 -0.101827
v -0.157602 0.012387 -0.101827
v -0.159352 0.012387 -0.101477
v -0.157952 0.012387 -0.101477
v -0.159352 0.008887 -0.101477
v -0.157952 0.008887 -0.101477
v -0.157602 0.008887 -0.101827
v -0.157952 0.008887 -0.102177
v -0.159352 0.012387 -0.101010
v -0.157952 0.012387 -0.101010
v -0.159702 0.012387 -0.100660
v -0.157602 0.012387 -0.100660
v -0.159352 0.012387 -0.100310
v -0.157952 0.012387 -0.100310
v -0.159352 0.008887 -0.100310
v -0.157952 0.008887 -0.100310
v -0.157602 0.008887 -0.100660
v -0.157952 0.008887 -0.101010
v -0.159352 0.012387 -0.096343
v -0.157952 0.012387 -0.096343
v -0.159702 0.012387 -0.095993
v -0.157602 0.012387 -0.095993
v -0.159352 0.012387 -0.095643
v -0.157952 0.012387 -0.095643
v -0.159352 0.008887 -0.095643
v -0.157952 0.008887 -0.095643
v -0.157602 0.008887 -0.095993
v -0.157952 0.008887 -0.096343
v -0.159352 0.012387 -0.098677
v -0.157952 0.012387 -0.098677
v -0.159702 0.012387 -0.098327
v -0.157602 0.012387 -0.098327
v -0.159352 0.012387 -0.097977
v -0.157952 0.012387 -0.097977
v -0.159352 0.008887 -0.097977
v -0.157952 0.008887 -0.097977
v -0.157602 0.008887 -0.098327
v -0.157952 0.008887 -0.098677
v -0.159352 0.012387 -0.099843
v -0.157952 0.012387 -0.099843
v -0.159702 0.012387 -0.099493
v -0.157602 0.012387 -0.099493
v -0.159352 0.012387 -0.099143
v -0.157952 0.012387 -0.099143
v -0.159352 0.008887 -0.099143
v -0.157952 0.008887 -0.099143
v -0.157602 0.008887 -0.099493
v -0.157952 0.008887 -0.099843
v -0.159352 0.012387 -0.103343
v -0.157952 0.012387 -0.103343
v -0.159702 0.012387 -0.102993
v -0.157602 0.012387 -0.102993
v -0.159352 0.012387 -0.102643
v -0.157952 0.012387 -0.102643
v -0.159352 0.008887 -0.102643
v -0.157952 0.008887 -0.102643
v -0.157602 0.008887 -0.102993
v -0.157952 0.008887 -0.103343
v -0.159352 0.012387 -0.094010
v -0.157952 0.012387 -0.094010
v -0.159702 0.012387 -0.093660
v -0.157602 0.012387 -0.093660
v -0.159352 0.012387 -0.093310
v -0.157952 0.012387 -0.093310
v -0.159352 0.008887 -0.093310
v -0.157952 0.008887 -0.093310
v -0.157602 0.008887 -0.093660
v -0.157952 0.008887 -0.094010
v -0.162852 0.012387 -0.099843
v -0.161452 0.012387 -0.099843
v -0.163202 0.012387 -0.099493
v -0.161102 0.012387 -0.099493
v -0.162852 0.012387 -0.099143
v -0.161452 0.012387 -0.099143
v -0.162852 0.008887 -0.099143
v -0.161452 0.008887 -0.099143
v -0.161102 0.008887 -0.099493
v -0.161452 0.008887 -0.099843
v -0.162852 0.012387 -0.095177
v -0.161452 0.012387 -0.095177
v -0.163202 0.012387 -0.094827
v -0.161102 0.012387 -0.094827
v -0.162852 0.012387 -0.094477
v -0.161452 0.012387 -0.094477
v -0.162852 0.008887 -0.094477
v -0.161452 0.008887 -0.094477
v -0.161102 0.008887 -0.094827
v -0.161452 0.008887 -0.095177
v -0.162852 0.012387 -0.092843
v -0.161452 0.012387 -0.092843
v -0.163202 0.012387 -0.092493
v -0.161102 0.012387 -0.092493
v -0.162852 0.012387 -0.092143
v -0.161452 0.012387 -0.092143
v -0.162852 0.008887 -0.092143
v -0.161452 0.008887 -0.092143
v -0.161102 0.008887 -0.092493
v -0.161452 0.008887 -0.092843
v -0.162852 0.012387 -0.097510
v -0.161452 0.012387 -0.097510
v -0.163202 0.012387 -0.097160
v -0.161102 0.012387 -0.097160
v -0.162852 0.012387 -0.096810
v -0.161452 0.012387 -0.096810
v -0.162852 0.008887 -0.096810
v -0.161452 0.008887 -0.096810
v -0.161102 0.008887 -0.097160
v -0.161452 0.008887 -0.097510
v -0.162852 0.012387 -0.102177
v -0.161452 0.012387 -0.102177
v -0.163202 0.012387 -0.101827
v -0.161102 0.012387 -0.101827
v -0.162852 0.012387 -0.101477
v -0.161452 0.012387 -0.101477
v -0.162852 0.008887 -0.101477
v -0.161452 0.008887 -0.101477
v -0.161102 0.008887 -0.101827
v -0.161452 0.008887 -0.102177
v -0.162852 0.008887 -0.095177
v -0.163202 0.008887 -0.094827
v -0.162852 0.008887 -0.099843
v -0.163202 0.008887 -0.099493
v -0.162852 0.008887 -0.092843
v -0.163202 0.008887 -0.092493
v -0.159352 0.008887 -0.096343
v -0.159702 0.008887 -0.095993
v -0.159352 0.008887 -0.101010
v -0.159702 0.008887 -0.100660
v -0.159352 0.008887 -0.102177
v -0.159702 0.008887 -0.101827
v -0.159352 0.008887 -0.097510
v -0.159702 0.008887 -0.097160
v -0.159352 0.008887 -0.092843
v -0.159702 0.008887 -0.092493
v -0.162852 0.008887 -0.101010
v -0.163202 0.008887 -0.100660
v -0.162852 0.008887 -0.096343
v -0.163202 0.008887 -0.095993
v -0.162852 0.008887 -0.094010
v -0.163202 0.008887 -0.093660
v -0.162852 0.008887 -0.098677
v -0.163202 0.008887 -0.098327
v -0.162852 0.008887 -0.103343
v -0.163202 0.008887 -0.102993
v -0.159352 0.008887 -0.095177
v -0.159702 0.008887 -0.094827
v -0.159352 0.008887 -0.099843
v -0.159702 0.008887 -0.099493
v -0.159352 0.008887 -0.103343
v -0.159702 0.008887 -0.102993
v -0.159352 0.008887 -0.098677
v -0.159702 0.008887 -0.098327
v -0.159352 0.008887 -0.094010
v -0.159702 0.008887 -0.093660
v -0.162852 0.008887 -0.102177
v -0.163202 0.008887 -0.101827
v -0.162852 0.008887 -0.097510
v -0.163202 0.008887 -0.097160
v -0.161802 0.008887 -0.089343
v -0.164602 0.008887 -0.092143
v -0.164602 0.008887 -0.103343
v -0.158886 0.017987 -0.089063
v -0.158423 0.016867 -0.087943
v -0.158558 0.017659 -0.088271
v -0.155922 0.017987 -0.092027
v -0.154802 0.016867 -0.091563
v -0.155130 0.017659 -0.091699
v -0.155922 0.017987 -0.103459
v -0.154802 0.016867 -0.103923
v -0.155130 0.017659 -0.103787
v -0.158886 0.017987 -0.106423
v -0.158423 0.016867 -0.107543
v -0.158558 0.017659 -0.107215
v -0.161918 0.017987 -0.106423
v -0.162382 0.016867 -0.107543
v -0.162246 0.017659 -0.107215
v -0.164882 0.017987 -0.103459
v -0.166002 0.016867 -0.103923
v -0.165674 0.017659 -0.103787
v -0.164882 0.017987 -0.092027
v -0.166002 0.016867 -0.091563
v -0.165674 0.017659 -0.091699
v -0.161918 0.017987 -0.089063
v -0.162382 0.016867 -0.087943
v -0.162246 0.017659 -0.088271
v -0.158423 0.008397 -0.087943
v -0.158510 0.008187 -0.088153
v -0.155012 0.008187 -0.091650
v -0.154802 0.008397 -0.091563
v -0.155012 0.008187 -0.103836
v -0.154802 0.008397 -0.103923
v -0.158510 0.008187 -0.107333
v -0.158423 0.008397 -0.107543
v -0.162295 0.008187 -0.107333
v -0.162382 0.008397 -0.107543
v -0.165792 0.008187 -0.103836
v -0.166002 0.008397 -0.103923
v -0.165792 0.008187 -0.091650
v -0.166002 0.008397 -0.091563
v -0.162295 0.008187 -0.088153
v -0.162382 0.008397 -0.087943
v -0.162179 0.008187 -0.088433
v -0.162092 0.008397 -0.088643
v -0.158712 0.008397 -0.088643
v -0.158625 0.008187 -0.088433
v -0.155502 0.008397 -0.091853
v -0.155292 0.008187 -0.091766
v -0.155502 0.008397 -0.103633
v -0.155292 0.008187 -0.103720
v -0.158712 0.008397 -0.106843
v -0.158625 0.008187 -0.107053
v -0.165512 0.008187 -0.091766
v -0.165302 0.008397 -0.091853
v -0.165512 0.008187 -0.103720
v -0.165302 0.008397 -0.103633
v -0.162179 0.008187 -0.107053
v -0.162092 0.008397 -0.106843
vn -0.0000 -1.0000 -0.0000
vn -0.0000 -0.0000 -1.0000
vn -0.7071 -0.0000 -0.7071
vn -1.0000 -0.0000 -0.0000
vn -0.7071 -0.0000 0.7071
vn 0.7071 -0.0000 0.7071
vn -0.0000 -0.0000 1.0000
vn -0.0000 1.0000 -0.0000
vn 0.7071 -0.0000 -0.7071
vn 1.0000 -0.0000 -0.0000
vn 0.6533 0.3827 0.6533
vn 0.2706 0.9239 0.2706
vn 0.9239 0.3827 -0.0000
vn 0.3827 0.9239 -0.0000
vn 0.6533 0.3827 -0.6533
vn 0.2706 0.9239 -0.2706
vn -0.0000 0.3827 -0.9239
vn -0.0000 0.9239 -0.3827
vn -0.6533 0.3827 -0.6533
vn -0.2706 0.9239 -0.2706
vn -0.9239 0.3827 -0.0000
vn -0.3827 0.9239 -0.0000
vn -0.6533 0.3827 0.6533
vn -0.2706 0.9239 0.2706
vn -0.0000 0.9239 0.3827
vn -0.0000 0.3827 0.9239
vn 0.5000 -0.7071 0.5000
vn 0.7071 -0.7071 -0.0000
vn 0.5000 -0.7071 -0.5000
vn -0.0000 -0.7071 -0.7071
vn -0.5000 -0.7071 -0.5000
vn -0.7071 -0.7071 -0.0000
vn -0.5000 -0.7071 0.5000
vn -0.0000 -0.7071 0.7071
s 0
usemtl Black_Acent
f 7105//6541 7106//6541 7107//6541
f 7107//6541 7106//6541 7108//6541
f 7107//6541 7108//6541 7109//6541
f 7109//6541 7108//6541 7110//6541
f 7109//6541 7110//6541 7111//6541
f 7105//6541 7112//6541 7106//6541
f 7106//6541 7112//6541 7113//6541
f 7113//6541 7112//6541 7114//6541
f 7113//6541 7114//6541 7115//6541
f 7115//6541 7114//6541 7116//6541
f 7115//6541 7116//6541 7117//6541
f 7117//6541 7116//6541 7118//6541
f 7118//6541 7116//6541 7119//6541
f 7118//6541 7119//6541 7120//6541
f 7118//6541 7120//6541 7111//6541
f 7111//6541 7120//6541 7109//6541
f 7410//6542 7113//6542 7411//6542
f 7412//6541 7407//6541 7409//6541
f 7411//6543 7115//6543 7413//6543
f 7414//6541 7394//6541 7412//6541
f 7413//6544 7117//6544 7415//6544
f 7416//6541 7395//6541 7414//6541
f 7415//6545 7118//6545 7417//6545
f 7418//6541 7399//6541 7416//6541
f 7424//6546 7110//6546 7422//6546
f 7409//6541 7407//6541 7419//6541
f 7111//6546 7110//6546 7424//6546
f 7419//6541 7405//6541 7421//6541
f 7399//6541 7423//6541 7401//6541
f 7401//6541 7423//6541 7421//6541
f 7417//6547 7111//6547 7424//6547
f 7418//6541 7423//6541 7399//6541
f 7118//6547 7111//6547 7417//6547
f 7390//6548 7369//6548 7372//6548 7375//6548 7378//6548 7381//6548 7384//6548 7387//6548
f 7398//6549 7400//6549 7376//6549
f 7400//6542 7402//6542 7379//6542
f 7422//6550 7108//6550 7420//6550
f 7402//6543 7404//6543 7382//6543
f 7110//6550 7108//6550 7422//6550
f 7404//6544 7406//6544 7385//6544
f 7108//6549 7106//6549 7420//6549
f 7406//6545 7408//6545 7388//6545
f 7113//6543 7115//6543 7411//6543
f 7391//6547 7393//6547 7370//6547
f 7115//6544 7117//6544 7413//6544
f 7370//6546 7396//6546 7373//6546
f 7412//6541 7394//6541 7407//6541
f 7408//6547 7393//6547 7391//6547
f 7396//6550 7398//6550 7373//6550
f 7106//6542 7113//6542 7410//6542
f 7388//6545 7408//6545 7391//6545
f 7419//6541 7407//6541 7405//6541
f 7385//6544 7406//6544 7388//6544
f 7382//6543 7404//6543 7385//6543
f 7421//6541 7403//6541 7401//6541
f 7421//6541 7405//6541 7403//6541
f 7373//6550 7398//6550 7376//6550
f 7414//6541 7395//6541 7394//6541
f 7416//6541 7397//6541 7395//6541
f 7376//6549 7400//6549 7379//6549
f 7379//6542 7402//6542 7382//6542
f 7120//6542 7119//6542 7121//6542
f 7121//6542 7119//6542 7122//6542
f 7119//6549 7116//6549 7122//6549
f 7122//6549 7116//6549 7123//6549
f 7116//6550 7114//6550 7123//6550
f 7123//6550 7114//6550 7124//6550
f 7114//6546 7112//6546 7124//6546
f 7124//6546 7112//6546 7125//6546
f 7126//6541 7127//6541 7128//6541
f 7128//6541 7127//6541 7129//6541
f 7128//6541 7129//6541 7130//6541
f 7130//6541 7129//6541 7131//6541
f 7130//6542 7131//6542 7132//6542
f 7132//6542 7131//6542 7133//6542
f 7131//6543 7129//6543 7133//6543
f 7133//6543 7129//6543 7134//6543
f 7129//6545 7127//6545 7134//6545
f 7134//6545 7127//6545 7135//6545
f 7136//6541 7137//6541 7138//6541
f 7138//6541 7137//6541 7139//6541
f 7138//6541 7139//6541 7140//6541
f 7140//6541 7139//6541 7141//6541
f 7140//6542 7141//6542 7142//6542
f 7142//6542 7141//6542 7143//6542
f 7141//6543 7139//6543 7143//6543
f 7143//6543 7139//6543 7144//6543
f 7139//6545 7137//6545 7144//6545
f 7144//6545 7137//6545 7145//6545
f 7146//6541 7147//6541 7148//6541
f 7148//6541 7147//6541 7149//6541
f 7148//6541 7149//6541 7150//6541
f 7150//6541 7149//6541 7151//6541
f 7150//6542 7151//6542 7152//6542
f 7152//6542 7151//6542 7153//6542
f 7151//6543 7149//6543 7153//6543
f 7153//6543 7149//6543 7154//6543
f 7149//6545 7147//6545 7154//6545
f 7154//6545 7147//6545 7155//6545
f 7156//6541 7157//6541 7158//6541
f 7158//6541 7157//6541 7159//6541
f 7158//6541 7159//6541 7160//6541
f 7160//6541 7159//6541 7161//6541
f 7160//6542 7161//6542 7162//6542
f 7162//6542 7161//6542 7163//6542
f 7161//6543 7159//6543 7163//6543
f 7163//6543 7159//6543 7164//6543
f 7159//6545 7157//6545 7164//6545
f 7164//6545 7157//6545 7165//6545
f 7166//6541 7167//6541 7168//6541
f 7168//6541 7167//6541 7169//6541
f 7168//6541 7169//6541 7170//6541
f 7170//6541 7169//6541 7171//6541
f 7170//6542 7171//6542 7172//6542
f 7172//6542 7171//6542 7173//6542
f 7171//6543 7169//6543 7173//6543
f 7173//6543 7169//6543 7174//6543
f 7169//6545 7167//6545 7174//6545
f 7174//6545 7167//6545 7175//6545
f 7176//6541 7177//6541 7178//6541
f 7178//6541 7177//6541 7179//6541
f 7178//6541 7179//6541 7180//6541
f 7180//6541 7179//6541 7181//6541
f 7180//6542 7181//6542 7182//6542
f 7182//6542 7181//6542 7183//6542
f 7181//6543 7179//6543 7183//6543
f 7183//6543 7179//6543 7184//6543
f 7179//6545 7177//6545 7184//6545
f 7184//6545 7177//6545 7185//6545
f 7186//6541 7187//6541 7188//6541
f 7188//6541 7187//6541 7189//6541
f 7188//6541 7189//6541 7190//6541
f 7190//6541 7189//6541 7191//6541
f 7190//6542 7191//6542 7192//6542
f 7192//6542 7191//6542 7193//6542
f 7191//6543 7189//6543 7193//6543
f 7193//6543 7189//6543 7194//6543
f 7189//6545 7187//6545 7194//6545
f 7194//6545 7187//6545 7195//6545
f 7196//6541 7197//6541 7198//6541
f 7198//6541 7197//6541 7199//6541
f 7198//6541 7199//6541 7200//6541
f 7200//6541 7199//6541 7201//6541
f 7200//6542 7201//6542 7202//6542
f 7202//6542 7201//6542 7203//6542
f 7201//6543 7199//6543 7203//6543
f 7203//6543 7199//6543 7204//6543
f 7199//6545 7197//6545 7204//6545
f 7204//6545 7197//6545 7205//6545
f 7206//6541 7207//6541 7208//6541
f 7208//6541 7207//6541 7209//6541
f 7208//6541 7209//6541 7210//6541
f 7210//6541 7209//6541 7211//6541
f 7210//6542 7211//6542 7212//6542
f 7212//6542 7211//6542 7213//6542
f 7211//6543 7209//6543 7213//6543
f 7213//6543 7209//6543 7214//6543
f 7209//6545 7207//6545 7214//6545
f 7214//6545 7207//6545 7215//6545
f 7216//6541 7217//6541 7218//6541
f 7218//6541 7217//6541 7219//6541
f 7218//6541 7219//6541 7220//6541
f 7220//6541 7219//6541 7221//6541
f 7220//6542 7221//6542 7222//6542
f 7222//6542 7221//6542 7223//6542
f 7221//6543 7219//6543 7223//6543
f 7223//6543 7219//6543 7224//6543
f 7219//6545 7217//6545 7224//6545
f 7224//6545 7217//6545 7225//6545
f 7226//6541 7227//6541 7228//6541
f 7228//6541 7227//6541 7229//6541
f 7228//6541 7229//6541 7230//6541
f 7230//6541 7229//6541 7231//6541
f 7230//6542 7231//6542 7232//6542
f 7232//6542 7231//6542 7233//6542
f 7231//6543 7229//6543 7233//6543
f 7233//6543 7229//6543 7234//6543
f 7229//6545 7227//6545 7234//6545
f 7234//6545 7227//6545 7235//6545
f 7236//6541 7237//6541 7238//6541
f 7238//6541 7237//6541 7239//6541
f 7238//6541 7239//6541 7240//6541
f 7240//6541 7239//6541 7241//6541
f 7240//6542 7241//6542 7242//6542
f 7242//6542 7241//6542 7243//6542
f 7241//6543 7239//6543 7243//6543
f 7243//6543 7239//6543 7244//6543
f 7239//6545 7237//6545 7244//6545
f 7244//6545 7237//6545 7245//6545
f 7246//6541 7247//6541 7248//6541
f 7248//6541 7247//6541 7249//6541
f 7248//6541 7249//6541 7250//6541
f 7250//6541 7249//6541 7251//6541
f 7250//6542 7251//6542 7252//6542
f 7252//6542 7251//6542 7253//6542
f 7251//6543 7249//6543 7253//6543
f 7253//6543 7249//6543 7254//6543
f 7249//6545 7247//6545 7254//6545
f 7254//6545 7247//6545 7255//6545
f 7256//6541 7257//6541 7258//6541
f 7258//6541 7257//6541 7259//6541
f 7258//6541 7259//6541 7260//6541
f 7260//6541 7259//6541 7261//6541
f 7260//6542 7261//6542 7262//6542
f 7262//6542 7261//6542 7263//6542
f 7261//6543 7259//6543 7263//6543
f 7263//6543 7259//6543 7264//6543
f 7259//6545 7257//6545 7264//6545
f 7264//6545 7257//6545 7265//6545
f 7266//6541 7267//6541 7268//6541
f 7268//6541 7267//6541 7269//6541
f 7268//6541 7269//6541 7270//6541
f 7270//6541 7269//6541 7271//6541
f 7270//6542 7271//6542 7272//6542
f 7272//6542 7271//6542 7273//6542
f 7271//6543 7269//6543 7273//6543
f 7273//6543 7269//6543 7274//6543
f 7269//6545 7267//6545 7274//6545
f 7274//6545 7267//6545 7275//6545
f 7276//6541 7277//6541 7278//6541
f 7278//6541 7277//6541 7279//6541
f 7278//6541 7279//6541 7280//6541
f 7280//6541 7279//6541 7281//6541
f 7280//6542 7281//6542 7282//6542
f 7282//6542 7281//6542 7283//6542
f 7281//6543 7279//6543 7283//6543
f 7283//6543 7279//6543 7284//6543
f 7279//6545 7277//6545 7284//6545
f 7284//6545 7277//6545 7285//6545
f 7286//6541 7287//6541 7288//6541
f 7288//6541 7287//6541 7289//6541
f 7288//6541 7289//6541 7290//6541
f 7290//6541 7289//6541 7291//6541
f 7290//6542 7291//6542 7292//6542
f 7292//6542 7291//6542 7293//6542
f 7291//6543 7289//6543 7293//6543
f 7293//6543 7289//6543 7294//6543
f 7289//6545 7287//6545 7294//6545
f 7294//6545 7287//6545 7295//6545
f 7296//6541 7297//6541 7298//6541
f 7298//6541 7297//6541 7299//6541
f 7298//6541 7299//6541 7300//6541
f 7300//6541 7299//6541 7301//6541
f 7300//6542 7301//6542 7302//6542
f 7302//6542 7301//6542 7303//6542
f 7301//6543 7299//6543 7303//6543
f 7303//6543 7299//6543 7304//6543
f 7299//6545 7297//6545 7304//6545
f 7304//6545 7297//6545 7305//6545
f 7306//6541 7307//6541 7308//6541
f 7308//6541 7307//6541 7309//6541
f 7308//6541 7309//6541 7310//6541
f 7310//6541 7309//6541 7311//6541
f 7310//6542 7311//6542 7312//6542
f 7312//6542 7311//6542 7313//6542
f 7311//6543 7309//6543 7313//6543
f 7313//6543 7309//6543 7314//6543
f 7309//6545 7307//6545 7314//6545
f 7314//6545 7307//6545 7315//6545
f 7316//6541 7317//6541 7318//6541
f 7318//6541 7317//6541 7319//6541
f 7318//6541 7319//6541 7320//6541
f 7320//6541 7319//6541 7321//6541
f 7320//6542 7321//6542 7322//6542
f 7322//6542 7321//6542 7323//6542
f 7321//6543 7319//6543 7323//6543
f 7323//6543 7319//6543 7324//6543
f 7319//6545 7317//6545 7324//6545
f 7324//6545 7317//6545 7325//6545
f 7287//6547 7286//6547 7295//6547
f 7295//6547 7286//6547 7326//6547
f 7286//6546 7288//6546 7326//6546
f 7326//6546 7288//6546 7327//6546
f 7288//6549 7290//6549 7327//6549
f 7327//6549 7290//6549 7292//6549
f 7277//6547 7276//6547 7285//6547
f 7285//6547 7276//6547 7328//6547
f 7276//6546 7278//6546 7328//6546
f 7328//6546 7278//6546 7329//6546
f 7278//6549 7280//6549 7329//6549
f 7329//6549 7280//6549 7282//6549
f 7297//6547 7296//6547 7305//6547
f 7305//6547 7296//6547 7330//6547
f 7296//6546 7298//6546 7330//6546
f 7330//6546 7298//6546 7331//6546
f 7298//6549 7300//6549 7331//6549
f 7331//6549 7300//6549 7302//6549
f 7227//6547 7226//6547 7235//6547
f 7235//6547 7226//6547 7332//6547
f 7226//6546 7228//6546 7332//6546
f 7332//6546 7228//6546 7333//6546
f 7228//6549 7230//6549 7333//6549
f 7333//6549 7230//6549 7232//6549
f 7217//6547 7216//6547 7225//6547
f 7225//6547 7216//6547 7334//6547
f 7216//6546 7218//6546 7334//6546
f 7334//6546 7218//6546 7335//6546
f 7218//6549 7220//6549 7335//6549
f 7335//6549 7220//6549 7222//6549
f 7207//6547 7206//6547 7215//6547
f 7215//6547 7206//6547 7336//6547
f 7206//6546 7208//6546 7336//6546
f 7336//6546 7208//6546 7337//6546
f 7208//6549 7210//6549 7337//6549
f 7337//6549 7210//6549 7212//6549
f 7137//6547 7136//6547 7145//6547
f 7145//6547 7136//6547 7338//6547
f 7136//6546 7138//6546 7338//6546
f 7338//6546 7138//6546 7339//6546
f 7138//6549 7140//6549 7339//6549
f 7339//6549 7140//6549 7142//6549
f 7147//6547 7146//6547 7155//6547
f 7155//6547 7146//6547 7340//6547
f 7146//6546 7148//6546 7340//6546
f 7340//6546 7148//6546 7341//6546
f 7148//6549 7150//6549 7341//6549
f 7341//6549 7150//6549 7152//6549
f 7177//6547 7176//6547 7185//6547
f 7185//6547 7176//6547 7342//6547
f 7176//6546 7178//6546 7342//6546
f 7342//6546 7178//6546 7343//6546
f 7178//6549 7180//6549 7343//6549
f 7343//6549 7180//6549 7182//6549
f 7197//6547 7196//6547 7205//6547
f 7205//6547 7196//6547 7344//6547
f 7196//6546 7198//6546 7344//6546
f 7344//6546 7198//6546 7345//6546
f 7198//6549 7200//6549 7345//6549
f 7345//6549 7200//6549 7202//6549
f 7127//6547 7126//6547 7135//6547
f 7135//6547 7126//6547 7346//6547
f 7126//6546 7128//6546 7346//6546
f 7346//6546 7128//6546 7347//6546
f 7128//6549 7130//6549 7347//6549
f 7347//6549 7130//6549 7132//6549
f 7187//6547 7186//6547 7195//6547
f 7195//6547 7186//6547 7348//6547
f 7186//6546 7188//6546 7348//6546
f 7348//6546 7188//6546 7349//6546
f 7188//6549 7190//6549 7349//6549
f 7349//6549 7190//6549 7192//6549
f 7167//6547 7166//6547 7175//6547
f 7175//6547 7166//6547 7350//6547
f 7166//6546 7168//6546 7350//6546
f 7350//6546 7168//6546 7351//6546
f 7168//6549 7170//6549 7351//6549
f 7351//6549 7170//6549 7172//6549
f 7157//6547 7156//6547 7165//6547
f 7165//6547 7156//6547 7352//6547
f 7156//6546 7158//6546 7352//6546
f 7352//6546 7158//6546 7353//6546
f 7158//6549 7160//6549 7353//6549
f 7353//6549 7160//6549 7162//6549
f 7247//6547 7246//6547 7255//6547
f 7255//6547 7246//6547 7354//6547
f 7246//6546 7248//6546 7354//6546
f 7354//6546 7248//6546 7355//6546
f 7248//6549 7250//6549 7355//6549
f 7355//6549 7250//6549 7252//6549
f 7257//6547 7256//6547 7265//6547
f 7265//6547 7256//6547 7356//6547
f 7256//6546 7258//6546 7356//6546
f 7356//6546 7258//6546 7357//6546
f 7258//6549 7260//6549 7357//6549
f 7357//6549 7260//6549 7262//6549
f 7237//6547 7236//6547 7245//6547
f 7245//6547 7236//6547 7358//6547
f 7236//6546 7238//6546 7358//6546
f 7358//6546 7238//6546 7359//6546
f 7238//6549 7240//6549 7359//6549
f 7359//6549 7240//6549 7242//6549
f 7267//6547 7266//6547 7275//6547
f 7275//6547 7266//6547 7360//6547
f 7266//6546 7268//6546 7360//6546
f 7360//6546 7268//6546 7361//6546
f 7268//6549 7270//6549 7361//6549
f 7361//6549 7270//6549 7272//6549
f 7317//6547 7316//6547 7325//6547
f 7325//6547 7316//6547 7362//6547
f 7316//6546 7318//6546 7362//6546
f 7362//6546 7318//6546 7363//6546
f 7318//6549 7320//6549 7363//6549
f 7363//6549 7320//6549 7322//6549
f 7307//6547 7306//6547 7315//6547
f 7315//6547 7306//6547 7364//6547
f 7306//6546 7308//6546 7364//6546
f 7364//6546 7308//6546 7365//6546
f 7308//6549 7310//6549 7365//6549
f 7365//6549 7310//6549 7312//6549
f 7105//6545 7107//6545 7366//6545
f 7366//6545 7107//6545 7367//6545
f 7107//6544 7109//6544 7367//6544
f 7367//6544 7109//6544 7368//6544
f 7109//6543 7120//6543 7368//6543
f 7368//6543 7120//6543 7121//6543
f 7112//6547 7105//6547 7125//6547
f 7125//6547 7105//6547 7366//6547
f 7366//6541 7341//6541 7125//6541
f 7125//6541 7341//6541 7152//6541
f 7125//6541 7152//6541 7153//6541
f 7367//6541 7302//6541 7366//6541
f 7366//6541 7302//6541 7303//6541
f 7366//6541 7303//6541 7304//6541
f 7368//6541 7349//6541 7367//6541
f 7367//6541 7349//6541 7365//6541
f 7367//6541 7365//6541 7345//6541
f 7345//6541 7365//6541 7312//6541
f 7345//6541 7312//6541 7344//6541
f 7344//6541 7312//6541 7313//6541
f 7344//6541 7313//6541 7205//6541
f 7205//6541 7313//6541 7204//6541
f 7204//6541 7313//6541 7314//6541
f 7204//6541 7314//6541 7339//6541
f 7339//6541 7314//6541 7359//6541
f 7339//6541 7359//6541 7242//6541
f 7121//6541 7350//6541 7368//6541
f 7368//6541 7350//6541 7351//6541
f 7368//6541 7351//6541 7363//6541
f 7363//6541 7351//6541 7172//6541
f 7363//6541 7172//6541 7362//6541
f 7362//6541 7172//6541 7173//6541
f 7362//6541 7173//6541 7325//6541
f 7325//6541 7173//6541 7324//6541
f 7324//6541 7173//6541 7174//6541
f 7324//6541 7174//6541 7357//6541
f 7357//6541 7174//6541 7122//6541
f 7357//6541 7122//6541 7356//6541
f 7356//6541 7122//6541 7265//6541
f 7265//6541 7122//6541 7123//6541
f 7265//6541 7123//6541 7264//6541
f 7264//6541 7123//6541 7214//6541
f 7264//6541 7214//6541 7263//6541
f 7263//6541 7214//6541 7215//6541
f 7263//6541 7215//6541 7336//6541
f 7122//6541 7174//6541 7121//6541
f 7121//6541 7174//6541 7175//6541
f 7121//6541 7175//6541 7350//6541
f 7124//6541 7244//6541 7123//6541
f 7123//6541 7244//6541 7254//6541
f 7123//6541 7254//6541 7224//6541
f 7224//6541 7254//6541 7223//6541
f 7223//6541 7254//6541 7255//6541
f 7223//6541 7255//6541 7354//6541
f 7125//6541 7153//6541 7124//6541
f 7124//6541 7153//6541 7154//6541
f 7124//6541 7154//6541 7274//6541
f 7274//6541 7154//6541 7155//6541
f 7274//6541 7155//6541 7273//6541
f 7273//6541 7155//6541 7340//6541
f 7273//6541 7340//6541 7272//6541
f 7272//6541 7340//6541 7341//6541
f 7272//6541 7341//6541 7361//6541
f 7361//6541 7341//6541 7304//6541
f 7361//6541 7304//6541 7134//6541
f 7134//6541 7304//6541 7133//6541
f 7133//6541 7304//6541 7305//6541
f 7133//6541 7305//6541 7330//6541
f 7315//6541 7193//6541 7314//6541
f 7314//6541 7193//6541 7194//6541
f 7314//6541 7194//6541 7359//6541
f 7359//6541 7194//6541 7355//6541
f 7359//6541 7355//6541 7252//6541
f 7315//6541 7364//6541 7193//6541
f 7193//6541 7364//6541 7192//6541
f 7192//6541 7364//6541 7365//6541
f 7192//6541 7365//6541 7349//6541
f 7324//6541 7184//6541 7323//6541
f 7323//6541 7184//6541 7185//6541
f 7323//6541 7185//6541 7342//6541
f 7368//6541 7363//6541 7343//6541
f 7343//6541 7363//6541 7322//6541
f 7343//6541 7322//6541 7342//6541
f 7342//6541 7322//6541 7323//6541
f 7275//6541 7163//6541 7274//6541
f 7274//6541 7163//6541 7164//6541
f 7274//6541 7164//6541 7124//6541
f 7124//6541 7164//6541 7234//6541
f 7124//6541 7234//6541 7144//6541
f 7144//6541 7234//6541 7143//6541
f 7143//6541 7234//6541 7235//6541
f 7143//6541 7235//6541 7332//6541
f 7275//6541 7360//6541 7163//6541
f 7163//6541 7360//6541 7162//6541
f 7162//6541 7360//6541 7361//6541
f 7162//6541 7361//6541 7353//6541
f 7353//6541 7361//6541 7134//6541
f 7353//6541 7134//6541 7294//6541
f 7294//6541 7134//6541 7293//6541
f 7293//6541 7134//6541 7135//6541
f 7293//6541 7135//6541 7346//6541
f 7244//6541 7144//6541 7243//6541
f 7243//6541 7144//6541 7145//6541
f 7243//6541 7145//6541 7338//6541
f 7254//6541 7244//6541 7253//6541
f 7253//6541 7244//6541 7245//6541
f 7253//6541 7245//6541 7358//6541
f 7253//6541 7358//6541 7252//6541
f 7252//6541 7358//6541 7359//6541
f 7339//6541 7242//6541 7338//6541
f 7338//6541 7242//6541 7243//6541
f 7324//6541 7357//6541 7337//6541
f 7337//6541 7357//6541 7262//6541
f 7337//6541 7262//6541 7336//6541
f 7336//6541 7262//6541 7263//6541
f 7223//6541 7354//6541 7222//6541
f 7222//6541 7354//6541 7355//6541
f 7222//6541 7355//6541 7335//6541
f 7335//6541 7355//6541 7284//6541
f 7335//6541 7284//6541 7184//6541
f 7184//6541 7284//6541 7183//6541
f 7183//6541 7284//6541 7285//6541
f 7183//6541 7285//6541 7328//6541
f 7234//6541 7164//6541 7233//6541
f 7233//6541 7164//6541 7165//6541
f 7233//6541 7165//6541 7352//6541
f 7233//6541 7352//6541 7232//6541
f 7232//6541 7352//6541 7353//6541
f 7232//6541 7353//6541 7333//6541
f 7333//6541 7353//6541 7294//6541
f 7333//6541 7294//6541 7204//6541
f 7204//6541 7294//6541 7203//6541
f 7203//6541 7294//6541 7295//6541
f 7203//6541 7295//6541 7326//6541
f 7195//6541 7283//6541 7194//6541
f 7194//6541 7283//6541 7284//6541
f 7194//6541 7284//6541 7355//6541
f 7195//6541 7348//6541 7283//6541
f 7283//6541 7348//6541 7282//6541
f 7282//6541 7348//6541 7349//6541
f 7282//6541 7349//6541 7329//6541
f 7329//6541 7349//6541 7368//6541
f 7329//6541 7368//6541 7343//6541
f 7293//6541 7346//6541 7292//6541
f 7292//6541 7346//6541 7347//6541
f 7292//6541 7347//6541 7327//6541
f 7327//6541 7347//6541 7367//6541
f 7327//6541 7367//6541 7345//6541
f 7132//6541 7330//6541 7347//6541
f 7347//6541 7330//6541 7331//6541
f 7347//6541 7331//6541 7367//6541
f 7367//6541 7331//6541 7302//6541
f 7132//6541 7133//6541 7330//6541
f 7345//6541 7202//6541 7327//6541
f 7327//6541 7202//6541 7326//6541
f 7326//6541 7202//6541 7203//6541
f 7343//6541 7182//6541 7329//6541
f 7329//6541 7182//6541 7328//6541
f 7328//6541 7182//6541 7183//6541
f 7204//6541 7339//6541 7333//6541
f 7333//6541 7339//6541 7142//6541
f 7333//6541 7142//6541 7332//6541
f 7332//6541 7142//6541 7143//6541
f 7214//6541 7224//6541 7213//6541
f 7213//6541 7224//6541 7225//6541
f 7213//6541 7225//6541 7334//6541
f 7212//6541 7335//6541 7337//6541
f 7337//6541 7335//6541 7184//6541
f 7337//6541 7184//6541 7324//6541
f 7335//6541 7212//6541 7334//6541
f 7334//6541 7212//6541 7213//6541
f 7341//6541 7366//6541 7304//6541
f 7244//6541 7124//6541 7144//6541
f 7214//6541 7123//6541 7224//6541
f 7416//6541 7399//6541 7397//6541
f 7370//6551 7373//6551 7374//6551 7371//6551
f 7371//6552 7374//6552 7372//6552 7369//6552
f 7373//6553 7376//6553 7377//6553 7374//6553
f 7374//6554 7377//6554 7375//6554 7372//6554
f 7376//6555 7379//6555 7380//6555 7377//6555
f 7377//6556 7380//6556 7378//6556 7375//6556
f 7379//6557 7382//6557 7383//6557 7380//6557
f 7380//6558 7383//6558 7381//6558 7378//6558
f 7382//6559 7385//6559 7386//6559 7383//6559
f 7383//6560 7386//6560 7384//6560 7381//6560
f 7385//6561 7388//6561 7389//6561 7386//6561
f 7386//6562 7389//6562 7387//6562 7384//6562
f 7388//6563 7391//6563 7392//6563 7389//6563
f 7389//6564 7392//6564 7390//6564 7387//6564
f 7369//6565 7390//6565 7392//6565 7371//6565
f 7371//6566 7392//6566 7391//6566 7370//6566
f 7393//6546 7396//6546 7370//6546
f 7394//6567 7395//6567 7396//6567 7393//6567
f 7395//6568 7397//6568 7398//6568 7396//6568
f 7397//6569 7399//6569 7400//6569 7398//6569
f 7399//6570 7401//6570 7402//6570 7400//6570
f 7401//6571 7403//6571 7404//6571 7402//6571
f 7403//6572 7405//6572 7406//6572 7404//6572
f 7405//6573 7407//6573 7408//6573 7406//6573
f 7393//6574 7408//6574 7407//6574 7394//6574
f 7117//6545 7118//6545 7415//6545
f 7410//6570 7411//6570 7412//6570 7409//6570
f 7411//6571 7413//6571 7414//6571 7412//6571
f 7413//6572 7415//6572 7416//6572 7414//6572
f 7415//6573 7417//6573 7418//6573 7416//6573
f 7409//6569 7419//6569 7420//6569 7410//6569
f 7419//6568 7421//6568 7422//6568 7420//6568
f 7421//6567 7423//6567 7424//6567 7422//6567
f 7417//6574 7424//6574 7423//6574 7418//6574
f 7420//6549 7106//6549 7410//6549
o ECU-Mod_Cable-Plug-ABS.002
v -0.025540 0.016947 -0.121775
v -0.025540 0.017237 -0.121075
v -0.025540 0.019747 -0.124575
v -0.025540 0.020447 -0.124285
v -0.025540 0.019747 -0.135774
v -0.025540 0.020447 -0.136064
v -0.025540 0.017237 -0.139275
v -0.025540 0.014147 -0.121775
v -0.025540 0.013857 -0.121075
v -0.025540 0.011347 -0.124575
v -0.025540 0.010647 -0.124285
v -0.025540 0.011347 -0.135774
v -0.025540 0.010647 -0.136064
v -0.025540 0.013857 -0.139275
v -0.025540 0.014147 -0.138575
v -0.025540 0.016947 -0.138575
v -0.033240 0.016947 -0.138575
v -0.033240 0.014147 -0.138575
v -0.033240 0.011347 -0.135774
v -0.033240 0.011347 -0.124575
v -0.033240 0.014147 -0.121775
v -0.029740 0.017997 -0.126441
v -0.029740 0.016597 -0.126441
v -0.029740 0.018347 -0.126091
v -0.029740 0.016247 -0.126091
v -0.029740 0.017997 -0.125741
v -0.029740 0.016597 -0.125741
v -0.033240 0.017997 -0.125741
v -0.033240 0.016597 -0.125741
v -0.033240 0.016247 -0.126091
v -0.033240 0.016597 -0.126441
v -0.029740 0.014497 -0.129941
v -0.029740 0.013097 -0.129941
v -0.029740 0.014847 -0.129591
v -0.029740 0.012747 -0.129591
v -0.029740 0.014497 -0.129241
v -0.029740 0.013097 -0.129241
v -0.033240 0.014497 -0.129241
v -0.033240 0.013097 -0.129241
v -0.033240 0.012747 -0.129591
v -0.033240 0.013097 -0.129941
v -0.029740 0.014497 -0.125275
v -0.029740 0.013097 -0.125275
v -0.029740 0.014847 -0.124925
v -0.029740 0.012747 -0.124925
v -0.029740 0.014497 -0.124575
v -0.029740 0.013097 -0.124575
v -0.033240 0.014497 -0.124575
v -0.033240 0.013097 -0.124575
v -0.033240 0.012747 -0.124925
v -0.033240 0.013097 -0.125275
v -0.029740 0.014497 -0.127608
v -0.029740 0.013097 -0.127608
v -0.029740 0.014847 -0.127258
v -0.029740 0.012747 -0.127258
v -0.029740 0.014497 -0.126908
v -0.029740 0.013097 -0.126908
v -0.033240 0.014497 -0.126908
v -0.033240 0.013097 -0.126908
v -0.033240 0.012747 -0.127258
v -0.033240 0.013097 -0.127608
v -0.029740 0.017997 -0.135774
v -0.029740 0.016597 -0.135774
v -0.029740 0.018347 -0.135424
v -0.029740 0.016247 -0.135424
v -0.029740 0.017997 -0.135074
v -0.029740 0.016597 -0.135074
v -0.033240 0.017997 -0.135074
v -0.033240 0.016597 -0.135074
v -0.033240 0.016247 -0.135424
v -0.033240 0.016597 -0.135774
v -0.029740 0.017997 -0.133441
v -0.029740 0.016597 -0.133441
v -0.029740 0.018347 -0.133091
v -0.029740 0.016247 -0.133091
v -0.029740 0.017997 -0.132741
v -0.029740 0.016597 -0.132741
v -0.033240 0.017997 -0.132741
v -0.033240 0.016597 -0.132741
v -0.033240 0.016247 -0.133091
v -0.033240 0.016597 -0.133441
v -0.029740 0.017997 -0.131108
v -0.029740 0.016597 -0.131108
v -0.029740 0.018347 -0.130758
v -0.029740 0.016247 -0.130758
v -0.029740 0.017997 -0.130408
v -0.029740 0.016597 -0.130408
v -0.033240 0.017997 -0.130408
v -0.033240 0.016597 -0.130408
v -0.033240 0.016247 -0.130758
v -0.033240 0.016597 -0.131108
v -0.029740 0.017997 -0.128774
v -0.029740 0.016597 -0.128774
v -0.029740 0.018347 -0.128424
v -0.029740 0.016247 -0.128424
v -0.029740 0.017997 -0.128074
v -0.029740 0.016597 -0.128074
v -0.033240 0.017997 -0.128074
v -0.033240 0.016597 -0.128074
v -0.033240 0.016247 -0.128424
v -0.033240 0.016597 -0.128774
v -0.029740 0.014497 -0.134608
v -0.029740 0.013097 -0.134608
v -0.029740 0.014847 -0.134258
v -0.029740 0.012747 -0.134258
v -0.029740 0.014497 -0.133908
v -0.029740 0.013097 -0.133908
v -0.033240 0.014497 -0.133908
v -0.033240 0.013097 -0.133908
v -0.033240 0.012747 -0.134258
v -0.033240 0.013097 -0.134608
v -0.029740 0.014497 -0.133441
v -0.029740 0.013097 -0.133441
v -0.029740 0.014847 -0.133091
v -0.029740 0.012747 -0.133091
v -0.029740 0.014497 -0.132741
v -0.029740 0.013097 -0.132741
v -0.033240 0.014497 -0.132741
v -0.033240 0.013097 -0.132741
v -0.033240 0.012747 -0.133091
v -0.033240 0.013097 -0.133441
v -0.029740 0.014497 -0.128774
v -0.029740 0.013097 -0.128774
v -0.029740 0.014847 -0.128424
v -0.029740 0.012747 -0.128424
v -0.029740 0.014497 -0.128074
v -0.029740 0.013097 -0.128074
v -0.033240 0.014497 -0.128074
v -0.033240 0.013097 -0.128074
v -0.033240 0.012747 -0.128424
v -0.033240 0.013097 -0.128774
v -0.029740 0.014497 -0.131108
v -0.029740 0.013097 -0.131108
v -0.029740 0.014847 -0.130758
v -0.029740 0.012747 -0.130758
v -0.029740 0.014497 -0.130408
v -0.029740 0.013097 -0.130408
v -0.033240 0.014497 -0.130408
v -0.033240 0.013097 -0.130408
v -0.033240 0.012747 -0.130758
v -0.033240 0.013097 -0.131108
v -0.029740 0.014497 -0.132275
v -0.029740 0.013097 -0.132275
v -0.029740 0.014847 -0.131925
v -0.029740 0.012747 -0.131925
v -0.029740 0.014497 -0.131575
v -0.029740 0.013097 -0.131575
v -0.033240 0.014497 -0.131575
v -0.033240 0.013097 -0.131575
v -0.033240 0.012747 -0.131925
v -0.033240 0.013097 -0.132275
v -0.029740 0.014497 -0.135774
v -0.029740 0.013097 -0.135774
v -0.029740 0.014847 -0.135424
v -0.029740 0.012747 -0.135424
v -0.029740 0.014497 -0.135074
v -0.029740 0.013097 -0.135074
v -0.033240 0.014497 -0.135074
v -0.033240 0.013097 -0.135074
v -0.033240 0.012747 -0.135424
v -0.033240 0.013097 -0.135774
v -0.029740 0.014497 -0.126441
v -0.029740 0.013097 -0.126441
v -0.029740 0.014847 -0.126091
v -0.029740 0.012747 -0.126091
v -0.029740 0.014497 -0.125741
v -0.029740 0.013097 -0.125741
v -0.033240 0.014497 -0.125741
v -0.033240 0.013097 -0.125741
v -0.033240 0.012747 -0.126091
v -0.033240 0.013097 -0.126441
v -0.029740 0.017997 -0.132275
v -0.029740 0.016597 -0.132275
v -0.029740 0.018347 -0.131925
v -0.029740 0.016247 -0.131925
v -0.029740 0.017997 -0.131575
v -0.029740 0.016597 -0.131575
v -0.033240 0.017997 -0.131575
v -0.033240 0.016597 -0.131575
v -0.033240 0.016247 -0.131925
v -0.033240 0.016597 -0.132275
v -0.029740 0.017997 -0.127608
v -0.029740 0.016597 -0.127608
v -0.029740 0.018347 -0.127258
v -0.029740 0.016247 -0.127258
v -0.029740 0.017997 -0.126908
v -0.029740 0.016597 -0.126908
v -0.033240 0.017997 -0.126908
v -0.033240 0.016597 -0.126908
v -0.033240 0.016247 -0.127258
v -0.033240 0.016597 -0.127608
v -0.029740 0.017997 -0.125275
v -0.029740 0.016597 -0.125275
v -0.029740 0.018347 -0.124925
v -0.029740 0.016247 -0.124925
v -0.029740 0.017997 -0.124575
v -0.029740 0.016597 -0.124575
v -0.033240 0.017997 -0.124575
v -0.033240 0.016597 -0.124575
v -0.033240 0.016247 -0.124925
v -0.033240 0.016597 -0.125275
v -0.029740 0.017997 -0.129941
v -0.029740 0.016597 -0.129941
v -0.029740 0.018347 -0.129591
v -0.029740 0.016247 -0.129591
v -0.029740 0.017997 -0.129241
v -0.029740 0.016597 -0.129241
v -0.033240 0.017997 -0.129241
v -0.033240 0.016597 -0.129241
v -0.033240 0.016247 -0.129591
v -0.033240 0.016597 -0.129941
v -0.029740 0.017997 -0.134608
v -0.029740 0.016597 -0.134608
v -0.029740 0.018347 -0.134258
v -0.029740 0.016247 -0.134258
v -0.029740 0.017997 -0.133908
v -0.029740 0.016597 -0.133908
v -0.033240 0.017997 -0.133908
v -0.033240 0.016597 -0.133908
v -0.033240 0.016247 -0.134258
v -0.033240 0.016597 -0.134608
v -0.033240 0.017997 -0.127608
v -0.033240 0.018347 -0.127258
v -0.033240 0.017997 -0.132275
v -0.033240 0.018347 -0.131925
v -0.033240 0.017997 -0.125275
v -0.033240 0.018347 -0.124925
v -0.033240 0.014497 -0.128774
v -0.033240 0.014847 -0.128424
v -0.033240 0.014497 -0.133441
v -0.033240 0.014847 -0.133091
v -0.033240 0.014497 -0.134608
v -0.033240 0.014847 -0.134258
v -0.033240 0.014497 -0.129941
v -0.033240 0.014847 -0.129591
v -0.033240 0.014497 -0.125275
v -0.033240 0.014847 -0.124925
v -0.033240 0.017997 -0.133441
v -0.033240 0.018347 -0.133091
v -0.033240 0.017997 -0.128774
v -0.033240 0.018347 -0.128424
v -0.033240 0.017997 -0.126441
v -0.033240 0.018347 -0.126091
v -0.033240 0.017997 -0.131108
v -0.033240 0.018347 -0.130758
v -0.033240 0.017997 -0.135774
v -0.033240 0.018347 -0.135424
v -0.033240 0.014497 -0.127608
v -0.033240 0.014847 -0.127258
v -0.033240 0.014497 -0.132275
v -0.033240 0.014847 -0.131925
v -0.033240 0.014497 -0.135774
v -0.033240 0.014847 -0.135424
v -0.033240 0.014497 -0.131108
v -0.033240 0.014847 -0.130758
v -0.033240 0.014497 -0.126441
v -0.033240 0.014847 -0.126091
v -0.033240 0.017997 -0.134608
v -0.033240 0.018347 -0.134258
v -0.033240 0.017997 -0.129941
v -0.033240 0.018347 -0.129591
v -0.033240 0.016947 -0.121775
v -0.033240 0.019747 -0.124575
v -0.033240 0.019747 -0.135774
v -0.024140 0.014031 -0.121495
v -0.025260 0.013567 -0.120375
v -0.024468 0.013703 -0.120703
v -0.024140 0.011067 -0.124459
v -0.025260 0.009947 -0.123995
v -0.024468 0.010275 -0.124130
v -0.024140 0.011067 -0.135890
v -0.025260 0.009947 -0.136354
v -0.024468 0.010275 -0.136219
v -0.024140 0.014031 -0.138855
v -0.025260 0.013567 -0.139975
v -0.024468 0.013703 -0.139646
v -0.024140 0.017063 -0.138855
v -0.025260 0.017527 -0.139975
v -0.024468 0.017391 -0.139646
v -0.024140 0.020027 -0.135890
v -0.025260 0.021147 -0.136354
v -0.024468 0.020819 -0.136219
v -0.024140 0.020027 -0.124459
v -0.025260 0.021147 -0.123995
v -0.024468 0.020819 -0.124130
v -0.024140 0.017063 -0.121495
v -0.025260 0.017527 -0.120375
v -0.024468 0.017391 -0.120703
v -0.033730 0.013567 -0.120375
v -0.033940 0.013654 -0.120585
v -0.033940 0.010157 -0.124082
v -0.033730 0.009947 -0.123995
v -0.033940 0.010157 -0.136267
v -0.033730 0.009947 -0.136354
v -0.033940 0.013654 -0.139765
v -0.033730 0.013567 -0.139975
v -0.033940 0.017440 -0.139765
v -0.033730 0.017527 -0.139975
v -0.033940 0.020937 -0.136267
v -0.033730 0.021147 -0.136354
v -0.033940 0.020937 -0.124082
v -0.033730 0.021147 -0.123995
v -0.033940 0.017440 -0.120585
v -0.033730 0.017527 -0.120375
v -0.033940 0.017324 -0.120865
v -0.033730 0.017237 -0.121075
v -0.033730 0.013857 -0.121075
v -0.033940 0.013770 -0.120865
v -0.033730 0.010647 -0.124285
v -0.033940 0.010437 -0.124198
v -0.033730 0.010647 -0.136064
v -0.033940 0.010437 -0.136151
v -0.033730 0.013857 -0.139275
v -0.033940 0.013770 -0.139484
v -0.033940 0.020657 -0.124198
v -0.033730 0.020447 -0.124285
v -0.033940 0.020657 -0.136151
v -0.033730 0.020447 -0.136064
v -0.033940 0.017324 -0.139484
v -0.033730 0.017237 -0.139275
vn -1.0000 -0.0000 -0.0000
vn -0.0000 -0.0000 -1.0000
vn -0.0000 0.7071 -0.7071
vn -0.0000 1.0000 -0.0000
vn -0.0000 0.7071 0.7071
vn -0.0000 -0.7071 0.7071
vn -0.0000 -0.0000 1.0000
vn 1.0000 -0.0000 -0.0000
vn -0.0000 -0.7071 -0.7071
vn -0.0000 -1.0000 -0.0000
vn 0.3827 -0.6533 0.6533
vn 0.9239 -0.2706 0.2706
vn 0.3827 -0.9239 -0.0000
vn 0.9239 -0.3827 -0.0000
vn 0.3827 -0.6533 -0.6533
vn 0.9239 -0.2706 -0.2706
vn 0.3827 -0.0000 -0.9239
vn 0.9239 -0.0000 -0.3827
vn 0.3827 0.6533 -0.6533
vn 0.9239 0.2706 -0.2706
vn 0.3827 0.9239 -0.0000
vn 0.9239 0.3827 -0.0000
vn 0.3827 0.6533 0.6533
vn 0.9239 0.2706 0.2706
vn 0.9239 -0.0000 0.3827
vn 0.3827 -0.0000 0.9239
vn -0.7071 -0.5000 0.5000
vn -0.7071 -0.7071 -0.0000
vn -0.7071 -0.5000 -0.5000
vn -0.7071 -0.0000 -0.7071
vn -0.7071 0.5000 -0.5000
vn -0.7071 0.7071 -0.0000
vn -0.7071 0.5000 0.5000
vn -0.7071 -0.0000 0.7071
s 0
usemtl Black_Acent
f 7425//6575 7426//6575 7427//6575
f 7427//6575 7426//6575 7428//6575
f 7427//6575 7428//6575 7429//6575
f 7429//6575 7428//6575 7430//6575
f 7429//6575 7430//6575 7431//6575
f 7425//6575 7432//6575 7426//6575
f 7426//6575 7432//6575 7433//6575
f 7433//6575 7432//6575 7434//6575
f 7433//6575 7434//6575 7435//6575
f 7435//6575 7434//6575 7436//6575
f 7435//6575 7436//6575 7437//6575
f 7437//6575 7436//6575 7438//6575
f 7438//6575 7436//6575 7439//6575
f 7438//6575 7439//6575 7440//6575
f 7438//6575 7440//6575 7431//6575
f 7431//6575 7440//6575 7429//6575
f 7730//6576 7433//6576 7731//6576
f 7732//6575 7727//6575 7729//6575
f 7731//6577 7435//6577 7733//6577
f 7734//6575 7714//6575 7732//6575
f 7733//6578 7437//6578 7735//6578
f 7736//6575 7715//6575 7734//6575
f 7735//6579 7438//6579 7737//6579
f 7738//6575 7719//6575 7736//6575
f 7744//6580 7430//6580 7742//6580
f 7729//6575 7727//6575 7739//6575
f 7431//6580 7430//6580 7744//6580
f 7739//6575 7725//6575 7741//6575
f 7719//6575 7743//6575 7721//6575
f 7721//6575 7743//6575 7741//6575
f 7737//6581 7431//6581 7744//6581
f 7738//6575 7743//6575 7719//6575
f 7438//6581 7431//6581 7737//6581
f 7710//6582 7689//6582 7692//6582 7695//6582 7698//6582 7701//6582 7704//6582 7707//6582
f 7718//6583 7720//6583 7696//6583
f 7720//6576 7722//6576 7699//6576
f 7742//6584 7428//6584 7740//6584
f 7722//6577 7724//6577 7702//6577
f 7430//6584 7428//6584 7742//6584
f 7724//6578 7726//6578 7705//6578
f 7428//6583 7426//6583 7740//6583
f 7726//6579 7728//6579 7708//6579
f 7433//6577 7435//6577 7731//6577
f 7711//6581 7713//6581 7690//6581
f 7435//6578 7437//6578 7733//6578
f 7690//6580 7716//6580 7693//6580
f 7732//6575 7714//6575 7727//6575
f 7728//6581 7713//6581 7711//6581
f 7716//6584 7718//6584 7693//6584
f 7426//6576 7433//6576 7730//6576
f 7708//6579 7728//6579 7711//6579
f 7739//6575 7727//6575 7725//6575
f 7705//6578 7726//6578 7708//6578
f 7702//6577 7724//6577 7705//6577
f 7741//6575 7723//6575 7721//6575
f 7741//6575 7725//6575 7723//6575
f 7693//6584 7718//6584 7696//6584
f 7734//6575 7715//6575 7714//6575
f 7736//6575 7717//6575 7715//6575
f 7696//6583 7720//6583 7699//6583
f 7699//6576 7722//6576 7702//6576
f 7440//6576 7439//6576 7441//6576
f 7441//6576 7439//6576 7442//6576
f 7439//6583 7436//6583 7442//6583
f 7442//6583 7436//6583 7443//6583
f 7436//6584 7434//6584 7443//6584
f 7443//6584 7434//6584 7444//6584
f 7434//6580 7432//6580 7444//6580
f 7444//6580 7432//6580 7445//6580
f 7446//6575 7447//6575 7448//6575
f 7448//6575 7447//6575 7449//6575
f 7448//6575 7449//6575 7450//6575
f 7450//6575 7449//6575 7451//6575
f 7450//6576 7451//6576 7452//6576
f 7452//6576 7451//6576 7453//6576
f 7451//6577 7449//6577 7453//6577
f 7453//6577 7449//6577 7454//6577
f 7449//6579 7447//6579 7454//6579
f 7454//6579 7447//6579 7455//6579
f 7456//6575 7457//6575 7458//6575
f 7458//6575 7457//6575 7459//6575
f 7458//6575 7459//6575 7460//6575
f 7460//6575 7459//6575 7461//6575
f 7460//6576 7461//6576 7462//6576
f 7462//6576 7461//6576 7463//6576
f 7461//6577 7459//6577 7463//6577
f 7463//6577 7459//6577 7464//6577
f 7459//6579 7457//6579 7464//6579
f 7464//6579 7457//6579 7465//6579
f 7466//6575 7467//6575 7468//6575
f 7468//6575 7467//6575 7469//6575
f 7468//6575 7469//6575 7470//6575
f 7470//6575 7469//6575 7471//6575
f 7470//6576 7471//6576 7472//6576
f 7472//6576 7471//6576 7473//6576
f 7471//6577 7469//6577 7473//6577
f 7473//6577 7469//6577 7474//6577
f 7469//6579 7467//6579 7474//6579
f 7474//6579 7467//6579 7475//6579
f 7476//6575 7477//6575 7478//6575
f 7478//6575 7477//6575 7479//6575
f 7478//6575 7479//6575 7480//6575
f 7480//6575 7479//6575 7481//6575
f 7480//6576 7481//6576 7482//6576
f 7482//6576 7481//6576 7483//6576
f 7481//6577 7479//6577 7483//6577
f 7483//6577 7479//6577 7484//6577
f 7479//6579 7477//6579 7484//6579
f 7484//6579 7477//6579 7485//6579
f 7486//6575 7487//6575 7488//6575
f 7488//6575 7487//6575 7489//6575
f 7488//6575 7489//6575 7490//6575
f 7490//6575 7489//6575 7491//6575
f 7490//6576 7491//6576 7492//6576
f 7492//6576 7491//6576 7493//6576
f 7491//6577 7489//6577 7493//6577
f 7493//6577 7489//6577 7494//6577
f 7489//6579 7487//6579 7494//6579
f 7494//6579 7487//6579 7495//6579
f 7496//6575 7497//6575 7498//6575
f 7498//6575 7497//6575 7499//6575
f 7498//6575 7499//6575 7500//6575
f 7500//6575 7499//6575 7501//6575
f 7500//6576 7501//6576 7502//6576
f 7502//6576 7501//6576 7503//6576
f 7501//6577 7499//6577 7503//6577
f 7503//6577 7499//6577 7504//6577
f 7499//6579 7497//6579 7504//6579
f 7504//6579 7497//6579 7505//6579
f 7506//6575 7507//6575 7508//6575
f 7508//6575 7507//6575 7509//6575
f 7508//6575 7509//6575 7510//6575
f 7510//6575 7509//6575 7511//6575
f 7510//6576 7511//6576 7512//6576
f 7512//6576 7511//6576 7513//6576
f 7511//6577 7509//6577 7513//6577
f 7513//6577 7509//6577 7514//6577
f 7509//6579 7507//6579 7514//6579
f 7514//6579 7507//6579 7515//6579
f 7516//6575 7517//6575 7518//6575
f 7518//6575 7517//6575 7519//6575
f 7518//6575 7519//6575 7520//6575
f 7520//6575 7519//6575 7521//6575
f 7520//6576 7521//6576 7522//6576
f 7522//6576 7521//6576 7523//6576
f 7521//6577 7519//6577 7523//6577
f 7523//6577 7519//6577 7524//6577
f 7519//6579 7517//6579 7524//6579
f 7524//6579 7517//6579 7525//6579
f 7526//6575 7527//6575 7528//6575
f 7528//6575 7527//6575 7529//6575
f 7528//6575 7529//6575 7530//6575
f 7530//6575 7529//6575 7531//6575
f 7530//6576 7531//6576 7532//6576
f 7532//6576 7531//6576 7533//6576
f 7531//6577 7529//6577 7533//6577
f 7533//6577 7529//6577 7534//6577
f 7529//6579 7527//6579 7534//6579
f 7534//6579 7527//6579 7535//6579
f 7536//6575 7537//6575 7538//6575
f 7538//6575 7537//6575 7539//6575
f 7538//6575 7539//6575 7540//6575
f 7540//6575 7539//6575 7541//6575
f 7540//6576 7541//6576 7542//6576
f 7542//6576 7541//6576 7543//6576
f 7541//6577 7539//6577 7543//6577
f 7543//6577 7539//6577 7544//6577
f 7539//6579 7537//6579 7544//6579
f 7544//6579 7537//6579 7545//6579
f 7546//6575 7547//6575 7548//6575
f 7548//6575 7547//6575 7549//6575
f 7548//6575 7549//6575 7550//6575
f 7550//6575 7549//6575 7551//6575
f 7550//6576 7551//6576 7552//6576
f 7552//6576 7551//6576 7553//6576
f 7551//6577 7549//6577 7553//6577
f 7553//6577 7549//6577 7554//6577
f 7549//6579 7547//6579 7554//6579
f 7554//6579 7547//6579 7555//6579
f 7556//6575 7557//6575 7558//6575
f 7558//6575 7557//6575 7559//6575
f 7558//6575 7559//6575 7560//6575
f 7560//6575 7559//6575 7561//6575
f 7560//6576 7561//6576 7562//6576
f 7562//6576 7561//6576 7563//6576
f 7561//6577 7559//6577 7563//6577
f 7563//6577 7559//6577 7564//6577
f 7559//6579 7557//6579 7564//6579
f 7564//6579 7557//6579 7565//6579
f 7566//6575 7567//6575 7568//6575
f 7568//6575 7567//6575 7569//6575
f 7568//6575 7569//6575 7570//6575
f 7570//6575 7569//6575 7571//6575
f 7570//6576 7571//6576 7572//6576
f 7572//6576 7571//6576 7573//6576
f 7571//6577 7569//6577 7573//6577
f 7573//6577 7569//6577 7574//6577
f 7569//6579 7567//6579 7574//6579
f 7574//6579 7567//6579 7575//6579
f 7576//6575 7577//6575 7578//6575
f 7578//6575 7577//6575 7579//6575
f 7578//6575 7579//6575 7580//6575
f 7580//6575 7579//6575 7581//6575
f 7580//6576 7581//6576 7582//6576
f 7582//6576 7581//6576 7583//6576
f 7581//6577 7579//6577 7583//6577
f 7583//6577 7579//6577 7584//6577
f 7579//6579 7577//6579 7584//6579
f 7584//6579 7577//6579 7585//6579
f 7586//6575 7587//6575 7588//6575
f 7588//6575 7587//6575 7589//6575
f 7588//6575 7589//6575 7590//6575
f 7590//6575 7589//6575 7591//6575
f 7590//6576 7591//6576 7592//6576
f 7592//6576 7591//6576 7593//6576
f 7591//6577 7589//6577 7593//6577
f 7593//6577 7589//6577 7594//6577
f 7589//6579 7587//6579 7594//6579
f 7594//6579 7587//6579 7595//6579
f 7596//6575 7597//6575 7598//6575
f 7598//6575 7597//6575 7599//6575
f 7598//6575 7599//6575 7600//6575
f 7600//6575 7599//6575 7601//6575
f 7600//6576 7601//6576 7602//6576
f 7602//6576 7601//6576 7603//6576
f 7601//6577 7599//6577 7603//6577
f 7603//6577 7599//6577 7604//6577
f 7599//6579 7597//6579 7604//6579
f 7604//6579 7597//6579 7605//6579
f 7606//6575 7607//6575 7608//6575
f 7608//6575 7607//6575 7609//6575
f 7608//6575 7609//6575 7610//6575
f 7610//6575 7609//6575 7611//6575
f 7610//6576 7611//6576 7612//6576
f 7612//6576 7611//6576 7613//6576
f 7611//6577 7609//6577 7613//6577
f 7613//6577 7609//6577 7614//6577
f 7609//6579 7607//6579 7614//6579
f 7614//6579 7607//6579 7615//6579
f 7616//6575 7617//6575 7618//6575
f 7618//6575 7617//6575 7619//6575
f 7618//6575 7619//6575 7620//6575
f 7620//6575 7619//6575 7621//6575
f 7620//6576 7621//6576 7622//6576
f 7622//6576 7621//6576 7623//6576
f 7621//6577 7619//6577 7623//6577
f 7623//6577 7619//6577 7624//6577
f 7619//6579 7617//6579 7624//6579
f 7624//6579 7617//6579 7625//6579
f 7626//6575 7627//6575 7628//6575
f 7628//6575 7627//6575 7629//6575
f 7628//6575 7629//6575 7630//6575
f 7630//6575 7629//6575 7631//6575
f 7630//6576 7631//6576 7632//6576
f 7632//6576 7631//6576 7633//6576
f 7631//6577 7629//6577 7633//6577
f 7633//6577 7629//6577 7634//6577
f 7629//6579 7627//6579 7634//6579
f 7634//6579 7627//6579 7635//6579
f 7636//6575 7637//6575 7638//6575
f 7638//6575 7637//6575 7639//6575
f 7638//6575 7639//6575 7640//6575
f 7640//6575 7639//6575 7641//6575
f 7640//6576 7641//6576 7642//6576
f 7642//6576 7641//6576 7643//6576
f 7641//6577 7639//6577 7643//6577
f 7643//6577 7639//6577 7644//6577
f 7639//6579 7637//6579 7644//6579
f 7644//6579 7637//6579 7645//6579
f 7607//6581 7606//6581 7615//6581
f 7615//6581 7606//6581 7646//6581
f 7606//6580 7608//6580 7646//6580
f 7646//6580 7608//6580 7647//6580
f 7608//6583 7610//6583 7647//6583
f 7647//6583 7610//6583 7612//6583
f 7597//6581 7596//6581 7605//6581
f 7605//6581 7596//6581 7648//6581
f 7596//6580 7598//6580 7648//6580
f 7648//6580 7598//6580 7649//6580
f 7598//6583 7600//6583 7649//6583
f 7649//6583 7600//6583 7602//6583
f 7617//6581 7616//6581 7625//6581
f 7625//6581 7616//6581 7650//6581
f 7616//6580 7618//6580 7650//6580
f 7650//6580 7618//6580 7651//6580
f 7618//6583 7620//6583 7651//6583
f 7651//6583 7620//6583 7622//6583
f 7547//6581 7546//6581 7555//6581
f 7555//6581 7546//6581 7652//6581
f 7546//6580 7548//6580 7652//6580
f 7652//6580 7548//6580 7653//6580
f 7548//6583 7550//6583 7653//6583
f 7653//6583 7550//6583 7552//6583
f 7537//6581 7536//6581 7545//6581
f 7545//6581 7536//6581 7654//6581
f 7536//6580 7538//6580 7654//6580
f 7654//6580 7538//6580 7655//6580
f 7538//6583 7540//6583 7655//6583
f 7655//6583 7540//6583 7542//6583
f 7527//6581 7526//6581 7535//6581
f 7535//6581 7526//6581 7656//6581
f 7526//6580 7528//6580 7656//6580
f 7656//6580 7528//6580 7657//6580
f 7528//6583 7530//6583 7657//6583
f 7657//6583 7530//6583 7532//6583
f 7457//6581 7456//6581 7465//6581
f 7465//6581 7456//6581 7658//6581
f 7456//6580 7458//6580 7658//6580
f 7658//6580 7458//6580 7659//6580
f 7458//6583 7460//6583 7659//6583
f 7659//6583 7460//6583 7462//6583
f 7467//6581 7466//6581 7475//6581
f 7475//6581 7466//6581 7660//6581
f 7466//6580 7468//6580 7660//6580
f 7660//6580 7468//6580 7661//6580
f 7468//6583 7470//6583 7661//6583
f 7661//6583 7470//6583 7472//6583
f 7497//6581 7496//6581 7505//6581
f 7505//6581 7496//6581 7662//6581
f 7496//6580 7498//6580 7662//6580
f 7662//6580 7498//6580 7663//6580
f 7498//6583 7500//6583 7663//6583
f 7663//6583 7500//6583 7502//6583
f 7517//6581 7516//6581 7525//6581
f 7525//6581 7516//6581 7664//6581
f 7516//6580 7518//6580 7664//6580
f 7664//6580 7518//6580 7665//6580
f 7518//6583 7520//6583 7665//6583
f 7665//6583 7520//6583 7522//6583
f 7447//6581 7446//6581 7455//6581
f 7455//6581 7446//6581 7666//6581
f 7446//6580 7448//6580 7666//6580
f 7666//6580 7448//6580 7667//6580
f 7448//6583 7450//6583 7667//6583
f 7667//6583 7450//6583 7452//6583
f 7507//6581 7506//6581 7515//6581
f 7515//6581 7506//6581 7668//6581
f 7506//6580 7508//6580 7668//6580
f 7668//6580 7508//6580 7669//6580
f 7508//6583 7510//6583 7669//6583
f 7669//6583 7510//6583 7512//6583
f 7487//6581 7486//6581 7495//6581
f 7495//6581 7486//6581 7670//6581
f 7486//6580 7488//6580 7670//6580
f 7670//6580 7488//6580 7671//6580
f 7488//6583 7490//6583 7671//6583
f 7671//6583 7490//6583 7492//6583
f 7477//6581 7476//6581 7485//6581
f 7485//6581 7476//6581 7672//6581
f 7476//6580 7478//6580 7672//6580
f 7672//6580 7478//6580 7673//6580
f 7478//6583 7480//6583 7673//6583
f 7673//6583 7480//6583 7482//6583
f 7567//6581 7566//6581 7575//6581
f 7575//6581 7566//6581 7674//6581
f 7566//6580 7568//6580 7674//6580
f 7674//6580 7568//6580 7675//6580
f 7568//6583 7570//6583 7675//6583
f 7675//6583 7570//6583 7572//6583
f 7577//6581 7576//6581 7585//6581
f 7585//6581 7576//6581 7676//6581
f 7576//6580 7578//6580 7676//6580
f 7676//6580 7578//6580 7677//6580
f 7578//6583 7580//6583 7677//6583
f 7677//6583 7580//6583 7582//6583
f 7557//6581 7556//6581 7565//6581
f 7565//6581 7556//6581 7678//6581
f 7556//6580 7558//6580 7678//6580
f 7678//6580 7558//6580 7679//6580
f 7558//6583 7560//6583 7679//6583
f 7679//6583 7560//6583 7562//6583
f 7587//6581 7586//6581 7595//6581
f 7595//6581 7586//6581 7680//6581
f 7586//6580 7588//6580 7680//6580
f 7680//6580 7588//6580 7681//6580
f 7588//6583 7590//6583 7681//6583
f 7681//6583 7590//6583 7592//6583
f 7637//6581 7636//6581 7645//6581
f 7645//6581 7636//6581 7682//6581
f 7636//6580 7638//6580 7682//6580
f 7682//6580 7638//6580 7683//6580
f 7638//6583 7640//6583 7683//6583
f 7683//6583 7640//6583 7642//6583
f 7627//6581 7626//6581 7635//6581
f 7635//6581 7626//6581 7684//6581
f 7626//6580 7628//6580 7684//6580
f 7684//6580 7628//6580 7685//6580
f 7628//6583 7630//6583 7685//6583
f 7685//6583 7630//6583 7632//6583
f 7425//6579 7427//6579 7686//6579
f 7686//6579 7427//6579 7687//6579
f 7427//6578 7429//6578 7687//6578
f 7687//6578 7429//6578 7688//6578
f 7429//6577 7440//6577 7688//6577
f 7688//6577 7440//6577 7441//6577
f 7432//6581 7425//6581 7445//6581
f 7445//6581 7425//6581 7686//6581
f 7686//6575 7661//6575 7445//6575
f 7445//6575 7661//6575 7472//6575
f 7445//6575 7472//6575 7473//6575
f 7687//6575 7622//6575 7686//6575
f 7686//6575 7622//6575 7623//6575
f 7686//6575 7623//6575 7624//6575
f 7688//6575 7669//6575 7687//6575
f 7687//6575 7669//6575 7685//6575
f 7687//6575 7685//6575 7665//6575
f 7665//6575 7685//6575 7632//6575
f 7665//6575 7632//6575 7664//6575
f 7664//6575 7632//6575 7633//6575
f 7664//6575 7633//6575 7525//6575
f 7525//6575 7633//6575 7524//6575
f 7524//6575 7633//6575 7634//6575
f 7524//6575 7634//6575 7659//6575
f 7659//6575 7634//6575 7679//6575
f 7659//6575 7679//6575 7562//6575
f 7441//6575 7670//6575 7688//6575
f 7688//6575 7670//6575 7671//6575
f 7688//6575 7671//6575 7683//6575
f 7683//6575 7671//6575 7492//6575
f 7683//6575 7492//6575 7682//6575
f 7682//6575 7492//6575 7493//6575
f 7682//6575 7493//6575 7645//6575
f 7645//6575 7493//6575 7644//6575
f 7644//6575 7493//6575 7494//6575
f 7644//6575 7494//6575 7677//6575
f 7677//6575 7494//6575 7442//6575
f 7677//6575 7442//6575 7676//6575
f 7676//6575 7442//6575 7585//6575
f 7585//6575 7442//6575 7443//6575
f 7585//6575 7443//6575 7584//6575
f 7584//6575 7443//6575 7534//6575
f 7584//6575 7534//6575 7583//6575
f 7583//6575 7534//6575 7535//6575
f 7583//6575 7535//6575 7656//6575
f 7442//6575 7494//6575 7441//6575
f 7441//6575 7494//6575 7495//6575
f 7441//6575 7495//6575 7670//6575
f 7444//6575 7564//6575 7443//6575
f 7443//6575 7564//6575 7574//6575
f 7443//6575 7574//6575 7544//6575
f 7544//6575 7574//6575 7543//6575
f 7543//6575 7574//6575 7575//6575
f 7543//6575 7575//6575 7674//6575
f 7445//6575 7473//6575 7444//6575
f 7444//6575 7473//6575 7474//6575
f 7444//6575 7474//6575 7594//6575
f 7594//6575 7474//6575 7475//6575
f 7594//6575 7475//6575 7593//6575
f 7593//6575 7475//6575 7660//6575
f 7593//6575 7660//6575 7592//6575
f 7592//6575 7660//6575 7661//6575
f 7592//6575 7661//6575 7681//6575
f 7681//6575 7661//6575 7624//6575
f 7681//6575 7624//6575 7454//6575
f 7454//6575 7624//6575 7453//6575
f 7453//6575 7624//6575 7625//6575
f 7453//6575 7625//6575 7650//6575
f 7635//6575 7513//6575 7634//6575
f 7634//6575 7513//6575 7514//6575
f 7634//6575 7514//6575 7679//6575
f 7679//6575 7514//6575 7675//6575
f 7679//6575 7675//6575 7572//6575
f 7635//6575 7684//6575 7513//6575
f 7513//6575 7684//6575 7512//6575
f 7512//6575 7684//6575 7685//6575
f 7512//6575 7685//6575 7669//6575
f 7644//6575 7504//6575 7643//6575
f 7643//6575 7504//6575 7505//6575
f 7643//6575 7505//6575 7662//6575
f 7688//6575 7683//6575 7663//6575
f 7663//6575 7683//6575 7642//6575
f 7663//6575 7642//6575 7662//6575
f 7662//6575 7642//6575 7643//6575
f 7595//6575 7483//6575 7594//6575
f 7594//6575 7483//6575 7484//6575
f 7594//6575 7484//6575 7444//6575
f 7444//6575 7484//6575 7554//6575
f 7444//6575 7554//6575 7464//6575
f 7464//6575 7554//6575 7463//6575
f 7463//6575 7554//6575 7555//6575
f 7463//6575 7555//6575 7652//6575
f 7595//6575 7680//6575 7483//6575
f 7483//6575 7680//6575 7482//6575
f 7482//6575 7680//6575 7681//6575
f 7482//6575 7681//6575 7673//6575
f 7673//6575 7681//6575 7454//6575
f 7673//6575 7454//6575 7614//6575
f 7614//6575 7454//6575 7613//6575
f 7613//6575 7454//6575 7455//6575
f 7613//6575 7455//6575 7666//6575
f 7564//6575 7464//6575 7563//6575
f 7563//6575 7464//6575 7465//6575
f 7563//6575 7465//6575 7658//6575
f 7574//6575 7564//6575 7573//6575
f 7573//6575 7564//6575 7565//6575
f 7573//6575 7565//6575 7678//6575
f 7573//6575 7678//6575 7572//6575
f 7572//6575 7678//6575 7679//6575
f 7659//6575 7562//6575 7658//6575
f 7658//6575 7562//6575 7563//6575
f 7644//6575 7677//6575 7657//6575
f 7657//6575 7677//6575 7582//6575
f 7657//6575 7582//6575 7656//6575
f 7656//6575 7582//6575 7583//6575
f 7543//6575 7674//6575 7542//6575
f 7542//6575 7674//6575 7675//6575
f 7542//6575 7675//6575 7655//6575
f 7655//6575 7675//6575 7604//6575
f 7655//6575 7604//6575 7504//6575
f 7504//6575 7604//6575 7503//6575
f 7503//6575 7604//6575 7605//6575
f 7503//6575 7605//6575 7648//6575
f 7554//6575 7484//6575 7553//6575
f 7553//6575 7484//6575 7485//6575
f 7553//6575 7485//6575 7672//6575
f 7553//6575 7672//6575 7552//6575
f 7552//6575 7672//6575 7673//6575
f 7552//6575 7673//6575 7653//6575
f 7653//6575 7673//6575 7614//6575
f 7653//6575 7614//6575 7524//6575
f 7524//6575 7614//6575 7523//6575
f 7523//6575 7614//6575 7615//6575
f 7523//6575 7615//6575 7646//6575
f 7515//6575 7603//6575 7514//6575
f 7514//6575 7603//6575 7604//6575
f 7514//6575 7604//6575 7675//6575
f 7515//6575 7668//6575 7603//6575
f 7603//6575 7668//6575 7602//6575
f 7602//6575 7668//6575 7669//6575
f 7602//6575 7669//6575 7649//6575
f 7649//6575 7669//6575 7688//6575
f 7649//6575 7688//6575 7663//6575
f 7613//6575 7666//6575 7612//6575
f 7612//6575 7666//6575 7667//6575
f 7612//6575 7667//6575 7647//6575
f 7647//6575 7667//6575 7687//6575
f 7647//6575 7687//6575 7665//6575
f 7452//6575 7650//6575 7667//6575
f 7667//6575 7650//6575 7651//6575
f 7667//6575 7651//6575 7687//6575
f 7687//6575 7651//6575 7622//6575
f 7452//6575 7453//6575 7650//6575
f 7665//6575 7522//6575 7647//6575
f 7647//6575 7522//6575 7646//6575
f 7646//6575 7522//6575 7523//6575
f 7663//6575 7502//6575 7649//6575
f 7649//6575 7502//6575 7648//6575
f 7648//6575 7502//6575 7503//6575
f 7524//6575 7659//6575 7653//6575
f 7653//6575 7659//6575 7462//6575
f 7653//6575 7462//6575 7652//6575
f 7652//6575 7462//6575 7463//6575
f 7534//6575 7544//6575 7533//6575
f 7533//6575 7544//6575 7545//6575
f 7533//6575 7545//6575 7654//6575
f 7532//6575 7655//6575 7657//6575
f 7657//6575 7655//6575 7504//6575
f 7657//6575 7504//6575 7644//6575
f 7655//6575 7532//6575 7654//6575
f 7654//6575 7532//6575 7533//6575
f 7661//6575 7686//6575 7624//6575
f 7564//6575 7444//6575 7464//6575
f 7534//6575 7443//6575 7544//6575
f 7736//6575 7719//6575 7717//6575
f 7690//6585 7693//6585 7694//6585 7691//6585
f 7691//6586 7694//6586 7692//6586 7689//6586
f 7693//6587 7696//6587 7697//6587 7694//6587
f 7694//6588 7697//6588 7695//6588 7692//6588
f 7696//6589 7699//6589 7700//6589 7697//6589
f 7697//6590 7700//6590 7698//6590 7695//6590
f 7699//6591 7702//6591 7703//6591 7700//6591
f 7700//6592 7703//6592 7701//6592 7698//6592
f 7702//6593 7705//6593 7706//6593 7703//6593
f 7703//6594 7706//6594 7704//6594 7701//6594
f 7705//6595 7708//6595 7709//6595 7706//6595
f 7706//6596 7709//6596 7707//6596 7704//6596
f 7708//6597 7711//6597 7712//6597 7709//6597
f 7709//6598 7712//6598 7710//6598 7707//6598
f 7689//6599 7710//6599 7712//6599 7691//6599
f 7691//6600 7712//6600 7711//6600 7690//6600
f 7713//6580 7716//6580 7690//6580
f 7714//6601 7715//6601 7716//6601 7713//6601
f 7715//6602 7717//6602 7718//6602 7716//6602
f 7717//6603 7719//6603 7720//6603 7718//6603
f 7719//6604 7721//6604 7722//6604 7720//6604
f 7721//6605 7723//6605 7724//6605 7722//6605
f 7723//6606 7725//6606 7726//6606 7724//6606
f 7725//6607 7727//6607 7728//6607 7726//6607
f 7713//6608 7728//6608 7727//6608 7714//6608
f 7437//6579 7438//6579 7735//6579
f 7730//6604 7731//6604 7732//6604 7729//6604
f 7731//6605 7733//6605 7734//6605 7732//6605
f 7733//6606 7735//6606 7736//6606 7734//6606
f 7735//6607 7737//6607 7738//6607 7736//6607
f 7729//6603 7739//6603 7740//6603 7730//6603
f 7739//6602 7741//6602 7742//6602 7740//6602
f 7741//6601 7743//6601 7744//6601 7742//6601
f 7737//6608 7744//6608 7743//6608 7738//6608
f 7740//6583 7426//6583 7730//6583
o ECU-Mod_Cable-Plug-ABS.003
v -0.095502 0.017099 0.148140
v -0.095502 0.017389 0.148840
v -0.095502 0.019899 0.145340
v -0.095502 0.020599 0.145630
v -0.095502 0.019899 0.134140
v -0.095502 0.020599 0.133850
v -0.095502 0.017389 0.130640
v -0.095502 0.014299 0.148140
v -0.095502 0.014009 0.148840
v -0.095502 0.011499 0.145340
v -0.095502 0.010799 0.145630
v -0.095502 0.011499 0.134140
v -0.095502 0.010799 0.133850
v -0.095502 0.014009 0.130640
v -0.095502 0.014299 0.131340
v -0.095502 0.017099 0.131340
v -0.103202 0.017099 0.131340
v -0.103202 0.014299 0.131340
v -0.103202 0.011499 0.134140
v -0.103202 0.011499 0.145340
v -0.103202 0.014299 0.148140
v -0.099702 0.018149 0.143473
v -0.099702 0.016749 0.143473
v -0.099702 0.018499 0.143823
v -0.099702 0.016399 0.143823
v -0.099702 0.018149 0.144173
v -0.099702 0.016749 0.144173
v -0.103202 0.018149 0.144173
v -0.103202 0.016749 0.144173
v -0.103202 0.016399 0.143823
v -0.103202 0.016749 0.143473
v -0.099702 0.014649 0.139973
v -0.099702 0.013249 0.139973
v -0.099702 0.014999 0.140323
v -0.099702 0.012899 0.140323
v -0.099702 0.014649 0.140673
v -0.099702 0.013249 0.140673
v -0.103202 0.014649 0.140673
v -0.103202 0.013249 0.140673
v -0.103202 0.012899 0.140323
v -0.103202 0.013249 0.139973
v -0.099702 0.014649 0.144640
v -0.099702 0.013249 0.144640
v -0.099702 0.014999 0.144990
v -0.099702 0.012899 0.144990
v -0.099702 0.014649 0.145340
v -0.099702 0.013249 0.145340
v -0.103202 0.014649 0.145340
v -0.103202 0.013249 0.145340
v -0.103202 0.012899 0.144990
v -0.103202 0.013249 0.144640
v -0.099702 0.014649 0.142306
v -0.099702 0.013249 0.142306
v -0.099702 0.014999 0.142656
v -0.099702 0.012899 0.142656
v -0.099702 0.014649 0.143006
v -0.099702 0.013249 0.143006
v -0.103202 0.014649 0.143006
v -0.103202 0.013249 0.143006
v -0.103202 0.012899 0.142656
v -0.103202 0.013249 0.142306
v -0.099702 0.018149 0.134140
v -0.099702 0.016749 0.134140
v -0.099702 0.018499 0.134490
v -0.099702 0.016399 0.134490
v -0.099702 0.018149 0.134840
v -0.099702 0.016749 0.134840
v -0.103202 0.018149 0.134840
v -0.103202 0.016749 0.134840
v -0.103202 0.016399 0.134490
v -0.103202 0.016749 0.134140
v -0.099702 0.018149 0.136473
v -0.099702 0.016749 0.136473
v -0.099702 0.018499 0.136823
v -0.099702 0.016399 0.136823
v -0.099702 0.018149 0.137173
v -0.099702 0.016749 0.137173
v -0.103202 0.018149 0.137173
v -0.103202 0.016749 0.137173
v -0.103202 0.016399 0.136823
v -0.103202 0.016749 0.136473
v -0.099702 0.018149 0.138806
v -0.099702 0.016749 0.138806
v -0.099702 0.018499 0.139156
v -0.099702 0.016399 0.139156
v -0.099702 0.018149 0.139506
v -0.099702 0.016749 0.139506
v -0.103202 0.018149 0.139506
v -0.103202 0.016749 0.139506
v -0.103202 0.016399 0.139156
v -0.103202 0.016749 0.138806
v -0.099702 0.018149 0.141140
v -0.099702 0.016749 0.141140
v -0.099702 0.018499 0.141490
v -0.099702 0.016399 0.141490
v -0.099702 0.018149 0.141840
v -0.099702 0.016749 0.141840
v -0.103202 0.018149 0.141840
v -0.103202 0.016749 0.141840
v -0.103202 0.016399 0.141490
v -0.103202 0.016749 0.141140
v -0.099702 0.014649 0.135306
v -0.099702 0.013249 0.135306
v -0.099702 0.014999 0.135656
v -0.099702 0.012899 0.135656
v -0.099702 0.014649 0.136006
v -0.099702 0.013249 0.136006
v -0.103202 0.014649 0.136006
v -0.103202 0.013249 0.136006
v -0.103202 0.012899 0.135656
v -0.103202 0.013249 0.135306
v -0.099702 0.014649 0.136473
v -0.099702 0.013249 0.136473
v -0.099702 0.014999 0.136823
v -0.099702 0.012899 0.136823
v -0.099702 0.014649 0.137173
v -0.099702 0.013249 0.137173
v -0.103202 0.014649 0.137173
v -0.103202 0.013249 0.137173
v -0.103202 0.012899 0.136823
v -0.103202 0.013249 0.136473
v -0.099702 0.014649 0.141140
v -0.099702 0.013249 0.141140
v -0.099702 0.014999 0.141490
v -0.099702 0.012899 0.141490
v -0.099702 0.014649 0.141840
v -0.099702 0.013249 0.141840
v -0.103202 0.014649 0.141840
v -0.103202 0.013249 0.141840
v -0.103202 0.012899 0.141490
v -0.103202 0.013249 0.141140
v -0.099702 0.014649 0.138806
v -0.099702 0.013249 0.138806
v -0.099702 0.014999 0.139156
v -0.099702 0.012899 0.139156
v -0.099702 0.014649 0.139506
v -0.099702 0.013249 0.139506
v -0.103202 0.014649 0.139506
v -0.103202 0.013249 0.139506
v -0.103202 0.012899 0.139156
v -0.103202 0.013249 0.138806
v -0.099702 0.014649 0.137640
v -0.099702 0.013249 0.137640
v -0.099702 0.014999 0.137990
v -0.099702 0.012899 0.137990
v -0.099702 0.014649 0.138340
v -0.099702 0.013249 0.138340
v -0.103202 0.014649 0.138340
v -0.103202 0.013249 0.138340
v -0.103202 0.012899 0.137990
v -0.103202 0.013249 0.137640
v -0.099702 0.014649 0.134140
v -0.099702 0.013249 0.134140
v -0.099702 0.014999 0.134490
v -0.099702 0.012899 0.134490
v -0.099702 0.014649 0.134840
v -0.099702 0.013249 0.134840
v -0.103202 0.014649 0.134840
v -0.103202 0.013249 0.134840
v -0.103202 0.012899 0.134490
v -0.103202 0.013249 0.134140
v -0.099702 0.014649 0.143473
v -0.099702 0.013249 0.143473
v -0.099702 0.014999 0.143823
v -0.099702 0.012899 0.143823
v -0.099702 0.014649 0.144173
v -0.099702 0.013249 0.144173
v -0.103202 0.014649 0.144173
v -0.103202 0.013249 0.144173
v -0.103202 0.012899 0.143823
v -0.103202 0.013249 0.143473
v -0.099702 0.018149 0.137640
v -0.099702 0.016749 0.137640
v -0.099702 0.018499 0.137990
v -0.099702 0.016399 0.137990
v -0.099702 0.018149 0.138340
v -0.099702 0.016749 0.138340
v -0.103202 0.018149 0.138340
v -0.103202 0.016749 0.138340
v -0.103202 0.016399 0.137990
v -0.103202 0.016749 0.137640
v -0.099702 0.018149 0.142306
v -0.099702 0.016749 0.142306
v -0.099702 0.018499 0.142656
v -0.099702 0.016399 0.142656
v -0.099702 0.018149 0.143006
v -0.099702 0.016749 0.143006
v -0.103202 0.018149 0.143006
v -0.103202 0.016749 0.143006
v -0.103202 0.016399 0.142656
v -0.103202 0.016749 0.142306
v -0.099702 0.018149 0.144640
v -0.099702 0.016749 0.144640
v -0.099702 0.018499 0.144990
v -0.099702 0.016399 0.144990
v -0.099702 0.018149 0.145340
v -0.099702 0.016749 0.145340
v -0.103202 0.018149 0.145340
v -0.103202 0.016749 0.145340
v -0.103202 0.016399 0.144990
v -0.103202 0.016749 0.144640
v -0.099702 0.018149 0.139973
v -0.099702 0.016749 0.139973
v -0.099702 0.018499 0.140323
v -0.099702 0.016399 0.140323
v -0.099702 0.018149 0.140673
v -0.099702 0.016749 0.140673
v -0.103202 0.018149 0.140673
v -0.103202 0.016749 0.140673
v -0.103202 0.016399 0.140323
v -0.103202 0.016749 0.139973
v -0.099702 0.018149 0.135306
v -0.099702 0.016749 0.135306
v -0.099702 0.018499 0.135656
v -0.099702 0.016399 0.135656
v -0.099702 0.018149 0.136006
v -0.099702 0.016749 0.136006
v -0.103202 0.018149 0.136006
v -0.103202 0.016749 0.136006
v -0.103202 0.016399 0.135656
v -0.103202 0.016749 0.135306
v -0.103202 0.018149 0.142306
v -0.103202 0.018499 0.142656
v -0.103202 0.018149 0.137640
v -0.103202 0.018499 0.137990
v -0.103202 0.018149 0.144640
v -0.103202 0.018499 0.144990
v -0.103202 0.014649 0.141140
v -0.103202 0.014999 0.141490
v -0.103202 0.014649 0.136473
v -0.103202 0.014999 0.136823
v -0.103202 0.014649 0.135306
v -0.103202 0.014999 0.135656
v -0.103202 0.014649 0.139973
v -0.103202 0.014999 0.140323
v -0.103202 0.014649 0.144640
v -0.103202 0.014999 0.144990
v -0.103202 0.018149 0.136473
v -0.103202 0.018499 0.136823
v -0.103202 0.018149 0.141140
v -0.103202 0.018499 0.141490
v -0.103202 0.018149 0.143473
v -0.103202 0.018499 0.143823
v -0.103202 0.018149 0.138806
v -0.103202 0.018499 0.139156
v -0.103202 0.018149 0.134140
v -0.103202 0.018499 0.134490
v -0.103202 0.014649 0.142306
v -0.103202 0.014999 0.142656
v -0.103202 0.014649 0.137640
v -0.103202 0.014999 0.137990
v -0.103202 0.014649 0.134140
v -0.103202 0.014999 0.134490
v -0.103202 0.014649 0.138806
v -0.103202 0.014999 0.139156
v -0.103202 0.014649 0.143473
v -0.103202 0.014999 0.143823
v -0.103202 0.018149 0.135306
v -0.103202 0.018499 0.135656
v -0.103202 0.018149 0.139973
v -0.103202 0.018499 0.140323
v -0.103202 0.017099 0.148140
v -0.103202 0.019899 0.145340
v -0.103202 0.019899 0.134140
v -0.094102 0.014183 0.148420
v -0.095222 0.013719 0.149540
v -0.094430 0.013855 0.149212
v -0.094102 0.011219 0.145456
v -0.095222 0.010099 0.145920
v -0.094430 0.010427 0.145784
v -0.094102 0.011219 0.134024
v -0.095222 0.010099 0.133560
v -0.094430 0.010427 0.133696
v -0.094102 0.014183 0.131060
v -0.095222 0.013719 0.129940
v -0.094430 0.013855 0.130268
v -0.094102 0.017215 0.131060
v -0.095222 0.017679 0.129940
v -0.094430 0.017543 0.130268
v -0.094102 0.020179 0.134024
v -0.095222 0.021299 0.133560
v -0.094430 0.020971 0.133696
v -0.094102 0.020179 0.145456
v -0.095222 0.021299 0.145920
v -0.094430 0.020971 0.145784
v -0.094102 0.017215 0.148420
v -0.095222 0.017679 0.149540
v -0.094430 0.017543 0.149212
v -0.103692 0.013719 0.149540
v -0.103902 0.013806 0.149330
v -0.103902 0.010309 0.145833
v -0.103692 0.010099 0.145920
v -0.103902 0.010309 0.133647
v -0.103692 0.010099 0.133560
v -0.103902 0.013806 0.130150
v -0.103692 0.013719 0.129940
v -0.103902 0.017592 0.130150
v -0.103692 0.017679 0.129940
v -0.103902 0.021089 0.133647
v -0.103692 0.021299 0.133560
v -0.103902 0.021089 0.145833
v -0.103692 0.021299 0.145920
v -0.103902 0.017592 0.149330
v -0.103692 0.017679 0.149540
v -0.103902 0.017476 0.149050
v -0.103692 0.017389 0.148840
v -0.103692 0.014009 0.148840
v -0.103902 0.013922 0.149050
v -0.103692 0.010799 0.145630
v -0.103902 0.010589 0.145717
v -0.103692 0.010799 0.133850
v -0.103902 0.010589 0.133763
v -0.103692 0.014009 0.130640
v -0.103902 0.013922 0.130430
v -0.103902 0.020809 0.145717
v -0.103692 0.020599 0.145630
v -0.103902 0.020809 0.133763
v -0.103692 0.020599 0.133850
v -0.103902 0.017476 0.130430
v -0.103692 0.017389 0.130640
vn -1.0000 -0.0000 -0.0000
vn -0.0000 -0.0000 -1.0000
vn -0.0000 0.7071 -0.7071
vn -0.0000 1.0000 -0.0000
vn -0.0000 0.7071 0.7071
vn -0.0000 -0.7071 0.7071
vn -0.0000 -0.0000 1.0000
vn 1.0000 -0.0000 -0.0000
vn -0.0000 -0.7071 -0.7071
vn -0.0000 -1.0000 -0.0000
vn 0.3827 -0.6533 0.6533
vn 0.9239 -0.2706 0.2706
vn 0.3827 -0.9239 -0.0000
vn 0.9239 -0.3827 -0.0000
vn 0.3827 -0.6533 -0.6533
vn 0.9239 -0.2706 -0.2706
vn 0.3827 -0.0000 -0.9239
vn 0.9239 -0.0000 -0.3827
vn 0.3827 0.6533 -0.6533
vn 0.9239 0.2706 -0.2706
vn 0.3827 0.9239 -0.0000
vn 0.9239 0.3827 -0.0000
vn 0.3827 0.6533 0.6533
vn 0.9239 0.2706 0.2706
vn 0.9239 -0.0000 0.3827
vn 0.3827 -0.0000 0.9239
vn -0.7071 -0.5000 0.5000
vn -0.7071 -0.7071 -0.0000
vn -0.7071 -0.5000 -0.5000
vn -0.7071 -0.0000 -0.7071
vn -0.7071 0.5000 -0.5000
vn -0.7071 0.7071 -0.0000
vn -0.7071 0.5000 0.5000
vn -0.7071 -0.0000 0.7071
s 0
usemtl Black_Acent
f 7745//6609 7746//6609 7747//6609
f 7747//6609 7746//6609 7748//6609
f 7747//6609 7748//6609 7749//6609
f 7749//6609 7748//6609 7750//6609
f 7749//6609 7750//6609 7751//6609
f 7745//6609 7752//6609 7746//6609
f 7746//6609 7752//6609 7753//6609
f 7753//6609 7752//6609 7754//6609
f 7753//6609 7754//6609 7755//6609
f 7755//6609 7754//6609 7756//6609
f 7755//6609 7756//6609 7757//6609
f 7757//6609 7756//6609 7758//6609
f 7758//6609 7756//6609 7759//6609
f 7758//6609 7759//6609 7760//6609
f 7758//6609 7760//6609 7751//6609
f 7751//6609 7760//6609 7749//6609
f 8050//6610 7753//6610 8051//6610
f 8052//6609 8047//6609 8049//6609
f 8051//6611 7755//6611 8053//6611
f 8054//6609 8034//6609 8052//6609
f 8053//6612 7757//6612 8055//6612
f 8056//6609 8035//6609 8054//6609
f 8055//6613 7758//6613 8057//6613
f 8058//6609 8039//6609 8056//6609
f 8064//6614 7750//6614 8062//6614
f 8049//6609 8047//6609 8059//6609
f 7751//6614 7750//6614 8064//6614
f 8059//6609 8045//6609 8061//6609
f 8039//6609 8063//6609 8041//6609
f 8041//6609 8063//6609 8061//6609
f 8057//6615 7751//6615 8064//6615
f 8058//6609 8063//6609 8039//6609
f 7758//6615 7751//6615 8057//6615
f 8030//6616 8009//6616 8012//6616 8015//6616 8018//6616 8021//6616 8024//6616 8027//6616
f 8038//6617 8040//6617 8016//6617
f 8040//6610 8042//6610 8019//6610
f 8062//6618 7748//6618 8060//6618
f 8042//6611 8044//6611 8022//6611
f 7750//6618 7748//6618 8062//6618
f 8044//6612 8046//6612 8025//6612
f 7748//6617 7746//6617 8060//6617
f 8046//6613 8048//6613 8028//6613
f 7753//6611 7755//6611 8051//6611
f 8031//6615 8033//6615 8010//6615
f 7755//6612 7757//6612 8053//6612
f 8010//6614 8036//6614 8013//6614
f 8052//6609 8034//6609 8047//6609
f 8048//6615 8033//6615 8031//6615
f 8036//6618 8038//6618 8013//6618
f 7746//6610 7753//6610 8050//6610
f 8028//6613 8048//6613 8031//6613
f 8059//6609 8047//6609 8045//6609
f 8025//6612 8046//6612 8028//6612
f 8022//6611 8044//6611 8025//6611
f 8061//6609 8043//6609 8041//6609
f 8061//6609 8045//6609 8043//6609
f 8013//6618 8038//6618 8016//6618
f 8054//6609 8035//6609 8034//6609
f 8056//6609 8037//6609 8035//6609
f 8016//6617 8040//6617 8019//6617
f 8019//6610 8042//6610 8022//6610
f 7760//6610 7759//6610 7761//6610
f 7761//6610 7759//6610 7762//6610
f 7759//6617 7756//6617 7762//6617
f 7762//6617 7756//6617 7763//6617
f 7756//6618 7754//6618 7763//6618
f 7763//6618 7754//6618 7764//6618
f 7754//6614 7752//6614 7764//6614
f 7764//6614 7752//6614 7765//6614
f 7766//6609 7767//6609 7768//6609
f 7768//6609 7767//6609 7769//6609
f 7768//6609 7769//6609 7770//6609
f 7770//6609 7769//6609 7771//6609
f 7770//6610 7771//6610 7772//6610
f 7772//6610 7771//6610 7773//6610
f 7771//6611 7769//6611 7773//6611
f 7773//6611 7769//6611 7774//6611
f 7769//6613 7767//6613 7774//6613
f 7774//6613 7767//6613 7775//6613
f 7776//6609 7777//6609 7778//6609
f 7778//6609 7777//6609 7779//6609
f 7778//6609 7779//6609 7780//6609
f 7780//6609 7779//6609 7781//6609
f 7780//6610 7781//6610 7782//6610
f 7782//6610 7781//6610 7783//6610
f 7781//6611 7779//6611 7783//6611
f 7783//6611 7779//6611 7784//6611
f 7779//6613 7777//6613 7784//6613
f 7784//6613 7777//6613 7785//6613
f 7786//6609 7787//6609 7788//6609
f 7788//6609 7787//6609 7789//6609
f 7788//6609 7789//6609 7790//6609
f 7790//6609 7789//6609 7791//6609
f 7790//6610 7791//6610 7792//6610
f 7792//6610 7791//6610 7793//6610
f 7791//6611 7789//6611 7793//6611
f 7793//6611 7789//6611 7794//6611
f 7789//6613 7787//6613 7794//6613
f 7794//6613 7787//6613 7795//6613
f 7796//6609 7797//6609 7798//6609
f 7798//6609 7797//6609 7799//6609
f 7798//6609 7799//6609 7800//6609
f 7800//6609 7799//6609 7801//6609
f 7800//6610 7801//6610 7802//6610
f 7802//6610 7801//6610 7803//6610
f 7801//6611 7799//6611 7803//6611
f 7803//6611 7799//6611 7804//6611
f 7799//6613 7797//6613 7804//6613
f 7804//6613 7797//6613 7805//6613
f 7806//6609 7807//6609 7808//6609
f 7808//6609 7807//6609 7809//6609
f 7808//6609 7809//6609 7810//6609
f 7810//6609 7809//6609 7811//6609
f 7810//6610 7811//6610 7812//6610
f 7812//6610 7811//6610 7813//6610
f 7811//6611 7809//6611 7813//6611
f 7813//6611 7809//6611 7814//6611
f 7809//6613 7807//6613 7814//6613
f 7814//6613 7807//6613 7815//6613
f 7816//6609 7817//6609 7818//6609
f 7818//6609 7817//6609 7819//6609
f 7818//6609 7819//6609 7820//6609
f 7820//6609 7819//6609 7821//6609
f 7820//6610 7821//6610 7822//6610
f 7822//6610 7821//6610 7823//6610
f 7821//6611 7819//6611 7823//6611
f 7823//6611 7819//6611 7824//6611
f 7819//6613 7817//6613 7824//6613
f 7824//6613 7817//6613 7825//6613
f 7826//6609 7827//6609 7828//6609
f 7828//6609 7827//6609 7829//6609
f 7828//6609 7829//6609 7830//6609
f 7830//6609 7829//6609 7831//6609
f 7830//6610 7831//6610 7832//6610
f 7832//6610 7831//6610 7833//6610
f 7831//6611 7829//6611 7833//6611
f 7833//6611 7829//6611 7834//6611
f 7829//6613 7827//6613 7834//6613
f 7834//6613 7827//6613 7835//6613
f 7836//6609 7837//6609 7838//6609
f 7838//6609 7837//6609 7839//6609
f 7838//6609 7839//6609 7840//6609
f 7840//6609 7839//6609 7841//6609
f 7840//6610 7841//6610 7842//6610
f 7842//6610 7841//6610 7843//6610
f 7841//6611 7839//6611 7843//6611
f 7843//6611 7839//6611 7844//6611
f 7839//6613 7837//6613 7844//6613
f 7844//6613 7837//6613 7845//6613
f 7846//6609 7847//6609 7848//6609
f 7848//6609 7847//6609 7849//6609
f 7848//6609 7849//6609 7850//6609
f 7850//6609 7849//6609 7851//6609
f 7850//6610 7851//6610 7852//6610
f 7852//6610 7851//6610 7853//6610
f 7851//6611 7849//6611 7853//6611
f 7853//6611 7849//6611 7854//6611
f 7849//6613 7847//6613 7854//6613
f 7854//6613 7847//6613 7855//6613
f 7856//6609 7857//6609 7858//6609
f 7858//6609 7857//6609 7859//6609
f 7858//6609 7859//6609 7860//6609
f 7860//6609 7859//6609 7861//6609
f 7860//6610 7861//6610 7862//6610
f 7862//6610 7861//6610 7863//6610
f 7861//6611 7859//6611 7863//6611
f 7863//6611 7859//6611 7864//6611
f 7859//6613 7857//6613 7864//6613
f 7864//6613 7857//6613 7865//6613
f 7866//6609 7867//6609 7868//6609
f 7868//6609 7867//6609 7869//6609
f 7868//6609 7869//6609 7870//6609
f 7870//6609 7869//6609 7871//6609
f 7870//6610 7871//6610 7872//6610
f 7872//6610 7871//6610 7873//6610
f 7871//6611 7869//6611 7873//6611
f 7873//6611 7869//6611 7874//6611
f 7869//6613 7867//6613 7874//6613
f 7874//6613 7867//6613 7875//6613
f 7876//6609 7877//6609 7878//6609
f 7878//6609 7877//6609 7879//6609
f 7878//6609 7879//6609 7880//6609
f 7880//6609 7879//6609 7881//6609
f 7880//6610 7881//6610 7882//6610
f 7882//6610 7881//6610 7883//6610
f 7881//6611 7879//6611 7883//6611
f 7883//6611 7879//6611 7884//6611
f 7879//6613 7877//6613 7884//6613
f 7884//6613 7877//6613 7885//6613
f 7886//6609 7887//6609 7888//6609
f 7888//6609 7887//6609 7889//6609
f 7888//6609 7889//6609 7890//6609
f 7890//6609 7889//6609 7891//6609
f 7890//6610 7891//6610 7892//6610
f 7892//6610 7891//6610 7893//6610
f 7891//6611 7889//6611 7893//6611
f 7893//6611 7889//6611 7894//6611
f 7889//6613 7887//6613 7894//6613
f 7894//6613 7887//6613 7895//6613
f 7896//6609 7897//6609 7898//6609
f 7898//6609 7897//6609 7899//6609
f 7898//6609 7899//6609 7900//6609
f 7900//6609 7899//6609 7901//6609
f 7900//6610 7901//6610 7902//6610
f 7902//6610 7901//6610 7903//6610
f 7901//6611 7899//6611 7903//6611
f 7903//6611 7899//6611 7904//6611
f 7899//6613 7897//6613 7904//6613
f 7904//6613 7897//6613 7905//6613
f 7906//6609 7907//6609 7908//6609
f 7908//6609 7907//6609 7909//6609
f 7908//6609 7909//6609 7910//6609
f 7910//6609 7909//6609 7911//6609
f 7910//6610 7911//6610 7912//6610
f 7912//6610 7911//6610 7913//6610
f 7911//6611 7909//6611 7913//6611
f 7913//6611 7909//6611 7914//6611
f 7909//6613 7907//6613 7914//6613
f 7914//6613 7907//6613 7915//6613
f 7916//6609 7917//6609 7918//6609
f 7918//6609 7917//6609 7919//6609
f 7918//6609 7919//6609 7920//6609
f 7920//6609 7919//6609 7921//6609
f 7920//6610 7921//6610 7922//6610
f 7922//6610 7921//6610 7923//6610
f 7921//6611 7919//6611 7923//6611
f 7923//6611 7919//6611 7924//6611
f 7919//6613 7917//6613 7924//6613
f 7924//6613 7917//6613 7925//6613
f 7926//6609 7927//6609 7928//6609
f 7928//6609 7927//6609 7929//6609
f 7928//6609 7929//6609 7930//6609
f 7930//6609 7929//6609 7931//6609
f 7930//6610 7931//6610 7932//6610
f 7932//6610 7931//6610 7933//6610
f 7931//6611 7929//6611 7933//6611
f 7933//6611 7929//6611 7934//6611
f 7929//6613 7927//6613 7934//6613
f 7934//6613 7927//6613 7935//6613
f 7936//6609 7937//6609 7938//6609
f 7938//6609 7937//6609 7939//6609
f 7938//6609 7939//6609 7940//6609
f 7940//6609 7939//6609 7941//6609
f 7940//6610 7941//6610 7942//6610
f 7942//6610 7941//6610 7943//6610
f 7941//6611 7939//6611 7943//6611
f 7943//6611 7939//6611 7944//6611
f 7939//6613 7937//6613 7944//6613
f 7944//6613 7937//6613 7945//6613
f 7946//6609 7947//6609 7948//6609
f 7948//6609 7947//6609 7949//6609
f 7948//6609 7949//6609 7950//6609
f 7950//6609 7949//6609 7951//6609
f 7950//6610 7951//6610 7952//6610
f 7952//6610 7951//6610 7953//6610
f 7951//6611 7949//6611 7953//6611
f 7953//6611 7949//6611 7954//6611
f 7949//6613 7947//6613 7954//6613
f 7954//6613 7947//6613 7955//6613
f 7956//6609 7957//6609 7958//6609
f 7958//6609 7957//6609 7959//6609
f 7958//6609 7959//6609 7960//6609
f 7960//6609 7959//6609 7961//6609
f 7960//6610 7961//6610 7962//6610
f 7962//6610 7961//6610 7963//6610
f 7961//6611 7959//6611 7963//6611
f 7963//6611 7959//6611 7964//6611
f 7959//6613 7957//6613 7964//6613
f 7964//6613 7957//6613 7965//6613
f 7927//6615 7926//6615 7935//6615
f 7935//6615 7926//6615 7966//6615
f 7926//6614 7928//6614 7966//6614
f 7966//6614 7928//6614 7967//6614
f 7928//6617 7930//6617 7967//6617
f 7967//6617 7930//6617 7932//6617
f 7917//6615 7916//6615 7925//6615
f 7925//6615 7916//6615 7968//6615
f 7916//6614 7918//6614 7968//6614
f 7968//6614 7918//6614 7969//6614
f 7918//6617 7920//6617 7969//6617
f 7969//6617 7920//6617 7922//6617
f 7937//6615 7936//6615 7945//6615
f 7945//6615 7936//6615 7970//6615
f 7936//6614 7938//6614 7970//6614
f 7970//6614 7938//6614 7971//6614
f 7938//6617 7940//6617 7971//6617
f 7971//6617 7940//6617 7942//6617
f 7867//6615 7866//6615 7875//6615
f 7875//6615 7866//6615 7972//6615
f 7866//6614 7868//6614 7972//6614
f 7972//6614 7868//6614 7973//6614
f 7868//6617 7870//6617 7973//6617
f 7973//6617 7870//6617 7872//6617
f 7857//6615 7856//6615 7865//6615
f 7865//6615 7856//6615 7974//6615
f 7856//6614 7858//6614 7974//6614
f 7974//6614 7858//6614 7975//6614
f 7858//6617 7860//6617 7975//6617
f 7975//6617 7860//6617 7862//6617
f 7847//6615 7846//6615 7855//6615
f 7855//6615 7846//6615 7976//6615
f 7846//6614 7848//6614 7976//6614
f 7976//6614 7848//6614 7977//6614
f 7848//6617 7850//6617 7977//6617
f 7977//6617 7850//6617 7852//6617
f 7777//6615 7776//6615 7785//6615
f 7785//6615 7776//6615 7978//6615
f 7776//6614 7778//6614 7978//6614
f 7978//6614 7778//6614 7979//6614
f 7778//6617 7780//6617 7979//6617
f 7979//6617 7780//6617 7782//6617
f 7787//6615 7786//6615 7795//6615
f 7795//6615 7786//6615 7980//6615
f 7786//6614 7788//6614 7980//6614
f 7980//6614 7788//6614 7981//6614
f 7788//6617 7790//6617 7981//6617
f 7981//6617 7790//6617 7792//6617
f 7817//6615 7816//6615 7825//6615
f 7825//6615 7816//6615 7982//6615
f 7816//6614 7818//6614 7982//6614
f 7982//6614 7818//6614 7983//6614
f 7818//6617 7820//6617 7983//6617
f 7983//6617 7820//6617 7822//6617
f 7837//6615 7836//6615 7845//6615
f 7845//6615 7836//6615 7984//6615
f 7836//6614 7838//6614 7984//6614
f 7984//6614 7838//6614 7985//6614
f 7838//6617 7840//6617 7985//6617
f 7985//6617 7840//6617 7842//6617
f 7767//6615 7766//6615 7775//6615
f 7775//6615 7766//6615 7986//6615
f 7766//6614 7768//6614 7986//6614
f 7986//6614 7768//6614 7987//6614
f 7768//6617 7770//6617 7987//6617
f 7987//6617 7770//6617 7772//6617
f 7827//6615 7826//6615 7835//6615
f 7835//6615 7826//6615 7988//6615
f 7826//6614 7828//6614 7988//6614
f 7988//6614 7828//6614 7989//6614
f 7828//6617 7830//6617 7989//6617
f 7989//6617 7830//6617 7832//6617
f 7807//6615 7806//6615 7815//6615
f 7815//6615 7806//6615 7990//6615
f 7806//6614 7808//6614 7990//6614
f 7990//6614 7808//6614 7991//6614
f 7808//6617 7810//6617 7991//6617
f 7991//6617 7810//6617 7812//6617
f 7797//6615 7796//6615 7805//6615
f 7805//6615 7796//6615 7992//6615
f 7796//6614 7798//6614 7992//6614
f 7992//6614 7798//6614 7993//6614
f 7798//6617 7800//6617 7993//6617
f 7993//6617 7800//6617 7802//6617
f 7887//6615 7886//6615 7895//6615
f 7895//6615 7886//6615 7994//6615
f 7886//6614 7888//6614 7994//6614
f 7994//6614 7888//6614 7995//6614
f 7888//6617 7890//6617 7995//6617
f 7995//6617 7890//6617 7892//6617
f 7897//6615 7896//6615 7905//6615
f 7905//6615 7896//6615 7996//6615
f 7896//6614 7898//6614 7996//6614
f 7996//6614 7898//6614 7997//6614
f 7898//6617 7900//6617 7997//6617
f 7997//6617 7900//6617 7902//6617
f 7877//6615 7876//6615 7885//6615
f 7885//6615 7876//6615 7998//6615
f 7876//6614 7878//6614 7998//6614
f 7998//6614 7878//6614 7999//6614
f 7878//6617 7880//6617 7999//6617
f 7999//6617 7880//6617 7882//6617
f 7907//6615 7906//6615 7915//6615
f 7915//6615 7906//6615 8000//6615
f 7906//6614 7908//6614 8000//6614
f 8000//6614 7908//6614 8001//6614
f 7908//6617 7910//6617 8001//6617
f 8001//6617 7910//6617 7912//6617
f 7957//6615 7956//6615 7965//6615
f 7965//6615 7956//6615 8002//6615
f 7956//6614 7958//6614 8002//6614
f 8002//6614 7958//6614 8003//6614
f 7958//6617 7960//6617 8003//6617
f 8003//6617 7960//6617 7962//6617
f 7947//6615 7946//6615 7955//6615
f 7955//6615 7946//6615 8004//6615
f 7946//6614 7948//6614 8004//6614
f 8004//6614 7948//6614 8005//6614
f 7948//6617 7950//6617 8005//6617
f 8005//6617 7950//6617 7952//6617
f 7745//6613 7747//6613 8006//6613
f 8006//6613 7747//6613 8007//6613
f 7747//6612 7749//6612 8007//6612
f 8007//6612 7749//6612 8008//6612
f 7749//6611 7760//6611 8008//6611
f 8008//6611 7760//6611 7761//6611
f 7752//6615 7745//6615 7765//6615
f 7765//6615 7745//6615 8006//6615
f 8006//6609 7981//6609 7765//6609
f 7765//6609 7981//6609 7792//6609
f 7765//6609 7792//6609 7793//6609
f 8007//6609 7942//6609 8006//6609
f 8006//6609 7942//6609 7943//6609
f 8006//6609 7943//6609 7944//6609
f 8008//6609 7989//6609 8007//6609
f 8007//6609 7989//6609 8005//6609
f 8007//6609 8005//6609 7985//6609
f 7985//6609 8005//6609 7952//6609
f 7985//6609 7952//6609 7984//6609
f 7984//6609 7952//6609 7953//6609
f 7984//6609 7953//6609 7845//6609
f 7845//6609 7953//6609 7844//6609
f 7844//6609 7953//6609 7954//6609
f 7844//6609 7954//6609 7979//6609
f 7979//6609 7954//6609 7999//6609
f 7979//6609 7999//6609 7882//6609
f 7761//6609 7990//6609 8008//6609
f 8008//6609 7990//6609 7991//6609
f 8008//6609 7991//6609 8003//6609
f 8003//6609 7991//6609 7812//6609
f 8003//6609 7812//6609 8002//6609
f 8002//6609 7812//6609 7813//6609
f 8002//6609 7813//6609 7965//6609
f 7965//6609 7813//6609 7964//6609
f 7964//6609 7813//6609 7814//6609
f 7964//6609 7814//6609 7997//6609
f 7997//6609 7814//6609 7762//6609
f 7997//6609 7762//6609 7996//6609
f 7996//6609 7762//6609 7905//6609
f 7905//6609 7762//6609 7763//6609
f 7905//6609 7763//6609 7904//6609
f 7904//6609 7763//6609 7854//6609
f 7904//6609 7854//6609 7903//6609
f 7903//6609 7854//6609 7855//6609
f 7903//6609 7855//6609 7976//6609
f 7762//6609 7814//6609 7761//6609
f 7761//6609 7814//6609 7815//6609
f 7761//6609 7815//6609 7990//6609
f 7764//6609 7884//6609 7763//6609
f 7763//6609 7884//6609 7894//6609
f 7763//6609 7894//6609 7864//6609
f 7864//6609 7894//6609 7863//6609
f 7863//6609 7894//6609 7895//6609
f 7863//6609 7895//6609 7994//6609
f 7765//6609 7793//6609 7764//6609
f 7764//6609 7793//6609 7794//6609
f 7764//6609 7794//6609 7914//6609
f 7914//6609 7794//6609 7795//6609
f 7914//6609 7795//6609 7913//6609
f 7913//6609 7795//6609 7980//6609
f 7913//6609 7980//6609 7912//6609
f 7912//6609 7980//6609 7981//6609
f 7912//6609 7981//6609 8001//6609
f 8001//6609 7981//6609 7944//6609
f 8001//6609 7944//6609 7774//6609
f 7774//6609 7944//6609 7773//6609
f 7773//6609 7944//6609 7945//6609
f 7773//6609 7945//6609 7970//6609
f 7955//6609 7833//6609 7954//6609
f 7954//6609 7833//6609 7834//6609
f 7954//6609 7834//6609 7999//6609
f 7999//6609 7834//6609 7995//6609
f 7999//6609 7995//6609 7892//6609
f 7955//6609 8004//6609 7833//6609
f 7833//6609 8004//6609 7832//6609
f 7832//6609 8004//6609 8005//6609
f 7832//6609 8005//6609 7989//6609
f 7964//6609 7824//6609 7963//6609
f 7963//6609 7824//6609 7825//6609
f 7963//6609 7825//6609 7982//6609
f 8008//6609 8003//6609 7983//6609
f 7983//6609 8003//6609 7962//6609
f 7983//6609 7962//6609 7982//6609
f 7982//6609 7962//6609 7963//6609
f 7915//6609 7803//6609 7914//6609
f 7914//6609 7803//6609 7804//6609
f 7914//6609 7804//6609 7764//6609
f 7764//6609 7804//6609 7874//6609
f 7764//6609 7874//6609 7784//6609
f 7784//6609 7874//6609 7783//6609
f 7783//6609 7874//6609 7875//6609
f 7783//6609 7875//6609 7972//6609
f 7915//6609 8000//6609 7803//6609
f 7803//6609 8000//6609 7802//6609
f 7802//6609 8000//6609 8001//6609
f 7802//6609 8001//6609 7993//6609
f 7993//6609 8001//6609 7774//6609
f 7993//6609 7774//6609 7934//6609
f 7934//6609 7774//6609 7933//6609
f 7933//6609 7774//6609 7775//6609
f 7933//6609 7775//6609 7986//6609
f 7884//6609 7784//6609 7883//6609
f 7883//6609 7784//6609 7785//6609
f 7883//6609 7785//6609 7978//6609
f 7894//6609 7884//6609 7893//6609
f 7893//6609 7884//6609 7885//6609
f 7893//6609 7885//6609 7998//6609
f 7893//6609 7998//6609 7892//6609
f 7892//6609 7998//6609 7999//6609
f 7979//6609 7882//6609 7978//6609
f 7978//6609 7882//6609 7883//6609
f 7964//6609 7997//6609 7977//6609
f 7977//6609 7997//6609 7902//6609
f 7977//6609 7902//6609 7976//6609
f 7976//6609 7902//6609 7903//6609
f 7863//6609 7994//6609 7862//6609
f 7862//6609 7994//6609 7995//6609
f 7862//6609 7995//6609 7975//6609
f 7975//6609 7995//6609 7924//6609
f 7975//6609 7924//6609 7824//6609
f 7824//6609 7924//6609 7823//6609
f 7823//6609 7924//6609 7925//6609
f 7823//6609 7925//6609 7968//6609
f 7874//6609 7804//6609 7873//6609
f 7873//6609 7804//6609 7805//6609
f 7873//6609 7805//6609 7992//6609
f 7873//6609 7992//6609 7872//6609
f 7872//6609 7992//6609 7993//6609
f 7872//6609 7993//6609 7973//6609
f 7973//6609 7993//6609 7934//6609
f 7973//6609 7934//6609 7844//6609
f 7844//6609 7934//6609 7843//6609
f 7843//6609 7934//6609 7935//6609
f 7843//6609 7935//6609 7966//6609
f 7835//6609 7923//6609 7834//6609
f 7834//6609 7923//6609 7924//6609
f 7834//6609 7924//6609 7995//6609
f 7835//6609 7988//6609 7923//6609
f 7923//6609 7988//6609 7922//6609
f 7922//6609 7988//6609 7989//6609
f 7922//6609 7989//6609 7969//6609
f 7969//6609 7989//6609 8008//6609
f 7969//6609 8008//6609 7983//6609
f 7933//6609 7986//6609 7932//6609
f 7932//6609 7986//6609 7987//6609
f 7932//6609 7987//6609 7967//6609
f 7967//6609 7987//6609 8007//6609
f 7967//6609 8007//6609 7985//6609
f 7772//6609 7970//6609 7987//6609
f 7987//6609 7970//6609 7971//6609
f 7987//6609 7971//6609 8007//6609
f 8007//6609 7971//6609 7942//6609
f 7772//6609 7773//6609 7970//6609
f 7985//6609 7842//6609 7967//6609
f 7967//6609 7842//6609 7966//6609
f 7966//6609 7842//6609 7843//6609
f 7983//6609 7822//6609 7969//6609
f 7969//6609 7822//6609 7968//6609
f 7968//6609 7822//6609 7823//6609
f 7844//6609 7979//6609 7973//6609
f 7973//6609 7979//6609 7782//6609
f 7973//6609 7782//6609 7972//6609
f 7972//6609 7782//6609 7783//6609
f 7854//6609 7864//6609 7853//6609
f 7853//6609 7864//6609 7865//6609
f 7853//6609 7865//6609 7974//6609
f 7852//6609 7975//6609 7977//6609
f 7977//6609 7975//6609 7824//6609
f 7977//6609 7824//6609 7964//6609
f 7975//6609 7852//6609 7974//6609
f 7974//6609 7852//6609 7853//6609
f 7981//6609 8006//6609 7944//6609
f 7884//6609 7764//6609 7784//6609
f 7854//6609 7763//6609 7864//6609
f 8056//6609 8039//6609 8037//6609
f 8010//6619 8013//6619 8014//6619 8011//6619
f 8011//6620 8014//6620 8012//6620 8009//6620
f 8013//6621 8016//6621 8017//6621 8014//6621
f 8014//6622 8017//6622 8015//6622 8012//6622
f 8016//6623 8019//6623 8020//6623 8017//6623
f 8017//6624 8020//6624 8018//6624 8015//6624
f 8019//6625 8022//6625 8023//6625 8020//6625
f 8020//6626 8023//6626 8021//6626 8018//6626
f 8022//6627 8025//6627 8026//6627 8023//6627
f 8023//6628 8026//6628 8024//6628 8021//6628
f 8025//6629 8028//6629 8029//6629 8026//6629
f 8026//6630 8029//6630 8027//6630 8024//6630
f 8028//6631 8031//6631 8032//6631 8029//6631
f 8029//6632 8032//6632 8030//6632 8027//6632
f 8009//6633 8030//6633 8032//6633 8011//6633
f 8011//6634 8032//6634 8031//6634 8010//6634
f 8033//6614 8036//6614 8010//6614
f 8034//6635 8035//6635 8036//6635 8033//6635
f 8035//6636 8037//6636 8038//6636 8036//6636
f 8037//6637 8039//6637 8040//6637 8038//6637
f 8039//6638 8041//6638 8042//6638 8040//6638
f 8041//6639 8043//6639 8044//6639 8042//6639
f 8043//6640 8045//6640 8046//6640 8044//6640
f 8045//6641 8047//6641 8048//6641 8046//6641
f 8033//6642 8048//6642 8047//6642 8034//6642
f 7757//6613 7758//6613 8055//6613
f 8050//6638 8051//6638 8052//6638 8049//6638
f 8051//6639 8053//6639 8054//6639 8052//6639
f 8053//6640 8055//6640 8056//6640 8054//6640
f 8055//6641 8057//6641 8058//6641 8056//6641
f 8049//6637 8059//6637 8060//6637 8050//6637
f 8059//6636 8061//6636 8062//6636 8060//6636
f 8061//6635 8063//6635 8064//6635 8062//6635
f 8057//6642 8064//6642 8063//6642 8058//6642
f 8060//6617 7746//6617 8050//6617
o ECU-Mod_Cable-Plug-ABS.004
v -0.025545 0.017400 0.008400
v -0.025545 0.017690 0.009100
v -0.025545 0.020200 0.005600
v -0.025545 0.020900 0.005890
v -0.025545 0.020200 -0.005600
v -0.025545 0.020900 -0.005890
v -0.025545 0.017690 -0.009100
v -0.025545 0.014600 0.008400
v -0.025545 0.014310 0.009100
v -0.025545 0.011800 0.005600
v -0.025545 0.011100 0.005890
v -0.025545 0.011800 -0.005600
v -0.025545 0.011100 -0.005890
v -0.025545 0.014310 -0.009100
v -0.025545 0.014600 -0.008400
v -0.025545 0.017400 -0.008400
v -0.033245 0.017400 -0.008400
v -0.033245 0.014600 -0.008400
v -0.033245 0.011800 -0.005600
v -0.033245 0.011800 0.005600
v -0.033245 0.014600 0.008400
v -0.029745 0.018450 0.003733
v -0.029745 0.017050 0.003733
v -0.029745 0.018800 0.004083
v -0.029745 0.016700 0.004083
v -0.029745 0.018450 0.004433
v -0.029745 0.017050 0.004433
v -0.033245 0.018450 0.004433
v -0.033245 0.017050 0.004433
v -0.033245 0.016700 0.004083
v -0.033245 0.017050 0.003733
v -0.029745 0.014950 0.000233
v -0.029745 0.013550 0.000233
v -0.029745 0.015300 0.000583
v -0.029745 0.013200 0.000583
v -0.029745 0.014950 0.000933
v -0.029745 0.013550 0.000933
v -0.033245 0.014950 0.000933
v -0.033245 0.013550 0.000933
v -0.033245 0.013200 0.000583
v -0.033245 0.013550 0.000233
v -0.029745 0.014950 0.004900
v -0.029745 0.013550 0.004900
v -0.029745 0.015300 0.005250
v -0.029745 0.013200 0.005250
v -0.029745 0.014950 0.005600
v -0.029745 0.013550 0.005600
v -0.033245 0.014950 0.005600
v -0.033245 0.013550 0.005600
v -0.033245 0.013200 0.005250
v -0.033245 0.013550 0.004900
v -0.029745 0.014950 0.002567
v -0.029745 0.013550 0.002567
v -0.029745 0.015300 0.002917
v -0.029745 0.013200 0.002917
v -0.029745 0.014950 0.003267
v -0.029745 0.013550 0.003267
v -0.033245 0.014950 0.003267
v -0.033245 0.013550 0.003267
v -0.033245 0.013200 0.002917
v -0.033245 0.013550 0.002567
v -0.029745 0.018450 -0.005600
v -0.029745 0.017050 -0.005600
v -0.029745 0.018800 -0.005250
v -0.029745 0.016700 -0.005250
v -0.029745 0.018450 -0.004900
v -0.029745 0.017050 -0.004900
v -0.033245 0.018450 -0.004900
v -0.033245 0.017050 -0.004900
v -0.033245 0.016700 -0.005250
v -0.033245 0.017050 -0.005600
v -0.029745 0.018450 -0.003267
v -0.029745 0.017050 -0.003267
v -0.029745 0.018800 -0.002917
v -0.029745 0.016700 -0.002917
v -0.029745 0.018450 -0.002567
v -0.029745 0.017050 -0.002567
v -0.033245 0.018450 -0.002567
v -0.033245 0.017050 -0.002567
v -0.033245 0.016700 -0.002917
v -0.033245 0.017050 -0.003267
v -0.029745 0.018450 -0.000933
v -0.029745 0.017050 -0.000933
v -0.029745 0.018800 -0.000583
v -0.029745 0.016700 -0.000583
v -0.029745 0.018450 -0.000233
v -0.029745 0.017050 -0.000233
v -0.033245 0.018450 -0.000233
v -0.033245 0.017050 -0.000233
v -0.033245 0.016700 -0.000583
v -0.033245 0.017050 -0.000933
v -0.029745 0.018450 0.001400
v -0.029745 0.017050 0.001400
v -0.029745 0.018800 0.001750
v -0.029745 0.016700 0.001750
v -0.029745 0.018450 0.002100
v -0.029745 0.017050 0.002100
v -0.033245 0.018450 0.002100
v -0.033245 0.017050 0.002100
v -0.033245 0.016700 0.001750
v -0.033245 0.017050 0.001400
v -0.029745 0.014950 -0.004433
v -0.029745 0.013550 -0.004433
v -0.029745 0.015300 -0.004083
v -0.029745 0.013200 -0.004083
v -0.029745 0.014950 -0.003733
v -0.029745 0.013550 -0.003733
v -0.033245 0.014950 -0.003733
v -0.033245 0.013550 -0.003733
v -0.033245 0.013200 -0.004083
v -0.033245 0.013550 -0.004433
v -0.029745 0.014950 -0.003267
v -0.029745 0.013550 -0.003267
v -0.029745 0.015300 -0.002917
v -0.029745 0.013200 -0.002917
v -0.029745 0.014950 -0.002567
v -0.029745 0.013550 -0.002567
v -0.033245 0.014950 -0.002567
v -0.033245 0.013550 -0.002567
v -0.033245 0.013200 -0.002917
v -0.033245 0.013550 -0.003267
v -0.029745 0.014950 0.001400
v -0.029745 0.013550 0.001400
v -0.029745 0.015300 0.001750
v -0.029745 0.013200 0.001750
v -0.029745 0.014950 0.002100
v -0.029745 0.013550 0.002100
v -0.033245 0.014950 0.002100
v -0.033245 0.013550 0.002100
v -0.033245 0.013200 0.001750
v -0.033245 0.013550 0.001400
v -0.029745 0.014950 -0.000933
v -0.029745 0.013550 -0.000933
v -0.029745 0.015300 -0.000583
v -0.029745 0.013200 -0.000583
v -0.029745 0.014950 -0.000233
v -0.029745 0.013550 -0.000233
v -0.033245 0.014950 -0.000233
v -0.033245 0.013550 -0.000233
v -0.033245 0.013200 -0.000583
v -0.033245 0.013550 -0.000933
v -0.029745 0.014950 -0.002100
v -0.029745 0.013550 -0.002100
v -0.029745 0.015300 -0.001750
v -0.029745 0.013200 -0.001750
v -0.029745 0.014950 -0.001400
v -0.029745 0.013550 -0.001400
v -0.033245 0.014950 -0.001400
v -0.033245 0.013550 -0.001400
v -0.033245 0.013200 -0.001750
v -0.033245 0.013550 -0.002100
v -0.029745 0.014950 -0.005600
v -0.029745 0.013550 -0.005600
v -0.029745 0.015300 -0.005250
v -0.029745 0.013200 -0.005250
v -0.029745 0.014950 -0.004900
v -0.029745 0.013550 -0.004900
v -0.033245 0.014950 -0.004900
v -0.033245 0.013550 -0.004900
v -0.033245 0.013200 -0.005250
v -0.033245 0.013550 -0.005600
v -0.029745 0.014950 0.003733
v -0.029745 0.013550 0.003733
v -0.029745 0.015300 0.004083
v -0.029745 0.013200 0.004083
v -0.029745 0.014950 0.004433
v -0.029745 0.013550 0.004433
v -0.033245 0.014950 0.004433
v -0.033245 0.013550 0.004433
v -0.033245 0.013200 0.004083
v -0.033245 0.013550 0.003733
v -0.029745 0.018450 -0.002100
v -0.029745 0.017050 -0.002100
v -0.029745 0.018800 -0.001750
v -0.029745 0.016700 -0.001750
v -0.029745 0.018450 -0.001400
v -0.029745 0.017050 -0.001400
v -0.033245 0.018450 -0.001400
v -0.033245 0.017050 -0.001400
v -0.033245 0.016700 -0.001750
v -0.033245 0.017050 -0.002100
v -0.029745 0.018450 0.002567
v -0.029745 0.017050 0.002567
v -0.029745 0.018800 0.002917
v -0.029745 0.016700 0.002917
v -0.029745 0.018450 0.003267
v -0.029745 0.017050 0.003267
v -0.033245 0.018450 0.003267
v -0.033245 0.017050 0.003267
v -0.033245 0.016700 0.002917
v -0.033245 0.017050 0.002567
v -0.029745 0.018450 0.004900
v -0.029745 0.017050 0.004900
v -0.029745 0.018800 0.005250
v -0.029745 0.016700 0.005250
v -0.029745 0.018450 0.005600
v -0.029745 0.017050 0.005600
v -0.033245 0.018450 0.005600
v -0.033245 0.017050 0.005600
v -0.033245 0.016700 0.005250
v -0.033245 0.017050 0.004900
v -0.029745 0.018450 0.000233
v -0.029745 0.017050 0.000233
v -0.029745 0.018800 0.000583
v -0.029745 0.016700 0.000583
v -0.029745 0.018450 0.000933
v -0.029745 0.017050 0.000933
v -0.033245 0.018450 0.000933
v -0.033245 0.017050 0.000933
v -0.033245 0.016700 0.000583
v -0.033245 0.017050 0.000233
v -0.029745 0.018450 -0.004433
v -0.029745 0.017050 -0.004433
v -0.029745 0.018800 -0.004083
v -0.029745 0.016700 -0.004083
v -0.029745 0.018450 -0.003733
v -0.029745 0.017050 -0.003733
v -0.033245 0.018450 -0.003733
v -0.033245 0.017050 -0.003733
v -0.033245 0.016700 -0.004083
v -0.033245 0.017050 -0.004433
v -0.033245 0.018450 0.002567
v -0.033245 0.018800 0.002917
v -0.033245 0.018450 -0.002100
v -0.033245 0.018800 -0.001750
v -0.033245 0.018450 0.004900
v -0.033245 0.018800 0.005250
v -0.033245 0.014950 0.001400
v -0.033245 0.015300 0.001750
v -0.033245 0.014950 -0.003267
v -0.033245 0.015300 -0.002917
v -0.033245 0.014950 -0.004433
v -0.033245 0.015300 -0.004083
v -0.033245 0.014950 0.000233
v -0.033245 0.015300 0.000583
v -0.033245 0.014950 0.004900
v -0.033245 0.015300 0.005250
v -0.033245 0.018450 -0.003267
v -0.033245 0.018800 -0.002917
v -0.033245 0.018450 0.001400
v -0.033245 0.018800 0.001750
v -0.033245 0.018450 0.003733
v -0.033245 0.018800 0.004083
v -0.033245 0.018450 -0.000933
v -0.033245 0.018800 -0.000583
v -0.033245 0.018450 -0.005600
v -0.033245 0.018800 -0.005250
v -0.033245 0.014950 0.002567
v -0.033245 0.015300 0.002917
v -0.033245 0.014950 -0.002100
v -0.033245 0.015300 -0.001750
v -0.033245 0.014950 -0.005600
v -0.033245 0.015300 -0.005250
v -0.033245 0.014950 -0.000933
v -0.033245 0.015300 -0.000583
v -0.033245 0.014950 0.003733
v -0.033245 0.015300 0.004083
v -0.033245 0.018450 -0.004433
v -0.033245 0.018800 -0.004083
v -0.033245 0.018450 0.000233
v -0.033245 0.018800 0.000583
v -0.033245 0.017400 0.008400
v -0.033245 0.020200 0.005600
v -0.033245 0.020200 -0.005600
v -0.024145 0.014484 0.008680
v -0.025265 0.014020 0.009800
v -0.024473 0.014156 0.009472
v -0.024145 0.011520 0.005716
v -0.025265 0.010400 0.006180
v -0.024473 0.010728 0.006044
v -0.024145 0.011520 -0.005716
v -0.025265 0.010400 -0.006180
v -0.024473 0.010728 -0.006044
v -0.024145 0.014484 -0.008680
v -0.025265 0.014020 -0.009800
v -0.024473 0.014156 -0.009472
v -0.024145 0.017516 -0.008680
v -0.025265 0.017980 -0.009800
v -0.024473 0.017844 -0.009472
v -0.024145 0.020480 -0.005716
v -0.025265 0.021600 -0.006180
v -0.024473 0.021272 -0.006044
v -0.024145 0.020480 0.005716
v -0.025265 0.021600 0.006180
v -0.024473 0.021272 0.006044
v -0.024145 0.017516 0.008680
v -0.025265 0.017980 0.009800
v -0.024473 0.017844 0.009472
v -0.033735 0.014020 0.009800
v -0.033945 0.014107 0.009590
v -0.033945 0.010610 0.006093
v -0.033735 0.010400 0.006180
v -0.033945 0.010610 -0.006093
v -0.033735 0.010400 -0.006180
v -0.033945 0.014107 -0.009590
v -0.033735 0.014020 -0.009800
v -0.033945 0.017893 -0.009590
v -0.033735 0.017980 -0.009800
v -0.033945 0.021390 -0.006093
v -0.033735 0.021600 -0.006180
v -0.033945 0.021390 0.006093
v -0.033735 0.021600 0.006180
v -0.033945 0.017893 0.009590
v -0.033735 0.017980 0.009800
v -0.033945 0.017777 0.009310
v -0.033735 0.017690 0.009100
v -0.033735 0.014310 0.009100
v -0.033945 0.014223 0.009310
v -0.033735 0.011100 0.005890
v -0.033945 0.010890 0.005977
v -0.033735 0.011100 -0.005890
v -0.033945 0.010890 -0.005977
v -0.033735 0.014310 -0.009100
v -0.033945 0.014223 -0.009310
v -0.033945 0.021110 0.005977
v -0.033735 0.020900 0.005890
v -0.033945 0.021110 -0.005977
v -0.033735 0.020900 -0.005890
v -0.033945 0.017777 -0.009310
v -0.033735 0.017690 -0.009100
vn -1.0000 -0.0000 -0.0000
vn -0.0000 -0.0000 -1.0000
vn -0.0000 0.7071 -0.7071
vn -0.0000 1.0000 -0.0000
vn -0.0000 0.7071 0.7071
vn -0.0000 -0.7071 0.7071
vn -0.0000 -0.0000 1.0000
vn 1.0000 -0.0000 -0.0000
vn -0.0000 -0.7071 -0.7071
vn -0.0000 -1.0000 -0.0000
vn 0.3827 -0.6533 0.6533
vn 0.9239 -0.2706 0.2706
vn 0.3827 -0.9239 -0.0000
vn 0.9239 -0.3827 -0.0000
vn 0.3827 -0.6533 -0.6533
vn 0.9239 -0.2706 -0.2706
vn 0.3827 -0.0000 -0.9239
vn 0.9239 -0.0000 -0.3827
vn 0.3827 0.6533 -0.6533
vn 0.9239 0.2706 -0.2706
vn 0.3827 0.9239 -0.0000
vn 0.9239 0.3827 -0.0000
vn 0.3827 0.6533 0.6533
vn 0.9239 0.2706 0.2706
vn 0.9239 -0.0000 0.3827
vn 0.3827 -0.0000 0.9239
vn -0.7071 -0.5000 0.5000
vn -0.7071 -0.7071 -0.0000
vn -0.7071 -0.5000 -0.5000
vn -0.7071 -0.0000 -0.7071
vn -0.7071 0.5000 -0.5000
vn -0.7071 0.7071 -0.0000
vn -0.7071 0.5000 0.5000
vn -0.7071 -0.0000 0.7071
s 0
usemtl Black_Acent
f 8065//6643 8066//6643 8067//6643
f 8067//6643 8066//6643 8068//6643
f 8067//6643 8068//6643 8069//6643
f 8069//6643 8068//6643 8070//6643
f 8069//6643 8070//6643 8071//6643
f 8065//6643 8072//6643 8066//6643
f 8066//6643 8072//6643 8073//6643
f 8073//6643 8072//6643 8074//6643
f 8073//6643 8074//6643 8075//6643
f 8075//6643 8074//6643 8076//6643
f 8075//6643 8076//6643 8077//6643
f 8077//6643 8076//6643 8078//6643
f 8078//6643 8076//6643 8079//6643
f 8078//6643 8079//6643 8080//6643
f 8078//6643 8080//6643 8071//6643
f 8071//6643 8080//6643 8069//6643
f 8370//6644 8073//6644 8371//6644
f 8372//6643 8367//6643 8369//6643
f 8371//6645 8075//6645 8373//6645
f 8374//6643 8354//6643 8372//6643
f 8373//6646 8077//6646 8375//6646
f 8376//6643 8355//6643 8374//6643
f 8375//6647 8078//6647 8377//6647
f 8378//6643 8359//6643 8376//6643
f 8384//6648 8070//6648 8382//6648
f 8369//6643 8367//6643 8379//6643
f 8071//6648 8070//6648 8384//6648
f 8379//6643 8365//6643 8381//6643
f 8359//6643 8383//6643 8361//6643
f 8361//6643 8383//6643 8381//6643
f 8377//6649 8071//6649 8384//6649
f 8378//6643 8383//6643 8359//6643
f 8078//6649 8071//6649 8377//6649
f 8350//6650 8329//6650 8332//6650 8335//6650 8338//6650 8341//6650 8344//6650 8347//6650
f 8358//6651 8360//6651 8336//6651
f 8360//6644 8362//6644 8339//6644
f 8382//6652 8068//6652 8380//6652
f 8362//6645 8364//6645 8342//6645
f 8070//6652 8068//6652 8382//6652
f 8364//6646 8366//6646 8345//6646
f 8068//6651 8066//6651 8380//6651
f 8366//6647 8368//6647 8348//6647
f 8073//6645 8075//6645 8371//6645
f 8351//6649 8353//6649 8330//6649
f 8075//6646 8077//6646 8373//6646
f 8330//6648 8356//6648 8333//6648
f 8372//6643 8354//6643 8367//6643
f 8368//6649 8353//6649 8351//6649
f 8356//6652 8358//6652 8333//6652
f 8066//6644 8073//6644 8370//6644
f 8348//6647 8368//6647 8351//6647
f 8379//6643 8367//6643 8365//6643
f 8345//6646 8366//6646 8348//6646
f 8342//6645 8364//6645 8345//6645
f 8381//6643 8363//6643 8361//6643
f 8381//6643 8365//6643 8363//6643
f 8333//6652 8358//6652 8336//6652
f 8374//6643 8355//6643 8354//6643
f 8376//6643 8357//6643 8355//6643
f 8336//6651 8360//6651 8339//6651
f 8339//6644 8362//6644 8342//6644
f 8080//6644 8079//6644 8081//6644
f 8081//6644 8079//6644 8082//6644
f 8079//6651 8076//6651 8082//6651
f 8082//6651 8076//6651 8083//6651
f 8076//6652 8074//6652 8083//6652
f 8083//6652 8074//6652 8084//6652
f 8074//6648 8072//6648 8084//6648
f 8084//6648 8072//6648 8085//6648
f 8086//6643 8087//6643 8088//6643
f 8088//6643 8087//6643 8089//6643
f 8088//6643 8089//6643 8090//6643
f 8090//6643 8089//6643 8091//6643
f 8090//6644 8091//6644 8092//6644
f 8092//6644 8091//6644 8093//6644
f 8091//6645 8089//6645 8093//6645
f 8093//6645 8089//6645 8094//6645
f 8089//6647 8087//6647 8094//6647
f 8094//6647 8087//6647 8095//6647
f 8096//6643 8097//6643 8098//6643
f 8098//6643 8097//6643 8099//6643
f 8098//6643 8099//6643 8100//6643
f 8100//6643 8099//6643 8101//6643
f 8100//6644 8101//6644 8102//6644
f 8102//6644 8101//6644 8103//6644
f 8101//6645 8099//6645 8103//6645
f 8103//6645 8099//6645 8104//6645
f 8099//6647 8097//6647 8104//6647
f 8104//6647 8097//6647 8105//6647
f 8106//6643 8107//6643 8108//6643
f 8108//6643 8107//6643 8109//6643
f 8108//6643 8109//6643 8110//6643
f 8110//6643 8109//6643 8111//6643
f 8110//6644 8111//6644 8112//6644
f 8112//6644 8111//6644 8113//6644
f 8111//6645 8109//6645 8113//6645
f 8113//6645 8109//6645 8114//6645
f 8109//6647 8107//6647 8114//6647
f 8114//6647 8107//6647 8115//6647
f 8116//6643 8117//6643 8118//6643
f 8118//6643 8117//6643 8119//6643
f 8118//6643 8119//6643 8120//6643
f 8120//6643 8119//6643 8121//6643
f 8120//6644 8121//6644 8122//6644
f 8122//6644 8121//6644 8123//6644
f 8121//6645 8119//6645 8123//6645
f 8123//6645 8119//6645 8124//6645
f 8119//6647 8117//6647 8124//6647
f 8124//6647 8117//6647 8125//6647
f 8126//6643 8127//6643 8128//6643
f 8128//6643 8127//6643 8129//6643
f 8128//6643 8129//6643 8130//6643
f 8130//6643 8129//6643 8131//6643
f 8130//6644 8131//6644 8132//6644
f 8132//6644 8131//6644 8133//6644
f 8131//6645 8129//6645 8133//6645
f 8133//6645 8129//6645 8134//6645
f 8129//6647 8127//6647 8134//6647
f 8134//6647 8127//6647 8135//6647
f 8136//6643 8137//6643 8138//6643
f 8138//6643 8137//6643 8139//6643
f 8138//6643 8139//6643 8140//6643
f 8140//6643 8139//6643 8141//6643
f 8140//6644 8141//6644 8142//6644
f 8142//6644 8141//6644 8143//6644
f 8141//6645 8139//6645 8143//6645
f 8143//6645 8139//6645 8144//6645
f 8139//6647 8137//6647 8144//6647
f 8144//6647 8137//6647 8145//6647
f 8146//6643 8147//6643 8148//6643
f 8148//6643 8147//6643 8149//6643
f 8148//6643 8149//6643 8150//6643
f 8150//6643 8149//6643 8151//6643
f 8150//6644 8151//6644 8152//6644
f 8152//6644 8151//6644 8153//6644
f 8151//6645 8149//6645 8153//6645
f 8153//6645 8149//6645 8154//6645
f 8149//6647 8147//6647 8154//6647
f 8154//6647 8147//6647 8155//6647
f 8156//6643 8157//6643 8158//6643
f 8158//6643 8157//6643 8159//6643
f 8158//6643 8159//6643 8160//6643
f 8160//6643 8159//6643 8161//6643
f 8160//6644 8161//6644 8162//6644
f 8162//6644 8161//6644 8163//6644
f 8161//6645 8159//6645 8163//6645
f 8163//6645 8159//6645 8164//6645
f 8159//6647 8157//6647 8164//6647
f 8164//6647 8157//6647 8165//6647
f 8166//6643 8167//6643 8168//6643
f 8168//6643 8167//6643 8169//6643
f 8168//6643 8169//6643 8170//6643
f 8170//6643 8169//6643 8171//6643
f 8170//6644 8171//6644 8172//6644
f 8172//6644 8171//6644 8173//6644
f 8171//6645 8169//6645 8173//6645
f 8173//6645 8169//6645 8174//6645
f 8169//6647 8167//6647 8174//6647
f 8174//6647 8167//6647 8175//6647
f 8176//6643 8177//6643 8178//6643
f 8178//6643 8177//6643 8179//6643
f 8178//6643 8179//6643 8180//6643
f 8180//6643 8179//6643 8181//6643
f 8180//6644 8181//6644 8182//6644
f 8182//6644 8181//6644 8183//6644
f 8181//6645 8179//6645 8183//6645
f 8183//6645 8179//6645 8184//6645
f 8179//6647 8177//6647 8184//6647
f 8184//6647 8177//6647 8185//6647
f 8186//6643 8187//6643 8188//6643
f 8188//6643 8187//6643 8189//6643
f 8188//6643 8189//6643 8190//6643
f 8190//6643 8189//6643 8191//6643
f 8190//6644 8191//6644 8192//6644
f 8192//6644 8191//6644 8193//6644
f 8191//6645 8189//6645 8193//6645
f 8193//6645 8189//6645 8194//6645
f 8189//6647 8187//6647 8194//6647
f 8194//6647 8187//6647 8195//6647
f 8196//6643 8197//6643 8198//6643
f 8198//6643 8197//6643 8199//6643
f 8198//6643 8199//6643 8200//6643
f 8200//6643 8199//6643 8201//6643
f 8200//6644 8201//6644 8202//6644
f 8202//6644 8201//6644 8203//6644
f 8201//6645 8199//6645 8203//6645
f 8203//6645 8199//6645 8204//6645
f 8199//6647 8197//6647 8204//6647
f 8204//6647 8197//6647 8205//6647
f 8206//6643 8207//6643 8208//6643
f 8208//6643 8207//6643 8209//6643
f 8208//6643 8209//6643 8210//6643
f 8210//6643 8209//6643 8211//6643
f 8210//6644 8211//6644 8212//6644
f 8212//6644 8211//6644 8213//6644
f 8211//6645 8209//6645 8213//6645
f 8213//6645 8209//6645 8214//6645
f 8209//6647 8207//6647 8214//6647
f 8214//6647 8207//6647 8215//6647
f 8216//6643 8217//6643 8218//6643
f 8218//6643 8217//6643 8219//6643
f 8218//6643 8219//6643 8220//6643
f 8220//6643 8219//6643 8221//6643
f 8220//6644 8221//6644 8222//6644
f 8222//6644 8221//6644 8223//6644
f 8221//6645 8219//6645 8223//6645
f 8223//6645 8219//6645 8224//6645
f 8219//6647 8217//6647 8224//6647
f 8224//6647 8217//6647 8225//6647
f 8226//6643 8227//6643 8228//6643
f 8228//6643 8227//6643 8229//6643
f 8228//6643 8229//6643 8230//6643
f 8230//6643 8229//6643 8231//6643
f 8230//6644 8231//6644 8232//6644
f 8232//6644 8231//6644 8233//6644
f 8231//6645 8229//6645 8233//6645
f 8233//6645 8229//6645 8234//6645
f 8229//6647 8227//6647 8234//6647
f 8234//6647 8227//6647 8235//6647
f 8236//6643 8237//6643 8238//6643
f 8238//6643 8237//6643 8239//6643
f 8238//6643 8239//6643 8240//6643
f 8240//6643 8239//6643 8241//6643
f 8240//6644 8241//6644 8242//6644
f 8242//6644 8241//6644 8243//6644
f 8241//6645 8239//6645 8243//6645
f 8243//6645 8239//6645 8244//6645
f 8239//6647 8237//6647 8244//6647
f 8244//6647 8237//6647 8245//6647
f 8246//6643 8247//6643 8248//6643
f 8248//6643 8247//6643 8249//6643
f 8248//6643 8249//6643 8250//6643
f 8250//6643 8249//6643 8251//6643
f 8250//6644 8251//6644 8252//6644
f 8252//6644 8251//6644 8253//6644
f 8251//6645 8249//6645 8253//6645
f 8253//6645 8249//6645 8254//6645
f 8249//6647 8247//6647 8254//6647
f 8254//6647 8247//6647 8255//6647
f 8256//6643 8257//6643 8258//6643
f 8258//6643 8257//6643 8259//6643
f 8258//6643 8259//6643 8260//6643
f 8260//6643 8259//6643 8261//6643
f 8260//6644 8261//6644 8262//6644
f 8262//6644 8261//6644 8263//6644
f 8261//6645 8259//6645 8263//6645
f 8263//6645 8259//6645 8264//6645
f 8259//6647 8257//6647 8264//6647
f 8264//6647 8257//6647 8265//6647
f 8266//6643 8267//6643 8268//6643
f 8268//6643 8267//6643 8269//6643
f 8268//6643 8269//6643 8270//6643
f 8270//6643 8269//6643 8271//6643
f 8270//6644 8271//6644 8272//6644
f 8272//6644 8271//6644 8273//6644
f 8271//6645 8269//6645 8273//6645
f 8273//6645 8269//6645 8274//6645
f 8269//6647 8267//6647 8274//6647
f 8274//6647 8267//6647 8275//6647
f 8276//6643 8277//6643 8278//6643
f 8278//6643 8277//6643 8279//6643
f 8278//6643 8279//6643 8280//6643
f 8280//6643 8279//6643 8281//6643
f 8280//6644 8281//6644 8282//6644
f 8282//6644 8281//6644 8283//6644
f 8281//6645 8279//6645 8283//6645
f 8283//6645 8279//6645 8284//6645
f 8279//6647 8277//6647 8284//6647
f 8284//6647 8277//6647 8285//6647
f 8247//6649 8246//6649 8255//6649
f 8255//6649 8246//6649 8286//6649
f 8246//6648 8248//6648 8286//6648
f 8286//6648 8248//6648 8287//6648
f 8248//6651 8250//6651 8287//6651
f 8287//6651 8250//6651 8252//6651
f 8237//6649 8236//6649 8245//6649
f 8245//6649 8236//6649 8288//6649
f 8236//6648 8238//6648 8288//6648
f 8288//6648 8238//6648 8289//6648
f 8238//6651 8240//6651 8289//6651
f 8289//6651 8240//6651 8242//6651
f 8257//6649 8256//6649 8265//6649
f 8265//6649 8256//6649 8290//6649
f 8256//6648 8258//6648 8290//6648
f 8290//6648 8258//6648 8291//6648
f 8258//6651 8260//6651 8291//6651
f 8291//6651 8260//6651 8262//6651
f 8187//6649 8186//6649 8195//6649
f 8195//6649 8186//6649 8292//6649
f 8186//6648 8188//6648 8292//6648
f 8292//6648 8188//6648 8293//6648
f 8188//6651 8190//6651 8293//6651
f 8293//6651 8190//6651 8192//6651
f 8177//6649 8176//6649 8185//6649
f 8185//6649 8176//6649 8294//6649
f 8176//6648 8178//6648 8294//6648
f 8294//6648 8178//6648 8295//6648
f 8178//6651 8180//6651 8295//6651
f 8295//6651 8180//6651 8182//6651
f 8167//6649 8166//6649 8175//6649
f 8175//6649 8166//6649 8296//6649
f 8166//6648 8168//6648 8296//6648
f 8296//6648 8168//6648 8297//6648
f 8168//6651 8170//6651 8297//6651
f 8297//6651 8170//6651 8172//6651
f 8097//6649 8096//6649 8105//6649
f 8105//6649 8096//6649 8298//6649
f 8096//6648 8098//6648 8298//6648
f 8298//6648 8098//6648 8299//6648
f 8098//6651 8100//6651 8299//6651
f 8299//6651 8100//6651 8102//6651
f 8107//6649 8106//6649 8115//6649
f 8115//6649 8106//6649 8300//6649
f 8106//6648 8108//6648 8300//6648
f 8300//6648 8108//6648 8301//6648
f 8108//6651 8110//6651 8301//6651
f 8301//6651 8110//6651 8112//6651
f 8137//6649 8136//6649 8145//6649
f 8145//6649 8136//6649 8302//6649
f 8136//6648 8138//6648 8302//6648
f 8302//6648 8138//6648 8303//6648
f 8138//6651 8140//6651 8303//6651
f 8303//6651 8140//6651 8142//6651
f 8157//6649 8156//6649 8165//6649
f 8165//6649 8156//6649 8304//6649
f 8156//6648 8158//6648 8304//6648
f 8304//6648 8158//6648 8305//6648
f 8158//6651 8160//6651 8305//6651
f 8305//6651 8160//6651 8162//6651
f 8087//6649 8086//6649 8095//6649
f 8095//6649 8086//6649 8306//6649
f 8086//6648 8088//6648 8306//6648
f 8306//6648 8088//6648 8307//6648
f 8088//6651 8090//6651 8307//6651
f 8307//6651 8090//6651 8092//6651
f 8147//6649 8146//6649 8155//6649
f 8155//6649 8146//6649 8308//6649
f 8146//6648 8148//6648 8308//6648
f 8308//6648 8148//6648 8309//6648
f 8148//6651 8150//6651 8309//6651
f 8309//6651 8150//6651 8152//6651
f 8127//6649 8126//6649 8135//6649
f 8135//6649 8126//6649 8310//6649
f 8126//6648 8128//6648 8310//6648
f 8310//6648 8128//6648 8311//6648
f 8128//6651 8130//6651 8311//6651
f 8311//6651 8130//6651 8132//6651
f 8117//6649 8116//6649 8125//6649
f 8125//6649 8116//6649 8312//6649
f 8116//6648 8118//6648 8312//6648
f 8312//6648 8118//6648 8313//6648
f 8118//6651 8120//6651 8313//6651
f 8313//6651 8120//6651 8122//6651
f 8207//6649 8206//6649 8215//6649
f 8215//6649 8206//6649 8314//6649
f 8206//6648 8208//6648 8314//6648
f 8314//6648 8208//6648 8315//6648
f 8208//6651 8210//6651 8315//6651
f 8315//6651 8210//6651 8212//6651
f 8217//6649 8216//6649 8225//6649
f 8225//6649 8216//6649 8316//6649
f 8216//6648 8218//6648 8316//6648
f 8316//6648 8218//6648 8317//6648
f 8218//6651 8220//6651 8317//6651
f 8317//6651 8220//6651 8222//6651
f 8197//6649 8196//6649 8205//6649
f 8205//6649 8196//6649 8318//6649
f 8196//6648 8198//6648 8318//6648
f 8318//6648 8198//6648 8319//6648
f 8198//6651 8200//6651 8319//6651
f 8319//6651 8200//6651 8202//6651
f 8227//6649 8226//6649 8235//6649
f 8235//6649 8226//6649 8320//6649
f 8226//6648 8228//6648 8320//6648
f 8320//6648 8228//6648 8321//6648
f 8228//6651 8230//6651 8321//6651
f 8321//6651 8230//6651 8232//6651
f 8277//6649 8276//6649 8285//6649
f 8285//6649 8276//6649 8322//6649
f 8276//6648 8278//6648 8322//6648
f 8322//6648 8278//6648 8323//6648
f 8278//6651 8280//6651 8323//6651
f 8323//6651 8280//6651 8282//6651
f 8267//6649 8266//6649 8275//6649
f 8275//6649 8266//6649 8324//6649
f 8266//6648 8268//6648 8324//6648
f 8324//6648 8268//6648 8325//6648
f 8268//6651 8270//6651 8325//6651
f 8325//6651 8270//6651 8272//6651
f 8065//6647 8067//6647 8326//6647
f 8326//6647 8067//6647 8327//6647
f 8067//6646 8069//6646 8327//6646
f 8327//6646 8069//6646 8328//6646
f 8069//6645 8080//6645 8328//6645
f 8328//6645 8080//6645 8081//6645
f 8072//6649 8065//6649 8085//6649
f 8085//6649 8065//6649 8326//6649
f 8326//6643 8301//6643 8085//6643
f 8085//6643 8301//6643 8112//6643
f 8085//6643 8112//6643 8113//6643
f 8327//6643 8262//6643 8326//6643
f 8326//6643 8262//6643 8263//6643
f 8326//6643 8263//6643 8264//6643
f 8328//6643 8309//6643 8327//6643
f 8327//6643 8309//6643 8325//6643
f 8327//6643 8325//6643 8305//6643
f 8305//6643 8325//6643 8272//6643
f 8305//6643 8272//6643 8304//6643
f 8304//6643 8272//6643 8273//6643
f 8304//6643 8273//6643 8165//6643
f 8165//6643 8273//6643 8164//6643
f 8164//6643 8273//6643 8274//6643
f 8164//6643 8274//6643 8299//6643
f 8299//6643 8274//6643 8319//6643
f 8299//6643 8319//6643 8202//6643
f 8081//6643 8310//6643 8328//6643
f 8328//6643 8310//6643 8311//6643
f 8328//6643 8311//6643 8323//6643
f 8323//6643 8311//6643 8132//6643
f 8323//6643 8132//6643 8322//6643
f 8322//6643 8132//6643 8133//6643
f 8322//6643 8133//6643 8285//6643
f 8285//6643 8133//6643 8284//6643
f 8284//6643 8133//6643 8134//6643
f 8284//6643 8134//6643 8317//6643
f 8317//6643 8134//6643 8082//6643
f 8317//6643 8082//6643 8316//6643
f 8316//6643 8082//6643 8225//6643
f 8225//6643 8082//6643 8083//6643
f 8225//6643 8083//6643 8224//6643
f 8224//6643 8083//6643 8174//6643
f 8224//6643 8174//6643 8223//6643
f 8223//6643 8174//6643 8175//6643
f 8223//6643 8175//6643 8296//6643
f 8082//6643 8134//6643 8081//6643
f 8081//6643 8134//6643 8135//6643
f 8081//6643 8135//6643 8310//6643
f 8084//6643 8204//6643 8083//6643
f 8083//6643 8204//6643 8214//6643
f 8083//6643 8214//6643 8184//6643
f 8184//6643 8214//6643 8183//6643
f 8183//6643 8214//6643 8215//6643
f 8183//6643 8215//6643 8314//6643
f 8085//6643 8113//6643 8084//6643
f 8084//6643 8113//6643 8114//6643
f 8084//6643 8114//6643 8234//6643
f 8234//6643 8114//6643 8115//6643
f 8234//6643 8115//6643 8233//6643
f 8233//6643 8115//6643 8300//6643
f 8233//6643 8300//6643 8232//6643
f 8232//6643 8300//6643 8301//6643
f 8232//6643 8301//6643 8321//6643
f 8321//6643 8301//6643 8264//6643
f 8321//6643 8264//6643 8094//6643
f 8094//6643 8264//6643 8093//6643
f 8093//6643 8264//6643 8265//6643
f 8093//6643 8265//6643 8290//6643
f 8275//6643 8153//6643 8274//6643
f 8274//6643 8153//6643 8154//6643
f 8274//6643 8154//6643 8319//6643
f 8319//6643 8154//6643 8315//6643
f 8319//6643 8315//6643 8212//6643
f 8275//6643 8324//6643 8153//6643
f 8153//6643 8324//6643 8152//6643
f 8152//6643 8324//6643 8325//6643
f 8152//6643 8325//6643 8309//6643
f 8284//6643 8144//6643 8283//6643
f 8283//6643 8144//6643 8145//6643
f 8283//6643 8145//6643 8302//6643
f 8328//6643 8323//6643 8303//6643
f 8303//6643 8323//6643 8282//6643
f 8303//6643 8282//6643 8302//6643
f 8302//6643 8282//6643 8283//6643
f 8235//6643 8123//6643 8234//6643
f 8234//6643 8123//6643 8124//6643
f 8234//6643 8124//6643 8084//6643
f 8084//6643 8124//6643 8194//6643
f 8084//6643 8194//6643 8104//6643
f 8104//6643 8194//6643 8103//6643
f 8103//6643 8194//6643 8195//6643
f 8103//6643 8195//6643 8292//6643
f 8235//6643 8320//6643 8123//6643
f 8123//6643 8320//6643 8122//6643
f 8122//6643 8320//6643 8321//6643
f 8122//6643 8321//6643 8313//6643
f 8313//6643 8321//6643 8094//6643
f 8313//6643 8094//6643 8254//6643
f 8254//6643 8094//6643 8253//6643
f 8253//6643 8094//6643 8095//6643
f 8253//6643 8095//6643 8306//6643
f 8204//6643 8104//6643 8203//6643
f 8203//6643 8104//6643 8105//6643
f 8203//6643 8105//6643 8298//6643
f 8214//6643 8204//6643 8213//6643
f 8213//6643 8204//6643 8205//6643
f 8213//6643 8205//6643 8318//6643
f 8213//6643 8318//6643 8212//6643
f 8212//6643 8318//6643 8319//6643
f 8299//6643 8202//6643 8298//6643
f 8298//6643 8202//6643 8203//6643
f 8284//6643 8317//6643 8297//6643
f 8297//6643 8317//6643 8222//6643
f 8297//6643 8222//6643 8296//6643
f 8296//6643 8222//6643 8223//6643
f 8183//6643 8314//6643 8182//6643
f 8182//6643 8314//6643 8315//6643
f 8182//6643 8315//6643 8295//6643
f 8295//6643 8315//6643 8244//6643
f 8295//6643 8244//6643 8144//6643
f 8144//6643 8244//6643 8143//6643
f 8143//6643 8244//6643 8245//6643
f 8143//6643 8245//6643 8288//6643
f 8194//6643 8124//6643 8193//6643
f 8193//6643 8124//6643 8125//6643
f 8193//6643 8125//6643 8312//6643
f 8193//6643 8312//6643 8192//6643
f 8192//6643 8312//6643 8313//6643
f 8192//6643 8313//6643 8293//6643
f 8293//6643 8313//6643 8254//6643
f 8293//6643 8254//6643 8164//6643
f 8164//6643 8254//6643 8163//6643
f 8163//6643 8254//6643 8255//6643
f 8163//6643 8255//6643 8286//6643
f 8155//6643 8243//6643 8154//6643
f 8154//6643 8243//6643 8244//6643
f 8154//6643 8244//6643 8315//6643
f 8155//6643 8308//6643 8243//6643
f 8243//6643 8308//6643 8242//6643
f 8242//6643 8308//6643 8309//6643
f 8242//6643 8309//6643 8289//6643
f 8289//6643 8309//6643 8328//6643
f 8289//6643 8328//6643 8303//6643
f 8253//6643 8306//6643 8252//6643
f 8252//6643 8306//6643 8307//6643
f 8252//6643 8307//6643 8287//6643
f 8287//6643 8307//6643 8327//6643
f 8287//6643 8327//6643 8305//6643
f 8092//6643 8290//6643 8307//6643
f 8307//6643 8290//6643 8291//6643
f 8307//6643 8291//6643 8327//6643
f 8327//6643 8291//6643 8262//6643
f 8092//6643 8093//6643 8290//6643
f 8305//6643 8162//6643 8287//6643
f 8287//6643 8162//6643 8286//6643
f 8286//6643 8162//6643 8163//6643
f 8303//6643 8142//6643 8289//6643
f 8289//6643 8142//6643 8288//6643
f 8288//6643 8142//6643 8143//6643
f 8164//6643 8299//6643 8293//6643
f 8293//6643 8299//6643 8102//6643
f 8293//6643 8102//6643 8292//6643
f 8292//6643 8102//6643 8103//6643
f 8174//6643 8184//6643 8173//6643
f 8173//6643 8184//6643 8185//6643
f 8173//6643 8185//6643 8294//6643
f 8172//6643 8295//6643 8297//6643
f 8297//6643 8295//6643 8144//6643
f 8297//6643 8144//6643 8284//6643
f 8295//6643 8172//6643 8294//6643
f 8294//6643 8172//6643 8173//6643
f 8301//6643 8326//6643 8264//6643
f 8204//6643 8084//6643 8104//6643
f 8174//6643 8083//6643 8184//6643
f 8376//6643 8359//6643 8357//6643
f 8330//6653 8333//6653 8334//6653 8331//6653
f 8331//6654 8334//6654 8332//6654 8329//6654
f 8333//6655 8336//6655 8337//6655 8334//6655
f 8334//6656 8337//6656 8335//6656 8332//6656
f 8336//6657 8339//6657 8340//6657 8337//6657
f 8337//6658 8340//6658 8338//6658 8335//6658
f 8339//6659 8342//6659 8343//6659 8340//6659
f 8340//6660 8343//6660 8341//6660 8338//6660
f 8342//6661 8345//6661 8346//6661 8343//6661
f 8343//6662 8346//6662 8344//6662 8341//6662
f 8345//6663 8348//6663 8349//6663 8346//6663
f 8346//6664 8349//6664 8347//6664 8344//6664
f 8348//6665 8351//6665 8352//6665 8349//6665
f 8349//6666 8352//6666 8350//6666 8347//6666
f 8329//6667 8350//6667 8352//6667 8331//6667
f 8331//6668 8352//6668 8351//6668 8330//6668
f 8353//6648 8356//6648 8330//6648
f 8354//6669 8355//6669 8356//6669 8353//6669
f 8355//6670 8357//6670 8358//6670 8356//6670
f 8357//6671 8359//6671 8360//6671 8358//6671
f 8359//6672 8361//6672 8362//6672 8360//6672
f 8361//6673 8363//6673 8364//6673 8362//6673
f 8363//6674 8365//6674 8366//6674 8364//6674
f 8365//6675 8367//6675 8368//6675 8366//6675
f 8353//6676 8368//6676 8367//6676 8354//6676
f 8077//6647 8078//6647 8375//6647
f 8370//6672 8371//6672 8372//6672 8369//6672
f 8371//6673 8373//6673 8374//6673 8372//6673
f 8373//6674 8375//6674 8376//6674 8374//6674
f 8375//6675 8377//6675 8378//6675 8376//6675
f 8369//6671 8379//6671 8380//6671 8370//6671
f 8379//6670 8381//6670 8382//6670 8380//6670
f 8381//6669 8383//6669 8384//6669 8382//6669
f 8377//6676 8384//6676 8383//6676 8378//6676
f 8380//6651 8066//6651 8370//6651
