# Blender 3.6.1
# www.blender.org
mtllib mounting_plate.mtl
o Mounting-Plate
v -0.130527 0.005066 -0.208281
v -0.130527 0.005066 -0.100411
v -0.130527 0.012066 -0.208281
v -0.130527 0.012066 -0.100411
v -0.124087 0.012066 -0.214721
v -0.124087 0.005066 -0.214721
v -0.125205 0.012066 -0.214624
v -0.125205 0.005066 -0.214624
v -0.126289 0.012066 -0.214333
v -0.126289 0.005066 -0.214333
v -0.127307 0.012066 -0.213859
v -0.127307 0.005066 -0.213859
v -0.128226 0.012066 -0.213215
v -0.128226 0.005066 -0.213215
v -0.129020 0.012066 -0.212421
v -0.129020 0.005066 -0.212421
v -0.129664 0.012066 -0.211501
v -0.129664 0.005066 -0.211501
v -0.130138 0.012066 -0.210484
v -0.130138 0.005066 -0.210484
v -0.130429 0.012066 -0.209400
v -0.130429 0.005066 -0.209400
v -0.040367 0.005066 -0.214721
v -0.040367 0.012066 -0.214721
v -0.033927 0.012066 -0.208281
v -0.033927 0.005066 -0.208281
v -0.034025 0.012066 -0.209400
v -0.034025 0.005066 -0.209400
v -0.034315 0.012066 -0.210484
v -0.034315 0.005066 -0.210484
v -0.034790 0.012066 -0.211501
v -0.034790 0.005066 -0.211501
v -0.035433 0.012066 -0.212421
v -0.035433 0.005066 -0.212421
v -0.036227 0.012066 -0.213215
v -0.036227 0.005066 -0.213215
v -0.037147 0.012066 -0.213859
v -0.037147 0.005066 -0.213859
v -0.038164 0.012066 -0.214333
v -0.038164 0.005066 -0.214333
v -0.039248 0.012066 -0.214624
v -0.039248 0.005066 -0.214624
v -0.033927 0.005066 -0.100411
v -0.033927 0.012066 -0.100411
v -0.040367 0.012066 -0.093971
v -0.040367 0.005066 -0.093971
v -0.039248 0.012066 -0.094069
v -0.039248 0.005066 -0.094069
v -0.038164 0.012066 -0.094360
v -0.038164 0.005066 -0.094360
v -0.037147 0.012066 -0.094834
v -0.037147 0.005066 -0.094834
v -0.036227 0.012066 -0.095478
v -0.036227 0.005066 -0.095478
v -0.035433 0.012066 -0.096272
v -0.035433 0.005066 -0.096272
v -0.034789 0.012066 -0.097191
v -0.034789 0.005066 -0.097191
v -0.034315 0.012066 -0.098209
v -0.034315 0.005066 -0.098209
v -0.034025 0.012066 -0.099293
v -0.034025 0.005066 -0.099293
v -0.124087 0.005066 -0.093971
v -0.124087 0.012066 -0.093971
v -0.130429 0.012066 -0.099293
v -0.130429 0.005066 -0.099293
v -0.130138 0.012066 -0.098209
v -0.130138 0.005066 -0.098209
v -0.129664 0.012066 -0.097191
v -0.129664 0.005066 -0.097191
v -0.129020 0.012066 -0.096272
v -0.129020 0.005066 -0.096272
v -0.128226 0.012066 -0.095478
v -0.128226 0.005066 -0.095478
v -0.127307 0.012066 -0.094834
v -0.127307 0.005066 -0.094834
v -0.126289 0.012066 -0.094360
v -0.126289 0.005066 -0.094360
v -0.125205 0.012066 -0.094069
v -0.125205 0.005066 -0.094069
v -0.124751 0.012066 -0.102946
v -0.124811 0.012066 -0.103631
v -0.124751 0.012066 -0.104316
v -0.124573 0.012066 -0.104980
v -0.124283 0.012066 -0.105604
v -0.124283 0.012066 -0.203089
v -0.124573 0.012066 -0.203712
v -0.124751 0.012066 -0.204376
v -0.123888 0.012066 -0.106167
v -0.123888 0.012066 -0.202526
v -0.123402 0.012066 -0.202040
v -0.123402 0.012066 -0.106653
v -0.122839 0.012066 -0.201645
v -0.122839 0.012066 -0.107047
v -0.122216 0.012066 -0.201355
v -0.122216 0.012066 -0.107338
v -0.121552 0.012066 -0.201177
v -0.121552 0.012066 -0.107516
v -0.120867 0.012066 -0.201117
v -0.120867 0.012066 -0.107576
v -0.120182 0.012066 -0.107516
v -0.120182 0.012066 -0.201177
v -0.119518 0.012066 -0.107338
v -0.119518 0.012066 -0.201355
v -0.118894 0.012066 -0.107047
v -0.118894 0.012066 -0.201645
v -0.118331 0.012066 -0.106653
v -0.118331 0.012066 -0.202040
v -0.117845 0.012066 -0.106167
v -0.117845 0.012066 -0.202526
v -0.046608 0.012066 -0.106167
v -0.046608 0.012066 -0.202526
v -0.046122 0.012066 -0.202040
v -0.046122 0.012066 -0.106653
v -0.045559 0.012066 -0.201645
v -0.045559 0.012066 -0.107047
v -0.044936 0.012066 -0.201355
v -0.044936 0.012066 -0.107338
v -0.044272 0.012066 -0.201177
v -0.044272 0.012066 -0.107516
v -0.043587 0.012066 -0.201117
v -0.043587 0.012066 -0.107576
v -0.042902 0.012066 -0.107516
v -0.047003 0.012066 -0.105604
v -0.117451 0.012066 -0.105604
v -0.047293 0.012066 -0.104980
v -0.117160 0.012066 -0.104980
v -0.047471 0.012066 -0.104316
v -0.116982 0.012066 -0.104316
v -0.047531 0.012066 -0.103631
v -0.116922 0.012066 -0.103631
v -0.047471 0.012066 -0.102946
v -0.116982 0.012066 -0.102946
v -0.047293 0.012066 -0.102282
v -0.117160 0.012066 -0.102282
v -0.047003 0.012066 -0.101659
v -0.117451 0.012066 -0.101659
v -0.046608 0.012066 -0.101096
v -0.117845 0.012066 -0.101096
v -0.046122 0.012066 -0.100610
v -0.118331 0.012066 -0.100610
v -0.045559 0.012066 -0.100215
v -0.118894 0.012066 -0.100215
v -0.119518 0.012066 -0.099925
v -0.120182 0.012066 -0.099747
v -0.120867 0.012066 -0.099687
v -0.121552 0.012066 -0.099747
v -0.122216 0.012066 -0.099925
v -0.122839 0.012066 -0.100215
v -0.123402 0.012066 -0.100610
v -0.123888 0.012066 -0.101096
v -0.124283 0.012066 -0.101659
v -0.124573 0.012066 -0.102282
v -0.042902 0.012066 -0.201177
v -0.042238 0.012066 -0.107338
v -0.042238 0.012066 -0.201355
v -0.041614 0.012066 -0.107047
v -0.041614 0.012066 -0.201645
v -0.041051 0.012066 -0.106653
v -0.041051 0.012066 -0.202040
v -0.040565 0.012066 -0.106167
v -0.040565 0.012066 -0.202526
v -0.040171 0.012066 -0.203089
v -0.040171 0.012066 -0.105604
v -0.039880 0.012066 -0.104980
v -0.039702 0.012066 -0.104316
v -0.039642 0.012066 -0.103631
v -0.039702 0.012066 -0.102946
v -0.039880 0.012066 -0.102282
v -0.040171 0.012066 -0.101659
v -0.040565 0.012066 -0.101096
v -0.041051 0.012066 -0.100610
v -0.041614 0.012066 -0.100215
v -0.042238 0.012066 -0.099925
v -0.042902 0.012066 -0.099747
v -0.043587 0.012066 -0.099687
v -0.044272 0.012066 -0.099747
v -0.044936 0.012066 -0.099925
v -0.124811 0.012066 -0.205061
v -0.124751 0.012066 -0.205746
v -0.124573 0.012066 -0.206410
v -0.124283 0.012066 -0.207034
v -0.123888 0.012066 -0.207597
v -0.123402 0.012066 -0.208083
v -0.122839 0.012066 -0.208477
v -0.122216 0.012066 -0.208768
v -0.121552 0.012066 -0.208946
v -0.120867 0.012066 -0.209006
v -0.120182 0.012066 -0.208946
v -0.119518 0.012066 -0.208768
v -0.118894 0.012066 -0.208477
v -0.045559 0.012066 -0.208477
v -0.044936 0.012066 -0.208768
v -0.044272 0.012066 -0.208946
v -0.046122 0.012066 -0.208083
v -0.118331 0.012066 -0.208083
v -0.046608 0.012066 -0.207597
v -0.117845 0.012066 -0.207597
v -0.047003 0.012066 -0.207034
v -0.117451 0.012066 -0.207034
v -0.047293 0.012066 -0.206411
v -0.117160 0.012066 -0.206410
v -0.047471 0.012066 -0.205746
v -0.116982 0.012066 -0.205746
v -0.047531 0.012066 -0.205061
v -0.116922 0.012066 -0.205061
v -0.047471 0.012066 -0.204376
v -0.116982 0.012066 -0.204376
v -0.047293 0.012066 -0.203712
v -0.117160 0.012066 -0.203712
v -0.047003 0.012066 -0.203089
v -0.117451 0.012066 -0.203089
v -0.043587 0.012066 -0.209006
v -0.042902 0.012066 -0.208946
v -0.042238 0.012066 -0.208768
v -0.041614 0.012066 -0.208477
v -0.041051 0.012066 -0.208083
v -0.040565 0.012066 -0.207597
v -0.040171 0.012066 -0.207034
v -0.039880 0.012066 -0.206411
v -0.039702 0.012066 -0.205746
v -0.039642 0.012066 -0.205061
v -0.039702 0.012066 -0.204376
v -0.039880 0.012066 -0.203712
v -0.124751 0.001566 -0.102946
v -0.124811 0.001566 -0.103631
v -0.124751 0.001566 -0.104316
v -0.124573 0.001566 -0.104980
v -0.124283 0.001566 -0.105604
v -0.123888 0.001566 -0.106167
v -0.123402 0.001566 -0.106653
v -0.122839 0.001566 -0.107047
v -0.122216 0.001566 -0.107338
v -0.121552 0.001566 -0.107516
v -0.120867 0.001566 -0.107576
v -0.120182 0.001566 -0.107516
v -0.119518 0.001566 -0.107338
v -0.118894 0.001566 -0.107047
v -0.118331 0.001566 -0.106653
v -0.117845 0.001566 -0.106167
v -0.117451 0.001566 -0.105604
v -0.117160 0.001566 -0.104980
v -0.116982 0.001566 -0.104316
v -0.116922 0.001566 -0.103631
v -0.116982 0.001566 -0.102946
v -0.117160 0.001566 -0.102282
v -0.117451 0.001566 -0.101659
v -0.117845 0.001566 -0.101096
v -0.118331 0.001566 -0.100610
v -0.118894 0.001566 -0.100215
v -0.119518 0.001566 -0.099925
v -0.120182 0.001566 -0.099747
v -0.120867 0.001566 -0.099687
v -0.121552 0.001566 -0.099747
v -0.122216 0.001566 -0.099925
v -0.122839 0.001566 -0.100215
v -0.123402 0.001566 -0.100610
v -0.123888 0.001566 -0.101096
v -0.124283 0.001566 -0.101659
v -0.124573 0.001566 -0.102282
v -0.124751 -0.008934 -0.104316
v -0.124811 -0.008934 -0.103631
v -0.124751 -0.008934 -0.102946
v -0.124573 -0.008934 -0.102282
v -0.124283 -0.008934 -0.101659
v -0.123888 -0.008934 -0.101096
v -0.123402 -0.008934 -0.100610
v -0.122839 -0.008934 -0.100215
v -0.122216 -0.008934 -0.099925
v -0.121552 -0.008934 -0.099747
v -0.120867 -0.008934 -0.099687
v -0.120182 -0.008934 -0.099747
v -0.119518 -0.008934 -0.099925
v -0.118894 -0.008934 -0.100215
v -0.118331 -0.008934 -0.100610
v -0.117845 -0.008934 -0.101096
v -0.117451 -0.008934 -0.101659
v -0.117160 -0.008934 -0.102282
v -0.116982 -0.008934 -0.102946
v -0.116922 -0.008934 -0.103631
v -0.116982 -0.008934 -0.104316
v -0.117160 -0.008934 -0.104980
v -0.117451 -0.008934 -0.105604
v -0.117845 -0.008934 -0.106167
v -0.118331 -0.008934 -0.106653
v -0.118894 -0.008934 -0.107047
v -0.119518 -0.008934 -0.107338
v -0.120182 -0.008934 -0.107516
v -0.120867 -0.008934 -0.107576
v -0.121552 -0.008934 -0.107516
v -0.122216 -0.008934 -0.107338
v -0.122839 -0.008934 -0.107047
v -0.123402 -0.008934 -0.106653
v -0.123888 -0.008934 -0.106167
v -0.124283 -0.008934 -0.105604
v -0.124573 -0.008934 -0.104980
v -0.124751 0.001566 -0.204376
v -0.124811 0.001566 -0.205061
v -0.124751 0.001566 -0.205746
v -0.124573 0.001566 -0.206410
v -0.124283 0.001566 -0.207034
v -0.123888 0.001566 -0.207597
v -0.123402 0.001566 -0.208083
v -0.122839 0.001566 -0.208477
v -0.122216 0.001566 -0.208768
v -0.121552 0.001566 -0.208946
v -0.120867 0.001566 -0.209006
v -0.120182 0.001566 -0.208946
v -0.119518 0.001566 -0.208768
v -0.118894 0.001566 -0.208477
v -0.118331 0.001566 -0.208083
v -0.117845 0.001566 -0.207597
v -0.117451 0.001566 -0.207034
v -0.117160 0.001566 -0.206410
v -0.116982 0.001566 -0.205746
v -0.116922 0.001566 -0.205061
v -0.116982 0.001566 -0.204376
v -0.117160 0.001566 -0.203712
v -0.117451 0.001566 -0.203089
v -0.117845 0.001566 -0.202526
v -0.118331 0.001566 -0.202040
v -0.118894 0.001566 -0.201645
v -0.119518 0.001566 -0.201355
v -0.120182 0.001566 -0.201177
v -0.120867 0.001566 -0.201117
v -0.121552 0.001566 -0.201177
v -0.122216 0.001566 -0.201355
v -0.122839 0.001566 -0.201645
v -0.123402 0.001566 -0.202040
v -0.123888 0.001566 -0.202526
v -0.124283 0.001566 -0.203089
v -0.124573 0.001566 -0.203712
v -0.124751 -0.008934 -0.205746
v -0.124811 -0.008934 -0.205061
v -0.124751 -0.008934 -0.204376
v -0.124573 -0.008934 -0.203712
v -0.124283 -0.008934 -0.203089
v -0.123888 -0.008934 -0.202526
v -0.123402 -0.008934 -0.202040
v -0.122839 -0.008934 -0.201645
v -0.122216 -0.008934 -0.201355
v -0.121552 -0.008934 -0.201177
v -0.120867 -0.008934 -0.201117
v -0.120182 -0.008934 -0.201177
v -0.119518 -0.008934 -0.201355
v -0.118894 -0.008934 -0.201645
v -0.118331 -0.008934 -0.202040
v -0.117845 -0.008934 -0.202526
v -0.117451 -0.008934 -0.203089
v -0.117160 -0.008934 -0.203712
v -0.116982 -0.008934 -0.204376
v -0.116922 -0.008934 -0.205061
v -0.116982 -0.008934 -0.205746
v -0.117160 -0.008934 -0.206410
v -0.117451 -0.008934 -0.207034
v -0.117845 -0.008934 -0.207597
v -0.118331 -0.008934 -0.208083
v -0.118894 -0.008934 -0.208477
v -0.119518 -0.008934 -0.208768
v -0.120182 -0.008934 -0.208946
v -0.120867 -0.008934 -0.209006
v -0.121552 -0.008934 -0.208946
v -0.122216 -0.008934 -0.208768
v -0.122839 -0.008934 -0.208477
v -0.123402 -0.008934 -0.208083
v -0.123888 -0.008934 -0.207597
v -0.124283 -0.008934 -0.207034
v -0.124573 -0.008934 -0.206410
v -0.047471 0.001566 -0.102946
v -0.047531 0.001566 -0.103631
v -0.047471 0.001566 -0.104316
v -0.047293 0.001566 -0.104980
v -0.047003 0.001566 -0.105604
v -0.046608 0.001566 -0.106167
v -0.046122 0.001566 -0.106653
v -0.045559 0.001566 -0.107047
v -0.044936 0.001566 -0.107338
v -0.044272 0.001566 -0.107516
v -0.043587 0.001566 -0.107576
v -0.042902 0.001566 -0.107516
v -0.042238 0.001566 -0.107338
v -0.041614 0.001566 -0.107047
v -0.041051 0.001566 -0.106653
v -0.040565 0.001566 -0.106167
v -0.040171 0.001566 -0.105604
v -0.039880 0.001566 -0.104980
v -0.039702 0.001566 -0.104316
v -0.039642 0.001566 -0.103631
v -0.039702 0.001566 -0.102946
v -0.039880 0.001566 -0.102282
v -0.040171 0.001566 -0.101659
v -0.040565 0.001566 -0.101096
v -0.041051 0.001566 -0.100610
v -0.041614 0.001566 -0.100215
v -0.042238 0.001566 -0.099925
v -0.042902 0.001566 -0.099747
v -0.043587 0.001566 -0.099687
v -0.044272 0.001566 -0.099747
v -0.044936 0.001566 -0.099925
v -0.045559 0.001566 -0.100215
v -0.046122 0.001566 -0.100610
v -0.046608 0.001566 -0.101096
v -0.047003 0.001566 -0.101659
v -0.047293 0.001566 -0.102282
v -0.047471 -0.008934 -0.104316
v -0.047531 -0.008934 -0.103631
v -0.047471 -0.008934 -0.102946
v -0.047293 -0.008934 -0.102282
v -0.047003 -0.008934 -0.101659
v -0.046608 -0.008934 -0.101096
v -0.046122 -0.008934 -0.100610
v -0.045559 -0.008934 -0.100215
v -0.044936 -0.008934 -0.099925
v -0.044272 -0.008934 -0.099747
v -0.043587 -0.008934 -0.099687
v -0.042902 -0.008934 -0.099747
v -0.042238 -0.008934 -0.099925
v -0.041614 -0.008934 -0.100215
v -0.041051 -0.008934 -0.100610
v -0.040565 -0.008934 -0.101096
v -0.040171 -0.008934 -0.101659
v -0.039880 -0.008934 -0.102282
v -0.039702 -0.008934 -0.102946
v -0.039642 -0.008934 -0.103631
v -0.039702 -0.008934 -0.104316
v -0.039880 -0.008934 -0.104980
v -0.040171 -0.008934 -0.105604
v -0.040565 -0.008934 -0.106167
v -0.041051 -0.008934 -0.106653
v -0.041614 -0.008934 -0.107047
v -0.042238 -0.008934 -0.107338
v -0.042902 -0.008934 -0.107516
v -0.043587 -0.008934 -0.107576
v -0.044272 -0.008934 -0.107516
v -0.044936 -0.008934 -0.107338
v -0.045559 -0.008934 -0.107047
v -0.046122 -0.008934 -0.106653
v -0.046608 -0.008934 -0.106167
v -0.047003 -0.008934 -0.105604
v -0.047293 -0.008934 -0.104980
v -0.047471 0.001566 -0.204376
v -0.047531 0.001566 -0.205061
v -0.047471 0.001566 -0.205746
v -0.047293 0.001566 -0.206411
v -0.047003 0.001566 -0.207034
v -0.046608 0.001566 -0.207597
v -0.046122 0.001566 -0.208083
v -0.045559 0.001566 -0.208477
v -0.044936 0.001566 -0.208768
v -0.044272 0.001566 -0.208946
v -0.043587 0.001566 -0.209006
v -0.042902 0.001566 -0.208946
v -0.042238 0.001566 -0.208768
v -0.041614 0.001566 -0.208477
v -0.041051 0.001566 -0.208083
v -0.040565 0.001566 -0.207597
v -0.040171 0.001566 -0.207034
v -0.039880 0.001566 -0.206411
v -0.039702 0.001566 -0.205746
v -0.039642 0.001566 -0.205061
v -0.039702 0.001566 -0.204376
v -0.039880 0.001566 -0.203712
v -0.040171 0.001566 -0.203089
v -0.040565 0.001566 -0.202526
v -0.041051 0.001566 -0.202040
v -0.041614 0.001566 -0.201645
v -0.042238 0.001566 -0.201355
v -0.042902 0.001566 -0.201177
v -0.043587 0.001566 -0.201117
v -0.044272 0.001566 -0.201177
v -0.044936 0.001566 -0.201355
v -0.045559 0.001566 -0.201645
v -0.046122 0.001566 -0.202040
v -0.046608 0.001566 -0.202526
v -0.047003 0.001566 -0.203089
v -0.047293 0.001566 -0.203712
v -0.047471 -0.008934 -0.205746
v -0.047531 -0.008934 -0.205061
v -0.047471 -0.008934 -0.204376
v -0.047293 -0.008934 -0.203712
v -0.047003 -0.008934 -0.203089
v -0.046608 -0.008934 -0.202526
v -0.046122 -0.008934 -0.202040
v -0.045559 -0.008934 -0.201645
v -0.044936 -0.008934 -0.201355
v -0.044272 -0.008934 -0.201177
v -0.043587 -0.008934 -0.201117
v -0.042902 -0.008934 -0.201177
v -0.042238 -0.008934 -0.201355
v -0.041614 -0.008934 -0.201645
v -0.041051 -0.008934 -0.202040
v -0.040565 -0.008934 -0.202526
v -0.040171 -0.008934 -0.203089
v -0.039880 -0.008934 -0.203712
v -0.039702 -0.008934 -0.204376
v -0.039642 -0.008934 -0.205061
v -0.039702 -0.008934 -0.205746
v -0.039880 -0.008934 -0.206411
v -0.040171 -0.008934 -0.207034
v -0.040565 -0.008934 -0.207597
v -0.041051 -0.008934 -0.208083
v -0.041614 -0.008934 -0.208477
v -0.042238 -0.008934 -0.208768
v -0.042902 -0.008934 -0.208946
v -0.043587 -0.008934 -0.209006
v -0.044272 -0.008934 -0.208946
v -0.044936 -0.008934 -0.208768
v -0.045559 -0.008934 -0.208477
v -0.046122 -0.008934 -0.208083
v -0.046608 -0.008934 -0.207597
v -0.047003 -0.008934 -0.207034
v -0.047293 -0.008934 -0.206411
v 0.147967 0.005066 -0.025362
v 0.147967 -0.008934 -0.025362
v 0.148073 0.005066 -0.024146
v 0.148073 -0.008934 -0.024146
v 0.147967 0.005066 -0.022931
v 0.147967 -0.008934 -0.022931
v 0.147651 0.005066 -0.021752
v 0.147651 -0.008934 -0.021752
v 0.147136 0.005066 -0.020646
v 0.147136 -0.008934 -0.020646
v 0.146436 0.005066 -0.019647
v 0.146436 -0.008934 -0.019647
v 0.145573 0.005066 -0.018784
v 0.145573 -0.008934 -0.018784
v 0.144573 0.005066 -0.018084
v 0.144573 -0.008934 -0.018084
v 0.143467 0.005066 -0.017569
v 0.143467 -0.008934 -0.017569
v 0.142289 0.005066 -0.017253
v 0.142289 -0.008934 -0.017253
v 0.141073 0.005066 -0.017146
v 0.141073 -0.008934 -0.017146
v 0.139858 0.005066 -0.017253
v 0.139858 -0.008934 -0.017253
v 0.138679 0.005066 -0.017569
v 0.138679 -0.008934 -0.017569
v 0.137573 0.005066 -0.018084
v 0.137573 -0.008934 -0.018084
v 0.136574 0.005066 -0.018784
v 0.136574 -0.008934 -0.018784
v 0.135711 0.005066 -0.019647
v 0.135711 -0.008934 -0.019647
v 0.135011 0.005066 -0.020646
v 0.135011 -0.008934 -0.020646
v 0.134495 0.005066 -0.021752
v 0.134495 -0.008934 -0.021752
v 0.134180 0.005066 -0.022931
v 0.134180 -0.008934 -0.022931
v 0.134073 0.005066 -0.024146
v 0.134073 -0.008934 -0.024146
v 0.134180 0.005066 -0.025362
v 0.134180 -0.008934 -0.025362
v 0.134495 0.005066 -0.026541
v 0.134495 -0.008934 -0.026541
v 0.135011 0.005066 -0.027646
v 0.135011 -0.008934 -0.027646
v 0.135711 0.005066 -0.028646
v 0.135711 -0.008934 -0.028646
v 0.136574 0.005066 -0.029509
v 0.136574 -0.008934 -0.029509
v 0.137573 0.005066 -0.030209
v 0.137573 -0.008934 -0.030209
v 0.138679 0.005066 -0.030724
v 0.138679 -0.008934 -0.030724
v 0.139858 0.005066 -0.031040
v 0.139858 -0.008934 -0.031040
v 0.141073 0.005066 -0.031146
v 0.141073 -0.008934 -0.031146
v 0.142289 0.005066 -0.031040
v 0.142289 -0.008934 -0.031040
v 0.143467 0.005066 -0.030724
v 0.143467 -0.008934 -0.030724
v 0.144573 0.005066 -0.030209
v 0.144573 -0.008934 -0.030209
v 0.145573 0.005066 -0.029509
v 0.145573 -0.008934 -0.029509
v 0.146436 0.005066 -0.028646
v 0.146436 -0.008934 -0.028646
v 0.147136 0.005066 -0.027646
v 0.147136 -0.008934 -0.027646
v 0.147651 0.005066 -0.026541
v 0.147651 -0.008934 -0.026541
v 0.159273 -0.001934 0.234854
v 0.159273 -0.001934 -0.227146
v 0.152273 0.005066 0.227854
v 0.152273 0.005066 -0.220146
v -0.155727 -0.001934 -0.227146
v -0.148727 0.005066 -0.220146
v 0.159273 -0.008934 -0.227146
v 0.159273 -0.008934 0.234854
v -0.127727 0.005066 -0.084505
v -0.124227 0.005066 -0.088005
v -0.019227 0.005066 -0.101846
v -0.022727 0.005066 -0.105346
v -0.022727 0.005066 -0.203346
v -0.019227 0.005066 -0.206846
v 0.129358 0.005066 -0.196124
v 0.128837 0.005066 -0.195383
v 0.128209 0.005066 -0.194731
v 0.127489 0.005066 -0.194182
v 0.126693 0.005066 -0.193749
v 0.125841 0.005066 -0.193443
v 0.082273 0.005066 -0.105346
v 0.082273 0.005066 -0.084505
v 0.120687 0.005066 -0.000851
v 0.121448 0.005066 -0.001343
v 0.129760 0.005066 0.006065
v 0.130033 0.005066 0.005201
v 0.130171 0.005066 0.004306
v 0.130171 0.005066 0.003401
v 0.130033 0.005066 0.002506
v 0.129760 0.005066 0.001642
v 0.129358 0.005066 0.000831
v 0.128837 0.005066 0.000090
v 0.128209 0.005066 -0.000562
v 0.127489 0.005066 -0.001111
v 0.126693 0.005066 -0.001544
v 0.125841 0.005066 -0.001850
v 0.124952 0.005066 -0.002022
v 0.124047 0.005066 -0.002057
v 0.123147 0.005066 -0.001953
v 0.122274 0.005066 -0.001713
v 0.078773 0.005066 -0.206846
v 0.123147 0.005066 -0.204953
v 0.122274 0.005066 -0.204713
v 0.121448 0.005066 -0.204343
v 0.120687 0.005066 -0.203851
v 0.120011 0.005066 -0.203248
v 0.082273 0.005066 -0.203346
v 0.119435 0.005066 -0.202549
v 0.118972 0.005066 -0.201771
v 0.118634 0.005066 -0.200931
v 0.118428 0.005066 -0.200049
v 0.118358 0.005066 -0.199146
v 0.118428 0.005066 -0.198243
v 0.118634 0.005066 -0.197362
v 0.118972 0.005066 -0.196522
v 0.119435 0.005066 -0.195743
v 0.120011 0.005066 -0.195045
v 0.120687 0.005066 -0.194442
v 0.121448 0.005066 -0.193950
v 0.122274 0.005066 -0.193580
v 0.123147 0.005066 -0.193340
v 0.124047 0.005066 -0.193236
v 0.124952 0.005066 -0.193270
v -0.127727 0.005066 0.035354
v -0.148727 0.005066 0.227854
v -0.127727 0.005066 0.056354
v -0.133366 0.005066 0.205069
v -0.127727 0.005066 0.175354
v -0.133027 0.005066 0.204229
v -0.132565 0.005066 0.203451
v -0.001953 0.005066 0.212764
v -0.002853 0.005066 0.212660
v -0.003726 0.005066 0.212420
v 0.118428 0.005066 0.004757
v 0.118358 0.005066 0.003854
v 0.082273 0.005066 0.035354
v 0.118428 0.005066 0.002951
v 0.118634 0.005066 0.002069
v 0.118973 0.005066 0.001229
v 0.119435 0.005066 0.000451
v 0.120011 0.005066 -0.000248
v 0.129358 0.005066 0.006876
v 0.129358 0.005066 0.203831
v 0.129760 0.005066 0.204642
v 0.128837 0.005066 0.203090
v 0.128837 0.005066 0.007617
v 0.128209 0.005066 0.202438
v 0.128209 0.005066 0.008269
v 0.127489 0.005066 0.201889
v 0.127489 0.005066 0.008818
v 0.126693 0.005066 0.201456
v 0.126693 0.005066 0.009251
v 0.125841 0.005066 0.201150
v 0.125841 0.005066 0.009557
v 0.124952 0.005066 0.200978
v 0.124952 0.005066 0.009730
v 0.124047 0.005066 0.200943
v 0.124047 0.005066 0.009764
v 0.123147 0.005066 0.009660
v 0.122274 0.005066 0.009420
v 0.121448 0.005066 0.009050
v 0.120687 0.005066 0.008558
v 0.120011 0.005066 0.007955
v 0.119435 0.005066 0.007257
v 0.118973 0.005066 0.006478
v 0.118634 0.005066 0.005638
v -0.133572 0.005066 0.207757
v -0.133642 0.005066 0.206854
v -0.133572 0.005066 0.205951
v -0.131989 0.005066 0.202752
v -0.131312 0.005066 0.202149
v -0.130552 0.005066 0.201657
v -0.129726 0.005066 0.201287
v -0.128853 0.005066 0.201047
v -0.124227 0.005066 0.178854
v -0.127953 0.005066 0.200943
v -0.127048 0.005066 0.200978
v -0.126159 0.005066 0.201150
v -0.125307 0.005066 0.201456
v -0.124511 0.005066 0.201889
v -0.123791 0.005066 0.202438
v -0.123163 0.005066 0.203090
v -0.122642 0.005066 0.203831
v -0.122240 0.005066 0.204643
v -0.007366 0.005066 0.205069
v -0.007027 0.005066 0.204229
v -0.121967 0.005066 0.205506
v -0.007572 0.005066 0.205951
v -0.121829 0.005066 0.206401
v -0.007642 0.005066 0.206854
v -0.121829 0.005066 0.207306
v -0.007572 0.005066 0.207757
v -0.121967 0.005066 0.208201
v -0.007366 0.005066 0.208638
v -0.122240 0.005066 0.209065
v -0.007027 0.005066 0.209478
v -0.122642 0.005066 0.209876
v -0.006565 0.005066 0.210257
v -0.123163 0.005066 0.210617
v -0.005989 0.005066 0.210955
v -0.123791 0.005066 0.211269
v -0.005312 0.005066 0.211558
v -0.124511 0.005066 0.211819
v -0.004552 0.005066 0.212050
v -0.125307 0.005066 0.212251
v -0.126159 0.005066 0.212557
v -0.127048 0.005066 0.212730
v -0.127953 0.005066 0.212764
v -0.128853 0.005066 0.212660
v -0.129726 0.005066 0.212420
v -0.130552 0.005066 0.212050
v -0.131312 0.005066 0.211558
v -0.131989 0.005066 0.210955
v -0.132565 0.005066 0.210257
v -0.133027 0.005066 0.209478
v -0.133366 0.005066 0.208638
v 0.124047 0.005066 -0.205057
v 0.124952 0.005066 -0.205022
v 0.125841 0.005066 -0.204850
v 0.126693 0.005066 -0.204544
v 0.127489 0.005066 -0.204111
v 0.128209 0.005066 -0.203562
v 0.128837 0.005066 -0.202910
v 0.129358 0.005066 -0.202169
v 0.129759 0.005066 -0.201358
v 0.130033 0.005066 -0.200494
v 0.130171 0.005066 -0.199599
v 0.130171 0.005066 -0.198694
v 0.130033 0.005066 -0.197799
v 0.129759 0.005066 -0.196935
v 0.118428 0.005066 0.205951
v 0.012273 0.005066 0.175354
v 0.118358 0.005066 0.206854
v 0.004171 0.005066 0.207306
v 0.118428 0.005066 0.207757
v 0.004033 0.005066 0.208201
v 0.118634 0.005066 0.208638
v 0.003760 0.005066 0.209065
v 0.118973 0.005066 0.209478
v 0.003358 0.005066 0.209876
v 0.119435 0.005066 0.210257
v 0.002837 0.005066 0.210617
v 0.120011 0.005066 0.210955
v 0.002209 0.005066 0.211269
v 0.120688 0.005066 0.211558
v 0.001489 0.005066 0.211818
v 0.121448 0.005066 0.212050
v 0.000693 0.005066 0.212251
v 0.122274 0.005066 0.212420
v -0.000159 0.005066 0.212557
v -0.001048 0.005066 0.212730
v 0.118634 0.005066 0.205069
v 0.118973 0.005066 0.204229
v 0.119435 0.005066 0.203451
v 0.078773 0.005066 0.038854
v 0.120011 0.005066 0.202752
v 0.120688 0.005066 0.202149
v 0.121448 0.005066 0.201657
v 0.122274 0.005066 0.201287
v 0.123147 0.005066 0.201047
v 0.130033 0.005066 0.205506
v 0.130171 0.005066 0.206401
v 0.130171 0.005066 0.207306
v 0.130033 0.005066 0.208201
v 0.129760 0.005066 0.209065
v 0.129358 0.005066 0.209876
v 0.128837 0.005066 0.210617
v 0.128209 0.005066 0.211269
v 0.127489 0.005066 0.211818
v 0.126693 0.005066 0.212251
v 0.125841 0.005066 0.212557
v 0.124952 0.005066 0.212730
v 0.124047 0.005066 0.212764
v 0.123147 0.005066 0.212660
v -0.006565 0.005066 0.203451
v -0.005989 0.005066 0.202752
v 0.008773 0.005066 0.178854
v -0.005312 0.005066 0.202149
v -0.004552 0.005066 0.201657
v -0.003726 0.005066 0.201287
v -0.002853 0.005066 0.201047
v -0.001953 0.005066 0.200943
v -0.001048 0.005066 0.200978
v -0.000159 0.005066 0.201150
v 0.000693 0.005066 0.201456
v 0.001489 0.005066 0.201889
v 0.002209 0.005066 0.202438
v 0.002837 0.005066 0.203090
v 0.003358 0.005066 0.203831
v 0.003760 0.005066 0.204643
v 0.004033 0.005066 0.205506
v 0.004171 0.005066 0.206401
v 0.078773 0.005066 -0.088005
v 0.078773 0.005066 -0.101846
v 0.008773 0.005066 0.052854
v 0.012273 0.005066 0.056354
v -0.124227 0.005066 0.052854
v -0.124227 0.005066 0.038854
v -0.012346 -0.008934 -0.196984
v -0.012346 0.001566 -0.196984
v -0.012402 -0.008934 -0.196346
v -0.012402 0.001566 -0.196346
v -0.012346 -0.008934 -0.195708
v -0.012346 0.001566 -0.195708
v -0.012180 -0.008934 -0.195089
v -0.012180 0.001566 -0.195089
v -0.011909 -0.008934 -0.194509
v -0.011909 0.001566 -0.194509
v -0.011542 -0.008934 -0.193984
v -0.011542 0.001566 -0.193984
v -0.011089 -0.008934 -0.193531
v -0.011089 0.001566 -0.193531
v -0.010564 -0.008934 -0.193164
v -0.010564 0.001566 -0.193164
v -0.009984 -0.008934 -0.192893
v -0.009984 0.001566 -0.192893
v -0.009365 -0.008934 -0.192727
v -0.009365 0.001566 -0.192727
v -0.008727 -0.008934 -0.192671
v -0.008727 0.001566 -0.192671
v -0.008089 0.001566 -0.192727
v -0.008089 0.002266 -0.192727
v -0.007470 0.002266 -0.192893
v -0.012180 0.001566 -0.197603
v -0.012180 -0.008934 -0.197603
v -0.011909 0.001566 -0.198184
v -0.011909 -0.008934 -0.198184
v -0.011542 0.001566 -0.198709
v -0.011542 -0.008934 -0.198709
v -0.011089 0.001566 -0.199162
v -0.011089 -0.008934 -0.199162
v -0.010564 0.001566 -0.199529
v -0.010564 -0.008934 -0.199529
v -0.009984 0.001566 -0.199800
v -0.009984 -0.008934 -0.199800
v -0.009365 0.001566 -0.199965
v -0.009365 -0.008934 -0.199965
v -0.008727 0.001566 -0.200021
v -0.008727 -0.008934 -0.200021
v -0.008089 -0.008934 -0.199965
v -0.008089 0.001566 -0.199965
v -0.007470 -0.008934 -0.199800
v -0.007470 0.001566 -0.199800
v -0.006889 -0.008934 -0.199529
v -0.006889 0.001566 -0.199529
v -0.006364 -0.008934 -0.199162
v -0.006364 0.001566 -0.199162
v -0.005911 -0.008934 -0.198709
v -0.005911 0.001566 -0.198709
v -0.005544 -0.008934 -0.198184
v -0.005544 0.001566 -0.198184
v -0.005273 -0.008934 -0.197603
v -0.005273 0.001566 -0.197603
v -0.005108 -0.008934 -0.196984
v -0.005108 0.001566 -0.196984
v -0.005052 -0.008934 -0.196346
v -0.005052 0.001566 -0.196346
v -0.005108 -0.008934 -0.195708
v -0.005108 0.001566 -0.195708
v -0.005273 -0.008934 -0.195089
v -0.005273 0.001566 -0.195089
v -0.005544 -0.008934 -0.194509
v -0.005544 0.001566 -0.194509
v -0.005911 -0.008934 -0.193984
v -0.005911 0.001566 -0.193984
v -0.006364 -0.008934 -0.193531
v -0.006364 0.001566 -0.193531
v -0.006889 -0.008934 -0.193164
v -0.006889 0.001566 -0.193164
v -0.007470 -0.008934 -0.192893
v -0.007470 0.001566 -0.192893
v -0.008089 -0.008934 -0.192727
v -0.005108 0.002266 -0.196984
v -0.005052 0.002266 -0.196346
v -0.005108 0.002266 -0.195708
v -0.005273 0.002266 -0.195089
v -0.005544 0.002266 -0.194509
v -0.005911 0.002266 -0.193984
v -0.006364 0.002266 -0.193531
v -0.006889 0.002266 -0.193164
v -0.005273 0.002266 -0.197603
v -0.005544 0.002266 -0.198184
v -0.005911 0.002266 -0.198709
v -0.006364 0.002266 -0.199162
v -0.006889 0.002266 -0.199529
v -0.007470 0.002266 -0.199800
v -0.008089 0.002266 -0.199965
v -0.008727 0.002266 -0.200021
v -0.009365 0.002266 -0.199965
v -0.009984 0.002266 -0.199800
v -0.010564 0.002266 -0.199529
v -0.011089 0.002266 -0.199162
v -0.011542 0.002266 -0.198709
v -0.011909 0.002266 -0.198184
v -0.012180 0.002266 -0.197603
v -0.012346 0.002266 -0.196984
v -0.012402 0.002266 -0.196346
v -0.012346 0.002266 -0.195708
v -0.012180 0.002266 -0.195089
v -0.011909 0.002266 -0.194509
v -0.011542 0.002266 -0.193984
v -0.011089 0.002266 -0.193531
v -0.010564 0.002266 -0.193164
v -0.009984 0.002266 -0.192893
v -0.009365 0.002266 -0.192727
v -0.008727 0.002266 -0.192671
v 0.064654 -0.008934 -0.196985
v 0.064654 0.001566 -0.196985
v 0.064598 -0.008934 -0.196346
v 0.064598 0.001566 -0.196346
v 0.064654 -0.008934 -0.195708
v 0.064654 0.001566 -0.195708
v 0.064820 -0.008934 -0.195089
v 0.064820 0.001566 -0.195089
v 0.065091 -0.008934 -0.194509
v 0.065091 0.001566 -0.194509
v 0.065458 -0.008934 -0.193984
v 0.065458 0.001566 -0.193984
v 0.065911 -0.008934 -0.193531
v 0.065911 0.001566 -0.193531
v 0.066436 -0.008934 -0.193164
v 0.066436 0.001566 -0.193164
v 0.067016 -0.008934 -0.192893
v 0.067016 0.001566 -0.192893
v 0.067635 -0.008934 -0.192727
v 0.067635 0.001566 -0.192727
v 0.068273 -0.008934 -0.192671
v 0.068273 0.001566 -0.192671
v 0.068911 0.001566 -0.192727
v 0.068911 0.002266 -0.192727
v 0.069530 0.002266 -0.192893
v 0.064820 0.001566 -0.197603
v 0.064820 -0.008934 -0.197603
v 0.065091 0.001566 -0.198184
v 0.065091 -0.008934 -0.198184
v 0.065458 0.001566 -0.198709
v 0.065458 -0.008934 -0.198709
v 0.065911 0.001566 -0.199162
v 0.065911 -0.008934 -0.199162
v 0.066436 0.001566 -0.199529
v 0.066436 -0.008934 -0.199529
v 0.067016 0.001566 -0.199800
v 0.067016 -0.008934 -0.199800
v 0.067635 0.001566 -0.199966
v 0.067635 -0.008934 -0.199966
v 0.068273 0.001566 -0.200021
v 0.068273 -0.008934 -0.200021
v 0.068911 -0.008934 -0.199966
v 0.068911 0.001566 -0.199966
v 0.069530 -0.008934 -0.199800
v 0.069530 0.001566 -0.199800
v 0.070111 -0.008934 -0.199529
v 0.070111 0.001566 -0.199529
v 0.070636 -0.008934 -0.199162
v 0.070636 0.001566 -0.199162
v 0.071089 -0.008934 -0.198709
v 0.071089 0.001566 -0.198709
v 0.071456 -0.008934 -0.198184
v 0.071456 0.001566 -0.198184
v 0.071727 -0.008934 -0.197603
v 0.071727 0.001566 -0.197603
v 0.071892 -0.008934 -0.196985
v 0.071892 0.001566 -0.196985
v 0.071948 -0.008934 -0.196346
v 0.071948 0.001566 -0.196346
v 0.071892 -0.008934 -0.195708
v 0.071892 0.001566 -0.195708
v 0.071727 -0.008934 -0.195089
v 0.071727 0.001566 -0.195089
v 0.071456 -0.008934 -0.194509
v 0.071456 0.001566 -0.194509
v 0.071089 -0.008934 -0.193984
v 0.071089 0.001566 -0.193984
v 0.070636 -0.008934 -0.193531
v 0.070636 0.001566 -0.193531
v 0.070111 -0.008934 -0.193164
v 0.070111 0.001566 -0.193164
v 0.069530 -0.008934 -0.192893
v 0.069530 0.001566 -0.192893
v 0.068911 -0.008934 -0.192727
v 0.071892 0.002266 -0.196985
v 0.071948 0.002266 -0.196346
v 0.071892 0.002266 -0.195708
v 0.071727 0.002266 -0.195089
v 0.071456 0.002266 -0.194509
v 0.071089 0.002266 -0.193984
v 0.070636 0.002266 -0.193531
v 0.070111 0.002266 -0.193164
v 0.071727 0.002266 -0.197603
v 0.071456 0.002266 -0.198184
v 0.071089 0.002266 -0.198709
v 0.070636 0.002266 -0.199162
v 0.070111 0.002266 -0.199529
v 0.069530 0.002266 -0.199800
v 0.068911 0.002266 -0.199966
v 0.068273 0.002266 -0.200021
v 0.067635 0.002266 -0.199966
v 0.067016 0.002266 -0.199800
v 0.066436 0.002266 -0.199529
v 0.065911 0.002266 -0.199162
v 0.065458 0.002266 -0.198709
v 0.065091 0.002266 -0.198184
v 0.064820 0.002266 -0.197603
v 0.064654 0.002266 -0.196985
v 0.064598 0.002266 -0.196346
v 0.064654 0.002266 -0.195708
v 0.064820 0.002266 -0.195089
v 0.065091 0.002266 -0.194509
v 0.065458 0.002266 -0.193984
v 0.065911 0.002266 -0.193531
v 0.066436 0.002266 -0.193164
v 0.067016 0.002266 -0.192893
v 0.067635 0.002266 -0.192727
v 0.068273 0.002266 -0.192671
v -0.155727 -0.001934 0.234854
v -0.155727 -0.008934 0.234854
v -0.155727 -0.008934 -0.227146
v 0.118428 -0.008934 0.002951
v 0.118358 -0.008934 0.003854
v 0.118428 -0.008934 0.004757
v 0.118634 -0.008934 0.002069
v 0.118973 -0.008934 0.001229
v 0.119435 -0.008934 0.000451
v 0.120011 -0.008934 -0.000248
v 0.120687 -0.008934 -0.000851
v 0.121448 -0.008934 -0.001343
v 0.122274 -0.008934 -0.001713
v 0.123147 -0.008934 -0.001953
v 0.124047 -0.008934 -0.002057
v 0.124952 -0.008934 -0.002022
v 0.125841 -0.008934 -0.001850
v 0.126693 -0.008934 -0.001544
v 0.127489 -0.008934 -0.001111
v 0.128209 -0.008934 -0.000562
v 0.128837 -0.008934 0.000090
v 0.129358 -0.008934 0.000831
v 0.129760 -0.008934 0.001642
v 0.130033 -0.008934 0.002506
v 0.130171 -0.008934 0.003401
v 0.130171 -0.008934 0.004306
v 0.130033 -0.008934 0.005201
v 0.129760 -0.008934 0.006065
v 0.129358 -0.008934 0.006876
v 0.128837 -0.008934 0.007617
v 0.128209 -0.008934 0.008269
v 0.127489 -0.008934 0.008818
v 0.126693 -0.008934 0.009251
v 0.125841 -0.008934 0.009557
v 0.124952 -0.008934 0.009730
v 0.124047 -0.008934 0.009764
v 0.123147 -0.008934 0.009660
v 0.122274 -0.008934 0.009420
v 0.121448 -0.008934 0.009050
v 0.120687 -0.008934 0.008558
v 0.120011 -0.008934 0.007955
v 0.119435 -0.008934 0.007257
v 0.118973 -0.008934 0.006478
v 0.118634 -0.008934 0.005638
v -0.133572 -0.008934 0.205951
v -0.133642 -0.008934 0.206854
v -0.133572 -0.008934 0.207757
v -0.133366 -0.008934 0.205069
v -0.133027 -0.008934 0.204229
v -0.132565 -0.008934 0.203451
v -0.131989 -0.008934 0.202752
v -0.131312 -0.008934 0.202149
v -0.130552 -0.008934 0.201657
v -0.129726 -0.008934 0.201287
v -0.128853 -0.008934 0.201047
v -0.127953 -0.008934 0.200943
v -0.127048 -0.008934 0.200978
v -0.126159 -0.008934 0.201150
v -0.125307 -0.008934 0.201456
v -0.124511 -0.008934 0.201889
v -0.123791 -0.008934 0.202438
v -0.123163 -0.008934 0.203090
v -0.122642 -0.008934 0.203831
v -0.122240 -0.008934 0.204643
v -0.121967 -0.008934 0.205506
v -0.121829 -0.008934 0.206401
v -0.121829 -0.008934 0.207306
v -0.121967 -0.008934 0.208201
v -0.122240 -0.008934 0.209065
v -0.122642 -0.008934 0.209876
v -0.123163 -0.008934 0.210617
v -0.123791 -0.008934 0.211269
v -0.124511 -0.008934 0.211819
v -0.125307 -0.008934 0.212251
v -0.126159 -0.008934 0.212557
v -0.127048 -0.008934 0.212730
v -0.127953 -0.008934 0.212764
v -0.128853 -0.008934 0.212660
v -0.129726 -0.008934 0.212420
v -0.130552 -0.008934 0.212050
v -0.131312 -0.008934 0.211558
v -0.131989 -0.008934 0.210955
v -0.132565 -0.008934 0.210257
v -0.133027 -0.008934 0.209478
v -0.133366 -0.008934 0.208638
v 0.118428 -0.008934 -0.200049
v 0.118358 -0.008934 -0.199146
v 0.118428 -0.008934 -0.198243
v 0.118634 -0.008934 -0.200931
v 0.118972 -0.008934 -0.201771
v 0.119435 -0.008934 -0.202549
v 0.120011 -0.008934 -0.203248
v 0.120687 -0.008934 -0.203851
v 0.121448 -0.008934 -0.204343
v 0.122274 -0.008934 -0.204713
v 0.123147 -0.008934 -0.204953
v 0.124047 -0.008934 -0.205057
v 0.124952 -0.008934 -0.205022
v 0.125841 -0.008934 -0.204850
v 0.126693 -0.008934 -0.204544
v 0.127489 -0.008934 -0.204111
v 0.128209 -0.008934 -0.203562
v 0.128837 -0.008934 -0.202910
v 0.129358 -0.008934 -0.202169
v 0.129759 -0.008934 -0.201358
v 0.130033 -0.008934 -0.200494
v 0.130171 -0.008934 -0.199599
v 0.130171 -0.008934 -0.198694
v 0.130033 -0.008934 -0.197799
v 0.129759 -0.008934 -0.196935
v 0.129358 -0.008934 -0.196124
v 0.128837 -0.008934 -0.195383
v 0.128209 -0.008934 -0.194731
v 0.127489 -0.008934 -0.194182
v 0.126693 -0.008934 -0.193749
v 0.125841 -0.008934 -0.193443
v 0.124952 -0.008934 -0.193270
v 0.124047 -0.008934 -0.193236
v 0.123147 -0.008934 -0.193340
v 0.122274 -0.008934 -0.193580
v 0.121448 -0.008934 -0.193950
v 0.120687 -0.008934 -0.194442
v 0.120011 -0.008934 -0.195045
v 0.119435 -0.008934 -0.195743
v 0.118972 -0.008934 -0.196522
v 0.118634 -0.008934 -0.197362
v 0.118428 -0.008934 0.205951
v 0.118358 -0.008934 0.206854
v 0.118428 -0.008934 0.207757
v 0.118634 -0.008934 0.205069
v 0.118973 -0.008934 0.204229
v 0.119435 -0.008934 0.203451
v 0.120011 -0.008934 0.202752
v 0.120688 -0.008934 0.202149
v 0.121448 -0.008934 0.201657
v 0.122274 -0.008934 0.201287
v 0.123147 -0.008934 0.201047
v 0.124047 -0.008934 0.200943
v 0.124952 -0.008934 0.200978
v 0.125841 -0.008934 0.201150
v 0.126693 -0.008934 0.201456
v 0.127489 -0.008934 0.201889
v 0.128209 -0.008934 0.202438
v 0.128837 -0.008934 0.203090
v 0.129358 -0.008934 0.203831
v 0.129760 -0.008934 0.204642
v 0.130033 -0.008934 0.205506
v 0.130171 -0.008934 0.206401
v 0.130171 -0.008934 0.207306
v 0.130033 -0.008934 0.208201
v 0.129760 -0.008934 0.209065
v 0.129358 -0.008934 0.209876
v 0.128837 -0.008934 0.210617
v 0.128209 -0.008934 0.211269
v 0.127489 -0.008934 0.211818
v 0.126693 -0.008934 0.212251
v 0.125841 -0.008934 0.212557
v 0.124952 -0.008934 0.212730
v 0.124047 -0.008934 0.212764
v 0.123147 -0.008934 0.212660
v 0.122274 -0.008934 0.212420
v 0.121448 -0.008934 0.212050
v 0.120688 -0.008934 0.211558
v 0.120011 -0.008934 0.210955
v 0.119435 -0.008934 0.210257
v 0.118973 -0.008934 0.209478
v 0.118634 -0.008934 0.208638
v -0.007572 -0.008934 0.205951
v -0.007642 -0.008934 0.206854
v -0.007572 -0.008934 0.207757
v -0.007366 -0.008934 0.205069
v -0.007027 -0.008934 0.204229
v -0.006565 -0.008934 0.203451
v -0.005989 -0.008934 0.202752
v -0.005312 -0.008934 0.202149
v -0.004552 -0.008934 0.201657
v -0.003726 -0.008934 0.201287
v -0.002853 -0.008934 0.201047
v -0.001953 -0.008934 0.200943
v -0.001048 -0.008934 0.200978
v -0.000159 -0.008934 0.201150
v 0.000693 -0.008934 0.201456
v 0.001489 -0.008934 0.201889
v 0.002209 -0.008934 0.202438
v 0.002837 -0.008934 0.203090
v 0.003358 -0.008934 0.203831
v 0.003760 -0.008934 0.204643
v 0.004033 -0.008934 0.205506
v 0.004171 -0.008934 0.206401
v 0.004171 -0.008934 0.207306
v 0.004033 -0.008934 0.208201
v 0.003760 -0.008934 0.209065
v 0.003358 -0.008934 0.209876
v 0.002837 -0.008934 0.210617
v 0.002209 -0.008934 0.211269
v 0.001489 -0.008934 0.211818
v 0.000693 -0.008934 0.212251
v -0.000159 -0.008934 0.212557
v -0.001048 -0.008934 0.212730
v -0.001953 -0.008934 0.212764
v -0.002853 -0.008934 0.212660
v -0.003726 -0.008934 0.212420
v -0.004552 -0.008934 0.212050
v -0.005312 -0.008934 0.211558
v -0.005989 -0.008934 0.210955
v -0.006565 -0.008934 0.210257
v -0.007027 -0.008934 0.209478
v -0.007366 -0.008934 0.208638
v -0.117927 -0.008934 -0.076646
v -0.117863 -0.008934 -0.077376
v -0.117673 -0.008934 -0.078083
v -0.117364 -0.008934 -0.078746
v -0.116944 -0.008934 -0.079346
v -0.116426 -0.008934 -0.079864
v -0.115827 -0.008934 -0.080284
v -0.115163 -0.008934 -0.080593
v -0.114456 -0.008934 -0.080783
v -0.113727 -0.008934 -0.080846
v -0.112997 -0.008934 -0.080783
v -0.112290 -0.008934 -0.080593
v -0.111627 -0.008934 -0.080284
v -0.111027 -0.008934 -0.079864
v -0.110509 -0.008934 -0.079346
v -0.110089 -0.008934 -0.078746
v -0.109780 -0.008934 -0.078083
v -0.109590 -0.008934 -0.077376
v -0.109527 -0.008934 -0.076646
v -0.109590 -0.008934 -0.075917
v -0.109780 -0.008934 -0.075210
v -0.004944 -0.008934 0.060654
v -0.109780 -0.008934 0.026917
v -0.109590 -0.008934 0.027624
v -0.005364 -0.008934 0.061254
v -0.005673 -0.008934 0.061917
v -0.004426 -0.008934 0.060136
v -0.003827 -0.008934 0.059716
v -0.009984 -0.008934 -0.108893
v -0.010564 -0.008934 -0.109164
v -0.011089 -0.008934 -0.109531
v -0.011542 -0.008934 -0.109984
v -0.011909 -0.008934 -0.110509
v -0.012180 -0.008934 -0.111089
v -0.012346 -0.008934 -0.111708
v -0.012402 -0.008934 -0.112346
v -0.012346 -0.008934 -0.112985
v -0.012180 -0.008934 -0.113603
v -0.011909 -0.008934 -0.114184
v -0.011542 -0.008934 -0.114709
v -0.011089 -0.008934 -0.115162
v 0.071948 -0.008934 -0.112346
v 0.071892 -0.008934 -0.111708
v 0.072410 -0.008934 -0.077376
v 0.072473 -0.008934 -0.076646
v 0.072410 -0.008934 -0.075917
v 0.072220 -0.008934 -0.075210
v 0.072220 -0.008934 0.026917
v 0.071911 -0.008934 0.026254
v 0.071491 -0.008934 0.025654
v 0.070973 -0.008934 0.025136
v 0.072410 -0.008934 0.027624
v 0.072473 -0.008934 0.028354
v 0.072410 -0.008934 0.029083
v 0.072220 -0.008934 0.029790
v 0.071911 -0.008934 0.030454
v 0.071491 -0.008934 0.031053
v 0.002473 -0.008934 0.168354
v 0.002410 -0.008934 0.167624
v 0.068273 -0.008934 0.032554
v 0.069003 -0.008934 0.032490
v 0.071911 -0.008934 -0.074546
v 0.071491 -0.008934 -0.073947
v 0.070973 -0.008934 -0.073429
v 0.070373 -0.008934 -0.073009
v 0.070373 -0.008934 0.024716
v -0.110089 -0.008934 0.170454
v -0.110509 -0.008934 0.171053
v -0.111027 -0.008934 0.171571
v -0.111627 -0.008934 0.171991
v -0.112290 -0.008934 0.172300
v -0.112997 -0.008934 0.172490
v -0.113727 -0.008934 0.172554
v -0.114456 -0.008934 0.172490
v -0.115163 -0.008934 0.172300
v -0.115827 -0.008934 0.171991
v -0.116426 -0.008934 0.171571
v -0.116944 -0.008934 0.171053
v -0.117364 -0.008934 0.170454
v -0.117673 -0.008934 0.169790
v -0.117863 -0.008934 0.169083
v -0.117927 -0.008934 0.168354
v -0.117863 -0.008934 0.167624
v -0.117863 -0.008934 0.064083
v -0.117673 -0.008934 0.064790
v -0.117673 -0.008934 0.166917
v -0.117364 -0.008934 0.166254
v -0.117364 -0.008934 0.065454
v -0.116944 -0.008934 0.165654
v -0.116944 -0.008934 0.066053
v -0.116426 -0.008934 0.165136
v -0.116426 -0.008934 0.066571
v -0.115827 -0.008934 0.164716
v -0.115827 -0.008934 0.066991
v -0.115163 -0.008934 0.164407
v -0.115163 -0.008934 0.067300
v -0.114456 -0.008934 0.164217
v -0.114456 -0.008934 0.067490
v -0.113727 -0.008934 0.164154
v -0.113727 -0.008934 0.067554
v -0.112997 -0.008934 0.067490
v -0.005544 -0.008934 -0.114184
v 0.065091 -0.008934 -0.114184
v -0.005273 -0.008934 -0.113603
v 0.064820 -0.008934 -0.113603
v -0.005108 -0.008934 -0.112985
v 0.064654 -0.008934 -0.112985
v -0.005052 -0.008934 -0.112346
v 0.064598 -0.008934 -0.112346
v -0.005108 -0.008934 -0.111708
v 0.064654 -0.008934 -0.111708
v 0.064137 -0.008934 -0.077376
v 0.064327 -0.008934 -0.078083
v 0.064820 -0.008934 -0.111089
v 0.064636 -0.008934 -0.078746
v 0.065091 -0.008934 -0.110509
v 0.065056 -0.008934 -0.079346
v 0.065458 -0.008934 -0.109984
v 0.065574 -0.008934 -0.079864
v 0.065911 -0.008934 -0.109531
v 0.066173 -0.008934 -0.080284
v 0.066436 -0.008934 -0.109164
v 0.066837 -0.008934 -0.080593
v 0.067016 -0.008934 -0.108893
v 0.067544 -0.008934 -0.080783
v 0.067635 -0.008934 -0.108727
v 0.068273 -0.008934 -0.080846
v 0.068273 -0.008934 -0.108671
v 0.068911 -0.008934 -0.108727
v 0.071089 -0.008934 -0.114709
v 0.070636 -0.008934 -0.115162
v 0.071456 -0.008934 -0.114184
v 0.071727 -0.008934 -0.113603
v 0.071892 -0.008934 -0.112985
v 0.070973 -0.008934 0.031571
v 0.070373 -0.008934 0.031991
v 0.069710 -0.008934 0.032300
v -0.109780 -0.008934 0.169790
v -0.109590 -0.008934 0.169083
v -0.109527 -0.008934 0.168354
v -0.005927 -0.008934 0.168354
v -0.005863 -0.008934 0.167624
v -0.109590 -0.008934 0.167624
v -0.005673 -0.008934 0.166917
v -0.109780 -0.008934 0.166917
v -0.005673 -0.008934 0.064790
v -0.109780 -0.008934 0.064790
v -0.005863 -0.008934 0.064083
v -0.109590 -0.008934 0.064083
v -0.005927 -0.008934 0.063354
v -0.109527 -0.008934 0.063354
v -0.005863 -0.008934 0.062624
v -0.109590 -0.008934 0.062624
v -0.109590 -0.008934 0.029083
v -0.109780 -0.008934 0.029790
v -0.109780 -0.008934 0.061917
v -0.110089 -0.008934 0.061254
v 0.002410 -0.008934 0.169083
v 0.002220 -0.008934 0.169790
v 0.001911 -0.008934 0.170454
v 0.001491 -0.008934 0.171053
v 0.000973 -0.008934 0.171571
v 0.000373 -0.008934 0.171991
v -0.000290 -0.008934 0.172300
v -0.000997 -0.008934 0.172490
v -0.001727 -0.008934 0.172554
v -0.002456 -0.008934 0.172490
v -0.003163 -0.008934 0.172300
v -0.003827 -0.008934 0.171991
v -0.004426 -0.008934 0.171571
v -0.004944 -0.008934 0.171053
v -0.005364 -0.008934 0.170454
v -0.005673 -0.008934 0.169790
v -0.005863 -0.008934 0.169083
v -0.010564 -0.008934 -0.115529
v -0.009984 -0.008934 -0.115800
v -0.009365 -0.008934 -0.115966
v -0.008727 -0.008934 -0.116021
v -0.008089 -0.008934 -0.115966
v -0.007470 -0.008934 -0.115800
v -0.006889 -0.008934 -0.115529
v -0.006364 -0.008934 -0.115162
v -0.005911 -0.008934 -0.114709
v -0.003163 -0.008934 0.059407
v -0.009365 -0.008934 -0.108727
v -0.002456 -0.008934 0.059217
v -0.008727 -0.008934 -0.108671
v -0.001727 -0.008934 0.059154
v -0.008089 -0.008934 -0.108727
v -0.000997 -0.008934 0.059217
v -0.007470 -0.008934 -0.108893
v -0.000290 -0.008934 0.059407
v -0.006889 -0.008934 -0.109164
v 0.064327 -0.008934 -0.075210
v -0.006364 -0.008934 -0.109531
v 0.064137 -0.008934 -0.075917
v -0.005911 -0.008934 -0.109984
v -0.005544 -0.008934 -0.110509
v 0.064073 -0.008934 -0.076646
v -0.005273 -0.008934 -0.111089
v 0.065458 -0.008934 -0.114709
v 0.065911 -0.008934 -0.115162
v 0.066436 -0.008934 -0.115529
v 0.067016 -0.008934 -0.115800
v 0.067635 -0.008934 -0.115966
v 0.068273 -0.008934 -0.116021
v 0.068911 -0.008934 -0.115966
v 0.069530 -0.008934 -0.115800
v 0.070111 -0.008934 -0.115529
v 0.069003 -0.008934 -0.080783
v 0.069530 -0.008934 -0.108893
v 0.069710 -0.008934 -0.080593
v 0.070111 -0.008934 -0.109164
v 0.070373 -0.008934 -0.080284
v 0.070636 -0.008934 -0.109531
v 0.070973 -0.008934 -0.079864
v 0.071089 -0.008934 -0.109984
v 0.071491 -0.008934 -0.079346
v 0.071456 -0.008934 -0.110509
v 0.071911 -0.008934 -0.078746
v 0.071727 -0.008934 -0.111089
v 0.072220 -0.008934 -0.078083
v -0.117927 -0.008934 0.063354
v -0.117927 -0.008934 0.028354
v -0.117863 -0.008934 0.029083
v -0.112997 -0.008934 0.164217
v -0.112290 -0.008934 0.067300
v -0.112290 -0.008934 0.164407
v -0.111627 -0.008934 0.066991
v -0.111627 -0.008934 0.164716
v -0.111027 -0.008934 0.066571
v -0.111027 -0.008934 0.165136
v -0.110509 -0.008934 0.066053
v -0.110509 -0.008934 0.165654
v -0.110089 -0.008934 0.065454
v -0.110089 -0.008934 0.166254
v -0.110089 -0.008934 0.030454
v -0.110509 -0.008934 0.060654
v -0.110509 -0.008934 0.031053
v -0.111027 -0.008934 0.060136
v -0.111027 -0.008934 0.031571
v -0.111627 -0.008934 0.059716
v -0.111627 -0.008934 0.031991
v -0.112290 -0.008934 0.059407
v -0.112290 -0.008934 0.032300
v -0.112997 -0.008934 0.059217
v -0.112997 -0.008934 0.032490
v -0.113727 -0.008934 0.059154
v -0.113727 -0.008934 0.032554
v -0.114456 -0.008934 0.032490
v -0.114456 -0.008934 0.059217
v -0.115163 -0.008934 0.032300
v -0.115163 -0.008934 0.059407
v -0.115827 -0.008934 0.031991
v -0.115827 -0.008934 0.059716
v -0.116426 -0.008934 0.031571
v -0.116426 -0.008934 0.060136
v -0.116944 -0.008934 0.031053
v -0.116944 -0.008934 0.060654
v -0.117364 -0.008934 0.030454
v -0.117364 -0.008934 0.061254
v -0.117673 -0.008934 0.029790
v -0.117673 -0.008934 0.061917
v -0.117863 -0.008934 0.062624
v -0.005364 -0.008934 0.065454
v -0.005364 -0.008934 0.166254
v -0.004944 -0.008934 0.165654
v -0.004944 -0.008934 0.066053
v -0.004426 -0.008934 0.165136
v -0.004426 -0.008934 0.066571
v -0.003827 -0.008934 0.164716
v -0.003827 -0.008934 0.066991
v -0.003163 -0.008934 0.164407
v -0.003163 -0.008934 0.067300
v -0.002456 -0.008934 0.164217
v -0.002456 -0.008934 0.067490
v -0.001727 -0.008934 0.164154
v -0.001727 -0.008934 0.067554
v -0.000997 -0.008934 0.067490
v -0.000997 -0.008934 0.164217
v -0.000290 -0.008934 0.067300
v -0.000290 -0.008934 0.164407
v 0.000373 -0.008934 0.164716
v 0.000373 -0.008934 0.066991
v 0.000973 -0.008934 0.165136
v 0.000973 -0.008934 0.066571
v 0.001491 -0.008934 0.165654
v 0.001491 -0.008934 0.066053
v 0.001911 -0.008934 0.166254
v 0.001911 -0.008934 0.065454
v 0.066837 -0.008934 0.032300
v 0.002220 -0.008934 0.064790
v 0.066173 -0.008934 0.031991
v 0.065574 -0.008934 0.031571
v 0.002410 -0.008934 0.064083
v 0.065056 -0.008934 0.031053
v 0.002473 -0.008934 0.063354
v 0.064636 -0.008934 0.030454
v 0.064327 -0.008934 0.029790
v 0.002410 -0.008934 0.062624
v 0.064137 -0.008934 0.029083
v 0.002220 -0.008934 0.061917
v 0.064073 -0.008934 0.028354
v 0.001911 -0.008934 0.061254
v 0.001491 -0.008934 0.060654
v 0.064137 -0.008934 0.027624
v 0.000973 -0.008934 0.060136
v 0.064327 -0.008934 0.026917
v 0.000373 -0.008934 0.059716
v -0.109527 -0.008934 0.028354
v 0.002220 -0.008934 0.166917
v 0.067544 -0.008934 0.032490
v 0.069710 -0.008934 -0.072700
v 0.069710 -0.008934 0.024407
v 0.069003 -0.008934 -0.072510
v 0.069003 -0.008934 0.024217
v 0.068273 -0.008934 -0.072446
v 0.068273 -0.008934 0.024154
v 0.067544 -0.008934 0.024217
v 0.066837 -0.008934 0.024407
v 0.066837 -0.008934 -0.072700
v 0.067544 -0.008934 -0.072510
v 0.066173 -0.008934 -0.073009
v 0.066173 -0.008934 0.024716
v 0.065574 -0.008934 -0.073429
v 0.065574 -0.008934 0.025136
v 0.065056 -0.008934 0.025654
v 0.065056 -0.008934 -0.073947
v 0.064636 -0.008934 0.026254
v 0.064636 -0.008934 -0.074546
v -0.117863 -0.008934 -0.075917
v -0.117863 -0.008934 0.027624
v -0.117673 -0.008934 0.026917
v -0.117673 -0.008934 -0.075210
v -0.117364 -0.008934 0.026254
v -0.117364 -0.008934 -0.074546
v -0.116944 -0.008934 0.025654
v -0.116944 -0.008934 -0.073947
v -0.116426 -0.008934 0.025136
v -0.116426 -0.008934 -0.073429
v -0.115827 -0.008934 0.024716
v -0.115827 -0.008934 -0.073009
v -0.115163 -0.008934 0.024407
v -0.115163 -0.008934 -0.072700
v -0.114456 -0.008934 0.024217
v -0.114456 -0.008934 -0.072510
v -0.113727 -0.008934 0.024154
v -0.113727 -0.008934 -0.072446
v -0.112997 -0.008934 -0.072510
v -0.112997 -0.008934 0.024217
v -0.112290 -0.008934 -0.072700
v -0.112290 -0.008934 0.024407
v -0.111627 -0.008934 -0.073009
v -0.111627 -0.008934 0.024716
v -0.111027 -0.008934 -0.073429
v -0.111027 -0.008934 0.025136
v -0.110509 -0.008934 -0.073947
v -0.110509 -0.008934 0.025654
v -0.110089 -0.008934 -0.074546
v -0.110089 -0.008934 0.026254
v 0.082273 0.016266 -0.105346
v 0.082273 0.016266 -0.203346
v 0.078773 0.016266 -0.206846
v -0.019227 0.016266 -0.206846
v -0.022727 0.016266 -0.203346
v -0.005108 0.016266 -0.195708
v -0.005052 0.016266 -0.196346
v -0.005108 0.016266 -0.196984
v -0.005273 0.016266 -0.197603
v -0.005544 0.016266 -0.198184
v -0.005911 0.016266 -0.198709
v -0.006364 0.016266 -0.199162
v -0.006889 0.016266 -0.199529
v -0.007470 0.016266 -0.199800
v -0.008089 0.016266 -0.199965
v -0.008727 0.016266 -0.200021
v -0.009365 0.016266 -0.199965
v -0.009984 0.016266 -0.199800
v -0.010564 0.016266 -0.199529
v -0.011089 0.016266 -0.199162
v -0.011542 0.016266 -0.198709
v -0.011909 0.016266 -0.198184
v -0.012180 0.016266 -0.197603
v -0.012346 0.016266 -0.196984
v -0.012402 0.016266 -0.196346
v -0.012346 0.016266 -0.195708
v -0.012180 0.016266 -0.195089
v -0.011909 0.016266 -0.194509
v -0.011542 0.016266 -0.193984
v -0.011089 0.016266 -0.193531
v -0.010564 0.016266 -0.193164
v -0.009984 0.016266 -0.192893
v -0.009365 0.016266 -0.192727
v -0.008727 0.016266 -0.192671
v -0.008089 0.016266 -0.192727
v -0.007470 0.016266 -0.192893
v -0.006889 0.016266 -0.193164
v -0.006364 0.016266 -0.193531
v -0.005911 0.016266 -0.193984
v -0.005544 0.016266 -0.194509
v -0.005273 0.016266 -0.195089
v 0.071892 0.016266 -0.195708
v 0.071948 0.016266 -0.196346
v 0.071892 0.016266 -0.196985
v 0.071727 0.016266 -0.197603
v 0.071456 0.016266 -0.198184
v 0.071089 0.016266 -0.198709
v 0.070636 0.016266 -0.199162
v 0.070111 0.016266 -0.199529
v 0.069530 0.016266 -0.199800
v 0.068911 0.016266 -0.199966
v 0.068273 0.016266 -0.200021
v 0.067635 0.016266 -0.199966
v 0.067016 0.016266 -0.199800
v 0.066436 0.016266 -0.199529
v 0.065911 0.016266 -0.199162
v 0.065458 0.016266 -0.198709
v 0.065091 0.016266 -0.198184
v 0.064820 0.016266 -0.197603
v 0.064654 0.016266 -0.196985
v 0.064598 0.016266 -0.196346
v 0.064654 0.016266 -0.195708
v 0.064820 0.016266 -0.195089
v 0.065091 0.016266 -0.194509
v 0.065458 0.016266 -0.193984
v 0.065911 0.016266 -0.193531
v 0.066436 0.016266 -0.193164
v 0.067016 0.016266 -0.192893
v 0.067635 0.016266 -0.192727
v 0.068273 0.016266 -0.192671
v 0.068911 0.016266 -0.192727
v 0.069530 0.016266 -0.192893
v 0.070111 0.016266 -0.193164
v 0.070636 0.016266 -0.193531
v 0.071089 0.016266 -0.193984
v 0.071456 0.016266 -0.194509
v 0.071727 0.016266 -0.195089
v 0.064654 0.003666 -0.112985
v 0.064598 0.003666 -0.112346
v 0.064654 0.003666 -0.111708
v 0.064820 0.003666 -0.111089
v 0.065091 0.003666 -0.110509
v 0.065458 0.003666 -0.109984
v 0.065911 0.003666 -0.109531
v 0.066436 0.003666 -0.109164
v 0.067016 0.003666 -0.108893
v 0.067635 0.003666 -0.108727
v 0.068273 0.003666 -0.108671
v 0.068911 0.003666 -0.108727
v 0.069530 0.003666 -0.108893
v 0.070111 0.003666 -0.109164
v 0.070636 0.003666 -0.109531
v 0.071089 0.003666 -0.109984
v 0.071456 0.003666 -0.110509
v 0.071727 0.003666 -0.111089
v 0.071892 0.003666 -0.111708
v 0.071948 0.003666 -0.112346
v 0.071892 0.003666 -0.112985
v 0.071727 0.003666 -0.113603
v 0.071456 0.003666 -0.114184
v 0.071089 0.003666 -0.114709
v 0.070636 0.003666 -0.115162
v 0.070111 0.003666 -0.115529
v 0.069530 0.003666 -0.115800
v 0.068911 0.003666 -0.115966
v 0.068273 0.003666 -0.116021
v 0.067635 0.003666 -0.115966
v 0.067016 0.003666 -0.115800
v 0.066436 0.003666 -0.115529
v 0.065911 0.003666 -0.115162
v 0.065458 0.003666 -0.114709
v 0.065091 0.003666 -0.114184
v 0.064820 0.003666 -0.113603
v 0.071892 0.016266 -0.112985
v 0.071948 0.016266 -0.112346
v 0.071892 0.016266 -0.111708
v 0.071727 0.016266 -0.111089
v 0.071456 0.016266 -0.110509
v 0.071089 0.016266 -0.109984
v 0.070636 0.016266 -0.109531
v 0.070111 0.016266 -0.109164
v 0.069530 0.016266 -0.108893
v 0.068911 0.016266 -0.108727
v 0.068273 0.016266 -0.108671
v 0.067635 0.016266 -0.108727
v 0.067016 0.016266 -0.108893
v 0.066436 0.016266 -0.109164
v 0.065911 0.016266 -0.109531
v 0.065458 0.016266 -0.109984
v 0.065091 0.016266 -0.110509
v 0.064820 0.016266 -0.111089
v 0.064654 0.016266 -0.111708
v 0.064598 0.016266 -0.112346
v 0.064654 0.016266 -0.112985
v 0.064820 0.016266 -0.113603
v 0.065091 0.016266 -0.114184
v 0.065458 0.016266 -0.114709
v 0.065911 0.016266 -0.115162
v 0.066436 0.016266 -0.115529
v 0.067016 0.016266 -0.115800
v 0.067635 0.016266 -0.115966
v 0.068273 0.016266 -0.116021
v 0.068911 0.016266 -0.115966
v 0.069530 0.016266 -0.115800
v 0.070111 0.016266 -0.115529
v 0.070636 0.016266 -0.115162
v 0.071089 0.016266 -0.114709
v 0.071456 0.016266 -0.114184
v 0.071727 0.016266 -0.113603
v -0.012346 0.003666 -0.112985
v -0.012402 0.003666 -0.112346
v -0.012346 0.003666 -0.111708
v -0.012180 0.003666 -0.111089
v -0.011909 0.003666 -0.110509
v -0.011542 0.003666 -0.109984
v -0.011089 0.003666 -0.109531
v -0.010564 0.003666 -0.109164
v -0.009984 0.003666 -0.108893
v -0.009365 0.003666 -0.108727
v -0.008727 0.003666 -0.108671
v -0.008089 0.003666 -0.108727
v -0.007470 0.003666 -0.108893
v -0.006889 0.003666 -0.109164
v -0.006364 0.003666 -0.109531
v -0.005911 0.003666 -0.109984
v -0.005544 0.003666 -0.110509
v -0.005273 0.003666 -0.111089
v -0.005108 0.003666 -0.111708
v -0.005052 0.003666 -0.112346
v -0.005108 0.003666 -0.112985
v -0.005273 0.003666 -0.113603
v -0.005544 0.003666 -0.114184
v -0.005911 0.003666 -0.114709
v -0.006364 0.003666 -0.115162
v -0.006889 0.003666 -0.115529
v -0.007470 0.003666 -0.115800
v -0.008089 0.003666 -0.115966
v -0.008727 0.003666 -0.116021
v -0.009365 0.003666 -0.115966
v -0.009984 0.003666 -0.115800
v -0.010564 0.003666 -0.115529
v -0.011089 0.003666 -0.115162
v -0.011542 0.003666 -0.114709
v -0.011909 0.003666 -0.114184
v -0.012180 0.003666 -0.113603
v -0.005108 0.016266 -0.112985
v -0.005052 0.016266 -0.112346
v -0.005108 0.016266 -0.111708
v -0.005273 0.016266 -0.111089
v -0.005544 0.016266 -0.110509
v -0.005911 0.016266 -0.109984
v -0.006364 0.016266 -0.109531
v -0.006889 0.016266 -0.109164
v -0.007470 0.016266 -0.108893
v -0.008089 0.016266 -0.108727
v -0.008727 0.016266 -0.108671
v -0.009365 0.016266 -0.108727
v -0.009984 0.016266 -0.108893
v -0.010564 0.016266 -0.109164
v -0.011089 0.016266 -0.109531
v -0.011542 0.016266 -0.109984
v -0.011909 0.016266 -0.110509
v -0.012180 0.016266 -0.111089
v -0.012346 0.016266 -0.111708
v -0.012402 0.016266 -0.112346
v -0.012346 0.016266 -0.112985
v -0.012180 0.016266 -0.113603
v -0.011909 0.016266 -0.114184
v -0.011542 0.016266 -0.114709
v -0.011089 0.016266 -0.115162
v -0.010564 0.016266 -0.115529
v -0.009984 0.016266 -0.115800
v -0.009365 0.016266 -0.115966
v -0.008727 0.016266 -0.116021
v -0.008089 0.016266 -0.115966
v -0.007470 0.016266 -0.115800
v -0.006889 0.016266 -0.115529
v -0.006364 0.016266 -0.115162
v -0.005911 0.016266 -0.114709
v -0.005544 0.016266 -0.114184
v -0.005273 0.016266 -0.113603
v -0.022727 0.016266 -0.105346
v -0.019227 0.016266 -0.101846
v 0.078773 0.016266 -0.101846
v -0.127727 0.012066 0.056354
v -0.127727 0.012066 0.175354
v -0.124227 0.012066 0.178854
v 0.008773 0.012066 0.178854
v 0.012273 0.012066 0.175354
v -0.117863 0.012066 0.062624
v -0.117927 0.012066 0.063354
v -0.117863 0.012066 0.064083
v -0.117673 0.012066 0.064790
v -0.117364 0.012066 0.065454
v -0.116944 0.012066 0.066053
v -0.116426 0.012066 0.066571
v -0.115827 0.012066 0.066991
v -0.115163 0.012066 0.067300
v -0.114456 0.012066 0.067490
v -0.113727 0.012066 0.067554
v -0.112997 0.012066 0.067490
v -0.112290 0.012066 0.067300
v -0.111627 0.012066 0.066991
v -0.111027 0.012066 0.066571
v -0.110509 0.012066 0.066053
v -0.110089 0.012066 0.065454
v -0.109780 0.012066 0.064790
v -0.109590 0.012066 0.064083
v -0.109527 0.012066 0.063354
v -0.109590 0.012066 0.062624
v -0.109780 0.012066 0.061917
v -0.110089 0.012066 0.061254
v -0.110509 0.012066 0.060654
v -0.111027 0.012066 0.060136
v -0.111627 0.012066 0.059716
v -0.112290 0.012066 0.059407
v -0.112997 0.012066 0.059217
v -0.113727 0.012066 0.059154
v -0.114456 0.012066 0.059217
v -0.115163 0.012066 0.059407
v -0.115827 0.012066 0.059716
v -0.116426 0.012066 0.060136
v -0.116944 0.012066 0.060654
v -0.117364 0.012066 0.061254
v -0.117673 0.012066 0.061917
v -0.117863 0.012066 0.167624
v -0.117927 0.012066 0.168354
v -0.117863 0.012066 0.169083
v -0.117673 0.012066 0.169790
v -0.117364 0.012066 0.170454
v -0.116944 0.012066 0.171053
v -0.116426 0.012066 0.171571
v -0.115827 0.012066 0.171991
v -0.115163 0.012066 0.172300
v -0.114456 0.012066 0.172490
v -0.113727 0.012066 0.172554
v -0.112997 0.012066 0.172490
v -0.112290 0.012066 0.172300
v -0.111627 0.012066 0.171991
v -0.111027 0.012066 0.171571
v -0.110509 0.012066 0.171053
v -0.110089 0.012066 0.170454
v -0.109780 0.012066 0.169790
v -0.109590 0.012066 0.169083
v -0.109527 0.012066 0.168354
v -0.109590 0.012066 0.167624
v -0.109780 0.012066 0.166917
v -0.110089 0.012066 0.166254
v -0.110509 0.012066 0.165654
v -0.111027 0.012066 0.165136
v -0.111627 0.012066 0.164716
v -0.112290 0.012066 0.164407
v -0.112997 0.012066 0.164217
v -0.113727 0.012066 0.164154
v -0.114456 0.012066 0.164217
v -0.115163 0.012066 0.164407
v -0.115827 0.012066 0.164716
v -0.116426 0.012066 0.165136
v -0.116944 0.012066 0.165654
v -0.117364 0.012066 0.166254
v -0.117673 0.012066 0.166917
v -0.005863 0.012066 0.062624
v -0.005927 0.012066 0.063354
v -0.005863 0.012066 0.064083
v -0.005673 0.012066 0.064790
v -0.005364 0.012066 0.065454
v -0.004944 0.012066 0.066053
v -0.004426 0.012066 0.066571
v -0.003827 0.012066 0.066991
v -0.003163 0.012066 0.067300
v -0.002456 0.012066 0.067490
v -0.001727 0.012066 0.067554
v -0.000997 0.012066 0.067490
v -0.000290 0.012066 0.067300
v 0.000373 0.012066 0.066991
v 0.000973 0.012066 0.066571
v 0.001491 0.012066 0.066053
v 0.001911 0.012066 0.065454
v 0.002220 0.012066 0.064790
v 0.002410 0.012066 0.064083
v 0.002473 0.012066 0.063354
v 0.002410 0.012066 0.062624
v 0.002220 0.012066 0.061917
v 0.001911 0.012066 0.061254
v 0.001491 0.012066 0.060654
v 0.000973 0.012066 0.060136
v 0.000373 0.012066 0.059716
v -0.000290 0.012066 0.059407
v -0.000997 0.012066 0.059217
v -0.001727 0.012066 0.059154
v -0.002456 0.012066 0.059217
v -0.003163 0.012066 0.059407
v -0.003827 0.012066 0.059716
v -0.004426 0.012066 0.060136
v -0.004944 0.012066 0.060654
v -0.005364 0.012066 0.061254
v -0.005673 0.012066 0.061917
v -0.005863 0.012066 0.167624
v -0.005927 0.012066 0.168354
v -0.005863 0.012066 0.169083
v -0.005673 0.012066 0.169790
v -0.005364 0.012066 0.170454
v -0.004944 0.012066 0.171053
v -0.004426 0.012066 0.171571
v -0.003827 0.012066 0.171991
v -0.003163 0.012066 0.172300
v -0.002456 0.012066 0.172490
v -0.001727 0.012066 0.172554
v -0.000997 0.012066 0.172490
v -0.000290 0.012066 0.172300
v 0.000373 0.012066 0.171991
v 0.000973 0.012066 0.171571
v 0.001491 0.012066 0.171053
v 0.001911 0.012066 0.170454
v 0.002220 0.012066 0.169790
v 0.002410 0.012066 0.169083
v 0.002473 0.012066 0.168354
v 0.002410 0.012066 0.167624
v 0.002220 0.012066 0.166917
v 0.001911 0.012066 0.166254
v 0.001491 0.012066 0.165654
v 0.000973 0.012066 0.165136
v 0.000373 0.012066 0.164716
v -0.000290 0.012066 0.164407
v -0.000997 0.012066 0.164217
v -0.001727 0.012066 0.164154
v -0.002456 0.012066 0.164217
v -0.003163 0.012066 0.164407
v -0.003827 0.012066 0.164716
v -0.004426 0.012066 0.165136
v -0.004944 0.012066 0.165654
v -0.005364 0.012066 0.166254
v -0.005673 0.012066 0.166917
v 0.012273 0.012066 0.056354
v 0.008773 0.012066 0.052854
v -0.124227 0.012066 0.052854
v -0.127727 0.012066 -0.084505
v -0.127727 0.012066 0.035354
v -0.124227 0.012066 0.038854
v 0.078773 0.012066 0.038854
v 0.082273 0.012066 0.035354
v 0.064137 0.012066 0.027624
v 0.064073 0.012066 0.028354
v 0.064137 0.012066 0.029083
v 0.064327 0.012066 0.029790
v 0.064636 0.012066 0.030454
v 0.065056 0.012066 0.031053
v 0.065574 0.012066 0.031571
v 0.066173 0.012066 0.031991
v 0.066837 0.012066 0.032300
v 0.067544 0.012066 0.032490
v 0.068273 0.012066 0.032554
v 0.069003 0.012066 0.032490
v 0.069710 0.012066 0.032300
v 0.070373 0.012066 0.031991
v 0.070973 0.012066 0.031571
v 0.071491 0.012066 0.031053
v 0.071911 0.012066 0.030454
v 0.072220 0.012066 0.029790
v 0.072410 0.012066 0.029083
v 0.072473 0.012066 0.028354
v 0.072410 0.012066 0.027624
v 0.072220 0.012066 0.026917
v 0.071911 0.012066 0.026254
v 0.071491 0.012066 0.025654
v 0.070973 0.012066 0.025136
v 0.070373 0.012066 0.024716
v 0.069710 0.012066 0.024407
v 0.069003 0.012066 0.024217
v 0.068273 0.012066 0.024154
v 0.067544 0.012066 0.024217
v 0.066837 0.012066 0.024407
v 0.066173 0.012066 0.024716
v 0.065574 0.012066 0.025136
v 0.065056 0.012066 0.025654
v 0.064636 0.012066 0.026254
v 0.064327 0.012066 0.026917
v -0.117863 0.012066 0.027624
v -0.117927 0.012066 0.028354
v -0.117863 0.012066 0.029083
v -0.117673 0.012066 0.029790
v -0.117364 0.012066 0.030454
v -0.116944 0.012066 0.031053
v -0.116426 0.012066 0.031571
v -0.115827 0.012066 0.031991
v -0.115163 0.012066 0.032300
v -0.114456 0.012066 0.032490
v -0.113727 0.012066 0.032554
v -0.112997 0.012066 0.032490
v -0.112290 0.012066 0.032300
v -0.111627 0.012066 0.031991
v -0.111027 0.012066 0.031571
v -0.110509 0.012066 0.031053
v -0.110089 0.012066 0.030454
v -0.109780 0.012066 0.029790
v -0.109590 0.012066 0.029083
v -0.109527 0.012066 0.028354
v -0.109590 0.012066 0.027624
v -0.109780 0.012066 0.026917
v -0.110089 0.012066 0.026254
v -0.110509 0.012066 0.025654
v -0.111027 0.012066 0.025136
v -0.111627 0.012066 0.024716
v -0.112290 0.012066 0.024407
v -0.112997 0.012066 0.024217
v -0.113727 0.012066 0.024154
v -0.114456 0.012066 0.024217
v -0.115163 0.012066 0.024407
v -0.115827 0.012066 0.024716
v -0.116426 0.012066 0.025136
v -0.116944 0.012066 0.025654
v -0.117364 0.012066 0.026254
v -0.117673 0.012066 0.026917
v 0.064137 0.012066 -0.077376
v 0.064073 0.012066 -0.076646
v 0.064137 0.012066 -0.075917
v 0.064327 0.012066 -0.075210
v 0.064636 0.012066 -0.074546
v 0.065056 0.012066 -0.073947
v 0.065574 0.012066 -0.073429
v 0.066173 0.012066 -0.073009
v 0.066837 0.012066 -0.072700
v 0.067544 0.012066 -0.072510
v 0.068273 0.012066 -0.072446
v 0.069003 0.012066 -0.072510
v 0.069710 0.012066 -0.072700
v 0.070373 0.012066 -0.073009
v 0.070973 0.012066 -0.073429
v 0.071491 0.012066 -0.073947
v 0.071911 0.012066 -0.074546
v 0.072220 0.012066 -0.075210
v 0.072410 0.012066 -0.075917
v 0.072473 0.012066 -0.076646
v 0.072410 0.012066 -0.077376
v 0.072220 0.012066 -0.078083
v 0.071911 0.012066 -0.078746
v 0.071491 0.012066 -0.079346
v 0.070973 0.012066 -0.079864
v 0.070373 0.012066 -0.080284
v 0.069710 0.012066 -0.080593
v 0.069003 0.012066 -0.080783
v 0.068273 0.012066 -0.080846
v 0.067544 0.012066 -0.080783
v 0.066837 0.012066 -0.080593
v 0.066173 0.012066 -0.080284
v 0.065574 0.012066 -0.079864
v 0.065056 0.012066 -0.079346
v 0.064636 0.012066 -0.078746
v 0.064327 0.012066 -0.078083
v -0.117863 0.012066 -0.077376
v -0.117927 0.012066 -0.076646
v -0.117863 0.012066 -0.075917
v -0.117673 0.012066 -0.075210
v -0.117364 0.012066 -0.074546
v -0.116944 0.012066 -0.073947
v -0.116426 0.012066 -0.073429
v -0.115827 0.012066 -0.073009
v -0.115163 0.012066 -0.072700
v -0.114456 0.012066 -0.072510
v -0.113727 0.012066 -0.072446
v -0.112997 0.012066 -0.072510
v -0.112290 0.012066 -0.072700
v -0.111627 0.012066 -0.073009
v -0.111027 0.012066 -0.073429
v -0.110509 0.012066 -0.073947
v -0.110089 0.012066 -0.074546
v -0.109780 0.012066 -0.075210
v -0.109590 0.012066 -0.075917
v -0.109527 0.012066 -0.076646
v -0.109590 0.012066 -0.077376
v -0.109780 0.012066 -0.078083
v -0.110089 0.012066 -0.078746
v -0.110509 0.012066 -0.079346
v -0.111027 0.012066 -0.079864
v -0.111627 0.012066 -0.080284
v -0.112290 0.012066 -0.080593
v -0.112997 0.012066 -0.080783
v -0.113727 0.012066 -0.080846
v -0.114456 0.012066 -0.080783
v -0.115163 0.012066 -0.080593
v -0.115827 0.012066 -0.080284
v -0.116426 0.012066 -0.079864
v -0.116944 0.012066 -0.079346
v -0.117364 0.012066 -0.078746
v -0.117673 0.012066 -0.078083
v 0.082273 0.012066 -0.084505
v 0.078773 0.012066 -0.088005
v -0.124227 0.012066 -0.088005
vn -1.0000 -0.0000 -0.0000
vn -0.0872 -0.0000 -0.9962
vn -0.2588 -0.0000 -0.9659
vn -0.4226 -0.0000 -0.9063
vn -0.5736 -0.0000 -0.8192
vn -0.7071 -0.0000 -0.7071
vn -0.8192 -0.0000 -0.5736
vn -0.9063 -0.0000 -0.4226
vn -0.9659 -0.0000 -0.2588
vn -0.9962 -0.0000 -0.0872
vn -0.0000 -0.0000 -1.0000
vn 0.9962 -0.0000 -0.0872
vn 0.9659 -0.0000 -0.2588
vn 0.9063 -0.0000 -0.4226
vn 0.8192 -0.0000 -0.5736
vn 0.7071 -0.0000 -0.7071
vn 0.5736 -0.0000 -0.8192
vn 0.4226 -0.0000 -0.9063
vn 0.2588 -0.0000 -0.9659
vn 0.0872 -0.0000 -0.9962
vn 1.0000 -0.0000 -0.0000
vn 0.0872 -0.0000 0.9962
vn 0.2588 -0.0000 0.9659
vn 0.4226 -0.0000 0.9063
vn 0.5736 -0.0000 0.8192
vn 0.7071 -0.0000 0.7071
vn 0.8192 -0.0000 0.5736
vn 0.9063 -0.0000 0.4226
vn 0.9659 -0.0000 0.2588
vn 0.9962 -0.0000 0.0872
vn -0.0000 -0.0000 1.0000
vn -0.9962 -0.0000 0.0872
vn -0.9659 -0.0000 0.2588
vn -0.9063 -0.0000 0.4226
vn -0.8192 -0.0000 0.5736
vn -0.7071 -0.0000 0.7071
vn -0.5736 -0.0000 0.8192
vn -0.4226 -0.0000 0.9063
vn -0.2588 -0.0000 0.9659
vn -0.0872 -0.0000 0.9962
vn -0.0000 1.0000 -0.0000
vn 0.9962 -0.0000 -0.0871
vn 0.9962 -0.0000 0.0871
vn 0.9659 -0.0000 0.2589
vn 0.8191 -0.0000 0.5736
vn 0.5736 -0.0000 0.8191
vn -0.5736 -0.0000 0.8191
vn -0.5735 -0.0000 0.8192
vn -0.5735 -0.0000 -0.8192
vn -0.5736 -0.0000 -0.8191
vn 0.5736 -0.0000 -0.8191
vn 0.8191 -0.0000 -0.5736
vn 0.9659 -0.0000 -0.2589
vn -0.8191 -0.0000 -0.5736
vn -0.9962 -0.0000 -0.0871
vn -0.9962 -0.0000 0.0871
vn -0.8191 -0.0000 0.5736
vn 0.5735 -0.0000 0.8192
vn 0.0871 -0.0000 0.9962
vn -0.0871 -0.0000 0.9962
vn -0.0871 -0.0000 -0.9962
vn 0.0871 -0.0000 -0.9962
vn 0.7071 0.7071 -0.0000
vn -0.0000 0.7071 -0.7071
vn -0.0000 -1.0000 -0.0000
vn -0.4226 -0.0001 0.9063
vn 0.4226 -0.0001 0.9063
vn -0.7071 0.7071 -0.0000
vn -0.0000 0.7071 0.7071
vn 0.9971 -0.0000 0.0765
vn 0.9971 -0.0000 -0.0765
vn 0.9737 -0.0000 -0.2279
vn 0.9737 -0.0000 0.2279
vn 0.9275 -0.0000 0.3738
vn 0.8596 -0.0000 0.5110
vn 0.7715 -0.0000 0.6363
vn 0.7715 -0.0000 0.6362
vn 0.6653 -0.0000 0.7466
vn 0.5436 -0.0000 0.8394
vn 0.4091 -0.0000 0.9125
vn 0.2650 -0.0000 0.9643
vn 0.1147 -0.0000 0.9934
vn -0.0383 -0.0000 0.9993
vn -0.1904 -0.0000 0.9817
vn -0.3380 -0.0000 0.9411
vn -0.4777 -0.0000 0.8785
vn -0.6062 -0.0000 0.7953
vn -0.7205 -0.0000 0.6934
vn -0.8179 -0.0000 0.5753
vn -0.8962 -0.0000 0.4437
vn -0.9534 -0.0000 0.3017
vn -0.9883 -0.0000 0.1527
vn -0.9883 -0.0000 -0.1527
vn -0.9534 -0.0000 -0.3017
vn -0.8962 -0.0000 -0.4437
vn -0.8179 -0.0000 -0.5753
vn -0.7205 -0.0000 -0.6934
vn -0.6062 -0.0000 -0.7953
vn -0.4777 -0.0000 -0.8785
vn -0.3380 -0.0000 -0.9411
vn -0.1904 -0.0000 -0.9817
vn -0.0383 -0.0000 -0.9993
vn 0.1147 -0.0000 -0.9934
vn 0.2650 -0.0000 -0.9643
vn 0.4091 -0.0000 -0.9125
vn 0.5436 -0.0000 -0.8394
vn 0.6653 -0.0000 -0.7466
vn 0.7715 -0.0000 -0.6362
vn 0.7715 -0.0000 -0.6363
vn 0.8596 -0.0000 -0.5110
vn 0.9275 -0.0000 -0.3738
vn 0.9971 -0.0000 0.0766
vn 0.9971 -0.0000 -0.0766
vn 0.9737 -0.0000 0.2278
vn 0.6653 -0.0000 0.7465
vn -0.9883 -0.0000 0.1526
vn -0.9883 -0.0000 -0.1526
vn 0.6653 -0.0000 -0.7465
vn 0.9737 -0.0000 -0.2278
vn 0.2650 -0.0000 -0.9642
vn 0.4090 -0.0000 -0.9125
vn 0.0001 1.0000 -0.0000
vn -0.0007 -1.0000 0.0001
vt 0.822825 0.691245
vt 0.822825 0.826227
vt 0.812072 0.691245
vt 0.812072 0.826227
vt 0.855083 0.695554
vt 0.844330 0.695554
vt 0.855083 0.694124
vt 0.844330 0.694124
vt 0.855083 0.692671
vt 0.844330 0.692671
vt 0.855083 0.691240
vt 0.844330 0.691240
vt 0.855083 0.689874
vt 0.844330 0.689874
vt 0.855083 0.688615
vt 0.844330 0.688615
vt 0.855083 0.687500
vt 0.844330 0.687500
vt 0.812072 0.687500
vt 0.822825 0.687500
vt 0.812072 0.688617
vt 0.822825 0.688617
vt 0.812072 0.689878
vt 0.822825 0.689878
vt 0.844330 0.800141
vt 0.855083 0.800141
vt 0.833577 0.695541
vt 0.822825 0.695541
vt 0.833577 0.694110
vt 0.822825 0.694110
vt 0.833577 0.692657
vt 0.822825 0.692657
vt 0.833577 0.691227
vt 0.822825 0.691227
vt 0.833577 0.689864
vt 0.822825 0.689864
vt 0.833577 0.688609
vt 0.822825 0.688609
vt 0.833577 0.687500
vt 0.855083 0.803872
vt 0.844330 0.803872
vt 0.855083 0.802761
vt 0.844330 0.802761
vt 0.855083 0.801505
vt 0.844330 0.801505
vt 0.822825 0.830505
vt 0.833577 0.830505
vt 0.833577 0.795821
vt 0.844330 0.795821
vt 0.833577 0.797251
vt 0.844330 0.797251
vt 0.833577 0.798704
vt 0.844330 0.798704
vt 0.833577 0.800135
vt 0.844330 0.800135
vt 0.833577 0.801501
vt 0.844330 0.801501
vt 0.833577 0.802760
vt 0.844330 0.802760
vt 0.833577 0.803875
vt 0.844330 0.803875
vt 0.833577 0.834249
vt 0.822825 0.834249
vt 0.833577 0.833133
vt 0.822825 0.833133
vt 0.833577 0.831872
vt 0.822825 0.831872
vt 0.844330 0.691232
vt 0.833577 0.691232
vt 0.812072 0.827659
vt 0.822825 0.827659
vt 0.812072 0.829112
vt 0.822825 0.829112
vt 0.812072 0.830541
vt 0.822825 0.830541
vt 0.812072 0.831904
vt 0.822825 0.831904
vt 0.812072 0.833159
vt 0.822825 0.833159
vt 0.812072 0.834267
vt 0.822825 0.834267
vt 0.844330 0.687500
vt 0.833577 0.688611
vt 0.844330 0.688611
vt 0.833577 0.689868
vt 0.844330 0.689868
vt 0.673248 0.832516
vt 0.673362 0.831250
vt 0.678739 0.835417
vt 0.673248 0.829984
vt 0.672908 0.828756
vt 0.672354 0.827604
vt 0.672354 0.703646
vt 0.678739 0.695833
vt 0.672908 0.702494
vt 0.673248 0.701266
vt 0.671601 0.826563
vt 0.671601 0.704687
vt 0.670673 0.705586
vt 0.670674 0.825664
vt 0.669599 0.706315
vt 0.669599 0.824935
vt 0.668410 0.706852
vt 0.668410 0.824398
vt 0.667142 0.707181
vt 0.667142 0.824069
vt 0.665835 0.707292
vt 0.665835 0.823958
vt 0.664528 0.824069
vt 0.664528 0.707181
vt 0.663261 0.824398
vt 0.663261 0.706852
vt 0.662072 0.824935
vt 0.662072 0.706315
vt 0.660997 0.825664
vt 0.660997 0.705586
vt 0.660069 0.826563
vt 0.660069 0.704687
vt 0.568375 0.826563
vt 0.568375 0.704687
vt 0.567448 0.705586
vt 0.567448 0.825664
vt 0.566373 0.706315
vt 0.566373 0.824935
vt 0.565184 0.706852
vt 0.565184 0.824398
vt 0.563917 0.707181
vt 0.563917 0.824069
vt 0.562610 0.707292
vt 0.562610 0.823958
vt 0.561303 0.824069
vt 0.569128 0.827604
vt 0.659317 0.827604
vt 0.569683 0.828756
vt 0.658762 0.828756
vt 0.570022 0.829984
vt 0.658423 0.829984
vt 0.570136 0.831250
vt 0.658308 0.831250
vt 0.570022 0.832516
vt 0.658423 0.832516
vt 0.569683 0.833744
vt 0.658762 0.833744
vt 0.569128 0.834896
vt 0.659317 0.834896
vt 0.568375 0.835937
vt 0.660069 0.835937
vt 0.567448 0.836836
vt 0.660997 0.836836
vt 0.566373 0.837565
vt 0.662072 0.837565
vt 0.558308 0.843750
vt 0.670136 0.843750
vt 0.663261 0.838102
vt 0.664528 0.838431
vt 0.665835 0.838542
vt 0.667142 0.838431
vt 0.668410 0.838102
vt 0.669599 0.837565
vt 0.671630 0.843623
vt 0.670674 0.836836
vt 0.673079 0.843247
vt 0.674437 0.842633
vt 0.671601 0.835937
vt 0.675666 0.841800
vt 0.676726 0.840773
vt 0.672354 0.834896
vt 0.677586 0.839583
vt 0.678220 0.838267
vt 0.678608 0.836864
vt 0.672908 0.833744
vt 0.561302 0.707181
vt 0.560035 0.824398
vt 0.560035 0.706852
vt 0.558846 0.824935
vt 0.558846 0.706315
vt 0.557771 0.825664
vt 0.557771 0.705586
vt 0.556844 0.826563
vt 0.556844 0.704687
vt 0.556091 0.703646
vt 0.556091 0.827604
vt 0.549706 0.835417
vt 0.555537 0.828756
vt 0.555197 0.829984
vt 0.555083 0.831250
vt 0.555197 0.832516
vt 0.555537 0.833744
vt 0.549837 0.836864
vt 0.556091 0.834896
vt 0.550225 0.838267
vt 0.550859 0.839583
vt 0.551719 0.840773
vt 0.556844 0.835937
vt 0.552779 0.841800
vt 0.554007 0.842633
vt 0.557771 0.836836
vt 0.555366 0.843247
vt 0.556815 0.843623
vt 0.558846 0.837565
vt 0.560035 0.838102
vt 0.561303 0.838431
vt 0.562610 0.838542
vt 0.563917 0.838431
vt 0.565184 0.838102
vt 0.673362 0.700000
vt 0.673248 0.698734
vt 0.672908 0.697506
vt 0.678608 0.694386
vt 0.672354 0.696354
vt 0.678220 0.692983
vt 0.677586 0.691667
vt 0.676726 0.690477
vt 0.671601 0.695313
vt 0.675666 0.689450
vt 0.674437 0.688616
vt 0.670673 0.694414
vt 0.673078 0.688003
vt 0.671630 0.687627
vt 0.669599 0.693685
vt 0.670136 0.687500
vt 0.668410 0.693148
vt 0.667142 0.692819
vt 0.665835 0.692708
vt 0.664528 0.692819
vt 0.663261 0.693148
vt 0.662072 0.693685
vt 0.566373 0.693685
vt 0.558308 0.687500
vt 0.565184 0.693148
vt 0.563917 0.692819
vt 0.567448 0.694414
vt 0.660997 0.694414
vt 0.568375 0.695313
vt 0.660069 0.695313
vt 0.569128 0.696354
vt 0.659317 0.696354
vt 0.569682 0.697506
vt 0.658762 0.697506
vt 0.570022 0.698734
vt 0.658423 0.698734
vt 0.570136 0.700000
vt 0.658308 0.700000
vt 0.570022 0.701266
vt 0.658423 0.701266
vt 0.569682 0.702494
vt 0.658762 0.702494
vt 0.569128 0.703646
vt 0.659317 0.703646
vt 0.562610 0.692708
vt 0.561302 0.692819
vt 0.560035 0.693148
vt 0.558846 0.693685
vt 0.556815 0.687627
vt 0.557771 0.694414
vt 0.555366 0.688003
vt 0.554007 0.688616
vt 0.556844 0.695313
vt 0.552779 0.689450
vt 0.551719 0.690477
vt 0.556091 0.696354
vt 0.550859 0.691667
vt 0.550225 0.692983
vt 0.549837 0.694386
vt 0.555537 0.697506
vt 0.549706 0.695833
vt 0.555197 0.698734
vt 0.555083 0.700000
vt 0.555197 0.701266
vt 0.555537 0.702494
vt 0.923242 0.770833
vt 0.923242 0.786458
vt 0.921949 0.770833
vt 0.921950 0.786458
vt 0.920715 0.770833
vt 0.920715 0.786458
vt 0.919576 0.770833
vt 0.919576 0.786458
vt 0.918568 0.770833
vt 0.918568 0.786458
vt 0.917898 0.866375
vt 0.917898 0.882000
vt 0.916891 0.866375
vt 0.916891 0.882000
vt 0.915754 0.866375
vt 0.915754 0.882000
vt 0.914520 0.866375
vt 0.914520 0.882000
vt 0.913228 0.866375
vt 0.913228 0.882000
vt 0.911916 0.866375
vt 0.911916 0.882000
vt 0.910624 0.866375
vt 0.910624 0.882000
vt 0.909392 0.866375
vt 0.909392 0.882000
vt 0.908257 0.866375
vt 0.908257 0.882000
vt 0.907253 0.866375
vt 0.907253 0.882000
vt 0.743171 0.872179
vt 0.743171 0.887804
vt 0.742169 0.872179
vt 0.742169 0.887804
vt 0.741036 0.872179
vt 0.741036 0.887804
vt 0.739805 0.872179
vt 0.739805 0.887804
vt 0.738514 0.872179
vt 0.738514 0.887804
vt 0.737202 0.872179
vt 0.737202 0.887804
vt 0.735909 0.872179
vt 0.735909 0.887804
vt 0.734674 0.872179
vt 0.734674 0.887804
vt 0.733535 0.872179
vt 0.733535 0.887804
vt 0.732526 0.872179
vt 0.732526 0.887804
vt 0.701548 0.855723
vt 0.701548 0.871348
vt 0.700542 0.855723
vt 0.700542 0.871348
vt 0.699404 0.855723
vt 0.699404 0.871348
vt 0.698170 0.855723
vt 0.698170 0.871348
vt 0.696878 0.855723
vt 0.696878 0.871348
vt 0.695566 0.855723
vt 0.695566 0.871348
vt 0.694274 0.855723
vt 0.694274 0.871348
vt 0.693042 0.855723
vt 0.693042 0.871348
vt 0.691907 0.855723
vt 0.691907 0.871348
vt 0.690904 0.855723
vt 0.690904 0.871348
vt 0.929212 0.770833
vt 0.929212 0.786458
vt 0.928211 0.770833
vt 0.928211 0.786458
vt 0.927077 0.770833
vt 0.927077 0.786458
vt 0.925846 0.770833
vt 0.925846 0.786458
vt 0.924554 0.770833
vt 0.924554 0.786458
vt 0.920715 0.802083
vt 0.921950 0.802083
vt 0.923242 0.802083
vt 0.924554 0.802083
vt 0.925846 0.802083
vt 0.927077 0.802083
vt 0.928211 0.802083
vt 0.929212 0.802083
vt 0.690904 0.886973
vt 0.691907 0.886973
vt 0.693042 0.886973
vt 0.694274 0.886973
vt 0.695566 0.886973
vt 0.696878 0.886973
vt 0.698170 0.886973
vt 0.699404 0.886973
vt 0.700542 0.886973
vt 0.701548 0.886973
vt 0.732526 0.903429
vt 0.733535 0.903429
vt 0.734674 0.903429
vt 0.735909 0.903429
vt 0.737202 0.903429
vt 0.738514 0.903429
vt 0.739805 0.903429
vt 0.741036 0.903429
vt 0.742169 0.903429
vt 0.743171 0.903429
vt 0.907253 0.897625
vt 0.908257 0.897625
vt 0.909392 0.897625
vt 0.910624 0.897625
vt 0.911916 0.897625
vt 0.913228 0.897625
vt 0.914520 0.897625
vt 0.915754 0.897625
vt 0.916891 0.897625
vt 0.917898 0.897625
vt 0.918568 0.802083
vt 0.919576 0.802083
vt 0.923243 0.739583
vt 0.923243 0.755208
vt 0.921950 0.739583
vt 0.921950 0.755208
vt 0.920715 0.739583
vt 0.920715 0.755208
vt 0.919576 0.739583
vt 0.919576 0.755208
vt 0.918568 0.739583
vt 0.918568 0.755208
vt 0.790458 0.866324
vt 0.790458 0.881949
vt 0.789452 0.866324
vt 0.789452 0.881949
vt 0.788314 0.866324
vt 0.788314 0.881949
vt 0.787081 0.866324
vt 0.787081 0.881949
vt 0.785788 0.866324
vt 0.785788 0.881949
vt 0.784476 0.866324
vt 0.784476 0.881949
vt 0.783184 0.866324
vt 0.783184 0.881949
vt 0.781952 0.866324
vt 0.781952 0.881949
vt 0.780817 0.866324
vt 0.780817 0.881949
vt 0.779814 0.866324
vt 0.779814 0.881949
vt 0.702503 0.903622
vt 0.702503 0.887997
vt 0.703504 0.903622
vt 0.703504 0.887997
vt 0.704637 0.903622
vt 0.704637 0.887997
vt 0.705868 0.903622
vt 0.705868 0.887997
vt 0.707159 0.903622
vt 0.707159 0.887997
vt 0.708471 0.903622
vt 0.708471 0.887997
vt 0.709765 0.903622
vt 0.709765 0.887997
vt 0.710999 0.903622
vt 0.710999 0.887997
vt 0.712138 0.903622
vt 0.712138 0.887997
vt 0.713147 0.903622
vt 0.713147 0.887997
vt 0.918568 0.723958
vt 0.919575 0.739583
vt 0.919575 0.723958
vt 0.920712 0.739583
vt 0.920712 0.723958
vt 0.921946 0.739583
vt 0.921946 0.723958
vt 0.923238 0.739583
vt 0.923238 0.723958
vt 0.924550 0.739583
vt 0.924550 0.723958
vt 0.925842 0.739583
vt 0.925842 0.723958
vt 0.927074 0.739583
vt 0.927074 0.723958
vt 0.928209 0.739583
vt 0.928209 0.723958
vt 0.929212 0.739583
vt 0.929212 0.723958
vt 0.929212 0.755208
vt 0.928211 0.739583
vt 0.928211 0.755208
vt 0.927077 0.739583
vt 0.927077 0.755208
vt 0.925846 0.739583
vt 0.925846 0.755208
vt 0.924554 0.739583
vt 0.924555 0.755208
vt 0.920715 0.770833
vt 0.921950 0.770833
vt 0.923243 0.770833
vt 0.924554 0.770833
vt 0.925846 0.770833
vt 0.928211 0.770833
vt 0.929212 0.770833
vt 0.929212 0.708333
vt 0.928209 0.708333
vt 0.927074 0.708333
vt 0.925842 0.708333
vt 0.924550 0.708333
vt 0.923238 0.708333
vt 0.921946 0.708333
vt 0.920712 0.708333
vt 0.919575 0.708333
vt 0.918568 0.708333
vt 0.713147 0.872372
vt 0.712138 0.872372
vt 0.710999 0.872372
vt 0.709765 0.872372
vt 0.708471 0.872372
vt 0.707159 0.872372
vt 0.705868 0.872372
vt 0.704637 0.872372
vt 0.703504 0.872372
vt 0.702503 0.872372
vt 0.779814 0.897574
vt 0.780817 0.897574
vt 0.781952 0.897574
vt 0.783184 0.897574
vt 0.784476 0.897574
vt 0.785788 0.897574
vt 0.787081 0.897574
vt 0.788314 0.897574
vt 0.789452 0.897574
vt 0.790459 0.897574
vt 0.918568 0.770833
vt 0.924093 0.803875
vt 0.924093 0.819500
vt 0.922800 0.803875
vt 0.922800 0.819500
vt 0.921566 0.803875
vt 0.921566 0.819500
vt 0.920427 0.803875
vt 0.920427 0.819500
vt 0.919419 0.803875
vt 0.919419 0.819500
vt 0.790567 0.896359
vt 0.790567 0.880734
vt 0.791573 0.896359
vt 0.791573 0.880734
vt 0.792711 0.896359
vt 0.792711 0.880734
vt 0.793944 0.896359
vt 0.793944 0.880734
vt 0.795237 0.896359
vt 0.795237 0.880734
vt 0.796549 0.896359
vt 0.796549 0.880734
vt 0.797841 0.896359
vt 0.797841 0.880734
vt 0.799073 0.896359
vt 0.799073 0.880734
vt 0.800208 0.896359
vt 0.800208 0.880734
vt 0.801211 0.896359
vt 0.801211 0.880734
vt 0.575304 0.906250
vt 0.575304 0.890625
vt 0.576305 0.906250
vt 0.576305 0.890625
vt 0.577438 0.906250
vt 0.577438 0.890625
vt 0.578669 0.906250
vt 0.578669 0.890625
vt 0.579960 0.906250
vt 0.579960 0.890625
vt 0.581272 0.906250
vt 0.581272 0.890625
vt 0.582565 0.906250
vt 0.582565 0.890625
vt 0.583800 0.906250
vt 0.583800 0.890625
vt 0.584939 0.906250
vt 0.584939 0.890625
vt 0.585948 0.906250
vt 0.585948 0.890625
vt 0.918905 0.897625
vt 0.918905 0.882000
vt 0.920042 0.897625
vt 0.920042 0.882000
vt 0.921276 0.897625
vt 0.921276 0.882000
vt 0.922569 0.897625
vt 0.922569 0.882000
vt 0.923881 0.897625
vt 0.923881 0.882000
vt 0.925172 0.897625
vt 0.925172 0.882000
vt 0.926404 0.897625
vt 0.926404 0.882000
vt 0.927539 0.897625
vt 0.927539 0.882000
vt 0.928543 0.897625
vt 0.928543 0.882000
vt 0.930063 0.803875
vt 0.930063 0.819500
vt 0.929061 0.803875
vt 0.929061 0.819500
vt 0.927928 0.803875
vt 0.927928 0.819500
vt 0.926696 0.803875
vt 0.926696 0.819500
vt 0.925405 0.803875
vt 0.925405 0.819500
vt 0.921566 0.835125
vt 0.922800 0.835125
vt 0.924093 0.835125
vt 0.925405 0.835125
vt 0.926696 0.835125
vt 0.927928 0.835125
vt 0.929061 0.835125
vt 0.930063 0.835125
vt 0.928543 0.866375
vt 0.927539 0.866375
vt 0.926404 0.866375
vt 0.925172 0.866375
vt 0.923881 0.866375
vt 0.922569 0.866375
vt 0.921276 0.866375
vt 0.920042 0.866375
vt 0.918905 0.866375
vt 0.585948 0.875000
vt 0.584939 0.875000
vt 0.583800 0.875000
vt 0.582565 0.875000
vt 0.581272 0.875000
vt 0.579960 0.875000
vt 0.578669 0.875000
vt 0.577438 0.875000
vt 0.576305 0.875000
vt 0.575304 0.875000
vt 0.801211 0.865109
vt 0.800208 0.865109
vt 0.799073 0.865109
vt 0.797841 0.865109
vt 0.796549 0.865109
vt 0.795237 0.865109
vt 0.793944 0.865109
vt 0.792711 0.865109
vt 0.791573 0.865109
vt 0.790567 0.865109
vt 0.919419 0.835125
vt 0.920427 0.835125
vt 0.925389 0.866375
vt 0.925389 0.850750
vt 0.926682 0.866375
vt 0.926681 0.850750
vt 0.927916 0.866375
vt 0.927916 0.850750
vt 0.929055 0.866375
vt 0.929055 0.850750
vt 0.930063 0.866375
vt 0.930063 0.850750
vt 0.801319 0.896338
vt 0.801319 0.880713
vt 0.802326 0.896338
vt 0.802326 0.880713
vt 0.803463 0.896338
vt 0.803463 0.880713
vt 0.804697 0.896338
vt 0.804697 0.880713
vt 0.805990 0.896338
vt 0.805990 0.880713
vt 0.807302 0.896338
vt 0.807302 0.880713
vt 0.808593 0.896338
vt 0.808593 0.880713
vt 0.809825 0.896338
vt 0.809825 0.880713
vt 0.810960 0.896338
vt 0.810960 0.880713
vt 0.811964 0.896338
vt 0.811964 0.880713
vt 0.574302 0.875000
vt 0.574302 0.890625
vt 0.573169 0.875000
vt 0.573169 0.890625
vt 0.571938 0.875000
vt 0.571938 0.890625
vt 0.570647 0.875000
vt 0.570647 0.890625
vt 0.569335 0.875000
vt 0.569335 0.890625
vt 0.568042 0.875000
vt 0.568042 0.890625
vt 0.566807 0.875000
vt 0.566807 0.890625
vt 0.565668 0.875000
vt 0.565668 0.890625
vt 0.564659 0.875000
vt 0.564659 0.890625
vt 0.769061 0.897595
vt 0.769061 0.881970
vt 0.770068 0.897595
vt 0.770068 0.881970
vt 0.771205 0.897595
vt 0.771205 0.881970
vt 0.772439 0.897595
vt 0.772439 0.881970
vt 0.773732 0.897595
vt 0.773732 0.881970
vt 0.775044 0.897595
vt 0.775044 0.881970
vt 0.776335 0.897595
vt 0.776335 0.881970
vt 0.777567 0.897595
vt 0.777567 0.881970
vt 0.778702 0.897595
vt 0.778702 0.881970
vt 0.779706 0.897595
vt 0.779706 0.881970
vt 0.919419 0.866375
vt 0.919419 0.850750
vt 0.920420 0.866375
vt 0.920420 0.850750
vt 0.921554 0.866375
vt 0.921554 0.850750
vt 0.922785 0.866375
vt 0.922785 0.850750
vt 0.924077 0.866375
vt 0.924077 0.850750
vt 0.927916 0.835125
vt 0.926681 0.835125
vt 0.925389 0.835125
vt 0.924077 0.835125
vt 0.922785 0.835125
vt 0.921554 0.835125
vt 0.920420 0.835125
vt 0.919419 0.835125
vt 0.779706 0.866345
vt 0.778702 0.866345
vt 0.777567 0.866345
vt 0.776335 0.866345
vt 0.775044 0.866345
vt 0.773732 0.866345
vt 0.772439 0.866345
vt 0.771205 0.866345
vt 0.770068 0.866345
vt 0.769061 0.866345
vt 0.564659 0.906250
vt 0.565668 0.906250
vt 0.566807 0.906250
vt 0.568042 0.906250
vt 0.569335 0.906250
vt 0.570647 0.906250
vt 0.571938 0.906250
vt 0.573169 0.906250
vt 0.574302 0.906250
vt 0.811964 0.865088
vt 0.810960 0.865088
vt 0.809825 0.865088
vt 0.808593 0.865088
vt 0.807302 0.865088
vt 0.805990 0.865088
vt 0.804697 0.865088
vt 0.803463 0.865088
vt 0.802326 0.865088
vt 0.801319 0.865088
vt 0.929055 0.835125
vt 0.594475 0.895833
vt 0.594475 0.875000
vt 0.596322 0.895833
vt 0.596322 0.875000
vt 0.598086 0.895833
vt 0.598086 0.875000
vt 0.599714 0.895833
vt 0.599714 0.875000
vt 0.601155 0.895833
vt 0.601155 0.875000
vt 0.891160 0.687500
vt 0.891160 0.708333
vt 0.889722 0.687500
vt 0.889722 0.708333
vt 0.888097 0.687500
vt 0.888097 0.708333
vt 0.886335 0.687500
vt 0.886335 0.708333
vt 0.884488 0.687500
vt 0.884488 0.708333
vt 0.882614 0.687500
vt 0.882614 0.708333
vt 0.880769 0.687500
vt 0.880769 0.708333
vt 0.879009 0.687500
vt 0.879009 0.708333
vt 0.877387 0.687500
vt 0.877387 0.708333
vt 0.875954 0.687500
vt 0.875954 0.708333
vt 0.906367 0.708333
vt 0.906367 0.687500
vt 0.907798 0.708333
vt 0.907798 0.687500
vt 0.909418 0.708333
vt 0.909418 0.687500
vt 0.911177 0.708333
vt 0.911177 0.687500
vt 0.913021 0.708333
vt 0.913021 0.687500
vt 0.914896 0.708333
vt 0.914896 0.687500
vt 0.916743 0.708333
vt 0.916743 0.687500
vt 0.918506 0.708333
vt 0.918506 0.687500
vt 0.920133 0.708333
vt 0.920133 0.687500
vt 0.921573 0.708333
vt 0.921573 0.687500
vt 0.892599 0.708333
vt 0.892599 0.687500
vt 0.894223 0.708333
vt 0.894223 0.687500
vt 0.895986 0.708333
vt 0.895986 0.687500
vt 0.897832 0.708333
vt 0.897832 0.687500
vt 0.899707 0.708333
vt 0.899707 0.687500
vt 0.901552 0.708333
vt 0.901552 0.687500
vt 0.903312 0.708333
vt 0.903312 0.687500
vt 0.904933 0.708333
vt 0.904933 0.687500
vt 0.585948 0.895833
vt 0.585948 0.875000
vt 0.587379 0.895833
vt 0.587379 0.875000
vt 0.588998 0.895833
vt 0.588998 0.875000
vt 0.590756 0.895833
vt 0.590756 0.875000
vt 0.592601 0.895833
vt 0.592601 0.875000
vt 0.000000 0.687500
vt 0.000000 0.000000
vt 0.010753 0.677083
vt 0.010753 0.010417
vt 0.483871 0.000000
vt 0.473118 0.010417
vt 0.978495 0.664749
vt 0.978495 0.000000
vt 0.989247 0.664749
vt 0.989247 0.000000
vt 0.435484 0.038542
vt 0.435484 0.178125
vt 0.440860 0.212264
vt 0.435353 0.179572
vt 0.434965 0.180975
vt 0.434331 0.182292
vt 0.435484 0.207055
vt 0.433471 0.183482
vt 0.432411 0.184509
vt 0.431183 0.185342
vt 0.429824 0.185956
vt 0.428375 0.186332
vt 0.426882 0.186458
vt 0.315054 0.186458
vt 0.274193 0.186458
vt 0.313560 0.186332
vt 0.312112 0.185956
vt 0.310753 0.185342
vt 0.309524 0.184509
vt 0.308464 0.183482
vt 0.279570 0.181250
vt 0.307604 0.182292
vt 0.306970 0.180975
vt 0.306582 0.179572
vt 0.306451 0.178125
vt 0.279570 0.035417
vt 0.306451 0.038542
vt 0.306582 0.037095
vt 0.306970 0.035691
vt 0.307604 0.034375
vt 0.308464 0.033185
vt 0.274193 0.030208
vt 0.309524 0.032158
vt 0.310753 0.031325
vt 0.312112 0.030711
vt 0.313560 0.030335
vt 0.315054 0.030208
vt 0.426882 0.030208
vt 0.428375 0.030335
vt 0.429824 0.030711
vt 0.431183 0.031325
vt 0.432411 0.032158
vt 0.433471 0.033185
vt 0.434331 0.034375
vt 0.434965 0.035692
vt 0.435353 0.037095
vt 0.017368 0.303892
vt 0.017204 0.302083
vt 0.017368 0.300274
vt 0.017853 0.298521
vt 0.018645 0.296875
vt 0.019720 0.295388
vt 0.041748 0.048587
vt 0.021045 0.294104
vt 0.042979 0.050282
vt 0.022581 0.293062
vt 0.044463 0.051776
vt 0.024279 0.292295
vt 0.046165 0.053033
vt 0.026090 0.291825
vt 0.048045 0.054023
vt 0.027957 0.291667
vt 0.050059 0.054724
vt 0.029824 0.291825
vt 0.118280 0.181250
vt 0.031635 0.292295
vt 0.118280 0.212264
vt 0.033333 0.293062
vt 0.034869 0.294104
vt 0.036194 0.295388
vt 0.037269 0.296875
vt 0.038061 0.298521
vt 0.062238 0.332980
vt 0.060441 0.331853
vt 0.017853 0.305646
vt 0.018645 0.307292
vt 0.040798 0.348812
vt 0.019720 0.308779
vt 0.040153 0.346835
vt 0.021045 0.310063
vt 0.039826 0.344787
vt 0.022581 0.311104
vt 0.039826 0.342713
vt 0.024279 0.311872
vt 0.026090 0.312342
vt 0.040153 0.340664
vt 0.027957 0.312500
vt 0.040798 0.338688
vt 0.029824 0.312342
vt 0.041748 0.336830
vt 0.031635 0.311872
vt 0.042979 0.335134
vt 0.033333 0.311104
vt 0.034869 0.310063
vt 0.044463 0.333640
vt 0.036194 0.308779
vt 0.046165 0.332384
vt 0.037269 0.307292
vt 0.048045 0.331393
vt 0.050059 0.330692
vt 0.038061 0.305646
vt 0.052160 0.330298
vt 0.038546 0.303892
vt 0.054299 0.330218
vt 0.038710 0.302083
vt 0.056425 0.330456
vt 0.058488 0.331005
vt 0.038546 0.300274
vt 0.123656 0.030208
vt 0.056425 0.028373
vt 0.058488 0.028922
vt 0.060441 0.029770
vt 0.062238 0.030897
vt 0.063835 0.032276
vt 0.118280 0.035417
vt 0.065197 0.033876
vt 0.066290 0.035658
vt 0.067090 0.037581
vt 0.067578 0.039600
vt 0.067742 0.041667
vt 0.067578 0.043734
vt 0.067090 0.045752
vt 0.066290 0.047675
vt 0.065197 0.049457
vt 0.063835 0.051057
vt 0.062238 0.052436
vt 0.060441 0.053563
vt 0.058488 0.054411
vt 0.056425 0.054961
vt 0.054299 0.055198
vt 0.052160 0.055119
vt 0.440860 0.390625
vt 0.473118 0.677083
vt 0.440860 0.421875
vt 0.454187 0.641748
vt 0.440860 0.598958
vt 0.453387 0.639825
vt 0.452293 0.638043
vt 0.247847 0.659365
vt 0.249973 0.659127
vt 0.252037 0.658578
vt 0.067578 0.345817
vt 0.067742 0.343750
vt 0.118280 0.390625
vt 0.067578 0.341683
vt 0.067090 0.339664
vt 0.066290 0.337741
vt 0.065197 0.335959
vt 0.063835 0.334360
vt 0.041748 0.350670
vt 0.041748 0.638913
vt 0.040798 0.640771
vt 0.042979 0.637217
vt 0.042979 0.352366
vt 0.044463 0.635724
vt 0.044463 0.353860
vt 0.046165 0.634467
vt 0.046165 0.355116
vt 0.048045 0.633476
vt 0.048045 0.356107
vt 0.050059 0.632776
vt 0.050059 0.356808
vt 0.052160 0.632381
vt 0.052160 0.357202
vt 0.054299 0.632302
vt 0.054299 0.357282
vt 0.056425 0.357044
vt 0.058488 0.356495
vt 0.060441 0.355646
vt 0.062238 0.354520
vt 0.063835 0.353140
vt 0.065197 0.351541
vt 0.066290 0.349759
vt 0.067090 0.347836
vt 0.454675 0.647900
vt 0.454839 0.645833
vt 0.454675 0.643766
vt 0.450932 0.636443
vt 0.449334 0.635064
vt 0.447538 0.633937
vt 0.445585 0.633089
vt 0.443521 0.632539
vt 0.435484 0.604167
vt 0.441395 0.632302
vt 0.439257 0.632381
vt 0.437156 0.632776
vt 0.435142 0.633476
vt 0.433262 0.634467
vt 0.431560 0.635724
vt 0.430076 0.637218
vt 0.428845 0.638913
vt 0.427895 0.640771
vt 0.260639 0.641747
vt 0.259839 0.639825
vt 0.427249 0.642748
vt 0.261126 0.643766
vt 0.426923 0.644797
vt 0.261290 0.645833
vt 0.426923 0.646870
vt 0.261126 0.647900
vt 0.427249 0.648919
vt 0.260639 0.649919
vt 0.427895 0.650895
vt 0.259839 0.651842
vt 0.428845 0.652753
vt 0.258745 0.653624
vt 0.430076 0.654449
vt 0.257384 0.655223
vt 0.431560 0.655943
vt 0.255786 0.656603
vt 0.433262 0.657200
vt 0.253990 0.657730
vt 0.435142 0.658190
vt 0.437156 0.658891
vt 0.439257 0.659286
vt 0.441395 0.659365
vt 0.443521 0.659127
vt 0.445585 0.658578
vt 0.447538 0.657730
vt 0.449334 0.656603
vt 0.450932 0.655223
vt 0.452293 0.653624
vt 0.453387 0.651842
vt 0.454187 0.649919
vt 0.054299 0.028135
vt 0.052160 0.028214
vt 0.050059 0.028609
vt 0.048045 0.029310
vt 0.046165 0.030300
vt 0.044463 0.031557
vt 0.042979 0.033051
vt 0.041748 0.034747
vt 0.040798 0.036605
vt 0.040153 0.038581
vt 0.039826 0.040630
vt 0.039826 0.042703
vt 0.040153 0.044752
vt 0.040798 0.046729
vt 0.067578 0.643766
vt 0.225806 0.598958
vt 0.067742 0.645833
vt 0.233374 0.646870
vt 0.067578 0.647900
vt 0.233701 0.648919
vt 0.067090 0.649919
vt 0.234347 0.650895
vt 0.066290 0.651842
vt 0.235296 0.652753
vt 0.065197 0.653624
vt 0.236527 0.654449
vt 0.063835 0.655223
vt 0.238011 0.655943
vt 0.062238 0.656603
vt 0.239713 0.657200
vt 0.060441 0.657730
vt 0.241594 0.658190
vt 0.058488 0.658578
vt 0.243608 0.658891
vt 0.245709 0.659286
vt 0.067090 0.641747
vt 0.066290 0.639825
vt 0.065197 0.638042
vt 0.123656 0.395833
vt 0.063835 0.636443
vt 0.062238 0.635064
vt 0.060441 0.633937
vt 0.058488 0.633089
vt 0.056425 0.632539
vt 0.040153 0.642748
vt 0.039826 0.644797
vt 0.039826 0.646870
vt 0.040153 0.648919
vt 0.040798 0.650895
vt 0.041748 0.652753
vt 0.042979 0.654449
vt 0.044463 0.655943
vt 0.046165 0.657200
vt 0.048045 0.658190
vt 0.050059 0.658891
vt 0.052160 0.659286
vt 0.054299 0.659365
vt 0.056425 0.659127
vt 0.258745 0.638043
vt 0.257384 0.636443
vt 0.231183 0.604167
vt 0.255786 0.635064
vt 0.253990 0.633937
vt 0.252037 0.633089
vt 0.249973 0.632539
vt 0.247847 0.632302
vt 0.245709 0.632381
vt 0.243608 0.632776
vt 0.241594 0.633476
vt 0.239713 0.634467
vt 0.238011 0.635724
vt 0.236527 0.637217
vt 0.235296 0.638913
vt 0.234347 0.640771
vt 0.233701 0.642748
vt 0.233374 0.644797
vt 0.123656 0.207055
vt 0.123656 0.186458
vt 0.231183 0.416667
vt 0.225806 0.421875
vt 0.435484 0.416667
vt 0.435484 0.395833
vt 0.904256 0.708333
vt 0.904256 0.723958
vt 0.903021 0.708333
vt 0.903021 0.723958
vt 0.901728 0.708333
vt 0.901728 0.723958
vt 0.900416 0.708333
vt 0.900416 0.723958
vt 0.899125 0.708333
vt 0.899125 0.723958
vt 0.897894 0.708333
vt 0.897894 0.723958
vt 0.896760 0.708333
vt 0.896760 0.723958
vt 0.895758 0.708333
vt 0.895758 0.723958
vt 0.895758 0.745833
vt 0.895758 0.761458
vt 0.894755 0.745833
vt 0.894755 0.761458
vt 0.893620 0.745833
vt 0.893620 0.761458
vt 0.892388 0.745833
vt 0.892388 0.761458
vt 0.891096 0.761458
vt 0.891096 0.762500
vt 0.889784 0.762500
vt 0.905394 0.723958
vt 0.905394 0.708333
vt 0.906403 0.723958
vt 0.906403 0.708333
vt 0.875320 0.819500
vt 0.875320 0.803875
vt 0.876326 0.819500
vt 0.876326 0.803875
vt 0.877464 0.819500
vt 0.877464 0.803875
vt 0.878698 0.819500
vt 0.878698 0.803875
vt 0.879990 0.819500
vt 0.879990 0.803875
vt 0.881302 0.819500
vt 0.881302 0.803875
vt 0.882594 0.819500
vt 0.882594 0.803875
vt 0.883826 0.803875
vt 0.883826 0.819500
vt 0.884961 0.803875
vt 0.884961 0.819500
vt 0.885964 0.803875
vt 0.885964 0.819500
vt 0.896609 0.857000
vt 0.896609 0.841375
vt 0.897610 0.841375
vt 0.897610 0.857000
vt 0.898744 0.841375
vt 0.898744 0.857000
vt 0.899975 0.841375
vt 0.899975 0.857000
vt 0.901266 0.841375
vt 0.901266 0.857000
vt 0.902578 0.841375
vt 0.902578 0.857000
vt 0.903871 0.841375
vt 0.903871 0.857000
vt 0.905106 0.841375
vt 0.905106 0.857000
vt 0.906245 0.841375
vt 0.906245 0.857000
vt 0.907253 0.841375
vt 0.907253 0.857000
vt 0.885113 0.761458
vt 0.885113 0.745833
vt 0.886120 0.745833
vt 0.886120 0.761458
vt 0.887258 0.745833
vt 0.887258 0.761458
vt 0.888491 0.745833
vt 0.888491 0.761458
vt 0.889784 0.745833
vt 0.889784 0.761458
vt 0.891096 0.745833
vt 0.902578 0.858041
vt 0.903871 0.858041
vt 0.905106 0.858041
vt 0.906245 0.858041
vt 0.907253 0.858041
vt 0.885113 0.762500
vt 0.886120 0.762500
vt 0.887258 0.762500
vt 0.888491 0.762500
vt 0.901266 0.858041
vt 0.899975 0.858041
vt 0.898744 0.858041
vt 0.897610 0.858041
vt 0.896609 0.858041
vt 0.885964 0.820541
vt 0.884961 0.820541
vt 0.883826 0.820541
vt 0.882594 0.820541
vt 0.881302 0.820541
vt 0.879990 0.820541
vt 0.878698 0.820541
vt 0.877464 0.820541
vt 0.876326 0.820541
vt 0.875320 0.820541
vt 0.906403 0.725000
vt 0.905394 0.725000
vt 0.904256 0.725000
vt 0.903021 0.725000
vt 0.901728 0.725000
vt 0.900416 0.725000
vt 0.899125 0.725000
vt 0.897894 0.725000
vt 0.896760 0.725000
vt 0.895758 0.725000
vt 0.895758 0.762500
vt 0.894755 0.762500
vt 0.893620 0.762500
vt 0.892388 0.762500
vt 0.894462 0.841375
vt 0.894462 0.857000
vt 0.893227 0.841375
vt 0.893227 0.857000
vt 0.891934 0.841375
vt 0.891934 0.857000
vt 0.890622 0.841375
vt 0.890622 0.857000
vt 0.889331 0.841375
vt 0.889331 0.857000
vt 0.888100 0.841375
vt 0.888100 0.857000
vt 0.886966 0.841375
vt 0.886966 0.857000
vt 0.885964 0.841375
vt 0.885964 0.857000
vt 0.874469 0.745833
vt 0.874469 0.730208
vt 0.875472 0.745833
vt 0.875472 0.730208
vt 0.876607 0.745833
vt 0.876607 0.730208
vt 0.877839 0.745833
vt 0.877839 0.730208
vt 0.879131 0.730208
vt 0.879131 0.729167
vt 0.880443 0.729167
vt 0.895601 0.857000
vt 0.895601 0.841375
vt 0.896609 0.857000
vt 0.885113 0.767708
vt 0.885113 0.783333
vt 0.884107 0.767708
vt 0.884107 0.783333
vt 0.882969 0.767708
vt 0.882969 0.783333
vt 0.881736 0.767708
vt 0.881736 0.783333
vt 0.880443 0.767708
vt 0.880443 0.783333
vt 0.879131 0.767708
vt 0.879131 0.783333
vt 0.877839 0.767708
vt 0.877839 0.783333
vt 0.876607 0.783333
vt 0.876607 0.767708
vt 0.875472 0.783333
vt 0.875472 0.767708
vt 0.874469 0.783333
vt 0.874469 0.767708
vt 0.895758 0.761458
vt 0.895758 0.745833
vt 0.896759 0.745833
vt 0.896759 0.761458
vt 0.897893 0.745833
vt 0.897893 0.761458
vt 0.899124 0.745833
vt 0.899124 0.761458
vt 0.900415 0.745833
vt 0.900415 0.761458
vt 0.901727 0.745833
vt 0.901727 0.761458
vt 0.903020 0.745833
vt 0.903020 0.761458
vt 0.904255 0.745833
vt 0.904255 0.761458
vt 0.905394 0.745833
vt 0.905394 0.761458
vt 0.906403 0.745833
vt 0.906403 0.761458
vt 0.885113 0.730208
vt 0.884107 0.745833
vt 0.884107 0.730208
vt 0.882969 0.745833
vt 0.882969 0.730208
vt 0.881735 0.745833
vt 0.881735 0.730208
vt 0.880443 0.745833
vt 0.880443 0.730208
vt 0.879131 0.745833
vt 0.901727 0.762500
vt 0.903020 0.762500
vt 0.904255 0.762500
vt 0.905394 0.762500
vt 0.906403 0.762500
vt 0.885113 0.729167
vt 0.884107 0.729167
vt 0.882969 0.729167
vt 0.881735 0.729167
vt 0.900415 0.762500
vt 0.899124 0.762500
vt 0.897893 0.762500
vt 0.896759 0.762500
vt 0.895758 0.762500
vt 0.874469 0.766667
vt 0.875472 0.766667
vt 0.876607 0.766667
vt 0.877839 0.766667
vt 0.879131 0.766667
vt 0.880443 0.766667
vt 0.881736 0.766667
vt 0.882969 0.766667
vt 0.884107 0.766667
vt 0.885113 0.766667
vt 0.896609 0.858041
vt 0.895601 0.858041
vt 0.894462 0.858041
vt 0.893227 0.858041
vt 0.891934 0.858041
vt 0.890622 0.858041
vt 0.889331 0.858041
vt 0.888100 0.858041
vt 0.886966 0.858041
vt 0.885964 0.858041
vt 0.874469 0.729167
vt 0.875472 0.729167
vt 0.876607 0.729167
vt 0.877839 0.729167
vt 0.483871 0.687500
vt 0.967742 0.664839
vt 0.967742 0.000000
vt 0.978494 0.664839
vt 0.978494 0.000000
vt 1.000000 0.452551
vt 1.000000 0.905092
vt 0.989247 0.452551
vt 0.989247 0.905092
vt 0.520401 0.843750
vt 0.520401 0.864583
vt 0.518380 0.843750
vt 0.518380 0.864583
vt 0.516275 0.843750
vt 0.516275 0.864583
vt 0.514135 0.864583
vt 0.522291 0.843750
vt 0.522291 0.864583
vt 0.524007 0.843750
vt 0.524007 0.864583
vt 0.875954 0.687500
vt 0.875954 0.708333
vt 0.874419 0.708333
vt 0.874419 0.687500
vt 0.872674 0.708333
vt 0.872674 0.687500
vt 0.870760 0.708333
vt 0.870760 0.687500
vt 0.868723 0.708333
vt 0.868723 0.687500
vt 0.866609 0.708333
vt 0.866609 0.687500
vt 0.864469 0.708333
vt 0.864469 0.687500
vt 0.862353 0.708333
vt 0.862353 0.687500
vt 0.860309 0.708333
vt 0.860309 0.687500
vt 0.858387 0.708333
vt 0.858387 0.687500
vt 0.856631 0.708333
vt 0.856631 0.687500
vt 0.855083 0.708333
vt 0.855083 0.687500
vt 0.407795 0.864583
vt 0.407795 0.843750
vt 0.409483 0.843750
vt 0.409483 0.864583
vt 0.411352 0.843750
vt 0.411352 0.864583
vt 0.413358 0.843750
vt 0.413358 0.864583
vt 0.415455 0.843750
vt 0.415455 0.864583
vt 0.417592 0.843750
vt 0.417592 0.864583
vt 0.419721 0.843750
vt 0.419721 0.864583
vt 0.421790 0.843750
vt 0.421790 0.864583
vt 0.423752 0.843750
vt 0.423752 0.864583
vt 0.425561 0.843750
vt 0.425561 0.864583
vt 0.427174 0.843750
vt 0.427174 0.864583
vt 0.874469 0.708333
vt 0.874469 0.729167
vt 0.872824 0.729167
vt 0.872824 0.708333
vt 0.870989 0.729167
vt 0.870989 0.708333
vt 0.869008 0.729167
vt 0.869008 0.708333
vt 0.866926 0.729167
vt 0.866926 0.708333
vt 0.864793 0.729167
vt 0.864793 0.708333
vt 0.862659 0.729167
vt 0.862659 0.708333
vt 0.860573 0.729167
vt 0.860573 0.708333
vt 0.858584 0.729167
vt 0.858584 0.708333
vt 0.856740 0.729167
vt 0.856740 0.708333
vt 0.855083 0.729167
vt 0.504643 0.864583
vt 0.504643 0.843750
vt 0.506226 0.843750
vt 0.506226 0.864583
vt 0.508011 0.843750
vt 0.508011 0.864583
vt 0.509954 0.843750
vt 0.509954 0.864583
vt 0.512012 0.843750
vt 0.512012 0.864583
vt 0.514135 0.843750
vt 0.469522 0.864583
vt 0.469522 0.843750
vt 0.471543 0.864583
vt 0.471543 0.843750
vt 0.473648 0.864583
vt 0.473648 0.843750
vt 0.475787 0.843750
vt 0.467631 0.864583
vt 0.467631 0.843750
vt 0.465916 0.864583
vt 0.465916 0.843750
vt 0.854448 0.803875
vt 0.854448 0.824708
vt 0.852913 0.824708
vt 0.852913 0.803875
vt 0.851168 0.824708
vt 0.851168 0.803875
vt 0.849255 0.824708
vt 0.849255 0.803875
vt 0.847217 0.824708
vt 0.847217 0.803875
vt 0.845104 0.824708
vt 0.845104 0.803875
vt 0.842964 0.824708
vt 0.842964 0.803875
vt 0.840847 0.824708
vt 0.840847 0.803875
vt 0.838804 0.824708
vt 0.838804 0.803875
vt 0.836882 0.824708
vt 0.836882 0.803875
vt 0.835126 0.824708
vt 0.835126 0.803875
vt 0.833577 0.824708
vt 0.713147 0.855513
vt 0.713147 0.834679
vt 0.714835 0.834679
vt 0.714835 0.855513
vt 0.716704 0.834679
vt 0.716704 0.855513
vt 0.718710 0.834679
vt 0.718710 0.855513
vt 0.720807 0.834679
vt 0.720807 0.855513
vt 0.722944 0.834679
vt 0.722944 0.855513
vt 0.725073 0.834679
vt 0.725073 0.855513
vt 0.727142 0.834679
vt 0.727142 0.855513
vt 0.729105 0.834679
vt 0.729105 0.855513
vt 0.730913 0.834679
vt 0.730913 0.855513
vt 0.732526 0.834679
vt 0.732526 0.855513
vt 0.855083 0.770833
vt 0.855083 0.750000
vt 0.856728 0.750000
vt 0.856728 0.770833
vt 0.858562 0.750000
vt 0.858562 0.770833
vt 0.860544 0.750000
vt 0.860544 0.770833
vt 0.862625 0.750000
vt 0.862625 0.770833
vt 0.864758 0.750000
vt 0.864758 0.770833
vt 0.866893 0.750000
vt 0.866893 0.770833
vt 0.868979 0.750000
vt 0.868979 0.770833
vt 0.870967 0.750000
vt 0.870967 0.770833
vt 0.872812 0.750000
vt 0.872812 0.770833
vt 0.874469 0.750000
vt 0.874469 0.770833
vt 0.485280 0.843750
vt 0.485280 0.864583
vt 0.483697 0.864583
vt 0.483697 0.843750
vt 0.481912 0.864583
vt 0.481912 0.843750
vt 0.479968 0.864583
vt 0.479968 0.843750
vt 0.477911 0.864583
vt 0.477911 0.843750
vt 0.475787 0.864583
vt 0.462311 0.843750
vt 0.462311 0.864583
vt 0.460289 0.843750
vt 0.460289 0.864583
vt 0.458184 0.843750
vt 0.458184 0.864583
vt 0.456045 0.864583
vt 0.464201 0.843750
vt 0.464201 0.864583
vt 0.465916 0.843750
vt 0.854448 0.824708
vt 0.854448 0.845541
vt 0.852913 0.845541
vt 0.852913 0.824708
vt 0.851168 0.845541
vt 0.851168 0.824708
vt 0.849255 0.845541
vt 0.849255 0.824708
vt 0.847217 0.845541
vt 0.847217 0.824708
vt 0.845104 0.845541
vt 0.845104 0.824708
vt 0.842964 0.845541
vt 0.842964 0.824708
vt 0.840847 0.845541
vt 0.840847 0.824708
vt 0.838804 0.845541
vt 0.838804 0.824708
vt 0.836882 0.845541
vt 0.836882 0.824708
vt 0.835126 0.845541
vt 0.833577 0.845541
vt 0.833577 0.824708
vt 0.427174 0.864583
vt 0.427174 0.843750
vt 0.428862 0.843750
vt 0.428862 0.864583
vt 0.430731 0.843750
vt 0.430731 0.864583
vt 0.432737 0.843750
vt 0.432737 0.864583
vt 0.434834 0.843750
vt 0.434834 0.864583
vt 0.436971 0.843750
vt 0.436971 0.864583
vt 0.439100 0.843750
vt 0.439100 0.864583
vt 0.441169 0.843750
vt 0.441169 0.864583
vt 0.443131 0.843750
vt 0.443131 0.864583
vt 0.444940 0.843750
vt 0.444940 0.864583
vt 0.446553 0.843750
vt 0.446553 0.864583
vt 0.872824 0.750000
vt 0.870989 0.750000
vt 0.869008 0.750000
vt 0.869008 0.729167
vt 0.866926 0.750000
vt 0.864793 0.750000
vt 0.864793 0.729167
vt 0.862659 0.750000
vt 0.860573 0.750000
vt 0.860573 0.729167
vt 0.858584 0.750000
vt 0.856740 0.750000
vt 0.446553 0.843750
vt 0.448136 0.843750
vt 0.448136 0.864583
vt 0.449920 0.843750
vt 0.449920 0.864583
vt 0.451864 0.843750
vt 0.451864 0.864583
vt 0.453922 0.843750
vt 0.453922 0.864583
vt 0.456045 0.843750
vt 0.501038 0.843750
vt 0.501038 0.864583
vt 0.499016 0.843750
vt 0.499016 0.864583
vt 0.496911 0.843750
vt 0.496911 0.864583
vt 0.494772 0.864583
vt 0.502928 0.843750
vt 0.502928 0.864583
vt 0.854448 0.845541
vt 0.854448 0.824708
vt 0.855984 0.824708
vt 0.855984 0.845541
vt 0.857729 0.824708
vt 0.857729 0.845541
vt 0.859642 0.824708
vt 0.859642 0.845541
vt 0.861680 0.824708
vt 0.861680 0.845541
vt 0.863793 0.824708
vt 0.863793 0.845541
vt 0.865933 0.824708
vt 0.865933 0.845541
vt 0.868050 0.824708
vt 0.868050 0.845541
vt 0.870093 0.824708
vt 0.870093 0.845541
vt 0.872015 0.824708
vt 0.872015 0.845541
vt 0.873771 0.824708
vt 0.873771 0.845541
vt 0.875320 0.824708
vt 0.875320 0.845541
vt 0.678739 0.855723
vt 0.678739 0.834889
vt 0.680427 0.834889
vt 0.680427 0.855723
vt 0.682296 0.834889
vt 0.682296 0.855723
vt 0.684302 0.834889
vt 0.684302 0.855723
vt 0.686398 0.834889
vt 0.686398 0.855723
vt 0.688536 0.834889
vt 0.688536 0.855723
vt 0.690664 0.834889
vt 0.690664 0.855723
vt 0.692734 0.834889
vt 0.692734 0.855723
vt 0.694696 0.834889
vt 0.694696 0.855723
vt 0.696505 0.834889
vt 0.696505 0.855723
vt 0.698117 0.834889
vt 0.698117 0.855723
vt 0.831458 0.834267
vt 0.831458 0.855101
vt 0.829813 0.855101
vt 0.829813 0.834267
vt 0.827978 0.855101
vt 0.827978 0.834267
vt 0.825997 0.855101
vt 0.825997 0.834267
vt 0.823915 0.855101
vt 0.823915 0.834267
vt 0.821782 0.855101
vt 0.821782 0.834267
vt 0.819648 0.855101
vt 0.819648 0.834267
vt 0.817562 0.855101
vt 0.817562 0.834267
vt 0.815573 0.855101
vt 0.815573 0.834267
vt 0.813729 0.855101
vt 0.813729 0.834267
vt 0.812072 0.855101
vt 0.812072 0.834267
vt 0.485280 0.864583
vt 0.485280 0.843750
vt 0.486863 0.843750
vt 0.486863 0.864583
vt 0.488647 0.843750
vt 0.488647 0.864583
vt 0.490591 0.843750
vt 0.490591 0.864583
vt 0.492649 0.843750
vt 0.492649 0.864583
vt 0.494772 0.843750
vt 0.539765 0.843750
vt 0.539765 0.864583
vt 0.537743 0.843750
vt 0.537743 0.864583
vt 0.535638 0.843750
vt 0.535638 0.864583
vt 0.533499 0.864583
vt 0.541655 0.843750
vt 0.541655 0.864583
vt 0.543370 0.843750
vt 0.543370 0.864583
vt 0.875320 0.824708
vt 0.873784 0.824708
vt 0.873784 0.803875
vt 0.872040 0.824708
vt 0.872040 0.803875
vt 0.870126 0.824708
vt 0.870126 0.803875
vt 0.868089 0.824708
vt 0.868089 0.803875
vt 0.865975 0.824708
vt 0.865975 0.803875
vt 0.863835 0.824708
vt 0.863835 0.803875
vt 0.861719 0.824708
vt 0.861719 0.803875
vt 0.859675 0.824708
vt 0.859675 0.803875
vt 0.857753 0.824708
vt 0.857753 0.803875
vt 0.855997 0.824708
vt 0.855997 0.803875
vt 0.854448 0.824708
vt 0.854448 0.803875
vt 0.388416 0.864583
vt 0.388416 0.843750
vt 0.390104 0.843750
vt 0.390104 0.864583
vt 0.391973 0.843750
vt 0.391973 0.864583
vt 0.393979 0.843750
vt 0.393979 0.864583
vt 0.396076 0.843750
vt 0.396076 0.864583
vt 0.398213 0.843750
vt 0.398213 0.864583
vt 0.400342 0.843750
vt 0.400342 0.864583
vt 0.402411 0.843750
vt 0.402411 0.864583
vt 0.404373 0.843750
vt 0.404373 0.864583
vt 0.406182 0.843750
vt 0.406182 0.864583
vt 0.874469 0.770833
vt 0.874469 0.791667
vt 0.872824 0.791667
vt 0.872824 0.770833
vt 0.870989 0.791667
vt 0.870989 0.770833
vt 0.869008 0.791667
vt 0.869008 0.770833
vt 0.866926 0.791667
vt 0.866926 0.770833
vt 0.864793 0.791667
vt 0.864793 0.770833
vt 0.862659 0.791667
vt 0.862659 0.770833
vt 0.860573 0.791667
vt 0.860573 0.770833
vt 0.858584 0.791667
vt 0.858584 0.770833
vt 0.856740 0.791667
vt 0.856740 0.770833
vt 0.855083 0.791667
vt 0.855083 0.770833
vt 0.525590 0.843750
vt 0.525590 0.864583
vt 0.527374 0.843750
vt 0.527374 0.864583
vt 0.529318 0.843750
vt 0.529318 0.864583
vt 0.531376 0.843750
vt 0.531376 0.864583
vt 0.533499 0.843750
vt 1.000000 0.000000
vt 1.000000 0.452551
vt 0.989247 0.452551
vt 0.913864 0.514808
vt 0.913978 0.513542
vt 0.967742 0.687500
vt 0.913864 0.512276
vt 0.911828 0.463542
vt 0.911697 0.464989
vt 0.913524 0.511048
vt 0.911309 0.466392
vt 0.912970 0.509896
vt 0.910675 0.467708
vt 0.912217 0.508855
vt 0.909815 0.468898
vt 0.911289 0.507956
vt 0.908755 0.469925
vt 0.910215 0.507227
vt 0.907526 0.470759
vt 0.909026 0.506690
vt 0.906168 0.471372
vt 0.907758 0.506361
vt 0.906451 0.506250
vt 0.904719 0.471748
vt 0.905144 0.506361
vt 0.903225 0.471875
vt 0.903877 0.506690
vt 0.901732 0.471748
vt 0.902688 0.507227
vt 0.900283 0.471372
vt 0.901613 0.507956
vt 0.898924 0.470759
vt 0.900685 0.508855
vt 0.897696 0.469925
vt 0.899933 0.509896
vt 0.896636 0.468898
vt 0.899378 0.511048
vt 0.895776 0.467708
vt 0.899039 0.512276
vt 0.895142 0.466392
vt 0.810638 0.512276
vt 0.894754 0.464989
vt 0.810298 0.511048
vt 0.809744 0.509896
vt 0.810752 0.513542
vt 0.898924 0.513542
vt 0.810638 0.514808
vt 0.899039 0.514808
vt 0.810298 0.516036
vt 0.899378 0.516036
vt 0.809744 0.517188
vt 0.899933 0.517188
vt 0.809744 0.641146
vt 0.899933 0.641146
vt 0.810298 0.642298
vt 0.899378 0.642298
vt 0.810638 0.643525
vt 0.899039 0.643525
vt 0.810752 0.644792
vt 0.898924 0.644792
vt 0.810638 0.646058
vt 0.899039 0.646058
vt 0.810298 0.647286
vt 0.899378 0.647286
vt 0.809744 0.648438
vt 0.899933 0.648438
vt 0.808991 0.649479
vt 0.900685 0.649479
vt 0.808064 0.650377
vt 0.901613 0.650377
vt 0.806989 0.651106
vt 0.902688 0.651106
vt 0.805800 0.651644
vt 0.903877 0.651644
vt 0.905144 0.651973
vt 0.906451 0.652083
vt 0.900685 0.518229
vt 0.900685 0.640105
vt 0.901613 0.519127
vt 0.901613 0.639206
vt 0.902688 0.519856
vt 0.902688 0.638477
vt 0.903877 0.520394
vt 0.903877 0.637940
vt 0.905144 0.520723
vt 0.905144 0.637611
vt 0.906451 0.520833
vt 0.906451 0.637500
vt 0.907758 0.637611
vt 0.907758 0.520723
vt 0.909026 0.637940
vt 0.909026 0.520394
vt 0.910215 0.638477
vt 0.910215 0.519856
vt 0.911289 0.639206
vt 0.911289 0.519127
vt 0.912217 0.518229
vt 0.912217 0.640105
vt 0.912970 0.517188
vt 0.912970 0.641146
vt 0.913524 0.642298
vt 0.913864 0.643525
vt 0.913978 0.644792
vt 0.913864 0.646058
vt 0.913524 0.647286
vt 0.912970 0.648438
vt 0.912217 0.649479
vt 0.911289 0.650377
vt 0.910215 0.651106
vt 0.909026 0.651644
vt 0.907758 0.651973
vt 0.913524 0.516036
vt 0.894623 0.463542
vt 0.808991 0.508855
vt 0.894754 0.462095
vt 0.808064 0.507956
vt 0.895142 0.460692
vt 0.806989 0.507227
vt 0.805800 0.506690
vt 0.804533 0.506361
vt 0.737772 0.260565
vt 0.895142 0.310142
vt 0.894754 0.308739
vt 0.738632 0.259375
vt 0.739266 0.258059
vt 0.803225 0.506250
vt 0.801918 0.506361
vt 0.736712 0.261592
vt 0.800651 0.506690
vt 0.735484 0.262425
vt 0.799462 0.507227
vt 0.744510 0.509815
vt 0.745699 0.510352
vt 0.798387 0.507956
vt 0.746773 0.511081
vt 0.797460 0.508855
vt 0.747701 0.511980
vt 0.796707 0.509896
vt 0.748454 0.513021
vt 0.796153 0.511048
vt 0.749008 0.514173
vt 0.795813 0.512276
vt 0.749348 0.515400
vt 0.795699 0.513542
vt 0.749462 0.516667
vt 0.795813 0.514808
vt 0.749348 0.517933
vt 0.796153 0.516036
vt 0.749008 0.519161
vt 0.796707 0.517188
vt 0.748454 0.520312
vt 0.797460 0.518229
vt 0.747701 0.521354
vt 0.798387 0.519127
vt 0.746773 0.522252
vt 0.798387 0.639206
vt 0.746773 0.636081
vt 0.747701 0.636980
vt 0.797460 0.640105
vt 0.748454 0.638021
vt 0.796707 0.641146
vt 0.749008 0.639173
vt 0.796153 0.642298
vt 0.749348 0.640400
vt 0.795813 0.643525
vt 0.749462 0.641667
vt 0.795699 0.644792
vt 0.749348 0.642933
vt 0.795813 0.646058
vt 0.749008 0.644161
vt 0.796153 0.647286
vt 0.748454 0.645312
vt 0.796707 0.648438
vt 0.747701 0.646354
vt 0.797460 0.649479
vt 0.746773 0.647252
vt 0.798387 0.650377
vt 0.745699 0.647981
vt 0.799462 0.651106
vt 0.744510 0.648519
vt 0.800651 0.651644
vt 0.743242 0.648848
vt 0.801918 0.651973
vt 0.741935 0.648958
vt 0.483871 0.687500
vt 0.799462 0.519856
vt 0.799462 0.638477
vt 0.800651 0.520394
vt 0.800651 0.637940
vt 0.801918 0.520723
vt 0.801918 0.637611
vt 0.803225 0.520833
vt 0.803225 0.637500
vt 0.804533 0.637611
vt 0.804533 0.520723
vt 0.805800 0.637940
vt 0.805800 0.520394
vt 0.806989 0.519856
vt 0.806989 0.638477
vt 0.808064 0.519127
vt 0.808064 0.639206
vt 0.808991 0.518229
vt 0.808991 0.640105
vt 0.803225 0.652083
vt 0.804533 0.651973
vt 0.501238 0.387225
vt 0.501075 0.385417
vt 0.483871 0.000000
vt 0.501238 0.383608
vt 0.501724 0.381854
vt 0.502516 0.380208
vt 0.524669 0.338688
vt 0.503591 0.378721
vt 0.524023 0.340664
vt 0.504916 0.377437
vt 0.523697 0.342713
vt 0.506451 0.376396
vt 0.523697 0.344787
vt 0.508150 0.375628
vt 0.509961 0.375158
vt 0.524023 0.346836
vt 0.511828 0.375000
vt 0.524669 0.348812
vt 0.513695 0.375158
vt 0.525619 0.350670
vt 0.515505 0.375628
vt 0.526850 0.352366
vt 0.517204 0.376396
vt 0.528334 0.353860
vt 0.518739 0.377437
vt 0.530036 0.355116
vt 0.520065 0.378721
vt 0.531916 0.356107
vt 0.521140 0.380208
vt 0.533930 0.356808
vt 0.521932 0.381854
vt 0.536031 0.357202
vt 0.522417 0.383608
vt 0.538170 0.357282
vt 0.522580 0.385417
vt 0.540296 0.357044
vt 0.542359 0.356495
vt 0.501724 0.388979
vt 0.502516 0.390625
vt 0.503591 0.392112
vt 0.525619 0.638913
vt 0.504916 0.393396
vt 0.526850 0.637218
vt 0.506451 0.394438
vt 0.528334 0.635724
vt 0.508150 0.395205
vt 0.530036 0.634467
vt 0.509961 0.395675
vt 0.531916 0.633476
vt 0.511828 0.395833
vt 0.533930 0.632776
vt 0.513695 0.395675
vt 0.536031 0.632381
vt 0.515505 0.395205
vt 0.616129 0.516667
vt 0.616243 0.515400
vt 0.517204 0.394438
vt 0.615184 0.464989
vt 0.518739 0.393396
vt 0.615054 0.463542
vt 0.520065 0.392112
vt 0.615184 0.462095
vt 0.521140 0.390625
vt 0.615572 0.460692
vt 0.521932 0.388979
vt 0.546108 0.354520
vt 0.544312 0.355647
vt 0.522417 0.387225
vt 0.551449 0.341683
vt 0.615572 0.310142
vt 0.551613 0.343750
vt 0.616206 0.311458
vt 0.551449 0.345817
vt 0.617066 0.312648
vt 0.618126 0.313675
vt 0.615184 0.308739
vt 0.550961 0.339664
vt 0.615054 0.307292
vt 0.550161 0.337741
vt 0.549068 0.335959
vt 0.615184 0.305845
vt 0.547706 0.334360
vt 0.615572 0.304442
vt 0.546108 0.332980
vt 0.544312 0.331853
vt 0.616206 0.303125
vt 0.542359 0.331005
vt 0.617066 0.301935
vt 0.540296 0.330456
vt 0.540296 0.054961
vt 0.538170 0.330218
vt 0.538170 0.055198
vt 0.536031 0.330298
vt 0.536031 0.055119
vt 0.533930 0.330692
vt 0.533930 0.054724
vt 0.531916 0.331393
vt 0.531916 0.054023
vt 0.530036 0.332384
vt 0.530036 0.053033
vt 0.528334 0.333640
vt 0.528334 0.051776
vt 0.526850 0.335134
vt 0.526850 0.050282
vt 0.525619 0.336830
vt 0.525619 0.048587
vt 0.524669 0.046729
vt 0.524023 0.044752
vt 0.523697 0.042703
vt 0.523697 0.040630
vt 0.524023 0.038581
vt 0.524669 0.036605
vt 0.525619 0.034747
vt 0.526850 0.033051
vt 0.528334 0.031557
vt 0.530036 0.030300
vt 0.531916 0.029310
vt 0.533930 0.028609
vt 0.536031 0.028214
vt 0.538170 0.028135
vt 0.540296 0.028373
vt 0.542359 0.028922
vt 0.725464 0.029310
vt 0.544312 0.029770
vt 0.723584 0.030300
vt 0.546108 0.030897
vt 0.721882 0.031557
vt 0.547706 0.032276
vt 0.720398 0.033051
vt 0.549068 0.033876
vt 0.719167 0.034747
vt 0.550161 0.035658
vt 0.718217 0.036605
vt 0.550961 0.037581
vt 0.717572 0.038581
vt 0.551449 0.039600
vt 0.717245 0.040630
vt 0.551613 0.041667
vt 0.717245 0.042703
vt 0.551449 0.043734
vt 0.717572 0.044752
vt 0.550961 0.045752
vt 0.722580 0.098958
vt 0.550161 0.047675
vt 0.722711 0.100405
vt 0.549068 0.049457
vt 0.623656 0.298958
vt 0.622162 0.299085
vt 0.616206 0.459375
vt 0.547706 0.353140
vt 0.549068 0.351541
vt 0.617066 0.458185
vt 0.550161 0.349759
vt 0.618126 0.457158
vt 0.619355 0.456325
vt 0.550961 0.347836
vt 0.619355 0.314509
vt 0.938545 0.043734
vt 0.938709 0.041667
vt 0.967742 0.000000
vt 0.938545 0.039600
vt 0.938058 0.037581
vt 0.937258 0.035658
vt 0.936164 0.033876
vt 0.934803 0.032277
vt 0.933205 0.030897
vt 0.931409 0.029770
vt 0.929456 0.028922
vt 0.927392 0.028373
vt 0.925266 0.028135
vt 0.923128 0.028214
vt 0.921027 0.028609
vt 0.919013 0.029310
vt 0.737860 0.029770
vt 0.917133 0.030300
vt 0.739657 0.030897
vt 0.915431 0.031557
vt 0.741254 0.032277
vt 0.913947 0.033051
vt 0.742616 0.033876
vt 0.912715 0.034747
vt 0.743710 0.035658
vt 0.911766 0.036605
vt 0.744510 0.037581
vt 0.911120 0.038581
vt 0.744997 0.039600
vt 0.910793 0.040630
vt 0.895776 0.094792
vt 0.910793 0.042703
vt 0.896636 0.093602
vt 0.897696 0.092575
vt 0.911120 0.044752
vt 0.898924 0.091742
vt 0.911766 0.046729
vt 0.900283 0.091128
vt 0.912715 0.048587
vt 0.901732 0.090752
vt 0.903225 0.090625
vt 0.913947 0.050283
vt 0.904719 0.090752
vt 0.915431 0.051776
vt 0.906168 0.091128
vt 0.917133 0.053033
vt 0.907526 0.091742
vt 0.919013 0.054024
vt 0.908755 0.092575
vt 0.921027 0.054724
vt 0.909815 0.093602
vt 0.923128 0.055119
vt 0.910675 0.094792
vt 0.925266 0.055198
vt 0.911309 0.096108
vt 0.927392 0.054961
vt 0.911697 0.097511
vt 0.929456 0.054411
vt 0.931409 0.053563
vt 0.911828 0.098958
vt 0.933205 0.052436
vt 0.911697 0.100405
vt 0.934803 0.051057
vt 0.936164 0.049458
vt 0.937258 0.047675
vt 0.911697 0.253761
vt 0.911309 0.252358
vt 0.911309 0.101809
vt 0.910675 0.103125
vt 0.910675 0.251042
vt 0.909815 0.104315
vt 0.909815 0.249852
vt 0.908755 0.105342
vt 0.908755 0.248825
vt 0.907526 0.106175
vt 0.907527 0.247991
vt 0.906168 0.106789
vt 0.906168 0.247378
vt 0.904719 0.107165
vt 0.904719 0.247002
vt 0.903225 0.107292
vt 0.903225 0.246875
vt 0.901732 0.247002
vt 0.938058 0.045753
vt 0.551449 0.643766
vt 0.616129 0.641667
vt 0.551613 0.645833
vt 0.616243 0.642933
vt 0.551449 0.647900
vt 0.616583 0.644161
vt 0.550961 0.649919
vt 0.617137 0.645312
vt 0.550161 0.651842
vt 0.617890 0.646354
vt 0.549068 0.653624
vt 0.618817 0.647252
vt 0.547706 0.655223
vt 0.619892 0.647981
vt 0.546108 0.656603
vt 0.621081 0.648519
vt 0.544312 0.657730
vt 0.622349 0.648848
vt 0.542359 0.658578
vt 0.623656 0.648958
vt 0.624963 0.648848
vt 0.740628 0.648848
vt 0.739361 0.648519
vt 0.626230 0.648519
vt 0.738172 0.647981
vt 0.627419 0.647981
vt 0.737097 0.647252
vt 0.628494 0.647252
vt 0.736169 0.646354
vt 0.629422 0.646354
vt 0.735417 0.645312
vt 0.630174 0.645312
vt 0.734862 0.644161
vt 0.630729 0.644161
vt 0.734523 0.642933
vt 0.631068 0.642933
vt 0.734408 0.641667
vt 0.631183 0.641667
vt 0.734523 0.640400
vt 0.631068 0.640400
vt 0.734862 0.639173
vt 0.630729 0.639173
vt 0.735417 0.638021
vt 0.630174 0.638021
vt 0.735417 0.520312
vt 0.630174 0.520312
vt 0.734862 0.519161
vt 0.630729 0.519161
vt 0.734523 0.517933
vt 0.631068 0.517933
vt 0.734408 0.516667
vt 0.631183 0.516667
vt 0.734523 0.515400
vt 0.631068 0.515400
vt 0.632127 0.464989
vt 0.631739 0.466392
vt 0.630729 0.514173
vt 0.631105 0.467708
vt 0.630174 0.513021
vt 0.630245 0.468898
vt 0.629422 0.511980
vt 0.629185 0.469925
vt 0.628494 0.511081
vt 0.627957 0.470759
vt 0.627419 0.510352
vt 0.626598 0.471372
vt 0.626230 0.509815
vt 0.625149 0.471748
vt 0.624963 0.509486
vt 0.623656 0.471875
vt 0.623656 0.509375
vt 0.622349 0.509486
vt 0.616243 0.640400
vt 0.550961 0.641747
vt 0.616583 0.639173
vt 0.550161 0.639825
vt 0.617137 0.638021
vt 0.549068 0.638043
vt 0.617890 0.636980
vt 0.617890 0.521354
vt 0.618818 0.522252
vt 0.547706 0.636443
vt 0.617137 0.520312
vt 0.546108 0.635064
vt 0.616583 0.519161
vt 0.544312 0.633937
vt 0.542359 0.633089
vt 0.616243 0.517933
vt 0.540296 0.632539
vt 0.538170 0.632302
vt 0.524669 0.640771
vt 0.524023 0.642748
vt 0.523697 0.644797
vt 0.523697 0.646870
vt 0.524023 0.648919
vt 0.524669 0.650895
vt 0.525619 0.652753
vt 0.526850 0.654449
vt 0.528334 0.655943
vt 0.530036 0.657200
vt 0.531916 0.658190
vt 0.533930 0.658891
vt 0.536031 0.659286
vt 0.538170 0.659365
vt 0.540296 0.659127
vt 0.542359 0.054411
vt 0.618126 0.300908
vt 0.544312 0.053563
vt 0.619355 0.300075
vt 0.546108 0.052436
vt 0.620714 0.299461
vt 0.547706 0.051057
vt 0.745161 0.041667
vt 0.895142 0.096108
vt 0.744997 0.043734
vt 0.894754 0.097511
vt 0.744510 0.045752
vt 0.894623 0.098958
vt 0.739785 0.098958
vt 0.739654 0.100405
vt 0.894754 0.100405
vt 0.739266 0.101809
vt 0.895142 0.101809
vt 0.739266 0.252358
vt 0.895142 0.252358
vt 0.739654 0.253761
vt 0.894754 0.253761
vt 0.739785 0.255208
vt 0.894623 0.255208
vt 0.739654 0.256655
vt 0.894754 0.256655
vt 0.894754 0.305845
vt 0.895142 0.304442
vt 0.895142 0.258059
vt 0.895776 0.259375
vt 0.735907 0.028922
vt 0.733844 0.028373
vt 0.731718 0.028135
vt 0.729579 0.028214
vt 0.727479 0.028609
vt 0.722711 0.097511
vt 0.718217 0.046729
vt 0.723099 0.096108
vt 0.719167 0.048587
vt 0.720398 0.050283
vt 0.723733 0.094792
vt 0.721882 0.051776
vt 0.724593 0.093602
vt 0.723584 0.053033
vt 0.725653 0.092575
vt 0.725464 0.054024
vt 0.726881 0.091741
vt 0.727479 0.054724
vt 0.728240 0.091128
vt 0.729689 0.090752
vt 0.729579 0.055119
vt 0.731183 0.090625
vt 0.731718 0.055198
vt 0.732676 0.090752
vt 0.733844 0.054961
vt 0.734125 0.091128
vt 0.735907 0.054411
vt 0.735484 0.091741
vt 0.737860 0.053563
vt 0.736712 0.092575
vt 0.739657 0.052436
vt 0.737772 0.093602
vt 0.741254 0.051057
vt 0.738632 0.094792
vt 0.742616 0.049457
vt 0.739266 0.096108
vt 0.743710 0.047675
vt 0.739654 0.097511
vt 0.745699 0.635352
vt 0.745699 0.522981
vt 0.744510 0.634815
vt 0.744510 0.523519
vt 0.743242 0.634486
vt 0.743242 0.523848
vt 0.741935 0.634375
vt 0.741935 0.523958
vt 0.740628 0.634486
vt 0.740628 0.523848
vt 0.739361 0.634815
vt 0.739361 0.523519
vt 0.738172 0.635352
vt 0.738172 0.522981
vt 0.737097 0.636081
vt 0.737097 0.522252
vt 0.736169 0.636980
vt 0.736169 0.521354
vt 0.734125 0.263039
vt 0.743242 0.509486
vt 0.732676 0.263415
vt 0.741935 0.509375
vt 0.731183 0.263542
vt 0.740628 0.509486
vt 0.729689 0.263415
vt 0.739361 0.509815
vt 0.728240 0.263039
vt 0.738172 0.510352
vt 0.631739 0.460692
vt 0.737097 0.511081
vt 0.632127 0.462095
vt 0.736169 0.511980
vt 0.735417 0.513021
vt 0.632258 0.463542
vt 0.734862 0.514173
vt 0.629422 0.636980
vt 0.629422 0.521354
vt 0.628494 0.636081
vt 0.628494 0.522252
vt 0.627419 0.635352
vt 0.627419 0.522981
vt 0.626230 0.634815
vt 0.626230 0.523519
vt 0.624963 0.634486
vt 0.624963 0.523848
vt 0.623656 0.634375
vt 0.623656 0.523958
vt 0.622349 0.634486
vt 0.622349 0.523848
vt 0.621081 0.634815
vt 0.621081 0.523519
vt 0.619892 0.635352
vt 0.619892 0.522981
vt 0.618818 0.636081
vt 0.622162 0.471748
vt 0.621081 0.509815
vt 0.620714 0.471372
vt 0.619892 0.510352
vt 0.619355 0.470759
vt 0.618818 0.511081
vt 0.618126 0.469925
vt 0.617890 0.511980
vt 0.617066 0.468898
vt 0.617137 0.513021
vt 0.616206 0.467708
vt 0.616583 0.514173
vt 0.615572 0.466392
vt 0.911828 0.255208
vt 0.911828 0.307292
vt 0.911697 0.305845
vt 0.901732 0.107165
vt 0.900283 0.247378
vt 0.900283 0.106789
vt 0.898924 0.247991
vt 0.898924 0.106175
vt 0.897696 0.248825
vt 0.897696 0.105342
vt 0.896636 0.249852
vt 0.896636 0.104315
vt 0.895776 0.251042
vt 0.895776 0.103125
vt 0.895776 0.303125
vt 0.896636 0.260565
vt 0.896636 0.301935
vt 0.897696 0.261592
vt 0.897696 0.300908
vt 0.898924 0.262425
vt 0.898924 0.300075
vt 0.900283 0.263039
vt 0.900283 0.299461
vt 0.901732 0.263415
vt 0.901732 0.299085
vt 0.903225 0.263542
vt 0.903225 0.298958
vt 0.904719 0.299085
vt 0.904719 0.263415
vt 0.906168 0.299461
vt 0.906168 0.263039
vt 0.907526 0.300075
vt 0.907527 0.262425
vt 0.908755 0.300908
vt 0.908755 0.261592
vt 0.909815 0.301935
vt 0.909815 0.260565
vt 0.910675 0.303125
vt 0.910675 0.259375
vt 0.911309 0.304442
vt 0.911309 0.258059
vt 0.911697 0.256655
vt 0.738632 0.251042
vt 0.738632 0.103125
vt 0.737772 0.104315
vt 0.737772 0.249852
vt 0.736712 0.105342
vt 0.736712 0.248825
vt 0.735484 0.106175
vt 0.735484 0.247991
vt 0.734125 0.106789
vt 0.734125 0.247378
vt 0.732676 0.107165
vt 0.732676 0.247002
vt 0.731183 0.107292
vt 0.731183 0.246875
vt 0.729689 0.247002
vt 0.729689 0.107165
vt 0.728240 0.247378
vt 0.728240 0.106789
vt 0.726881 0.106175
vt 0.726881 0.247991
vt 0.725653 0.105342
vt 0.725653 0.248825
vt 0.724593 0.104315
vt 0.724593 0.249852
vt 0.723733 0.103125
vt 0.723733 0.251042
vt 0.626598 0.299461
vt 0.723099 0.252358
vt 0.627957 0.300075
vt 0.629185 0.300908
vt 0.722711 0.253761
vt 0.630245 0.301935
vt 0.722580 0.255208
vt 0.631105 0.303125
vt 0.631739 0.304442
vt 0.722711 0.256655
vt 0.632127 0.305845
vt 0.723099 0.258059
vt 0.632258 0.307292
vt 0.723733 0.259375
vt 0.724593 0.260565
vt 0.632127 0.308739
vt 0.725653 0.261592
vt 0.631739 0.310142
vt 0.726881 0.262425
vt 0.894623 0.307292
vt 0.723099 0.101809
vt 0.625149 0.299085
vt 0.620714 0.455711
vt 0.620714 0.315122
vt 0.622162 0.455335
vt 0.622162 0.315498
vt 0.623656 0.455208
vt 0.623656 0.315625
vt 0.625149 0.315498
vt 0.626598 0.315122
vt 0.626598 0.455711
vt 0.625149 0.455335
vt 0.627957 0.456325
vt 0.627957 0.314509
vt 0.629185 0.457158
vt 0.629185 0.313675
vt 0.630245 0.312648
vt 0.630245 0.458185
vt 0.631105 0.311458
vt 0.631105 0.459375
vt 0.911697 0.462095
vt 0.911697 0.308739
vt 0.911309 0.310142
vt 0.911309 0.460692
vt 0.910675 0.311458
vt 0.910675 0.459375
vt 0.909815 0.312648
vt 0.909815 0.458185
vt 0.908755 0.313675
vt 0.908755 0.457158
vt 0.907526 0.314509
vt 0.907526 0.456325
vt 0.906168 0.315122
vt 0.906168 0.455711
vt 0.904719 0.315498
vt 0.904719 0.455335
vt 0.903225 0.315625
vt 0.903225 0.455208
vt 0.901732 0.455335
vt 0.901732 0.315498
vt 0.900283 0.455711
vt 0.900283 0.315122
vt 0.898924 0.456325
vt 0.898924 0.314509
vt 0.897696 0.457158
vt 0.897696 0.313675
vt 0.896636 0.458185
vt 0.896636 0.312648
vt 0.895776 0.459375
vt 0.895776 0.311458
vt 0.695943 0.834872
vt 0.695943 0.693865
vt 0.713147 0.834872
vt 0.713147 0.693865
vt 0.695943 0.687500
vt 0.713147 0.687500
vt 0.747556 0.687500
vt 0.747556 0.828290
vt 0.730352 0.687500
vt 0.730352 0.828290
vt 0.747556 0.834677
vt 0.730352 0.834677
vt 0.905106 0.878875
vt 0.903871 0.878875
vt 0.902578 0.878875
vt 0.901266 0.878875
vt 0.899975 0.878875
vt 0.898744 0.878875
vt 0.897610 0.878875
vt 0.896609 0.878875
vt 0.884961 0.841375
vt 0.883826 0.841375
vt 0.882594 0.841375
vt 0.881302 0.841375
vt 0.879990 0.841375
vt 0.878698 0.841375
vt 0.877464 0.841375
vt 0.876326 0.841375
vt 0.875320 0.841375
vt 0.906403 0.745833
vt 0.905394 0.745833
vt 0.904256 0.745833
vt 0.903021 0.745833
vt 0.901728 0.745833
vt 0.900416 0.745833
vt 0.899125 0.745833
vt 0.897894 0.745833
vt 0.896760 0.745833
vt 0.895758 0.745833
vt 0.895758 0.783333
vt 0.894755 0.783333
vt 0.893620 0.783333
vt 0.892388 0.783333
vt 0.891096 0.783333
vt 0.889784 0.783333
vt 0.888491 0.783333
vt 0.887258 0.783333
vt 0.886120 0.783333
vt 0.885113 0.783333
vt 0.907253 0.878875
vt 0.906245 0.878875
vt 0.904255 0.783333
vt 0.903020 0.783333
vt 0.901727 0.783333
vt 0.900415 0.783333
vt 0.899124 0.783333
vt 0.897893 0.783333
vt 0.896759 0.783333
vt 0.895758 0.783333
vt 0.874469 0.745833
vt 0.875472 0.745833
vt 0.876607 0.745833
vt 0.877839 0.745833
vt 0.879131 0.745833
vt 0.880443 0.745833
vt 0.881736 0.745833
vt 0.882969 0.745833
vt 0.884107 0.745833
vt 0.895601 0.878875
vt 0.894462 0.878875
vt 0.893227 0.878875
vt 0.891934 0.878875
vt 0.890622 0.878875
vt 0.889331 0.878875
vt 0.888100 0.878875
vt 0.886966 0.878875
vt 0.885964 0.878875
vt 0.875472 0.708333
vt 0.876607 0.708333
vt 0.877839 0.708333
vt 0.879131 0.708333
vt 0.880443 0.708333
vt 0.881735 0.708333
vt 0.882969 0.708333
vt 0.884107 0.708333
vt 0.885113 0.708333
vt 0.906403 0.783333
vt 0.905394 0.783333
vt 0.883817 0.841375
vt 0.883817 0.860125
vt 0.882583 0.841375
vt 0.882583 0.860125
vt 0.881290 0.841375
vt 0.881290 0.860125
vt 0.879978 0.841375
vt 0.879978 0.860125
vt 0.878686 0.841375
vt 0.878686 0.860125
vt 0.877455 0.841375
vt 0.877455 0.860125
vt 0.876322 0.841375
vt 0.876321 0.860125
vt 0.875320 0.860125
vt 0.895758 0.727083
vt 0.894755 0.708333
vt 0.894755 0.727083
vt 0.893620 0.708333
vt 0.893620 0.727083
vt 0.892388 0.708333
vt 0.892388 0.727083
vt 0.891096 0.708333
vt 0.891096 0.727083
vt 0.889784 0.708333
vt 0.889784 0.727083
vt 0.888491 0.708333
vt 0.888491 0.727083
vt 0.887258 0.708333
vt 0.887258 0.727083
vt 0.886120 0.708333
vt 0.886120 0.727083
vt 0.885113 0.727083
vt 0.554015 0.843750
vt 0.554015 0.862500
vt 0.553006 0.843750
vt 0.553006 0.862500
vt 0.551867 0.843750
vt 0.551867 0.862500
vt 0.550632 0.843750
vt 0.550632 0.862500
vt 0.549339 0.843750
vt 0.549339 0.862500
vt 0.548027 0.843750
vt 0.548027 0.862500
vt 0.546736 0.843750
vt 0.546736 0.862500
vt 0.545505 0.843750
vt 0.545505 0.862500
vt 0.544371 0.843750
vt 0.544371 0.862500
vt 0.543370 0.862500
vt 0.743171 0.834679
vt 0.743171 0.853429
vt 0.742167 0.834679
vt 0.742167 0.853429
vt 0.741032 0.834679
vt 0.741032 0.853429
vt 0.739800 0.834679
vt 0.739800 0.853429
vt 0.738509 0.834679
vt 0.738509 0.853429
vt 0.737197 0.834679
vt 0.737197 0.853429
vt 0.735904 0.834679
vt 0.735904 0.853429
vt 0.734670 0.834679
vt 0.734670 0.853429
vt 0.733533 0.834679
vt 0.733533 0.853429
vt 0.732526 0.853429
vt 0.885964 0.841375
vt 0.885964 0.860125
vt 0.884956 0.841375
vt 0.884956 0.860125
vt 0.549339 0.881250
vt 0.550632 0.881250
vt 0.551867 0.881250
vt 0.553006 0.881250
vt 0.554015 0.881250
vt 0.885113 0.745833
vt 0.886120 0.745833
vt 0.888491 0.745833
vt 0.889784 0.745833
vt 0.891096 0.745833
vt 0.892388 0.745833
vt 0.893620 0.745833
vt 0.875320 0.878875
vt 0.876322 0.878875
vt 0.877455 0.878875
vt 0.878686 0.878875
vt 0.879978 0.878875
vt 0.881290 0.878875
vt 0.882583 0.878875
vt 0.883817 0.878875
vt 0.884956 0.878875
vt 0.885964 0.878875
vt 0.732526 0.872179
vt 0.733533 0.872179
vt 0.734670 0.872179
vt 0.735904 0.872179
vt 0.737197 0.872179
vt 0.738509 0.872179
vt 0.739800 0.872179
vt 0.741032 0.872179
vt 0.742167 0.872179
vt 0.743171 0.872179
vt 0.543370 0.881250
vt 0.544371 0.881250
vt 0.545505 0.881250
vt 0.546736 0.881250
vt 0.548027 0.881250
vt 0.898756 0.841375
vt 0.898756 0.822625
vt 0.899990 0.841375
vt 0.899990 0.822625
vt 0.901283 0.841375
vt 0.901283 0.822625
vt 0.902595 0.841375
vt 0.902595 0.822625
vt 0.903887 0.841375
vt 0.903887 0.822625
vt 0.905118 0.841375
vt 0.905118 0.822625
vt 0.906252 0.841375
vt 0.906252 0.822625
vt 0.907253 0.841375
vt 0.907253 0.822625
vt 0.702503 0.853622
vt 0.703506 0.872372
vt 0.703506 0.853622
vt 0.704641 0.872372
vt 0.704641 0.853622
vt 0.705873 0.872372
vt 0.705873 0.853622
vt 0.707165 0.872372
vt 0.707165 0.853622
vt 0.708477 0.872372
vt 0.708477 0.853622
vt 0.709769 0.872372
vt 0.709769 0.853622
vt 0.711003 0.872372
vt 0.711003 0.853622
vt 0.712141 0.872372
vt 0.712141 0.853622
vt 0.713147 0.872372
vt 0.713147 0.853622
vt 0.564659 0.843750
vt 0.564659 0.862500
vt 0.563650 0.843750
vt 0.563650 0.862500
vt 0.562511 0.843750
vt 0.562511 0.862500
vt 0.561276 0.843750
vt 0.561276 0.862500
vt 0.559983 0.843750
vt 0.559983 0.862500
vt 0.558671 0.843750
vt 0.558671 0.862500
vt 0.557380 0.843750
vt 0.557380 0.862500
vt 0.556149 0.843750
vt 0.556149 0.862500
vt 0.555016 0.843750
vt 0.555016 0.862500
vt 0.896609 0.803875
vt 0.896609 0.822625
vt 0.895605 0.803875
vt 0.895605 0.822625
vt 0.894470 0.803875
vt 0.894470 0.822625
vt 0.893238 0.803875
vt 0.893238 0.822625
vt 0.891947 0.803875
vt 0.891947 0.822625
vt 0.890635 0.803875
vt 0.890635 0.822625
vt 0.889342 0.803875
vt 0.889342 0.822625
vt 0.888108 0.803875
vt 0.888108 0.822625
vt 0.886971 0.803875
vt 0.886971 0.822625
vt 0.885964 0.822625
vt 0.896609 0.841375
vt 0.896609 0.822625
vt 0.897617 0.841375
vt 0.897617 0.822625
vt 0.559983 0.881250
vt 0.561277 0.881250
vt 0.562511 0.881250
vt 0.563650 0.881250
vt 0.564659 0.881250
vt 0.712141 0.834872
vt 0.711003 0.834872
vt 0.709769 0.834872
vt 0.708477 0.834872
vt 0.707165 0.834872
vt 0.705873 0.834872
vt 0.704641 0.834872
vt 0.703506 0.834872
vt 0.702503 0.834872
vt 0.907253 0.803875
vt 0.906252 0.803875
vt 0.905118 0.803875
vt 0.903887 0.803875
vt 0.902595 0.803875
vt 0.901283 0.803875
vt 0.899990 0.803875
vt 0.898756 0.803875
vt 0.897617 0.803875
vt 0.896609 0.803875
vt 0.886971 0.841375
vt 0.888108 0.841375
vt 0.889342 0.841375
vt 0.890635 0.841375
vt 0.891947 0.841375
vt 0.893238 0.841375
vt 0.894470 0.841375
vt 0.895605 0.841375
vt 0.896609 0.841375
vt 0.555016 0.881250
vt 0.556149 0.881250
vt 0.557380 0.881250
vt 0.558671 0.881250
vt 0.695943 0.687500
vt 0.695943 0.828526
vt 0.678739 0.687500
vt 0.678739 0.828526
vt 0.695943 0.834889
vt 0.678739 0.834889
vt 0.730352 0.687500
vt 0.730352 0.828294
vt 0.713147 0.828294
vt 0.730352 0.834679
vt 0.713147 0.834679
vt 0.388416 0.838542
vt 0.403403 0.831771
vt 0.393792 0.843750
vt 0.404155 0.832812
vt 0.405083 0.833711
vt 0.388416 0.692708
vt 0.404155 0.707812
vt 0.404155 0.823438
vt 0.403403 0.824479
vt 0.393792 0.687500
vt 0.403403 0.699479
vt 0.402848 0.700631
vt 0.402509 0.701859
vt 0.544330 0.687500
vt 0.412496 0.696273
vt 0.411228 0.695944
vt 0.409921 0.695833
vt 0.549706 0.692708
vt 0.534719 0.699479
vt 0.533967 0.698438
vt 0.533039 0.697539
vt 0.549706 0.838542
vt 0.533967 0.707812
vt 0.534719 0.706771
vt 0.535274 0.705619
vt 0.544330 0.843750
vt 0.534719 0.831771
vt 0.535274 0.830619
vt 0.535613 0.829391
vt 0.525627 0.834977
vt 0.526894 0.835306
vt 0.528201 0.835417
vt 0.417334 0.701859
vt 0.520788 0.701859
vt 0.417448 0.703125
vt 0.520674 0.703125
vt 0.417334 0.704391
vt 0.520788 0.704391
vt 0.416994 0.705619
vt 0.521128 0.705619
vt 0.416440 0.706771
vt 0.521682 0.706771
vt 0.415687 0.707812
vt 0.522435 0.707812
vt 0.414760 0.708711
vt 0.523363 0.708711
vt 0.414760 0.822539
vt 0.523363 0.822539
vt 0.415687 0.823438
vt 0.522435 0.823438
vt 0.416440 0.824479
vt 0.521682 0.824479
vt 0.416994 0.825631
vt 0.521128 0.825631
vt 0.417334 0.826859
vt 0.520788 0.826859
vt 0.417448 0.828125
vt 0.520674 0.828125
vt 0.417334 0.829391
vt 0.520788 0.829391
vt 0.416994 0.830619
vt 0.521128 0.830619
vt 0.416440 0.831771
vt 0.521682 0.831771
vt 0.415687 0.832812
vt 0.522435 0.832812
vt 0.414760 0.833711
vt 0.523363 0.833711
vt 0.413685 0.834440
vt 0.524437 0.834440
vt 0.412496 0.834977
vt 0.521128 0.700631
vt 0.416994 0.700631
vt 0.521682 0.699479
vt 0.416440 0.699479
vt 0.522435 0.698438
vt 0.415687 0.698438
vt 0.523363 0.697539
vt 0.414760 0.697539
vt 0.524437 0.696810
vt 0.413685 0.696810
vt 0.525627 0.696273
vt 0.408614 0.695944
vt 0.407347 0.696273
vt 0.406158 0.696810
vt 0.405083 0.697539
vt 0.404155 0.698438
vt 0.402395 0.703125
vt 0.402509 0.704391
vt 0.402848 0.705619
vt 0.403403 0.706771
vt 0.405083 0.822539
vt 0.405083 0.708711
vt 0.406158 0.709440
vt 0.406158 0.821810
vt 0.407347 0.709977
vt 0.407347 0.821273
vt 0.408614 0.710306
vt 0.408614 0.820944
vt 0.409921 0.710417
vt 0.409921 0.820833
vt 0.411228 0.820944
vt 0.411228 0.710306
vt 0.412496 0.821273
vt 0.412496 0.709977
vt 0.413685 0.821810
vt 0.413685 0.709440
vt 0.535613 0.704391
vt 0.535728 0.703125
vt 0.535613 0.701859
vt 0.535274 0.700631
vt 0.531964 0.696810
vt 0.530775 0.696273
vt 0.529508 0.695944
vt 0.528201 0.695833
vt 0.526894 0.695944
vt 0.524437 0.709440
vt 0.524437 0.821810
vt 0.525627 0.709977
vt 0.525627 0.821273
vt 0.526894 0.710306
vt 0.526894 0.820944
vt 0.528201 0.710417
vt 0.528201 0.820833
vt 0.529508 0.820944
vt 0.529508 0.710306
vt 0.530775 0.821273
vt 0.530775 0.709977
vt 0.531964 0.821810
vt 0.531964 0.709440
vt 0.533039 0.822539
vt 0.533039 0.708711
vt 0.535728 0.828125
vt 0.535613 0.826859
vt 0.535274 0.825631
vt 0.534719 0.824479
vt 0.533967 0.823438
vt 0.529508 0.835306
vt 0.530775 0.834977
vt 0.531964 0.834440
vt 0.533039 0.833711
vt 0.533967 0.832812
vt 0.402848 0.825631
vt 0.402509 0.826859
vt 0.402395 0.828125
vt 0.402509 0.829391
vt 0.402848 0.830619
vt 0.406158 0.834440
vt 0.407347 0.834977
vt 0.408614 0.835306
vt 0.409921 0.835417
vt 0.411228 0.835306
vt 0.790567 0.693863
vt 0.801319 0.865109
vt 0.801319 0.693863
vt 0.790567 0.687500
vt 0.801319 0.687500
vt 0.758309 0.687500
vt 0.758309 0.878577
vt 0.747556 0.878577
vt 0.758309 0.884963
vt 0.747556 0.884963
vt 0.916114 0.739583
vt 0.916114 0.770833
vt 0.914703 0.739583
vt 0.914703 0.770833
vt 0.913225 0.739583
vt 0.913225 0.770833
vt 0.911726 0.739583
vt 0.911726 0.770833
vt 0.910250 0.739583
vt 0.910250 0.770833
vt 0.908843 0.739583
vt 0.908843 0.770833
vt 0.907548 0.739583
vt 0.907548 0.770833
vt 0.906403 0.739583
vt 0.906403 0.770833
vt 0.857908 0.876791
vt 0.857908 0.845541
vt 0.859055 0.876791
vt 0.859055 0.845541
vt 0.860352 0.876791
vt 0.860352 0.845541
vt 0.861760 0.876791
vt 0.861760 0.845541
vt 0.863236 0.876791
vt 0.863236 0.845541
vt 0.864735 0.876791
vt 0.864735 0.845541
vt 0.866212 0.876791
vt 0.866212 0.845541
vt 0.867622 0.876791
vt 0.867622 0.845541
vt 0.868922 0.876791
vt 0.868922 0.845541
vt 0.870073 0.876791
vt 0.870073 0.845541
vt 0.502412 0.864583
vt 0.502412 0.895833
vt 0.501259 0.864583
vt 0.501259 0.895833
vt 0.499957 0.864583
vt 0.499957 0.895833
vt 0.498546 0.864583
vt 0.498546 0.895833
vt 0.497068 0.864583
vt 0.497068 0.895833
vt 0.495569 0.864583
vt 0.495569 0.895833
vt 0.494093 0.864583
vt 0.494093 0.895833
vt 0.492686 0.864583
vt 0.492686 0.895833
vt 0.491391 0.864583
vt 0.491391 0.895833
vt 0.490247 0.864583
vt 0.490247 0.895833
vt 0.856761 0.845541
vt 0.856761 0.876791
vt 0.855464 0.845541
vt 0.855464 0.876791
vt 0.854056 0.845541
vt 0.854056 0.876791
vt 0.852579 0.845541
vt 0.852579 0.876791
vt 0.851080 0.845541
vt 0.851080 0.876791
vt 0.849603 0.845541
vt 0.849603 0.876791
vt 0.848193 0.845541
vt 0.848193 0.876791
vt 0.846893 0.845541
vt 0.846893 0.876791
vt 0.845743 0.845541
vt 0.845743 0.876791
vt 0.918568 0.739583
vt 0.917415 0.739583
vt 0.917415 0.770833
vt 0.403035 0.895833
vt 0.403035 0.864583
vt 0.404446 0.895833
vt 0.404446 0.864583
vt 0.405924 0.895833
vt 0.405924 0.864583
vt 0.407423 0.895833
vt 0.407423 0.864583
vt 0.408899 0.895833
vt 0.408899 0.864583
vt 0.410306 0.895833
vt 0.410306 0.864583
vt 0.411601 0.895833
vt 0.411601 0.864583
vt 0.412746 0.895833
vt 0.412746 0.864583
vt 0.601155 0.875000
vt 0.601155 0.843750
vt 0.602302 0.875000
vt 0.602302 0.843750
vt 0.603599 0.875000
vt 0.603599 0.843750
vt 0.605007 0.875000
vt 0.605007 0.843750
vt 0.606483 0.875000
vt 0.606483 0.843750
vt 0.607983 0.875000
vt 0.607983 0.843750
vt 0.609460 0.875000
vt 0.609460 0.843750
vt 0.610870 0.875000
vt 0.610870 0.843750
vt 0.612170 0.875000
vt 0.612170 0.843750
vt 0.613320 0.875000
vt 0.613320 0.843750
vt 0.907253 0.835125
vt 0.908406 0.866375
vt 0.908406 0.835125
vt 0.909708 0.866375
vt 0.909708 0.835125
vt 0.911119 0.866375
vt 0.911119 0.835125
vt 0.912597 0.866375
vt 0.912597 0.835125
vt 0.914096 0.866375
vt 0.914096 0.835125
vt 0.915572 0.866375
vt 0.915572 0.835125
vt 0.916979 0.866375
vt 0.916979 0.835125
vt 0.918274 0.866375
vt 0.918274 0.835125
vt 0.637651 0.843750
vt 0.637651 0.875000
vt 0.636504 0.843750
vt 0.636504 0.875000
vt 0.635207 0.843750
vt 0.635207 0.875000
vt 0.633799 0.843750
vt 0.633799 0.875000
vt 0.632322 0.843750
vt 0.632322 0.875000
vt 0.630823 0.843750
vt 0.630823 0.875000
vt 0.629346 0.843750
vt 0.629346 0.875000
vt 0.627936 0.843750
vt 0.627936 0.875000
vt 0.626636 0.843750
vt 0.626636 0.875000
vt 0.625485 0.843750
vt 0.625485 0.875000
vt 0.400581 0.895833
vt 0.400581 0.864583
vt 0.401734 0.895833
vt 0.401734 0.864583
vt 0.916114 0.802083
vt 0.914703 0.802083
vt 0.913225 0.802083
vt 0.911726 0.802083
vt 0.910250 0.802083
vt 0.908843 0.802083
vt 0.907548 0.802083
vt 0.906403 0.802083
vt 0.725312 0.855513
vt 0.725312 0.886763
vt 0.724166 0.855513
vt 0.724166 0.886763
vt 0.722869 0.855513
vt 0.722869 0.886763
vt 0.721461 0.855513
vt 0.721461 0.886763
vt 0.719984 0.855513
vt 0.719984 0.886763
vt 0.718485 0.855513
vt 0.718485 0.886763
vt 0.717008 0.855513
vt 0.717008 0.886763
vt 0.715598 0.855513
vt 0.715598 0.886763
vt 0.714298 0.855513
vt 0.714298 0.886763
vt 0.713147 0.855513
vt 0.713147 0.886763
vt 0.465916 0.864583
vt 0.465916 0.895833
vt 0.464763 0.864583
vt 0.464763 0.895833
vt 0.463462 0.864583
vt 0.463462 0.895833
vt 0.462050 0.864583
vt 0.462050 0.895833
vt 0.460573 0.864583
vt 0.460573 0.895833
vt 0.459073 0.864583
vt 0.459073 0.895833
vt 0.457598 0.864583
vt 0.457598 0.895833
vt 0.456191 0.864583
vt 0.456191 0.895833
vt 0.454895 0.864583
vt 0.454895 0.895833
vt 0.453751 0.864583
vt 0.453751 0.895833
vt 0.625485 0.843750
vt 0.624339 0.843750
vt 0.624339 0.875000
vt 0.623041 0.843750
vt 0.623041 0.875000
vt 0.621633 0.843750
vt 0.621633 0.875000
vt 0.620157 0.843750
vt 0.620157 0.875000
vt 0.618658 0.843750
vt 0.618658 0.875000
vt 0.617181 0.843750
vt 0.617181 0.875000
vt 0.615771 0.843750
vt 0.615771 0.875000
vt 0.614471 0.843750
vt 0.614471 0.875000
vt 0.613320 0.875000
vt 0.917415 0.802083
vt 0.475628 0.864583
vt 0.475628 0.895833
vt 0.474217 0.864583
vt 0.474217 0.895833
vt 0.472739 0.864583
vt 0.472739 0.895833
vt 0.471240 0.864583
vt 0.471240 0.895833
vt 0.469764 0.864583
vt 0.469764 0.895833
vt 0.468357 0.864583
vt 0.468357 0.895833
vt 0.467061 0.864583
vt 0.467061 0.895833
vt 0.588990 0.843750
vt 0.588990 0.875000
vt 0.587843 0.843750
vt 0.587843 0.875000
vt 0.586546 0.843750
vt 0.586546 0.875000
vt 0.585138 0.843750
vt 0.585138 0.875000
vt 0.583662 0.843750
vt 0.583662 0.875000
vt 0.582162 0.843750
vt 0.582162 0.875000
vt 0.580685 0.843750
vt 0.580685 0.875000
vt 0.579275 0.843750
vt 0.579275 0.875000
vt 0.577975 0.843750
vt 0.577975 0.875000
vt 0.576824 0.843750
vt 0.576824 0.875000
vt 0.413899 0.895833
vt 0.413899 0.864583
vt 0.415201 0.895833
vt 0.415201 0.864583
vt 0.416612 0.895833
vt 0.416612 0.864583
vt 0.418090 0.895833
vt 0.418090 0.864583
vt 0.419589 0.895833
vt 0.419589 0.864583
vt 0.421065 0.895833
vt 0.421065 0.864583
vt 0.422472 0.895833
vt 0.422472 0.864583
vt 0.423767 0.895833
vt 0.423767 0.864583
vt 0.424912 0.895833
vt 0.424912 0.864583
vt 0.564659 0.875000
vt 0.564659 0.843750
vt 0.565806 0.875000
vt 0.565806 0.843750
vt 0.567103 0.875000
vt 0.567103 0.843750
vt 0.568511 0.875000
vt 0.568511 0.843750
vt 0.569987 0.875000
vt 0.569987 0.843750
vt 0.571487 0.875000
vt 0.571487 0.843750
vt 0.572964 0.875000
vt 0.572964 0.843750
vt 0.574374 0.875000
vt 0.574374 0.843750
vt 0.575674 0.875000
vt 0.575674 0.843750
vt 0.478081 0.864583
vt 0.478081 0.895833
vt 0.476929 0.864583
vt 0.476929 0.895833
vt 0.812072 0.858723
vt 0.801319 0.858723
vt 0.812072 0.865088
vt 0.758309 0.884959
vt 0.758309 0.693886
vt 0.769061 0.884959
vt 0.769061 0.693886
vt 0.769061 0.687500
vt 0.370793 0.866793
vt 0.370793 0.716540
vt 0.372287 0.866667
vt 0.372287 0.716667
vt 0.373781 0.866793
vt 0.373781 0.716540
vt 0.375229 0.867169
vt 0.375229 0.716164
vt 0.376588 0.867783
vt 0.376588 0.715550
vt 0.377816 0.868616
vt 0.377816 0.714717
vt 0.378877 0.869643
vt 0.378877 0.713690
vt 0.379737 0.870833
vt 0.379737 0.712500
vt 0.380370 0.872150
vt 0.380370 0.711183
vt 0.388416 0.890625
vt 0.388416 0.692708
vt 0.380758 0.709780
vt 0.380889 0.708333
vt 0.369345 0.716164
vt 0.369345 0.867169
vt 0.367986 0.715550
vt 0.367986 0.867783
vt 0.366758 0.714717
vt 0.366758 0.868616
vt 0.365697 0.713690
vt 0.365697 0.869643
vt 0.217586 0.713690
vt 0.217586 0.869643
vt 0.216526 0.714717
vt 0.216526 0.868616
vt 0.215298 0.715550
vt 0.215298 0.867783
vt 0.213939 0.716164
vt 0.213939 0.867169
vt 0.212490 0.716540
vt 0.212490 0.866793
vt 0.210997 0.716667
vt 0.210997 0.866667
vt 0.209503 0.716540
vt 0.209503 0.866793
vt 0.208055 0.716164
vt 0.208055 0.867169
vt 0.206696 0.715550
vt 0.206696 0.867783
vt 0.205467 0.714717
vt 0.205467 0.868616
vt 0.204407 0.713690
vt 0.204407 0.869643
vt 0.203547 0.712500
vt 0.203547 0.870833
vt 0.202913 0.711184
vt 0.202913 0.872150
vt 0.194868 0.692708
vt 0.194868 0.890625
vt 0.202525 0.873553
vt 0.202395 0.875000
vt 0.364837 0.870833
vt 0.218446 0.870833
vt 0.364204 0.872150
vt 0.219080 0.872150
vt 0.363816 0.873553
vt 0.219468 0.873553
vt 0.363685 0.875000
vt 0.219599 0.875000
vt 0.219468 0.876447
vt 0.363816 0.876447
vt 0.219080 0.877850
vt 0.364204 0.877850
vt 0.218446 0.879167
vt 0.364837 0.879167
vt 0.217586 0.880357
vt 0.365697 0.880357
vt 0.216526 0.881384
vt 0.366758 0.881384
vt 0.200244 0.895833
vt 0.383040 0.895833
vt 0.367986 0.882217
vt 0.369345 0.882831
vt 0.370793 0.883207
vt 0.372287 0.883333
vt 0.373781 0.883207
vt 0.375229 0.882831
vt 0.376588 0.882217
vt 0.377816 0.881384
vt 0.378877 0.880357
vt 0.379737 0.879167
vt 0.380370 0.877850
vt 0.380758 0.876447
vt 0.380889 0.875000
vt 0.380758 0.873553
vt 0.202525 0.876447
vt 0.202913 0.877850
vt 0.203547 0.879167
vt 0.204407 0.880357
vt 0.205467 0.881384
vt 0.206696 0.882217
vt 0.208055 0.882831
vt 0.209503 0.883207
vt 0.210997 0.883333
vt 0.212490 0.883207
vt 0.213939 0.882831
vt 0.215298 0.882217
vt 0.373781 0.700127
vt 0.372287 0.700000
vt 0.383040 0.687500
vt 0.370793 0.700127
vt 0.369345 0.700503
vt 0.367986 0.701116
vt 0.366758 0.701950
vt 0.200244 0.687500
vt 0.216526 0.701950
vt 0.215298 0.701117
vt 0.365697 0.702977
vt 0.217586 0.702977
vt 0.364837 0.704167
vt 0.218446 0.704167
vt 0.364204 0.705483
vt 0.219080 0.705483
vt 0.363816 0.706886
vt 0.219468 0.706886
vt 0.363685 0.708333
vt 0.219599 0.708333
vt 0.219468 0.709780
vt 0.363816 0.709780
vt 0.219080 0.711184
vt 0.364204 0.711183
vt 0.218446 0.712500
vt 0.364837 0.712500
vt 0.380758 0.706886
vt 0.380370 0.705483
vt 0.379737 0.704167
vt 0.378877 0.702977
vt 0.377816 0.701950
vt 0.376588 0.701116
vt 0.375229 0.700503
vt 0.212490 0.700127
vt 0.210997 0.700000
vt 0.209503 0.700127
vt 0.208055 0.700503
vt 0.206696 0.701117
vt 0.205467 0.701950
vt 0.204407 0.702977
vt 0.203547 0.704167
vt 0.202913 0.705483
vt 0.202525 0.706886
vt 0.202395 0.708333
vt 0.202525 0.709780
vt 0.213939 0.700503
vt 0.769061 0.866345
vt 0.769061 0.693863
vt 0.779814 0.866345
vt 0.779814 0.693863
vt 0.779814 0.687500
vt 0.989247 0.956393
vt 0.978495 0.956393
vt 0.989247 0.962778
vt 0.978495 0.962778
vt 0.487793 0.864583
vt 0.487793 0.895833
vt 0.486382 0.864583
vt 0.486382 0.895833
vt 0.484904 0.864583
vt 0.484904 0.895833
vt 0.483405 0.864583
vt 0.483405 0.895833
vt 0.481929 0.864583
vt 0.481929 0.895833
vt 0.480522 0.864583
vt 0.480522 0.895833
vt 0.479226 0.864583
vt 0.479226 0.895833
vt 0.690904 0.855723
vt 0.690904 0.886973
vt 0.689757 0.855723
vt 0.689757 0.886973
vt 0.688460 0.855723
vt 0.688460 0.886973
vt 0.687052 0.855723
vt 0.687052 0.886973
vt 0.685576 0.855723
vt 0.685576 0.886973
vt 0.684076 0.855723
vt 0.684076 0.886973
vt 0.682599 0.855723
vt 0.682599 0.886973
vt 0.681189 0.855723
vt 0.681189 0.886973
vt 0.679889 0.855723
vt 0.679889 0.886973
vt 0.678739 0.886973
vt 0.526742 0.864583
vt 0.526742 0.895833
vt 0.525589 0.864583
vt 0.525589 0.895833
vt 0.524287 0.864583
vt 0.524287 0.895833
vt 0.522876 0.864583
vt 0.522876 0.895833
vt 0.521398 0.864583
vt 0.521398 0.895833
vt 0.519899 0.864583
vt 0.519899 0.895833
vt 0.518423 0.864583
vt 0.518423 0.895833
vt 0.517017 0.864583
vt 0.517017 0.895833
vt 0.515721 0.864583
vt 0.515721 0.895833
vt 0.514577 0.864583
vt 0.514577 0.895833
vt 0.674147 0.843750
vt 0.674147 0.875000
vt 0.673000 0.843750
vt 0.673000 0.875000
vt 0.671703 0.843750
vt 0.671703 0.875000
vt 0.670295 0.843750
vt 0.670295 0.875000
vt 0.668818 0.843750
vt 0.668818 0.875000
vt 0.667319 0.843750
vt 0.667319 0.875000
vt 0.665842 0.843750
vt 0.665842 0.875000
vt 0.664432 0.843750
vt 0.664432 0.875000
vt 0.663132 0.843750
vt 0.663132 0.875000
vt 0.661981 0.843750
vt 0.661981 0.875000
vt 0.490247 0.864583
vt 0.490247 0.895833
vt 0.489094 0.864583
vt 0.489094 0.895833
vt 0.427365 0.895833
vt 0.427365 0.864583
vt 0.428776 0.895833
vt 0.428776 0.864583
vt 0.430254 0.895833
vt 0.430254 0.864583
vt 0.431753 0.895833
vt 0.431753 0.864583
vt 0.433229 0.895833
vt 0.433229 0.864583
vt 0.434636 0.895833
vt 0.434636 0.864583
vt 0.435932 0.895833
vt 0.435932 0.864583
vt 0.437077 0.895833
vt 0.437077 0.864583
vt 0.833577 0.876791
vt 0.833577 0.845541
vt 0.834724 0.876791
vt 0.834724 0.845541
vt 0.836021 0.876791
vt 0.836021 0.845541
vt 0.837429 0.876791
vt 0.837429 0.845541
vt 0.838905 0.876791
vt 0.838905 0.845541
vt 0.840405 0.876791
vt 0.840405 0.845541
vt 0.841882 0.876791
vt 0.841882 0.845541
vt 0.843292 0.876791
vt 0.843292 0.845541
vt 0.844592 0.876791
vt 0.844592 0.845541
vt 0.538907 0.864583
vt 0.538907 0.895833
vt 0.537754 0.864583
vt 0.537754 0.895833
vt 0.536453 0.864583
vt 0.536453 0.895833
vt 0.535041 0.864583
vt 0.535041 0.895833
vt 0.533564 0.864583
vt 0.533564 0.895833
vt 0.532064 0.864583
vt 0.532064 0.895833
vt 0.530589 0.864583
vt 0.530589 0.895833
vt 0.529182 0.864583
vt 0.529182 0.895833
vt 0.527887 0.864583
vt 0.527887 0.895833
vt 0.812072 0.886351
vt 0.813219 0.886351
vt 0.813219 0.855101
vt 0.814516 0.886351
vt 0.814516 0.855101
vt 0.815924 0.886351
vt 0.815924 0.855101
vt 0.817400 0.886351
vt 0.817400 0.855101
vt 0.818900 0.886351
vt 0.818900 0.855101
vt 0.820377 0.886351
vt 0.820377 0.855101
vt 0.821787 0.886351
vt 0.821787 0.855101
vt 0.823087 0.886351
vt 0.823087 0.855101
vt 0.824237 0.886351
vt 0.824237 0.855101
vt 0.426064 0.895833
vt 0.426064 0.864583
vt 0.451297 0.864583
vt 0.451297 0.895833
vt 0.449886 0.864583
vt 0.449886 0.895833
vt 0.448409 0.864583
vt 0.448409 0.895833
vt 0.446909 0.864583
vt 0.446909 0.895833
vt 0.445434 0.864583
vt 0.445434 0.895833
vt 0.444026 0.864583
vt 0.444026 0.895833
vt 0.442731 0.864583
vt 0.442731 0.895833
vt 0.441586 0.864583
vt 0.441586 0.895833
vt 0.907549 0.739583
vt 0.907549 0.708333
vt 0.908846 0.739583
vt 0.908846 0.708333
vt 0.910255 0.739583
vt 0.910255 0.708333
vt 0.911731 0.739583
vt 0.911731 0.708333
vt 0.913230 0.739583
vt 0.913230 0.708333
vt 0.914707 0.739583
vt 0.914707 0.708333
vt 0.916117 0.739583
vt 0.916117 0.708333
vt 0.917417 0.739583
vt 0.917417 0.708333
vt 0.918568 0.708333
vt 0.513424 0.864583
vt 0.513424 0.895833
vt 0.512122 0.864583
vt 0.512122 0.895833
vt 0.510711 0.864583
vt 0.510711 0.895833
vt 0.509233 0.864583
vt 0.509233 0.895833
vt 0.507734 0.864583
vt 0.507734 0.895833
vt 0.506258 0.864583
vt 0.506258 0.895833
vt 0.504852 0.864583
vt 0.504852 0.895833
vt 0.503556 0.864583
vt 0.503556 0.895833
vt 0.502412 0.864583
vt 0.502412 0.895833
vt 0.649816 0.875000
vt 0.649816 0.843750
vt 0.650963 0.875000
vt 0.650963 0.843750
vt 0.652260 0.875000
vt 0.652260 0.843750
vt 0.653668 0.875000
vt 0.653668 0.843750
vt 0.655144 0.875000
vt 0.655144 0.843750
vt 0.656644 0.875000
vt 0.656644 0.843750
vt 0.658121 0.875000
vt 0.658121 0.843750
vt 0.659531 0.875000
vt 0.659531 0.843750
vt 0.660831 0.875000
vt 0.660831 0.843750
vt 0.453751 0.895833
vt 0.452599 0.864583
vt 0.452599 0.895833
vt 0.909707 0.835125
vt 0.909707 0.803875
vt 0.911118 0.835125
vt 0.911118 0.803875
vt 0.912596 0.835125
vt 0.912596 0.803875
vt 0.914095 0.835125
vt 0.914095 0.803875
vt 0.915571 0.835125
vt 0.915571 0.803875
vt 0.916978 0.835125
vt 0.916978 0.803875
vt 0.918274 0.835125
vt 0.918274 0.803875
vt 0.588990 0.875000
vt 0.588990 0.843750
vt 0.590137 0.875000
vt 0.590136 0.843750
vt 0.591434 0.875000
vt 0.591434 0.843750
vt 0.592842 0.875000
vt 0.592842 0.843750
vt 0.594318 0.875000
vt 0.594318 0.843750
vt 0.595817 0.875000
vt 0.595817 0.843750
vt 0.597294 0.875000
vt 0.597294 0.843750
vt 0.598704 0.875000
vt 0.598704 0.843750
vt 0.600004 0.875000
vt 0.600004 0.843750
vt 0.601155 0.875000
vt 0.601155 0.843750
vt 0.400581 0.864583
vt 0.399428 0.864583
vt 0.399428 0.895833
vt 0.398127 0.864583
vt 0.398127 0.895833
vt 0.396715 0.864583
vt 0.396715 0.895833
vt 0.395238 0.864583
vt 0.395238 0.895833
vt 0.393738 0.864583
vt 0.393738 0.895833
vt 0.392263 0.864583
vt 0.392263 0.895833
vt 0.390856 0.864583
vt 0.390856 0.895833
vt 0.389561 0.864583
vt 0.389561 0.895833
vt 0.388416 0.895833
vt 0.637651 0.875000
vt 0.637651 0.843750
vt 0.638798 0.875000
vt 0.638798 0.843750
vt 0.640095 0.875000
vt 0.640095 0.843750
vt 0.641503 0.875000
vt 0.641503 0.843750
vt 0.642979 0.875000
vt 0.642979 0.843750
vt 0.644478 0.875000
vt 0.644478 0.843750
vt 0.645956 0.875000
vt 0.645956 0.843750
vt 0.647366 0.875000
vt 0.647366 0.843750
vt 0.648666 0.875000
vt 0.648666 0.843750
vt 0.649816 0.875000
vt 0.649816 0.843750
vt 0.907253 0.803875
vt 0.908406 0.835125
vt 0.908406 0.803875
vt 0.779814 0.693865
vt 0.790567 0.866324
vt 0.790567 0.693865
vt 0.978494 0.664839
vt 0.978494 0.956476
vt 0.967742 0.664839
vt 0.967742 0.956476
vt 0.978494 0.962862
vt 0.967742 0.962862
vt 0.175926 0.987373
vt 0.177419 0.987500
vt 0.189491 1.000000
vt 0.178913 0.987373
vt 0.180361 0.986997
vt 0.181720 0.986383
vt 0.182949 0.985550
vt 0.184009 0.984523
vt 0.184869 0.983333
vt 0.194868 0.994792
vt 0.185503 0.982017
vt 0.185891 0.980614
vt 0.186021 0.979167
vt 0.185891 0.977720
vt 0.185503 0.976316
vt 0.184869 0.975000
vt 0.184869 0.712500
vt 0.185503 0.711183
vt 0.194868 0.692708
vt 0.185891 0.709780
vt 0.186021 0.708333
vt 0.184009 0.713690
vt 0.184009 0.973810
vt 0.182949 0.714717
vt 0.182949 0.972783
vt 0.181720 0.715550
vt 0.181720 0.971950
vt 0.180361 0.716164
vt 0.180361 0.971336
vt 0.178913 0.716540
vt 0.178913 0.970960
vt 0.177419 0.716667
vt 0.177419 0.970833
vt 0.175926 0.716540
vt 0.175926 0.970960
vt 0.174477 0.716164
vt 0.174477 0.971336
vt 0.173118 0.715550
vt 0.173118 0.971950
vt 0.171890 0.714717
vt 0.171890 0.972783
vt 0.170830 0.713690
vt 0.170830 0.973810
vt 0.169970 0.712500
vt 0.169970 0.975000
vt 0.023579 0.712500
vt 0.023579 0.975000
vt 0.022719 0.713690
vt 0.022719 0.973810
vt 0.021658 0.714717
vt 0.021658 0.972783
vt 0.020430 0.715550
vt 0.020430 0.971950
vt 0.019071 0.716164
vt 0.019071 0.971336
vt 0.017623 0.716540
vt 0.017623 0.970960
vt 0.016129 0.716667
vt 0.016129 0.970833
vt 0.014635 0.716540
vt 0.014635 0.970960
vt 0.013187 0.716164
vt 0.013187 0.971336
vt 0.011828 0.715550
vt 0.011828 0.971950
vt 0.010600 0.714717
vt 0.010600 0.972783
vt 0.009539 0.713690
vt 0.009539 0.973810
vt 0.008679 0.712500
vt 0.008679 0.975000
vt 0.008046 0.711183
vt 0.008046 0.976316
vt 0.000000 0.692708
vt 0.000000 0.994792
vt 0.007658 0.977720
vt 0.007527 0.979167
vt 0.024212 0.976316
vt 0.169336 0.976316
vt 0.024601 0.977720
vt 0.168948 0.977720
vt 0.024731 0.979167
vt 0.168817 0.979167
vt 0.168948 0.980614
vt 0.024601 0.980614
vt 0.169336 0.982017
vt 0.024212 0.982017
vt 0.169970 0.983333
vt 0.023579 0.983333
vt 0.170830 0.984523
vt 0.022719 0.984523
vt 0.171890 0.985550
vt 0.021658 0.985550
vt 0.005376 1.000000
vt 0.020430 0.986383
vt 0.019071 0.986997
vt 0.017623 0.987373
vt 0.016129 0.987500
vt 0.014635 0.987373
vt 0.013187 0.986997
vt 0.011828 0.986383
vt 0.010600 0.985550
vt 0.009539 0.984523
vt 0.008679 0.983333
vt 0.008046 0.982017
vt 0.007658 0.980614
vt 0.173118 0.986383
vt 0.174477 0.986997
vt 0.185891 0.706886
vt 0.185503 0.705483
vt 0.184869 0.704167
vt 0.189491 0.687500
vt 0.184009 0.702977
vt 0.182949 0.701950
vt 0.181720 0.701116
vt 0.180361 0.700503
vt 0.178913 0.700127
vt 0.177419 0.700000
vt 0.175926 0.700127
vt 0.174477 0.700503
vt 0.173118 0.701116
vt 0.171890 0.701950
vt 0.005376 0.687500
vt 0.021658 0.701950
vt 0.020430 0.701116
vt 0.022719 0.702977
vt 0.170830 0.702977
vt 0.023579 0.704167
vt 0.169970 0.704167
vt 0.024212 0.705483
vt 0.169336 0.705483
vt 0.024600 0.706886
vt 0.168948 0.706886
vt 0.024731 0.708333
vt 0.168817 0.708333
vt 0.168948 0.709780
vt 0.024600 0.709780
vt 0.169336 0.711183
vt 0.024212 0.711183
vt 0.019071 0.700503
vt 0.017623 0.700127
vt 0.016129 0.700000
vt 0.014635 0.700127
vt 0.013187 0.700503
vt 0.011828 0.701117
vt 0.010600 0.701950
vt 0.009539 0.702977
vt 0.008679 0.704167
vt 0.008046 0.705483
vt 0.007658 0.706886
vt 0.007527 0.708333
vt 0.007658 0.709780
s 0
usemtl Wood-Material
f 1/1/1 2/2/1 3/3/1
f 3/3/1 2/2/1 4/4/1
f 5/5/2 6/6/2 7/7/2
f 7/7/2 6/6/2 8/8/2
f 7/7/3 8/8/3 9/9/3
f 9/9/3 8/8/3 10/10/3
f 9/9/4 10/10/4 11/11/4
f 11/11/4 10/10/4 12/12/4
f 11/11/5 12/12/5 13/13/5
f 13/13/5 12/12/5 14/14/5
f 13/13/6 14/14/6 15/15/6
f 15/15/6 14/14/6 16/16/6
f 15/15/7 16/16/7 17/17/7
f 17/17/7 16/16/7 18/18/7
f 17/19/8 18/20/8 19/21/8
f 19/21/8 18/20/8 20/22/8
f 19/21/9 20/22/9 21/23/9
f 21/23/9 20/22/9 22/24/9
f 21/23/10 22/24/10 3/3/10
f 3/3/10 22/24/10 1/1/10
f 23/25/11 6/6/11 24/26/11
f 24/26/11 6/6/11 5/5/11
f 25/27/12 26/28/12 27/29/12
f 27/29/12 26/28/12 28/30/12
f 27/29/13 28/30/13 29/31/13
f 29/31/13 28/30/13 30/32/13
f 29/31/14 30/32/14 31/33/14
f 31/33/14 30/32/14 32/34/14
f 31/33/15 32/34/15 33/35/15
f 33/35/15 32/34/15 34/36/15
f 33/35/16 34/36/16 35/37/16
f 35/37/16 34/36/16 36/38/16
f 35/37/17 36/38/17 37/39/17
f 37/39/17 36/38/17 38/20/17
f 37/40/18 38/41/18 39/42/18
f 39/42/18 38/41/18 40/43/18
f 39/42/19 40/43/19 41/44/19
f 41/44/19 40/43/19 42/45/19
f 41/44/20 42/45/20 24/26/20
f 24/26/20 42/45/20 23/25/20
f 43/46/21 26/28/21 44/47/21
f 44/47/21 26/28/21 25/27/21
f 45/48/22 46/49/22 47/50/22
f 47/50/22 46/49/22 48/51/22
f 47/50/23 48/51/23 49/52/23
f 49/52/23 48/51/23 50/53/23
f 49/52/24 50/53/24 51/54/24
f 51/54/24 50/53/24 52/55/24
f 51/54/25 52/55/25 53/56/25
f 53/56/25 52/55/25 54/57/25
f 53/56/26 54/57/26 55/58/26
f 55/58/26 54/57/26 56/59/26
f 55/58/27 56/59/27 57/60/27
f 57/60/27 56/59/27 58/61/27
f 57/62/28 58/63/28 59/64/28
f 59/64/28 58/63/28 60/65/28
f 59/64/29 60/65/29 61/66/29
f 61/66/29 60/65/29 62/67/29
f 61/66/30 62/67/30 44/47/30
f 44/47/30 62/67/30 43/46/30
f 63/68/31 46/49/31 64/69/31
f 64/69/31 46/49/31 45/48/31
f 4/4/32 2/2/32 65/70/32
f 65/70/32 2/2/32 66/71/32
f 65/70/33 66/71/33 67/72/33
f 67/72/33 66/71/33 68/73/33
f 67/72/34 68/73/34 69/74/34
f 69/74/34 68/73/34 70/75/34
f 69/74/35 70/75/35 71/76/35
f 71/76/35 70/75/35 72/77/35
f 71/76/36 72/77/36 73/78/36
f 73/78/36 72/77/36 74/79/36
f 73/78/37 74/79/37 75/80/37
f 75/80/37 74/79/37 76/81/37
f 75/39/38 76/82/38 77/83/38
f 77/83/38 76/82/38 78/84/38
f 77/83/39 78/84/39 79/85/39
f 79/85/39 78/84/39 80/86/39
f 79/85/40 80/86/40 64/69/40
f 64/69/40 80/86/40 63/68/40
f 81/87/41 82/88/41 4/89/41
f 4/89/41 82/88/41 83/90/41
f 4/89/41 83/90/41 84/91/41
f 84/91/41 85/92/41 4/89/41
f 4/89/41 85/92/41 86/93/41
f 4/89/41 86/93/41 3/94/41
f 3/94/41 86/93/41 87/95/41
f 3/94/41 87/95/41 88/96/41
f 85/92/41 89/97/41 86/93/41
f 86/93/41 89/97/41 90/98/41
f 90/98/41 89/97/41 91/99/41
f 91/99/41 89/97/41 92/100/41
f 91/99/41 92/100/41 93/101/41
f 93/101/41 92/100/41 94/102/41
f 93/101/41 94/102/41 95/103/41
f 95/103/41 94/102/41 96/104/41
f 95/103/41 96/104/41 97/105/41
f 97/105/41 96/104/41 98/106/41
f 97/105/41 98/106/41 99/107/41
f 99/107/41 98/106/41 100/108/41
f 99/107/41 100/108/41 101/109/41
f 99/107/41 101/109/41 102/110/41
f 102/110/41 101/109/41 103/111/41
f 102/110/41 103/111/41 104/112/41
f 104/112/41 103/111/41 105/113/41
f 104/112/41 105/113/41 106/114/41
f 106/114/41 105/113/41 107/115/41
f 106/114/41 107/115/41 108/116/41
f 108/116/41 107/115/41 109/117/41
f 108/116/41 109/117/41 110/118/41
f 110/118/41 109/117/41 111/119/41
f 110/118/41 111/119/41 112/120/41
f 112/120/41 111/119/41 113/121/41
f 113/121/41 111/119/41 114/122/41
f 113/121/41 114/122/41 115/123/41
f 115/123/41 114/122/41 116/124/41
f 115/123/41 116/124/41 117/125/41
f 117/125/41 116/124/41 118/126/41
f 117/125/41 118/126/41 119/127/41
f 119/127/41 118/126/41 120/128/41
f 119/127/41 120/128/41 121/129/41
f 121/129/41 120/128/41 122/130/41
f 121/129/41 122/130/41 123/131/41
f 111/119/41 109/117/41 124/132/41
f 124/132/41 109/117/41 125/133/41
f 124/132/41 125/133/41 126/134/41
f 126/134/41 125/133/41 127/135/41
f 126/134/41 127/135/41 128/136/41
f 128/136/41 127/135/41 129/137/41
f 128/136/41 129/137/41 130/138/41
f 130/138/41 129/137/41 131/139/41
f 130/138/41 131/139/41 132/140/41
f 132/140/41 131/139/41 133/141/41
f 132/140/41 133/141/41 134/142/41
f 134/142/41 133/141/41 135/143/41
f 134/142/41 135/143/41 136/144/41
f 136/144/41 135/143/41 137/145/41
f 136/144/41 137/145/41 138/146/41
f 138/146/41 137/145/41 139/147/41
f 138/146/41 139/147/41 140/148/41
f 140/148/41 139/147/41 141/149/41
f 140/148/41 141/149/41 142/150/41
f 142/150/41 141/149/41 143/151/41
f 142/150/41 143/151/41 45/152/41
f 45/152/41 143/151/41 64/153/41
f 64/153/41 143/151/41 144/154/41
f 64/153/41 144/154/41 145/155/41
f 145/155/41 146/156/41 64/153/41
f 64/153/41 146/156/41 147/157/41
f 64/153/41 147/157/41 148/158/41
f 148/158/41 149/159/41 64/153/41
f 64/153/41 149/159/41 79/160/41
f 79/160/41 149/159/41 150/161/41
f 79/160/41 150/161/41 77/162/41
f 77/162/41 150/161/41 75/163/41
f 75/163/41 150/161/41 151/164/41
f 75/163/41 151/164/41 73/165/41
f 73/165/41 151/164/41 71/166/41
f 71/166/41 151/164/41 152/167/41
f 71/166/41 152/167/41 69/168/41
f 69/168/41 152/167/41 67/169/41
f 67/169/41 152/167/41 65/170/41
f 65/170/41 152/167/41 153/171/41
f 65/170/41 153/171/41 4/89/41
f 4/89/41 153/171/41 81/87/41
f 121/129/41 123/131/41 154/172/41
f 154/172/41 123/131/41 155/173/41
f 154/172/41 155/173/41 156/174/41
f 156/174/41 155/173/41 157/175/41
f 156/174/41 157/175/41 158/176/41
f 158/176/41 157/175/41 159/177/41
f 158/176/41 159/177/41 160/178/41
f 160/178/41 159/177/41 161/179/41
f 160/178/41 161/179/41 162/180/41
f 162/180/41 161/179/41 163/181/41
f 163/181/41 161/179/41 164/182/41
f 163/181/41 164/182/41 44/183/41
f 44/183/41 164/182/41 165/184/41
f 44/183/41 165/184/41 166/185/41
f 166/185/41 167/186/41 44/183/41
f 44/183/41 167/186/41 168/187/41
f 44/183/41 168/187/41 169/188/41
f 44/183/41 169/188/41 61/189/41
f 61/189/41 169/188/41 170/190/41
f 61/189/41 170/190/41 59/191/41
f 59/191/41 170/190/41 57/192/41
f 57/192/41 170/190/41 55/193/41
f 55/193/41 170/190/41 171/194/41
f 55/193/41 171/194/41 53/195/41
f 53/195/41 171/194/41 51/196/41
f 51/196/41 171/194/41 172/197/41
f 51/196/41 172/197/41 49/198/41
f 49/198/41 172/197/41 47/199/41
f 47/199/41 172/197/41 173/200/41
f 47/199/41 173/200/41 45/152/41
f 45/152/41 173/200/41 174/201/41
f 45/152/41 174/201/41 175/202/41
f 175/202/41 176/203/41 45/152/41
f 45/152/41 176/203/41 177/204/41
f 45/152/41 177/204/41 178/205/41
f 178/205/41 142/150/41 45/152/41
f 88/96/41 179/206/41 3/94/41
f 3/94/41 179/206/41 180/207/41
f 3/94/41 180/207/41 181/208/41
f 3/94/41 181/208/41 21/209/41
f 21/209/41 181/208/41 182/210/41
f 21/209/41 182/210/41 19/211/41
f 19/211/41 182/210/41 17/212/41
f 17/212/41 182/210/41 15/213/41
f 15/213/41 182/210/41 183/214/41
f 15/213/41 183/214/41 13/215/41
f 13/215/41 183/214/41 11/216/41
f 11/216/41 183/214/41 184/217/41
f 11/216/41 184/217/41 9/218/41
f 9/218/41 184/217/41 7/219/41
f 7/219/41 184/217/41 185/220/41
f 7/219/41 185/220/41 5/221/41
f 5/221/41 185/220/41 186/222/41
f 5/221/41 186/222/41 187/223/41
f 187/223/41 188/224/41 5/221/41
f 5/221/41 188/224/41 189/225/41
f 5/221/41 189/225/41 190/226/41
f 190/226/41 191/227/41 5/221/41
f 5/221/41 191/227/41 192/228/41
f 5/221/41 192/228/41 24/229/41
f 24/229/41 192/228/41 193/230/41
f 24/229/41 193/230/41 194/231/41
f 192/228/41 191/227/41 195/232/41
f 195/232/41 191/227/41 196/233/41
f 195/232/41 196/233/41 197/234/41
f 197/234/41 196/233/41 198/235/41
f 197/234/41 198/235/41 199/236/41
f 199/236/41 198/235/41 200/237/41
f 199/236/41 200/237/41 201/238/41
f 201/238/41 200/237/41 202/239/41
f 201/238/41 202/239/41 203/240/41
f 203/240/41 202/239/41 204/241/41
f 203/240/41 204/241/41 205/242/41
f 205/242/41 204/241/41 206/243/41
f 205/242/41 206/243/41 207/244/41
f 207/244/41 206/243/41 208/245/41
f 207/244/41 208/245/41 209/246/41
f 209/246/41 208/245/41 210/247/41
f 209/246/41 210/247/41 211/248/41
f 211/248/41 210/247/41 212/249/41
f 211/248/41 212/249/41 112/120/41
f 112/120/41 212/249/41 110/118/41
f 194/231/41 213/250/41 24/229/41
f 24/229/41 213/250/41 214/251/41
f 24/229/41 214/251/41 215/252/41
f 215/252/41 216/253/41 24/229/41
f 24/229/41 216/253/41 41/254/41
f 41/254/41 216/253/41 217/255/41
f 41/254/41 217/255/41 39/256/41
f 39/256/41 217/255/41 37/257/41
f 37/257/41 217/255/41 218/258/41
f 37/257/41 218/258/41 35/259/41
f 35/259/41 218/258/41 33/260/41
f 33/260/41 218/258/41 219/261/41
f 33/260/41 219/261/41 31/262/41
f 31/262/41 219/261/41 29/263/41
f 29/263/41 219/261/41 27/264/41
f 27/264/41 219/261/41 220/265/41
f 27/264/41 220/265/41 25/266/41
f 25/266/41 220/265/41 221/267/41
f 25/266/41 221/267/41 222/268/41
f 222/268/41 223/269/41 25/266/41
f 25/266/41 223/269/41 224/270/41
f 25/266/41 224/270/41 163/181/41
f 44/183/41 25/266/41 163/181/41
f 81/271/12 225/272/12 82/273/12
f 82/273/42 225/272/42 226/274/42
f 82/273/43 226/274/43 83/275/43
f 83/275/30 226/274/30 227/276/30
f 83/275/29 227/276/29 84/277/29
f 84/277/44 227/276/44 228/278/44
f 84/277/28 228/278/28 85/279/28
f 85/279/28 228/278/28 229/280/28
f 85/281/45 229/282/45 89/283/45
f 89/283/27 229/282/27 230/284/27
f 89/283/26 230/284/26 92/285/26
f 92/285/26 230/284/26 231/286/26
f 92/285/46 231/286/46 94/287/46
f 94/287/25 231/286/25 232/288/25
f 94/287/24 232/288/24 96/289/24
f 96/289/24 232/288/24 233/290/24
f 96/289/23 233/290/23 98/291/23
f 98/291/23 233/290/23 234/292/23
f 98/291/22 234/292/22 100/293/22
f 100/293/22 234/292/22 235/294/22
f 100/293/40 235/294/40 101/295/40
f 101/295/40 235/294/40 236/296/40
f 101/295/39 236/296/39 103/297/39
f 103/297/39 236/296/39 237/298/39
f 103/297/38 237/298/38 105/299/38
f 105/299/38 237/298/38 238/300/38
f 105/301/47 238/302/47 107/303/47
f 107/303/48 238/302/48 239/304/48
f 107/303/36 239/304/36 109/305/36
f 109/305/36 239/304/36 240/306/36
f 109/305/35 240/306/35 125/307/35
f 125/307/35 240/306/35 241/308/35
f 125/307/34 241/308/34 127/309/34
f 127/309/34 241/308/34 242/310/34
f 127/309/33 242/310/33 129/311/33
f 129/311/33 242/310/33 243/312/33
f 129/311/32 243/312/32 131/313/32
f 131/313/32 243/312/32 244/314/32
f 131/313/10 244/314/10 133/315/10
f 133/315/10 244/314/10 245/316/10
f 133/315/9 245/316/9 135/317/9
f 135/317/9 245/316/9 246/318/9
f 135/317/8 246/318/8 137/319/8
f 137/319/8 246/318/8 247/320/8
f 137/321/7 247/322/7 139/323/7
f 139/323/7 247/322/7 248/324/7
f 139/323/6 248/324/6 141/325/6
f 141/325/6 248/324/6 249/326/6
f 141/325/49 249/326/49 143/327/49
f 143/327/50 249/326/50 250/328/50
f 143/327/4 250/328/4 144/329/4
f 144/329/4 250/328/4 251/330/4
f 144/329/3 251/330/3 145/331/3
f 145/331/3 251/330/3 252/332/3
f 145/331/2 252/332/2 146/333/2
f 146/333/2 252/332/2 253/334/2
f 146/333/20 253/334/20 147/335/20
f 147/335/20 253/334/20 254/336/20
f 147/335/19 254/336/19 148/337/19
f 148/337/19 254/336/19 255/338/19
f 148/337/18 255/338/18 149/339/18
f 149/339/18 255/338/18 256/340/18
f 149/341/17 256/342/17 150/343/17
f 150/343/51 256/342/51 257/344/51
f 150/343/16 257/344/16 151/345/16
f 151/345/16 257/344/16 258/346/16
f 151/345/15 258/346/15 152/347/15
f 152/347/52 258/346/52 259/348/52
f 152/347/14 259/348/14 153/349/14
f 153/349/14 259/348/14 260/350/14
f 153/349/53 260/350/53 81/271/53
f 81/271/13 260/350/13 225/272/13
f 261/351/30 227/276/30 262/352/30
f 262/352/43 227/276/43 226/274/43
f 262/352/42 226/274/42 263/353/42
f 263/353/12 226/274/12 225/272/12
f 263/353/13 225/272/13 264/354/13
f 264/354/53 225/272/53 260/350/53
f 264/354/14 260/350/14 265/355/14
f 265/355/14 260/350/14 259/348/14
f 265/355/52 259/348/52 266/356/52
f 266/356/52 259/348/52 258/346/52
f 266/356/16 258/346/16 267/357/16
f 267/357/16 258/346/16 257/344/16
f 267/357/51 257/344/51 268/358/51
f 268/358/17 257/344/17 256/342/17
f 268/359/18 256/340/18 269/360/18
f 269/360/18 256/340/18 255/338/18
f 269/360/19 255/338/19 270/361/19
f 270/361/19 255/338/19 254/336/19
f 270/361/20 254/336/20 271/362/20
f 271/362/20 254/336/20 253/334/20
f 271/362/2 253/334/2 272/363/2
f 272/363/2 253/334/2 252/332/2
f 272/363/3 252/332/3 273/364/3
f 273/364/3 252/332/3 251/330/3
f 273/364/4 251/330/4 274/365/4
f 274/365/4 251/330/4 250/328/4
f 274/365/50 250/328/50 275/366/50
f 275/366/5 250/328/5 249/326/5
f 275/366/6 249/326/6 276/367/6
f 276/367/6 249/326/6 248/324/6
f 276/367/54 248/324/54 277/368/54
f 277/368/7 248/324/7 247/322/7
f 277/369/8 247/320/8 278/370/8
f 278/370/8 247/320/8 246/318/8
f 278/370/9 246/318/9 279/371/9
f 279/371/9 246/318/9 245/316/9
f 279/371/10 245/316/10 280/372/10
f 280/372/55 245/316/55 244/314/55
f 280/372/56 244/314/56 281/373/56
f 281/373/32 244/314/32 243/312/32
f 281/373/33 243/312/33 282/374/33
f 282/374/33 243/312/33 242/310/33
f 282/374/34 242/310/34 283/375/34
f 283/375/34 242/310/34 241/308/34
f 283/375/35 241/308/35 284/376/35
f 284/376/57 241/308/57 240/306/57
f 284/376/36 240/306/36 285/377/36
f 285/377/36 240/306/36 239/304/36
f 285/377/37 239/304/37 286/378/37
f 286/378/47 239/304/47 238/302/47
f 286/379/38 238/300/38 287/380/38
f 287/380/38 238/300/38 237/298/38
f 287/380/39 237/298/39 288/381/39
f 288/381/39 237/298/39 236/296/39
f 288/381/40 236/296/40 289/382/40
f 289/382/40 236/296/40 235/294/40
f 289/382/22 235/294/22 290/383/22
f 290/383/22 235/294/22 234/292/22
f 290/383/23 234/292/23 291/384/23
f 291/384/23 234/292/23 233/290/23
f 291/384/24 233/290/24 292/385/24
f 292/385/24 233/290/24 232/288/24
f 292/385/25 232/288/25 293/386/25
f 293/386/46 232/288/46 231/286/46
f 293/386/26 231/286/26 294/387/26
f 294/387/26 231/286/26 230/284/26
f 294/387/45 230/284/45 295/388/45
f 295/388/45 230/284/45 229/282/45
f 295/389/28 229/280/28 296/390/28
f 296/390/28 229/280/28 228/278/28
f 296/390/44 228/278/44 261/351/44
f 261/351/29 228/278/29 227/276/29
f 88/391/12 297/392/12 179/393/12
f 179/393/12 297/392/12 298/394/12
f 179/393/30 298/394/30 180/395/30
f 180/395/30 298/394/30 299/396/30
f 180/395/29 299/396/29 181/397/29
f 181/397/29 299/396/29 300/398/29
f 181/397/28 300/398/28 182/399/28
f 182/399/28 300/398/28 301/400/28
f 182/401/45 301/402/45 183/403/45
f 183/403/27 301/402/27 302/404/27
f 183/403/26 302/404/26 184/405/26
f 184/405/26 302/404/26 303/406/26
f 184/405/25 303/406/25 185/407/25
f 185/407/58 303/406/58 304/408/58
f 185/407/24 304/408/24 186/409/24
f 186/409/24 304/408/24 305/410/24
f 186/409/23 305/410/23 187/411/23
f 187/411/23 305/410/23 306/412/23
f 187/411/22 306/412/22 188/413/22
f 188/413/59 306/412/59 307/414/59
f 188/413/60 307/414/60 189/415/60
f 189/415/40 307/414/40 308/416/40
f 189/415/39 308/416/39 190/417/39
f 190/417/39 308/416/39 309/418/39
f 190/417/38 309/418/38 191/419/38
f 191/419/38 309/418/38 310/420/38
f 191/421/37 310/422/37 196/423/37
f 196/423/48 310/422/48 311/424/48
f 196/423/36 311/424/36 198/425/36
f 198/425/36 311/424/36 312/426/36
f 198/425/35 312/426/35 200/427/35
f 200/427/35 312/426/35 313/428/35
f 200/427/34 313/428/34 202/429/34
f 202/429/34 313/428/34 314/430/34
f 202/429/33 314/430/33 204/431/33
f 204/431/33 314/430/33 315/432/33
f 204/431/32 315/432/32 206/433/32
f 206/433/32 315/432/32 316/434/32
f 206/433/10 316/434/10 208/435/10
f 208/435/10 316/434/10 317/436/10
f 208/435/9 317/436/9 210/437/9
f 210/437/9 317/436/9 318/438/9
f 210/437/8 318/438/8 212/439/8
f 212/439/8 318/438/8 319/440/8
f 212/399/7 319/441/7 110/442/7
f 110/442/7 319/441/7 320/443/7
f 110/442/6 320/443/6 108/444/6
f 108/444/6 320/443/6 321/445/6
f 108/444/49 321/445/49 106/446/49
f 106/446/50 321/445/50 322/447/50
f 106/446/4 322/447/4 104/448/4
f 104/448/4 322/447/4 323/449/4
f 104/448/3 323/449/3 102/450/3
f 102/450/3 323/449/3 324/451/3
f 102/450/2 324/451/2 99/452/2
f 99/452/61 324/451/61 325/453/61
f 99/452/62 325/453/62 97/454/62
f 97/454/20 325/453/20 326/455/20
f 97/454/19 326/455/19 95/456/19
f 95/456/19 326/455/19 327/457/19
f 95/456/18 327/457/18 93/458/18
f 93/458/18 327/457/18 328/459/18
f 93/458/17 328/460/17 91/461/17
f 91/461/51 328/460/51 329/462/51
f 91/461/16 329/462/16 90/463/16
f 90/463/16 329/462/16 330/464/16
f 90/463/15 330/464/15 86/465/15
f 86/465/52 330/464/52 331/466/52
f 86/465/14 331/466/14 87/467/14
f 87/467/14 331/466/14 332/468/14
f 87/467/13 332/468/13 88/391/13
f 88/391/13 332/468/13 297/392/13
f 333/469/30 299/396/30 334/470/30
f 334/470/30 299/396/30 298/394/30
f 334/470/12 298/394/12 335/471/12
f 335/471/12 298/394/12 297/392/12
f 335/471/13 297/392/13 336/472/13
f 336/472/13 297/392/13 332/468/13
f 336/472/14 332/468/14 337/473/14
f 337/473/14 332/468/14 331/466/14
f 337/473/52 331/466/52 338/345/52
f 338/345/52 331/466/52 330/464/52
f 338/345/16 330/464/16 339/474/16
f 339/474/16 330/464/16 329/462/16
f 339/474/51 329/462/51 340/475/51
f 340/475/17 329/462/17 328/460/17
f 340/476/18 328/459/18 341/477/18
f 341/477/18 328/459/18 327/457/18
f 341/477/19 327/457/19 342/478/19
f 342/478/19 327/457/19 326/455/19
f 342/478/20 326/455/20 343/479/20
f 343/479/62 326/455/62 325/453/62
f 343/479/61 325/453/61 344/480/61
f 344/480/2 325/453/2 324/451/2
f 344/480/3 324/451/3 345/481/3
f 345/481/3 324/451/3 323/449/3
f 345/481/4 323/449/4 346/482/4
f 346/482/4 323/449/4 322/447/4
f 346/482/50 322/447/50 347/483/50
f 347/483/5 322/447/5 321/445/5
f 347/483/6 321/445/6 348/484/6
f 348/484/6 321/445/6 320/443/6
f 348/484/54 320/443/54 349/485/54
f 349/485/7 320/443/7 319/441/7
f 349/486/8 319/440/8 350/487/8
f 350/487/8 319/440/8 318/438/8
f 350/487/9 318/438/9 351/488/9
f 351/488/9 318/438/9 317/436/9
f 351/488/10 317/436/10 352/489/10
f 352/489/55 317/436/55 316/434/55
f 352/489/56 316/434/56 353/490/56
f 353/490/32 316/434/32 315/432/32
f 353/490/33 315/432/33 354/491/33
f 354/491/33 315/432/33 314/430/33
f 354/491/34 314/430/34 355/492/34
f 355/492/34 314/430/34 313/428/34
f 355/492/35 313/428/35 356/493/35
f 356/493/57 313/428/57 312/426/57
f 356/493/36 312/426/36 357/494/36
f 357/494/36 312/426/36 311/424/36
f 357/494/48 311/424/48 358/495/48
f 358/495/37 311/424/37 310/422/37
f 358/496/38 310/420/38 359/497/38
f 359/497/38 310/420/38 309/418/38
f 359/497/39 309/418/39 360/498/39
f 360/498/39 309/418/39 308/416/39
f 360/498/40 308/416/40 361/499/40
f 361/499/60 308/416/60 307/414/60
f 361/499/59 307/414/59 362/500/59
f 362/500/22 307/414/22 306/412/22
f 362/500/23 306/412/23 363/501/23
f 363/501/23 306/412/23 305/410/23
f 363/501/24 305/410/24 364/502/24
f 364/502/24 305/410/24 304/408/24
f 364/502/58 304/408/58 365/503/58
f 365/503/25 304/408/25 303/406/25
f 365/503/26 303/406/26 366/504/26
f 366/504/26 303/406/26 302/404/26
f 366/504/45 302/404/45 367/505/45
f 367/505/45 302/404/45 301/402/45
f 367/506/28 301/400/28 368/277/28
f 368/277/28 301/400/28 300/398/28
f 368/277/29 300/398/29 333/469/29
f 333/469/29 300/398/29 299/396/29
f 132/507/12 369/508/12 130/509/12
f 130/509/12 369/508/12 370/510/12
f 130/509/30 370/510/30 128/511/30
f 128/511/30 370/510/30 371/512/30
f 128/511/29 371/512/29 126/513/29
f 126/513/29 371/512/29 372/514/29
f 126/513/28 372/514/28 124/515/28
f 124/515/28 372/514/28 373/516/28
f 124/517/27 373/518/27 111/519/27
f 111/519/45 373/518/45 374/520/45
f 111/519/26 374/520/26 114/521/26
f 114/521/26 374/520/26 375/522/26
f 114/521/25 375/522/25 116/523/25
f 116/523/25 375/522/25 376/524/25
f 116/523/24 376/524/24 118/525/24
f 118/525/24 376/524/24 377/526/24
f 118/525/23 377/526/23 120/527/23
f 120/527/23 377/526/23 378/528/23
f 120/527/59 378/528/59 122/529/59
f 122/529/59 378/528/59 379/530/59
f 122/529/60 379/530/60 123/531/60
f 123/531/60 379/530/60 380/532/60
f 123/531/39 380/532/39 155/533/39
f 155/533/39 380/532/39 381/534/39
f 155/533/38 381/534/38 157/535/38
f 157/535/38 381/534/38 382/536/38
f 157/537/37 382/538/37 159/539/37
f 159/539/37 382/538/37 383/540/37
f 159/539/36 383/540/36 161/541/36
f 161/541/36 383/540/36 384/542/36
f 161/541/35 384/542/35 164/543/35
f 164/543/57 384/542/57 385/544/57
f 164/543/34 385/544/34 165/545/34
f 165/545/34 385/544/34 386/546/34
f 165/545/33 386/546/33 166/547/33
f 166/547/33 386/546/33 387/548/33
f 166/547/32 387/548/32 167/549/32
f 167/549/32 387/548/32 388/550/32
f 167/549/10 388/550/10 168/551/10
f 168/551/10 388/550/10 389/552/10
f 168/551/9 389/552/9 169/553/9
f 169/553/9 389/552/9 390/554/9
f 169/553/8 390/554/8 170/555/8
f 170/555/8 390/554/8 391/556/8
f 170/388/54 391/282/54 171/557/54
f 171/557/54 391/282/54 392/558/54
f 171/557/6 392/558/6 172/559/6
f 172/559/6 392/558/6 393/560/6
f 172/559/5 393/560/5 173/561/5
f 173/561/5 393/560/5 394/562/5
f 173/561/4 394/562/4 174/563/4
f 174/563/4 394/562/4 395/564/4
f 174/563/3 395/564/3 175/565/3
f 175/565/3 395/564/3 396/566/3
f 175/565/2 396/566/2 176/567/2
f 176/567/2 396/566/2 397/568/2
f 176/567/20 397/568/20 177/569/20
f 177/569/20 397/568/20 398/570/20
f 177/569/19 398/570/19 178/571/19
f 178/571/19 398/570/19 399/572/19
f 178/571/18 399/572/18 142/573/18
f 142/573/18 399/572/18 400/574/18
f 142/575/17 400/576/17 140/577/17
f 140/577/17 400/576/17 401/578/17
f 140/577/16 401/578/16 138/579/16
f 138/579/16 401/578/16 402/580/16
f 138/579/52 402/580/52 136/581/52
f 136/581/15 402/580/15 403/582/15
f 136/581/14 403/582/14 134/583/14
f 134/583/14 403/582/14 404/584/14
f 134/583/13 404/584/13 132/507/13
f 132/507/13 404/584/13 369/508/13
f 405/585/30 371/512/30 406/586/30
f 406/586/30 371/512/30 370/510/30
f 406/586/12 370/510/12 407/587/12
f 407/587/12 370/510/12 369/508/12
f 407/587/13 369/508/13 408/588/13
f 408/588/13 369/508/13 404/584/13
f 408/588/14 404/584/14 409/589/14
f 409/589/14 404/584/14 403/582/14
f 409/589/15 403/582/15 410/590/15
f 410/590/52 403/582/52 402/580/52
f 410/590/16 402/580/16 411/591/16
f 411/591/16 402/580/16 401/578/16
f 411/591/17 401/578/17 412/592/17
f 412/592/17 401/578/17 400/576/17
f 412/593/18 400/574/18 413/594/18
f 413/594/18 400/574/18 399/572/18
f 413/594/19 399/572/19 414/595/19
f 414/595/19 399/572/19 398/570/19
f 414/595/20 398/570/20 415/596/20
f 415/596/20 398/570/20 397/568/20
f 415/596/2 397/568/2 416/597/2
f 416/597/2 397/568/2 396/566/2
f 416/597/3 396/566/3 417/598/3
f 417/598/3 396/566/3 395/564/3
f 417/598/4 395/564/4 418/599/4
f 418/599/4 395/564/4 394/562/4
f 418/599/5 394/562/5 419/600/5
f 419/600/5 394/562/5 393/560/5
f 419/600/6 393/560/6 420/601/6
f 420/601/6 393/560/6 392/558/6
f 420/601/54 392/558/54 421/281/54
f 421/281/54 392/558/54 391/282/54
f 421/602/8 391/556/8 422/603/8
f 422/603/8 391/556/8 390/554/8
f 422/603/9 390/554/9 423/604/9
f 423/604/9 390/554/9 389/552/9
f 423/604/10 389/552/10 424/605/10
f 424/605/10 389/552/10 388/550/10
f 424/605/32 388/550/32 425/606/32
f 425/606/32 388/550/32 387/548/32
f 425/606/33 387/548/33 426/607/33
f 426/607/33 387/548/33 386/546/33
f 426/607/34 386/546/34 427/608/34
f 427/608/34 386/546/34 385/544/34
f 427/608/35 385/544/35 428/609/35
f 428/609/35 385/544/35 384/542/35
f 428/609/36 384/542/36 429/610/36
f 429/610/36 384/542/36 383/540/36
f 429/610/37 383/540/37 430/611/37
f 430/611/37 383/540/37 382/538/37
f 430/612/38 382/536/38 431/613/38
f 431/613/38 382/536/38 381/534/38
f 431/613/39 381/534/39 432/614/39
f 432/614/39 381/534/39 380/532/39
f 432/614/60 380/532/60 433/615/60
f 433/615/60 380/532/60 379/530/60
f 433/615/59 379/530/59 434/616/59
f 434/616/59 379/530/59 378/528/59
f 434/616/23 378/528/23 435/617/23
f 435/617/23 378/528/23 377/526/23
f 435/617/24 377/526/24 436/618/24
f 436/618/24 377/526/24 376/524/24
f 436/618/25 376/524/25 437/619/25
f 437/619/25 376/524/25 375/522/25
f 437/619/26 375/522/26 438/620/26
f 438/620/26 375/522/26 374/520/26
f 438/620/45 374/520/45 439/621/45
f 439/621/27 374/520/27 373/518/27
f 439/622/28 373/516/28 440/623/28
f 440/623/28 373/516/28 372/514/28
f 440/623/29 372/514/29 405/585/29
f 405/585/29 372/514/29 371/512/29
f 207/624/42 441/625/42 205/626/42
f 205/626/42 441/625/42 442/627/42
f 205/626/30 442/627/30 203/628/30
f 203/628/30 442/627/30 443/629/30
f 203/628/29 443/629/29 201/630/29
f 201/630/29 443/629/29 444/631/29
f 201/630/28 444/631/28 199/632/28
f 199/632/28 444/631/28 445/633/28
f 199/634/27 445/635/27 197/636/27
f 197/636/27 445/635/27 446/637/27
f 197/636/26 446/637/26 195/638/26
f 195/638/26 446/637/26 447/639/26
f 195/638/58 447/639/58 192/640/58
f 192/640/25 447/639/25 448/641/25
f 192/640/24 448/641/24 193/642/24
f 193/642/24 448/641/24 449/643/24
f 193/642/23 449/643/23 194/644/23
f 194/644/23 449/643/23 450/645/23
f 194/644/59 450/645/59 213/646/59
f 213/646/59 450/645/59 451/647/59
f 213/646/60 451/647/60 214/648/60
f 214/648/60 451/647/60 452/649/60
f 214/648/39 452/649/39 215/650/39
f 215/650/39 452/649/39 453/651/39
f 215/650/38 453/651/38 216/652/38
f 216/652/38 453/651/38 454/653/38
f 216/611/37 454/538/37 217/654/37
f 217/654/37 454/538/37 455/655/37
f 217/654/36 455/655/36 218/656/36
f 218/656/36 455/655/36 456/657/36
f 218/656/35 456/657/35 219/658/35
f 219/658/35 456/657/35 457/659/35
f 219/658/34 457/659/34 220/660/34
f 220/660/34 457/659/34 458/661/34
f 220/660/33 458/661/33 221/662/33
f 221/662/33 458/661/33 459/663/33
f 221/662/32 459/663/32 222/664/32
f 222/664/32 459/663/32 460/665/32
f 222/664/10 460/665/10 223/666/10
f 223/666/10 460/665/10 461/667/10
f 223/666/9 461/667/9 224/668/9
f 224/668/9 461/667/9 462/669/9
f 224/668/8 462/669/8 163/670/8
f 163/670/8 462/669/8 463/671/8
f 163/672/7 463/673/7 162/674/7
f 162/674/7 463/673/7 464/675/7
f 162/674/6 464/675/6 160/676/6
f 160/676/6 464/675/6 465/677/6
f 160/676/5 465/677/5 158/678/5
f 158/678/5 465/677/5 466/679/5
f 158/678/4 466/679/4 156/680/4
f 156/680/4 466/679/4 467/681/4
f 156/680/3 467/681/3 154/682/3
f 154/682/3 467/681/3 468/683/3
f 154/682/61 468/683/61 121/684/61
f 121/684/61 468/683/61 469/685/61
f 121/684/62 469/685/62 119/686/62
f 119/686/62 469/685/62 470/687/62
f 119/686/19 470/687/19 117/688/19
f 117/688/19 470/687/19 471/689/19
f 117/688/18 471/689/18 115/690/18
f 115/690/18 471/689/18 472/691/18
f 115/692/17 472/693/17 113/694/17
f 113/694/17 472/693/17 473/695/17
f 113/694/16 473/695/16 112/696/16
f 112/696/16 473/695/16 474/697/16
f 112/696/15 474/697/15 211/698/15
f 211/698/15 474/697/15 475/699/15
f 211/698/14 475/699/14 209/700/14
f 209/700/14 475/699/14 476/701/14
f 209/700/13 476/701/13 207/624/13
f 207/624/13 476/701/13 441/625/13
f 477/702/30 443/629/30 478/703/30
f 478/703/30 443/629/30 442/627/30
f 478/703/42 442/627/42 479/704/42
f 479/704/42 442/627/42 441/625/42
f 479/704/13 441/625/13 480/705/13
f 480/705/13 441/625/13 476/701/13
f 480/705/14 476/701/14 481/706/14
f 481/706/14 476/701/14 475/699/14
f 481/706/15 475/699/15 482/707/15
f 482/707/15 475/699/15 474/697/15
f 482/707/16 474/697/16 483/708/16
f 483/708/16 474/697/16 473/695/16
f 483/708/17 473/695/17 484/709/17
f 484/709/17 473/695/17 472/693/17
f 484/710/18 472/691/18 485/711/18
f 485/711/18 472/691/18 471/689/18
f 485/711/19 471/689/19 486/712/19
f 486/712/19 471/689/19 470/687/19
f 486/712/62 470/687/62 487/713/62
f 487/713/62 470/687/62 469/685/62
f 487/713/61 469/685/61 488/714/61
f 488/714/61 469/685/61 468/683/61
f 488/714/3 468/683/3 489/715/3
f 489/715/3 468/683/3 467/681/3
f 489/715/4 467/681/4 490/716/4
f 490/716/4 467/681/4 466/679/4
f 490/716/5 466/679/5 491/717/5
f 491/717/5 466/679/5 465/677/5
f 491/717/6 465/677/6 492/718/6
f 492/718/6 465/677/6 464/675/6
f 492/718/7 464/675/7 493/719/7
f 493/719/7 464/675/7 463/673/7
f 493/720/8 463/671/8 494/721/8
f 494/721/8 463/671/8 462/669/8
f 494/721/9 462/669/9 495/722/9
f 495/722/9 462/669/9 461/667/9
f 495/722/55 461/667/55 496/723/55
f 496/723/10 461/667/10 460/665/10
f 496/723/32 460/665/32 497/724/32
f 497/724/32 460/665/32 459/663/32
f 497/724/33 459/663/33 498/725/33
f 498/725/33 459/663/33 458/661/33
f 498/725/34 458/661/34 499/726/34
f 499/726/34 458/661/34 457/659/34
f 499/726/35 457/659/35 500/727/35
f 500/727/35 457/659/35 456/657/35
f 500/727/36 456/657/36 501/728/36
f 501/728/36 456/657/36 455/655/36
f 501/728/37 455/655/37 502/537/37
f 502/537/48 455/655/48 454/538/48
f 502/729/38 454/653/38 503/730/38
f 503/730/38 454/653/38 453/651/38
f 503/730/39 453/651/39 504/731/39
f 504/731/39 453/651/39 452/649/39
f 504/731/60 452/649/60 505/732/60
f 505/732/60 452/649/60 451/647/60
f 505/732/59 451/647/59 506/733/59
f 506/733/59 451/647/59 450/645/59
f 506/733/23 450/645/23 507/734/23
f 507/734/23 450/645/23 449/643/23
f 507/734/24 449/643/24 508/735/24
f 508/735/24 449/643/24 448/641/24
f 508/735/25 448/641/25 509/736/25
f 509/736/58 448/641/58 447/639/58
f 509/736/26 447/639/26 510/737/26
f 510/737/26 447/639/26 446/637/26
f 510/737/27 446/637/27 511/738/27
f 511/738/27 446/637/27 445/635/27
f 511/592/28 445/633/28 512/739/28
f 512/739/28 445/633/28 444/631/28
f 512/739/29 444/631/29 477/702/29
f 477/702/29 444/631/29 443/629/29
f 513/740/56 514/741/56 515/742/56
f 515/742/32 514/741/32 516/743/32
f 515/742/10 516/743/10 517/744/10
f 517/744/55 516/743/55 518/745/55
f 517/744/9 518/745/9 519/746/9
f 519/746/9 518/745/9 520/747/9
f 519/746/8 520/747/8 521/748/8
f 521/748/8 520/747/8 522/749/8
f 521/750/7 522/751/7 523/752/7
f 523/752/7 522/751/7 524/753/7
f 523/752/6 524/753/6 525/754/6
f 525/754/6 524/753/6 526/755/6
f 525/754/50 526/755/50 527/756/50
f 527/756/5 526/755/5 528/757/5
f 527/756/4 528/757/4 529/758/4
f 529/758/4 528/757/4 530/759/4
f 529/758/3 530/759/3 531/760/3
f 531/760/3 530/759/3 532/761/3
f 531/760/2 532/761/2 533/762/2
f 533/762/2 532/761/2 534/763/2
f 533/762/20 534/763/20 535/764/20
f 535/764/20 534/763/20 536/765/20
f 535/764/19 536/765/19 537/766/19
f 537/766/19 536/765/19 538/767/19
f 537/766/18 538/767/18 539/768/18
f 539/768/18 538/767/18 540/769/18
f 539/770/17 540/771/17 541/772/17
f 541/772/17 540/771/17 542/773/17
f 541/772/16 542/773/16 543/774/16
f 543/774/16 542/773/16 544/775/16
f 543/774/52 544/775/52 545/776/52
f 545/776/15 544/775/15 546/777/15
f 545/776/14 546/777/14 547/778/14
f 547/778/14 546/777/14 548/779/14
f 547/778/13 548/779/13 549/780/13
f 549/780/13 548/779/13 550/781/13
f 549/780/12 550/781/12 551/782/12
f 551/782/12 550/781/12 552/783/12
f 551/782/30 552/783/30 553/784/30
f 553/784/30 552/783/30 554/785/30
f 553/784/29 554/785/29 555/786/29
f 555/786/29 554/785/29 556/787/29
f 555/786/28 556/787/28 557/788/28
f 557/788/28 556/787/28 558/789/28
f 557/751/27 558/750/27 559/790/27
f 559/790/45 558/750/45 560/791/45
f 559/790/26 560/791/26 561/792/26
f 561/792/26 560/791/26 562/793/26
f 561/792/25 562/793/25 563/794/25
f 563/794/25 562/793/25 564/795/25
f 563/794/24 564/795/24 565/796/24
f 565/796/24 564/795/24 566/797/24
f 565/796/23 566/797/23 567/798/23
f 567/798/23 566/797/23 568/799/23
f 567/798/22 568/799/22 569/800/22
f 569/800/22 568/799/22 570/801/22
f 569/800/40 570/801/40 571/802/40
f 571/802/40 570/801/40 572/803/40
f 571/802/39 572/803/39 573/804/39
f 573/804/39 572/803/39 574/805/39
f 573/804/38 574/805/38 575/770/38
f 575/770/38 574/805/38 576/771/38
f 575/806/37 576/807/37 577/808/37
f 577/808/47 576/807/47 578/809/47
f 577/808/36 578/809/36 579/810/36
f 579/810/36 578/809/36 580/811/36
f 579/810/35 580/811/35 581/812/35
f 581/812/35 580/811/35 582/813/35
f 581/812/34 582/813/34 583/814/34
f 583/814/34 582/813/34 584/815/34
f 583/814/33 584/815/33 513/740/33
f 513/740/33 584/815/33 514/741/33
f 585/816/63 586/817/63 587/818/63
f 587/818/63 586/817/63 588/819/63
f 586/817/64 589/820/64 588/819/64
f 588/819/64 589/820/64 590/821/64
f 586/822/21 585/823/21 591/824/21
f 591/824/21 585/823/21 592/825/21
f 1/826/41 590/821/41 2/827/41
f 2/827/65 590/821/65 593/828/65
f 2/827/65 593/828/65 66/829/65
f 66/829/41 593/828/41 68/830/41
f 68/830/41 593/828/41 70/831/41
f 70/831/41 593/828/41 594/832/41
f 70/831/41 594/832/41 72/833/41
f 72/833/41 594/832/41 74/834/41
f 74/834/41 594/832/41 76/835/41
f 76/835/41 594/832/41 78/836/41
f 78/836/41 594/832/41 80/837/41
f 80/837/41 594/832/41 63/838/41
f 63/838/41 594/832/41 46/839/41
f 46/839/65 594/832/65 595/840/65
f 46/839/65 595/840/65 48/841/65
f 48/841/65 595/840/65 50/842/65
f 50/842/41 595/840/41 52/843/41
f 52/843/41 595/840/41 54/844/41
f 54/844/41 595/840/41 56/845/41
f 56/845/41 595/840/41 596/846/41
f 56/845/41 596/846/41 58/847/41
f 58/847/41 596/846/41 60/848/41
f 60/848/41 596/846/41 62/849/41
f 62/849/41 596/846/41 43/850/41
f 43/850/41 596/846/41 597/851/41
f 43/850/41 597/851/41 26/852/41
f 26/852/41 597/851/41 28/853/41
f 28/853/41 597/851/41 30/854/41
f 30/854/41 597/851/41 32/855/41
f 32/855/41 597/851/41 34/856/41
f 34/856/41 597/851/41 598/857/41
f 34/856/41 598/857/41 36/858/41
f 36/858/41 598/857/41 38/859/41
f 38/859/41 598/857/41 40/860/41
f 40/860/65 598/857/65 42/861/65
f 42/861/65 598/857/65 23/862/65
f 23/862/65 598/857/65 590/821/65
f 23/862/41 590/821/41 6/863/41
f 6/863/41 590/821/41 8/864/41
f 8/864/41 590/821/41 10/865/41
f 10/865/41 590/821/41 12/866/41
f 12/866/41 590/821/41 14/867/41
f 14/867/41 590/821/41 16/868/41
f 16/868/41 590/821/41 18/869/41
f 18/869/41 590/821/41 20/870/41
f 20/870/41 590/821/41 22/871/41
f 22/871/41 590/821/41 1/826/41
f 517/872/41 587/818/41 515/873/41
f 515/873/41 587/818/41 588/819/41
f 515/873/41 588/819/41 513/874/41
f 513/874/41 588/819/41 583/875/41
f 583/875/41 588/819/41 581/876/41
f 581/876/41 588/819/41 579/877/41
f 579/877/41 588/819/41 599/878/41
f 579/877/41 599/878/41 577/879/41
f 577/879/41 599/878/41 600/880/41
f 577/879/41 600/880/41 575/881/41
f 575/881/41 600/880/41 601/882/41
f 575/881/41 601/882/41 573/883/41
f 573/883/41 601/882/41 602/884/41
f 573/883/41 602/884/41 571/885/41
f 571/885/41 602/884/41 603/886/41
f 571/885/41 603/886/41 569/887/41
f 569/887/41 603/886/41 604/888/41
f 569/887/41 604/888/41 567/889/41
f 567/889/41 604/888/41 605/890/41
f 567/889/41 605/890/41 565/891/41
f 565/891/41 605/890/41 606/892/41
f 565/891/41 606/892/41 563/893/41
f 563/893/41 606/892/41 561/894/41
f 561/894/41 606/892/41 559/895/41
f 559/895/41 606/892/41 557/896/41
f 557/896/41 606/892/41 555/897/41
f 555/897/41 606/892/41 607/898/41
f 555/897/41 607/898/41 608/899/41
f 517/872/41 519/900/41 587/818/41
f 587/818/41 519/900/41 521/901/41
f 587/818/41 521/901/41 609/902/41
f 609/902/41 521/901/41 523/903/41
f 609/902/41 523/903/41 610/904/41
f 610/904/41 523/903/41 525/905/41
f 610/904/41 525/905/41 611/906/41
f 611/906/41 525/905/41 527/907/41
f 611/906/41 527/907/41 612/908/41
f 612/908/41 527/907/41 529/909/41
f 612/908/41 529/909/41 531/910/41
f 612/908/41 531/910/41 613/911/41
f 613/911/41 531/910/41 533/912/41
f 613/911/41 533/912/41 614/913/41
f 614/913/41 533/912/41 535/914/41
f 614/913/41 535/914/41 615/915/41
f 615/915/41 535/914/41 537/916/41
f 615/915/41 537/916/41 616/917/41
f 616/917/41 537/916/41 539/918/41
f 616/917/41 539/918/41 541/919/41
f 616/917/41 541/919/41 617/920/41
f 617/920/41 541/919/41 543/921/41
f 617/920/41 543/921/41 618/922/41
f 618/922/41 543/921/41 545/923/41
f 618/922/41 545/923/41 619/924/41
f 619/924/41 545/923/41 620/925/41
f 620/925/41 545/923/41 547/926/41
f 620/925/41 547/926/41 621/927/41
f 621/927/41 547/926/41 549/928/41
f 621/927/41 549/928/41 622/929/41
f 622/929/41 549/928/41 551/930/41
f 622/929/41 551/930/41 623/931/41
f 623/931/41 551/930/41 624/932/41
f 624/932/41 551/930/41 553/933/41
f 624/932/41 553/933/41 608/899/41
f 608/899/41 553/933/41 555/897/41
f 590/821/41 598/857/41 588/819/41
f 588/819/41 598/857/41 625/934/41
f 588/819/41 625/934/41 626/935/41
f 626/935/41 625/934/41 627/936/41
f 627/936/41 625/934/41 628/937/41
f 628/937/41 625/934/41 629/938/41
f 629/938/41 625/934/41 630/939/41
f 630/939/41 625/934/41 631/940/41
f 630/939/41 631/940/41 632/941/41
f 632/941/41 631/940/41 633/942/41
f 633/942/41 631/940/41 634/943/41
f 634/943/41 631/940/41 635/944/41
f 635/944/41 631/940/41 636/945/41
f 636/945/41 631/940/41 637/946/41
f 637/946/41 631/940/41 638/947/41
f 638/947/41 631/940/41 639/948/41
f 639/948/41 631/940/41 640/949/41
f 640/949/41 631/940/41 605/890/41
f 640/949/41 605/890/41 641/950/41
f 641/950/41 605/890/41 642/951/41
f 642/951/41 605/890/41 643/952/41
f 643/952/41 605/890/41 644/953/41
f 644/953/41 605/890/41 645/954/41
f 645/954/41 605/890/41 646/955/41
f 646/955/41 605/890/41 647/956/41
f 647/956/41 605/890/41 604/888/41
f 593/828/41 590/821/41 648/957/41
f 648/957/41 590/821/41 649/958/41
f 648/957/41 649/958/41 650/959/41
f 650/959/41 649/958/41 651/960/41
f 650/959/41 651/960/41 652/961/41
f 652/961/41 651/960/41 653/962/41
f 652/961/41 653/962/41 654/963/41
f 587/818/41 655/964/41 649/958/41
f 649/958/41 655/964/41 656/965/41
f 649/958/41 656/965/41 657/966/41
f 658/967/41 659/968/41 660/969/41
f 660/969/41 659/968/41 661/970/41
f 660/969/41 661/970/41 662/971/41
f 660/969/41 662/971/41 606/892/41
f 606/892/41 662/971/41 663/972/41
f 606/892/41 663/972/41 664/973/41
f 664/973/41 665/974/41 606/892/41
f 606/892/41 665/974/41 607/898/41
f 609/902/41 666/975/41 587/818/41
f 587/818/41 666/975/41 667/976/41
f 587/818/41 667/976/41 668/977/41
f 667/976/41 666/975/41 669/978/41
f 669/978/41 666/975/41 670/979/41
f 669/978/41 670/979/41 671/980/41
f 671/980/41 670/979/41 672/981/41
f 671/980/41 672/981/41 673/982/41
f 673/982/41 672/981/41 674/983/41
f 673/982/41 674/983/41 675/984/41
f 675/984/41 674/983/41 676/985/41
f 675/984/41 676/985/41 677/986/41
f 677/986/41 676/985/41 678/987/41
f 677/986/41 678/987/41 679/988/41
f 679/988/41 678/987/41 680/989/41
f 679/988/41 680/989/41 681/990/41
f 681/990/41 680/989/41 682/991/41
f 681/990/41 682/991/41 660/969/41
f 660/969/41 682/991/41 683/992/41
f 660/969/41 683/992/41 684/993/41
f 684/993/41 685/994/41 660/969/41
f 660/969/41 685/994/41 686/995/41
f 660/969/41 686/995/41 687/996/41
f 687/996/41 688/997/41 660/969/41
f 660/969/41 688/997/41 689/998/41
f 660/969/41 689/998/41 690/999/41
f 690/999/41 658/967/41 660/969/41
f 691/1000/41 692/1001/41 649/958/41
f 649/958/41 692/1001/41 693/1002/41
f 649/958/41 693/1002/41 651/960/41
f 654/963/41 694/1003/41 652/961/41
f 652/961/41 694/1003/41 695/1004/41
f 652/961/41 695/1004/41 696/1005/41
f 696/1005/41 697/1006/41 652/961/41
f 652/961/41 697/1006/41 698/1007/41
f 652/961/41 698/1007/41 699/1008/41
f 699/1008/41 698/1007/41 700/1009/41
f 699/1008/41 700/1009/41 701/1010/41
f 701/1010/41 702/1011/41 699/1008/41
f 699/1008/41 702/1011/41 703/1012/41
f 699/1008/41 703/1012/41 704/1013/41
f 704/1013/41 705/1014/41 699/1008/41
f 699/1008/41 705/1014/41 706/1015/41
f 699/1008/41 706/1015/41 707/1016/41
f 707/1016/41 708/1017/41 699/1008/41
f 699/1008/41 708/1017/41 709/1018/41
f 699/1008/41 709/1018/41 710/1019/41
f 708/1017/41 711/1020/41 709/1018/41
f 709/1018/41 711/1020/41 712/1021/41
f 712/1021/41 711/1020/41 713/1022/41
f 712/1021/41 713/1022/41 714/1023/41
f 714/1023/41 713/1022/41 715/1024/41
f 714/1023/41 715/1024/41 716/1025/41
f 716/1025/41 715/1024/41 717/1026/41
f 716/1025/41 717/1026/41 718/1027/41
f 718/1027/41 717/1026/41 719/1028/41
f 718/1027/41 719/1028/41 720/1029/41
f 720/1029/41 719/1028/41 721/1030/41
f 720/1029/41 721/1030/41 722/1031/41
f 722/1031/41 721/1030/41 723/1032/41
f 722/1031/41 723/1032/41 724/1033/41
f 724/1033/41 723/1032/41 725/1034/41
f 724/1033/41 725/1034/41 726/1035/41
f 726/1035/41 725/1034/41 727/1036/41
f 726/1035/41 727/1036/41 728/1037/41
f 728/1037/41 727/1036/41 729/1038/41
f 728/1037/41 729/1038/41 657/966/41
f 657/966/41 729/1038/41 649/958/41
f 729/1038/41 730/1039/41 649/958/41
f 649/958/41 730/1039/41 731/1040/41
f 649/958/41 731/1040/41 732/1041/41
f 732/1041/41 733/1042/41 649/958/41
f 649/958/41 733/1042/41 734/1043/41
f 649/958/41 734/1043/41 735/1044/41
f 735/1044/41 736/1045/41 649/958/41
f 649/958/41 736/1045/41 737/1046/41
f 649/958/41 737/1046/41 738/1047/41
f 738/1047/41 739/1048/41 649/958/41
f 649/958/41 739/1048/41 740/1049/41
f 649/958/41 740/1049/41 691/1000/41
f 626/935/41 741/1050/41 588/819/41
f 588/819/41 741/1050/41 742/1051/41
f 588/819/41 742/1051/41 743/1052/41
f 743/1052/41 744/1053/41 588/819/41
f 588/819/41 744/1053/41 745/1054/41
f 588/819/41 745/1054/41 746/1055/41
f 746/1055/41 747/1056/41 588/819/41
f 588/819/41 747/1056/41 748/1057/41
f 588/819/41 748/1057/41 749/1058/41
f 749/1058/41 750/1059/41 588/819/41
f 588/819/41 750/1059/41 751/1060/41
f 588/819/41 751/1060/41 752/1061/41
f 752/1061/41 753/1062/41 588/819/41
f 588/819/41 753/1062/41 754/1063/41
f 588/819/41 754/1063/41 599/878/41
f 755/1064/41 756/1065/41 757/1066/41
f 757/1066/41 756/1065/41 758/1067/41
f 757/1066/41 758/1067/41 759/1068/41
f 759/1068/41 758/1067/41 760/1069/41
f 759/1068/41 760/1069/41 761/1070/41
f 761/1070/41 760/1069/41 762/1071/41
f 761/1070/41 762/1071/41 763/1072/41
f 763/1072/41 762/1071/41 764/1073/41
f 763/1072/41 764/1073/41 765/1074/41
f 765/1074/41 764/1073/41 766/1075/41
f 765/1074/41 766/1075/41 767/1076/41
f 767/1076/41 766/1075/41 768/1077/41
f 767/1076/41 768/1077/41 769/1078/41
f 769/1078/41 768/1077/41 770/1079/41
f 769/1078/41 770/1079/41 771/1080/41
f 771/1080/41 770/1079/41 772/1081/41
f 771/1080/41 772/1081/41 773/1082/41
f 773/1082/41 772/1081/41 774/1083/41
f 773/1082/41 774/1083/41 587/818/41
f 587/818/41 774/1083/41 775/1084/41
f 587/818/41 775/1084/41 655/964/41
f 755/1064/41 776/1085/41 756/1065/41
f 756/1065/41 776/1085/41 777/1086/41
f 756/1065/41 777/1086/41 778/1087/41
f 756/1065/41 778/1087/41 779/1088/41
f 779/1088/41 778/1087/41 780/1089/41
f 779/1088/41 780/1089/41 781/1090/41
f 781/1090/41 782/1091/41 779/1088/41
f 779/1088/41 782/1091/41 783/1092/41
f 779/1088/41 783/1092/41 784/1093/41
f 779/1088/41 784/1093/41 660/969/41
f 660/969/41 784/1093/41 681/990/41
f 668/977/41 785/1094/41 587/818/41
f 587/818/41 785/1094/41 786/1095/41
f 587/818/41 786/1095/41 787/1096/41
f 787/1096/41 788/1097/41 587/818/41
f 587/818/41 788/1097/41 789/1098/41
f 587/818/41 789/1098/41 790/1099/41
f 790/1099/41 791/1100/41 587/818/41
f 587/818/41 791/1100/41 792/1101/41
f 587/818/41 792/1101/41 793/1102/41
f 793/1102/41 794/1103/41 587/818/41
f 587/818/41 794/1103/41 795/1104/41
f 587/818/41 795/1104/41 796/1105/41
f 796/1105/41 797/1106/41 587/818/41
f 587/818/41 797/1106/41 798/1107/41
f 587/818/41 798/1107/41 773/1082/41
f 710/1019/41 799/1108/41 699/1008/41
f 699/1008/41 799/1108/41 800/1109/41
f 699/1008/41 800/1109/41 801/1110/41
f 801/1110/41 800/1109/41 802/1111/41
f 801/1110/41 802/1111/41 803/1112/41
f 803/1112/41 804/1113/41 801/1110/41
f 801/1110/41 804/1113/41 805/1114/41
f 801/1110/41 805/1114/41 806/1115/41
f 806/1115/41 807/1116/41 801/1110/41
f 801/1110/41 807/1116/41 808/1117/41
f 801/1110/41 808/1117/41 809/1118/41
f 809/1118/41 810/1119/41 801/1110/41
f 801/1110/41 810/1119/41 811/1120/41
f 801/1110/41 811/1120/41 812/1121/41
f 812/1121/41 813/1122/41 801/1110/41
f 801/1110/41 813/1122/41 814/1123/41
f 801/1110/41 814/1123/41 756/1065/41
f 756/1065/41 814/1123/41 815/1124/41
f 756/1065/41 815/1124/41 816/1125/41
f 816/1125/41 758/1067/41 756/1065/41
f 606/892/41 605/890/41 817/1126/41
f 817/1126/41 605/890/41 818/1127/41
f 817/1126/41 818/1127/41 595/840/41
f 819/1128/41 820/1129/41 779/1088/41
f 779/1088/41 820/1129/41 756/1065/41
f 650/959/41 821/1130/41 648/957/41
f 648/957/41 821/1130/41 822/1131/41
f 822/1131/41 821/1130/41 819/1128/41
f 822/1131/41 819/1128/41 779/1088/41
f 594/832/41 817/1126/41 595/840/41
f 823/1132/43 824/1133/43 825/1134/43
f 825/1134/30 824/1133/30 826/1135/30
f 825/1134/12 826/1135/12 827/1136/12
f 827/1136/12 826/1135/12 828/1137/12
f 827/1136/13 828/1137/13 829/1138/13
f 829/1138/13 828/1137/13 830/1139/13
f 829/1138/14 830/1139/14 831/1140/14
f 831/1140/14 830/1139/14 832/1141/14
f 831/1140/15 832/1141/15 833/1142/15
f 833/1142/15 832/1141/15 834/1143/15
f 833/1142/16 834/1143/16 835/1144/16
f 835/1144/16 834/1143/16 836/1145/16
f 835/1144/17 836/1145/17 837/1146/17
f 837/1146/17 836/1145/17 838/1147/17
f 837/1148/18 838/1149/18 839/1150/18
f 839/1150/18 838/1149/18 840/1151/18
f 839/1150/19 840/1151/19 841/1152/19
f 841/1152/19 840/1151/19 842/1153/19
f 841/1152/62 842/1153/62 843/1154/62
f 843/1154/62 842/1153/62 844/1155/62
f 843/1154/61 844/1155/61 845/1156/61
f 845/1156/61 844/1155/61 846/1157/61
f 845/1156/3 846/1157/3 847/1158/3
f 824/1133/29 823/1132/29 848/1159/29
f 848/1159/29 823/1132/29 849/1160/29
f 848/1159/28 849/1160/28 850/1161/28
f 850/1161/28 849/1160/28 851/1162/28
f 850/1163/27 851/1164/27 852/1165/27
f 852/1165/27 851/1164/27 853/1166/27
f 852/1165/26 853/1166/26 854/1167/26
f 854/1167/26 853/1166/26 855/1168/26
f 854/1167/46 855/1168/46 856/1169/46
f 856/1169/46 855/1168/46 857/1170/46
f 856/1169/24 857/1170/24 858/1171/24
f 858/1171/24 857/1170/24 859/1172/24
f 858/1171/23 859/1172/23 860/1173/23
f 860/1173/23 859/1172/23 861/1174/23
f 860/1173/59 861/1174/59 862/1175/59
f 862/1175/59 861/1174/59 863/1176/59
f 862/1175/60 863/1176/60 864/1177/60
f 862/1175/60 864/1177/60 865/1178/60
f 865/1178/39 864/1177/39 866/1179/39
f 865/1178/39 866/1179/39 867/1180/39
f 867/1180/38 866/1179/38 868/1181/38
f 867/1180/38 868/1181/38 869/1182/38
f 869/1183/47 868/1184/47 870/1185/47
f 869/1183/47 870/1185/47 871/1186/47
f 871/1186/36 870/1185/36 872/1187/36
f 871/1186/36 872/1187/36 873/1188/36
f 873/1188/35 872/1187/35 874/1189/35
f 873/1188/35 874/1189/35 875/1190/35
f 875/1190/34 874/1189/34 876/1191/34
f 875/1190/34 876/1191/34 877/1192/34
f 877/1192/33 876/1191/33 878/1193/33
f 877/1192/33 878/1193/33 879/1194/33
f 879/1194/32 878/1193/32 880/1195/32
f 879/1194/32 880/1195/32 881/1196/32
f 881/1196/10 880/1195/10 882/1197/10
f 881/1196/10 882/1197/10 883/1198/10
f 883/1198/9 882/1197/9 884/1199/9
f 883/1198/9 884/1199/9 885/1200/9
f 885/1200/8 884/1199/8 886/1201/8
f 885/1200/8 886/1201/8 887/1202/8
f 887/1203/7 886/1204/7 888/1205/7
f 887/1203/7 888/1205/7 889/1206/7
f 889/1206/6 888/1205/6 890/1207/6
f 889/1206/6 890/1207/6 891/1208/6
f 891/1208/5 890/1207/5 892/1209/5
f 891/1208/5 892/1209/5 893/1210/5
f 893/1210/4 892/1209/4 894/1211/4
f 893/1210/4 894/1211/4 895/1212/4
f 895/1212/3 894/1211/3 896/1213/3
f 895/1212/3 896/1213/3 845/1156/3
f 845/1156/61 896/1213/61 843/1154/61
f 897/1214/32 881/1196/32 898/1215/32
f 898/1215/10 881/1196/10 883/1198/10
f 898/1215/10 883/1198/10 899/1216/10
f 899/1216/9 883/1198/9 885/1200/9
f 899/1216/9 885/1200/9 900/1217/9
f 900/1217/8 885/1200/8 887/1202/8
f 900/1217/8 887/1202/8 901/1218/8
f 901/1219/7 887/1203/7 889/1206/7
f 901/1219/7 889/1206/7 902/1220/7
f 902/1220/6 889/1206/6 891/1208/6
f 902/1220/6 891/1208/6 903/1221/6
f 903/1221/5 891/1208/5 893/1210/5
f 903/1221/5 893/1210/5 904/1222/5
f 904/1222/4 893/1210/4 895/1212/4
f 904/1222/4 895/1212/4 847/1158/4
f 847/1158/3 895/1212/3 845/1156/3
f 881/1196/32 897/1214/32 879/1194/32
f 879/1194/33 897/1214/33 905/1223/33
f 879/1194/33 905/1223/33 877/1192/33
f 877/1192/34 905/1223/34 906/1224/34
f 877/1192/34 906/1224/34 875/1190/34
f 875/1190/35 906/1224/35 907/1225/35
f 875/1190/35 907/1225/35 873/1188/35
f 873/1188/36 907/1225/36 908/1226/36
f 873/1188/36 908/1226/36 871/1186/36
f 871/1186/37 908/1226/37 909/1227/37
f 871/1186/47 909/1227/47 869/1183/47
f 869/1182/66 909/1228/66 910/1229/66
f 869/1182/38 910/1229/38 867/1180/38
f 867/1180/39 910/1229/39 911/1230/39
f 867/1180/39 911/1230/39 865/1178/39
f 865/1178/60 911/1230/60 912/1231/60
f 865/1178/60 912/1231/60 862/1175/60
f 862/1175/59 912/1231/59 860/1173/59
f 912/1231/59 913/1232/59 860/1173/59
f 860/1173/23 913/1232/23 858/1171/23
f 913/1232/23 914/1233/23 858/1171/23
f 858/1171/24 914/1233/24 856/1169/24
f 914/1233/67 915/1234/67 856/1169/67
f 856/1169/46 915/1234/46 854/1167/46
f 915/1234/25 916/1235/25 854/1167/25
f 854/1167/26 916/1235/26 852/1165/26
f 916/1235/26 917/1236/26 852/1165/26
f 852/1165/27 917/1236/27 850/1163/27
f 917/1236/27 918/1237/27 850/1163/27
f 850/1161/28 918/1238/28 848/1159/28
f 918/1238/28 919/1239/28 848/1159/28
f 848/1159/29 919/1239/29 824/1133/29
f 919/1239/29 920/1240/29 824/1133/29
f 824/1133/30 920/1240/30 826/1135/30
f 920/1240/30 921/1241/30 826/1135/30
f 826/1135/12 921/1241/12 828/1137/12
f 921/1241/12 922/1242/12 828/1137/12
f 828/1137/13 922/1242/13 830/1139/13
f 922/1242/13 923/1243/13 830/1139/13
f 830/1139/14 923/1243/14 832/1141/14
f 923/1243/14 924/1244/14 832/1141/14
f 832/1141/15 924/1244/15 834/1143/15
f 924/1244/15 925/1245/15 834/1143/15
f 834/1143/16 925/1245/16 836/1145/16
f 925/1245/16 926/1246/16 836/1145/16
f 836/1145/17 926/1246/17 838/1147/17
f 926/1246/17 927/1247/17 838/1147/17
f 838/1149/18 927/1248/18 840/1151/18
f 927/1248/18 928/1249/18 840/1151/18
f 840/1151/19 928/1249/19 842/1153/19
f 928/1249/19 929/1250/19 842/1153/19
f 842/1153/62 929/1250/62 844/1155/62
f 929/1250/62 930/1251/62 844/1155/62
f 844/1155/61 930/1251/61 846/1157/61
f 931/1252/30 932/1253/30 933/1254/30
f 933/1254/43 932/1253/43 934/1255/43
f 933/1254/42 934/1255/42 935/1256/42
f 935/1256/12 934/1255/12 936/1257/12
f 935/1256/13 936/1257/13 937/1258/13
f 937/1258/13 936/1257/13 938/1259/13
f 937/1258/14 938/1259/14 939/1260/14
f 939/1260/14 938/1259/14 940/1261/14
f 939/1260/15 940/1261/15 941/1262/15
f 941/1262/15 940/1261/15 942/1263/15
f 941/1262/16 942/1263/16 943/1264/16
f 943/1264/16 942/1263/16 944/1265/16
f 943/1264/51 944/1265/51 945/1266/51
f 945/1266/17 944/1265/17 946/1267/17
f 945/1268/18 946/1269/18 947/1270/18
f 947/1270/18 946/1269/18 948/1271/18
f 947/1270/19 948/1271/19 949/1272/19
f 949/1272/19 948/1271/19 950/1273/19
f 949/1272/62 950/1273/62 951/1274/62
f 951/1274/62 950/1273/62 952/1275/62
f 951/1274/61 952/1275/61 953/1276/61
f 953/1276/61 952/1275/61 954/1277/61
f 953/1276/3 954/1277/3 955/1278/3
f 932/1253/29 931/1252/29 956/1279/29
f 956/1279/29 931/1252/29 957/1280/29
f 956/1279/28 957/1280/28 958/1281/28
f 958/1281/28 957/1280/28 959/1184/28
f 958/1282/27 959/1283/27 960/1284/27
f 960/1284/27 959/1283/27 961/1285/27
f 960/1284/26 961/1285/26 962/1286/26
f 962/1286/26 961/1285/26 963/1287/26
f 962/1286/46 963/1287/46 964/1288/46
f 964/1288/46 963/1287/46 965/1289/46
f 964/1288/24 965/1289/24 966/1290/24
f 966/1290/24 965/1289/24 967/1291/24
f 966/1290/23 967/1291/23 968/1292/23
f 968/1292/23 967/1291/23 969/1293/23
f 968/1292/59 969/1293/59 970/1294/59
f 970/1294/59 969/1293/59 971/1295/59
f 970/1294/60 971/1295/60 972/1296/60
f 970/1294/60 972/1296/60 973/1297/60
f 973/1297/39 972/1296/39 974/1298/39
f 973/1297/39 974/1298/39 975/1299/39
f 975/1299/38 974/1298/38 976/1300/38
f 975/1299/38 976/1300/38 977/1301/38
f 977/1302/47 976/1303/47 978/1304/47
f 977/1302/47 978/1304/47 979/1305/47
f 979/1305/36 978/1304/36 980/1306/36
f 979/1305/36 980/1306/36 981/1307/36
f 981/1307/35 980/1306/35 982/1308/35
f 981/1307/35 982/1308/35 983/1309/35
f 983/1309/34 982/1308/34 984/1310/34
f 983/1309/34 984/1310/34 985/1311/34
f 985/1311/33 984/1310/33 986/1312/33
f 985/1311/33 986/1312/33 987/1313/33
f 987/1313/56 986/1312/56 988/1314/56
f 987/1313/32 988/1314/32 989/1315/32
f 989/1315/10 988/1314/10 990/1316/10
f 989/1315/55 990/1316/55 991/1317/55
f 991/1317/9 990/1316/9 992/1318/9
f 991/1317/9 992/1318/9 993/1319/9
f 993/1319/8 992/1318/8 994/1320/8
f 993/1319/8 994/1320/8 995/1321/8
f 995/1322/7 994/1204/7 996/1323/7
f 995/1322/7 996/1323/7 997/1324/7
f 997/1324/6 996/1323/6 998/1325/6
f 997/1324/6 998/1325/6 999/1326/6
f 999/1326/5 998/1325/5 1000/1327/5
f 999/1326/50 1000/1327/50 1001/1328/50
f 1001/1328/4 1000/1327/4 1002/1329/4
f 1001/1328/4 1002/1329/4 1003/1330/4
f 1003/1330/3 1002/1329/3 1004/1331/3
f 1003/1330/3 1004/1331/3 953/1276/3
f 953/1276/61 1004/1331/61 951/1274/61
f 1005/1332/32 989/1315/32 1006/1333/32
f 1006/1333/10 989/1315/10 991/1317/10
f 1006/1333/10 991/1317/10 1007/1334/10
f 1007/1334/9 991/1317/9 993/1319/9
f 1007/1334/9 993/1319/9 1008/1335/9
f 1008/1335/8 993/1319/8 995/1321/8
f 1008/1335/8 995/1321/8 1009/1336/8
f 1009/1337/7 995/1322/7 997/1324/7
f 1009/1337/7 997/1324/7 1010/1338/7
f 1010/1338/6 997/1324/6 999/1326/6
f 1010/1338/6 999/1326/6 1011/1339/6
f 1011/1339/5 999/1326/5 1001/1328/5
f 1011/1339/5 1001/1328/5 1012/1340/5
f 1012/1340/4 1001/1328/4 1003/1330/4
f 1012/1340/4 1003/1330/4 955/1278/4
f 955/1278/3 1003/1330/3 953/1276/3
f 989/1315/32 1005/1332/32 987/1313/32
f 987/1313/33 1005/1332/33 1013/1341/33
f 987/1313/33 1013/1341/33 985/1311/33
f 985/1311/34 1013/1341/34 1014/1342/34
f 985/1311/34 1014/1342/34 983/1309/34
f 983/1309/35 1014/1342/35 1015/1343/35
f 983/1309/35 1015/1343/35 981/1307/35
f 981/1307/36 1015/1343/36 1016/1344/36
f 981/1307/36 1016/1344/36 979/1305/36
f 979/1305/37 1016/1344/37 1017/1345/37
f 979/1305/47 1017/1345/47 977/1302/47
f 977/1301/66 1017/1346/66 1018/1347/66
f 977/1301/38 1018/1347/38 975/1299/38
f 975/1299/39 1018/1347/39 1019/1348/39
f 975/1299/39 1019/1348/39 973/1297/39
f 973/1297/60 1019/1348/60 1020/1349/60
f 973/1297/60 1020/1349/60 970/1294/60
f 970/1294/59 1020/1349/59 968/1292/59
f 1020/1349/59 1021/1350/59 968/1292/59
f 968/1292/23 1021/1350/23 966/1290/23
f 1021/1350/23 1022/1351/23 966/1290/23
f 966/1290/24 1022/1351/24 964/1288/24
f 1022/1351/67 1023/1352/67 964/1288/67
f 964/1288/46 1023/1352/46 962/1286/46
f 1023/1352/25 1024/1353/25 962/1286/25
f 962/1286/26 1024/1353/26 960/1284/26
f 1024/1353/26 1025/1354/26 960/1284/26
f 960/1284/27 1025/1354/27 958/1282/27
f 1025/1354/27 1026/1355/27 958/1282/27
f 958/1281/28 1026/1356/28 956/1279/28
f 1026/1356/28 1027/1357/28 956/1279/28
f 956/1279/29 1027/1357/29 932/1253/29
f 1027/1357/29 1028/1358/29 932/1253/29
f 932/1253/30 1028/1358/30 934/1255/30
f 1028/1358/30 1029/1359/30 934/1255/30
f 934/1255/12 1029/1359/12 936/1257/12
f 1029/1359/12 1030/1360/12 936/1257/12
f 936/1257/13 1030/1360/13 938/1259/13
f 1030/1360/13 1031/1361/13 938/1259/13
f 938/1259/14 1031/1361/14 940/1261/14
f 1031/1361/14 1032/1362/14 940/1261/14
f 940/1261/15 1032/1362/15 942/1263/15
f 1032/1362/15 1033/1363/15 942/1263/15
f 942/1263/16 1033/1363/16 944/1265/16
f 1033/1363/16 1034/1364/16 944/1265/16
f 944/1265/17 1034/1364/17 946/1267/17
f 1034/1364/17 1035/1365/17 946/1267/17
f 946/1269/18 1035/1366/18 948/1271/18
f 1035/1366/18 1036/1367/18 948/1271/18
f 948/1271/19 1036/1367/19 950/1273/19
f 1036/1367/19 1037/1368/19 950/1273/19
f 950/1273/62 1037/1368/62 952/1275/62
f 1037/1368/62 1038/1369/62 952/1275/62
f 952/1275/61 1038/1369/61 954/1277/61
f 589/820/68 1039/1370/68 590/821/68
f 590/821/68 1039/1370/68 649/958/68
f 587/818/69 649/958/69 585/816/69
f 585/816/69 649/958/69 1039/1370/69
f 1039/1371/1 589/1372/1 1040/1373/1
f 1040/1373/1 589/1372/1 1041/1374/1
f 589/1375/11 586/1376/11 1041/1377/11
f 1041/1377/11 586/1376/11 591/1378/11
f 1042/1379/70 661/1380/70 1043/1381/70
f 1043/1381/70 661/1380/70 659/1382/70
f 1043/1381/71 659/1382/71 1044/1383/71
f 1044/1383/71 659/1382/71 658/1384/71
f 1044/1383/72 658/1384/72 690/1385/72
f 1042/1379/73 1045/1386/73 661/1380/73
f 661/1380/73 1045/1386/73 662/1387/73
f 662/1387/74 1045/1386/74 1046/1388/74
f 662/1387/74 1046/1388/74 663/1389/74
f 663/1390/75 1046/1391/75 1047/1392/75
f 663/1390/75 1047/1392/75 664/1393/75
f 664/1393/76 1047/1392/76 1048/1394/76
f 664/1393/77 1048/1394/77 665/1395/77
f 665/1395/78 1048/1394/78 1049/1396/78
f 665/1395/78 1049/1396/78 607/1397/78
f 607/1397/79 1049/1396/79 1050/1398/79
f 607/1397/79 1050/1398/79 608/1399/79
f 608/1399/80 1050/1398/80 1051/1400/80
f 608/1399/80 1051/1400/80 624/1401/80
f 624/1401/81 1051/1400/81 1052/1402/81
f 624/1401/81 1052/1402/81 623/1403/81
f 623/1403/82 1052/1402/82 1053/1404/82
f 623/1403/82 1053/1404/82 622/1405/82
f 622/1405/83 1053/1404/83 1054/1406/83
f 622/1405/83 1054/1406/83 621/1407/83
f 621/1407/84 1054/1406/84 1055/1408/84
f 621/1407/84 1055/1408/84 620/1409/84
f 620/1409/85 1055/1408/85 1056/1410/85
f 620/1409/85 1056/1410/85 619/1411/85
f 619/1411/86 1056/1410/86 1057/1412/86
f 619/1411/86 1057/1412/86 618/1413/86
f 618/1414/87 1057/1415/87 1058/1416/87
f 618/1414/87 1058/1416/87 617/1417/87
f 617/1417/88 1058/1416/88 1059/1418/88
f 617/1417/88 1059/1418/88 616/1419/88
f 616/1419/89 1059/1418/89 1060/1420/89
f 616/1419/89 1060/1420/89 615/1421/89
f 615/1421/90 1060/1420/90 1061/1422/90
f 615/1421/90 1061/1422/90 614/1423/90
f 614/1423/91 1061/1422/91 1062/1424/91
f 614/1423/91 1062/1424/91 613/1425/91
f 613/1425/92 1062/1424/92 1063/1426/92
f 613/1425/92 1063/1426/92 612/1427/92
f 612/1427/1 1063/1426/1 1064/1428/1
f 612/1427/1 1064/1428/1 611/1429/1
f 611/1429/93 1064/1428/93 1065/1430/93
f 611/1429/93 1065/1430/93 610/1431/93
f 610/1431/94 1065/1430/94 1066/1432/94
f 610/1431/94 1066/1432/94 609/1433/94
f 609/1433/95 1066/1432/95 1067/1434/95
f 609/1433/95 1067/1434/95 666/1435/95
f 666/1436/96 1067/1437/96 1068/1438/96
f 666/1436/96 1068/1438/96 670/1439/96
f 670/1439/97 1068/1438/97 1069/1440/97
f 670/1439/97 1069/1440/97 672/1441/97
f 672/1441/98 1069/1440/98 1070/1442/98
f 672/1441/98 1070/1442/98 674/1443/98
f 674/1443/99 1070/1442/99 1071/1444/99
f 674/1443/99 1071/1444/99 676/1445/99
f 676/1445/100 1071/1444/100 1072/1446/100
f 676/1445/100 1072/1446/100 678/1447/100
f 678/1447/101 1072/1446/101 1073/1448/101
f 678/1447/101 1073/1448/101 680/1449/101
f 680/1449/102 1073/1448/102 1074/1450/102
f 680/1449/102 1074/1450/102 682/1451/102
f 682/1451/103 1074/1450/103 1075/1452/103
f 682/1451/103 1075/1452/103 683/1453/103
f 683/1453/104 1075/1452/104 1076/1454/104
f 683/1453/104 1076/1454/104 684/1455/104
f 684/1455/105 1076/1454/105 1077/1456/105
f 684/1455/105 1077/1456/105 685/1412/105
f 685/1457/106 1077/1458/106 1078/1459/106
f 685/1457/106 1078/1459/106 686/1460/106
f 686/1460/107 1078/1459/107 1079/1461/107
f 686/1460/107 1079/1461/107 687/1462/107
f 687/1462/108 1079/1461/108 1080/1463/108
f 687/1462/109 1080/1463/109 688/1464/109
f 688/1464/110 1080/1463/110 1081/1465/110
f 688/1464/110 1081/1465/110 689/1466/110
f 689/1466/111 1081/1465/111 1082/1467/111
f 689/1466/111 1082/1467/111 690/1385/111
f 690/1385/72 1082/1467/72 1044/1383/72
f 1083/1468/70 693/1469/70 1084/1470/70
f 1084/1470/112 693/1469/112 692/1471/112
f 1084/1470/113 692/1471/113 1085/1472/113
f 1085/1472/71 692/1471/71 691/1473/71
f 1085/1472/72 691/1473/72 740/1474/72
f 1083/1468/73 1086/1475/73 693/1469/73
f 693/1469/114 1086/1475/114 651/1476/114
f 651/1476/74 1086/1475/74 1087/1477/74
f 651/1476/74 1087/1477/74 653/1478/74
f 653/1479/75 1087/1480/75 1088/1481/75
f 653/1479/75 1088/1481/75 654/1482/75
f 654/1482/76 1088/1481/76 1089/1483/76
f 654/1482/77 1089/1483/77 694/1484/77
f 694/1484/115 1089/1483/115 1090/1485/115
f 694/1484/78 1090/1485/78 695/1486/78
f 695/1486/79 1090/1485/79 1091/1487/79
f 695/1486/79 1091/1487/79 696/1488/79
f 696/1488/80 1091/1487/80 1092/1489/80
f 696/1488/80 1092/1489/80 697/1490/80
f 697/1490/81 1092/1489/81 1093/1491/81
f 697/1490/81 1093/1491/81 698/1492/81
f 698/1492/82 1093/1491/82 1094/1493/82
f 698/1492/82 1094/1493/82 700/1494/82
f 700/1494/83 1094/1493/83 1095/1495/83
f 700/1494/83 1095/1495/83 701/1496/83
f 701/1496/84 1095/1495/84 1096/1497/84
f 701/1496/84 1096/1497/84 702/1498/84
f 702/1498/85 1096/1497/85 1097/1499/85
f 702/1498/85 1097/1499/85 703/1500/85
f 703/1500/86 1097/1499/86 1098/1501/86
f 703/1500/86 1098/1501/86 704/60/86
f 704/1502/87 1098/1503/87 1099/1504/87
f 704/1502/87 1099/1504/87 705/1505/87
f 705/1505/88 1099/1504/88 1100/1506/88
f 705/1505/88 1100/1506/88 706/1507/88
f 706/1507/89 1100/1506/89 1101/1508/89
f 706/1507/89 1101/1508/89 707/1509/89
f 707/1509/90 1101/1508/90 1102/1510/90
f 707/1509/90 1102/1510/90 708/1511/90
f 708/1511/91 1102/1510/91 1103/1512/91
f 708/1511/91 1103/1512/91 711/1513/91
f 711/1513/92 1103/1512/92 1104/1514/92
f 711/1513/116 1104/1514/116 713/1515/116
f 713/1515/1 1104/1514/1 1105/1516/1
f 713/1515/1 1105/1516/1 715/1517/1
f 715/1517/117 1105/1516/117 1106/1518/117
f 715/1517/93 1106/1518/93 717/1519/93
f 717/1519/94 1106/1518/94 1107/1520/94
f 717/1519/94 1107/1520/94 719/1521/94
f 719/1521/95 1107/1520/95 1108/1522/95
f 719/1521/95 1108/1522/95 721/1523/95
f 721/1524/96 1108/1525/96 1109/1526/96
f 721/1524/96 1109/1526/96 723/1527/96
f 723/1527/97 1109/1526/97 1110/1528/97
f 723/1527/97 1110/1528/97 725/1529/97
f 725/1529/98 1110/1528/98 1111/1530/98
f 725/1529/98 1111/1530/98 727/1531/98
f 727/1531/99 1111/1530/99 1112/1532/99
f 727/1531/99 1112/1532/99 729/1533/99
f 729/1533/100 1112/1532/100 1113/1534/100
f 729/1533/100 1113/1534/100 730/1535/100
f 730/1535/101 1113/1534/101 1114/1536/101
f 730/1535/101 1114/1536/101 731/1537/101
f 731/1537/102 1114/1536/102 1115/1538/102
f 731/1537/102 1115/1538/102 732/1539/102
f 732/1539/103 1115/1538/103 1116/1540/103
f 732/1539/103 1116/1540/103 733/1541/103
f 733/1541/104 1116/1540/104 1117/1542/104
f 733/1541/104 1117/1542/104 734/1543/104
f 734/1543/105 1117/1542/105 1118/1544/105
f 734/1543/105 1118/1544/105 735/1545/105
f 735/1546/106 1118/1547/106 1119/1548/106
f 735/1546/106 1119/1548/106 736/1549/106
f 736/1549/118 1119/1548/118 1120/1550/118
f 736/1549/118 1120/1550/118 737/1551/118
f 737/1551/108 1120/1550/108 1121/1552/108
f 737/1551/109 1121/1552/109 738/1553/109
f 738/1553/110 1121/1552/110 1122/1554/110
f 738/1553/110 1122/1554/110 739/1555/110
f 739/1555/111 1122/1554/111 1123/1556/111
f 739/1555/111 1123/1556/111 740/1474/111
f 740/1474/119 1123/1556/119 1085/1472/119
f 1124/1557/70 635/1558/70 1125/1559/70
f 1125/1559/70 635/1558/70 636/1560/70
f 1125/1559/71 636/1560/71 1126/1561/71
f 1126/1561/71 636/1560/71 637/1562/71
f 1126/1561/72 637/1562/72 638/1563/72
f 1124/1557/73 1127/1564/73 635/1558/73
f 635/1558/73 1127/1564/73 634/1565/73
f 634/1565/74 1127/1564/74 1128/1566/74
f 634/1565/74 1128/1566/74 633/1477/74
f 633/1567/75 1128/1568/75 1129/1569/75
f 633/1567/75 1129/1569/75 632/1570/75
f 632/1570/76 1129/1569/76 1130/1571/76
f 632/1570/77 1130/1571/77 630/1572/77
f 630/1572/78 1130/1571/78 1131/1573/78
f 630/1572/78 1131/1573/78 629/1574/78
f 629/1574/79 1131/1573/79 1132/1575/79
f 629/1574/79 1132/1575/79 628/1576/79
f 628/1576/80 1132/1575/80 1133/1577/80
f 628/1576/80 1133/1577/80 627/1578/80
f 627/1578/81 1133/1577/81 1134/1579/81
f 627/1578/81 1134/1579/81 626/1580/81
f 626/1580/82 1134/1579/82 1135/1581/82
f 626/1580/82 1135/1581/82 741/1582/82
f 741/1582/83 1135/1581/83 1136/1583/83
f 741/1582/83 1136/1583/83 742/1584/83
f 742/1584/84 1136/1583/84 1137/1585/84
f 742/1584/84 1137/1585/84 743/1586/84
f 743/1586/85 1137/1585/85 1138/1587/85
f 743/1586/85 1138/1587/85 744/1499/85
f 744/1499/86 1138/1587/86 1139/1588/86
f 744/1499/86 1139/1588/86 745/1589/86
f 745/1590/87 1139/1591/87 1140/1592/87
f 745/1590/87 1140/1592/87 746/1593/87
f 746/1593/88 1140/1592/88 1141/1594/88
f 746/1593/88 1141/1594/88 747/1595/88
f 747/1595/89 1141/1594/89 1142/1596/89
f 747/1595/89 1142/1596/89 748/1597/89
f 748/1597/90 1142/1596/90 1143/1598/90
f 748/1597/90 1143/1598/90 749/1599/90
f 749/1599/91 1143/1598/91 1144/1600/91
f 749/1599/91 1144/1600/91 750/1601/91
f 750/1601/116 1144/1600/116 1145/1602/116
f 750/1601/92 1145/1602/92 751/1603/92
f 751/1603/1 1145/1602/1 1146/1604/1
f 751/1603/1 1146/1604/1 752/1605/1
f 752/1605/93 1146/1604/93 1147/1606/93
f 752/1605/117 1147/1606/117 753/1607/117
f 753/1607/94 1147/1606/94 1148/1608/94
f 753/1607/94 1148/1608/94 754/1609/94
f 754/1609/95 1148/1608/95 1149/1610/95
f 754/1609/95 1149/1610/95 599/1611/95
f 599/1437/96 1149/1544/96 1150/1612/96
f 599/1437/96 1150/1612/96 600/1438/96
f 600/1438/97 1150/1612/97 1151/1613/97
f 600/1438/97 1151/1613/97 601/1440/97
f 601/1440/98 1151/1613/98 1152/1614/98
f 601/1440/98 1152/1614/98 602/1615/98
f 602/1615/99 1152/1614/99 1153/1616/99
f 602/1615/99 1153/1616/99 603/1444/99
f 603/1444/100 1153/1616/100 1154/1617/100
f 603/1444/100 1154/1617/100 604/1618/100
f 604/1618/101 1154/1617/101 1155/1619/101
f 604/1618/101 1155/1619/101 647/1448/101
f 647/1448/102 1155/1619/102 1156/1620/102
f 647/1448/102 1156/1620/102 646/1621/102
f 646/1621/103 1156/1620/103 1157/1622/103
f 646/1621/103 1157/1622/103 645/1452/103
f 645/1452/104 1157/1622/104 1158/1623/104
f 645/1452/104 1158/1623/104 644/1454/104
f 644/1454/105 1158/1623/105 1159/1525/105
f 644/1454/105 1159/1525/105 643/1456/105
f 643/1611/106 1159/1624/106 1160/1625/106
f 643/1611/106 1160/1625/106 642/1626/106
f 642/1626/107 1160/1625/107 1161/1627/107
f 642/1626/107 1161/1627/107 641/1628/107
f 641/1628/108 1161/1627/108 1162/1629/108
f 641/1628/109 1162/1629/109 640/1630/109
f 640/1630/110 1162/1629/110 1163/1631/110
f 640/1630/110 1163/1631/110 639/1632/110
f 639/1632/111 1163/1631/111 1164/1633/111
f 639/1632/111 1164/1633/111 638/1563/111
f 638/1563/72 1164/1633/72 1126/1561/72
f 1165/1634/70 755/1635/70 1166/1636/70
f 1166/1636/70 755/1635/70 757/1637/70
f 1166/1636/71 757/1637/71 1167/1638/71
f 1167/1638/71 757/1637/71 759/1639/71
f 1167/1638/72 759/1639/72 761/1640/72
f 1165/1634/73 1168/1641/73 755/1635/73
f 755/1635/73 1168/1641/73 776/1642/73
f 776/1642/74 1168/1641/74 1169/1458/74
f 776/1642/74 1169/1458/74 777/1457/74
f 777/1643/75 1169/1644/75 1170/1645/75
f 777/1643/75 1170/1645/75 778/1646/75
f 778/1646/77 1170/1645/77 1171/1647/77
f 778/1646/77 1171/1647/77 780/1648/77
f 780/1648/78 1171/1647/78 1172/1649/78
f 780/1648/78 1172/1649/78 781/1650/78
f 781/1650/79 1172/1649/79 1173/1651/79
f 781/1650/79 1173/1651/79 782/1652/79
f 782/1652/80 1173/1651/80 1174/1653/80
f 782/1652/80 1174/1653/80 783/1654/80
f 783/1654/81 1174/1653/81 1175/1655/81
f 783/1654/81 1175/1655/81 784/1656/81
f 784/1656/82 1175/1655/82 1176/1657/82
f 784/1656/82 1176/1657/82 681/1658/82
f 681/1658/83 1176/1657/83 1177/1659/83
f 681/1658/83 1177/1659/83 679/1660/83
f 679/1660/84 1177/1659/84 1178/1661/84
f 679/1660/84 1178/1661/84 677/1662/84
f 677/1662/85 1178/1661/85 1179/1663/85
f 677/1662/85 1179/1663/85 675/1664/85
f 675/1664/86 1179/1663/86 1180/1665/86
f 675/1664/86 1180/1665/86 673/1666/86
f 673/1667/87 1180/1668/87 1181/1669/87
f 673/1667/87 1181/1669/87 671/1670/87
f 671/1670/88 1181/1669/88 1182/1671/88
f 671/1670/88 1182/1671/88 669/1672/88
f 669/1672/89 1182/1671/89 1183/1673/89
f 669/1672/89 1183/1673/89 667/1674/89
f 667/1674/90 1183/1673/90 1184/1675/90
f 667/1674/90 1184/1675/90 668/1676/90
f 668/1676/91 1184/1675/91 1185/1677/91
f 668/1676/91 1185/1677/91 785/1678/91
f 785/1678/92 1185/1677/92 1186/1679/92
f 785/1678/92 1186/1679/92 786/1680/92
f 786/1680/1 1186/1679/1 1187/1681/1
f 786/1680/1 1187/1681/1 787/1682/1
f 787/1682/93 1187/1681/93 1188/1683/93
f 787/1682/93 1188/1683/93 788/1684/93
f 788/1684/94 1188/1683/94 1189/1685/94
f 788/1684/94 1189/1685/94 789/1686/94
f 789/1686/95 1189/1685/95 1190/1687/95
f 789/1686/95 1190/1687/95 790/1688/95
f 790/1689/96 1190/1690/96 1191/1691/96
f 790/1689/96 1191/1691/96 791/1692/96
f 791/1692/97 1191/1691/97 1192/1693/97
f 791/1692/97 1192/1693/97 792/1694/97
f 792/1694/98 1192/1693/98 1193/1695/98
f 792/1694/98 1193/1695/98 793/1696/98
f 793/1696/99 1193/1695/99 1194/1697/99
f 793/1696/99 1194/1697/99 794/1698/99
f 794/1698/100 1194/1697/100 1195/1699/100
f 794/1698/100 1195/1699/100 795/1700/100
f 795/1700/101 1195/1699/101 1196/1701/101
f 795/1700/101 1196/1701/101 796/1702/101
f 796/1702/102 1196/1701/102 1197/1703/102
f 796/1702/102 1197/1703/102 797/1704/102
f 797/1704/103 1197/1703/103 1198/1705/103
f 797/1704/103 1198/1705/103 798/1706/103
f 798/1706/120 1198/1705/120 1199/1707/120
f 798/1706/120 1199/1707/120 773/1708/120
f 773/1708/121 1199/1707/121 1200/1709/121
f 773/1708/121 1200/1709/121 771/1710/121
f 771/1711/106 1200/1712/106 1201/1713/106
f 771/1711/106 1201/1713/106 769/1714/106
f 769/1714/118 1201/1713/118 1202/1715/118
f 769/1714/118 1202/1715/118 767/1716/118
f 767/1716/108 1202/1715/108 1203/1717/108
f 767/1716/109 1203/1717/109 765/1718/109
f 765/1718/110 1203/1717/110 1204/1719/110
f 765/1718/110 1204/1719/110 763/1720/110
f 763/1720/111 1204/1719/111 1205/1721/111
f 763/1720/111 1205/1721/111 761/1640/111
f 761/1640/72 1205/1721/72 1167/1638/72
f 1206/1722/70 712/1723/70 1207/1724/70
f 1207/1724/70 712/1723/70 714/1725/70
f 1207/1724/71 714/1725/71 1208/1726/71
f 1208/1726/71 714/1725/71 716/1727/71
f 1208/1726/72 716/1727/72 718/1728/72
f 1206/1722/73 1209/1729/73 712/1723/73
f 712/1723/73 1209/1729/73 709/1730/73
f 709/1730/74 1209/1729/74 1210/1731/74
f 709/1730/74 1210/1731/74 710/1732/74
f 710/1164/75 1210/1733/75 1211/1734/75
f 710/1164/75 1211/1734/75 799/1735/75
f 799/1735/77 1211/1734/77 1212/1736/77
f 799/1735/77 1212/1736/77 800/1737/77
f 800/1737/78 1212/1736/78 1213/1738/78
f 800/1737/78 1213/1738/78 802/1739/78
f 802/1739/79 1213/1738/79 1214/1740/79
f 802/1739/79 1214/1740/79 803/1741/79
f 803/1741/80 1214/1740/80 1215/1742/80
f 803/1741/80 1215/1742/80 804/1743/80
f 804/1743/81 1215/1742/81 1216/1744/81
f 804/1743/81 1216/1744/81 805/1745/81
f 805/1745/82 1216/1744/82 1217/1746/82
f 805/1745/82 1217/1746/82 806/1747/82
f 806/1747/83 1217/1746/83 1218/1748/83
f 806/1747/83 1218/1748/83 807/1749/83
f 807/1749/84 1218/1748/84 1219/1750/84
f 807/1749/84 1219/1750/84 808/1751/84
f 808/1751/85 1219/1750/85 1220/1752/85
f 808/1751/85 1220/1752/85 809/1753/85
f 809/1753/86 1220/1752/86 1221/1754/86
f 809/1753/86 1221/1754/86 810/1755/86
f 810/1756/87 1221/1757/87 1222/1758/87
f 810/1756/87 1222/1758/87 811/1759/87
f 811/1759/88 1222/1758/88 1223/1760/88
f 811/1759/88 1223/1760/88 812/1761/88
f 812/1761/89 1223/1760/89 1224/1762/89
f 812/1761/89 1224/1762/89 813/1763/89
f 813/1763/90 1224/1762/90 1225/1764/90
f 813/1763/90 1225/1764/90 814/1765/90
f 814/1765/91 1225/1764/91 1226/1766/91
f 814/1765/91 1226/1766/91 815/1767/91
f 815/1767/92 1226/1766/92 1227/1768/92
f 815/1767/92 1227/1768/92 816/1769/92
f 816/1769/1 1227/1768/1 1228/1770/1
f 816/1769/1 1228/1770/1 758/1771/1
f 758/1771/117 1228/1770/117 1229/1772/117
f 758/1771/117 1229/1772/117 760/1773/117
f 760/1773/94 1229/1772/94 1230/1774/94
f 760/1773/94 1230/1774/94 762/1775/94
f 762/1775/95 1230/1774/95 1231/1415/95
f 762/1775/95 1231/1415/95 764/1414/95
f 764/1776/96 1231/1777/96 1232/1778/96
f 764/1776/96 1232/1778/96 766/1779/96
f 766/1779/97 1232/1778/97 1233/1780/97
f 766/1779/97 1233/1780/97 768/1781/97
f 768/1781/98 1233/1780/98 1234/1782/98
f 768/1781/98 1234/1782/98 770/1783/98
f 770/1783/99 1234/1782/99 1235/1784/99
f 770/1783/99 1235/1784/99 772/1785/99
f 772/1785/100 1235/1784/100 1236/1786/100
f 772/1785/100 1236/1786/100 774/1787/100
f 774/1787/101 1236/1786/101 1237/1788/101
f 774/1787/101 1237/1788/101 775/1789/101
f 775/1789/102 1237/1788/102 1238/1790/102
f 775/1789/102 1238/1790/102 655/1791/102
f 655/1791/103 1238/1790/103 1239/1792/103
f 655/1791/103 1239/1792/103 656/1793/103
f 656/1793/120 1239/1792/120 1240/1794/120
f 656/1793/120 1240/1794/120 657/1795/120
f 657/1795/121 1240/1794/121 1241/1796/121
f 657/1795/121 1241/1796/121 728/1797/121
f 728/1389/106 1241/1388/106 1242/1798/106
f 728/1389/106 1242/1798/106 726/1799/106
f 726/1799/118 1242/1798/118 1243/1800/118
f 726/1799/118 1243/1800/118 724/1801/118
f 724/1801/108 1243/1800/108 1244/1802/108
f 724/1801/108 1244/1802/108 722/1803/108
f 722/1803/110 1244/1802/110 1245/1804/110
f 722/1803/110 1245/1804/110 720/1805/110
f 720/1805/111 1245/1804/111 1246/1806/111
f 720/1805/111 1246/1806/111 718/1728/111
f 718/1728/72 1246/1806/72 1208/1726/72
f 585/1807/31 1039/1808/31 592/825/31
f 592/825/31 1039/1808/31 1040/1809/31
f 261/1810/65 262/1811/65 1041/1812/65
f 1041/1812/65 262/1811/65 263/1813/65
f 1041/1812/41 263/1813/41 1247/1814/41
f 1247/1814/65 263/1813/65 1248/1815/65
f 1248/1815/122 263/1813/122 264/1816/122
f 1248/1815/65 264/1816/65 1249/1817/65
f 1249/1817/65 264/1816/65 265/1818/65
f 1249/1817/65 265/1818/65 1250/1819/65
f 1250/1819/65 265/1818/65 266/1820/65
f 1250/1819/65 266/1820/65 1251/1821/65
f 1251/1821/65 266/1820/65 267/1822/65
f 1251/1821/65 267/1822/65 1252/1823/65
f 1252/1823/65 267/1822/65 268/1824/65
f 1252/1823/65 268/1824/65 1253/1825/65
f 1253/1825/65 268/1824/65 269/1826/65
f 1253/1825/65 269/1826/65 1254/1827/65
f 1254/1827/65 269/1826/65 270/1828/65
f 1254/1827/65 270/1828/65 271/1829/65
f 1254/1827/65 271/1829/65 1255/1830/65
f 1255/1830/65 271/1829/65 272/1831/65
f 1255/1830/65 272/1831/65 1256/1832/65
f 1256/1832/65 272/1831/65 273/1833/65
f 1256/1832/65 273/1833/65 1257/1834/65
f 1257/1834/65 273/1833/65 274/1835/65
f 1257/1834/65 274/1835/65 1258/1836/65
f 1258/1836/65 274/1835/65 275/1837/65
f 1258/1836/65 275/1837/65 1259/1838/65
f 1259/1838/65 275/1837/65 276/1839/65
f 1259/1838/65 276/1839/65 1260/1840/65
f 1260/1840/65 276/1839/65 277/1841/65
f 1260/1840/65 277/1841/65 1261/1842/65
f 1261/1842/65 277/1841/65 278/1843/65
f 1261/1842/65 278/1843/65 1262/1844/65
f 1262/1844/65 278/1843/65 279/1845/65
f 1262/1844/65 279/1845/65 1263/1846/65
f 1263/1846/65 279/1845/65 407/1847/65
f 1263/1846/65 407/1847/65 1264/1848/65
f 1264/1848/65 407/1847/65 408/1849/65
f 1264/1848/65 408/1849/65 409/1850/65
f 407/1847/65 279/1845/65 406/1851/65
f 406/1851/65 279/1845/65 280/1852/65
f 406/1851/65 280/1852/65 405/1853/65
f 405/1853/65 280/1852/65 281/1854/65
f 405/1853/65 281/1854/65 440/1855/65
f 440/1855/65 281/1854/65 282/1856/65
f 440/1855/65 282/1856/65 439/1857/65
f 439/1857/65 282/1856/65 283/1858/65
f 439/1857/65 283/1858/65 481/1859/65
f 481/1859/65 283/1858/65 349/1860/65
f 481/1859/65 349/1860/65 480/1861/65
f 480/1861/65 349/1860/65 350/1862/65
f 480/1861/65 350/1862/65 479/1863/65
f 479/1863/65 350/1862/65 351/1864/65
f 479/1863/65 351/1864/65 478/1865/65
f 478/1865/65 351/1864/65 352/1866/65
f 478/1865/65 352/1866/65 477/1867/65
f 477/1867/65 352/1866/65 353/1868/65
f 477/1867/65 353/1868/65 512/1869/65
f 512/1869/65 353/1868/65 354/1870/65
f 512/1869/65 354/1870/65 511/1871/65
f 511/1871/65 354/1870/65 355/1872/65
f 511/1871/65 355/1872/65 510/1873/65
f 510/1873/65 355/1872/65 356/1874/65
f 510/1873/65 356/1874/65 509/1875/65
f 509/1875/65 356/1874/65 357/1876/65
f 509/1875/65 357/1876/65 508/1877/65
f 508/1877/65 357/1876/65 358/1878/65
f 508/1877/65 358/1878/65 507/1879/65
f 507/1879/65 358/1878/65 359/1880/65
f 507/1879/65 359/1880/65 1041/1812/65
f 1041/1812/65 359/1880/65 360/1881/65
f 1041/1812/65 360/1881/65 361/1882/65
f 283/1858/65 284/1883/65 349/1860/65
f 349/1860/65 284/1883/65 348/1884/65
f 348/1884/65 284/1883/65 285/1885/65
f 348/1884/65 285/1885/65 347/1886/65
f 347/1886/65 285/1885/65 286/1887/65
f 347/1886/65 286/1887/65 346/1888/65
f 346/1888/65 286/1887/65 287/1889/65
f 346/1888/65 287/1889/65 345/1890/65
f 345/1890/65 287/1889/65 288/1891/65
f 345/1890/65 288/1891/65 344/1892/65
f 344/1892/65 288/1891/65 289/1893/65
f 344/1892/65 289/1893/65 343/1894/65
f 343/1894/65 289/1893/65 342/1895/65
f 342/1895/65 289/1893/65 290/1896/65
f 342/1895/65 290/1896/65 341/1897/65
f 341/1897/65 290/1896/65 291/1898/65
f 341/1897/65 291/1898/65 340/1899/65
f 340/1899/65 291/1898/65 292/1900/65
f 340/1899/65 292/1900/65 339/1901/65
f 339/1901/65 292/1900/65 293/1902/65
f 339/1901/65 293/1902/65 294/1903/65
f 339/1901/65 294/1903/65 338/1904/65
f 338/1904/65 294/1903/65 295/1905/65
f 338/1904/65 295/1905/65 337/1906/65
f 337/1906/65 295/1905/65 1041/1812/65
f 337/1906/65 1041/1812/65 336/1907/65
f 336/1907/65 1041/1812/65 335/1908/65
f 335/1908/65 1041/1812/65 334/1909/65
f 334/1909/65 1041/1812/65 333/1910/65
f 333/1910/65 1041/1812/65 368/1911/65
f 368/1911/65 1041/1812/65 367/1912/65
f 367/1912/65 1041/1812/65 366/1913/65
f 366/1913/65 1041/1812/65 365/1914/65
f 365/1914/65 1041/1812/65 364/1915/65
f 364/1915/65 1041/1812/65 363/1916/65
f 363/1916/65 1041/1812/65 362/1917/65
f 362/1917/65 1041/1812/65 361/1882/65
f 295/1905/65 296/1918/65 1041/1812/65
f 1041/1812/65 296/1918/65 261/1810/65
f 1264/1848/65 409/1850/65 1265/1919/65
f 1265/1919/65 409/1850/65 410/1920/65
f 1265/1919/65 410/1920/65 1266/1921/65
f 1266/1921/65 410/1920/65 411/1922/65
f 1266/1921/65 411/1922/65 1267/1923/65
f 1267/1923/65 411/1922/65 412/1924/65
f 1267/1923/65 412/1924/65 413/1925/65
f 413/1925/65 414/1926/65 1267/1923/65
f 1267/1923/65 414/1926/65 1268/1927/65
f 1267/1923/65 1268/1927/65 1269/1928/65
f 1269/1928/65 1268/1927/65 1270/1929/65
f 1270/1929/65 1268/1927/65 1271/1930/65
f 1270/1929/65 1271/1930/65 1272/1931/65
f 414/1926/65 415/1932/65 1268/1927/65
f 1268/1927/65 415/1932/65 416/1933/65
f 1268/1927/65 416/1933/65 1273/1934/65
f 1273/1934/65 416/1933/65 417/1935/65
f 1273/1934/65 417/1935/65 1274/1936/65
f 1274/1936/65 417/1935/65 418/1937/65
f 1274/1936/65 418/1937/65 1275/1938/65
f 1275/1938/65 418/1937/65 1276/1939/65
f 1276/1939/65 418/1937/65 419/1940/65
f 1276/1939/65 419/1940/65 1277/1941/65
f 1277/1941/65 419/1940/65 420/1942/65
f 1277/1941/65 420/1942/65 1278/1943/65
f 1278/1943/65 420/1942/65 421/1944/65
f 1278/1943/65 421/1944/65 1279/1945/65
f 1279/1945/65 421/1944/65 422/1946/65
f 1279/1945/65 422/1946/65 1280/1947/65
f 1280/1947/65 422/1946/65 423/1948/65
f 1280/1947/65 423/1948/65 1281/1949/65
f 1281/1949/65 423/1948/65 424/1950/65
f 1281/1949/65 424/1950/65 1282/1951/65
f 1282/1951/65 424/1950/65 425/1952/65
f 1282/1951/65 425/1952/65 1283/1953/65
f 1283/1953/65 425/1952/65 426/1954/65
f 1283/1953/65 426/1954/65 1284/1955/65
f 1284/1955/65 426/1954/65 427/1956/65
f 1284/1955/65 427/1956/65 1285/1957/65
f 1285/1957/65 427/1956/65 428/1958/65
f 1285/1957/65 428/1958/65 1286/1959/65
f 1286/1959/65 428/1958/65 429/1960/65
f 1286/1959/65 429/1960/65 1287/1961/65
f 1287/1961/65 429/1960/65 491/1962/65
f 1287/1961/65 491/1962/65 835/1963/65
f 835/1963/65 491/1962/65 833/1964/65
f 833/1964/65 491/1962/65 492/1965/65
f 833/1964/65 492/1965/65 831/1966/65
f 831/1966/65 492/1965/65 493/1967/65
f 831/1966/65 493/1967/65 829/1968/65
f 829/1968/65 493/1967/65 494/1969/65
f 829/1968/65 494/1969/65 827/1970/65
f 827/1970/65 494/1969/65 495/1971/65
f 827/1970/65 495/1971/65 825/1972/65
f 825/1972/65 495/1971/65 496/1973/65
f 825/1972/65 496/1973/65 823/1974/65
f 823/1974/65 496/1973/65 497/1975/65
f 823/1974/65 497/1975/65 849/1976/65
f 849/1976/65 497/1975/65 498/1977/65
f 849/1976/65 498/1977/65 851/1978/65
f 851/1978/65 498/1977/65 499/1979/65
f 851/1978/65 499/1979/65 853/1980/65
f 853/1980/65 499/1979/65 500/1981/65
f 853/1980/65 500/1981/65 855/1982/65
f 855/1982/65 500/1981/65 501/1983/65
f 855/1982/65 501/1983/65 857/1984/65
f 857/1984/65 501/1983/65 502/1985/65
f 857/1984/65 502/1985/65 859/1986/65
f 859/1986/65 502/1985/65 503/1987/65
f 859/1986/65 503/1987/65 861/1988/65
f 861/1988/123 503/1987/123 504/1989/123
f 861/1988/65 504/1989/65 863/1990/65
f 863/1990/41 504/1989/41 1041/1812/41
f 863/1990/65 1041/1812/65 591/1991/65
f 429/1960/65 430/1992/65 491/1962/65
f 491/1962/65 430/1992/65 490/1993/65
f 490/1993/65 430/1992/65 431/1994/65
f 490/1993/65 431/1994/65 489/1995/65
f 489/1995/65 431/1994/65 432/1996/65
f 489/1995/65 432/1996/65 488/1997/65
f 488/1997/65 432/1996/65 433/1998/65
f 488/1997/65 433/1998/65 487/1999/65
f 487/1999/65 433/1998/65 486/2000/65
f 486/2000/65 433/1998/65 434/2001/65
f 486/2000/65 434/2001/65 485/2002/65
f 485/2002/65 434/2001/65 435/2003/65
f 485/2002/65 435/2003/65 436/2004/65
f 485/2002/65 436/2004/65 484/2005/65
f 484/2005/65 436/2004/65 437/2006/65
f 484/2005/65 437/2006/65 483/2007/65
f 483/2007/65 437/2006/65 438/2008/65
f 483/2007/65 438/2008/65 482/2009/65
f 482/2009/65 438/2008/65 439/1857/65
f 482/2009/65 439/1857/65 481/1859/65
f 504/1989/65 505/2010/65 1041/1812/65
f 1041/1812/65 505/2010/65 506/2011/65
f 1041/1812/65 506/2011/65 507/1879/65
f 514/2012/65 591/1991/65 516/2013/65
f 516/2013/65 591/1991/65 592/2014/65
f 516/2013/65 592/2014/65 518/2015/65
f 518/2015/65 592/2014/65 520/2016/65
f 520/2016/65 592/2014/65 522/2017/65
f 522/2017/65 592/2014/65 1066/2018/65
f 522/2017/65 1066/2018/65 524/2019/65
f 524/2019/65 1066/2018/65 1065/2020/65
f 524/2019/65 1065/2020/65 526/2021/65
f 526/2021/65 1065/2020/65 1064/2022/65
f 526/2021/65 1064/2022/65 528/2023/65
f 528/2023/65 1064/2022/65 1063/2024/65
f 528/2023/65 1063/2024/65 530/2025/65
f 530/2025/65 1063/2024/65 532/2026/65
f 532/2026/65 1063/2024/65 1062/2027/65
f 532/2026/65 1062/2027/65 534/2028/65
f 534/2028/65 1062/2027/65 1061/2029/65
f 534/2028/65 1061/2029/65 536/2030/65
f 536/2030/65 1061/2029/65 1060/2031/65
f 536/2030/65 1060/2031/65 538/2032/65
f 538/2032/65 1060/2031/65 1059/2033/65
f 538/2032/65 1059/2033/65 540/2034/65
f 540/2034/65 1059/2033/65 1058/2035/65
f 540/2034/65 1058/2035/65 542/2036/65
f 542/2036/65 1058/2035/65 1057/2037/65
f 542/2036/65 1057/2037/65 544/2038/65
f 544/2038/65 1057/2037/65 1056/2039/65
f 544/2038/65 1056/2039/65 546/2040/65
f 546/2040/65 1056/2039/65 1055/2041/65
f 546/2040/65 1055/2041/65 548/2042/65
f 548/2042/65 1055/2041/65 1054/2043/65
f 548/2042/65 1054/2043/65 550/2044/65
f 550/2044/65 1054/2043/65 1053/2045/65
f 550/2044/65 1053/2045/65 552/2046/65
f 552/2046/65 1053/2045/65 1052/2047/65
f 552/2046/65 1052/2047/65 1051/2048/65
f 514/2012/65 584/2049/65 591/1991/65
f 591/1991/65 584/2049/65 582/2050/65
f 591/1991/65 582/2050/65 580/2051/65
f 591/1991/65 580/2051/65 1149/2052/65
f 1149/2052/65 580/2051/65 578/2053/65
f 1149/2052/65 578/2053/65 1150/2054/65
f 1150/2054/65 578/2053/65 576/2055/65
f 1150/2054/65 576/2055/65 1151/2056/65
f 1151/2056/65 576/2055/65 574/2057/65
f 1151/2056/65 574/2057/65 1152/2058/65
f 1152/2058/65 574/2057/65 572/2059/65
f 1152/2058/65 572/2059/65 1153/2060/65
f 1153/2060/65 572/2059/65 570/2061/65
f 1153/2060/65 570/2061/65 1154/2062/65
f 1154/2062/65 570/2061/65 568/2063/65
f 1154/2062/65 568/2063/65 1155/2064/65
f 1155/2064/65 568/2063/65 566/2065/65
f 1155/2064/65 566/2065/65 1288/2066/65
f 1288/2066/65 566/2065/65 1289/2067/65
f 1289/2067/65 566/2065/65 564/2068/65
f 1289/2067/65 564/2068/65 1290/2069/65
f 1290/2069/65 564/2068/65 562/2070/65
f 1290/2069/65 562/2070/65 1291/2071/65
f 1291/2071/65 562/2070/65 560/2072/65
f 1291/2071/65 560/2072/65 1292/2073/65
f 1292/2073/65 560/2072/65 558/2074/65
f 1292/2073/65 558/2074/65 1293/2075/65
f 1293/2075/65 558/2074/65 556/2076/65
f 1293/2075/65 556/2076/65 1049/2077/65
f 1049/2077/65 556/2076/65 1050/2078/65
f 1050/2078/65 556/2076/65 554/2079/65
f 1050/2078/65 554/2079/65 1051/2048/65
f 1051/2048/65 554/2079/65 552/2046/65
f 1044/2080/65 1294/2081/65 1043/2082/65
f 1043/2082/65 1294/2081/65 1295/2083/65
f 1043/2082/65 1295/2083/65 1042/2084/65
f 1042/2084/65 1295/2083/65 1296/2085/65
f 1042/2084/65 1296/2085/65 1297/2086/65
f 1294/2081/65 1044/2080/65 1298/2087/65
f 1298/2087/65 1044/2080/65 1082/2088/65
f 1298/2087/65 1082/2088/65 1299/2089/65
f 1299/2089/65 1082/2088/65 1081/2090/65
f 1299/2089/65 1081/2090/65 1080/2091/65
f 1299/2089/65 1080/2091/65 1300/2092/65
f 1300/2092/65 1080/2091/65 1079/2093/65
f 1300/2092/65 1079/2093/65 1301/2094/65
f 1301/2094/65 1079/2093/65 1078/2095/65
f 1301/2094/65 1078/2095/65 1077/2096/65
f 1301/2094/65 1077/2096/65 1302/2097/65
f 1302/2097/65 1077/2096/65 1076/2098/65
f 1302/2097/65 1076/2098/65 1303/2099/65
f 1303/2099/65 1076/2098/65 1075/2100/65
f 1303/2099/65 1075/2100/65 1175/2101/65
f 1175/2101/65 1075/2100/65 1074/2102/65
f 1175/2101/65 1074/2102/65 1176/2103/65
f 1176/2103/65 1074/2102/65 1073/2104/65
f 1176/2103/65 1073/2104/65 1177/2105/65
f 1177/2105/65 1073/2104/65 1072/2106/65
f 1177/2105/65 1072/2106/65 1178/2107/65
f 1178/2107/65 1072/2106/65 1071/2108/65
f 1178/2107/65 1071/2108/65 1179/2109/65
f 1179/2109/65 1071/2108/65 1070/2110/65
f 1179/2109/65 1070/2110/65 1180/2111/65
f 1180/2111/65 1070/2110/65 1069/2112/65
f 1180/2111/65 1069/2112/65 1181/2113/65
f 1181/2113/65 1069/2112/65 1068/2114/65
f 1181/2113/65 1068/2114/65 1182/2115/65
f 1182/2115/65 1068/2114/65 1067/2116/65
f 1182/2115/65 1067/2116/65 1183/2117/65
f 1183/2117/65 1067/2116/65 592/2014/65
f 1183/2117/65 592/2014/65 1184/2118/65
f 1184/2118/65 592/2014/65 1185/2119/65
f 1185/2119/65 592/2014/65 1186/2120/65
f 1186/2120/65 592/2014/65 1187/2121/65
f 1187/2121/65 592/2014/65 1188/2122/65
f 1188/2122/65 592/2014/65 1189/2123/65
f 1189/2123/65 592/2014/65 1190/2124/65
f 1190/2124/65 592/2014/65 1191/2125/65
f 1191/2125/65 592/2014/65 1192/2126/65
f 1192/2126/65 592/2014/65 1193/2127/65
f 1193/2127/65 592/2014/65 1194/2128/65
f 1194/2128/65 592/2014/65 1195/2129/65
f 1195/2129/65 592/2014/65 1196/2130/65
f 1196/2130/65 592/2014/65 1197/2131/65
f 1197/2131/65 592/2014/65 1198/2132/65
f 1198/2132/65 592/2014/65 1199/2133/65
f 1199/2133/65 592/2014/65 1235/2134/65
f 1199/2133/65 1235/2134/65 1200/2135/65
f 1200/2135/65 1235/2134/65 1234/2136/65
f 1200/2135/65 1234/2136/65 1201/2137/65
f 1201/2137/65 1234/2136/65 1233/2138/65
f 1201/2137/65 1233/2138/65 1202/2139/65
f 1202/2139/65 1233/2138/65 1232/2140/65
f 1202/2139/65 1232/2140/65 1203/2141/65
f 1203/2141/65 1232/2140/65 1231/2142/65
f 1203/2141/65 1231/2142/65 1204/2143/65
f 1204/2143/65 1231/2142/65 1230/2144/65
f 1204/2143/65 1230/2144/65 1205/2145/65
f 1205/2145/65 1230/2144/65 1229/2146/65
f 1205/2145/65 1229/2146/65 1167/2147/65
f 1167/2147/65 1229/2146/65 1228/2148/65
f 1167/2147/65 1228/2148/65 1166/2149/65
f 1166/2149/65 1228/2148/65 1227/2150/65
f 1166/2149/65 1227/2150/65 1165/2151/65
f 1165/2151/65 1227/2150/65 1226/2152/65
f 1165/2151/65 1226/2152/65 1168/2153/65
f 1168/2153/65 1226/2152/65 1304/2154/65
f 1168/2153/65 1304/2154/65 1169/2155/65
f 1169/2155/65 1304/2154/65 1305/2156/65
f 1169/2155/65 1305/2156/65 1170/2157/65
f 1170/2157/65 1305/2156/65 1306/2158/65
f 1170/2157/65 1306/2158/65 1307/2159/65
f 1067/2116/65 1066/2018/65 592/2014/65
f 1293/2075/65 1049/2077/65 1308/2160/65
f 1308/2160/65 1049/2077/65 1048/2161/65
f 1308/2160/65 1048/2161/65 1047/2162/65
f 1308/2160/65 1047/2162/65 1309/2163/65
f 1309/2163/65 1047/2162/65 1046/2164/65
f 1309/2163/65 1046/2164/65 1310/2165/65
f 1310/2165/65 1046/2164/65 1311/2166/65
f 1311/2166/65 1046/2164/65 1045/2167/65
f 1311/2166/65 1045/2167/65 1312/2168/65
f 1312/2168/65 1045/2167/65 1297/2086/65
f 1297/2086/65 1045/2167/65 1042/2084/65
f 1083/2169/65 1084/2170/65 1040/2171/65
f 1040/2171/65 1084/2170/65 1085/2172/65
f 1040/2171/65 1085/2172/65 1123/2173/65
f 1123/2173/65 1122/2174/65 1040/2171/65
f 1040/2171/65 1122/2174/65 1121/2175/65
f 1040/2171/65 1121/2175/65 1120/2176/65
f 1120/2176/65 1119/2177/65 1040/2171/65
f 1040/2171/65 1119/2177/65 1118/2178/65
f 1040/2171/65 1118/2178/65 1117/2179/65
f 1117/2179/65 1116/2180/65 1040/2171/65
f 1040/2171/65 1116/2180/65 1115/2181/65
f 1040/2171/65 1115/2181/65 1114/2182/65
f 1114/2182/65 1113/2183/65 1040/2171/65
f 1040/2171/65 1113/2183/65 1112/2184/65
f 1040/2171/65 1112/2184/65 1241/2185/65
f 1241/2185/65 1112/2184/65 1111/2186/65
f 1241/2185/65 1111/2186/65 1242/2187/65
f 1242/2187/65 1111/2186/65 1110/2188/65
f 1242/2187/65 1110/2188/65 1243/2189/65
f 1243/2189/65 1110/2188/65 1109/2190/65
f 1243/2189/65 1109/2190/65 1244/2191/65
f 1244/2191/65 1109/2190/65 1108/2192/65
f 1244/2191/65 1108/2192/65 1245/2193/65
f 1245/2193/65 1108/2192/65 1107/2194/65
f 1245/2193/65 1107/2194/65 1246/2195/65
f 1246/2195/65 1107/2194/65 1106/2196/65
f 1246/2195/65 1106/2196/65 1208/2197/65
f 1208/2197/65 1106/2196/65 1105/2198/65
f 1208/2197/65 1105/2198/65 1313/2199/65
f 1313/2199/65 1105/2198/65 1104/2200/65
f 1313/2199/65 1104/2200/65 1314/2201/65
f 1314/2201/65 1104/2200/65 1315/2202/65
f 1315/2202/65 1104/2200/65 1103/2203/65
f 1315/2202/65 1103/2203/65 1316/2204/65
f 1316/2204/65 1103/2203/65 1102/2205/65
f 1316/2204/65 1102/2205/65 1317/2206/65
f 1317/2206/65 1102/2205/65 1101/2207/65
f 1317/2206/65 1101/2207/65 1318/2208/65
f 1318/2208/65 1101/2207/65 1319/2209/65
f 1319/2209/65 1101/2207/65 1100/2210/65
f 1319/2209/65 1100/2210/65 1320/2211/65
f 1320/2211/65 1100/2210/65 1099/2212/65
f 1320/2211/65 1099/2212/65 1321/2213/65
f 1321/2213/65 1099/2212/65 1098/2214/65
f 1321/2213/65 1098/2214/65 1322/2215/65
f 1322/2215/65 1098/2214/65 1097/2216/65
f 1322/2215/65 1097/2216/65 1323/2217/65
f 1323/2217/65 1097/2216/65 1096/2218/65
f 1323/2217/65 1096/2218/65 1324/2219/65
f 1324/2219/65 1096/2218/65 1095/2220/65
f 1324/2219/65 1095/2220/65 1325/2221/65
f 1325/2221/65 1095/2220/65 1094/2222/65
f 1325/2221/65 1094/2222/65 1326/2223/65
f 1326/2223/65 1094/2222/65 1093/2224/65
f 1326/2223/65 1093/2224/65 1327/2225/65
f 1327/2225/65 1093/2224/65 1092/2226/65
f 1327/2225/65 1092/2226/65 1091/2227/65
f 1327/2225/65 1091/2227/65 1328/2228/65
f 1328/2228/65 1091/2227/65 1090/2229/65
f 1328/2228/65 1090/2229/65 1329/2230/65
f 1329/2230/65 1090/2229/65 1089/2231/65
f 1329/2230/65 1089/2231/65 1088/2232/65
f 1087/2233/65 1330/2234/65 1088/2232/65
f 1088/2232/65 1330/2234/65 1331/2235/65
f 1088/2232/65 1331/2235/65 1332/2236/65
f 1332/2236/65 1331/2235/65 1333/2237/65
f 1333/2237/65 1331/2235/65 1334/2238/65
f 1333/2237/65 1334/2238/65 1335/2239/65
f 1335/2239/65 1334/2238/65 1336/2240/65
f 1335/2239/65 1336/2240/65 1337/2241/65
f 1337/2241/65 1336/2240/65 1338/2242/65
f 1337/2241/65 1338/2242/65 1339/2243/65
f 1339/2243/65 1338/2242/65 1340/2244/65
f 1339/2243/65 1340/2244/65 1341/2245/65
f 1341/2245/65 1340/2244/65 1342/2246/65
f 1341/2245/65 1342/2246/65 1343/2247/65
f 1343/2247/65 1342/2246/65 1344/2248/65
f 1343/2247/65 1344/2248/65 1345/2249/65
f 1345/2249/65 1344/2248/65 1346/2250/65
f 1345/2249/65 1346/2250/65 1347/2251/65
f 1330/2234/65 1087/2233/65 1040/2171/65
f 1040/2171/65 1087/2233/65 1086/2252/65
f 1040/2171/65 1086/2252/65 1083/2169/65
f 1126/2253/65 988/2254/65 1125/2255/65
f 1125/2255/65 988/2254/65 986/2256/65
f 1125/2255/65 986/2256/65 1124/2257/65
f 1124/2257/65 986/2256/65 984/2258/65
f 1124/2257/65 984/2258/65 1127/2259/65
f 1127/2259/65 984/2258/65 982/2260/65
f 1127/2259/65 982/2260/65 1128/2261/65
f 1128/2261/65 982/2260/65 980/2262/65
f 1128/2261/65 980/2262/65 1129/2263/65
f 1129/2263/65 980/2262/65 978/2264/65
f 1129/2263/65 978/2264/65 1130/2265/65
f 1130/2265/65 978/2264/65 976/2266/65
f 1130/2265/65 976/2266/65 1131/2267/65
f 1131/2267/65 976/2266/65 974/2268/65
f 1131/2267/65 974/2268/65 1132/2269/65
f 1132/2269/65 974/2268/65 972/2270/65
f 1132/2269/65 972/2270/65 1133/2271/65
f 1133/2271/65 972/2270/65 971/2272/65
f 1133/2271/65 971/2272/65 591/1991/65
f 591/1991/65 971/2272/65 969/2273/65
f 591/1991/65 969/2273/65 864/2274/65
f 864/2274/65 969/2273/65 866/2275/65
f 866/2275/65 969/2273/65 967/2276/65
f 866/2275/65 967/2276/65 868/2277/65
f 868/2277/65 967/2276/65 965/2278/65
f 868/2277/65 965/2278/65 870/2279/65
f 870/2279/65 965/2278/65 963/2280/65
f 870/2279/65 963/2280/65 872/2281/65
f 872/2281/65 963/2280/65 961/2282/65
f 872/2281/65 961/2282/65 874/2283/65
f 874/2283/65 961/2282/65 959/2284/65
f 874/2283/65 959/2284/65 876/2285/65
f 876/2285/65 959/2284/65 957/2286/65
f 876/2285/65 957/2286/65 878/2287/65
f 878/2287/65 957/2286/65 931/2288/65
f 878/2287/65 931/2288/65 880/2289/65
f 880/2289/65 931/2288/65 933/2290/65
f 880/2289/65 933/2290/65 882/2291/65
f 882/2291/65 933/2290/65 935/2292/65
f 882/2291/65 935/2292/65 884/2293/65
f 884/2293/65 935/2292/65 937/2294/65
f 884/2293/65 937/2294/65 886/2295/65
f 886/2295/65 937/2294/65 939/2296/65
f 886/2295/65 939/2296/65 1348/2297/65
f 1348/2297/65 939/2296/65 1349/2298/65
f 1348/2297/65 1349/2298/65 1350/2299/65
f 1350/2299/65 1349/2298/65 1351/2300/65
f 1350/2299/65 1351/2300/65 1352/2301/65
f 1352/2301/65 1351/2300/65 1353/2302/65
f 1352/2301/65 1353/2302/65 1354/2303/65
f 1354/2303/65 1353/2302/65 1355/2304/65
f 1354/2303/65 1355/2304/65 1356/2305/65
f 1356/2305/65 1355/2304/65 1357/2306/65
f 1356/2305/65 1357/2306/65 1358/2307/65
f 1358/2307/65 1357/2306/65 1359/2308/65
f 1359/2308/65 1357/2306/65 1360/2309/65
f 1359/2308/65 1360/2309/65 1361/2310/65
f 1361/2310/65 1360/2309/65 1362/2311/65
f 1361/2310/65 1362/2311/65 1363/2312/65
f 1363/2312/65 1362/2311/65 1364/2313/65
f 1363/2312/65 1364/2313/65 1365/2314/65
f 1365/2314/65 1364/2313/65 1366/2315/65
f 1365/2314/65 1366/2315/65 1367/2316/65
f 1367/2316/65 1366/2315/65 1368/2317/65
f 1367/2316/65 1368/2317/65 1369/2318/65
f 1369/2318/65 1368/2317/65 1370/2319/65
f 1369/2318/65 1370/2319/65 1371/2320/65
f 1371/2320/65 1370/2319/65 1372/2321/65
f 1371/2320/65 1372/2321/65 1373/2322/65
f 1373/2322/65 1372/2321/65 1374/2323/65
f 1373/2322/65 1374/2323/65 1375/2324/65
f 988/2254/65 1126/2253/65 990/2325/65
f 990/2325/65 1126/2253/65 1164/2326/65
f 990/2325/65 1164/2326/65 992/2327/65
f 992/2327/65 1164/2326/65 1163/2328/65
f 992/2327/65 1163/2328/65 994/2329/65
f 994/2329/65 1163/2328/65 1162/2330/65
f 994/2329/65 1162/2330/65 996/2331/65
f 996/2331/65 1162/2330/65 1376/2332/65
f 996/2331/65 1376/2332/65 1377/2333/65
f 1162/2330/65 1161/2334/65 1376/2332/65
f 1376/2332/65 1161/2334/65 1378/2335/65
f 1378/2335/65 1161/2334/65 1160/2336/65
f 1378/2335/65 1160/2336/65 1379/2337/65
f 1379/2337/65 1160/2336/65 1159/2338/65
f 1379/2337/65 1159/2338/65 1158/2339/65
f 1379/2337/65 1158/2339/65 1380/2340/65
f 1380/2340/65 1158/2339/65 1157/2341/65
f 1380/2340/65 1157/2341/65 1156/2342/65
f 1380/2340/65 1156/2342/65 1288/2066/65
f 1288/2066/65 1156/2342/65 1155/2064/65
f 1149/2052/65 1148/2343/65 591/1991/65
f 591/1991/65 1148/2343/65 1147/2344/65
f 591/1991/65 1147/2344/65 1146/2345/65
f 1146/2345/65 1145/2346/65 591/1991/65
f 591/1991/65 1145/2346/65 1144/2347/65
f 591/1991/65 1144/2347/65 1143/2348/65
f 1143/2348/65 1142/2349/65 591/1991/65
f 591/1991/65 1142/2349/65 1141/2350/65
f 591/1991/65 1141/2350/65 1140/2351/65
f 1140/2351/65 1139/2352/65 591/1991/65
f 591/1991/65 1139/2352/65 1138/2353/65
f 591/1991/65 1138/2353/65 1137/2354/65
f 1137/2354/65 1136/2355/65 591/1991/65
f 591/1991/65 1136/2355/65 1135/2356/65
f 591/1991/65 1135/2356/65 1134/2357/65
f 1134/2357/65 1133/2271/65 591/1991/65
f 1175/2101/65 1174/2358/65 1303/2099/65
f 1303/2099/65 1174/2358/65 1381/2359/65
f 1381/2359/65 1174/2358/65 1173/2360/65
f 1381/2359/65 1173/2360/65 1382/2361/65
f 1382/2361/65 1173/2360/65 1172/2362/65
f 1382/2361/65 1172/2362/65 1383/2363/65
f 1383/2363/65 1172/2362/65 1171/2364/65
f 1383/2363/65 1171/2364/65 1307/2159/65
f 1307/2159/65 1171/2364/65 1170/2157/65
f 1208/2197/65 1313/2199/65 1207/2365/65
f 1207/2365/65 1313/2199/65 1384/2366/65
f 1207/2365/65 1384/2366/65 1206/2367/65
f 1206/2367/65 1384/2366/65 1385/2368/65
f 1206/2367/65 1385/2368/65 1209/2369/65
f 1209/2369/65 1385/2368/65 1386/2370/65
f 1209/2369/65 1386/2370/65 1387/2371/65
f 1387/2371/65 1386/2370/65 1388/2372/65
f 1388/2372/65 1386/2370/65 1389/2373/65
f 1388/2372/65 1389/2373/65 1390/2374/65
f 1390/2374/65 1389/2373/65 1391/2375/65
f 1390/2374/65 1391/2375/65 1392/2376/65
f 1392/2376/65 1391/2375/65 1393/2377/65
f 1392/2376/65 1393/2377/65 1394/2378/65
f 1394/2378/65 1393/2377/65 1395/2379/65
f 1394/2378/65 1395/2379/65 1396/2380/65
f 1396/2380/65 1395/2379/65 1397/2381/65
f 1396/2380/65 1397/2381/65 1398/2382/65
f 1398/2382/65 1397/2381/65 1399/2383/65
f 1398/2382/65 1399/2383/65 1400/2384/65
f 1400/2384/65 1399/2383/65 1401/2385/65
f 1401/2385/65 1399/2383/65 1402/2386/65
f 1401/2385/65 1402/2386/65 1403/2387/65
f 1241/2185/65 1240/2388/65 1040/2171/65
f 1040/2171/65 1240/2388/65 1239/2389/65
f 1040/2171/65 1239/2389/65 1238/2390/65
f 1040/2171/65 1238/2390/65 592/2014/65
f 592/2014/65 1238/2390/65 1237/2391/65
f 592/2014/65 1237/2391/65 1236/2392/65
f 1236/2392/65 1235/2134/65 592/2014/65
f 1304/2154/65 1226/2152/65 1404/2393/65
f 1404/2393/65 1226/2152/65 1225/2394/65
f 1404/2393/65 1225/2394/65 1405/2395/65
f 1405/2395/65 1225/2394/65 1224/2396/65
f 1405/2395/65 1224/2396/65 1223/2397/65
f 1405/2395/65 1223/2397/65 1406/2398/65
f 1406/2398/65 1223/2397/65 1222/2399/65
f 1406/2398/65 1222/2399/65 1407/2400/65
f 1407/2400/65 1222/2399/65 1221/2401/65
f 1407/2400/65 1221/2401/65 1408/2402/65
f 1408/2402/65 1221/2401/65 1220/2403/65
f 1408/2402/65 1220/2403/65 1409/2404/65
f 1409/2404/65 1220/2403/65 1219/2405/65
f 1409/2404/65 1219/2405/65 1410/2406/65
f 1410/2406/65 1219/2405/65 1411/2407/65
f 1411/2407/65 1219/2405/65 1218/2408/65
f 1411/2407/65 1218/2408/65 1412/2409/65
f 1412/2409/65 1218/2408/65 1217/2410/65
f 1412/2409/65 1217/2410/65 1413/2411/65
f 1413/2411/65 1217/2410/65 1216/2412/65
f 1413/2411/65 1216/2412/65 1414/2413/65
f 1414/2413/65 1216/2412/65 1215/2414/65
f 1414/2413/65 1215/2414/65 1415/2415/65
f 1415/2415/65 1215/2414/65 1214/2416/65
f 1415/2415/65 1214/2416/65 1416/2417/65
f 1416/2417/65 1214/2416/65 1213/2418/65
f 1416/2417/65 1213/2418/65 1417/2419/65
f 1417/2419/65 1213/2418/65 1212/2420/65
f 1417/2419/65 1212/2420/65 1418/2421/65
f 1418/2421/65 1212/2420/65 1211/2422/65
f 1418/2421/65 1211/2422/65 1419/2423/65
f 1419/2423/65 1211/2422/65 1210/2424/65
f 1419/2423/65 1210/2424/65 1420/2425/65
f 1420/2425/65 1210/2424/65 1209/2369/65
f 1420/2425/65 1209/2369/65 1387/2371/65
f 835/1963/65 837/2426/65 1287/1961/65
f 1287/1961/65 837/2426/65 1421/2427/65
f 1421/2427/65 837/2426/65 839/2428/65
f 1421/2427/65 839/2428/65 1422/2429/65
f 1422/2429/65 839/2428/65 841/2430/65
f 1422/2429/65 841/2430/65 1423/2431/65
f 1423/2431/65 841/2430/65 843/2432/65
f 1423/2431/65 843/2432/65 1424/2433/65
f 1424/2433/65 843/2432/65 896/2434/65
f 1424/2433/65 896/2434/65 1425/2435/65
f 1425/2435/65 896/2434/65 894/2436/65
f 1425/2435/65 894/2436/65 1426/2437/65
f 1426/2437/65 894/2436/65 892/2438/65
f 1426/2437/65 892/2438/65 1427/2439/65
f 1427/2439/65 892/2438/65 890/2440/65
f 1427/2439/65 890/2440/65 1428/2441/65
f 1428/2441/65 890/2440/65 888/2442/65
f 1428/2441/65 888/2442/65 1429/2443/65
f 1429/2443/65 888/2442/65 886/2295/65
f 1429/2443/65 886/2295/65 1348/2297/65
f 864/2274/65 863/1990/65 591/1991/65
f 1274/1936/65 1275/1938/65 1430/2444/65
f 1430/2444/65 1275/1938/65 1431/2445/65
f 1430/2444/65 1431/2445/65 1432/2446/65
f 1432/2446/65 1431/2445/65 1433/2447/65
f 1432/2446/65 1433/2447/65 1434/2448/65
f 1434/2448/65 1433/2447/65 1435/2449/65
f 1434/2448/65 1435/2449/65 1436/2450/65
f 1436/2450/65 1435/2449/65 1437/2451/65
f 1436/2450/65 1437/2451/65 1438/2452/65
f 1438/2452/65 1437/2451/65 1439/2453/65
f 1438/2452/65 1439/2453/65 1440/2454/65
f 1440/2454/65 1439/2453/65 1441/2455/65
f 1440/2454/65 1441/2455/65 1442/2456/65
f 1442/2456/65 1441/2455/65 1443/2457/65
f 1442/2456/65 1443/2457/65 1444/2458/65
f 1442/2456/65 1444/2458/65 1445/2459/65
f 1445/2459/65 1444/2458/65 1446/2460/65
f 1445/2459/65 1446/2460/65 1358/2307/65
f 1358/2307/65 1446/2460/65 1356/2305/65
f 939/2296/65 941/2461/65 1349/2298/65
f 1349/2298/65 941/2461/65 1447/2462/65
f 1447/2462/65 941/2461/65 943/2463/65
f 1447/2462/65 943/2463/65 1448/2464/65
f 1448/2464/65 943/2463/65 945/2465/65
f 1448/2464/65 945/2465/65 1449/2466/65
f 1449/2466/65 945/2465/65 947/2467/65
f 1449/2466/65 947/2467/65 1450/2468/65
f 1450/2468/65 947/2467/65 949/2469/65
f 1450/2468/65 949/2469/65 1451/2470/65
f 1451/2470/65 949/2469/65 951/2471/65
f 1451/2470/65 951/2471/65 1452/2472/65
f 1452/2472/65 951/2471/65 1004/2473/65
f 1452/2472/65 1004/2473/65 1453/2474/65
f 1453/2474/65 1004/2473/65 1002/2475/65
f 1453/2474/65 1002/2475/65 1454/2476/65
f 1454/2476/65 1002/2475/65 1000/2477/65
f 1454/2476/65 1000/2477/65 1455/2478/65
f 1455/2478/65 1000/2477/65 998/2479/65
f 1455/2478/65 998/2479/65 1377/2333/65
f 1377/2333/65 998/2479/65 996/2331/65
f 1373/2322/65 1375/2324/65 1456/2480/65
f 1456/2480/65 1375/2324/65 1457/2481/65
f 1456/2480/65 1457/2481/65 1458/2482/65
f 1458/2482/65 1457/2481/65 1459/2483/65
f 1458/2482/65 1459/2483/65 1460/2484/65
f 1460/2484/65 1459/2483/65 1461/2485/65
f 1460/2484/65 1461/2485/65 1462/2486/65
f 1462/2486/65 1461/2485/65 1463/2487/65
f 1462/2486/65 1463/2487/65 1464/2488/65
f 1464/2488/65 1463/2487/65 1465/2489/65
f 1464/2488/65 1465/2489/65 1466/2490/65
f 1466/2490/65 1465/2489/65 1467/2491/65
f 1466/2490/65 1467/2491/65 1468/2492/65
f 1468/2492/65 1467/2491/65 1289/2067/65
f 1468/2492/65 1289/2067/65 1290/2069/65
f 1330/2234/65 1040/2171/65 1469/2493/65
f 1469/2493/65 1040/2171/65 1470/2494/65
f 1469/2493/65 1470/2494/65 1471/2495/65
f 1345/2249/65 1347/2251/65 1472/2496/65
f 1472/2496/65 1347/2251/65 1473/2497/65
f 1472/2496/65 1473/2497/65 1474/2498/65
f 1474/2498/65 1473/2497/65 1475/2499/65
f 1474/2498/65 1475/2499/65 1476/2500/65
f 1476/2500/65 1475/2499/65 1477/2501/65
f 1476/2500/65 1477/2501/65 1478/2502/65
f 1478/2502/65 1477/2501/65 1479/2503/65
f 1478/2502/65 1479/2503/65 1480/2504/65
f 1480/2504/65 1479/2503/65 1481/2505/65
f 1480/2504/65 1481/2505/65 1482/2506/65
f 1482/2506/65 1481/2505/65 1393/2377/65
f 1482/2506/65 1393/2377/65 1391/2375/65
f 1401/2385/65 1403/2387/65 1483/2507/65
f 1483/2507/65 1403/2387/65 1484/2508/65
f 1483/2507/65 1484/2508/65 1485/2509/65
f 1485/2509/65 1484/2508/65 1486/2510/65
f 1485/2509/65 1486/2510/65 1487/2511/65
f 1487/2511/65 1486/2510/65 1488/2512/65
f 1487/2511/65 1488/2512/65 1489/2513/65
f 1489/2513/65 1488/2512/65 1490/2514/65
f 1489/2513/65 1490/2514/65 1491/2515/65
f 1491/2515/65 1490/2514/65 1492/2516/65
f 1491/2515/65 1492/2516/65 1493/2517/65
f 1493/2517/65 1492/2516/65 1494/2518/65
f 1493/2517/65 1494/2518/65 1495/2519/65
f 1495/2519/65 1494/2518/65 1496/2520/65
f 1496/2520/65 1494/2518/65 1497/2521/65
f 1496/2520/65 1497/2521/65 1498/2522/65
f 1498/2522/65 1497/2521/65 1499/2523/65
f 1498/2522/65 1499/2523/65 1500/2524/65
f 1500/2524/65 1499/2523/65 1501/2525/65
f 1500/2524/65 1501/2525/65 1502/2526/65
f 1502/2526/65 1501/2525/65 1503/2527/65
f 1502/2526/65 1503/2527/65 1504/2528/65
f 1504/2528/65 1503/2527/65 1505/2529/65
f 1504/2528/65 1505/2529/65 1506/2530/65
f 1506/2530/65 1505/2529/65 1507/2531/65
f 1506/2530/65 1507/2531/65 1508/2532/65
f 1508/2532/65 1507/2531/65 1509/2533/65
f 1508/2532/65 1509/2533/65 1471/2495/65
f 1471/2495/65 1509/2533/65 1510/2534/65
f 1471/2495/65 1510/2534/65 1469/2493/65
f 1392/2376/65 1511/2535/65 1390/2374/65
f 1390/2374/65 1511/2535/65 1512/2536/65
f 1512/2536/65 1511/2535/65 1513/2537/65
f 1513/2537/65 1511/2535/65 1514/2538/65
f 1513/2537/65 1514/2538/65 1515/2539/65
f 1515/2539/65 1514/2538/65 1516/2540/65
f 1515/2539/65 1516/2540/65 1517/2541/65
f 1517/2541/65 1516/2540/65 1518/2542/65
f 1517/2541/65 1518/2542/65 1519/2543/65
f 1519/2543/65 1518/2542/65 1520/2544/65
f 1519/2543/65 1520/2544/65 1521/2545/65
f 1521/2545/65 1520/2544/65 1522/2546/65
f 1521/2545/65 1522/2546/65 1523/2547/65
f 1523/2547/65 1522/2546/65 1524/2548/65
f 1523/2547/65 1524/2548/65 1525/2549/65
f 1523/2547/65 1525/2549/65 1526/2550/65
f 1526/2550/65 1525/2549/65 1527/2551/65
f 1526/2550/65 1527/2551/65 1528/2552/65
f 1528/2552/65 1527/2551/65 1529/2553/65
f 1529/2553/65 1527/2551/65 1530/2554/65
f 1529/2553/65 1530/2554/65 1531/2555/65
f 1531/2555/65 1530/2554/65 1532/2556/65
f 1531/2555/65 1532/2556/65 1533/2557/65
f 1533/2557/65 1532/2556/65 1534/2558/65
f 1533/2557/65 1534/2558/65 1535/2559/65
f 1535/2559/65 1534/2558/65 1536/2560/65
f 1535/2559/65 1536/2560/65 1537/2561/65
f 1537/2561/65 1536/2560/65 1538/2562/65
f 1537/2561/65 1538/2562/65 1539/2563/65
f 1539/2563/65 1538/2562/65 1540/2564/65
f 1540/2564/65 1538/2562/65 1541/2565/65
f 1540/2564/65 1541/2565/65 1542/2566/65
f 1542/2566/65 1541/2565/65 1543/2567/65
f 1542/2566/65 1543/2567/65 1544/2568/65
f 1544/2568/65 1543/2567/65 1545/2569/65
f 1545/2569/65 1543/2567/65 1546/2570/65
f 1545/2569/65 1546/2570/65 1547/2571/65
f 1547/2571/65 1546/2570/65 1548/2572/65
f 1547/2571/65 1548/2572/65 1549/2573/65
f 1549/2573/65 1548/2572/65 1550/2574/65
f 1549/2573/65 1550/2574/65 1551/2575/65
f 1549/2573/65 1551/2575/65 1552/2576/65
f 1552/2576/65 1551/2575/65 1553/2577/65
f 1552/2576/65 1553/2577/65 1554/2578/65
f 1554/2578/65 1553/2577/65 1555/2579/65
f 1554/2578/65 1555/2579/65 1438/2452/65
f 1270/1929/65 1272/1931/65 1556/2580/65
f 1556/2580/65 1272/1931/65 1398/2382/65
f 1556/2580/65 1398/2382/65 1400/2384/65
f 1332/2236/65 1329/2230/65 1088/2232/65
f 1305/2156/65 1557/2581/65 1306/2158/65
f 1306/2158/65 1557/2581/65 1558/2582/65
f 1558/2582/65 1557/2581/65 1537/2561/65
f 1537/2561/65 1557/2581/65 1535/2559/65
f 1311/2166/65 1312/2168/65 1559/2583/65
f 1559/2583/65 1312/2168/65 1560/2584/65
f 1559/2583/65 1560/2584/65 1561/2585/65
f 1561/2585/65 1560/2584/65 1562/2586/65
f 1561/2585/65 1562/2586/65 1563/2587/65
f 1563/2587/65 1562/2586/65 1564/2588/65
f 1563/2587/65 1564/2588/65 1565/2589/65
f 1566/2590/65 1567/2591/65 1565/2589/65
f 1565/2589/65 1567/2591/65 1568/2592/65
f 1565/2589/65 1568/2592/65 1563/2587/65
f 1567/2591/65 1566/2590/65 1569/2593/65
f 1569/2593/65 1566/2590/65 1570/2594/65
f 1569/2593/65 1570/2594/65 1571/2595/65
f 1571/2595/65 1570/2594/65 1572/2596/65
f 1571/2595/65 1572/2596/65 1573/2597/65
f 1571/2595/65 1573/2597/65 1574/2598/65
f 1574/2598/65 1573/2597/65 1575/2599/65
f 1574/2598/65 1575/2599/65 1576/2600/65
f 1576/2600/65 1575/2599/65 1438/2452/65
f 1576/2600/65 1438/2452/65 1440/2454/65
f 1575/2599/65 1554/2578/65 1438/2452/65
f 1247/1814/65 1577/2601/65 1041/1812/65
f 1041/1812/65 1577/2601/65 1578/2602/65
f 1041/1812/65 1578/2602/65 1470/2494/65
f 1578/2602/65 1577/2601/65 1579/2603/65
f 1579/2603/65 1577/2601/65 1580/2604/65
f 1579/2603/65 1580/2604/65 1581/2605/65
f 1581/2605/65 1580/2604/65 1582/2606/65
f 1581/2605/65 1582/2606/65 1583/2607/65
f 1583/2607/65 1582/2606/65 1584/2608/65
f 1583/2607/65 1584/2608/65 1585/2609/65
f 1585/2609/65 1584/2608/65 1586/2610/65
f 1585/2609/65 1586/2610/65 1587/2611/65
f 1587/2611/65 1586/2610/65 1588/2612/65
f 1587/2611/65 1588/2612/65 1589/2613/65
f 1589/2613/65 1588/2612/65 1590/2614/65
f 1589/2613/65 1590/2614/65 1591/2615/65
f 1591/2615/65 1590/2614/65 1592/2616/65
f 1591/2615/65 1592/2616/65 1593/2617/65
f 1593/2617/65 1592/2616/65 1594/2618/65
f 1593/2617/65 1594/2618/65 1595/2619/65
f 1593/2617/65 1595/2619/65 1596/2620/65
f 1596/2620/65 1595/2619/65 1597/2621/65
f 1596/2620/65 1597/2621/65 1598/2622/65
f 1598/2622/65 1597/2621/65 1599/2623/65
f 1598/2622/65 1599/2623/65 1600/2624/65
f 1600/2624/65 1599/2623/65 1601/2625/65
f 1600/2624/65 1601/2625/65 1602/2626/65
f 1602/2626/65 1601/2625/65 1603/2627/65
f 1602/2626/65 1603/2627/65 1604/2628/65
f 1604/2628/65 1603/2627/65 1605/2629/65
f 1604/2628/65 1605/2629/65 1606/2630/65
f 1606/2630/65 1605/2629/65 1267/1923/65
f 1606/2630/65 1267/1923/65 1269/1928/65
f 1040/2171/65 1041/1812/65 1470/2494/65
f 605/2631/21 631/2632/21 1607/2633/21
f 1607/2633/21 631/2632/21 1608/2634/21
f 631/2632/16 625/2635/16 1608/2634/16
f 1608/2634/16 625/2635/16 1609/2636/16
f 625/2637/11 598/2638/11 1609/2639/11
f 1609/2639/11 598/2638/11 1610/2640/11
f 598/2638/6 597/2641/6 1610/2640/6
f 1610/2640/6 597/2641/6 1611/2642/6
f 899/1216/10 1612/2643/10 898/1215/10
f 898/1215/10 1612/2643/10 1613/2644/10
f 898/1215/32 1613/2644/32 897/1214/32
f 897/1214/32 1613/2644/32 1614/2645/32
f 897/1214/33 1614/2645/33 905/1223/33
f 905/1223/33 1614/2645/33 1615/2646/33
f 905/1223/34 1615/2646/34 906/1224/34
f 906/1224/34 1615/2646/34 1616/2647/34
f 906/1224/35 1616/2647/35 907/1225/35
f 907/1225/35 1616/2647/35 1617/2648/35
f 907/1225/36 1617/2648/36 908/1226/36
f 908/1226/36 1617/2648/36 1618/2649/36
f 908/1226/37 1618/2649/37 909/1227/37
f 909/1227/37 1618/2649/37 1619/2650/37
f 909/1228/38 1619/1266/38 910/1229/38
f 910/1229/38 1619/1266/38 1620/2651/38
f 910/1229/39 1620/2651/39 911/1230/39
f 911/1230/39 1620/2651/39 1621/2652/39
f 911/1230/60 1621/2652/60 912/1231/60
f 912/1231/60 1621/2652/60 1622/2653/60
f 912/1231/59 1622/2653/59 913/1232/59
f 913/1232/59 1622/2653/59 1623/2654/59
f 913/1232/23 1623/2654/23 914/1233/23
f 914/1233/23 1623/2654/23 1624/2655/23
f 914/1233/24 1624/2655/24 915/1234/24
f 915/1234/24 1624/2655/24 1625/2656/24
f 915/1234/25 1625/2656/25 916/1235/25
f 916/1235/25 1625/2656/25 1626/2657/25
f 916/1235/26 1626/2657/26 917/1236/26
f 917/1236/26 1626/2657/26 1627/2658/26
f 917/1236/27 1627/2658/27 918/1237/27
f 918/1237/27 1627/2658/27 1628/2659/27
f 918/1238/28 1628/2660/28 919/1239/28
f 919/1239/28 1628/2660/28 1629/2661/28
f 919/1239/29 1629/2661/29 920/1240/29
f 920/1240/29 1629/2661/29 1630/2662/29
f 920/1240/30 1630/2662/30 921/1241/30
f 921/1241/30 1630/2662/30 1631/2663/30
f 921/1241/12 1631/2663/12 922/1242/12
f 922/1242/12 1631/2663/12 1632/2664/12
f 922/1242/13 1632/2664/13 923/1243/13
f 923/1243/13 1632/2664/13 1633/2665/13
f 923/1243/14 1633/2665/14 924/1244/14
f 924/1244/14 1633/2665/14 1634/2666/14
f 924/1244/15 1634/2666/15 925/1245/15
f 925/1245/15 1634/2666/15 1635/2667/15
f 925/1245/16 1635/2667/16 926/1246/16
f 926/1246/16 1635/2667/16 1636/2668/16
f 926/1246/17 1636/2668/17 927/1247/17
f 927/1247/17 1636/2668/17 1637/2669/17
f 927/1248/18 1637/2670/18 928/1249/18
f 928/1249/18 1637/2670/18 1638/2671/18
f 928/1249/19 1638/2671/19 929/1250/19
f 929/1250/19 1638/2671/19 1639/2672/19
f 929/1250/62 1639/2672/62 930/1251/62
f 930/1251/62 1639/2672/62 1640/2673/62
f 930/1251/61 1640/2673/61 846/1157/61
f 846/1157/61 1640/2673/61 1641/2674/61
f 846/1157/3 1641/2674/3 847/1158/3
f 847/1158/3 1641/2674/3 1642/2675/3
f 847/1158/4 1642/2675/4 904/1222/4
f 904/1222/4 1642/2675/4 1643/2676/4
f 904/1222/5 1643/2676/5 903/1221/5
f 903/1221/5 1643/2676/5 1644/2677/5
f 903/1221/6 1644/2677/6 902/1220/6
f 902/1220/6 1644/2677/6 1645/2678/6
f 902/1220/7 1645/2678/7 901/1219/7
f 901/1219/7 1645/2678/7 1646/2679/7
f 901/1218/8 1646/2680/8 900/1217/8
f 900/1217/8 1646/2680/8 1647/2681/8
f 900/1217/9 1647/2681/9 899/1216/9
f 899/1216/9 1647/2681/9 1612/2643/9
f 1007/1334/10 1648/2682/10 1006/1333/10
f 1006/1333/10 1648/2682/10 1649/2683/10
f 1006/1333/32 1649/2683/32 1005/1332/32
f 1005/1332/32 1649/2683/32 1650/2684/32
f 1005/1332/33 1650/2684/33 1013/1341/33
f 1013/1341/33 1650/2684/33 1651/2685/33
f 1013/1341/34 1651/2685/34 1014/1342/34
f 1014/1342/34 1651/2685/34 1652/2686/34
f 1014/1342/35 1652/2686/35 1015/1343/35
f 1015/1343/35 1652/2686/35 1653/2687/35
f 1015/1343/36 1653/2687/36 1016/1344/36
f 1016/1344/36 1653/2687/36 1654/2688/36
f 1016/1344/37 1654/2688/37 1017/1345/37
f 1017/1345/37 1654/2688/37 1655/2689/37
f 1017/1346/38 1655/2690/38 1018/1347/38
f 1018/1347/38 1655/2690/38 1656/2691/38
f 1018/1347/39 1656/2691/39 1019/1348/39
f 1019/1348/39 1656/2691/39 1657/2692/39
f 1019/1348/60 1657/2692/60 1020/1349/60
f 1020/1349/60 1657/2692/60 1658/2693/60
f 1020/1349/59 1658/2693/59 1021/1350/59
f 1021/1350/59 1658/2693/59 1659/2694/59
f 1021/1350/23 1659/2694/23 1022/1351/23
f 1022/1351/23 1659/2694/23 1660/2695/23
f 1022/1351/24 1660/2695/24 1023/1352/24
f 1023/1352/24 1660/2695/24 1661/2696/24
f 1023/1352/25 1661/2696/25 1024/1353/25
f 1024/1353/25 1661/2696/25 1662/2697/25
f 1024/1353/26 1662/2697/26 1025/1354/26
f 1025/1354/26 1662/2697/26 1663/2698/26
f 1025/1354/27 1663/2698/27 1026/1355/27
f 1026/1355/27 1663/2698/27 1664/1204/27
f 1026/1356/28 1664/2650/28 1027/1357/28
f 1027/1357/28 1664/2650/28 1665/2699/28
f 1027/1357/29 1665/2699/29 1028/1358/29
f 1028/1358/29 1665/2699/29 1666/2700/29
f 1028/1358/30 1666/2700/30 1029/1359/30
f 1029/1359/30 1666/2700/30 1667/2701/30
f 1029/1359/12 1667/2701/12 1030/1360/12
f 1030/1360/12 1667/2701/12 1668/2702/12
f 1030/1360/13 1668/2702/13 1031/1361/13
f 1031/1361/13 1668/2702/13 1669/2703/13
f 1031/1361/14 1669/2703/14 1032/1362/14
f 1032/1362/14 1669/2703/14 1670/2704/14
f 1032/1362/15 1670/2704/15 1033/1363/15
f 1033/1363/15 1670/2704/15 1671/2705/15
f 1033/1363/16 1671/2705/16 1034/1364/16
f 1034/1364/16 1671/2705/16 1672/2706/16
f 1034/1364/17 1672/2706/17 1035/1365/17
f 1035/1365/17 1672/2706/17 1673/2707/17
f 1035/1366/18 1673/1436/18 1036/1367/18
f 1036/1367/18 1673/1436/18 1674/2708/18
f 1036/1367/19 1674/2708/19 1037/1368/19
f 1037/1368/19 1674/2708/19 1675/2709/19
f 1037/1368/62 1675/2709/62 1038/1369/62
f 1038/1369/62 1675/2709/62 1676/2710/62
f 1038/1369/61 1676/2710/61 954/1277/61
f 954/1277/61 1676/2710/61 1677/2711/61
f 954/1277/3 1677/2711/3 955/1278/3
f 955/1278/3 1677/2711/3 1678/2712/3
f 955/1278/4 1678/2712/4 1012/1340/4
f 1012/1340/4 1678/2712/4 1679/2713/4
f 1012/1340/5 1679/2713/5 1011/1339/5
f 1011/1339/5 1679/2713/5 1680/2714/5
f 1011/1339/6 1680/2714/6 1010/1338/6
f 1010/1338/6 1680/2714/6 1681/2715/6
f 1010/1338/7 1681/2715/7 1009/1337/7
f 1009/1337/7 1681/2715/7 1682/2716/7
f 1009/1336/8 1682/2717/8 1008/1335/8
f 1008/1335/8 1682/2717/8 1683/2718/8
f 1008/1335/9 1683/2718/9 1007/1334/9
f 1007/1334/9 1683/2718/9 1648/2682/9
f 1353/2719/43 1684/2720/43 1355/2721/43
f 1355/2721/30 1684/2720/30 1685/2722/30
f 1355/2721/12 1685/2722/12 1357/2723/12
f 1357/2723/42 1685/2722/42 1686/2724/42
f 1357/2723/13 1686/2724/13 1360/2725/13
f 1360/2725/13 1686/2724/13 1687/2726/13
f 1360/2725/14 1687/2726/14 1362/2727/14
f 1362/2727/14 1687/2726/14 1688/2728/14
f 1362/2727/15 1688/2728/15 1364/2729/15
f 1364/2729/15 1688/2728/15 1689/2730/15
f 1364/2729/16 1689/2730/16 1366/2731/16
f 1366/2731/16 1689/2730/16 1690/2732/16
f 1366/2731/17 1690/2732/17 1368/2659/17
f 1368/2659/17 1690/2732/17 1691/2733/17
f 1368/1146/18 1691/2734/18 1370/2735/18
f 1370/2735/18 1691/2734/18 1692/2736/18
f 1370/2735/19 1692/2736/19 1372/2737/19
f 1372/2737/19 1692/2736/19 1693/2738/19
f 1372/2737/20 1693/2738/20 1374/2739/20
f 1374/2739/20 1693/2738/20 1694/2740/20
f 1374/2739/2 1694/2740/2 1375/2741/2
f 1375/2741/2 1694/2740/2 1695/2742/2
f 1375/2741/3 1695/2742/3 1457/2743/3
f 1457/2743/3 1695/2742/3 1696/2744/3
f 1457/2743/4 1696/2744/4 1459/2745/4
f 1459/2745/4 1696/2744/4 1697/2746/4
f 1459/2745/5 1697/2746/5 1461/2747/5
f 1461/2747/5 1697/2746/5 1698/2748/5
f 1461/2747/6 1698/2748/6 1463/2749/6
f 1463/2749/6 1698/2748/6 1699/2750/6
f 1463/2749/7 1699/2750/7 1465/2716/7
f 1465/2716/7 1699/2750/7 1700/2751/7
f 1465/2752/8 1700/2753/8 1467/2754/8
f 1467/2754/8 1700/2753/8 1701/2755/8
f 1467/2754/9 1701/2755/9 1289/2756/9
f 1289/2756/9 1701/2755/9 1702/2757/9
f 1289/2756/10 1702/2757/10 1288/2758/10
f 1288/2758/55 1702/2757/55 1703/2759/55
f 1288/2758/56 1703/2759/56 1380/2760/56
f 1380/2760/32 1703/2759/32 1704/2761/32
f 1380/2760/33 1704/2761/33 1379/2762/33
f 1379/2762/33 1704/2761/33 1705/2763/33
f 1379/2762/34 1705/2763/34 1378/2764/34
f 1378/2764/34 1705/2763/34 1706/2765/34
f 1378/2764/35 1706/2765/35 1376/2766/35
f 1376/2766/35 1706/2765/35 1707/2767/35
f 1376/2766/36 1707/2767/36 1377/2768/36
f 1377/2768/36 1707/2767/36 1708/2769/36
f 1377/2768/37 1708/2769/37 1455/1731/37
f 1455/1731/37 1708/2769/37 1709/2770/37
f 1455/2771/38 1709/2772/38 1454/2773/38
f 1454/2773/38 1709/2772/38 1710/2774/38
f 1454/2773/39 1710/2774/39 1453/2775/39
f 1453/2775/39 1710/2774/39 1711/2776/39
f 1453/2775/40 1711/2776/40 1452/2777/40
f 1452/2777/40 1711/2776/40 1712/2778/40
f 1452/2777/22 1712/2778/22 1451/2779/22
f 1451/2779/22 1712/2778/22 1713/2780/22
f 1451/2779/23 1713/2780/23 1450/2781/23
f 1450/2781/23 1713/2780/23 1714/2782/23
f 1450/2781/24 1714/2782/24 1449/2783/24
f 1449/2783/24 1714/2782/24 1715/2784/24
f 1449/2783/25 1715/2784/25 1448/2785/25
f 1448/2785/25 1715/2784/25 1716/2786/25
f 1448/2785/26 1716/2786/26 1447/2787/26
f 1447/2787/26 1716/2786/26 1717/2788/26
f 1447/2787/27 1717/2788/27 1349/1522/27
f 1349/1522/27 1717/2788/27 1718/2789/27
f 1349/2790/28 1718/2791/28 1351/2792/28
f 1351/2792/28 1718/2791/28 1719/2793/28
f 1351/2792/29 1719/2793/29 1353/2719/29
f 1353/2719/29 1719/2793/29 1684/2720/29
f 1720/2794/32 1704/2761/32 1721/2795/32
f 1721/2795/56 1704/2761/56 1703/2759/56
f 1721/2795/55 1703/2759/55 1722/2796/55
f 1722/2796/10 1703/2759/10 1702/2757/10
f 1722/2796/9 1702/2757/9 1723/2797/9
f 1723/2797/9 1702/2757/9 1701/2755/9
f 1723/2797/8 1701/2755/8 1724/2798/8
f 1724/2798/8 1701/2755/8 1700/2753/8
f 1724/2799/7 1700/2751/7 1725/2800/7
f 1725/2800/7 1700/2751/7 1699/2750/7
f 1725/2800/6 1699/2750/6 1726/1207/6
f 1726/1207/6 1699/2750/6 1698/2748/6
f 1726/1207/5 1698/2748/5 1727/2801/5
f 1727/2801/5 1698/2748/5 1697/2746/5
f 1727/2801/4 1697/2746/4 1728/2802/4
f 1728/2802/4 1697/2746/4 1696/2744/4
f 1728/2802/3 1696/2744/3 1729/2803/3
f 1729/2803/3 1696/2744/3 1695/2742/3
f 1729/2803/2 1695/2742/2 1730/2804/2
f 1730/2804/2 1695/2742/2 1694/2740/2
f 1730/2804/20 1694/2740/20 1731/2805/20
f 1731/2805/20 1694/2740/20 1693/2738/20
f 1731/2805/19 1693/2738/19 1732/1150/19
f 1732/1150/19 1693/2738/19 1692/2736/19
f 1732/1150/18 1692/2736/18 1733/1303/18
f 1733/1303/18 1692/2736/18 1691/2734/18
f 1733/2806/17 1691/2733/17 1734/2807/17
f 1734/2807/17 1691/2733/17 1690/2732/17
f 1734/2807/16 1690/2732/16 1735/2808/16
f 1735/2808/16 1690/2732/16 1689/2730/16
f 1735/2808/15 1689/2730/15 1736/2809/15
f 1736/2809/15 1689/2730/15 1688/2728/15
f 1736/2809/14 1688/2728/14 1737/2810/14
f 1737/2810/14 1688/2728/14 1687/2726/14
f 1737/2810/13 1687/2726/13 1738/2811/13
f 1738/2811/13 1687/2726/13 1686/2724/13
f 1738/2811/42 1686/2724/42 1739/2812/42
f 1739/2812/12 1686/2724/12 1685/2722/12
f 1739/2812/30 1685/2722/30 1740/2813/30
f 1740/2813/43 1685/2722/43 1684/2720/43
f 1740/2813/29 1684/2720/29 1741/2814/29
f 1741/2814/29 1684/2720/29 1719/2793/29
f 1741/2814/28 1719/2793/28 1742/2815/28
f 1742/2815/28 1719/2793/28 1718/2791/28
f 1742/2816/27 1718/2789/27 1743/2817/27
f 1743/2817/27 1718/2789/27 1717/2788/27
f 1743/2817/26 1717/2788/26 1744/2818/26
f 1744/2818/26 1717/2788/26 1716/2786/26
f 1744/2818/25 1716/2786/25 1745/2819/25
f 1745/2819/25 1716/2786/25 1715/2784/25
f 1745/2819/24 1715/2784/24 1746/2820/24
f 1746/2820/24 1715/2784/24 1714/2782/24
f 1746/2820/23 1714/2782/23 1747/2821/23
f 1747/2821/23 1714/2782/23 1713/2780/23
f 1747/2821/22 1713/2780/22 1748/2822/22
f 1748/2822/22 1713/2780/22 1712/2778/22
f 1748/2822/40 1712/2778/40 1749/2823/40
f 1749/2823/40 1712/2778/40 1711/2776/40
f 1749/2823/39 1711/2776/39 1750/2824/39
f 1750/2824/39 1711/2776/39 1710/2774/39
f 1750/2824/38 1710/2774/38 1751/2825/38
f 1751/2825/38 1710/2774/38 1709/2772/38
f 1751/2826/37 1709/2770/37 1752/2827/37
f 1752/2827/37 1709/2770/37 1708/2769/37
f 1752/2827/36 1708/2769/36 1753/2828/36
f 1753/2828/36 1708/2769/36 1707/2767/36
f 1753/2828/35 1707/2767/35 1754/2829/35
f 1754/2829/35 1707/2767/35 1706/2765/35
f 1754/2829/34 1706/2765/34 1755/2830/34
f 1755/2830/34 1706/2765/34 1705/2763/34
f 1755/2830/33 1705/2763/33 1720/2794/33
f 1720/2794/33 1705/2763/33 1704/2761/33
f 1283/2831/30 1756/2832/30 1282/2833/30
f 1282/2833/30 1756/2832/30 1757/2834/30
f 1282/2833/12 1757/2834/12 1281/2835/12
f 1281/2835/12 1757/2834/12 1758/2836/12
f 1281/2835/13 1758/2836/13 1280/2837/13
f 1280/2837/13 1758/2836/13 1759/2838/13
f 1280/2837/14 1759/2838/14 1279/2839/14
f 1279/2839/14 1759/2838/14 1760/2840/14
f 1279/2839/15 1760/2840/15 1278/2841/15
f 1278/2841/15 1760/2840/15 1761/2842/15
f 1278/2841/16 1761/2842/16 1277/2843/16
f 1277/2843/16 1761/2842/16 1762/2844/16
f 1277/2843/17 1762/2844/17 1276/2845/17
f 1276/2845/17 1762/2844/17 1763/2846/17
f 1276/495/18 1763/2847/18 1275/2848/18
f 1275/2848/18 1763/2847/18 1764/2849/18
f 1275/2848/19 1764/2849/19 1431/2850/19
f 1431/2850/19 1764/2849/19 1765/2851/19
f 1431/2850/20 1765/2851/20 1433/2852/20
f 1433/2852/20 1765/2851/20 1766/2853/20
f 1433/2852/2 1766/2853/2 1435/2854/2
f 1435/2854/2 1766/2853/2 1767/2855/2
f 1435/2854/3 1767/2855/3 1437/2856/3
f 1437/2856/3 1767/2855/3 1768/2857/3
f 1437/2856/4 1768/2857/4 1439/2858/4
f 1439/2858/4 1768/2857/4 1769/2859/4
f 1439/2858/5 1769/2859/5 1441/2860/5
f 1441/2860/5 1769/2859/5 1770/2861/5
f 1441/2860/6 1770/2861/6 1443/2862/6
f 1443/2862/6 1770/2861/6 1771/2863/6
f 1443/2862/7 1771/2863/7 1444/2864/7
f 1444/2864/7 1771/2863/7 1772/2865/7
f 1444/2866/8 1772/2867/8 1446/2868/8
f 1446/2868/8 1772/2867/8 1773/2869/8
f 1446/2868/9 1773/2869/9 1356/2870/9
f 1356/2870/9 1773/2869/9 1774/2871/9
f 1356/2870/10 1774/2871/10 1354/2872/10
f 1354/2872/10 1774/2871/10 1775/2873/10
f 1354/2872/32 1775/2873/32 1352/2874/32
f 1352/2874/32 1775/2873/32 1776/2875/32
f 1352/2874/33 1776/2875/33 1350/2876/33
f 1350/2876/33 1776/2875/33 1777/2877/33
f 1350/2876/34 1777/2877/34 1348/2878/34
f 1348/2878/34 1777/2877/34 1778/2879/34
f 1348/2878/35 1778/2879/35 1429/2880/35
f 1429/2880/35 1778/2879/35 1779/2881/35
f 1429/2880/36 1779/2881/36 1428/2882/36
f 1428/2882/36 1779/2881/36 1780/2883/36
f 1428/2882/37 1780/2883/37 1427/2752/37
f 1427/2752/37 1780/2883/37 1781/2753/37
f 1427/2884/38 1781/2885/38 1426/2886/38
f 1426/2886/38 1781/2885/38 1782/2887/38
f 1426/2886/39 1782/2887/39 1425/2888/39
f 1425/2888/39 1782/2887/39 1783/2889/39
f 1425/2888/40 1783/2889/40 1424/2890/40
f 1424/2890/40 1783/2889/40 1784/2891/40
f 1424/2890/22 1784/2891/22 1423/2892/22
f 1423/2892/22 1784/2891/22 1785/2893/22
f 1423/2892/23 1785/2893/23 1422/2894/23
f 1422/2894/23 1785/2893/23 1786/2895/23
f 1422/2894/24 1786/2895/24 1421/2896/24
f 1421/2896/24 1786/2895/24 1787/2897/24
f 1421/2896/25 1787/2897/25 1287/2898/25
f 1287/2898/25 1787/2897/25 1788/2899/25
f 1287/2898/26 1788/2899/26 1286/2900/26
f 1286/2900/26 1788/2899/26 1789/2901/26
f 1286/2900/27 1789/2901/27 1285/1181/27
f 1285/1181/27 1789/2901/27 1790/2902/27
f 1285/2903/28 1790/2904/28 1284/2905/28
f 1284/2905/28 1790/2904/28 1791/2906/28
f 1284/2905/29 1791/2906/29 1283/2831/29
f 1283/2831/29 1791/2906/29 1756/2832/29
f 1792/2907/32 1776/2875/32 1793/2908/32
f 1793/2908/32 1776/2875/32 1775/2873/32
f 1793/2908/10 1775/2873/10 1794/2909/10
f 1794/2909/10 1775/2873/10 1774/2871/10
f 1794/2909/9 1774/2871/9 1795/2910/9
f 1795/2910/9 1774/2871/9 1773/2869/9
f 1795/2910/8 1773/2869/8 1796/2911/8
f 1796/2911/8 1773/2869/8 1772/2867/8
f 1796/2633/7 1772/2865/7 1797/2912/7
f 1797/2912/7 1772/2865/7 1771/2863/7
f 1797/2912/6 1771/2863/6 1798/2913/6
f 1798/2913/6 1771/2863/6 1770/2861/6
f 1798/2913/5 1770/2861/5 1799/2914/5
f 1799/2914/5 1770/2861/5 1769/2859/5
f 1799/2914/4 1769/2859/4 1800/2915/4
f 1800/2915/4 1769/2859/4 1768/2857/4
f 1800/2915/3 1768/2857/3 1801/2916/3
f 1801/2916/3 1768/2857/3 1767/2855/3
f 1801/2916/2 1767/2855/2 1802/2917/2
f 1802/2917/2 1767/2855/2 1766/2853/2
f 1802/2917/20 1766/2853/20 1803/2918/20
f 1803/2918/20 1766/2853/20 1765/2851/20
f 1803/2918/19 1765/2851/19 1804/2919/19
f 1804/2919/19 1765/2851/19 1764/2849/19
f 1804/2919/18 1764/2849/18 1805/2920/18
f 1805/2920/18 1764/2849/18 1763/2847/18
f 1805/2921/17 1763/2846/17 1806/2922/17
f 1806/2922/17 1763/2846/17 1762/2844/17
f 1806/2922/16 1762/2844/16 1807/2923/16
f 1807/2923/16 1762/2844/16 1761/2842/16
f 1807/2923/15 1761/2842/15 1808/2924/15
f 1808/2924/15 1761/2842/15 1760/2840/15
f 1808/2924/14 1760/2840/14 1809/2925/14
f 1809/2925/14 1760/2840/14 1759/2838/14
f 1809/2925/13 1759/2838/13 1810/2926/13
f 1810/2926/13 1759/2838/13 1758/2836/13
f 1810/2926/12 1758/2836/12 1811/2927/12
f 1811/2927/12 1758/2836/12 1757/2834/12
f 1811/2927/30 1757/2834/30 1812/2928/30
f 1812/2928/30 1757/2834/30 1756/2832/30
f 1812/2928/29 1756/2832/29 1813/2929/29
f 1813/2929/29 1756/2832/29 1791/2906/29
f 1813/2929/28 1791/2906/28 1814/2930/28
f 1814/2930/28 1791/2906/28 1790/2904/28
f 1814/1266/27 1790/2902/27 1815/2931/27
f 1815/2931/27 1790/2902/27 1789/2901/27
f 1815/2931/26 1789/2901/26 1816/2932/26
f 1816/2932/26 1789/2901/26 1788/2899/26
f 1816/2932/25 1788/2899/25 1817/2933/25
f 1817/2933/25 1788/2899/25 1787/2897/25
f 1817/2933/24 1787/2897/24 1818/2934/24
f 1818/2934/24 1787/2897/24 1786/2895/24
f 1818/2934/23 1786/2895/23 1819/2935/23
f 1819/2935/23 1786/2895/23 1785/2893/23
f 1819/2935/22 1785/2893/22 1820/2936/22
f 1820/2936/22 1785/2893/22 1784/2891/22
f 1820/2936/40 1784/2891/40 1821/2937/40
f 1821/2937/40 1784/2891/40 1783/2889/40
f 1821/2937/39 1783/2889/39 1822/2938/39
f 1822/2938/39 1783/2889/39 1782/2887/39
f 1822/2938/38 1782/2887/38 1823/2939/38
f 1823/2939/38 1782/2887/38 1781/2885/38
f 1823/2798/37 1781/2753/37 1824/2940/37
f 1824/2940/37 1781/2753/37 1780/2883/37
f 1824/2940/36 1780/2883/36 1825/2941/36
f 1825/2941/36 1780/2883/36 1779/2881/36
f 1825/2941/35 1779/2881/35 1826/2942/35
f 1826/2942/35 1779/2881/35 1778/2879/35
f 1826/2942/34 1778/2879/34 1827/2943/34
f 1827/2943/34 1778/2879/34 1777/2877/34
f 1827/2943/33 1777/2877/33 1792/2907/33
f 1792/2907/33 1777/2877/33 1776/2875/33
f 597/2944/1 596/2945/1 1611/2946/1
f 1611/2946/1 596/2945/1 1828/2947/1
f 596/2945/36 595/2948/36 1828/2947/36
f 1828/2947/36 595/2948/36 1829/2949/36
f 595/2950/31 818/2951/31 1829/2636/31
f 1829/2636/31 818/2951/31 1830/2952/31
f 818/2951/26 605/2953/26 1830/2952/26
f 1830/2952/26 605/2953/26 1607/2954/26
f 1611/2955/41 1628/2956/41 1610/2957/41
f 1610/2957/41 1628/2956/41 1627/2958/41
f 1610/2957/41 1627/2958/41 1626/2959/41
f 1828/2960/41 1815/2961/41 1611/2955/41
f 1611/2955/41 1815/2961/41 1635/2962/41
f 1611/2955/41 1635/2962/41 1634/2963/41
f 1829/2964/41 1808/2965/41 1828/2960/41
f 1828/2960/41 1808/2965/41 1809/2966/41
f 1828/2960/41 1809/2966/41 1810/2967/41
f 1830/2968/41 1800/2969/41 1829/2964/41
f 1829/2964/41 1800/2969/41 1801/2970/41
f 1829/2964/41 1801/2970/41 1802/2971/41
f 1607/2972/41 1724/2973/41 1830/2968/41
f 1830/2968/41 1724/2973/41 1725/2974/41
f 1830/2968/41 1725/2974/41 1726/2975/41
f 1608/2976/41 1753/2977/41 1607/2972/41
f 1607/2972/41 1753/2977/41 1754/2978/41
f 1607/2972/41 1754/2978/41 1755/2979/41
f 1609/2980/41 1652/2981/41 1608/2976/41
f 1608/2976/41 1652/2981/41 1651/2982/41
f 1608/2976/41 1651/2982/41 1650/2983/41
f 1610/2957/41 1660/2984/41 1609/2980/41
f 1609/2980/41 1660/2984/41 1659/2985/41
f 1609/2980/41 1659/2985/41 1658/2986/41
f 1794/2987/41 1738/2988/41 1793/2989/41
f 1793/2989/41 1738/2988/41 1739/2990/41
f 1793/2989/41 1739/2990/41 1792/2991/41
f 1792/2991/41 1739/2990/41 1740/2992/41
f 1792/2991/41 1740/2992/41 1827/2993/41
f 1827/2993/41 1740/2992/41 1741/2994/41
f 1827/2993/41 1741/2994/41 1826/2995/41
f 1826/2995/41 1741/2994/41 1742/2996/41
f 1826/2995/41 1742/2996/41 1825/2997/41
f 1825/2997/41 1742/2996/41 1743/2998/41
f 1825/2997/41 1743/2998/41 1824/2999/41
f 1824/2999/41 1743/2998/41 1744/3000/41
f 1824/2999/41 1744/3000/41 1644/3001/41
f 1644/3001/41 1744/3000/41 1672/3002/41
f 1644/3001/41 1672/3002/41 1645/3003/41
f 1645/3003/41 1672/3002/41 1671/3004/41
f 1645/3003/41 1671/3004/41 1646/3005/41
f 1646/3005/41 1671/3004/41 1670/3006/41
f 1646/3005/41 1670/3006/41 1647/3007/41
f 1647/3007/41 1670/3006/41 1669/3008/41
f 1647/3007/41 1669/3008/41 1612/3009/41
f 1612/3009/41 1669/3008/41 1668/3010/41
f 1612/3009/41 1668/3010/41 1613/3011/41
f 1613/3011/41 1668/3010/41 1667/3012/41
f 1613/3011/41 1667/3012/41 1614/3013/41
f 1614/3013/41 1667/3012/41 1666/3014/41
f 1614/3013/41 1666/3014/41 1615/3015/41
f 1615/3015/41 1666/3014/41 1665/3016/41
f 1615/3015/41 1665/3016/41 1616/3017/41
f 1616/3017/41 1665/3016/41 1664/3018/41
f 1616/3017/41 1664/3018/41 1617/3019/41
f 1617/3019/41 1664/3018/41 1663/3020/41
f 1617/3019/41 1663/3020/41 1618/3021/41
f 1618/3021/41 1663/3020/41 1662/3022/41
f 1618/3021/41 1662/3022/41 1619/3023/41
f 1619/3023/41 1662/3022/41 1661/3024/41
f 1619/3023/41 1661/3024/41 1620/3025/41
f 1620/3025/41 1661/3024/41 1660/2984/41
f 1620/3025/41 1660/2984/41 1610/2957/41
f 1738/2988/41 1794/2987/41 1737/3026/41
f 1737/3026/41 1794/2987/41 1795/3027/41
f 1737/3026/41 1795/3027/41 1736/3028/41
f 1736/3028/41 1795/3027/41 1796/3029/41
f 1736/3028/41 1796/3029/41 1735/3030/41
f 1735/3030/41 1796/3029/41 1797/3031/41
f 1735/3030/41 1797/3031/41 1734/3032/41
f 1734/3032/41 1797/3031/41 1798/3033/41
f 1734/3032/41 1798/3033/41 1733/3034/41
f 1733/3034/41 1798/3033/41 1799/3035/41
f 1733/3034/41 1799/3035/41 1732/3036/41
f 1732/3036/41 1799/3035/41 1800/2969/41
f 1732/3036/41 1800/2969/41 1830/2968/41
f 1802/2971/41 1803/3037/41 1829/2964/41
f 1829/2964/41 1803/3037/41 1804/3038/41
f 1829/2964/41 1804/3038/41 1805/3039/41
f 1805/3039/41 1806/3040/41 1829/2964/41
f 1829/2964/41 1806/3040/41 1807/3041/41
f 1829/2964/41 1807/3041/41 1808/2965/41
f 1810/2967/41 1811/3042/41 1828/2960/41
f 1828/2960/41 1811/3042/41 1812/3043/41
f 1828/2960/41 1812/3043/41 1813/3044/41
f 1813/3044/41 1814/3045/41 1828/2960/41
f 1828/2960/41 1814/3045/41 1815/2961/41
f 1635/2962/41 1815/2961/41 1636/3046/41
f 1636/3046/41 1815/2961/41 1816/3047/41
f 1636/3046/41 1816/3047/41 1817/3048/41
f 1636/3046/41 1817/3048/41 1637/3049/41
f 1637/3049/41 1817/3048/41 1818/3050/41
f 1637/3049/41 1818/3050/41 1638/3051/41
f 1638/3051/41 1818/3050/41 1819/3052/41
f 1638/3051/41 1819/3052/41 1639/3053/41
f 1639/3053/41 1819/3052/41 1820/3054/41
f 1639/3053/41 1820/3054/41 1640/3055/41
f 1640/3055/41 1820/3054/41 1641/3056/41
f 1641/3056/41 1820/3054/41 1821/3057/41
f 1641/3056/41 1821/3057/41 1642/3058/41
f 1642/3058/41 1821/3057/41 1822/3059/41
f 1642/3058/41 1822/3059/41 1643/3060/41
f 1643/3060/41 1822/3059/41 1823/3061/41
f 1643/3060/41 1823/3061/41 1644/3001/41
f 1644/3001/41 1823/3061/41 1824/2999/41
f 1720/3062/41 1721/3063/41 1607/2972/41
f 1607/2972/41 1721/3063/41 1722/3064/41
f 1607/2972/41 1722/3064/41 1723/3065/41
f 1723/3065/41 1724/2973/41 1607/2972/41
f 1726/2975/41 1727/3066/41 1830/2968/41
f 1830/2968/41 1727/3066/41 1728/3067/41
f 1830/2968/41 1728/3067/41 1729/3068/41
f 1729/3068/41 1730/3069/41 1830/2968/41
f 1830/2968/41 1730/3069/41 1731/3070/41
f 1830/2968/41 1731/3070/41 1732/3036/41
f 1744/3000/41 1745/3071/41 1672/3002/41
f 1672/3002/41 1745/3071/41 1673/3072/41
f 1673/3072/41 1745/3071/41 1746/3073/41
f 1673/3072/41 1746/3073/41 1674/3074/41
f 1674/3074/41 1746/3073/41 1747/3075/41
f 1674/3074/41 1747/3075/41 1675/3076/41
f 1675/3076/41 1747/3075/41 1748/3077/41
f 1675/3076/41 1748/3077/41 1676/3078/41
f 1676/3078/41 1748/3077/41 1677/3079/41
f 1677/3079/41 1748/3077/41 1749/3080/41
f 1677/3079/41 1749/3080/41 1678/3081/41
f 1678/3081/41 1749/3080/41 1750/3082/41
f 1678/3081/41 1750/3082/41 1679/3083/41
f 1679/3083/41 1750/3082/41 1751/3084/41
f 1679/3083/41 1751/3084/41 1680/3085/41
f 1680/3085/41 1751/3084/41 1752/3086/41
f 1680/3085/41 1752/3086/41 1753/2977/41
f 1755/2979/41 1720/3062/41 1607/2972/41
f 1650/2983/41 1649/3087/41 1608/2976/41
f 1608/2976/41 1649/3087/41 1648/3088/41
f 1608/2976/41 1648/3088/41 1683/3089/41
f 1683/3089/41 1682/3090/41 1608/2976/41
f 1608/2976/41 1682/3090/41 1681/3091/41
f 1608/2976/41 1681/3091/41 1753/2977/41
f 1753/2977/41 1681/3091/41 1680/3085/41
f 1658/2986/41 1657/3092/41 1609/2980/41
f 1609/2980/41 1657/3092/41 1656/3093/41
f 1609/2980/41 1656/3093/41 1655/3094/41
f 1655/3094/41 1654/3095/41 1609/2980/41
f 1609/2980/41 1654/3095/41 1653/3096/41
f 1609/2980/41 1653/3096/41 1652/2981/41
f 1634/2963/41 1633/3097/41 1611/2955/41
f 1611/2955/41 1633/3097/41 1632/3098/41
f 1611/2955/41 1632/3098/41 1631/3099/41
f 1631/3099/41 1630/3100/41 1611/2955/41
f 1611/2955/41 1630/3100/41 1629/3101/41
f 1611/2955/41 1629/3101/41 1628/2956/41
f 1626/2959/41 1625/3102/41 1610/2957/41
f 1610/2957/41 1625/3102/41 1624/3103/41
f 1610/2957/41 1624/3103/41 1623/3104/41
f 1623/3104/41 1622/3105/41 1610/2957/41
f 1610/2957/41 1622/3105/41 1621/3106/41
f 1610/2957/41 1621/3106/41 1620/3025/41
f 650/621/1 652/3107/1 1831/3108/1
f 1831/3108/1 652/3107/1 1832/3109/1
f 652/3107/36 699/3110/36 1832/3109/36
f 1832/3109/36 699/3110/36 1833/3111/36
f 699/3112/31 801/3113/31 1833/2637/31
f 1833/2637/31 801/3113/31 1834/3114/31
f 801/3113/26 756/3115/26 1834/3114/26
f 1834/3114/26 756/3115/26 1835/3116/26
f 1510/3117/43 1836/3118/43 1469/3119/43
f 1469/3119/43 1836/3118/43 1837/3120/43
f 1469/3119/42 1837/3120/42 1330/3121/42
f 1330/3121/42 1837/3120/42 1838/3122/42
f 1330/3121/13 1838/3122/13 1331/3123/13
f 1331/3123/13 1838/3122/13 1839/3124/13
f 1331/3123/14 1839/3124/14 1334/3125/14
f 1334/3125/14 1839/3124/14 1840/3126/14
f 1334/3125/52 1840/3126/52 1336/3127/52
f 1336/3127/15 1840/3126/15 1841/3128/15
f 1336/3127/16 1841/3128/16 1338/3129/16
f 1338/3129/16 1841/3128/16 1842/3130/16
f 1338/3129/17 1842/3130/17 1340/3131/17
f 1340/3131/17 1842/3130/17 1843/3132/17
f 1340/3133/18 1843/3134/18 1342/3135/18
f 1342/3135/18 1843/3134/18 1844/3136/18
f 1342/3135/19 1844/3136/19 1344/3137/19
f 1344/3137/19 1844/3136/19 1845/3138/19
f 1344/3137/62 1845/3138/62 1346/3139/62
f 1346/3139/20 1845/3138/20 1846/3140/20
f 1346/3139/2 1846/3140/2 1347/3141/2
f 1347/3141/2 1846/3140/2 1847/3142/2
f 1347/3141/3 1847/3142/3 1473/3143/3
f 1473/3143/3 1847/3142/3 1848/3144/3
f 1473/3143/4 1848/3144/4 1475/3145/4
f 1475/3145/4 1848/3144/4 1849/3146/4
f 1475/3145/50 1849/3146/50 1477/3147/50
f 1477/3147/5 1849/3146/5 1850/3148/5
f 1477/3147/6 1850/3148/6 1479/3149/6
f 1479/3149/6 1850/3148/6 1851/3150/6
f 1479/3149/54 1851/3150/54 1481/3151/54
f 1481/3151/7 1851/3150/7 1852/3152/7
f 1481/3153/8 1852/3154/8 1393/3155/8
f 1393/3155/8 1852/3154/8 1853/3156/8
f 1393/3155/9 1853/3156/9 1395/3157/9
f 1395/3157/9 1853/3156/9 1854/3158/9
f 1395/3157/55 1854/3158/55 1397/3159/55
f 1397/3159/10 1854/3158/10 1855/3160/10
f 1397/3159/32 1855/3160/32 1399/3161/32
f 1399/3161/56 1855/3160/56 1856/3162/56
f 1399/3161/33 1856/3162/33 1402/3163/33
f 1402/3163/33 1856/3162/33 1857/3164/33
f 1402/3163/34 1857/3164/34 1403/3165/34
f 1403/3165/34 1857/3164/34 1858/3166/34
f 1403/3165/35 1858/3166/35 1484/3167/35
f 1484/3167/57 1858/3166/57 1859/3168/57
f 1484/3167/36 1859/3168/36 1486/3169/36
f 1486/3169/36 1859/3168/36 1860/3170/36
f 1486/3169/37 1860/3170/37 1488/3171/37
f 1488/3171/47 1860/3170/47 1861/3172/47
f 1488/3134/38 1861/3133/38 1490/3173/38
f 1490/3173/38 1861/3133/38 1862/3174/38
f 1490/3173/39 1862/3174/39 1492/3175/39
f 1492/3175/39 1862/3174/39 1863/3176/39
f 1492/3175/40 1863/3176/40 1494/3177/40
f 1494/3177/40 1863/3176/40 1864/3178/40
f 1494/3177/22 1864/3178/22 1497/3179/22
f 1497/3179/22 1864/3178/22 1865/3180/22
f 1497/3179/23 1865/3180/23 1499/3181/23
f 1499/3181/23 1865/3180/23 1866/3182/23
f 1499/3181/24 1866/3182/24 1501/3183/24
f 1501/3183/24 1866/3182/24 1867/3184/24
f 1501/3183/25 1867/3184/25 1503/3185/25
f 1503/3185/46 1867/3184/46 1868/3186/46
f 1503/3185/26 1868/3186/26 1505/3187/26
f 1505/3187/26 1868/3186/26 1869/3188/26
f 1505/3187/27 1869/3188/27 1507/3189/27
f 1507/3189/45 1869/3188/45 1870/3190/45
f 1507/3191/28 1870/506/28 1509/3192/28
f 1509/3192/28 1870/506/28 1871/3193/28
f 1509/3192/29 1871/3193/29 1510/3117/29
f 1510/3117/29 1871/3193/29 1836/3118/29
f 1329/3194/43 1872/3195/43 1328/3196/43
f 1328/3196/43 1872/3195/43 1873/3197/43
f 1328/3196/12 1873/3197/12 1327/3198/12
f 1327/3198/12 1873/3197/12 1874/3199/12
f 1327/3198/13 1874/3199/13 1326/3200/13
f 1326/3200/13 1874/3199/13 1875/3201/13
f 1326/3200/14 1875/3201/14 1325/3202/14
f 1325/3202/14 1875/3201/14 1876/3203/14
f 1325/3202/52 1876/3203/52 1324/3204/52
f 1324/3204/15 1876/3203/15 1877/3205/15
f 1324/3204/16 1877/3205/16 1323/3206/16
f 1323/3206/16 1877/3205/16 1878/3207/16
f 1323/3206/51 1878/3207/51 1322/3208/51
f 1322/3208/17 1878/3207/17 1879/3209/17
f 1322/3210/18 1879/3211/18 1321/3212/18
f 1321/3212/18 1879/3211/18 1880/3213/18
f 1321/3212/19 1880/3213/19 1320/3214/19
f 1320/3214/19 1880/3213/19 1881/3215/19
f 1320/3214/20 1881/3215/20 1319/3216/20
f 1319/3216/20 1881/3215/20 1882/3217/20
f 1319/3216/2 1882/3217/2 1318/3218/2
f 1318/3218/2 1882/3217/2 1883/3219/2
f 1318/3218/3 1883/3219/3 1317/3220/3
f 1317/3220/3 1883/3219/3 1884/3221/3
f 1317/3220/4 1884/3221/4 1316/3222/4
f 1316/3222/4 1884/3221/4 1885/3223/4
f 1316/3222/5 1885/3223/5 1315/3224/5
f 1315/3224/5 1885/3223/5 1886/3225/5
f 1315/3224/6 1886/3225/6 1314/3226/6
f 1314/3226/6 1886/3225/6 1887/3227/6
f 1314/3226/54 1887/3227/54 1313/3228/54
f 1313/3228/7 1887/3227/7 1888/3229/7
f 1313/299/8 1888/3230/8 1384/3231/8
f 1384/3231/8 1888/3230/8 1889/3232/8
f 1384/3231/9 1889/3232/9 1385/3233/9
f 1385/3233/9 1889/3232/9 1890/3234/9
f 1385/3233/55 1890/3234/55 1386/3235/55
f 1386/3235/10 1890/3234/10 1891/3236/10
f 1386/3235/32 1891/3236/32 1389/3237/32
f 1389/3237/56 1891/3236/56 1892/3238/56
f 1389/3237/33 1892/3238/33 1391/3239/33
f 1391/3239/33 1892/3238/33 1893/3240/33
f 1391/3239/34 1893/3240/34 1482/3241/34
f 1482/3241/34 1893/3240/34 1894/3242/34
f 1482/3241/35 1894/3242/35 1480/3243/35
f 1480/3243/35 1894/3242/35 1895/3244/35
f 1480/3243/36 1895/3244/36 1478/3245/36
f 1478/3245/36 1895/3244/36 1896/3246/36
f 1478/3245/37 1896/3246/37 1476/692/37
f 1476/692/37 1896/3246/37 1897/622/37
f 1476/3247/38 1897/3248/38 1474/3249/38
f 1474/3249/38 1897/3248/38 1898/3250/38
f 1474/3249/39 1898/3250/39 1472/3251/39
f 1472/3251/39 1898/3250/39 1899/3252/39
f 1472/3251/60 1899/3252/60 1345/3253/60
f 1345/3253/60 1899/3252/60 1900/3254/60
f 1345/3253/59 1900/3254/59 1343/3255/59
f 1343/3255/59 1900/3254/59 1901/3256/59
f 1343/3255/23 1901/3256/23 1341/3257/23
f 1341/3257/23 1901/3256/23 1902/3258/23
f 1341/3257/24 1902/3258/24 1339/3259/24
f 1339/3259/24 1902/3258/24 1903/3260/24
f 1339/3259/46 1903/3260/46 1337/3261/46
f 1337/3261/46 1903/3260/46 1904/3262/46
f 1337/3261/26 1904/3262/26 1335/3263/26
f 1335/3263/26 1904/3262/26 1905/3264/26
f 1335/3263/27 1905/3264/27 1333/3265/27
f 1333/3265/27 1905/3264/27 1906/3266/27
f 1333/3267/28 1906/3268/28 1332/3269/28
f 1332/3269/28 1906/3268/28 1907/3270/28
f 1332/3269/29 1907/3270/29 1329/3194/29
f 1329/3194/29 1907/3270/29 1872/3195/29
f 1398/3118/30 1908/3271/30 1396/3120/30
f 1396/3120/30 1908/3271/30 1909/3272/30
f 1396/3120/12 1909/3272/12 1394/3122/12
f 1394/3122/12 1909/3272/12 1910/3273/12
f 1394/3122/13 1910/3273/13 1392/3124/13
f 1392/3124/13 1910/3273/13 1911/3274/13
f 1392/3124/14 1911/3274/14 1511/3126/14
f 1511/3126/14 1911/3274/14 1912/3275/14
f 1511/3126/15 1912/3275/15 1514/3128/15
f 1514/3128/15 1912/3275/15 1913/3276/15
f 1514/3128/16 1913/3276/16 1516/3130/16
f 1516/3130/16 1913/3276/16 1914/3277/16
f 1516/3130/17 1914/3277/17 1518/3132/17
f 1518/3132/51 1914/3277/51 1915/3278/51
f 1518/3279/18 1915/3280/18 1520/3281/18
f 1520/3281/18 1915/3280/18 1916/3282/18
f 1520/3281/19 1916/3282/19 1522/3283/19
f 1522/3283/19 1916/3282/19 1917/3284/19
f 1522/3283/20 1917/3284/20 1524/3285/20
f 1524/3285/20 1917/3284/20 1918/3286/20
f 1524/3285/2 1918/3286/2 1525/3287/2
f 1525/3287/2 1918/3286/2 1919/3288/2
f 1525/3287/3 1919/3288/3 1527/3289/3
f 1527/3289/3 1919/3288/3 1920/3290/3
f 1527/3289/4 1920/3290/4 1530/3291/4
f 1530/3291/4 1920/3290/4 1921/3292/4
f 1530/3291/50 1921/3292/50 1532/3293/50
f 1532/3293/50 1921/3292/50 1922/3294/50
f 1532/3293/6 1922/3294/6 1534/3295/6
f 1534/3295/6 1922/3294/6 1923/3296/6
f 1534/3295/7 1923/3296/7 1536/3297/7
f 1536/3297/7 1923/3296/7 1924/3298/7
f 1536/3299/8 1924/3300/8 1538/3301/8
f 1538/3301/8 1924/3300/8 1925/3302/8
f 1538/3301/9 1925/3302/9 1541/3303/9
f 1541/3303/9 1925/3302/9 1926/3304/9
f 1541/3303/10 1926/3304/10 1543/3305/10
f 1543/3305/10 1926/3304/10 1927/3306/10
f 1543/3305/32 1927/3306/32 1546/3307/32
f 1546/3307/32 1927/3306/32 1928/3308/32
f 1546/3307/33 1928/3308/33 1548/3309/33
f 1548/3309/33 1928/3308/33 1929/3310/33
f 1548/3309/34 1929/3310/34 1550/3311/34
f 1550/3311/34 1929/3310/34 1930/3312/34
f 1550/3311/35 1930/3312/35 1551/3313/35
f 1551/3313/35 1930/3312/35 1931/3314/35
f 1551/3313/36 1931/3314/36 1553/3315/36
f 1553/3315/36 1931/3314/36 1932/3316/36
f 1553/3315/37 1932/3316/37 1555/3317/37
f 1555/3317/37 1932/3316/37 1933/3318/37
f 1555/3319/38 1933/3266/38 1438/3320/38
f 1438/3320/38 1933/3266/38 1934/3321/38
f 1438/3320/39 1934/3321/39 1436/3322/39
f 1436/3322/39 1934/3321/39 1935/3323/39
f 1436/3322/40 1935/3323/40 1434/3324/40
f 1434/3324/40 1935/3323/40 1936/3325/40
f 1434/3324/22 1936/3325/22 1432/3326/22
f 1432/3326/22 1936/3325/22 1937/3327/22
f 1432/3326/23 1937/3327/23 1430/3328/23
f 1430/3328/23 1937/3327/23 1938/3329/23
f 1430/3328/24 1938/3329/24 1274/3330/24
f 1274/3330/24 1938/3329/24 1939/3331/24
f 1274/3330/25 1939/3331/25 1273/3332/25
f 1273/3332/25 1939/3331/25 1940/3333/25
f 1273/3332/26 1940/3333/26 1268/3334/26
f 1268/3334/26 1940/3333/26 1941/3335/26
f 1268/3334/27 1941/3335/27 1271/3229/27
f 1271/3229/27 1941/3335/27 1942/3336/27
f 1271/506/28 1942/389/28 1272/3193/28
f 1272/3193/28 1942/389/28 1943/3337/28
f 1272/3193/29 1943/3337/29 1398/3118/29
f 1398/3118/29 1943/3337/29 1908/3271/29
f 1388/3338/30 1944/3339/30 1387/3340/30
f 1387/3340/30 1944/3339/30 1945/3341/30
f 1387/3340/12 1945/3341/12 1420/3342/12
f 1420/3342/12 1945/3341/12 1946/3343/12
f 1420/3342/13 1946/3343/13 1419/3344/13
f 1419/3344/13 1946/3343/13 1947/3345/13
f 1419/3344/14 1947/3345/14 1418/3346/14
f 1418/3346/14 1947/3345/14 1948/3347/14
f 1418/3346/52 1948/3347/52 1417/3348/52
f 1417/3348/52 1948/3347/52 1949/3349/52
f 1417/3348/16 1949/3349/16 1416/3350/16
f 1416/3350/16 1949/3349/16 1950/3351/16
f 1416/3350/17 1950/3351/17 1415/3299/17
f 1415/3299/17 1950/3351/17 1951/3300/17
f 1415/3352/18 1951/3353/18 1414/3354/18
f 1414/3354/18 1951/3353/18 1952/3355/18
f 1414/3354/19 1952/3355/19 1413/3356/19
f 1413/3356/19 1952/3355/19 1953/3357/19
f 1413/3356/20 1953/3357/20 1412/3358/20
f 1412/3358/20 1953/3357/20 1954/3359/20
f 1412/3358/2 1954/3359/2 1411/3360/2
f 1411/3360/2 1954/3359/2 1955/3361/2
f 1411/3360/3 1955/3361/3 1410/3362/3
f 1410/3362/3 1955/3361/3 1956/3363/3
f 1410/3362/4 1956/3363/4 1409/3364/4
f 1409/3364/4 1956/3363/4 1957/3365/4
f 1409/3364/5 1957/3365/5 1408/3366/5
f 1408/3366/5 1957/3365/5 1958/3367/5
f 1408/3366/6 1958/3367/6 1407/3368/6
f 1407/3368/6 1958/3367/6 1959/3369/6
f 1407/3368/54 1959/3369/54 1406/3370/54
f 1406/3370/54 1959/3369/54 1960/3371/54
f 1406/3208/8 1960/3209/8 1405/3372/8
f 1405/3372/8 1960/3209/8 1961/3373/8
f 1405/3372/9 1961/3373/9 1404/3374/9
f 1404/3374/9 1961/3373/9 1962/3375/9
f 1404/3374/10 1962/3375/10 1304/3376/10
f 1304/3376/10 1962/3375/10 1963/3377/10
f 1304/3376/32 1963/3377/32 1305/3378/32
f 1305/3378/32 1963/3377/32 1964/3379/32
f 1305/3378/33 1964/3379/33 1557/3380/33
f 1557/3380/33 1964/3379/33 1965/3381/33
f 1557/3380/34 1965/3381/34 1535/3382/34
f 1535/3382/34 1965/3381/34 1966/3383/34
f 1535/3382/35 1966/3383/35 1533/3384/35
f 1533/3384/35 1966/3383/35 1967/3385/35
f 1533/3384/36 1967/3385/36 1531/3386/36
f 1531/3386/36 1967/3385/36 1968/3387/36
f 1531/3386/47 1968/3387/47 1529/3388/47
f 1529/3388/47 1968/3387/47 1969/3389/47
f 1529/3390/38 1969/3391/38 1528/3392/38
f 1528/3392/38 1969/3391/38 1970/3393/38
f 1528/3392/39 1970/3393/39 1526/3394/39
f 1526/3394/39 1970/3393/39 1971/3395/39
f 1526/3394/60 1971/3395/60 1523/3396/60
f 1523/3396/60 1971/3395/60 1972/3397/60
f 1523/3396/59 1972/3397/59 1521/3398/59
f 1521/3398/59 1972/3397/59 1973/3399/59
f 1521/3398/23 1973/3399/23 1519/3400/23
f 1519/3400/23 1973/3399/23 1974/3401/23
f 1519/3400/24 1974/3401/24 1517/3402/24
f 1517/3402/24 1974/3401/24 1975/3403/24
f 1517/3402/46 1975/3403/46 1515/3404/46
f 1515/3404/46 1975/3403/46 1976/3405/46
f 1515/3404/26 1976/3405/26 1513/3406/26
f 1513/3406/26 1976/3405/26 1977/3407/26
f 1513/3406/27 1977/3407/27 1512/3371/27
f 1512/3371/27 1977/3407/27 1978/3370/27
f 1512/3408/28 1978/3409/28 1390/3410/28
f 1390/3410/28 1978/3409/28 1979/3411/28
f 1390/3410/29 1979/3411/29 1388/3338/29
f 1388/3338/29 1979/3411/29 1944/3339/29
f 756/19/21 820/3412/21 1835/3111/21
f 1835/3111/21 820/3412/21 1980/3413/21
f 820/3412/16 819/3414/16 1980/3413/16
f 1980/3413/16 819/3414/16 1981/738/16
f 819/3415/11 821/3416/11 1981/3417/11
f 1981/3417/11 821/3416/11 1982/3418/11
f 821/3416/6 650/3112/6 1982/3418/6
f 1982/3418/6 650/3112/6 1831/3419/6
f 1944/3420/41 1892/3421/41 1945/3422/41
f 1945/3422/41 1892/3421/41 1891/3423/41
f 1945/3422/41 1891/3423/41 1946/3424/41
f 1946/3424/41 1891/3423/41 1890/3425/41
f 1946/3424/41 1890/3425/41 1947/3426/41
f 1947/3426/41 1890/3425/41 1889/3427/41
f 1947/3426/41 1889/3427/41 1948/3428/41
f 1948/3428/41 1889/3427/41 1888/3429/41
f 1948/3428/41 1888/3429/41 1949/3430/41
f 1949/3430/41 1888/3429/41 1887/3431/41
f 1949/3430/41 1887/3431/41 1950/3432/41
f 1950/3432/41 1887/3431/41 1886/3433/41
f 1950/3432/41 1886/3433/41 1951/3434/41
f 1951/3434/41 1886/3433/41 1885/3435/41
f 1951/3434/41 1885/3435/41 1952/3436/41
f 1952/3436/41 1885/3435/41 1884/3437/41
f 1952/3436/41 1884/3437/41 1834/3438/41
f 1834/3438/41 1884/3437/41 1833/3439/41
f 1833/3439/41 1884/3437/41 1883/3440/41
f 1833/3439/41 1883/3440/41 1882/3441/41
f 1892/3421/41 1944/3420/41 1893/3442/41
f 1893/3442/41 1944/3420/41 1979/3443/41
f 1893/3442/41 1979/3443/41 1894/3444/41
f 1894/3444/41 1979/3443/41 1978/3445/41
f 1894/3444/41 1978/3445/41 1895/3446/41
f 1895/3446/41 1978/3445/41 1977/3447/41
f 1895/3446/41 1977/3447/41 1896/3448/41
f 1896/3448/41 1977/3447/41 1976/3449/41
f 1896/3448/41 1976/3449/41 1850/3450/41
f 1850/3450/41 1976/3449/41 1914/3451/41
f 1850/3450/41 1914/3451/41 1851/3452/41
f 1851/3452/41 1914/3451/41 1913/3453/41
f 1851/3452/41 1913/3453/41 1852/3454/41
f 1852/3454/41 1913/3453/41 1912/3455/41
f 1852/3454/41 1912/3455/41 1853/3456/41
f 1853/3456/41 1912/3455/41 1911/3457/41
f 1853/3456/41 1911/3457/41 1854/3458/41
f 1854/3458/41 1911/3457/41 1910/3459/41
f 1854/3458/41 1910/3459/41 1855/3460/41
f 1855/3460/41 1910/3459/41 1909/3461/41
f 1855/3460/41 1909/3461/41 1856/3462/41
f 1856/3462/41 1909/3461/41 1908/3463/41
f 1856/3462/41 1908/3463/41 1857/3464/41
f 1857/3464/41 1908/3463/41 1943/3465/41
f 1857/3464/41 1943/3465/41 1858/3466/41
f 1858/3466/41 1943/3465/41 1942/3467/41
f 1858/3466/41 1942/3467/41 1859/3468/41
f 1859/3468/41 1942/3467/41 1941/3469/41
f 1859/3468/41 1941/3469/41 1860/3470/41
f 1860/3470/41 1941/3469/41 1940/3471/41
f 1860/3470/41 1940/3471/41 1861/3472/41
f 1861/3472/41 1940/3471/41 1939/3473/41
f 1861/3472/41 1939/3473/41 1862/3474/41
f 1862/3474/41 1939/3473/41 1938/3475/41
f 1862/3474/41 1938/3475/41 1982/3476/41
f 1982/3476/41 1938/3475/41 1981/3477/41
f 1981/3477/41 1938/3475/41 1937/3478/41
f 1981/3477/41 1937/3478/41 1936/3479/41
f 1976/3449/41 1975/3480/41 1914/3451/41
f 1914/3451/41 1975/3480/41 1915/3481/41
f 1915/3481/41 1975/3480/41 1974/3482/41
f 1915/3481/41 1974/3482/41 1916/3483/41
f 1916/3483/41 1974/3482/41 1973/3484/41
f 1916/3483/41 1973/3484/41 1917/3485/41
f 1917/3485/41 1973/3484/41 1972/3486/41
f 1917/3485/41 1972/3486/41 1918/3487/41
f 1918/3487/41 1972/3486/41 1919/3488/41
f 1919/3488/41 1972/3486/41 1971/3489/41
f 1919/3488/41 1971/3489/41 1920/3490/41
f 1920/3490/41 1971/3489/41 1970/3491/41
f 1920/3490/41 1970/3491/41 1921/3492/41
f 1921/3492/41 1970/3491/41 1969/3493/41
f 1921/3492/41 1969/3493/41 1922/3494/41
f 1922/3494/41 1969/3493/41 1968/3495/41
f 1922/3494/41 1968/3495/41 1923/3496/41
f 1923/3496/41 1968/3495/41 1967/3497/41
f 1923/3496/41 1967/3497/41 1980/3498/41
f 1980/3498/41 1967/3497/41 1835/3499/41
f 1835/3499/41 1967/3497/41 1966/3500/41
f 1835/3499/41 1966/3500/41 1965/3501/41
f 1965/3501/41 1964/3502/41 1835/3499/41
f 1835/3499/41 1964/3502/41 1963/3503/41
f 1835/3499/41 1963/3503/41 1962/3504/41
f 1962/3504/41 1961/3505/41 1835/3499/41
f 1835/3499/41 1961/3505/41 1960/3506/41
f 1835/3499/41 1960/3506/41 1959/3507/41
f 1835/3499/41 1959/3507/41 1834/3438/41
f 1834/3438/41 1959/3507/41 1958/3508/41
f 1834/3438/41 1958/3508/41 1957/3509/41
f 1957/3509/41 1956/3510/41 1834/3438/41
f 1834/3438/41 1956/3510/41 1955/3511/41
f 1834/3438/41 1955/3511/41 1954/3512/41
f 1954/3512/41 1953/3513/41 1834/3438/41
f 1834/3438/41 1953/3513/41 1952/3436/41
f 1936/3479/41 1935/3514/41 1981/3477/41
f 1981/3477/41 1935/3514/41 1934/3515/41
f 1981/3477/41 1934/3515/41 1933/3516/41
f 1933/3516/41 1932/3517/41 1981/3477/41
f 1981/3477/41 1932/3517/41 1931/3518/41
f 1981/3477/41 1931/3518/41 1980/3498/41
f 1980/3498/41 1931/3518/41 1930/3519/41
f 1980/3498/41 1930/3519/41 1929/3520/41
f 1929/3520/41 1928/3521/41 1980/3498/41
f 1980/3498/41 1928/3521/41 1927/3522/41
f 1980/3498/41 1927/3522/41 1926/3523/41
f 1926/3523/41 1925/3524/41 1980/3498/41
f 1980/3498/41 1925/3524/41 1924/3525/41
f 1980/3498/41 1924/3525/41 1923/3496/41
f 1874/3526/41 1873/3527/41 1832/3528/41
f 1832/3528/41 1873/3527/41 1872/3529/41
f 1832/3528/41 1872/3529/41 1907/3530/41
f 1907/3530/41 1906/3531/41 1832/3528/41
f 1832/3528/41 1906/3531/41 1905/3532/41
f 1832/3528/41 1905/3532/41 1831/3533/41
f 1831/3533/41 1905/3532/41 1841/3534/41
f 1831/3533/41 1841/3534/41 1840/3535/41
f 1905/3532/41 1904/3536/41 1841/3534/41
f 1841/3534/41 1904/3536/41 1842/3537/41
f 1842/3537/41 1904/3536/41 1903/3538/41
f 1842/3537/41 1903/3538/41 1843/3539/41
f 1843/3539/41 1903/3538/41 1902/3540/41
f 1843/3539/41 1902/3540/41 1844/3541/41
f 1844/3541/41 1902/3540/41 1901/3542/41
f 1844/3541/41 1901/3542/41 1845/3543/41
f 1845/3543/41 1901/3542/41 1900/3544/41
f 1845/3543/41 1900/3544/41 1846/3545/41
f 1846/3545/41 1900/3544/41 1847/3546/41
f 1847/3546/41 1900/3544/41 1899/3547/41
f 1847/3546/41 1899/3547/41 1848/3548/41
f 1848/3548/41 1899/3547/41 1898/3549/41
f 1848/3548/41 1898/3549/41 1849/3550/41
f 1849/3550/41 1898/3549/41 1897/3551/41
f 1849/3550/41 1897/3551/41 1850/3450/41
f 1850/3450/41 1897/3551/41 1896/3448/41
f 1882/3441/41 1881/3552/41 1833/3439/41
f 1833/3439/41 1881/3552/41 1880/3553/41
f 1833/3439/41 1880/3553/41 1879/3554/41
f 1879/3554/41 1878/3555/41 1833/3439/41
f 1833/3439/41 1878/3555/41 1877/3556/41
f 1833/3439/41 1877/3556/41 1832/3528/41
f 1832/3528/41 1877/3556/41 1876/3557/41
f 1832/3528/41 1876/3557/41 1875/3558/41
f 1875/3558/41 1874/3526/41 1832/3528/41
f 1838/3559/41 1837/3560/41 1831/3533/41
f 1831/3533/41 1837/3560/41 1836/3561/41
f 1831/3533/41 1836/3561/41 1871/3562/41
f 1871/3562/41 1870/3563/41 1831/3533/41
f 1831/3533/41 1870/3563/41 1869/3564/41
f 1831/3533/41 1869/3564/41 1982/3476/41
f 1982/3476/41 1869/3564/41 1868/3565/41
f 1982/3476/41 1868/3565/41 1867/3566/41
f 1867/3566/41 1866/3567/41 1982/3476/41
f 1982/3476/41 1866/3567/41 1865/3568/41
f 1982/3476/41 1865/3568/41 1864/3569/41
f 1864/3569/41 1863/3570/41 1982/3476/41
f 1982/3476/41 1863/3570/41 1862/3474/41
f 1840/3535/41 1839/3571/41 1831/3533/41
f 1831/3533/41 1839/3571/41 1838/3559/41
f 593/3572/1 648/3573/1 1983/3574/1
f 1983/3574/1 648/3573/1 1984/3575/1
f 648/3573/36 822/3419/36 1984/3575/36
f 1984/3575/36 822/3419/36 1985/3576/36
f 822/824/31 779/3577/31 1985/822/31
f 1985/822/31 779/3577/31 1986/3578/31
f 779/3577/26 660/3579/26 1986/3578/26
f 1986/3578/26 660/3579/26 1987/3580/26
f 1552/3581/43 1988/3582/43 1549/3583/43
f 1549/3583/30 1988/3582/30 1989/3584/30
f 1549/3583/12 1989/3584/12 1547/3585/12
f 1547/3585/42 1989/3584/42 1990/3586/42
f 1547/3585/13 1990/3586/13 1545/3587/13
f 1545/3587/13 1990/3586/13 1991/3588/13
f 1545/3587/14 1991/3588/14 1544/3589/14
f 1544/3589/14 1991/3588/14 1992/3590/14
f 1544/3589/15 1992/3590/15 1542/3591/15
f 1542/3591/15 1992/3590/15 1993/3592/15
f 1542/3591/16 1993/3592/16 1540/3593/16
f 1540/3593/16 1993/3592/16 1994/3594/16
f 1540/3593/17 1994/3594/17 1539/3408/17
f 1539/3408/17 1994/3594/17 1995/3409/17
f 1539/3595/18 1995/3596/18 1537/3597/18
f 1537/3597/18 1995/3596/18 1996/3598/18
f 1537/3597/19 1996/3598/19 1558/3599/19
f 1558/3599/19 1996/3598/19 1997/3600/19
f 1558/3599/20 1997/3600/20 1306/3601/20
f 1306/3601/20 1997/3600/20 1998/3602/20
f 1306/3601/2 1998/3602/2 1307/3603/2
f 1307/3603/2 1998/3602/2 1999/3604/2
f 1307/3603/3 1999/3604/3 1383/3605/3
f 1383/3605/3 1999/3604/3 2000/3606/3
f 1383/3605/4 2000/3606/4 1382/3607/4
f 1382/3607/4 2000/3606/4 2001/3608/4
f 1382/3607/5 2001/3608/5 1381/3609/5
f 1381/3609/5 2001/3608/5 2002/3610/5
f 1381/3609/6 2002/3610/6 1303/3611/6
f 1303/3611/6 2002/3610/6 2003/3612/6
f 1303/3611/7 2003/3612/7 1302/1667/7
f 1302/1667/7 2003/3612/7 2004/3613/7
f 1302/3614/8 2004/3615/8 1301/3616/8
f 1301/3616/8 2004/3615/8 2005/3617/8
f 1301/3616/9 2005/3617/9 1300/3618/9
f 1300/3618/9 2005/3617/9 2006/3619/9
f 1300/3618/10 2006/3619/10 1299/3620/10
f 1299/3620/55 2006/3619/55 2007/3621/55
f 1299/3620/56 2007/3621/56 1298/3622/56
f 1298/3622/32 2007/3621/32 2008/3623/32
f 1298/3622/33 2008/3623/33 1294/3624/33
f 1294/3624/33 2008/3623/33 2009/3625/33
f 1294/3624/34 2009/3625/34 1295/3626/34
f 1295/3626/34 2009/3625/34 2010/3627/34
f 1295/3626/35 2010/3627/35 1296/3628/35
f 1296/3628/35 2010/3627/35 2011/3629/35
f 1296/3628/36 2011/3629/36 1297/3630/36
f 1297/3630/36 2011/3629/36 2012/3631/36
f 1297/3630/37 2012/3631/37 1312/3632/37
f 1312/3632/37 2012/3631/37 2013/3633/37
f 1312/3634/38 2013/3635/38 1560/3636/38
f 1560/3636/38 2013/3635/38 2014/3637/38
f 1560/3636/39 2014/3637/39 1562/3638/39
f 1562/3638/39 2014/3637/39 2015/3639/39
f 1562/3638/40 2015/3639/40 1564/3640/40
f 1564/3640/40 2015/3639/40 2016/3641/40
f 1564/3640/22 2016/3641/22 1565/3642/22
f 1565/3642/22 2016/3641/22 2017/3643/22
f 1565/3642/23 2017/3643/23 1566/3644/23
f 1566/3644/23 2017/3643/23 2018/3645/23
f 1566/3644/24 2018/3645/24 1570/3646/24
f 1570/3646/24 2018/3645/24 2019/3647/24
f 1570/3646/46 2019/3647/46 1572/3648/46
f 1572/3648/25 2019/3647/25 2020/3649/25
f 1572/3648/26 2020/3649/26 1573/3650/26
f 1573/3650/26 2020/3649/26 2021/3651/26
f 1573/3650/27 2021/3651/27 1575/3652/27
f 1575/3652/27 2021/3651/27 2022/3653/27
f 1575/3654/28 2022/3655/28 1554/3656/28
f 1554/3656/28 2022/3655/28 2023/3657/28
f 1554/3656/29 2023/3657/29 1552/3581/29
f 1552/3581/29 2023/3657/29 1988/3582/29
f 1578/3658/43 2024/3659/43 1470/3660/43
f 1470/3660/43 2024/3659/43 2025/3661/43
f 1470/3660/42 2025/3661/42 1471/3662/42
f 1471/3662/42 2025/3661/42 2026/3663/42
f 1471/3662/13 2026/3663/13 1508/3664/13
f 1508/3664/13 2026/3663/13 2027/3665/13
f 1508/3664/14 2027/3665/14 1506/3666/14
f 1506/3666/14 2027/3665/14 2028/3667/14
f 1506/3666/52 2028/3667/52 1504/3668/52
f 1504/3668/15 2028/3667/15 2029/3669/15
f 1504/3668/16 2029/3669/16 1502/3670/16
f 1502/3670/16 2029/3669/16 2030/3671/16
f 1502/3670/17 2030/3671/17 1500/3672/17
f 1500/3672/17 2030/3671/17 2031/3673/17
f 1500/3674/18 2031/3675/18 1498/3676/18
f 1498/3676/18 2031/3675/18 2032/3677/18
f 1498/3676/19 2032/3677/19 1496/3678/19
f 1496/3678/19 2032/3677/19 2033/3679/19
f 1496/3678/20 2033/3679/20 1495/3680/20
f 1495/3680/20 2033/3679/20 2034/3681/20
f 1495/3680/2 2034/3681/2 1493/3682/2
f 1493/3682/2 2034/3681/2 2035/3683/2
f 1493/3682/3 2035/3683/3 1491/3684/3
f 1491/3684/3 2035/3683/3 2036/3685/3
f 1491/3684/4 2036/3685/4 1489/3686/4
f 1489/3686/4 2036/3685/4 2037/3687/4
f 1489/3686/50 2037/3687/50 1487/3688/50
f 1487/3688/5 2037/3687/5 2038/3689/5
f 1487/3688/6 2038/3689/6 1485/3690/6
f 1485/3690/6 2038/3689/6 2039/3691/6
f 1485/3690/54 2039/3691/54 1483/3190/54
f 1483/3190/7 2039/3691/7 2040/3189/7
f 1483/3692/8 2040/3693/8 1401/3694/8
f 1401/3694/8 2040/3693/8 2041/3695/8
f 1401/3694/9 2041/3695/9 1400/3696/9
f 1400/3696/9 2041/3695/9 2042/3697/9
f 1400/3696/55 2042/3697/55 1556/3698/55
f 1556/3698/10 2042/3697/10 2043/3699/10
f 1556/3698/32 2043/3699/32 1270/3700/32
f 1270/3700/56 2043/3699/56 2044/3701/56
f 1270/3700/33 2044/3701/33 1269/3702/33
f 1269/3702/33 2044/3701/33 2045/3703/33
f 1269/3702/34 2045/3703/34 1606/3704/34
f 1606/3704/34 2045/3703/34 2046/3705/34
f 1606/3704/35 2046/3705/35 1604/3706/35
f 1604/3706/57 2046/3705/57 2047/3707/57
f 1604/3706/36 2047/3707/36 1602/3708/36
f 1602/3708/36 2047/3707/36 2048/3709/36
f 1602/3708/37 2048/3709/37 1600/3614/37
f 1600/3614/47 2048/3709/47 2049/3615/47
f 1600/3710/38 2049/1709/38 1598/3711/38
f 1598/3711/38 2049/1709/38 2050/3712/38
f 1598/3711/39 2050/3712/39 1596/3713/39
f 1596/3713/39 2050/3712/39 2051/3714/39
f 1596/3713/40 2051/3714/40 1593/3715/40
f 1593/3715/40 2051/3714/40 2052/3716/40
f 1593/3715/22 2052/3716/22 1591/3717/22
f 1591/3717/22 2052/3716/22 2053/3718/22
f 1591/3717/23 2053/3718/23 1589/3719/23
f 1589/3719/23 2053/3718/23 2054/3720/23
f 1589/3719/24 2054/3720/24 1587/3721/24
f 1587/3721/24 2054/3720/24 2055/3722/24
f 1587/3721/25 2055/3722/25 1585/3723/25
f 1585/3723/25 2055/3722/25 2056/3724/25
f 1585/3723/26 2056/3724/26 1583/3725/26
f 1583/3725/26 2056/3724/26 2057/3726/26
f 1583/3725/27 2057/3726/27 1581/3727/27
f 1581/3727/45 2057/3726/45 2058/3728/45
f 1581/3388/28 2058/3389/28 1579/3729/28
f 1579/3729/28 2058/3389/28 2059/3730/28
f 1579/3729/29 2059/3730/29 1578/3658/29
f 1578/3658/29 2059/3730/29 2024/3659/29
f 1358/3731/30 2060/3732/30 1445/3733/30
f 1445/3733/30 2060/3732/30 2061/3734/30
f 1445/3733/12 2061/3734/12 1442/3735/12
f 1442/3735/12 2061/3734/12 2062/3736/12
f 1442/3735/13 2062/3736/13 1440/3737/13
f 1440/3737/13 2062/3736/13 2063/3738/13
f 1440/3737/14 2063/3738/14 1576/3739/14
f 1576/3739/14 2063/3738/14 2064/3740/14
f 1576/3739/15 2064/3740/15 1574/3741/15
f 1574/3741/15 2064/3740/15 2065/3742/15
f 1574/3741/16 2065/3742/16 1571/3743/16
f 1571/3743/16 2065/3742/16 2066/3744/16
f 1571/3743/17 2066/3744/17 1569/3745/17
f 1569/3745/51 2066/3744/51 2067/3746/51
f 1569/3131/18 2067/1162/18 1567/3747/18
f 1567/3747/18 2067/1162/18 2068/3748/18
f 1567/3747/19 2068/3748/19 1568/3749/19
f 1568/3749/19 2068/3748/19 2069/3750/19
f 1568/3749/20 2069/3750/20 1563/3751/20
f 1563/3751/20 2069/3750/20 2070/3752/20
f 1563/3751/2 2070/3752/2 1561/3753/2
f 1561/3753/2 2070/3752/2 2071/3754/2
f 1561/3753/3 2071/3754/3 1559/3755/3
f 1559/3755/3 2071/3754/3 2072/3756/3
f 1559/3755/4 2072/3756/4 1311/3757/4
f 1311/3757/4 2072/3756/4 2073/3758/4
f 1311/3757/5 2073/3758/5 1310/3759/5
f 1310/3759/5 2073/3758/5 2074/3760/5
f 1310/3759/6 2074/3760/6 1309/3761/6
f 1309/3761/6 2074/3760/6 2075/3762/6
f 1309/3761/7 2075/3762/7 1308/399/7
f 1308/399/7 2075/3762/7 2076/3763/7
f 1308/3632/8 2076/3633/8 1293/3764/8
f 1293/3764/8 2076/3633/8 2077/3765/8
f 1293/3764/9 2077/3765/9 1292/3766/9
f 1292/3766/9 2077/3765/9 2078/3767/9
f 1292/3766/10 2078/3767/10 1291/3768/10
f 1291/3768/55 2078/3767/55 2079/3769/55
f 1291/3768/56 2079/3769/56 1290/3770/56
f 1290/3770/32 2079/3769/32 2080/3771/32
f 1290/3770/33 2080/3771/33 1468/3772/33
f 1468/3772/33 2080/3771/33 2081/3773/33
f 1468/3772/34 2081/3773/34 1466/3774/34
f 1466/3774/34 2081/3773/34 2082/3775/34
f 1466/3774/35 2082/3775/35 1464/3776/35
f 1464/3776/35 2082/3775/35 2083/3777/35
f 1464/3776/36 2083/3777/36 1462/3778/36
f 1462/3778/36 2083/3777/36 2084/3779/36
f 1462/3778/37 2084/3779/37 1460/3780/37
f 1460/3780/37 2084/3779/37 2085/3781/37
f 1460/3782/38 2085/3783/38 1458/3784/38
f 1458/3784/38 2085/3783/38 2086/3785/38
f 1458/3784/39 2086/3785/39 1456/3786/39
f 1456/3786/39 2086/3785/39 2087/3787/39
f 1456/3786/40 2087/3787/40 1373/3788/40
f 1373/3788/40 2087/3787/40 2088/3789/40
f 1373/3788/22 2088/3789/22 1371/3790/22
f 1371/3790/22 2088/3789/22 2089/3791/22
f 1371/3790/23 2089/3791/23 1369/3792/23
f 1369/3792/23 2089/3791/23 2090/3793/23
f 1369/3792/24 2090/3793/24 1367/3794/24
f 1367/3794/24 2090/3793/24 2091/3795/24
f 1367/3794/46 2091/3795/46 1365/3796/46
f 1365/3796/25 2091/3795/25 2092/3797/25
f 1365/3796/26 2092/3797/26 1363/3798/26
f 1363/3798/26 2092/3797/26 2093/3799/26
f 1363/3798/27 2093/3799/27 1361/3653/27
f 1361/3653/27 2093/3799/27 2094/3652/27
f 1361/3317/28 2094/3800/28 1359/3801/28
f 1359/3801/28 2094/3800/28 2095/3802/28
f 1359/3801/29 2095/3802/29 1358/3731/29
f 1358/3731/29 2095/3802/29 2060/3732/29
f 1248/3803/43 2096/3804/43 1247/3805/43
f 1247/3805/43 2096/3804/43 2097/3806/43
f 1247/3805/42 2097/3806/42 1577/3807/42
f 1577/3807/42 2097/3806/42 2098/3808/42
f 1577/3807/13 2098/3808/13 1580/3809/13
f 1580/3809/13 2098/3808/13 2099/3810/13
f 1580/3809/14 2099/3810/14 1582/3811/14
f 1582/3811/14 2099/3810/14 2100/3812/14
f 1582/3811/52 2100/3812/52 1584/3813/52
f 1584/3813/15 2100/3812/15 2101/3814/15
f 1584/3813/16 2101/3814/16 1586/3815/16
f 1586/3815/16 2101/3814/16 2102/3816/16
f 1586/3815/17 2102/3816/17 1588/622/17
f 1588/622/17 2102/3816/17 2103/515/17
f 1588/3817/18 2103/3818/18 1590/3819/18
f 1590/3819/18 2103/3818/18 2104/3820/18
f 1590/3819/19 2104/3820/19 1592/3821/19
f 1592/3821/19 2104/3820/19 2105/3822/19
f 1592/3821/62 2105/3822/62 1594/3823/62
f 1594/3823/20 2105/3822/20 2106/3824/20
f 1594/3823/2 2106/3824/2 1595/3825/2
f 1595/3825/2 2106/3824/2 2107/3826/2
f 1595/3825/3 2107/3826/3 1597/3827/3
f 1597/3827/3 2107/3826/3 2108/3828/3
f 1597/3827/4 2108/3828/4 1599/3829/4
f 1599/3829/4 2108/3828/4 2109/3830/4
f 1599/3829/50 2109/3830/50 1601/3831/50
f 1601/3831/5 2109/3830/5 2110/3832/5
f 1601/3831/6 2110/3832/6 1603/3833/6
f 1603/3833/6 2110/3832/6 2111/3834/6
f 1603/3833/54 2111/3834/54 1605/3835/54
f 1605/3835/7 2111/3834/7 2112/3836/7
f 1605/3837/8 2112/3267/8 1267/3838/8
f 1267/3838/8 2112/3267/8 2113/3839/8
f 1267/3838/9 2113/3839/9 1266/3840/9
f 1266/3840/9 2113/3839/9 2114/3841/9
f 1266/3840/55 2114/3841/55 1265/3842/55
f 1265/3842/10 2114/3841/10 2115/3843/10
f 1265/3842/32 2115/3843/32 1264/3844/32
f 1264/3844/56 2115/3843/56 2116/3845/56
f 1264/3844/33 2116/3845/33 1263/3846/33
f 1263/3846/33 2116/3845/33 2117/3847/33
f 1263/3846/34 2117/3847/34 1262/3848/34
f 1262/3848/34 2117/3847/34 2118/3849/34
f 1262/3848/35 2118/3849/35 1261/3850/35
f 1261/3850/57 2118/3849/57 2119/3851/57
f 1261/3850/36 2119/3851/36 1260/3852/36
f 1260/3852/36 2119/3851/36 2120/3853/36
f 1260/3852/37 2120/3853/37 1259/1756/37
f 1259/1756/47 2120/3853/47 2121/3854/47
f 1259/3855/38 2121/3856/38 1258/3857/38
f 1258/3857/38 2121/3856/38 2122/3858/38
f 1258/3857/39 2122/3858/39 1257/3859/39
f 1257/3859/39 2122/3858/39 2123/3860/39
f 1257/3859/40 2123/3860/40 1256/3861/40
f 1256/3861/40 2123/3860/40 2124/3862/40
f 1256/3861/22 2124/3862/22 1255/3863/22
f 1255/3863/22 2124/3862/22 2125/3864/22
f 1255/3863/23 2125/3864/23 1254/3865/23
f 1254/3865/23 2125/3864/23 2126/3866/23
f 1254/3865/24 2126/3866/24 1253/3867/24
f 1253/3867/24 2126/3866/24 2127/3868/24
f 1253/3867/25 2127/3868/25 1252/3869/25
f 1252/3869/46 2127/3868/46 2128/3870/46
f 1252/3869/26 2128/3870/26 1251/3871/26
f 1251/3871/26 2128/3870/26 2129/3872/26
f 1251/3871/27 2129/3872/27 1250/3873/27
f 1250/3873/45 2129/3872/45 2130/3874/45
f 1250/3230/28 2130/3875/28 1249/3876/28
f 1249/3876/28 2130/3875/28 2131/3877/28
f 1249/3876/29 2131/3877/29 1248/3803/29
f 1248/3803/29 2131/3877/29 2096/3804/29
f 660/419/21 606/3878/21 1987/3879/21
f 1987/3879/21 606/3878/21 2132/3880/21
f 606/3878/16 817/3576/16 2132/3880/16
f 2132/3880/16 817/3576/16 2133/3110/16
f 817/3881/11 594/3882/11 2133/3883/11
f 2133/3883/11 594/3882/11 2134/3884/11
f 594/3882/6 593/3885/6 2134/3884/6
f 2134/3884/6 593/3885/6 1983/3886/6
f 2098/3887/41 2097/3888/41 1983/3889/41
f 1983/3889/41 2097/3888/41 2096/3890/41
f 1983/3889/41 2096/3890/41 2131/3891/41
f 2131/3891/41 2130/3892/41 1983/3889/41
f 1983/3889/41 2130/3892/41 2129/3893/41
f 1983/3889/41 2129/3893/41 2128/3894/41
f 2128/3894/41 2127/3895/41 1983/3889/41
f 1983/3889/41 2127/3895/41 2134/3896/41
f 2134/3896/41 2127/3895/41 2126/3897/41
f 2134/3896/41 2126/3897/41 2125/3898/41
f 2125/3898/41 2124/3899/41 2134/3896/41
f 2134/3896/41 2124/3899/41 2123/3900/41
f 2134/3896/41 2123/3900/41 2122/3901/41
f 2121/3902/41 2091/3903/41 2122/3901/41
f 2122/3901/41 2091/3903/41 2090/3904/41
f 2122/3901/41 2090/3904/41 2134/3896/41
f 2134/3896/41 2090/3904/41 2133/3905/41
f 2133/3905/41 2090/3904/41 2089/3906/41
f 2133/3905/41 2089/3906/41 2088/3907/41
f 2091/3903/41 2121/3902/41 2092/3908/41
f 2092/3908/41 2121/3902/41 2120/3909/41
f 2092/3908/41 2120/3909/41 2093/3910/41
f 2093/3910/41 2120/3909/41 2119/3911/41
f 2093/3910/41 2119/3911/41 2094/3912/41
f 2094/3912/41 2119/3911/41 2118/3913/41
f 2094/3912/41 2118/3913/41 2095/3914/41
f 2095/3914/41 2118/3913/41 2117/3915/41
f 2095/3914/41 2117/3915/41 2060/3916/41
f 2060/3916/41 2117/3915/41 2116/3917/41
f 2060/3916/41 2116/3917/41 2061/3918/41
f 2061/3918/41 2116/3917/41 2115/3919/41
f 2061/3918/41 2115/3919/41 2062/3920/41
f 2062/3920/41 2115/3919/41 2114/3921/41
f 2062/3920/41 2114/3921/41 2063/3922/41
f 2063/3922/41 2114/3921/41 2113/3923/41
f 2063/3922/41 2113/3923/41 2064/3924/41
f 2064/3924/41 2113/3923/41 2112/3925/41
f 2064/3924/41 2112/3925/41 2065/3926/41
f 2065/3926/41 2112/3925/41 2111/3927/41
f 2065/3926/41 2111/3927/41 2066/3928/41
f 2066/3928/41 2111/3927/41 2110/3929/41
f 2066/3928/41 2110/3929/41 2067/3930/41
f 2067/3930/41 2110/3929/41 2109/3931/41
f 2067/3930/41 2109/3931/41 2019/3932/41
f 2019/3932/41 2109/3931/41 2049/3933/41
f 2019/3932/41 2049/3933/41 2020/3934/41
f 2020/3934/41 2049/3933/41 2048/3935/41
f 2020/3934/41 2048/3935/41 2021/3936/41
f 2021/3936/41 2048/3935/41 2047/3937/41
f 2021/3936/41 2047/3937/41 2022/3938/41
f 2022/3938/41 2047/3937/41 2046/3939/41
f 2022/3938/41 2046/3939/41 2023/3940/41
f 2023/3940/41 2046/3939/41 2045/3941/41
f 2023/3940/41 2045/3941/41 1988/3942/41
f 1988/3942/41 2045/3941/41 2044/3943/41
f 1988/3942/41 2044/3943/41 1989/3944/41
f 1989/3944/41 2044/3943/41 2043/3945/41
f 1989/3944/41 2043/3945/41 1990/3946/41
f 1990/3946/41 2043/3945/41 2042/3947/41
f 1990/3946/41 2042/3947/41 1991/3948/41
f 1991/3948/41 2042/3947/41 2041/3949/41
f 1991/3948/41 2041/3949/41 1992/3950/41
f 1992/3950/41 2041/3949/41 2040/3951/41
f 1992/3950/41 2040/3951/41 1993/3952/41
f 1993/3952/41 2040/3951/41 2039/3953/41
f 1993/3952/41 2039/3953/41 1994/3954/41
f 1994/3954/41 2039/3953/41 2038/3955/41
f 1994/3954/41 2038/3955/41 1995/3956/41
f 1995/3956/41 2038/3955/41 2037/3957/41
f 1995/3956/41 2037/3957/41 1996/3958/41
f 1996/3958/41 2037/3957/41 2036/3959/41
f 1996/3958/41 2036/3959/41 1986/3960/41
f 1986/3960/41 2036/3959/41 1985/3961/41
f 1985/3961/41 2036/3959/41 2035/3962/41
f 1985/3961/41 2035/3962/41 2034/3963/41
f 2049/3933/41 2109/3931/41 2050/3964/41
f 2050/3964/41 2109/3931/41 2108/3965/41
f 2050/3964/41 2108/3965/41 2051/3966/41
f 2051/3966/41 2108/3965/41 2107/3967/41
f 2051/3966/41 2107/3967/41 2052/3968/41
f 2052/3968/41 2107/3967/41 2106/3969/41
f 2052/3968/41 2106/3969/41 2105/3970/41
f 2052/3968/41 2105/3970/41 2053/3971/41
f 2053/3971/41 2105/3970/41 2104/3972/41
f 2053/3971/41 2104/3972/41 2054/3973/41
f 2054/3973/41 2104/3972/41 2103/3974/41
f 2054/3973/41 2103/3974/41 2055/3975/41
f 2055/3975/41 2103/3974/41 2102/3976/41
f 2055/3975/41 2102/3976/41 2056/3977/41
f 2056/3977/41 2102/3976/41 2101/3978/41
f 2056/3977/41 2101/3978/41 2057/3979/41
f 2057/3979/41 2101/3978/41 1984/3980/41
f 2057/3979/41 1984/3980/41 2058/3981/41
f 2058/3981/41 1984/3980/41 2059/3982/41
f 2059/3982/41 1984/3980/41 2024/3983/41
f 2024/3983/41 1984/3980/41 2025/3984/41
f 2025/3984/41 1984/3980/41 2026/3985/41
f 2026/3985/41 1984/3980/41 2027/3986/41
f 2027/3986/41 1984/3980/41 2028/3987/41
f 2028/3987/41 1984/3980/41 2029/3988/41
f 2029/3988/41 1984/3980/41 2030/3989/41
f 2030/3989/41 1984/3980/41 2031/3990/41
f 2031/3990/41 1984/3980/41 1985/3961/41
f 2031/3990/41 1985/3961/41 2032/3991/41
f 2032/3991/41 1985/3961/41 2033/3992/41
f 2033/3992/41 1985/3961/41 2034/3963/41
f 1984/3980/41 2101/3978/41 1983/3889/41
f 1983/3889/41 2101/3978/41 2100/3993/41
f 1983/3889/41 2100/3993/41 2099/3994/41
f 2099/3994/41 2098/3887/41 1983/3889/41
f 2088/3907/41 2087/3995/41 2133/3905/41
f 2133/3905/41 2087/3995/41 2086/3996/41
f 2133/3905/41 2086/3996/41 2085/3997/41
f 2133/3905/41 2085/3997/41 2132/3998/41
f 2132/3998/41 2085/3997/41 2084/3999/41
f 2132/3998/41 2084/3999/41 2083/4000/41
f 2083/4000/41 2082/4001/41 2132/3998/41
f 2132/3998/41 2082/4001/41 2081/4002/41
f 2132/3998/41 2081/4002/41 2080/4003/41
f 2080/4003/41 2079/4004/41 2132/3998/41
f 2132/3998/41 2079/4004/41 2078/4005/41
f 2132/3998/41 2078/4005/41 2077/4006/41
f 2077/4006/41 2076/4007/41 2132/3998/41
f 2132/3998/41 2076/4007/41 2075/4008/41
f 2132/3998/41 2075/4008/41 1987/4009/41
f 1987/4009/41 2075/4008/41 2011/4010/41
f 1987/4009/41 2011/4010/41 2010/4011/41
f 2011/4010/41 2075/4008/41 2012/4012/41
f 2012/4012/41 2075/4008/41 2074/4013/41
f 2012/4012/41 2074/4013/41 2013/4014/41
f 2013/4014/41 2074/4013/41 2073/4015/41
f 2013/4014/41 2073/4015/41 2014/4016/41
f 2014/4016/41 2073/4015/41 2072/4017/41
f 2014/4016/41 2072/4017/41 2015/4018/41
f 2015/4018/41 2072/4017/41 2071/4019/41
f 2015/4018/41 2071/4019/41 2016/4020/41
f 2016/4020/41 2071/4019/41 2070/4021/41
f 2016/4020/41 2070/4021/41 2069/4022/41
f 2016/4020/41 2069/4022/41 2017/4023/41
f 2017/4023/41 2069/4022/41 2068/4024/41
f 2017/4023/41 2068/4024/41 2018/4025/41
f 2018/4025/41 2068/4024/41 2067/3930/41
f 2018/4025/41 2067/3930/41 2019/3932/41
f 2010/4011/41 2009/4026/41 1987/4009/41
f 1987/4009/41 2009/4026/41 2008/4027/41
f 1987/4009/41 2008/4027/41 2007/4028/41
f 2007/4028/41 2006/4029/41 1987/4009/41
f 1987/4009/41 2006/4029/41 2005/4030/41
f 1987/4009/41 2005/4030/41 2004/4031/41
f 2004/4031/41 2003/4032/41 1987/4009/41
f 1987/4009/41 2003/4032/41 2002/4033/41
f 1987/4009/41 2002/4033/41 2001/4034/41
f 1987/4009/41 2001/4034/41 1986/3960/41
f 1986/3960/41 2001/4034/41 2000/4035/41
f 1986/3960/41 2000/4035/41 1999/4036/41
f 1999/4036/41 1998/4037/41 1986/3960/41
f 1986/3960/41 1998/4037/41 1997/4038/41
f 1986/3960/41 1997/4038/41 1996/3958/41
