# Blender 3.6.1
# www.blender.org
mtllib rain_light_sensorboard.mtl
o Rain-Light_Sensorboard
v -0.064103 -0.002452 -0.000035
v 0.064504 0.001382 -0.000045
v -0.037854 -0.002452 -0.000033
v -0.044807 0.005793 -0.001996
v -0.044807 0.005337 -0.003872
v -0.044807 0.004598 -0.005601
v -0.044807 0.003603 -0.007116
v -0.044807 0.002391 -0.008360
v -0.044807 0.001008 -0.009284
v -0.044807 -0.000493 -0.009853
v -0.044807 -0.002054 -0.010045
v -0.044807 -0.002452 -0.009853
v -0.044807 -0.002452 -0.005601
v -0.043856 0.005793 -0.001959
v -0.042941 0.005337 -0.003799
v -0.042098 0.004598 -0.005494
v -0.041358 0.003603 -0.006981
v -0.040752 0.002391 -0.008200
v -0.040301 0.001008 -0.009107
v -0.040024 -0.000493 -0.009665
v -0.039930 -0.002054 -0.009853
v -0.040024 -0.002452 -0.009665
v -0.040301 -0.002452 -0.009107
v -0.040752 -0.002452 -0.008200
v -0.041358 -0.002452 -0.006981
v -0.042098 -0.002452 -0.005494
v -0.042941 -0.002452 -0.003799
v -0.043856 -0.002452 -0.001959
v -0.042941 0.005793 -0.001848
v -0.041146 0.005337 -0.003581
v -0.039492 0.004598 -0.005178
v -0.038042 0.003603 -0.006578
v -0.036852 0.002391 -0.007727
v -0.035968 0.001008 -0.008581
v -0.035424 -0.000493 -0.009107
v -0.035240 -0.002054 -0.009284
v -0.035424 -0.002452 -0.009107
v -0.035968 -0.002452 -0.008581
v -0.036852 -0.002452 -0.007727
v -0.038042 -0.002452 -0.006578
v -0.039492 -0.002452 -0.005178
v -0.041146 -0.002452 -0.003581
v -0.042941 -0.002452 -0.001848
v -0.042098 0.005793 -0.001667
v -0.039492 0.005337 -0.003227
v -0.037091 0.004598 -0.004665
v -0.034986 0.003603 -0.005925
v -0.033259 0.002391 -0.006959
v -0.031975 0.001008 -0.007727
v -0.031185 -0.000493 -0.008200
v -0.030918 -0.002054 -0.008360
v -0.031185 -0.002452 -0.008200
v -0.031975 -0.002452 -0.007727
v -0.033259 -0.002452 -0.006959
v -0.034986 -0.002452 -0.005925
v -0.037091 -0.002452 -0.004665
v -0.039492 -0.002452 -0.003227
v -0.042098 -0.002452 -0.001667
v -0.041358 0.005793 -0.001425
v -0.038042 0.005337 -0.002751
v -0.034986 0.004598 -0.003974
v -0.032307 0.003603 -0.005045
v -0.030109 0.002391 -0.005925
v -0.028475 0.001008 -0.006578
v -0.027469 -0.000493 -0.006981
v -0.027130 -0.002054 -0.007116
v -0.027469 -0.002452 -0.006981
v -0.028475 -0.002452 -0.006578
v -0.030109 -0.002452 -0.005925
v -0.032307 -0.002452 -0.005045
v -0.034986 -0.002452 -0.003974
v -0.038042 -0.002452 -0.002751
v -0.041358 -0.002452 -0.001425
v -0.040752 0.005793 -0.001129
v -0.036852 0.005337 -0.002171
v -0.033259 0.004598 -0.003132
v -0.030109 0.003603 -0.003974
v -0.027524 0.002391 -0.004665
v -0.025603 0.001008 -0.005178
v -0.024420 -0.000493 -0.005494
v -0.024020 -0.002054 -0.005601
v -0.024420 -0.002452 -0.005494
v -0.025603 -0.002452 -0.005178
v -0.027524 -0.002452 -0.004665
v -0.030109 -0.002452 -0.003974
v -0.033259 -0.002452 -0.003132
v -0.036852 -0.002452 -0.002171
v -0.040752 -0.002452 -0.001129
v -0.040301 0.005793 -0.000792
v -0.035968 0.005337 -0.001510
v -0.031975 0.004598 -0.002171
v -0.028475 0.003603 -0.002751
v -0.025603 0.002391 -0.003227
v -0.023468 0.001008 -0.003581
v -0.022154 -0.000493 -0.003799
v -0.021710 -0.002054 -0.003872
v -0.022154 -0.002452 -0.003799
v -0.023468 -0.002452 -0.003581
v -0.025603 -0.002452 -0.003227
v -0.028475 -0.002452 -0.002751
v -0.031975 -0.002452 -0.002171
v -0.035968 -0.002452 -0.001510
v -0.040301 -0.002452 -0.000792
v -0.040024 0.005793 -0.000426
v -0.035424 0.005337 -0.000792
v -0.031185 0.004598 -0.001129
v -0.027469 0.003603 -0.001425
v -0.024420 0.002391 -0.001667
v -0.022154 0.001008 -0.001848
v -0.020759 -0.000493 -0.001959
v -0.020288 -0.002054 -0.001996
v -0.020759 -0.002452 -0.001959
v -0.022154 -0.002452 -0.001848
v -0.024420 -0.002452 -0.001667
v -0.027469 -0.002452 -0.001425
v -0.031185 -0.002452 -0.001129
v -0.035424 -0.002452 -0.000792
v -0.040024 -0.002452 -0.000426
v -0.039930 0.005793 -0.000045
v -0.035240 0.005337 -0.000045
v -0.030918 0.004598 -0.000045
v -0.027130 0.003603 -0.000045
v -0.024020 0.002391 -0.000045
v -0.021710 0.001008 -0.000045
v -0.020288 -0.000493 -0.000045
v -0.019807 -0.002054 -0.000045
v -0.020288 -0.002452 -0.000045
v -0.021710 -0.002452 -0.000045
v -0.024020 -0.002452 -0.000045
v -0.027130 -0.002452 -0.000045
v -0.030918 -0.002452 -0.000045
v -0.035240 -0.002452 -0.000045
v -0.039930 -0.002452 -0.000045
v -0.040024 0.005793 0.000335
v -0.035424 0.005337 0.000701
v -0.031185 0.004598 0.001038
v -0.027469 0.003603 0.001334
v -0.024420 0.002391 0.001577
v -0.022154 0.001008 0.001757
v -0.020759 -0.000493 0.001868
v -0.020288 -0.002054 0.001906
v -0.020759 -0.002452 0.001868
v -0.022154 -0.002452 0.001757
v -0.024420 -0.002452 0.001577
v -0.027469 -0.002452 0.001334
v -0.031185 -0.002452 0.001038
v -0.035424 -0.002452 0.000701
v -0.040024 -0.002452 0.000335
v -0.040301 0.005793 0.000701
v -0.035968 0.005337 0.001419
v -0.031975 0.004598 0.002081
v -0.028475 0.003603 0.002661
v -0.025603 0.002391 0.003137
v -0.023468 0.001008 0.003490
v -0.022154 -0.000493 0.003708
v -0.021710 -0.002054 0.003781
v -0.022154 -0.002452 0.003708
v -0.023468 -0.002452 0.003490
v -0.025603 -0.002452 0.003137
v -0.028475 -0.002452 0.002661
v -0.031975 -0.002452 0.002081
v -0.035968 -0.002452 0.001419
v -0.040301 -0.002452 0.000701
v -0.040752 0.005793 0.001039
v -0.036852 0.005337 0.002081
v -0.033259 0.004598 0.003041
v -0.030109 0.003603 0.003883
v -0.027524 0.002391 0.004574
v -0.025603 0.001008 0.005087
v -0.024420 -0.000493 0.005404
v -0.024020 -0.002054 0.005510
v -0.024420 -0.002452 0.005404
v -0.025603 -0.002452 0.005087
v -0.027524 -0.002452 0.004574
v -0.030109 -0.002452 0.003883
v -0.033259 -0.002452 0.003041
v -0.036852 -0.002452 0.002081
v -0.040752 -0.002452 0.001038
v -0.041358 0.005793 0.001334
v -0.038042 0.005337 0.002661
v -0.034986 0.004598 0.003883
v -0.032307 0.003603 0.004955
v -0.030109 0.002391 0.005834
v -0.028475 0.001008 0.006487
v -0.027469 -0.000493 0.006890
v -0.027130 -0.002054 0.007026
v -0.027469 -0.002452 0.006890
v -0.028475 -0.002452 0.006487
v -0.030109 -0.002452 0.005834
v -0.032307 -0.002452 0.004955
v -0.034986 -0.002452 0.003883
v -0.038042 -0.002452 0.002661
v -0.041358 -0.002452 0.001334
v -0.042098 0.005793 0.001577
v -0.039492 0.005337 0.003137
v -0.037091 0.004598 0.004574
v -0.034986 0.003603 0.005834
v -0.033259 0.002391 0.006868
v -0.031975 0.001008 0.007636
v -0.031185 -0.000493 0.008110
v -0.030918 -0.002054 0.008269
v -0.031185 -0.002452 0.008110
v -0.031975 -0.002452 0.007636
v -0.033259 -0.002452 0.006868
v -0.034986 -0.002452 0.005834
v -0.037091 -0.002452 0.004574
v -0.039492 -0.002452 0.003137
v -0.042098 -0.002452 0.001577
v -0.044807 -0.002452 -0.000045
v -0.042941 0.005793 0.001757
v -0.041146 0.005337 0.003490
v -0.039492 0.004598 0.005087
v -0.038042 0.003603 0.006487
v -0.036852 0.002391 0.007636
v -0.035968 0.001008 0.008490
v -0.035424 -0.000493 0.009016
v -0.035240 -0.002054 0.009193
v -0.035424 -0.002452 0.009016
v -0.035968 -0.002452 0.008490
v -0.036852 -0.002452 0.007636
v -0.038042 -0.002452 0.006487
v -0.039492 -0.002452 0.005087
v -0.041146 -0.002452 0.003490
v -0.042941 -0.002452 0.001757
v -0.043856 0.005793 0.001868
v -0.042941 0.005337 0.003708
v -0.042098 0.004598 0.005404
v -0.041358 0.003603 0.006890
v -0.040752 0.002391 0.008110
v -0.040301 0.001008 0.009016
v -0.040024 -0.000493 0.009574
v -0.039930 -0.002054 0.009762
v -0.040024 -0.002452 0.009574
v -0.040301 -0.002452 0.009016
v -0.040752 -0.002452 0.008110
v -0.041358 -0.002452 0.006890
v -0.042098 -0.002452 0.005404
v -0.042941 -0.002452 0.003708
v -0.043856 -0.002452 0.001868
v -0.044807 0.005793 0.001906
v -0.044807 0.005337 0.003781
v -0.044807 0.004598 0.005510
v -0.044807 0.003603 0.007026
v -0.044807 0.002391 0.008269
v -0.044807 0.001008 0.009193
v -0.044807 -0.000493 0.009762
v -0.044807 -0.002054 0.009955
v -0.044807 -0.002452 0.009762
v -0.044807 -0.002452 0.009193
v -0.044807 -0.002452 0.008269
v -0.044807 -0.002452 0.007026
v -0.044807 -0.002452 0.005510
v -0.044807 -0.002452 0.003781
v -0.044807 -0.002452 0.001906
v -0.045759 0.005793 0.001868
v -0.046674 0.005337 0.003708
v -0.047517 0.004598 0.005404
v -0.048256 0.003603 0.006890
v -0.048863 0.002391 0.008110
v -0.049313 0.001008 0.009016
v -0.049591 -0.000493 0.009574
v -0.049684 -0.002054 0.009762
v -0.049591 -0.002452 0.009574
v -0.049313 -0.002452 0.009016
v -0.048863 -0.002452 0.008110
v -0.048256 -0.002452 0.006890
v -0.047517 -0.002452 0.005404
v -0.046674 -0.002452 0.003708
v -0.045759 -0.002452 0.001868
v -0.046674 0.005793 0.001757
v -0.048468 0.005337 0.003490
v -0.050122 0.004598 0.005087
v -0.051572 0.003603 0.006487
v -0.052762 0.002391 0.007636
v -0.053646 0.001008 0.008490
v -0.054190 -0.000493 0.009016
v -0.054374 -0.002054 0.009193
v -0.054190 -0.002452 0.009016
v -0.053646 -0.002452 0.008490
v -0.052762 -0.002452 0.007636
v -0.051572 -0.002452 0.006487
v -0.050122 -0.002452 0.005087
v -0.048468 -0.002452 0.003490
v -0.046674 -0.002452 0.001757
v -0.047517 0.005793 0.001577
v -0.050122 0.005337 0.003137
v -0.052524 0.004598 0.004574
v -0.054628 0.003603 0.005834
v -0.056356 0.002391 0.006868
v -0.057639 0.001008 0.007636
v -0.058430 -0.000493 0.008110
v -0.058696 -0.002054 0.008269
v -0.058430 -0.002452 0.008110
v -0.057639 -0.002452 0.007636
v -0.056356 -0.002452 0.006868
v -0.054628 -0.002452 0.005834
v -0.052524 -0.002452 0.004574
v -0.050122 -0.002452 0.003137
v -0.047517 -0.002452 0.001577
v -0.044807 0.005946 -0.000045
v -0.048256 0.005793 0.001334
v -0.051572 0.005337 0.002661
v -0.054628 0.004598 0.003883
v -0.057307 0.003603 0.004955
v -0.059506 0.002391 0.005834
v -0.061139 0.001008 0.006487
v -0.062145 -0.000493 0.006890
v -0.062485 -0.002054 0.007026
v -0.062145 -0.002452 0.006890
v -0.061139 -0.002452 0.006487
v -0.059506 -0.002452 0.005834
v -0.057307 -0.002452 0.004955
v -0.054628 -0.002452 0.003883
v -0.051572 -0.002452 0.002661
v -0.048256 -0.002452 0.001334
v -0.048863 0.005793 0.001038
v -0.052762 0.005337 0.002081
v -0.056356 0.004598 0.003041
v -0.059506 0.003603 0.003883
v -0.062091 0.002391 0.004574
v -0.064012 0.001008 0.005087
v -0.065195 -0.000493 0.005404
v -0.065594 -0.002054 0.005510
v -0.065195 -0.002452 0.005404
v -0.064012 -0.002452 0.005087
v -0.062091 -0.002452 0.004574
v -0.059506 -0.002452 0.003883
v -0.056356 -0.002452 0.003041
v -0.052762 -0.002452 0.002081
v -0.048863 -0.002452 0.001038
v -0.049313 0.005793 0.000701
v -0.053646 0.005337 0.001419
v -0.057639 0.004598 0.002081
v -0.061139 0.003603 0.002661
v -0.064012 0.002391 0.003137
v -0.066146 0.001008 0.003490
v -0.067460 -0.000493 0.003708
v -0.067904 -0.002054 0.003781
v -0.067460 -0.002452 0.003708
v -0.066146 -0.002452 0.003490
v -0.064012 -0.002452 0.003137
v -0.061139 -0.002452 0.002661
v -0.057639 -0.002452 0.002081
v -0.053646 -0.002452 0.001419
v -0.049313 -0.002452 0.000701
v -0.049591 0.005793 0.000335
v -0.054190 0.005337 0.000701
v -0.058430 0.004598 0.001038
v -0.062145 0.003603 0.001334
v -0.065195 0.002391 0.001577
v -0.067460 0.001008 0.001757
v -0.068856 -0.000493 0.001868
v -0.069327 -0.002054 0.001906
v -0.068856 -0.002452 0.001868
v -0.067460 -0.002452 0.001757
v -0.065195 -0.002452 0.001577
v -0.062145 -0.002452 0.001334
v -0.058430 -0.002452 0.001038
v -0.054190 -0.002452 0.000701
v -0.049591 -0.002452 0.000335
v -0.049684 0.005793 -0.000045
v -0.054374 0.005337 -0.000045
v -0.058696 0.004598 -0.000045
v -0.062485 0.003603 -0.000045
v -0.065594 0.002391 -0.000045
v -0.067904 0.001008 -0.000045
v -0.069327 -0.000493 -0.000045
v -0.069807 -0.002054 -0.000045
v -0.069327 -0.002452 -0.000045
v -0.067904 -0.002452 -0.000045
v -0.065594 -0.002452 -0.000045
v -0.062485 -0.002452 -0.000045
v -0.058696 -0.002452 -0.000045
v -0.054374 -0.002452 -0.000045
v -0.049684 -0.002452 -0.000045
v -0.049591 0.005793 -0.000426
v -0.054190 0.005337 -0.000792
v -0.058430 0.004598 -0.001129
v -0.062145 0.003603 -0.001425
v -0.065195 0.002391 -0.001667
v -0.067460 0.001008 -0.001848
v -0.068856 -0.000493 -0.001959
v -0.069327 -0.002054 -0.001996
v -0.068856 -0.002452 -0.001959
v -0.067460 -0.002452 -0.001848
v -0.065195 -0.002452 -0.001667
v -0.062145 -0.002452 -0.001425
v -0.058430 -0.002452 -0.001129
v -0.054190 -0.002452 -0.000792
v -0.049591 -0.002452 -0.000426
v -0.049313 0.005793 -0.000792
v -0.053646 0.005337 -0.001510
v -0.057639 0.004598 -0.002171
v -0.061139 0.003603 -0.002751
v -0.064012 0.002391 -0.003227
v -0.066146 0.001008 -0.003581
v -0.067460 -0.000493 -0.003799
v -0.067904 -0.002054 -0.003872
v -0.067460 -0.002452 -0.003799
v -0.066146 -0.002452 -0.003581
v -0.064012 -0.002452 -0.003227
v -0.061139 -0.002452 -0.002751
v -0.057639 -0.002452 -0.002171
v -0.053646 -0.002452 -0.001510
v -0.049313 -0.002452 -0.000792
v -0.048863 0.005793 -0.001129
v -0.052762 0.005337 -0.002171
v -0.056356 0.004598 -0.003132
v -0.059506 0.003603 -0.003974
v -0.062091 0.002391 -0.004665
v -0.064012 0.001008 -0.005178
v -0.065195 -0.000493 -0.005494
v -0.065594 -0.002054 -0.005601
v -0.065195 -0.002452 -0.005494
v -0.064012 -0.002452 -0.005178
v -0.062091 -0.002452 -0.004665
v -0.059506 -0.002452 -0.003974
v -0.056356 -0.002452 -0.003132
v -0.052762 -0.002452 -0.002171
v -0.048863 -0.002452 -0.001129
v -0.048256 0.005793 -0.001425
v -0.051572 0.005337 -0.002751
v -0.054628 0.004598 -0.003974
v -0.057307 0.003603 -0.005045
v -0.059506 0.002391 -0.005925
v -0.061139 0.001008 -0.006578
v -0.062145 -0.000493 -0.006981
v -0.062485 -0.002054 -0.007116
v -0.062145 -0.002452 -0.006981
v -0.061139 -0.002452 -0.006578
v -0.059506 -0.002452 -0.005925
v -0.057307 -0.002452 -0.005045
v -0.054628 -0.002452 -0.003974
v -0.051572 -0.002452 -0.002751
v -0.048256 -0.002452 -0.001425
v -0.047517 0.005793 -0.001667
v -0.050122 0.005337 -0.003227
v -0.052524 0.004598 -0.004665
v -0.054628 0.003603 -0.005925
v -0.056356 0.002391 -0.006959
v -0.057639 0.001008 -0.007727
v -0.058430 -0.000493 -0.008200
v -0.058696 -0.002054 -0.008360
v -0.058430 -0.002452 -0.008200
v -0.057639 -0.002452 -0.007727
v -0.056356 -0.002452 -0.006959
v -0.054628 -0.002452 -0.005925
v -0.052524 -0.002452 -0.004665
v -0.050122 -0.002452 -0.003227
v -0.047517 -0.002452 -0.001667
v -0.046674 0.005793 -0.001848
v -0.048468 0.005337 -0.003581
v -0.050122 0.004598 -0.005178
v -0.051572 0.003603 -0.006578
v -0.052762 0.002391 -0.007727
v -0.053646 0.001008 -0.008581
v -0.054190 -0.000493 -0.009107
v -0.054374 -0.002054 -0.009284
v -0.054190 -0.002452 -0.009107
v -0.053646 -0.002452 -0.008581
v -0.052762 -0.002452 -0.007727
v -0.051572 -0.002452 -0.006578
v -0.050122 -0.002452 -0.005178
v -0.048468 -0.002452 -0.003581
v -0.046674 -0.002452 -0.001848
v -0.045759 0.005793 -0.001959
v -0.046674 0.005337 -0.003799
v -0.047517 0.004598 -0.005494
v -0.048256 0.003603 -0.006981
v -0.048862 0.002391 -0.008200
v -0.049313 0.001008 -0.009107
v -0.049591 -0.000493 -0.009665
v -0.049684 -0.002054 -0.009853
v -0.049591 -0.002452 -0.009665
v -0.049313 -0.002452 -0.009107
v -0.048863 -0.002452 -0.008200
v -0.048256 -0.002452 -0.006981
v -0.047517 -0.002452 -0.005494
v -0.046674 -0.002452 -0.003799
v -0.045759 -0.002452 -0.001959
v -0.044807 -0.002452 -0.009284
v -0.044807 -0.002452 -0.008360
v -0.044807 -0.002452 -0.007116
v -0.044807 -0.002452 -0.003872
v -0.044807 -0.002452 -0.001996
v -0.022029 -0.002452 0.001767
v -0.023438 -0.002452 0.003495
v -0.024298 -0.002452 0.004111
v -0.025679 -0.002452 0.005067
v -0.028632 -0.002452 0.006425
v -0.032157 -0.002452 0.007528
v -0.036123 -0.002452 0.008341
v -0.037853 -0.002452 0.008542
v -0.031612 -0.002452 -0.007944
v -0.035700 -0.002452 -0.008840
v -0.037854 -0.002452 -0.009108
v -0.028059 -0.002452 -0.006745
v -0.025179 -0.002452 -0.005291
v -0.023080 -0.002452 -0.003645
v -0.021836 -0.002452 -0.001873
v -0.021485 -0.002452 -0.000045
v -0.067421 0.001297 -0.000045
v -0.022213 0.001309 -0.000045
v -0.022528 0.001236 0.001727
v -0.023712 0.001166 0.003450
v -0.025730 0.001100 0.005053
v -0.028515 0.001041 0.006472
v -0.030871 0.001008 0.007274
v -0.035950 0.000956 0.008508
v -0.063898 0.001090 0.005057
v -0.067105 0.001225 0.001729
v -0.065919 0.001155 0.003453
v -0.031967 0.000993 0.007641
v -0.040287 0.000933 0.009044
v -0.036371 0.001638 -0.008192
v -0.040513 0.001656 -0.008682
v -0.044807 0.001662 -0.008847
v -0.032530 0.001606 -0.007395
v -0.026300 0.001509 -0.004992
v -0.029131 0.001563 -0.006316
v -0.063328 0.001500 -0.004995
v -0.024147 0.001448 -0.003468
v -0.065483 0.001438 -0.003471
v -0.066869 0.001369 -0.001801
v -0.022764 0.001380 -0.001799
v -0.049102 0.001655 -0.008683
v -0.053246 0.001634 -0.008194
v -0.057089 0.001601 -0.007398
v -0.060492 0.001555 -0.006319
v -0.061111 0.001032 0.006476
v -0.059358 0.001008 0.007072
v -0.044807 0.000924 0.009225
v -0.049328 0.000930 0.009045
v -0.053667 0.000950 0.008510
v -0.057651 0.000985 0.007644
v -0.064103 -0.002452 -0.005658
v -0.064715 -0.002452 -0.005366
v -0.066935 -0.002452 -0.003712
v -0.068259 -0.002452 -0.001911
v -0.068634 -0.002452 -0.000045
v -0.068631 -0.002452 -0.000035
v -0.049483 -0.002452 -0.009448
v -0.053988 -0.002452 -0.008911
v -0.044807 -0.002452 -0.009614
v -0.058136 -0.002452 -0.008024
v -0.061755 -0.002452 -0.006825
v -0.040153 -0.002452 -0.009404
v -0.064224 -0.002452 0.005144
v -0.066556 -0.002452 0.003558
v -0.064103 -0.002452 0.005198
v -0.068053 -0.002452 0.001804
v -0.055931 -0.002452 0.008002
v -0.057661 -0.002452 0.007649
v -0.061240 -0.002452 0.006528
v -0.044807 -0.002452 0.009061
v -0.049269 -0.002452 0.008927
v -0.053611 -0.002452 0.008456
v -0.040380 -0.002452 0.008858
v -0.021683 -0.002452 0.000616
v -0.043222 0.000928 0.009161
v -0.062116 0.001524 -0.005561
v -0.043720 -0.002452 -0.008116
v -0.043959 -0.002452 0.007952
v -0.041539 -0.002452 0.008911
v -0.063689 0.001086 0.005163
v -0.040437 -0.002452 -0.009417
v -0.045414 0.001661 -0.008824
v -0.073058 0.000670 0.017749
v -0.073058 0.002530 -0.017839
v 0.072688 0.000874 0.017749
v 0.072692 0.002555 -0.017839
v -0.073058 -0.002107 0.017752
v -0.073058 0.001600 -0.000045
v -0.073058 0.000092 -0.017832
v -0.073058 -0.001008 -0.000040
v 0.072693 0.000122 -0.017831
v 0.072690 0.001715 -0.000045
v 0.072692 -0.001999 0.017753
v 0.072693 -0.000938 -0.000039
v -0.083058 0.000670 0.017749
v -0.083058 0.002530 -0.017839
v -0.083058 -0.002107 0.017752
v -0.083058 0.001600 -0.000045
v -0.083058 0.000092 -0.017832
v -0.083058 -0.001008 -0.000040
v 0.082688 0.000874 0.017749
v 0.082692 0.002555 -0.017839
v 0.082693 0.000122 -0.017831
v 0.082690 0.001715 -0.000045
v 0.082692 -0.001999 0.017753
v 0.082693 -0.000938 -0.000039
v -0.052058 -0.006857 0.010372
v -0.073058 -0.004354 0.017754
v -0.062558 -0.006715 0.014064
v -0.070245 -0.005799 0.016765
v -0.052058 -0.005368 -0.010441
v -0.073058 -0.001815 -0.017830
v -0.062558 -0.004701 -0.014134
v -0.070245 -0.003401 -0.016838
v 0.051697 -0.006842 0.010375
v 0.072694 -0.004340 0.017755
v 0.062196 -0.006701 0.014066
v 0.069882 -0.005785 0.016767
v 0.051695 -0.005347 -0.010441
v 0.072694 -0.001779 -0.017828
v 0.062195 -0.004673 -0.014133
v 0.069881 -0.003367 -0.016836
v -0.073058 -0.003084 -0.000038
v -0.052058 -0.006112 -0.000033
v -0.070245 -0.004599 -0.000036
v -0.062558 -0.005708 -0.000034
v 0.072694 -0.003059 -0.000036
v 0.051696 -0.006095 -0.000034
v 0.069881 -0.004576 -0.000035
v 0.062196 -0.005687 -0.000034
v -0.000183 0.002543 -0.017839
v -0.000185 0.000772 0.017749
v -0.073058 0.002065 -0.008942
v 0.036254 0.002549 -0.017839
v 0.072689 0.001295 0.008852
v -0.036622 0.000721 0.017749
v -0.073058 0.001135 0.008852
v 0.072691 0.002135 -0.008942
v -0.036621 0.002537 -0.017839
v 0.036251 0.000823 0.017749
v -0.000184 0.001658 -0.000045
v 0.025207 -0.002442 -0.000034
v 0.044504 0.001382 -0.000045
v 0.051457 -0.002442 -0.000033
v 0.044504 0.005871 -0.001996
v 0.044504 0.005416 -0.003872
v 0.044504 0.004677 -0.005601
v 0.044504 0.003682 -0.007116
v 0.044504 0.002470 -0.008360
v 0.044504 0.001087 -0.009284
v 0.044504 -0.000414 -0.009853
v 0.044504 -0.001975 -0.010045
v 0.044504 -0.002442 -0.009853
v 0.044504 -0.002442 -0.005601
v 0.045455 0.005871 -0.001959
v 0.046370 0.005416 -0.003799
v 0.047213 0.004677 -0.005494
v 0.047952 0.003682 -0.006980
v 0.048559 0.002470 -0.008200
v 0.049010 0.001087 -0.009106
v 0.049287 -0.000414 -0.009665
v 0.049381 -0.001975 -0.009853
v 0.049287 -0.002442 -0.009665
v 0.049010 -0.002442 -0.009106
v 0.048559 -0.002442 -0.008200
v 0.047952 -0.002442 -0.006980
v 0.047213 -0.002442 -0.005494
v 0.046370 -0.002442 -0.003799
v 0.045455 -0.002442 -0.001959
v 0.046370 0.005871 -0.001848
v 0.048165 0.005416 -0.003581
v 0.049819 0.004677 -0.005178
v 0.051269 0.003682 -0.006578
v 0.052458 0.002470 -0.007727
v 0.053342 0.001087 -0.008581
v 0.053887 -0.000414 -0.009106
v 0.054071 -0.001975 -0.009284
v 0.053887 -0.002442 -0.009106
v 0.053342 -0.002442 -0.008581
v 0.052458 -0.002442 -0.007727
v 0.051269 -0.002442 -0.006578
v 0.049819 -0.002442 -0.005178
v 0.048165 -0.002442 -0.003581
v 0.046370 -0.002442 -0.001848
v 0.047213 0.005871 -0.001667
v 0.049819 0.005416 -0.003227
v 0.052220 0.004677 -0.004665
v 0.054325 0.003682 -0.005925
v 0.056052 0.002470 -0.006959
v 0.057336 0.001087 -0.007727
v 0.058126 -0.000414 -0.008200
v 0.058393 -0.001975 -0.008360
v 0.058126 -0.002442 -0.008200
v 0.057336 -0.002442 -0.007727
v 0.056052 -0.002442 -0.006959
v 0.054325 -0.002442 -0.005925
v 0.052220 -0.002442 -0.004665
v 0.049819 -0.002442 -0.003227
v 0.047213 -0.002442 -0.001667
v 0.047952 0.005871 -0.001425
v 0.051269 0.005416 -0.002751
v 0.054325 0.004677 -0.003974
v 0.057004 0.003682 -0.005045
v 0.059202 0.002470 -0.005925
v 0.060836 0.001087 -0.006578
v 0.061842 -0.000414 -0.006980
v 0.062181 -0.001975 -0.007116
v 0.061842 -0.002442 -0.006980
v 0.060836 -0.002442 -0.006578
v 0.059202 -0.002442 -0.005925
v 0.057004 -0.002442 -0.005045
v 0.054325 -0.002442 -0.003974
v 0.051269 -0.002442 -0.002751
v 0.047952 -0.002442 -0.001425
v 0.048559 0.005871 -0.001129
v 0.052458 0.005416 -0.002171
v 0.056052 0.004677 -0.003132
v 0.059202 0.003682 -0.003974
v 0.061787 0.002470 -0.004665
v 0.063708 0.001087 -0.005178
v 0.064891 -0.000414 -0.005494
v 0.065290 -0.001975 -0.005601
v 0.064891 -0.002442 -0.005494
v 0.063708 -0.002442 -0.005178
v 0.061787 -0.002442 -0.004665
v 0.059202 -0.002442 -0.003974
v 0.056052 -0.002442 -0.003132
v 0.052458 -0.002442 -0.002171
v 0.048559 -0.002442 -0.001129
v 0.049010 0.005871 -0.000792
v 0.053342 0.005416 -0.001510
v 0.057336 0.004677 -0.002171
v 0.060836 0.003682 -0.002751
v 0.063708 0.002470 -0.003227
v 0.065842 0.001087 -0.003581
v 0.067157 -0.000414 -0.003799
v 0.067601 -0.001975 -0.003872
v 0.067157 -0.002442 -0.003799
v 0.065842 -0.002442 -0.003581
v 0.063708 -0.002442 -0.003227
v 0.060836 -0.002442 -0.002751
v 0.057336 -0.002442 -0.002171
v 0.053342 -0.002442 -0.001510
v 0.049010 -0.002442 -0.000792
v 0.049287 0.005871 -0.000426
v 0.053887 0.005416 -0.000792
v 0.058126 0.004677 -0.001129
v 0.061842 0.003682 -0.001425
v 0.064891 0.002470 -0.001667
v 0.067157 0.001087 -0.001848
v 0.068552 -0.000414 -0.001959
v 0.069023 -0.001975 -0.001996
v 0.068552 -0.002442 -0.001959
v 0.067157 -0.002442 -0.001848
v 0.064891 -0.002442 -0.001667
v 0.061842 -0.002442 -0.001425
v 0.058126 -0.002442 -0.001129
v 0.053887 -0.002442 -0.000792
v 0.049287 -0.002442 -0.000426
v 0.049381 0.005871 -0.000045
v 0.054071 0.005416 -0.000045
v 0.058393 0.004677 -0.000045
v 0.062181 0.003682 -0.000045
v 0.065290 0.002470 -0.000045
v 0.067601 0.001087 -0.000045
v 0.069023 -0.000414 -0.000045
v 0.069504 -0.001975 -0.000045
v 0.069023 -0.002442 -0.000045
v 0.067601 -0.002442 -0.000045
v 0.065290 -0.002442 -0.000045
v 0.062181 -0.002442 -0.000045
v 0.058393 -0.002442 -0.000045
v 0.054071 -0.002442 -0.000045
v 0.049381 -0.002442 -0.000045
v 0.049287 0.005871 0.000335
v 0.053887 0.005416 0.000701
v 0.058126 0.004677 0.001039
v 0.061842 0.003682 0.001334
v 0.064891 0.002470 0.001577
v 0.067157 0.001087 0.001757
v 0.068552 -0.000414 0.001868
v 0.069023 -0.001975 0.001906
v 0.068552 -0.002442 0.001868
v 0.067157 -0.002442 0.001757
v 0.064891 -0.002442 0.001577
v 0.061842 -0.002442 0.001334
v 0.058126 -0.002442 0.001039
v 0.053887 -0.002442 0.000701
v 0.049287 -0.002442 0.000335
v 0.049010 0.005871 0.000701
v 0.053342 0.005416 0.001419
v 0.057336 0.004677 0.002081
v 0.060836 0.003682 0.002661
v 0.063708 0.002470 0.003137
v 0.065842 0.001087 0.003490
v 0.067157 -0.000414 0.003708
v 0.067601 -0.001975 0.003782
v 0.067157 -0.002442 0.003708
v 0.065842 -0.002442 0.003490
v 0.063708 -0.002442 0.003137
v 0.060836 -0.002442 0.002661
v 0.057336 -0.002442 0.002081
v 0.053342 -0.002442 0.001419
v 0.049010 -0.002442 0.000701
v 0.048559 0.005871 0.001039
v 0.052458 0.005416 0.002081
v 0.056052 0.004677 0.003041
v 0.059202 0.003682 0.003883
v 0.061787 0.002470 0.004574
v 0.063708 0.001087 0.005088
v 0.064891 -0.000414 0.005404
v 0.065290 -0.001975 0.005510
v 0.064891 -0.002442 0.005404
v 0.063708 -0.002442 0.005088
v 0.061787 -0.002442 0.004574
v 0.059202 -0.002442 0.003883
v 0.056052 -0.002442 0.003041
v 0.052458 -0.002442 0.002081
v 0.048559 -0.002442 0.001039
v 0.047952 0.005871 0.001334
v 0.051269 0.005416 0.002661
v 0.054325 0.004677 0.003883
v 0.057004 0.003682 0.004955
v 0.059202 0.002470 0.005834
v 0.060836 0.001087 0.006488
v 0.061842 -0.000414 0.006890
v 0.062181 -0.001975 0.007026
v 0.061842 -0.002442 0.006890
v 0.060836 -0.002442 0.006488
v 0.059202 -0.002442 0.005834
v 0.057004 -0.002442 0.004955
v 0.054325 -0.002442 0.003883
v 0.051269 -0.002442 0.002661
v 0.047952 -0.002442 0.001334
v 0.047213 0.005871 0.001577
v 0.049819 0.005416 0.003137
v 0.052220 0.004677 0.004574
v 0.054325 0.003682 0.005834
v 0.056052 0.002470 0.006868
v 0.057336 0.001087 0.007637
v 0.058126 -0.000414 0.008110
v 0.058393 -0.001975 0.008269
v 0.058126 -0.002442 0.008110
v 0.057336 -0.002442 0.007637
v 0.056052 -0.002442 0.006868
v 0.054325 -0.002442 0.005834
v 0.052220 -0.002442 0.004574
v 0.049819 -0.002442 0.003137
v 0.047213 -0.002442 0.001577
v 0.044504 -0.002442 -0.000045
v 0.046370 0.005871 0.001757
v 0.048165 0.005416 0.003490
v 0.049819 0.004677 0.005088
v 0.051269 0.003682 0.006488
v 0.052458 0.002470 0.007637
v 0.053342 0.001087 0.008490
v 0.053887 -0.000414 0.009016
v 0.054071 -0.001975 0.009194
v 0.053887 -0.002442 0.009016
v 0.053342 -0.002442 0.008490
v 0.052458 -0.002442 0.007637
v 0.051269 -0.002442 0.006488
v 0.049819 -0.002442 0.005088
v 0.048165 -0.002442 0.003490
v 0.046370 -0.002442 0.001757
v 0.045455 0.005871 0.001868
v 0.046370 0.005416 0.003708
v 0.047213 0.004677 0.005404
v 0.047952 0.003682 0.006890
v 0.048559 0.002470 0.008110
v 0.049010 0.001087 0.009016
v 0.049287 -0.000414 0.009574
v 0.049381 -0.001975 0.009763
v 0.049287 -0.002442 0.009574
v 0.049010 -0.002442 0.009016
v 0.048559 -0.002442 0.008110
v 0.047952 -0.002442 0.006890
v 0.047213 -0.002442 0.005404
v 0.046370 -0.002442 0.003708
v 0.045455 -0.002442 0.001868
v 0.044504 0.005871 0.001906
v 0.044504 0.005416 0.003782
v 0.044504 0.004677 0.005510
v 0.044504 0.003682 0.007026
v 0.044504 0.002470 0.008269
v 0.044504 0.001087 0.009194
v 0.044504 -0.000414 0.009763
v 0.044504 -0.001975 0.009955
v 0.044504 -0.002442 0.009763
v 0.044504 -0.002442 0.009194
v 0.044504 -0.002442 0.008269
v 0.044504 -0.002442 0.007026
v 0.044504 -0.002442 0.005510
v 0.044504 -0.002442 0.003782
v 0.044504 -0.002442 0.001906
v 0.043552 0.005871 0.001868
v 0.042637 0.005416 0.003708
v 0.041794 0.004677 0.005404
v 0.041055 0.003682 0.006890
v 0.040448 0.002470 0.008110
v 0.039998 0.001087 0.009016
v 0.039720 -0.000414 0.009574
v 0.039626 -0.001975 0.009763
v 0.039720 -0.002442 0.009574
v 0.039998 -0.002442 0.009016
v 0.040448 -0.002442 0.008110
v 0.041055 -0.002442 0.006890
v 0.041794 -0.002442 0.005404
v 0.042637 -0.002442 0.003708
v 0.043552 -0.002442 0.001868
v 0.042637 0.005871 0.001757
v 0.040842 0.005416 0.003490
v 0.039188 0.004677 0.005088
v 0.037739 0.003682 0.006488
v 0.036549 0.002470 0.007637
v 0.035665 0.001087 0.008490
v 0.035120 -0.000414 0.009016
v 0.034936 -0.001975 0.009194
v 0.035120 -0.002442 0.009016
v 0.035665 -0.002442 0.008490
v 0.036549 -0.002442 0.007637
v 0.037739 -0.002442 0.006488
v 0.039188 -0.002442 0.005088
v 0.040842 -0.002442 0.003490
v 0.042637 -0.002442 0.001757
v 0.041794 0.005871 0.001577
v 0.039188 0.005416 0.003137
v 0.036787 0.004677 0.004574
v 0.034682 0.003682 0.005834
v 0.032955 0.002470 0.006868
v 0.031672 0.001087 0.007637
v 0.030881 -0.000414 0.008110
v 0.030614 -0.001975 0.008269
v 0.030881 -0.002442 0.008110
v 0.031672 -0.002442 0.007637
v 0.032955 -0.002442 0.006868
v 0.034682 -0.002442 0.005834
v 0.036787 -0.002442 0.004574
v 0.039188 -0.002442 0.003137
v 0.041794 -0.002442 0.001577
v 0.044504 0.006025 -0.000045
v 0.041055 0.005871 0.001334
v 0.037739 0.005416 0.002661
v 0.034682 0.004677 0.003883
v 0.032004 0.003682 0.004955
v 0.029805 0.002470 0.005834
v 0.028172 0.001087 0.006488
v 0.027166 -0.000414 0.006890
v 0.026826 -0.001975 0.007026
v 0.027166 -0.002442 0.006890
v 0.028172 -0.002442 0.006488
v 0.029805 -0.002442 0.005834
v 0.032004 -0.002442 0.004955
v 0.034682 -0.002442 0.003883
v 0.037739 -0.002442 0.002661
v 0.041055 -0.002442 0.001334
v 0.040448 0.005871 0.001039
v 0.036549 0.005416 0.002081
v 0.032955 0.004677 0.003041
v 0.029805 0.003682 0.003883
v 0.027220 0.002470 0.004574
v 0.025299 0.001087 0.005088
v 0.024116 -0.000414 0.005404
v 0.023717 -0.001975 0.005510
v 0.024116 -0.002442 0.005404
v 0.025299 -0.002442 0.005088
v 0.027220 -0.002442 0.004574
v 0.029805 -0.002442 0.003883
v 0.032955 -0.002442 0.003041
v 0.036549 -0.002442 0.002081
v 0.040448 -0.002442 0.001039
v 0.039998 0.005871 0.000701
v 0.035665 0.005416 0.001419
v 0.031672 0.004677 0.002081
v 0.028172 0.003682 0.002661
v 0.025299 0.002470 0.003137
v 0.023165 0.001087 0.003490
v 0.021850 -0.000414 0.003708
v 0.021407 -0.001975 0.003782
v 0.021850 -0.002442 0.003708
v 0.023165 -0.002442 0.003490
v 0.025299 -0.002442 0.003137
v 0.028172 -0.002442 0.002661
v 0.031672 -0.002442 0.002081
v 0.035665 -0.002442 0.001419
v 0.039998 -0.002442 0.000701
v 0.039720 0.005871 0.000335
v 0.035120 0.005416 0.000701
v 0.030881 0.004677 0.001039
v 0.027166 0.003682 0.001334
v 0.024116 0.002470 0.001577
v 0.021850 0.001087 0.001757
v 0.020455 -0.000414 0.001868
v 0.019984 -0.001975 0.001906
v 0.020455 -0.002442 0.001868
v 0.021850 -0.002442 0.001757
v 0.024116 -0.002442 0.001577
v 0.027166 -0.002442 0.001334
v 0.030881 -0.002442 0.001039
v 0.035120 -0.002442 0.000701
v 0.039720 -0.002442 0.000335
v 0.039626 0.005871 -0.000045
v 0.034936 0.005416 -0.000045
v 0.030614 0.004677 -0.000045
v 0.026826 0.003682 -0.000045
v 0.023717 0.002470 -0.000045
v 0.021407 0.001087 -0.000045
v 0.019984 -0.000414 -0.000045
v 0.019504 -0.001975 -0.000045
v 0.019984 -0.002442 -0.000045
v 0.021407 -0.002442 -0.000045
v 0.023717 -0.002442 -0.000045
v 0.026826 -0.002442 -0.000045
v 0.030614 -0.002442 -0.000045
v 0.034936 -0.002442 -0.000045
v 0.039626 -0.002442 -0.000045
v 0.039720 0.005871 -0.000426
v 0.035120 0.005416 -0.000792
v 0.030881 0.004677 -0.001129
v 0.027166 0.003682 -0.001425
v 0.024116 0.002470 -0.001667
v 0.021850 0.001087 -0.001848
v 0.020455 -0.000414 -0.001959
v 0.019984 -0.001975 -0.001996
v 0.020455 -0.002442 -0.001959
v 0.021850 -0.002442 -0.001848
v 0.024116 -0.002442 -0.001667
v 0.027166 -0.002442 -0.001425
v 0.030881 -0.002442 -0.001129
v 0.035120 -0.002442 -0.000792
v 0.039720 -0.002442 -0.000426
v 0.039998 0.005871 -0.000792
v 0.035665 0.005416 -0.001510
v 0.031672 0.004677 -0.002171
v 0.028172 0.003682 -0.002751
v 0.025299 0.002470 -0.003227
v 0.023165 0.001087 -0.003581
v 0.021850 -0.000414 -0.003799
v 0.021407 -0.001975 -0.003872
v 0.021850 -0.002442 -0.003799
v 0.023165 -0.002442 -0.003581
v 0.025299 -0.002442 -0.003227
v 0.028172 -0.002442 -0.002751
v 0.031672 -0.002442 -0.002171
v 0.035665 -0.002442 -0.001510
v 0.039998 -0.002442 -0.000792
v 0.040448 0.005871 -0.001129
v 0.036549 0.005416 -0.002171
v 0.032955 0.004677 -0.003132
v 0.029805 0.003682 -0.003974
v 0.027220 0.002470 -0.004665
v 0.025299 0.001087 -0.005178
v 0.024116 -0.000414 -0.005494
v 0.023717 -0.001975 -0.005601
v 0.024116 -0.002442 -0.005494
v 0.025299 -0.002442 -0.005178
v 0.027220 -0.002442 -0.004665
v 0.029805 -0.002442 -0.003974
v 0.032955 -0.002442 -0.003132
v 0.036549 -0.002442 -0.002171
v 0.040448 -0.002442 -0.001129
v 0.041055 0.005871 -0.001425
v 0.037739 0.005416 -0.002751
v 0.034682 0.004677 -0.003974
v 0.032004 0.003682 -0.005045
v 0.029805 0.002470 -0.005925
v 0.028172 0.001087 -0.006578
v 0.027166 -0.000414 -0.006980
v 0.026826 -0.001975 -0.007116
v 0.027166 -0.002442 -0.006980
v 0.028172 -0.002442 -0.006578
v 0.029805 -0.002442 -0.005925
v 0.032004 -0.002442 -0.005045
v 0.034682 -0.002442 -0.003974
v 0.037739 -0.002442 -0.002751
v 0.041055 -0.002442 -0.001425
v 0.041794 0.005871 -0.001667
v 0.039188 0.005416 -0.003227
v 0.036787 0.004677 -0.004665
v 0.034682 0.003682 -0.005925
v 0.032955 0.002470 -0.006959
v 0.031672 0.001087 -0.007727
v 0.030881 -0.000414 -0.008200
v 0.030614 -0.001975 -0.008360
v 0.030881 -0.002442 -0.008200
v 0.031672 -0.002442 -0.007727
v 0.032955 -0.002442 -0.006959
v 0.034682 -0.002442 -0.005925
v 0.036787 -0.002442 -0.004665
v 0.039188 -0.002442 -0.003227
v 0.041794 -0.002442 -0.001667
v 0.042637 0.005871 -0.001848
v 0.040842 0.005416 -0.003581
v 0.039188 0.004677 -0.005178
v 0.037739 0.003682 -0.006578
v 0.036549 0.002470 -0.007727
v 0.035665 0.001087 -0.008581
v 0.035120 -0.000414 -0.009106
v 0.034936 -0.001975 -0.009284
v 0.035120 -0.002442 -0.009106
v 0.035665 -0.002442 -0.008581
v 0.036549 -0.002442 -0.007727
v 0.037739 -0.002442 -0.006578
v 0.039188 -0.002442 -0.005178
v 0.040842 -0.002442 -0.003581
v 0.042637 -0.002442 -0.001848
v 0.043552 0.005871 -0.001959
v 0.042637 0.005416 -0.003799
v 0.041794 0.004677 -0.005494
v 0.041055 0.003682 -0.006980
v 0.040448 0.002470 -0.008200
v 0.039998 0.001087 -0.009106
v 0.039720 -0.000414 -0.009665
v 0.039626 -0.001975 -0.009853
v 0.039720 -0.002442 -0.009665
v 0.039998 -0.002442 -0.009106
v 0.040448 -0.002442 -0.008200
v 0.041055 -0.002442 -0.006980
v 0.041794 -0.002442 -0.005494
v 0.042637 -0.002442 -0.003799
v 0.043552 -0.002442 -0.001959
v 0.044504 -0.002442 -0.009284
v 0.044504 -0.002442 -0.008360
v 0.044504 -0.002442 -0.007116
v 0.044504 -0.002442 -0.003872
v 0.044504 -0.002442 -0.001996
v 0.067282 -0.002442 0.001767
v 0.065873 -0.002442 0.003495
v 0.065013 -0.002442 0.004111
v 0.063632 -0.002442 0.005067
v 0.060679 -0.002442 0.006425
v 0.057154 -0.002442 0.007528
v 0.053187 -0.002442 0.008341
v 0.051457 -0.002442 0.008543
v 0.057699 -0.002442 -0.007944
v 0.053611 -0.002442 -0.008840
v 0.051457 -0.002442 -0.009107
v 0.061252 -0.002442 -0.006744
v 0.064132 -0.002442 -0.005291
v 0.066231 -0.002442 -0.003645
v 0.067475 -0.002442 -0.001873
v 0.067826 -0.002442 -0.000045
v 0.021890 0.001376 -0.000045
v 0.067098 0.001387 -0.000045
v 0.066783 0.001315 0.001727
v 0.065599 0.001244 0.003450
v 0.063580 0.001178 0.005053
v 0.060796 0.001120 0.006472
v 0.058440 0.001087 0.007274
v 0.053361 0.001035 0.008508
v 0.025413 0.001169 0.005057
v 0.022206 0.001304 0.001729
v 0.023392 0.001234 0.003453
v 0.057344 0.001071 0.007641
v 0.049023 0.001012 0.009044
v 0.052940 0.001716 -0.008192
v 0.048798 0.001735 -0.008681
v 0.044504 0.001741 -0.008847
v 0.056780 0.001685 -0.007395
v 0.063011 0.001588 -0.004992
v 0.060180 0.001642 -0.006316
v 0.025983 0.001579 -0.004995
v 0.065163 0.001527 -0.003468
v 0.023828 0.001516 -0.003471
v 0.022442 0.001448 -0.001801
v 0.066547 0.001459 -0.001799
v 0.040208 0.001734 -0.008682
v 0.036065 0.001713 -0.008194
v 0.032222 0.001680 -0.007398
v 0.028818 0.001634 -0.006319
v 0.028200 0.001111 0.006476
v 0.029953 0.001087 0.007072
v 0.044504 0.001003 0.009225
v 0.039983 0.001009 0.009045
v 0.035644 0.001029 0.008510
v 0.031659 0.001063 0.007644
v 0.025207 -0.002442 -0.005657
v 0.024595 -0.002442 -0.005366
v 0.022376 -0.002442 -0.003711
v 0.021052 -0.002442 -0.001911
v 0.020677 -0.002442 -0.000045
v 0.020680 -0.002442 -0.000035
v 0.039828 -0.002442 -0.009448
v 0.035323 -0.002442 -0.008911
v 0.044504 -0.002442 -0.009614
v 0.031175 -0.002442 -0.008024
v 0.027556 -0.002442 -0.006824
v 0.049158 -0.002442 -0.009404
v 0.025087 -0.002442 0.005144
v 0.022755 -0.002442 0.003558
v 0.025207 -0.002442 0.005198
v 0.021258 -0.002442 0.001804
v 0.033380 -0.002442 0.008002
v 0.031650 -0.002442 0.007650
v 0.028071 -0.002442 0.006528
v 0.044504 -0.002442 0.009061
v 0.040042 -0.002442 0.008927
v 0.035700 -0.002442 0.008457
v 0.048931 -0.002442 0.008858
v 0.061168 0.001386 -0.000045
v 0.046089 0.001006 0.009162
v 0.027194 0.001602 -0.005561
v 0.045591 -0.002442 -0.008116
v 0.045352 -0.002442 0.007952
v 0.047772 -0.002442 0.008911
v 0.067628 -0.002442 0.000616
v 0.025622 0.001164 0.005163
v 0.048874 -0.002442 -0.009417
v 0.043897 0.001740 -0.008824
v 0.072693 0.000022 -0.017837
v 0.082693 0.000022 -0.017837
v 0.082693 -0.001038 -0.000045
v 0.082692 -0.002099 0.017747
v 0.072692 -0.002099 0.017747
vn -0.0000 -1.0000 -0.0000
vn 0.0327 0.5552 -0.8310
vn 0.0368 0.3543 -0.9344
vn 0.0391 0.1221 -0.9917
vn 0.0031 0.9969 -0.0785
vn 0.0355 -0.4342 -0.9001
vn 0.0093 0.9718 -0.2358
vn 0.0155 0.9194 -0.3931
vn 0.0216 0.8357 -0.5487
vn 0.0275 0.7158 -0.6978
vn 0.0827 0.7271 -0.6815
vn 0.0992 0.5678 -0.8172
vn 0.1122 0.3645 -0.9244
vn 0.1195 0.1261 -0.9848
vn 0.0092 0.9971 -0.0755
vn 0.1078 -0.4458 -0.8886
vn 0.0276 0.9735 -0.2272
vn 0.0461 0.9239 -0.3799
vn 0.0646 0.8438 -0.5327
vn 0.1846 -0.4699 -0.8632
vn 0.0449 0.9767 -0.2100
vn 0.0755 0.9324 -0.3533
vn 0.1069 0.8594 -0.5000
vn 0.1384 0.7495 -0.6474
vn 0.1683 0.5934 -0.7871
vn 0.1929 0.3860 -0.9021
vn 0.2072 0.1346 -0.9690
vn 0.0149 0.9975 -0.0696
vn 0.2415 0.6328 -0.7357
vn 0.2829 0.4208 -0.8619
vn 0.3084 0.1489 -0.9395
vn 0.0200 0.9979 -0.0611
vn 0.2686 -0.5082 -0.8183
vn 0.0607 0.9809 -0.1849
vn 0.1029 0.9440 -0.3135
vn 0.1475 0.8811 -0.4493
vn 0.1944 0.7820 -0.5921
vn 0.0743 0.9855 -0.1525
vn 0.1271 0.9570 -0.2609
vn 0.1849 0.9066 -0.3794
vn 0.2491 0.8226 -0.5112
vn 0.3189 0.6857 -0.6543
vn 0.3864 0.4715 -0.7927
vn 0.4317 0.1711 -0.8857
vn 0.0244 0.9984 -0.0501
vn 0.3623 -0.5624 -0.7433
vn 0.3972 0.7487 -0.5308
vn 0.5044 0.5396 -0.6741
vn 0.5866 0.2037 -0.7838
vn 0.0279 0.9989 -0.0373
vn 0.4644 -0.6319 -0.6205
vn 0.0852 0.9898 -0.1138
vn 0.1469 0.9695 -0.1964
vn 0.2169 0.9321 -0.2899
vn 0.2993 0.8663 -0.4000
vn 0.1611 0.9794 -0.1222
vn 0.2407 0.9533 -0.1826
vn 0.3393 0.9048 -0.2573
vn 0.4666 0.8106 -0.3539
vn 0.6266 0.6177 -0.4752
vn 0.7721 0.2471 -0.5855
vn 0.0303 0.9993 -0.0230
vn 0.5636 -0.7069 -0.4274
vn 0.0927 0.9932 -0.0703
vn 0.7144 0.6772 -0.1759
vn 0.9303 0.2863 -0.2291
vn 0.0315 0.9995 -0.0078
vn 0.6306 -0.7604 -0.1553
vn 0.0966 0.9950 -0.0238
vn 0.1685 0.9848 -0.0415
vn 0.2535 0.9653 -0.0624
vn 0.3618 0.9280 -0.0891
vn 0.5096 0.8512 -0.1255
vn 0.1685 0.9848 0.0415
vn 0.2535 0.9653 0.0624
vn 0.3618 0.9280 0.0891
vn 0.5096 0.8512 0.1255
vn 0.7144 0.6772 0.1759
vn 0.9303 0.2863 0.2291
vn 0.0315 0.9995 0.0078
vn 0.6306 -0.7604 0.1553
vn 0.0966 0.9950 0.0238
vn 0.6266 0.6177 0.4752
vn 0.7721 0.2471 0.5855
vn 0.0303 0.9993 0.0230
vn 0.5636 -0.7069 0.4274
vn 0.0927 0.9932 0.0703
vn 0.1611 0.9794 0.1222
vn 0.2407 0.9533 0.1826
vn 0.3393 0.9048 0.2573
vn 0.4666 0.8106 0.3539
vn 0.2169 0.9321 0.2899
vn 0.2993 0.8663 0.4000
vn 0.3972 0.7487 0.5308
vn 0.5044 0.5396 0.6741
vn 0.5866 0.2037 0.7838
vn 0.0279 0.9989 0.0373
vn 0.4644 -0.6319 0.6205
vn 0.0852 0.9898 0.1138
vn 0.1469 0.9695 0.1964
vn 0.4317 0.1711 0.8857
vn 0.0244 0.9984 0.0501
vn 0.3623 -0.5624 0.7433
vn 0.0743 0.9855 0.1525
vn 0.1271 0.9570 0.2609
vn 0.1849 0.9066 0.3794
vn 0.2491 0.8226 0.5112
vn 0.3189 0.6857 0.6543
vn 0.3864 0.4715 0.7927
vn 0.1944 0.7820 0.5921
vn 0.2415 0.6328 0.7357
vn 0.2829 0.4208 0.8619
vn 0.3084 0.1489 0.9395
vn 0.0200 0.9979 0.0611
vn 0.2686 -0.5082 0.8183
vn 0.0607 0.9809 0.1849
vn 0.1029 0.9440 0.3135
vn 0.1475 0.8811 0.4493
vn 0.0149 0.9975 0.0696
vn 0.1846 -0.4699 0.8632
vn 0.0449 0.9767 0.2100
vn 0.0755 0.9324 0.3533
vn 0.1069 0.8594 0.5000
vn 0.1384 0.7495 0.6474
vn 0.1683 0.5934 0.7871
vn 0.1929 0.3860 0.9021
vn 0.2072 0.1346 0.9690
vn 0.0827 0.7271 0.6815
vn 0.0992 0.5678 0.8172
vn 0.1122 0.3645 0.9244
vn 0.1195 0.1261 0.9848
vn 0.0092 0.9971 0.0755
vn 0.1078 -0.4458 0.8886
vn 0.0276 0.9735 0.2272
vn 0.0461 0.9239 0.3799
vn 0.0646 0.8438 0.5327
vn 0.0355 -0.4342 0.9001
vn 0.0093 0.9718 0.2358
vn 0.0155 0.9194 0.3931
vn 0.0216 0.8357 0.5487
vn 0.0275 0.7158 0.6978
vn 0.0327 0.5552 0.8310
vn 0.0368 0.3543 0.9344
vn 0.0391 0.1221 0.9917
vn 0.0031 0.9969 0.0785
vn -0.0327 0.5553 0.8310
vn -0.0368 0.3543 0.9344
vn -0.0391 0.1221 0.9917
vn -0.0031 0.9969 0.0785
vn -0.0355 -0.4342 0.9001
vn -0.0093 0.9718 0.2358
vn -0.0155 0.9194 0.3931
vn -0.0216 0.8357 0.5487
vn -0.0275 0.7158 0.6978
vn -0.0276 0.9735 0.2272
vn -0.0461 0.9239 0.3799
vn -0.0646 0.8438 0.5327
vn -0.0827 0.7271 0.6815
vn -0.0992 0.5678 0.8172
vn -0.1122 0.3645 0.9244
vn -0.1195 0.1261 0.9848
vn -0.0092 0.9971 0.0755
vn -0.1078 -0.4458 0.8886
vn -0.1683 0.5934 0.7871
vn -0.1929 0.3860 0.9021
vn -0.2072 0.1346 0.9690
vn -0.0149 0.9975 0.0696
vn -0.1846 -0.4699 0.8632
vn -0.0449 0.9767 0.2100
vn -0.0755 0.9324 0.3533
vn -0.1069 0.8594 0.5000
vn -0.1384 0.7495 0.6474
vn -0.1029 0.9440 0.3135
vn -0.1475 0.8811 0.4493
vn -0.1944 0.7820 0.5921
vn -0.2415 0.6328 0.7357
vn -0.2829 0.4208 0.8619
vn -0.3084 0.1489 0.9395
vn -0.0200 0.9979 0.0611
vn -0.2686 -0.5082 0.8183
vn -0.0607 0.9809 0.1849
vn -0.3864 0.4715 0.7927
vn -0.4317 0.1711 0.8857
vn -0.0244 0.9984 0.0501
vn -0.3623 -0.5624 0.7433
vn -0.0743 0.9855 0.1525
vn -0.1271 0.9570 0.2609
vn -0.1849 0.9066 0.3794
vn -0.2491 0.8226 0.5112
vn -0.3190 0.6855 0.6544
vn -0.2169 0.9321 0.2899
vn -0.2993 0.8663 0.4000
vn -0.3972 0.7487 0.5308
vn -0.5044 0.5396 0.6741
vn -0.5866 0.2037 0.7838
vn -0.0279 0.9989 0.0373
vn -0.4644 -0.6319 0.6205
vn -0.0852 0.9898 0.1138
vn -0.1469 0.9695 0.1964
vn -0.7721 0.2471 0.5855
vn -0.0303 0.9993 0.0230
vn -0.5636 -0.7069 0.4274
vn -0.0927 0.9932 0.0703
vn -0.1611 0.9794 0.1222
vn -0.2407 0.9533 0.1826
vn -0.3393 0.9048 0.2573
vn -0.4666 0.8106 0.3539
vn -0.6266 0.6177 0.4752
vn -0.2535 0.9653 0.0624
vn -0.3618 0.9280 0.0891
vn -0.5096 0.8512 0.1255
vn -0.7144 0.6772 0.1759
vn -0.9303 0.2863 0.2291
vn -0.0315 0.9995 0.0078
vn -0.6306 -0.7604 0.1553
vn -0.0966 0.9950 0.0238
vn -0.1685 0.9848 0.0415
vn -0.9303 0.2863 -0.2291
vn -0.0315 0.9995 -0.0078
vn -0.6306 -0.7604 -0.1553
vn -0.0966 0.9950 -0.0238
vn -0.1685 0.9848 -0.0415
vn -0.2535 0.9653 -0.0624
vn -0.3618 0.9280 -0.0891
vn -0.5096 0.8512 -0.1255
vn -0.7144 0.6772 -0.1759
vn -0.3393 0.9048 -0.2573
vn -0.4666 0.8106 -0.3539
vn -0.6266 0.6177 -0.4752
vn -0.7721 0.2471 -0.5855
vn -0.0303 0.9993 -0.0230
vn -0.5636 -0.7069 -0.4274
vn -0.0927 0.9932 -0.0703
vn -0.1611 0.9794 -0.1222
vn -0.2407 0.9533 -0.1826
vn -0.0279 0.9989 -0.0373
vn -0.4644 -0.6319 -0.6205
vn -0.0851 0.9898 -0.1138
vn -0.1469 0.9695 -0.1964
vn -0.2169 0.9321 -0.2899
vn -0.2993 0.8663 -0.4000
vn -0.3972 0.7487 -0.5308
vn -0.5044 0.5396 -0.6741
vn -0.5866 0.2037 -0.7838
vn -0.2491 0.8226 -0.5112
vn -0.3189 0.6857 -0.6543
vn -0.3864 0.4715 -0.7927
vn -0.4317 0.1711 -0.8857
vn -0.0244 0.9984 -0.0501
vn -0.3623 -0.5624 -0.7433
vn -0.0743 0.9855 -0.1525
vn -0.1271 0.9570 -0.2609
vn -0.1849 0.9066 -0.3794
vn -0.2686 -0.5082 -0.8183
vn -0.0607 0.9809 -0.1849
vn -0.1029 0.9440 -0.3135
vn -0.1475 0.8811 -0.4493
vn -0.1944 0.7820 -0.5921
vn -0.2415 0.6328 -0.7357
vn -0.2829 0.4208 -0.8619
vn -0.3084 0.1489 -0.9395
vn -0.0200 0.9979 -0.0611
vn -0.1683 0.5934 -0.7871
vn -0.1929 0.3860 -0.9021
vn -0.2072 0.1346 -0.9690
vn -0.0149 0.9975 -0.0696
vn -0.1846 -0.4699 -0.8632
vn -0.0449 0.9767 -0.2100
vn -0.0755 0.9324 -0.3533
vn -0.1069 0.8594 -0.5000
vn -0.1384 0.7495 -0.6474
vn -0.0461 0.9239 -0.3799
vn -0.0646 0.8438 -0.5327
vn -0.0827 0.7271 -0.6815
vn -0.0992 0.5678 -0.8172
vn -0.1122 0.3645 -0.9244
vn -0.1195 0.1261 -0.9848
vn -0.0092 0.9971 -0.0755
vn -0.1078 -0.4458 -0.8886
vn -0.0276 0.9735 -0.2272
vn -0.0368 0.3543 -0.9344
vn -0.0391 0.1221 -0.9917
vn -0.0031 0.9969 -0.0785
vn -0.0355 -0.4342 -0.9001
vn -0.0093 0.9718 -0.2358
vn -0.0155 0.9194 -0.3931
vn -0.0216 0.8357 -0.5487
vn -0.0275 0.7158 -0.6978
vn -0.0327 0.5553 -0.8310
vn -0.0003 0.9992 0.0408
vn -0.0327 0.5552 -0.8311
vn 0.2829 0.4207 0.8619
vn -0.3189 0.6858 0.6543
vn 0.0367 0.3576 0.9331
vn 0.0381 -0.0508 0.9980
vn 0.0002 -0.9992 -0.0411
vn -0.0000 1.0000 -0.0000
vn 0.3181 -0.6872 0.6532
vn -0.0003 0.9991 0.0414
vn -1.0000 -0.0000 -0.0000
vn 1.0000 0.0008 -0.0000
vn 1.0000 0.0014 0.0001
vn -0.0000 0.0011 1.0000
vn -0.0008 0.9987 0.0509
vn -0.0000 -0.0025 -1.0000
vn 0.0002 -0.9974 -0.0715
vn 1.0000 0.0005 -0.0000
vn 1.0000 0.0009 0.0001
vn 1.0000 0.0012 0.0001
vn -0.0000 0.0015 1.0000
vn -0.0000 0.9989 0.0472
vn -0.0000 -0.0035 -1.0000
vn -0.0000 0.9982 0.0595
vn -0.0000 -0.0029 -1.0000
vn -0.0000 -0.9981 -0.0617
vn -0.0000 0.0013 1.0000
vn -0.0000 0.9986 0.0522
vn -0.0384 -0.9967 -0.0712
vn -0.1424 -0.9873 -0.0705
vn -0.4733 -0.8787 -0.0627
vn 0.0002 -0.9839 -0.1787
vn 0.0002 -0.9008 -0.4342
vn 0.0001 -0.5299 -0.8481
vn 0.0388 -0.9967 -0.0716
vn 0.1427 -0.9872 -0.0710
vn 0.4736 -0.8785 -0.0632
vn 0.0001 -0.9993 0.0383
vn 0.0001 -0.9470 0.3211
vn -0.0000 -0.5645 0.8255
vn -0.0383 -0.9967 -0.0712
vn -0.1423 -0.9873 -0.0705
vn -0.4732 -0.8787 -0.0627
vn 0.0387 -0.9967 -0.0716
vn 0.4736 -0.8785 -0.0633
vn -0.0008 0.9988 0.0484
vn 0.0364 -0.3802 -0.9242
vn 0.1109 -0.3909 -0.9137
vn 0.1904 -0.4134 -0.8904
vn 0.2786 -0.4495 -0.8487
vn 0.3790 -0.5018 -0.7775
vn 0.4919 -0.5709 -0.6573
vn 0.6064 -0.6487 -0.4599
vn 0.6870 -0.7067 -0.1692
vn 0.1684 0.9848 -0.0415
vn 0.1684 0.9848 0.0415
vn 0.6870 -0.7067 0.1692
vn 0.6064 -0.6487 0.4599
vn 0.4919 -0.5709 0.6573
vn 0.3790 -0.5018 0.7775
vn 0.0201 0.9979 0.0611
vn 0.2786 -0.4495 0.8487
vn 0.1904 -0.4134 0.8904
vn 0.1109 -0.3910 0.9137
vn 0.0364 -0.3802 0.9242
vn 0.0327 0.5553 0.8310
vn -0.0364 -0.3802 0.9242
vn -0.1109 -0.3910 0.9137
vn -0.1904 -0.4134 0.8904
vn -0.2786 -0.4495 0.8487
vn -0.3790 -0.5018 0.7775
vn -0.4919 -0.5709 0.6573
vn -0.0851 0.9898 0.1138
vn -0.6064 -0.6487 0.4599
vn -0.6870 -0.7067 0.1692
vn -0.1684 0.9848 0.0415
vn -0.6870 -0.7067 -0.1692
vn -0.1684 0.9848 -0.0415
vn -0.6064 -0.6487 -0.4599
vn -0.4919 -0.5709 -0.6573
vn -0.3790 -0.5018 -0.7775
vn -0.2786 -0.4495 -0.8487
vn -0.1904 -0.4134 -0.8904
vn -0.1109 -0.3910 -0.9137
vn -0.0364 -0.3802 -0.9242
vn 0.2829 0.4209 0.8619
vn 0.0368 0.3534 0.9348
vn 0.0383 -0.0508 0.9980
vn 0.0003 -0.9992 -0.0408
vn 0.3191 -0.6849 0.6550
vn 0.0016 1.0000 -0.0000
vn -0.0000 -0.9982 -0.0595
vn 1.0000 -0.0000 -0.0000
vn -0.0000 0.0595 -0.9982
vn -0.0000 -0.0595 0.9982
vn -0.0000 0.9983 0.0581
vt 0.143015 0.623763
vt 0.139313 0.636786
vt 0.138771 0.624054
vt 0.750000 0.625000
vt 0.750000 0.654568
vt 0.718750 0.654312
vt 0.718750 0.625000
vt 0.750000 0.125000
vt 0.750000 0.187500
vt 0.718750 0.187500
vt 0.718750 0.125000
vt 0.750000 0.562500
vt 0.718750 0.562500
vt 0.750000 0.062500
vt 0.718750 0.062500
vt 0.750000 0.500000
vt 0.718750 0.500000
vt 0.750000 0.937500
vt 0.734375 1.000000
vt 0.718750 0.937500
vt 0.734375 0.000000
vt 0.750000 0.437500
vt 0.718750 0.437500
vt 0.750000 0.875000
vt 0.718750 0.875000
vt 0.750000 0.375000
vt 0.750000 0.411232
vt 0.718750 0.408351
vt 0.718750 0.375000
vt 0.750000 0.812500
vt 0.718750 0.812500
vt 0.750000 0.312500
vt 0.718750 0.312500
vt 0.750000 0.750000
vt 0.718750 0.750000
vt 0.750000 0.250000
vt 0.718750 0.250000
vt 0.750000 0.687500
vt 0.718750 0.687500
vt 0.687500 0.312500
vt 0.687500 0.250000
vt 0.687500 0.750000
vt 0.687500 0.687500
vt 0.687500 0.187500
vt 0.687500 0.653457
vt 0.687500 0.625000
vt 0.687500 0.125000
vt 0.687500 0.562500
vt 0.687500 0.062500
vt 0.687500 0.500000
vt 0.703125 1.000000
vt 0.687500 0.937500
vt 0.703125 0.000000
vt 0.687500 0.437500
vt 0.687500 0.875000
vt 0.702605 0.406464
vt 0.687500 0.405832
vt 0.687500 0.375000
vt 0.687500 0.812500
vt 0.671875 0.000000
vt 0.656250 0.062500
vt 0.656250 0.500000
vt 0.656250 0.437500
vt 0.656250 0.937500
vt 0.656250 0.875000
vt 0.656250 0.403707
vt 0.656250 0.375000
vt 0.656250 0.812500
vt 0.656250 0.312500
vt 0.656250 0.750000
vt 0.656250 0.250000
vt 0.656250 0.687500
vt 0.656250 0.187500
vt 0.656250 0.652030
vt 0.656250 0.625000
vt 0.656250 0.125000
vt 0.656250 0.562500
vt 0.671875 1.000000
vt 0.625000 0.250000
vt 0.625000 0.187500
vt 0.625000 0.650079
vt 0.625000 0.625000
vt 0.625000 0.125000
vt 0.625000 0.562500
vt 0.625000 0.062500
vt 0.625000 0.500000
vt 0.640625 1.000000
vt 0.625000 0.937500
vt 0.640625 0.000000
vt 0.625000 0.437500
vt 0.625000 0.875000
vt 0.625000 0.400857
vt 0.625000 0.375000
vt 0.625000 0.812500
vt 0.625000 0.312500
vt 0.625000 0.750000
vt 0.625000 0.687500
vt 0.593750 0.937500
vt 0.593750 0.875000
vt 0.593750 0.397402
vt 0.593750 0.375000
vt 0.593750 0.812500
vt 0.593750 0.312500
vt 0.593750 0.750000
vt 0.593750 0.250000
vt 0.593750 0.687500
vt 0.593750 0.187500
vt 0.593750 0.647670
vt 0.593750 0.625000
vt 0.593750 0.125000
vt 0.593750 0.562500
vt 0.593750 0.062500
vt 0.593750 0.500000
vt 0.609375 1.000000
vt 0.609375 0.000000
vt 0.593750 0.437500
vt 0.562500 0.644885
vt 0.562500 0.625000
vt 0.562500 0.187500
vt 0.562500 0.125000
vt 0.562500 0.562500
vt 0.562500 0.062500
vt 0.562500 0.500000
vt 0.578125 1.000000
vt 0.562500 0.937500
vt 0.578125 0.000000
vt 0.562500 0.437500
vt 0.562500 0.875000
vt 0.562500 0.393485
vt 0.562500 0.375000
vt 0.562500 0.812500
vt 0.562500 0.312500
vt 0.562500 0.750000
vt 0.562500 0.250000
vt 0.562500 0.687500
vt 0.531250 0.389266
vt 0.531250 0.375000
vt 0.531250 0.875000
vt 0.531250 0.812500
vt 0.531250 0.312500
vt 0.531250 0.750000
vt 0.531250 0.250000
vt 0.531250 0.687500
vt 0.531250 0.187500
vt 0.531250 0.641823
vt 0.531250 0.625000
vt 0.531250 0.125000
vt 0.531250 0.562500
vt 0.531250 0.062500
vt 0.531250 0.500000
vt 0.546875 1.000000
vt 0.531250 0.937500
vt 0.546875 0.000000
vt 0.531250 0.437500
vt 0.500000 0.187500
vt 0.500000 0.125000
vt 0.500000 0.625000
vt 0.500000 0.562500
vt 0.500000 0.062500
vt 0.500000 0.500000
vt 0.515625 1.000000
vt 0.500000 0.937500
vt 0.515625 0.000000
vt 0.500000 0.437500
vt 0.500000 0.875000
vt 0.500000 0.384913
vt 0.500000 0.375000
vt 0.500000 0.812500
vt 0.500000 0.312500
vt 0.500000 0.750000
vt 0.500000 0.250000
vt 0.500000 0.687500
vt 0.500000 0.638595
vt 0.468750 0.875000
vt 0.468750 0.812500
vt 0.468750 0.375000
vt 0.468750 0.312500
vt 0.468750 0.750000
vt 0.468750 0.250000
vt 0.468750 0.687500
vt 0.468750 0.187500
vt 0.468750 0.635323
vt 0.468750 0.625000
vt 0.468750 0.125000
vt 0.468750 0.562500
vt 0.468750 0.062500
vt 0.468750 0.500000
vt 0.484374 1.000000
vt 0.468750 0.937500
vt 0.484375 0.000000
vt 0.468750 0.437500
vt 0.488604 0.383336
vt 0.468750 0.380588
vt 0.437500 0.625000
vt 0.437500 0.562500
vt 0.437500 0.125000
vt 0.437500 0.062500
vt 0.437500 0.500000
vt 0.453124 1.000000
vt 0.437500 0.937500
vt 0.453125 0.000000
vt 0.437500 0.437500
vt 0.437500 0.875000
vt 0.437500 0.376468
vt 0.437500 0.375000
vt 0.437500 0.812500
vt 0.437500 0.312500
vt 0.437500 0.750000
vt 0.437500 0.250000
vt 0.437500 0.687500
vt 0.437500 0.187500
vt 0.437500 0.632133
vt 0.425356 0.375000
vt 0.406250 0.372526
vt 0.406250 0.312500
vt 0.406250 0.812500
vt 0.406250 0.750000
vt 0.406250 0.250000
vt 0.406250 0.687500
vt 0.406250 0.187500
vt 0.406250 0.629153
vt 0.406250 0.625000
vt 0.406250 0.125000
vt 0.406250 0.562500
vt 0.406250 0.062500
vt 0.406250 0.500000
vt 0.421874 1.000000
vt 0.406250 0.937500
vt 0.421875 0.000000
vt 0.406250 0.437500
vt 0.406250 0.875000
vt 0.375000 0.125000
vt 0.375000 0.062500
vt 0.375000 0.562500
vt 0.375000 0.500000
vt 0.390625 1.000000
vt 0.375000 0.937500
vt 0.390625 0.000000
vt 0.375000 0.437500
vt 0.375000 0.875000
vt 0.406250 0.375000
vt 0.375000 0.375000
vt 0.375000 0.812500
vt 0.375000 0.369010
vt 0.375000 0.312500
vt 0.375000 0.750000
vt 0.375000 0.250000
vt 0.375000 0.687500
vt 0.375000 0.187500
vt 0.375000 0.626506
vt 0.375000 0.625000
vt 0.343750 0.312500
vt 0.343750 0.250000
vt 0.343750 0.750000
vt 0.343750 0.687500
vt 0.343750 0.187500
vt 0.353608 0.625000
vt 0.343750 0.125000
vt 0.343750 0.624364
vt 0.343750 0.562500
vt 0.343750 0.062500
vt 0.343750 0.500000
vt 0.359375 1.000000
vt 0.343750 0.937500
vt 0.359375 0.000000
vt 0.343750 0.437500
vt 0.343750 0.875000
vt 0.343750 0.375000
vt 0.343750 0.812500
vt 0.343750 0.366153
vt 0.328125 1.000000
vt 0.312500 0.937500
vt 0.328125 0.000000
vt 0.312500 0.062500
vt 0.312500 0.500000
vt 0.312500 0.437500
vt 0.312500 0.875000
vt 0.312500 0.375000
vt 0.312500 0.812500
vt 0.312500 0.364044
vt 0.312500 0.312500
vt 0.312500 0.750000
vt 0.312500 0.250000
vt 0.312500 0.687500
vt 0.312500 0.187500
vt 0.343750 0.625000
vt 0.312500 0.625000
vt 0.312500 0.125000
vt 0.312500 0.622849
vt 0.312500 0.562500
vt 0.281250 0.750000
vt 0.281250 0.687500
vt 0.281250 0.250000
vt 0.281250 0.187500
vt 0.281250 0.625000
vt 0.281250 0.125000
vt 0.281250 0.621894
vt 0.281250 0.562500
vt 0.281250 0.062500
vt 0.281250 0.500000
vt 0.296875 1.000000
vt 0.281250 0.937500
vt 0.296875 0.000000
vt 0.281250 0.437500
vt 0.281250 0.875000
vt 0.281250 0.375000
vt 0.281250 0.812500
vt 0.299828 0.363518
vt 0.281250 0.364110
vt 0.281250 0.312500
vt 0.250000 0.500000
vt 0.250000 0.437500
vt 0.250000 0.937500
vt 0.250000 0.875000
vt 0.250000 0.375000
vt 0.250000 0.812500
vt 0.250000 0.366055
vt 0.250000 0.312500
vt 0.250000 0.750000
vt 0.250000 0.250000
vt 0.250000 0.687500
vt 0.250000 0.187500
vt 0.250000 0.625000
vt 0.250000 0.125000
vt 0.250000 0.621523
vt 0.250000 0.562500
vt 0.250000 0.062500
vt 0.265625 1.000000
vt 0.265625 0.000000
vt 0.218750 0.250000
vt 0.218750 0.187500
vt 0.218750 0.687500
vt 0.218750 0.625000
vt 0.218750 0.125000
vt 0.218750 0.621752
vt 0.218750 0.562500
vt 0.218750 0.062500
vt 0.218750 0.500000
vt 0.234375 1.000000
vt 0.218750 0.937500
vt 0.234375 0.000000
vt 0.218750 0.437500
vt 0.218750 0.875000
vt 0.218750 0.375000
vt 0.218750 0.812500
vt 0.218750 0.368891
vt 0.218750 0.312500
vt 0.218750 0.750000
vt 0.187500 0.937500
vt 0.187500 0.875000
vt 0.187500 0.437500
vt 0.187500 0.375000
vt 0.187500 0.812500
vt 0.187500 0.372531
vt 0.187500 0.312500
vt 0.187500 0.750000
vt 0.187500 0.250000
vt 0.187500 0.687500
vt 0.187500 0.187500
vt 0.187500 0.625000
vt 0.187500 0.125000
vt 0.187500 0.622602
vt 0.187500 0.562500
vt 0.187500 0.062500
vt 0.187500 0.500000
vt 0.203125 1.000000
vt 0.203125 0.000000
vt 0.156250 0.687500
vt 0.156250 0.625000
vt 0.156250 0.187500
vt 0.156250 0.125000
vt 0.156250 0.624037
vt 0.156250 0.562500
vt 0.156250 0.062500
vt 0.156250 0.500000
vt 0.171875 1.000000
vt 0.156250 0.937500
vt 0.171875 0.000000
vt 0.156250 0.437500
vt 0.156250 0.875000
vt 0.156250 0.376728
vt 0.169617 0.375000
vt 0.156250 0.812500
vt 0.156250 0.375000
vt 0.156250 0.312500
vt 0.156250 0.750000
vt 0.156250 0.250000
vt 0.125000 0.381238
vt 0.125000 0.375000
vt 0.125000 0.875000
vt 0.125000 0.812500
vt 0.125000 0.312500
vt 0.125000 0.750000
vt 0.125000 0.250000
vt 0.125000 0.687500
vt 0.125000 0.187500
vt 0.125000 0.626091
vt 0.140906 0.625000
vt 0.125000 0.125000
vt 0.125000 0.625000
vt 0.125000 0.562500
vt 0.125000 0.062500
vt 0.125000 0.500000
vt 0.140625 1.000000
vt 0.125000 0.937500
vt 0.140625 0.000000
vt 0.125000 0.437500
vt 0.093750 0.187500
vt 0.093750 0.125000
vt 0.093750 0.625000
vt 0.093750 0.562500
vt 0.093750 0.062500
vt 0.093750 0.500000
vt 0.109375 1.000000
vt 0.093750 0.937500
vt 0.109375 0.000000
vt 0.093750 0.437500
vt 0.093750 0.875000
vt 0.094966 0.385875
vt 0.093750 0.386235
vt 0.093750 0.375000
vt 0.093750 0.812500
vt 0.093750 0.312500
vt 0.093750 0.750000
vt 0.093750 0.250000
vt 0.093750 0.687500
vt 0.096093 0.628516
vt 0.093750 0.628713
vt 0.062500 0.375000
vt 0.062500 0.312500
vt 0.062500 0.812500
vt 0.062500 0.750000
vt 0.062500 0.250000
vt 0.062500 0.687500
vt 0.062500 0.187500
vt 0.062500 0.631648
vt 0.062500 0.625000
vt 0.062500 0.125000
vt 0.062500 0.562500
vt 0.062500 0.062500
vt 0.062500 0.500000
vt 0.078125 1.000000
vt 0.062500 0.937500
vt 0.078125 0.000000
vt 0.062500 0.437500
vt 0.062500 0.875000
vt 0.062500 0.394489
vt 0.031250 0.125000
vt 0.031250 0.062500
vt 0.031250 0.562500
vt 0.031250 0.500000
vt 0.046875 1.000000
vt 0.031250 0.937500
vt 0.046875 0.000000
vt 0.031250 0.437500
vt 0.031250 0.875000
vt 0.031250 0.401538
vt 0.031250 0.375000
vt 0.031250 0.812500
vt 0.031250 0.312500
vt 0.031250 0.750000
vt 0.031250 0.250000
vt 0.031250 0.687500
vt 0.031250 0.187500
vt 0.031250 0.634814
vt 0.031250 0.625000
vt 0.000000 0.812500
vt 0.000000 0.750000
vt 0.000000 0.312500
vt 0.000000 0.250000
vt 0.000000 0.687500
vt 0.000000 0.187500
vt 0.000000 0.638082
vt 0.000000 0.625000
vt 0.000000 0.125000
vt 0.000000 0.562500
vt 0.000000 0.062500
vt 0.000000 0.500000
vt 0.015625 1.000000
vt 0.000000 0.937500
vt 0.015625 0.000000
vt 0.000000 0.437500
vt 0.000000 0.875000
vt 0.000175 0.407024
vt 0.000000 0.407055
vt 0.000000 0.375000
vt 1.000000 0.500000
vt 1.000000 0.562500
vt 0.968750 0.562500
vt 0.968750 0.500000
vt 1.000000 0.937500
vt 0.984375 1.000000
vt 0.968750 0.937500
vt 0.984375 0.000000
vt 1.000000 0.062500
vt 0.968750 0.062500
vt 1.000000 0.437500
vt 0.968750 0.437500
vt 1.000000 0.875000
vt 0.968750 0.875000
vt 1.000000 0.375000
vt 1.000000 0.407055
vt 0.968750 0.410773
vt 0.968750 0.375000
vt 1.000000 0.812500
vt 0.968750 0.812500
vt 1.000000 0.312500
vt 0.968750 0.312500
vt 1.000000 0.750000
vt 0.968750 0.750000
vt 1.000000 0.250000
vt 0.968750 0.250000
vt 1.000000 0.687500
vt 0.968750 0.687500
vt 1.000000 0.187500
vt 0.968750 0.187500
vt 1.000000 0.625000
vt 1.000000 0.638082
vt 0.968750 0.641324
vt 0.968750 0.625000
vt 1.000000 0.125000
vt 0.968750 0.125000
vt 0.937500 0.312500
vt 0.937500 0.250000
vt 0.937500 0.750000
vt 0.937500 0.687500
vt 0.937500 0.187500
vt 0.937500 0.644420
vt 0.937500 0.625000
vt 0.937500 0.125000
vt 0.937500 0.562500
vt 0.937500 0.062500
vt 0.937500 0.500000
vt 0.953125 1.000000
vt 0.937500 0.937500
vt 0.953125 0.000000
vt 0.937500 0.437500
vt 0.937500 0.875000
vt 0.937500 0.412511
vt 0.937500 0.375000
vt 0.937500 0.812500
vt 0.921875 1.000000
vt 0.906250 0.937500
vt 0.921875 0.000000
vt 0.906250 0.062500
vt 0.906250 0.500000
vt 0.906250 0.437500
vt 0.906250 0.875000
vt 0.906250 0.412181
vt 0.906250 0.375000
vt 0.906250 0.812500
vt 0.906250 0.312500
vt 0.906250 0.750000
vt 0.906250 0.250000
vt 0.906250 0.687500
vt 0.906250 0.187500
vt 0.906250 0.647256
vt 0.906250 0.625000
vt 0.906250 0.125000
vt 0.906250 0.562500
vt 0.875000 0.750000
vt 0.875000 0.687500
vt 0.875000 0.250000
vt 0.875000 0.187500
vt 0.892897 0.648313
vt 0.875000 0.649749
vt 0.875000 0.625000
vt 0.875000 0.125000
vt 0.875000 0.562500
vt 0.875000 0.062500
vt 0.875000 0.500000
vt 0.890625 1.000000
vt 0.875000 0.937500
vt 0.890625 0.000000
vt 0.875000 0.437500
vt 0.875000 0.875000
vt 0.899915 0.411699
vt 0.875000 0.413273
vt 0.875000 0.375000
vt 0.875000 0.812500
vt 0.875000 0.312500
vt 0.843750 0.500000
vt 0.843750 0.437500
vt 0.843750 0.937500
vt 0.843750 0.875000
vt 0.843750 0.414274
vt 0.843750 0.375000
vt 0.843750 0.812500
vt 0.843750 0.312500
vt 0.843750 0.750000
vt 0.843750 0.250000
vt 0.843750 0.687500
vt 0.843750 0.187500
vt 0.843750 0.651795
vt 0.843750 0.625000
vt 0.843750 0.125000
vt 0.843750 0.562500
vt 0.843750 0.062500
vt 0.859375 1.000000
vt 0.859375 0.000000
vt 0.812500 0.250000
vt 0.812500 0.187500
vt 0.812500 0.653310
vt 0.812500 0.625000
vt 0.812500 0.125000
vt 0.812500 0.562500
vt 0.812500 0.062500
vt 0.812500 0.500000
vt 0.828125 1.000000
vt 0.812500 0.937500
vt 0.828125 0.000000
vt 0.812500 0.437500
vt 0.812500 0.875000
vt 0.812500 0.414260
vt 0.812500 0.375000
vt 0.812500 0.812500
vt 0.812500 0.312500
vt 0.812500 0.750000
vt 0.812500 0.687500
vt 0.781250 0.413231
vt 0.781250 0.375000
vt 0.781250 0.875000
vt 0.781250 0.812500
vt 0.781250 0.312500
vt 0.781250 0.750000
vt 0.781250 0.250000
vt 0.781250 0.687500
vt 0.781250 0.187500
vt 0.781250 0.654243
vt 0.781250 0.625000
vt 0.781250 0.125000
vt 0.781250 0.562500
vt 0.781250 0.062500
vt 0.781250 0.500000
vt 0.796875 1.000000
vt 0.781250 0.937500
vt 0.796875 0.000000
vt 0.781250 0.437500
vt 0.765625 1.000000
vt 0.765625 0.000000
vt 0.859049 0.637463
vt 0.858235 0.649572
vt 0.856848 0.660842
vt 0.853733 0.674999
vt 0.843750 0.690122
vt 0.840649 0.688847
vt 0.834188 0.676416
vt 0.832994 0.580952
vt 0.835327 0.573373
vt 0.837962 0.567772
vt 0.856457 0.590229
vt 0.857936 0.600937
vt 0.858887 0.612670
vt 0.859265 0.625000
vt 0.754416 0.654522
vt 0.720657 0.408527
vt 0.273068 0.364619
vt 0.260961 0.621663
vt 0.855626 0.586255
vt 0.854512 0.580928
vt 0.852177 0.573353
vt 0.849540 0.567758
vt 0.846697 0.564328
vt 0.843750 0.563173
vt 0.840804 0.564335
vt 0.837672 0.685087
vt 0.834940 0.678996
vt 0.161020 0.625009
vt 0.172250 0.624924
vt 0.172114 0.629568
vt 0.171876 0.637658
vt 0.170910 0.649802
vt 0.170320 0.654128
vt 0.169372 0.660847
vt 0.167346 0.670387
vt 0.164928 0.678136
vt 0.162206 0.683848
vt 0.142902 0.660148
vt 0.143015 0.660529
vt 0.162497 0.563127
vt 0.172009 0.612081
vt 0.171156 0.599629
vt 0.169716 0.588062
vt 0.167739 0.577851
vt 0.165302 0.569421
vt 0.161019 0.685266
vt 0.144626 0.576165
vt 0.147108 0.567904
vt 0.149953 0.561869
vt 0.153043 0.558309
vt 0.156250 0.557362
vt 0.156996 0.567941
vt 0.159248 0.558951
vt 0.159442 0.559054
vt 0.856705 0.661589
vt 0.854936 0.670811
vt 0.828464 0.637453
vt 0.828248 0.625000
vt 0.828626 0.612680
vt 0.844167 0.563336
vt 0.140716 0.649004
vt 0.138771 0.622967
vt 0.138768 0.622894
vt 0.142442 0.586194
vt 0.143015 0.584254
vt 0.156996 0.567941
vt 0.156832 0.680828
vt 0.159287 0.687365
vt 0.158492 0.687684
vt 0.156250 0.688584
vt 0.144980 0.670006
vt 0.500000 0.125000
vt 0.625000 0.125000
vt 0.625000 0.187500
vt 0.625000 0.250000
vt 0.500000 0.250000
vt 0.448553 0.625000
vt 0.500000 0.625000
vt 0.500000 0.750000
vt 0.445524 0.750000
vt 0.625000 0.625000
vt 0.625000 0.687500
vt 0.625000 0.750000
vt 0.449197 0.125000
vt 0.451732 0.250000
vt 0.625000 0.812500
vt 0.625000 0.875000
vt 0.625000 0.937500
vt 0.625000 1.000000
vt 0.500000 1.000000
vt 0.446796 1.000000
vt 0.875000 0.562500
vt 0.875000 0.625000
vt 0.875000 0.687500
vt 0.875000 0.750000
vt 0.812500 0.750000
vt 0.750000 0.750000
vt 0.625000 0.312500
vt 0.625000 0.375000
vt 0.625000 0.437500
vt 0.625000 0.500000
vt 0.500000 0.500000
vt 0.451819 0.500000
vt 0.161020 0.551876
vt 0.338980 0.551868
vt 0.338981 0.624993
vt 0.338981 0.698132
vt 0.161019 0.698124
vt 0.500000 0.000000
vt 0.625000 0.000000
vt 0.625000 0.062500
vt 0.625000 0.562500
vt 0.000000 0.000000
vt 0.312500 0.312500
vt 0.437500 0.312500
vt 0.143015 0.722822
vt 0.125000 0.738440
vt 0.125000 0.625000
vt 0.412110 0.125000
vt 0.410977 0.006950
vt 0.446796 0.000000
vt 0.449197 0.125000
vt 0.143015 0.524696
vt 0.356996 0.524691
vt 0.129856 0.500000
vt 0.370204 0.500000
vt 0.413517 0.495174
vt 0.413486 0.254826
vt 0.356996 0.623754
vt 0.413242 0.506948
vt 0.411766 0.625000
vt 0.356995 0.722826
vt 0.370184 0.750000
vt 0.129838 0.750000
vt 0.414179 0.995174
vt 0.413543 0.754826
vt 0.125000 0.620386
vt 0.125000 0.502332
vt 0.413268 0.243050
vt 0.412110 0.125000
vt 0.410349 0.743051
vt 0.687500 0.750000
s 0
usemtl White_Ascent
f 1/1/1 551/2/1 541/3/1
f 9/4/2 517/5/2 516/6/2 19/7/2
f 484/8/1 13/9/1 26/10/1 27/11/1
f 10/12/3 9/4/3 19/7/3 20/13/3
f 485/14/1 484/8/1 27/11/1 28/15/1
f 11/16/4 10/12/4 20/13/4 21/17/4
f 4/18/5 300/19/5 14/20/5
f 209/21/1 485/14/1 28/15/1
f 12/22/6 11/16/6 21/17/6 22/23/6
f 5/24/7 4/18/7 14/20/7 15/25/7
f 481/26/1 544/27/1 547/28/1 23/29/1
f 6/30/8 5/24/8 15/25/8 16/31/8
f 482/32/1 481/26/1 23/29/1 24/33/1
f 7/34/9 6/30/9 16/31/9 17/35/9
f 483/36/1 482/32/1 24/33/1 25/37/1
f 8/38/10 7/34/10 17/35/10 18/39/10
f 13/9/1 483/36/1 25/37/1 26/10/1
f 25/37/1 24/33/1 39/40/1 40/41/1
f 18/39/11 17/35/11 32/42/11 33/43/11
f 26/10/1 25/37/1 40/41/1 41/44/1
f 19/7/12 516/6/12 515/45/12 34/46/12
f 27/11/1 26/10/1 41/44/1 42/47/1
f 20/13/13 19/7/13 34/46/13 35/48/13
f 28/15/1 27/11/1 42/47/1 43/49/1
f 21/17/14 20/13/14 35/48/14 36/50/14
f 14/20/15 300/51/15 29/52/15
f 209/53/1 28/15/1 43/49/1
f 22/23/16 21/17/16 36/50/16 37/54/16
f 15/25/17 14/20/17 29/52/17 30/55/17
f 23/29/1 547/28/1 496/56/1 495/57/1 38/58/1
f 16/31/18 15/25/18 30/55/18 31/59/18
f 24/33/1 23/29/1 38/58/1 39/40/1
f 17/35/19 16/31/19 31/59/19 32/42/19
f 209/60/1 43/49/1 58/61/1
f 37/54/20 36/50/20 51/62/20 52/63/20
f 30/55/21 29/52/21 44/64/21 45/65/21
f 38/58/1 495/57/1 494/66/1 53/67/1
f 31/59/22 30/55/22 45/65/22 46/68/22
f 39/40/1 38/58/1 53/67/1 54/69/1
f 32/42/23 31/59/23 46/68/23 47/70/23
f 40/41/1 39/40/1 54/69/1 55/71/1
f 33/43/24 32/42/24 47/70/24 48/72/24
f 41/44/1 40/41/1 55/71/1 56/73/1
f 34/46/25 515/45/25 518/74/25 49/75/25
f 42/47/1 41/44/1 56/73/1 57/76/1
f 35/48/26 34/46/26 49/75/26 50/77/26
f 43/49/1 42/47/1 57/76/1 58/61/1
f 36/50/27 35/48/27 50/77/27 51/62/27
f 29/52/28 300/78/28 44/64/28
f 56/73/1 55/71/1 70/79/1 71/80/1
f 49/75/29 518/74/29 520/81/29 64/82/29
f 57/76/1 56/73/1 71/80/1 72/83/1
f 50/77/30 49/75/30 64/82/30 65/84/30
f 58/61/1 57/76/1 72/83/1 73/85/1
f 51/62/31 50/77/31 65/84/31 66/86/31
f 44/64/32 300/87/32 59/88/32
f 209/89/1 58/61/1 73/85/1
f 52/63/33 51/62/33 66/86/33 67/90/33
f 45/65/34 44/64/34 59/88/34 60/91/34
f 53/67/1 494/66/1 497/92/1 68/93/1
f 46/68/35 45/65/35 60/91/35 61/94/35
f 54/69/1 53/67/1 68/93/1 69/95/1
f 47/70/36 46/68/36 61/94/36 62/96/36
f 55/71/1 54/69/1 69/95/1 70/79/1
f 48/72/37 47/70/37 62/96/37 63/97/37
f 60/91/38 59/88/38 74/98/38 75/99/38
f 68/93/1 497/92/1 498/100/1 83/101/1
f 61/94/39 60/91/39 75/99/39 76/102/39
f 69/95/1 68/93/1 83/101/1 84/103/1
f 62/96/40 61/94/40 76/102/40 77/104/40
f 70/79/1 69/95/1 84/103/1 85/105/1
f 63/97/41 62/96/41 77/104/41 78/106/41
f 71/80/1 70/79/1 85/105/1 86/107/1
f 64/82/42 520/81/42 519/108/42 79/109/42
f 72/83/1 71/80/1 86/107/1 87/110/1
f 65/84/43 64/82/43 79/109/43 80/111/43
f 73/85/1 72/83/1 87/110/1 88/112/1
f 66/86/44 65/84/44 80/111/44 81/113/44
f 59/88/45 300/114/45 74/98/45
f 209/115/1 73/85/1 88/112/1
f 67/90/46 66/86/46 81/113/46 82/116/46
f 79/109/47 519/108/47 522/117/47 94/118/47
f 87/110/1 86/107/1 101/119/1 102/120/1
f 80/111/48 79/109/48 94/118/48 95/121/48
f 88/112/1 87/110/1 102/120/1 103/122/1
f 81/113/49 80/111/49 95/121/49 96/123/49
f 74/98/50 300/124/50 89/125/50
f 209/126/1 88/112/1 103/122/1
f 82/116/51 81/113/51 96/123/51 97/127/51
f 75/99/52 74/98/52 89/125/52 90/128/52
f 83/101/1 498/100/1 499/129/1 98/130/1
f 76/102/53 75/99/53 90/128/53 91/131/53
f 84/103/1 83/101/1 98/130/1 99/132/1
f 77/104/54 76/102/54 91/131/54 92/133/54
f 85/105/1 84/103/1 99/132/1 100/134/1
f 78/106/55 77/104/55 92/133/55 93/135/55
f 86/107/1 85/105/1 100/134/1 101/119/1
f 98/130/1 499/129/1 500/136/1 113/137/1
f 91/131/56 90/128/56 105/138/56 106/139/56
f 99/132/1 98/130/1 113/137/1 114/140/1
f 92/133/57 91/131/57 106/139/57 107/141/57
f 100/134/1 99/132/1 114/140/1 115/142/1
f 93/135/58 92/133/58 107/141/58 108/143/58
f 101/119/1 100/134/1 115/142/1 116/144/1
f 94/118/59 522/117/59 525/145/59 109/146/59
f 102/120/1 101/119/1 116/144/1 117/147/1
f 95/121/60 94/118/60 109/146/60 110/148/60
f 103/122/1 102/120/1 117/147/1 118/149/1
f 96/123/61 95/121/61 110/148/61 111/150/61
f 89/125/62 300/151/62 104/152/62
f 209/153/1 103/122/1 118/149/1
f 97/127/63 96/123/63 111/150/63 112/154/63
f 90/128/64 89/125/64 104/152/64 105/138/64
f 117/147/1 116/144/1 131/155/1 132/156/1
f 110/148/65 109/146/65 124/157/65 125/158/65
f 118/149/1 117/147/1 132/156/1 133/159/1
f 111/150/66 110/148/66 125/158/66 126/160/66
f 104/152/67 300/161/67 119/162/67
f 209/163/1 118/149/1 133/159/1
f 112/154/68 111/150/68 126/160/68 127/164/68
f 105/138/69 104/152/69 119/162/69 120/165/69
f 113/137/1 500/136/1 501/166/1 128/167/1
f 106/139/70 105/138/70 120/165/70 121/168/70
f 114/140/1 113/137/1 128/167/1 129/169/1
f 107/141/71 106/139/71 121/168/71 122/170/71
f 115/142/1 114/140/1 129/169/1 130/171/1
f 108/143/72 107/141/72 122/170/72 123/172/72
f 116/144/1 115/142/1 130/171/1 131/155/1
f 109/146/73 525/145/73 503/173/73 124/157/73
f 121/168/74 120/165/74 135/174/74 136/175/74
f 129/169/1 128/167/1 143/176/1 144/177/1
f 122/170/75 121/168/75 136/175/75 137/178/75
f 130/171/1 129/169/1 144/177/1 145/179/1
f 123/172/76 122/170/76 137/178/76 138/180/76
f 131/155/1 130/171/1 145/179/1 146/181/1
f 124/157/77 503/173/77 504/182/77 139/183/77
f 132/156/1 131/155/1 146/181/1 147/184/1
f 125/158/78 124/157/78 139/183/78 140/185/78
f 133/159/1 132/156/1 147/184/1 148/186/1
f 126/160/79 125/158/79 140/185/79 141/187/79
f 119/162/80 300/188/80 134/189/80
f 209/190/1 133/159/1 148/186/1
f 127/164/81 126/160/81 141/187/81 142/191/81
f 120/165/82 119/162/82 134/189/82 135/174/82
f 128/167/1 501/166/1 559/192/1 486/193/1 143/176/1
f 140/185/83 139/183/83 154/194/83 155/195/83
f 148/186/1 147/184/1 162/196/1 163/197/1
f 141/187/84 140/185/84 155/195/84 156/198/84
f 134/189/85 300/199/85 149/200/85
f 209/201/1 148/186/1 163/197/1
f 142/191/86 141/187/86 156/198/86 157/202/86
f 135/174/87 134/189/87 149/200/87 150/203/87
f 143/176/1 486/193/1 487/204/1 158/205/1
f 136/175/88 135/174/88 150/203/88 151/206/88
f 144/177/1 143/176/1 158/205/1 159/207/1
f 137/178/89 136/175/89 151/206/89 152/208/89
f 145/179/1 144/177/1 159/207/1 160/209/1
f 138/180/90 137/178/90 152/208/90 153/210/90
f 146/181/1 145/179/1 160/209/1 161/211/1
f 139/183/91 504/182/91 505/212/91 154/194/91
f 147/184/1 146/181/1 161/211/1 162/196/1
f 159/207/1 158/205/1 488/213/1 489/214/1 174/215/1
f 152/208/92 151/206/92 166/216/92 167/217/92
f 160/209/1 159/207/1 174/215/1 175/218/1
f 153/210/93 152/208/93 167/217/93 168/219/93
f 161/211/1 160/209/1 175/218/1 176/220/1
f 154/194/94 505/212/94 506/221/94 169/222/94
f 162/196/1 161/211/1 176/220/1 177/223/1
f 155/195/95 154/194/95 169/222/95 170/224/95
f 163/197/1 162/196/1 177/223/1 178/225/1
f 156/198/96 155/195/96 170/224/96 171/226/96
f 149/200/97 300/227/97 164/228/97
f 209/229/1 163/197/1 178/225/1
f 157/202/98 156/198/98 171/226/98 172/230/98
f 150/203/99 149/200/99 164/228/99 165/231/99
f 158/205/1 487/204/1 488/213/1
f 151/206/100 150/203/100 165/231/100 166/216/100
f 178/225/1 177/223/1 192/232/1 193/233/1
f 171/226/101 170/224/101 185/234/101 186/235/101
f 164/228/102 300/236/102 179/237/102
f 209/238/1 178/225/1 193/233/1
f 172/230/103 171/226/103 186/235/103 187/239/103
f 165/231/104 164/228/104 179/237/104 180/240/104
f 173/241/1 172/230/1 187/239/1 188/242/1
f 166/216/105 165/231/105 180/240/105 181/243/105
f 174/215/1 489/214/1 490/244/1 189/245/1
f 167/217/106 166/216/106 181/243/106 182/246/106
f 175/218/1 174/215/1 189/245/1 190/247/1
f 168/219/107 167/217/107 182/246/107 183/248/107
f 176/220/1 175/218/1 190/247/1 191/249/1
f 169/222/108 506/221/108 507/250/108 184/251/108
f 177/223/1 176/220/1 191/249/1 192/232/1
f 170/224/109 169/222/109 184/251/109 185/234/109
f 190/247/1 189/245/1 204/252/1 205/253/1
f 183/248/110 182/246/110 197/254/110 198/255/110
f 191/249/1 190/247/1 205/253/1 206/256/1
f 184/251/111 507/250/111 508/257/111
f 192/232/1 191/249/1 206/256/1 207/258/1
f 185/234/112 184/251/112 508/257/112 513/259/112 200/260/112
f 193/233/1 192/232/1 207/258/1 208/261/1
f 186/235/113 185/234/113 200/260/113 201/262/113
f 179/237/114 300/263/114 194/264/114
f 209/265/1 193/233/1 208/261/1
f 187/239/115 186/235/115 201/262/115 202/266/115
f 180/240/116 179/237/116 194/264/116 195/267/116
f 188/242/1 187/239/1 202/266/1 203/268/1
f 181/243/117 180/240/117 195/267/117 196/269/117
f 189/245/1 490/244/1 491/270/1 204/252/1
f 182/246/118 181/243/118 196/269/118 197/254/118
f 194/264/119 300/271/119 210/272/119
f 209/273/1 208/261/1 224/274/1
f 202/266/120 201/262/120 217/275/120 218/276/120
f 195/267/121 194/264/121 210/272/121 211/277/121
f 203/268/1 202/266/1 218/276/1 219/278/1
f 196/269/122 195/267/122 211/277/122 212/279/122
f 204/252/1 491/270/1 492/280/1 220/281/1
f 197/254/123 196/269/123 212/279/123 213/282/123
f 205/253/1 204/252/1 220/281/1 221/283/1
f 198/255/124 197/254/124 213/282/124 214/284/124
f 206/256/1 205/253/1 221/283/1 222/285/1
f 199/286/125 198/255/125 214/284/125 215/287/125
f 207/258/1 206/256/1 222/285/1 223/288/1
f 200/260/126 513/259/126 509/289/126 216/290/126
f 208/261/1 207/258/1 223/288/1 224/274/1
f 201/262/127 200/260/127 216/290/127 217/275/127
f 214/284/128 213/282/128 228/291/128 229/292/128
f 222/285/1 221/283/1 236/293/1 237/294/1
f 215/287/129 214/284/129 229/292/129 230/295/129
f 223/288/1 222/285/1 237/294/1 238/296/1
f 216/290/130 509/289/130 514/297/130 231/298/130
f 224/274/1 223/288/1 238/296/1 239/299/1
f 217/275/131 216/290/131 231/298/131 232/300/131
f 210/272/132 300/301/132 225/302/132
f 209/303/1 224/274/1 239/299/1
f 218/276/133 217/275/133 232/300/133 233/304/133
f 211/277/134 210/272/134 225/302/134 226/305/134
f 219/278/1 218/276/1 233/304/1 234/306/1
f 212/279/135 211/277/135 226/305/135 227/307/135
f 220/281/1 492/280/1 493/308/1 558/309/1 235/310/1
f 213/282/136 212/279/136 227/307/136 228/291/136
f 221/283/1 220/281/1 235/310/1 236/293/1
f 233/304/137 232/300/137 247/311/137 248/312/137
f 226/305/138 225/302/138 240/313/138 241/314/138
f 234/306/1 233/304/1 248/312/1 249/315/1
f 227/307/139 226/305/139 241/314/139 242/316/139
f 235/310/1 558/309/1 555/317/1 250/318/1
f 228/291/140 227/307/140 242/316/140 243/319/140
f 236/293/1 235/310/1 250/318/1 251/320/1
f 229/292/141 228/291/141 243/319/141 244/321/141
f 237/294/1 236/293/1 251/320/1 252/322/1
f 230/295/142 229/292/142 244/321/142 245/323/142
f 238/296/1 237/294/1 252/322/1 253/324/1
f 231/298/143 514/297/143 532/325/143 246/326/143
f 239/299/1 238/296/1 253/324/1 254/327/1
f 232/300/144 231/298/144 246/326/144 247/311/144
f 225/302/145 300/328/145 240/313/145
f 209/329/1 239/299/1 254/327/1
f 252/322/1 251/320/1 266/330/1 267/331/1
f 245/323/146 244/321/146 259/332/146 260/333/146
f 253/324/1 252/322/1 267/331/1 268/334/1
f 246/326/147 532/325/147 533/335/147 261/336/147
f 254/327/1 253/324/1 268/334/1 269/337/1
f 247/311/148 246/326/148 261/336/148 262/338/148
f 240/313/149 300/339/149 255/340/149
f 209/341/1 254/327/1 269/337/1
f 248/312/150 247/311/150 262/338/150 263/342/150
f 241/314/151 240/313/151 255/340/151 256/343/151
f 249/315/1 248/312/1 263/342/1 264/344/1
f 242/316/152 241/314/152 256/343/152 257/345/152
f 250/318/1 555/317/1 556/346/1 265/347/1
f 243/319/153 242/316/153 257/345/153 258/348/153
f 251/320/1 250/318/1 265/347/1 266/330/1
f 244/321/154 243/319/154 258/348/154 259/332/154
f 256/343/155 255/340/155 270/349/155 271/350/155
f 264/344/1 263/342/1 278/351/1 279/352/1
f 257/345/156 256/343/156 271/350/156 272/353/156
f 265/347/1 556/346/1 557/354/1 280/355/1
f 258/348/157 257/345/157 272/353/157 273/356/157
f 266/330/1 265/347/1 280/355/1 281/357/1
f 259/332/158 258/348/158 273/356/158 274/358/158
f 267/331/1 266/330/1 281/357/1 282/359/1
f 260/333/159 259/332/159 274/358/159 275/360/159
f 268/334/1 267/331/1 282/359/1 283/361/1
f 261/336/160 533/335/160 534/362/160 276/363/160
f 269/337/1 268/334/1 283/361/1 284/364/1
f 262/338/161 261/336/161 276/363/161 277/365/161
f 255/340/162 300/366/162 270/349/162
f 209/367/1 269/337/1 284/364/1
f 263/342/163 262/338/163 277/365/163 278/351/163
f 275/360/164 274/358/164 289/368/164 290/369/164
f 283/361/1 282/359/1 297/370/1 298/371/1
f 276/363/165 534/362/165 535/372/165 291/373/165
f 284/364/1 283/361/1 298/371/1 299/374/1
f 277/365/166 276/363/166 291/373/166 292/375/166
f 270/349/167 300/376/167 285/377/167
f 209/378/1 284/364/1 299/374/1
f 278/351/168 277/365/168 292/375/168 293/379/168
f 271/350/169 270/349/169 285/377/169 286/380/169
f 279/352/1 278/351/1 293/379/1 553/381/1 552/382/1
f 272/353/170 271/350/170 286/380/170 287/383/170
f 280/355/1 557/354/1 552/382/1 294/384/1 295/385/1
f 273/356/171 272/353/171 287/383/171 288/386/171
f 281/357/1 280/355/1 295/385/1 296/387/1
f 274/358/172 273/356/172 288/386/172 289/368/172
f 282/359/1 281/357/1 296/387/1 297/370/1
f 294/384/1 553/381/1 554/388/1 310/389/1
f 287/383/173 286/380/173 302/390/173 303/391/173
f 295/385/1 294/384/1 310/389/1 311/392/1
f 288/386/174 287/383/174 303/391/174 304/393/174
f 296/387/1 295/385/1 311/392/1 312/394/1
f 289/368/175 288/386/175 304/393/175 305/395/175
f 297/370/1 296/387/1 312/394/1 313/396/1
f 290/369/176 289/368/176 305/395/176 530/397/176 531/398/176
f 298/371/1 297/370/1 313/396/1 314/399/1
f 291/373/177 535/372/177 531/398/177 306/400/177 307/401/177
f 299/374/1 298/371/1 314/399/1 315/402/1
f 292/375/178 291/373/178 307/401/178 308/403/178
f 285/377/179 300/404/179 301/405/179
f 209/406/1 299/374/1 315/402/1
f 293/379/180 292/375/180 308/403/180 309/407/180
f 286/380/181 285/377/181 301/405/181 302/390/181
f 314/399/1 313/396/1 328/408/1 329/409/1
f 307/401/182 306/400/182 321/410/182 322/411/182
f 315/402/1 314/399/1 329/409/1 330/412/1
f 308/403/183 307/401/183 322/411/183 323/413/183
f 301/405/184 300/414/184 316/415/184
f 209/416/1 315/402/1 330/412/1
f 309/407/185 308/403/185 323/413/185 324/417/185
f 302/390/186 301/405/186 316/415/186 317/418/186
f 310/389/1 554/388/1 550/419/1 548/420/1 325/421/1
f 303/391/187 302/390/187 317/418/187 318/422/187
f 311/392/1 310/389/1 325/421/1 326/423/1
f 304/393/188 303/391/188 318/422/188 319/424/188
f 312/394/1 311/392/1 326/423/1 327/425/1
f 305/395/189 304/393/189 319/424/189 320/426/189
f 313/396/1 312/394/1 327/425/1 328/408/1
f 306/400/190 530/397/190 565/427/190 510/428/190 321/410/190
f 326/423/1 325/421/1 340/429/1 341/430/1
f 319/424/191 318/422/191 333/431/191 334/432/191
f 327/425/1 326/423/1 341/430/1 342/433/1
f 320/426/192 319/424/192 334/432/192 335/434/192
f 328/408/1 327/425/1 342/433/1 343/435/1
f 321/410/193 510/428/193 512/436/193 336/437/193
f 329/409/1 328/408/1 343/435/1 344/438/1
f 322/411/194 321/410/194 336/437/194 337/439/194
f 330/412/1 329/409/1 344/438/1 345/440/1
f 323/413/195 322/411/195 337/439/195 338/441/195
f 316/415/196 300/442/196 331/443/196
f 209/444/1 330/412/1 345/440/1
f 324/417/197 323/413/197 338/441/197 339/445/197
f 317/418/198 316/415/198 331/443/198 332/446/198
f 325/421/1 548/420/1 549/447/1 340/429/1
f 318/422/199 317/418/199 332/446/199 333/431/199
f 345/440/1 344/438/1 359/448/1 360/449/1
f 338/441/200 337/439/200 352/450/200 353/451/200
f 331/443/201 300/452/201 346/453/201
f 209/454/1 345/440/1 360/449/1
f 339/445/202 338/441/202 353/451/202 354/455/202
f 332/446/203 331/443/203 346/453/203 347/456/203
f 340/429/1 549/447/1 551/457/1 355/458/1
f 333/431/204 332/446/204 347/456/204 348/459/204
f 341/430/1 340/429/1 355/458/1 356/460/1
f 334/432/205 333/431/205 348/459/205 349/461/205
f 342/433/1 341/430/1 356/460/1 357/462/1
f 335/434/206 334/432/206 349/461/206 350/463/206
f 343/435/1 342/433/1 357/462/1 358/464/1
f 336/437/207 512/436/207 511/465/207 351/466/207
f 344/438/1 343/435/1 358/464/1 359/448/1
f 337/439/208 336/437/208 351/466/208 352/450/208
f 349/461/209 348/459/209 363/467/209 364/468/209
f 357/462/1 356/460/1 371/469/1 372/470/1
f 350/463/210 349/461/210 364/468/210 365/471/210
f 358/464/1 357/462/1 372/470/1 373/472/1
f 351/466/211 511/465/211 502/473/211 366/474/211
f 359/448/1 358/464/1 373/472/1 374/475/1
f 352/450/212 351/466/212 366/474/212 367/476/212
f 360/449/1 359/448/1 374/475/1 375/477/1
f 353/451/213 352/450/213 367/476/213 368/478/213
f 346/453/214 300/479/214 361/480/214
f 209/481/1 360/449/1 375/477/1
f 354/455/215 353/451/215 368/478/215 369/482/215
f 347/456/216 346/453/216 361/480/216 362/483/216
f 355/458/1 551/457/1 541/484/1 540/485/1 370/486/1
f 348/459/217 347/456/217 362/483/217 363/467/217
f 356/460/1 355/458/1 370/486/1 371/469/1
f 368/487/218 367/488/218 382/489/218 383/490/218
f 361/491/219 300/492/219 376/493/219
f 209/494/1 375/495/1 390/496/1
f 369/497/220 368/487/220 383/490/220 384/498/220
f 362/499/221 361/491/221 376/493/221 377/500/221
f 370/501/1 540/502/1 539/503/1 385/504/1
f 363/505/222 362/499/222 377/500/222 378/506/222
f 371/507/1 370/501/1 385/504/1 386/508/1
f 364/509/223 363/505/223 378/506/223 379/510/223
f 372/511/1 371/507/1 386/508/1 387/512/1
f 365/513/224 364/509/224 379/510/224 380/514/224
f 373/515/1 372/511/1 387/512/1 388/516/1
f 366/517/225 502/518/225 524/519/225 381/520/225
f 374/521/1 373/515/1 388/516/1 389/522/1
f 367/488/226 366/517/226 381/520/226 382/489/226
f 375/495/1 374/521/1 389/522/1 390/496/1
f 387/512/1 386/508/1 401/523/1 402/524/1
f 380/514/227 379/510/227 394/525/227 395/526/227
f 388/516/1 387/512/1 402/524/1 403/527/1
f 381/520/228 524/519/228 523/528/228 396/529/228
f 389/522/1 388/516/1 403/527/1 404/530/1
f 382/489/229 381/520/229 396/529/229 397/531/229
f 390/496/1 389/522/1 404/530/1 405/532/1
f 383/490/230 382/489/230 397/531/230 398/533/230
f 376/493/231 300/534/231 391/535/231
f 209/536/1 390/496/1 405/532/1
f 384/498/232 383/490/232 398/533/232 399/537/232
f 377/500/233 376/493/233 391/535/233 392/538/233
f 385/504/1 539/503/1 538/539/1 400/540/1
f 378/506/234 377/500/234 392/538/234 393/541/234
f 386/508/1 385/504/1 400/540/1 401/523/1
f 379/510/235 378/506/235 393/541/235 394/525/235
f 391/535/236 300/542/236 406/543/236
f 209/544/1 405/532/1 420/545/1
f 399/537/237 398/533/237 413/546/237 414/547/237
f 392/538/238 391/535/238 406/543/238 407/548/238
f 400/540/1 538/539/1 537/549/1 415/550/1
f 393/541/239 392/538/239 407/548/239 408/551/239
f 401/523/1 400/540/1 415/550/1 416/552/1
f 394/525/240 393/541/240 408/551/240 409/553/240
f 402/524/1 401/523/1 416/552/1 417/554/1
f 395/526/241 394/525/241 409/553/241 410/555/241
f 403/527/1 402/524/1 417/554/1 418/556/1
f 396/529/242 523/528/242 521/557/242 411/558/242
f 404/530/1 403/527/1 418/556/1 419/559/1
f 397/531/243 396/529/243 411/558/243 412/560/243
f 405/532/1 404/530/1 419/559/1 420/545/1
f 398/533/244 397/531/244 412/560/244 413/546/244
f 410/555/245 409/553/245 424/561/245 425/562/245
f 418/556/1 417/554/1 432/563/1 433/564/1
f 411/558/246 521/557/246 561/565/246 529/566/246 426/567/246
f 419/559/1 418/556/1 433/564/1 434/568/1
f 412/560/247 411/558/247 426/567/247 427/569/247
f 420/545/1 419/559/1 434/568/1 435/570/1
f 413/546/248 412/560/248 427/569/248 428/571/248
f 406/543/249 300/572/249 421/573/249
f 209/574/1 420/545/1 435/570/1
f 414/547/250 413/546/250 428/571/250 429/575/250
f 407/548/251 406/543/251 421/573/251 422/576/251
f 415/550/1 537/549/1 536/577/1 546/578/1 430/579/1
f 408/551/252 407/548/252 422/576/252 423/580/252
f 416/552/1 415/550/1 430/579/1 431/581/1
f 409/553/253 408/551/253 423/580/253 424/561/253
f 417/554/1 416/552/1 431/581/1 432/563/1
f 429/575/254 428/571/254 443/582/254 444/583/254
f 422/576/255 421/573/255 436/584/255 437/585/255
f 430/579/1 546/578/1 545/586/1 445/587/1
f 423/580/256 422/576/256 437/585/256 438/588/256
f 431/581/1 430/579/1 445/587/1 446/589/1
f 424/561/257 423/580/257 438/588/257 439/590/257
f 432/563/1 431/581/1 446/589/1 447/591/1
f 425/562/258 424/561/258 439/590/258 440/592/258
f 433/564/1 432/563/1 447/591/1 448/593/1
f 426/567/259 529/566/259 528/594/259 441/595/259
f 434/568/1 433/564/1 448/593/1 449/596/1
f 427/569/260 426/567/260 441/595/260 442/597/260
f 435/570/1 434/568/1 449/596/1 450/598/1
f 428/571/261 427/569/261 442/597/261 443/582/261
f 421/573/262 300/599/262 436/584/262
f 209/600/1 435/570/1 450/598/1
f 448/593/1 447/591/1 462/601/1 463/602/1
f 441/595/263 528/594/263 527/603/263 456/604/263
f 449/596/1 448/593/1 463/602/1 464/605/1
f 442/597/264 441/595/264 456/604/264 457/606/264
f 450/598/1 449/596/1 464/605/1 465/607/1
f 443/582/265 442/597/265 457/606/265 458/608/265
f 436/584/266 300/609/266 451/610/266
f 209/611/1 450/598/1 465/607/1
f 444/583/267 443/582/267 458/608/267 459/612/267
f 437/585/268 436/584/268 451/610/268 452/613/268
f 445/587/1 545/586/1 543/614/1 460/615/1
f 438/588/269 437/585/269 452/613/269 453/616/269
f 446/589/1 445/587/1 460/615/1 461/617/1
f 439/590/270 438/588/270 453/616/270 454/618/270
f 447/591/1 446/589/1 461/617/1 462/601/1
f 440/592/271 439/590/271 454/618/271 455/619/271
f 460/615/1 543/614/1 542/620/1 475/621/1
f 453/616/272 452/613/272 467/622/272 468/623/272
f 461/617/1 460/615/1 475/621/1 476/624/1
f 454/618/273 453/616/273 468/623/273 469/625/273
f 462/601/1 461/617/1 476/624/1 477/626/1
f 455/619/274 454/618/274 469/625/274 470/627/274
f 463/602/1 462/601/1 477/626/1 478/628/1
f 456/604/275 527/603/275 526/629/275 471/630/275
f 464/605/1 463/602/1 478/628/1 479/631/1
f 457/606/276 456/604/276 471/630/276 472/632/276
f 465/607/1 464/605/1 479/631/1 480/633/1
f 458/608/277 457/606/277 472/632/277 473/634/277
f 451/610/278 300/635/278 466/636/278
f 209/637/1 465/607/1 480/633/1
f 459/612/279 458/608/279 473/634/279 474/638/279
f 452/613/280 451/610/280 466/636/280 467/622/280
f 479/631/1 478/628/1 13/9/1 484/8/1
f 472/632/281 471/630/281 9/4/281 10/12/281
f 480/633/1 479/631/1 484/8/1 485/14/1
f 473/634/282 472/632/282 10/12/282 11/16/282
f 466/636/283 300/639/283 4/18/283
f 209/640/1 480/633/1 485/14/1
f 474/638/284 473/634/284 11/16/284 12/22/284
f 467/622/285 466/636/285 4/18/285 5/24/285
f 475/621/1 542/620/1 544/27/1 481/26/1
f 468/623/286 467/622/286 5/24/286 6/30/286
f 476/624/1 475/621/1 481/26/1 482/32/1
f 469/625/287 468/623/287 6/30/287 7/34/287
f 477/626/1 476/624/1 482/32/1 483/36/1
f 470/627/288 469/625/288 7/34/288 8/38/288
f 478/628/1 477/626/1 483/36/1 13/9/1
f 471/630/289 526/629/289 517/5/289 9/4/289
f 556/346/1 555/317/1 249/315/1 264/344/1
f 518/74/25 515/45/25 33/43/25 48/72/25
f 554/388/1 553/381/1 293/379/1 309/407/1
f 543/614/1 545/586/1 444/583/1 459/612/1
f 511/641/290 512/642/290 510/643/290 531/644/290 532/645/290 514/646/290 508/647/290 520/648/290 518/649/290 515/650/290 521/651/290 523/652/290 524/653/290 502/654/290
f 557/354/1 556/346/1 264/344/1 279/352/1
f 525/145/59 522/117/59 93/135/59 108/143/59
f 511/465/207 512/436/207 335/434/207 350/463/207
f 512/436/193 510/428/193 320/426/193 335/434/193
f 552/382/1 557/354/1 279/352/1
f 501/166/1 500/136/1 112/154/1 127/164/1
f 539/503/1 540/502/1 369/497/1 384/498/1
f 540/485/1 541/484/1 551/457/1 354/455/1 369/482/1
f 507/250/108 506/221/108 168/219/108 183/248/108
f 551/457/1 549/447/1 339/445/1 354/455/1
f 544/27/1 542/620/1 474/638/1 12/22/1
f 505/212/91 504/182/91 138/180/91 153/210/91
f 549/447/1 548/420/1 324/417/1 339/445/1
f 503/173/73 525/145/73 108/143/73 123/172/73
f 497/92/1 494/66/1 52/63/1 67/90/1
f 502/473/211 511/465/211 350/463/211 365/471/211
f 488/213/1 487/204/1 157/202/1 172/230/1 173/241/1
f 517/5/291 567/655/291 526/629/291 470/627/291 8/38/291
f 531/398/176 530/397/176 306/400/176
f 558/309/1 493/308/1 492/280/1 219/278/1 234/306/1
f 516/6/2 517/5/2 8/38/2 18/39/2
f 490/244/1 489/214/1 173/241/1 188/242/1
f 504/182/77 503/173/77 123/172/77 138/180/77
f 513/259/292 508/257/292 199/286/292
f 500/136/1 499/129/1 97/127/1 112/154/1
f 533/335/147 532/325/147 245/323/147 260/333/147
f 534/362/160 533/335/160 260/333/160 275/360/160
f 519/108/42 520/81/42 63/97/42 78/106/42
f 535/372/165 534/362/165 275/360/165 290/369/165
f 528/594/259 529/566/259 425/562/259 440/592/259
f 529/566/246 521/557/246 410/555/246 425/562/246
f 548/420/1 550/419/1 554/388/1 309/407/1 324/417/1
f 499/129/1 498/100/1 82/116/1 97/127/1
f 515/45/12 516/6/12 18/39/12 33/43/12
f 545/586/1 546/578/1 429/575/1 444/583/1
f 506/221/94 505/212/94 153/210/94 168/219/94
f 487/204/1 486/193/1 142/191/1 157/202/1
f 537/549/1 538/539/1 399/537/1 414/547/1
f 547/28/1 566/656/1 544/27/1 12/22/1 22/23/1
f 527/603/263 528/594/263 440/592/263 455/619/263
f 492/280/1 491/270/1 203/268/1 219/278/1
f 523/528/228 524/519/228 380/514/228 395/526/228
f 494/66/1 495/57/1 37/54/1 52/63/1
f 508/257/111 507/250/111 183/248/111 198/255/111 199/286/111
f 509/289/126 513/259/126 199/286/126 215/287/126
f 491/270/1 490/244/1 188/242/1 203/268/1
f 552/382/1 553/381/1 294/384/1
f 521/557/242 523/528/242 395/526/242 410/555/242
f 546/578/1 536/577/1 537/549/1 414/547/1 429/575/1
f 531/398/177 535/372/177 290/369/177
f 526/629/275 527/603/275 455/619/275 470/627/275
f 542/620/1 543/614/1 459/612/1 474/638/1
f 498/100/1 497/92/1 67/90/1 82/116/1
f 495/57/1 496/56/1 547/28/1 22/23/1 37/54/1
f 514/297/130 509/289/130 215/287/130 230/295/130
f 522/117/47 519/108/47 78/106/47 93/135/47
f 538/539/1 539/503/1 384/498/1 399/537/1
f 524/519/225 502/518/225 365/513/225 380/514/225
f 510/428/293 565/427/293 530/397/293 305/395/293 320/426/293
f 489/214/1 488/213/1 173/241/1
f 555/317/1 564/657/1 558/309/1 234/306/1 249/315/1
f 532/325/294 514/297/294 560/658/294
f 520/81/29 518/74/29 48/72/29 63/97/29
f 517/5/295 526/629/295 567/655/295
f 521/651/296 561/659/296 529/660/296 528/661/296 527/662/296 526/663/296 517/664/296 516/665/296 515/650/296
f 514/646/290 509/666/290 513/667/290 508/647/290
f 3/668/1 501/669/1 559/670/1
f 3/668/1 559/670/1 486/671/1
f 3/668/1 486/671/1 487/672/1 488/673/1 489/674/1 490/675/1 491/676/1 492/677/1
f 548/678/1 1/1/1 550/679/1
f 495/680/297 3/668/297 501/669/297 500/681/297 499/682/297 498/683/297 497/684/297 494/685/297
f 501/669/297 3/668/297 486/671/297 559/670/297
f 492/677/1 493/686/1 3/668/1
f 529/566/298 521/557/298 561/565/298
f 546/687/1 545/688/1 543/689/1 542/690/1 544/691/1 562/692/1 3/668/1 1/1/1
f 544/691/1 566/693/1 547/694/1 3/668/1 562/692/1
f 559/192/1 501/166/1 127/164/1 142/191/1 486/193/1
f 510/643/299 565/695/299 530/696/299 531/644/299
f 514/646/290 509/666/290 513/667/290 508/647/290
f 504/697/290 503/698/290 525/699/290 508/647/290
f 515/650/296 521/651/296 529/660/296 528/661/296 527/662/296 526/663/296 567/700/296 517/664/296 516/665/296
f 560/658/143 514/297/143 230/295/143 245/323/143 532/325/143
f 548/678/1 549/701/1 551/2/1 1/1/1
f 541/702/1 540/703/1 1/1/1
f 1/1/1 537/704/1 536/705/1
f 555/317/297 558/309/297 564/657/297
f 536/705/1 546/687/1 1/1/1
f 3/668/297 547/694/297 544/691/297 562/706/297
f 563/707/1 3/668/1 558/708/1 564/709/1 555/710/1
f 558/708/1 3/668/1 493/686/1
f 554/711/1 550/679/1 1/1/1
f 547/28/297 544/27/297 566/656/297
f 627/1/1 1177/2/1 1167/3/1
f 635/4/2 1143/5/2 1142/6/2 645/7/2
f 1110/8/1 639/9/1 652/10/1 653/11/1
f 636/12/3 635/4/3 645/7/3 646/13/3
f 1111/14/1 1110/8/1 653/11/1 654/15/1
f 637/16/4 636/12/4 646/13/4 647/17/4
f 630/18/5 926/19/5 640/20/5
f 835/21/1 1111/14/1 654/15/1
f 638/22/336 637/16/336 647/17/336 648/23/336
f 631/24/7 630/18/7 640/20/7 641/25/7
f 1107/26/1 1170/27/1 1173/28/1 649/29/1
f 632/30/8 631/24/8 641/25/8 642/31/8
f 1108/32/1 1107/26/1 649/29/1 650/33/1
f 633/34/9 632/30/9 642/31/9 643/35/9
f 1109/36/1 1108/32/1 650/33/1 651/37/1
f 634/38/10 633/34/10 643/35/10 644/39/10
f 639/9/1 1109/36/1 651/37/1 652/10/1
f 651/37/1 650/33/1 665/40/1 666/41/1
f 644/39/11 643/35/11 658/42/11 659/43/11
f 652/10/1 651/37/1 666/41/1 667/44/1
f 645/7/12 1142/6/12 1141/45/12 660/46/12
f 653/11/1 652/10/1 667/44/1 668/47/1
f 646/13/13 645/7/13 660/46/13 661/48/13
f 654/15/1 653/11/1 668/47/1 669/49/1
f 647/17/14 646/13/14 661/48/14 662/50/14
f 640/20/15 926/51/15 655/52/15
f 835/53/1 654/15/1 669/49/1
f 648/23/337 647/17/337 662/50/337 663/54/337
f 641/25/17 640/20/17 655/52/17 656/55/17
f 649/29/1 1173/28/1 1122/56/1 1121/57/1 664/58/1
f 642/31/18 641/25/18 656/55/18 657/59/18
f 650/33/1 649/29/1 664/58/1 665/40/1
f 643/35/19 642/31/19 657/59/19 658/42/19
f 835/60/1 669/49/1 684/61/1
f 663/54/338 662/50/338 677/62/338 678/63/338
f 656/55/21 655/52/21 670/64/21 671/65/21
f 664/58/1 1121/57/1 1120/66/1 679/67/1
f 657/59/22 656/55/22 671/65/22 672/68/22
f 665/40/1 664/58/1 679/67/1 680/69/1
f 658/42/23 657/59/23 672/68/23 673/70/23
f 666/41/1 665/40/1 680/69/1 681/71/1
f 659/43/24 658/42/24 673/70/24 674/72/24
f 667/44/1 666/41/1 681/71/1 682/73/1
f 660/46/25 1141/45/25 1144/74/25 675/75/25
f 668/47/1 667/44/1 682/73/1 683/76/1
f 661/48/26 660/46/26 675/75/26 676/77/26
f 669/49/1 668/47/1 683/76/1 684/61/1
f 662/50/27 661/48/27 676/77/27 677/62/27
f 655/52/28 926/78/28 670/64/28
f 682/73/1 681/71/1 696/79/1 697/80/1
f 675/75/29 1144/74/29 1146/81/29 690/82/29
f 683/76/1 682/73/1 697/80/1 698/83/1
f 676/77/30 675/75/30 690/82/30 691/84/30
f 684/61/1 683/76/1 698/83/1 699/85/1
f 677/62/31 676/77/31 691/84/31 692/86/31
f 670/64/32 926/87/32 685/88/32
f 835/89/1 684/61/1 699/85/1
f 678/63/339 677/62/339 692/86/339 693/90/339
f 671/65/34 670/64/34 685/88/34 686/91/34
f 679/67/1 1120/66/1 1123/92/1 694/93/1
f 672/68/35 671/65/35 686/91/35 687/94/35
f 680/69/1 679/67/1 694/93/1 695/95/1
f 673/70/36 672/68/36 687/94/36 688/96/36
f 681/71/1 680/69/1 695/95/1 696/79/1
f 674/72/37 673/70/37 688/96/37 689/97/37
f 686/91/38 685/88/38 700/98/38 701/99/38
f 694/93/1 1123/92/1 1124/100/1 709/101/1
f 687/94/39 686/91/39 701/99/39 702/102/39
f 695/95/1 694/93/1 709/101/1 710/103/1
f 688/96/40 687/94/40 702/102/40 703/104/40
f 696/79/1 695/95/1 710/103/1 711/105/1
f 689/97/41 688/96/41 703/104/41 704/106/41
f 697/80/1 696/79/1 711/105/1 712/107/1
f 690/82/42 1146/81/42 1145/108/42 705/109/42
f 698/83/1 697/80/1 712/107/1 713/110/1
f 691/84/43 690/82/43 705/109/43 706/111/43
f 699/85/1 698/83/1 713/110/1 714/112/1
f 692/86/44 691/84/44 706/111/44 707/113/44
f 685/88/45 926/114/45 700/98/45
f 835/115/1 699/85/1 714/112/1
f 693/90/340 692/86/340 707/113/340 708/116/340
f 705/109/47 1145/108/47 1148/117/47 720/118/47
f 713/110/1 712/107/1 727/119/1 728/120/1
f 706/111/48 705/109/48 720/118/48 721/121/48
f 714/112/1 713/110/1 728/120/1 729/122/1
f 707/113/49 706/111/49 721/121/49 722/123/49
f 700/98/50 926/124/50 715/125/50
f 835/126/1 714/112/1 729/122/1
f 708/116/341 707/113/341 722/123/341 723/127/341
f 701/99/52 700/98/52 715/125/52 716/128/52
f 709/101/1 1124/100/1 1125/129/1 724/130/1
f 702/102/53 701/99/53 716/128/53 717/131/53
f 710/103/1 709/101/1 724/130/1 725/132/1
f 703/104/54 702/102/54 717/131/54 718/133/54
f 711/105/1 710/103/1 725/132/1 726/134/1
f 704/106/55 703/104/55 718/133/55 719/135/55
f 712/107/1 711/105/1 726/134/1 727/119/1
f 724/130/1 1125/129/1 1126/136/1 739/137/1
f 717/131/56 716/128/56 731/138/56 732/139/56
f 725/132/1 724/130/1 739/137/1 740/140/1
f 718/133/57 717/131/57 732/139/57 733/141/57
f 726/134/1 725/132/1 740/140/1 741/142/1
f 719/135/58 718/133/58 733/141/58 734/143/58
f 727/119/1 726/134/1 741/142/1 742/144/1
f 720/118/59 1148/117/59 1151/145/59 735/146/59
f 728/120/1 727/119/1 742/144/1 743/147/1
f 721/121/60 720/118/60 735/146/60 736/148/60
f 729/122/1 728/120/1 743/147/1 744/149/1
f 722/123/61 721/121/61 736/148/61 737/150/61
f 715/125/62 926/151/62 730/152/62
f 835/153/1 729/122/1 744/149/1
f 723/127/342 722/123/342 737/150/342 738/154/342
f 716/128/64 715/125/64 730/152/64 731/138/64
f 743/147/1 742/144/1 757/155/1 758/156/1
f 736/148/65 735/146/65 750/157/65 751/158/65
f 744/149/1 743/147/1 758/156/1 759/159/1
f 737/150/66 736/148/66 751/158/66 752/160/66
f 730/152/67 926/161/67 745/162/67
f 835/163/1 744/149/1 759/159/1
f 738/154/343 737/150/343 752/160/343 753/164/343
f 731/138/69 730/152/69 745/162/69 746/165/69
f 739/137/1 1126/136/1 1127/166/1 754/167/1
f 732/139/344 731/138/344 746/165/344 747/168/344
f 740/140/1 739/137/1 754/167/1 755/169/1
f 733/141/71 732/139/71 747/168/71 748/170/71
f 741/142/1 740/140/1 755/169/1 756/171/1
f 734/143/72 733/141/72 748/170/72 749/172/72
f 742/144/1 741/142/1 756/171/1 757/155/1
f 735/146/73 1151/145/73 1129/173/73 750/157/73
f 747/168/345 746/165/345 761/174/345 762/175/345
f 755/169/1 754/167/1 769/176/1 770/177/1
f 748/170/75 747/168/75 762/175/75 763/178/75
f 756/171/1 755/169/1 770/177/1 771/179/1
f 749/172/76 748/170/76 763/178/76 764/180/76
f 757/155/1 756/171/1 771/179/1 772/181/1
f 750/157/77 1129/173/77 1130/182/77 765/183/77
f 758/156/1 757/155/1 772/181/1 773/184/1
f 751/158/78 750/157/78 765/183/78 766/185/78
f 759/159/1 758/156/1 773/184/1 774/186/1
f 752/160/79 751/158/79 766/185/79 767/187/79
f 745/162/80 926/188/80 760/189/80
f 835/190/1 759/159/1 774/186/1
f 753/164/346 752/160/346 767/187/346 768/191/346
f 746/165/82 745/162/82 760/189/82 761/174/82
f 754/167/1 1127/166/1 1191/192/1 1112/193/1 769/176/1
f 766/185/83 765/183/83 780/194/83 781/195/83
f 774/186/1 773/184/1 788/196/1 789/197/1
f 767/187/84 766/185/84 781/195/84 782/198/84
f 760/189/85 926/199/85 775/200/85
f 835/201/1 774/186/1 789/197/1
f 768/191/347 767/187/347 782/198/347 783/202/347
f 761/174/87 760/189/87 775/200/87 776/203/87
f 769/176/1 1112/193/1 1113/204/1 784/205/1
f 762/175/88 761/174/88 776/203/88 777/206/88
f 770/177/1 769/176/1 784/205/1 785/207/1
f 763/178/89 762/175/89 777/206/89 778/208/89
f 771/179/1 770/177/1 785/207/1 786/209/1
f 764/180/90 763/178/90 778/208/90 779/210/90
f 772/181/1 771/179/1 786/209/1 787/211/1
f 765/183/91 1130/182/91 1131/212/91 780/194/91
f 773/184/1 772/181/1 787/211/1 788/196/1
f 785/207/1 784/205/1 1114/213/1 1115/214/1 800/215/1
f 778/208/92 777/206/92 792/216/92 793/217/92
f 786/209/1 785/207/1 800/215/1 801/218/1
f 779/210/93 778/208/93 793/217/93 794/219/93
f 787/211/1 786/209/1 801/218/1 802/220/1
f 780/194/94 1131/212/94 1132/221/94 795/222/94
f 788/196/1 787/211/1 802/220/1 803/223/1
f 781/195/95 780/194/95 795/222/95 796/224/95
f 789/197/1 788/196/1 803/223/1 804/225/1
f 782/198/96 781/195/96 796/224/96 797/226/96
f 775/200/97 926/227/97 790/228/97
f 835/229/1 789/197/1 804/225/1
f 783/202/348 782/198/348 797/226/348 798/230/348
f 776/203/99 775/200/99 790/228/99 791/231/99
f 784/205/1 1113/204/1 1114/213/1
f 777/206/100 776/203/100 791/231/100 792/216/100
f 804/225/1 803/223/1 818/232/1 819/233/1
f 797/226/101 796/224/101 811/234/101 812/235/101
f 790/228/102 926/236/102 805/237/102
f 835/238/1 804/225/1 819/233/1
f 798/230/349 797/226/349 812/235/349 813/239/349
f 791/231/104 790/228/104 805/237/104 806/240/104
f 799/241/1 798/230/1 813/239/1 814/242/1
f 792/216/105 791/231/105 806/240/105 807/243/105
f 800/215/1 1115/214/1 1116/244/1 815/245/1
f 793/217/106 792/216/106 807/243/106 808/246/106
f 801/218/1 800/215/1 815/245/1 816/247/1
f 794/219/107 793/217/107 808/246/107 809/248/107
f 802/220/1 801/218/1 816/247/1 817/249/1
f 795/222/108 1132/221/108 1133/250/108 810/251/108
f 803/223/1 802/220/1 817/249/1 818/232/1
f 796/224/109 795/222/109 810/251/109 811/234/109
f 816/247/1 815/245/1 830/252/1 831/253/1
f 809/248/110 808/246/110 823/254/110 824/255/110
f 817/249/1 816/247/1 831/253/1 832/256/1
f 810/251/111 1133/250/111 1134/257/111
f 818/232/1 817/249/1 832/256/1 833/258/1
f 811/234/112 810/251/112 1134/257/112 1139/259/112 826/260/112
f 819/233/1 818/232/1 833/258/1 834/261/1
f 812/235/113 811/234/113 826/260/113 827/262/113
f 805/237/350 926/263/350 820/264/350
f 835/265/1 819/233/1 834/261/1
f 813/239/351 812/235/351 827/262/351 828/266/351
f 806/240/116 805/237/116 820/264/116 821/267/116
f 814/242/1 813/239/1 828/266/1 829/268/1
f 807/243/117 806/240/117 821/267/117 822/269/117
f 815/245/1 1116/244/1 1117/270/1 830/252/1
f 808/246/118 807/243/118 822/269/118 823/254/118
f 820/264/119 926/271/119 836/272/119
f 835/273/1 834/261/1 850/274/1
f 828/266/352 827/262/352 843/275/352 844/276/352
f 821/267/121 820/264/121 836/272/121 837/277/121
f 829/268/1 828/266/1 844/276/1 845/278/1
f 822/269/122 821/267/122 837/277/122 838/279/122
f 830/252/1 1117/270/1 1118/280/1 846/281/1
f 823/254/123 822/269/123 838/279/123 839/282/123
f 831/253/1 830/252/1 846/281/1 847/283/1
f 824/255/124 823/254/124 839/282/124 840/284/124
f 832/256/1 831/253/1 847/283/1 848/285/1
f 825/286/125 824/255/125 840/284/125 841/287/125
f 833/258/1 832/256/1 848/285/1 849/288/1
f 826/260/126 1139/259/126 1135/289/126 842/290/126
f 834/261/1 833/258/1 849/288/1 850/274/1
f 827/262/127 826/260/127 842/290/127 843/275/127
f 840/284/128 839/282/128 854/291/128 855/292/128
f 848/285/1 847/283/1 862/293/1 863/294/1
f 841/287/129 840/284/129 855/292/129 856/295/129
f 849/288/1 848/285/1 863/294/1 864/296/1
f 842/290/130 1135/289/130 1140/297/130 857/298/130
f 850/274/1 849/288/1 864/296/1 865/299/1
f 843/275/131 842/290/131 857/298/131 858/300/131
f 836/272/132 926/301/132 851/302/132
f 835/303/1 850/274/1 865/299/1
f 844/276/353 843/275/353 858/300/353 859/304/353
f 837/277/134 836/272/134 851/302/134 852/305/134
f 845/278/1 844/276/1 859/304/1 860/306/1
f 838/279/135 837/277/135 852/305/135 853/307/135
f 846/281/1 1118/280/1 1119/308/1 1184/309/1 861/310/1
f 839/282/136 838/279/136 853/307/136 854/291/136
f 847/283/1 846/281/1 861/310/1 862/293/1
f 859/304/354 858/300/354 873/311/354 874/312/354
f 852/305/138 851/302/138 866/313/138 867/314/138
f 860/306/1 859/304/1 874/312/1 875/315/1
f 853/307/139 852/305/139 867/314/139 868/316/139
f 861/310/1 1184/309/1 1181/317/1 876/318/1
f 854/291/140 853/307/140 868/316/140 869/319/140
f 862/293/1 861/310/1 876/318/1 877/320/1
f 855/292/141 854/291/141 869/319/141 870/321/141
f 863/294/1 862/293/1 877/320/1 878/322/1
f 856/295/355 855/292/355 870/321/355 871/323/355
f 864/296/1 863/294/1 878/322/1 879/324/1
f 857/298/143 1140/297/143 1158/325/143 872/326/143
f 865/299/1 864/296/1 879/324/1 880/327/1
f 858/300/144 857/298/144 872/326/144 873/311/144
f 851/302/145 926/328/145 866/313/145
f 835/329/1 865/299/1 880/327/1
f 878/322/1 877/320/1 892/330/1 893/331/1
f 871/323/146 870/321/146 885/332/146 886/333/146
f 879/324/1 878/322/1 893/331/1 894/334/1
f 872/326/147 1158/325/147 1159/335/147 887/336/147
f 880/327/1 879/324/1 894/334/1 895/337/1
f 873/311/148 872/326/148 887/336/148 888/338/148
f 866/313/149 926/339/149 881/340/149
f 835/341/1 880/327/1 895/337/1
f 874/312/356 873/311/356 888/338/356 889/342/356
f 867/314/151 866/313/151 881/340/151 882/343/151
f 875/315/1 874/312/1 889/342/1 890/344/1
f 868/316/152 867/314/152 882/343/152 883/345/152
f 876/318/1 1181/317/1 1182/346/1 891/347/1
f 869/319/153 868/316/153 883/345/153 884/348/153
f 877/320/1 876/318/1 891/347/1 892/330/1
f 870/321/154 869/319/154 884/348/154 885/332/154
f 882/343/155 881/340/155 896/349/155 897/350/155
f 890/344/1 889/342/1 904/351/1 905/352/1
f 883/345/156 882/343/156 897/350/156 898/353/156
f 891/347/1 1182/346/1 1183/354/1 906/355/1
f 884/348/157 883/345/157 898/353/157 899/356/157
f 892/330/1 891/347/1 906/355/1 907/357/1
f 885/332/158 884/348/158 899/356/158 900/358/158
f 893/331/1 892/330/1 907/357/1 908/359/1
f 886/333/159 885/332/159 900/358/159 901/360/159
f 894/334/1 893/331/1 908/359/1 909/361/1
f 887/336/160 1159/335/160 1160/362/160 902/363/160
f 895/337/1 894/334/1 909/361/1 910/364/1
f 888/338/161 887/336/161 902/363/161 903/365/161
f 881/340/162 926/366/162 896/349/162
f 835/367/1 895/337/1 910/364/1
f 889/342/357 888/338/357 903/365/357 904/351/357
f 901/360/164 900/358/164 915/368/164 916/369/164
f 909/361/1 908/359/1 923/370/1 924/371/1
f 902/363/165 1160/362/165 1161/372/165 917/373/165
f 910/364/1 909/361/1 924/371/1 925/374/1
f 903/365/166 902/363/166 917/373/166 918/375/166
f 896/349/167 926/376/167 911/377/167
f 835/378/1 910/364/1 925/374/1
f 904/351/358 903/365/358 918/375/358 919/379/358
f 897/350/169 896/349/169 911/377/169 912/380/169
f 905/352/1 904/351/1 919/379/1 1179/381/1 1178/382/1
f 898/353/170 897/350/170 912/380/170 913/383/170
f 906/355/1 1183/354/1 1178/382/1 920/384/1 921/385/1
f 899/356/171 898/353/171 913/383/171 914/386/171
f 907/357/1 906/355/1 921/385/1 922/387/1
f 900/358/172 899/356/172 914/386/172 915/368/172
f 908/359/1 907/357/1 922/387/1 923/370/1
f 920/384/1 1179/381/1 1180/388/1 936/389/1
f 913/383/173 912/380/173 928/390/173 929/391/173
f 921/385/1 920/384/1 936/389/1 937/392/1
f 914/386/174 913/383/174 929/391/174 930/393/174
f 922/387/1 921/385/1 937/392/1 938/394/1
f 915/368/175 914/386/175 930/393/175 931/395/175
f 923/370/1 922/387/1 938/394/1 939/396/1
f 916/369/176 915/368/176 931/395/176 1156/397/176 1157/398/176
f 924/371/1 923/370/1 939/396/1 940/399/1
f 917/373/177 1161/372/177 1157/398/177 932/400/177 933/401/177
f 925/374/1 924/371/1 940/399/1 941/402/1
f 918/375/178 917/373/178 933/401/178 934/403/178
f 911/377/179 926/404/179 927/405/179
f 835/406/1 925/374/1 941/402/1
f 919/379/359 918/375/359 934/403/359 935/407/359
f 912/380/181 911/377/181 927/405/181 928/390/181
f 940/399/1 939/396/1 954/408/1 955/409/1
f 933/401/182 932/400/182 947/410/182 948/411/182
f 941/402/1 940/399/1 955/409/1 956/412/1
f 934/403/183 933/401/183 948/411/183 949/413/183
f 927/405/184 926/414/184 942/415/184
f 835/416/1 941/402/1 956/412/1
f 935/407/360 934/403/360 949/413/360 950/417/360
f 928/390/186 927/405/186 942/415/186 943/418/186
f 936/389/1 1180/388/1 1176/419/1 1174/420/1 951/421/1
f 929/391/187 928/390/187 943/418/187 944/422/187
f 937/392/1 936/389/1 951/421/1 952/423/1
f 930/393/188 929/391/188 944/422/188 945/424/188
f 938/394/1 937/392/1 952/423/1 953/425/1
f 931/395/189 930/393/189 945/424/189 946/426/189
f 939/396/1 938/394/1 953/425/1 954/408/1
f 932/400/190 1156/397/190 1192/427/190 1136/428/190 947/410/190
f 952/423/1 951/421/1 966/429/1 967/430/1
f 945/424/191 944/422/191 959/431/191 960/432/191
f 953/425/1 952/423/1 967/430/1 968/433/1
f 946/426/192 945/424/192 960/432/192 961/434/192
f 954/408/1 953/425/1 968/433/1 969/435/1
f 947/410/193 1136/428/193 1138/436/193 962/437/193
f 955/409/1 954/408/1 969/435/1 970/438/1
f 948/411/194 947/410/194 962/437/194 963/439/194
f 956/412/1 955/409/1 970/438/1 971/440/1
f 949/413/195 948/411/195 963/439/195 964/441/195
f 942/415/196 926/442/196 957/443/196
f 835/444/1 956/412/1 971/440/1
f 950/417/361 949/413/361 964/441/361 965/445/361
f 943/418/362 942/415/362 957/443/362 958/446/362
f 951/421/1 1174/420/1 1175/447/1 966/429/1
f 944/422/199 943/418/199 958/446/199 959/431/199
f 971/440/1 970/438/1 985/448/1 986/449/1
f 964/441/200 963/439/200 978/450/200 979/451/200
f 957/443/201 926/452/201 972/453/201
f 835/454/1 971/440/1 986/449/1
f 965/445/363 964/441/363 979/451/363 980/455/363
f 958/446/203 957/443/203 972/453/203 973/456/203
f 966/429/1 1175/447/1 1177/457/1 981/458/1
f 959/431/204 958/446/204 973/456/204 974/459/204
f 967/430/1 966/429/1 981/458/1 982/460/1
f 960/432/205 959/431/205 974/459/205 975/461/205
f 968/433/1 967/430/1 982/460/1 983/462/1
f 961/434/206 960/432/206 975/461/206 976/463/206
f 969/435/1 968/433/1 983/462/1 984/464/1
f 962/437/207 1138/436/207 1137/465/207 977/466/207
f 970/438/1 969/435/1 984/464/1 985/448/1
f 963/439/208 962/437/208 977/466/208 978/450/208
f 975/461/209 974/459/209 989/467/209 990/468/209
f 983/462/1 982/460/1 997/469/1 998/470/1
f 976/463/210 975/461/210 990/468/210 991/471/210
f 984/464/1 983/462/1 998/470/1 999/472/1
f 977/466/211 1137/465/211 1128/473/211 992/474/211
f 985/448/1 984/464/1 999/472/1 1000/475/1
f 978/450/212 977/466/212 992/474/212 993/476/212
f 986/449/1 985/448/1 1000/475/1 1001/477/1
f 979/451/213 978/450/213 993/476/213 994/478/213
f 972/453/214 926/479/214 987/480/214
f 835/481/1 986/449/1 1001/477/1
f 980/455/364 979/451/364 994/478/364 995/482/364
f 973/456/216 972/453/216 987/480/216 988/483/216
f 981/458/1 1177/457/1 1167/484/1 1166/485/1 996/486/1
f 974/459/365 973/456/365 988/483/365 989/467/365
f 982/460/1 981/458/1 996/486/1 997/469/1
f 994/487/218 993/488/218 1008/489/218 1009/490/218
f 987/491/219 926/492/219 1002/493/219
f 835/494/1 1001/495/1 1016/496/1
f 995/497/366 994/487/366 1009/490/366 1010/498/366
f 988/499/221 987/491/221 1002/493/221 1003/500/221
f 996/501/1 1166/502/1 1165/503/1 1011/504/1
f 989/505/367 988/499/367 1003/500/367 1004/506/367
f 997/507/1 996/501/1 1011/504/1 1012/508/1
f 990/509/223 989/505/223 1004/506/223 1005/510/223
f 998/511/1 997/507/1 1012/508/1 1013/512/1
f 991/513/224 990/509/224 1005/510/224 1006/514/224
f 999/515/1 998/511/1 1013/512/1 1014/516/1
f 992/517/225 1128/518/225 1150/519/225 1007/520/225
f 1000/521/1 999/515/1 1014/516/1 1015/522/1
f 993/488/226 992/517/226 1007/520/226 1008/489/226
f 1001/495/1 1000/521/1 1015/522/1 1016/496/1
f 1013/512/1 1012/508/1 1027/523/1 1028/524/1
f 1006/514/227 1005/510/227 1020/525/227 1021/526/227
f 1014/516/1 1013/512/1 1028/524/1 1029/527/1
f 1007/520/228 1150/519/228 1149/528/228 1022/529/228
f 1015/522/1 1014/516/1 1029/527/1 1030/530/1
f 1008/489/229 1007/520/229 1022/529/229 1023/531/229
f 1016/496/1 1015/522/1 1030/530/1 1031/532/1
f 1009/490/230 1008/489/230 1023/531/230 1024/533/230
f 1002/493/231 926/534/231 1017/535/231
f 835/536/1 1016/496/1 1031/532/1
f 1010/498/368 1009/490/368 1024/533/368 1025/537/368
f 1003/500/233 1002/493/233 1017/535/233 1018/538/233
f 1011/504/1 1165/503/1 1164/539/1 1026/540/1
f 1004/506/234 1003/500/234 1018/538/234 1019/541/234
f 1012/508/1 1011/504/1 1026/540/1 1027/523/1
f 1005/510/235 1004/506/235 1019/541/235 1020/525/235
f 1017/535/236 926/542/236 1032/543/236
f 835/544/1 1031/532/1 1046/545/1
f 1025/537/369 1024/533/369 1039/546/369 1040/547/369
f 1018/538/238 1017/535/238 1032/543/238 1033/548/238
f 1026/540/1 1164/539/1 1163/549/1 1041/550/1
f 1019/541/239 1018/538/239 1033/548/239 1034/551/239
f 1027/523/1 1026/540/1 1041/550/1 1042/552/1
f 1020/525/240 1019/541/240 1034/551/240 1035/553/240
f 1028/524/1 1027/523/1 1042/552/1 1043/554/1
f 1021/526/241 1020/525/241 1035/553/241 1036/555/241
f 1029/527/1 1028/524/1 1043/554/1 1044/556/1
f 1022/529/242 1149/528/242 1147/557/242 1037/558/242
f 1030/530/1 1029/527/1 1044/556/1 1045/559/1
f 1023/531/243 1022/529/243 1037/558/243 1038/560/243
f 1031/532/1 1030/530/1 1045/559/1 1046/545/1
f 1024/533/244 1023/531/244 1038/560/244 1039/546/244
f 1036/555/245 1035/553/245 1050/561/245 1051/562/245
f 1044/556/1 1043/554/1 1058/563/1 1059/564/1
f 1037/558/246 1147/557/246 1187/565/246 1155/566/246 1052/567/246
f 1045/559/1 1044/556/1 1059/564/1 1060/568/1
f 1038/560/247 1037/558/247 1052/567/247 1053/569/247
f 1046/545/1 1045/559/1 1060/568/1 1061/570/1
f 1039/546/248 1038/560/248 1053/569/248 1054/571/248
f 1032/543/249 926/572/249 1047/573/249
f 835/574/1 1046/545/1 1061/570/1
f 1040/547/370 1039/546/370 1054/571/370 1055/575/370
f 1033/548/251 1032/543/251 1047/573/251 1048/576/251
f 1041/550/1 1163/549/1 1162/577/1 1172/578/1 1056/579/1
f 1034/551/252 1033/548/252 1048/576/252 1049/580/252
f 1042/552/1 1041/550/1 1056/579/1 1057/581/1
f 1035/553/253 1034/551/253 1049/580/253 1050/561/253
f 1043/554/1 1042/552/1 1057/581/1 1058/563/1
f 1055/575/371 1054/571/371 1069/582/371 1070/583/371
f 1048/576/255 1047/573/255 1062/584/255 1063/585/255
f 1056/579/1 1172/578/1 1171/586/1 1071/587/1
f 1049/580/256 1048/576/256 1063/585/256 1064/588/256
f 1057/581/1 1056/579/1 1071/587/1 1072/589/1
f 1050/561/257 1049/580/257 1064/588/257 1065/590/257
f 1058/563/1 1057/581/1 1072/589/1 1073/591/1
f 1051/562/258 1050/561/258 1065/590/258 1066/592/258
f 1059/564/1 1058/563/1 1073/591/1 1074/593/1
f 1052/567/259 1155/566/259 1154/594/259 1067/595/259
f 1060/568/1 1059/564/1 1074/593/1 1075/596/1
f 1053/569/260 1052/567/260 1067/595/260 1068/597/260
f 1061/570/1 1060/568/1 1075/596/1 1076/598/1
f 1054/571/261 1053/569/261 1068/597/261 1069/582/261
f 1047/573/262 926/599/262 1062/584/262
f 835/600/1 1061/570/1 1076/598/1
f 1074/593/1 1073/591/1 1088/601/1 1089/602/1
f 1067/595/263 1154/594/263 1153/603/263 1082/604/263
f 1075/596/1 1074/593/1 1089/602/1 1090/605/1
f 1068/597/264 1067/595/264 1082/604/264 1083/606/264
f 1076/598/1 1075/596/1 1090/605/1 1091/607/1
f 1069/582/265 1068/597/265 1083/606/265 1084/608/265
f 1062/584/266 926/609/266 1077/610/266
f 835/611/1 1076/598/1 1091/607/1
f 1070/583/372 1069/582/372 1084/608/372 1085/612/372
f 1063/585/268 1062/584/268 1077/610/268 1078/613/268
f 1071/587/1 1171/586/1 1169/614/1 1086/615/1
f 1064/588/269 1063/585/269 1078/613/269 1079/616/269
f 1072/589/1 1071/587/1 1086/615/1 1087/617/1
f 1065/590/270 1064/588/270 1079/616/270 1080/618/270
f 1073/591/1 1072/589/1 1087/617/1 1088/601/1
f 1066/592/271 1065/590/271 1080/618/271 1081/619/271
f 1086/615/1 1169/614/1 1168/620/1 1101/621/1
f 1079/616/272 1078/613/272 1093/622/272 1094/623/272
f 1087/617/1 1086/615/1 1101/621/1 1102/624/1
f 1080/618/273 1079/616/273 1094/623/273 1095/625/273
f 1088/601/1 1087/617/1 1102/624/1 1103/626/1
f 1081/619/274 1080/618/274 1095/625/274 1096/627/274
f 1089/602/1 1088/601/1 1103/626/1 1104/628/1
f 1082/604/275 1153/603/275 1152/629/275 1097/630/275
f 1090/605/1 1089/602/1 1104/628/1 1105/631/1
f 1083/606/276 1082/604/276 1097/630/276 1098/632/276
f 1091/607/1 1090/605/1 1105/631/1 1106/633/1
f 1084/608/277 1083/606/277 1098/632/277 1099/634/277
f 1077/610/278 926/635/278 1092/636/278
f 835/637/1 1091/607/1 1106/633/1
f 1085/612/373 1084/608/373 1099/634/373 1100/638/373
f 1078/613/280 1077/610/280 1092/636/280 1093/622/280
f 1105/631/1 1104/628/1 639/9/1 1110/8/1
f 1098/632/281 1097/630/281 635/4/281 636/12/281
f 1106/633/1 1105/631/1 1110/8/1 1111/14/1
f 1099/634/282 1098/632/282 636/12/282 637/16/282
f 1092/636/283 926/639/283 630/18/283
f 835/640/1 1106/633/1 1111/14/1
f 1100/638/374 1099/634/374 637/16/374 638/22/374
f 1093/622/285 1092/636/285 630/18/285 631/24/285
f 1101/621/1 1168/620/1 1170/27/1 1107/26/1
f 1094/623/286 1093/622/286 631/24/286 632/30/286
f 1102/624/1 1101/621/1 1107/26/1 1108/32/1
f 1095/625/287 1094/623/287 632/30/287 633/34/287
f 1103/626/1 1102/624/1 1108/32/1 1109/36/1
f 1096/627/288 1095/625/288 633/34/288 634/38/288
f 1104/628/1 1103/626/1 1109/36/1 639/9/1
f 1097/630/289 1152/629/289 1143/5/289 635/4/289
f 1182/346/1 1181/317/1 875/315/1 890/344/1
f 1144/74/25 1141/45/25 659/43/25 674/72/25
f 1180/388/1 1179/381/1 919/379/1 935/407/1
f 1169/614/1 1171/586/1 1070/583/1 1085/612/1
f 1137/641/290 1138/642/290 1136/643/290 1157/644/290 1158/645/290 1140/646/290 1134/647/290 1146/648/290 1144/649/290 1141/650/290 1147/651/290 1149/652/290 1150/653/290 1128/654/290
f 1183/354/1 1182/346/1 890/344/1 905/352/1
f 1151/145/59 1148/117/59 719/135/59 734/143/59
f 1137/465/207 1138/436/207 961/434/207 976/463/207
f 1138/436/193 1136/428/193 946/426/193 961/434/193
f 1178/382/1 1183/354/1 905/352/1
f 1127/166/1 1126/136/1 738/154/1 753/164/1
f 1165/503/1 1166/502/1 995/497/1 1010/498/1
f 1166/485/1 1167/484/1 1177/457/1 980/455/1 995/482/1
f 1133/250/108 1132/221/108 794/219/108 809/248/108
f 1177/457/1 1175/447/1 965/445/1 980/455/1
f 1170/27/1 1168/620/1 1100/638/1 638/22/1
f 1131/212/91 1130/182/91 764/180/91 779/210/91
f 1175/447/1 1174/420/1 950/417/1 965/445/1
f 1129/173/73 1151/145/73 734/143/73 749/172/73
f 1123/92/1 1120/66/1 678/63/1 693/90/1
f 1128/473/211 1137/465/211 976/463/211 991/471/211
f 1114/213/1 1113/204/1 783/202/1 798/230/1 799/241/1
f 1143/5/291 1194/655/291 1152/629/291 1096/627/291 634/38/291
f 1157/398/176 1156/397/176 932/400/176
f 1184/309/1 1119/308/1 1118/280/1 845/278/1 860/306/1
f 1142/6/2 1143/5/2 634/38/2 644/39/2
f 1116/244/1 1115/214/1 799/241/1 814/242/1
f 1130/182/77 1129/173/77 749/172/77 764/180/77
f 1139/259/375 1134/257/375 825/286/375
f 1126/136/1 1125/129/1 723/127/1 738/154/1
f 1159/335/147 1158/325/147 871/323/147 886/333/147
f 1160/362/160 1159/335/160 886/333/160 901/360/160
f 1145/108/42 1146/81/42 689/97/42 704/106/42
f 1161/372/165 1160/362/165 901/360/165 916/369/165
f 1154/594/259 1155/566/259 1051/562/259 1066/592/259
f 1155/566/246 1147/557/246 1036/555/246 1051/562/246
f 1174/420/1 1176/419/1 1180/388/1 935/407/1 950/417/1
f 1125/129/1 1124/100/1 708/116/1 723/127/1
f 1141/45/12 1142/6/12 644/39/12 659/43/12
f 1171/586/1 1172/578/1 1055/575/1 1070/583/1
f 1132/221/94 1131/212/94 779/210/94 794/219/94
f 1113/204/1 1112/193/1 768/191/1 783/202/1
f 1163/549/1 1164/539/1 1025/537/1 1040/547/1
f 1173/28/1 1193/656/1 1170/27/1 638/22/1 648/23/1
f 1153/603/263 1154/594/263 1066/592/263 1081/619/263
f 1118/280/1 1117/270/1 829/268/1 845/278/1
f 1149/528/228 1150/519/228 1006/514/228 1021/526/228
f 1120/66/1 1121/57/1 663/54/1 678/63/1
f 1134/257/111 1133/250/111 809/248/111 824/255/111 825/286/111
f 1135/289/126 1139/259/126 825/286/126 841/287/126
f 1117/270/1 1116/244/1 814/242/1 829/268/1
f 1178/382/1 1179/381/1 920/384/1
f 1147/557/242 1149/528/242 1021/526/242 1036/555/242
f 1172/578/1 1162/577/1 1163/549/1 1040/547/1 1055/575/1
f 1157/398/177 1161/372/177 916/369/177
f 1152/629/275 1153/603/275 1081/619/275 1096/627/275
f 1168/620/1 1169/614/1 1085/612/1 1100/638/1
f 1124/100/1 1123/92/1 693/90/1 708/116/1
f 1121/57/1 1122/56/1 1173/28/1 648/23/1 663/54/1
f 1140/297/130 1135/289/130 841/287/130 856/295/130
f 1148/117/47 1145/108/47 704/106/47 719/135/47
f 1164/539/1 1165/503/1 1010/498/1 1025/537/1
f 1150/519/225 1128/518/225 991/513/225 1006/514/225
f 1136/428/293 1192/427/293 1156/397/293 931/395/293 946/426/293
f 1115/214/1 1114/213/1 799/241/1
f 1181/317/1 1190/657/1 1184/309/1 860/306/1 875/315/1
f 1158/325/376 1140/297/376 1186/658/376
f 1146/81/29 1144/74/29 674/72/29 689/97/29
f 1143/5/377 1152/629/377 1194/655/377
f 1147/651/296 1187/659/296 1155/660/296 1154/661/296 1153/662/296 1152/663/296 1143/664/296 1142/665/296 1141/650/296
f 1140/646/378 1134/647/378 1139/667/378 1135/666/378
f 629/668/1 1127/669/1 1191/670/1
f 629/668/1 1191/670/1 1112/671/1
f 629/668/1 1112/671/1 1113/672/1 1114/673/1 1115/674/1 1116/675/1 1117/676/1 1118/677/1
f 1174/678/1 627/1/1 1176/679/1
f 1121/680/1 1120/685/1 1123/684/1 1124/683/1 1125/682/1 1126/681/1 1127/669/1 629/668/1
f 1127/669/297 629/668/297 1112/671/297 1191/670/297
f 1118/677/1 1119/686/1 629/668/1
f 1155/566/379 1147/557/379 1187/565/379
f 1172/687/1 1171/688/1 1169/689/1 1168/690/1 1170/691/1 1188/692/1 629/668/1 627/1/1
f 1170/691/1 1193/693/1 1173/694/1 629/668/1 1188/692/1
f 1191/192/1 1127/166/1 753/164/1 768/191/1 1112/193/1
f 1136/643/299 1192/695/299 1156/696/299 1157/644/299
f 1140/646/378 1134/647/378 1139/667/378 1135/666/378
f 1130/697/378 1134/647/378 1151/699/378 1129/698/378
f 1141/650/296 1147/651/296 1155/660/296 1154/661/296 1153/662/296 1152/663/296 1194/700/296 1143/664/296 1142/665/296
f 1186/658/143 1140/297/143 856/295/143 871/323/143 1158/325/143
f 1174/678/1 1175/701/1 1177/2/1 627/1/1
f 1167/702/1 1166/703/1 627/1/1
f 627/1/1 1163/704/1 1162/705/1
f 1181/317/380 1184/309/380 1190/657/380
f 1162/705/1 1172/687/1 627/1/1
f 629/668/297 1173/694/297 1170/691/297 1188/706/297
f 1189/707/1 629/668/1 1184/708/1 1190/709/1 1181/710/1
f 1184/708/1 629/668/1 1119/686/1
f 1180/711/1 1176/679/1 627/1/1
f 1173/28/297 1193/656/297 1170/27/297
f 576/753/313 578/753/313 590/753/313 591/753/313 588/753/313
f 1195/753/381 1196/753/381 1197/753/381 1198/753/381 1199/753/381
f 578/753/300 576/753/300 1195/753/300 1199/753/300
f 578/753/385 1198/753/385 591/753/385 1196/753/385 1195/753/385
usemtl Black_Acent
f 575/712/300 573/713/300 618/714/300 569/715/300 574/716/300
f 612/717/301 579/718/301 578/719/301 601/720/301
f 579/718/302 577/721/302 620/722/302 570/723/302 578/719/302
f 608/724/300 575/712/300 574/716/300 597/725/300
f 601/720/303 578/719/303 570/723/303 625/726/303 617/727/303 621/728/303 568/729/303 572/730/303 593/731/303
f 616/16/304 624/608/304 569/571/304 618/732/304 573/733/304 622/734/304 568/735/304 621/736/304 617/737/304 626/4/304
f 597/725/305 574/716/305 569/715/305 624/738/305 616/739/305 619/740/305 571/741/305 576/742/305 605/743/305
f 596/744/306 604/745/306 613/746/306 600/747/306 592/748/306 609/668/306
f 572/749/300 568/750/300 622/751/300 573/713/300 575/712/300
f 605/743/307 576/742/307 579/718/307 612/717/307
f 576/742/308 571/741/308 623/752/308 577/721/308 579/718/308
f 586/753/309 590/753/309 591/753/309 588/753/309 587/753/309 589/753/309
f 586/753/310 570/753/310 578/753/310 590/753/310
f 570/753/311 586/753/311 589/753/311 587/753/311 571/741/311 623/752/311 577/721/311 620/754/311
f 571/753/312 587/753/312 588/753/312 576/753/312
f 578/719/313 590/753/313 591/753/313 588/753/313 576/742/313 579/718/313
f 580/753/300 583/753/300 581/753/300 584/753/300 585/753/300 582/753/300
f 581/753/314 569/753/314 574/753/314 584/753/314
f 574/753/315 575/712/315 572/749/315 582/753/315 585/753/315 584/753/315
f 572/753/316 568/753/316 580/753/316 582/753/316
f 573/733/317 618/755/317 569/753/317 581/753/317 583/753/317 580/753/317 568/735/317 622/734/317
f 609/668/318 592/748/318 594/756/318 611/1/318
f 611/1/319 594/756/319 595/757/319 610/758/319
f 610/759/320 595/760/320 593/761/320 608/762/320
f 604/745/321 596/744/321 598/763/321 606/764/321
f 606/764/322 598/763/322 599/765/322 607/766/322
f 607/767/323 599/768/323 597/725/323 605/743/323
f 613/746/324 604/745/324 606/764/324 615/769/324
f 615/769/325 606/764/325 607/770/325 614/771/325
f 614/771/326 607/770/326 605/743/326 612/717/326
f 592/748/327 600/747/327 602/772/327 594/756/327
f 594/756/328 602/772/328 603/773/328 595/774/328
f 595/775/329 603/776/329 601/720/329 593/731/329
f 596/744/330 609/668/330 611/1/330 598/763/330
f 598/763/331 611/1/331 610/777/331 599/778/331
f 599/779/332 610/780/332 608/724/332 597/725/332
f 600/747/333 613/746/333 615/769/333 602/772/333
f 602/772/325 615/769/325 614/771/325 603/781/325
f 603/781/334 614/771/334 612/717/334 601/720/334
f 593/761/300 572/749/300 575/712/300 608/762/300
f 571/741/335 619/50/335 616/16/335 626/4/335 617/737/335 625/782/335 570/723/335 620/722/335 577/721/335 623/752/335
f 588/753/382 591/753/382 1197/753/382 1196/753/382
f 576/753/383 588/753/383 1196/753/383 1195/753/383
f 591/753/382 590/753/382 1198/753/382 1197/753/382
f 590/753/384 578/753/384 1199/753/384 1198/753/384
l 1134 1185
